i,tensor,site,bit,index,changed,change_rate,sdc,accuracy,acc_drop,nonfinite,weight,code,value_before,value_after,log_severity,rel_error,sign_flip,to_nonfinite,blast_radius
0,stages.2.4.0,element,2,"(75, 38, 1)",0,0.0,False,0.915,0.0,False,,233,-2560.0,-5120.0,1.0,1.0,False,False,1
1,stages.2.11.0,element,4,"(168, 30, 7)",0,0.0,False,0.915,0.0,False,,251,-57344.0,-3584.0,4.0,0.9375,False,False,1
2,stages.1.3.0,element,1,"(8, 14, 16)",0,0.0,False,0.915,0.0,False,,240,-8192.0,-12288.0,0.5849628448486328,0.5,False,False,1
3,stages.2.4.0,element,1,"(108, 37, 11)",0,0.0,False,0.915,0.0,False,,99,896.0,640.0,0.4854269027709961,0.2857142984867096,False,False,1
4,stages.2.12.0,element,2,"(59, 4, 8)",0,0.0,False,0.915,0.0,False,,237,-5120.0,-2560.0,1.0,0.5,False,False,1
5,stages.2.5.0,element,6,"(99, 13, 9)",0,0.0,False,0.915,0.0,False,,239,-7168.0,-0.109375,16.0,0.9999847412109375,False,False,1
6,stages.3.0.0,element,6,"(692, 6, 25)",0,0.0,False,0.915,0.0,False,,102,1536.0,0.0234375,16.0,0.9999847412109375,False,False,1
7,stages.2.5.0,element,2,"(46, 36, 30)",0,0.0,False,0.915,0.0,False,,115,14336.0,28672.0,1.0,1.0,False,False,1
8,stages.2.2.0,element,7,"(97, 18, 23)",0,0.0,False,0.915,0.0,False,,236,-4096.0,4096.0,0.0,2.0,True,False,1
9,stages.2.12.0,element,1,"(167, 14, 24)",0,0.0,False,0.915,0.0,False,,122,49152.0,32768.0,0.5849628448486328,0.3333333432674408,False,False,1
10,stages.3.0.0,element,6,"(660, 38, 16)",0,0.0,False,0.915,0.0,False,,235,-3584.0,-0.0546875,16.0,0.9999847412109375,False,False,1
11,stages.2.13.0,element,3,"(72, 19, 1)",0,0.0,False,0.915,0.0,False,,238,-6144.0,-1536.0,2.0,0.75,False,False,1
12,stages.2.8.0,element,6,"(5, 11, 28)",0,0.0,False,0.915,0.0,False,,242,-12288.0,-0.1875,16.0,0.9999847412109375,False,False,1
13,stages.3.0.0,element,6,"(1186, 19, 2)",0,0.0,False,0.915,0.0,False,,99,896.0,0.013671875,16.0,0.9999847412109375,False,False,1
14,stages.2.7.0,element,3,"(70, 46, 4)",0,0.0,False,0.915,0.0,False,,230,-1536.0,-6144.0,2.0,3.0,False,False,1
15,stages.1.2.0,element,5,"(10, 14, 9)",0,0.0,False,0.915,0.0,False,,230,-1536.0,-6.0,8.0,0.99609375,False,False,1
16,stages.2.4.0,element,6,"(75, 45, 15)",0,0.0,False,0.915,0.0,False,,113,10240.0,0.15625,16.0,0.9999847412109375,False,False,1
17,stages.3.0.0,element,5,"(83, 43, 14)",0,0.0,False,0.915,0.0,False,,249,-40960.0,-160.0,8.0,0.99609375,False,False,1
18,stages.3.0.0,element,3,"(673, 13, 22)",0,0.0,False,0.915,0.0,False,,102,1536.0,6144.0,2.0,3.0,False,False,1
19,stages.1.1.0,element,6,"(78, 4, 21)",0,0.0,False,0.915,0.0,False,,112,8192.0,0.125,16.0,0.9999847412109375,False,False,1
20,stages.2.7.0,element,0,"(64, 14, 15)",0,0.0,False,0.915,0.0,False,,238,-6144.0,-7168.0,0.22239208221435547,0.1666666716337204,False,False,1
21,stages.2.3.0,element,6,"(112, 30, 12)",0,0.0,False,0.915,0.0,False,,242,-12288.0,-0.1875,16.0,0.9999847412109375,False,False,1
22,stages.2.13.0,element,3,"(18, 50, 25)",0,0.0,False,0.915,0.0,False,,221,-320.0,-80.0,2.0,0.75,False,False,1
23,stages.2.12.0,element,3,"(81, 29, 1)",0,0.0,False,0.915,0.0,False,,114,12288.0,49152.0,2.0,3.0,False,False,1
24,stages.3.0.0,element,5,"(229, 52, 13)",0,0.0,False,0.915,0.0,False,,123,57344.0,224.0,8.0,0.99609375,False,False,1
25,stages.2.3.0,element,6,"(46, 38, 7)",0,0.0,False,0.915,0.0,False,,239,-7168.0,-0.109375,16.0,0.9999847412109375,False,False,1
26,stages.3.0.0,element,5,"(815, 28, 3)",0,0.0,False,0.915,0.0,False,,219,-224.0,-57344.0,8.0,255.0,False,False,1
27,stages.2.7.0,element,2,"(134, 44, 28)",0,0.0,False,0.915,0.0,False,,105,2560.0,5120.0,1.0,1.0,False,False,1
28,stages.3.0.0,element,0,"(244, 1, 1)",0,0.0,False,0.915,0.0,False,,237,-5120.0,-4096.0,0.3219280242919922,0.20000000298023224,False,False,1
29,stages.3.0.0,element,3,"(586, 48, 28)",0,0.0,False,0.915,0.0,False,,111,7168.0,1792.0,2.0,0.75,False,False,1
30,stages.1.3.0,element,4,"(65, 8, 17)",0,0.0,False,0.915,0.0,False,,228,-1024.0,-16384.0,4.0,15.0,False,False,1
31,stages.2.5.0,element,0,"(44, 37, 28)",0,0.0,False,0.915,0.0,False,,113,10240.0,8192.0,0.3219280242919922,0.20000000298023224,False,False,1
32,stages.1.1.0,element,3,"(49, 6, 2)",0,0.0,False,0.915,0.0,False,,110,6144.0,1536.0,2.0,0.75,False,False,1
33,stages.3.0.0,element,6,"(291, 23, 22)",0,0.0,False,0.915,0.0,False,,238,-6144.0,-0.09375,16.0,0.9999847412109375,False,False,1
34,stages.2.13.0,element,7,"(16, 3, 4)",0,0.0,False,0.915,0.0,False,,210,-48.0,48.0,0.0,2.0,True,False,1
35,stages.3.0.0,element,4,"(110, 16, 24)",0,0.0,False,0.915,0.0,False,,102,1536.0,24576.0,4.0,15.0,False,False,1
36,stages.2.4.0,element,7,"(143, 28, 31)",0,0.0,False,0.915,0.0,False,,240,-8192.0,8192.0,0.0,2.0,True,False,1
37,stages.2.8.0,element,3,"(180, 28, 30)",0,0.0,False,0.915,0.0,False,,239,-7168.0,-1792.0,2.0,0.75,False,False,1
38,stages.2.3.0,element,4,"(145, 13, 1)",200,1.0,True,0.0,0.915,True,,109,5120.0,,inf,inf,False,True,1
39,stages.2.6.0,element,2,"(147, 24, 21)",0,0.0,False,0.915,0.0,False,,238,-6144.0,-3072.0,1.0,0.5,False,False,1
40,stages.2.7.0,element,1,"(175, 12, 4)",0,0.0,False,0.915,0.0,False,,241,-10240.0,-14336.0,0.4854269027709961,0.4000000059604645,False,False,1
41,stages.3.0.0,element,7,"(317, 49, 16)",0,0.0,False,0.915,0.0,False,,102,1536.0,-1536.0,0.0,2.0,True,False,1
42,stages.2.5.0,element,5,"(115, 31, 29)",0,0.0,False,0.915,0.0,False,,117,20480.0,80.0,8.0,0.99609375,False,False,1
43,stages.2.11.0,element,4,"(175, 44, 17)",0,0.0,False,0.915,0.0,False,,97,640.0,10240.0,4.0,15.0,False,False,1
44,stages.2.12.0,element,4,"(187, 3, 15)",200,1.0,True,0.0,0.915,True,,238,-6144.0,,inf,inf,False,True,1
45,stages.2.10.0,element,0,"(47, 39, 4)",0,0.0,False,0.915,0.0,False,,113,10240.0,8192.0,0.3219280242919922,0.20000000298023224,False,False,1
46,stages.2.4.0,element,2,"(187, 23, 22)",0,0.0,False,0.915,0.0,False,,233,-2560.0,-5120.0,1.0,1.0,False,False,1
47,stages.3.0.0,element,4,"(604, 30, 7)",0,0.0,False,0.915,0.0,False,,250,-49152.0,-3072.0,4.0,0.9375,False,False,1
48,stages.2.0.0,element,6,"(8, 8, 0)",0,0.0,False,0.915,0.0,False,,121,40960.0,0.625,16.0,0.9999847412109375,False,False,1
49,stages.3.0.0,element,0,"(1183, 31, 3)",0,0.0,False,0.915,0.0,False,,226,-768.0,-896.0,0.22239208221435547,0.1666666716337204,False,False,1
50,stages.2.13.0,element,6,"(143, 0, 19)",0,0.0,False,0.915,0.0,False,,239,-7168.0,-0.109375,16.0,0.9999847412109375,False,False,1
51,stages.2.3.0,element,0,"(51, 0, 27)",0,0.0,False,0.915,0.0,False,,233,-2560.0,-2048.0,0.3219280242919922,0.20000000298023224,False,False,1
52,stages.2.6.0,element,4,"(83, 48, 31)",0,0.0,False,0.915,0.0,False,,112,8192.0,512.0,4.0,0.9375,False,False,1
53,stages.3.0.0,element,3,"(684, 46, 8)",0,0.0,False,0.915,0.0,False,,241,-10240.0,-40960.0,2.0,3.0,False,False,1
54,stages.2.4.0,element,3,"(33, 34, 9)",0,0.0,False,0.915,0.0,False,,237,-5120.0,-1280.0,2.0,0.75,False,False,1
55,stages.2.9.0,element,6,"(191, 14, 14)",0,0.0,False,0.915,0.0,False,,112,8192.0,0.125,16.0,0.9999847412109375,False,False,1
56,stages.2.13.0,element,1,"(89, 11, 14)",0,0.0,False,0.915,0.0,False,,239,-7168.0,-5120.0,0.4854269027709961,0.2857142984867096,False,False,1
57,stages.3.0.0,element,3,"(502, 10, 31)",200,1.0,True,0.0,0.915,True,,117,20480.0,,inf,inf,False,True,1
58,stages.2.11.0,element,0,"(34, 13, 22)",0,0.0,False,0.915,0.0,False,,111,7168.0,6144.0,0.22239208221435547,0.1428571492433548,False,False,1
59,stages.2.9.0,element,0,"(8, 4, 25)",0,0.0,False,0.915,0.0,False,,107,3584.0,3072.0,0.22239208221435547,0.1428571492433548,False,False,1
60,stages.2.13.0,element,4,"(46, 37, 6)",0,0.0,False,0.915,0.0,False,,104,2048.0,32768.0,4.0,15.0,False,False,1
61,stages.3.0.0,element,6,"(459, 14, 13)",0,0.0,False,0.915,0.0,False,,233,-2560.0,-0.0390625,16.0,0.9999847412109375,False,False,1
62,stages.3.0.0,element,6,"(111, 42, 28)",0,0.0,False,0.915,0.0,False,,231,-1792.0,-0.02734375,16.0,0.9999847412109375,False,False,1
63,stages.2.4.0,element,5,"(94, 44, 6)",0,0.0,False,0.915,0.0,False,,241,-10240.0,-40.0,8.0,0.99609375,False,False,1
64,stages.3.0.0,element,2,"(1090, 40, 25)",0,0.0,False,0.915,0.0,False,,100,1024.0,512.0,1.0,0.5,False,False,1
65,stages.3.0.0,element,6,"(60, 18, 17)",0,0.0,False,0.915,0.0,False,,109,5120.0,0.078125,16.0,0.9999847412109375,False,False,1
66,stages.2.6.0,element,7,"(50, 52, 20)",0,0.0,False,0.915,0.0,False,,232,-2048.0,2048.0,0.0,2.0,True,False,1
67,stages.3.0.0,element,3,"(913, 41, 31)",0,0.0,False,0.915,0.0,False,,114,12288.0,49152.0,2.0,3.0,False,False,1
68,fc,element,1,"(4, 12, 29)",0,0.0,False,0.915,0.0,False,,110,6144.0,4096.0,0.5849628448486328,0.3333333432674408,False,False,1
69,stages.3.0.0,element,7,"(24, 28, 17)",0,0.0,False,0.915,0.0,False,,119,28672.0,-28672.0,0.0,2.0,True,False,1
70,stages.2.13.0,element,4,"(166, 26, 20)",0,0.0,False,0.915,0.0,False,,97,640.0,10240.0,4.0,15.0,False,False,1
71,stages.2.5.0,element,6,"(146, 38, 25)",0,0.0,False,0.915,0.0,False,,243,-14336.0,-0.21875,16.0,0.9999847412109375,False,False,1
72,stages.2.7.0,element,7,"(23, 47, 8)",0,0.0,False,0.915,0.0,False,,106,3072.0,-3072.0,0.0,2.0,True,False,1
73,stages.3.0.0,element,6,"(555, 13, 25)",0,0.0,False,0.915,0.0,False,,226,-768.0,-0.01171875,16.0,0.9999847412109375,False,False,1
74,stages.2.1.0,element,5,"(172, 10, 1)",0,0.0,False,0.915,0.0,False,,106,3072.0,12.0,8.0,0.99609375,False,False,1
75,stages.3.0.0,element,5,"(447, 0, 10)",0,0.0,False,0.915,0.0,False,,107,3584.0,14.0,8.0,0.99609375,False,False,1
76,stages.2.7.0,element,5,"(173, 52, 20)",0,0.0,False,0.915,0.0,False,,116,16384.0,64.0,8.0,0.99609375,False,False,1
77,stages.3.0.0,element,1,"(598, 26, 26)",0,0.0,False,0.915,0.0,False,,241,-10240.0,-14336.0,0.4854269027709961,0.4000000059604645,False,False,1
78,stages.2.13.0,scale,4,"(56, 39)",79,0.395,True,0.575,0.3400000000000001,False,,105,105.0,121.0,16.0,inf,False,False,32
79,stages.2.13.0,element,7,"(24, 33, 21)",0,0.0,False,0.915,0.0,False,,233,-2560.0,2560.0,0.0,2.0,True,False,1
80,stages.2.2.0,element,2,"(119, 53, 12)",0,0.0,False,0.915,0.0,False,,105,2560.0,5120.0,1.0,1.0,False,False,1
81,stages.3.0.0,element,1,"(585, 30, 26)",0,0.0,False,0.915,0.0,False,,107,3584.0,2560.0,0.4854269027709961,0.2857142984867096,False,False,1
82,stages.2.11.0,element,2,"(56, 28, 11)",0,0.0,False,0.915,0.0,False,,237,-5120.0,-2560.0,1.0,0.5,False,False,1
83,stages.2.9.0,element,3,"(126, 32, 20)",0,0.0,False,0.915,0.0,False,,110,6144.0,1536.0,2.0,0.75,False,False,1
84,stages.3.0.0,element,7,"(514, 15, 6)",0,0.0,False,0.915,0.0,False,,233,-2560.0,2560.0,0.0,2.0,True,False,1
85,stages.2.2.0,element,1,"(118, 25, 9)",0,0.0,False,0.915,0.0,False,,106,3072.0,2048.0,0.5849628448486328,0.3333333432674408,False,False,1
86,stages.2.5.0,element,4,"(83, 8, 7)",200,1.0,True,0.0,0.915,True,,109,5120.0,,inf,inf,False,True,1
87,stages.2.0.0,element,5,"(189, 5, 10)",0,0.0,False,0.915,0.0,False,,236,-4096.0,-16.0,8.0,0.99609375,False,False,1
88,stages.3.0.0,element,5,"(494, 29, 28)",0,0.0,False,0.915,0.0,False,,230,-1536.0,-6.0,8.0,0.99609375,False,False,1
89,stages.3.0.0,element,4,"(125, 50, 4)",200,1.0,True,0.0,0.915,True,,236,-4096.0,-inf,inf,inf,False,True,1
90,stages.2.10.0,element,2,"(147, 18, 27)",0,0.0,False,0.915,0.0,False,,234,-3072.0,-6144.0,1.0,1.0,False,False,1
91,stages.3.0.0,element,5,"(588, 15, 27)",0,0.0,False,0.915,0.0,False,,241,-10240.0,-40.0,8.0,0.99609375,False,False,1
92,stages.2.13.0,element,3,"(191, 49, 11)",0,0.0,False,0.915,0.0,False,,226,-768.0,-3072.0,2.0,3.0,False,False,1
93,stages.2.10.0,element,0,"(28, 35, 31)",0,0.0,False,0.915,0.0,False,,115,14336.0,12288.0,0.22239208221435547,0.1428571492433548,False,False,1
94,stages.2.7.0,element,4,"(176, 44, 4)",200,1.0,True,0.0,0.915,True,,109,5120.0,,inf,inf,False,True,1
95,stages.3.0.0,element,4,"(1087, 30, 3)",0,0.0,False,0.915,0.0,False,,233,-2560.0,-40960.0,4.0,15.0,False,False,1
96,stages.2.13.0,element,2,"(137, 9, 1)",0,0.0,False,0.915,0.0,False,,106,3072.0,6144.0,1.0,1.0,False,False,1
97,stages.1.1.0,element,3,"(24, 22, 31)",0,0.0,False,0.915,0.0,False,,234,-3072.0,-768.0,2.0,0.75,False,False,1
98,stages.3.0.0,element,6,"(489, 46, 22)",0,0.0,False,0.915,0.0,False,,118,24576.0,0.375,16.0,0.9999847412109375,False,False,1
99,stages.2.8.0,element,0,"(129, 9, 5)",0,0.0,False,0.915,0.0,False,,227,-896.0,-768.0,0.22239208221435547,0.1428571492433548,False,False,1
100,stages.3.0.0,element,4,"(921, 47, 9)",0,0.0,False,0.915,0.0,False,,233,-2560.0,-40960.0,4.0,15.0,False,False,1
101,stages.2.9.0,element,3,"(99, 41, 4)",200,1.0,True,0.0,0.915,True,,117,20480.0,,inf,inf,False,True,1
102,stages.2.7.0,element,6,"(133, 26, 16)",0,0.0,False,0.915,0.0,False,,232,-2048.0,-0.03125,16.0,0.9999847412109375,False,False,1
103,stages.2.4.0,element,4,"(9, 5, 5)",0,0.0,False,0.915,0.0,False,,106,3072.0,49152.0,4.0,15.0,False,False,1
104,stages.2.11.0,element,0,"(163, 19, 31)",0,0.0,False,0.915,0.0,False,,240,-8192.0,-10240.0,0.3219280242919922,0.25,False,False,1
105,stages.2.12.0,element,6,"(18, 28, 25)",0,0.0,False,0.915,0.0,False,,239,-7168.0,-0.109375,16.0,0.9999847412109375,False,False,1
106,stages.2.8.0,element,7,"(45, 24, 20)",0,0.0,False,0.915,0.0,False,,106,3072.0,-3072.0,0.0,2.0,True,False,1
107,stages.2.10.0,element,2,"(150, 35, 1)",0,0.0,False,0.915,0.0,False,,236,-4096.0,-2048.0,1.0,0.5,False,False,1
108,stages.1.0.0,element,3,"(93, 2, 1)",0,0.0,False,0.915,0.0,False,,224,-512.0,-2048.0,2.0,3.0,False,False,1
109,stages.2.7.0,element,0,"(49, 51, 22)",0,0.0,False,0.915,0.0,False,,243,-14336.0,-12288.0,0.22239208221435547,0.1428571492433548,False,False,1
110,stages.3.0.0,element,0,"(1118, 21, 30)",0,0.0,False,0.915,0.0,False,,107,3584.0,3072.0,0.22239208221435547,0.1428571492433548,False,False,1
111,stages.1.0.0,element,1,"(7, 12, 7)",0,0.0,False,0.915,0.0,False,,246,-24576.0,-16384.0,0.5849628448486328,0.3333333432674408,False,False,1
112,stages.3.0.0,element,5,"(1273, 5, 20)",0,0.0,False,0.915,0.0,False,,237,-5120.0,-20.0,8.0,0.99609375,False,False,1
113,stages.2.1.0,element,3,"(7, 38, 31)",0,0.0,False,0.915,0.0,False,,238,-6144.0,-1536.0,2.0,0.75,False,False,1
114,stages.2.6.0,element,6,"(95, 24, 19)",0,0.0,False,0.915,0.0,False,,94,384.0,0.005859375,16.0,0.9999847412109375,False,False,1
115,stages.2.6.0,element,6,"(72, 43, 0)",0,0.0,False,0.915,0.0,False,,116,16384.0,0.25,16.0,0.9999847412109375,False,False,1
116,stages.2.11.0,element,0,"(105, 12, 29)",0,0.0,False,0.915,0.0,False,,109,5120.0,4096.0,0.3219280242919922,0.20000000298023224,False,False,1
117,stages.3.0.0,element,4,"(1002, 28, 8)",0,0.0,False,0.915,0.0,False,,251,-57344.0,-3584.0,4.0,0.9375,False,False,1
118,stages.1.2.0,element,1,"(12, 4, 22)",0,0.0,False,0.915,0.0,False,,243,-14336.0,-10240.0,0.4854269027709961,0.2857142984867096,False,False,1
119,stages.2.3.0,element,1,"(178, 4, 29)",0,0.0,False,0.915,0.0,False,,233,-2560.0,-3584.0,0.4854269027709961,0.4000000059604645,False,False,1
120,stages.2.12.0,element,0,"(160, 31, 28)",0,0.0,False,0.915,0.0,False,,109,5120.0,4096.0,0.3219280242919922,0.20000000298023224,False,False,1
121,stages.2.9.0,element,5,"(0, 26, 1)",0,0.0,False,0.915,0.0,False,,101,1280.0,5.0,8.0,0.99609375,False,False,1
122,stages.3.0.0,element,6,"(209, 16, 0)",0,0.0,False,0.915,0.0,False,,242,-12288.0,-0.1875,16.0,0.9999847412109375,False,False,1
123,stages.2.8.0,element,0,"(119, 26, 13)",0,0.0,False,0.915,0.0,False,,91,224.0,192.0,0.22239255905151367,0.1428571492433548,False,False,1
124,stages.2.4.0,element,3,"(16, 2, 3)",0,0.0,False,0.915,0.0,False,,251,-57344.0,-14336.0,2.0,0.75,False,False,1
125,stages.2.1.0,element,6,"(14, 8, 9)",0,0.0,False,0.915,0.0,False,,245,-20480.0,-0.3125,16.0,0.9999847412109375,False,False,1
126,stages.3.0.0,element,5,"(256, 3, 27)",0,0.0,False,0.915,0.0,False,,236,-4096.0,-16.0,8.0,0.99609375,False,False,1
127,stages.2.11.0,element,7,"(153, 51, 22)",0,0.0,False,0.915,0.0,False,,106,3072.0,-3072.0,0.0,2.0,True,False,1
128,stages.2.6.0,element,1,"(83, 37, 19)",0,0.0,False,0.915,0.0,False,,242,-12288.0,-8192.0,0.5849628448486328,0.3333333432674408,False,False,1
129,stages.2.12.0,element,5,"(38, 13, 21)",0,0.0,False,0.915,0.0,False,,109,5120.0,20.0,8.0,0.99609375,False,False,1
130,stages.3.0.0,element,5,"(815, 23, 5)",0,0.0,False,0.915,0.0,False,,114,12288.0,48.0,8.0,0.99609375,False,False,1
131,stages.2.12.0,element,3,"(22, 28, 25)",0,0.0,False,0.915,0.0,False,,93,320.0,80.0,2.0,0.75,False,False,1
132,stages.3.0.0,element,6,"(837, 51, 20)",0,0.0,False,0.915,0.0,False,,111,7168.0,0.109375,16.0,0.9999847412109375,False,False,1
133,stages.2.2.0,element,7,"(60, 51, 26)",0,0.0,False,0.915,0.0,False,,107,3584.0,-3584.0,0.0,2.0,True,False,1
134,stages.2.13.0,element,6,"(102, 37, 27)",0,0.0,False,0.915,0.0,False,,233,-2560.0,-0.0390625,16.0,0.9999847412109375,False,False,1
135,stages.2.9.0,element,4,"(79, 28, 24)",200,1.0,True,0.0,0.915,True,,238,-6144.0,,inf,inf,False,True,1
136,stages.0.1.0,element,7,"(23, 11, 26)",0,0.0,False,0.915,0.0,False,,113,10240.0,-10240.0,0.0,2.0,True,False,1
137,stages.2.12.0,element,6,"(36, 46, 4)",0,0.0,False,0.915,0.0,False,,242,-12288.0,-0.1875,16.0,0.9999847412109375,False,False,1
138,stages.2.7.0,element,4,"(51, 33, 18)",200,1.0,True,0.0,0.915,True,,110,6144.0,,inf,inf,False,True,1
139,stages.3.0.0,element,1,"(511, 47, 19)",0,0.0,False,0.915,0.0,False,,233,-2560.0,-3584.0,0.4854269027709961,0.4000000059604645,False,False,1
140,stages.2.12.0,element,3,"(57, 1, 30)",0,0.0,False,0.915,0.0,False,,113,10240.0,40960.0,2.0,3.0,False,False,1
141,stages.2.3.0,element,0,"(68, 15, 7)",0,0.0,False,0.915,0.0,False,,241,-10240.0,-8192.0,0.3219280242919922,0.20000000298023224,False,False,1
142,stages.2.8.0,element,2,"(37, 50, 11)",0,0.0,False,0.915,0.0,False,,237,-5120.0,-2560.0,1.0,0.5,False,False,1
143,stages.2.4.0,element,5,"(67, 48, 29)",0,0.0,False,0.915,0.0,False,,245,-20480.0,-80.0,8.0,0.99609375,False,False,1
144,stages.2.9.0,element,2,"(170, 44, 10)",0,0.0,False,0.915,0.0,False,,238,-6144.0,-3072.0,1.0,0.5,False,False,1
145,stages.2.7.0,element,4,"(65, 36, 20)",0,0.0,False,0.915,0.0,False,,117,20480.0,1280.0,4.0,0.9375,False,False,1
146,stages.3.0.0,element,0,"(1194, 53, 6)",0,0.0,False,0.915,0.0,False,,233,-2560.0,-2048.0,0.3219280242919922,0.20000000298023224,False,False,1
147,stages.2.10.0,element,0,"(117, 27, 24)",0,0.0,False,0.915,0.0,False,,105,2560.0,2048.0,0.3219280242919922,0.20000000298023224,False,False,1
148,stages.2.2.0,element,4,"(10, 31, 16)",0,0.0,False,0.915,0.0,False,,102,1536.0,24576.0,4.0,15.0,False,False,1
149,stages.2.3.0,element,0,"(111, 39, 5)",0,0.0,False,0.915,0.0,False,,239,-7168.0,-6144.0,0.22239208221435547,0.1428571492433548,False,False,1
150,stages.2.7.0,element,5,"(90, 22, 7)",0,0.0,False,0.915,0.0,False,,111,7168.0,28.0,8.0,0.99609375,False,False,1
151,stages.3.0.0,element,7,"(183, 24, 2)",0,0.0,False,0.915,0.0,False,,214,-96.0,96.0,0.0,2.0,True,False,1
152,stages.2.9.0,element,7,"(181, 48, 4)",0,0.0,False,0.915,0.0,False,,117,20480.0,-20480.0,0.0,2.0,True,False,1
153,stages.2.2.0,element,6,"(74, 23, 12)",0,0.0,False,0.915,0.0,False,,107,3584.0,0.0546875,16.0,0.9999847412109375,False,False,1
154,stages.3.0.0,element,1,"(450, 1, 21)",0,0.0,False,0.915,0.0,False,,118,24576.0,16384.0,0.5849628448486328,0.3333333432674408,False,False,1
155,stages.2.6.0,element,2,"(182, 46, 17)",0,0.0,False,0.915,0.0,False,,115,14336.0,28672.0,1.0,1.0,False,False,1
156,stages.2.13.0,element,7,"(145, 20, 10)",0,0.0,False,0.915,0.0,False,,227,-896.0,896.0,0.0,2.0,True,False,1
157,stages.2.1.0,element,7,"(117, 38, 29)",0,0.0,False,0.915,0.0,False,,245,-20480.0,20480.0,0.0,2.0,True,False,1
158,stages.3.0.0,element,3,"(718, 42, 14)",0,0.0,False,0.915,0.0,False,,234,-3072.0,-768.0,2.0,0.75,False,False,1
159,stages.2.12.0,element,7,"(24, 12, 15)",0,0.0,False,0.915,0.0,False,,228,-1024.0,1024.0,0.0,2.0,True,False,1
160,stages.2.6.0,element,7,"(83, 10, 18)",0,0.0,False,0.915,0.0,False,,112,8192.0,-8192.0,0.0,2.0,True,False,1
161,stages.2.13.0,element,0,"(39, 22, 14)",0,0.0,False,0.915,0.0,False,,112,8192.0,10240.0,0.3219280242919922,0.25,False,False,1
162,stages.2.13.0,element,2,"(25, 37, 0)",0,0.0,False,0.915,0.0,False,,232,-2048.0,-4096.0,1.0,1.0,False,False,1
163,stages.3.0.0,element,5,"(468, 7, 0)",0,0.0,False,0.915,0.0,False,,242,-12288.0,-48.0,8.0,0.99609375,False,False,1
164,stages.3.0.0,scale,5,"(446, 32)",0,0.0,False,0.915,0.0,False,,108,108.0,76.0,32.0,inf,False,False,32
165,stages.2.7.0,scale,5,"(10, 24)",0,0.0,False,0.915,0.0,False,,108,108.0,76.0,32.0,inf,False,False,32
166,stages.2.2.0,element,7,"(74, 19, 15)",0,0.0,False,0.915,0.0,False,,233,-2560.0,2560.0,0.0,2.0,True,False,1
167,stages.2.5.0,element,7,"(95, 36, 12)",0,0.0,False,0.915,0.0,False,,243,-14336.0,14336.0,0.0,2.0,True,False,1
168,stages.2.5.0,element,0,"(165, 4, 28)",0,0.0,False,0.915,0.0,False,,234,-3072.0,-3584.0,0.22239208221435547,0.1666666716337204,False,False,1
169,stages.2.9.0,element,0,"(54, 53, 13)",0,0.0,False,0.915,0.0,False,,242,-12288.0,-14336.0,0.22239208221435547,0.1666666716337204,False,False,1
170,stages.2.12.0,element,5,"(63, 38, 13)",0,0.0,False,0.915,0.0,False,,102,1536.0,6.0,8.0,0.99609375,False,False,1
171,stages.2.4.0,element,6,"(141, 19, 8)",0,0.0,False,0.915,0.0,False,,120,32768.0,0.5,16.0,0.9999847412109375,False,False,1
172,stages.2.13.0,element,1,"(191, 0, 5)",0,0.0,False,0.915,0.0,False,,103,1792.0,1280.0,0.4854269027709961,0.2857142984867096,False,False,1
173,stages.2.8.0,element,4,"(2, 5, 22)",200,1.0,True,0.0,0.915,True,,110,6144.0,,inf,inf,False,True,1
174,stages.2.8.0,element,3,"(119, 13, 22)",0,0.0,False,0.915,0.0,False,,233,-2560.0,-640.0,2.0,0.75,False,False,1
175,stages.2.5.0,element,6,"(17, 46, 4)",0,0.0,False,0.915,0.0,False,,245,-20480.0,-0.3125,16.0,0.9999847412109375,False,False,1
176,stages.2.12.0,element,1,"(51, 50, 28)",0,0.0,False,0.915,0.0,False,,232,-2048.0,-3072.0,0.5849628448486328,0.5,False,False,1
177,stages.3.0.0,element,2,"(309, 8, 31)",0,0.0,False,0.915,0.0,False,,236,-4096.0,-2048.0,1.0,0.5,False,False,1
178,stages.2.2.0,element,0,"(65, 18, 15)",0,0.0,False,0.915,0.0,False,,217,-160.0,-128.0,0.3219280242919922,0.20000000298023224,False,False,1
179,stages.2.13.0,scale,6,"(117, 30)",0,0.0,False,0.915,0.0,False,,107,107.0,43.0,64.0,inf,False,False,32
180,stages.2.9.0,element,2,"(62, 14, 24)",200,1.0,True,0.0,0.915,True,,121,40960.0,,inf,inf,False,True,1
181,stages.2.8.0,element,6,"(145, 13, 2)",0,0.0,False,0.915,0.0,False,,122,49152.0,0.75,16.0,0.9999847412109375,False,False,1
182,stages.2.2.0,element,5,"(87, 15, 3)",0,0.0,False,0.915,0.0,False,,240,-8192.0,-32.0,8.0,0.99609375,False,False,1
183,stages.1.3.0,element,1,"(37, 26, 9)",0,0.0,False,0.915,0.0,False,,246,-24576.0,-16384.0,0.5849628448486328,0.3333333432674408,False,False,1
184,stages.1.1.0,element,6,"(21, 18, 14)",0,0.0,False,0.915,0.0,False,,117,20480.0,0.3125,16.0,0.9999847412109375,False,False,1
185,stages.3.0.0,element,2,"(1249, 28, 3)",0,0.0,False,0.915,0.0,False,,106,3072.0,6144.0,1.0,1.0,False,False,1
186,stages.3.0.0,element,7,"(270, 11, 9)",0,0.0,False,0.915,0.0,False,,108,4096.0,-4096.0,0.0,2.0,True,False,1
187,stages.2.11.0,element,1,"(80, 32, 18)",0,0.0,False,0.915,0.0,False,,114,12288.0,8192.0,0.5849628448486328,0.3333333432674408,False,False,1
188,stages.1.3.0,element,3,"(94, 7, 6)",0,0.0,False,0.915,0.0,False,,241,-10240.0,-40960.0,2.0,3.0,False,False,1
189,stages.2.9.0,element,1,"(134, 31, 0)",0,0.0,False,0.915,0.0,False,,236,-4096.0,-6144.0,0.5849628448486328,0.5,False,False,1
190,stages.3.0.0,element,1,"(1064, 28, 23)",0,0.0,False,0.915,0.0,False,,233,-2560.0,-3584.0,0.4854269027709961,0.4000000059604645,False,False,1
191,stages.2.6.0,element,5,"(178, 24, 6)",0,0.0,False,0.915,0.0,False,,98,768.0,3.0,8.0,0.99609375,False,False,1
192,stages.2.2.0,element,7,"(136, 14, 22)",0,0.0,False,0.915,0.0,False,,108,4096.0,-4096.0,0.0,2.0,True,False,1
193,stages.3.0.0,element,1,"(29, 51, 22)",0,0.0,False,0.915,0.0,False,,226,-768.0,-512.0,0.5849628448486328,0.3333333432674408,False,False,1
194,stages.2.4.0,scale,7,"(105, 27)",200,1.0,True,0.0,0.915,True,,109,109.0,237.0,128.0,inf,False,False,32
195,stages.2.12.0,element,0,"(4, 8, 25)",0,0.0,False,0.915,0.0,False,,107,3584.0,3072.0,0.22239208221435547,0.1428571492433548,False,False,1
196,stages.3.0.0,element,1,"(925, 45, 17)",0,0.0,False,0.915,0.0,False,,110,6144.0,4096.0,0.5849628448486328,0.3333333432674408,False,False,1
197,stages.2.13.0,element,1,"(119, 9, 6)",0,0.0,False,0.915,0.0,False,,232,-2048.0,-3072.0,0.5849628448486328,0.5,False,False,1
198,stages.2.9.0,element,7,"(14, 53, 2)",0,0.0,False,0.915,0.0,False,,236,-4096.0,4096.0,0.0,2.0,True,False,1
199,stages.2.4.0,element,0,"(48, 31, 14)",0,0.0,False,0.915,0.0,False,,237,-5120.0,-4096.0,0.3219280242919922,0.20000000298023224,False,False,1
200,stages.2.10.0,element,3,"(56, 42, 3)",0,0.0,False,0.915,0.0,False,,102,1536.0,6144.0,2.0,3.0,False,False,1
201,stages.2.9.0,element,5,"(190, 51, 23)",0,0.0,False,0.915,0.0,False,,114,12288.0,48.0,8.0,0.99609375,False,False,1
202,stages.2.6.0,element,7,"(7, 52, 28)",0,0.0,False,0.915,0.0,False,,110,6144.0,-6144.0,0.0,2.0,True,False,1
203,stages.2.2.0,element,0,"(117, 32, 7)",0,0.0,False,0.915,0.0,False,,108,4096.0,5120.0,0.3219280242919922,0.25,False,False,1
204,stages.2.6.0,element,3,"(56, 47, 18)",0,0.0,False,0.915,0.0,False,,104,2048.0,512.0,2.0,0.75,False,False,1
205,stages.2.5.0,element,0,"(168, 2, 6)",0,0.0,False,0.915,0.0,False,,233,-2560.0,-2048.0,0.3219280242919922,0.20000000298023224,False,False,1
206,stages.3.0.0,element,6,"(113, 49, 30)",0,0.0,False,0.915,0.0,False,,110,6144.0,0.09375,16.0,0.9999847412109375,False,False,1
207,stages.3.0.0,element,0,"(288, 0, 2)",0,0.0,False,0.915,0.0,False,,237,-5120.0,-4096.0,0.3219280242919922,0.20000000298023224,False,False,1
208,stages.2.7.0,element,2,"(180, 29, 1)",0,0.0,False,0.915,0.0,False,,233,-2560.0,-5120.0,1.0,1.0,False,False,1
209,stages.2.2.0,element,4,"(121, 47, 5)",0,0.0,False,0.915,0.0,False,,107,3584.0,57344.0,4.0,15.0,False,False,1
210,stages.3.0.0,element,4,"(14, 24, 16)",0,0.0,False,0.915,0.0,False,,90,192.0,12.0,3.999999761581421,0.9375,False,False,1
211,stages.2.6.0,element,3,"(84, 37, 17)",200,1.0,True,0.0,0.915,True,,247,-28672.0,,inf,inf,False,True,1
212,stages.2.10.0,element,3,"(94, 4, 16)",0,0.0,False,0.915,0.0,False,,227,-896.0,-3584.0,2.0,3.0,False,False,1
213,stages.3.0.0,element,5,"(61, 4, 21)",0,0.0,False,0.915,0.0,False,,112,8192.0,32.0,8.0,0.99609375,False,False,1
214,stages.3.0.0,element,7,"(865, 11, 27)",0,0.0,False,0.915,0.0,False,,229,-1280.0,1280.0,0.0,2.0,True,False,1
215,stages.2.9.0,element,2,"(37, 5, 5)",0,0.0,False,0.915,0.0,False,,235,-3584.0,-7168.0,1.0,1.0,False,False,1
216,stages.2.12.0,element,2,"(103, 43, 0)",0,0.0,False,0.915,0.0,False,,245,-20480.0,-10240.0,1.0,0.5,False,False,1
217,stages.3.0.0,element,0,"(104, 32, 18)",0,0.0,False,0.915,0.0,False,,103,1792.0,1536.0,0.22239208221435547,0.1428571492433548,False,False,1
218,fc,element,6,"(1, 12, 1)",0,0.0,False,0.915,0.0,False,,237,-5120.0,-0.078125,16.0,0.9999847412109375,False,False,1
219,stages.2.1.0,element,6,"(68, 45, 1)",0,0.0,False,0.915,0.0,False,,243,-14336.0,-0.21875,16.0,0.9999847412109375,False,False,1
220,stages.3.0.0,element,7,"(624, 41, 8)",0,0.0,False,0.915,0.0,False,,103,1792.0,-1792.0,0.0,2.0,True,False,1
221,stages.3.0.0,element,1,"(186, 34, 30)",0,0.0,False,0.915,0.0,False,,246,-24576.0,-16384.0,0.5849628448486328,0.3333333432674408,False,False,1
222,stages.2.5.0,element,2,"(80, 16, 6)",0,0.0,False,0.915,0.0,False,,231,-1792.0,-896.0,1.0,0.5,False,False,1
223,stages.2.13.0,element,0,"(9, 1, 25)",0,0.0,False,0.915,0.0,False,,234,-3072.0,-3584.0,0.22239208221435547,0.1666666716337204,False,False,1
224,stages.3.0.0,element,6,"(669, 37, 0)",0,0.0,False,0.915,0.0,False,,91,224.0,0.00341796875,16.0,0.9999847412109375,False,False,1
225,stages.2.2.0,element,7,"(142, 23, 10)",0,0.0,False,0.915,0.0,False,,118,24576.0,-24576.0,0.0,2.0,True,False,1
226,stages.2.2.0,element,1,"(41, 22, 6)",0,0.0,False,0.915,0.0,False,,240,-8192.0,-12288.0,0.5849628448486328,0.5,False,False,1
227,stages.2.3.0,element,6,"(26, 14, 0)",0,0.0,False,0.915,0.0,False,,233,-2560.0,-0.0390625,16.0,0.9999847412109375,False,False,1
228,stages.2.3.0,element,3,"(79, 6, 2)",0,0.0,False,0.915,0.0,False,,239,-7168.0,-1792.0,2.0,0.75,False,False,1
229,stages.1.1.0,element,7,"(23, 5, 13)",0,0.0,False,0.915,0.0,False,,244,-16384.0,16384.0,0.0,2.0,True,False,1
230,stages.3.0.0,element,0,"(560, 51, 27)",0,0.0,False,0.915,0.0,False,,94,384.0,448.0,0.22239208221435547,0.1666666716337204,False,False,1
231,stages.2.7.0,element,0,"(17, 48, 27)",0,0.0,False,0.915,0.0,False,,102,1536.0,1792.0,0.22239208221435547,0.1666666716337204,False,False,1
232,stages.2.3.0,element,1,"(9, 14, 6)",0,0.0,False,0.915,0.0,False,,250,-49152.0,-32768.0,0.5849628448486328,0.3333333432674408,False,False,1
233,stages.1.2.0,element,2,"(39, 4, 3)",0,0.0,False,0.915,0.0,False,,247,-28672.0,-14336.0,1.0,0.5,False,False,1
234,stages.3.0.0,element,5,"(427, 40, 2)",0,0.0,False,0.915,0.0,False,,248,-32768.0,-128.0,8.0,0.99609375,False,False,1
235,stages.3.0.0,element,2,"(1204, 38, 27)",0,0.0,False,0.915,0.0,False,,245,-20480.0,-10240.0,1.0,0.5,False,False,1
236,stages.3.0.0,element,4,"(115, 37, 13)",0,0.0,False,0.915,0.0,False,,217,-160.0,-10.0,4.0,0.9375,False,False,1
237,stages.2.10.0,element,5,"(143, 6, 7)",0,0.0,False,0.915,0.0,False,,239,-7168.0,-28.0,8.0,0.99609375,False,False,1
238,stages.2.12.0,element,6,"(101, 43, 14)",0,0.0,False,0.915,0.0,False,,123,57344.0,0.875,16.0,0.9999847412109375,False,False,1
239,stages.3.0.0,element,3,"(515, 26, 29)",0,0.0,False,0.915,0.0,False,,96,512.0,2048.0,2.0,3.0,False,False,1
240,stages.2.0.0,element,4,"(17, 21, 25)",0,0.0,False,0.915,0.0,False,,245,-20480.0,-1280.0,4.0,0.9375,False,False,1
241,stages.2.5.0,element,5,"(96, 50, 22)",0,0.0,False,0.915,0.0,False,,108,4096.0,16.0,8.0,0.99609375,False,False,1
242,stages.3.0.0,element,2,"(892, 48, 14)",0,0.0,False,0.915,0.0,False,,112,8192.0,16384.0,1.0,1.0,False,False,1
243,stages.3.0.0,element,4,"(489, 31, 2)",0,0.0,False,0.915,0.0,False,,247,-28672.0,-1792.0,4.0,0.9375,False,False,1
244,stages.2.1.0,element,3,"(67, 16, 17)",200,1.0,True,0.0,0.915,True,,245,-20480.0,,inf,inf,False,True,1
245,stages.3.0.0,element,3,"(585, 6, 31)",0,0.0,False,0.915,0.0,False,,107,3584.0,896.0,2.0,0.75,False,False,1
246,stages.2.2.0,element,1,"(53, 11, 6)",0,0.0,False,0.915,0.0,False,,101,1280.0,1792.0,0.4854269027709961,0.4000000059604645,False,False,1
247,stages.1.3.0,element,1,"(68, 16, 9)",0,0.0,False,0.915,0.0,False,,239,-7168.0,-5120.0,0.4854269027709961,0.2857142984867096,False,False,1
248,stages.3.0.0,scale,2,"(1103, 38)",0,0.0,False,0.915,0.0,False,,107,107.0,111.0,4.0,inf,False,False,32
249,stages.3.0.0,element,0,"(672, 20, 19)",0,0.0,False,0.915,0.0,False,,234,-3072.0,-3584.0,0.22239208221435547,0.1666666716337204,False,False,1
250,stages.2.11.0,element,3,"(147, 3, 1)",0,0.0,False,0.915,0.0,False,,112,8192.0,32768.0,2.0,3.0,False,False,1
251,stages.2.7.0,element,6,"(149, 39, 4)",0,0.0,False,0.915,0.0,False,,99,896.0,0.013671875,16.0,0.9999847412109375,False,False,1
252,stages.2.1.0,element,6,"(184, 28, 3)",0,0.0,False,0.915,0.0,False,,108,4096.0,0.0625,16.0,0.9999847412109375,False,False,1
253,stages.2.2.0,element,2,"(68, 12, 8)",0,0.0,False,0.915,0.0,False,,115,14336.0,28672.0,1.0,1.0,False,False,1
254,stages.3.0.0,element,7,"(790, 50, 22)",0,0.0,False,0.915,0.0,False,,223,-448.0,448.0,0.0,2.0,True,False,1
255,stages.3.0.0,element,5,"(652, 23, 19)",0,0.0,False,0.915,0.0,False,,230,-1536.0,-6.0,8.0,0.99609375,False,False,1
256,stages.3.0.0,element,6,"(829, 19, 2)",0,0.0,False,0.915,0.0,False,,102,1536.0,0.0234375,16.0,0.9999847412109375,False,False,1
257,stages.3.0.0,element,0,"(939, 12, 3)",0,0.0,False,0.915,0.0,False,,109,5120.0,4096.0,0.3219280242919922,0.20000000298023224,False,False,1
258,stages.2.1.0,element,0,"(139, 23, 11)",0,0.0,False,0.915,0.0,False,,224,-512.0,-640.0,0.3219280242919922,0.25,False,False,1
259,stages.2.5.0,element,4,"(145, 2, 22)",0,0.0,False,0.915,0.0,False,,243,-14336.0,-896.0,4.0,0.9375,False,False,1
260,stages.3.0.0,element,1,"(592, 39, 25)",0,0.0,False,0.915,0.0,False,,116,16384.0,24576.0,0.5849628448486328,0.5,False,False,1
261,stages.2.12.0,element,3,"(35, 42, 19)",0,0.0,False,0.915,0.0,False,,249,-40960.0,-10240.0,2.0,0.75,False,False,1
262,stages.2.1.0,element,3,"(102, 9, 14)",0,0.0,False,0.915,0.0,False,,98,768.0,3072.0,2.0,3.0,False,False,1
263,stages.2.12.0,element,4,"(144, 37, 7)",200,1.0,True,0.0,0.915,True,,109,5120.0,,inf,inf,False,True,1
264,stages.2.12.0,element,3,"(2, 7, 20)",0,0.0,False,0.915,0.0,False,,235,-3584.0,-896.0,2.0,0.75,False,False,1
265,stages.2.6.0,element,4,"(1, 39, 5)",0,0.0,False,0.915,0.0,False,,102,1536.0,24576.0,4.0,15.0,False,False,1
266,stages.2.3.0,element,6,"(56, 47, 5)",0,0.0,False,0.915,0.0,False,,243,-14336.0,-0.21875,16.0,0.9999847412109375,False,False,1
267,stages.3.0.0,element,3,"(495, 4, 5)",0,0.0,False,0.915,0.0,False,,233,-2560.0,-640.0,2.0,0.75,False,False,1
268,stages.2.9.0,element,6,"(47, 53, 0)",0,0.0,False,0.915,0.0,False,,246,-24576.0,-0.375,16.0,0.9999847412109375,False,False,1
269,stages.3.0.0,element,2,"(618, 37, 10)",0,0.0,False,0.915,0.0,False,,109,5120.0,2560.0,1.0,0.5,False,False,1
270,stages.3.0.0,element,2,"(1038, 5, 1)",0,0.0,False,0.915,0.0,False,,106,3072.0,6144.0,1.0,1.0,False,False,1
271,stages.2.8.0,element,5,"(142, 6, 18)",0,0.0,False,0.915,0.0,False,,106,3072.0,12.0,8.0,0.99609375,False,False,1
272,stages.2.7.0,element,2,"(151, 34, 9)",0,0.0,False,0.915,0.0,False,,236,-4096.0,-2048.0,1.0,0.5,False,False,1
273,stages.2.5.0,element,3,"(157, 44, 28)",0,0.0,False,0.915,0.0,False,,220,-256.0,-64.0,2.0,0.75,False,False,1
274,stages.2.11.0,element,3,"(139, 14, 10)",0,0.0,False,0.915,0.0,False,,100,1024.0,4096.0,2.0,3.0,False,False,1
275,stages.3.0.0,element,5,"(459, 3, 9)",0,0.0,False,0.915,0.0,False,,242,-12288.0,-48.0,8.0,0.99609375,False,False,1
276,stages.2.8.0,element,7,"(44, 45, 23)",0,0.0,False,0.915,0.0,False,,100,1024.0,-1024.0,0.0,2.0,True,False,1
277,stages.3.0.0,element,2,"(810, 41, 11)",0,0.0,False,0.915,0.0,False,,113,10240.0,20480.0,1.0,1.0,False,False,1
278,stages.3.0.0,element,3,"(63, 46, 12)",0,0.0,False,0.915,0.0,False,,238,-6144.0,-1536.0,2.0,0.75,False,False,1
279,stages.2.2.0,element,7,"(146, 0, 23)",0,0.0,False,0.915,0.0,False,,106,3072.0,-3072.0,0.0,2.0,True,False,1
280,stages.2.3.0,element,2,"(87, 17, 10)",200,1.0,True,0.0,0.915,True,,121,40960.0,,inf,inf,False,True,1
281,stages.2.12.0,element,5,"(83, 13, 14)",0,0.0,False,0.915,0.0,False,,103,1792.0,7.0,8.0,0.99609375,False,False,1
282,stages.2.2.0,element,0,"(129, 0, 9)",0,0.0,False,0.915,0.0,False,,237,-5120.0,-4096.0,0.3219280242919922,0.20000000298023224,False,False,1
283,stages.3.0.0,element,0,"(981, 52, 19)",0,0.0,False,0.915,0.0,False,,105,2560.0,2048.0,0.3219280242919922,0.20000000298023224,False,False,1
284,stages.2.3.0,element,3,"(171, 50, 8)",0,0.0,False,0.915,0.0,False,,240,-8192.0,-32768.0,2.0,3.0,False,False,1
285,stages.2.8.0,element,5,"(92, 50, 21)",0,0.0,False,0.915,0.0,False,,231,-1792.0,-7.0,8.0,0.99609375,False,False,1
286,stages.2.7.0,element,2,"(115, 30, 16)",200,1.0,True,0.0,0.915,True,,251,-57344.0,,inf,inf,False,True,1
287,stages.3.0.0,element,5,"(601, 43, 14)",0,0.0,False,0.915,0.0,False,,122,49152.0,192.0,8.0,0.99609375,False,False,1
288,stages.3.0.0,element,4,"(1236, 28, 4)",0,0.0,False,0.915,0.0,False,,112,8192.0,512.0,4.0,0.9375,False,False,1
289,stages.2.11.0,element,6,"(147, 4, 26)",0,0.0,False,0.915,0.0,False,,109,5120.0,0.078125,16.0,0.9999847412109375,False,False,1
290,stages.2.10.0,element,0,"(171, 6, 15)",0,0.0,False,0.915,0.0,False,,232,-2048.0,-2560.0,0.3219280242919922,0.25,False,False,1
291,stages.2.11.0,element,5,"(152, 11, 26)",0,0.0,False,0.915,0.0,False,,215,-112.0,-28672.0,8.0,255.0,False,False,1
292,stages.2.1.0,element,6,"(112, 30, 24)",0,0.0,False,0.915,0.0,False,,234,-3072.0,-0.046875,16.0,0.9999847412109375,False,False,1
293,stages.3.0.0,element,2,"(928, 1, 28)",0,0.0,False,0.915,0.0,False,,244,-16384.0,-8192.0,1.0,0.5,False,False,1
294,stages.1.1.0,element,0,"(83, 22, 18)",0,0.0,False,0.915,0.0,False,,219,-224.0,-192.0,0.22239255905151367,0.1428571492433548,False,False,1
295,stages.2.2.0,element,6,"(178, 13, 0)",0,0.0,False,0.915,0.0,False,,249,-40960.0,-0.625,16.0,0.9999847412109375,False,False,1
296,stages.1.1.0,element,2,"(72, 20, 19)",0,0.0,False,0.915,0.0,False,,96,512.0,1024.0,1.0,1.0,False,False,1
297,stages.2.6.0,element,0,"(100, 14, 20)",0,0.0,False,0.915,0.0,False,,237,-5120.0,-4096.0,0.3219280242919922,0.20000000298023224,False,False,1
298,stages.3.0.0,element,2,"(481, 0, 31)",200,1.0,True,0.0,0.915,True,,121,40960.0,,inf,inf,False,True,1
299,stages.3.0.0,element,0,"(1069, 40, 16)",0,0.0,False,0.915,0.0,False,,237,-5120.0,-4096.0,0.3219280242919922,0.20000000298023224,False,False,1
300,stages.2.0.0,element,7,"(146, 17, 0)",0,0.0,False,0.915,0.0,False,,245,-20480.0,20480.0,0.0,2.0,True,False,1
301,stages.2.7.0,element,4,"(124, 5, 12)",200,1.0,True,0.0,0.915,True,,109,5120.0,,inf,inf,False,True,1
302,stages.2.13.0,element,2,"(165, 22, 14)",0,0.0,False,0.915,0.0,False,,110,6144.0,3072.0,1.0,0.5,False,False,1
303,stages.3.0.0,element,5,"(83, 48, 14)",0,0.0,False,0.915,0.0,False,,107,3584.0,14.0,8.0,0.99609375,False,False,1
304,stages.3.0.0,element,1,"(1120, 23, 8)",0,0.0,False,0.915,0.0,False,,104,2048.0,3072.0,0.5849628448486328,0.5,False,False,1
305,stages.2.10.0,element,7,"(179, 12, 28)",0,0.0,False,0.915,0.0,False,,93,320.0,-320.0,0.0,2.0,True,False,1
306,stages.2.5.0,scale,0,"(99, 49)",0,0.0,False,0.915,0.0,False,,108,108.0,109.0,1.0,inf,False,False,32
307,stages.2.2.0,element,5,"(110, 29, 2)",0,0.0,False,0.915,0.0,False,,233,-2560.0,-10.0,8.0,0.99609375,False,False,1
308,stages.3.0.0,element,2,"(713, 41, 1)",0,0.0,False,0.915,0.0,False,,243,-14336.0,-28672.0,1.0,1.0,False,False,1
309,stages.3.0.0,element,4,"(40, 3, 23)",0,0.0,False,0.915,0.0,False,,234,-3072.0,-49152.0,4.0,15.0,False,False,1
310,stages.2.1.0,element,1,"(75, 7, 26)",0,0.0,False,0.915,0.0,False,,102,1536.0,1024.0,0.5849628448486328,0.3333333432674408,False,False,1
311,stages.3.0.0,element,0,"(950, 16, 9)",0,0.0,False,0.915,0.0,False,,109,5120.0,4096.0,0.3219280242919922,0.20000000298023224,False,False,1
312,stages.2.12.0,element,0,"(74, 16, 9)",0,0.0,False,0.915,0.0,False,,110,6144.0,7168.0,0.22239208221435547,0.1666666716337204,False,False,1
313,stages.2.8.0,element,7,"(47, 18, 16)",0,0.0,False,0.915,0.0,False,,115,14336.0,-14336.0,0.0,2.0,True,False,1
314,stages.3.0.0,scale,3,"(1236, 16)",0,0.0,False,0.915,0.0,False,,106,106.0,98.0,8.0,inf,False,False,32
315,stages.2.10.0,element,3,"(44, 19, 10)",0,0.0,False,0.915,0.0,False,,227,-896.0,-3584.0,2.0,3.0,False,False,1
316,stages.3.0.0,element,1,"(1177, 24, 14)",0,0.0,False,0.915,0.0,False,,106,3072.0,2048.0,0.5849628448486328,0.3333333432674408,False,False,1
317,stages.2.2.0,scale,2,"(51, 42)",0,0.0,False,0.915,0.0,False,,108,108.0,104.0,4.0,inf,False,False,32
318,stages.2.7.0,element,0,"(71, 1, 24)",0,0.0,False,0.915,0.0,False,,240,-8192.0,-10240.0,0.3219280242919922,0.25,False,False,1
319,stages.2.8.0,element,1,"(108, 37, 16)",0,0.0,False,0.915,0.0,False,,110,6144.0,4096.0,0.5849628448486328,0.3333333432674408,False,False,1
320,stages.2.2.0,element,4,"(97, 7, 29)",0,0.0,False,0.915,0.0,False,,105,2560.0,40960.0,4.0,15.0,False,False,1
321,stages.2.10.0,element,4,"(53, 29, 21)",0,0.0,False,0.915,0.0,False,,250,-49152.0,-3072.0,4.0,0.9375,False,False,1
322,stages.3.0.0,element,6,"(129, 19, 31)",0,0.0,False,0.915,0.0,False,,244,-16384.0,-0.25,16.0,0.9999847412109375,False,False,1
323,stages.2.6.0,element,3,"(124, 42, 19)",0,0.0,False,0.915,0.0,False,,239,-7168.0,-1792.0,2.0,0.75,False,False,1
324,stages.2.10.0,element,7,"(146, 24, 26)",0,0.0,False,0.915,0.0,False,,238,-6144.0,6144.0,0.0,2.0,True,False,1
325,stages.2.8.0,element,5,"(140, 43, 5)",0,0.0,False,0.915,0.0,False,,248,-32768.0,-128.0,8.0,0.99609375,False,False,1
326,stages.2.7.0,element,1,"(56, 30, 29)",0,0.0,False,0.915,0.0,False,,229,-1280.0,-1792.0,0.4854269027709961,0.4000000059604645,False,False,1
327,stages.2.2.0,element,6,"(117, 14, 24)",0,0.0,False,0.915,0.0,False,,113,10240.0,0.15625,16.0,0.9999847412109375,False,False,1
328,stages.2.9.0,element,6,"(145, 47, 12)",0,0.0,False,0.915,0.0,False,,107,3584.0,0.0546875,16.0,0.9999847412109375,False,False,1
329,stages.3.0.0,scale,5,"(913, 37)",0,0.0,False,0.915,0.0,False,,107,107.0,75.0,32.0,inf,False,False,32
330,stages.2.8.0,element,1,"(112, 3, 26)",0,0.0,False,0.915,0.0,False,,111,7168.0,5120.0,0.4854269027709961,0.2857142984867096,False,False,1
331,stages.3.0.0,element,3,"(46, 8, 15)",0,0.0,False,0.915,0.0,False,,236,-4096.0,-1024.0,2.0,0.75,False,False,1
332,stages.2.13.0,element,7,"(31, 8, 29)",0,0.0,False,0.915,0.0,False,,220,-256.0,256.0,0.0,2.0,True,False,1
333,stages.2.7.0,element,4,"(179, 23, 30)",0,0.0,False,0.915,0.0,False,,103,1792.0,28672.0,4.0,15.0,False,False,1
334,stages.3.0.0,element,1,"(102, 32, 17)",0,0.0,False,0.915,0.0,False,,230,-1536.0,-1024.0,0.5849628448486328,0.3333333432674408,False,False,1
335,stages.3.0.0,element,2,"(252, 29, 21)",0,0.0,False,0.915,0.0,False,,116,16384.0,8192.0,1.0,0.5,False,False,1
336,stages.3.0.0,element,6,"(891, 45, 13)",0,0.0,False,0.915,0.0,False,,247,-28672.0,-0.4375,16.0,0.9999847412109375,False,False,1
337,stages.2.7.0,scale,7,"(49, 2)",200,1.0,True,0.0,0.915,True,,107,107.0,235.0,128.0,inf,False,False,32
338,stages.3.0.0,element,6,"(849, 29, 3)",0,0.0,False,0.915,0.0,False,,122,49152.0,0.75,16.0,0.9999847412109375,False,False,1
339,stages.3.0.0,element,0,"(474, 15, 9)",0,0.0,False,0.915,0.0,False,,241,-10240.0,-8192.0,0.3219280242919922,0.20000000298023224,False,False,1
340,stages.2.8.0,element,6,"(190, 23, 1)",0,0.0,False,0.915,0.0,False,,237,-5120.0,-0.078125,16.0,0.9999847412109375,False,False,1
341,stages.3.0.0,element,1,"(1246, 33, 20)",0,0.0,False,0.915,0.0,False,,104,2048.0,3072.0,0.5849628448486328,0.5,False,False,1
342,stages.2.11.0,element,7,"(113, 16, 6)",0,0.0,False,0.915,0.0,False,,101,1280.0,-1280.0,0.0,2.0,True,False,1
343,stages.3.0.0,element,5,"(576, 31, 3)",0,0.0,False,0.915,0.0,False,,234,-3072.0,-12.0,8.0,0.99609375,False,False,1
344,stages.2.11.0,element,0,"(37, 45, 5)",0,0.0,False,0.915,0.0,False,,114,12288.0,14336.0,0.22239208221435547,0.1666666716337204,False,False,1
345,stages.2.11.0,element,2,"(151, 52, 10)",0,0.0,False,0.915,0.0,False,,239,-7168.0,-3584.0,1.0,0.5,False,False,1
346,stages.2.3.0,element,2,"(90, 40, 3)",0,0.0,False,0.915,0.0,False,,107,3584.0,7168.0,1.0,1.0,False,False,1
347,stages.2.8.0,element,0,"(89, 42, 6)",0,0.0,False,0.915,0.0,False,,107,3584.0,3072.0,0.22239208221435547,0.1428571492433548,False,False,1
348,stages.2.12.0,element,0,"(95, 25, 16)",0,0.0,False,0.915,0.0,False,,110,6144.0,7168.0,0.22239208221435547,0.1666666716337204,False,False,1
349,stages.2.0.0,element,3,"(155, 4, 12)",0,0.0,False,0.915,0.0,False,,92,256.0,64.0,2.0,0.75,False,False,1
350,stages.3.0.0,element,7,"(118, 22, 28)",0,0.0,False,0.915,0.0,False,,110,6144.0,-6144.0,0.0,2.0,True,False,1
351,stages.3.0.0,element,1,"(1074, 21, 28)",0,0.0,False,0.915,0.0,False,,227,-896.0,-640.0,0.4854269027709961,0.2857142984867096,False,False,1
352,stages.2.4.0,element,2,"(172, 16, 23)",0,0.0,False,0.915,0.0,False,,96,512.0,1024.0,1.0,1.0,False,False,1
353,stages.2.6.0,element,1,"(164, 27, 10)",0,0.0,False,0.915,0.0,False,,234,-3072.0,-2048.0,0.5849628448486328,0.3333333432674408,False,False,1
354,stages.3.0.0,element,6,"(319, 12, 9)",0,0.0,False,0.915,0.0,False,,110,6144.0,0.09375,16.0,0.9999847412109375,False,False,1
355,stages.2.8.0,element,3,"(59, 31, 19)",0,0.0,False,0.915,0.0,False,,113,10240.0,40960.0,2.0,3.0,False,False,1
356,stages.2.2.0,element,3,"(189, 14, 14)",0,0.0,False,0.915,0.0,False,,100,1024.0,4096.0,2.0,3.0,False,False,1
357,stages.2.6.0,scale,4,"(2, 42)",178,0.89,True,0.12,0.795,False,,108,108.0,124.0,16.0,inf,False,False,32
358,stages.2.5.0,element,5,"(109, 26, 23)",0,0.0,False,0.915,0.0,False,,114,12288.0,48.0,8.0,0.99609375,False,False,1
359,stages.2.10.0,element,2,"(78, 7, 8)",0,0.0,False,0.915,0.0,False,,117,20480.0,10240.0,1.0,0.5,False,False,1
360,stages.2.8.0,element,7,"(133, 16, 13)",0,0.0,False,0.915,0.0,False,,115,14336.0,-14336.0,0.0,2.0,True,False,1
361,stages.2.11.0,element,2,"(191, 5, 1)",0,0.0,False,0.915,0.0,False,,116,16384.0,8192.0,1.0,0.5,False,False,1
362,stages.2.10.0,element,7,"(53, 28, 30)",0,0.0,False,0.915,0.0,False,,224,-512.0,512.0,0.0,2.0,True,False,1
363,stages.2.10.0,element,2,"(71, 9, 30)",0,0.0,False,0.915,0.0,False,,98,768.0,1536.0,1.0,1.0,False,False,1
364,stages.2.6.0,element,3,"(12, 38, 15)",0,0.0,False,0.915,0.0,False,,208,-32.0,-128.0,2.0,3.0,False,False,1
365,stages.2.5.0,element,5,"(101, 19, 3)",0,0.0,False,0.915,0.0,False,,241,-10240.0,-40.0,8.0,0.99609375,False,False,1
366,stages.3.0.0,element,1,"(185, 48, 13)",0,0.0,False,0.915,0.0,False,,105,2560.0,3584.0,0.4854269027709961,0.4000000059604645,False,False,1
367,stages.2.12.0,element,1,"(172, 4, 13)",0,0.0,False,0.915,0.0,False,,113,10240.0,14336.0,0.4854269027709961,0.4000000059604645,False,False,1
368,stages.3.0.0,element,2,"(57, 8, 24)",0,0.0,False,0.915,0.0,False,,226,-768.0,-1536.0,1.0,1.0,False,False,1
369,stages.3.0.0,element,7,"(113, 50, 15)",0,0.0,False,0.915,0.0,False,,237,-5120.0,5120.0,0.0,2.0,True,False,1
370,stages.2.12.0,element,1,"(101, 32, 0)",0,0.0,False,0.915,0.0,False,,232,-2048.0,-3072.0,0.5849628448486328,0.5,False,False,1
371,stages.2.4.0,element,2,"(45, 53, 7)",0,0.0,False,0.915,0.0,False,,221,-320.0,-160.0,1.0,0.5,False,False,1
372,stages.2.8.0,element,0,"(109, 3, 26)",0,0.0,False,0.915,0.0,False,,248,-32768.0,-40960.0,0.3219280242919922,0.25,False,False,1
373,stages.2.6.0,element,4,"(100, 8, 1)",200,1.0,True,0.0,0.915,True,,110,6144.0,,inf,inf,False,True,1
374,stages.3.0.0,element,0,"(43, 38, 18)",0,0.0,False,0.915,0.0,False,,217,-160.0,-128.0,0.3219280242919922,0.20000000298023224,False,False,1
375,stages.2.2.0,element,3,"(36, 16, 9)",0,0.0,False,0.915,0.0,False,,238,-6144.0,-1536.0,2.0,0.75,False,False,1
376,stages.2.11.0,element,4,"(32, 19, 16)",200,1.0,True,0.0,0.915,True,,111,7168.0,,inf,inf,False,True,1
377,stages.2.12.0,element,5,"(182, 13, 20)",0,0.0,False,0.915,0.0,False,,242,-12288.0,-48.0,8.0,0.99609375,False,False,1
378,stages.3.0.0,element,3,"(1007, 51, 31)",0,0.0,False,0.915,0.0,False,,242,-12288.0,-49152.0,2.0,3.0,False,False,1
379,stages.2.8.0,element,5,"(6, 50, 22)",200,1.0,True,0.0,0.915,True,,220,-256.0,-inf,inf,inf,False,True,1
380,stages.3.0.0,element,0,"(650, 51, 16)",0,0.0,False,0.915,0.0,False,,88,128.0,160.0,0.3219280242919922,0.25,False,False,1
381,stages.1.1.0,element,2,"(70, 7, 11)",0,0.0,False,0.915,0.0,False,,115,14336.0,28672.0,1.0,1.0,False,False,1
382,stages.2.3.0,element,3,"(152, 40, 14)",0,0.0,False,0.915,0.0,False,,237,-5120.0,-1280.0,2.0,0.75,False,False,1
383,stages.3.0.0,element,3,"(245, 4, 16)",0,0.0,False,0.915,0.0,False,,103,1792.0,7168.0,2.0,3.0,False,False,1
384,stages.3.0.0,element,0,"(419, 6, 4)",0,0.0,False,0.915,0.0,False,,102,1536.0,1792.0,0.22239208221435547,0.1666666716337204,False,False,1
385,stages.2.1.0,element,6,"(13, 1, 15)",0,0.0,False,0.915,0.0,False,,119,28672.0,0.4375,16.0,0.9999847412109375,False,False,1
386,stages.2.5.0,element,5,"(65, 39, 6)",0,0.0,False,0.915,0.0,False,,116,16384.0,64.0,8.0,0.99609375,False,False,1
387,stages.2.6.0,element,7,"(18, 17, 1)",0,0.0,False,0.915,0.0,False,,236,-4096.0,4096.0,0.0,2.0,True,False,1
388,stages.3.0.0,element,2,"(1046, 15, 3)",0,0.0,False,0.915,0.0,False,,225,-640.0,-1280.0,1.0,1.0,False,False,1
389,stages.2.3.0,element,0,"(186, 30, 10)",0,0.0,False,0.915,0.0,False,,244,-16384.0,-20480.0,0.3219280242919922,0.25,False,False,1
390,stages.2.6.0,element,6,"(36, 6, 25)",0,0.0,False,0.915,0.0,False,,113,10240.0,0.15625,16.0,0.9999847412109375,False,False,1
391,stages.2.11.0,element,2,"(149, 20, 12)",200,1.0,True,0.0,0.915,True,,120,32768.0,inf,inf,inf,False,True,1
392,stages.3.0.0,element,1,"(155, 41, 2)",0,0.0,False,0.915,0.0,False,,102,1536.0,1024.0,0.5849628448486328,0.3333333432674408,False,False,1
393,stages.2.9.0,scale,7,"(174, 16)",200,1.0,True,0.0,0.915,True,,108,108.0,236.0,128.0,inf,False,False,32
394,stages.2.0.0,element,3,"(35, 3, 12)",0,0.0,False,0.915,0.0,False,,232,-2048.0,-512.0,2.0,0.75,False,False,1
395,stages.3.0.0,element,1,"(522, 12, 13)",0,0.0,False,0.915,0.0,False,,108,4096.0,6144.0,0.5849628448486328,0.5,False,False,1
396,stages.2.2.0,element,3,"(81, 21, 17)",0,0.0,False,0.915,0.0,False,,105,2560.0,640.0,2.0,0.75,False,False,1
397,stages.2.9.0,element,4,"(160, 13, 20)",0,0.0,False,0.915,0.0,False,,251,-57344.0,-3584.0,4.0,0.9375,False,False,1
398,stages.2.4.0,element,6,"(189, 27, 17)",0,0.0,False,0.915,0.0,False,,107,3584.0,0.0546875,16.0,0.9999847412109375,False,False,1
399,stages.2.1.0,element,6,"(29, 51, 29)",0,0.0,False,0.915,0.0,False,,233,-2560.0,-0.0390625,16.0,0.9999847412109375,False,False,1
400,stages.2.3.0,element,6,"(112, 6, 2)",0,0.0,False,0.915,0.0,False,,108,4096.0,0.0625,16.0,0.9999847412109375,False,False,1
401,stages.3.0.0,element,1,"(393, 45, 12)",0,0.0,False,0.915,0.0,False,,225,-640.0,-896.0,0.4854269027709961,0.4000000059604645,False,False,1
402,stages.3.0.0,element,3,"(637, 1, 3)",0,0.0,False,0.915,0.0,False,,238,-6144.0,-1536.0,2.0,0.75,False,False,1
403,stages.3.0.0,element,0,"(782, 50, 30)",0,0.0,False,0.915,0.0,False,,108,4096.0,5120.0,0.3219280242919922,0.25,False,False,1
404,stages.2.7.0,element,5,"(34, 8, 11)",0,0.0,False,0.915,0.0,False,,242,-12288.0,-48.0,8.0,0.99609375,False,False,1
405,stages.3.0.0,element,6,"(474, 8, 4)",0,0.0,False,0.915,0.0,False,,235,-3584.0,-0.0546875,16.0,0.9999847412109375,False,False,1
406,stages.3.0.0,element,5,"(633, 10, 16)",0,0.0,False,0.915,0.0,False,,110,6144.0,24.0,8.0,0.99609375,False,False,1
407,stages.2.1.0,scale,1,"(189, 25)",0,0.0,False,0.915,0.0,False,,106,106.0,104.0,2.0,inf,False,False,32
408,stages.3.0.0,element,1,"(1060, 3, 4)",0,0.0,False,0.915,0.0,False,,246,-24576.0,-16384.0,0.5849628448486328,0.3333333432674408,False,False,1
409,stages.2.4.0,element,6,"(77, 8, 25)",0,0.0,False,0.915,0.0,False,,96,512.0,0.0078125,16.0,0.9999847412109375,False,False,1
410,stages.3.0.0,element,7,"(692, 5, 12)",0,0.0,False,0.915,0.0,False,,105,2560.0,-2560.0,0.0,2.0,True,False,1
411,stages.2.10.0,element,4,"(84, 47, 25)",0,0.0,False,0.915,0.0,False,,242,-12288.0,-768.0,4.0,0.9375,False,False,1
412,stages.3.0.0,element,1,"(643, 39, 2)",0,0.0,False,0.915,0.0,False,,238,-6144.0,-4096.0,0.5849628448486328,0.3333333432674408,False,False,1
413,stages.2.9.0,element,7,"(138, 35, 31)",0,0.0,False,0.915,0.0,False,,116,16384.0,-16384.0,0.0,2.0,True,False,1
414,stages.2.10.0,element,3,"(111, 26, 21)",0,0.0,False,0.915,0.0,False,,233,-2560.0,-640.0,2.0,0.75,False,False,1
415,stages.2.0.0,element,2,"(175, 20, 1)",0,0.0,False,0.915,0.0,False,,101,1280.0,640.0,1.0,0.5,False,False,1
416,stages.2.7.0,element,5,"(9, 35, 28)",0,0.0,False,0.915,0.0,False,,102,1536.0,6.0,8.0,0.99609375,False,False,1
417,stages.2.12.0,element,2,"(18, 52, 17)",0,0.0,False,0.915,0.0,False,,241,-10240.0,-20480.0,1.0,1.0,False,False,1
418,stages.2.13.0,element,3,"(30, 2, 29)",0,0.0,False,0.915,0.0,False,,115,14336.0,57344.0,2.0,3.0,False,False,1
419,stages.2.6.0,element,6,"(35, 16, 0)",0,0.0,False,0.915,0.0,False,,112,8192.0,0.125,16.0,0.9999847412109375,False,False,1
420,stages.3.0.0,element,2,"(491, 47, 13)",0,0.0,False,0.915,0.0,False,,105,2560.0,5120.0,1.0,1.0,False,False,1
421,stages.2.13.0,element,3,"(84, 50, 23)",0,0.0,False,0.915,0.0,False,,226,-768.0,-3072.0,2.0,3.0,False,False,1
422,stages.2.3.0,element,6,"(31, 47, 23)",0,0.0,False,0.915,0.0,False,,238,-6144.0,-0.09375,16.0,0.9999847412109375,False,False,1
423,stages.1.2.0,element,4,"(91, 6, 19)",0,0.0,False,0.915,0.0,False,,249,-40960.0,-2560.0,4.0,0.9375,False,False,1
424,stages.2.2.0,element,7,"(163, 34, 6)",0,0.0,False,0.915,0.0,False,,117,20480.0,-20480.0,0.0,2.0,True,False,1
425,stages.2.4.0,element,6,"(117, 28, 4)",0,0.0,False,0.915,0.0,False,,241,-10240.0,-0.15625,16.0,0.9999847412109375,False,False,1
426,stages.3.0.0,element,0,"(684, 16, 26)",0,0.0,False,0.915,0.0,False,,100,1024.0,1280.0,0.3219280242919922,0.25,False,False,1
427,stages.2.8.0,element,1,"(147, 33, 0)",0,0.0,False,0.915,0.0,False,,238,-6144.0,-4096.0,0.5849628448486328,0.3333333432674408,False,False,1
428,stages.2.9.0,element,4,"(22, 9, 17)",0,0.0,False,0.915,0.0,False,,120,32768.0,2048.0,4.0,0.9375,False,False,1
429,stages.3.0.0,element,3,"(911, 22, 20)",0,0.0,False,0.915,0.0,False,,109,5120.0,1280.0,2.0,0.75,False,False,1
430,stages.2.3.0,scale,4,"(164, 3)",180,0.9,True,0.125,0.79,False,,107,107.0,123.0,16.0,inf,False,False,32
431,stages.2.1.0,element,4,"(75, 36, 29)",0,0.0,False,0.915,0.0,False,,228,-1024.0,-16384.0,4.0,15.0,False,False,1
432,stages.3.0.0,element,4,"(1156, 31, 9)",0,0.0,False,0.915,0.0,False,,105,2560.0,40960.0,4.0,15.0,False,False,1
433,stages.2.0.0,element,3,"(151, 16, 20)",200,1.0,True,0.0,0.915,True,,117,20480.0,,inf,inf,False,True,1
434,stages.2.6.0,element,5,"(162, 17, 22)",0,0.0,False,0.915,0.0,False,,116,16384.0,64.0,8.0,0.99609375,False,False,1
435,stages.2.0.0,element,6,"(53, 5, 6)",0,0.0,False,0.915,0.0,False,,244,-16384.0,-0.25,16.0,0.9999847412109375,False,False,1
436,stages.2.7.0,element,0,"(118, 20, 20)",0,0.0,False,0.915,0.0,False,,232,-2048.0,-2560.0,0.3219280242919922,0.25,False,False,1
437,stages.3.0.0,element,5,"(314, 48, 22)",0,0.0,False,0.915,0.0,False,,229,-1280.0,-5.0,8.0,0.99609375,False,False,1
438,stages.2.1.0,element,5,"(54, 46, 26)",0,0.0,False,0.915,0.0,False,,121,40960.0,160.0,8.0,0.99609375,False,False,1
439,stages.3.0.0,element,3,"(754, 16, 24)",0,0.0,False,0.915,0.0,False,,237,-5120.0,-1280.0,2.0,0.75,False,False,1
440,stages.3.0.0,element,1,"(387, 27, 17)",0,0.0,False,0.915,0.0,False,,243,-14336.0,-10240.0,0.4854269027709961,0.2857142984867096,False,False,1
441,stages.2.4.0,element,6,"(187, 44, 15)",0,0.0,False,0.915,0.0,False,,115,14336.0,0.21875,16.0,0.9999847412109375,False,False,1
442,stages.2.6.0,element,4,"(173, 12, 1)",0,0.0,False,0.915,0.0,False,,88,128.0,8.0,4.0,0.9375,False,False,1
443,stages.2.5.0,element,2,"(120, 43, 21)",0,0.0,False,0.915,0.0,False,,232,-2048.0,-4096.0,1.0,1.0,False,False,1
444,stages.2.13.0,element,2,"(173, 4, 16)",0,0.0,False,0.915,0.0,False,,107,3584.0,7168.0,1.0,1.0,False,False,1
445,stages.2.12.0,element,0,"(95, 10, 11)",0,0.0,False,0.915,0.0,False,,224,-512.0,-640.0,0.3219280242919922,0.25,False,False,1
446,stages.3.0.0,element,2,"(572, 4, 18)",0,0.0,False,0.915,0.0,False,,245,-20480.0,-10240.0,1.0,0.5,False,False,1
447,stages.2.5.0,element,2,"(0, 2, 9)",0,0.0,False,0.915,0.0,False,,243,-14336.0,-28672.0,1.0,1.0,False,False,1
448,stages.2.11.0,element,5,"(142, 6, 31)",200,1.0,True,0.0,0.915,True,,220,-256.0,-inf,inf,inf,False,True,1
449,stages.2.2.0,element,5,"(10, 29, 5)",0,0.0,False,0.915,0.0,False,,243,-14336.0,-56.0,8.0,0.99609375,False,False,1
450,stages.3.0.0,element,6,"(1176, 16, 6)",0,0.0,False,0.915,0.0,False,,240,-8192.0,-0.125,16.0,0.9999847412109375,False,False,1
451,stages.2.5.0,element,4,"(64, 33, 14)",200,1.0,True,0.0,0.915,True,,239,-7168.0,,inf,inf,False,True,1
452,stages.3.0.0,element,1,"(1126, 4, 11)",0,0.0,False,0.915,0.0,False,,121,40960.0,57344.0,0.4854269027709961,0.4000000059604645,False,False,1
453,fc,element,4,"(2, 10, 15)",0,0.0,False,0.915,0.0,False,,249,-40960.0,-2560.0,4.0,0.9375,False,False,1
454,stages.2.4.0,element,0,"(2, 37, 24)",0,0.0,False,0.915,0.0,False,,114,12288.0,14336.0,0.22239208221435547,0.1666666716337204,False,False,1
455,stages.2.10.0,element,0,"(173, 53, 27)",0,0.0,False,0.915,0.0,False,,119,28672.0,24576.0,0.22239208221435547,0.1428571492433548,False,False,1
456,stages.2.9.0,element,0,"(102, 52, 17)",0,0.0,False,0.915,0.0,False,,115,14336.0,12288.0,0.22239208221435547,0.1428571492433548,False,False,1
457,stages.2.6.0,element,7,"(124, 13, 28)",0,0.0,False,0.915,0.0,False,,249,-40960.0,40960.0,0.0,2.0,True,False,1
458,stages.2.7.0,element,4,"(180, 26, 5)",200,1.0,True,0.0,0.915,True,,110,6144.0,,inf,inf,False,True,1
459,stages.3.0.0,element,6,"(193, 7, 5)",0,0.0,False,0.915,0.0,False,,106,3072.0,0.046875,16.0,0.9999847412109375,False,False,1
460,stages.3.0.0,element,7,"(1214, 16, 28)",0,0.0,False,0.915,0.0,False,,223,-448.0,448.0,0.0,2.0,True,False,1
461,stages.2.11.0,element,2,"(79, 51, 12)",0,0.0,False,0.915,0.0,False,,236,-4096.0,-2048.0,1.0,0.5,False,False,1
462,stages.2.12.0,element,3,"(167, 0, 10)",0,0.0,False,0.915,0.0,False,,235,-3584.0,-896.0,2.0,0.75,False,False,1
463,stages.2.6.0,element,0,"(108, 17, 12)",0,0.0,False,0.915,0.0,False,,238,-6144.0,-7168.0,0.22239208221435547,0.1666666716337204,False,False,1
464,stages.2.6.0,element,5,"(127, 6, 30)",0,0.0,False,0.915,0.0,False,,99,896.0,3.5,8.0,0.99609375,False,False,1
465,stages.2.4.0,element,4,"(62, 30, 24)",0,0.0,False,0.915,0.0,False,,241,-10240.0,-640.0,4.0,0.9375,False,False,1
466,stages.2.12.0,element,2,"(180, 26, 11)",0,0.0,False,0.915,0.0,False,,232,-2048.0,-4096.0,1.0,1.0,False,False,1
467,stages.3.0.0,element,5,"(88, 39, 26)",0,0.0,False,0.915,0.0,False,,113,10240.0,40.0,8.0,0.99609375,False,False,1
468,stages.2.1.0,element,4,"(47, 16, 23)",0,0.0,False,0.915,0.0,False,,249,-40960.0,-2560.0,4.0,0.9375,False,False,1
469,stages.3.0.0,element,1,"(464, 30, 16)",0,0.0,False,0.915,0.0,False,,248,-32768.0,-49152.0,0.5849628448486328,0.5,False,False,1
470,stages.2.7.0,element,6,"(66, 12, 4)",0,0.0,False,0.915,0.0,False,,241,-10240.0,-0.15625,16.0,0.9999847412109375,False,False,1
471,stages.3.0.0,element,2,"(418, 13, 30)",0,0.0,False,0.915,0.0,False,,102,1536.0,768.0,1.0,0.5,False,False,1
472,stages.2.1.0,scale,6,"(18, 21)",0,0.0,False,0.915,0.0,False,,108,108.0,44.0,64.0,inf,False,False,32
473,stages.3.0.0,element,7,"(1055, 40, 31)",0,0.0,False,0.915,0.0,False,,107,3584.0,-3584.0,0.0,2.0,True,False,1
474,stages.3.0.0,element,5,"(196, 2, 3)",0,0.0,False,0.915,0.0,False,,249,-40960.0,-160.0,8.0,0.99609375,False,False,1
475,stages.2.1.0,element,7,"(133, 29, 3)",0,0.0,False,0.915,0.0,False,,246,-24576.0,24576.0,0.0,2.0,True,False,1
476,stages.2.4.0,element,6,"(25, 46, 17)",0,0.0,False,0.915,0.0,False,,251,-57344.0,-0.875,16.0,0.9999847412109375,False,False,1
477,stages.3.0.0,element,4,"(600, 40, 24)",0,0.0,False,0.915,0.0,False,,112,8192.0,512.0,4.0,0.9375,False,False,1
478,stages.2.0.0,element,5,"(49, 2, 29)",0,0.0,False,0.915,0.0,False,,241,-10240.0,-40.0,8.0,0.99609375,False,False,1
479,stages.3.0.0,element,5,"(82, 48, 14)",0,0.0,False,0.915,0.0,False,,114,12288.0,48.0,8.0,0.99609375,False,False,1
480,stages.2.3.0,element,3,"(119, 7, 7)",0,0.0,False,0.915,0.0,False,,243,-14336.0,-57344.0,2.0,3.0,False,False,1
481,stages.3.0.0,element,4,"(1090, 51, 17)",0,0.0,False,0.915,0.0,False,,101,1280.0,20480.0,4.0,15.0,False,False,1
482,stages.2.10.0,element,0,"(86, 28, 21)",0,0.0,False,0.915,0.0,False,,233,-2560.0,-2048.0,0.3219280242919922,0.20000000298023224,False,False,1
483,stages.3.0.0,element,3,"(124, 37, 13)",0,0.0,False,0.915,0.0,False,,225,-640.0,-2560.0,2.0,3.0,False,False,1
484,stages.3.0.0,element,3,"(1254, 34, 5)",0,0.0,False,0.915,0.0,False,,243,-14336.0,-57344.0,2.0,3.0,False,False,1
485,stages.3.0.0,element,4,"(19, 42, 24)",0,0.0,False,0.915,0.0,False,,247,-28672.0,-1792.0,4.0,0.9375,False,False,1
486,stages.3.0.0,element,0,"(824, 18, 12)",0,0.0,False,0.915,0.0,False,,108,4096.0,5120.0,0.3219280242919922,0.25,False,False,1
487,stages.2.6.0,element,6,"(21, 4, 6)",0,0.0,False,0.915,0.0,False,,110,6144.0,0.09375,16.0,0.9999847412109375,False,False,1
488,stages.2.12.0,element,5,"(116, 8, 29)",0,0.0,False,0.915,0.0,False,,101,1280.0,5.0,8.0,0.99609375,False,False,1
489,stages.2.1.0,element,1,"(58, 37, 1)",0,0.0,False,0.915,0.0,False,,117,20480.0,28672.0,0.4854269027709961,0.4000000059604645,False,False,1
490,stages.2.13.0,element,5,"(26, 1, 11)",0,0.0,False,0.915,0.0,False,,106,3072.0,12.0,8.0,0.99609375,False,False,1
491,stages.2.4.0,element,4,"(131, 29, 22)",0,0.0,False,0.915,0.0,False,,101,1280.0,20480.0,4.0,15.0,False,False,1
492,stages.2.7.0,element,4,"(160, 31, 21)",0,0.0,False,0.915,0.0,False,,107,3584.0,57344.0,4.0,15.0,False,False,1
493,stages.2.10.0,element,4,"(130, 34, 17)",0,0.0,False,0.915,0.0,False,,102,1536.0,24576.0,4.0,15.0,False,False,1
494,stages.2.2.0,element,4,"(122, 8, 31)",0,0.0,False,0.915,0.0,False,,112,8192.0,512.0,4.0,0.9375,False,False,1
495,stages.3.0.0,element,1,"(1212, 36, 28)",0,0.0,False,0.915,0.0,False,,228,-1024.0,-1536.0,0.5849628448486328,0.5,False,False,1
496,stages.2.0.0,element,2,"(142, 25, 3)",0,0.0,False,0.915,0.0,False,,103,1792.0,896.0,1.0,0.5,False,False,1
497,stages.2.0.0,element,5,"(147, 1, 16)",0,0.0,False,0.915,0.0,False,,236,-4096.0,-16.0,8.0,0.99609375,False,False,1
498,stages.3.0.0,element,1,"(437, 6, 17)",0,0.0,False,0.915,0.0,False,,240,-8192.0,-12288.0,0.5849628448486328,0.5,False,False,1
499,stages.3.0.0,element,5,"(59, 3, 21)",0,0.0,False,0.915,0.0,False,,237,-5120.0,-20.0,8.0,0.99609375,False,False,1
500,stages.3.0.0,element,7,"(1188, 40, 6)",0,0.0,False,0.915,0.0,False,,235,-3584.0,3584.0,0.0,2.0,True,False,1
501,stages.2.1.0,element,6,"(129, 30, 9)",0,0.0,False,0.915,0.0,False,,242,-12288.0,-0.1875,16.0,0.9999847412109375,False,False,1
502,stages.2.5.0,element,7,"(169, 8, 28)",0,0.0,False,0.915,0.0,False,,241,-10240.0,10240.0,0.0,2.0,True,False,1
503,stages.3.0.0,element,1,"(1034, 11, 4)",0,0.0,False,0.915,0.0,False,,98,768.0,512.0,0.5849628448486328,0.3333333432674408,False,False,1
504,stages.2.8.0,element,0,"(128, 39, 1)",0,0.0,False,0.915,0.0,False,,231,-1792.0,-1536.0,0.22239208221435547,0.1428571492433548,False,False,1
505,stages.2.7.0,element,5,"(150, 46, 16)",0,0.0,False,0.915,0.0,False,,108,4096.0,16.0,8.0,0.99609375,False,False,1
506,stages.3.0.0,element,3,"(1018, 32, 17)",0,0.0,False,0.915,0.0,False,,249,-40960.0,-10240.0,2.0,0.75,False,False,1
507,stages.2.2.0,element,0,"(141, 25, 28)",0,0.0,False,0.915,0.0,False,,244,-16384.0,-20480.0,0.3219280242919922,0.25,False,False,1
508,fc,element,1,"(6, 27, 20)",0,0.0,False,0.915,0.0,False,,115,14336.0,10240.0,0.4854269027709961,0.2857142984867096,False,False,1
509,stages.1.2.0,element,1,"(24, 22, 22)",0,0.0,False,0.915,0.0,False,,232,-2048.0,-3072.0,0.5849628448486328,0.5,False,False,1
510,stages.2.6.0,element,4,"(26, 37, 4)",0,0.0,False,0.915,0.0,False,,240,-8192.0,-512.0,4.0,0.9375,False,False,1
511,stages.2.8.0,element,6,"(57, 28, 30)",0,0.0,False,0.915,0.0,False,,96,512.0,0.0078125,16.0,0.9999847412109375,False,False,1
512,stages.2.13.0,element,3,"(191, 52, 17)",0,0.0,False,0.915,0.0,False,,243,-14336.0,-57344.0,2.0,3.0,False,False,1
513,stages.2.12.0,element,0,"(25, 25, 26)",0,0.0,False,0.915,0.0,False,,119,28672.0,24576.0,0.22239208221435547,0.1428571492433548,False,False,1
514,stages.2.4.0,element,7,"(94, 32, 7)",0,0.0,False,0.915,0.0,False,,238,-6144.0,6144.0,0.0,2.0,True,False,1
515,stages.2.10.0,element,4,"(179, 39, 18)",0,0.0,False,0.915,0.0,False,,117,20480.0,1280.0,4.0,0.9375,False,False,1
516,stages.2.8.0,element,6,"(7, 45, 9)",0,0.0,False,0.915,0.0,False,,111,7168.0,0.109375,16.0,0.9999847412109375,False,False,1
517,stages.0.0.0,element,2,"(2, 5, 9)",0,0.0,False,0.915,0.0,False,,229,-1280.0,-640.0,1.0,0.5,False,False,1
518,stages.2.9.0,element,1,"(183, 32, 28)",0,0.0,False,0.915,0.0,False,,109,5120.0,7168.0,0.4854269027709961,0.4000000059604645,False,False,1
519,stages.2.9.0,element,1,"(70, 1, 10)",0,0.0,False,0.915,0.0,False,,244,-16384.0,-24576.0,0.5849628448486328,0.5,False,False,1
520,stages.2.6.0,element,2,"(14, 13, 28)",0,0.0,False,0.915,0.0,False,,113,10240.0,20480.0,1.0,1.0,False,False,1
521,stages.3.0.0,element,5,"(356, 29, 15)",0,0.0,False,0.915,0.0,False,,240,-8192.0,-32.0,8.0,0.99609375,False,False,1
522,stages.3.0.0,element,2,"(556, 10, 21)",0,0.0,False,0.915,0.0,False,,105,2560.0,5120.0,1.0,1.0,False,False,1
523,stages.2.0.0,element,7,"(31, 10, 25)",0,0.0,False,0.915,0.0,False,,116,16384.0,-16384.0,0.0,2.0,True,False,1
524,stages.2.5.0,element,1,"(74, 8, 5)",0,0.0,False,0.915,0.0,False,,114,12288.0,8192.0,0.5849628448486328,0.3333333432674408,False,False,1
525,stages.2.0.0,element,0,"(10, 22, 3)",0,0.0,False,0.915,0.0,False,,246,-24576.0,-28672.0,0.22239208221435547,0.1666666716337204,False,False,1
526,stages.2.7.0,element,0,"(102, 53, 23)",0,0.0,False,0.915,0.0,False,,101,1280.0,1024.0,0.3219280242919922,0.20000000298023224,False,False,1
527,stages.3.0.0,element,5,"(401, 27, 31)",0,0.0,False,0.915,0.0,False,,242,-12288.0,-48.0,8.0,0.99609375,False,False,1
528,stages.2.11.0,element,1,"(123, 11, 28)",0,0.0,False,0.915,0.0,False,,106,3072.0,2048.0,0.5849628448486328,0.3333333432674408,False,False,1
529,stages.2.1.0,element,3,"(56, 49, 6)",0,0.0,False,0.915,0.0,False,,110,6144.0,1536.0,2.0,0.75,False,False,1
530,stages.2.12.0,element,1,"(86, 16, 21)",0,0.0,False,0.915,0.0,False,,234,-3072.0,-2048.0,0.5849628448486328,0.3333333432674408,False,False,1
531,stages.3.0.0,element,5,"(833, 24, 23)",0,0.0,False,0.915,0.0,False,,112,8192.0,32.0,8.0,0.99609375,False,False,1
532,stages.2.6.0,element,3,"(108, 7, 9)",0,0.0,False,0.915,0.0,False,,243,-14336.0,-57344.0,2.0,3.0,False,False,1
533,stages.3.0.0,element,5,"(568, 24, 3)",0,0.0,False,0.915,0.0,False,,242,-12288.0,-48.0,8.0,0.99609375,False,False,1
534,stages.2.2.0,element,7,"(99, 45, 19)",0,0.0,False,0.915,0.0,False,,115,14336.0,-14336.0,0.0,2.0,True,False,1
535,stages.2.4.0,element,1,"(28, 13, 21)",0,0.0,False,0.915,0.0,False,,244,-16384.0,-24576.0,0.5849628448486328,0.5,False,False,1
536,stages.2.11.0,element,6,"(117, 41, 19)",0,0.0,False,0.915,0.0,False,,113,10240.0,0.15625,16.0,0.9999847412109375,False,False,1
537,stages.2.9.0,element,5,"(140, 48, 13)",0,0.0,False,0.915,0.0,False,,115,14336.0,56.0,8.0,0.99609375,False,False,1
538,stages.3.0.0,element,3,"(1104, 51, 25)",0,0.0,False,0.915,0.0,False,,101,1280.0,5120.0,2.0,3.0,False,False,1
539,stages.1.3.0,element,7,"(68, 5, 26)",0,0.0,False,0.915,0.0,False,,105,2560.0,-2560.0,0.0,2.0,True,False,1
540,stages.2.5.0,element,5,"(43, 38, 31)",0,0.0,False,0.915,0.0,False,,100,1024.0,4.0,8.0,0.99609375,False,False,1
541,stages.2.7.0,element,2,"(44, 23, 29)",0,0.0,False,0.915,0.0,False,,237,-5120.0,-2560.0,1.0,0.5,False,False,1
542,stages.3.0.0,element,4,"(556, 0, 6)",0,0.0,False,0.915,0.0,False,,219,-224.0,-14.0,4.0,0.9375,False,False,1
543,stages.3.0.0,element,6,"(472, 21, 11)",0,0.0,False,0.915,0.0,False,,109,5120.0,0.078125,16.0,0.9999847412109375,False,False,1
544,stages.3.0.0,element,2,"(1049, 40, 23)",0,0.0,False,0.915,0.0,False,,112,8192.0,16384.0,1.0,1.0,False,False,1
545,stages.2.3.0,element,2,"(134, 23, 5)",0,0.0,False,0.915,0.0,False,,235,-3584.0,-7168.0,1.0,1.0,False,False,1
546,stages.2.6.0,element,4,"(161, 34, 18)",0,0.0,False,0.915,0.0,False,,100,1024.0,16384.0,4.0,15.0,False,False,1
547,stages.2.3.0,element,4,"(188, 47, 27)",0,0.0,False,0.915,0.0,False,,113,10240.0,640.0,4.0,0.9375,False,False,1
548,stages.2.9.0,element,5,"(67, 37, 16)",0,0.0,False,0.915,0.0,False,,115,14336.0,56.0,8.0,0.99609375,False,False,1
549,stages.2.6.0,element,0,"(25, 12, 9)",0,0.0,False,0.915,0.0,False,,237,-5120.0,-4096.0,0.3219280242919922,0.20000000298023224,False,False,1
550,stages.2.6.0,element,5,"(140, 8, 20)",0,0.0,False,0.915,0.0,False,,100,1024.0,4.0,8.0,0.99609375,False,False,1
551,stages.2.1.0,element,7,"(25, 46, 6)",0,0.0,False,0.915,0.0,False,,74,12.0,-12.0,0.0,2.0,True,False,1
552,stages.2.3.0,element,3,"(11, 2, 16)",0,0.0,False,0.915,0.0,False,,241,-10240.0,-40960.0,2.0,3.0,False,False,1
553,stages.2.2.0,element,6,"(43, 53, 27)",0,0.0,False,0.915,0.0,False,,244,-16384.0,-0.25,16.0,0.9999847412109375,False,False,1
554,stages.2.4.0,element,1,"(16, 44, 19)",0,0.0,False,0.915,0.0,False,,111,7168.0,5120.0,0.4854269027709961,0.2857142984867096,False,False,1
555,stages.2.7.0,element,6,"(34, 3, 13)",0,0.0,False,0.915,0.0,False,,106,3072.0,0.046875,16.0,0.9999847412109375,False,False,1
556,stages.2.3.0,element,7,"(112, 53, 29)",0,0.0,False,0.915,0.0,False,,241,-10240.0,10240.0,0.0,2.0,True,False,1
557,stages.2.2.0,scale,7,"(81, 17)",200,1.0,True,0.0,0.915,True,,108,108.0,236.0,128.0,inf,False,False,32
558,stages.3.0.0,element,6,"(1259, 31, 1)",0,0.0,False,0.915,0.0,False,,112,8192.0,0.125,16.0,0.9999847412109375,False,False,1
559,stages.2.8.0,element,5,"(69, 16, 17)",0,0.0,False,0.915,0.0,False,,239,-7168.0,-28.0,8.0,0.99609375,False,False,1
560,stages.2.10.0,element,7,"(89, 12, 9)",0,0.0,False,0.915,0.0,False,,113,10240.0,-10240.0,0.0,2.0,True,False,1
561,stages.2.12.0,element,7,"(58, 4, 10)",0,0.0,False,0.915,0.0,False,,235,-3584.0,3584.0,0.0,2.0,True,False,1
562,stages.3.0.0,element,4,"(583, 49, 31)",200,1.0,True,0.0,0.915,True,,237,-5120.0,,inf,inf,False,True,1
563,stages.3.0.0,element,0,"(367, 10, 22)",0,0.0,False,0.915,0.0,False,,106,3072.0,3584.0,0.22239208221435547,0.1666666716337204,False,False,1
564,stages.2.11.0,element,2,"(105, 3, 10)",0,0.0,False,0.915,0.0,False,,241,-10240.0,-20480.0,1.0,1.0,False,False,1
565,stages.3.0.0,element,1,"(57, 44, 22)",0,0.0,False,0.915,0.0,False,,228,-1024.0,-1536.0,0.5849628448486328,0.5,False,False,1
566,stages.2.2.0,element,2,"(70, 43, 30)",0,0.0,False,0.915,0.0,False,,116,16384.0,8192.0,1.0,0.5,False,False,1
567,stages.1.1.0,element,6,"(69, 1, 6)",0,0.0,False,0.915,0.0,False,,225,-640.0,-0.009765625,16.0,0.9999847412109375,False,False,1
568,stages.2.10.0,element,1,"(70, 16, 20)",0,0.0,False,0.915,0.0,False,,241,-10240.0,-14336.0,0.4854269027709961,0.4000000059604645,False,False,1
569,stages.2.12.0,element,5,"(95, 33, 4)",0,0.0,False,0.915,0.0,False,,227,-896.0,-3.5,8.0,0.99609375,False,False,1
570,stages.2.9.0,element,2,"(22, 4, 21)",0,0.0,False,0.915,0.0,False,,116,16384.0,8192.0,1.0,0.5,False,False,1
571,stages.3.0.0,element,0,"(418, 39, 14)",0,0.0,False,0.915,0.0,False,,233,-2560.0,-2048.0,0.3219280242919922,0.20000000298023224,False,False,1
572,stages.2.4.0,element,3,"(70, 2, 26)",0,0.0,False,0.915,0.0,False,,90,192.0,48.0,2.0,0.75,False,False,1
573,stages.2.8.0,element,4,"(145, 51, 31)",0,0.0,False,0.915,0.0,False,,224,-512.0,-8192.0,4.0,15.0,False,False,1
574,stages.3.0.0,element,2,"(540, 46, 27)",0,0.0,False,0.915,0.0,False,,114,12288.0,24576.0,1.0,1.0,False,False,1
575,stages.2.1.0,element,2,"(23, 30, 1)",0,0.0,False,0.915,0.0,False,,111,7168.0,3584.0,1.0,0.5,False,False,1
576,stages.2.4.0,element,7,"(48, 5, 25)",0,0.0,False,0.915,0.0,False,,104,2048.0,-2048.0,0.0,2.0,True,False,1
577,stages.3.0.0,element,4,"(511, 19, 15)",0,0.0,False,0.915,0.0,False,,231,-1792.0,-28672.0,4.0,15.0,False,False,1
578,stages.2.3.0,element,0,"(16, 14, 24)",0,0.0,False,0.915,0.0,False,,251,-57344.0,-49152.0,0.22239208221435547,0.1428571492433548,False,False,1
579,stages.0.1.0,element,5,"(36, 5, 0)",0,0.0,False,0.915,0.0,False,,106,3072.0,12.0,8.0,0.99609375,False,False,1
580,stages.3.0.0,element,6,"(246, 3, 15)",0,0.0,False,0.915,0.0,False,,235,-3584.0,-0.0546875,16.0,0.9999847412109375,False,False,1
581,stages.3.0.0,element,2,"(809, 35, 6)",0,0.0,False,0.915,0.0,False,,230,-1536.0,-768.0,1.0,0.5,False,False,1
582,stages.2.10.0,element,1,"(182, 43, 17)",0,0.0,False,0.915,0.0,False,,233,-2560.0,-3584.0,0.4854269027709961,0.4000000059604645,False,False,1
583,stages.2.1.0,element,7,"(107, 4, 23)",0,0.0,False,0.915,0.0,False,,109,5120.0,-5120.0,0.0,2.0,True,False,1
584,stages.3.0.0,element,6,"(270, 44, 12)",0,0.0,False,0.915,0.0,False,,92,256.0,0.00390625,16.0,0.9999847412109375,False,False,1
585,stages.2.1.0,element,4,"(118, 8, 8)",0,0.0,False,0.915,0.0,False,,101,1280.0,20480.0,4.0,15.0,False,False,1
586,stages.2.7.0,element,5,"(100, 5, 5)",0,0.0,False,0.915,0.0,False,,224,-512.0,-2.0,8.0,0.99609375,False,False,1
587,stages.2.1.0,element,1,"(70, 9, 2)",0,0.0,False,0.915,0.0,False,,105,2560.0,3584.0,0.4854269027709961,0.4000000059604645,False,False,1
588,stages.2.7.0,element,5,"(161, 27, 24)",0,0.0,False,0.915,0.0,False,,234,-3072.0,-12.0,8.0,0.99609375,False,False,1
589,stages.3.0.0,element,6,"(175, 35, 24)",0,0.0,False,0.915,0.0,False,,230,-1536.0,-0.0234375,16.0,0.9999847412109375,False,False,1
590,stages.1.0.0,element,2,"(83, 8, 21)",0,0.0,False,0.915,0.0,False,,238,-6144.0,-3072.0,1.0,0.5,False,False,1
591,stages.3.0.0,element,5,"(1081, 20, 17)",0,0.0,False,0.915,0.0,False,,110,6144.0,24.0,8.0,0.99609375,False,False,1
592,stages.2.7.0,element,5,"(60, 45, 3)",0,0.0,False,0.915,0.0,False,,241,-10240.0,-40.0,8.0,0.99609375,False,False,1
593,stages.3.0.0,element,2,"(920, 29, 6)",0,0.0,False,0.915,0.0,False,,107,3584.0,7168.0,1.0,1.0,False,False,1
594,stages.2.4.0,element,0,"(162, 43, 23)",0,0.0,False,0.915,0.0,False,,248,-32768.0,-40960.0,0.3219280242919922,0.25,False,False,1
595,stages.2.12.0,element,7,"(116, 36, 22)",0,0.0,False,0.915,0.0,False,,240,-8192.0,8192.0,0.0,2.0,True,False,1
596,stages.2.1.0,element,0,"(150, 3, 9)",0,0.0,False,0.915,0.0,False,,237,-5120.0,-4096.0,0.3219280242919922,0.20000000298023224,False,False,1
597,stages.2.2.0,element,4,"(117, 30, 5)",0,0.0,False,0.915,0.0,False,,234,-3072.0,-49152.0,4.0,15.0,False,False,1
598,stages.2.11.0,element,0,"(69, 36, 6)",0,0.0,False,0.915,0.0,False,,240,-8192.0,-10240.0,0.3219280242919922,0.25,False,False,1
599,stages.3.0.0,element,0,"(484, 30, 20)",0,0.0,False,0.915,0.0,False,,243,-14336.0,-12288.0,0.22239208221435547,0.1428571492433548,False,False,1
600,stages.3.0.0,element,4,"(1010, 3, 2)",0,0.0,False,0.915,0.0,False,,102,1536.0,24576.0,4.0,15.0,False,False,1
601,stages.2.10.0,element,1,"(75, 23, 31)",0,0.0,False,0.915,0.0,False,,241,-10240.0,-14336.0,0.4854269027709961,0.4000000059604645,False,False,1
602,stages.2.2.0,element,2,"(105, 43, 7)",0,0.0,False,0.915,0.0,False,,240,-8192.0,-16384.0,1.0,1.0,False,False,1
603,stages.3.0.0,element,3,"(1053, 53, 28)",0,0.0,False,0.915,0.0,False,,230,-1536.0,-6144.0,2.0,3.0,False,False,1
604,stages.3.0.0,element,1,"(56, 24, 15)",0,0.0,False,0.915,0.0,False,,104,2048.0,3072.0,0.5849628448486328,0.5,False,False,1
605,stages.2.11.0,element,2,"(148, 28, 3)",0,0.0,False,0.915,0.0,False,,237,-5120.0,-2560.0,1.0,0.5,False,False,1
606,stages.2.12.0,element,5,"(74, 48, 19)",0,0.0,False,0.915,0.0,False,,241,-10240.0,-40.0,8.0,0.99609375,False,False,1
607,stages.2.8.0,element,4,"(47, 19, 9)",0,0.0,False,0.915,0.0,False,,103,1792.0,28672.0,4.0,15.0,False,False,1
608,stages.2.10.0,element,1,"(7, 33, 2)",0,0.0,False,0.915,0.0,False,,98,768.0,512.0,0.5849628448486328,0.3333333432674408,False,False,1
609,stages.2.9.0,element,6,"(83, 22, 4)",0,0.0,False,0.915,0.0,False,,106,3072.0,0.046875,16.0,0.9999847412109375,False,False,1
610,stages.3.0.0,element,2,"(439, 16, 15)",200,1.0,True,0.0,0.915,True,,123,57344.0,,inf,inf,False,True,1
611,stages.2.5.0,scale,5,"(16, 26)",0,0.0,False,0.915,0.0,False,,107,107.0,75.0,32.0,inf,False,False,32
612,stages.2.8.0,element,3,"(88, 13, 31)",0,0.0,False,0.915,0.0,False,,233,-2560.0,-640.0,2.0,0.75,False,False,1
613,stages.3.0.0,element,2,"(93, 1, 12)",0,0.0,False,0.915,0.0,False,,112,8192.0,16384.0,1.0,1.0,False,False,1
614,stages.3.0.0,element,1,"(1155, 53, 11)",0,0.0,False,0.915,0.0,False,,231,-1792.0,-1280.0,0.4854269027709961,0.2857142984867096,False,False,1
615,stages.2.1.0,element,5,"(53, 46, 16)",0,0.0,False,0.915,0.0,False,,238,-6144.0,-24.0,8.0,0.99609375,False,False,1
616,stages.2.1.0,element,2,"(133, 36, 11)",0,0.0,False,0.915,0.0,False,,242,-12288.0,-24576.0,1.0,1.0,False,False,1
617,stages.3.0.0,element,2,"(858, 27, 23)",0,0.0,False,0.915,0.0,False,,107,3584.0,7168.0,1.0,1.0,False,False,1
618,stages.2.12.0,element,6,"(185, 5, 19)",0,0.0,False,0.915,0.0,False,,104,2048.0,0.03125,16.0,0.9999847412109375,False,False,1
619,stages.3.0.0,element,4,"(255, 32, 17)",0,0.0,False,0.915,0.0,False,,105,2560.0,40960.0,4.0,15.0,False,False,1
620,stages.1.3.0,element,0,"(54, 23, 1)",0,0.0,False,0.915,0.0,False,,239,-7168.0,-6144.0,0.22239208221435547,0.1428571492433548,False,False,1
621,stages.3.0.0,element,6,"(571, 24, 9)",0,0.0,False,0.915,0.0,False,,232,-2048.0,-0.03125,16.0,0.9999847412109375,False,False,1
622,stages.2.8.0,element,6,"(62, 12, 20)",0,0.0,False,0.915,0.0,False,,120,32768.0,0.5,16.0,0.9999847412109375,False,False,1
623,stages.1.1.0,element,6,"(92, 20, 1)",0,0.0,False,0.915,0.0,False,,216,-128.0,-0.001953125,16.0,0.9999847412109375,False,False,1
624,stages.3.0.0,element,2,"(823, 13, 4)",0,0.0,False,0.915,0.0,False,,233,-2560.0,-5120.0,1.0,1.0,False,False,1
625,stages.2.1.0,element,7,"(117, 7, 22)",0,0.0,False,0.915,0.0,False,,233,-2560.0,2560.0,0.0,2.0,True,False,1
626,stages.2.9.0,element,5,"(70, 40, 30)",0,0.0,False,0.915,0.0,False,,115,14336.0,56.0,8.0,0.99609375,False,False,1
627,stages.2.13.0,element,5,"(60, 48, 10)",0,0.0,False,0.915,0.0,False,,232,-2048.0,-8.0,8.0,0.99609375,False,False,1
628,stages.3.0.0,element,4,"(1020, 24, 1)",0,0.0,False,0.915,0.0,False,,104,2048.0,32768.0,4.0,15.0,False,False,1
629,stages.2.5.0,element,7,"(164, 34, 31)",0,0.0,False,0.915,0.0,False,,105,2560.0,-2560.0,0.0,2.0,True,False,1
630,stages.2.10.0,element,4,"(6, 23, 22)",0,0.0,False,0.915,0.0,False,,100,1024.0,16384.0,4.0,15.0,False,False,1
631,stages.2.3.0,scale,1,"(146, 18)",0,0.0,False,0.915,0.0,False,,107,107.0,105.0,2.0,inf,False,False,32
632,stages.2.5.0,element,1,"(56, 46, 18)",0,0.0,False,0.915,0.0,False,,241,-10240.0,-14336.0,0.4854269027709961,0.4000000059604645,False,False,1
633,stages.2.11.0,element,3,"(82, 49, 0)",0,0.0,False,0.915,0.0,False,,228,-1024.0,-4096.0,2.0,3.0,False,False,1
634,stages.1.0.0,element,4,"(14, 3, 25)",0,0.0,False,0.915,0.0,False,,241,-10240.0,-640.0,4.0,0.9375,False,False,1
635,stages.3.0.0,element,5,"(697, 50, 25)",0,0.0,False,0.915,0.0,False,,110,6144.0,24.0,8.0,0.99609375,False,False,1
636,stages.2.10.0,element,6,"(160, 26, 1)",0,0.0,False,0.915,0.0,False,,242,-12288.0,-0.1875,16.0,0.9999847412109375,False,False,1
637,stages.1.3.0,element,7,"(55, 14, 1)",0,0.0,False,0.915,0.0,False,,120,32768.0,-32768.0,0.0,2.0,True,False,1
638,stages.2.0.0,element,5,"(129, 9, 20)",0,0.0,False,0.915,0.0,False,,118,24576.0,96.0,8.0,0.99609375,False,False,1
639,stages.3.0.0,element,1,"(24, 8, 26)",0,0.0,False,0.915,0.0,False,,237,-5120.0,-7168.0,0.4854269027709961,0.4000000059604645,False,False,1
640,stages.3.0.0,element,6,"(537, 45, 14)",0,0.0,False,0.915,0.0,False,,234,-3072.0,-0.046875,16.0,0.9999847412109375,False,False,1
641,stages.2.8.0,element,3,"(42, 40, 31)",0,0.0,False,0.915,0.0,False,,106,3072.0,768.0,2.0,0.75,False,False,1
642,stages.2.11.0,element,2,"(111, 3, 15)",0,0.0,False,0.915,0.0,False,,112,8192.0,16384.0,1.0,1.0,False,False,1
643,stages.3.0.0,scale,1,"(326, 31)",0,0.0,False,0.915,0.0,False,,107,107.0,105.0,2.0,inf,False,False,32
644,stages.3.0.0,element,3,"(228, 7, 6)",0,0.0,False,0.915,0.0,False,,236,-4096.0,-1024.0,2.0,0.75,False,False,1
645,stages.2.12.0,element,3,"(50, 40, 6)",0,0.0,False,0.915,0.0,False,,232,-2048.0,-512.0,2.0,0.75,False,False,1
646,stages.2.3.0,element,1,"(180, 5, 14)",0,0.0,False,0.915,0.0,False,,237,-5120.0,-7168.0,0.4854269027709961,0.4000000059604645,False,False,1
647,stages.3.0.0,element,3,"(823, 18, 3)",0,0.0,False,0.915,0.0,False,,103,1792.0,7168.0,2.0,3.0,False,False,1
648,stages.3.0.0,element,4,"(288, 21, 28)",0,0.0,False,0.915,0.0,False,,243,-14336.0,-896.0,4.0,0.9375,False,False,1
649,stages.3.0.0,element,1,"(570, 14, 28)",0,0.0,False,0.915,0.0,False,,238,-6144.0,-4096.0,0.5849628448486328,0.3333333432674408,False,False,1
650,stages.3.0.0,element,1,"(304, 31, 6)",0,0.0,False,0.915,0.0,False,,98,768.0,512.0,0.5849628448486328,0.3333333432674408,False,False,1
651,stages.0.1.0,element,0,"(45, 7, 13)",0,0.0,False,0.915,0.0,False,,246,-24576.0,-28672.0,0.22239208221435547,0.1666666716337204,False,False,1
652,stages.3.0.0,element,7,"(1230, 11, 13)",0,0.0,False,0.915,0.0,False,,99,896.0,-896.0,0.0,2.0,True,False,1
653,stages.3.0.0,element,6,"(532, 14, 11)",0,0.0,False,0.915,0.0,False,,230,-1536.0,-0.0234375,16.0,0.9999847412109375,False,False,1
654,stages.2.2.0,element,4,"(12, 51, 1)",0,0.0,False,0.915,0.0,False,,116,16384.0,1024.0,4.0,0.9375,False,False,1
655,stages.2.4.0,element,6,"(63, 46, 18)",0,0.0,False,0.915,0.0,False,,240,-8192.0,-0.125,16.0,0.9999847412109375,False,False,1
656,stages.2.4.0,element,6,"(102, 22, 31)",0,0.0,False,0.915,0.0,False,,236,-4096.0,-0.0625,16.0,0.9999847412109375,False,False,1
657,stages.2.2.0,element,2,"(28, 23, 20)",0,0.0,False,0.915,0.0,False,,115,14336.0,28672.0,1.0,1.0,False,False,1
658,stages.2.7.0,element,2,"(29, 23, 26)",0,0.0,False,0.915,0.0,False,,97,640.0,1280.0,1.0,1.0,False,False,1
659,stages.2.7.0,element,4,"(175, 26, 16)",0,0.0,False,0.915,0.0,False,,212,-64.0,-4.0,4.0,0.9375,False,False,1
660,stages.3.0.0,element,1,"(916, 48, 17)",0,0.0,False,0.915,0.0,False,,229,-1280.0,-1792.0,0.4854269027709961,0.4000000059604645,False,False,1
661,stages.3.0.0,element,2,"(955, 45, 14)",0,0.0,False,0.915,0.0,False,,103,1792.0,896.0,1.0,0.5,False,False,1
662,stages.2.7.0,element,7,"(173, 30, 24)",0,0.0,False,0.915,0.0,False,,238,-6144.0,6144.0,0.0,2.0,True,False,1
663,stages.2.2.0,element,6,"(162, 3, 23)",0,0.0,False,0.915,0.0,False,,241,-10240.0,-0.15625,16.0,0.9999847412109375,False,False,1
664,stages.2.6.0,element,5,"(158, 24, 23)",0,0.0,False,0.915,0.0,False,,97,640.0,2.5,8.0,0.99609375,False,False,1
665,stages.2.11.0,element,4,"(115, 31, 16)",200,1.0,True,0.0,0.915,True,,239,-7168.0,,inf,inf,False,True,1
666,stages.2.5.0,scale,0,"(151, 38)",0,0.0,False,0.915,0.0,False,,108,108.0,109.0,1.0,inf,False,False,32
667,stages.1.3.0,element,3,"(50, 13, 14)",0,0.0,False,0.915,0.0,False,,240,-8192.0,-32768.0,2.0,3.0,False,False,1
668,stages.3.0.0,element,7,"(1008, 33, 15)",0,0.0,False,0.915,0.0,False,,239,-7168.0,7168.0,0.0,2.0,True,False,1
669,stages.3.0.0,element,1,"(974, 7, 21)",0,0.0,False,0.915,0.0,False,,220,-256.0,-384.0,0.5849628448486328,0.5,False,False,1
670,stages.2.8.0,element,4,"(46, 22, 15)",200,1.0,True,0.0,0.915,True,,236,-4096.0,-inf,inf,inf,False,True,1
671,stages.2.5.0,element,5,"(91, 13, 4)",0,0.0,False,0.915,0.0,False,,113,10240.0,40.0,8.0,0.99609375,False,False,1
672,stages.2.7.0,element,2,"(3, 10, 27)",0,0.0,False,0.915,0.0,False,,208,-32.0,-64.0,1.0,1.0,False,False,1
673,stages.3.0.0,element,1,"(723, 5, 5)",0,0.0,False,0.915,0.0,False,,238,-6144.0,-4096.0,0.5849628448486328,0.3333333432674408,False,False,1
674,stages.3.0.0,element,5,"(595, 46, 11)",0,0.0,False,0.915,0.0,False,,98,768.0,3.0,8.0,0.99609375,False,False,1
675,stages.3.0.0,element,4,"(540, 36, 16)",0,0.0,False,0.915,0.0,False,,231,-1792.0,-28672.0,4.0,15.0,False,False,1
676,stages.2.4.0,element,7,"(56, 41, 21)",0,0.0,False,0.915,0.0,False,,236,-4096.0,4096.0,0.0,2.0,True,False,1
677,stages.2.8.0,element,7,"(39, 28, 27)",0,0.0,False,0.915,0.0,False,,107,3584.0,-3584.0,0.0,2.0,True,False,1
678,stages.2.12.0,element,1,"(149, 10, 18)",0,0.0,False,0.915,0.0,False,,230,-1536.0,-1024.0,0.5849628448486328,0.3333333432674408,False,False,1
679,stages.1.2.0,element,7,"(47, 5, 1)",0,0.0,False,0.915,0.0,False,,109,5120.0,-5120.0,0.0,2.0,True,False,1
680,stages.2.7.0,element,7,"(103, 34, 30)",0,0.0,False,0.915,0.0,False,,92,256.0,-256.0,0.0,2.0,True,False,1
681,stages.2.13.0,element,6,"(176, 37, 13)",0,0.0,False,0.915,0.0,False,,110,6144.0,0.09375,16.0,0.9999847412109375,False,False,1
682,stages.2.6.0,element,3,"(153, 24, 26)",0,0.0,False,0.915,0.0,False,,240,-8192.0,-32768.0,2.0,3.0,False,False,1
683,stages.2.11.0,element,0,"(96, 48, 13)",0,0.0,False,0.915,0.0,False,,243,-14336.0,-12288.0,0.22239208221435547,0.1428571492433548,False,False,1
684,stages.3.0.0,element,2,"(264, 33, 9)",0,0.0,False,0.915,0.0,False,,242,-12288.0,-24576.0,1.0,1.0,False,False,1
685,stages.3.0.0,element,4,"(439, 46, 26)",0,0.0,False,0.915,0.0,False,,122,49152.0,3072.0,4.0,0.9375,False,False,1
686,stages.2.9.0,element,0,"(180, 26, 26)",0,0.0,False,0.915,0.0,False,,85,80.0,64.0,0.3219280242919922,0.20000000298023224,False,False,1
687,stages.2.8.0,element,6,"(88, 2, 19)",0,0.0,False,0.915,0.0,False,,108,4096.0,0.0625,16.0,0.9999847412109375,False,False,1
688,stages.1.1.0,element,5,"(6, 9, 9)",0,0.0,False,0.915,0.0,False,,106,3072.0,12.0,8.0,0.99609375,False,False,1
689,stages.2.1.0,element,5,"(61, 43, 5)",0,0.0,False,0.915,0.0,False,,246,-24576.0,-96.0,8.0,0.99609375,False,False,1
690,stages.1.1.0,element,4,"(1, 14, 14)",200,1.0,True,0.0,0.915,True,,109,5120.0,,inf,inf,False,True,1
691,stages.2.11.0,element,1,"(124, 13, 26)",0,0.0,False,0.915,0.0,False,,97,640.0,896.0,0.4854269027709961,0.4000000059604645,False,False,1
692,stages.1.3.0,element,5,"(42, 24, 29)",0,0.0,False,0.915,0.0,False,,105,2560.0,10.0,8.0,0.99609375,False,False,1
693,stages.2.13.0,element,6,"(49, 17, 29)",0,0.0,False,0.915,0.0,False,,239,-7168.0,-0.109375,16.0,0.9999847412109375,False,False,1
694,stages.3.0.0,element,4,"(1036, 3, 15)",0,0.0,False,0.915,0.0,False,,248,-32768.0,-2048.0,4.0,0.9375,False,False,1
695,stages.2.9.0,element,2,"(17, 31, 22)",0,0.0,False,0.915,0.0,False,,237,-5120.0,-2560.0,1.0,0.5,False,False,1
696,stages.3.0.0,element,6,"(137, 4, 5)",0,0.0,False,0.915,0.0,False,,107,3584.0,0.0546875,16.0,0.9999847412109375,False,False,1
697,stages.2.8.0,element,7,"(16, 47, 12)",0,0.0,False,0.915,0.0,False,,249,-40960.0,40960.0,0.0,2.0,True,False,1
698,stages.2.6.0,element,1,"(67, 11, 28)",0,0.0,False,0.915,0.0,False,,236,-4096.0,-6144.0,0.5849628448486328,0.5,False,False,1
699,stages.3.0.0,element,1,"(864, 46, 10)",0,0.0,False,0.915,0.0,False,,231,-1792.0,-1280.0,0.4854269027709961,0.2857142984867096,False,False,1
700,stages.3.0.0,element,2,"(694, 12, 12)",0,0.0,False,0.915,0.0,False,,102,1536.0,768.0,1.0,0.5,False,False,1
701,stages.2.0.0,scale,4,"(26, 10)",183,0.915,True,0.1,0.8150000000000001,False,,108,108.0,124.0,16.0,inf,False,False,32
702,stages.2.8.0,element,6,"(71, 36, 11)",0,0.0,False,0.915,0.0,False,,240,-8192.0,-0.125,16.0,0.9999847412109375,False,False,1
703,stages.2.3.0,element,6,"(94, 47, 12)",0,0.0,False,0.915,0.0,False,,235,-3584.0,-0.0546875,16.0,0.9999847412109375,False,False,1
704,stages.3.0.0,element,1,"(254, 41, 21)",0,0.0,False,0.915,0.0,False,,238,-6144.0,-4096.0,0.5849628448486328,0.3333333432674408,False,False,1
705,stages.2.3.0,element,7,"(113, 31, 17)",0,0.0,False,0.915,0.0,False,,228,-1024.0,1024.0,0.0,2.0,True,False,1
706,stages.3.0.0,element,7,"(964, 28, 22)",0,0.0,False,0.915,0.0,False,,105,2560.0,-2560.0,0.0,2.0,True,False,1
707,stages.2.5.0,element,5,"(171, 37, 22)",0,0.0,False,0.915,0.0,False,,243,-14336.0,-56.0,8.0,0.99609375,False,False,1
708,stages.2.4.0,element,3,"(190, 21, 25)",0,0.0,False,0.915,0.0,False,,109,5120.0,1280.0,2.0,0.75,False,False,1
709,stages.3.0.0,element,7,"(1061, 43, 25)",0,0.0,False,0.915,0.0,False,,241,-10240.0,10240.0,0.0,2.0,True,False,1
710,stages.2.1.0,element,3,"(148, 13, 8)",0,0.0,False,0.915,0.0,False,,224,-512.0,-2048.0,2.0,3.0,False,False,1
711,stages.2.11.0,element,5,"(123, 25, 19)",0,0.0,False,0.915,0.0,False,,242,-12288.0,-48.0,8.0,0.99609375,False,False,1
712,stages.2.9.0,element,3,"(16, 16, 28)",200,1.0,True,0.0,0.915,True,,244,-16384.0,-inf,inf,inf,False,True,1
713,stages.2.5.0,element,4,"(82, 19, 8)",0,0.0,False,0.915,0.0,False,,117,20480.0,1280.0,4.0,0.9375,False,False,1
714,stages.3.0.0,element,6,"(910, 8, 3)",0,0.0,False,0.915,0.0,False,,229,-1280.0,-0.01953125,16.0,0.9999847412109375,False,False,1
715,stages.2.12.0,element,3,"(75, 33, 8)",200,1.0,True,0.0,0.915,True,,244,-16384.0,-inf,inf,inf,False,True,1
716,stages.3.0.0,element,0,"(229, 30, 8)",0,0.0,False,0.915,0.0,False,,226,-768.0,-896.0,0.22239208221435547,0.1666666716337204,False,False,1
717,stages.2.13.0,element,7,"(92, 52, 7)",0,0.0,False,0.915,0.0,False,,109,5120.0,-5120.0,0.0,2.0,True,False,1
718,stages.3.0.0,element,1,"(82, 52, 21)",0,0.0,False,0.915,0.0,False,,96,512.0,768.0,0.5849628448486328,0.5,False,False,1
719,stages.3.0.0,element,2,"(293, 30, 1)",0,0.0,False,0.915,0.0,False,,116,16384.0,8192.0,1.0,0.5,False,False,1
720,stages.2.3.0,element,1,"(128, 26, 9)",0,0.0,False,0.915,0.0,False,,248,-32768.0,-49152.0,0.5849628448486328,0.5,False,False,1
721,stages.2.10.0,element,1,"(161, 2, 23)",0,0.0,False,0.915,0.0,False,,98,768.0,512.0,0.5849628448486328,0.3333333432674408,False,False,1
722,stages.2.8.0,element,5,"(127, 12, 18)",0,0.0,False,0.915,0.0,False,,241,-10240.0,-40.0,8.0,0.99609375,False,False,1
723,stages.2.6.0,element,7,"(61, 10, 22)",0,0.0,False,0.915,0.0,False,,237,-5120.0,5120.0,0.0,2.0,True,False,1
724,stages.2.10.0,element,1,"(89, 39, 23)",0,0.0,False,0.915,0.0,False,,225,-640.0,-896.0,0.4854269027709961,0.4000000059604645,False,False,1
725,stages.2.3.0,element,3,"(62, 1, 13)",0,0.0,False,0.915,0.0,False,,240,-8192.0,-32768.0,2.0,3.0,False,False,1
726,stages.2.11.0,element,5,"(128, 34, 10)",0,0.0,False,0.915,0.0,False,,231,-1792.0,-7.0,8.0,0.99609375,False,False,1
727,stages.2.12.0,element,4,"(159, 2, 26)",0,0.0,False,0.915,0.0,False,,101,1280.0,20480.0,4.0,15.0,False,False,1
728,stages.3.0.0,element,4,"(1005, 51, 18)",0,0.0,False,0.915,0.0,False,,227,-896.0,-14336.0,4.0,15.0,False,False,1
729,stages.3.0.0,element,1,"(1203, 50, 15)",0,0.0,False,0.915,0.0,False,,249,-40960.0,-57344.0,0.4854269027709961,0.4000000059604645,False,False,1
730,stages.2.3.0,element,1,"(48, 46, 20)",0,0.0,False,0.915,0.0,False,,96,512.0,768.0,0.5849628448486328,0.5,False,False,1
731,stages.2.3.0,element,1,"(126, 6, 24)",0,0.0,False,0.915,0.0,False,,241,-10240.0,-14336.0,0.4854269027709961,0.4000000059604645,False,False,1
732,stages.2.4.0,element,7,"(129, 22, 3)",0,0.0,False,0.915,0.0,False,,238,-6144.0,6144.0,0.0,2.0,True,False,1
733,stages.2.10.0,element,1,"(171, 17, 17)",0,0.0,False,0.915,0.0,False,,230,-1536.0,-1024.0,0.5849628448486328,0.3333333432674408,False,False,1
734,stages.2.10.0,element,1,"(156, 43, 21)",0,0.0,False,0.915,0.0,False,,106,3072.0,2048.0,0.5849628448486328,0.3333333432674408,False,False,1
735,stages.3.0.0,element,4,"(1101, 31, 24)",0,0.0,False,0.915,0.0,False,,241,-10240.0,-640.0,4.0,0.9375,False,False,1
736,stages.2.2.0,element,4,"(189, 45, 0)",0,0.0,False,0.915,0.0,False,,112,8192.0,512.0,4.0,0.9375,False,False,1
737,stages.2.7.0,element,7,"(9, 48, 22)",0,0.0,False,0.915,0.0,False,,98,768.0,-768.0,0.0,2.0,True,False,1
738,stages.2.12.0,element,4,"(142, 38, 16)",0,0.0,False,0.915,0.0,False,,235,-3584.0,-57344.0,4.0,15.0,False,False,1
739,stages.3.0.0,element,4,"(1076, 14, 23)",0,0.0,False,0.915,0.0,False,,229,-1280.0,-20480.0,4.0,15.0,False,False,1
740,stages.3.0.0,element,1,"(855, 15, 5)",0,0.0,False,0.915,0.0,False,,81,40.0,56.0,0.4854269027709961,0.4000000059604645,False,False,1
741,stages.2.2.0,element,0,"(56, 32, 8)",0,0.0,False,0.915,0.0,False,,245,-20480.0,-16384.0,0.3219280242919922,0.20000000298023224,False,False,1
742,stages.3.0.0,element,5,"(1043, 26, 0)",0,0.0,False,0.915,0.0,False,,227,-896.0,-3.5,8.0,0.99609375,False,False,1
743,stages.2.4.0,element,5,"(40, 31, 20)",0,0.0,False,0.915,0.0,False,,241,-10240.0,-40.0,8.0,0.99609375,False,False,1
744,stages.2.9.0,element,4,"(54, 29, 9)",0,0.0,False,0.915,0.0,False,,112,8192.0,512.0,4.0,0.9375,False,False,1
745,stages.3.0.0,element,3,"(607, 15, 28)",0,0.0,False,0.915,0.0,False,,122,49152.0,12288.0,2.0,0.75,False,False,1
746,stages.2.10.0,element,0,"(188, 2, 1)",0,0.0,False,0.915,0.0,False,,104,2048.0,2560.0,0.3219280242919922,0.25,False,False,1
747,stages.2.5.0,element,4,"(112, 35, 28)",0,0.0,False,0.915,0.0,False,,98,768.0,12288.0,4.0,15.0,False,False,1
748,stages.2.7.0,element,3,"(20, 15, 13)",0,0.0,False,0.915,0.0,False,,235,-3584.0,-896.0,2.0,0.75,False,False,1
749,stages.2.3.0,element,7,"(75, 34, 10)",0,0.0,False,0.915,0.0,False,,245,-20480.0,20480.0,0.0,2.0,True,False,1
750,stages.3.0.0,element,7,"(172, 51, 20)",0,0.0,False,0.915,0.0,False,,97,640.0,-640.0,0.0,2.0,True,False,1
751,stages.2.6.0,element,7,"(0, 25, 3)",0,0.0,False,0.915,0.0,False,,100,1024.0,-1024.0,0.0,2.0,True,False,1
752,stages.2.7.0,element,3,"(180, 48, 0)",0,0.0,False,0.915,0.0,False,,228,-1024.0,-4096.0,2.0,3.0,False,False,1
753,stages.3.0.0,element,3,"(705, 0, 12)",0,0.0,False,0.915,0.0,False,,237,-5120.0,-1280.0,2.0,0.75,False,False,1
754,stages.2.5.0,element,2,"(72, 25, 10)",200,1.0,True,0.0,0.915,True,,120,32768.0,inf,inf,inf,False,True,1
755,stages.2.12.0,element,4,"(56, 47, 2)",200,1.0,True,0.0,0.915,True,,110,6144.0,,inf,inf,False,True,1
756,stages.2.1.0,element,6,"(112, 22, 1)",0,0.0,False,0.915,0.0,False,,226,-768.0,-0.01171875,16.0,0.9999847412109375,False,False,1
757,stages.3.0.0,element,4,"(524, 35, 24)",0,0.0,False,0.915,0.0,False,,101,1280.0,20480.0,4.0,15.0,False,False,1
758,stages.2.4.0,element,0,"(142, 10, 12)",0,0.0,False,0.915,0.0,False,,236,-4096.0,-5120.0,0.3219280242919922,0.25,False,False,1
759,stages.2.8.0,element,0,"(23, 53, 5)",0,0.0,False,0.915,0.0,False,,117,20480.0,16384.0,0.3219280242919922,0.20000000298023224,False,False,1
760,stages.2.10.0,element,4,"(6, 26, 15)",0,0.0,False,0.915,0.0,False,,114,12288.0,768.0,4.0,0.9375,False,False,1
761,stages.3.0.0,element,4,"(821, 24, 21)",0,0.0,False,0.915,0.0,False,,240,-8192.0,-512.0,4.0,0.9375,False,False,1
762,stages.2.12.0,element,3,"(22, 5, 15)",0,0.0,False,0.915,0.0,False,,248,-32768.0,-8192.0,2.0,0.75,False,False,1
763,stages.3.0.0,element,5,"(128, 42, 6)",0,0.0,False,0.915,0.0,False,,227,-896.0,-3.5,8.0,0.99609375,False,False,1
764,stages.2.9.0,element,1,"(51, 24, 15)",0,0.0,False,0.915,0.0,False,,228,-1024.0,-1536.0,0.5849628448486328,0.5,False,False,1
765,stages.2.13.0,element,1,"(31, 43, 29)",0,0.0,False,0.915,0.0,False,,225,-640.0,-896.0,0.4854269027709961,0.4000000059604645,False,False,1
766,stages.3.0.0,element,2,"(105, 45, 7)",0,0.0,False,0.915,0.0,False,,114,12288.0,24576.0,1.0,1.0,False,False,1
767,stages.2.10.0,element,0,"(27, 7, 29)",0,0.0,False,0.915,0.0,False,,209,-40.0,-32.0,0.3219280242919922,0.20000000298023224,False,False,1
768,stages.2.3.0,element,3,"(27, 33, 5)",0,0.0,False,0.915,0.0,False,,242,-12288.0,-49152.0,2.0,3.0,False,False,1
769,stages.3.0.0,element,5,"(395, 36, 13)",0,0.0,False,0.915,0.0,False,,117,20480.0,80.0,8.0,0.99609375,False,False,1
770,stages.3.0.0,element,0,"(1109, 35, 11)",0,0.0,False,0.915,0.0,False,,240,-8192.0,-10240.0,0.3219280242919922,0.25,False,False,1
771,stages.3.0.0,element,4,"(148, 42, 2)",200,1.0,True,0.0,0.915,True,,237,-5120.0,,inf,inf,False,True,1
772,stages.2.10.0,element,2,"(31, 34, 9)",0,0.0,False,0.915,0.0,False,,238,-6144.0,-3072.0,1.0,0.5,False,False,1
773,stages.1.2.0,element,1,"(29, 17, 17)",0,0.0,False,0.915,0.0,False,,104,2048.0,3072.0,0.5849628448486328,0.5,False,False,1
774,stages.2.11.0,element,0,"(185, 26, 18)",0,0.0,False,0.915,0.0,False,,239,-7168.0,-6144.0,0.22239208221435547,0.1428571492433548,False,False,1
775,stages.2.3.0,element,6,"(16, 4, 7)",0,0.0,False,0.915,0.0,False,,220,-256.0,-0.00390625,16.0,0.9999847412109375,False,False,1
776,stages.2.11.0,element,6,"(0, 32, 31)",0,0.0,False,0.915,0.0,False,,236,-4096.0,-0.0625,16.0,0.9999847412109375,False,False,1
777,stages.3.0.0,element,5,"(777, 43, 23)",0,0.0,False,0.915,0.0,False,,121,40960.0,160.0,8.0,0.99609375,False,False,1
778,stages.3.0.0,scale,4,"(548, 9)",156,0.78,True,0.215,0.7000000000000001,False,,108,108.0,124.0,16.0,inf,False,False,32
779,stages.2.4.0,element,6,"(35, 49, 1)",0,0.0,False,0.915,0.0,False,,229,-1280.0,-0.01953125,16.0,0.9999847412109375,False,False,1
780,stages.2.10.0,element,5,"(90, 34, 10)",0,0.0,False,0.915,0.0,False,,104,2048.0,8.0,8.0,0.99609375,False,False,1
781,stages.3.0.0,element,5,"(69, 1, 28)",200,1.0,True,0.0,0.915,True,,94,384.0,,inf,inf,False,True,1
782,stages.2.0.0,element,1,"(96, 19, 9)",0,0.0,False,0.915,0.0,False,,113,10240.0,14336.0,0.4854269027709961,0.4000000059604645,False,False,1
783,stages.2.11.0,element,6,"(177, 42, 14)",0,0.0,False,0.915,0.0,False,,241,-10240.0,-0.15625,16.0,0.9999847412109375,False,False,1
784,stages.3.0.0,element,3,"(623, 46, 0)",0,0.0,False,0.915,0.0,False,,106,3072.0,768.0,2.0,0.75,False,False,1
785,stages.2.5.0,element,7,"(5, 23, 8)",0,0.0,False,0.915,0.0,False,,114,12288.0,-12288.0,0.0,2.0,True,False,1
786,stages.3.0.0,element,4,"(998, 13, 14)",0,0.0,False,0.915,0.0,False,,233,-2560.0,-40960.0,4.0,15.0,False,False,1
787,stages.3.0.0,element,1,"(571, 50, 13)",0,0.0,False,0.915,0.0,False,,230,-1536.0,-1024.0,0.5849628448486328,0.3333333432674408,False,False,1
788,stages.2.12.0,element,6,"(110, 38, 6)",0,0.0,False,0.915,0.0,False,,245,-20480.0,-0.3125,16.0,0.9999847412109375,False,False,1
789,stages.2.3.0,element,6,"(81, 52, 22)",0,0.0,False,0.915,0.0,False,,112,8192.0,0.125,16.0,0.9999847412109375,False,False,1
790,stages.2.3.0,element,6,"(168, 18, 27)",0,0.0,False,0.915,0.0,False,,232,-2048.0,-0.03125,16.0,0.9999847412109375,False,False,1
791,stages.2.10.0,element,4,"(142, 19, 16)",0,0.0,False,0.915,0.0,False,,219,-224.0,-14.0,4.0,0.9375,False,False,1
792,stages.3.0.0,element,1,"(1125, 48, 6)",0,0.0,False,0.915,0.0,False,,107,3584.0,2560.0,0.4854269027709961,0.2857142984867096,False,False,1
793,stages.2.3.0,element,5,"(22, 45, 13)",0,0.0,False,0.915,0.0,False,,249,-40960.0,-160.0,8.0,0.99609375,False,False,1
794,stages.2.8.0,element,4,"(28, 49, 23)",0,0.0,False,0.915,0.0,False,,105,2560.0,40960.0,4.0,15.0,False,False,1
795,stages.2.0.0,element,7,"(166, 22, 4)",0,0.0,False,0.915,0.0,False,,97,640.0,-640.0,0.0,2.0,True,False,1
796,stages.2.10.0,element,7,"(161, 18, 9)",0,0.0,False,0.915,0.0,False,,109,5120.0,-5120.0,0.0,2.0,True,False,1
797,stages.2.3.0,element,2,"(184, 49, 14)",0,0.0,False,0.915,0.0,False,,105,2560.0,5120.0,1.0,1.0,False,False,1
798,stages.2.13.0,element,7,"(108, 50, 0)",0,0.0,False,0.915,0.0,False,,228,-1024.0,1024.0,0.0,2.0,True,False,1
799,stages.2.2.0,element,1,"(161, 27, 9)",0,0.0,False,0.915,0.0,False,,101,1280.0,1792.0,0.4854269027709961,0.4000000059604645,False,False,1
800,stages.2.7.0,element,7,"(175, 11, 10)",0,0.0,False,0.915,0.0,False,,113,10240.0,-10240.0,0.0,2.0,True,False,1
801,stages.1.1.0,element,3,"(11, 25, 27)",0,0.0,False,0.915,0.0,False,,108,4096.0,1024.0,2.0,0.75,False,False,1
802,stages.3.0.0,element,1,"(223, 7, 29)",0,0.0,False,0.915,0.0,False,,102,1536.0,1024.0,0.5849628448486328,0.3333333432674408,False,False,1
803,stages.2.9.0,element,7,"(157, 34, 1)",0,0.0,False,0.915,0.0,False,,116,16384.0,-16384.0,0.0,2.0,True,False,1
804,stages.2.10.0,element,1,"(39, 50, 12)",0,0.0,False,0.915,0.0,False,,238,-6144.0,-4096.0,0.5849628448486328,0.3333333432674408,False,False,1
805,stages.2.2.0,element,1,"(151, 24, 23)",0,0.0,False,0.915,0.0,False,,110,6144.0,4096.0,0.5849628448486328,0.3333333432674408,False,False,1
806,stages.1.1.0,element,6,"(48, 4, 10)",0,0.0,False,0.915,0.0,False,,246,-24576.0,-0.375,16.0,0.9999847412109375,False,False,1
807,stages.3.0.0,element,5,"(582, 36, 24)",0,0.0,False,0.915,0.0,False,,228,-1024.0,-4.0,8.0,0.99609375,False,False,1
808,stages.2.7.0,element,7,"(73, 39, 10)",0,0.0,False,0.915,0.0,False,,239,-7168.0,7168.0,0.0,2.0,True,False,1
809,stages.2.2.0,element,4,"(129, 40, 11)",0,0.0,False,0.915,0.0,False,,105,2560.0,40960.0,4.0,15.0,False,False,1
810,stages.3.0.0,element,6,"(477, 27, 14)",0,0.0,False,0.915,0.0,False,,105,2560.0,0.0390625,16.0,0.9999847412109375,False,False,1
811,stages.2.2.0,element,5,"(69, 16, 17)",0,0.0,False,0.915,0.0,False,,236,-4096.0,-16.0,8.0,0.99609375,False,False,1
812,stages.2.7.0,element,7,"(103, 5, 27)",0,0.0,False,0.915,0.0,False,,106,3072.0,-3072.0,0.0,2.0,True,False,1
813,stages.2.10.0,element,3,"(78, 14, 19)",0,0.0,False,0.915,0.0,False,,114,12288.0,49152.0,2.0,3.0,False,False,1
814,fc,element,1,"(4, 28, 15)",0,0.0,False,0.915,0.0,False,,241,-10240.0,-14336.0,0.4854269027709961,0.4000000059604645,False,False,1
815,stages.2.13.0,element,3,"(67, 0, 3)",200,1.0,True,0.0,0.915,True,,117,20480.0,,inf,inf,False,True,1
816,stages.2.7.0,element,4,"(43, 27, 10)",200,1.0,True,0.0,0.915,True,,237,-5120.0,,inf,inf,False,True,1
817,stages.2.13.0,element,4,"(171, 12, 20)",0,0.0,False,0.915,0.0,False,,226,-768.0,-12288.0,4.0,15.0,False,False,1
818,stages.3.0.0,element,6,"(378, 40, 25)",0,0.0,False,0.915,0.0,False,,105,2560.0,0.0390625,16.0,0.9999847412109375,False,False,1
819,stages.3.0.0,element,3,"(547, 9, 21)",0,0.0,False,0.915,0.0,False,,231,-1792.0,-7168.0,2.0,3.0,False,False,1
820,stages.2.5.0,element,1,"(102, 25, 30)",0,0.0,False,0.915,0.0,False,,114,12288.0,8192.0,0.5849628448486328,0.3333333432674408,False,False,1
821,stages.3.0.0,element,4,"(439, 20, 6)",0,0.0,False,0.915,0.0,False,,235,-3584.0,-57344.0,4.0,15.0,False,False,1
822,stages.2.2.0,element,2,"(93, 22, 7)",0,0.0,False,0.915,0.0,False,,232,-2048.0,-4096.0,1.0,1.0,False,False,1
823,stages.1.1.0,element,7,"(13, 14, 19)",0,0.0,False,0.915,0.0,False,,112,8192.0,-8192.0,0.0,2.0,True,False,1
824,stages.2.4.0,element,3,"(61, 49, 8)",0,0.0,False,0.915,0.0,False,,238,-6144.0,-1536.0,2.0,0.75,False,False,1
825,stages.2.12.0,element,0,"(7, 27, 23)",0,0.0,False,0.915,0.0,False,,237,-5120.0,-4096.0,0.3219280242919922,0.20000000298023224,False,False,1
826,stages.2.2.0,element,1,"(142, 42, 21)",0,0.0,False,0.915,0.0,False,,242,-12288.0,-8192.0,0.5849628448486328,0.3333333432674408,False,False,1
827,stages.3.0.0,element,7,"(791, 53, 1)",0,0.0,False,0.915,0.0,False,,243,-14336.0,14336.0,0.0,2.0,True,False,1
828,stages.3.0.0,element,7,"(95, 14, 0)",0,0.0,False,0.915,0.0,False,,111,7168.0,-7168.0,0.0,2.0,True,False,1
829,stages.3.0.0,element,5,"(868, 27, 26)",0,0.0,False,0.915,0.0,False,,237,-5120.0,-20.0,8.0,0.99609375,False,False,1
830,stages.2.12.0,element,2,"(118, 47, 24)",0,0.0,False,0.915,0.0,False,,234,-3072.0,-6144.0,1.0,1.0,False,False,1
831,stages.2.5.0,element,0,"(105, 45, 21)",0,0.0,False,0.915,0.0,False,,119,28672.0,24576.0,0.22239208221435547,0.1428571492433548,False,False,1
832,stages.3.0.0,element,3,"(675, 23, 24)",0,0.0,False,0.915,0.0,False,,123,57344.0,14336.0,2.0,0.75,False,False,1
833,stages.2.1.0,element,7,"(24, 24, 14)",0,0.0,False,0.915,0.0,False,,117,20480.0,-20480.0,0.0,2.0,True,False,1
834,stages.2.4.0,element,5,"(120, 49, 29)",0,0.0,False,0.915,0.0,False,,116,16384.0,64.0,8.0,0.99609375,False,False,1
835,stages.2.10.0,element,1,"(14, 8, 12)",0,0.0,False,0.915,0.0,False,,104,2048.0,3072.0,0.5849628448486328,0.5,False,False,1
836,stages.2.2.0,element,7,"(88, 13, 17)",0,0.0,False,0.915,0.0,False,,108,4096.0,-4096.0,0.0,2.0,True,False,1
837,stages.2.13.0,element,3,"(180, 26, 22)",200,1.0,True,0.0,0.915,True,,119,28672.0,,inf,inf,False,True,1
838,stages.3.0.0,element,6,"(114, 39, 30)",0,0.0,False,0.915,0.0,False,,110,6144.0,0.09375,16.0,0.9999847412109375,False,False,1
839,stages.2.11.0,element,4,"(51, 42, 15)",0,0.0,False,0.915,0.0,False,,243,-14336.0,-896.0,4.0,0.9375,False,False,1
840,stages.2.3.0,element,2,"(60, 38, 18)",0,0.0,False,0.915,0.0,False,,108,4096.0,2048.0,1.0,0.5,False,False,1
841,stages.2.6.0,element,6,"(3, 47, 9)",0,0.0,False,0.915,0.0,False,,232,-2048.0,-0.03125,16.0,0.9999847412109375,False,False,1
842,stages.2.6.0,element,1,"(4, 35, 17)",0,0.0,False,0.915,0.0,False,,110,6144.0,4096.0,0.5849628448486328,0.3333333432674408,False,False,1
843,stages.3.0.0,element,6,"(823, 34, 31)",0,0.0,False,0.915,0.0,False,,111,7168.0,0.109375,16.0,0.9999847412109375,False,False,1
844,stages.2.1.0,element,0,"(61, 4, 16)",0,0.0,False,0.915,0.0,False,,102,1536.0,1792.0,0.22239208221435547,0.1666666716337204,False,False,1
845,stages.2.13.0,element,0,"(121, 50, 14)",0,0.0,False,0.915,0.0,False,,239,-7168.0,-6144.0,0.22239208221435547,0.1428571492433548,False,False,1
846,stages.2.2.0,element,3,"(136, 34, 2)",0,0.0,False,0.915,0.0,False,,115,14336.0,57344.0,2.0,3.0,False,False,1
847,stages.2.7.0,element,1,"(42, 35, 30)",0,0.0,False,0.915,0.0,False,,233,-2560.0,-3584.0,0.4854269027709961,0.4000000059604645,False,False,1
848,stages.2.3.0,element,6,"(42, 39, 7)",0,0.0,False,0.915,0.0,False,,240,-8192.0,-0.125,16.0,0.9999847412109375,False,False,1
849,stages.2.8.0,element,1,"(187, 7, 18)",0,0.0,False,0.915,0.0,False,,105,2560.0,3584.0,0.4854269027709961,0.4000000059604645,False,False,1
850,stages.2.10.0,element,1,"(167, 37, 28)",0,0.0,False,0.915,0.0,False,,117,20480.0,28672.0,0.4854269027709961,0.4000000059604645,False,False,1
851,stages.2.8.0,element,0,"(19, 43, 25)",0,0.0,False,0.915,0.0,False,,112,8192.0,10240.0,0.3219280242919922,0.25,False,False,1
852,stages.3.0.0,element,7,"(611, 29, 28)",0,0.0,False,0.915,0.0,False,,239,-7168.0,7168.0,0.0,2.0,True,False,1
853,stages.2.3.0,element,7,"(177, 23, 1)",0,0.0,False,0.915,0.0,False,,110,6144.0,-6144.0,0.0,2.0,True,False,1
854,stages.2.1.0,element,7,"(169, 33, 9)",0,0.0,False,0.915,0.0,False,,107,3584.0,-3584.0,0.0,2.0,True,False,1
855,stages.2.6.0,element,6,"(23, 12, 3)",0,0.0,False,0.915,0.0,False,,113,10240.0,0.15625,16.0,0.9999847412109375,False,False,1
856,stages.2.2.0,element,5,"(16, 37, 12)",0,0.0,False,0.915,0.0,False,,116,16384.0,64.0,8.0,0.99609375,False,False,1
857,stages.3.0.0,element,3,"(324, 27, 29)",0,0.0,False,0.915,0.0,False,,241,-10240.0,-40960.0,2.0,3.0,False,False,1
858,stages.3.0.0,element,0,"(1099, 37, 29)",0,0.0,False,0.915,0.0,False,,237,-5120.0,-4096.0,0.3219280242919922,0.20000000298023224,False,False,1
859,stages.1.2.0,element,4,"(62, 17, 18)",1,0.005,True,0.92,-0.0050000000000000044,False,,121,40960.0,2560.0,4.0,0.9375,False,False,1
860,stages.2.3.0,element,5,"(128, 21, 11)",0,0.0,False,0.915,0.0,False,,110,6144.0,24.0,8.0,0.99609375,False,False,1
861,stages.3.0.0,element,3,"(184, 25, 5)",200,1.0,True,0.0,0.915,True,,117,20480.0,,inf,inf,False,True,1
862,stages.2.4.0,element,4,"(178, 29, 8)",0,0.0,False,0.915,0.0,False,,99,896.0,14336.0,4.0,15.0,False,False,1
863,stages.2.13.0,element,2,"(12, 52, 5)",0,0.0,False,0.915,0.0,False,,242,-12288.0,-24576.0,1.0,1.0,False,False,1
864,stages.1.3.0,element,2,"(71, 5, 0)",0,0.0,False,0.915,0.0,False,,237,-5120.0,-2560.0,1.0,0.5,False,False,1
865,stages.2.2.0,element,1,"(77, 0, 8)",0,0.0,False,0.915,0.0,False,,229,-1280.0,-1792.0,0.4854269027709961,0.4000000059604645,False,False,1
866,stages.2.6.0,element,6,"(4, 7, 3)",0,0.0,False,0.915,0.0,False,,218,-192.0,-0.0029296875,16.0,0.9999847412109375,False,False,1
867,stages.2.0.0,element,3,"(50, 18, 24)",0,0.0,False,0.915,0.0,False,,238,-6144.0,-1536.0,2.0,0.75,False,False,1
868,stages.2.3.0,element,4,"(191, 28, 10)",0,0.0,False,0.915,0.0,False,,114,12288.0,768.0,4.0,0.9375,False,False,1
869,stages.2.3.0,element,4,"(174, 4, 7)",0,0.0,False,0.915,0.0,False,,242,-12288.0,-768.0,4.0,0.9375,False,False,1
870,stages.2.8.0,element,7,"(128, 6, 27)",0,0.0,False,0.915,0.0,False,,112,8192.0,-8192.0,0.0,2.0,True,False,1
871,stages.3.0.0,element,6,"(1097, 53, 5)",0,0.0,False,0.915,0.0,False,,85,80.0,0.001220703125,16.0,0.9999847412109375,False,False,1
872,stages.1.2.0,element,1,"(25, 24, 13)",0,0.0,False,0.915,0.0,False,,235,-3584.0,-2560.0,0.4854269027709961,0.2857142984867096,False,False,1
873,stages.2.8.0,element,3,"(183, 34, 27)",0,0.0,False,0.915,0.0,False,,237,-5120.0,-1280.0,2.0,0.75,False,False,1
874,stages.2.10.0,element,2,"(165, 8, 26)",0,0.0,False,0.915,0.0,False,,233,-2560.0,-5120.0,1.0,1.0,False,False,1
875,stages.3.0.0,element,6,"(587, 24, 22)",0,0.0,False,0.915,0.0,False,,242,-12288.0,-0.1875,16.0,0.9999847412109375,False,False,1
876,stages.2.13.0,element,5,"(163, 43, 23)",0,0.0,False,0.915,0.0,False,,250,-49152.0,-192.0,8.0,0.99609375,False,False,1
877,stages.2.8.0,element,0,"(70, 31, 28)",0,0.0,False,0.915,0.0,False,,99,896.0,768.0,0.22239208221435547,0.1428571492433548,False,False,1
878,stages.2.6.0,element,4,"(25, 27, 21)",0,0.0,False,0.915,0.0,False,,235,-3584.0,-57344.0,4.0,15.0,False,False,1
879,stages.2.2.0,element,6,"(101, 18, 14)",0,0.0,False,0.915,0.0,False,,112,8192.0,0.125,16.0,0.9999847412109375,False,False,1
880,stages.2.6.0,element,6,"(14, 53, 8)",0,0.0,False,0.915,0.0,False,,113,10240.0,0.15625,16.0,0.9999847412109375,False,False,1
881,stages.2.6.0,element,0,"(98, 5, 20)",0,0.0,False,0.915,0.0,False,,117,20480.0,16384.0,0.3219280242919922,0.20000000298023224,False,False,1
882,stages.2.13.0,element,3,"(53, 13, 13)",0,0.0,False,0.915,0.0,False,,96,512.0,2048.0,2.0,3.0,False,False,1
883,stages.2.3.0,element,4,"(140, 30, 6)",0,0.0,False,0.915,0.0,False,,114,12288.0,768.0,4.0,0.9375,False,False,1
884,stages.2.4.0,element,2,"(154, 39, 29)",0,0.0,False,0.915,0.0,False,,234,-3072.0,-6144.0,1.0,1.0,False,False,1
885,stages.3.0.0,element,2,"(433, 20, 1)",0,0.0,False,0.915,0.0,False,,228,-1024.0,-512.0,1.0,0.5,False,False,1
886,stages.2.6.0,element,0,"(86, 47, 12)",0,0.0,False,0.915,0.0,False,,119,28672.0,24576.0,0.22239208221435547,0.1428571492433548,False,False,1
887,stages.2.13.0,element,5,"(81, 38, 14)",0,0.0,False,0.915,0.0,False,,98,768.0,3.0,8.0,0.99609375,False,False,1
888,stages.3.0.0,element,0,"(431, 26, 4)",0,0.0,False,0.915,0.0,False,,112,8192.0,10240.0,0.3219280242919922,0.25,False,False,1
889,stages.3.0.0,element,1,"(1123, 52, 18)",0,0.0,False,0.915,0.0,False,,114,12288.0,8192.0,0.5849628448486328,0.3333333432674408,False,False,1
890,stages.3.0.0,element,2,"(776, 36, 7)",0,0.0,False,0.915,0.0,False,,236,-4096.0,-2048.0,1.0,0.5,False,False,1
891,stages.2.3.0,element,3,"(93, 7, 25)",0,0.0,False,0.915,0.0,False,,229,-1280.0,-5120.0,2.0,3.0,False,False,1
892,stages.2.10.0,element,3,"(50, 19, 22)",0,0.0,False,0.915,0.0,False,,105,2560.0,640.0,2.0,0.75,False,False,1
893,stages.1.3.0,element,7,"(55, 11, 28)",0,0.0,False,0.915,0.0,False,,115,14336.0,-14336.0,0.0,2.0,True,False,1
894,stages.3.0.0,element,4,"(333, 8, 7)",0,0.0,False,0.915,0.0,False,,231,-1792.0,-28672.0,4.0,15.0,False,False,1
895,stages.3.0.0,element,6,"(672, 17, 11)",0,0.0,False,0.915,0.0,False,,237,-5120.0,-0.078125,16.0,0.9999847412109375,False,False,1
896,stages.2.8.0,element,7,"(151, 40, 10)",0,0.0,False,0.915,0.0,False,,105,2560.0,-2560.0,0.0,2.0,True,False,1
897,stages.2.2.0,element,7,"(60, 36, 3)",0,0.0,False,0.915,0.0,False,,244,-16384.0,16384.0,0.0,2.0,True,False,1
898,stages.2.1.0,element,1,"(36, 32, 10)",0,0.0,False,0.915,0.0,False,,108,4096.0,6144.0,0.5849628448486328,0.5,False,False,1
899,stages.3.0.0,element,0,"(247, 13, 17)",0,0.0,False,0.915,0.0,False,,249,-40960.0,-32768.0,0.3219280242919922,0.20000000298023224,False,False,1
900,stages.2.12.0,element,1,"(39, 28, 21)",0,0.0,False,0.915,0.0,False,,111,7168.0,5120.0,0.4854269027709961,0.2857142984867096,False,False,1
901,stages.2.6.0,element,1,"(2, 26, 27)",0,0.0,False,0.915,0.0,False,,246,-24576.0,-16384.0,0.5849628448486328,0.3333333432674408,False,False,1
902,stages.0.0.0,element,7,"(20, 5, 17)",0,0.0,False,0.915,0.0,False,,213,-80.0,80.0,0.0,2.0,True,False,1
903,stages.2.9.0,element,2,"(61, 23, 11)",0,0.0,False,0.915,0.0,False,,233,-2560.0,-5120.0,1.0,1.0,False,False,1
904,stages.2.5.0,element,2,"(30, 4, 1)",0,0.0,False,0.915,0.0,False,,243,-14336.0,-28672.0,1.0,1.0,False,False,1
905,stages.2.6.0,element,0,"(167, 7, 28)",0,0.0,False,0.915,0.0,False,,237,-5120.0,-4096.0,0.3219280242919922,0.20000000298023224,False,False,1
906,stages.2.0.0,element,3,"(24, 25, 28)",0,0.0,False,0.915,0.0,False,,97,640.0,2560.0,2.0,3.0,False,False,1
907,stages.3.0.0,element,1,"(124, 1, 5)",0,0.0,False,0.915,0.0,False,,109,5120.0,7168.0,0.4854269027709961,0.4000000059604645,False,False,1
908,stages.2.1.0,element,2,"(151, 28, 29)",0,0.0,False,0.915,0.0,False,,92,256.0,128.0,1.0,0.5,False,False,1
909,stages.2.8.0,element,1,"(110, 1, 21)",0,0.0,False,0.915,0.0,False,,113,10240.0,14336.0,0.4854269027709961,0.4000000059604645,False,False,1
910,stages.2.3.0,element,6,"(74, 4, 20)",0,0.0,False,0.915,0.0,False,,116,16384.0,0.25,16.0,0.9999847412109375,False,False,1
911,stages.2.13.0,element,3,"(82, 1, 29)",0,0.0,False,0.915,0.0,False,,121,40960.0,10240.0,2.0,0.75,False,False,1
912,stages.2.9.0,element,4,"(25, 15, 21)",200,1.0,True,0.0,0.915,True,,239,-7168.0,,inf,inf,False,True,1
913,stages.2.1.0,element,0,"(108, 19, 26)",0,0.0,False,0.915,0.0,False,,119,28672.0,24576.0,0.22239208221435547,0.1428571492433548,False,False,1
914,stages.2.11.0,element,7,"(64, 10, 5)",0,0.0,False,0.915,0.0,False,,106,3072.0,-3072.0,0.0,2.0,True,False,1
915,stages.3.0.0,element,7,"(780, 17, 5)",0,0.0,False,0.915,0.0,False,,224,-512.0,512.0,0.0,2.0,True,False,1
916,stages.2.4.0,element,6,"(126, 17, 30)",0,0.0,False,0.915,0.0,False,,106,3072.0,0.046875,16.0,0.9999847412109375,False,False,1
917,stages.3.0.0,element,4,"(562, 36, 7)",200,1.0,True,0.0,0.915,True,,111,7168.0,,inf,inf,False,True,1
918,stages.2.5.0,element,2,"(25, 17, 25)",0,0.0,False,0.915,0.0,False,,105,2560.0,5120.0,1.0,1.0,False,False,1
919,stages.2.9.0,element,4,"(98, 47, 5)",200,1.0,True,0.0,0.915,True,,238,-6144.0,,inf,inf,False,True,1
920,stages.2.4.0,element,3,"(113, 39, 19)",0,0.0,False,0.915,0.0,False,,101,1280.0,5120.0,2.0,3.0,False,False,1
921,stages.3.0.0,element,4,"(1254, 42, 29)",200,1.0,True,0.0,0.915,True,,238,-6144.0,,inf,inf,False,True,1
922,stages.3.0.0,element,7,"(314, 45, 8)",0,0.0,False,0.915,0.0,False,,229,-1280.0,1280.0,0.0,2.0,True,False,1
923,stages.3.0.0,element,5,"(514, 26, 23)",0,0.0,False,0.915,0.0,False,,112,8192.0,32.0,8.0,0.99609375,False,False,1
924,stages.3.0.0,element,6,"(1087, 39, 16)",0,0.0,False,0.915,0.0,False,,238,-6144.0,-0.09375,16.0,0.9999847412109375,False,False,1
925,stages.2.5.0,element,7,"(180, 36, 1)",0,0.0,False,0.915,0.0,False,,241,-10240.0,10240.0,0.0,2.0,True,False,1
926,stages.2.11.0,element,7,"(23, 53, 4)",0,0.0,False,0.915,0.0,False,,241,-10240.0,10240.0,0.0,2.0,True,False,1
927,stages.3.0.0,element,5,"(960, 42, 4)",0,0.0,False,0.915,0.0,False,,232,-2048.0,-8.0,8.0,0.99609375,False,False,1
928,stages.2.12.0,element,6,"(63, 24, 2)",0,0.0,False,0.915,0.0,False,,110,6144.0,0.09375,16.0,0.9999847412109375,False,False,1
929,stages.3.0.0,element,6,"(623, 43, 12)",0,0.0,False,0.915,0.0,False,,108,4096.0,0.0625,16.0,0.9999847412109375,False,False,1
930,stages.3.0.0,element,1,"(776, 22, 1)",0,0.0,False,0.915,0.0,False,,106,3072.0,2048.0,0.5849628448486328,0.3333333432674408,False,False,1
931,stages.2.9.0,element,1,"(112, 36, 28)",0,0.0,False,0.915,0.0,False,,234,-3072.0,-2048.0,0.5849628448486328,0.3333333432674408,False,False,1
932,stages.2.9.0,element,2,"(185, 53, 31)",0,0.0,False,0.915,0.0,False,,233,-2560.0,-5120.0,1.0,1.0,False,False,1
933,stages.2.9.0,element,2,"(37, 14, 30)",0,0.0,False,0.915,0.0,False,,112,8192.0,16384.0,1.0,1.0,False,False,1
934,stages.2.9.0,element,0,"(12, 17, 12)",0,0.0,False,0.915,0.0,False,,118,24576.0,28672.0,0.22239208221435547,0.1666666716337204,False,False,1
935,stages.3.0.0,element,6,"(264, 44, 23)",0,0.0,False,0.915,0.0,False,,111,7168.0,0.109375,16.0,0.9999847412109375,False,False,1
936,stages.2.8.0,element,1,"(15, 53, 27)",0,0.0,False,0.915,0.0,False,,250,-49152.0,-32768.0,0.5849628448486328,0.3333333432674408,False,False,1
937,stages.2.13.0,element,4,"(129, 15, 11)",0,0.0,False,0.915,0.0,False,,240,-8192.0,-512.0,4.0,0.9375,False,False,1
938,stages.3.0.0,element,2,"(788, 40, 19)",0,0.0,False,0.915,0.0,False,,116,16384.0,8192.0,1.0,0.5,False,False,1
939,stages.0.1.0,element,5,"(19, 7, 17)",0,0.0,False,0.915,0.0,False,,250,-49152.0,-192.0,8.0,0.99609375,False,False,1
940,stages.3.0.0,element,0,"(198, 37, 21)",0,0.0,False,0.915,0.0,False,,109,5120.0,4096.0,0.3219280242919922,0.20000000298023224,False,False,1
941,stages.2.12.0,element,1,"(111, 28, 4)",0,0.0,False,0.915,0.0,False,,243,-14336.0,-10240.0,0.4854269027709961,0.2857142984867096,False,False,1
942,stages.2.1.0,element,0,"(122, 21, 24)",0,0.0,False,0.915,0.0,False,,243,-14336.0,-12288.0,0.22239208221435547,0.1428571492433548,False,False,1
943,stages.2.8.0,element,0,"(108, 25, 21)",0,0.0,False,0.915,0.0,False,,116,16384.0,20480.0,0.3219280242919922,0.25,False,False,1
944,stages.2.2.0,element,0,"(121, 2, 31)",0,0.0,False,0.915,0.0,False,,238,-6144.0,-7168.0,0.22239208221435547,0.1666666716337204,False,False,1
945,stages.2.10.0,element,7,"(6, 23, 28)",0,0.0,False,0.915,0.0,False,,241,-10240.0,10240.0,0.0,2.0,True,False,1
946,stages.2.2.0,element,1,"(60, 10, 20)",0,0.0,False,0.915,0.0,False,,109,5120.0,7168.0,0.4854269027709961,0.4000000059604645,False,False,1
947,stages.3.0.0,element,7,"(668, 15, 25)",0,0.0,False,0.915,0.0,False,,99,896.0,-896.0,0.0,2.0,True,False,1
948,stages.1.2.0,element,7,"(7, 14, 25)",0,0.0,False,0.915,0.0,False,,246,-24576.0,24576.0,0.0,2.0,True,False,1
949,stages.3.0.0,scale,4,"(671, 48)",12,0.06,True,0.865,0.050000000000000044,False,,108,108.0,124.0,16.0,inf,False,False,32
950,stages.2.2.0,element,2,"(168, 20, 1)",0,0.0,False,0.915,0.0,False,,106,3072.0,6144.0,1.0,1.0,False,False,1
951,stages.3.0.0,element,4,"(394, 25, 4)",200,1.0,True,0.0,0.915,True,,108,4096.0,inf,inf,inf,False,True,1
952,stages.3.0.0,element,4,"(1133, 13, 23)",0,0.0,False,0.915,0.0,False,,91,224.0,14.0,4.0,0.9375,False,False,1
953,stages.3.0.0,element,3,"(1145, 9, 20)",0,0.0,False,0.915,0.0,False,,240,-8192.0,-32768.0,2.0,3.0,False,False,1
954,stages.3.0.0,element,7,"(1169, 39, 29)",0,0.0,False,0.915,0.0,False,,112,8192.0,-8192.0,0.0,2.0,True,False,1
955,stages.2.1.0,element,7,"(117, 20, 11)",0,0.0,False,0.915,0.0,False,,239,-7168.0,7168.0,0.0,2.0,True,False,1
956,stages.2.1.0,element,7,"(122, 43, 7)",0,0.0,False,0.915,0.0,False,,237,-5120.0,5120.0,0.0,2.0,True,False,1
957,stages.2.8.0,element,6,"(10, 49, 29)",0,0.0,False,0.915,0.0,False,,118,24576.0,0.375,16.0,0.9999847412109375,False,False,1
958,stages.2.12.0,element,2,"(161, 8, 12)",0,0.0,False,0.915,0.0,False,,89,160.0,320.0,1.0,1.0,False,False,1
959,stages.2.11.0,element,6,"(126, 46, 10)",0,0.0,False,0.915,0.0,False,,115,14336.0,0.21875,16.0,0.9999847412109375,False,False,1
960,stages.1.3.0,element,2,"(78, 21, 22)",0,0.0,False,0.915,0.0,False,,235,-3584.0,-7168.0,1.0,1.0,False,False,1
961,stages.3.0.0,element,6,"(1197, 47, 15)",0,0.0,False,0.915,0.0,False,,238,-6144.0,-0.09375,16.0,0.9999847412109375,False,False,1
962,stages.3.0.0,element,7,"(1035, 47, 6)",0,0.0,False,0.915,0.0,False,,113,10240.0,-10240.0,0.0,2.0,True,False,1
963,stages.2.10.0,element,6,"(128, 43, 8)",0,0.0,False,0.915,0.0,False,,110,6144.0,0.09375,16.0,0.9999847412109375,False,False,1
964,stages.2.3.0,element,6,"(169, 20, 13)",0,0.0,False,0.915,0.0,False,,236,-4096.0,-0.0625,16.0,0.9999847412109375,False,False,1
965,stages.1.1.0,element,3,"(86, 7, 14)",0,0.0,False,0.915,0.0,False,,103,1792.0,7168.0,2.0,3.0,False,False,1
966,stages.2.6.0,element,6,"(99, 6, 11)",0,0.0,False,0.915,0.0,False,,109,5120.0,0.078125,16.0,0.9999847412109375,False,False,1
967,stages.2.3.0,element,5,"(47, 26, 13)",0,0.0,False,0.915,0.0,False,,233,-2560.0,-10.0,8.0,0.99609375,False,False,1
968,stages.2.12.0,element,5,"(155, 5, 19)",0,0.0,False,0.915,0.0,False,,104,2048.0,8.0,8.0,0.99609375,False,False,1
969,stages.2.7.0,element,0,"(86, 47, 22)",0,0.0,False,0.915,0.0,False,,241,-10240.0,-8192.0,0.3219280242919922,0.20000000298023224,False,False,1
970,stages.3.0.0,element,0,"(366, 27, 20)",0,0.0,False,0.915,0.0,False,,97,640.0,512.0,0.3219280242919922,0.20000000298023224,False,False,1
971,stages.2.9.0,element,3,"(64, 13, 31)",0,0.0,False,0.915,0.0,False,,236,-4096.0,-1024.0,2.0,0.75,False,False,1
972,stages.2.8.0,element,7,"(17, 22, 28)",0,0.0,False,0.915,0.0,False,,240,-8192.0,8192.0,0.0,2.0,True,False,1
973,stages.2.1.0,element,3,"(48, 44, 22)",0,0.0,False,0.915,0.0,False,,112,8192.0,32768.0,2.0,3.0,False,False,1
974,stages.2.6.0,scale,0,"(132, 34)",0,0.0,False,0.915,0.0,False,,107,107.0,106.0,1.0,inf,False,False,32
975,stages.2.7.0,element,1,"(117, 5, 16)",0,0.0,False,0.915,0.0,False,,242,-12288.0,-8192.0,0.5849628448486328,0.3333333432674408,False,False,1
976,stages.2.2.0,element,3,"(159, 53, 22)",0,0.0,False,0.915,0.0,False,,226,-768.0,-3072.0,2.0,3.0,False,False,1
977,stages.2.7.0,element,3,"(13, 25, 11)",0,0.0,False,0.915,0.0,False,,237,-5120.0,-1280.0,2.0,0.75,False,False,1
978,stages.2.4.0,element,4,"(82, 41, 31)",0,0.0,False,0.915,0.0,False,,218,-192.0,-12.0,3.999999761581421,0.9375,False,False,1
979,stages.2.2.0,element,4,"(166, 13, 27)",200,1.0,True,0.0,0.915,True,,237,-5120.0,,inf,inf,False,True,1
980,stages.2.12.0,element,3,"(24, 17, 4)",0,0.0,False,0.915,0.0,False,,239,-7168.0,-1792.0,2.0,0.75,False,False,1
981,stages.3.0.0,element,3,"(322, 19, 8)",0,0.0,False,0.915,0.0,False,,251,-57344.0,-14336.0,2.0,0.75,False,False,1
982,stages.2.13.0,element,0,"(63, 21, 22)",0,0.0,False,0.915,0.0,False,,114,12288.0,14336.0,0.22239208221435547,0.1666666716337204,False,False,1
983,stages.2.7.0,element,1,"(93, 21, 19)",0,0.0,False,0.915,0.0,False,,116,16384.0,24576.0,0.5849628448486328,0.5,False,False,1
984,stages.2.9.0,element,3,"(156, 3, 13)",0,0.0,False,0.915,0.0,False,,98,768.0,3072.0,2.0,3.0,False,False,1
985,stages.3.0.0,element,6,"(488, 18, 1)",0,0.0,False,0.915,0.0,False,,235,-3584.0,-0.0546875,16.0,0.9999847412109375,False,False,1
986,stages.2.6.0,element,6,"(168, 27, 13)",0,0.0,False,0.915,0.0,False,,250,-49152.0,-0.75,16.0,0.9999847412109375,False,False,1
987,stages.3.0.0,element,1,"(1033, 48, 20)",0,0.0,False,0.915,0.0,False,,103,1792.0,1280.0,0.4854269027709961,0.2857142984867096,False,False,1
988,stages.2.9.0,element,3,"(110, 25, 20)",0,0.0,False,0.915,0.0,False,,105,2560.0,640.0,2.0,0.75,False,False,1
989,stages.2.7.0,element,6,"(154, 26, 3)",0,0.0,False,0.915,0.0,False,,231,-1792.0,-0.02734375,16.0,0.9999847412109375,False,False,1
990,stages.2.2.0,element,7,"(140, 38, 18)",0,0.0,False,0.915,0.0,False,,234,-3072.0,3072.0,0.0,2.0,True,False,1
991,stages.2.5.0,element,6,"(145, 14, 5)",0,0.0,False,0.915,0.0,False,,233,-2560.0,-0.0390625,16.0,0.9999847412109375,False,False,1
992,stages.1.0.0,element,3,"(93, 5, 0)",200,1.0,True,0.0,0.915,True,,118,24576.0,,inf,inf,False,True,1
993,stages.2.4.0,element,2,"(124, 1, 28)",0,0.0,False,0.915,0.0,False,,226,-768.0,-1536.0,1.0,1.0,False,False,1
994,stages.2.11.0,element,6,"(32, 33, 18)",0,0.0,False,0.915,0.0,False,,233,-2560.0,-0.0390625,16.0,0.9999847412109375,False,False,1
995,stages.2.2.0,element,6,"(102, 48, 6)",0,0.0,False,0.915,0.0,False,,247,-28672.0,-0.4375,16.0,0.9999847412109375,False,False,1
996,stages.2.12.0,element,3,"(157, 30, 15)",0,0.0,False,0.915,0.0,False,,108,4096.0,1024.0,2.0,0.75,False,False,1
997,stages.3.0.0,element,6,"(233, 43, 8)",0,0.0,False,0.915,0.0,False,,98,768.0,0.01171875,16.0,0.9999847412109375,False,False,1
998,stages.2.11.0,element,3,"(186, 3, 24)",0,0.0,False,0.915,0.0,False,,106,3072.0,768.0,2.0,0.75,False,False,1
999,stages.1.3.0,element,4,"(72, 4, 25)",0,0.0,False,0.915,0.0,False,,245,-20480.0,-1280.0,4.0,0.9375,False,False,1
1000,stages.2.5.0,element,1,"(180, 34, 26)",0,0.0,False,0.915,0.0,False,,241,-10240.0,-14336.0,0.4854269027709961,0.4000000059604645,False,False,1
1001,stages.2.9.0,element,6,"(72, 49, 24)",0,0.0,False,0.915,0.0,False,,240,-8192.0,-0.125,16.0,0.9999847412109375,False,False,1
1002,stages.2.9.0,element,6,"(176, 8, 9)",0,0.0,False,0.915,0.0,False,,119,28672.0,0.4375,16.0,0.9999847412109375,False,False,1
1003,stages.1.2.0,element,2,"(26, 7, 26)",0,0.0,False,0.915,0.0,False,,225,-640.0,-1280.0,1.0,1.0,False,False,1
1004,stages.2.9.0,element,4,"(183, 17, 16)",200,1.0,True,0.0,0.915,True,,109,5120.0,,inf,inf,False,True,1
1005,stages.2.12.0,element,4,"(105, 28, 24)",200,1.0,True,0.0,0.915,True,,236,-4096.0,-inf,inf,inf,False,True,1
1006,stages.3.0.0,element,3,"(658, 16, 8)",0,0.0,False,0.915,0.0,False,,235,-3584.0,-896.0,2.0,0.75,False,False,1
1007,stages.3.0.0,element,3,"(888, 18, 6)",0,0.0,False,0.915,0.0,False,,219,-224.0,-56.0,2.0,0.75,False,False,1
1008,stages.2.8.0,element,7,"(61, 51, 24)",0,0.0,False,0.915,0.0,False,,107,3584.0,-3584.0,0.0,2.0,True,False,1
1009,stages.3.0.0,element,6,"(1171, 22, 22)",0,0.0,False,0.915,0.0,False,,107,3584.0,0.0546875,16.0,0.9999847412109375,False,False,1
1010,stages.2.5.0,element,4,"(70, 22, 15)",0,0.0,False,0.915,0.0,False,,117,20480.0,1280.0,4.0,0.9375,False,False,1
1011,stages.3.0.0,scale,1,"(242, 35)",0,0.0,False,0.915,0.0,False,,107,107.0,105.0,2.0,inf,False,False,32
1012,stages.3.0.0,element,7,"(507, 49, 12)",0,0.0,False,0.915,0.0,False,,237,-5120.0,5120.0,0.0,2.0,True,False,1
1013,stages.3.0.0,element,2,"(1013, 53, 9)",0,0.0,False,0.915,0.0,False,,247,-28672.0,-14336.0,1.0,0.5,False,False,1
1014,stages.2.3.0,element,4,"(148, 22, 16)",0,0.0,False,0.915,0.0,False,,235,-3584.0,-57344.0,4.0,15.0,False,False,1
1015,stages.2.1.0,element,1,"(142, 21, 16)",0,0.0,False,0.915,0.0,False,,249,-40960.0,-57344.0,0.4854269027709961,0.4000000059604645,False,False,1
1016,stages.3.0.0,element,7,"(192, 5, 23)",0,0.0,False,0.915,0.0,False,,232,-2048.0,2048.0,0.0,2.0,True,False,1
1017,stages.2.13.0,element,2,"(171, 27, 2)",0,0.0,False,0.915,0.0,False,,89,160.0,320.0,1.0,1.0,False,False,1
1018,stages.2.4.0,element,0,"(178, 32, 31)",0,0.0,False,0.915,0.0,False,,108,4096.0,5120.0,0.3219280242919922,0.25,False,False,1
1019,stages.2.12.0,element,5,"(83, 9, 18)",0,0.0,False,0.915,0.0,False,,117,20480.0,80.0,8.0,0.99609375,False,False,1
1020,stages.2.9.0,element,4,"(69, 46, 31)",0,0.0,False,0.915,0.0,False,,115,14336.0,896.0,4.0,0.9375,False,False,1
1021,stages.2.4.0,element,5,"(99, 7, 5)",0,0.0,False,0.915,0.0,False,,243,-14336.0,-56.0,8.0,0.99609375,False,False,1
1022,stages.3.0.0,element,1,"(474, 40, 25)",0,0.0,False,0.915,0.0,False,,102,1536.0,1024.0,0.5849628448486328,0.3333333432674408,False,False,1
1023,stages.2.13.0,element,0,"(110, 12, 9)",0,0.0,False,0.915,0.0,False,,232,-2048.0,-2560.0,0.3219280242919922,0.25,False,False,1
1024,stages.2.6.0,element,5,"(87, 15, 7)",0,0.0,False,0.915,0.0,False,,111,7168.0,28.0,8.0,0.99609375,False,False,1
1025,stages.3.0.0,element,0,"(950, 35, 9)",0,0.0,False,0.915,0.0,False,,245,-20480.0,-16384.0,0.3219280242919922,0.20000000298023224,False,False,1
1026,stages.2.2.0,element,1,"(119, 42, 19)",0,0.0,False,0.915,0.0,False,,101,1280.0,1792.0,0.4854269027709961,0.4000000059604645,False,False,1
1027,stages.2.3.0,element,1,"(44, 18, 6)",0,0.0,False,0.915,0.0,False,,98,768.0,512.0,0.5849628448486328,0.3333333432674408,False,False,1
1028,stages.2.3.0,element,0,"(138, 25, 1)",0,0.0,False,0.915,0.0,False,,245,-20480.0,-16384.0,0.3219280242919922,0.20000000298023224,False,False,1
1029,stages.2.12.0,element,1,"(77, 26, 29)",0,0.0,False,0.915,0.0,False,,211,-56.0,-40.0,0.4854269027709961,0.2857142984867096,False,False,1
1030,stages.3.0.0,element,2,"(1137, 39, 8)",0,0.0,False,0.915,0.0,False,,231,-1792.0,-896.0,1.0,0.5,False,False,1
1031,stages.2.6.0,element,5,"(49, 14, 4)",0,0.0,False,0.915,0.0,False,,239,-7168.0,-28.0,8.0,0.99609375,False,False,1
1032,stages.2.11.0,element,6,"(119, 24, 24)",0,0.0,False,0.915,0.0,False,,115,14336.0,0.21875,16.0,0.9999847412109375,False,False,1
1033,stages.2.3.0,element,5,"(39, 21, 14)",0,0.0,False,0.915,0.0,False,,108,4096.0,16.0,8.0,0.99609375,False,False,1
1034,stages.2.12.0,element,6,"(55, 5, 28)",0,0.0,False,0.915,0.0,False,,108,4096.0,0.0625,16.0,0.9999847412109375,False,False,1
1035,stages.3.0.0,element,1,"(49, 24, 3)",0,0.0,False,0.915,0.0,False,,109,5120.0,7168.0,0.4854269027709961,0.4000000059604645,False,False,1
1036,stages.3.0.0,element,3,"(360, 1, 17)",0,0.0,False,0.915,0.0,False,,241,-10240.0,-40960.0,2.0,3.0,False,False,1
1037,stages.2.8.0,element,6,"(187, 51, 21)",0,0.0,False,0.915,0.0,False,,235,-3584.0,-0.0546875,16.0,0.9999847412109375,False,False,1
1038,stages.2.3.0,element,3,"(127, 23, 2)",0,0.0,False,0.915,0.0,False,,232,-2048.0,-512.0,2.0,0.75,False,False,1
1039,stages.2.1.0,element,5,"(39, 31, 16)",0,0.0,False,0.915,0.0,False,,246,-24576.0,-96.0,8.0,0.99609375,False,False,1
1040,stages.2.11.0,element,1,"(122, 7, 13)",0,0.0,False,0.915,0.0,False,,228,-1024.0,-1536.0,0.5849628448486328,0.5,False,False,1
1041,stages.2.7.0,element,1,"(128, 22, 11)",0,0.0,False,0.915,0.0,False,,117,20480.0,28672.0,0.4854269027709961,0.4000000059604645,False,False,1
1042,stages.2.11.0,element,6,"(102, 1, 5)",0,0.0,False,0.915,0.0,False,,238,-6144.0,-0.09375,16.0,0.9999847412109375,False,False,1
1043,stages.3.0.0,element,2,"(209, 41, 24)",0,0.0,False,0.915,0.0,False,,246,-24576.0,-12288.0,1.0,0.5,False,False,1
1044,stages.2.1.0,element,4,"(62, 52, 16)",0,0.0,False,0.915,0.0,False,,219,-224.0,-14.0,4.0,0.9375,False,False,1
1045,stages.2.12.0,element,1,"(48, 46, 14)",0,0.0,False,0.915,0.0,False,,244,-16384.0,-24576.0,0.5849628448486328,0.5,False,False,1
1046,stages.3.0.0,element,1,"(874, 41, 22)",0,0.0,False,0.915,0.0,False,,234,-3072.0,-2048.0,0.5849628448486328,0.3333333432674408,False,False,1
1047,stages.2.3.0,element,5,"(129, 49, 1)",0,0.0,False,0.915,0.0,False,,96,512.0,2.0,8.0,0.99609375,False,False,1
1048,stages.2.7.0,element,4,"(125, 2, 28)",0,0.0,False,0.915,0.0,False,,112,8192.0,512.0,4.0,0.9375,False,False,1
1049,stages.3.0.0,element,3,"(208, 18, 28)",0,0.0,False,0.915,0.0,False,,107,3584.0,896.0,2.0,0.75,False,False,1
1050,stages.3.0.0,element,3,"(658, 38, 3)",0,0.0,False,0.915,0.0,False,,122,49152.0,12288.0,2.0,0.75,False,False,1
1051,stages.3.0.0,element,6,"(139, 20, 7)",0,0.0,False,0.915,0.0,False,,240,-8192.0,-0.125,16.0,0.9999847412109375,False,False,1
1052,stages.3.0.0,element,4,"(985, 41, 30)",200,1.0,True,0.0,0.915,True,,237,-5120.0,,inf,inf,False,True,1
1053,stages.3.0.0,element,1,"(398, 25, 18)",0,0.0,False,0.915,0.0,False,,228,-1024.0,-1536.0,0.5849628448486328,0.5,False,False,1
1054,stages.2.6.0,scale,6,"(49, 32)",0,0.0,False,0.915,0.0,False,,107,107.0,43.0,64.0,inf,False,False,32
1055,stages.3.0.0,element,4,"(858, 23, 1)",200,1.0,True,0.0,0.915,True,,109,5120.0,,inf,inf,False,True,1
1056,stages.3.0.0,element,7,"(465, 16, 16)",0,0.0,False,0.915,0.0,False,,243,-14336.0,14336.0,0.0,2.0,True,False,1
1057,stages.1.1.0,element,4,"(58, 26, 14)",0,0.0,False,0.915,0.0,False,,240,-8192.0,-512.0,4.0,0.9375,False,False,1
1058,stages.2.6.0,element,2,"(51, 19, 19)",0,0.0,False,0.915,0.0,False,,99,896.0,1792.0,1.0,1.0,False,False,1
1059,stages.2.12.0,element,2,"(45, 50, 18)",0,0.0,False,0.915,0.0,False,,239,-7168.0,-3584.0,1.0,0.5,False,False,1
1060,stages.2.0.0,scale,7,"(175, 2)",200,1.0,True,0.0,0.915,True,,108,108.0,236.0,128.0,inf,False,False,32
1061,stages.1.2.0,element,2,"(90, 16, 10)",0,0.0,False,0.915,0.0,False,,113,10240.0,20480.0,1.0,1.0,False,False,1
1062,stages.2.6.0,element,7,"(180, 50, 0)",0,0.0,False,0.915,0.0,False,,90,192.0,-192.0,0.0,2.0,True,False,1
1063,stages.2.6.0,element,3,"(96, 43, 19)",0,0.0,False,0.915,0.0,False,,240,-8192.0,-32768.0,2.0,3.0,False,False,1
1064,stages.2.5.0,element,0,"(110, 45, 20)",0,0.0,False,0.915,0.0,False,,110,6144.0,7168.0,0.22239208221435547,0.1666666716337204,False,False,1
1065,stages.2.1.0,element,4,"(63, 18, 11)",200,1.0,True,0.0,0.915,True,,109,5120.0,,inf,inf,False,True,1
1066,stages.2.6.0,element,4,"(48, 53, 27)",0,0.0,False,0.915,0.0,False,,240,-8192.0,-512.0,4.0,0.9375,False,False,1
1067,stages.3.0.0,element,7,"(1104, 33, 17)",0,0.0,False,0.915,0.0,False,,231,-1792.0,1792.0,0.0,2.0,True,False,1
1068,stages.2.4.0,element,1,"(189, 34, 5)",0,0.0,False,0.915,0.0,False,,249,-40960.0,-57344.0,0.4854269027709961,0.4000000059604645,False,False,1
1069,stages.2.10.0,element,0,"(149, 13, 30)",0,0.0,False,0.915,0.0,False,,110,6144.0,7168.0,0.22239208221435547,0.1666666716337204,False,False,1
1070,stages.2.2.0,element,6,"(59, 48, 26)",0,0.0,False,0.915,0.0,False,,244,-16384.0,-0.25,16.0,0.9999847412109375,False,False,1
1071,stages.2.3.0,element,3,"(125, 44, 19)",0,0.0,False,0.915,0.0,False,,242,-12288.0,-49152.0,2.0,3.0,False,False,1
1072,stages.3.0.0,element,2,"(992, 36, 30)",0,0.0,False,0.915,0.0,False,,235,-3584.0,-7168.0,1.0,1.0,False,False,1
1073,stages.3.0.0,element,7,"(57, 52, 25)",0,0.0,False,0.915,0.0,False,,245,-20480.0,20480.0,0.0,2.0,True,False,1
1074,stages.3.0.0,element,6,"(399, 2, 11)",0,0.0,False,0.915,0.0,False,,103,1792.0,0.02734375,16.0,0.9999847412109375,False,False,1
1075,stages.1.1.0,element,3,"(14, 9, 2)",0,0.0,False,0.915,0.0,False,,106,3072.0,768.0,2.0,0.75,False,False,1
1076,stages.3.0.0,element,3,"(785, 35, 14)",0,0.0,False,0.915,0.0,False,,101,1280.0,5120.0,2.0,3.0,False,False,1
1077,stages.2.2.0,element,3,"(108, 9, 14)",0,0.0,False,0.915,0.0,False,,234,-3072.0,-768.0,2.0,0.75,False,False,1
1078,stages.1.1.0,element,6,"(17, 16, 1)",0,0.0,False,0.915,0.0,False,,245,-20480.0,-0.3125,16.0,0.9999847412109375,False,False,1
1079,stages.2.6.0,element,2,"(43, 2, 19)",0,0.0,False,0.915,0.0,False,,100,1024.0,512.0,1.0,0.5,False,False,1
1080,stages.3.0.0,element,0,"(1060, 23, 12)",0,0.0,False,0.915,0.0,False,,230,-1536.0,-1792.0,0.22239208221435547,0.1666666716337204,False,False,1
1081,stages.2.12.0,element,4,"(30, 15, 24)",200,1.0,True,0.0,0.915,True,,110,6144.0,,inf,inf,False,True,1
1082,stages.3.0.0,element,6,"(553, 27, 22)",0,0.0,False,0.915,0.0,False,,248,-32768.0,-0.5,16.0,0.9999847412109375,False,False,1
1083,stages.2.4.0,element,0,"(37, 43, 2)",0,0.0,False,0.915,0.0,False,,242,-12288.0,-14336.0,0.22239208221435547,0.1666666716337204,False,False,1
1084,stages.2.6.0,element,7,"(115, 40, 14)",0,0.0,False,0.915,0.0,False,,239,-7168.0,7168.0,0.0,2.0,True,False,1
1085,stages.2.11.0,element,6,"(63, 0, 6)",0,0.0,False,0.915,0.0,False,,110,6144.0,0.09375,16.0,0.9999847412109375,False,False,1
1086,stages.3.0.0,element,6,"(777, 49, 5)",0,0.0,False,0.915,0.0,False,,114,12288.0,0.1875,16.0,0.9999847412109375,False,False,1
1087,stages.2.1.0,element,3,"(152, 46, 26)",0,0.0,False,0.915,0.0,False,,121,40960.0,10240.0,2.0,0.75,False,False,1
1088,stages.1.1.0,element,0,"(26, 4, 23)",0,0.0,False,0.915,0.0,False,,229,-1280.0,-1024.0,0.3219280242919922,0.20000000298023224,False,False,1
1089,stages.2.9.0,element,1,"(132, 8, 2)",0,0.0,False,0.915,0.0,False,,242,-12288.0,-8192.0,0.5849628448486328,0.3333333432674408,False,False,1
1090,stages.3.0.0,element,1,"(713, 41, 27)",0,0.0,False,0.915,0.0,False,,240,-8192.0,-12288.0,0.5849628448486328,0.5,False,False,1
1091,stages.3.0.0,element,0,"(120, 53, 2)",0,0.0,False,0.915,0.0,False,,101,1280.0,1024.0,0.3219280242919922,0.20000000298023224,False,False,1
1092,stages.3.0.0,element,4,"(97, 14, 10)",200,1.0,True,0.0,0.915,True,,109,5120.0,,inf,inf,False,True,1
1093,stages.2.3.0,element,5,"(175, 37, 30)",0,0.0,False,0.915,0.0,False,,119,28672.0,112.0,8.0,0.99609375,False,False,1
1094,stages.3.0.0,element,0,"(757, 53, 14)",0,0.0,False,0.915,0.0,False,,103,1792.0,1536.0,0.22239208221435547,0.1428571492433548,False,False,1
1095,stages.1.0.0,element,7,"(79, 5, 24)",0,0.0,False,0.915,0.0,False,,240,-8192.0,8192.0,0.0,2.0,True,False,1
1096,stages.2.5.0,element,2,"(158, 16, 15)",0,0.0,False,0.915,0.0,False,,107,3584.0,7168.0,1.0,1.0,False,False,1
1097,stages.3.0.0,element,2,"(747, 13, 12)",0,0.0,False,0.915,0.0,False,,238,-6144.0,-3072.0,1.0,0.5,False,False,1
1098,stages.2.2.0,element,3,"(76, 25, 30)",0,0.0,False,0.915,0.0,False,,239,-7168.0,-1792.0,2.0,0.75,False,False,1
1099,stages.3.0.0,element,1,"(454, 33, 21)",0,0.0,False,0.915,0.0,False,,232,-2048.0,-3072.0,0.5849628448486328,0.5,False,False,1
1100,stages.2.7.0,element,3,"(71, 44, 30)",0,0.0,False,0.915,0.0,False,,233,-2560.0,-640.0,2.0,0.75,False,False,1
1101,stages.2.4.0,element,2,"(37, 46, 9)",0,0.0,False,0.915,0.0,False,,101,1280.0,640.0,1.0,0.5,False,False,1
1102,stages.2.13.0,element,1,"(52, 33, 9)",0,0.0,False,0.915,0.0,False,,239,-7168.0,-5120.0,0.4854269027709961,0.2857142984867096,False,False,1
1103,stages.3.0.0,element,2,"(456, 44, 27)",200,1.0,True,0.0,0.915,True,,250,-49152.0,,inf,inf,False,True,1
1104,stages.2.3.0,element,4,"(119, 17, 11)",0,0.0,False,0.915,0.0,False,,247,-28672.0,-1792.0,4.0,0.9375,False,False,1
1105,stages.2.5.0,element,6,"(146, 40, 14)",0,0.0,False,0.915,0.0,False,,113,10240.0,0.15625,16.0,0.9999847412109375,False,False,1
1106,stages.2.13.0,element,1,"(64, 50, 21)",0,0.0,False,0.915,0.0,False,,115,14336.0,10240.0,0.4854269027709961,0.2857142984867096,False,False,1
1107,stages.3.0.0,element,0,"(1156, 22, 31)",0,0.0,False,0.915,0.0,False,,234,-3072.0,-3584.0,0.22239208221435547,0.1666666716337204,False,False,1
1108,stages.2.2.0,element,4,"(104, 42, 10)",0,0.0,False,0.915,0.0,False,,115,14336.0,896.0,4.0,0.9375,False,False,1
1109,stages.3.0.0,element,0,"(31, 28, 8)",0,0.0,False,0.915,0.0,False,,240,-8192.0,-10240.0,0.3219280242919922,0.25,False,False,1
1110,stages.2.9.0,element,7,"(126, 42, 20)",0,0.0,False,0.915,0.0,False,,104,2048.0,-2048.0,0.0,2.0,True,False,1
1111,stages.2.4.0,element,1,"(41, 26, 30)",0,0.0,False,0.915,0.0,False,,109,5120.0,7168.0,0.4854269027709961,0.4000000059604645,False,False,1
1112,stages.2.7.0,element,2,"(51, 43, 20)",0,0.0,False,0.915,0.0,False,,106,3072.0,6144.0,1.0,1.0,False,False,1
1113,stages.2.2.0,element,3,"(61, 5, 16)",0,0.0,False,0.915,0.0,False,,243,-14336.0,-57344.0,2.0,3.0,False,False,1
1114,stages.2.8.0,element,6,"(90, 15, 14)",0,0.0,False,0.915,0.0,False,,114,12288.0,0.1875,16.0,0.9999847412109375,False,False,1
1115,stages.3.0.0,element,3,"(906, 29, 0)",0,0.0,False,0.915,0.0,False,,235,-3584.0,-896.0,2.0,0.75,False,False,1
1116,stages.3.0.0,element,3,"(558, 4, 9)",0,0.0,False,0.915,0.0,False,,235,-3584.0,-896.0,2.0,0.75,False,False,1
1117,stages.2.12.0,element,3,"(26, 10, 5)",0,0.0,False,0.915,0.0,False,,101,1280.0,5120.0,2.0,3.0,False,False,1
1118,stages.3.0.0,element,5,"(1187, 3, 31)",200,1.0,True,0.0,0.915,True,,220,-256.0,-inf,inf,inf,False,True,1
1119,stages.2.2.0,element,5,"(41, 36, 17)",0,0.0,False,0.915,0.0,False,,233,-2560.0,-10.0,8.0,0.99609375,False,False,1
1120,stages.3.0.0,element,7,"(38, 41, 27)",0,0.0,False,0.915,0.0,False,,106,3072.0,-3072.0,0.0,2.0,True,False,1
1121,stages.2.9.0,element,6,"(102, 16, 3)",0,0.0,False,0.915,0.0,False,,116,16384.0,0.25,16.0,0.9999847412109375,False,False,1
1122,stages.3.0.0,element,5,"(1189, 0, 19)",0,0.0,False,0.915,0.0,False,,105,2560.0,10.0,8.0,0.99609375,False,False,1
1123,stages.1.1.0,element,5,"(59, 26, 3)",0,0.0,False,0.915,0.0,False,,115,14336.0,56.0,8.0,0.99609375,False,False,1
1124,stages.2.1.0,element,6,"(136, 48, 10)",0,0.0,False,0.915,0.0,False,,242,-12288.0,-0.1875,16.0,0.9999847412109375,False,False,1
1125,stages.3.0.0,element,1,"(841, 27, 12)",0,0.0,False,0.915,0.0,False,,237,-5120.0,-7168.0,0.4854269027709961,0.4000000059604645,False,False,1
1126,stages.1.1.0,element,4,"(33, 1, 14)",0,0.0,False,0.915,0.0,False,,112,8192.0,512.0,4.0,0.9375,False,False,1
1127,stages.3.0.0,element,6,"(1027, 6, 6)",0,0.0,False,0.915,0.0,False,,239,-7168.0,-0.109375,16.0,0.9999847412109375,False,False,1
1128,stages.2.12.0,element,1,"(121, 51, 23)",0,0.0,False,0.915,0.0,False,,112,8192.0,12288.0,0.5849628448486328,0.5,False,False,1
1129,stages.1.1.0,element,7,"(20, 3, 10)",0,0.0,False,0.915,0.0,False,,236,-4096.0,4096.0,0.0,2.0,True,False,1
1130,stages.2.0.0,element,0,"(156, 5, 11)",0,0.0,False,0.915,0.0,False,,122,49152.0,57344.0,0.22239208221435547,0.1666666716337204,False,False,1
1131,stages.2.9.0,element,0,"(122, 10, 2)",0,0.0,False,0.915,0.0,False,,87,112.0,96.0,0.22239255905151367,0.1428571492433548,False,False,1
1132,stages.2.9.0,element,2,"(78, 28, 27)",0,0.0,False,0.915,0.0,False,,104,2048.0,4096.0,1.0,1.0,False,False,1
1133,stages.3.0.0,element,0,"(364, 10, 7)",0,0.0,False,0.915,0.0,False,,106,3072.0,3584.0,0.22239208221435547,0.1666666716337204,False,False,1
1134,stages.2.2.0,element,0,"(111, 33, 28)",0,0.0,False,0.915,0.0,False,,237,-5120.0,-4096.0,0.3219280242919922,0.20000000298023224,False,False,1
1135,stages.3.0.0,element,5,"(245, 23, 9)",0,0.0,False,0.915,0.0,False,,237,-5120.0,-20.0,8.0,0.99609375,False,False,1
1136,stages.2.9.0,element,7,"(123, 0, 8)",0,0.0,False,0.915,0.0,False,,107,3584.0,-3584.0,0.0,2.0,True,False,1
1137,stages.2.7.0,element,4,"(104, 53, 18)",0,0.0,False,0.915,0.0,False,,246,-24576.0,-1536.0,4.0,0.9375,False,False,1
1138,stages.2.6.0,element,6,"(114, 11, 24)",0,0.0,False,0.915,0.0,False,,111,7168.0,0.109375,16.0,0.9999847412109375,False,False,1
1139,stages.2.2.0,element,7,"(179, 44, 10)",0,0.0,False,0.915,0.0,False,,248,-32768.0,32768.0,0.0,2.0,True,False,1
1140,stages.2.1.0,element,3,"(177, 19, 12)",0,0.0,False,0.915,0.0,False,,114,12288.0,49152.0,2.0,3.0,False,False,1
1141,stages.2.8.0,element,1,"(97, 34, 2)",0,0.0,False,0.915,0.0,False,,237,-5120.0,-7168.0,0.4854269027709961,0.4000000059604645,False,False,1
1142,stages.2.8.0,element,5,"(15, 30, 4)",0,0.0,False,0.915,0.0,False,,113,10240.0,40.0,8.0,0.99609375,False,False,1
1143,stages.2.3.0,element,6,"(143, 42, 18)",0,0.0,False,0.915,0.0,False,,96,512.0,0.0078125,16.0,0.9999847412109375,False,False,1
1144,stages.2.12.0,element,4,"(134, 38, 14)",0,0.0,False,0.915,0.0,False,,115,14336.0,896.0,4.0,0.9375,False,False,1
1145,stages.2.3.0,element,7,"(182, 26, 13)",0,0.0,False,0.915,0.0,False,,113,10240.0,-10240.0,0.0,2.0,True,False,1
1146,stages.1.3.0,element,4,"(87, 10, 12)",200,1.0,True,0.0,0.915,True,,108,4096.0,inf,inf,inf,False,True,1
1147,stages.3.0.0,element,4,"(862, 49, 28)",200,1.0,True,0.0,0.915,True,,237,-5120.0,,inf,inf,False,True,1
1148,stages.2.11.0,element,7,"(174, 24, 20)",0,0.0,False,0.915,0.0,False,,108,4096.0,-4096.0,0.0,2.0,True,False,1
1149,stages.3.0.0,element,2,"(539, 34, 1)",0,0.0,False,0.915,0.0,False,,234,-3072.0,-6144.0,1.0,1.0,False,False,1
1150,stages.2.12.0,element,7,"(183, 39, 8)",0,0.0,False,0.915,0.0,False,,241,-10240.0,10240.0,0.0,2.0,True,False,1
1151,stages.3.0.0,element,0,"(500, 21, 2)",0,0.0,False,0.915,0.0,False,,103,1792.0,1536.0,0.22239208221435547,0.1428571492433548,False,False,1
1152,stages.1.3.0,element,3,"(30, 18, 19)",0,0.0,False,0.915,0.0,False,,238,-6144.0,-1536.0,2.0,0.75,False,False,1
1153,stages.3.0.0,element,5,"(681, 14, 31)",0,0.0,False,0.915,0.0,False,,234,-3072.0,-12.0,8.0,0.99609375,False,False,1
1154,stages.2.5.0,scale,5,"(52, 41)",0,0.0,False,0.915,0.0,False,,107,107.0,75.0,32.0,inf,False,False,32
1155,stages.2.7.0,element,0,"(157, 1, 4)",0,0.0,False,0.915,0.0,False,,233,-2560.0,-2048.0,0.3219280242919922,0.20000000298023224,False,False,1
1156,stages.2.13.0,element,4,"(124, 42, 6)",0,0.0,False,0.915,0.0,False,,215,-112.0,-7.0,4.0,0.9375,False,False,1
1157,stages.3.0.0,element,3,"(523, 14, 29)",0,0.0,False,0.915,0.0,False,,220,-256.0,-64.0,2.0,0.75,False,False,1
1158,stages.3.0.0,element,3,"(503, 27, 20)",0,0.0,False,0.915,0.0,False,,107,3584.0,896.0,2.0,0.75,False,False,1
1159,stages.2.8.0,element,2,"(176, 0, 9)",0,0.0,False,0.915,0.0,False,,110,6144.0,3072.0,1.0,0.5,False,False,1
1160,stages.3.0.0,element,6,"(450, 10, 16)",0,0.0,False,0.915,0.0,False,,107,3584.0,0.0546875,16.0,0.9999847412109375,False,False,1
1161,stages.3.0.0,element,1,"(1124, 36, 27)",0,0.0,False,0.915,0.0,False,,102,1536.0,1024.0,0.5849628448486328,0.3333333432674408,False,False,1
1162,stages.2.11.0,element,0,"(38, 22, 13)",0,0.0,False,0.915,0.0,False,,231,-1792.0,-1536.0,0.22239208221435547,0.1428571492433548,False,False,1
1163,stages.2.12.0,element,1,"(4, 44, 0)",0,0.0,False,0.915,0.0,False,,250,-49152.0,-32768.0,0.5849628448486328,0.3333333432674408,False,False,1
1164,stages.3.0.0,element,5,"(1262, 22, 2)",0,0.0,False,0.915,0.0,False,,241,-10240.0,-40.0,8.0,0.99609375,False,False,1
1165,stages.2.2.0,element,1,"(51, 47, 21)",0,0.0,False,0.915,0.0,False,,123,57344.0,40960.0,0.4854269027709961,0.2857142984867096,False,False,1
1166,stages.3.0.0,element,3,"(698, 14, 4)",0,0.0,False,0.915,0.0,False,,233,-2560.0,-640.0,2.0,0.75,False,False,1
1167,stages.2.6.0,element,1,"(62, 27, 16)",0,0.0,False,0.915,0.0,False,,94,384.0,256.0,0.5849628448486328,0.3333333432674408,False,False,1
1168,stages.2.13.0,element,4,"(87, 40, 4)",0,0.0,False,0.915,0.0,False,,112,8192.0,512.0,4.0,0.9375,False,False,1
1169,stages.2.11.0,element,7,"(162, 12, 23)",0,0.0,False,0.915,0.0,False,,117,20480.0,-20480.0,0.0,2.0,True,False,1
1170,stages.3.0.0,element,1,"(670, 10, 28)",0,0.0,False,0.915,0.0,False,,116,16384.0,24576.0,0.5849628448486328,0.5,False,False,1
1171,stages.3.0.0,element,3,"(428, 48, 9)",0,0.0,False,0.915,0.0,False,,238,-6144.0,-1536.0,2.0,0.75,False,False,1
1172,stages.2.12.0,element,5,"(18, 31, 11)",0,0.0,False,0.915,0.0,False,,248,-32768.0,-128.0,8.0,0.99609375,False,False,1
1173,stages.3.0.0,element,0,"(858, 7, 0)",0,0.0,False,0.915,0.0,False,,237,-5120.0,-4096.0,0.3219280242919922,0.20000000298023224,False,False,1
1174,stages.3.0.0,element,0,"(370, 42, 26)",0,0.0,False,0.915,0.0,False,,236,-4096.0,-5120.0,0.3219280242919922,0.25,False,False,1
1175,stages.3.0.0,element,4,"(734, 6, 26)",200,1.0,True,0.0,0.915,True,,237,-5120.0,,inf,inf,False,True,1
1176,stages.2.0.0,element,4,"(43, 4, 26)",0,0.0,False,0.915,0.0,False,,240,-8192.0,-512.0,4.0,0.9375,False,False,1
1177,stages.2.13.0,element,5,"(53, 20, 19)",0,0.0,False,0.915,0.0,False,,109,5120.0,20.0,8.0,0.99609375,False,False,1
1178,stages.3.0.0,element,4,"(769, 8, 10)",200,1.0,True,0.0,0.915,True,,110,6144.0,,inf,inf,False,True,1
1179,stages.2.2.0,element,7,"(41, 30, 20)",0,0.0,False,0.915,0.0,False,,244,-16384.0,16384.0,0.0,2.0,True,False,1
1180,stages.3.0.0,element,2,"(412, 42, 16)",0,0.0,False,0.915,0.0,False,,232,-2048.0,-4096.0,1.0,1.0,False,False,1
1181,stages.2.11.0,element,0,"(49, 41, 15)",0,0.0,False,0.915,0.0,False,,248,-32768.0,-40960.0,0.3219280242919922,0.25,False,False,1
1182,stages.2.9.0,element,4,"(2, 17, 29)",0,0.0,False,0.915,0.0,False,,233,-2560.0,-40960.0,4.0,15.0,False,False,1
1183,stages.2.9.0,element,5,"(161, 39, 14)",0,0.0,False,0.915,0.0,False,,109,5120.0,20.0,8.0,0.99609375,False,False,1
1184,stages.2.9.0,element,4,"(165, 35, 22)",0,0.0,False,0.915,0.0,False,,93,320.0,20.0,4.0,0.9375,False,False,1
1185,stages.2.8.0,element,3,"(111, 35, 26)",0,0.0,False,0.915,0.0,False,,237,-5120.0,-1280.0,2.0,0.75,False,False,1
1186,stages.2.11.0,element,6,"(131, 40, 16)",0,0.0,False,0.915,0.0,False,,246,-24576.0,-0.375,16.0,0.9999847412109375,False,False,1
1187,stages.3.0.0,element,2,"(383, 28, 12)",0,0.0,False,0.915,0.0,False,,241,-10240.0,-20480.0,1.0,1.0,False,False,1
1188,stages.2.0.0,element,0,"(129, 4, 2)",0,0.0,False,0.915,0.0,False,,113,10240.0,8192.0,0.3219280242919922,0.20000000298023224,False,False,1
1189,stages.3.0.0,element,1,"(221, 28, 2)",0,0.0,False,0.915,0.0,False,,106,3072.0,2048.0,0.5849628448486328,0.3333333432674408,False,False,1
1190,stages.2.5.0,element,0,"(0, 7, 4)",0,0.0,False,0.915,0.0,False,,110,6144.0,7168.0,0.22239208221435547,0.1666666716337204,False,False,1
1191,stages.2.6.0,element,0,"(28, 30, 2)",0,0.0,False,0.915,0.0,False,,113,10240.0,8192.0,0.3219280242919922,0.20000000298023224,False,False,1
1192,stages.2.11.0,element,0,"(113, 13, 10)",0,0.0,False,0.915,0.0,False,,113,10240.0,8192.0,0.3219280242919922,0.20000000298023224,False,False,1
1193,stages.2.9.0,element,6,"(178, 20, 0)",0,0.0,False,0.915,0.0,False,,112,8192.0,0.125,16.0,0.9999847412109375,False,False,1
1194,stages.2.12.0,element,4,"(161, 36, 26)",0,0.0,False,0.915,0.0,False,,107,3584.0,57344.0,4.0,15.0,False,False,1
1195,stages.3.0.0,element,5,"(1100, 14, 10)",0,0.0,False,0.915,0.0,False,,231,-1792.0,-7.0,8.0,0.99609375,False,False,1
1196,stages.2.2.0,element,4,"(87, 10, 13)",0,0.0,False,0.915,0.0,False,,113,10240.0,640.0,4.0,0.9375,False,False,1
1197,stages.2.4.0,element,1,"(82, 43, 6)",0,0.0,False,0.915,0.0,False,,244,-16384.0,-24576.0,0.5849628448486328,0.5,False,False,1
1198,stages.3.0.0,element,4,"(1155, 17, 23)",0,0.0,False,0.915,0.0,False,,242,-12288.0,-768.0,4.0,0.9375,False,False,1
1199,stages.3.0.0,element,1,"(104, 51, 8)",0,0.0,False,0.915,0.0,False,,244,-16384.0,-24576.0,0.5849628448486328,0.5,False,False,1
1200,stages.2.6.0,element,2,"(49, 45, 7)",0,0.0,False,0.915,0.0,False,,235,-3584.0,-7168.0,1.0,1.0,False,False,1
1201,stages.3.0.0,element,6,"(1202, 41, 19)",0,0.0,False,0.915,0.0,False,,97,640.0,0.009765625,16.0,0.9999847412109375,False,False,1
1202,stages.3.0.0,scale,3,"(162, 53)",0,0.0,False,0.915,0.0,False,,106,106.0,98.0,8.0,inf,False,False,32
1203,stages.2.13.0,element,1,"(70, 18, 31)",0,0.0,False,0.915,0.0,False,,240,-8192.0,-12288.0,0.5849628448486328,0.5,False,False,1
1204,stages.2.1.0,element,1,"(191, 33, 30)",0,0.0,False,0.915,0.0,False,,237,-5120.0,-7168.0,0.4854269027709961,0.4000000059604645,False,False,1
1205,stages.2.6.0,element,3,"(44, 22, 6)",0,0.0,False,0.915,0.0,False,,234,-3072.0,-768.0,2.0,0.75,False,False,1
1206,stages.2.3.0,element,0,"(161, 15, 5)",0,0.0,False,0.915,0.0,False,,112,8192.0,10240.0,0.3219280242919922,0.25,False,False,1
1207,stages.0.0.0,element,4,"(23, 13, 13)",0,0.0,False,0.915,0.0,False,,233,-2560.0,-40960.0,4.0,15.0,False,False,1
1208,stages.2.10.0,element,1,"(5, 46, 15)",0,0.0,False,0.915,0.0,False,,228,-1024.0,-1536.0,0.5849628448486328,0.5,False,False,1
1209,stages.3.0.0,element,4,"(826, 1, 1)",0,0.0,False,0.915,0.0,False,,113,10240.0,640.0,4.0,0.9375,False,False,1
1210,stages.2.6.0,element,6,"(88, 18, 15)",0,0.0,False,0.915,0.0,False,,110,6144.0,0.09375,16.0,0.9999847412109375,False,False,1
1211,stages.3.0.0,element,3,"(689, 38, 12)",0,0.0,False,0.915,0.0,False,,250,-49152.0,-12288.0,2.0,0.75,False,False,1
1212,stages.2.12.0,element,4,"(86, 22, 5)",200,1.0,True,0.0,0.915,True,,108,4096.0,inf,inf,inf,False,True,1
1213,stages.3.0.0,element,6,"(153, 23, 11)",0,0.0,False,0.915,0.0,False,,100,1024.0,0.015625,16.0,0.9999847412109375,False,False,1
1214,stages.2.0.0,element,1,"(73, 8, 10)",0,0.0,False,0.915,0.0,False,,240,-8192.0,-12288.0,0.5849628448486328,0.5,False,False,1
1215,stages.3.0.0,element,5,"(378, 48, 5)",0,0.0,False,0.915,0.0,False,,242,-12288.0,-48.0,8.0,0.99609375,False,False,1
1216,stages.2.8.0,element,0,"(176, 43, 17)",0,0.0,False,0.915,0.0,False,,242,-12288.0,-14336.0,0.22239208221435547,0.1666666716337204,False,False,1
1217,stages.2.8.0,element,5,"(120, 10, 15)",0,0.0,False,0.915,0.0,False,,237,-5120.0,-20.0,8.0,0.99609375,False,False,1
1218,stages.3.0.0,element,4,"(470, 51, 9)",0,0.0,False,0.915,0.0,False,,240,-8192.0,-512.0,4.0,0.9375,False,False,1
1219,stages.3.0.0,scale,2,"(581, 12)",0,0.0,False,0.915,0.0,False,,107,107.0,111.0,4.0,inf,False,False,32
1220,stages.2.12.0,element,0,"(36, 35, 10)",0,0.0,False,0.915,0.0,False,,240,-8192.0,-10240.0,0.3219280242919922,0.25,False,False,1
1221,stages.2.5.0,element,3,"(163, 45, 3)",0,0.0,False,0.915,0.0,False,,98,768.0,3072.0,2.0,3.0,False,False,1
1222,stages.3.0.0,element,6,"(1042, 29, 7)",0,0.0,False,0.915,0.0,False,,111,7168.0,0.109375,16.0,0.9999847412109375,False,False,1
1223,stages.3.0.0,element,2,"(884, 6, 10)",0,0.0,False,0.915,0.0,False,,246,-24576.0,-12288.0,1.0,0.5,False,False,1
1224,stages.2.9.0,element,5,"(130, 14, 17)",0,0.0,False,0.915,0.0,False,,109,5120.0,20.0,8.0,0.99609375,False,False,1
1225,stages.3.0.0,element,7,"(977, 37, 20)",0,0.0,False,0.915,0.0,False,,236,-4096.0,4096.0,0.0,2.0,True,False,1
1226,stages.3.0.0,element,4,"(1062, 6, 24)",200,1.0,True,0.0,0.915,True,,236,-4096.0,-inf,inf,inf,False,True,1
1227,stages.2.6.0,element,3,"(120, 44, 9)",0,0.0,False,0.915,0.0,False,,251,-57344.0,-14336.0,2.0,0.75,False,False,1
1228,stages.1.1.0,element,6,"(73, 2, 25)",0,0.0,False,0.915,0.0,False,,106,3072.0,0.046875,16.0,0.9999847412109375,False,False,1
1229,stages.3.0.0,element,4,"(209, 44, 14)",200,1.0,True,0.0,0.915,True,,237,-5120.0,,inf,inf,False,True,1
1230,stages.3.0.0,element,5,"(467, 11, 16)",0,0.0,False,0.915,0.0,False,,219,-224.0,-57344.0,8.0,255.0,False,False,1
1231,stages.2.2.0,element,0,"(73, 27, 8)",0,0.0,False,0.915,0.0,False,,116,16384.0,20480.0,0.3219280242919922,0.25,False,False,1
1232,stages.2.5.0,element,7,"(168, 53, 25)",0,0.0,False,0.915,0.0,False,,229,-1280.0,1280.0,0.0,2.0,True,False,1
1233,stages.3.0.0,element,6,"(538, 41, 18)",0,0.0,False,0.915,0.0,False,,246,-24576.0,-0.375,16.0,0.9999847412109375,False,False,1
1234,stages.2.5.0,element,2,"(87, 34, 31)",0,0.0,False,0.915,0.0,False,,107,3584.0,7168.0,1.0,1.0,False,False,1
1235,stages.2.0.0,element,2,"(68, 14, 30)",0,0.0,False,0.915,0.0,False,,102,1536.0,768.0,1.0,0.5,False,False,1
1236,stages.2.12.0,element,0,"(43, 31, 9)",0,0.0,False,0.915,0.0,False,,112,8192.0,10240.0,0.3219280242919922,0.25,False,False,1
1237,stages.2.4.0,element,7,"(112, 41, 25)",0,0.0,False,0.915,0.0,False,,102,1536.0,-1536.0,0.0,2.0,True,False,1
1238,stages.2.11.0,element,0,"(6, 0, 12)",0,0.0,False,0.915,0.0,False,,234,-3072.0,-3584.0,0.22239208221435547,0.1666666716337204,False,False,1
1239,stages.2.6.0,element,6,"(26, 39, 15)",0,0.0,False,0.915,0.0,False,,240,-8192.0,-0.125,16.0,0.9999847412109375,False,False,1
1240,stages.3.0.0,element,0,"(519, 19, 21)",0,0.0,False,0.915,0.0,False,,113,10240.0,8192.0,0.3219280242919922,0.20000000298023224,False,False,1
1241,stages.2.12.0,element,2,"(76, 2, 13)",0,0.0,False,0.915,0.0,False,,110,6144.0,3072.0,1.0,0.5,False,False,1
1242,stages.2.6.0,scale,5,"(114, 4)",0,0.0,False,0.915,0.0,False,,108,108.0,76.0,32.0,inf,False,False,32
1243,stages.2.12.0,element,3,"(179, 33, 20)",0,0.0,False,0.915,0.0,False,,240,-8192.0,-32768.0,2.0,3.0,False,False,1
1244,stages.1.0.0,element,3,"(34, 7, 31)",0,0.0,False,0.915,0.0,False,,243,-14336.0,-57344.0,2.0,3.0,False,False,1
1245,stages.3.0.0,element,2,"(794, 2, 1)",0,0.0,False,0.915,0.0,False,,106,3072.0,6144.0,1.0,1.0,False,False,1
1246,stages.3.0.0,element,5,"(85, 53, 28)",0,0.0,False,0.915,0.0,False,,91,224.0,57344.0,8.0,255.0,False,False,1
1247,stages.3.0.0,element,1,"(240, 41, 3)",0,0.0,False,0.915,0.0,False,,236,-4096.0,-6144.0,0.5849628448486328,0.5,False,False,1
1248,stages.3.0.0,element,1,"(1209, 34, 8)",0,0.0,False,0.915,0.0,False,,228,-1024.0,-1536.0,0.5849628448486328,0.5,False,False,1
1249,stages.2.2.0,element,1,"(150, 43, 8)",0,0.0,False,0.915,0.0,False,,101,1280.0,1792.0,0.4854269027709961,0.4000000059604645,False,False,1
1250,stages.3.0.0,element,5,"(776, 21, 21)",0,0.0,False,0.915,0.0,False,,247,-28672.0,-112.0,8.0,0.99609375,False,False,1
1251,stages.2.8.0,element,6,"(76, 5, 13)",0,0.0,False,0.915,0.0,False,,109,5120.0,0.078125,16.0,0.9999847412109375,False,False,1
1252,stages.0.1.0,element,0,"(11, 0, 22)",0,0.0,False,0.915,0.0,False,,234,-3072.0,-3584.0,0.22239208221435547,0.1666666716337204,False,False,1
1253,stages.2.10.0,element,0,"(47, 37, 16)",0,0.0,False,0.915,0.0,False,,108,4096.0,5120.0,0.3219280242919922,0.25,False,False,1
1254,stages.2.12.0,element,2,"(84, 29, 13)",0,0.0,False,0.915,0.0,False,,225,-640.0,-1280.0,1.0,1.0,False,False,1
1255,stages.2.3.0,element,7,"(164, 20, 11)",0,0.0,False,0.915,0.0,False,,111,7168.0,-7168.0,0.0,2.0,True,False,1
1256,stages.2.5.0,element,7,"(123, 41, 14)",0,0.0,False,0.915,0.0,False,,105,2560.0,-2560.0,0.0,2.0,True,False,1
1257,stages.2.12.0,element,2,"(157, 21, 7)",0,0.0,False,0.915,0.0,False,,108,4096.0,2048.0,1.0,0.5,False,False,1
1258,stages.2.5.0,element,2,"(170, 36, 30)",0,0.0,False,0.915,0.0,False,,102,1536.0,768.0,1.0,0.5,False,False,1
1259,stages.3.0.0,element,2,"(498, 36, 18)",0,0.0,False,0.915,0.0,False,,111,7168.0,3584.0,1.0,0.5,False,False,1
1260,stages.2.6.0,element,2,"(32, 37, 24)",0,0.0,False,0.915,0.0,False,,109,5120.0,2560.0,1.0,0.5,False,False,1
1261,stages.2.12.0,element,7,"(1, 12, 29)",0,0.0,False,0.915,0.0,False,,235,-3584.0,3584.0,0.0,2.0,True,False,1
1262,stages.3.0.0,element,5,"(1221, 40, 18)",0,0.0,False,0.915,0.0,False,,233,-2560.0,-10.0,8.0,0.99609375,False,False,1
1263,stages.2.4.0,element,2,"(3, 5, 22)",0,0.0,False,0.915,0.0,False,,242,-12288.0,-24576.0,1.0,1.0,False,False,1
1264,stages.2.1.0,element,0,"(106, 37, 26)",0,0.0,False,0.915,0.0,False,,119,28672.0,24576.0,0.22239208221435547,0.1428571492433548,False,False,1
1265,stages.2.1.0,scale,1,"(101, 23)",0,0.0,False,0.915,0.0,False,,107,107.0,105.0,2.0,inf,False,False,32
1266,stages.2.1.0,element,5,"(43, 33, 29)",0,0.0,False,0.915,0.0,False,,235,-3584.0,-14.0,8.0,0.99609375,False,False,1
1267,stages.3.0.0,element,4,"(854, 33, 25)",200,1.0,True,0.0,0.915,True,,238,-6144.0,,inf,inf,False,True,1
1268,stages.2.9.0,element,5,"(18, 51, 17)",0,0.0,False,0.915,0.0,False,,112,8192.0,32.0,8.0,0.99609375,False,False,1
1269,stages.2.7.0,element,1,"(10, 44, 7)",0,0.0,False,0.915,0.0,False,,112,8192.0,12288.0,0.5849628448486328,0.5,False,False,1
1270,stages.2.5.0,element,4,"(161, 34, 31)",0,0.0,False,0.915,0.0,False,,103,1792.0,28672.0,4.0,15.0,False,False,1
1271,stages.1.1.0,element,6,"(89, 5, 7)",0,0.0,False,0.915,0.0,False,,233,-2560.0,-0.0390625,16.0,0.9999847412109375,False,False,1
1272,stages.3.0.0,element,3,"(886, 46, 17)",0,0.0,False,0.915,0.0,False,,241,-10240.0,-40960.0,2.0,3.0,False,False,1
1273,stages.2.10.0,element,0,"(62, 11, 2)",0,0.0,False,0.915,0.0,False,,111,7168.0,6144.0,0.22239208221435547,0.1428571492433548,False,False,1
1274,stages.3.0.0,element,4,"(1260, 35, 6)",0,0.0,False,0.915,0.0,False,,112,8192.0,512.0,4.0,0.9375,False,False,1
1275,stages.2.11.0,element,5,"(182, 18, 17)",0,0.0,False,0.915,0.0,False,,109,5120.0,20.0,8.0,0.99609375,False,False,1
1276,stages.2.6.0,element,2,"(106, 6, 22)",0,0.0,False,0.915,0.0,False,,243,-14336.0,-28672.0,1.0,1.0,False,False,1
1277,stages.1.0.0,element,7,"(11, 6, 0)",0,0.0,False,0.915,0.0,False,,111,7168.0,-7168.0,0.0,2.0,True,False,1
1278,stages.3.0.0,element,3,"(214, 44, 15)",0,0.0,False,0.915,0.0,False,,104,2048.0,512.0,2.0,0.75,False,False,1
1279,stages.2.10.0,element,7,"(77, 9, 23)",0,0.0,False,0.915,0.0,False,,72,8.0,-8.0,0.0,2.0,True,False,1
1280,stages.2.2.0,element,4,"(56, 25, 10)",0,0.0,False,0.915,0.0,False,,230,-1536.0,-24576.0,4.0,15.0,False,False,1
1281,stages.2.12.0,element,4,"(72, 42, 15)",200,1.0,True,0.0,0.915,True,,239,-7168.0,,inf,inf,False,True,1
1282,stages.2.1.0,element,0,"(181, 10, 1)",0,0.0,False,0.915,0.0,False,,103,1792.0,1536.0,0.22239208221435547,0.1428571492433548,False,False,1
1283,stages.2.10.0,element,1,"(115, 15, 6)",0,0.0,False,0.915,0.0,False,,242,-12288.0,-8192.0,0.5849628448486328,0.3333333432674408,False,False,1
1284,stages.2.12.0,element,0,"(51, 22, 2)",0,0.0,False,0.915,0.0,False,,249,-40960.0,-32768.0,0.3219280242919922,0.20000000298023224,False,False,1
1285,stages.2.12.0,element,0,"(43, 39, 25)",0,0.0,False,0.915,0.0,False,,248,-32768.0,-40960.0,0.3219280242919922,0.25,False,False,1
1286,stages.2.8.0,element,4,"(15, 20, 31)",0,0.0,False,0.915,0.0,False,,106,3072.0,49152.0,4.0,15.0,False,False,1
1287,stages.2.8.0,element,4,"(66, 40, 16)",0,0.0,False,0.915,0.0,False,,112,8192.0,512.0,4.0,0.9375,False,False,1
1288,stages.2.11.0,element,7,"(21, 2, 31)",0,0.0,False,0.915,0.0,False,,114,12288.0,-12288.0,0.0,2.0,True,False,1
1289,stages.3.0.0,element,5,"(296, 26, 6)",0,0.0,False,0.915,0.0,False,,237,-5120.0,-20.0,8.0,0.99609375,False,False,1
1290,stages.2.10.0,element,6,"(70, 24, 21)",0,0.0,False,0.915,0.0,False,,238,-6144.0,-0.09375,16.0,0.9999847412109375,False,False,1
1291,stages.2.3.0,element,1,"(136, 1, 23)",0,0.0,False,0.915,0.0,False,,246,-24576.0,-16384.0,0.5849628448486328,0.3333333432674408,False,False,1
1292,stages.3.0.0,element,2,"(754, 3, 19)",0,0.0,False,0.915,0.0,False,,87,112.0,56.0,1.0,0.5,False,False,1
1293,stages.2.2.0,element,3,"(117, 50, 1)",0,0.0,False,0.915,0.0,False,,93,320.0,80.0,2.0,0.75,False,False,1
1294,stages.2.10.0,element,4,"(75, 26, 6)",0,0.0,False,0.915,0.0,False,,106,3072.0,49152.0,4.0,15.0,False,False,1
1295,stages.2.13.0,element,6,"(18, 39, 5)",0,0.0,False,0.915,0.0,False,,220,-256.0,-0.00390625,16.0,0.9999847412109375,False,False,1
1296,stages.3.0.0,element,4,"(511, 1, 15)",0,0.0,False,0.915,0.0,False,,96,512.0,8192.0,4.0,15.0,False,False,1
1297,stages.2.1.0,element,7,"(145, 31, 12)",0,0.0,False,0.915,0.0,False,,245,-20480.0,20480.0,0.0,2.0,True,False,1
1298,stages.2.6.0,element,6,"(176, 0, 15)",0,0.0,False,0.915,0.0,False,,244,-16384.0,-0.25,16.0,0.9999847412109375,False,False,1
1299,stages.3.0.0,element,4,"(353, 28, 26)",0,0.0,False,0.915,0.0,False,,250,-49152.0,-3072.0,4.0,0.9375,False,False,1
1300,stages.3.0.0,element,3,"(178, 51, 21)",0,0.0,False,0.915,0.0,False,,101,1280.0,5120.0,2.0,3.0,False,False,1
1301,stages.3.0.0,element,6,"(590, 31, 15)",0,0.0,False,0.915,0.0,False,,100,1024.0,0.015625,16.0,0.9999847412109375,False,False,1
1302,stages.3.0.0,element,0,"(896, 39, 31)",0,0.0,False,0.915,0.0,False,,89,160.0,128.0,0.3219280242919922,0.20000000298023224,False,False,1
1303,stages.2.12.0,element,1,"(30, 10, 12)",0,0.0,False,0.915,0.0,False,,115,14336.0,10240.0,0.4854269027709961,0.2857142984867096,False,False,1
1304,stages.3.0.0,element,3,"(73, 33, 21)",0,0.0,False,0.915,0.0,False,,105,2560.0,640.0,2.0,0.75,False,False,1
1305,stages.2.13.0,element,3,"(77, 21, 12)",0,0.0,False,0.915,0.0,False,,213,-80.0,-320.0,2.0,3.0,False,False,1
1306,stages.2.12.0,scale,0,"(11, 28)",0,0.0,False,0.915,0.0,False,,107,107.0,106.0,1.0,inf,False,False,32
1307,stages.1.1.0,element,6,"(12, 1, 4)",0,0.0,False,0.915,0.0,False,,116,16384.0,0.25,16.0,0.9999847412109375,False,False,1
1308,stages.2.3.0,element,3,"(181, 45, 11)",0,0.0,False,0.915,0.0,False,,227,-896.0,-3584.0,2.0,3.0,False,False,1
1309,stages.3.0.0,element,7,"(473, 4, 3)",0,0.0,False,0.915,0.0,False,,243,-14336.0,14336.0,0.0,2.0,True,False,1
1310,stages.2.1.0,element,1,"(158, 8, 30)",0,0.0,False,0.915,0.0,False,,113,10240.0,14336.0,0.4854269027709961,0.4000000059604645,False,False,1
1311,stages.2.8.0,element,7,"(80, 3, 4)",0,0.0,False,0.915,0.0,False,,242,-12288.0,12288.0,0.0,2.0,True,False,1
1312,stages.3.0.0,element,6,"(538, 8, 10)",0,0.0,False,0.915,0.0,False,,232,-2048.0,-0.03125,16.0,0.9999847412109375,False,False,1
1313,stages.2.8.0,element,3,"(68, 16, 4)",0,0.0,False,0.915,0.0,False,,235,-3584.0,-896.0,2.0,0.75,False,False,1
1314,stages.2.4.0,element,4,"(135, 4, 29)",0,0.0,False,0.915,0.0,False,,70,6.0,96.0,3.999999761581421,15.0,False,False,1
1315,stages.2.6.0,element,4,"(142, 26, 30)",0,0.0,False,0.915,0.0,False,,100,1024.0,16384.0,4.0,15.0,False,False,1
1316,stages.2.6.0,element,6,"(113, 22, 16)",0,0.0,False,0.915,0.0,False,,237,-5120.0,-0.078125,16.0,0.9999847412109375,False,False,1
1317,stages.2.10.0,element,7,"(65, 9, 30)",0,0.0,False,0.915,0.0,False,,110,6144.0,-6144.0,0.0,2.0,True,False,1
1318,stages.3.0.0,element,2,"(8, 29, 14)",0,0.0,False,0.915,0.0,False,,235,-3584.0,-7168.0,1.0,1.0,False,False,1
1319,stages.3.0.0,element,0,"(115, 29, 17)",0,0.0,False,0.915,0.0,False,,107,3584.0,3072.0,0.22239208221435547,0.1428571492433548,False,False,1
1320,stages.3.0.0,element,5,"(583, 23, 21)",0,0.0,False,0.915,0.0,False,,117,20480.0,80.0,8.0,0.99609375,False,False,1
1321,stages.2.9.0,element,1,"(153, 33, 7)",0,0.0,False,0.915,0.0,False,,99,896.0,640.0,0.4854269027709961,0.2857142984867096,False,False,1
1322,stages.2.3.0,element,6,"(24, 7, 29)",0,0.0,False,0.915,0.0,False,,109,5120.0,0.078125,16.0,0.9999847412109375,False,False,1
1323,stages.2.6.0,element,4,"(109, 10, 23)",0,0.0,False,0.915,0.0,False,,249,-40960.0,-2560.0,4.0,0.9375,False,False,1
1324,stages.3.0.0,element,2,"(188, 7, 1)",0,0.0,False,0.915,0.0,False,,229,-1280.0,-640.0,1.0,0.5,False,False,1
1325,stages.3.0.0,element,5,"(148, 8, 4)",0,0.0,False,0.915,0.0,False,,237,-5120.0,-20.0,8.0,0.99609375,False,False,1
1326,stages.2.3.0,element,6,"(132, 18, 21)",0,0.0,False,0.915,0.0,False,,105,2560.0,0.0390625,16.0,0.9999847412109375,False,False,1
1327,stages.2.5.0,element,1,"(89, 33, 5)",0,0.0,False,0.915,0.0,False,,113,10240.0,14336.0,0.4854269027709961,0.4000000059604645,False,False,1
1328,stages.2.3.0,element,3,"(137, 20, 10)",0,0.0,False,0.915,0.0,False,,110,6144.0,1536.0,2.0,0.75,False,False,1
1329,stages.2.13.0,element,3,"(143, 6, 18)",0,0.0,False,0.915,0.0,False,,237,-5120.0,-1280.0,2.0,0.75,False,False,1
1330,stages.2.13.0,element,0,"(13, 34, 28)",0,0.0,False,0.915,0.0,False,,111,7168.0,6144.0,0.22239208221435547,0.1428571492433548,False,False,1
1331,stages.3.0.0,element,0,"(1180, 12, 24)",0,0.0,False,0.915,0.0,False,,241,-10240.0,-8192.0,0.3219280242919922,0.20000000298023224,False,False,1
1332,stages.2.3.0,element,5,"(56, 15, 25)",0,0.0,False,0.915,0.0,False,,97,640.0,2.5,8.0,0.99609375,False,False,1
1333,stages.2.3.0,element,1,"(121, 14, 17)",0,0.0,False,0.915,0.0,False,,109,5120.0,7168.0,0.4854269027709961,0.4000000059604645,False,False,1
1334,stages.2.5.0,element,5,"(65, 13, 5)",0,0.0,False,0.915,0.0,False,,110,6144.0,24.0,8.0,0.99609375,False,False,1
1335,stages.3.0.0,element,4,"(324, 29, 5)",0,0.0,False,0.915,0.0,False,,229,-1280.0,-20480.0,4.0,15.0,False,False,1
1336,stages.2.3.0,element,3,"(31, 25, 24)",0,0.0,False,0.915,0.0,False,,242,-12288.0,-49152.0,2.0,3.0,False,False,1
1337,stages.2.11.0,element,5,"(60, 46, 2)",0,0.0,False,0.915,0.0,False,,103,1792.0,7.0,8.0,0.99609375,False,False,1
1338,stages.1.3.0,element,4,"(75, 2, 11)",200,1.0,True,0.0,0.915,True,,110,6144.0,,inf,inf,False,True,1
1339,stages.2.11.0,element,4,"(188, 27, 7)",0,0.0,False,0.915,0.0,False,,243,-14336.0,-896.0,4.0,0.9375,False,False,1
1340,stages.2.12.0,element,6,"(142, 40, 2)",2,0.01,True,0.915,0.0,False,,123,57344.0,0.875,16.0,0.9999847412109375,False,False,1
1341,stages.0.1.0,element,2,"(22, 1, 3)",0,0.0,False,0.915,0.0,False,,237,-5120.0,-2560.0,1.0,0.5,False,False,1
1342,stages.2.10.0,element,0,"(87, 27, 2)",0,0.0,False,0.915,0.0,False,,106,3072.0,3584.0,0.22239208221435547,0.1666666716337204,False,False,1
1343,stages.2.2.0,element,1,"(150, 3, 14)",0,0.0,False,0.915,0.0,False,,238,-6144.0,-4096.0,0.5849628448486328,0.3333333432674408,False,False,1
1344,stages.2.9.0,element,7,"(97, 0, 6)",0,0.0,False,0.915,0.0,False,,240,-8192.0,8192.0,0.0,2.0,True,False,1
1345,stages.2.0.0,element,7,"(40, 13, 8)",0,0.0,False,0.915,0.0,False,,233,-2560.0,2560.0,0.0,2.0,True,False,1
1346,stages.1.3.0,element,5,"(0, 16, 19)",0,0.0,False,0.915,0.0,False,,110,6144.0,24.0,8.0,0.99609375,False,False,1
1347,stages.2.7.0,scale,0,"(1, 20)",0,0.0,False,0.915,0.0,False,,107,107.0,106.0,1.0,inf,False,False,32
1348,stages.2.12.0,element,7,"(171, 10, 26)",0,0.0,False,0.915,0.0,False,,122,49152.0,-49152.0,0.0,2.0,True,False,1
1349,stages.2.11.0,element,4,"(79, 24, 28)",0,0.0,False,0.915,0.0,False,,121,40960.0,2560.0,4.0,0.9375,False,False,1
1350,stages.1.0.0,element,6,"(89, 0, 14)",0,0.0,False,0.915,0.0,False,,236,-4096.0,-0.0625,16.0,0.9999847412109375,False,False,1
1351,stages.2.10.0,element,5,"(132, 49, 19)",0,0.0,False,0.915,0.0,False,,238,-6144.0,-24.0,8.0,0.99609375,False,False,1
1352,stages.3.0.0,element,6,"(774, 29, 29)",0,0.0,False,0.915,0.0,False,,240,-8192.0,-0.125,16.0,0.9999847412109375,False,False,1
1353,stages.2.7.0,element,7,"(92, 9, 12)",0,0.0,False,0.915,0.0,False,,237,-5120.0,5120.0,0.0,2.0,True,False,1
1354,stages.2.13.0,element,7,"(167, 39, 12)",0,0.0,False,0.915,0.0,False,,114,12288.0,-12288.0,0.0,2.0,True,False,1
1355,stages.2.10.0,element,1,"(184, 51, 6)",0,0.0,False,0.915,0.0,False,,211,-56.0,-40.0,0.4854269027709961,0.2857142984867096,False,False,1
1356,stages.2.2.0,element,1,"(96, 38, 12)",0,0.0,False,0.915,0.0,False,,245,-20480.0,-28672.0,0.4854269027709961,0.4000000059604645,False,False,1
1357,stages.2.9.0,element,7,"(181, 49, 1)",0,0.0,False,0.915,0.0,False,,236,-4096.0,4096.0,0.0,2.0,True,False,1
1358,stages.2.10.0,element,0,"(93, 49, 19)",0,0.0,False,0.915,0.0,False,,222,-384.0,-448.0,0.22239208221435547,0.1666666716337204,False,False,1
1359,stages.2.11.0,element,3,"(47, 7, 3)",0,0.0,False,0.915,0.0,False,,109,5120.0,1280.0,2.0,0.75,False,False,1
1360,stages.2.12.0,element,5,"(75, 51, 14)",0,0.0,False,0.915,0.0,False,,239,-7168.0,-28.0,8.0,0.99609375,False,False,1
1361,stages.2.12.0,element,3,"(101, 33, 7)",0,0.0,False,0.915,0.0,False,,114,12288.0,49152.0,2.0,3.0,False,False,1
1362,stages.3.0.0,element,6,"(278, 0, 10)",0,0.0,False,0.915,0.0,False,,237,-5120.0,-0.078125,16.0,0.9999847412109375,False,False,1
1363,stages.3.0.0,element,4,"(622, 50, 7)",0,0.0,False,0.915,0.0,False,,232,-2048.0,-32768.0,4.0,15.0,False,False,1
1364,stages.2.8.0,element,0,"(47, 3, 21)",0,0.0,False,0.915,0.0,False,,243,-14336.0,-12288.0,0.22239208221435547,0.1428571492433548,False,False,1
1365,stages.2.12.0,element,7,"(56, 17, 19)",0,0.0,False,0.915,0.0,False,,241,-10240.0,10240.0,0.0,2.0,True,False,1
1366,stages.3.0.0,element,2,"(631, 44, 23)",0,0.0,False,0.915,0.0,False,,243,-14336.0,-28672.0,1.0,1.0,False,False,1
1367,stages.2.12.0,element,6,"(181, 33, 25)",0,0.0,False,0.915,0.0,False,,230,-1536.0,-0.0234375,16.0,0.9999847412109375,False,False,1
1368,stages.3.0.0,scale,3,"(561, 6)",0,0.0,False,0.915,0.0,False,,107,107.0,99.0,8.0,inf,False,False,32
1369,stages.2.7.0,element,3,"(116, 17, 17)",0,0.0,False,0.915,0.0,False,,107,3584.0,896.0,2.0,0.75,False,False,1
1370,stages.2.1.0,element,2,"(139, 22, 14)",0,0.0,False,0.915,0.0,False,,220,-256.0,-128.0,1.0,0.5,False,False,1
1371,stages.2.5.0,element,5,"(4, 37, 28)",0,0.0,False,0.915,0.0,False,,109,5120.0,20.0,8.0,0.99609375,False,False,1
1372,stages.2.3.0,element,4,"(132, 17, 24)",0,0.0,False,0.915,0.0,False,,231,-1792.0,-28672.0,4.0,15.0,False,False,1
1373,stages.2.2.0,element,3,"(33, 25, 30)",0,0.0,False,0.915,0.0,False,,112,8192.0,32768.0,2.0,3.0,False,False,1
1374,stages.2.2.0,element,4,"(153, 43, 11)",0,0.0,False,0.915,0.0,False,,215,-112.0,-7.0,4.0,0.9375,False,False,1
1375,stages.2.13.0,element,1,"(14, 34, 27)",0,0.0,False,0.915,0.0,False,,112,8192.0,12288.0,0.5849628448486328,0.5,False,False,1
1376,stages.2.1.0,element,7,"(98, 18, 6)",0,0.0,False,0.915,0.0,False,,240,-8192.0,8192.0,0.0,2.0,True,False,1
1377,stages.2.12.0,element,5,"(180, 37, 10)",0,0.0,False,0.915,0.0,False,,234,-3072.0,-12.0,8.0,0.99609375,False,False,1
1378,stages.2.12.0,element,1,"(141, 39, 2)",0,0.0,False,0.915,0.0,False,,205,-20.0,-28.0,0.4854269027709961,0.4000000059604645,False,False,1
1379,stages.2.13.0,element,4,"(53, 4, 26)",200,1.0,True,0.0,0.915,True,,110,6144.0,,inf,inf,False,True,1
1380,stages.0.1.0,element,1,"(25, 5, 15)",0,0.0,False,0.915,0.0,False,,243,-14336.0,-10240.0,0.4854269027709961,0.2857142984867096,False,False,1
1381,stages.2.0.0,element,7,"(16, 5, 22)",0,0.0,False,0.915,0.0,False,,237,-5120.0,5120.0,0.0,2.0,True,False,1
1382,stages.2.13.0,element,3,"(41, 26, 23)",0,0.0,False,0.915,0.0,False,,104,2048.0,512.0,2.0,0.75,False,False,1
1383,stages.2.10.0,element,7,"(173, 34, 19)",0,0.0,False,0.915,0.0,False,,123,57344.0,-57344.0,0.0,2.0,True,False,1
1384,stages.2.4.0,element,3,"(29, 39, 2)",0,0.0,False,0.915,0.0,False,,108,4096.0,1024.0,2.0,0.75,False,False,1
1385,stages.2.6.0,element,2,"(186, 19, 31)",0,0.0,False,0.915,0.0,False,,243,-14336.0,-28672.0,1.0,1.0,False,False,1
1386,stages.2.2.0,element,1,"(133, 31, 4)",0,0.0,False,0.915,0.0,False,,110,6144.0,4096.0,0.5849628448486328,0.3333333432674408,False,False,1
1387,stages.3.0.0,element,1,"(464, 45, 16)",0,0.0,False,0.915,0.0,False,,230,-1536.0,-1024.0,0.5849628448486328,0.3333333432674408,False,False,1
1388,stages.3.0.0,element,6,"(1204, 3, 16)",0,0.0,False,0.915,0.0,False,,248,-32768.0,-0.5,16.0,0.9999847412109375,False,False,1
1389,stages.2.12.0,element,0,"(18, 50, 15)",0,0.0,False,0.915,0.0,False,,244,-16384.0,-20480.0,0.3219280242919922,0.25,False,False,1
1390,stages.2.10.0,element,4,"(56, 6, 13)",0,0.0,False,0.915,0.0,False,,88,128.0,8.0,4.0,0.9375,False,False,1
1391,stages.3.0.0,element,3,"(391, 16, 5)",0,0.0,False,0.915,0.0,False,,251,-57344.0,-14336.0,2.0,0.75,False,False,1
1392,stages.2.7.0,element,5,"(56, 53, 22)",0,0.0,False,0.915,0.0,False,,237,-5120.0,-20.0,8.0,0.99609375,False,False,1
1393,stages.3.0.0,element,6,"(897, 44, 0)",0,0.0,False,0.915,0.0,False,,246,-24576.0,-0.375,16.0,0.9999847412109375,False,False,1
1394,stages.2.3.0,element,0,"(1, 10, 1)",0,0.0,False,0.915,0.0,False,,100,1024.0,1280.0,0.3219280242919922,0.25,False,False,1
1395,stages.3.0.0,element,3,"(1147, 24, 22)",0,0.0,False,0.915,0.0,False,,229,-1280.0,-5120.0,2.0,3.0,False,False,1
1396,stages.2.6.0,element,0,"(13, 27, 25)",0,0.0,False,0.915,0.0,False,,237,-5120.0,-4096.0,0.3219280242919922,0.20000000298023224,False,False,1
1397,stages.2.9.0,element,0,"(187, 12, 9)",0,0.0,False,0.915,0.0,False,,243,-14336.0,-12288.0,0.22239208221435547,0.1428571492433548,False,False,1
1398,stages.2.2.0,element,1,"(139, 31, 30)",0,0.0,False,0.915,0.0,False,,233,-2560.0,-3584.0,0.4854269027709961,0.4000000059604645,False,False,1
1399,stages.3.0.0,element,7,"(378, 38, 12)",0,0.0,False,0.915,0.0,False,,122,49152.0,-49152.0,0.0,2.0,True,False,1
1400,stages.3.0.0,element,5,"(1230, 28, 16)",0,0.0,False,0.915,0.0,False,,110,6144.0,24.0,8.0,0.99609375,False,False,1
1401,stages.1.0.0,element,1,"(1, 5, 17)",0,0.0,False,0.915,0.0,False,,112,8192.0,12288.0,0.5849628448486328,0.5,False,False,1
1402,stages.2.4.0,element,1,"(17, 38, 11)",0,0.0,False,0.915,0.0,False,,113,10240.0,14336.0,0.4854269027709961,0.4000000059604645,False,False,1
1403,stages.3.0.0,element,3,"(786, 35, 16)",0,0.0,False,0.915,0.0,False,,229,-1280.0,-5120.0,2.0,3.0,False,False,1
1404,stages.2.11.0,element,5,"(82, 33, 17)",0,0.0,False,0.915,0.0,False,,111,7168.0,28.0,8.0,0.99609375,False,False,1
1405,stages.2.7.0,element,3,"(147, 40, 1)",0,0.0,False,0.915,0.0,False,,243,-14336.0,-57344.0,2.0,3.0,False,False,1
1406,stages.3.0.0,element,5,"(693, 21, 7)",0,0.0,False,0.915,0.0,False,,116,16384.0,64.0,8.0,0.99609375,False,False,1
1407,stages.3.0.0,element,5,"(1060, 28, 28)",0,0.0,False,0.915,0.0,False,,112,8192.0,32.0,8.0,0.99609375,False,False,1
1408,stages.2.1.0,element,1,"(111, 53, 27)",0,0.0,False,0.915,0.0,False,,114,12288.0,8192.0,0.5849628448486328,0.3333333432674408,False,False,1
1409,stages.2.2.0,element,5,"(112, 50, 30)",0,0.0,False,0.915,0.0,False,,117,20480.0,80.0,8.0,0.99609375,False,False,1
1410,stages.2.3.0,element,2,"(58, 29, 21)",0,0.0,False,0.915,0.0,False,,246,-24576.0,-12288.0,1.0,0.5,False,False,1
1411,stages.2.3.0,element,1,"(80, 43, 21)",0,0.0,False,0.915,0.0,False,,238,-6144.0,-4096.0,0.5849628448486328,0.3333333432674408,False,False,1
1412,stages.3.0.0,element,4,"(265, 47, 29)",0,0.0,False,0.915,0.0,False,,114,12288.0,768.0,4.0,0.9375,False,False,1
1413,stages.2.1.0,element,7,"(106, 49, 8)",0,0.0,False,0.915,0.0,False,,93,320.0,-320.0,0.0,2.0,True,False,1
1414,stages.1.3.0,element,5,"(50, 11, 24)",0,0.0,False,0.915,0.0,False,,114,12288.0,48.0,8.0,0.99609375,False,False,1
1415,stages.2.5.0,element,6,"(127, 31, 2)",0,0.0,False,0.915,0.0,False,,250,-49152.0,-0.75,16.0,0.9999847412109375,False,False,1
1416,stages.3.0.0,element,6,"(584, 47, 13)",0,0.0,False,0.915,0.0,False,,107,3584.0,0.0546875,16.0,0.9999847412109375,False,False,1
1417,stages.2.4.0,element,1,"(55, 35, 2)",0,0.0,False,0.915,0.0,False,,97,640.0,896.0,0.4854269027709961,0.4000000059604645,False,False,1
1418,stages.2.6.0,element,6,"(108, 1, 21)",0,0.0,False,0.915,0.0,False,,239,-7168.0,-0.109375,16.0,0.9999847412109375,False,False,1
1419,stages.3.0.0,element,4,"(1057, 25, 26)",0,0.0,False,0.915,0.0,False,,105,2560.0,40960.0,4.0,15.0,False,False,1
1420,stages.3.0.0,element,4,"(372, 22, 17)",200,1.0,True,0.0,0.915,True,,237,-5120.0,,inf,inf,False,True,1
1421,stages.3.0.0,scale,6,"(150, 23)",0,0.0,False,0.915,0.0,False,,108,108.0,44.0,64.0,inf,False,False,32
1422,stages.2.7.0,element,1,"(17, 16, 16)",0,0.0,False,0.915,0.0,False,,244,-16384.0,-24576.0,0.5849628448486328,0.5,False,False,1
1423,stages.2.1.0,element,7,"(109, 13, 21)",0,0.0,False,0.915,0.0,False,,113,10240.0,-10240.0,0.0,2.0,True,False,1
1424,stages.3.0.0,element,7,"(1227, 48, 24)",0,0.0,False,0.915,0.0,False,,112,8192.0,-8192.0,0.0,2.0,True,False,1
1425,stages.3.0.0,element,3,"(848, 4, 28)",200,1.0,True,0.0,0.915,True,,119,28672.0,,inf,inf,False,True,1
1426,stages.2.9.0,element,0,"(32, 6, 28)",0,0.0,False,0.915,0.0,False,,249,-40960.0,-32768.0,0.3219280242919922,0.20000000298023224,False,False,1
1427,stages.3.0.0,element,6,"(649, 26, 29)",0,0.0,False,0.915,0.0,False,,239,-7168.0,-0.109375,16.0,0.9999847412109375,False,False,1
1428,stages.2.7.0,element,2,"(187, 25, 14)",0,0.0,False,0.915,0.0,False,,245,-20480.0,-10240.0,1.0,0.5,False,False,1
1429,stages.2.3.0,element,6,"(175, 5, 22)",0,0.0,False,0.915,0.0,False,,237,-5120.0,-0.078125,16.0,0.9999847412109375,False,False,1
1430,stages.2.2.0,element,1,"(96, 44, 12)",0,0.0,False,0.915,0.0,False,,108,4096.0,6144.0,0.5849628448486328,0.5,False,False,1
1431,stages.2.6.0,element,0,"(180, 46, 0)",0,0.0,False,0.915,0.0,False,,247,-28672.0,-24576.0,0.22239208221435547,0.1428571492433548,False,False,1
1432,stages.3.0.0,element,7,"(1117, 4, 27)",0,0.0,False,0.915,0.0,False,,235,-3584.0,3584.0,0.0,2.0,True,False,1
1433,stages.3.0.0,element,0,"(725, 12, 28)",0,0.0,False,0.915,0.0,False,,103,1792.0,1536.0,0.22239208221435547,0.1428571492433548,False,False,1
1434,stages.2.5.0,element,7,"(109, 14, 10)",0,0.0,False,0.915,0.0,False,,111,7168.0,-7168.0,0.0,2.0,True,False,1
1435,stages.2.7.0,element,7,"(170, 47, 15)",0,0.0,False,0.915,0.0,False,,221,-320.0,320.0,0.0,2.0,True,False,1
1436,stages.2.1.0,element,6,"(188, 17, 26)",0,0.0,False,0.915,0.0,False,,233,-2560.0,-0.0390625,16.0,0.9999847412109375,False,False,1
1437,stages.3.0.0,element,0,"(209, 0, 4)",0,0.0,False,0.915,0.0,False,,250,-49152.0,-57344.0,0.22239208221435547,0.1666666716337204,False,False,1
1438,stages.2.11.0,element,0,"(182, 1, 16)",0,0.0,False,0.915,0.0,False,,114,12288.0,14336.0,0.22239208221435547,0.1666666716337204,False,False,1
1439,stages.2.3.0,element,3,"(80, 5, 8)",0,0.0,False,0.915,0.0,False,,240,-8192.0,-32768.0,2.0,3.0,False,False,1
1440,stages.3.0.0,element,3,"(664, 49, 2)",0,0.0,False,0.915,0.0,False,,240,-8192.0,-32768.0,2.0,3.0,False,False,1
1441,stages.3.0.0,element,1,"(601, 17, 28)",0,0.0,False,0.915,0.0,False,,236,-4096.0,-6144.0,0.5849628448486328,0.5,False,False,1
1442,stages.2.11.0,element,5,"(34, 26, 24)",0,0.0,False,0.915,0.0,False,,240,-8192.0,-32.0,8.0,0.99609375,False,False,1
1443,stages.2.10.0,element,4,"(85, 9, 5)",0,0.0,False,0.915,0.0,False,,243,-14336.0,-896.0,4.0,0.9375,False,False,1
1444,stages.2.0.0,scale,0,"(56, 11)",0,0.0,False,0.915,0.0,False,,106,106.0,107.0,1.0,inf,False,False,32
1445,stages.0.1.0,element,3,"(0, 10, 18)",0,0.0,False,0.915,0.0,False,,113,10240.0,40960.0,2.0,3.0,False,False,1
1446,stages.2.7.0,element,4,"(99, 29, 30)",0,0.0,False,0.915,0.0,False,,120,32768.0,2048.0,4.0,0.9375,False,False,1
1447,stages.2.2.0,element,1,"(133, 13, 7)",0,0.0,False,0.915,0.0,False,,234,-3072.0,-2048.0,0.5849628448486328,0.3333333432674408,False,False,1
1448,stages.2.12.0,element,5,"(17, 1, 30)",0,0.0,False,0.915,0.0,False,,229,-1280.0,-5.0,8.0,0.99609375,False,False,1
1449,stages.2.7.0,element,4,"(24, 21, 6)",200,1.0,True,0.0,0.915,True,,108,4096.0,inf,inf,inf,False,True,1
1450,stages.2.12.0,element,1,"(32, 6, 2)",0,0.0,False,0.915,0.0,False,,245,-20480.0,-28672.0,0.4854269027709961,0.4000000059604645,False,False,1
1451,stages.1.1.0,element,6,"(89, 0, 26)",0,0.0,False,0.915,0.0,False,,101,1280.0,0.01953125,16.0,0.9999847412109375,False,False,1
1452,stages.3.0.0,element,3,"(294, 24, 10)",0,0.0,False,0.915,0.0,False,,122,49152.0,12288.0,2.0,0.75,False,False,1
1453,stages.3.0.0,element,7,"(1046, 8, 27)",0,0.0,False,0.915,0.0,False,,248,-32768.0,32768.0,0.0,2.0,True,False,1
1454,stages.3.0.0,element,0,"(316, 24, 24)",0,0.0,False,0.915,0.0,False,,87,112.0,96.0,0.22239255905151367,0.1428571492433548,False,False,1
1455,stages.3.0.0,element,2,"(554, 45, 2)",0,0.0,False,0.915,0.0,False,,84,64.0,32.0,1.0,0.5,False,False,1
1456,stages.2.1.0,element,6,"(110, 15, 4)",0,0.0,False,0.915,0.0,False,,238,-6144.0,-0.09375,16.0,0.9999847412109375,False,False,1
1457,stages.2.11.0,element,6,"(132, 38, 28)",0,0.0,False,0.915,0.0,False,,241,-10240.0,-0.15625,16.0,0.9999847412109375,False,False,1
1458,stages.2.9.0,element,0,"(154, 7, 16)",0,0.0,False,0.915,0.0,False,,236,-4096.0,-5120.0,0.3219280242919922,0.25,False,False,1
1459,stages.2.0.0,element,7,"(124, 8, 20)",0,0.0,False,0.915,0.0,False,,241,-10240.0,10240.0,0.0,2.0,True,False,1
1460,stages.2.4.0,element,2,"(98, 38, 25)",0,0.0,False,0.915,0.0,False,,231,-1792.0,-896.0,1.0,0.5,False,False,1
1461,stages.1.3.0,element,7,"(50, 21, 11)",0,0.0,False,0.915,0.0,False,,106,3072.0,-3072.0,0.0,2.0,True,False,1
1462,stages.2.0.0,element,3,"(114, 0, 9)",0,0.0,False,0.915,0.0,False,,107,3584.0,896.0,2.0,0.75,False,False,1
1463,stages.2.10.0,element,2,"(149, 33, 29)",0,0.0,False,0.915,0.0,False,,105,2560.0,5120.0,1.0,1.0,False,False,1
1464,stages.2.2.0,element,5,"(36, 44, 24)",0,0.0,False,0.915,0.0,False,,108,4096.0,16.0,8.0,0.99609375,False,False,1
1465,stages.3.0.0,element,4,"(538, 26, 8)",200,1.0,True,0.0,0.915,True,,110,6144.0,,inf,inf,False,True,1
1466,stages.2.11.0,element,2,"(42, 40, 16)",0,0.0,False,0.915,0.0,False,,105,2560.0,5120.0,1.0,1.0,False,False,1
1467,stages.2.11.0,element,0,"(128, 49, 11)",0,0.0,False,0.915,0.0,False,,106,3072.0,3584.0,0.22239208221435547,0.1666666716337204,False,False,1
1468,stages.3.0.0,element,1,"(1228, 53, 14)",0,0.0,False,0.915,0.0,False,,223,-448.0,-320.0,0.4854269027709961,0.2857142984867096,False,False,1
1469,stages.2.13.0,element,0,"(4, 21, 6)",0,0.0,False,0.915,0.0,False,,216,-128.0,-160.0,0.3219280242919922,0.25,False,False,1
1470,stages.2.0.0,element,3,"(175, 11, 18)",0,0.0,False,0.915,0.0,False,,241,-10240.0,-40960.0,2.0,3.0,False,False,1
1471,stages.2.1.0,element,4,"(93, 43, 13)",200,1.0,True,0.0,0.915,True,,109,5120.0,,inf,inf,False,True,1
1472,stages.0.0.0,element,7,"(9, 5, 11)",0,0.0,False,0.915,0.0,False,,111,7168.0,-7168.0,0.0,2.0,True,False,1
1473,stages.2.13.0,element,1,"(91, 46, 5)",0,0.0,False,0.915,0.0,False,,107,3584.0,2560.0,0.4854269027709961,0.2857142984867096,False,False,1
1474,stages.2.0.0,element,3,"(131, 24, 17)",0,0.0,False,0.915,0.0,False,,104,2048.0,512.0,2.0,0.75,False,False,1
1475,stages.2.1.0,element,3,"(165, 37, 2)",0,0.0,False,0.915,0.0,False,,100,1024.0,4096.0,2.0,3.0,False,False,1
1476,stages.2.6.0,element,1,"(71, 4, 24)",0,0.0,False,0.915,0.0,False,,239,-7168.0,-5120.0,0.4854269027709961,0.2857142984867096,False,False,1
1477,stages.2.4.0,element,3,"(137, 31, 24)",0,0.0,False,0.915,0.0,False,,242,-12288.0,-49152.0,2.0,3.0,False,False,1
1478,stages.3.0.0,element,0,"(178, 27, 27)",0,0.0,False,0.915,0.0,False,,118,24576.0,28672.0,0.22239208221435547,0.1666666716337204,False,False,1
1479,stages.2.4.0,element,3,"(120, 6, 21)",0,0.0,False,0.915,0.0,False,,241,-10240.0,-40960.0,2.0,3.0,False,False,1
1480,stages.2.6.0,element,7,"(45, 20, 5)",0,0.0,False,0.915,0.0,False,,241,-10240.0,10240.0,0.0,2.0,True,False,1
1481,stages.3.0.0,element,3,"(52, 12, 14)",0,0.0,False,0.915,0.0,False,,114,12288.0,49152.0,2.0,3.0,False,False,1
1482,stages.2.10.0,element,0,"(81, 53, 22)",0,0.0,False,0.915,0.0,False,,244,-16384.0,-20480.0,0.3219280242919922,0.25,False,False,1
1483,stages.3.0.0,element,6,"(569, 0, 20)",0,0.0,False,0.915,0.0,False,,229,-1280.0,-0.01953125,16.0,0.9999847412109375,False,False,1
1484,stages.3.0.0,element,2,"(1090, 22, 23)",0,0.0,False,0.915,0.0,False,,111,7168.0,3584.0,1.0,0.5,False,False,1
1485,stages.3.0.0,element,4,"(116, 21, 25)",0,0.0,False,0.915,0.0,False,,112,8192.0,512.0,4.0,0.9375,False,False,1
1486,stages.3.0.0,element,1,"(879, 3, 2)",0,0.0,False,0.915,0.0,False,,109,5120.0,7168.0,0.4854269027709961,0.4000000059604645,False,False,1
1487,stages.2.12.0,element,0,"(41, 42, 16)",0,0.0,False,0.915,0.0,False,,92,256.0,320.0,0.3219280242919922,0.25,False,False,1
1488,stages.2.0.0,element,2,"(184, 24, 9)",0,0.0,False,0.915,0.0,False,,244,-16384.0,-8192.0,1.0,0.5,False,False,1
1489,stages.1.2.0,element,5,"(66, 13, 18)",0,0.0,False,0.915,0.0,False,,100,1024.0,4.0,8.0,0.99609375,False,False,1
1490,stages.3.0.0,element,7,"(631, 42, 5)",0,0.0,False,0.915,0.0,False,,108,4096.0,-4096.0,0.0,2.0,True,False,1
1491,stages.2.4.0,element,3,"(191, 45, 2)",0,0.0,False,0.915,0.0,False,,240,-8192.0,-32768.0,2.0,3.0,False,False,1
1492,stages.1.0.0,element,7,"(94, 2, 20)",0,0.0,False,0.915,0.0,False,,117,20480.0,-20480.0,0.0,2.0,True,False,1
1493,stages.2.12.0,element,5,"(35, 36, 6)",0,0.0,False,0.915,0.0,False,,237,-5120.0,-20.0,8.0,0.99609375,False,False,1
1494,stages.2.10.0,element,2,"(123, 17, 13)",0,0.0,False,0.915,0.0,False,,240,-8192.0,-16384.0,1.0,1.0,False,False,1
1495,stages.2.6.0,element,2,"(7, 44, 19)",0,0.0,False,0.915,0.0,False,,227,-896.0,-1792.0,1.0,1.0,False,False,1
1496,stages.2.3.0,element,7,"(74, 24, 7)",0,0.0,False,0.915,0.0,False,,107,3584.0,-3584.0,0.0,2.0,True,False,1
1497,stages.2.0.0,element,5,"(183, 6, 20)",0,0.0,False,0.915,0.0,False,,102,1536.0,6.0,8.0,0.99609375,False,False,1
1498,stages.3.0.0,element,4,"(136, 31, 23)",200,1.0,True,0.0,0.915,True,,236,-4096.0,-inf,inf,inf,False,True,1
1499,stages.2.12.0,element,6,"(183, 37, 27)",0,0.0,False,0.915,0.0,False,,109,5120.0,0.078125,16.0,0.9999847412109375,False,False,1
1500,stages.2.1.0,element,0,"(113, 14, 22)",0,0.0,False,0.915,0.0,False,,246,-24576.0,-28672.0,0.22239208221435547,0.1666666716337204,False,False,1
1501,stages.2.9.0,element,2,"(133, 18, 31)",200,1.0,True,0.0,0.915,True,,120,32768.0,inf,inf,inf,False,True,1
1502,stages.3.0.0,element,1,"(875, 20, 31)",0,0.0,False,0.915,0.0,False,,237,-5120.0,-7168.0,0.4854269027709961,0.4000000059604645,False,False,1
1503,stages.2.9.0,element,4,"(20, 39, 24)",0,0.0,False,0.915,0.0,False,,89,160.0,10.0,4.0,0.9375,False,False,1
1504,stages.2.7.0,element,2,"(173, 4, 28)",0,0.0,False,0.915,0.0,False,,112,8192.0,16384.0,1.0,1.0,False,False,1
1505,stages.3.0.0,element,3,"(1124, 12, 18)",0,0.0,False,0.915,0.0,False,,239,-7168.0,-1792.0,2.0,0.75,False,False,1
1506,stages.2.11.0,element,6,"(112, 5, 16)",0,0.0,False,0.915,0.0,False,,228,-1024.0,-0.015625,16.0,0.9999847412109375,False,False,1
1507,stages.3.0.0,element,4,"(666, 44, 20)",0,0.0,False,0.915,0.0,False,,249,-40960.0,-2560.0,4.0,0.9375,False,False,1
1508,stages.3.0.0,element,1,"(190, 46, 14)",0,0.0,False,0.915,0.0,False,,112,8192.0,12288.0,0.5849628448486328,0.5,False,False,1
1509,stages.3.0.0,element,6,"(709, 13, 3)",0,0.0,False,0.915,0.0,False,,110,6144.0,0.09375,16.0,0.9999847412109375,False,False,1
1510,stages.2.10.0,element,7,"(8, 16, 17)",0,0.0,False,0.915,0.0,False,,246,-24576.0,24576.0,0.0,2.0,True,False,1
1511,stages.2.9.0,element,4,"(161, 21, 13)",0,0.0,False,0.915,0.0,False,,93,320.0,20.0,4.0,0.9375,False,False,1
1512,stages.2.4.0,element,6,"(23, 40, 18)",0,0.0,False,0.915,0.0,False,,236,-4096.0,-0.0625,16.0,0.9999847412109375,False,False,1
1513,stages.3.0.0,element,7,"(372, 13, 4)",0,0.0,False,0.915,0.0,False,,120,32768.0,-32768.0,0.0,2.0,True,False,1
1514,stages.3.0.0,element,7,"(407, 27, 28)",0,0.0,False,0.915,0.0,False,,189,-1.25,1.25,0.0,2.0,True,False,1
1515,stages.2.5.0,element,7,"(95, 7, 27)",0,0.0,False,0.915,0.0,False,,117,20480.0,-20480.0,0.0,2.0,True,False,1
1516,stages.3.0.0,element,6,"(97, 35, 15)",0,0.0,False,0.915,0.0,False,,230,-1536.0,-0.0234375,16.0,0.9999847412109375,False,False,1
1517,stages.2.6.0,element,0,"(80, 0, 13)",0,0.0,False,0.915,0.0,False,,245,-20480.0,-16384.0,0.3219280242919922,0.20000000298023224,False,False,1
1518,stages.2.2.0,element,4,"(5, 14, 1)",0,0.0,False,0.915,0.0,False,,246,-24576.0,-1536.0,4.0,0.9375,False,False,1
1519,stages.3.0.0,element,5,"(39, 13, 20)",0,0.0,False,0.915,0.0,False,,238,-6144.0,-24.0,8.0,0.99609375,False,False,1
1520,stages.3.0.0,element,2,"(285, 22, 6)",0,0.0,False,0.915,0.0,False,,237,-5120.0,-2560.0,1.0,0.5,False,False,1
1521,stages.2.12.0,element,3,"(167, 43, 18)",0,0.0,False,0.915,0.0,False,,233,-2560.0,-640.0,2.0,0.75,False,False,1
1522,stages.2.3.0,element,2,"(141, 16, 1)",0,0.0,False,0.915,0.0,False,,245,-20480.0,-10240.0,1.0,0.5,False,False,1
1523,stages.2.9.0,element,7,"(164, 10, 24)",0,0.0,False,0.915,0.0,False,,110,6144.0,-6144.0,0.0,2.0,True,False,1
1524,stages.2.11.0,element,2,"(32, 23, 7)",0,0.0,False,0.915,0.0,False,,100,1024.0,512.0,1.0,0.5,False,False,1
1525,stages.3.0.0,element,6,"(1145, 49, 16)",0,0.0,False,0.915,0.0,False,,228,-1024.0,-0.015625,16.0,0.9999847412109375,False,False,1
1526,stages.2.9.0,element,1,"(161, 42, 27)",0,0.0,False,0.915,0.0,False,,229,-1280.0,-1792.0,0.4854269027709961,0.4000000059604645,False,False,1
1527,stages.3.0.0,element,6,"(251, 30, 28)",0,0.0,False,0.915,0.0,False,,228,-1024.0,-0.015625,16.0,0.9999847412109375,False,False,1
1528,stages.2.2.0,element,5,"(107, 10, 7)",0,0.0,False,0.915,0.0,False,,237,-5120.0,-20.0,8.0,0.99609375,False,False,1
1529,stages.2.11.0,element,4,"(170, 2, 23)",0,0.0,False,0.915,0.0,False,,244,-16384.0,-1024.0,4.0,0.9375,False,False,1
1530,stages.2.5.0,element,5,"(176, 51, 10)",0,0.0,False,0.915,0.0,False,,247,-28672.0,-112.0,8.0,0.99609375,False,False,1
1531,stages.3.0.0,element,4,"(175, 6, 26)",0,0.0,False,0.915,0.0,False,,222,-384.0,-24.0,4.000000476837158,0.9375,False,False,1
1532,stages.2.9.0,element,3,"(43, 48, 24)",0,0.0,False,0.915,0.0,False,,108,4096.0,1024.0,2.0,0.75,False,False,1
1533,stages.3.0.0,element,6,"(64, 49, 13)",0,0.0,False,0.915,0.0,False,,231,-1792.0,-0.02734375,16.0,0.9999847412109375,False,False,1
1534,stages.2.11.0,element,6,"(5, 14, 21)",0,0.0,False,0.915,0.0,False,,223,-448.0,-0.0068359375,16.0,0.9999847412109375,False,False,1
1535,stages.3.0.0,element,4,"(1210, 47, 13)",0,0.0,False,0.915,0.0,False,,228,-1024.0,-16384.0,4.0,15.0,False,False,1
1536,stages.2.13.0,element,5,"(175, 21, 18)",0,0.0,False,0.915,0.0,False,,231,-1792.0,-7.0,8.0,0.99609375,False,False,1
1537,stages.2.0.0,element,1,"(189, 22, 12)",0,0.0,False,0.915,0.0,False,,241,-10240.0,-14336.0,0.4854269027709961,0.4000000059604645,False,False,1
1538,stages.2.4.0,element,6,"(99, 5, 4)",0,0.0,False,0.915,0.0,False,,108,4096.0,0.0625,16.0,0.9999847412109375,False,False,1
1539,stages.3.0.0,element,1,"(292, 21, 28)",0,0.0,False,0.915,0.0,False,,226,-768.0,-512.0,0.5849628448486328,0.3333333432674408,False,False,1
1540,stages.2.3.0,element,7,"(136, 3, 26)",0,0.0,False,0.915,0.0,False,,109,5120.0,-5120.0,0.0,2.0,True,False,1
1541,stages.3.0.0,element,1,"(625, 49, 6)",0,0.0,False,0.915,0.0,False,,105,2560.0,3584.0,0.4854269027709961,0.4000000059604645,False,False,1
1542,stages.2.13.0,element,4,"(120, 44, 8)",0,0.0,False,0.915,0.0,False,,104,2048.0,32768.0,4.0,15.0,False,False,1
1543,stages.3.0.0,element,5,"(661, 32, 20)",0,0.0,False,0.915,0.0,False,,107,3584.0,14.0,8.0,0.99609375,False,False,1
1544,stages.2.6.0,element,1,"(35, 16, 16)",0,0.0,False,0.915,0.0,False,,231,-1792.0,-1280.0,0.4854269027709961,0.2857142984867096,False,False,1
1545,stages.3.0.0,element,1,"(1256, 13, 2)",0,0.0,False,0.915,0.0,False,,251,-57344.0,-40960.0,0.4854269027709961,0.2857142984867096,False,False,1
1546,stages.2.11.0,element,4,"(102, 14, 1)",0,0.0,False,0.915,0.0,False,,103,1792.0,28672.0,4.0,15.0,False,False,1
1547,stages.3.0.0,element,0,"(145, 29, 11)",0,0.0,False,0.915,0.0,False,,99,896.0,768.0,0.22239208221435547,0.1428571492433548,False,False,1
1548,stages.3.0.0,element,4,"(1157, 48, 17)",0,0.0,False,0.915,0.0,False,,244,-16384.0,-1024.0,4.0,0.9375,False,False,1
1549,stages.2.8.0,element,1,"(24, 38, 2)",0,0.0,False,0.915,0.0,False,,111,7168.0,5120.0,0.4854269027709961,0.2857142984867096,False,False,1
1550,stages.2.1.0,element,3,"(91, 22, 28)",0,0.0,False,0.915,0.0,False,,115,14336.0,57344.0,2.0,3.0,False,False,1
1551,stages.3.0.0,element,1,"(357, 30, 25)",0,0.0,False,0.915,0.0,False,,251,-57344.0,-40960.0,0.4854269027709961,0.2857142984867096,False,False,1
1552,stages.3.0.0,element,4,"(74, 23, 16)",200,1.0,True,0.0,0.915,True,,108,4096.0,inf,inf,inf,False,True,1
1553,stages.3.0.0,element,5,"(1107, 42, 4)",0,0.0,False,0.915,0.0,False,,237,-5120.0,-20.0,8.0,0.99609375,False,False,1
1554,stages.2.8.0,element,0,"(129, 16, 4)",0,0.0,False,0.915,0.0,False,,106,3072.0,3584.0,0.22239208221435547,0.1666666716337204,False,False,1
1555,stages.3.0.0,element,3,"(332, 41, 11)",0,0.0,False,0.915,0.0,False,,237,-5120.0,-1280.0,2.0,0.75,False,False,1
1556,stages.2.6.0,element,7,"(82, 8, 27)",0,0.0,False,0.915,0.0,False,,251,-57344.0,57344.0,0.0,2.0,True,False,1
1557,stages.2.4.0,element,4,"(140, 17, 0)",0,0.0,False,0.915,0.0,False,,231,-1792.0,-28672.0,4.0,15.0,False,False,1
1558,stages.3.0.0,element,7,"(287, 48, 20)",0,0.0,False,0.915,0.0,False,,239,-7168.0,7168.0,0.0,2.0,True,False,1
1559,stages.2.2.0,element,1,"(113, 34, 27)",0,0.0,False,0.915,0.0,False,,242,-12288.0,-8192.0,0.5849628448486328,0.3333333432674408,False,False,1
1560,stages.2.11.0,element,6,"(189, 27, 17)",0,0.0,False,0.915,0.0,False,,236,-4096.0,-0.0625,16.0,0.9999847412109375,False,False,1
1561,stages.1.0.0,element,5,"(49, 8, 11)",0,0.0,False,0.915,0.0,False,,117,20480.0,80.0,8.0,0.99609375,False,False,1
1562,stages.2.5.0,element,0,"(19, 4, 3)",0,0.0,False,0.915,0.0,False,,222,-384.0,-448.0,0.22239208221435547,0.1666666716337204,False,False,1
1563,stages.2.5.0,element,2,"(111, 45, 12)",0,0.0,False,0.915,0.0,False,,237,-5120.0,-2560.0,1.0,0.5,False,False,1
1564,stages.1.2.0,element,4,"(94, 11, 24)",200,1.0,True,0.0,0.915,True,,237,-5120.0,,inf,inf,False,True,1
1565,stages.2.9.0,element,1,"(191, 17, 24)",0,0.0,False,0.915,0.0,False,,97,640.0,896.0,0.4854269027709961,0.4000000059604645,False,False,1
1566,stages.2.5.0,element,4,"(161, 42, 0)",0,0.0,False,0.915,0.0,False,,118,24576.0,1536.0,4.0,0.9375,False,False,1
1567,stages.2.3.0,element,2,"(73, 0, 12)",0,0.0,False,0.915,0.0,False,,115,14336.0,28672.0,1.0,1.0,False,False,1
1568,stages.2.6.0,element,7,"(95, 43, 15)",0,0.0,False,0.915,0.0,False,,116,16384.0,-16384.0,0.0,2.0,True,False,1
1569,stages.2.6.0,element,1,"(21, 39, 27)",0,0.0,False,0.915,0.0,False,,109,5120.0,7168.0,0.4854269027709961,0.4000000059604645,False,False,1
1570,stages.2.10.0,element,7,"(35, 31, 5)",0,0.0,False,0.915,0.0,False,,111,7168.0,-7168.0,0.0,2.0,True,False,1
1571,stages.3.0.0,element,1,"(1215, 34, 10)",0,0.0,False,0.915,0.0,False,,236,-4096.0,-6144.0,0.5849628448486328,0.5,False,False,1
1572,stages.2.4.0,element,3,"(12, 42, 8)",0,0.0,False,0.915,0.0,False,,115,14336.0,57344.0,2.0,3.0,False,False,1
1573,stages.2.6.0,element,1,"(18, 11, 6)",0,0.0,False,0.915,0.0,False,,242,-12288.0,-8192.0,0.5849628448486328,0.3333333432674408,False,False,1
1574,stages.3.0.0,element,4,"(1159, 31, 11)",0,0.0,False,0.915,0.0,False,,251,-57344.0,-3584.0,4.0,0.9375,False,False,1
1575,stages.3.0.0,element,7,"(1045, 4, 22)",0,0.0,False,0.915,0.0,False,,110,6144.0,-6144.0,0.0,2.0,True,False,1
1576,stages.2.5.0,element,7,"(191, 49, 0)",0,0.0,False,0.915,0.0,False,,221,-320.0,320.0,0.0,2.0,True,False,1
1577,stages.2.1.0,element,3,"(69, 35, 23)",0,0.0,False,0.915,0.0,False,,102,1536.0,6144.0,2.0,3.0,False,False,1
1578,stages.2.9.0,element,0,"(124, 38, 16)",0,0.0,False,0.915,0.0,False,,242,-12288.0,-14336.0,0.22239208221435547,0.1666666716337204,False,False,1
1579,stages.2.11.0,element,6,"(16, 25, 3)",0,0.0,False,0.915,0.0,False,,235,-3584.0,-0.0546875,16.0,0.9999847412109375,False,False,1
1580,stages.3.0.0,element,1,"(737, 21, 14)",0,0.0,False,0.915,0.0,False,,227,-896.0,-640.0,0.4854269027709961,0.2857142984867096,False,False,1
1581,stages.2.9.0,element,1,"(89, 24, 28)",0,0.0,False,0.915,0.0,False,,116,16384.0,24576.0,0.5849628448486328,0.5,False,False,1
1582,stages.3.0.0,element,5,"(511, 18, 21)",0,0.0,False,0.915,0.0,False,,242,-12288.0,-48.0,8.0,0.99609375,False,False,1
1583,stages.2.1.0,element,1,"(38, 39, 22)",0,0.0,False,0.915,0.0,False,,240,-8192.0,-12288.0,0.5849628448486328,0.5,False,False,1
1584,stages.3.0.0,element,5,"(493, 1, 14)",0,0.0,False,0.915,0.0,False,,110,6144.0,24.0,8.0,0.99609375,False,False,1
1585,stages.3.0.0,element,7,"(105, 32, 18)",0,0.0,False,0.915,0.0,False,,110,6144.0,-6144.0,0.0,2.0,True,False,1
1586,stages.2.12.0,element,1,"(109, 11, 28)",0,0.0,False,0.915,0.0,False,,116,16384.0,24576.0,0.5849628448486328,0.5,False,False,1
1587,stages.2.6.0,element,3,"(112, 53, 7)",0,0.0,False,0.915,0.0,False,,233,-2560.0,-640.0,2.0,0.75,False,False,1
1588,stages.2.1.0,element,2,"(151, 20, 17)",0,0.0,False,0.915,0.0,False,,233,-2560.0,-5120.0,1.0,1.0,False,False,1
1589,stages.3.0.0,element,4,"(345, 11, 12)",0,0.0,False,0.915,0.0,False,,121,40960.0,2560.0,4.0,0.9375,False,False,1
1590,stages.2.5.0,element,1,"(3, 45, 15)",0,0.0,False,0.915,0.0,False,,228,-1024.0,-1536.0,0.5849628448486328,0.5,False,False,1
1591,stages.2.9.0,element,7,"(109, 29, 13)",0,0.0,False,0.915,0.0,False,,243,-14336.0,14336.0,0.0,2.0,True,False,1
1592,fc,element,6,"(4, 23, 4)",0,0.0,False,0.915,0.0,False,,110,6144.0,0.09375,16.0,0.9999847412109375,False,False,1
1593,stages.2.9.0,element,5,"(180, 13, 14)",0,0.0,False,0.915,0.0,False,,236,-4096.0,-16.0,8.0,0.99609375,False,False,1
1594,stages.2.12.0,element,2,"(30, 51, 5)",0,0.0,False,0.915,0.0,False,,223,-448.0,-224.0,1.0,0.5,False,False,1
1595,stages.2.4.0,element,6,"(177, 45, 13)",0,0.0,False,0.915,0.0,False,,101,1280.0,0.01953125,16.0,0.9999847412109375,False,False,1
1596,stages.3.0.0,element,5,"(311, 2, 9)",0,0.0,False,0.915,0.0,False,,240,-8192.0,-32.0,8.0,0.99609375,False,False,1
1597,stages.3.0.0,element,2,"(103, 43, 24)",0,0.0,False,0.915,0.0,False,,242,-12288.0,-24576.0,1.0,1.0,False,False,1
1598,stages.3.0.0,element,3,"(361, 29, 29)",0,0.0,False,0.915,0.0,False,,104,2048.0,512.0,2.0,0.75,False,False,1
1599,stages.2.8.0,element,6,"(145, 27, 11)",0,0.0,False,0.915,0.0,False,,243,-14336.0,-0.21875,16.0,0.9999847412109375,False,False,1
1600,stages.2.2.0,element,1,"(14, 22, 31)",0,0.0,False,0.915,0.0,False,,104,2048.0,3072.0,0.5849628448486328,0.5,False,False,1
1601,stages.2.2.0,element,5,"(71, 42, 3)",0,0.0,False,0.915,0.0,False,,116,16384.0,64.0,8.0,0.99609375,False,False,1
1602,stages.3.0.0,element,3,"(12, 33, 1)",200,1.0,True,0.0,0.915,True,,245,-20480.0,,inf,inf,False,True,1
1603,stages.2.11.0,element,1,"(6, 44, 11)",0,0.0,False,0.915,0.0,False,,105,2560.0,3584.0,0.4854269027709961,0.4000000059604645,False,False,1
1604,stages.2.3.0,element,2,"(82, 23, 22)",0,0.0,False,0.915,0.0,False,,199,-7.0,-3.5,1.0,0.5,False,False,1
1605,stages.3.0.0,element,5,"(284, 25, 1)",0,0.0,False,0.915,0.0,False,,104,2048.0,8.0,8.0,0.99609375,False,False,1
1606,stages.3.0.0,element,7,"(919, 28, 7)",0,0.0,False,0.915,0.0,False,,110,6144.0,-6144.0,0.0,2.0,True,False,1
1607,stages.3.0.0,element,5,"(169, 13, 10)",0,0.0,False,0.915,0.0,False,,218,-192.0,-49152.0,8.0,255.0,False,False,1
1608,stages.2.11.0,element,2,"(156, 37, 30)",0,0.0,False,0.915,0.0,False,,110,6144.0,3072.0,1.0,0.5,False,False,1
1609,stages.3.0.0,element,0,"(384, 6, 20)",0,0.0,False,0.915,0.0,False,,239,-7168.0,-6144.0,0.22239208221435547,0.1428571492433548,False,False,1
1610,stages.3.0.0,element,1,"(65, 5, 8)",0,0.0,False,0.915,0.0,False,,108,4096.0,6144.0,0.5849628448486328,0.5,False,False,1
1611,stages.3.0.0,element,2,"(339, 14, 23)",0,0.0,False,0.915,0.0,False,,241,-10240.0,-20480.0,1.0,1.0,False,False,1
1612,fc,element,1,"(3, 23, 21)",0,0.0,False,0.915,0.0,False,,109,5120.0,7168.0,0.4854269027709961,0.4000000059604645,False,False,1
1613,stages.3.0.0,element,3,"(327, 26, 0)",200,1.0,True,0.0,0.915,True,,247,-28672.0,,inf,inf,False,True,1
1614,stages.1.1.0,element,0,"(85, 7, 0)",0,0.0,False,0.915,0.0,False,,109,5120.0,4096.0,0.3219280242919922,0.20000000298023224,False,False,1
1615,stages.2.8.0,element,7,"(144, 22, 1)",0,0.0,False,0.915,0.0,False,,110,6144.0,-6144.0,0.0,2.0,True,False,1
1616,stages.3.0.0,element,7,"(1043, 7, 9)",0,0.0,False,0.915,0.0,False,,117,20480.0,-20480.0,0.0,2.0,True,False,1
1617,stages.2.4.0,element,0,"(156, 19, 27)",0,0.0,False,0.915,0.0,False,,231,-1792.0,-1536.0,0.22239208221435547,0.1428571492433548,False,False,1
1618,stages.3.0.0,element,4,"(759, 40, 14)",0,0.0,False,0.915,0.0,False,,234,-3072.0,-49152.0,4.0,15.0,False,False,1
1619,stages.2.6.0,element,3,"(175, 2, 31)",0,0.0,False,0.915,0.0,False,,115,14336.0,57344.0,2.0,3.0,False,False,1
1620,stages.2.3.0,element,7,"(97, 18, 0)",0,0.0,False,0.915,0.0,False,,103,1792.0,-1792.0,0.0,2.0,True,False,1
1621,stages.3.0.0,element,4,"(14, 49, 30)",0,0.0,False,0.915,0.0,False,,235,-3584.0,-57344.0,4.0,15.0,False,False,1
1622,stages.3.0.0,element,4,"(641, 6, 12)",0,0.0,False,0.915,0.0,False,,224,-512.0,-8192.0,4.0,15.0,False,False,1
1623,stages.3.0.0,element,4,"(901, 21, 24)",0,0.0,False,0.915,0.0,False,,216,-128.0,-8.0,4.0,0.9375,False,False,1
1624,stages.3.0.0,element,0,"(353, 29, 10)",0,0.0,False,0.915,0.0,False,,240,-8192.0,-10240.0,0.3219280242919922,0.25,False,False,1
1625,stages.2.0.0,scale,4,"(134, 18)",183,0.915,True,0.1,0.8150000000000001,False,,108,108.0,124.0,16.0,inf,False,False,32
1626,stages.3.0.0,element,2,"(515, 18, 6)",0,0.0,False,0.915,0.0,False,,226,-768.0,-1536.0,1.0,1.0,False,False,1
1627,stages.2.11.0,element,0,"(124, 30, 30)",0,0.0,False,0.915,0.0,False,,110,6144.0,7168.0,0.22239208221435547,0.1666666716337204,False,False,1
1628,stages.3.0.0,element,2,"(910, 22, 8)",0,0.0,False,0.915,0.0,False,,86,96.0,48.0,1.0,0.5,False,False,1
1629,stages.2.1.0,element,4,"(38, 14, 10)",200,1.0,True,0.0,0.915,True,,236,-4096.0,-inf,inf,inf,False,True,1
1630,stages.2.2.0,element,4,"(191, 20, 21)",0,0.0,False,0.915,0.0,False,,243,-14336.0,-896.0,4.0,0.9375,False,False,1
1631,stages.2.10.0,element,7,"(37, 52, 5)",0,0.0,False,0.915,0.0,False,,123,57344.0,-57344.0,0.0,2.0,True,False,1
1632,stages.2.0.0,element,7,"(111, 3, 9)",0,0.0,False,0.915,0.0,False,,106,3072.0,-3072.0,0.0,2.0,True,False,1
1633,stages.2.1.0,element,5,"(174, 2, 13)",0,0.0,False,0.915,0.0,False,,106,3072.0,12.0,8.0,0.99609375,False,False,1
1634,stages.2.6.0,element,4,"(95, 15, 1)",0,0.0,False,0.915,0.0,False,,117,20480.0,1280.0,4.0,0.9375,False,False,1
1635,stages.3.0.0,element,2,"(53, 35, 31)",0,0.0,False,0.915,0.0,False,,112,8192.0,16384.0,1.0,1.0,False,False,1
1636,stages.2.11.0,element,3,"(74, 43, 7)",0,0.0,False,0.915,0.0,False,,238,-6144.0,-1536.0,2.0,0.75,False,False,1
1637,stages.3.0.0,element,1,"(884, 21, 28)",0,0.0,False,0.915,0.0,False,,101,1280.0,1792.0,0.4854269027709961,0.4000000059604645,False,False,1
1638,stages.2.4.0,element,4,"(79, 41, 8)",200,1.0,True,0.0,0.915,True,,239,-7168.0,,inf,inf,False,True,1
1639,stages.2.4.0,element,7,"(24, 10, 19)",0,0.0,False,0.915,0.0,False,,112,8192.0,-8192.0,0.0,2.0,True,False,1
1640,stages.3.0.0,element,0,"(10, 26, 22)",0,0.0,False,0.915,0.0,False,,109,5120.0,4096.0,0.3219280242919922,0.20000000298023224,False,False,1
1641,stages.2.12.0,element,2,"(153, 43, 28)",0,0.0,False,0.915,0.0,False,,88,128.0,256.0,1.0,1.0,False,False,1
1642,stages.2.7.0,element,4,"(156, 31, 0)",0,0.0,False,0.915,0.0,False,,112,8192.0,512.0,4.0,0.9375,False,False,1
1643,stages.2.4.0,element,2,"(72, 6, 21)",0,0.0,False,0.915,0.0,False,,102,1536.0,768.0,1.0,0.5,False,False,1
1644,stages.2.7.0,element,4,"(4, 42, 28)",0,0.0,False,0.915,0.0,False,,105,2560.0,40960.0,4.0,15.0,False,False,1
1645,stages.2.5.0,element,2,"(66, 47, 11)",0,0.0,False,0.915,0.0,False,,111,7168.0,3584.0,1.0,0.5,False,False,1
1646,stages.3.0.0,element,1,"(1279, 23, 12)",0,0.0,False,0.915,0.0,False,,228,-1024.0,-1536.0,0.5849628448486328,0.5,False,False,1
1647,stages.3.0.0,element,5,"(656, 10, 22)",0,0.0,False,0.915,0.0,False,,113,10240.0,40.0,8.0,0.99609375,False,False,1
1648,stages.2.11.0,element,3,"(110, 11, 20)",0,0.0,False,0.915,0.0,False,,100,1024.0,4096.0,2.0,3.0,False,False,1
1649,stages.2.6.0,element,7,"(135, 9, 12)",0,0.0,False,0.915,0.0,False,,88,128.0,-128.0,0.0,2.0,True,False,1
1650,fc,element,3,"(3, 6, 26)",0,0.0,False,0.915,0.0,False,,114,12288.0,49152.0,2.0,3.0,False,False,1
1651,stages.3.0.0,element,0,"(428, 45, 16)",0,0.0,False,0.915,0.0,False,,103,1792.0,1536.0,0.22239208221435547,0.1428571492433548,False,False,1
1652,stages.3.0.0,element,0,"(1204, 28, 29)",0,0.0,False,0.915,0.0,False,,112,8192.0,10240.0,0.3219280242919922,0.25,False,False,1
1653,stages.3.0.0,element,0,"(464, 23, 23)",0,0.0,False,0.915,0.0,False,,109,5120.0,4096.0,0.3219280242919922,0.20000000298023224,False,False,1
1654,stages.2.9.0,element,4,"(165, 48, 24)",0,0.0,False,0.915,0.0,False,,92,256.0,16.0,4.0,0.9375,False,False,1
1655,stages.3.0.0,element,0,"(1103, 31, 9)",0,0.0,False,0.915,0.0,False,,109,5120.0,4096.0,0.3219280242919922,0.20000000298023224,False,False,1
1656,stages.2.6.0,element,2,"(139, 18, 19)",0,0.0,False,0.915,0.0,False,,100,1024.0,512.0,1.0,0.5,False,False,1
1657,stages.3.0.0,element,1,"(1144, 9, 11)",0,0.0,False,0.915,0.0,False,,234,-3072.0,-2048.0,0.5849628448486328,0.3333333432674408,False,False,1
1658,stages.3.0.0,element,2,"(662, 35, 13)",0,0.0,False,0.915,0.0,False,,92,256.0,128.0,1.0,0.5,False,False,1
1659,stages.2.9.0,element,7,"(159, 4, 14)",0,0.0,False,0.915,0.0,False,,107,3584.0,-3584.0,0.0,2.0,True,False,1
1660,stages.3.0.0,element,1,"(901, 4, 23)",0,0.0,False,0.915,0.0,False,,234,-3072.0,-2048.0,0.5849628448486328,0.3333333432674408,False,False,1
1661,stages.2.8.0,element,5,"(6, 17, 7)",0,0.0,False,0.915,0.0,False,,102,1536.0,6.0,8.0,0.99609375,False,False,1
1662,stages.2.10.0,element,2,"(140, 25, 17)",0,0.0,False,0.915,0.0,False,,106,3072.0,6144.0,1.0,1.0,False,False,1
1663,stages.3.0.0,element,7,"(210, 11, 16)",0,0.0,False,0.915,0.0,False,,243,-14336.0,14336.0,0.0,2.0,True,False,1
1664,stages.2.8.0,element,5,"(136, 3, 16)",0,0.0,False,0.915,0.0,False,,249,-40960.0,-160.0,8.0,0.99609375,False,False,1
1665,stages.2.1.0,element,6,"(112, 52, 10)",0,0.0,False,0.915,0.0,False,,109,5120.0,0.078125,16.0,0.9999847412109375,False,False,1
1666,stages.2.1.0,element,3,"(117, 4, 20)",0,0.0,False,0.915,0.0,False,,231,-1792.0,-7168.0,2.0,3.0,False,False,1
1667,stages.3.0.0,element,4,"(624, 39, 22)",200,1.0,True,0.0,0.915,True,,238,-6144.0,,inf,inf,False,True,1
1668,stages.2.5.0,element,3,"(160, 5, 13)",0,0.0,False,0.915,0.0,False,,113,10240.0,40960.0,2.0,3.0,False,False,1
1669,stages.3.0.0,element,6,"(905, 2, 19)",0,0.0,False,0.915,0.0,False,,235,-3584.0,-0.0546875,16.0,0.9999847412109375,False,False,1
1670,stages.2.9.0,element,5,"(129, 52, 6)",0,0.0,False,0.915,0.0,False,,226,-768.0,-3.0,8.0,0.99609375,False,False,1
1671,stages.2.0.0,element,1,"(37, 23, 14)",0,0.0,False,0.915,0.0,False,,114,12288.0,8192.0,0.5849628448486328,0.3333333432674408,False,False,1
1672,stages.2.2.0,element,1,"(9, 14, 13)",0,0.0,False,0.915,0.0,False,,223,-448.0,-320.0,0.4854269027709961,0.2857142984867096,False,False,1
1673,stages.3.0.0,element,2,"(382, 20, 15)",0,0.0,False,0.915,0.0,False,,237,-5120.0,-2560.0,1.0,0.5,False,False,1
1674,stages.2.2.0,element,1,"(117, 30, 24)",0,0.0,False,0.915,0.0,False,,224,-512.0,-768.0,0.5849628448486328,0.5,False,False,1
1675,stages.2.5.0,element,5,"(33, 19, 26)",0,0.0,False,0.915,0.0,False,,249,-40960.0,-160.0,8.0,0.99609375,False,False,1
1676,stages.2.4.0,element,2,"(151, 36, 28)",0,0.0,False,0.915,0.0,False,,242,-12288.0,-24576.0,1.0,1.0,False,False,1
1677,stages.2.10.0,scale,3,"(20, 2)",0,0.0,False,0.915,0.0,False,,108,108.0,100.0,8.0,inf,False,False,32
1678,stages.2.11.0,element,5,"(7, 21, 4)",0,0.0,False,0.915,0.0,False,,108,4096.0,16.0,8.0,0.99609375,False,False,1
1679,stages.2.2.0,element,1,"(5, 18, 19)",0,0.0,False,0.915,0.0,False,,77,20.0,28.0,0.4854269027709961,0.4000000059604645,False,False,1
1680,stages.3.0.0,element,1,"(53, 39, 17)",0,0.0,False,0.915,0.0,False,,237,-5120.0,-7168.0,0.4854269027709961,0.4000000059604645,False,False,1
1681,stages.1.3.0,element,4,"(53, 24, 4)",0,0.0,False,0.915,0.0,False,,235,-3584.0,-57344.0,4.0,15.0,False,False,1
1682,stages.2.7.0,element,7,"(119, 39, 15)",0,0.0,False,0.915,0.0,False,,116,16384.0,-16384.0,0.0,2.0,True,False,1
1683,stages.2.4.0,element,0,"(108, 33, 23)",0,0.0,False,0.915,0.0,False,,241,-10240.0,-8192.0,0.3219280242919922,0.20000000298023224,False,False,1
1684,stages.2.2.0,element,2,"(188, 18, 12)",0,0.0,False,0.915,0.0,False,,115,14336.0,28672.0,1.0,1.0,False,False,1
1685,stages.2.4.0,element,1,"(29, 53, 0)",0,0.0,False,0.915,0.0,False,,120,32768.0,49152.0,0.5849628448486328,0.5,False,False,1
1686,stages.3.0.0,element,2,"(163, 1, 4)",0,0.0,False,0.915,0.0,False,,214,-96.0,-48.0,1.0,0.5,False,False,1
1687,stages.3.0.0,element,7,"(17, 45, 19)",0,0.0,False,0.915,0.0,False,,241,-10240.0,10240.0,0.0,2.0,True,False,1
1688,stages.2.11.0,element,6,"(17, 29, 28)",0,0.0,False,0.915,0.0,False,,216,-128.0,-0.001953125,16.0,0.9999847412109375,False,False,1
1689,stages.3.0.0,element,1,"(654, 51, 4)",0,0.0,False,0.915,0.0,False,,114,12288.0,8192.0,0.5849628448486328,0.3333333432674408,False,False,1
1690,stages.2.2.0,element,3,"(67, 11, 29)",0,0.0,False,0.915,0.0,False,,225,-640.0,-2560.0,2.0,3.0,False,False,1
1691,stages.3.0.0,element,3,"(1262, 47, 19)",0,0.0,False,0.915,0.0,False,,230,-1536.0,-6144.0,2.0,3.0,False,False,1
1692,stages.3.0.0,element,3,"(452, 48, 1)",200,1.0,True,0.0,0.915,True,,247,-28672.0,,inf,inf,False,True,1
1693,stages.2.4.0,element,3,"(74, 13, 17)",0,0.0,False,0.915,0.0,False,,114,12288.0,49152.0,2.0,3.0,False,False,1
1694,stages.2.1.0,element,0,"(32, 45, 4)",0,0.0,False,0.915,0.0,False,,120,32768.0,40960.0,0.3219280242919922,0.25,False,False,1
1695,stages.3.0.0,element,4,"(45, 31, 3)",0,0.0,False,0.915,0.0,False,,228,-1024.0,-16384.0,4.0,15.0,False,False,1
1696,stages.2.5.0,element,5,"(130, 53, 29)",0,0.0,False,0.915,0.0,False,,241,-10240.0,-40.0,8.0,0.99609375,False,False,1
1697,stages.2.7.0,element,1,"(11, 44, 20)",0,0.0,False,0.915,0.0,False,,240,-8192.0,-12288.0,0.5849628448486328,0.5,False,False,1
1698,stages.3.0.0,element,2,"(970, 37, 3)",0,0.0,False,0.915,0.0,False,,241,-10240.0,-20480.0,1.0,1.0,False,False,1
1699,stages.2.6.0,element,5,"(134, 14, 26)",0,0.0,False,0.915,0.0,False,,117,20480.0,80.0,8.0,0.99609375,False,False,1
1700,stages.3.0.0,element,2,"(113, 16, 3)",0,0.0,False,0.915,0.0,False,,235,-3584.0,-7168.0,1.0,1.0,False,False,1
1701,stages.2.10.0,element,1,"(87, 9, 16)",0,0.0,False,0.915,0.0,False,,226,-768.0,-512.0,0.5849628448486328,0.3333333432674408,False,False,1
1702,stages.3.0.0,element,6,"(785, 16, 5)",0,0.0,False,0.915,0.0,False,,233,-2560.0,-0.0390625,16.0,0.9999847412109375,False,False,1
1703,stages.2.4.0,element,1,"(150, 8, 19)",0,0.0,False,0.915,0.0,False,,104,2048.0,3072.0,0.5849628448486328,0.5,False,False,1
1704,stages.2.9.0,element,3,"(126, 44, 0)",0,0.0,False,0.915,0.0,False,,248,-32768.0,-8192.0,2.0,0.75,False,False,1
1705,stages.2.10.0,element,0,"(188, 46, 5)",0,0.0,False,0.915,0.0,False,,228,-1024.0,-1280.0,0.3219280242919922,0.25,False,False,1
1706,stages.3.0.0,element,6,"(433, 51, 24)",0,0.0,False,0.915,0.0,False,,110,6144.0,0.09375,16.0,0.9999847412109375,False,False,1
1707,stages.2.9.0,element,5,"(162, 33, 25)",0,0.0,False,0.915,0.0,False,,236,-4096.0,-16.0,8.0,0.99609375,False,False,1
1708,stages.2.6.0,element,7,"(161, 25, 25)",0,0.0,False,0.915,0.0,False,,244,-16384.0,16384.0,0.0,2.0,True,False,1
1709,stages.2.8.0,element,7,"(165, 19, 6)",0,0.0,False,0.915,0.0,False,,107,3584.0,-3584.0,0.0,2.0,True,False,1
1710,stages.2.1.0,element,6,"(119, 20, 2)",0,0.0,False,0.915,0.0,False,,89,160.0,0.00244140625,16.0,0.9999847412109375,False,False,1
1711,stages.2.6.0,element,1,"(156, 7, 28)",0,0.0,False,0.915,0.0,False,,230,-1536.0,-1024.0,0.5849628448486328,0.3333333432674408,False,False,1
1712,stages.2.2.0,element,6,"(31, 34, 14)",0,0.0,False,0.915,0.0,False,,246,-24576.0,-0.375,16.0,0.9999847412109375,False,False,1
1713,stages.3.0.0,element,7,"(748, 35, 8)",0,0.0,False,0.915,0.0,False,,232,-2048.0,2048.0,0.0,2.0,True,False,1
1714,stages.2.11.0,element,4,"(72, 43, 11)",200,1.0,True,0.0,0.915,True,,108,4096.0,inf,inf,inf,False,True,1
1715,stages.3.0.0,element,4,"(1186, 23, 19)",200,1.0,True,0.0,0.915,True,,108,4096.0,inf,inf,inf,False,True,1
1716,stages.3.0.0,element,3,"(477, 12, 23)",0,0.0,False,0.915,0.0,False,,235,-3584.0,-896.0,2.0,0.75,False,False,1
1717,stages.2.2.0,element,4,"(88, 47, 0)",0,0.0,False,0.915,0.0,False,,101,1280.0,20480.0,4.0,15.0,False,False,1
1718,stages.2.1.0,element,1,"(37, 7, 14)",0,0.0,False,0.915,0.0,False,,117,20480.0,28672.0,0.4854269027709961,0.4000000059604645,False,False,1
1719,stages.2.1.0,element,4,"(120, 48, 3)",0,0.0,False,0.915,0.0,False,,242,-12288.0,-768.0,4.0,0.9375,False,False,1
1720,stages.2.10.0,element,0,"(98, 26, 31)",0,0.0,False,0.915,0.0,False,,237,-5120.0,-4096.0,0.3219280242919922,0.20000000298023224,False,False,1
1721,stages.2.11.0,element,3,"(170, 32, 20)",0,0.0,False,0.915,0.0,False,,114,12288.0,49152.0,2.0,3.0,False,False,1
1722,stages.3.0.0,element,6,"(1153, 20, 18)",0,0.0,False,0.915,0.0,False,,105,2560.0,0.0390625,16.0,0.9999847412109375,False,False,1
1723,stages.2.11.0,element,1,"(141, 47, 11)",0,0.0,False,0.915,0.0,False,,106,3072.0,2048.0,0.5849628448486328,0.3333333432674408,False,False,1
1724,stages.2.6.0,element,6,"(123, 11, 27)",0,0.0,False,0.915,0.0,False,,103,1792.0,0.02734375,16.0,0.9999847412109375,False,False,1
1725,stages.3.0.0,element,0,"(554, 18, 25)",0,0.0,False,0.915,0.0,False,,244,-16384.0,-20480.0,0.3219280242919922,0.25,False,False,1
1726,stages.2.10.0,element,0,"(27, 51, 17)",0,0.0,False,0.915,0.0,False,,101,1280.0,1024.0,0.3219280242919922,0.20000000298023224,False,False,1
1727,stages.3.0.0,element,5,"(135, 46, 21)",0,0.0,False,0.915,0.0,False,,110,6144.0,24.0,8.0,0.99609375,False,False,1
1728,stages.2.13.0,element,6,"(30, 10, 23)",0,0.0,False,0.915,0.0,False,,236,-4096.0,-0.0625,16.0,0.9999847412109375,False,False,1
1729,stages.2.2.0,element,3,"(157, 36, 15)",0,0.0,False,0.915,0.0,False,,114,12288.0,49152.0,2.0,3.0,False,False,1
1730,stages.2.12.0,scale,2,"(187, 34)",0,0.0,False,0.915,0.0,False,,107,107.0,111.0,4.0,inf,False,False,32
1731,stages.2.4.0,element,7,"(156, 50, 22)",0,0.0,False,0.915,0.0,False,,244,-16384.0,16384.0,0.0,2.0,True,False,1
1732,stages.3.0.0,scale,0,"(1003, 30)",0,0.0,False,0.915,0.0,False,,106,106.0,107.0,1.0,inf,False,False,32
1733,stages.3.0.0,element,5,"(1007, 27, 18)",0,0.0,False,0.915,0.0,False,,115,14336.0,56.0,8.0,0.99609375,False,False,1
1734,stages.2.2.0,element,0,"(11, 24, 17)",0,0.0,False,0.915,0.0,False,,236,-4096.0,-5120.0,0.3219280242919922,0.25,False,False,1
1735,stages.2.12.0,element,3,"(42, 25, 21)",0,0.0,False,0.915,0.0,False,,107,3584.0,896.0,2.0,0.75,False,False,1
1736,stages.2.13.0,element,7,"(80, 16, 6)",0,0.0,False,0.915,0.0,False,,238,-6144.0,6144.0,0.0,2.0,True,False,1
1737,stages.2.6.0,element,1,"(99, 31, 23)",0,0.0,False,0.915,0.0,False,,231,-1792.0,-1280.0,0.4854269027709961,0.2857142984867096,False,False,1
1738,stages.2.6.0,element,4,"(21, 25, 23)",0,0.0,False,0.915,0.0,False,,121,40960.0,2560.0,4.0,0.9375,False,False,1
1739,stages.2.3.0,element,5,"(1, 14, 13)",0,0.0,False,0.915,0.0,False,,236,-4096.0,-16.0,8.0,0.99609375,False,False,1
1740,stages.3.0.0,element,2,"(183, 43, 22)",0,0.0,False,0.915,0.0,False,,83,56.0,112.0,1.0,1.0,False,False,1
1741,stages.2.4.0,element,6,"(121, 29, 12)",0,0.0,False,0.915,0.0,False,,117,20480.0,0.3125,16.0,0.9999847412109375,False,False,1
1742,stages.3.0.0,element,6,"(1169, 48, 19)",0,0.0,False,0.915,0.0,False,,235,-3584.0,-0.0546875,16.0,0.9999847412109375,False,False,1
1743,stages.2.2.0,element,2,"(36, 35, 9)",200,1.0,True,0.0,0.915,True,,120,32768.0,inf,inf,inf,False,True,1
1744,stages.2.4.0,element,4,"(21, 24, 19)",0,0.0,False,0.915,0.0,False,,242,-12288.0,-768.0,4.0,0.9375,False,False,1
1745,stages.2.4.0,element,7,"(187, 33, 23)",0,0.0,False,0.915,0.0,False,,240,-8192.0,8192.0,0.0,2.0,True,False,1
1746,stages.2.11.0,element,1,"(45, 36, 27)",0,0.0,False,0.915,0.0,False,,111,7168.0,5120.0,0.4854269027709961,0.2857142984867096,False,False,1
1747,stages.2.12.0,element,7,"(124, 45, 9)",0,0.0,False,0.915,0.0,False,,236,-4096.0,4096.0,0.0,2.0,True,False,1
1748,stages.2.0.0,element,4,"(12, 14, 11)",0,0.0,False,0.915,0.0,False,,117,20480.0,1280.0,4.0,0.9375,False,False,1
1749,stages.2.3.0,element,5,"(47, 33, 29)",0,0.0,False,0.915,0.0,False,,226,-768.0,-3.0,8.0,0.99609375,False,False,1
1750,stages.2.3.0,element,3,"(52, 30, 1)",0,0.0,False,0.915,0.0,False,,240,-8192.0,-32768.0,2.0,3.0,False,False,1
1751,stages.2.0.0,element,0,"(92, 10, 27)",0,0.0,False,0.915,0.0,False,,104,2048.0,2560.0,0.3219280242919922,0.25,False,False,1
1752,stages.3.0.0,element,0,"(738, 21, 28)",0,0.0,False,0.915,0.0,False,,88,128.0,160.0,0.3219280242919922,0.25,False,False,1
1753,stages.3.0.0,element,1,"(679, 25, 26)",0,0.0,False,0.915,0.0,False,,242,-12288.0,-8192.0,0.5849628448486328,0.3333333432674408,False,False,1
1754,stages.3.0.0,element,0,"(1128, 3, 10)",0,0.0,False,0.915,0.0,False,,100,1024.0,1280.0,0.3219280242919922,0.25,False,False,1
1755,stages.2.10.0,element,7,"(4, 7, 12)",0,0.0,False,0.915,0.0,False,,93,320.0,-320.0,0.0,2.0,True,False,1
1756,stages.2.11.0,element,3,"(86, 4, 6)",0,0.0,False,0.915,0.0,False,,107,3584.0,896.0,2.0,0.75,False,False,1
1757,stages.3.0.0,element,0,"(333, 30, 11)",0,0.0,False,0.915,0.0,False,,232,-2048.0,-2560.0,0.3219280242919922,0.25,False,False,1
1758,stages.2.11.0,element,5,"(47, 35, 6)",0,0.0,False,0.915,0.0,False,,237,-5120.0,-20.0,8.0,0.99609375,False,False,1
1759,stages.2.13.0,element,2,"(90, 19, 13)",0,0.0,False,0.915,0.0,False,,237,-5120.0,-2560.0,1.0,0.5,False,False,1
1760,stages.2.7.0,element,7,"(182, 49, 27)",0,0.0,False,0.915,0.0,False,,222,-384.0,384.0,0.0,2.0,True,False,1
1761,stages.2.10.0,element,3,"(116, 7, 6)",0,0.0,False,0.915,0.0,False,,237,-5120.0,-1280.0,2.0,0.75,False,False,1
1762,stages.3.0.0,element,0,"(1239, 0, 27)",0,0.0,False,0.915,0.0,False,,104,2048.0,2560.0,0.3219280242919922,0.25,False,False,1
1763,stages.2.6.0,element,2,"(162, 16, 14)",0,0.0,False,0.915,0.0,False,,246,-24576.0,-12288.0,1.0,0.5,False,False,1
1764,stages.2.0.0,element,0,"(24, 12, 14)",0,0.0,False,0.915,0.0,False,,111,7168.0,6144.0,0.22239208221435547,0.1428571492433548,False,False,1
1765,stages.2.13.0,element,6,"(165, 12, 16)",0,0.0,False,0.915,0.0,False,,119,28672.0,0.4375,16.0,0.9999847412109375,False,False,1
1766,stages.2.4.0,element,2,"(67, 29, 21)",0,0.0,False,0.915,0.0,False,,225,-640.0,-1280.0,1.0,1.0,False,False,1
1767,stages.3.0.0,element,1,"(706, 41, 15)",0,0.0,False,0.915,0.0,False,,249,-40960.0,-57344.0,0.4854269027709961,0.4000000059604645,False,False,1
1768,stages.2.12.0,scale,2,"(123, 4)",0,0.0,False,0.915,0.0,False,,108,108.0,104.0,4.0,inf,False,False,32
1769,stages.3.0.0,element,2,"(49, 26, 31)",0,0.0,False,0.915,0.0,False,,108,4096.0,2048.0,1.0,0.5,False,False,1
1770,stages.2.8.0,element,7,"(38, 39, 0)",0,0.0,False,0.915,0.0,False,,240,-8192.0,8192.0,0.0,2.0,True,False,1
1771,stages.2.12.0,element,5,"(40, 11, 19)",0,0.0,False,0.915,0.0,False,,85,80.0,20480.0,8.0,255.0,False,False,1
1772,stages.3.0.0,element,3,"(36, 6, 17)",0,0.0,False,0.915,0.0,False,,106,3072.0,768.0,2.0,0.75,False,False,1
1773,stages.2.7.0,element,7,"(47, 15, 3)",0,0.0,False,0.915,0.0,False,,90,192.0,-192.0,0.0,2.0,True,False,1
1774,stages.2.9.0,element,2,"(157, 12, 15)",0,0.0,False,0.915,0.0,False,,236,-4096.0,-2048.0,1.0,0.5,False,False,1
1775,stages.3.0.0,element,4,"(1162, 50, 4)",0,0.0,False,0.915,0.0,False,,93,320.0,20.0,4.0,0.9375,False,False,1
1776,stages.2.3.0,element,1,"(48, 46, 11)",0,0.0,False,0.915,0.0,False,,102,1536.0,1024.0,0.5849628448486328,0.3333333432674408,False,False,1
1777,stages.2.5.0,element,3,"(1, 0, 18)",0,0.0,False,0.915,0.0,False,,95,448.0,112.0,2.0,0.75,False,False,1
1778,stages.2.8.0,element,3,"(27, 11, 4)",0,0.0,False,0.915,0.0,False,,228,-1024.0,-4096.0,2.0,3.0,False,False,1
1779,stages.2.7.0,element,2,"(122, 9, 30)",0,0.0,False,0.915,0.0,False,,106,3072.0,6144.0,1.0,1.0,False,False,1
1780,stages.2.3.0,element,0,"(115, 28, 1)",0,0.0,False,0.915,0.0,False,,239,-7168.0,-6144.0,0.22239208221435547,0.1428571492433548,False,False,1
1781,stages.2.11.0,element,1,"(128, 48, 31)",0,0.0,False,0.915,0.0,False,,226,-768.0,-512.0,0.5849628448486328,0.3333333432674408,False,False,1
1782,stages.2.4.0,scale,5,"(99, 9)",0,0.0,False,0.915,0.0,False,,107,107.0,75.0,32.0,inf,False,False,32
1783,stages.2.12.0,element,0,"(59, 47, 21)",0,0.0,False,0.915,0.0,False,,248,-32768.0,-40960.0,0.3219280242919922,0.25,False,False,1
1784,stages.3.0.0,element,2,"(98, 24, 2)",0,0.0,False,0.915,0.0,False,,112,8192.0,16384.0,1.0,1.0,False,False,1
1785,stages.2.9.0,element,3,"(153, 49, 31)",0,0.0,False,0.915,0.0,False,,95,448.0,112.0,2.0,0.75,False,False,1
1786,stages.2.5.0,element,6,"(132, 52, 11)",0,0.0,False,0.915,0.0,False,,113,10240.0,0.15625,16.0,0.9999847412109375,False,False,1
1787,stages.2.6.0,element,3,"(17, 21, 28)",0,0.0,False,0.915,0.0,False,,96,512.0,2048.0,2.0,3.0,False,False,1
1788,stages.2.3.0,element,1,"(35, 26, 8)",0,0.0,False,0.915,0.0,False,,101,1280.0,1792.0,0.4854269027709961,0.4000000059604645,False,False,1
1789,stages.3.0.0,element,2,"(780, 22, 6)",0,0.0,False,0.915,0.0,False,,109,5120.0,2560.0,1.0,0.5,False,False,1
1790,stages.3.0.0,element,1,"(1166, 44, 23)",0,0.0,False,0.915,0.0,False,,104,2048.0,3072.0,0.5849628448486328,0.5,False,False,1
1791,stages.2.9.0,element,6,"(165, 19, 8)",0,0.0,False,0.915,0.0,False,,121,40960.0,0.625,16.0,0.9999847412109375,False,False,1
1792,stages.2.13.0,element,3,"(11, 9, 26)",0,0.0,False,0.915,0.0,False,,113,10240.0,40960.0,2.0,3.0,False,False,1
1793,stages.3.0.0,element,3,"(750, 24, 28)",200,1.0,True,0.0,0.915,True,,244,-16384.0,-inf,inf,inf,False,True,1
1794,stages.3.0.0,element,2,"(120, 29, 10)",0,0.0,False,0.915,0.0,False,,111,7168.0,3584.0,1.0,0.5,False,False,1
1795,stages.3.0.0,element,2,"(767, 49, 8)",0,0.0,False,0.915,0.0,False,,107,3584.0,7168.0,1.0,1.0,False,False,1
1796,stages.2.6.0,element,7,"(37, 5, 9)",0,0.0,False,0.915,0.0,False,,99,896.0,-896.0,0.0,2.0,True,False,1
1797,stages.2.9.0,scale,5,"(60, 2)",0,0.0,False,0.915,0.0,False,,108,108.0,76.0,32.0,inf,False,False,32
1798,stages.3.0.0,element,2,"(226, 15, 21)",0,0.0,False,0.915,0.0,False,,111,7168.0,3584.0,1.0,0.5,False,False,1
1799,stages.2.13.0,element,5,"(50, 20, 7)",0,0.0,False,0.915,0.0,False,,244,-16384.0,-64.0,8.0,0.99609375,False,False,1
1800,stages.2.6.0,element,6,"(163, 11, 2)",0,0.0,False,0.915,0.0,False,,109,5120.0,0.078125,16.0,0.9999847412109375,False,False,1
1801,stages.3.0.0,element,0,"(1150, 33, 19)",0,0.0,False,0.915,0.0,False,,251,-57344.0,-49152.0,0.22239208221435547,0.1428571492433548,False,False,1
1802,stages.2.6.0,element,6,"(157, 9, 10)",0,0.0,False,0.915,0.0,False,,241,-10240.0,-0.15625,16.0,0.9999847412109375,False,False,1
1803,stages.1.0.0,element,6,"(82, 12, 8)",0,0.0,False,0.915,0.0,False,,233,-2560.0,-0.0390625,16.0,0.9999847412109375,False,False,1
1804,stages.3.0.0,element,7,"(1015, 38, 13)",0,0.0,False,0.915,0.0,False,,236,-4096.0,4096.0,0.0,2.0,True,False,1
1805,stages.3.0.0,element,0,"(810, 48, 10)",0,0.0,False,0.915,0.0,False,,230,-1536.0,-1792.0,0.22239208221435547,0.1666666716337204,False,False,1
1806,stages.2.10.0,element,1,"(164, 5, 3)",0,0.0,False,0.915,0.0,False,,231,-1792.0,-1280.0,0.4854269027709961,0.2857142984867096,False,False,1
1807,stages.3.0.0,element,5,"(1265, 8, 23)",0,0.0,False,0.915,0.0,False,,234,-3072.0,-12.0,8.0,0.99609375,False,False,1
1808,stages.2.11.0,element,5,"(21, 10, 20)",0,0.0,False,0.915,0.0,False,,233,-2560.0,-10.0,8.0,0.99609375,False,False,1
1809,stages.2.1.0,element,7,"(179, 15, 10)",0,0.0,False,0.915,0.0,False,,108,4096.0,-4096.0,0.0,2.0,True,False,1
1810,stages.2.11.0,element,1,"(40, 47, 10)",0,0.0,False,0.915,0.0,False,,99,896.0,640.0,0.4854269027709961,0.2857142984867096,False,False,1
1811,stages.3.0.0,element,7,"(831, 46, 12)",0,0.0,False,0.915,0.0,False,,232,-2048.0,2048.0,0.0,2.0,True,False,1
1812,stages.2.11.0,scale,1,"(183, 9)",0,0.0,False,0.915,0.0,False,,108,108.0,110.0,2.0,inf,False,False,32
1813,stages.2.5.0,element,3,"(34, 24, 19)",200,1.0,True,0.0,0.915,True,,246,-24576.0,,inf,inf,False,True,1
1814,stages.2.9.0,element,7,"(181, 47, 12)",0,0.0,False,0.915,0.0,False,,122,49152.0,-49152.0,0.0,2.0,True,False,1
1815,stages.1.3.0,element,0,"(71, 16, 9)",0,0.0,False,0.915,0.0,False,,242,-12288.0,-14336.0,0.22239208221435547,0.1666666716337204,False,False,1
1816,stages.1.1.0,element,4,"(20, 26, 21)",0,0.0,False,0.915,0.0,False,,105,2560.0,40960.0,4.0,15.0,False,False,1
1817,stages.3.0.0,element,5,"(436, 19, 25)",0,0.0,False,0.915,0.0,False,,113,10240.0,40.0,8.0,0.99609375,False,False,1
1818,stages.2.4.0,element,5,"(169, 33, 14)",0,0.0,False,0.915,0.0,False,,116,16384.0,64.0,8.0,0.99609375,False,False,1
1819,stages.3.0.0,element,3,"(573, 49, 27)",0,0.0,False,0.915,0.0,False,,109,5120.0,1280.0,2.0,0.75,False,False,1
1820,stages.2.10.0,element,7,"(63, 15, 13)",0,0.0,False,0.915,0.0,False,,243,-14336.0,14336.0,0.0,2.0,True,False,1
1821,stages.2.3.0,element,0,"(179, 14, 13)",0,0.0,False,0.915,0.0,False,,110,6144.0,7168.0,0.22239208221435547,0.1666666716337204,False,False,1
1822,stages.2.6.0,element,7,"(50, 12, 3)",0,0.0,False,0.915,0.0,False,,232,-2048.0,2048.0,0.0,2.0,True,False,1
1823,stages.2.0.0,element,2,"(93, 23, 5)",0,0.0,False,0.915,0.0,False,,244,-16384.0,-8192.0,1.0,0.5,False,False,1
1824,stages.1.1.0,element,1,"(53, 26, 9)",0,0.0,False,0.915,0.0,False,,250,-49152.0,-32768.0,0.5849628448486328,0.3333333432674408,False,False,1
1825,stages.2.4.0,element,1,"(95, 1, 9)",0,0.0,False,0.915,0.0,False,,249,-40960.0,-57344.0,0.4854269027709961,0.4000000059604645,False,False,1
1826,stages.3.0.0,element,5,"(18, 30, 13)",0,0.0,False,0.915,0.0,False,,114,12288.0,48.0,8.0,0.99609375,False,False,1
1827,stages.2.5.0,element,0,"(166, 50, 1)",0,0.0,False,0.915,0.0,False,,113,10240.0,8192.0,0.3219280242919922,0.20000000298023224,False,False,1
1828,stages.3.0.0,element,1,"(424, 9, 19)",0,0.0,False,0.915,0.0,False,,225,-640.0,-896.0,0.4854269027709961,0.4000000059604645,False,False,1
1829,stages.2.12.0,element,4,"(105, 39, 10)",200,1.0,True,0.0,0.915,True,,109,5120.0,,inf,inf,False,True,1
1830,stages.2.9.0,element,6,"(0, 48, 29)",0,0.0,False,0.915,0.0,False,,115,14336.0,0.21875,16.0,0.9999847412109375,False,False,1
1831,stages.2.13.0,element,5,"(82, 9, 16)",0,0.0,False,0.915,0.0,False,,233,-2560.0,-10.0,8.0,0.99609375,False,False,1
1832,stages.3.0.0,element,4,"(1249, 46, 0)",0,0.0,False,0.915,0.0,False,,235,-3584.0,-57344.0,4.0,15.0,False,False,1
1833,stages.3.0.0,element,7,"(104, 20, 20)",0,0.0,False,0.915,0.0,False,,236,-4096.0,4096.0,0.0,2.0,True,False,1
1834,stages.2.2.0,element,7,"(148, 25, 6)",0,0.0,False,0.915,0.0,False,,243,-14336.0,14336.0,0.0,2.0,True,False,1
1835,stages.3.0.0,element,2,"(39, 29, 13)",0,0.0,False,0.915,0.0,False,,234,-3072.0,-6144.0,1.0,1.0,False,False,1
1836,stages.2.8.0,element,2,"(98, 39, 1)",0,0.0,False,0.915,0.0,False,,113,10240.0,20480.0,1.0,1.0,False,False,1
1837,stages.2.10.0,element,7,"(69, 40, 13)",0,0.0,False,0.915,0.0,False,,239,-7168.0,7168.0,0.0,2.0,True,False,1
1838,stages.2.12.0,element,5,"(82, 31, 2)",0,0.0,False,0.915,0.0,False,,109,5120.0,20.0,8.0,0.99609375,False,False,1
1839,stages.2.1.0,element,2,"(67, 25, 13)",0,0.0,False,0.915,0.0,False,,114,12288.0,24576.0,1.0,1.0,False,False,1
1840,stages.3.0.0,element,3,"(206, 48, 18)",0,0.0,False,0.915,0.0,False,,238,-6144.0,-1536.0,2.0,0.75,False,False,1
1841,stages.3.0.0,element,1,"(1117, 33, 7)",0,0.0,False,0.915,0.0,False,,234,-3072.0,-2048.0,0.5849628448486328,0.3333333432674408,False,False,1
1842,stages.2.4.0,element,1,"(68, 16, 15)",0,0.0,False,0.915,0.0,False,,242,-12288.0,-8192.0,0.5849628448486328,0.3333333432674408,False,False,1
1843,stages.3.0.0,element,2,"(445, 33, 31)",0,0.0,False,0.915,0.0,False,,236,-4096.0,-2048.0,1.0,0.5,False,False,1
1844,stages.2.10.0,element,1,"(102, 48, 16)",0,0.0,False,0.915,0.0,False,,116,16384.0,24576.0,0.5849628448486328,0.5,False,False,1
1845,stages.2.3.0,element,0,"(72, 34, 29)",0,0.0,False,0.915,0.0,False,,236,-4096.0,-5120.0,0.3219280242919922,0.25,False,False,1
1846,stages.1.2.0,element,7,"(41, 6, 31)",0,0.0,False,0.915,0.0,False,,112,8192.0,-8192.0,0.0,2.0,True,False,1
1847,stages.2.4.0,element,6,"(136, 40, 22)",0,0.0,False,0.915,0.0,False,,244,-16384.0,-0.25,16.0,0.9999847412109375,False,False,1
1848,stages.3.0.0,element,4,"(204, 43, 19)",0,0.0,False,0.915,0.0,False,,240,-8192.0,-512.0,4.0,0.9375,False,False,1
1849,stages.2.6.0,element,0,"(89, 16, 26)",0,0.0,False,0.915,0.0,False,,231,-1792.0,-1536.0,0.22239208221435547,0.1428571492433548,False,False,1
1850,stages.3.0.0,element,2,"(187, 10, 7)",0,0.0,False,0.915,0.0,False,,107,3584.0,7168.0,1.0,1.0,False,False,1
1851,stages.2.5.0,element,7,"(83, 34, 8)",0,0.0,False,0.915,0.0,False,,106,3072.0,-3072.0,0.0,2.0,True,False,1
1852,stages.2.11.0,element,6,"(172, 49, 7)",0,0.0,False,0.915,0.0,False,,107,3584.0,0.0546875,16.0,0.9999847412109375,False,False,1
1853,stages.3.0.0,element,5,"(17, 46, 6)",0,0.0,False,0.915,0.0,False,,235,-3584.0,-14.0,8.0,0.99609375,False,False,1
1854,stages.3.0.0,element,2,"(796, 31, 12)",0,0.0,False,0.915,0.0,False,,102,1536.0,768.0,1.0,0.5,False,False,1
1855,stages.3.0.0,element,3,"(878, 52, 14)",200,1.0,True,0.0,0.915,True,,245,-20480.0,,inf,inf,False,True,1
1856,stages.2.11.0,element,1,"(135, 27, 10)",0,0.0,False,0.915,0.0,False,,106,3072.0,2048.0,0.5849628448486328,0.3333333432674408,False,False,1
1857,stages.3.0.0,element,4,"(790, 20, 19)",0,0.0,False,0.915,0.0,False,,95,448.0,28.0,4.0,0.9375,False,False,1
1858,stages.2.1.0,element,6,"(34, 19, 24)",0,0.0,False,0.915,0.0,False,,114,12288.0,0.1875,16.0,0.9999847412109375,False,False,1
1859,stages.3.0.0,element,4,"(725, 6, 16)",0,0.0,False,0.915,0.0,False,,100,1024.0,16384.0,4.0,15.0,False,False,1
1860,stages.2.0.0,scale,2,"(47, 10)",0,0.0,False,0.915,0.0,False,,107,107.0,111.0,4.0,inf,False,False,32
1861,stages.2.13.0,element,5,"(172, 4, 5)",0,0.0,False,0.915,0.0,False,,96,512.0,2.0,8.0,0.99609375,False,False,1
1862,stages.2.7.0,element,7,"(127, 32, 1)",0,0.0,False,0.915,0.0,False,,239,-7168.0,7168.0,0.0,2.0,True,False,1
1863,stages.2.4.0,element,0,"(45, 21, 29)",0,0.0,False,0.915,0.0,False,,224,-512.0,-640.0,0.3219280242919922,0.25,False,False,1
1864,stages.2.3.0,element,5,"(164, 5, 8)",0,0.0,False,0.915,0.0,False,,238,-6144.0,-24.0,8.0,0.99609375,False,False,1
1865,stages.3.0.0,element,3,"(687, 35, 18)",0,0.0,False,0.915,0.0,False,,114,12288.0,49152.0,2.0,3.0,False,False,1
1866,stages.2.7.0,element,6,"(104, 37, 6)",0,0.0,False,0.915,0.0,False,,229,-1280.0,-0.01953125,16.0,0.9999847412109375,False,False,1
1867,stages.2.5.0,element,5,"(185, 34, 19)",0,0.0,False,0.915,0.0,False,,121,40960.0,160.0,8.0,0.99609375,False,False,1
1868,stages.2.11.0,element,2,"(155, 22, 10)",0,0.0,False,0.915,0.0,False,,222,-384.0,-192.0,1.0000004768371582,0.5,False,False,1
1869,stages.2.13.0,element,7,"(124, 21, 22)",0,0.0,False,0.915,0.0,False,,110,6144.0,-6144.0,0.0,2.0,True,False,1
1870,stages.2.8.0,element,0,"(46, 5, 4)",0,0.0,False,0.915,0.0,False,,232,-2048.0,-2560.0,0.3219280242919922,0.25,False,False,1
1871,stages.3.0.0,element,6,"(118, 45, 3)",0,0.0,False,0.915,0.0,False,,232,-2048.0,-0.03125,16.0,0.9999847412109375,False,False,1
1872,stages.3.0.0,element,3,"(1142, 47, 6)",0,0.0,False,0.915,0.0,False,,241,-10240.0,-40960.0,2.0,3.0,False,False,1
1873,stages.2.5.0,element,3,"(78, 51, 29)",0,0.0,False,0.915,0.0,False,,239,-7168.0,-1792.0,2.0,0.75,False,False,1
1874,stages.2.12.0,element,5,"(80, 45, 29)",0,0.0,False,0.915,0.0,False,,107,3584.0,14.0,8.0,0.99609375,False,False,1
1875,stages.2.7.0,scale,4,"(118, 22)",176,0.88,True,0.125,0.79,False,,108,108.0,124.0,16.0,inf,False,False,32
1876,stages.3.0.0,element,5,"(995, 28, 24)",0,0.0,False,0.915,0.0,False,,108,4096.0,16.0,8.0,0.99609375,False,False,1
1877,stages.2.0.0,element,4,"(61, 1, 19)",0,0.0,False,0.915,0.0,False,,241,-10240.0,-640.0,4.0,0.9375,False,False,1
1878,stages.2.12.0,element,1,"(32, 5, 25)",0,0.0,False,0.915,0.0,False,,109,5120.0,7168.0,0.4854269027709961,0.4000000059604645,False,False,1
1879,stages.2.11.0,element,3,"(21, 51, 0)",200,1.0,True,0.0,0.915,True,,244,-16384.0,-inf,inf,inf,False,True,1
1880,stages.3.0.0,element,1,"(560, 53, 12)",0,0.0,False,0.915,0.0,False,,109,5120.0,7168.0,0.4854269027709961,0.4000000059604645,False,False,1
1881,stages.3.0.0,element,4,"(1069, 30, 17)",200,1.0,True,0.0,0.915,True,,109,5120.0,,inf,inf,False,True,1
1882,stages.2.4.0,element,5,"(115, 17, 5)",0,0.0,False,0.915,0.0,False,,113,10240.0,40.0,8.0,0.99609375,False,False,1
1883,stages.3.0.0,element,0,"(622, 45, 28)",0,0.0,False,0.915,0.0,False,,239,-7168.0,-6144.0,0.22239208221435547,0.1428571492433548,False,False,1
1884,stages.2.11.0,element,3,"(180, 20, 15)",0,0.0,False,0.915,0.0,False,,240,-8192.0,-32768.0,2.0,3.0,False,False,1
1885,stages.2.1.0,element,3,"(123, 26, 13)",0,0.0,False,0.915,0.0,False,,102,1536.0,6144.0,2.0,3.0,False,False,1
1886,stages.1.3.0,element,6,"(56, 16, 30)",0,0.0,False,0.915,0.0,False,,99,896.0,0.013671875,16.0,0.9999847412109375,False,False,1
1887,stages.2.3.0,scale,7,"(150, 10)",200,1.0,True,0.0,0.915,True,,108,108.0,236.0,128.0,inf,False,False,32
1888,stages.2.5.0,element,6,"(55, 45, 17)",0,0.0,False,0.915,0.0,False,,109,5120.0,0.078125,16.0,0.9999847412109375,False,False,1
1889,stages.3.0.0,element,6,"(1128, 10, 1)",0,0.0,False,0.915,0.0,False,,95,448.0,0.0068359375,16.0,0.9999847412109375,False,False,1
1890,stages.2.8.0,element,0,"(157, 11, 20)",0,0.0,False,0.915,0.0,False,,240,-8192.0,-10240.0,0.3219280242919922,0.25,False,False,1
1891,stages.3.0.0,element,4,"(433, 42, 2)",0,0.0,False,0.915,0.0,False,,107,3584.0,57344.0,4.0,15.0,False,False,1
1892,stages.2.4.0,element,2,"(176, 26, 5)",0,0.0,False,0.915,0.0,False,,111,7168.0,3584.0,1.0,0.5,False,False,1
1893,stages.2.0.0,element,1,"(4, 18, 29)",0,0.0,False,0.915,0.0,False,,102,1536.0,1024.0,0.5849628448486328,0.3333333432674408,False,False,1
1894,stages.2.9.0,element,7,"(64, 5, 21)",0,0.0,False,0.915,0.0,False,,242,-12288.0,12288.0,0.0,2.0,True,False,1
1895,stages.2.6.0,element,7,"(153, 34, 12)",0,0.0,False,0.915,0.0,False,,250,-49152.0,49152.0,0.0,2.0,True,False,1
1896,stages.2.5.0,element,4,"(126, 20, 24)",0,0.0,False,0.915,0.0,False,,112,8192.0,512.0,4.0,0.9375,False,False,1
1897,stages.3.0.0,element,4,"(607, 7, 29)",200,1.0,True,0.0,0.915,True,,237,-5120.0,,inf,inf,False,True,1
1898,stages.3.0.0,element,3,"(157, 24, 8)",0,0.0,False,0.915,0.0,False,,234,-3072.0,-768.0,2.0,0.75,False,False,1
1899,stages.3.0.0,element,7,"(740, 47, 7)",0,0.0,False,0.915,0.0,False,,104,2048.0,-2048.0,0.0,2.0,True,False,1
1900,stages.3.0.0,element,6,"(230, 33, 12)",0,0.0,False,0.915,0.0,False,,110,6144.0,0.09375,16.0,0.9999847412109375,False,False,1
1901,stages.2.1.0,scale,2,"(68, 22)",2,0.01,True,0.905,0.010000000000000009,False,,107,107.0,111.0,4.0,inf,False,False,32
1902,stages.2.13.0,element,5,"(31, 2, 29)",0,0.0,False,0.915,0.0,False,,240,-8192.0,-32.0,8.0,0.99609375,False,False,1
1903,stages.2.11.0,element,0,"(58, 6, 18)",0,0.0,False,0.915,0.0,False,,237,-5120.0,-4096.0,0.3219280242919922,0.20000000298023224,False,False,1
1904,stages.2.11.0,element,1,"(27, 7, 28)",0,0.0,False,0.915,0.0,False,,202,-12.0,-8.0,0.5849626064300537,0.3333333432674408,False,False,1
1905,stages.3.0.0,element,5,"(674, 39, 26)",0,0.0,False,0.915,0.0,False,,240,-8192.0,-32.0,8.0,0.99609375,False,False,1
1906,stages.3.0.0,element,3,"(822, 47, 28)",0,0.0,False,0.915,0.0,False,,115,14336.0,57344.0,2.0,3.0,False,False,1
1907,stages.3.0.0,element,0,"(942, 45, 29)",0,0.0,False,0.915,0.0,False,,244,-16384.0,-20480.0,0.3219280242919922,0.25,False,False,1
1908,stages.2.12.0,element,4,"(26, 25, 22)",0,0.0,False,0.915,0.0,False,,242,-12288.0,-768.0,4.0,0.9375,False,False,1
1909,stages.2.11.0,element,3,"(72, 43, 27)",0,0.0,False,0.915,0.0,False,,235,-3584.0,-896.0,2.0,0.75,False,False,1
1910,stages.2.9.0,element,1,"(68, 34, 17)",0,0.0,False,0.915,0.0,False,,233,-2560.0,-3584.0,0.4854269027709961,0.4000000059604645,False,False,1
1911,stages.2.9.0,element,3,"(10, 9, 11)",0,0.0,False,0.915,0.0,False,,111,7168.0,1792.0,2.0,0.75,False,False,1
1912,stages.2.1.0,element,4,"(2, 17, 29)",0,0.0,False,0.915,0.0,False,,243,-14336.0,-896.0,4.0,0.9375,False,False,1
1913,stages.2.9.0,element,5,"(154, 23, 29)",0,0.0,False,0.915,0.0,False,,247,-28672.0,-112.0,8.0,0.99609375,False,False,1
1914,stages.1.1.0,element,4,"(41, 8, 10)",0,0.0,False,0.915,0.0,False,,234,-3072.0,-49152.0,4.0,15.0,False,False,1
1915,stages.2.9.0,element,1,"(76, 7, 15)",0,0.0,False,0.915,0.0,False,,107,3584.0,2560.0,0.4854269027709961,0.2857142984867096,False,False,1
1916,stages.2.1.0,element,7,"(187, 47, 23)",0,0.0,False,0.915,0.0,False,,231,-1792.0,1792.0,0.0,2.0,True,False,1
1917,stages.2.8.0,element,0,"(186, 21, 15)",0,0.0,False,0.915,0.0,False,,106,3072.0,3584.0,0.22239208221435547,0.1666666716337204,False,False,1
1918,stages.2.3.0,element,3,"(164, 20, 16)",200,1.0,True,0.0,0.915,True,,117,20480.0,,inf,inf,False,True,1
1919,stages.2.0.0,element,5,"(97, 11, 23)",0,0.0,False,0.915,0.0,False,,120,32768.0,128.0,8.0,0.99609375,False,False,1
1920,stages.2.1.0,element,7,"(131, 18, 7)",0,0.0,False,0.915,0.0,False,,97,640.0,-640.0,0.0,2.0,True,False,1
1921,stages.2.6.0,element,1,"(152, 38, 13)",0,0.0,False,0.915,0.0,False,,221,-320.0,-448.0,0.4854269027709961,0.4000000059604645,False,False,1
1922,stages.2.2.0,element,7,"(167, 31, 5)",0,0.0,False,0.915,0.0,False,,118,24576.0,-24576.0,0.0,2.0,True,False,1
1923,stages.2.12.0,element,1,"(58, 38, 23)",0,0.0,False,0.915,0.0,False,,233,-2560.0,-3584.0,0.4854269027709961,0.4000000059604645,False,False,1
1924,stages.2.10.0,element,1,"(88, 5, 6)",0,0.0,False,0.915,0.0,False,,243,-14336.0,-10240.0,0.4854269027709961,0.2857142984867096,False,False,1
1925,stages.3.0.0,element,0,"(60, 42, 31)",0,0.0,False,0.915,0.0,False,,81,40.0,32.0,0.3219280242919922,0.20000000298023224,False,False,1
1926,stages.3.0.0,element,1,"(58, 39, 10)",0,0.0,False,0.915,0.0,False,,231,-1792.0,-1280.0,0.4854269027709961,0.2857142984867096,False,False,1
1927,stages.3.0.0,element,6,"(400, 23, 19)",0,0.0,False,0.915,0.0,False,,89,160.0,0.00244140625,16.0,0.9999847412109375,False,False,1
1928,stages.3.0.0,element,4,"(174, 0, 14)",0,0.0,False,0.915,0.0,False,,241,-10240.0,-640.0,4.0,0.9375,False,False,1
1929,stages.2.1.0,element,3,"(53, 41, 28)",0,0.0,False,0.915,0.0,False,,103,1792.0,7168.0,2.0,3.0,False,False,1
1930,stages.3.0.0,element,7,"(382, 39, 29)",0,0.0,False,0.915,0.0,False,,236,-4096.0,4096.0,0.0,2.0,True,False,1
1931,stages.2.10.0,element,4,"(146, 43, 18)",200,1.0,True,0.0,0.915,True,,110,6144.0,,inf,inf,False,True,1
1932,stages.2.10.0,element,0,"(135, 32, 29)",0,0.0,False,0.915,0.0,False,,237,-5120.0,-4096.0,0.3219280242919922,0.20000000298023224,False,False,1
1933,stages.2.7.0,element,6,"(121, 21, 11)",0,0.0,False,0.915,0.0,False,,241,-10240.0,-0.15625,16.0,0.9999847412109375,False,False,1
1934,stages.2.6.0,element,1,"(58, 49, 12)",0,0.0,False,0.915,0.0,False,,235,-3584.0,-2560.0,0.4854269027709961,0.2857142984867096,False,False,1
1935,stages.2.5.0,element,7,"(92, 34, 30)",0,0.0,False,0.915,0.0,False,,240,-8192.0,8192.0,0.0,2.0,True,False,1
1936,stage0.0,element,7,"(22, 0, 20)",0,0.0,False,0.915,0.0,False,,100,1024.0,-1024.0,0.0,2.0,True,False,1
1937,stages.2.8.0,element,1,"(53, 24, 1)",0,0.0,False,0.915,0.0,False,,245,-20480.0,-28672.0,0.4854269027709961,0.4000000059604645,False,False,1
1938,stages.3.0.0,element,5,"(12, 20, 14)",0,0.0,False,0.915,0.0,False,,108,4096.0,16.0,8.0,0.99609375,False,False,1
1939,stages.2.1.0,element,2,"(137, 33, 8)",0,0.0,False,0.915,0.0,False,,238,-6144.0,-3072.0,1.0,0.5,False,False,1
1940,stages.2.11.0,element,6,"(77, 9, 17)",0,0.0,False,0.915,0.0,False,,109,5120.0,0.078125,16.0,0.9999847412109375,False,False,1
1941,stages.1.0.0,element,3,"(92, 12, 13)",0,0.0,False,0.915,0.0,False,,237,-5120.0,-1280.0,2.0,0.75,False,False,1
1942,stages.2.8.0,element,5,"(88, 35, 25)",0,0.0,False,0.915,0.0,False,,112,8192.0,32.0,8.0,0.99609375,False,False,1
1943,stages.3.0.0,element,6,"(173, 28, 17)",0,0.0,False,0.915,0.0,False,,248,-32768.0,-0.5,16.0,0.9999847412109375,False,False,1
1944,stages.2.11.0,element,0,"(82, 20, 13)",0,0.0,False,0.915,0.0,False,,233,-2560.0,-2048.0,0.3219280242919922,0.20000000298023224,False,False,1
1945,stages.2.5.0,element,7,"(6, 35, 19)",0,0.0,False,0.915,0.0,False,,108,4096.0,-4096.0,0.0,2.0,True,False,1
1946,stages.2.10.0,element,6,"(173, 36, 21)",0,0.0,False,0.915,0.0,False,,115,14336.0,0.21875,16.0,0.9999847412109375,False,False,1
1947,stages.2.10.0,element,4,"(114, 50, 19)",0,0.0,False,0.915,0.0,False,,234,-3072.0,-49152.0,4.0,15.0,False,False,1
1948,stages.2.10.0,element,4,"(180, 51, 4)",0,0.0,False,0.915,0.0,False,,234,-3072.0,-49152.0,4.0,15.0,False,False,1
1949,stages.1.1.0,element,4,"(2, 19, 16)",200,1.0,True,0.0,0.915,True,,237,-5120.0,,inf,inf,False,True,1
1950,stages.0.1.0,element,7,"(20, 2, 10)",0,0.0,False,0.915,0.0,False,,116,16384.0,-16384.0,0.0,2.0,True,False,1
1951,stages.3.0.0,element,1,"(764, 8, 9)",0,0.0,False,0.915,0.0,False,,122,49152.0,32768.0,0.5849628448486328,0.3333333432674408,False,False,1
1952,stages.2.5.0,element,4,"(101, 49, 6)",200,1.0,True,0.0,0.915,True,,236,-4096.0,-inf,inf,inf,False,True,1
1953,stages.3.0.0,element,3,"(74, 5, 7)",0,0.0,False,0.915,0.0,False,,234,-3072.0,-768.0,2.0,0.75,False,False,1
1954,stages.2.11.0,element,6,"(99, 11, 1)",0,0.0,False,0.915,0.0,False,,116,16384.0,0.25,16.0,0.9999847412109375,False,False,1
1955,stages.2.1.0,scale,1,"(27, 6)",0,0.0,False,0.915,0.0,False,,108,108.0,110.0,2.0,inf,False,False,32
1956,stages.3.0.0,element,1,"(66, 14, 25)",0,0.0,False,0.915,0.0,False,,108,4096.0,6144.0,0.5849628448486328,0.5,False,False,1
1957,stages.2.13.0,element,4,"(109, 43, 5)",0,0.0,False,0.915,0.0,False,,244,-16384.0,-1024.0,4.0,0.9375,False,False,1
1958,stages.2.6.0,element,0,"(80, 14, 3)",0,0.0,False,0.915,0.0,False,,110,6144.0,7168.0,0.22239208221435547,0.1666666716337204,False,False,1
1959,stages.2.11.0,element,0,"(141, 1, 21)",0,0.0,False,0.915,0.0,False,,225,-640.0,-512.0,0.3219280242919922,0.20000000298023224,False,False,1
1960,stages.3.0.0,element,6,"(900, 20, 9)",0,0.0,False,0.915,0.0,False,,233,-2560.0,-0.0390625,16.0,0.9999847412109375,False,False,1
1961,stages.3.0.0,element,2,"(0, 26, 4)",0,0.0,False,0.915,0.0,False,,109,5120.0,2560.0,1.0,0.5,False,False,1
1962,stages.2.10.0,element,4,"(90, 14, 21)",0,0.0,False,0.915,0.0,False,,248,-32768.0,-2048.0,4.0,0.9375,False,False,1
1963,stages.2.7.0,scale,2,"(161, 0)",2,0.01,True,0.905,0.010000000000000009,False,,107,107.0,111.0,4.0,inf,False,False,32
1964,stages.2.2.0,element,3,"(186, 32, 0)",0,0.0,False,0.915,0.0,False,,112,8192.0,32768.0,2.0,3.0,False,False,1
1965,stages.2.13.0,element,3,"(38, 2, 30)",200,1.0,True,0.0,0.915,True,,246,-24576.0,,inf,inf,False,True,1
1966,stages.2.13.0,element,1,"(33, 47, 1)",0,0.0,False,0.915,0.0,False,,109,5120.0,7168.0,0.4854269027709961,0.4000000059604645,False,False,1
1967,stages.2.13.0,element,6,"(179, 21, 6)",0,0.0,False,0.915,0.0,False,,114,12288.0,0.1875,16.0,0.9999847412109375,False,False,1
1968,stages.3.0.0,element,0,"(732, 22, 23)",0,0.0,False,0.915,0.0,False,,101,1280.0,1024.0,0.3219280242919922,0.20000000298023224,False,False,1
1969,stages.2.4.0,element,5,"(82, 28, 14)",0,0.0,False,0.915,0.0,False,,109,5120.0,20.0,8.0,0.99609375,False,False,1
1970,stages.2.6.0,element,0,"(130, 13, 4)",0,0.0,False,0.915,0.0,False,,246,-24576.0,-28672.0,0.22239208221435547,0.1666666716337204,False,False,1
1971,stages.2.6.0,scale,1,"(145, 13)",0,0.0,False,0.915,0.0,False,,107,107.0,105.0,2.0,inf,False,False,32
1972,stages.3.0.0,element,1,"(142, 46, 29)",0,0.0,False,0.915,0.0,False,,116,16384.0,24576.0,0.5849628448486328,0.5,False,False,1
1973,stages.2.2.0,element,7,"(21, 4, 22)",0,0.0,False,0.915,0.0,False,,101,1280.0,-1280.0,0.0,2.0,True,False,1
1974,stages.2.6.0,element,2,"(168, 32, 19)",0,0.0,False,0.915,0.0,False,,242,-12288.0,-24576.0,1.0,1.0,False,False,1
1975,stages.2.6.0,element,6,"(50, 17, 17)",0,0.0,False,0.915,0.0,False,,94,384.0,0.005859375,16.0,0.9999847412109375,False,False,1
1976,stages.2.1.0,element,2,"(81, 19, 9)",0,0.0,False,0.915,0.0,False,,232,-2048.0,-4096.0,1.0,1.0,False,False,1
1977,stages.3.0.0,element,7,"(282, 51, 29)",0,0.0,False,0.915,0.0,False,,225,-640.0,640.0,0.0,2.0,True,False,1
1978,stages.2.1.0,element,2,"(78, 7, 10)",0,0.0,False,0.915,0.0,False,,119,28672.0,14336.0,1.0,0.5,False,False,1
1979,stages.3.0.0,element,5,"(817, 50, 19)",0,0.0,False,0.915,0.0,False,,243,-14336.0,-56.0,8.0,0.99609375,False,False,1
1980,stages.2.13.0,element,6,"(53, 33, 19)",0,0.0,False,0.915,0.0,False,,123,57344.0,0.875,16.0,0.9999847412109375,False,False,1
1981,stages.3.0.0,element,4,"(142, 38, 20)",0,0.0,False,0.915,0.0,False,,228,-1024.0,-16384.0,4.0,15.0,False,False,1
1982,stages.2.8.0,element,3,"(120, 16, 31)",0,0.0,False,0.915,0.0,False,,105,2560.0,640.0,2.0,0.75,False,False,1
1983,stages.3.0.0,element,0,"(163, 17, 12)",0,0.0,False,0.915,0.0,False,,223,-448.0,-384.0,0.22239208221435547,0.1428571492433548,False,False,1
1984,stages.2.12.0,element,2,"(150, 20, 8)",0,0.0,False,0.915,0.0,False,,107,3584.0,7168.0,1.0,1.0,False,False,1
1985,stages.2.6.0,element,5,"(31, 35, 9)",0,0.0,False,0.915,0.0,False,,108,4096.0,16.0,8.0,0.99609375,False,False,1
1986,stages.2.11.0,element,7,"(184, 11, 15)",0,0.0,False,0.915,0.0,False,,104,2048.0,-2048.0,0.0,2.0,True,False,1
1987,stages.2.4.0,element,3,"(140, 53, 8)",0,0.0,False,0.915,0.0,False,,81,40.0,160.0,2.0,3.0,False,False,1
1988,stages.2.3.0,element,0,"(22, 5, 28)",0,0.0,False,0.915,0.0,False,,238,-6144.0,-7168.0,0.22239208221435547,0.1666666716337204,False,False,1
1989,stages.3.0.0,element,3,"(854, 37, 1)",0,0.0,False,0.915,0.0,False,,113,10240.0,40960.0,2.0,3.0,False,False,1
1990,stages.3.0.0,element,3,"(1067, 41, 20)",0,0.0,False,0.915,0.0,False,,100,1024.0,4096.0,2.0,3.0,False,False,1
1991,stages.2.1.0,element,0,"(172, 31, 0)",0,0.0,False,0.915,0.0,False,,247,-28672.0,-24576.0,0.22239208221435547,0.1428571492433548,False,False,1
1992,stages.3.0.0,element,0,"(976, 7, 31)",0,0.0,False,0.915,0.0,False,,229,-1280.0,-1024.0,0.3219280242919922,0.20000000298023224,False,False,1
1993,stages.2.10.0,element,4,"(115, 9, 10)",0,0.0,False,0.915,0.0,False,,113,10240.0,640.0,4.0,0.9375,False,False,1
1994,stages.2.12.0,element,0,"(64, 29, 25)",0,0.0,False,0.915,0.0,False,,106,3072.0,3584.0,0.22239208221435547,0.1666666716337204,False,False,1
1995,stages.3.0.0,element,2,"(985, 6, 4)",0,0.0,False,0.915,0.0,False,,100,1024.0,512.0,1.0,0.5,False,False,1
1996,stages.1.3.0,element,7,"(3, 11, 28)",0,0.0,False,0.915,0.0,False,,101,1280.0,-1280.0,0.0,2.0,True,False,1
1997,stages.3.0.0,element,5,"(220, 33, 22)",0,0.0,False,0.915,0.0,False,,82,48.0,12288.0,8.0,255.0,False,False,1
1998,stages.2.8.0,element,2,"(96, 44, 18)",0,0.0,False,0.915,0.0,False,,239,-7168.0,-3584.0,1.0,0.5,False,False,1
1999,stages.3.0.0,element,0,"(18, 41, 29)",0,0.0,False,0.915,0.0,False,,104,2048.0,2560.0,0.3219280242919922,0.25,False,False,1
2000,stages.1.2.0,element,6,"(5, 19, 4)",0,0.0,False,0.915,0.0,False,,245,-20480.0,-0.3125,16.0,0.9999847412109375,False,False,1
2001,stages.3.0.0,element,6,"(827, 43, 16)",0,0.0,False,0.915,0.0,False,,107,3584.0,0.0546875,16.0,0.9999847412109375,False,False,1
2002,stages.3.0.0,element,5,"(850, 43, 8)",0,0.0,False,0.915,0.0,False,,108,4096.0,16.0,8.0,0.99609375,False,False,1
2003,stages.2.1.0,element,6,"(93, 1, 9)",0,0.0,False,0.915,0.0,False,,249,-40960.0,-0.625,16.0,0.9999847412109375,False,False,1
2004,stages.2.6.0,element,4,"(141, 2, 4)",0,0.0,False,0.915,0.0,False,,233,-2560.0,-40960.0,4.0,15.0,False,False,1
2005,stages.2.10.0,element,2,"(136, 7, 21)",0,0.0,False,0.915,0.0,False,,234,-3072.0,-6144.0,1.0,1.0,False,False,1
2006,stages.3.0.0,element,0,"(263, 48, 25)",0,0.0,False,0.915,0.0,False,,244,-16384.0,-20480.0,0.3219280242919922,0.25,False,False,1
2007,stages.3.0.0,element,5,"(592, 41, 4)",0,0.0,False,0.915,0.0,False,,112,8192.0,32.0,8.0,0.99609375,False,False,1
2008,stages.2.8.0,element,3,"(64, 46, 17)",0,0.0,False,0.915,0.0,False,,249,-40960.0,-10240.0,2.0,0.75,False,False,1
2009,stages.2.7.0,element,7,"(173, 17, 13)",0,0.0,False,0.915,0.0,False,,108,4096.0,-4096.0,0.0,2.0,True,False,1
2010,stages.1.3.0,element,1,"(92, 19, 12)",0,0.0,False,0.915,0.0,False,,114,12288.0,8192.0,0.5849628448486328,0.3333333432674408,False,False,1
2011,stages.2.5.0,element,7,"(186, 9, 11)",0,0.0,False,0.915,0.0,False,,237,-5120.0,5120.0,0.0,2.0,True,False,1
2012,stages.3.0.0,element,4,"(1212, 20, 21)",0,0.0,False,0.915,0.0,False,,120,32768.0,2048.0,4.0,0.9375,False,False,1
2013,stages.3.0.0,element,6,"(413, 53, 19)",0,0.0,False,0.915,0.0,False,,104,2048.0,0.03125,16.0,0.9999847412109375,False,False,1
2014,stages.3.0.0,element,5,"(724, 37, 2)",0,0.0,False,0.915,0.0,False,,243,-14336.0,-56.0,8.0,0.99609375,False,False,1
2015,stages.2.8.0,element,4,"(148, 32, 17)",200,1.0,True,0.0,0.915,True,,111,7168.0,,inf,inf,False,True,1
2016,stages.2.12.0,element,1,"(176, 6, 19)",0,0.0,False,0.915,0.0,False,,237,-5120.0,-7168.0,0.4854269027709961,0.4000000059604645,False,False,1
2017,stages.3.0.0,element,7,"(816, 10, 6)",0,0.0,False,0.915,0.0,False,,238,-6144.0,6144.0,0.0,2.0,True,False,1
2018,stages.2.10.0,element,6,"(21, 43, 6)",0,0.0,False,0.915,0.0,False,,233,-2560.0,-0.0390625,16.0,0.9999847412109375,False,False,1
2019,stages.2.3.0,element,3,"(70, 14, 11)",0,0.0,False,0.915,0.0,False,,241,-10240.0,-40960.0,2.0,3.0,False,False,1
2020,stages.3.0.0,element,7,"(162, 32, 3)",0,0.0,False,0.915,0.0,False,,111,7168.0,-7168.0,0.0,2.0,True,False,1
2021,stages.2.13.0,element,0,"(181, 45, 15)",0,0.0,False,0.915,0.0,False,,223,-448.0,-384.0,0.22239208221435547,0.1428571492433548,False,False,1
2022,stages.2.2.0,element,1,"(138, 46, 23)",0,0.0,False,0.915,0.0,False,,104,2048.0,3072.0,0.5849628448486328,0.5,False,False,1
2023,stages.3.0.0,element,7,"(845, 14, 31)",0,0.0,False,0.915,0.0,False,,233,-2560.0,2560.0,0.0,2.0,True,False,1
2024,stages.2.0.0,scale,6,"(165, 22)",0,0.0,False,0.915,0.0,False,,108,108.0,44.0,64.0,inf,False,False,32
2025,stages.3.0.0,element,7,"(292, 8, 13)",0,0.0,False,0.915,0.0,False,,86,96.0,-96.0,0.0,2.0,True,False,1
2026,stages.2.6.0,element,7,"(4, 7, 24)",0,0.0,False,0.915,0.0,False,,108,4096.0,-4096.0,0.0,2.0,True,False,1
2027,stages.1.0.0,element,1,"(64, 2, 1)",0,0.0,False,0.915,0.0,False,,106,3072.0,2048.0,0.5849628448486328,0.3333333432674408,False,False,1
2028,stages.2.4.0,element,6,"(130, 15, 19)",0,0.0,False,0.915,0.0,False,,251,-57344.0,-0.875,16.0,0.9999847412109375,False,False,1
2029,stages.2.3.0,element,3,"(60, 48, 16)",200,1.0,True,0.0,0.915,True,,245,-20480.0,,inf,inf,False,True,1
2030,stages.3.0.0,element,3,"(865, 42, 6)",0,0.0,False,0.915,0.0,False,,232,-2048.0,-512.0,2.0,0.75,False,False,1
2031,stages.2.6.0,element,3,"(131, 21, 19)",0,0.0,False,0.915,0.0,False,,242,-12288.0,-49152.0,2.0,3.0,False,False,1
2032,stages.1.2.0,element,6,"(74, 12, 18)",0,0.0,False,0.915,0.0,False,,240,-8192.0,-0.125,16.0,0.9999847412109375,False,False,1
2033,stages.0.1.0,element,5,"(40, 1, 1)",0,0.0,False,0.915,0.0,False,,229,-1280.0,-5.0,8.0,0.99609375,False,False,1
2034,stages.3.0.0,element,0,"(861, 5, 18)",0,0.0,False,0.915,0.0,False,,234,-3072.0,-3584.0,0.22239208221435547,0.1666666716337204,False,False,1
2035,stages.1.2.0,element,5,"(60, 24, 12)",0,0.0,False,0.915,0.0,False,,242,-12288.0,-48.0,8.0,0.99609375,False,False,1
2036,stages.2.10.0,element,4,"(66, 46, 3)",0,0.0,False,0.915,0.0,False,,244,-16384.0,-1024.0,4.0,0.9375,False,False,1
2037,stages.3.0.0,element,5,"(762, 9, 6)",0,0.0,False,0.915,0.0,False,,238,-6144.0,-24.0,8.0,0.99609375,False,False,1
2038,stages.2.2.0,element,7,"(37, 28, 24)",0,0.0,False,0.915,0.0,False,,230,-1536.0,1536.0,0.0,2.0,True,False,1
2039,stages.2.10.0,element,7,"(121, 17, 28)",0,0.0,False,0.915,0.0,False,,104,2048.0,-2048.0,0.0,2.0,True,False,1
2040,stages.3.0.0,element,6,"(725, 13, 26)",0,0.0,False,0.915,0.0,False,,100,1024.0,0.015625,16.0,0.9999847412109375,False,False,1
2041,stages.3.0.0,element,6,"(23, 47, 16)",0,0.0,False,0.915,0.0,False,,241,-10240.0,-0.15625,16.0,0.9999847412109375,False,False,1
2042,stages.2.3.0,element,2,"(144, 53, 2)",0,0.0,False,0.915,0.0,False,,236,-4096.0,-2048.0,1.0,0.5,False,False,1
2043,stages.2.4.0,element,0,"(145, 22, 10)",0,0.0,False,0.915,0.0,False,,115,14336.0,12288.0,0.22239208221435547,0.1428571492433548,False,False,1
2044,stages.2.7.0,element,4,"(123, 31, 4)",200,1.0,True,0.0,0.915,True,,236,-4096.0,-inf,inf,inf,False,True,1
2045,stages.2.7.0,element,3,"(179, 17, 18)",0,0.0,False,0.915,0.0,False,,249,-40960.0,-10240.0,2.0,0.75,False,False,1
2046,stages.2.11.0,element,2,"(53, 28, 4)",0,0.0,False,0.915,0.0,False,,233,-2560.0,-5120.0,1.0,1.0,False,False,1
2047,stages.2.2.0,element,4,"(55, 3, 7)",0,0.0,False,0.915,0.0,False,,244,-16384.0,-1024.0,4.0,0.9375,False,False,1
2048,stages.3.0.0,element,0,"(1084, 50, 27)",0,0.0,False,0.915,0.0,False,,222,-384.0,-448.0,0.22239208221435547,0.1666666716337204,False,False,1
2049,stages.2.11.0,element,0,"(162, 1, 17)",0,0.0,False,0.915,0.0,False,,104,2048.0,2560.0,0.3219280242919922,0.25,False,False,1
2050,stages.3.0.0,element,1,"(1275, 51, 16)",0,0.0,False,0.915,0.0,False,,241,-10240.0,-14336.0,0.4854269027709961,0.4000000059604645,False,False,1
2051,stages.2.13.0,element,4,"(140, 44, 27)",0,0.0,False,0.915,0.0,False,,115,14336.0,896.0,4.0,0.9375,False,False,1
2052,stages.2.2.0,element,2,"(108, 33, 30)",0,0.0,False,0.915,0.0,False,,232,-2048.0,-4096.0,1.0,1.0,False,False,1
2053,stages.3.0.0,element,0,"(424, 8, 23)",0,0.0,False,0.915,0.0,False,,107,3584.0,3072.0,0.22239208221435547,0.1428571492433548,False,False,1
2054,stages.2.4.0,element,1,"(164, 19, 25)",0,0.0,False,0.915,0.0,False,,103,1792.0,1280.0,0.4854269027709961,0.2857142984867096,False,False,1
2055,stages.3.0.0,element,5,"(1197, 32, 23)",0,0.0,False,0.915,0.0,False,,103,1792.0,7.0,8.0,0.99609375,False,False,1
2056,stages.2.3.0,element,7,"(86, 32, 14)",0,0.0,False,0.915,0.0,False,,235,-3584.0,3584.0,0.0,2.0,True,False,1
2057,stages.2.6.0,element,7,"(36, 14, 23)",0,0.0,False,0.915,0.0,False,,100,1024.0,-1024.0,0.0,2.0,True,False,1
2058,stages.2.8.0,element,4,"(5, 49, 7)",0,0.0,False,0.915,0.0,False,,240,-8192.0,-512.0,4.0,0.9375,False,False,1
2059,stages.2.12.0,element,3,"(56, 52, 10)",0,0.0,False,0.915,0.0,False,,114,12288.0,49152.0,2.0,3.0,False,False,1
2060,stages.3.0.0,element,5,"(706, 32, 28)",0,0.0,False,0.915,0.0,False,,109,5120.0,20.0,8.0,0.99609375,False,False,1
2061,stages.3.0.0,element,0,"(1071, 27, 31)",0,0.0,False,0.915,0.0,False,,240,-8192.0,-10240.0,0.3219280242919922,0.25,False,False,1
2062,stages.2.6.0,element,3,"(51, 30, 1)",0,0.0,False,0.915,0.0,False,,95,448.0,112.0,2.0,0.75,False,False,1
2063,stages.2.2.0,element,2,"(110, 41, 12)",0,0.0,False,0.915,0.0,False,,236,-4096.0,-2048.0,1.0,0.5,False,False,1
2064,stages.2.9.0,element,5,"(4, 31, 23)",0,0.0,False,0.915,0.0,False,,236,-4096.0,-16.0,8.0,0.99609375,False,False,1
2065,stages.3.0.0,element,0,"(1188, 15, 8)",0,0.0,False,0.915,0.0,False,,113,10240.0,8192.0,0.3219280242919922,0.20000000298023224,False,False,1
2066,stages.2.12.0,element,0,"(58, 8, 5)",0,0.0,False,0.915,0.0,False,,103,1792.0,1536.0,0.22239208221435547,0.1428571492433548,False,False,1
2067,stages.2.3.0,element,7,"(22, 26, 5)",0,0.0,False,0.915,0.0,False,,241,-10240.0,10240.0,0.0,2.0,True,False,1
2068,stages.3.0.0,element,7,"(969, 46, 7)",0,0.0,False,0.915,0.0,False,,241,-10240.0,10240.0,0.0,2.0,True,False,1
2069,stages.2.4.0,element,3,"(21, 52, 23)",0,0.0,False,0.915,0.0,False,,120,32768.0,8192.0,2.0,0.75,False,False,1
2070,stages.3.0.0,element,1,"(1216, 35, 22)",0,0.0,False,0.915,0.0,False,,109,5120.0,7168.0,0.4854269027709961,0.4000000059604645,False,False,1
2071,stages.3.0.0,element,7,"(153, 41, 1)",0,0.0,False,0.915,0.0,False,,234,-3072.0,3072.0,0.0,2.0,True,False,1
2072,stages.2.8.0,element,4,"(102, 49, 5)",0,0.0,False,0.915,0.0,False,,231,-1792.0,-28672.0,4.0,15.0,False,False,1
2073,stages.1.2.0,element,2,"(45, 20, 8)",0,0.0,False,0.915,0.0,False,,230,-1536.0,-768.0,1.0,0.5,False,False,1
2074,stages.2.4.0,element,1,"(134, 15, 9)",0,0.0,False,0.915,0.0,False,,115,14336.0,10240.0,0.4854269027709961,0.2857142984867096,False,False,1
2075,stages.3.0.0,element,4,"(522, 10, 7)",200,1.0,True,0.0,0.915,True,,110,6144.0,,inf,inf,False,True,1
2076,stages.2.3.0,element,1,"(166, 32, 23)",0,0.0,False,0.915,0.0,False,,237,-5120.0,-7168.0,0.4854269027709961,0.4000000059604645,False,False,1
2077,stages.2.11.0,element,2,"(174, 44, 7)",0,0.0,False,0.915,0.0,False,,115,14336.0,28672.0,1.0,1.0,False,False,1
2078,stages.3.0.0,element,5,"(825, 14, 14)",0,0.0,False,0.915,0.0,False,,243,-14336.0,-56.0,8.0,0.99609375,False,False,1
2079,stages.2.8.0,element,1,"(0, 45, 22)",0,0.0,False,0.915,0.0,False,,249,-40960.0,-57344.0,0.4854269027709961,0.4000000059604645,False,False,1
2080,stages.2.0.0,element,2,"(115, 20, 5)",0,0.0,False,0.915,0.0,False,,104,2048.0,4096.0,1.0,1.0,False,False,1
2081,stages.2.3.0,element,3,"(144, 15, 30)",0,0.0,False,0.915,0.0,False,,108,4096.0,1024.0,2.0,0.75,False,False,1
2082,stages.3.0.0,element,4,"(1252, 15, 5)",200,1.0,True,0.0,0.915,True,,111,7168.0,,inf,inf,False,True,1
2083,stages.2.8.0,element,4,"(144, 35, 3)",200,1.0,True,0.0,0.915,True,,236,-4096.0,-inf,inf,inf,False,True,1
2084,stages.3.0.0,scale,6,"(871, 13)",0,0.0,False,0.915,0.0,False,,107,107.0,43.0,64.0,inf,False,False,32
2085,stages.3.0.0,element,6,"(1047, 11, 28)",0,0.0,False,0.915,0.0,False,,105,2560.0,0.0390625,16.0,0.9999847412109375,False,False,1
2086,stages.3.0.0,element,4,"(655, 18, 12)",0,0.0,False,0.915,0.0,False,,240,-8192.0,-512.0,4.0,0.9375,False,False,1
2087,stages.2.5.0,element,6,"(69, 2, 1)",0,0.0,False,0.915,0.0,False,,240,-8192.0,-0.125,16.0,0.9999847412109375,False,False,1
2088,stages.2.0.0,element,0,"(13, 13, 18)",0,0.0,False,0.915,0.0,False,,241,-10240.0,-8192.0,0.3219280242919922,0.20000000298023224,False,False,1
2089,stages.3.0.0,element,1,"(537, 42, 26)",0,0.0,False,0.915,0.0,False,,243,-14336.0,-10240.0,0.4854269027709961,0.2857142984867096,False,False,1
2090,stages.2.9.0,element,5,"(9, 18, 20)",0,0.0,False,0.915,0.0,False,,232,-2048.0,-8.0,8.0,0.99609375,False,False,1
2091,stages.2.9.0,element,7,"(175, 19, 30)",0,0.0,False,0.915,0.0,False,,240,-8192.0,8192.0,0.0,2.0,True,False,1
2092,stages.2.6.0,element,0,"(147, 36, 28)",0,0.0,False,0.915,0.0,False,,238,-6144.0,-7168.0,0.22239208221435547,0.1666666716337204,False,False,1
2093,stages.3.0.0,element,0,"(551, 51, 8)",0,0.0,False,0.915,0.0,False,,117,20480.0,16384.0,0.3219280242919922,0.20000000298023224,False,False,1
2094,stages.3.0.0,element,5,"(484, 24, 12)",0,0.0,False,0.915,0.0,False,,102,1536.0,6.0,8.0,0.99609375,False,False,1
2095,stages.2.9.0,element,3,"(81, 41, 3)",0,0.0,False,0.915,0.0,False,,237,-5120.0,-1280.0,2.0,0.75,False,False,1
2096,stages.2.10.0,element,4,"(57, 17, 22)",0,0.0,False,0.915,0.0,False,,230,-1536.0,-24576.0,4.0,15.0,False,False,1
2097,stages.3.0.0,element,7,"(1255, 17, 1)",0,0.0,False,0.915,0.0,False,,237,-5120.0,5120.0,0.0,2.0,True,False,1
2098,stages.2.10.0,element,4,"(126, 32, 17)",0,0.0,False,0.915,0.0,False,,103,1792.0,28672.0,4.0,15.0,False,False,1
2099,stages.2.10.0,element,6,"(187, 13, 23)",0,0.0,False,0.915,0.0,False,,237,-5120.0,-0.078125,16.0,0.9999847412109375,False,False,1
2100,stages.3.0.0,element,7,"(404, 37, 8)",0,0.0,False,0.915,0.0,False,,251,-57344.0,57344.0,0.0,2.0,True,False,1
2101,stages.3.0.0,element,5,"(589, 21, 6)",0,0.0,False,0.915,0.0,False,,234,-3072.0,-12.0,8.0,0.99609375,False,False,1
2102,stages.2.9.0,element,3,"(22, 46, 28)",0,0.0,False,0.915,0.0,False,,236,-4096.0,-1024.0,2.0,0.75,False,False,1
2103,stages.1.2.0,element,5,"(93, 19, 31)",0,0.0,False,0.915,0.0,False,,109,5120.0,20.0,8.0,0.99609375,False,False,1
2104,stages.2.0.0,element,7,"(177, 17, 14)",0,0.0,False,0.915,0.0,False,,110,6144.0,-6144.0,0.0,2.0,True,False,1
2105,stages.3.0.0,element,0,"(167, 33, 7)",0,0.0,False,0.915,0.0,False,,98,768.0,896.0,0.22239208221435547,0.1666666716337204,False,False,1
2106,stages.2.1.0,element,5,"(23, 11, 26)",0,0.0,False,0.915,0.0,False,,239,-7168.0,-28.0,8.0,0.99609375,False,False,1
2107,stages.2.10.0,element,5,"(102, 11, 5)",0,0.0,False,0.915,0.0,False,,206,-24.0,-6144.0,8.0,255.0,False,False,1
2108,stages.2.12.0,element,3,"(1, 33, 30)",0,0.0,False,0.915,0.0,False,,113,10240.0,40960.0,2.0,3.0,False,False,1
2109,stages.2.6.0,element,4,"(99, 5, 6)",0,0.0,False,0.915,0.0,False,,122,49152.0,3072.0,4.0,0.9375,False,False,1
2110,stages.3.0.0,element,7,"(952, 48, 3)",0,0.0,False,0.915,0.0,False,,240,-8192.0,8192.0,0.0,2.0,True,False,1
2111,stages.2.3.0,element,2,"(142, 24, 4)",0,0.0,False,0.915,0.0,False,,245,-20480.0,-10240.0,1.0,0.5,False,False,1
2112,stages.2.13.0,element,4,"(18, 30, 31)",0,0.0,False,0.915,0.0,False,,93,320.0,20.0,4.0,0.9375,False,False,1
2113,stages.2.0.0,element,6,"(160, 0, 27)",0,0.0,False,0.915,0.0,False,,242,-12288.0,-0.1875,16.0,0.9999847412109375,False,False,1
2114,stages.2.2.0,element,4,"(156, 31, 6)",0,0.0,False,0.915,0.0,False,,235,-3584.0,-57344.0,4.0,15.0,False,False,1
2115,stages.2.6.0,element,1,"(116, 14, 30)",0,0.0,False,0.915,0.0,False,,117,20480.0,28672.0,0.4854269027709961,0.4000000059604645,False,False,1
2116,stages.3.0.0,element,0,"(1087, 8, 30)",0,0.0,False,0.915,0.0,False,,94,384.0,448.0,0.22239208221435547,0.1666666716337204,False,False,1
2117,stages.2.9.0,element,3,"(82, 10, 4)",0,0.0,False,0.915,0.0,False,,107,3584.0,896.0,2.0,0.75,False,False,1
2118,stages.3.0.0,element,6,"(1195, 29, 12)",0,0.0,False,0.915,0.0,False,,236,-4096.0,-0.0625,16.0,0.9999847412109375,False,False,1
2119,stages.3.0.0,scale,5,"(856, 12)",0,0.0,False,0.915,0.0,False,,107,107.0,75.0,32.0,inf,False,False,32
2120,stages.3.0.0,element,5,"(698, 48, 3)",0,0.0,False,0.915,0.0,False,,101,1280.0,5.0,8.0,0.99609375,False,False,1
2121,stages.1.2.0,element,5,"(36, 14, 30)",0,0.0,False,0.915,0.0,False,,247,-28672.0,-112.0,8.0,0.99609375,False,False,1
2122,stages.3.0.0,element,4,"(878, 46, 23)",0,0.0,False,0.915,0.0,False,,99,896.0,14336.0,4.0,15.0,False,False,1
2123,stages.2.10.0,element,1,"(177, 20, 26)",0,0.0,False,0.915,0.0,False,,240,-8192.0,-12288.0,0.5849628448486328,0.5,False,False,1
2124,stages.2.0.0,element,6,"(100, 9, 5)",0,0.0,False,0.915,0.0,False,,245,-20480.0,-0.3125,16.0,0.9999847412109375,False,False,1
2125,stages.2.7.0,element,2,"(31, 36, 15)",0,0.0,False,0.915,0.0,False,,214,-96.0,-48.0,1.0,0.5,False,False,1
2126,stages.1.2.0,element,7,"(0, 20, 26)",0,0.0,False,0.915,0.0,False,,109,5120.0,-5120.0,0.0,2.0,True,False,1
2127,stages.2.11.0,element,4,"(153, 35, 27)",0,0.0,False,0.915,0.0,False,,118,24576.0,1536.0,4.0,0.9375,False,False,1
2128,stages.3.0.0,element,2,"(681, 15, 22)",0,0.0,False,0.915,0.0,False,,238,-6144.0,-3072.0,1.0,0.5,False,False,1
2129,stages.2.3.0,element,7,"(119, 39, 21)",0,0.0,False,0.915,0.0,False,,110,6144.0,-6144.0,0.0,2.0,True,False,1
2130,stages.2.4.0,element,5,"(163, 36, 17)",0,0.0,False,0.915,0.0,False,,112,8192.0,32.0,8.0,0.99609375,False,False,1
2131,stages.3.0.0,element,0,"(42, 26, 16)",0,0.0,False,0.915,0.0,False,,116,16384.0,20480.0,0.3219280242919922,0.25,False,False,1
2132,stages.2.0.0,element,0,"(141, 2, 30)",0,0.0,False,0.915,0.0,False,,105,2560.0,2048.0,0.3219280242919922,0.20000000298023224,False,False,1
2133,stages.2.12.0,scale,7,"(78, 48)",200,1.0,True,0.0,0.915,True,,106,106.0,234.0,128.0,inf,False,False,32
2134,stages.3.0.0,element,0,"(853, 13, 15)",0,0.0,False,0.915,0.0,False,,110,6144.0,7168.0,0.22239208221435547,0.1666666716337204,False,False,1
2135,stages.2.10.0,element,7,"(101, 8, 5)",0,0.0,False,0.915,0.0,False,,112,8192.0,-8192.0,0.0,2.0,True,False,1
2136,stages.2.2.0,element,3,"(149, 39, 22)",0,0.0,False,0.915,0.0,False,,234,-3072.0,-768.0,2.0,0.75,False,False,1
2137,stages.2.0.0,element,6,"(21, 14, 18)",0,0.0,False,0.915,0.0,False,,233,-2560.0,-0.0390625,16.0,0.9999847412109375,False,False,1
2138,stages.2.9.0,element,0,"(176, 22, 28)",0,0.0,False,0.915,0.0,False,,118,24576.0,28672.0,0.22239208221435547,0.1666666716337204,False,False,1
2139,stages.3.0.0,element,7,"(181, 33, 31)",0,0.0,False,0.915,0.0,False,,105,2560.0,-2560.0,0.0,2.0,True,False,1
2140,stages.3.0.0,element,5,"(585, 0, 31)",0,0.0,False,0.915,0.0,False,,118,24576.0,96.0,8.0,0.99609375,False,False,1
2141,stages.2.6.0,element,5,"(26, 5, 16)",0,0.0,False,0.915,0.0,False,,111,7168.0,28.0,8.0,0.99609375,False,False,1
2142,stages.3.0.0,element,0,"(1273, 14, 16)",0,0.0,False,0.915,0.0,False,,240,-8192.0,-10240.0,0.3219280242919922,0.25,False,False,1
2143,stages.2.4.0,element,0,"(151, 52, 3)",0,0.0,False,0.915,0.0,False,,120,32768.0,40960.0,0.3219280242919922,0.25,False,False,1
2144,stages.3.0.0,element,7,"(354, 48, 21)",0,0.0,False,0.915,0.0,False,,229,-1280.0,1280.0,0.0,2.0,True,False,1
2145,stages.3.0.0,element,1,"(661, 31, 25)",0,0.0,False,0.915,0.0,False,,242,-12288.0,-8192.0,0.5849628448486328,0.3333333432674408,False,False,1
2146,stages.2.3.0,element,2,"(140, 46, 6)",0,0.0,False,0.915,0.0,False,,236,-4096.0,-2048.0,1.0,0.5,False,False,1
2147,stages.2.6.0,element,7,"(33, 7, 14)",0,0.0,False,0.915,0.0,False,,120,32768.0,-32768.0,0.0,2.0,True,False,1
2148,stages.2.7.0,element,6,"(173, 3, 31)",0,0.0,False,0.915,0.0,False,,233,-2560.0,-0.0390625,16.0,0.9999847412109375,False,False,1
2149,stages.2.13.0,element,1,"(119, 50, 10)",0,0.0,False,0.915,0.0,False,,105,2560.0,3584.0,0.4854269027709961,0.4000000059604645,False,False,1
2150,stages.2.11.0,element,4,"(153, 15, 20)",0,0.0,False,0.915,0.0,False,,240,-8192.0,-512.0,4.0,0.9375,False,False,1
2151,stages.2.11.0,element,0,"(105, 31, 8)",0,0.0,False,0.915,0.0,False,,106,3072.0,3584.0,0.22239208221435547,0.1666666716337204,False,False,1
2152,stages.1.3.0,element,2,"(52, 4, 29)",0,0.0,False,0.915,0.0,False,,245,-20480.0,-10240.0,1.0,0.5,False,False,1
2153,stages.3.0.0,element,6,"(901, 5, 19)",0,0.0,False,0.915,0.0,False,,240,-8192.0,-0.125,16.0,0.9999847412109375,False,False,1
2154,stages.2.9.0,element,5,"(54, 41, 19)",0,0.0,False,0.915,0.0,False,,112,8192.0,32.0,8.0,0.99609375,False,False,1
2155,stages.2.5.0,element,0,"(73, 48, 3)",0,0.0,False,0.915,0.0,False,,101,1280.0,1024.0,0.3219280242919922,0.20000000298023224,False,False,1
2156,stages.2.9.0,element,4,"(138, 22, 25)",0,0.0,False,0.915,0.0,False,,117,20480.0,1280.0,4.0,0.9375,False,False,1
2157,stages.2.9.0,element,5,"(145, 48, 2)",0,0.0,False,0.915,0.0,False,,102,1536.0,6.0,8.0,0.99609375,False,False,1
2158,stages.2.3.0,element,4,"(72, 25, 17)",0,0.0,False,0.915,0.0,False,,113,10240.0,640.0,4.0,0.9375,False,False,1
2159,stages.2.12.0,element,7,"(71, 39, 27)",0,0.0,False,0.915,0.0,False,,240,-8192.0,8192.0,0.0,2.0,True,False,1
2160,stages.3.0.0,element,0,"(230, 24, 13)",0,0.0,False,0.915,0.0,False,,113,10240.0,8192.0,0.3219280242919922,0.20000000298023224,False,False,1
2161,stages.3.0.0,element,2,"(406, 22, 9)",0,0.0,False,0.915,0.0,False,,229,-1280.0,-640.0,1.0,0.5,False,False,1
2162,stages.2.13.0,element,2,"(46, 52, 21)",0,0.0,False,0.915,0.0,False,,103,1792.0,896.0,1.0,0.5,False,False,1
2163,stages.2.5.0,element,0,"(55, 49, 3)",0,0.0,False,0.915,0.0,False,,114,12288.0,14336.0,0.22239208221435547,0.1666666716337204,False,False,1
2164,stages.2.5.0,element,6,"(186, 19, 1)",0,0.0,False,0.915,0.0,False,,108,4096.0,0.0625,16.0,0.9999847412109375,False,False,1
2165,stages.2.8.0,element,2,"(181, 32, 3)",0,0.0,False,0.915,0.0,False,,233,-2560.0,-5120.0,1.0,1.0,False,False,1
2166,stages.2.9.0,element,3,"(43, 37, 22)",200,1.0,True,0.0,0.915,True,,244,-16384.0,-inf,inf,inf,False,True,1
2167,stages.2.6.0,element,3,"(55, 49, 25)",0,0.0,False,0.915,0.0,False,,233,-2560.0,-640.0,2.0,0.75,False,False,1
2168,stages.3.0.0,element,7,"(904, 27, 23)",0,0.0,False,0.915,0.0,False,,115,14336.0,-14336.0,0.0,2.0,True,False,1
2169,stages.1.1.0,element,3,"(8, 20, 18)",0,0.0,False,0.915,0.0,False,,239,-7168.0,-1792.0,2.0,0.75,False,False,1
2170,stages.2.2.0,element,2,"(127, 39, 11)",0,0.0,False,0.915,0.0,False,,232,-2048.0,-4096.0,1.0,1.0,False,False,1
2171,stages.2.2.0,element,2,"(109, 40, 21)",0,0.0,False,0.915,0.0,False,,238,-6144.0,-3072.0,1.0,0.5,False,False,1
2172,stages.2.9.0,scale,0,"(6, 14)",0,0.0,False,0.915,0.0,False,,108,108.0,109.0,1.0,inf,False,False,32
2173,stages.2.10.0,element,4,"(147, 25, 25)",200,1.0,True,0.0,0.915,True,,109,5120.0,,inf,inf,False,True,1
2174,stages.1.2.0,element,0,"(75, 11, 4)",0,0.0,False,0.915,0.0,False,,103,1792.0,1536.0,0.22239208221435547,0.1428571492433548,False,False,1
2175,stages.3.0.0,element,3,"(304, 12, 1)",0,0.0,False,0.915,0.0,False,,110,6144.0,1536.0,2.0,0.75,False,False,1
2176,stages.2.11.0,element,0,"(179, 32, 2)",0,0.0,False,0.915,0.0,False,,232,-2048.0,-2560.0,0.3219280242919922,0.25,False,False,1
2177,stages.2.9.0,element,7,"(27, 16, 16)",0,0.0,False,0.915,0.0,False,,110,6144.0,-6144.0,0.0,2.0,True,False,1
2178,stages.2.6.0,element,1,"(104, 15, 21)",0,0.0,False,0.915,0.0,False,,233,-2560.0,-3584.0,0.4854269027709961,0.4000000059604645,False,False,1
2179,stages.3.0.0,element,0,"(33, 3, 19)",0,0.0,False,0.915,0.0,False,,242,-12288.0,-14336.0,0.22239208221435547,0.1666666716337204,False,False,1
2180,stages.2.12.0,element,7,"(5, 50, 27)",0,0.0,False,0.915,0.0,False,,106,3072.0,-3072.0,0.0,2.0,True,False,1
2181,stages.0.1.0,element,6,"(28, 13, 7)",0,0.0,False,0.915,0.0,False,,115,14336.0,0.21875,16.0,0.9999847412109375,False,False,1
2182,stages.2.0.0,element,2,"(95, 9, 7)",0,0.0,False,0.915,0.0,False,,109,5120.0,2560.0,1.0,0.5,False,False,1
2183,stages.3.0.0,element,0,"(59, 45, 11)",0,0.0,False,0.915,0.0,False,,234,-3072.0,-3584.0,0.22239208221435547,0.1666666716337204,False,False,1
2184,stages.2.12.0,element,5,"(83, 52, 6)",0,0.0,False,0.915,0.0,False,,241,-10240.0,-40.0,8.0,0.99609375,False,False,1
2185,stages.1.2.0,element,5,"(50, 8, 21)",0,0.0,False,0.915,0.0,False,,236,-4096.0,-16.0,8.0,0.99609375,False,False,1
2186,stages.3.0.0,element,5,"(998, 0, 16)",0,0.0,False,0.915,0.0,False,,235,-3584.0,-14.0,8.0,0.99609375,False,False,1
2187,stages.2.12.0,element,5,"(160, 4, 3)",0,0.0,False,0.915,0.0,False,,212,-64.0,-16384.0,8.0,255.0,False,False,1
2188,stages.2.4.0,element,4,"(90, 11, 4)",0,0.0,False,0.915,0.0,False,,231,-1792.0,-28672.0,4.0,15.0,False,False,1
2189,stages.2.13.0,scale,4,"(173, 50)",177,0.885,True,0.1,0.8150000000000001,False,,106,106.0,122.0,16.0,inf,False,False,32
2190,stages.3.0.0,element,4,"(677, 18, 11)",0,0.0,False,0.915,0.0,False,,224,-512.0,-8192.0,4.0,15.0,False,False,1
2191,stages.2.13.0,element,6,"(53, 32, 4)",0,0.0,False,0.915,0.0,False,,212,-64.0,-0.0009765625,16.0,0.9999847412109375,False,False,1
2192,stages.2.5.0,element,0,"(16, 20, 25)",0,0.0,False,0.915,0.0,False,,241,-10240.0,-8192.0,0.3219280242919922,0.20000000298023224,False,False,1
2193,stages.2.10.0,element,6,"(122, 34, 7)",0,0.0,False,0.915,0.0,False,,228,-1024.0,-0.015625,16.0,0.9999847412109375,False,False,1
2194,stages.3.0.0,element,3,"(890, 18, 10)",200,1.0,True,0.0,0.915,True,,117,20480.0,,inf,inf,False,True,1
2195,stages.2.3.0,element,7,"(143, 53, 17)",0,0.0,False,0.915,0.0,False,,109,5120.0,-5120.0,0.0,2.0,True,False,1
2196,stages.2.13.0,element,6,"(169, 25, 16)",0,0.0,False,0.915,0.0,False,,245,-20480.0,-0.3125,16.0,0.9999847412109375,False,False,1
2197,stages.2.8.0,element,5,"(162, 20, 13)",0,0.0,False,0.915,0.0,False,,87,112.0,28672.0,8.0,255.0,False,False,1
2198,stages.2.11.0,element,6,"(87, 29, 21)",0,0.0,False,0.915,0.0,False,,104,2048.0,0.03125,16.0,0.9999847412109375,False,False,1
2199,stages.2.4.0,element,7,"(89, 15, 1)",0,0.0,False,0.915,0.0,False,,122,49152.0,-49152.0,0.0,2.0,True,False,1
2200,stages.2.12.0,scale,0,"(151, 15)",0,0.0,False,0.915,0.0,False,,108,108.0,109.0,1.0,inf,False,False,32
2201,stages.3.0.0,element,1,"(1001, 26, 27)",0,0.0,False,0.915,0.0,False,,119,28672.0,20480.0,0.4854269027709961,0.2857142984867096,False,False,1
2202,stages.2.11.0,element,0,"(94, 11, 17)",0,0.0,False,0.915,0.0,False,,220,-256.0,-320.0,0.3219280242919922,0.25,False,False,1
2203,stages.2.13.0,element,6,"(67, 24, 7)",0,0.0,False,0.915,0.0,False,,237,-5120.0,-0.078125,16.0,0.9999847412109375,False,False,1
2204,stages.2.1.0,element,7,"(6, 28, 23)",0,0.0,False,0.915,0.0,False,,219,-224.0,224.0,0.0,2.0,True,False,1
2205,stages.2.4.0,element,2,"(30, 51, 12)",0,0.0,False,0.915,0.0,False,,119,28672.0,14336.0,1.0,0.5,False,False,1
2206,stages.2.8.0,element,0,"(10, 0, 12)",0,0.0,False,0.915,0.0,False,,114,12288.0,14336.0,0.22239208221435547,0.1666666716337204,False,False,1
2207,stages.2.5.0,element,2,"(121, 6, 27)",0,0.0,False,0.915,0.0,False,,237,-5120.0,-2560.0,1.0,0.5,False,False,1
2208,stages.3.0.0,element,1,"(801, 34, 9)",0,0.0,False,0.915,0.0,False,,115,14336.0,10240.0,0.4854269027709961,0.2857142984867096,False,False,1
2209,stages.2.5.0,element,4,"(146, 34, 9)",0,0.0,False,0.915,0.0,False,,240,-8192.0,-512.0,4.0,0.9375,False,False,1
2210,stages.3.0.0,element,0,"(191, 37, 16)",0,0.0,False,0.915,0.0,False,,108,4096.0,5120.0,0.3219280242919922,0.25,False,False,1
2211,stages.2.10.0,element,6,"(186, 46, 27)",0,0.0,False,0.915,0.0,False,,113,10240.0,0.15625,16.0,0.9999847412109375,False,False,1
2212,stages.3.0.0,element,5,"(705, 20, 12)",0,0.0,False,0.915,0.0,False,,117,20480.0,80.0,8.0,0.99609375,False,False,1
2213,stages.3.0.0,element,5,"(565, 38, 12)",0,0.0,False,0.915,0.0,False,,123,57344.0,224.0,8.0,0.99609375,False,False,1
2214,stages.3.0.0,element,1,"(123, 29, 31)",0,0.0,False,0.915,0.0,False,,231,-1792.0,-1280.0,0.4854269027709961,0.2857142984867096,False,False,1
2215,stages.2.6.0,element,7,"(189, 6, 14)",0,0.0,False,0.915,0.0,False,,239,-7168.0,7168.0,0.0,2.0,True,False,1
2216,stages.2.3.0,element,3,"(72, 17, 22)",200,1.0,True,0.0,0.915,True,,245,-20480.0,,inf,inf,False,True,1
2217,stages.3.0.0,element,2,"(108, 4, 16)",0,0.0,False,0.915,0.0,False,,229,-1280.0,-640.0,1.0,0.5,False,False,1
2218,stages.2.8.0,element,0,"(177, 49, 5)",0,0.0,False,0.915,0.0,False,,212,-64.0,-80.0,0.3219280242919922,0.25,False,False,1
2219,stages.1.3.0,element,0,"(18, 17, 5)",0,0.0,False,0.915,0.0,False,,102,1536.0,1792.0,0.22239208221435547,0.1666666716337204,False,False,1
2220,stages.2.7.0,element,2,"(162, 36, 8)",0,0.0,False,0.915,0.0,False,,240,-8192.0,-16384.0,1.0,1.0,False,False,1
2221,stages.2.7.0,element,2,"(117, 8, 19)",0,0.0,False,0.915,0.0,False,,101,1280.0,640.0,1.0,0.5,False,False,1
2222,stages.2.5.0,element,5,"(136, 48, 8)",0,0.0,False,0.915,0.0,False,,237,-5120.0,-20.0,8.0,0.99609375,False,False,1
2223,stages.2.7.0,element,2,"(61, 24, 6)",0,0.0,False,0.915,0.0,False,,239,-7168.0,-3584.0,1.0,0.5,False,False,1
2224,stages.3.0.0,element,6,"(870, 40, 25)",0,0.0,False,0.915,0.0,False,,106,3072.0,0.046875,16.0,0.9999847412109375,False,False,1
2225,stages.2.8.0,element,6,"(45, 1, 1)",0,0.0,False,0.915,0.0,False,,107,3584.0,0.0546875,16.0,0.9999847412109375,False,False,1
2226,stages.2.5.0,element,6,"(153, 47, 11)",0,0.0,False,0.915,0.0,False,,239,-7168.0,-0.109375,16.0,0.9999847412109375,False,False,1
2227,stages.2.1.0,element,7,"(124, 24, 0)",0,0.0,False,0.915,0.0,False,,112,8192.0,-8192.0,0.0,2.0,True,False,1
2228,stages.2.3.0,element,2,"(158, 27, 22)",0,0.0,False,0.915,0.0,False,,246,-24576.0,-12288.0,1.0,0.5,False,False,1
2229,stages.2.12.0,element,1,"(107, 38, 6)",0,0.0,False,0.915,0.0,False,,94,384.0,256.0,0.5849628448486328,0.3333333432674408,False,False,1
2230,stages.3.0.0,element,6,"(357, 38, 5)",0,0.0,False,0.915,0.0,False,,111,7168.0,0.109375,16.0,0.9999847412109375,False,False,1
2231,stages.2.10.0,element,1,"(50, 32, 19)",0,0.0,False,0.915,0.0,False,,112,8192.0,12288.0,0.5849628448486328,0.5,False,False,1
2232,stages.3.0.0,element,2,"(1278, 31, 22)",0,0.0,False,0.915,0.0,False,,219,-224.0,-448.0,1.0,1.0,False,False,1
2233,stages.2.11.0,element,3,"(56, 36, 31)",200,1.0,True,0.0,0.915,True,,118,24576.0,,inf,inf,False,True,1
2234,stages.2.2.0,element,3,"(142, 1, 4)",0,0.0,False,0.915,0.0,False,,239,-7168.0,-1792.0,2.0,0.75,False,False,1
2235,stages.3.0.0,element,0,"(661, 49, 17)",0,0.0,False,0.915,0.0,False,,235,-3584.0,-3072.0,0.22239208221435547,0.1428571492433548,False,False,1
2236,stages.3.0.0,element,6,"(366, 38, 8)",0,0.0,False,0.915,0.0,False,,111,7168.0,0.109375,16.0,0.9999847412109375,False,False,1
2237,stages.2.6.0,element,5,"(107, 32, 31)",0,0.0,False,0.915,0.0,False,,112,8192.0,32.0,8.0,0.99609375,False,False,1
2238,stages.1.2.0,element,2,"(3, 14, 24)",200,1.0,True,0.0,0.915,True,,248,-32768.0,-inf,inf,inf,False,True,1
2239,stages.2.9.0,scale,0,"(47, 41)",0,0.0,False,0.915,0.0,False,,108,108.0,109.0,1.0,inf,False,False,32
2240,stages.3.0.0,element,0,"(704, 29, 5)",0,0.0,False,0.915,0.0,False,,106,3072.0,3584.0,0.22239208221435547,0.1666666716337204,False,False,1
2241,stages.3.0.0,element,2,"(519, 2, 8)",0,0.0,False,0.915,0.0,False,,104,2048.0,4096.0,1.0,1.0,False,False,1
2242,stages.2.11.0,element,7,"(113, 13, 18)",0,0.0,False,0.915,0.0,False,,232,-2048.0,2048.0,0.0,2.0,True,False,1
2243,stages.2.9.0,element,5,"(61, 6, 25)",0,0.0,False,0.915,0.0,False,,239,-7168.0,-28.0,8.0,0.99609375,False,False,1
2244,stages.3.0.0,element,2,"(737, 39, 3)",0,0.0,False,0.915,0.0,False,,90,192.0,384.0,1.0000004768371582,1.0,False,False,1
2245,stages.2.10.0,element,7,"(99, 32, 3)",0,0.0,False,0.915,0.0,False,,234,-3072.0,3072.0,0.0,2.0,True,False,1
2246,stages.3.0.0,element,4,"(664, 1, 1)",0,0.0,False,0.915,0.0,False,,228,-1024.0,-16384.0,4.0,15.0,False,False,1
2247,stages.2.2.0,element,3,"(107, 12, 7)",0,0.0,False,0.915,0.0,False,,249,-40960.0,-10240.0,2.0,0.75,False,False,1
2248,stages.3.0.0,element,0,"(31, 22, 6)",0,0.0,False,0.915,0.0,False,,115,14336.0,12288.0,0.22239208221435547,0.1428571492433548,False,False,1
2249,stages.2.3.0,element,5,"(24, 16, 21)",0,0.0,False,0.915,0.0,False,,113,10240.0,40.0,8.0,0.99609375,False,False,1
2250,stages.2.9.0,element,7,"(157, 37, 11)",0,0.0,False,0.915,0.0,False,,237,-5120.0,5120.0,0.0,2.0,True,False,1
2251,stages.3.0.0,element,7,"(1016, 8, 16)",0,0.0,False,0.915,0.0,False,,104,2048.0,-2048.0,0.0,2.0,True,False,1
2252,stages.3.0.0,element,6,"(882, 42, 23)",0,0.0,False,0.915,0.0,False,,110,6144.0,0.09375,16.0,0.9999847412109375,False,False,1
2253,stages.1.3.0,element,0,"(74, 4, 22)",0,0.0,False,0.915,0.0,False,,241,-10240.0,-8192.0,0.3219280242919922,0.20000000298023224,False,False,1
2254,stages.2.12.0,element,1,"(163, 27, 4)",0,0.0,False,0.915,0.0,False,,114,12288.0,8192.0,0.5849628448486328,0.3333333432674408,False,False,1
2255,stages.2.9.0,element,7,"(82, 17, 10)",0,0.0,False,0.915,0.0,False,,112,8192.0,-8192.0,0.0,2.0,True,False,1
2256,stages.2.7.0,element,6,"(39, 37, 9)",0,0.0,False,0.915,0.0,False,,243,-14336.0,-0.21875,16.0,0.9999847412109375,False,False,1
2257,stages.2.3.0,element,3,"(89, 8, 20)",0,0.0,False,0.915,0.0,False,,224,-512.0,-2048.0,2.0,3.0,False,False,1
2258,stages.2.3.0,element,6,"(36, 37, 22)",0,0.0,False,0.915,0.0,False,,109,5120.0,0.078125,16.0,0.9999847412109375,False,False,1
2259,stages.3.0.0,element,3,"(748, 20, 17)",200,1.0,True,0.0,0.915,True,,116,16384.0,inf,inf,inf,False,True,1
2260,stages.2.11.0,element,2,"(61, 23, 10)",0,0.0,False,0.915,0.0,False,,112,8192.0,16384.0,1.0,1.0,False,False,1
2261,stages.2.5.0,element,2,"(66, 17, 5)",0,0.0,False,0.915,0.0,False,,90,192.0,384.0,1.0000004768371582,1.0,False,False,1
2262,stages.2.6.0,element,2,"(148, 38, 8)",0,0.0,False,0.915,0.0,False,,106,3072.0,6144.0,1.0,1.0,False,False,1
2263,stages.2.1.0,element,7,"(2, 42, 15)",0,0.0,False,0.915,0.0,False,,239,-7168.0,7168.0,0.0,2.0,True,False,1
2264,stages.1.3.0,element,2,"(29, 11, 19)",0,0.0,False,0.915,0.0,False,,245,-20480.0,-10240.0,1.0,0.5,False,False,1
2265,stages.2.7.0,element,0,"(0, 19, 28)",0,0.0,False,0.915,0.0,False,,103,1792.0,1536.0,0.22239208221435547,0.1428571492433548,False,False,1
2266,stages.2.8.0,element,7,"(74, 35, 19)",0,0.0,False,0.915,0.0,False,,244,-16384.0,16384.0,0.0,2.0,True,False,1
2267,stages.2.7.0,scale,4,"(150, 27)",179,0.895,True,0.1,0.8150000000000001,False,,108,108.0,124.0,16.0,inf,False,False,32
2268,stages.2.7.0,element,3,"(114, 25, 8)",0,0.0,False,0.915,0.0,False,,105,2560.0,640.0,2.0,0.75,False,False,1
2269,stages.2.10.0,element,3,"(185, 39, 6)",200,1.0,True,0.0,0.915,True,,118,24576.0,,inf,inf,False,True,1
2270,stages.3.0.0,element,7,"(70, 35, 15)",0,0.0,False,0.915,0.0,False,,240,-8192.0,8192.0,0.0,2.0,True,False,1
2271,stages.2.11.0,element,3,"(167, 27, 1)",0,0.0,False,0.915,0.0,False,,113,10240.0,40960.0,2.0,3.0,False,False,1
2272,stages.2.13.0,element,0,"(59, 8, 4)",0,0.0,False,0.915,0.0,False,,232,-2048.0,-2560.0,0.3219280242919922,0.25,False,False,1
2273,stages.2.5.0,element,6,"(116, 39, 24)",0,0.0,False,0.915,0.0,False,,112,8192.0,0.125,16.0,0.9999847412109375,False,False,1
2274,stages.2.5.0,element,5,"(115, 3, 19)",200,1.0,True,0.0,0.915,True,,223,-448.0,,inf,inf,False,True,1
2275,stages.3.0.0,element,4,"(563, 53, 15)",0,0.0,False,0.915,0.0,False,,233,-2560.0,-40960.0,4.0,15.0,False,False,1
2276,stages.2.2.0,element,0,"(153, 2, 13)",0,0.0,False,0.915,0.0,False,,112,8192.0,10240.0,0.3219280242919922,0.25,False,False,1
2277,stages.3.0.0,element,1,"(128, 48, 12)",0,0.0,False,0.915,0.0,False,,239,-7168.0,-5120.0,0.4854269027709961,0.2857142984867096,False,False,1
2278,stages.2.2.0,element,3,"(110, 44, 12)",0,0.0,False,0.915,0.0,False,,236,-4096.0,-1024.0,2.0,0.75,False,False,1
2279,stages.2.10.0,element,7,"(64, 27, 9)",0,0.0,False,0.915,0.0,False,,229,-1280.0,1280.0,0.0,2.0,True,False,1
2280,stages.3.0.0,element,3,"(95, 8, 8)",0,0.0,False,0.915,0.0,False,,225,-640.0,-2560.0,2.0,3.0,False,False,1
2281,stages.3.0.0,element,0,"(842, 11, 16)",0,0.0,False,0.915,0.0,False,,95,448.0,384.0,0.22239208221435547,0.1428571492433548,False,False,1
2282,stages.2.4.0,element,4,"(2, 15, 15)",0,0.0,False,0.915,0.0,False,,232,-2048.0,-32768.0,4.0,15.0,False,False,1
2283,stages.2.12.0,element,4,"(46, 26, 15)",0,0.0,False,0.915,0.0,False,,104,2048.0,32768.0,4.0,15.0,False,False,1
2284,stages.3.0.0,element,7,"(1131, 39, 23)",0,0.0,False,0.915,0.0,False,,114,12288.0,-12288.0,0.0,2.0,True,False,1
2285,stages.2.4.0,element,1,"(162, 14, 14)",0,0.0,False,0.915,0.0,False,,238,-6144.0,-4096.0,0.5849628448486328,0.3333333432674408,False,False,1
2286,stages.3.0.0,element,1,"(854, 5, 19)",0,0.0,False,0.915,0.0,False,,237,-5120.0,-7168.0,0.4854269027709961,0.4000000059604645,False,False,1
2287,stages.3.0.0,element,7,"(304, 4, 16)",0,0.0,False,0.915,0.0,False,,232,-2048.0,2048.0,0.0,2.0,True,False,1
2288,stages.2.13.0,element,4,"(39, 4, 29)",0,0.0,False,0.915,0.0,False,,118,24576.0,1536.0,4.0,0.9375,False,False,1
2289,stages.2.0.0,element,2,"(25, 25, 1)",0,0.0,False,0.915,0.0,False,,236,-4096.0,-2048.0,1.0,0.5,False,False,1
2290,stages.3.0.0,element,7,"(1249, 3, 28)",0,0.0,False,0.915,0.0,False,,229,-1280.0,1280.0,0.0,2.0,True,False,1
2291,stages.2.11.0,element,0,"(89, 14, 14)",0,0.0,False,0.915,0.0,False,,117,20480.0,16384.0,0.3219280242919922,0.20000000298023224,False,False,1
2292,stages.3.0.0,element,1,"(90, 40, 16)",0,0.0,False,0.915,0.0,False,,110,6144.0,4096.0,0.5849628448486328,0.3333333432674408,False,False,1
2293,stages.2.11.0,element,0,"(124, 8, 17)",0,0.0,False,0.915,0.0,False,,106,3072.0,3584.0,0.22239208221435547,0.1666666716337204,False,False,1
2294,stages.1.1.0,scale,0,"(82, 14)",0,0.0,False,0.915,0.0,False,,109,109.0,108.0,1.0,inf,False,False,32
2295,stages.2.8.0,element,5,"(64, 8, 23)",0,0.0,False,0.915,0.0,False,,118,24576.0,96.0,8.0,0.99609375,False,False,1
2296,stages.3.0.0,element,7,"(987, 9, 24)",0,0.0,False,0.915,0.0,False,,236,-4096.0,4096.0,0.0,2.0,True,False,1
2297,stages.3.0.0,element,6,"(1134, 45, 24)",0,0.0,False,0.915,0.0,False,,101,1280.0,0.01953125,16.0,0.9999847412109375,False,False,1
2298,stages.2.12.0,element,4,"(168, 18, 23)",0,0.0,False,0.915,0.0,False,,234,-3072.0,-49152.0,4.0,15.0,False,False,1
2299,stages.2.10.0,element,3,"(52, 33, 3)",0,0.0,False,0.915,0.0,False,,242,-12288.0,-49152.0,2.0,3.0,False,False,1
2300,stages.2.10.0,element,3,"(116, 0, 1)",0,0.0,False,0.915,0.0,False,,243,-14336.0,-57344.0,2.0,3.0,False,False,1
2301,stages.3.0.0,element,7,"(648, 3, 6)",0,0.0,False,0.915,0.0,False,,108,4096.0,-4096.0,0.0,2.0,True,False,1
2302,stages.2.9.0,element,0,"(185, 49, 29)",0,0.0,False,0.915,0.0,False,,111,7168.0,6144.0,0.22239208221435547,0.1428571492433548,False,False,1
2303,stages.2.5.0,element,4,"(138, 6, 4)",200,1.0,True,0.0,0.915,True,,110,6144.0,,inf,inf,False,True,1
2304,stages.2.3.0,element,2,"(122, 42, 26)",0,0.0,False,0.915,0.0,False,,242,-12288.0,-24576.0,1.0,1.0,False,False,1
2305,stages.2.13.0,element,6,"(162, 14, 30)",0,0.0,False,0.915,0.0,False,,231,-1792.0,-0.02734375,16.0,0.9999847412109375,False,False,1
2306,stages.2.5.0,element,0,"(147, 43, 15)",0,0.0,False,0.915,0.0,False,,116,16384.0,20480.0,0.3219280242919922,0.25,False,False,1
2307,stages.3.0.0,element,2,"(456, 21, 24)",0,0.0,False,0.915,0.0,False,,109,5120.0,2560.0,1.0,0.5,False,False,1
2308,stages.2.7.0,element,6,"(47, 25, 4)",0,0.0,False,0.915,0.0,False,,241,-10240.0,-0.15625,16.0,0.9999847412109375,False,False,1
2309,stages.3.0.0,element,2,"(904, 42, 0)",0,0.0,False,0.915,0.0,False,,233,-2560.0,-5120.0,1.0,1.0,False,False,1
2310,stages.3.0.0,element,7,"(497, 42, 12)",0,0.0,False,0.915,0.0,False,,110,6144.0,-6144.0,0.0,2.0,True,False,1
2311,stages.2.7.0,element,2,"(59, 2, 10)",0,0.0,False,0.915,0.0,False,,103,1792.0,896.0,1.0,0.5,False,False,1
2312,stages.2.9.0,element,0,"(139, 38, 28)",0,0.0,False,0.915,0.0,False,,108,4096.0,5120.0,0.3219280242919922,0.25,False,False,1
2313,stages.3.0.0,element,3,"(851, 21, 4)",0,0.0,False,0.915,0.0,False,,111,7168.0,1792.0,2.0,0.75,False,False,1
2314,stages.2.13.0,element,3,"(169, 39, 2)",0,0.0,False,0.915,0.0,False,,99,896.0,3584.0,2.0,3.0,False,False,1
2315,stages.2.10.0,element,5,"(87, 8, 30)",0,0.0,False,0.915,0.0,False,,242,-12288.0,-48.0,8.0,0.99609375,False,False,1
2316,stages.3.0.0,scale,6,"(403, 1)",0,0.0,False,0.915,0.0,False,,106,106.0,42.0,64.0,inf,False,False,32
2317,stages.1.1.0,scale,0,"(79, 17)",0,0.0,False,0.915,0.0,False,,109,109.0,108.0,1.0,inf,False,False,32
2318,stages.2.5.0,element,0,"(112, 49, 22)",0,0.0,False,0.915,0.0,False,,103,1792.0,1536.0,0.22239208221435547,0.1428571492433548,False,False,1
2319,stages.3.0.0,element,3,"(1183, 53, 8)",0,0.0,False,0.915,0.0,False,,108,4096.0,1024.0,2.0,0.75,False,False,1
2320,stages.2.3.0,element,4,"(46, 24, 1)",0,0.0,False,0.915,0.0,False,,118,24576.0,1536.0,4.0,0.9375,False,False,1
2321,stages.2.2.0,element,3,"(151, 15, 15)",0,0.0,False,0.915,0.0,False,,230,-1536.0,-6144.0,2.0,3.0,False,False,1
2322,stages.3.0.0,element,0,"(269, 4, 18)",0,0.0,False,0.915,0.0,False,,246,-24576.0,-28672.0,0.22239208221435547,0.1666666716337204,False,False,1
2323,stages.1.2.0,element,7,"(46, 25, 3)",0,0.0,False,0.915,0.0,False,,113,10240.0,-10240.0,0.0,2.0,True,False,1
2324,stages.3.0.0,element,3,"(874, 4, 28)",0,0.0,False,0.915,0.0,False,,111,7168.0,1792.0,2.0,0.75,False,False,1
2325,stages.3.0.0,element,1,"(520, 45, 18)",0,0.0,False,0.915,0.0,False,,243,-14336.0,-10240.0,0.4854269027709961,0.2857142984867096,False,False,1
2326,stages.3.0.0,element,4,"(1160, 12, 19)",200,1.0,True,0.0,0.915,True,,237,-5120.0,,inf,inf,False,True,1
2327,stages.1.1.0,element,1,"(21, 19, 11)",0,0.0,False,0.915,0.0,False,,242,-12288.0,-8192.0,0.5849628448486328,0.3333333432674408,False,False,1
2328,stages.3.0.0,element,4,"(284, 31, 20)",0,0.0,False,0.915,0.0,False,,122,49152.0,3072.0,4.0,0.9375,False,False,1
2329,stages.2.3.0,scale,6,"(127, 33)",0,0.0,False,0.915,0.0,False,,106,106.0,42.0,64.0,inf,False,False,32
2330,stages.2.1.0,element,5,"(33, 36, 20)",0,0.0,False,0.915,0.0,False,,235,-3584.0,-14.0,8.0,0.99609375,False,False,1
2331,stages.3.0.0,element,7,"(162, 52, 0)",0,0.0,False,0.915,0.0,False,,241,-10240.0,10240.0,0.0,2.0,True,False,1
2332,stages.2.1.0,element,5,"(16, 27, 24)",0,0.0,False,0.915,0.0,False,,244,-16384.0,-64.0,8.0,0.99609375,False,False,1
2333,stages.2.2.0,element,4,"(101, 53, 20)",0,0.0,False,0.915,0.0,False,,117,20480.0,1280.0,4.0,0.9375,False,False,1
2334,stages.2.6.0,element,6,"(166, 51, 17)",0,0.0,False,0.915,0.0,False,,235,-3584.0,-0.0546875,16.0,0.9999847412109375,False,False,1
2335,stages.3.0.0,element,0,"(728, 31, 5)",0,0.0,False,0.915,0.0,False,,237,-5120.0,-4096.0,0.3219280242919922,0.20000000298023224,False,False,1
2336,stages.2.9.0,element,2,"(27, 33, 5)",0,0.0,False,0.915,0.0,False,,112,8192.0,16384.0,1.0,1.0,False,False,1
2337,stages.2.10.0,element,5,"(119, 17, 15)",0,0.0,False,0.915,0.0,False,,106,3072.0,12.0,8.0,0.99609375,False,False,1
2338,stages.2.9.0,element,3,"(97, 15, 19)",0,0.0,False,0.915,0.0,False,,111,7168.0,1792.0,2.0,0.75,False,False,1
2339,stages.2.2.0,element,3,"(38, 3, 5)",200,1.0,True,0.0,0.915,True,,246,-24576.0,,inf,inf,False,True,1
2340,stages.2.1.0,element,6,"(4, 32, 31)",0,0.0,False,0.915,0.0,False,,108,4096.0,0.0625,16.0,0.9999847412109375,False,False,1
2341,stages.2.11.0,scale,5,"(68, 24)",0,0.0,False,0.915,0.0,False,,106,106.0,74.0,32.0,inf,False,False,32
2342,stages.3.0.0,element,3,"(863, 36, 19)",0,0.0,False,0.915,0.0,False,,235,-3584.0,-896.0,2.0,0.75,False,False,1
2343,stages.2.12.0,element,7,"(5, 50, 29)",0,0.0,False,0.915,0.0,False,,237,-5120.0,5120.0,0.0,2.0,True,False,1
2344,stages.3.0.0,element,5,"(110, 46, 0)",0,0.0,False,0.915,0.0,False,,228,-1024.0,-4.0,8.0,0.99609375,False,False,1
2345,stages.2.4.0,element,0,"(6, 32, 23)",0,0.0,False,0.915,0.0,False,,250,-49152.0,-57344.0,0.22239208221435547,0.1666666716337204,False,False,1
2346,stages.3.0.0,element,1,"(799, 23, 2)",0,0.0,False,0.915,0.0,False,,109,5120.0,7168.0,0.4854269027709961,0.4000000059604645,False,False,1
2347,stages.2.2.0,element,5,"(133, 26, 28)",0,0.0,False,0.915,0.0,False,,234,-3072.0,-12.0,8.0,0.99609375,False,False,1
2348,stages.3.0.0,element,0,"(26, 43, 23)",0,0.0,False,0.915,0.0,False,,248,-32768.0,-40960.0,0.3219280242919922,0.25,False,False,1
2349,stages.2.4.0,element,5,"(180, 33, 18)",0,0.0,False,0.915,0.0,False,,114,12288.0,48.0,8.0,0.99609375,False,False,1
2350,stages.2.9.0,element,7,"(190, 1, 3)",0,0.0,False,0.915,0.0,False,,241,-10240.0,10240.0,0.0,2.0,True,False,1
2351,stages.3.0.0,element,4,"(1069, 38, 22)",200,1.0,True,0.0,0.915,True,,237,-5120.0,,inf,inf,False,True,1
2352,stages.2.10.0,element,6,"(1, 37, 24)",0,0.0,False,0.915,0.0,False,,112,8192.0,0.125,16.0,0.9999847412109375,False,False,1
2353,stages.3.0.0,element,1,"(1136, 53, 17)",0,0.0,False,0.915,0.0,False,,237,-5120.0,-7168.0,0.4854269027709961,0.4000000059604645,False,False,1
2354,stages.2.0.0,element,6,"(7, 18, 11)",0,0.0,False,0.915,0.0,False,,237,-5120.0,-0.078125,16.0,0.9999847412109375,False,False,1
2355,stages.2.9.0,element,1,"(111, 7, 21)",0,0.0,False,0.915,0.0,False,,114,12288.0,8192.0,0.5849628448486328,0.3333333432674408,False,False,1
2356,stages.2.11.0,element,7,"(125, 46, 26)",0,0.0,False,0.915,0.0,False,,250,-49152.0,49152.0,0.0,2.0,True,False,1
2357,stages.3.0.0,element,3,"(85, 42, 25)",0,0.0,False,0.915,0.0,False,,236,-4096.0,-1024.0,2.0,0.75,False,False,1
2358,stages.2.6.0,element,4,"(73, 32, 8)",0,0.0,False,0.915,0.0,False,,244,-16384.0,-1024.0,4.0,0.9375,False,False,1
2359,stages.2.3.0,element,7,"(189, 36, 1)",0,0.0,False,0.915,0.0,False,,97,640.0,-640.0,0.0,2.0,True,False,1
2360,stages.2.7.0,element,6,"(5, 7, 24)",0,0.0,False,0.915,0.0,False,,241,-10240.0,-0.15625,16.0,0.9999847412109375,False,False,1
2361,stages.2.9.0,element,3,"(130, 38, 16)",0,0.0,False,0.915,0.0,False,,241,-10240.0,-40960.0,2.0,3.0,False,False,1
2362,stages.2.7.0,element,2,"(126, 17, 10)",0,0.0,False,0.915,0.0,False,,238,-6144.0,-3072.0,1.0,0.5,False,False,1
2363,stages.2.2.0,scale,1,"(12, 30)",0,0.0,False,0.915,0.0,False,,107,107.0,105.0,2.0,inf,False,False,32
2364,stages.2.9.0,element,6,"(2, 49, 15)",0,0.0,False,0.915,0.0,False,,106,3072.0,0.046875,16.0,0.9999847412109375,False,False,1
2365,stages.2.13.0,element,3,"(7, 30, 24)",0,0.0,False,0.915,0.0,False,,226,-768.0,-3072.0,2.0,3.0,False,False,1
2366,stages.2.12.0,element,0,"(88, 26, 8)",0,0.0,False,0.915,0.0,False,,110,6144.0,7168.0,0.22239208221435547,0.1666666716337204,False,False,1
2367,stages.2.11.0,element,0,"(154, 38, 22)",0,0.0,False,0.915,0.0,False,,102,1536.0,1792.0,0.22239208221435547,0.1666666716337204,False,False,1
2368,stages.3.0.0,element,6,"(561, 47, 11)",0,0.0,False,0.915,0.0,False,,229,-1280.0,-0.01953125,16.0,0.9999847412109375,False,False,1
2369,stages.3.0.0,element,5,"(1266, 27, 20)",200,1.0,True,0.0,0.915,True,,221,-320.0,,inf,inf,False,True,1
2370,stages.3.0.0,element,3,"(82, 17, 7)",0,0.0,False,0.915,0.0,False,,106,3072.0,768.0,2.0,0.75,False,False,1
2371,stages.2.10.0,element,0,"(103, 38, 1)",0,0.0,False,0.915,0.0,False,,99,896.0,768.0,0.22239208221435547,0.1428571492433548,False,False,1
2372,stages.2.11.0,element,4,"(65, 18, 16)",0,0.0,False,0.915,0.0,False,,92,256.0,16.0,4.0,0.9375,False,False,1
2373,stages.1.1.0,element,5,"(47, 13, 22)",0,0.0,False,0.915,0.0,False,,103,1792.0,7.0,8.0,0.99609375,False,False,1
2374,stages.3.0.0,element,6,"(991, 16, 13)",0,0.0,False,0.915,0.0,False,,241,-10240.0,-0.15625,16.0,0.9999847412109375,False,False,1
2375,stages.3.0.0,element,2,"(927, 48, 16)",200,1.0,True,0.0,0.915,True,,120,32768.0,inf,inf,inf,False,True,1
2376,stages.2.1.0,element,2,"(124, 30, 3)",0,0.0,False,0.915,0.0,False,,113,10240.0,20480.0,1.0,1.0,False,False,1
2377,stages.2.10.0,element,2,"(117, 34, 29)",0,0.0,False,0.915,0.0,False,,107,3584.0,7168.0,1.0,1.0,False,False,1
2378,stages.2.13.0,element,3,"(59, 41, 0)",0,0.0,False,0.915,0.0,False,,236,-4096.0,-1024.0,2.0,0.75,False,False,1
2379,stages.3.0.0,element,6,"(286, 26, 11)",0,0.0,False,0.915,0.0,False,,238,-6144.0,-0.09375,16.0,0.9999847412109375,False,False,1
2380,stages.2.3.0,element,4,"(35, 52, 31)",0,0.0,False,0.915,0.0,False,,112,8192.0,512.0,4.0,0.9375,False,False,1
2381,stages.2.4.0,element,1,"(35, 3, 29)",0,0.0,False,0.915,0.0,False,,246,-24576.0,-16384.0,0.5849628448486328,0.3333333432674408,False,False,1
2382,stages.2.9.0,element,4,"(37, 8, 18)",0,0.0,False,0.915,0.0,False,,118,24576.0,1536.0,4.0,0.9375,False,False,1
2383,stages.2.3.0,element,5,"(186, 38, 31)",0,0.0,False,0.915,0.0,False,,244,-16384.0,-64.0,8.0,0.99609375,False,False,1
2384,stages.3.0.0,element,6,"(387, 24, 11)",0,0.0,False,0.915,0.0,False,,239,-7168.0,-0.109375,16.0,0.9999847412109375,False,False,1
2385,stages.3.0.0,element,7,"(1250, 52, 18)",0,0.0,False,0.915,0.0,False,,238,-6144.0,6144.0,0.0,2.0,True,False,1
2386,stages.3.0.0,element,3,"(1067, 2, 15)",0,0.0,False,0.915,0.0,False,,235,-3584.0,-896.0,2.0,0.75,False,False,1
2387,stages.3.0.0,element,1,"(1258, 25, 22)",0,0.0,False,0.915,0.0,False,,96,512.0,768.0,0.5849628448486328,0.5,False,False,1
2388,stages.2.13.0,element,0,"(175, 32, 14)",0,0.0,False,0.915,0.0,False,,243,-14336.0,-12288.0,0.22239208221435547,0.1428571492433548,False,False,1
2389,stages.2.9.0,element,3,"(4, 29, 8)",0,0.0,False,0.915,0.0,False,,113,10240.0,40960.0,2.0,3.0,False,False,1
2390,stages.2.13.0,element,5,"(65, 21, 21)",0,0.0,False,0.915,0.0,False,,244,-16384.0,-64.0,8.0,0.99609375,False,False,1
2391,stages.2.7.0,element,2,"(168, 15, 21)",0,0.0,False,0.915,0.0,False,,111,7168.0,3584.0,1.0,0.5,False,False,1
2392,stages.2.6.0,element,2,"(115, 29, 13)",0,0.0,False,0.915,0.0,False,,234,-3072.0,-6144.0,1.0,1.0,False,False,1
2393,stages.2.5.0,element,1,"(148, 34, 27)",0,0.0,False,0.915,0.0,False,,241,-10240.0,-14336.0,0.4854269027709961,0.4000000059604645,False,False,1
2394,stages.2.7.0,element,4,"(30, 31, 1)",0,0.0,False,0.915,0.0,False,,107,3584.0,57344.0,4.0,15.0,False,False,1
2395,stages.3.0.0,element,4,"(1275, 16, 18)",200,1.0,True,0.0,0.915,True,,237,-5120.0,,inf,inf,False,True,1
2396,stages.2.5.0,element,2,"(124, 22, 26)",0,0.0,False,0.915,0.0,False,,247,-28672.0,-14336.0,1.0,0.5,False,False,1
2397,stages.2.2.0,element,6,"(36, 42, 12)",0,0.0,False,0.915,0.0,False,,244,-16384.0,-0.25,16.0,0.9999847412109375,False,False,1
2398,stages.2.9.0,element,3,"(141, 21, 13)",0,0.0,False,0.915,0.0,False,,237,-5120.0,-1280.0,2.0,0.75,False,False,1
2399,stages.2.9.0,element,7,"(35, 5, 14)",0,0.0,False,0.915,0.0,False,,233,-2560.0,2560.0,0.0,2.0,True,False,1
2400,stages.2.3.0,element,0,"(25, 3, 25)",0,0.0,False,0.915,0.0,False,,112,8192.0,10240.0,0.3219280242919922,0.25,False,False,1
2401,stages.3.0.0,element,3,"(1076, 34, 29)",0,0.0,False,0.915,0.0,False,,232,-2048.0,-512.0,2.0,0.75,False,False,1
2402,stages.3.0.0,element,6,"(1161, 47, 6)",0,0.0,False,0.915,0.0,False,,235,-3584.0,-0.0546875,16.0,0.9999847412109375,False,False,1
2403,stages.2.7.0,element,2,"(185, 30, 19)",0,0.0,False,0.915,0.0,False,,243,-14336.0,-28672.0,1.0,1.0,False,False,1
2404,stages.3.0.0,element,5,"(1186, 51, 29)",0,0.0,False,0.915,0.0,False,,237,-5120.0,-20.0,8.0,0.99609375,False,False,1
2405,stages.2.5.0,element,2,"(130, 27, 15)",0,0.0,False,0.915,0.0,False,,244,-16384.0,-8192.0,1.0,0.5,False,False,1
2406,stages.3.0.0,element,4,"(880, 21, 31)",0,0.0,False,0.915,0.0,False,,97,640.0,10240.0,4.0,15.0,False,False,1
2407,stages.3.0.0,element,1,"(831, 6, 0)",0,0.0,False,0.915,0.0,False,,235,-3584.0,-2560.0,0.4854269027709961,0.2857142984867096,False,False,1
2408,stages.2.4.0,element,5,"(114, 18, 22)",0,0.0,False,0.915,0.0,False,,103,1792.0,7.0,8.0,0.99609375,False,False,1
2409,stages.2.7.0,element,5,"(45, 27, 24)",0,0.0,False,0.915,0.0,False,,113,10240.0,40.0,8.0,0.99609375,False,False,1
2410,stages.1.1.0,element,0,"(29, 21, 2)",0,0.0,False,0.915,0.0,False,,104,2048.0,2560.0,0.3219280242919922,0.25,False,False,1
2411,stages.3.0.0,element,1,"(93, 53, 23)",0,0.0,False,0.915,0.0,False,,113,10240.0,14336.0,0.4854269027709961,0.4000000059604645,False,False,1
2412,stages.2.11.0,element,3,"(3, 26, 16)",0,0.0,False,0.915,0.0,False,,107,3584.0,896.0,2.0,0.75,False,False,1
2413,stages.2.9.0,element,0,"(15, 23, 6)",0,0.0,False,0.915,0.0,False,,243,-14336.0,-12288.0,0.22239208221435547,0.1428571492433548,False,False,1
2414,stages.2.6.0,element,1,"(144, 29, 6)",0,0.0,False,0.915,0.0,False,,235,-3584.0,-2560.0,0.4854269027709961,0.2857142984867096,False,False,1
2415,stages.2.10.0,element,0,"(1, 18, 27)",0,0.0,False,0.915,0.0,False,,230,-1536.0,-1792.0,0.22239208221435547,0.1666666716337204,False,False,1
2416,stages.2.2.0,element,2,"(56, 24, 31)",0,0.0,False,0.915,0.0,False,,236,-4096.0,-2048.0,1.0,0.5,False,False,1
2417,stages.3.0.0,element,1,"(951, 27, 16)",0,0.0,False,0.915,0.0,False,,240,-8192.0,-12288.0,0.5849628448486328,0.5,False,False,1
2418,stages.2.1.0,element,3,"(178, 43, 22)",0,0.0,False,0.915,0.0,False,,104,2048.0,512.0,2.0,0.75,False,False,1
2419,stages.2.8.0,element,5,"(156, 6, 14)",0,0.0,False,0.915,0.0,False,,243,-14336.0,-56.0,8.0,0.99609375,False,False,1
2420,stages.3.0.0,element,2,"(525, 14, 23)",0,0.0,False,0.915,0.0,False,,88,128.0,256.0,1.0,1.0,False,False,1
2421,stages.2.5.0,element,7,"(168, 38, 9)",0,0.0,False,0.915,0.0,False,,235,-3584.0,3584.0,0.0,2.0,True,False,1
2422,stages.2.12.0,element,7,"(18, 7, 3)",0,0.0,False,0.915,0.0,False,,104,2048.0,-2048.0,0.0,2.0,True,False,1
2423,stages.2.8.0,element,1,"(99, 12, 26)",0,0.0,False,0.915,0.0,False,,228,-1024.0,-1536.0,0.5849628448486328,0.5,False,False,1
2424,stages.2.10.0,element,0,"(101, 18, 26)",0,0.0,False,0.915,0.0,False,,112,8192.0,10240.0,0.3219280242919922,0.25,False,False,1
2425,stages.2.0.0,element,3,"(97, 18, 2)",0,0.0,False,0.915,0.0,False,,217,-160.0,-40.0,2.0,0.75,False,False,1
2426,stages.2.10.0,element,3,"(165, 10, 4)",0,0.0,False,0.915,0.0,False,,115,14336.0,57344.0,2.0,3.0,False,False,1
2427,stages.3.0.0,element,2,"(1110, 31, 12)",0,0.0,False,0.915,0.0,False,,242,-12288.0,-24576.0,1.0,1.0,False,False,1
2428,stages.3.0.0,element,0,"(853, 39, 1)",0,0.0,False,0.915,0.0,False,,85,80.0,64.0,0.3219280242919922,0.20000000298023224,False,False,1
2429,stages.2.13.0,element,0,"(188, 47, 29)",0,0.0,False,0.915,0.0,False,,113,10240.0,8192.0,0.3219280242919922,0.20000000298023224,False,False,1
2430,stages.3.0.0,element,6,"(113, 53, 11)",0,0.0,False,0.915,0.0,False,,236,-4096.0,-0.0625,16.0,0.9999847412109375,False,False,1
2431,stages.3.0.0,element,4,"(460, 0, 11)",0,0.0,False,0.915,0.0,False,,224,-512.0,-8192.0,4.0,15.0,False,False,1
2432,stages.2.3.0,element,3,"(35, 5, 22)",0,0.0,False,0.915,0.0,False,,102,1536.0,6144.0,2.0,3.0,False,False,1
2433,stages.2.11.0,element,2,"(1, 40, 28)",0,0.0,False,0.915,0.0,False,,234,-3072.0,-6144.0,1.0,1.0,False,False,1
2434,stages.2.5.0,element,7,"(114, 36, 19)",0,0.0,False,0.915,0.0,False,,237,-5120.0,5120.0,0.0,2.0,True,False,1
2435,stages.3.0.0,element,7,"(835, 40, 14)",0,0.0,False,0.915,0.0,False,,97,640.0,-640.0,0.0,2.0,True,False,1
2436,stages.3.0.0,element,1,"(219, 32, 31)",0,0.0,False,0.915,0.0,False,,236,-4096.0,-6144.0,0.5849628448486328,0.5,False,False,1
2437,stages.2.3.0,element,7,"(4, 45, 19)",0,0.0,False,0.915,0.0,False,,233,-2560.0,2560.0,0.0,2.0,True,False,1
2438,stages.3.0.0,element,5,"(506, 43, 22)",0,0.0,False,0.915,0.0,False,,227,-896.0,-3.5,8.0,0.99609375,False,False,1
2439,stages.2.4.0,element,1,"(27, 21, 0)",0,0.0,False,0.915,0.0,False,,238,-6144.0,-4096.0,0.5849628448486328,0.3333333432674408,False,False,1
2440,stages.2.11.0,element,7,"(147, 37, 14)",0,0.0,False,0.915,0.0,False,,244,-16384.0,16384.0,0.0,2.0,True,False,1
2441,stages.2.1.0,element,0,"(128, 3, 24)",0,0.0,False,0.915,0.0,False,,241,-10240.0,-8192.0,0.3219280242919922,0.20000000298023224,False,False,1
2442,stages.3.0.0,element,7,"(536, 7, 16)",0,0.0,False,0.915,0.0,False,,110,6144.0,-6144.0,0.0,2.0,True,False,1
2443,stages.2.1.0,element,2,"(144, 31, 19)",0,0.0,False,0.915,0.0,False,,113,10240.0,20480.0,1.0,1.0,False,False,1
2444,stages.2.3.0,element,3,"(24, 50, 3)",0,0.0,False,0.915,0.0,False,,237,-5120.0,-1280.0,2.0,0.75,False,False,1
2445,stages.2.2.0,element,0,"(29, 52, 26)",0,0.0,False,0.915,0.0,False,,114,12288.0,14336.0,0.22239208221435547,0.1666666716337204,False,False,1
2446,stages.2.12.0,element,6,"(6, 29, 21)",0,0.0,False,0.915,0.0,False,,120,32768.0,0.5,16.0,0.9999847412109375,False,False,1
2447,stages.3.0.0,scale,0,"(977, 16)",0,0.0,False,0.915,0.0,False,,107,107.0,106.0,1.0,inf,False,False,32
2448,stages.2.9.0,element,0,"(66, 43, 15)",0,0.0,False,0.915,0.0,False,,95,448.0,384.0,0.22239208221435547,0.1428571492433548,False,False,1
2449,stages.2.2.0,element,4,"(91, 20, 19)",0,0.0,False,0.915,0.0,False,,103,1792.0,28672.0,4.0,15.0,False,False,1
2450,stages.2.11.0,element,7,"(158, 40, 1)",0,0.0,False,0.915,0.0,False,,102,1536.0,-1536.0,0.0,2.0,True,False,1
2451,stages.2.1.0,element,4,"(57, 34, 7)",0,0.0,False,0.915,0.0,False,,97,640.0,10240.0,4.0,15.0,False,False,1
2452,stages.3.0.0,element,3,"(326, 15, 6)",0,0.0,False,0.915,0.0,False,,237,-5120.0,-1280.0,2.0,0.75,False,False,1
2453,stages.2.7.0,element,1,"(179, 35, 30)",0,0.0,False,0.915,0.0,False,,113,10240.0,14336.0,0.4854269027709961,0.4000000059604645,False,False,1
2454,stages.3.0.0,element,7,"(166, 12, 4)",0,0.0,False,0.915,0.0,False,,98,768.0,-768.0,0.0,2.0,True,False,1
2455,stages.2.9.0,element,2,"(146, 20, 24)",0,0.0,False,0.915,0.0,False,,241,-10240.0,-20480.0,1.0,1.0,False,False,1
2456,stages.3.0.0,element,7,"(64, 44, 16)",0,0.0,False,0.915,0.0,False,,237,-5120.0,5120.0,0.0,2.0,True,False,1
2457,stages.2.4.0,element,5,"(117, 7, 19)",0,0.0,False,0.915,0.0,False,,99,896.0,3.5,8.0,0.99609375,False,False,1
2458,stages.3.0.0,element,1,"(1119, 52, 11)",0,0.0,False,0.915,0.0,False,,231,-1792.0,-1280.0,0.4854269027709961,0.2857142984867096,False,False,1
2459,stages.2.11.0,element,2,"(2, 46, 9)",0,0.0,False,0.915,0.0,False,,240,-8192.0,-16384.0,1.0,1.0,False,False,1
2460,stages.2.7.0,element,3,"(143, 35, 4)",200,1.0,True,0.0,0.915,True,,247,-28672.0,,inf,inf,False,True,1
2461,stages.2.2.0,scale,6,"(41, 30)",0,0.0,False,0.915,0.0,False,,107,107.0,43.0,64.0,inf,False,False,32
2462,stages.3.0.0,element,7,"(1258, 51, 2)",0,0.0,False,0.915,0.0,False,,246,-24576.0,24576.0,0.0,2.0,True,False,1
2463,stages.3.0.0,element,4,"(963, 2, 4)",200,1.0,True,0.0,0.915,True,,109,5120.0,,inf,inf,False,True,1
2464,stages.2.0.0,element,5,"(125, 21, 4)",0,0.0,False,0.915,0.0,False,,229,-1280.0,-5.0,8.0,0.99609375,False,False,1
2465,stages.3.0.0,element,1,"(1181, 50, 21)",0,0.0,False,0.915,0.0,False,,237,-5120.0,-7168.0,0.4854269027709961,0.4000000059604645,False,False,1
2466,stages.2.9.0,element,0,"(37, 14, 30)",0,0.0,False,0.915,0.0,False,,112,8192.0,10240.0,0.3219280242919922,0.25,False,False,1
2467,stages.2.6.0,element,2,"(54, 18, 31)",0,0.0,False,0.915,0.0,False,,117,20480.0,10240.0,1.0,0.5,False,False,1
2468,stages.3.0.0,element,2,"(530, 36, 3)",0,0.0,False,0.915,0.0,False,,242,-12288.0,-24576.0,1.0,1.0,False,False,1
2469,stages.3.0.0,element,2,"(1024, 52, 4)",0,0.0,False,0.915,0.0,False,,99,896.0,1792.0,1.0,1.0,False,False,1
2470,stages.2.2.0,element,2,"(22, 31, 22)",0,0.0,False,0.915,0.0,False,,103,1792.0,896.0,1.0,0.5,False,False,1
2471,stages.3.0.0,element,7,"(381, 13, 28)",0,0.0,False,0.915,0.0,False,,225,-640.0,640.0,0.0,2.0,True,False,1
2472,stages.2.11.0,element,0,"(132, 49, 20)",0,0.0,False,0.915,0.0,False,,119,28672.0,24576.0,0.22239208221435547,0.1428571492433548,False,False,1
2473,stages.2.1.0,element,5,"(84, 17, 29)",0,0.0,False,0.915,0.0,False,,88,128.0,32768.0,8.0,255.0,False,False,1
2474,stages.2.10.0,element,3,"(62, 53, 4)",0,0.0,False,0.915,0.0,False,,236,-4096.0,-1024.0,2.0,0.75,False,False,1
2475,stages.2.3.0,element,4,"(68, 13, 21)",200,1.0,True,0.0,0.915,True,,237,-5120.0,,inf,inf,False,True,1
2476,stages.2.3.0,element,5,"(49, 22, 6)",0,0.0,False,0.915,0.0,False,,238,-6144.0,-24.0,8.0,0.99609375,False,False,1
2477,stages.2.4.0,element,3,"(85, 49, 18)",0,0.0,False,0.915,0.0,False,,108,4096.0,1024.0,2.0,0.75,False,False,1
2478,stages.3.0.0,element,2,"(16, 16, 5)",200,1.0,True,0.0,0.915,True,,121,40960.0,,inf,inf,False,True,1
2479,stages.2.13.0,element,1,"(93, 6, 28)",0,0.0,False,0.915,0.0,False,,245,-20480.0,-28672.0,0.4854269027709961,0.4000000059604645,False,False,1
2480,stages.2.9.0,element,0,"(181, 52, 25)",0,0.0,False,0.915,0.0,False,,235,-3584.0,-3072.0,0.22239208221435547,0.1428571492433548,False,False,1
2481,stages.2.13.0,element,0,"(107, 6, 21)",0,0.0,False,0.915,0.0,False,,105,2560.0,2048.0,0.3219280242919922,0.20000000298023224,False,False,1
2482,stages.3.0.0,element,3,"(613, 43, 31)",0,0.0,False,0.915,0.0,False,,229,-1280.0,-5120.0,2.0,3.0,False,False,1
2483,stages.2.5.0,element,7,"(144, 25, 31)",0,0.0,False,0.915,0.0,False,,109,5120.0,-5120.0,0.0,2.0,True,False,1
2484,stages.2.2.0,element,5,"(122, 20, 24)",0,0.0,False,0.915,0.0,False,,237,-5120.0,-20.0,8.0,0.99609375,False,False,1
2485,stages.3.0.0,element,2,"(750, 42, 14)",0,0.0,False,0.915,0.0,False,,238,-6144.0,-3072.0,1.0,0.5,False,False,1
2486,stages.2.12.0,element,4,"(9, 11, 14)",0,0.0,False,0.915,0.0,False,,104,2048.0,32768.0,4.0,15.0,False,False,1
2487,stages.2.4.0,element,4,"(71, 25, 12)",0,0.0,False,0.915,0.0,False,,117,20480.0,1280.0,4.0,0.9375,False,False,1
2488,stages.2.8.0,element,6,"(163, 40, 18)",0,0.0,False,0.915,0.0,False,,116,16384.0,0.25,16.0,0.9999847412109375,False,False,1
2489,stages.2.8.0,element,0,"(71, 33, 1)",0,0.0,False,0.915,0.0,False,,115,14336.0,12288.0,0.22239208221435547,0.1428571492433548,False,False,1
2490,stages.2.8.0,element,6,"(113, 18, 2)",0,0.0,False,0.915,0.0,False,,118,24576.0,0.375,16.0,0.9999847412109375,False,False,1
2491,stages.2.6.0,element,2,"(53, 39, 2)",0,0.0,False,0.915,0.0,False,,115,14336.0,28672.0,1.0,1.0,False,False,1
2492,stages.2.12.0,element,5,"(190, 21, 7)",0,0.0,False,0.915,0.0,False,,123,57344.0,224.0,8.0,0.99609375,False,False,1
2493,stages.2.4.0,element,3,"(100, 13, 13)",0,0.0,False,0.915,0.0,False,,105,2560.0,640.0,2.0,0.75,False,False,1
2494,stages.2.2.0,element,2,"(12, 24, 27)",0,0.0,False,0.915,0.0,False,,236,-4096.0,-2048.0,1.0,0.5,False,False,1
2495,stages.2.3.0,element,7,"(126, 41, 23)",0,0.0,False,0.915,0.0,False,,238,-6144.0,6144.0,0.0,2.0,True,False,1
2496,stages.2.4.0,element,2,"(113, 39, 21)",0,0.0,False,0.915,0.0,False,,110,6144.0,3072.0,1.0,0.5,False,False,1
2497,stages.3.0.0,element,1,"(930, 50, 19)",0,0.0,False,0.915,0.0,False,,110,6144.0,4096.0,0.5849628448486328,0.3333333432674408,False,False,1
2498,stages.2.11.0,element,6,"(183, 10, 29)",0,0.0,False,0.915,0.0,False,,113,10240.0,0.15625,16.0,0.9999847412109375,False,False,1
2499,stages.2.7.0,element,0,"(104, 44, 12)",0,0.0,False,0.915,0.0,False,,226,-768.0,-896.0,0.22239208221435547,0.1666666716337204,False,False,1
2500,stages.3.0.0,element,6,"(1205, 9, 26)",0,0.0,False,0.915,0.0,False,,111,7168.0,0.109375,16.0,0.9999847412109375,False,False,1
2501,stages.3.0.0,element,1,"(374, 32, 8)",0,0.0,False,0.915,0.0,False,,208,-32.0,-48.0,0.5849623680114746,0.5,False,False,1
2502,stages.2.12.0,element,1,"(90, 37, 5)",0,0.0,False,0.915,0.0,False,,229,-1280.0,-1792.0,0.4854269027709961,0.4000000059604645,False,False,1
2503,stages.2.11.0,element,3,"(96, 29, 24)",200,1.0,True,0.0,0.915,True,,116,16384.0,inf,inf,inf,False,True,1
2504,stages.3.0.0,element,1,"(652, 18, 12)",0,0.0,False,0.915,0.0,False,,235,-3584.0,-2560.0,0.4854269027709961,0.2857142984867096,False,False,1
2505,stages.3.0.0,element,5,"(685, 20, 3)",0,0.0,False,0.915,0.0,False,,240,-8192.0,-32.0,8.0,0.99609375,False,False,1
2506,stages.2.13.0,element,4,"(143, 32, 17)",200,1.0,True,0.0,0.915,True,,237,-5120.0,,inf,inf,False,True,1
2507,stages.2.8.0,element,2,"(0, 38, 23)",0,0.0,False,0.915,0.0,False,,109,5120.0,2560.0,1.0,0.5,False,False,1
2508,stages.3.0.0,element,7,"(371, 31, 27)",0,0.0,False,0.915,0.0,False,,240,-8192.0,8192.0,0.0,2.0,True,False,1
2509,stages.2.4.0,element,7,"(57, 16, 29)",0,0.0,False,0.915,0.0,False,,93,320.0,-320.0,0.0,2.0,True,False,1
2510,stages.2.2.0,element,5,"(71, 7, 30)",0,0.0,False,0.915,0.0,False,,104,2048.0,8.0,8.0,0.99609375,False,False,1
2511,stages.2.1.0,element,4,"(191, 23, 0)",0,0.0,False,0.915,0.0,False,,240,-8192.0,-512.0,4.0,0.9375,False,False,1
2512,stages.3.0.0,scale,3,"(700, 41)",0,0.0,False,0.915,0.0,False,,107,107.0,99.0,8.0,inf,False,False,32
2513,stages.2.11.0,element,0,"(160, 5, 20)",0,0.0,False,0.915,0.0,False,,119,28672.0,24576.0,0.22239208221435547,0.1428571492433548,False,False,1
2514,stages.3.0.0,element,6,"(1156, 1, 1)",0,0.0,False,0.915,0.0,False,,227,-896.0,-0.013671875,16.0,0.9999847412109375,False,False,1
2515,stages.2.13.0,element,2,"(161, 41, 24)",200,1.0,True,0.0,0.915,True,,120,32768.0,inf,inf,inf,False,True,1
2516,stages.2.1.0,element,2,"(75, 10, 28)",0,0.0,False,0.915,0.0,False,,228,-1024.0,-512.0,1.0,0.5,False,False,1
2517,stages.3.0.0,element,3,"(1264, 12, 14)",0,0.0,False,0.915,0.0,False,,232,-2048.0,-512.0,2.0,0.75,False,False,1
2518,stages.2.5.0,element,6,"(161, 40, 8)",0,0.0,False,0.915,0.0,False,,119,28672.0,0.4375,16.0,0.9999847412109375,False,False,1
2519,stages.3.0.0,element,4,"(684, 45, 30)",0,0.0,False,0.915,0.0,False,,120,32768.0,2048.0,4.0,0.9375,False,False,1
2520,stages.2.9.0,element,0,"(125, 52, 3)",0,0.0,False,0.915,0.0,False,,233,-2560.0,-2048.0,0.3219280242919922,0.20000000298023224,False,False,1
2521,stages.2.2.0,element,1,"(49, 31, 25)",0,0.0,False,0.915,0.0,False,,243,-14336.0,-10240.0,0.4854269027709961,0.2857142984867096,False,False,1
2522,stages.2.5.0,element,0,"(46, 26, 1)",0,0.0,False,0.915,0.0,False,,227,-896.0,-768.0,0.22239208221435547,0.1428571492433548,False,False,1
2523,stages.2.13.0,element,2,"(50, 5, 21)",0,0.0,False,0.915,0.0,False,,106,3072.0,6144.0,1.0,1.0,False,False,1
2524,stages.2.11.0,element,6,"(71, 32, 4)",0,0.0,False,0.915,0.0,False,,110,6144.0,0.09375,16.0,0.9999847412109375,False,False,1
2525,stages.3.0.0,element,7,"(915, 41, 5)",0,0.0,False,0.915,0.0,False,,245,-20480.0,20480.0,0.0,2.0,True,False,1
2526,stages.2.5.0,element,5,"(136, 10, 23)",0,0.0,False,0.915,0.0,False,,111,7168.0,28.0,8.0,0.99609375,False,False,1
2527,stages.2.10.0,element,7,"(121, 30, 13)",0,0.0,False,0.915,0.0,False,,221,-320.0,320.0,0.0,2.0,True,False,1
2528,stages.3.0.0,element,5,"(192, 25, 5)",0,0.0,False,0.915,0.0,False,,117,20480.0,80.0,8.0,0.99609375,False,False,1
2529,stages.2.12.0,element,0,"(34, 34, 10)",0,0.0,False,0.915,0.0,False,,114,12288.0,14336.0,0.22239208221435547,0.1666666716337204,False,False,1
2530,stages.2.13.0,element,4,"(78, 26, 16)",0,0.0,False,0.915,0.0,False,,235,-3584.0,-57344.0,4.0,15.0,False,False,1
2531,stages.1.3.0,element,5,"(50, 6, 23)",0,0.0,False,0.915,0.0,False,,240,-8192.0,-32.0,8.0,0.99609375,False,False,1
2532,stages.3.0.0,element,4,"(620, 45, 31)",0,0.0,False,0.915,0.0,False,,115,14336.0,896.0,4.0,0.9375,False,False,1
2533,stages.3.0.0,element,1,"(885, 38, 13)",0,0.0,False,0.915,0.0,False,,93,320.0,448.0,0.4854269027709961,0.4000000059604645,False,False,1
2534,stages.2.7.0,element,5,"(104, 7, 11)",0,0.0,False,0.915,0.0,False,,238,-6144.0,-24.0,8.0,0.99609375,False,False,1
2535,stages.2.9.0,element,5,"(178, 23, 27)",0,0.0,False,0.915,0.0,False,,120,32768.0,128.0,8.0,0.99609375,False,False,1
2536,stages.2.10.0,element,5,"(162, 15, 8)",0,0.0,False,0.915,0.0,False,,112,8192.0,32.0,8.0,0.99609375,False,False,1
2537,stages.2.1.0,element,2,"(176, 8, 12)",0,0.0,False,0.915,0.0,False,,100,1024.0,512.0,1.0,0.5,False,False,1
2538,stages.3.0.0,element,7,"(253, 43, 17)",0,0.0,False,0.915,0.0,False,,98,768.0,-768.0,0.0,2.0,True,False,1
2539,stages.3.0.0,element,3,"(943, 36, 7)",0,0.0,False,0.915,0.0,False,,96,512.0,2048.0,2.0,3.0,False,False,1
2540,stages.2.1.0,element,0,"(112, 20, 28)",0,0.0,False,0.915,0.0,False,,103,1792.0,1536.0,0.22239208221435547,0.1428571492433548,False,False,1
2541,stages.2.6.0,element,0,"(97, 36, 19)",0,0.0,False,0.915,0.0,False,,218,-192.0,-224.0,0.22239255905151367,0.1666666716337204,False,False,1
2542,stages.3.0.0,element,2,"(1159, 3, 17)",0,0.0,False,0.915,0.0,False,,231,-1792.0,-896.0,1.0,0.5,False,False,1
2543,stages.2.4.0,element,3,"(160, 35, 21)",0,0.0,False,0.915,0.0,False,,105,2560.0,640.0,2.0,0.75,False,False,1
2544,stages.2.9.0,element,0,"(31, 39, 6)",0,0.0,False,0.915,0.0,False,,111,7168.0,6144.0,0.22239208221435547,0.1428571492433548,False,False,1
2545,stages.2.8.0,element,1,"(87, 4, 5)",0,0.0,False,0.915,0.0,False,,112,8192.0,12288.0,0.5849628448486328,0.5,False,False,1
2546,stages.2.1.0,element,5,"(190, 25, 9)",0,0.0,False,0.915,0.0,False,,106,3072.0,12.0,8.0,0.99609375,False,False,1
2547,stages.3.0.0,element,1,"(914, 34, 18)",0,0.0,False,0.915,0.0,False,,105,2560.0,3584.0,0.4854269027709961,0.4000000059604645,False,False,1
2548,stages.2.7.0,element,0,"(15, 42, 12)",0,0.0,False,0.915,0.0,False,,114,12288.0,14336.0,0.22239208221435547,0.1666666716337204,False,False,1
2549,stages.2.9.0,element,7,"(36, 0, 5)",0,0.0,False,0.915,0.0,False,,234,-3072.0,3072.0,0.0,2.0,True,False,1
2550,stages.3.0.0,element,1,"(1005, 44, 28)",0,0.0,False,0.915,0.0,False,,237,-5120.0,-7168.0,0.4854269027709961,0.4000000059604645,False,False,1
2551,stages.3.0.0,element,2,"(1018, 26, 21)",0,0.0,False,0.915,0.0,False,,220,-256.0,-128.0,1.0,0.5,False,False,1
2552,stages.2.1.0,element,4,"(54, 51, 13)",0,0.0,False,0.915,0.0,False,,243,-14336.0,-896.0,4.0,0.9375,False,False,1
2553,stages.2.8.0,element,2,"(137, 30, 21)",0,0.0,False,0.915,0.0,False,,106,3072.0,6144.0,1.0,1.0,False,False,1
2554,stages.2.6.0,element,2,"(72, 51, 29)",0,0.0,False,0.915,0.0,False,,230,-1536.0,-768.0,1.0,0.5,False,False,1
2555,stages.3.0.0,element,3,"(567, 6, 20)",0,0.0,False,0.915,0.0,False,,237,-5120.0,-1280.0,2.0,0.75,False,False,1
2556,stages.3.0.0,element,6,"(47, 11, 17)",0,0.0,False,0.915,0.0,False,,113,10240.0,0.15625,16.0,0.9999847412109375,False,False,1
2557,stages.2.0.0,element,6,"(49, 26, 11)",0,0.0,False,0.915,0.0,False,,102,1536.0,0.0234375,16.0,0.9999847412109375,False,False,1
2558,stages.2.12.0,element,1,"(52, 19, 16)",0,0.0,False,0.915,0.0,False,,106,3072.0,2048.0,0.5849628448486328,0.3333333432674408,False,False,1
2559,stages.2.11.0,element,5,"(115, 22, 4)",0,0.0,False,0.915,0.0,False,,113,10240.0,40.0,8.0,0.99609375,False,False,1
2560,stages.2.8.0,element,4,"(72, 3, 12)",0,0.0,False,0.915,0.0,False,,241,-10240.0,-640.0,4.0,0.9375,False,False,1
2561,stages.3.0.0,element,5,"(1076, 53, 12)",0,0.0,False,0.915,0.0,False,,113,10240.0,40.0,8.0,0.99609375,False,False,1
2562,stages.2.2.0,element,1,"(169, 19, 0)",0,0.0,False,0.915,0.0,False,,244,-16384.0,-24576.0,0.5849628448486328,0.5,False,False,1
2563,stages.3.0.0,element,4,"(37, 49, 2)",0,0.0,False,0.915,0.0,False,,242,-12288.0,-768.0,4.0,0.9375,False,False,1
2564,stages.1.2.0,element,7,"(67, 12, 8)",0,0.0,False,0.915,0.0,False,,234,-3072.0,3072.0,0.0,2.0,True,False,1
2565,stages.2.4.0,element,2,"(148, 18, 15)",0,0.0,False,0.915,0.0,False,,241,-10240.0,-20480.0,1.0,1.0,False,False,1
2566,stages.3.0.0,element,7,"(867, 37, 12)",0,0.0,False,0.915,0.0,False,,241,-10240.0,10240.0,0.0,2.0,True,False,1
2567,stages.3.0.0,scale,5,"(1008, 23)",0,0.0,False,0.915,0.0,False,,107,107.0,75.0,32.0,inf,False,False,32
2568,stages.2.13.0,element,5,"(91, 52, 26)",0,0.0,False,0.915,0.0,False,,234,-3072.0,-12.0,8.0,0.99609375,False,False,1
2569,stages.2.12.0,element,5,"(87, 45, 12)",0,0.0,False,0.915,0.0,False,,239,-7168.0,-28.0,8.0,0.99609375,False,False,1
2570,stages.2.1.0,element,4,"(136, 32, 22)",0,0.0,False,0.915,0.0,False,,115,14336.0,896.0,4.0,0.9375,False,False,1
2571,stages.3.0.0,element,2,"(717, 52, 5)",200,1.0,True,0.0,0.915,True,,249,-40960.0,,inf,inf,False,True,1
2572,stages.2.6.0,element,6,"(128, 3, 3)",0,0.0,False,0.915,0.0,False,,244,-16384.0,-0.25,16.0,0.9999847412109375,False,False,1
2573,stages.3.0.0,element,0,"(170, 12, 11)",0,0.0,False,0.915,0.0,False,,241,-10240.0,-8192.0,0.3219280242919922,0.20000000298023224,False,False,1
2574,stages.3.0.0,element,7,"(685, 38, 28)",0,0.0,False,0.915,0.0,False,,236,-4096.0,4096.0,0.0,2.0,True,False,1
2575,stages.2.1.0,element,1,"(14, 8, 17)",0,0.0,False,0.915,0.0,False,,241,-10240.0,-14336.0,0.4854269027709961,0.4000000059604645,False,False,1
2576,stages.2.13.0,element,1,"(162, 38, 11)",0,0.0,False,0.915,0.0,False,,229,-1280.0,-1792.0,0.4854269027709961,0.4000000059604645,False,False,1
2577,stages.3.0.0,element,1,"(1234, 11, 4)",0,0.0,False,0.915,0.0,False,,246,-24576.0,-16384.0,0.5849628448486328,0.3333333432674408,False,False,1
2578,stages.3.0.0,element,2,"(236, 16, 24)",0,0.0,False,0.915,0.0,False,,238,-6144.0,-3072.0,1.0,0.5,False,False,1
2579,stages.2.6.0,element,2,"(9, 27, 4)",0,0.0,False,0.915,0.0,False,,246,-24576.0,-12288.0,1.0,0.5,False,False,1
2580,stages.2.9.0,element,7,"(29, 30, 13)",0,0.0,False,0.915,0.0,False,,241,-10240.0,10240.0,0.0,2.0,True,False,1
2581,stages.3.0.0,element,6,"(98, 48, 7)",0,0.0,False,0.915,0.0,False,,248,-32768.0,-0.5,16.0,0.9999847412109375,False,False,1
2582,stages.2.0.0,element,6,"(121, 20, 0)",0,0.0,False,0.915,0.0,False,,238,-6144.0,-0.09375,16.0,0.9999847412109375,False,False,1
2583,stages.2.12.0,element,6,"(110, 53, 23)",0,0.0,False,0.915,0.0,False,,235,-3584.0,-0.0546875,16.0,0.9999847412109375,False,False,1
2584,stages.2.3.0,element,4,"(131, 53, 3)",0,0.0,False,0.915,0.0,False,,118,24576.0,1536.0,4.0,0.9375,False,False,1
2585,stages.2.2.0,element,0,"(106, 47, 28)",0,0.0,False,0.915,0.0,False,,241,-10240.0,-8192.0,0.3219280242919922,0.20000000298023224,False,False,1
2586,stages.2.12.0,element,2,"(111, 0, 10)",0,0.0,False,0.915,0.0,False,,223,-448.0,-224.0,1.0,0.5,False,False,1
2587,stages.2.3.0,element,6,"(101, 1, 9)",0,0.0,False,0.915,0.0,False,,109,5120.0,0.078125,16.0,0.9999847412109375,False,False,1
2588,stages.3.0.0,element,7,"(1070, 38, 29)",0,0.0,False,0.915,0.0,False,,226,-768.0,768.0,0.0,2.0,True,False,1
2589,stages.2.1.0,element,6,"(158, 31, 16)",0,0.0,False,0.915,0.0,False,,85,80.0,0.001220703125,16.0,0.9999847412109375,False,False,1
2590,stages.2.13.0,element,6,"(57, 40, 24)",0,0.0,False,0.915,0.0,False,,233,-2560.0,-0.0390625,16.0,0.9999847412109375,False,False,1
2591,stages.2.7.0,element,1,"(19, 19, 28)",0,0.0,False,0.915,0.0,False,,100,1024.0,1536.0,0.5849628448486328,0.5,False,False,1
2592,stages.3.0.0,element,4,"(900, 49, 12)",200,1.0,True,0.0,0.915,True,,111,7168.0,,inf,inf,False,True,1
2593,stages.2.6.0,element,4,"(127, 31, 16)",200,1.0,True,0.0,0.915,True,,111,7168.0,,inf,inf,False,True,1
2594,stages.2.11.0,element,1,"(66, 16, 4)",0,0.0,False,0.915,0.0,False,,103,1792.0,1280.0,0.4854269027709961,0.2857142984867096,False,False,1
2595,stages.2.3.0,element,5,"(127, 15, 16)",0,0.0,False,0.915,0.0,False,,236,-4096.0,-16.0,8.0,0.99609375,False,False,1
2596,stages.2.9.0,element,7,"(24, 35, 11)",0,0.0,False,0.915,0.0,False,,90,192.0,-192.0,0.0,2.0,True,False,1
2597,stages.3.0.0,element,0,"(69, 52, 5)",0,0.0,False,0.915,0.0,False,,247,-28672.0,-24576.0,0.22239208221435547,0.1428571492433548,False,False,1
2598,stages.2.3.0,element,3,"(107, 47, 8)",0,0.0,False,0.915,0.0,False,,241,-10240.0,-40960.0,2.0,3.0,False,False,1
2599,stages.2.11.0,element,5,"(171, 51, 22)",0,0.0,False,0.915,0.0,False,,240,-8192.0,-32.0,8.0,0.99609375,False,False,1
2600,stages.3.0.0,element,7,"(1012, 10, 18)",0,0.0,False,0.915,0.0,False,,244,-16384.0,16384.0,0.0,2.0,True,False,1
2601,stages.3.0.0,element,6,"(473, 53, 12)",0,0.0,False,0.915,0.0,False,,231,-1792.0,-0.02734375,16.0,0.9999847412109375,False,False,1
2602,stages.2.5.0,element,6,"(50, 20, 19)",0,0.0,False,0.915,0.0,False,,233,-2560.0,-0.0390625,16.0,0.9999847412109375,False,False,1
2603,stages.2.9.0,element,4,"(106, 48, 3)",0,0.0,False,0.915,0.0,False,,226,-768.0,-12288.0,4.0,15.0,False,False,1
2604,stages.2.3.0,element,2,"(87, 2, 4)",0,0.0,False,0.915,0.0,False,,107,3584.0,7168.0,1.0,1.0,False,False,1
2605,stages.2.2.0,element,4,"(130, 7, 13)",0,0.0,False,0.915,0.0,False,,240,-8192.0,-512.0,4.0,0.9375,False,False,1
2606,stages.3.0.0,element,3,"(1140, 1, 13)",0,0.0,False,0.915,0.0,False,,219,-224.0,-56.0,2.0,0.75,False,False,1
2607,stages.2.13.0,element,0,"(176, 42, 30)",0,0.0,False,0.915,0.0,False,,233,-2560.0,-2048.0,0.3219280242919922,0.20000000298023224,False,False,1
2608,stages.2.2.0,element,6,"(116, 26, 6)",0,0.0,False,0.915,0.0,False,,108,4096.0,0.0625,16.0,0.9999847412109375,False,False,1
2609,stages.1.0.0,element,2,"(91, 12, 1)",0,0.0,False,0.915,0.0,False,,113,10240.0,20480.0,1.0,1.0,False,False,1
2610,stages.3.0.0,element,1,"(253, 33, 12)",0,0.0,False,0.915,0.0,False,,229,-1280.0,-1792.0,0.4854269027709961,0.4000000059604645,False,False,1
2611,stages.3.0.0,element,2,"(723, 2, 13)",0,0.0,False,0.915,0.0,False,,113,10240.0,20480.0,1.0,1.0,False,False,1
2612,stages.2.12.0,element,2,"(83, 28, 0)",0,0.0,False,0.915,0.0,False,,93,320.0,160.0,1.0,0.5,False,False,1
2613,stages.3.0.0,element,4,"(912, 24, 13)",0,0.0,False,0.915,0.0,False,,117,20480.0,1280.0,4.0,0.9375,False,False,1
2614,stages.3.0.0,element,6,"(375, 51, 23)",0,0.0,False,0.915,0.0,False,,95,448.0,0.0068359375,16.0,0.9999847412109375,False,False,1
2615,stages.3.0.0,element,3,"(61, 40, 6)",0,0.0,False,0.915,0.0,False,,108,4096.0,1024.0,2.0,0.75,False,False,1
2616,stages.2.7.0,element,2,"(177, 20, 3)",200,1.0,True,0.0,0.915,True,,120,32768.0,inf,inf,inf,False,True,1
2617,stages.3.0.0,element,4,"(972, 21, 14)",0,0.0,False,0.915,0.0,False,,104,2048.0,32768.0,4.0,15.0,False,False,1
2618,stages.3.0.0,element,3,"(741, 18, 15)",0,0.0,False,0.915,0.0,False,,107,3584.0,896.0,2.0,0.75,False,False,1
2619,stages.2.12.0,element,1,"(37, 41, 5)",0,0.0,False,0.915,0.0,False,,225,-640.0,-896.0,0.4854269027709961,0.4000000059604645,False,False,1
2620,stages.3.0.0,element,3,"(511, 30, 10)",0,0.0,False,0.915,0.0,False,,101,1280.0,5120.0,2.0,3.0,False,False,1
2621,stages.2.8.0,element,7,"(62, 47, 30)",0,0.0,False,0.915,0.0,False,,119,28672.0,-28672.0,0.0,2.0,True,False,1
2622,stages.3.0.0,element,3,"(587, 26, 27)",0,0.0,False,0.915,0.0,False,,110,6144.0,1536.0,2.0,0.75,False,False,1
2623,stages.3.0.0,element,3,"(947, 0, 4)",0,0.0,False,0.915,0.0,False,,91,224.0,56.0,2.0,0.75,False,False,1
2624,stages.3.0.0,element,7,"(452, 28, 8)",0,0.0,False,0.915,0.0,False,,123,57344.0,-57344.0,0.0,2.0,True,False,1
2625,stages.2.12.0,element,4,"(59, 17, 0)",0,0.0,False,0.915,0.0,False,,250,-49152.0,-3072.0,4.0,0.9375,False,False,1
2626,stages.2.6.0,element,0,"(117, 12, 24)",0,0.0,False,0.915,0.0,False,,227,-896.0,-768.0,0.22239208221435547,0.1428571492433548,False,False,1
2627,stages.2.7.0,element,3,"(134, 52, 9)",0,0.0,False,0.915,0.0,False,,101,1280.0,5120.0,2.0,3.0,False,False,1
2628,stages.1.1.0,element,0,"(62, 11, 7)",0,0.0,False,0.915,0.0,False,,250,-49152.0,-57344.0,0.22239208221435547,0.1666666716337204,False,False,1
2629,stages.2.2.0,element,6,"(128, 46, 15)",0,0.0,False,0.915,0.0,False,,93,320.0,0.0048828125,16.0,0.9999847412109375,False,False,1
2630,stages.2.11.0,element,0,"(181, 41, 27)",0,0.0,False,0.915,0.0,False,,114,12288.0,14336.0,0.22239208221435547,0.1666666716337204,False,False,1
2631,stages.3.0.0,element,5,"(778, 30, 21)",0,0.0,False,0.915,0.0,False,,99,896.0,3.5,8.0,0.99609375,False,False,1
2632,stages.2.8.0,element,3,"(169, 30, 10)",0,0.0,False,0.915,0.0,False,,104,2048.0,512.0,2.0,0.75,False,False,1
2633,stages.3.0.0,element,4,"(447, 30, 14)",0,0.0,False,0.915,0.0,False,,232,-2048.0,-32768.0,4.0,15.0,False,False,1
2634,stages.2.10.0,element,5,"(63, 40, 21)",0,0.0,False,0.915,0.0,False,,234,-3072.0,-12.0,8.0,0.99609375,False,False,1
2635,stages.2.8.0,element,3,"(45, 33, 9)",0,0.0,False,0.915,0.0,False,,237,-5120.0,-1280.0,2.0,0.75,False,False,1
2636,stages.3.0.0,element,4,"(1209, 14, 12)",0,0.0,False,0.915,0.0,False,,233,-2560.0,-40960.0,4.0,15.0,False,False,1
2637,stages.2.7.0,element,5,"(25, 11, 4)",0,0.0,False,0.915,0.0,False,,106,3072.0,12.0,8.0,0.99609375,False,False,1
2638,stages.2.2.0,element,0,"(34, 19, 2)",0,0.0,False,0.915,0.0,False,,109,5120.0,4096.0,0.3219280242919922,0.20000000298023224,False,False,1
2639,stages.2.9.0,element,0,"(150, 10, 21)",0,0.0,False,0.915,0.0,False,,108,4096.0,5120.0,0.3219280242919922,0.25,False,False,1
2640,stages.2.8.0,element,5,"(45, 39, 12)",0,0.0,False,0.915,0.0,False,,244,-16384.0,-64.0,8.0,0.99609375,False,False,1
2641,stages.2.0.0,element,4,"(160, 8, 18)",0,0.0,False,0.915,0.0,False,,240,-8192.0,-512.0,4.0,0.9375,False,False,1
2642,stages.2.2.0,element,7,"(65, 4, 8)",0,0.0,False,0.915,0.0,False,,239,-7168.0,7168.0,0.0,2.0,True,False,1
2643,stages.2.9.0,element,1,"(136, 42, 2)",0,0.0,False,0.915,0.0,False,,238,-6144.0,-4096.0,0.5849628448486328,0.3333333432674408,False,False,1
2644,stages.3.0.0,element,3,"(292, 28, 5)",0,0.0,False,0.915,0.0,False,,237,-5120.0,-1280.0,2.0,0.75,False,False,1
2645,stages.2.4.0,element,3,"(52, 9, 5)",0,0.0,False,0.915,0.0,False,,108,4096.0,1024.0,2.0,0.75,False,False,1
2646,stages.3.0.0,element,2,"(267, 31, 9)",0,0.0,False,0.915,0.0,False,,222,-384.0,-192.0,1.0000004768371582,0.5,False,False,1
2647,stages.2.13.0,element,1,"(53, 43, 16)",0,0.0,False,0.915,0.0,False,,242,-12288.0,-8192.0,0.5849628448486328,0.3333333432674408,False,False,1
2648,stages.2.4.0,element,3,"(148, 39, 19)",0,0.0,False,0.915,0.0,False,,241,-10240.0,-40960.0,2.0,3.0,False,False,1
2649,stages.3.0.0,element,6,"(348, 2, 2)",0,0.0,False,0.915,0.0,False,,107,3584.0,0.0546875,16.0,0.9999847412109375,False,False,1
2650,stages.1.3.0,element,3,"(93, 24, 21)",0,0.0,False,0.915,0.0,False,,233,-2560.0,-640.0,2.0,0.75,False,False,1
2651,stages.2.5.0,element,1,"(191, 46, 8)",0,0.0,False,0.915,0.0,False,,114,12288.0,8192.0,0.5849628448486328,0.3333333432674408,False,False,1
2652,stages.2.2.0,element,0,"(79, 25, 28)",0,0.0,False,0.915,0.0,False,,221,-320.0,-256.0,0.3219280242919922,0.20000000298023224,False,False,1
2653,stages.2.5.0,element,7,"(9, 22, 2)",0,0.0,False,0.915,0.0,False,,239,-7168.0,7168.0,0.0,2.0,True,False,1
2654,stages.3.0.0,element,2,"(451, 0, 4)",200,1.0,True,0.0,0.915,True,,120,32768.0,inf,inf,inf,False,True,1
2655,stages.3.0.0,element,4,"(1208, 20, 2)",0,0.0,False,0.915,0.0,False,,115,14336.0,896.0,4.0,0.9375,False,False,1
2656,stages.2.5.0,element,6,"(108, 50, 16)",0,0.0,False,0.915,0.0,False,,237,-5120.0,-0.078125,16.0,0.9999847412109375,False,False,1
2657,stages.3.0.0,element,4,"(1090, 46, 12)",0,0.0,False,0.915,0.0,False,,97,640.0,10240.0,4.0,15.0,False,False,1
2658,stages.3.0.0,element,4,"(861, 4, 22)",0,0.0,False,0.915,0.0,False,,228,-1024.0,-16384.0,4.0,15.0,False,False,1
2659,stages.2.3.0,element,7,"(149, 43, 30)",0,0.0,False,0.915,0.0,False,,106,3072.0,-3072.0,0.0,2.0,True,False,1
2660,stages.2.10.0,element,0,"(129, 25, 23)",0,0.0,False,0.915,0.0,False,,121,40960.0,32768.0,0.3219280242919922,0.20000000298023224,False,False,1
2661,stages.3.0.0,element,3,"(759, 51, 17)",0,0.0,False,0.915,0.0,False,,239,-7168.0,-1792.0,2.0,0.75,False,False,1
2662,stages.1.2.0,element,7,"(83, 0, 16)",0,0.0,False,0.915,0.0,False,,92,256.0,-256.0,0.0,2.0,True,False,1
2663,stages.2.1.0,element,0,"(22, 23, 23)",0,0.0,False,0.915,0.0,False,,109,5120.0,4096.0,0.3219280242919922,0.20000000298023224,False,False,1
2664,stages.3.0.0,element,4,"(1091, 28, 20)",200,1.0,True,0.0,0.915,True,,110,6144.0,,inf,inf,False,True,1
2665,stages.2.0.0,element,6,"(105, 1, 6)",0,0.0,False,0.915,0.0,False,,102,1536.0,0.0234375,16.0,0.9999847412109375,False,False,1
2666,stages.3.0.0,element,0,"(756, 14, 3)",0,0.0,False,0.915,0.0,False,,238,-6144.0,-7168.0,0.22239208221435547,0.1666666716337204,False,False,1
2667,stages.2.13.0,element,0,"(10, 29, 29)",0,0.0,False,0.915,0.0,False,,119,28672.0,24576.0,0.22239208221435547,0.1428571492433548,False,False,1
2668,stages.2.9.0,element,0,"(137, 1, 10)",0,0.0,False,0.915,0.0,False,,103,1792.0,1536.0,0.22239208221435547,0.1428571492433548,False,False,1
2669,stages.2.4.0,element,0,"(125, 5, 8)",0,0.0,False,0.915,0.0,False,,117,20480.0,16384.0,0.3219280242919922,0.20000000298023224,False,False,1
2670,stages.2.7.0,element,0,"(154, 3, 23)",0,0.0,False,0.915,0.0,False,,97,640.0,512.0,0.3219280242919922,0.20000000298023224,False,False,1
2671,stages.2.8.0,element,7,"(105, 49, 13)",0,0.0,False,0.915,0.0,False,,236,-4096.0,4096.0,0.0,2.0,True,False,1
2672,stages.3.0.0,element,0,"(398, 10, 18)",0,0.0,False,0.915,0.0,False,,109,5120.0,4096.0,0.3219280242919922,0.20000000298023224,False,False,1
2673,stages.2.5.0,element,1,"(148, 4, 1)",0,0.0,False,0.915,0.0,False,,113,10240.0,14336.0,0.4854269027709961,0.4000000059604645,False,False,1
2674,stages.2.13.0,element,0,"(138, 37, 17)",0,0.0,False,0.915,0.0,False,,248,-32768.0,-40960.0,0.3219280242919922,0.25,False,False,1
2675,stages.2.3.0,element,2,"(94, 36, 19)",0,0.0,False,0.915,0.0,False,,115,14336.0,28672.0,1.0,1.0,False,False,1
2676,stages.2.5.0,element,6,"(86, 11, 1)",0,0.0,False,0.915,0.0,False,,230,-1536.0,-0.0234375,16.0,0.9999847412109375,False,False,1
2677,stages.3.0.0,element,2,"(949, 39, 17)",0,0.0,False,0.915,0.0,False,,101,1280.0,640.0,1.0,0.5,False,False,1
2678,stages.2.6.0,element,4,"(90, 12, 10)",0,0.0,False,0.915,0.0,False,,228,-1024.0,-16384.0,4.0,15.0,False,False,1
2679,stages.2.6.0,element,0,"(107, 36, 14)",0,0.0,False,0.915,0.0,False,,242,-12288.0,-14336.0,0.22239208221435547,0.1666666716337204,False,False,1
2680,stages.1.1.0,element,2,"(6, 10, 27)",0,0.0,False,0.915,0.0,False,,227,-896.0,-1792.0,1.0,1.0,False,False,1
2681,stages.3.0.0,element,1,"(87, 29, 15)",0,0.0,False,0.915,0.0,False,,108,4096.0,6144.0,0.5849628448486328,0.5,False,False,1
2682,stages.2.4.0,element,3,"(172, 38, 12)",0,0.0,False,0.915,0.0,False,,113,10240.0,40960.0,2.0,3.0,False,False,1
2683,stages.2.5.0,element,5,"(174, 28, 28)",0,0.0,False,0.915,0.0,False,,105,2560.0,10.0,8.0,0.99609375,False,False,1
2684,stages.2.13.0,element,7,"(97, 0, 20)",0,0.0,False,0.915,0.0,False,,232,-2048.0,2048.0,0.0,2.0,True,False,1
2685,stages.2.6.0,element,3,"(66, 11, 10)",0,0.0,False,0.915,0.0,False,,236,-4096.0,-1024.0,2.0,0.75,False,False,1
2686,stages.2.12.0,element,6,"(141, 14, 7)",0,0.0,False,0.915,0.0,False,,103,1792.0,0.02734375,16.0,0.9999847412109375,False,False,1
2687,stages.2.12.0,element,7,"(190, 14, 13)",0,0.0,False,0.915,0.0,False,,237,-5120.0,5120.0,0.0,2.0,True,False,1
2688,stages.3.0.0,scale,6,"(732, 13)",0,0.0,False,0.915,0.0,False,,107,107.0,43.0,64.0,inf,False,False,32
2689,stages.3.0.0,element,3,"(341, 49, 22)",0,0.0,False,0.915,0.0,False,,238,-6144.0,-1536.0,2.0,0.75,False,False,1
2690,stages.2.2.0,element,5,"(32, 36, 8)",0,0.0,False,0.915,0.0,False,,232,-2048.0,-8.0,8.0,0.99609375,False,False,1
2691,stages.3.0.0,element,2,"(620, 12, 18)",0,0.0,False,0.915,0.0,False,,243,-14336.0,-28672.0,1.0,1.0,False,False,1
2692,stages.2.13.0,element,3,"(31, 48, 18)",0,0.0,False,0.915,0.0,False,,97,640.0,2560.0,2.0,3.0,False,False,1
2693,stages.3.0.0,element,6,"(310, 23, 14)",0,0.0,False,0.915,0.0,False,,232,-2048.0,-0.03125,16.0,0.9999847412109375,False,False,1
2694,stages.3.0.0,element,7,"(78, 13, 28)",0,0.0,False,0.915,0.0,False,,214,-96.0,96.0,0.0,2.0,True,False,1
2695,stages.2.7.0,element,6,"(113, 47, 21)",0,0.0,False,0.915,0.0,False,,247,-28672.0,-0.4375,16.0,0.9999847412109375,False,False,1
2696,stages.2.0.0,element,3,"(88, 10, 15)",0,0.0,False,0.915,0.0,False,,230,-1536.0,-6144.0,2.0,3.0,False,False,1
2697,stages.2.9.0,element,6,"(66, 42, 29)",0,0.0,False,0.915,0.0,False,,239,-7168.0,-0.109375,16.0,0.9999847412109375,False,False,1
2698,stages.2.8.0,scale,2,"(38, 10)",0,0.0,False,0.915,0.0,False,,111,111.0,107.0,4.0,inf,False,False,32
2699,stages.2.0.0,element,5,"(136, 13, 6)",0,0.0,False,0.915,0.0,False,,240,-8192.0,-32.0,8.0,0.99609375,False,False,1
2700,stages.3.0.0,element,6,"(733, 45, 31)",0,0.0,False,0.915,0.0,False,,251,-57344.0,-0.875,16.0,0.9999847412109375,False,False,1
2701,stages.3.0.0,element,6,"(1220, 9, 13)",0,0.0,False,0.915,0.0,False,,251,-57344.0,-0.875,16.0,0.9999847412109375,False,False,1
2702,stages.2.4.0,element,3,"(147, 21, 20)",0,0.0,False,0.915,0.0,False,,235,-3584.0,-896.0,2.0,0.75,False,False,1
2703,stages.2.7.0,element,0,"(154, 45, 28)",0,0.0,False,0.915,0.0,False,,243,-14336.0,-12288.0,0.22239208221435547,0.1428571492433548,False,False,1
2704,stages.2.10.0,element,2,"(61, 7, 18)",0,0.0,False,0.915,0.0,False,,106,3072.0,6144.0,1.0,1.0,False,False,1
2705,stages.2.11.0,element,1,"(152, 25, 12)",0,0.0,False,0.915,0.0,False,,104,2048.0,3072.0,0.5849628448486328,0.5,False,False,1
2706,stages.2.10.0,element,2,"(66, 36, 10)",0,0.0,False,0.915,0.0,False,,95,448.0,224.0,1.0,0.5,False,False,1
2707,stages.2.2.0,element,1,"(171, 42, 17)",0,0.0,False,0.915,0.0,False,,110,6144.0,4096.0,0.5849628448486328,0.3333333432674408,False,False,1
2708,stages.2.11.0,element,2,"(119, 33, 0)",0,0.0,False,0.915,0.0,False,,100,1024.0,512.0,1.0,0.5,False,False,1
2709,stages.1.3.0,element,5,"(85, 20, 20)",0,0.0,False,0.915,0.0,False,,242,-12288.0,-48.0,8.0,0.99609375,False,False,1
2710,stages.2.2.0,element,4,"(153, 52, 11)",200,1.0,True,0.0,0.915,True,,109,5120.0,,inf,inf,False,True,1
2711,stages.3.0.0,element,6,"(151, 6, 21)",0,0.0,False,0.915,0.0,False,,238,-6144.0,-0.09375,16.0,0.9999847412109375,False,False,1
2712,stages.2.11.0,element,2,"(63, 25, 17)",0,0.0,False,0.915,0.0,False,,112,8192.0,16384.0,1.0,1.0,False,False,1
2713,stages.2.6.0,element,1,"(107, 25, 23)",0,0.0,False,0.915,0.0,False,,118,24576.0,16384.0,0.5849628448486328,0.3333333432674408,False,False,1
2714,stages.2.2.0,element,1,"(10, 8, 17)",0,0.0,False,0.915,0.0,False,,93,320.0,448.0,0.4854269027709961,0.4000000059604645,False,False,1
2715,stages.2.6.0,element,6,"(51, 8, 0)",0,0.0,False,0.915,0.0,False,,123,57344.0,0.875,16.0,0.9999847412109375,False,False,1
2716,stages.3.0.0,element,1,"(236, 19, 3)",0,0.0,False,0.915,0.0,False,,230,-1536.0,-1024.0,0.5849628448486328,0.3333333432674408,False,False,1
2717,stages.3.0.0,element,4,"(977, 22, 1)",0,0.0,False,0.915,0.0,False,,112,8192.0,512.0,4.0,0.9375,False,False,1
2718,stages.1.0.0,element,7,"(85, 5, 27)",0,0.0,False,0.915,0.0,False,,111,7168.0,-7168.0,0.0,2.0,True,False,1
2719,stages.2.13.0,element,0,"(119, 38, 24)",0,0.0,False,0.915,0.0,False,,112,8192.0,10240.0,0.3219280242919922,0.25,False,False,1
2720,stages.2.13.0,element,5,"(170, 43, 7)",200,1.0,True,0.0,0.915,True,,221,-320.0,,inf,inf,False,True,1
2721,stages.1.3.0,element,6,"(4, 15, 7)",0,0.0,False,0.915,0.0,False,,110,6144.0,0.09375,16.0,0.9999847412109375,False,False,1
2722,stages.2.3.0,element,0,"(151, 31, 31)",0,0.0,False,0.915,0.0,False,,117,20480.0,16384.0,0.3219280242919922,0.20000000298023224,False,False,1
2723,stages.3.0.0,element,5,"(718, 20, 17)",0,0.0,False,0.915,0.0,False,,234,-3072.0,-12.0,8.0,0.99609375,False,False,1
2724,stages.2.1.0,element,3,"(120, 50, 20)",0,0.0,False,0.915,0.0,False,,105,2560.0,640.0,2.0,0.75,False,False,1
2725,stages.2.8.0,element,4,"(26, 35, 17)",0,0.0,False,0.915,0.0,False,,116,16384.0,1024.0,4.0,0.9375,False,False,1
2726,stages.3.0.0,element,6,"(621, 32, 11)",0,0.0,False,0.915,0.0,False,,228,-1024.0,-0.015625,16.0,0.9999847412109375,False,False,1
2727,stages.2.4.0,element,4,"(58, 46, 22)",0,0.0,False,0.915,0.0,False,,240,-8192.0,-512.0,4.0,0.9375,False,False,1
2728,stages.3.0.0,element,4,"(642, 12, 15)",200,1.0,True,0.0,0.915,True,,239,-7168.0,,inf,inf,False,True,1
2729,stages.2.7.0,element,5,"(116, 19, 5)",0,0.0,False,0.915,0.0,False,,238,-6144.0,-24.0,8.0,0.99609375,False,False,1
2730,stages.3.0.0,element,7,"(1250, 32, 17)",0,0.0,False,0.915,0.0,False,,231,-1792.0,1792.0,0.0,2.0,True,False,1
2731,stages.3.0.0,element,3,"(1237, 24, 19)",0,0.0,False,0.915,0.0,False,,120,32768.0,8192.0,2.0,0.75,False,False,1
2732,stages.2.7.0,element,3,"(62, 0, 18)",0,0.0,False,0.915,0.0,False,,237,-5120.0,-1280.0,2.0,0.75,False,False,1
2733,stages.2.7.0,element,4,"(158, 13, 10)",0,0.0,False,0.915,0.0,False,,100,1024.0,16384.0,4.0,15.0,False,False,1
2734,stages.3.0.0,element,5,"(294, 43, 11)",0,0.0,False,0.915,0.0,False,,105,2560.0,10.0,8.0,0.99609375,False,False,1
2735,stages.3.0.0,element,1,"(1179, 32, 22)",0,0.0,False,0.915,0.0,False,,111,7168.0,5120.0,0.4854269027709961,0.2857142984867096,False,False,1
2736,stages.2.8.0,element,5,"(112, 7, 28)",0,0.0,False,0.915,0.0,False,,231,-1792.0,-7.0,8.0,0.99609375,False,False,1
2737,stages.2.9.0,element,0,"(59, 2, 7)",0,0.0,False,0.915,0.0,False,,111,7168.0,6144.0,0.22239208221435547,0.1428571492433548,False,False,1
2738,stages.3.0.0,element,4,"(1251, 13, 9)",0,0.0,False,0.915,0.0,False,,225,-640.0,-10240.0,4.0,15.0,False,False,1
2739,stages.2.9.0,element,3,"(70, 2, 11)",0,0.0,False,0.915,0.0,False,,238,-6144.0,-1536.0,2.0,0.75,False,False,1
2740,stages.3.0.0,element,7,"(865, 4, 31)",0,0.0,False,0.915,0.0,False,,236,-4096.0,4096.0,0.0,2.0,True,False,1
2741,stages.3.0.0,element,6,"(870, 36, 4)",0,0.0,False,0.915,0.0,False,,122,49152.0,0.75,16.0,0.9999847412109375,False,False,1
2742,stages.2.0.0,element,0,"(153, 20, 30)",0,0.0,False,0.915,0.0,False,,118,24576.0,28672.0,0.22239208221435547,0.1666666716337204,False,False,1
2743,stages.2.10.0,element,6,"(1, 29, 0)",0,0.0,False,0.915,0.0,False,,235,-3584.0,-0.0546875,16.0,0.9999847412109375,False,False,1
2744,stages.1.1.0,element,6,"(25, 19, 15)",0,0.0,False,0.915,0.0,False,,108,4096.0,0.0625,16.0,0.9999847412109375,False,False,1
2745,stages.2.11.0,element,3,"(146, 21, 12)",0,0.0,False,0.915,0.0,False,,101,1280.0,5120.0,2.0,3.0,False,False,1
2746,stages.2.10.0,element,1,"(183, 26, 17)",0,0.0,False,0.915,0.0,False,,242,-12288.0,-8192.0,0.5849628448486328,0.3333333432674408,False,False,1
2747,stages.2.11.0,element,3,"(73, 11, 12)",0,0.0,False,0.915,0.0,False,,123,57344.0,14336.0,2.0,0.75,False,False,1
2748,stages.2.13.0,element,0,"(54, 3, 24)",0,0.0,False,0.915,0.0,False,,110,6144.0,7168.0,0.22239208221435547,0.1666666716337204,False,False,1
2749,stages.3.0.0,element,2,"(1257, 34, 25)",0,0.0,False,0.915,0.0,False,,234,-3072.0,-6144.0,1.0,1.0,False,False,1
2750,stages.1.2.0,element,4,"(30, 4, 8)",0,0.0,False,0.915,0.0,False,,106,3072.0,49152.0,4.0,15.0,False,False,1
2751,stages.3.0.0,element,1,"(525, 34, 17)",0,0.0,False,0.915,0.0,False,,234,-3072.0,-2048.0,0.5849628448486328,0.3333333432674408,False,False,1
2752,stages.3.0.0,element,3,"(1219, 50, 23)",0,0.0,False,0.915,0.0,False,,105,2560.0,640.0,2.0,0.75,False,False,1
2753,stages.2.13.0,element,5,"(165, 16, 22)",0,0.0,False,0.915,0.0,False,,98,768.0,3.0,8.0,0.99609375,False,False,1
2754,stages.2.3.0,element,0,"(175, 51, 5)",0,0.0,False,0.915,0.0,False,,230,-1536.0,-1792.0,0.22239208221435547,0.1666666716337204,False,False,1
2755,stages.2.13.0,element,1,"(98, 25, 24)",0,0.0,False,0.915,0.0,False,,109,5120.0,7168.0,0.4854269027709961,0.4000000059604645,False,False,1
2756,stages.2.11.0,element,3,"(67, 38, 0)",0,0.0,False,0.915,0.0,False,,108,4096.0,1024.0,2.0,0.75,False,False,1
2757,stages.2.10.0,element,0,"(93, 27, 22)",0,0.0,False,0.915,0.0,False,,211,-56.0,-48.0,0.22239255905151367,0.1428571492433548,False,False,1
2758,stages.3.0.0,element,3,"(1073, 38, 12)",0,0.0,False,0.915,0.0,False,,241,-10240.0,-40960.0,2.0,3.0,False,False,1
2759,stages.2.9.0,element,4,"(65, 10, 16)",0,0.0,False,0.915,0.0,False,,240,-8192.0,-512.0,4.0,0.9375,False,False,1
2760,stages.2.2.0,element,4,"(33, 30, 18)",0,0.0,False,0.915,0.0,False,,98,768.0,12288.0,4.0,15.0,False,False,1
2761,stages.2.12.0,element,5,"(137, 50, 4)",0,0.0,False,0.915,0.0,False,,244,-16384.0,-64.0,8.0,0.99609375,False,False,1
2762,stages.2.6.0,element,4,"(64, 0, 3)",0,0.0,False,0.915,0.0,False,,114,12288.0,768.0,4.0,0.9375,False,False,1
2763,stages.2.0.0,element,7,"(93, 5, 31)",0,0.0,False,0.915,0.0,False,,237,-5120.0,5120.0,0.0,2.0,True,False,1
2764,stages.2.10.0,element,0,"(144, 31, 23)",0,0.0,False,0.915,0.0,False,,109,5120.0,4096.0,0.3219280242919922,0.20000000298023224,False,False,1
2765,stages.2.3.0,element,1,"(94, 47, 27)",0,0.0,False,0.915,0.0,False,,114,12288.0,8192.0,0.5849628448486328,0.3333333432674408,False,False,1
2766,stages.3.0.0,element,6,"(825, 50, 26)",0,0.0,False,0.915,0.0,False,,240,-8192.0,-0.125,16.0,0.9999847412109375,False,False,1
2767,stages.2.2.0,element,7,"(112, 22, 8)",0,0.0,False,0.915,0.0,False,,240,-8192.0,8192.0,0.0,2.0,True,False,1
2768,stages.2.10.0,element,3,"(109, 52, 2)",0,0.0,False,0.915,0.0,False,,234,-3072.0,-768.0,2.0,0.75,False,False,1
2769,stages.3.0.0,element,1,"(86, 10, 18)",0,0.0,False,0.915,0.0,False,,108,4096.0,6144.0,0.5849628448486328,0.5,False,False,1
2770,stages.2.9.0,element,7,"(5, 38, 5)",0,0.0,False,0.915,0.0,False,,220,-256.0,256.0,0.0,2.0,True,False,1
2771,stages.3.0.0,element,7,"(749, 36, 27)",0,0.0,False,0.915,0.0,False,,110,6144.0,-6144.0,0.0,2.0,True,False,1
2772,stages.2.3.0,element,7,"(170, 46, 3)",0,0.0,False,0.915,0.0,False,,109,5120.0,-5120.0,0.0,2.0,True,False,1
2773,stages.2.3.0,element,1,"(117, 18, 21)",0,0.0,False,0.915,0.0,False,,241,-10240.0,-14336.0,0.4854269027709961,0.4000000059604645,False,False,1
2774,stages.2.7.0,element,2,"(165, 5, 12)",0,0.0,False,0.915,0.0,False,,238,-6144.0,-3072.0,1.0,0.5,False,False,1
2775,stages.3.0.0,element,3,"(921, 49, 18)",200,1.0,True,0.0,0.915,True,,244,-16384.0,-inf,inf,inf,False,True,1
2776,stages.3.0.0,element,0,"(1092, 51, 14)",0,0.0,False,0.915,0.0,False,,236,-4096.0,-5120.0,0.3219280242919922,0.25,False,False,1
2777,stages.3.0.0,element,3,"(230, 47, 28)",0,0.0,False,0.915,0.0,False,,101,1280.0,5120.0,2.0,3.0,False,False,1
2778,stages.3.0.0,element,2,"(220, 46, 12)",0,0.0,False,0.915,0.0,False,,234,-3072.0,-6144.0,1.0,1.0,False,False,1
2779,stages.2.10.0,element,0,"(64, 40, 15)",0,0.0,False,0.915,0.0,False,,233,-2560.0,-2048.0,0.3219280242919922,0.20000000298023224,False,False,1
2780,stages.2.6.0,element,0,"(152, 53, 15)",0,0.0,False,0.915,0.0,False,,232,-2048.0,-2560.0,0.3219280242919922,0.25,False,False,1
2781,stages.3.0.0,element,5,"(261, 2, 28)",200,1.0,True,0.0,0.915,True,,222,-384.0,,inf,inf,False,True,1
2782,stages.2.5.0,element,4,"(105, 38, 22)",0,0.0,False,0.915,0.0,False,,107,3584.0,57344.0,4.0,15.0,False,False,1
2783,stages.2.12.0,element,4,"(49, 34, 29)",0,0.0,False,0.915,0.0,False,,97,640.0,10240.0,4.0,15.0,False,False,1
2784,stages.3.0.0,element,3,"(226, 23, 16)",0,0.0,False,0.915,0.0,False,,106,3072.0,768.0,2.0,0.75,False,False,1
2785,stages.2.7.0,element,6,"(151, 49, 6)",0,0.0,False,0.915,0.0,False,,231,-1792.0,-0.02734375,16.0,0.9999847412109375,False,False,1
2786,stages.2.9.0,element,1,"(30, 16, 29)",0,0.0,False,0.915,0.0,False,,103,1792.0,1280.0,0.4854269027709961,0.2857142984867096,False,False,1
2787,stages.2.10.0,element,4,"(2, 23, 17)",0,0.0,False,0.915,0.0,False,,116,16384.0,1024.0,4.0,0.9375,False,False,1
2788,stages.2.13.0,element,6,"(169, 22, 1)",0,0.0,False,0.915,0.0,False,,241,-10240.0,-0.15625,16.0,0.9999847412109375,False,False,1
2789,stages.2.4.0,element,6,"(38, 4, 20)",0,0.0,False,0.915,0.0,False,,250,-49152.0,-0.75,16.0,0.9999847412109375,False,False,1
2790,stages.3.0.0,element,0,"(975, 6, 21)",0,0.0,False,0.915,0.0,False,,236,-4096.0,-5120.0,0.3219280242919922,0.25,False,False,1
2791,stages.3.0.0,element,2,"(1160, 11, 27)",0,0.0,False,0.915,0.0,False,,233,-2560.0,-5120.0,1.0,1.0,False,False,1
2792,stages.2.10.0,element,7,"(42, 40, 17)",0,0.0,False,0.915,0.0,False,,111,7168.0,-7168.0,0.0,2.0,True,False,1
2793,stages.2.8.0,element,2,"(152, 51, 7)",0,0.0,False,0.915,0.0,False,,111,7168.0,3584.0,1.0,0.5,False,False,1
2794,stages.2.4.0,element,3,"(80, 30, 24)",0,0.0,False,0.915,0.0,False,,238,-6144.0,-1536.0,2.0,0.75,False,False,1
2795,stages.2.13.0,element,6,"(190, 36, 31)",0,0.0,False,0.915,0.0,False,,120,32768.0,0.5,16.0,0.9999847412109375,False,False,1
2796,stages.2.12.0,element,4,"(91, 35, 26)",0,0.0,False,0.915,0.0,False,,113,10240.0,640.0,4.0,0.9375,False,False,1
2797,stages.2.8.0,element,3,"(152, 49, 28)",0,0.0,False,0.915,0.0,False,,225,-640.0,-2560.0,2.0,3.0,False,False,1
2798,stages.2.10.0,element,0,"(160, 34, 5)",0,0.0,False,0.915,0.0,False,,123,57344.0,49152.0,0.22239208221435547,0.1428571492433548,False,False,1
2799,stages.2.10.0,element,2,"(93, 7, 31)",0,0.0,False,0.915,0.0,False,,111,7168.0,3584.0,1.0,0.5,False,False,1
2800,stages.2.7.0,element,5,"(139, 50, 18)",0,0.0,False,0.915,0.0,False,,240,-8192.0,-32.0,8.0,0.99609375,False,False,1
2801,stages.2.8.0,element,1,"(15, 34, 5)",0,0.0,False,0.915,0.0,False,,247,-28672.0,-20480.0,0.4854269027709961,0.2857142984867096,False,False,1
2802,stages.2.8.0,element,6,"(191, 16, 23)",0,0.0,False,0.915,0.0,False,,121,40960.0,0.625,16.0,0.9999847412109375,False,False,1
2803,stages.2.1.0,element,6,"(190, 50, 2)",0,0.0,False,0.915,0.0,False,,242,-12288.0,-0.1875,16.0,0.9999847412109375,False,False,1
2804,stages.3.0.0,element,3,"(905, 3, 12)",0,0.0,False,0.915,0.0,False,,228,-1024.0,-4096.0,2.0,3.0,False,False,1
2805,stages.2.11.0,element,0,"(81, 36, 12)",0,0.0,False,0.915,0.0,False,,108,4096.0,5120.0,0.3219280242919922,0.25,False,False,1
2806,stages.3.0.0,element,2,"(597, 31, 6)",0,0.0,False,0.915,0.0,False,,229,-1280.0,-640.0,1.0,0.5,False,False,1
2807,stages.2.10.0,element,7,"(45, 9, 6)",0,0.0,False,0.915,0.0,False,,105,2560.0,-2560.0,0.0,2.0,True,False,1
2808,stages.1.3.0,element,5,"(16, 1, 0)",0,0.0,False,0.915,0.0,False,,243,-14336.0,-56.0,8.0,0.99609375,False,False,1
2809,stages.3.0.0,element,0,"(977, 9, 8)",0,0.0,False,0.915,0.0,False,,230,-1536.0,-1792.0,0.22239208221435547,0.1666666716337204,False,False,1
2810,stages.3.0.0,element,2,"(10, 36, 0)",0,0.0,False,0.915,0.0,False,,232,-2048.0,-4096.0,1.0,1.0,False,False,1
2811,stages.2.1.0,element,1,"(42, 38, 12)",0,0.0,False,0.915,0.0,False,,113,10240.0,14336.0,0.4854269027709961,0.4000000059604645,False,False,1
2812,stages.1.1.0,element,7,"(80, 20, 22)",0,0.0,False,0.915,0.0,False,,240,-8192.0,8192.0,0.0,2.0,True,False,1
2813,stages.2.9.0,element,6,"(6, 44, 30)",0,0.0,False,0.915,0.0,False,,117,20480.0,0.3125,16.0,0.9999847412109375,False,False,1
2814,stages.3.0.0,element,5,"(766, 15, 16)",0,0.0,False,0.915,0.0,False,,107,3584.0,14.0,8.0,0.99609375,False,False,1
2815,stages.2.3.0,element,2,"(22, 7, 6)",0,0.0,False,0.915,0.0,False,,245,-20480.0,-10240.0,1.0,0.5,False,False,1
2816,stages.2.1.0,element,3,"(124, 2, 6)",0,0.0,False,0.915,0.0,False,,109,5120.0,1280.0,2.0,0.75,False,False,1
2817,stages.3.0.0,element,3,"(863, 31, 19)",0,0.0,False,0.915,0.0,False,,238,-6144.0,-1536.0,2.0,0.75,False,False,1
2818,stages.3.0.0,element,4,"(585, 46, 22)",0,0.0,False,0.915,0.0,False,,103,1792.0,28672.0,4.0,15.0,False,False,1
2819,stages.2.4.0,element,4,"(155, 13, 6)",0,0.0,False,0.915,0.0,False,,241,-10240.0,-640.0,4.0,0.9375,False,False,1
2820,stages.2.7.0,element,2,"(56, 19, 13)",0,0.0,False,0.915,0.0,False,,228,-1024.0,-512.0,1.0,0.5,False,False,1
2821,stages.3.0.0,scale,7,"(634, 17)",191,0.955,True,0.045,0.87,True,,108,108.0,236.0,128.0,inf,False,False,32
2822,stages.3.0.0,element,3,"(94, 47, 23)",0,0.0,False,0.915,0.0,False,,105,2560.0,640.0,2.0,0.75,False,False,1
2823,stages.2.7.0,element,6,"(101, 37, 14)",0,0.0,False,0.915,0.0,False,,107,3584.0,0.0546875,16.0,0.9999847412109375,False,False,1
2824,stages.2.10.0,element,6,"(141, 10, 6)",0,0.0,False,0.915,0.0,False,,237,-5120.0,-0.078125,16.0,0.9999847412109375,False,False,1
2825,stages.3.0.0,element,5,"(689, 20, 29)",0,0.0,False,0.915,0.0,False,,231,-1792.0,-7.0,8.0,0.99609375,False,False,1
2826,stages.2.13.0,element,5,"(6, 45, 20)",0,0.0,False,0.915,0.0,False,,105,2560.0,10.0,8.0,0.99609375,False,False,1
2827,stages.2.8.0,element,4,"(179, 48, 20)",200,1.0,True,0.0,0.915,True,,109,5120.0,,inf,inf,False,True,1
2828,stages.2.11.0,element,5,"(91, 42, 31)",0,0.0,False,0.915,0.0,False,,97,640.0,2.5,8.0,0.99609375,False,False,1
2829,stages.3.0.0,element,5,"(545, 29, 29)",0,0.0,False,0.915,0.0,False,,112,8192.0,32.0,8.0,0.99609375,False,False,1
2830,stages.2.6.0,element,1,"(110, 28, 8)",0,0.0,False,0.915,0.0,False,,106,3072.0,2048.0,0.5849628448486328,0.3333333432674408,False,False,1
2831,stages.2.10.0,element,5,"(74, 27, 19)",200,1.0,True,0.0,0.915,True,,92,256.0,inf,inf,inf,False,True,1
2832,stages.2.9.0,element,6,"(124, 2, 25)",0,0.0,False,0.915,0.0,False,,248,-32768.0,-0.5,16.0,0.9999847412109375,False,False,1
2833,stages.2.13.0,element,1,"(73, 47, 7)",0,0.0,False,0.915,0.0,False,,94,384.0,256.0,0.5849628448486328,0.3333333432674408,False,False,1
2834,stages.2.1.0,element,1,"(52, 23, 6)",0,0.0,False,0.915,0.0,False,,123,57344.0,40960.0,0.4854269027709961,0.2857142984867096,False,False,1
2835,stages.2.9.0,element,1,"(156, 18, 11)",0,0.0,False,0.915,0.0,False,,105,2560.0,3584.0,0.4854269027709961,0.4000000059604645,False,False,1
2836,stages.2.4.0,element,6,"(38, 18, 8)",0,0.0,False,0.915,0.0,False,,110,6144.0,0.09375,16.0,0.9999847412109375,False,False,1
2837,stages.2.6.0,element,5,"(68, 14, 15)",0,0.0,False,0.915,0.0,False,,249,-40960.0,-160.0,8.0,0.99609375,False,False,1
2838,stages.2.3.0,element,6,"(110, 5, 31)",0,0.0,False,0.915,0.0,False,,239,-7168.0,-0.109375,16.0,0.9999847412109375,False,False,1
2839,stages.2.11.0,element,5,"(86, 47, 17)",0,0.0,False,0.915,0.0,False,,240,-8192.0,-32.0,8.0,0.99609375,False,False,1
2840,stages.1.0.0,scale,0,"(66, 6)",0,0.0,False,0.915,0.0,False,,107,107.0,106.0,1.0,inf,False,False,32
2841,stages.2.11.0,element,3,"(53, 24, 23)",0,0.0,False,0.915,0.0,False,,105,2560.0,640.0,2.0,0.75,False,False,1
2842,stages.3.0.0,scale,5,"(358, 37)",0,0.0,False,0.915,0.0,False,,107,107.0,75.0,32.0,inf,False,False,32
2843,stages.2.1.0,element,6,"(156, 7, 22)",0,0.0,False,0.915,0.0,False,,246,-24576.0,-0.375,16.0,0.9999847412109375,False,False,1
2844,stages.2.12.0,element,6,"(137, 13, 30)",0,0.0,False,0.915,0.0,False,,236,-4096.0,-0.0625,16.0,0.9999847412109375,False,False,1
2845,stages.2.4.0,element,1,"(49, 30, 9)",0,0.0,False,0.915,0.0,False,,114,12288.0,8192.0,0.5849628448486328,0.3333333432674408,False,False,1
2846,stages.2.2.0,element,6,"(114, 44, 21)",0,0.0,False,0.915,0.0,False,,240,-8192.0,-0.125,16.0,0.9999847412109375,False,False,1
2847,stages.3.0.0,element,7,"(1222, 49, 15)",0,0.0,False,0.915,0.0,False,,245,-20480.0,20480.0,0.0,2.0,True,False,1
2848,stages.3.0.0,element,1,"(1011, 45, 29)",0,0.0,False,0.915,0.0,False,,237,-5120.0,-7168.0,0.4854269027709961,0.4000000059604645,False,False,1
2849,stages.2.13.0,element,6,"(65, 31, 12)",0,0.0,False,0.915,0.0,False,,96,512.0,0.0078125,16.0,0.9999847412109375,False,False,1
2850,stages.2.10.0,element,3,"(187, 49, 11)",0,0.0,False,0.915,0.0,False,,121,40960.0,10240.0,2.0,0.75,False,False,1
2851,stages.2.4.0,element,1,"(47, 25, 27)",0,0.0,False,0.915,0.0,False,,232,-2048.0,-3072.0,0.5849628448486328,0.5,False,False,1
2852,stages.2.4.0,element,3,"(139, 41, 11)",0,0.0,False,0.915,0.0,False,,249,-40960.0,-10240.0,2.0,0.75,False,False,1
2853,stages.2.6.0,element,0,"(117, 38, 28)",0,0.0,False,0.915,0.0,False,,236,-4096.0,-5120.0,0.3219280242919922,0.25,False,False,1
2854,stages.1.2.0,scale,5,"(10, 1)",0,0.0,False,0.915,0.0,False,,106,106.0,74.0,32.0,inf,False,False,32
2855,stages.3.0.0,element,5,"(1055, 49, 10)",0,0.0,False,0.915,0.0,False,,224,-512.0,-2.0,8.0,0.99609375,False,False,1
2856,stages.2.9.0,element,7,"(81, 20, 15)",0,0.0,False,0.915,0.0,False,,110,6144.0,-6144.0,0.0,2.0,True,False,1
2857,stages.2.11.0,element,3,"(178, 11, 22)",0,0.0,False,0.915,0.0,False,,225,-640.0,-2560.0,2.0,3.0,False,False,1
2858,stages.2.4.0,element,1,"(162, 22, 28)",0,0.0,False,0.915,0.0,False,,117,20480.0,28672.0,0.4854269027709961,0.4000000059604645,False,False,1
2859,stages.2.13.0,element,4,"(75, 46, 18)",0,0.0,False,0.915,0.0,False,,105,2560.0,40960.0,4.0,15.0,False,False,1
2860,stages.2.12.0,element,0,"(85, 9, 17)",0,0.0,False,0.915,0.0,False,,110,6144.0,7168.0,0.22239208221435547,0.1666666716337204,False,False,1
2861,stages.2.9.0,element,2,"(167, 5, 23)",0,0.0,False,0.915,0.0,False,,107,3584.0,7168.0,1.0,1.0,False,False,1
2862,stages.3.0.0,element,6,"(1046, 11, 1)",0,0.0,False,0.915,0.0,False,,228,-1024.0,-0.015625,16.0,0.9999847412109375,False,False,1
2863,stages.1.2.0,element,4,"(9, 21, 31)",0,0.0,False,0.915,0.0,False,,81,40.0,2.5,4.0,0.9375,False,False,1
2864,stages.2.12.0,element,1,"(21, 11, 30)",0,0.0,False,0.915,0.0,False,,241,-10240.0,-14336.0,0.4854269027709961,0.4000000059604645,False,False,1
2865,stages.3.0.0,element,2,"(180, 44, 11)",0,0.0,False,0.915,0.0,False,,235,-3584.0,-7168.0,1.0,1.0,False,False,1
2866,stages.3.0.0,element,0,"(490, 15, 11)",0,0.0,False,0.915,0.0,False,,239,-7168.0,-6144.0,0.22239208221435547,0.1428571492433548,False,False,1
2867,stages.2.1.0,element,2,"(29, 10, 0)",0,0.0,False,0.915,0.0,False,,99,896.0,1792.0,1.0,1.0,False,False,1
2868,stages.2.9.0,element,7,"(28, 8, 27)",0,0.0,False,0.915,0.0,False,,230,-1536.0,1536.0,0.0,2.0,True,False,1
2869,stages.2.3.0,element,4,"(61, 5, 26)",200,1.0,True,0.0,0.915,True,,109,5120.0,,inf,inf,False,True,1
2870,stages.2.4.0,element,2,"(17, 11, 30)",200,1.0,True,0.0,0.915,True,,123,57344.0,,inf,inf,False,True,1
2871,stages.1.2.0,element,4,"(41, 10, 12)",0,0.0,False,0.915,0.0,False,,106,3072.0,49152.0,4.0,15.0,False,False,1
2872,stages.1.2.0,element,6,"(35, 1, 6)",0,0.0,False,0.915,0.0,False,,236,-4096.0,-0.0625,16.0,0.9999847412109375,False,False,1
2873,stages.2.7.0,element,2,"(55, 3, 11)",0,0.0,False,0.915,0.0,False,,245,-20480.0,-10240.0,1.0,0.5,False,False,1
2874,stages.2.3.0,element,2,"(142, 19, 30)",0,0.0,False,0.915,0.0,False,,111,7168.0,3584.0,1.0,0.5,False,False,1
2875,stages.3.0.0,element,4,"(1140, 18, 19)",0,0.0,False,0.915,0.0,False,,116,16384.0,1024.0,4.0,0.9375,False,False,1
2876,stages.3.0.0,element,0,"(159, 50, 14)",0,0.0,False,0.915,0.0,False,,108,4096.0,5120.0,0.3219280242919922,0.25,False,False,1
2877,stages.2.8.0,element,2,"(125, 32, 4)",0,0.0,False,0.915,0.0,False,,224,-512.0,-1024.0,1.0,1.0,False,False,1
2878,stages.2.1.0,element,2,"(80, 13, 18)",0,0.0,False,0.915,0.0,False,,106,3072.0,6144.0,1.0,1.0,False,False,1
2879,stages.2.10.0,element,1,"(184, 27, 30)",0,0.0,False,0.915,0.0,False,,88,128.0,192.0,0.5849623680114746,0.5,False,False,1
2880,stages.2.11.0,element,2,"(134, 11, 31)",0,0.0,False,0.915,0.0,False,,227,-896.0,-1792.0,1.0,1.0,False,False,1
2881,stages.3.0.0,element,1,"(461, 40, 4)",0,0.0,False,0.915,0.0,False,,105,2560.0,3584.0,0.4854269027709961,0.4000000059604645,False,False,1
2882,stages.2.5.0,element,1,"(134, 21, 1)",0,0.0,False,0.915,0.0,False,,244,-16384.0,-24576.0,0.5849628448486328,0.5,False,False,1
2883,stages.1.3.0,scale,7,"(57, 15)",200,1.0,True,0.0,0.915,True,,107,107.0,235.0,128.0,inf,False,False,32
2884,stages.2.2.0,element,0,"(58, 11, 18)",0,0.0,False,0.915,0.0,False,,105,2560.0,2048.0,0.3219280242919922,0.20000000298023224,False,False,1
2885,stages.3.0.0,element,6,"(362, 44, 14)",0,0.0,False,0.915,0.0,False,,227,-896.0,-0.013671875,16.0,0.9999847412109375,False,False,1
2886,stages.2.10.0,element,6,"(189, 4, 23)",0,0.0,False,0.915,0.0,False,,240,-8192.0,-0.125,16.0,0.9999847412109375,False,False,1
2887,stages.2.4.0,element,2,"(175, 11, 8)",0,0.0,False,0.915,0.0,False,,105,2560.0,5120.0,1.0,1.0,False,False,1
2888,stages.2.1.0,element,7,"(31, 19, 25)",0,0.0,False,0.915,0.0,False,,117,20480.0,-20480.0,0.0,2.0,True,False,1
2889,stages.2.7.0,element,0,"(134, 49, 30)",0,0.0,False,0.915,0.0,False,,89,160.0,128.0,0.3219280242919922,0.20000000298023224,False,False,1
2890,stages.2.4.0,element,1,"(26, 12, 25)",0,0.0,False,0.915,0.0,False,,244,-16384.0,-24576.0,0.5849628448486328,0.5,False,False,1
2891,stages.2.1.0,element,5,"(86, 48, 28)",0,0.0,False,0.915,0.0,False,,242,-12288.0,-48.0,8.0,0.99609375,False,False,1
2892,stages.2.6.0,element,6,"(179, 1, 30)",0,0.0,False,0.915,0.0,False,,108,4096.0,0.0625,16.0,0.9999847412109375,False,False,1
2893,stages.2.12.0,element,2,"(75, 45, 12)",0,0.0,False,0.915,0.0,False,,102,1536.0,768.0,1.0,0.5,False,False,1
2894,stages.2.6.0,element,3,"(143, 17, 3)",0,0.0,False,0.915,0.0,False,,231,-1792.0,-7168.0,2.0,3.0,False,False,1
2895,stages.2.8.0,element,5,"(179, 13, 1)",0,0.0,False,0.915,0.0,False,,106,3072.0,12.0,8.0,0.99609375,False,False,1
2896,stages.3.0.0,element,0,"(1068, 27, 31)",0,0.0,False,0.915,0.0,False,,119,28672.0,24576.0,0.22239208221435547,0.1428571492433548,False,False,1
2897,stages.2.8.0,element,3,"(94, 6, 29)",0,0.0,False,0.915,0.0,False,,108,4096.0,1024.0,2.0,0.75,False,False,1
2898,stages.2.8.0,element,1,"(16, 49, 20)",0,0.0,False,0.915,0.0,False,,119,28672.0,20480.0,0.4854269027709961,0.2857142984867096,False,False,1
2899,stages.2.10.0,element,3,"(27, 24, 1)",200,1.0,True,0.0,0.915,True,,116,16384.0,inf,inf,inf,False,True,1
2900,stages.2.6.0,element,6,"(158, 50, 7)",0,0.0,False,0.915,0.0,False,,99,896.0,0.013671875,16.0,0.9999847412109375,False,False,1
2901,stages.2.9.0,element,4,"(145, 46, 2)",0,0.0,False,0.915,0.0,False,,114,12288.0,768.0,4.0,0.9375,False,False,1
2902,stages.3.0.0,element,7,"(640, 34, 22)",0,0.0,False,0.915,0.0,False,,237,-5120.0,5120.0,0.0,2.0,True,False,1
2903,stages.2.3.0,element,6,"(26, 43, 21)",0,0.0,False,0.915,0.0,False,,116,16384.0,0.25,16.0,0.9999847412109375,False,False,1
2904,stages.2.3.0,element,1,"(88, 13, 29)",0,0.0,False,0.915,0.0,False,,244,-16384.0,-24576.0,0.5849628448486328,0.5,False,False,1
2905,stages.2.4.0,element,0,"(84, 24, 9)",0,0.0,False,0.915,0.0,False,,119,28672.0,24576.0,0.22239208221435547,0.1428571492433548,False,False,1
2906,stages.2.2.0,element,7,"(95, 38, 24)",0,0.0,False,0.915,0.0,False,,241,-10240.0,10240.0,0.0,2.0,True,False,1
2907,stages.3.0.0,element,4,"(43, 18, 9)",0,0.0,False,0.915,0.0,False,,240,-8192.0,-512.0,4.0,0.9375,False,False,1
2908,stages.2.13.0,element,1,"(154, 52, 18)",0,0.0,False,0.915,0.0,False,,244,-16384.0,-24576.0,0.5849628448486328,0.5,False,False,1
2909,stages.2.10.0,element,5,"(90, 50, 5)",0,0.0,False,0.915,0.0,False,,106,3072.0,12.0,8.0,0.99609375,False,False,1
2910,stages.2.13.0,element,3,"(66, 29, 24)",0,0.0,False,0.915,0.0,False,,91,224.0,56.0,2.0,0.75,False,False,1
2911,stages.2.3.0,element,0,"(80, 15, 1)",0,0.0,False,0.915,0.0,False,,246,-24576.0,-28672.0,0.22239208221435547,0.1666666716337204,False,False,1
2912,stages.3.0.0,element,2,"(483, 32, 28)",0,0.0,False,0.915,0.0,False,,108,4096.0,2048.0,1.0,0.5,False,False,1
2913,stages.3.0.0,element,6,"(971, 4, 24)",0,0.0,False,0.915,0.0,False,,100,1024.0,0.015625,16.0,0.9999847412109375,False,False,1
2914,stages.2.8.0,element,7,"(190, 4, 28)",0,0.0,False,0.915,0.0,False,,238,-6144.0,6144.0,0.0,2.0,True,False,1
2915,stages.2.6.0,element,2,"(46, 42, 9)",0,0.0,False,0.915,0.0,False,,115,14336.0,28672.0,1.0,1.0,False,False,1
2916,stages.3.0.0,element,5,"(51, 46, 15)",0,0.0,False,0.915,0.0,False,,106,3072.0,12.0,8.0,0.99609375,False,False,1
2917,stages.3.0.0,element,2,"(1103, 33, 24)",0,0.0,False,0.915,0.0,False,,112,8192.0,16384.0,1.0,1.0,False,False,1
2918,stages.2.12.0,element,4,"(109, 53, 20)",0,0.0,False,0.915,0.0,False,,89,160.0,10.0,4.0,0.9375,False,False,1
2919,stages.3.0.0,element,3,"(1055, 5, 25)",0,0.0,False,0.915,0.0,False,,237,-5120.0,-1280.0,2.0,0.75,False,False,1
2920,stages.3.0.0,element,6,"(684, 19, 13)",0,0.0,False,0.915,0.0,False,,223,-448.0,-0.0068359375,16.0,0.9999847412109375,False,False,1
2921,stages.3.0.0,element,1,"(1059, 41, 23)",0,0.0,False,0.915,0.0,False,,240,-8192.0,-12288.0,0.5849628448486328,0.5,False,False,1
2922,stages.2.4.0,element,7,"(99, 15, 23)",0,0.0,False,0.915,0.0,False,,243,-14336.0,14336.0,0.0,2.0,True,False,1
2923,stages.2.5.0,element,5,"(68, 5, 26)",0,0.0,False,0.915,0.0,False,,245,-20480.0,-80.0,8.0,0.99609375,False,False,1
2924,stages.3.0.0,element,5,"(305, 26, 16)",0,0.0,False,0.915,0.0,False,,237,-5120.0,-20.0,8.0,0.99609375,False,False,1
2925,stages.1.0.0,element,1,"(35, 3, 13)",0,0.0,False,0.915,0.0,False,,230,-1536.0,-1024.0,0.5849628448486328,0.3333333432674408,False,False,1
2926,stages.2.2.0,element,2,"(86, 16, 12)",0,0.0,False,0.915,0.0,False,,231,-1792.0,-896.0,1.0,0.5,False,False,1
2927,stages.2.6.0,element,3,"(14, 3, 12)",0,0.0,False,0.915,0.0,False,,238,-6144.0,-1536.0,2.0,0.75,False,False,1
2928,stages.3.0.0,element,6,"(53, 43, 31)",0,0.0,False,0.915,0.0,False,,111,7168.0,0.109375,16.0,0.9999847412109375,False,False,1
2929,stages.3.0.0,element,5,"(256, 37, 1)",0,0.0,False,0.915,0.0,False,,236,-4096.0,-16.0,8.0,0.99609375,False,False,1
2930,stages.2.3.0,element,7,"(51, 44, 2)",0,0.0,False,0.915,0.0,False,,111,7168.0,-7168.0,0.0,2.0,True,False,1
2931,stages.2.3.0,element,3,"(70, 21, 7)",0,0.0,False,0.915,0.0,False,,250,-49152.0,-12288.0,2.0,0.75,False,False,1
2932,stages.3.0.0,element,4,"(891, 31, 7)",0,0.0,False,0.915,0.0,False,,241,-10240.0,-640.0,4.0,0.9375,False,False,1
2933,stages.2.4.0,element,5,"(39, 40, 15)",0,0.0,False,0.915,0.0,False,,229,-1280.0,-5.0,8.0,0.99609375,False,False,1
2934,stages.3.0.0,element,7,"(684, 9, 1)",0,0.0,False,0.915,0.0,False,,110,6144.0,-6144.0,0.0,2.0,True,False,1
2935,stages.3.0.0,element,6,"(932, 33, 21)",0,0.0,False,0.915,0.0,False,,117,20480.0,0.3125,16.0,0.9999847412109375,False,False,1
2936,stages.2.6.0,element,6,"(25, 52, 28)",0,0.0,False,0.915,0.0,False,,232,-2048.0,-0.03125,16.0,0.9999847412109375,False,False,1
2937,stages.3.0.0,element,0,"(589, 41, 8)",0,0.0,False,0.915,0.0,False,,245,-20480.0,-16384.0,0.3219280242919922,0.20000000298023224,False,False,1
2938,stages.2.8.0,element,6,"(121, 35, 16)",0,0.0,False,0.915,0.0,False,,241,-10240.0,-0.15625,16.0,0.9999847412109375,False,False,1
2939,stages.2.4.0,element,6,"(51, 51, 31)",0,0.0,False,0.915,0.0,False,,234,-3072.0,-0.046875,16.0,0.9999847412109375,False,False,1
2940,stages.3.0.0,element,0,"(1159, 15, 26)",0,0.0,False,0.915,0.0,False,,93,320.0,256.0,0.3219280242919922,0.20000000298023224,False,False,1
2941,stages.2.4.0,element,7,"(27, 50, 14)",0,0.0,False,0.915,0.0,False,,235,-3584.0,3584.0,0.0,2.0,True,False,1
2942,stages.2.0.0,element,4,"(169, 13, 13)",0,0.0,False,0.915,0.0,False,,87,112.0,7.0,4.0,0.9375,False,False,1
2943,stages.2.8.0,element,0,"(30, 25, 17)",0,0.0,False,0.915,0.0,False,,114,12288.0,14336.0,0.22239208221435547,0.1666666716337204,False,False,1
2944,stages.2.12.0,element,2,"(104, 39, 14)",0,0.0,False,0.915,0.0,False,,103,1792.0,896.0,1.0,0.5,False,False,1
2945,stages.2.3.0,element,3,"(80, 2, 22)",0,0.0,False,0.915,0.0,False,,105,2560.0,640.0,2.0,0.75,False,False,1
2946,stages.3.0.0,element,2,"(799, 53, 19)",0,0.0,False,0.915,0.0,False,,235,-3584.0,-7168.0,1.0,1.0,False,False,1
2947,stages.3.0.0,element,7,"(402, 30, 31)",0,0.0,False,0.915,0.0,False,,241,-10240.0,10240.0,0.0,2.0,True,False,1
2948,stages.2.11.0,element,0,"(11, 39, 21)",0,0.0,False,0.915,0.0,False,,110,6144.0,7168.0,0.22239208221435547,0.1666666716337204,False,False,1
2949,stages.3.0.0,element,4,"(29, 24, 10)",0,0.0,False,0.915,0.0,False,,235,-3584.0,-57344.0,4.0,15.0,False,False,1
2950,stages.2.1.0,element,5,"(154, 15, 30)",0,0.0,False,0.915,0.0,False,,238,-6144.0,-24.0,8.0,0.99609375,False,False,1
2951,stages.3.0.0,element,6,"(724, 12, 18)",0,0.0,False,0.915,0.0,False,,228,-1024.0,-0.015625,16.0,0.9999847412109375,False,False,1
2952,stages.2.3.0,element,7,"(154, 44, 11)",0,0.0,False,0.915,0.0,False,,114,12288.0,-12288.0,0.0,2.0,True,False,1
2953,stages.2.8.0,element,3,"(154, 41, 13)",0,0.0,False,0.915,0.0,False,,236,-4096.0,-1024.0,2.0,0.75,False,False,1
2954,stages.2.1.0,element,1,"(133, 35, 23)",0,0.0,False,0.915,0.0,False,,236,-4096.0,-6144.0,0.5849628448486328,0.5,False,False,1
2955,stages.2.5.0,element,4,"(181, 25, 18)",0,0.0,False,0.915,0.0,False,,234,-3072.0,-49152.0,4.0,15.0,False,False,1
2956,stages.0.1.0,scale,5,"(6, 4)",0,0.0,False,0.915,0.0,False,,109,109.0,77.0,32.0,inf,False,False,32
2957,stages.2.5.0,element,0,"(99, 4, 10)",0,0.0,False,0.915,0.0,False,,227,-896.0,-768.0,0.22239208221435547,0.1428571492433548,False,False,1
2958,stages.2.4.0,scale,3,"(20, 31)",0,0.0,False,0.915,0.0,False,,107,107.0,99.0,8.0,inf,False,False,32
2959,stages.2.10.0,element,7,"(98, 11, 13)",0,0.0,False,0.915,0.0,False,,239,-7168.0,7168.0,0.0,2.0,True,False,1
2960,stages.2.7.0,element,5,"(20, 25, 24)",0,0.0,False,0.915,0.0,False,,249,-40960.0,-160.0,8.0,0.99609375,False,False,1
2961,stages.3.0.0,element,3,"(151, 38, 12)",0,0.0,False,0.915,0.0,False,,120,32768.0,8192.0,2.0,0.75,False,False,1
2962,stages.2.0.0,element,3,"(84, 12, 30)",0,0.0,False,0.915,0.0,False,,104,2048.0,512.0,2.0,0.75,False,False,1
2963,stages.2.10.0,element,5,"(21, 17, 2)",0,0.0,False,0.915,0.0,False,,234,-3072.0,-12.0,8.0,0.99609375,False,False,1
2964,stages.2.6.0,element,3,"(185, 47, 10)",200,1.0,True,0.0,0.915,True,,119,28672.0,,inf,inf,False,True,1
2965,stages.2.13.0,element,0,"(82, 34, 19)",0,0.0,False,0.915,0.0,False,,116,16384.0,20480.0,0.3219280242919922,0.25,False,False,1
2966,stages.2.1.0,element,1,"(100, 9, 8)",0,0.0,False,0.915,0.0,False,,113,10240.0,14336.0,0.4854269027709961,0.4000000059604645,False,False,1
2967,stages.3.0.0,element,3,"(933, 14, 11)",0,0.0,False,0.915,0.0,False,,114,12288.0,49152.0,2.0,3.0,False,False,1
2968,stages.2.8.0,element,6,"(9, 8, 20)",0,0.0,False,0.915,0.0,False,,239,-7168.0,-0.109375,16.0,0.9999847412109375,False,False,1
2969,stages.2.3.0,element,6,"(127, 27, 26)",0,0.0,False,0.915,0.0,False,,104,2048.0,0.03125,16.0,0.9999847412109375,False,False,1
2970,stages.2.1.0,element,6,"(62, 8, 15)",0,0.0,False,0.915,0.0,False,,243,-14336.0,-0.21875,16.0,0.9999847412109375,False,False,1
2971,stages.3.0.0,element,1,"(88, 4, 23)",0,0.0,False,0.915,0.0,False,,113,10240.0,14336.0,0.4854269027709961,0.4000000059604645,False,False,1
2972,stages.3.0.0,element,3,"(582, 7, 1)",0,0.0,False,0.915,0.0,False,,231,-1792.0,-7168.0,2.0,3.0,False,False,1
2973,stages.2.1.0,element,1,"(23, 9, 4)",0,0.0,False,0.915,0.0,False,,248,-32768.0,-49152.0,0.5849628448486328,0.5,False,False,1
2974,stages.3.0.0,element,6,"(406, 28, 30)",0,0.0,False,0.915,0.0,False,,237,-5120.0,-0.078125,16.0,0.9999847412109375,False,False,1
2975,stages.2.0.0,element,0,"(14, 3, 11)",0,0.0,False,0.915,0.0,False,,239,-7168.0,-6144.0,0.22239208221435547,0.1428571492433548,False,False,1
2976,stages.3.0.0,element,3,"(880, 39, 25)",200,1.0,True,0.0,0.915,True,,118,24576.0,,inf,inf,False,True,1
2977,stages.2.5.0,element,3,"(86, 19, 14)",0,0.0,False,0.915,0.0,False,,240,-8192.0,-32768.0,2.0,3.0,False,False,1
2978,stages.3.0.0,element,4,"(94, 8, 5)",200,1.0,True,0.0,0.915,True,,110,6144.0,,inf,inf,False,True,1
2979,stages.3.0.0,element,3,"(1270, 20, 21)",200,1.0,True,0.0,0.915,True,,116,16384.0,inf,inf,inf,False,True,1
2980,stages.2.9.0,element,3,"(63, 51, 26)",0,0.0,False,0.915,0.0,False,,238,-6144.0,-1536.0,2.0,0.75,False,False,1
2981,stages.2.4.0,element,2,"(76, 39, 26)",0,0.0,False,0.915,0.0,False,,104,2048.0,4096.0,1.0,1.0,False,False,1
2982,stages.2.7.0,element,5,"(178, 41, 30)",0,0.0,False,0.915,0.0,False,,105,2560.0,10.0,8.0,0.99609375,False,False,1
2983,stages.3.0.0,element,5,"(365, 7, 27)",0,0.0,False,0.915,0.0,False,,101,1280.0,5.0,8.0,0.99609375,False,False,1
2984,stages.2.3.0,element,7,"(182, 14, 15)",0,0.0,False,0.915,0.0,False,,227,-896.0,896.0,0.0,2.0,True,False,1
2985,stages.3.0.0,element,0,"(96, 43, 20)",0,0.0,False,0.915,0.0,False,,108,4096.0,5120.0,0.3219280242919922,0.25,False,False,1
2986,stages.2.11.0,element,1,"(28, 10, 26)",0,0.0,False,0.915,0.0,False,,115,14336.0,10240.0,0.4854269027709961,0.2857142984867096,False,False,1
2987,stages.2.8.0,element,6,"(166, 31, 29)",0,0.0,False,0.915,0.0,False,,244,-16384.0,-0.25,16.0,0.9999847412109375,False,False,1
2988,stages.2.12.0,element,2,"(190, 22, 13)",0,0.0,False,0.915,0.0,False,,230,-1536.0,-768.0,1.0,0.5,False,False,1
2989,stages.3.0.0,element,6,"(302, 35, 3)",0,0.0,False,0.915,0.0,False,,74,12.0,0.00018310546875,16.0,0.9999847412109375,False,False,1
2990,stages.3.0.0,element,2,"(428, 16, 6)",0,0.0,False,0.915,0.0,False,,222,-384.0,-192.0,1.0000004768371582,0.5,False,False,1
2991,stages.2.5.0,element,2,"(154, 19, 25)",0,0.0,False,0.915,0.0,False,,114,12288.0,24576.0,1.0,1.0,False,False,1
2992,stages.2.11.0,element,3,"(125, 2, 21)",0,0.0,False,0.915,0.0,False,,248,-32768.0,-8192.0,2.0,0.75,False,False,1
2993,stages.3.0.0,element,0,"(1151, 28, 13)",0,0.0,False,0.915,0.0,False,,225,-640.0,-512.0,0.3219280242919922,0.20000000298023224,False,False,1
2994,stages.2.6.0,element,1,"(75, 19, 3)",0,0.0,False,0.915,0.0,False,,117,20480.0,28672.0,0.4854269027709961,0.4000000059604645,False,False,1
2995,stages.2.2.0,scale,3,"(68, 18)",0,0.0,False,0.915,0.0,False,,108,108.0,100.0,8.0,inf,False,False,32
2996,stages.2.12.0,element,0,"(62, 21, 14)",0,0.0,False,0.915,0.0,False,,112,8192.0,10240.0,0.3219280242919922,0.25,False,False,1
2997,stages.3.0.0,element,2,"(977, 35, 23)",0,0.0,False,0.915,0.0,False,,105,2560.0,5120.0,1.0,1.0,False,False,1
2998,stages.2.1.0,element,2,"(82, 15, 3)",0,0.0,False,0.915,0.0,False,,113,10240.0,20480.0,1.0,1.0,False,False,1
2999,stages.2.3.0,element,7,"(74, 40, 21)",0,0.0,False,0.915,0.0,False,,107,3584.0,-3584.0,0.0,2.0,True,False,1
