i,tensor,site,bit,index,changed,change_rate,sdc,accuracy,acc_drop,nonfinite,weight,code,value_before,value_after,log_severity,rel_error,sign_flip,to_nonfinite,blast_radius
0,layer3.conv2,element,5,"(12, 6, 18)",2,0.01,True,0.56,0.004999999999999893,False,,27,14.0,-14.0,0.0,2.0,True,False,1
1,layer3.conv1,element,4,"(42, 0, 31)",10,0.05,True,0.575,-0.010000000000000009,False,,46,-1.5,-24.0,4.0,15.0,False,False,1
2,layer2.conv2,element,3,"(20, 4, 13)",2,0.01,True,0.565,0.0,False,,26,12.0,3.0,2.0,0.75,False,False,1
3,layer3.conv2,element,0,"(30, 5, 0)",0,0.0,False,0.565,0.0,False,,47,-1.75,-1.5,0.22239243984222412,0.1428571492433548,False,False,1
4,layer3.conv1,element,2,"(14, 6, 20)",0,0.0,False,0.565,0.0,False,,18,3.0,6.0,1.0000001192092896,1.0,False,False,1
5,layer3.conv1,element,1,"(54, 0, 25)",2,0.01,True,0.565,0.0,False,,62,-24.0,-16.0,0.5849623680114746,0.3333333432674408,False,False,1
6,layer3.conv1,element,1,"(40, 2, 2)",0,0.0,False,0.565,0.0,False,,26,12.0,8.0,0.5849626064300537,0.3333333432674408,False,False,1
7,layer3.conv1,element,1,"(38, 4, 20)",0,0.0,False,0.565,0.0,False,,18,3.0,2.0,0.5849624872207642,0.3333333432674408,False,False,1
8,layer3.conv1,element,2,"(44, 6, 27)",1,0.005,True,0.565,0.0,False,,21,5.0,2.5,0.9999998807907104,0.5,False,False,1
9,layer3.conv1,element,1,"(0, 6, 27)",0,0.0,False,0.565,0.0,False,,16,2.0,3.0,0.5849624872207642,0.5,False,False,1
10,layer3.conv2,element,3,"(48, 0, 8)",2,0.01,True,0.565,0.0,False,,19,3.5,14.0,2.0,3.0,False,False,1
11,layer3.conv2,element,5,"(21, 7, 4)",6,0.03,True,0.565,0.0,False,,63,-28.0,28.0,0.0,2.0,True,False,1
12,layer3.conv2,element,2,"(55, 0, 16)",0,0.0,False,0.565,0.0,False,,56,-8.0,-16.0,1.0,1.0,False,False,1
13,fc,element,3,"(46, 1, 10)",0,0.0,False,0.565,0.0,False,,5,0.3125,1.25,2.0,3.0,False,False,1
14,layer3.conv1,element,4,"(24, 6, 14)",0,0.0,False,0.565,0.0,False,,25,10.0,0.625,4.0,0.9375,False,False,1
15,layer3.conv1,element,1,"(21, 6, 23)",0,0.0,False,0.565,0.0,False,,57,-10.0,-14.0,0.4854269027709961,0.4000000059604645,False,False,1
16,layer3.conv2,element,2,"(13, 0, 8)",0,0.0,False,0.565,0.0,False,,57,-10.0,-20.0,1.0,1.0,False,False,1
17,layer3.conv2,element,5,"(62, 5, 6)",0,0.0,False,0.565,0.0,False,,21,5.0,-5.0,0.0,2.0,True,False,1
18,layer3.conv2,element,5,"(14, 10, 9)",2,0.01,True,0.555,0.009999999999999898,False,,61,-20.0,20.0,0.0,2.0,True,False,1
19,layer1.conv1,element,5,"(15, 0, 10)",0,0.0,False,0.565,0.0,False,,3,0.1875,-0.1875,0.0,2.0,True,False,1
20,layer3.shortcut.0,element,1,"(30, 0, 8)",0,0.0,False,0.565,0.0,False,,57,-10.0,-14.0,0.4854269027709961,0.4000000059604645,False,False,1
21,layer3.conv2,element,1,"(55, 13, 6)",2,0.01,True,0.555,0.009999999999999898,False,,26,12.0,8.0,0.5849626064300537,0.3333333432674408,False,False,1
22,layer2.conv2,element,5,"(0, 3, 15)",0,0.0,False,0.565,0.0,False,,4,0.25,-0.25,0.0,2.0,True,False,1
23,layer3.conv1,element,4,"(57, 2, 3)",0,0.0,False,0.565,0.0,False,,54,-6.0,-0.375,4.0,0.9375,False,False,1
24,layer1.conv1,element,1,"(15, 4, 8)",0,0.0,False,0.565,0.0,False,,49,-2.5,-3.5,0.48542678356170654,0.4000000059604645,False,False,1
25,layer3.conv1,element,5,"(2, 8, 10)",1,0.005,True,0.56,0.004999999999999893,False,,20,4.0,-4.0,0.0,2.0,True,False,1
26,layer3.conv2,element,0,"(49, 14, 8)",1,0.005,True,0.56,0.004999999999999893,False,,61,-20.0,-16.0,0.3219280242919922,0.20000000298023224,False,False,1
27,layer3.conv1,element,1,"(21, 3, 29)",0,0.0,False,0.565,0.0,False,,56,-8.0,-12.0,0.5849626064300537,0.5,False,False,1
28,layer3.conv1,element,4,"(22, 4, 20)",0,0.0,False,0.565,0.0,False,,48,-2.0,-0.0,inf,1.0,False,False,1
29,layer3.conv1,element,4,"(29, 4, 0)",3,0.015,True,0.57,-0.0050000000000000044,False,,28,16.0,1.0,4.0,0.9375,False,False,1
30,layer3.conv2,element,3,"(43, 4, 15)",1,0.005,True,0.56,0.004999999999999893,False,,62,-24.0,-6.0,1.999999761581421,0.75,False,False,1
31,layer3.conv2,element,3,"(53, 5, 8)",2,0.01,True,0.555,0.009999999999999898,False,,17,2.5,10.0,1.9999998807907104,3.0,False,False,1
32,layer3.conv2,element,5,"(4, 8, 29)",0,0.0,False,0.565,0.0,False,,51,-3.5,3.5,0.0,2.0,True,False,1
33,fc,element,0,"(19, 0, 24)",0,0.0,False,0.565,0.0,False,,52,-4.0,-5.0,0.3219280242919922,0.25,False,False,1
34,layer3.conv2,element,4,"(52, 1, 7)",0,0.0,False,0.565,0.0,False,,39,-0.4375,-7.0,4.0,15.0,False,False,1
35,layer3.conv2,element,5,"(38, 16, 2)",0,0.0,False,0.565,0.0,False,,45,-1.25,1.25,0.0,2.0,True,False,1
36,layer3.conv2,scale,6,"(50, 15)",5,0.025,True,0.56,0.004999999999999893,False,,122,122.0,58.0,64.0,inf,False,False,32
37,layer2.conv2,element,2,"(5, 5, 11)",0,0.0,False,0.565,0.0,False,,9,0.625,1.25,1.0,1.0,False,False,1
38,layer3.conv1,element,4,"(27, 3, 15)",1,0.005,True,0.56,0.004999999999999893,False,,17,2.5,0.0625,5.321928024291992,0.9750000238418579,False,False,1
39,layer3.conv1,element,3,"(53, 8, 10)",1,0.005,True,0.56,0.004999999999999893,False,,47,-1.75,-0.4375,2.0,0.75,False,False,1
40,fc,element,4,"(0, 0, 28)",0,0.0,False,0.565,0.0,False,,48,-2.0,-0.0,inf,1.0,False,False,1
41,fc,element,4,"(55, 1, 21)",2,0.01,True,0.555,0.009999999999999898,False,,38,-0.375,-6.0,4.0,15.0,False,False,1
42,layer3.conv2,element,4,"(18, 16, 29)",3,0.015,True,0.575,-0.010000000000000009,False,,27,14.0,0.875,4.0,0.9375,False,False,1
43,layer3.conv2,element,5,"(61, 4, 11)",0,0.0,False,0.565,0.0,False,,40,-0.5,0.5,0.0,2.0,True,False,1
44,layer3.conv1,element,0,"(5, 3, 3)",0,0.0,False,0.565,0.0,False,,57,-10.0,-8.0,0.3219280242919922,0.20000000298023224,False,False,1
45,layer3.conv2,element,5,"(48, 14, 12)",3,0.015,True,0.565,0.0,False,,28,16.0,-16.0,0.0,2.0,True,False,1
46,layer3.conv2,element,3,"(10, 14, 18)",0,0.0,False,0.565,0.0,False,,43,-0.875,-0.1875,2.2223923206329346,0.7857142686843872,False,False,1
47,layer3.conv1,element,5,"(45, 1, 25)",0,0.0,False,0.565,0.0,False,,38,-0.375,0.375,0.0,2.0,True,False,1
48,layer3.conv2,element,5,"(21, 2, 21)",3,0.015,True,0.57,-0.0050000000000000044,False,,56,-8.0,8.0,0.0,2.0,True,False,1
49,layer3.conv1,element,3,"(47, 4, 15)",2,0.01,True,0.57,-0.0050000000000000044,False,,21,5.0,20.0,2.0,3.0,False,False,1
50,fc,element,5,"(8, 0, 30)",0,0.0,False,0.565,0.0,False,,23,7.0,-7.0,0.0,2.0,True,False,1
51,layer3.conv1,element,4,"(41, 7, 5)",3,0.015,True,0.565,0.0,False,,60,-16.0,-1.0,4.0,0.9375,False,False,1
52,layer2.conv2,element,2,"(13, 0, 3)",1,0.005,True,0.56,0.004999999999999893,False,,56,-8.0,-16.0,1.0,1.0,False,False,1
53,layer2.conv2,element,2,"(13, 6, 8)",1,0.005,True,0.56,0.004999999999999893,False,,29,20.0,10.0,1.0,0.5,False,False,1
54,layer3.conv2,element,3,"(34, 6, 10)",0,0.0,False,0.565,0.0,False,,44,-1.0,-0.25,2.0,0.75,False,False,1
55,layer3.conv2,element,0,"(37, 17, 11)",0,0.0,False,0.565,0.0,False,,53,-5.0,-4.0,0.3219280242919922,0.20000000298023224,False,False,1
56,layer2.conv2,element,2,"(9, 6, 10)",0,0.0,False,0.565,0.0,False,,37,-0.3125,-0.0625,2.321928024291992,0.800000011920929,False,False,1
57,layer3.conv2,element,0,"(0, 5, 21)",0,0.0,False,0.565,0.0,False,,26,12.0,14.0,0.22239232063293457,0.1666666716337204,False,False,1
58,layer3.conv2,element,0,"(15, 6, 27)",0,0.0,False,0.565,0.0,False,,16,2.0,2.5,0.32192814350128174,0.25,False,False,1
59,layer3.conv2,element,5,"(41, 9, 14)",6,0.03,True,0.545,0.019999999999999907,False,,28,16.0,-16.0,0.0,2.0,True,False,1
60,layer3.conv2,element,1,"(7, 1, 10)",1,0.005,True,0.56,0.004999999999999893,False,,28,16.0,24.0,0.5849623680114746,0.5,False,False,1
61,layer3.conv2,element,0,"(36, 4, 5)",0,0.0,False,0.565,0.0,False,,12,1.0,1.25,0.32192808389663696,0.25,False,False,1
62,layer2.conv2,element,0,"(16, 8, 0)",0,0.0,False,0.565,0.0,False,,27,14.0,12.0,0.22239232063293457,0.1428571492433548,False,False,1
63,layer2.conv2,element,5,"(14, 7, 9)",11,0.055,True,0.555,0.009999999999999898,False,,29,20.0,-20.0,0.0,2.0,True,False,1
64,layer3.conv2,element,3,"(53, 1, 22)",2,0.01,True,0.56,0.004999999999999893,False,,21,5.0,20.0,2.0,3.0,False,False,1
65,layer2.conv2,element,2,"(2, 1, 13)",3,0.015,True,0.565,0.0,False,,30,24.0,12.0,0.9999997615814209,0.5,False,False,1
66,fc,element,5,"(77, 1, 4)",0,0.0,False,0.565,0.0,False,,50,-3.0,3.0,0.0,2.0,True,False,1
67,layer2.conv2,element,1,"(8, 5, 30)",1,0.005,True,0.56,0.004999999999999893,False,,26,12.0,8.0,0.5849626064300537,0.3333333432674408,False,False,1
68,layer3.conv1,element,3,"(16, 6, 31)",1,0.005,True,0.56,0.004999999999999893,False,,27,14.0,3.5,2.0,0.75,False,False,1
69,layer3.conv1,element,1,"(13, 2, 7)",1,0.005,True,0.56,0.004999999999999893,False,,27,14.0,10.0,0.4854269027709961,0.2857142984867096,False,False,1
70,layer3.conv2,element,1,"(58, 12, 23)",0,0.0,False,0.565,0.0,False,,54,-6.0,-4.0,0.5849626064300537,0.3333333432674408,False,False,1
71,layer2.conv2,scale,5,"(14, 8)",17,0.085,True,0.54,0.02499999999999991,False,,120,120.0,88.0,32.0,inf,False,False,32
72,layer3.shortcut.0,element,0,"(17, 0, 24)",0,0.0,False,0.565,0.0,False,,53,-5.0,-4.0,0.3219280242919922,0.20000000298023224,False,False,1
73,fc,scale,1,"(29, 1)",11,0.055,True,0.545,0.019999999999999907,False,,124,124.0,126.0,2.0,inf,False,False,32
74,layer3.shortcut.0,scale,2,"(29, 0)",40,0.2,True,0.49,0.07499999999999996,False,,121,121.0,125.0,4.0,inf,False,False,32
75,layer3.conv2,element,0,"(11, 10, 16)",0,0.0,False,0.565,0.0,False,,24,8.0,10.0,0.3219280242919922,0.25,False,False,1
76,layer2.conv2,element,5,"(6, 7, 18)",1,0.005,True,0.56,0.004999999999999893,False,,26,12.0,-12.0,0.0,2.0,True,False,1
77,layer2.conv1,element,0,"(3, 3, 11)",1,0.005,True,0.56,0.004999999999999893,False,,22,6.0,7.0,0.22239232063293457,0.1666666716337204,False,False,1
78,layer2.conv1,element,1,"(22, 1, 4)",3,0.015,True,0.55,0.014999999999999902,False,,24,8.0,12.0,0.5849626064300537,0.5,False,False,1
79,layer1.conv1,element,5,"(9, 4, 4)",0,0.0,False,0.565,0.0,False,,53,-5.0,5.0,0.0,2.0,True,False,1
80,layer3.conv2,element,0,"(1, 9, 16)",0,0.0,False,0.565,0.0,False,,55,-7.0,-6.0,0.22239232063293457,0.1428571492433548,False,False,1
81,layer3.conv1,element,4,"(16, 5, 2)",0,0.0,False,0.565,0.0,False,,53,-5.0,-0.3125,4.0,0.9375,False,False,1
82,layer3.conv2,element,3,"(15, 12, 1)",0,0.0,False,0.565,0.0,False,,15,1.75,0.4375,2.0,0.75,False,False,1
83,layer2.conv2,element,5,"(18, 3, 13)",5,0.025,True,0.56,0.004999999999999893,False,,55,-7.0,7.0,0.0,2.0,True,False,1
84,layer3.conv2,element,2,"(31, 0, 28)",0,0.0,False,0.565,0.0,False,,51,-3.5,-7.0,1.0,1.0,False,False,1
85,layer3.conv1,element,1,"(32, 2, 26)",0,0.0,False,0.565,0.0,False,,49,-2.5,-3.5,0.48542678356170654,0.4000000059604645,False,False,1
86,layer3.conv2,element,4,"(59, 15, 23)",0,0.0,False,0.565,0.0,False,,0,0.0,2.0,inf,32.0,False,False,1
87,layer3.conv1,element,1,"(53, 7, 29)",1,0.005,True,0.565,0.0,False,,60,-16.0,-24.0,0.5849623680114746,0.5,False,False,1
88,layer3.conv2,element,0,"(27, 14, 12)",0,0.0,False,0.565,0.0,False,,41,-0.625,-0.5,0.32192808389663696,0.20000000298023224,False,False,1
89,layer1.conv1,element,5,"(3, 3, 23)",15,0.075,True,0.56,0.004999999999999893,False,,59,-14.0,14.0,0.0,2.0,True,False,1
90,layer3.conv1,element,3,"(54, 0, 29)",0,0.0,False,0.565,0.0,False,,16,2.0,8.0,2.0,3.0,False,False,1
91,layer1.conv1,element,5,"(2, 1, 26)",0,0.0,False,0.565,0.0,False,,2,0.125,-0.125,0.0,2.0,True,False,1
92,layer3.conv2,element,4,"(16, 17, 17)",0,0.0,False,0.565,0.0,False,,54,-6.0,-0.375,4.0,0.9375,False,False,1
93,layer3.conv2,element,4,"(11, 1, 22)",1,0.005,True,0.56,0.004999999999999893,False,,26,12.0,0.75,4.0,0.9375,False,False,1
94,layer3.conv1,element,1,"(48, 8, 7)",0,0.0,False,0.565,0.0,False,,41,-0.625,-0.875,0.4854268431663513,0.4000000059604645,False,False,1
95,layer3.conv1,scale,4,"(43, 5)",6,0.03,True,0.555,0.009999999999999898,False,,120,120.0,104.0,16.0,inf,False,False,32
96,layer2.conv1,element,1,"(19, 3, 3)",0,0.0,False,0.565,0.0,False,,45,-1.25,-1.75,0.4854268431663513,0.4000000059604645,False,False,1
97,fc,element,0,"(74, 0, 14)",0,0.0,False,0.565,0.0,False,,52,-4.0,-5.0,0.3219280242919922,0.25,False,False,1
98,layer1.conv1,element,0,"(1, 3, 24)",0,0.0,False,0.565,0.0,False,,62,-24.0,-28.0,0.22239255905151367,0.1666666716337204,False,False,1
99,layer3.conv2,element,2,"(3, 9, 28)",0,0.0,False,0.565,0.0,False,,56,-8.0,-16.0,1.0,1.0,False,False,1
100,layer3.conv2,element,0,"(0, 9, 31)",0,0.0,False,0.565,0.0,False,,26,12.0,14.0,0.22239232063293457,0.1666666716337204,False,False,1
101,layer3.conv2,element,0,"(10, 14, 5)",0,0.0,False,0.565,0.0,False,,45,-1.25,-1.0,0.32192808389663696,0.20000000298023224,False,False,1
102,layer3.conv2,element,0,"(52, 4, 27)",0,0.0,False,0.565,0.0,False,,24,8.0,10.0,0.3219280242919922,0.25,False,False,1
103,layer3.conv1,element,3,"(63, 1, 4)",2,0.01,True,0.56,0.004999999999999893,False,,27,14.0,3.5,2.0,0.75,False,False,1
104,layer1.conv2,element,2,"(3, 4, 9)",3,0.015,True,0.57,-0.0050000000000000044,False,,17,2.5,5.0,0.9999998807907104,1.0,False,False,1
105,layer1.conv2,element,4,"(0, 0, 22)",3,0.015,True,0.56,0.004999999999999893,False,,57,-10.0,-0.625,4.0,0.9375,False,False,1
106,layer3.conv2,element,5,"(22, 15, 10)",1,0.005,True,0.56,0.004999999999999893,False,,18,3.0,-3.0,0.0,2.0,True,False,1
107,layer3.conv2,element,4,"(7, 1, 0)",1,0.005,True,0.56,0.004999999999999893,False,,22,6.0,0.375,4.0,0.9375,False,False,1
108,layer1.conv2,element,4,"(4, 4, 7)",5,0.025,True,0.56,0.004999999999999893,False,,26,12.0,0.75,4.0,0.9375,False,False,1
109,layer3.conv2,element,0,"(28, 3, 8)",0,0.0,False,0.565,0.0,False,,48,-2.0,-2.5,0.32192814350128174,0.25,False,False,1
110,layer3.conv1,element,0,"(33, 3, 14)",1,0.005,True,0.56,0.004999999999999893,False,,57,-10.0,-8.0,0.3219280242919922,0.20000000298023224,False,False,1
111,layer3.conv2,element,5,"(9, 0, 28)",0,0.0,False,0.565,0.0,False,,17,2.5,-2.5,0.0,2.0,True,False,1
112,layer3.conv2,element,0,"(27, 17, 25)",0,0.0,False,0.565,0.0,False,,50,-3.0,-3.5,0.22239243984222412,0.1666666716337204,False,False,1
113,fc,element,0,"(43, 1, 27)",0,0.0,False,0.565,0.0,False,,56,-8.0,-10.0,0.3219280242919922,0.25,False,False,1
114,layer3.conv1,element,3,"(28, 5, 24)",0,0.0,False,0.565,0.0,False,,12,1.0,0.25,2.0,0.75,False,False,1
115,layer2.conv2,element,3,"(26, 0, 27)",3,0.015,True,0.565,0.0,False,,26,12.0,3.0,2.0,0.75,False,False,1
116,layer3.shortcut.0,element,1,"(45, 0, 17)",1,0.005,True,0.56,0.004999999999999893,False,,53,-5.0,-7.0,0.4854269027709961,0.4000000059604645,False,False,1
117,layer3.conv2,element,0,"(4, 17, 2)",0,0.0,False,0.565,0.0,False,,24,8.0,10.0,0.3219280242919922,0.25,False,False,1
118,layer3.conv2,element,5,"(12, 4, 9)",5,0.025,True,0.55,0.014999999999999902,False,,59,-14.0,14.0,0.0,2.0,True,False,1
119,layer3.conv2,element,0,"(40, 2, 2)",0,0.0,False,0.565,0.0,False,,20,4.0,5.0,0.3219280242919922,0.25,False,False,1
120,layer3.shortcut.0,element,1,"(47, 0, 4)",0,0.0,False,0.565,0.0,False,,10,0.75,0.5,0.5849624872207642,0.3333333432674408,False,False,1
121,fc,element,5,"(34, 0, 6)",1,0.005,True,0.57,-0.0050000000000000044,False,,55,-7.0,7.0,0.0,2.0,True,False,1
122,layer1.conv2,element,1,"(15, 0, 16)",1,0.005,True,0.56,0.004999999999999893,False,,53,-5.0,-7.0,0.4854269027709961,0.4000000059604645,False,False,1
123,layer3.conv2,element,2,"(57, 17, 31)",0,0.0,False,0.565,0.0,False,,15,1.75,0.875,1.0,0.5,False,False,1
124,layer3.conv2,element,4,"(43, 2, 27)",0,0.0,False,0.565,0.0,False,,46,-1.5,-24.0,4.0,15.0,False,False,1
125,layer3.conv1,element,4,"(32, 2, 0)",0,0.0,False,0.565,0.0,False,,24,8.0,0.5,4.0,0.9375,False,False,1
126,layer3.conv1,element,4,"(2, 5, 15)",0,0.0,False,0.565,0.0,False,,23,7.0,0.4375,4.0,0.9375,False,False,1
127,layer2.conv2,element,1,"(23, 4, 2)",1,0.005,True,0.565,0.0,False,,26,12.0,8.0,0.5849626064300537,0.3333333432674408,False,False,1
128,layer2.conv2,element,0,"(22, 6, 30)",0,0.0,False,0.565,0.0,False,,1,0.0625,0.0,inf,1.0,False,False,1
129,layer3.conv1,element,0,"(23, 0, 3)",0,0.0,False,0.565,0.0,False,,56,-8.0,-10.0,0.3219280242919922,0.25,False,False,1
130,layer3.shortcut.0,element,2,"(45, 0, 7)",0,0.0,False,0.565,0.0,False,,17,2.5,5.0,0.9999998807907104,1.0,False,False,1
131,layer3.conv2,element,1,"(9, 0, 28)",0,0.0,False,0.565,0.0,False,,17,2.5,3.5,0.48542678356170654,0.4000000059604645,False,False,1
132,layer3.conv1,element,3,"(51, 4, 3)",3,0.015,True,0.56,0.004999999999999893,False,,62,-24.0,-6.0,1.999999761581421,0.75,False,False,1
133,layer2.conv1,element,4,"(7, 0, 30)",1,0.005,True,0.565,0.0,False,,59,-14.0,-0.875,4.0,0.9375,False,False,1
134,layer3.conv2,element,2,"(36, 15, 30)",0,0.0,False,0.565,0.0,False,,42,-0.75,-1.5,1.0,1.0,False,False,1
135,layer3.conv2,element,0,"(56, 12, 9)",0,0.0,False,0.565,0.0,False,,25,10.0,8.0,0.3219280242919922,0.20000000298023224,False,False,1
136,fc,element,3,"(24, 1, 30)",0,0.0,False,0.565,0.0,False,,44,-1.0,-0.25,2.0,0.75,False,False,1
137,layer3.conv2,element,4,"(60, 1, 26)",2,0.01,True,0.565,0.0,False,,60,-16.0,-1.0,4.0,0.9375,False,False,1
138,layer3.conv2,element,4,"(4, 4, 10)",0,0.0,False,0.565,0.0,False,,60,-16.0,-1.0,4.0,0.9375,False,False,1
139,layer3.conv2,element,0,"(49, 2, 27)",0,0.0,False,0.565,0.0,False,,38,-0.375,-0.4375,0.22239243984222412,0.1666666716337204,False,False,1
140,layer3.conv2,element,5,"(43, 1, 4)",2,0.01,True,0.565,0.0,False,,59,-14.0,14.0,0.0,2.0,True,False,1
141,layer2.conv1,scale,1,"(29, 4)",46,0.23,True,0.525,0.039999999999999925,False,,120,120.0,122.0,2.0,inf,False,False,32
142,layer2.conv2,element,5,"(18, 3, 7)",1,0.005,True,0.565,0.0,False,,44,-1.0,1.0,0.0,2.0,True,False,1
143,layer3.conv2,element,0,"(2, 17, 26)",0,0.0,False,0.565,0.0,False,,49,-2.5,-2.0,0.32192814350128174,0.20000000298023224,False,False,1
144,layer3.conv1,element,4,"(15, 2, 26)",0,0.0,False,0.565,0.0,False,,24,8.0,0.5,4.0,0.9375,False,False,1
145,layer2.conv2,element,4,"(18, 7, 13)",8,0.04,True,0.55,0.014999999999999902,False,,29,20.0,1.25,4.0,0.9375,False,False,1
146,fc,element,5,"(2, 0, 29)",4,0.02,True,0.56,0.004999999999999893,False,,55,-7.0,7.0,0.0,2.0,True,False,1
147,layer3.conv2,element,0,"(0, 7, 13)",0,0.0,False,0.565,0.0,False,,52,-4.0,-5.0,0.3219280242919922,0.25,False,False,1
148,layer2.conv1,element,3,"(22, 0, 23)",4,0.02,True,0.555,0.009999999999999898,False,,59,-14.0,-3.5,2.0,0.75,False,False,1
149,layer3.conv2,element,5,"(42, 15, 26)",1,0.005,True,0.565,0.0,False,,20,4.0,-4.0,0.0,2.0,True,False,1
150,layer3.conv1,element,3,"(35, 8, 0)",1,0.005,True,0.56,0.004999999999999893,False,,59,-14.0,-3.5,2.0,0.75,False,False,1
151,layer3.conv1,element,4,"(29, 2, 29)",0,0.0,False,0.565,0.0,False,,21,5.0,0.3125,4.0,0.9375,False,False,1
152,layer3.shortcut.0,element,1,"(26, 0, 2)",0,0.0,False,0.565,0.0,False,,25,10.0,14.0,0.4854269027709961,0.4000000059604645,False,False,1
153,fc,scale,5,"(36, 0)",1,0.005,True,0.56,0.004999999999999893,False,,123,123.0,91.0,32.0,inf,False,False,32
154,layer3.conv2,element,2,"(5, 6, 11)",0,0.0,False,0.565,0.0,False,,48,-2.0,-4.0,1.0,1.0,False,False,1
155,layer3.conv2,element,3,"(12, 15, 30)",0,0.0,False,0.565,0.0,False,,60,-16.0,-4.0,2.0,0.75,False,False,1
156,layer3.conv2,element,1,"(2, 11, 18)",0,0.0,False,0.565,0.0,False,,25,10.0,14.0,0.4854269027709961,0.4000000059604645,False,False,1
157,layer3.conv2,element,5,"(26, 11, 22)",1,0.005,True,0.565,0.0,False,,21,5.0,-5.0,0.0,2.0,True,False,1
158,layer1.conv2,element,4,"(2, 1, 15)",6,0.03,True,0.56,0.004999999999999893,False,,60,-16.0,-1.0,4.0,0.9375,False,False,1
159,layer1.conv1,element,0,"(7, 1, 19)",0,0.0,False,0.565,0.0,False,,22,6.0,7.0,0.22239232063293457,0.1666666716337204,False,False,1
160,layer3.conv2,element,2,"(1, 17, 29)",0,0.0,False,0.565,0.0,False,,29,20.0,10.0,1.0,0.5,False,False,1
161,layer2.shortcut.0,element,0,"(24, 0, 6)",0,0.0,False,0.565,0.0,False,,63,-28.0,-24.0,0.22239255905151367,0.1428571492433548,False,False,1
162,layer3.conv2,element,4,"(49, 0, 17)",0,0.0,False,0.565,0.0,False,,25,10.0,0.625,4.0,0.9375,False,False,1
163,layer1.conv2,element,3,"(5, 3, 25)",13,0.065,True,0.56,0.004999999999999893,False,,28,16.0,4.0,2.0,0.75,False,False,1
164,layer2.conv1,element,2,"(23, 1, 2)",0,0.0,False,0.565,0.0,False,,20,4.0,2.0,1.0,0.5,False,False,1
165,layer3.conv1,element,4,"(58, 2, 19)",1,0.005,True,0.565,0.0,False,,57,-10.0,-0.625,4.0,0.9375,False,False,1
166,layer2.conv2,element,3,"(22, 1, 27)",0,0.0,False,0.565,0.0,False,,33,-0.0625,-0.625,3.321928024291992,9.0,False,False,1
167,layer2.conv1,element,2,"(29, 3, 30)",4,0.02,True,0.55,0.014999999999999902,False,,57,-10.0,-20.0,1.0,1.0,False,False,1
168,layer3.conv2,element,2,"(47, 6, 24)",2,0.01,True,0.565,0.0,False,,58,-12.0,-24.0,0.9999997615814209,1.0,False,False,1
169,layer3.conv2,element,0,"(28, 9, 31)",0,0.0,False,0.565,0.0,False,,21,5.0,4.0,0.3219280242919922,0.20000000298023224,False,False,1
170,layer3.conv2,element,1,"(32, 6, 2)",0,0.0,False,0.565,0.0,False,,43,-0.875,-0.625,0.4854268431663513,0.2857142984867096,False,False,1
171,layer3.conv1,element,4,"(17, 5, 9)",1,0.005,True,0.56,0.004999999999999893,False,,22,6.0,0.375,4.0,0.9375,False,False,1
172,layer3.conv1,element,0,"(38, 3, 30)",0,0.0,False,0.565,0.0,False,,28,16.0,20.0,0.3219280242919922,0.25,False,False,1
173,layer3.conv1,element,4,"(14, 7, 7)",0,0.0,False,0.565,0.0,False,,19,3.5,0.1875,4.2223920822143555,0.9464285969734192,False,False,1
174,layer3.conv1,element,0,"(49, 0, 19)",0,0.0,False,0.565,0.0,False,,53,-5.0,-4.0,0.3219280242919922,0.20000000298023224,False,False,1
175,layer3.conv2,element,2,"(57, 0, 23)",0,0.0,False,0.565,0.0,False,,58,-12.0,-24.0,0.9999997615814209,1.0,False,False,1
176,layer3.conv2,element,2,"(50, 2, 8)",1,0.005,True,0.56,0.004999999999999893,False,,57,-10.0,-20.0,1.0,1.0,False,False,1
177,layer3.conv2,element,4,"(63, 1, 31)",0,0.0,False,0.565,0.0,False,,27,14.0,0.875,4.0,0.9375,False,False,1
178,layer3.conv2,element,5,"(0, 13, 31)",1,0.005,True,0.56,0.004999999999999893,False,,59,-14.0,14.0,0.0,2.0,True,False,1
179,layer3.conv2,element,5,"(5, 7, 28)",1,0.005,True,0.56,0.004999999999999893,False,,26,12.0,-12.0,0.0,2.0,True,False,1
180,fc,element,0,"(1, 1, 8)",0,0.0,False,0.565,0.0,False,,61,-20.0,-16.0,0.3219280242919922,0.20000000298023224,False,False,1
181,fc,element,2,"(36, 0, 23)",0,0.0,False,0.565,0.0,False,,16,2.0,4.0,1.0,1.0,False,False,1
182,layer2.conv2,element,1,"(10, 8, 0)",0,0.0,False,0.565,0.0,False,,61,-20.0,-28.0,0.4854269027709961,0.4000000059604645,False,False,1
183,layer2.conv1,element,3,"(26, 0, 25)",0,0.0,False,0.565,0.0,False,,8,0.5,0.0,inf,1.0,False,False,1
184,layer3.conv1,element,5,"(52, 8, 22)",0,0.0,False,0.565,0.0,False,,15,1.75,-1.75,0.0,2.0,True,False,1
185,layer3.conv1,element,5,"(54, 6, 18)",8,0.04,True,0.56,0.004999999999999893,False,,60,-16.0,16.0,0.0,2.0,True,False,1
186,layer2.conv1,scale,7,"(15, 4)",200,1.0,True,0.0,0.565,True,,119,119.0,247.0,128.0,inf,False,False,32
187,layer3.conv1,element,2,"(59, 2, 31)",0,0.0,False,0.565,0.0,False,,24,8.0,16.0,1.0,1.0,False,False,1
188,layer3.conv2,element,3,"(27, 14, 14)",1,0.005,True,0.56,0.004999999999999893,False,,53,-5.0,-20.0,2.0,3.0,False,False,1
189,layer3.conv2,element,3,"(12, 15, 3)",0,0.0,False,0.565,0.0,False,,60,-16.0,-4.0,2.0,0.75,False,False,1
190,layer3.conv2,element,5,"(6, 2, 27)",3,0.015,True,0.56,0.004999999999999893,False,,61,-20.0,20.0,0.0,2.0,True,False,1
191,layer3.conv2,element,0,"(58, 2, 18)",0,0.0,False,0.565,0.0,False,,16,2.0,2.5,0.32192814350128174,0.25,False,False,1
192,layer3.conv2,element,2,"(14, 2, 27)",1,0.005,True,0.56,0.004999999999999893,False,,26,12.0,24.0,0.9999997615814209,1.0,False,False,1
193,layer3.conv2,element,5,"(5, 2, 17)",0,0.0,False,0.565,0.0,False,,12,1.0,-1.0,0.0,2.0,True,False,1
194,layer3.conv1,scale,3,"(52, 1)",183,0.915,True,0.055,0.5099999999999999,False,,119,119.0,127.0,8.0,inf,False,False,32
195,fc,scale,6,"(97, 0)",1,0.005,True,0.565,0.0,False,,123,123.0,59.0,64.0,inf,False,False,32
196,layer3.shortcut.0,element,0,"(49, 0, 26)",1,0.005,True,0.56,0.004999999999999893,False,,24,8.0,10.0,0.3219280242919922,0.25,False,False,1
197,layer3.conv2,element,5,"(56, 0, 10)",0,0.0,False,0.565,0.0,False,,52,-4.0,4.0,0.0,2.0,True,False,1
198,layer3.conv2,element,4,"(14, 12, 9)",3,0.015,True,0.555,0.009999999999999898,False,,15,1.75,28.0,4.0,15.0,False,False,1
199,layer3.conv2,element,5,"(31, 5, 30)",1,0.005,True,0.565,0.0,False,,24,8.0,-8.0,0.0,2.0,True,False,1
200,layer3.conv2,element,1,"(20, 0, 8)",0,0.0,False,0.565,0.0,False,,51,-3.5,-2.5,0.48542678356170654,0.2857142984867096,False,False,1
201,layer1.conv1,element,0,"(15, 4, 4)",0,0.0,False,0.565,0.0,False,,58,-12.0,-14.0,0.22239232063293457,0.1666666716337204,False,False,1
202,layer3.conv2,element,3,"(53, 6, 20)",0,0.0,False,0.565,0.0,False,,56,-8.0,-2.0,2.0,0.75,False,False,1
203,layer3.conv2,element,3,"(22, 13, 16)",1,0.005,True,0.56,0.004999999999999893,False,,48,-2.0,-8.0,2.0,3.0,False,False,1
204,layer1.conv1,element,4,"(15, 2, 11)",21,0.105,True,0.57,-0.0050000000000000044,False,,62,-24.0,-1.5,4.0,0.9375,False,False,1
205,layer3.conv2,element,3,"(45, 2, 5)",0,0.0,False,0.565,0.0,False,,16,2.0,8.0,2.0,3.0,False,False,1
206,layer2.conv1,element,0,"(10, 1, 11)",1,0.005,True,0.56,0.004999999999999893,False,,24,8.0,10.0,0.3219280242919922,0.25,False,False,1
207,layer3.conv1,element,4,"(20, 3, 19)",0,0.0,False,0.565,0.0,False,,60,-16.0,-1.0,4.0,0.9375,False,False,1
208,layer3.shortcut.0,element,4,"(52, 0, 9)",2,0.01,True,0.555,0.009999999999999898,False,,13,1.25,20.0,4.0,15.0,False,False,1
209,fc,element,1,"(65, 0, 12)",0,0.0,False,0.565,0.0,False,,15,1.75,1.25,0.4854268431663513,0.2857142984867096,False,False,1
210,layer3.conv2,element,2,"(63, 3, 1)",0,0.0,False,0.565,0.0,False,,60,-16.0,-8.0,1.0,0.5,False,False,1
211,layer1.conv2,element,0,"(4, 1, 18)",2,0.01,True,0.56,0.004999999999999893,False,,30,24.0,28.0,0.22239255905151367,0.1666666716337204,False,False,1
212,layer2.conv1,element,0,"(31, 4, 2)",0,0.0,False,0.565,0.0,False,,25,10.0,8.0,0.3219280242919922,0.20000000298023224,False,False,1
213,layer3.conv1,element,5,"(29, 1, 30)",2,0.01,True,0.56,0.004999999999999893,False,,59,-14.0,14.0,0.0,2.0,True,False,1
214,layer3.conv2,element,2,"(21, 4, 8)",1,0.005,True,0.56,0.004999999999999893,False,,58,-12.0,-24.0,0.9999997615814209,1.0,False,False,1
215,layer3.conv2,scale,7,"(35, 17)",200,1.0,True,0.0,0.565,True,,121,121.0,249.0,128.0,inf,False,False,32
216,layer3.conv1,element,0,"(38, 6, 31)",0,0.0,False,0.565,0.0,False,,52,-4.0,-5.0,0.3219280242919922,0.25,False,False,1
217,layer1.conv2,element,4,"(9, 2, 8)",3,0.015,True,0.57,-0.0050000000000000044,False,,57,-10.0,-0.625,4.0,0.9375,False,False,1
218,layer3.conv2,element,3,"(42, 9, 28)",0,0.0,False,0.565,0.0,False,,25,10.0,2.5,1.9999998807907104,0.75,False,False,1
219,layer3.conv2,element,2,"(11, 16, 0)",0,0.0,False,0.565,0.0,False,,21,5.0,2.5,0.9999998807907104,0.5,False,False,1
220,layer3.conv1,element,0,"(2, 5, 30)",0,0.0,False,0.565,0.0,False,,24,8.0,10.0,0.3219280242919922,0.25,False,False,1
221,fc,element,0,"(20, 0, 0)",0,0.0,False,0.565,0.0,False,,26,12.0,14.0,0.22239232063293457,0.1666666716337204,False,False,1
222,fc,element,2,"(91, 1, 2)",1,0.005,True,0.56,0.004999999999999893,False,,30,24.0,12.0,0.9999997615814209,0.5,False,False,1
223,layer2.conv2,element,2,"(9, 3, 22)",0,0.0,False,0.565,0.0,False,,12,1.0,0.5,1.0,0.5,False,False,1
224,layer2.conv2,element,1,"(15, 2, 24)",0,0.0,False,0.565,0.0,False,,19,3.5,2.5,0.48542678356170654,0.2857142984867096,False,False,1
225,layer3.conv2,scale,7,"(57, 2)",200,1.0,True,0.0,0.565,True,,122,122.0,250.0,128.0,inf,False,False,32
226,layer3.conv2,element,0,"(25, 13, 2)",0,0.0,False,0.565,0.0,False,,27,14.0,12.0,0.22239232063293457,0.1428571492433548,False,False,1
227,layer2.conv2,element,5,"(6, 3, 2)",4,0.02,True,0.56,0.004999999999999893,False,,61,-20.0,20.0,0.0,2.0,True,False,1
228,layer3.conv2,element,2,"(32, 13, 29)",2,0.01,True,0.555,0.009999999999999898,False,,26,12.0,24.0,0.9999997615814209,1.0,False,False,1
229,layer3.conv2,element,5,"(29, 6, 5)",0,0.0,False,0.565,0.0,False,,55,-7.0,7.0,0.0,2.0,True,False,1
230,layer2.conv2,element,0,"(20, 2, 25)",0,0.0,False,0.565,0.0,False,,15,1.75,1.5,0.22239243984222412,0.1428571492433548,False,False,1
231,layer3.conv1,element,5,"(60, 5, 0)",0,0.0,False,0.565,0.0,False,,12,1.0,-1.0,0.0,2.0,True,False,1
232,layer3.conv2,element,2,"(4, 0, 12)",0,0.0,False,0.565,0.0,False,,56,-8.0,-16.0,1.0,1.0,False,False,1
233,layer3.conv1,element,5,"(57, 3, 29)",0,0.0,False,0.565,0.0,False,,48,-2.0,2.0,0.0,2.0,True,False,1
234,layer3.conv1,scale,7,"(40, 7)",189,0.945,True,0.035,0.5299999999999999,True,,119,119.0,247.0,128.0,inf,False,False,32
235,layer3.conv2,element,4,"(31, 8, 9)",1,0.005,True,0.565,0.0,False,,25,10.0,0.625,4.0,0.9375,False,False,1
236,fc,element,4,"(18, 0, 10)",1,0.005,True,0.56,0.004999999999999893,False,,55,-7.0,-0.4375,4.0,0.9375,False,False,1
237,layer3.conv2,element,2,"(6, 13, 17)",0,0.0,False,0.565,0.0,False,,15,1.75,0.875,1.0,0.5,False,False,1
238,layer2.conv1,element,1,"(13, 2, 16)",0,0.0,False,0.565,0.0,False,,46,-1.5,-1.0,0.5849624872207642,0.3333333432674408,False,False,1
239,layer3.conv1,element,4,"(25, 6, 20)",0,0.0,False,0.565,0.0,False,,54,-6.0,-0.375,4.0,0.9375,False,False,1
240,layer3.conv2,element,4,"(10, 12, 21)",2,0.01,True,0.565,0.0,False,,12,1.0,16.0,4.0,15.0,False,False,1
241,layer3.conv2,element,1,"(49, 2, 3)",4,0.02,True,0.555,0.009999999999999898,False,,29,20.0,28.0,0.4854269027709961,0.4000000059604645,False,False,1
242,layer3.conv1,element,4,"(54, 5, 0)",0,0.0,False,0.565,0.0,False,,20,4.0,0.25,4.0,0.9375,False,False,1
243,layer3.conv2,element,2,"(18, 16, 21)",1,0.005,True,0.56,0.004999999999999893,False,,61,-20.0,-10.0,1.0,0.5,False,False,1
244,layer2.conv2,element,4,"(1, 6, 7)",9,0.045,True,0.555,0.009999999999999898,False,,62,-24.0,-1.5,4.0,0.9375,False,False,1
245,layer3.conv2,element,5,"(43, 11, 20)",0,0.0,False,0.565,0.0,False,,54,-6.0,6.0,0.0,2.0,True,False,1
246,fc,element,5,"(13, 0, 3)",0,0.0,False,0.565,0.0,False,,52,-4.0,4.0,0.0,2.0,True,False,1
247,layer2.conv2,element,2,"(16, 5, 24)",1,0.005,True,0.57,-0.0050000000000000044,False,,23,7.0,3.5,1.0,0.5,False,False,1
248,layer3.conv2,element,0,"(53, 16, 24)",0,0.0,False,0.565,0.0,False,,53,-5.0,-4.0,0.3219280242919922,0.20000000298023224,False,False,1
249,layer3.conv2,element,4,"(22, 0, 10)",0,0.0,False,0.565,0.0,False,,49,-2.5,-0.0625,5.321928024291992,0.9750000238418579,False,False,1
250,layer3.conv2,element,2,"(47, 12, 23)",0,0.0,False,0.565,0.0,False,,23,7.0,3.5,1.0,0.5,False,False,1
251,layer3.conv1,element,5,"(63, 5, 15)",0,0.0,False,0.565,0.0,False,,40,-0.5,0.5,0.0,2.0,True,False,1
252,layer3.conv2,element,0,"(45, 10, 10)",0,0.0,False,0.565,0.0,False,,50,-3.0,-3.5,0.22239243984222412,0.1666666716337204,False,False,1
253,layer3.conv1,element,4,"(39, 0, 13)",0,0.0,False,0.565,0.0,False,,26,12.0,0.75,4.0,0.9375,False,False,1
254,layer3.conv1,element,1,"(11, 3, 20)",0,0.0,False,0.565,0.0,False,,56,-8.0,-12.0,0.5849626064300537,0.5,False,False,1
255,layer3.conv2,element,5,"(59, 4, 22)",0,0.0,False,0.565,0.0,False,,38,-0.375,0.375,0.0,2.0,True,False,1
256,layer3.conv2,element,1,"(52, 7, 12)",0,0.0,False,0.565,0.0,False,,59,-14.0,-10.0,0.4854269027709961,0.2857142984867096,False,False,1
257,layer3.conv1,element,5,"(42, 3, 15)",0,0.0,False,0.565,0.0,False,,33,-0.0625,0.0625,0.0,2.0,True,False,1
258,layer2.shortcut.0,element,2,"(26, 0, 9)",9,0.045,True,0.565,0.0,False,,26,12.0,24.0,0.9999997615814209,1.0,False,False,1
259,layer3.conv1,element,4,"(47, 7, 19)",0,0.0,False,0.565,0.0,False,,17,2.5,0.0625,5.321928024291992,0.9750000238418579,False,False,1
260,layer3.conv2,element,5,"(17, 15, 3)",0,0.0,False,0.565,0.0,False,,17,2.5,-2.5,0.0,2.0,True,False,1
261,layer3.conv2,element,5,"(28, 13, 12)",0,0.0,False,0.565,0.0,False,,19,3.5,-3.5,0.0,2.0,True,False,1
262,layer3.conv1,element,2,"(39, 6, 20)",0,0.0,False,0.565,0.0,False,,51,-3.5,-7.0,1.0,1.0,False,False,1
263,layer3.conv1,element,2,"(4, 7, 13)",3,0.015,True,0.555,0.009999999999999898,False,,59,-14.0,-28.0,1.0,1.0,False,False,1
264,fc,element,0,"(93, 1, 30)",2,0.01,True,0.56,0.004999999999999893,False,,57,-10.0,-8.0,0.3219280242919922,0.20000000298023224,False,False,1
265,layer3.conv2,element,0,"(29, 11, 15)",0,0.0,False,0.565,0.0,False,,54,-6.0,-7.0,0.22239232063293457,0.1666666716337204,False,False,1
266,fc,element,1,"(14, 1, 13)",1,0.005,True,0.56,0.004999999999999893,False,,28,16.0,24.0,0.5849623680114746,0.5,False,False,1
267,layer3.conv1,element,2,"(48, 3, 4)",0,0.0,False,0.565,0.0,False,,54,-6.0,-3.0,1.0000001192092896,0.5,False,False,1
268,layer3.conv2,element,4,"(5, 12, 6)",0,0.0,False,0.565,0.0,False,,57,-10.0,-0.625,4.0,0.9375,False,False,1
269,layer3.conv1,element,2,"(0, 8, 28)",0,0.0,False,0.565,0.0,False,,19,3.5,7.0,1.0,1.0,False,False,1
270,layer3.conv1,element,5,"(0, 2, 6)",8,0.04,True,0.56,0.004999999999999893,False,,60,-16.0,16.0,0.0,2.0,True,False,1
271,layer3.conv2,element,3,"(49, 10, 12)",0,0.0,False,0.565,0.0,False,,53,-5.0,-20.0,2.0,3.0,False,False,1
272,layer2.conv1,element,0,"(15, 2, 13)",4,0.02,True,0.565,0.0,False,,25,10.0,8.0,0.3219280242919922,0.20000000298023224,False,False,1
273,layer1.conv1,element,0,"(3, 0, 19)",0,0.0,False,0.565,0.0,False,,17,2.5,2.0,0.32192814350128174,0.20000000298023224,False,False,1
274,layer3.conv1,element,2,"(46, 0, 10)",1,0.005,True,0.56,0.004999999999999893,False,,60,-16.0,-8.0,1.0,0.5,False,False,1
275,layer1.conv1,element,2,"(3, 0, 27)",1,0.005,True,0.565,0.0,False,,53,-5.0,-2.5,0.9999998807907104,0.5,False,False,1
276,layer3.conv2,element,2,"(31, 8, 27)",0,0.0,False,0.565,0.0,False,,62,-24.0,-12.0,0.9999997615814209,0.5,False,False,1
277,layer2.conv2,element,3,"(19, 5, 28)",11,0.055,True,0.57,-0.0050000000000000044,False,,30,24.0,6.0,1.999999761581421,0.75,False,False,1
278,layer2.conv1,element,5,"(21, 4, 13)",8,0.04,True,0.55,0.014999999999999902,False,,30,24.0,-24.0,0.0,2.0,True,False,1
279,fc,scale,4,"(32, 1)",1,0.005,True,0.57,-0.0050000000000000044,False,,123,123.0,107.0,16.0,inf,False,False,32
280,layer3.conv2,scale,6,"(48, 15)",10,0.05,True,0.555,0.009999999999999898,False,,122,122.0,58.0,64.0,inf,False,False,32
281,layer3.conv2,element,1,"(63, 8, 15)",0,0.0,False,0.565,0.0,False,,29,20.0,28.0,0.4854269027709961,0.4000000059604645,False,False,1
282,layer3.conv2,element,0,"(20, 8, 18)",0,0.0,False,0.565,0.0,False,,55,-7.0,-6.0,0.22239232063293457,0.1428571492433548,False,False,1
283,layer2.shortcut.0,element,0,"(8, 0, 10)",0,0.0,False,0.565,0.0,False,,40,-0.5,-0.625,0.32192808389663696,0.25,False,False,1
284,layer3.conv2,element,5,"(62, 0, 13)",1,0.005,True,0.56,0.004999999999999893,False,,23,7.0,-7.0,0.0,2.0,True,False,1
285,layer3.conv1,element,4,"(37, 4, 31)",1,0.005,True,0.565,0.0,False,,25,10.0,0.625,4.0,0.9375,False,False,1
286,fc,element,3,"(27, 1, 4)",1,0.005,True,0.56,0.004999999999999893,False,,49,-2.5,-10.0,1.9999998807907104,3.0,False,False,1
287,layer2.conv2,element,1,"(16, 2, 0)",0,0.0,False,0.565,0.0,False,,24,8.0,12.0,0.5849626064300537,0.5,False,False,1
288,layer2.conv1,element,2,"(1, 1, 23)",4,0.02,True,0.55,0.014999999999999902,False,,57,-10.0,-20.0,1.0,1.0,False,False,1
289,layer3.conv2,element,5,"(34, 10, 7)",3,0.015,True,0.555,0.009999999999999898,False,,54,-6.0,6.0,0.0,2.0,True,False,1
290,layer3.conv2,element,5,"(1, 6, 31)",3,0.015,True,0.565,0.0,False,,57,-10.0,10.0,0.0,2.0,True,False,1
291,fc,element,1,"(75, 1, 12)",0,0.0,False,0.565,0.0,False,,18,3.0,2.0,0.5849624872207642,0.3333333432674408,False,False,1
292,fc,element,3,"(15, 0, 14)",0,0.0,False,0.565,0.0,False,,3,0.1875,0.875,2.2223923206329346,3.6666667461395264,False,False,1
293,layer2.conv1,element,0,"(9, 0, 22)",0,0.0,False,0.565,0.0,False,,52,-4.0,-5.0,0.3219280242919922,0.25,False,False,1
294,layer3.conv1,element,3,"(25, 7, 11)",0,0.0,False,0.565,0.0,False,,20,4.0,16.0,2.0,3.0,False,False,1
295,layer3.conv2,element,0,"(17, 12, 17)",0,0.0,False,0.565,0.0,False,,25,10.0,8.0,0.3219280242919922,0.20000000298023224,False,False,1
296,fc,element,5,"(3, 1, 27)",0,0.0,False,0.565,0.0,False,,49,-2.5,2.5,0.0,2.0,True,False,1
297,layer3.conv2,element,0,"(29, 3, 0)",0,0.0,False,0.565,0.0,False,,59,-14.0,-12.0,0.22239232063293457,0.1428571492433548,False,False,1
298,layer3.conv2,element,1,"(22, 3, 9)",0,0.0,False,0.565,0.0,False,,29,20.0,28.0,0.4854269027709961,0.4000000059604645,False,False,1
299,layer3.conv2,element,2,"(46, 14, 16)",1,0.005,True,0.565,0.0,False,,57,-10.0,-20.0,1.0,1.0,False,False,1
300,layer3.conv2,element,4,"(42, 4, 23)",0,0.0,False,0.565,0.0,False,,46,-1.5,-24.0,4.0,15.0,False,False,1
301,layer3.conv1,element,2,"(4, 4, 4)",0,0.0,False,0.565,0.0,False,,25,10.0,20.0,1.0,1.0,False,False,1
302,layer3.conv2,element,5,"(1, 2, 18)",2,0.01,True,0.555,0.009999999999999898,False,,53,-5.0,5.0,0.0,2.0,True,False,1
303,layer3.conv2,element,4,"(40, 2, 8)",0,0.0,False,0.565,0.0,False,,19,3.5,0.1875,4.2223920822143555,0.9464285969734192,False,False,1
304,layer3.conv2,element,5,"(27, 12, 1)",7,0.035,True,0.555,0.009999999999999898,False,,28,16.0,-16.0,0.0,2.0,True,False,1
305,layer3.conv2,element,3,"(0, 2, 7)",1,0.005,True,0.56,0.004999999999999893,False,,25,10.0,2.5,1.9999998807907104,0.75,False,False,1
306,layer3.conv2,element,2,"(41, 17, 6)",0,0.0,False,0.565,0.0,False,,15,1.75,0.875,1.0,0.5,False,False,1
307,layer3.conv2,element,1,"(37, 13, 24)",0,0.0,False,0.565,0.0,False,,28,16.0,24.0,0.5849623680114746,0.5,False,False,1
308,layer3.conv1,element,0,"(9, 3, 1)",0,0.0,False,0.565,0.0,False,,58,-12.0,-14.0,0.22239232063293457,0.1666666716337204,False,False,1
309,layer3.conv2,scale,0,"(44, 12)",1,0.005,True,0.56,0.004999999999999893,False,,121,121.0,120.0,1.0,inf,False,False,32
310,layer3.conv2,element,3,"(10, 13, 2)",5,0.025,True,0.545,0.019999999999999907,False,,27,14.0,3.5,2.0,0.75,False,False,1
311,layer2.conv2,element,1,"(14, 2, 31)",0,0.0,False,0.565,0.0,False,,62,-24.0,-16.0,0.5849623680114746,0.3333333432674408,False,False,1
312,layer3.conv2,element,1,"(5, 8, 13)",0,0.0,False,0.565,0.0,False,,22,6.0,4.0,0.5849626064300537,0.3333333432674408,False,False,1
313,layer3.conv2,element,1,"(28, 5, 20)",0,0.0,False,0.565,0.0,False,,5,0.3125,0.4375,0.48542678356170654,0.4000000059604645,False,False,1
314,layer2.conv2,element,2,"(18, 8, 3)",5,0.025,True,0.57,-0.0050000000000000044,False,,57,-10.0,-20.0,1.0,1.0,False,False,1
315,layer3.conv2,element,3,"(33, 1, 7)",0,0.0,False,0.565,0.0,False,,14,1.5,0.375,2.0,0.75,False,False,1
316,layer3.conv2,element,1,"(37, 5, 8)",1,0.005,True,0.56,0.004999999999999893,False,,25,10.0,14.0,0.4854269027709961,0.4000000059604645,False,False,1
317,layer3.conv2,element,2,"(63, 7, 19)",0,0.0,False,0.565,0.0,False,,49,-2.5,-5.0,0.9999998807907104,1.0,False,False,1
318,layer3.conv1,element,3,"(23, 3, 29)",1,0.005,True,0.565,0.0,False,,56,-8.0,-2.0,2.0,0.75,False,False,1
319,layer3.conv1,element,4,"(7, 1, 8)",6,0.03,True,0.555,0.009999999999999898,False,,15,1.75,28.0,4.0,15.0,False,False,1
320,layer3.conv1,element,3,"(43, 5, 9)",1,0.005,True,0.56,0.004999999999999893,False,,58,-12.0,-3.0,2.0,0.75,False,False,1
321,layer3.conv2,element,4,"(17, 12, 25)",1,0.005,True,0.565,0.0,False,,29,20.0,1.25,4.0,0.9375,False,False,1
322,layer3.conv2,element,4,"(21, 15, 11)",0,0.0,False,0.565,0.0,False,,49,-2.5,-0.0625,5.321928024291992,0.9750000238418579,False,False,1
323,layer3.conv1,element,1,"(18, 1, 1)",0,0.0,False,0.565,0.0,False,,25,10.0,14.0,0.4854269027709961,0.4000000059604645,False,False,1
324,layer3.conv2,element,0,"(11, 2, 10)",0,0.0,False,0.565,0.0,False,,51,-3.5,-3.0,0.22239243984222412,0.1428571492433548,False,False,1
325,layer1.conv2,element,5,"(8, 1, 29)",0,0.0,False,0.565,0.0,False,,49,-2.5,2.5,0.0,2.0,True,False,1
326,layer3.conv2,element,0,"(23, 2, 19)",0,0.0,False,0.565,0.0,False,,51,-3.5,-3.0,0.22239243984222412,0.1428571492433548,False,False,1
327,layer3.conv1,element,1,"(49, 1, 6)",0,0.0,False,0.565,0.0,False,,52,-4.0,-6.0,0.5849626064300537,0.5,False,False,1
328,layer3.conv2,element,4,"(3, 1, 8)",0,0.0,False,0.565,0.0,False,,25,10.0,0.625,4.0,0.9375,False,False,1
329,layer3.conv2,element,0,"(44, 0, 28)",0,0.0,False,0.565,0.0,False,,46,-1.5,-1.75,0.22239243984222412,0.1666666716337204,False,False,1
330,layer3.conv2,element,0,"(55, 8, 30)",0,0.0,False,0.565,0.0,False,,19,3.5,3.0,0.22239243984222412,0.1428571492433548,False,False,1
331,layer3.conv1,element,2,"(49, 5, 4)",0,0.0,False,0.565,0.0,False,,1,0.0625,0.3125,2.321928024291992,4.0,False,False,1
332,layer3.conv1,element,1,"(28, 1, 11)",1,0.005,True,0.57,-0.0050000000000000044,False,,60,-16.0,-24.0,0.5849623680114746,0.5,False,False,1
333,layer3.conv2,element,0,"(53, 6, 14)",0,0.0,False,0.565,0.0,False,,59,-14.0,-12.0,0.22239232063293457,0.1428571492433548,False,False,1
334,layer3.conv2,element,0,"(23, 17, 24)",0,0.0,False,0.565,0.0,False,,51,-3.5,-3.0,0.22239243984222412,0.1428571492433548,False,False,1
335,layer3.conv1,element,2,"(53, 7, 13)",0,0.0,False,0.565,0.0,False,,20,4.0,2.0,1.0,0.5,False,False,1
336,layer2.conv1,element,3,"(22, 3, 14)",2,0.01,True,0.56,0.004999999999999893,False,,25,10.0,2.5,1.9999998807907104,0.75,False,False,1
337,fc,element,0,"(18, 1, 20)",0,0.0,False,0.565,0.0,False,,24,8.0,10.0,0.3219280242919922,0.25,False,False,1
338,fc,element,2,"(28, 1, 26)",0,0.0,False,0.565,0.0,False,,57,-10.0,-20.0,1.0,1.0,False,False,1
339,layer3.conv1,element,2,"(22, 2, 20)",1,0.005,True,0.56,0.004999999999999893,False,,24,8.0,16.0,1.0,1.0,False,False,1
340,layer3.conv2,element,0,"(11, 7, 22)",0,0.0,False,0.565,0.0,False,,57,-10.0,-8.0,0.3219280242919922,0.20000000298023224,False,False,1
341,layer3.conv2,element,0,"(37, 13, 25)",0,0.0,False,0.565,0.0,False,,16,2.0,2.5,0.32192814350128174,0.25,False,False,1
342,layer3.conv1,element,3,"(56, 8, 26)",3,0.015,True,0.565,0.0,False,,53,-5.0,-20.0,2.0,3.0,False,False,1
343,layer3.conv2,element,3,"(43, 14, 19)",0,0.0,False,0.565,0.0,False,,51,-3.5,-14.0,2.0,3.0,False,False,1
344,layer3.conv1,element,0,"(28, 0, 14)",0,0.0,False,0.565,0.0,False,,48,-2.0,-2.5,0.32192814350128174,0.25,False,False,1
345,layer3.conv1,element,0,"(55, 2, 18)",0,0.0,False,0.565,0.0,False,,41,-0.625,-0.5,0.32192808389663696,0.20000000298023224,False,False,1
346,layer3.conv1,element,5,"(19, 5, 19)",0,0.0,False,0.565,0.0,False,,0,0.0,-0.0,inf,0.0,True,False,1
347,layer3.conv2,element,2,"(36, 14, 27)",0,0.0,False,0.565,0.0,False,,15,1.75,0.875,1.0,0.5,False,False,1
348,fc,element,0,"(53, 0, 31)",0,0.0,False,0.565,0.0,False,,56,-8.0,-10.0,0.3219280242919922,0.25,False,False,1
349,layer3.conv2,element,0,"(2, 4, 29)",0,0.0,False,0.565,0.0,False,,59,-14.0,-12.0,0.22239232063293457,0.1428571492433548,False,False,1
350,layer2.shortcut.0,element,2,"(23, 0, 1)",14,0.07,True,0.55,0.014999999999999902,False,,62,-24.0,-12.0,0.9999997615814209,0.5,False,False,1
351,layer3.conv1,element,0,"(36, 0, 30)",0,0.0,False,0.565,0.0,False,,17,2.5,2.0,0.32192814350128174,0.20000000298023224,False,False,1
352,layer3.conv1,element,1,"(31, 6, 2)",0,0.0,False,0.565,0.0,False,,23,7.0,5.0,0.4854269027709961,0.2857142984867096,False,False,1
353,layer3.conv2,element,4,"(53, 14, 12)",3,0.015,True,0.555,0.009999999999999898,False,,57,-10.0,-0.625,4.0,0.9375,False,False,1
354,layer3.conv1,element,4,"(62, 1, 3)",0,0.0,False,0.565,0.0,False,,29,20.0,1.25,4.0,0.9375,False,False,1
355,layer1.conv1,element,1,"(3, 0, 25)",0,0.0,False,0.565,0.0,False,,49,-2.5,-3.5,0.48542678356170654,0.4000000059604645,False,False,1
356,layer2.conv2,element,0,"(2, 3, 20)",2,0.01,True,0.555,0.009999999999999898,False,,63,-28.0,-24.0,0.22239255905151367,0.1428571492433548,False,False,1
357,layer3.conv2,element,1,"(13, 11, 12)",0,0.0,False,0.565,0.0,False,,54,-6.0,-4.0,0.5849626064300537,0.3333333432674408,False,False,1
358,layer3.conv2,element,2,"(23, 16, 13)",1,0.005,True,0.57,-0.0050000000000000044,False,,25,10.0,20.0,1.0,1.0,False,False,1
359,layer2.conv1,element,0,"(1, 1, 9)",2,0.01,True,0.57,-0.0050000000000000044,False,,24,8.0,10.0,0.3219280242919922,0.25,False,False,1
360,layer3.conv1,element,2,"(49, 5, 6)",2,0.01,True,0.56,0.004999999999999893,False,,22,6.0,3.0,1.0000001192092896,0.5,False,False,1
361,layer3.conv2,element,5,"(58, 9, 14)",1,0.005,True,0.56,0.004999999999999893,False,,53,-5.0,5.0,0.0,2.0,True,False,1
362,layer3.shortcut.0,scale,3,"(12, 0)",22,0.11,True,0.53,0.03499999999999992,False,,122,122.0,114.0,8.0,inf,False,False,32
363,layer3.conv1,element,3,"(46, 8, 30)",2,0.01,True,0.56,0.004999999999999893,False,,50,-3.0,-12.0,2.0,3.0,False,False,1
364,layer2.conv2,element,4,"(9, 2, 30)",0,0.0,False,0.565,0.0,False,,24,8.0,0.5,4.0,0.9375,False,False,1
365,layer3.conv2,element,4,"(4, 17, 19)",1,0.005,True,0.565,0.0,False,,22,6.0,0.375,4.0,0.9375,False,False,1
366,layer2.conv2,element,1,"(23, 6, 1)",1,0.005,True,0.565,0.0,False,,26,12.0,8.0,0.5849626064300537,0.3333333432674408,False,False,1
367,layer3.conv1,element,5,"(32, 8, 4)",0,0.0,False,0.565,0.0,False,,23,7.0,-7.0,0.0,2.0,True,False,1
368,layer1.conv2,element,0,"(10, 0, 7)",0,0.0,False,0.565,0.0,False,,45,-1.25,-1.0,0.32192808389663696,0.20000000298023224,False,False,1
369,layer3.conv2,element,3,"(11, 5, 15)",2,0.01,True,0.565,0.0,False,,60,-16.0,-4.0,2.0,0.75,False,False,1
370,layer3.conv2,element,0,"(15, 17, 28)",0,0.0,False,0.565,0.0,False,,12,1.0,1.25,0.32192808389663696,0.25,False,False,1
371,layer3.conv1,scale,0,"(2, 3)",4,0.02,True,0.56,0.004999999999999893,False,,119,119.0,118.0,1.0,inf,False,False,32
372,layer3.conv2,element,5,"(41, 6, 8)",1,0.005,True,0.565,0.0,False,,59,-14.0,14.0,0.0,2.0,True,False,1
373,layer2.conv1,element,1,"(27, 1, 5)",3,0.015,True,0.56,0.004999999999999893,False,,61,-20.0,-28.0,0.4854269027709961,0.4000000059604645,False,False,1
374,layer2.conv2,element,2,"(20, 1, 18)",0,0.0,False,0.565,0.0,False,,22,6.0,3.0,1.0000001192092896,0.5,False,False,1
375,layer3.conv2,element,3,"(2, 9, 2)",0,0.0,False,0.565,0.0,False,,49,-2.5,-10.0,1.9999998807907104,3.0,False,False,1
376,layer3.conv1,element,0,"(21, 4, 27)",0,0.0,False,0.565,0.0,False,,59,-14.0,-12.0,0.22239232063293457,0.1428571492433548,False,False,1
377,layer3.conv2,element,1,"(43, 8, 2)",0,0.0,False,0.565,0.0,False,,14,1.5,1.0,0.5849624872207642,0.3333333432674408,False,False,1
378,layer2.conv2,element,0,"(6, 2, 1)",0,0.0,False,0.565,0.0,False,,34,-0.125,-0.1875,0.5849626064300537,0.5,False,False,1
379,layer2.conv2,element,3,"(7, 2, 31)",3,0.015,True,0.56,0.004999999999999893,False,,52,-4.0,-16.0,2.0,3.0,False,False,1
380,layer3.shortcut.0,element,3,"(15, 0, 1)",0,0.0,False,0.565,0.0,False,,60,-16.0,-4.0,2.0,0.75,False,False,1
381,layer3.conv1,element,3,"(61, 5, 9)",4,0.02,True,0.565,0.0,False,,30,24.0,6.0,1.999999761581421,0.75,False,False,1
382,layer3.conv1,element,3,"(49, 2, 12)",6,0.03,True,0.555,0.009999999999999898,False,,51,-3.5,-14.0,2.0,3.0,False,False,1
383,layer2.conv2,element,3,"(10, 1, 14)",0,0.0,False,0.565,0.0,False,,58,-12.0,-3.0,2.0,0.75,False,False,1
384,layer3.conv1,element,3,"(52, 6, 29)",1,0.005,True,0.565,0.0,False,,26,12.0,3.0,2.0,0.75,False,False,1
385,layer2.conv2,element,3,"(27, 0, 3)",1,0.005,True,0.565,0.0,False,,24,8.0,2.0,2.0,0.75,False,False,1
386,layer3.conv2,element,2,"(6, 5, 23)",0,0.0,False,0.565,0.0,False,,52,-4.0,-2.0,1.0,0.5,False,False,1
387,layer3.conv2,element,0,"(26, 0, 25)",0,0.0,False,0.565,0.0,False,,51,-3.5,-3.0,0.22239243984222412,0.1428571492433548,False,False,1
388,layer3.conv1,element,5,"(17, 6, 20)",2,0.01,True,0.565,0.0,False,,59,-14.0,14.0,0.0,2.0,True,False,1
389,layer1.conv2,element,0,"(7, 2, 26)",0,0.0,False,0.565,0.0,False,,62,-24.0,-28.0,0.22239255905151367,0.1666666716337204,False,False,1
390,layer3.conv2,element,4,"(18, 6, 20)",2,0.01,True,0.555,0.009999999999999898,False,,61,-20.0,-1.25,4.0,0.9375,False,False,1
391,layer3.conv1,element,0,"(52, 6, 12)",0,0.0,False,0.565,0.0,False,,3,0.1875,0.125,0.5849626064300537,0.3333333432674408,False,False,1
392,layer3.shortcut.0,element,4,"(44, 0, 10)",4,0.02,True,0.55,0.014999999999999902,False,,11,0.875,14.0,4.0,15.0,False,False,1
393,layer3.conv2,element,0,"(4, 5, 25)",0,0.0,False,0.565,0.0,False,,56,-8.0,-10.0,0.3219280242919922,0.25,False,False,1
394,layer3.conv1,element,2,"(42, 5, 18)",0,0.0,False,0.565,0.0,False,,5,0.3125,0.0625,2.321928024291992,0.800000011920929,False,False,1
395,layer3.conv1,element,2,"(25, 1, 1)",0,0.0,False,0.565,0.0,False,,50,-3.0,-6.0,1.0000001192092896,1.0,False,False,1
396,layer3.conv2,element,1,"(14, 10, 13)",0,0.0,False,0.565,0.0,False,,25,10.0,14.0,0.4854269027709961,0.4000000059604645,False,False,1
397,layer1.conv1,element,1,"(11, 4, 14)",0,0.0,False,0.565,0.0,False,,6,0.375,0.25,0.5849624872207642,0.3333333432674408,False,False,1
398,layer3.conv2,element,0,"(53, 16, 20)",0,0.0,False,0.565,0.0,False,,28,16.0,20.0,0.3219280242919922,0.25,False,False,1
399,layer3.conv2,element,5,"(19, 6, 29)",0,0.0,False,0.565,0.0,False,,16,2.0,-2.0,0.0,2.0,True,False,1
400,layer3.conv1,element,2,"(48, 7, 17)",3,0.015,True,0.56,0.004999999999999893,False,,63,-28.0,-14.0,1.0,0.5,False,False,1
401,layer3.conv2,element,2,"(5, 2, 3)",0,0.0,False,0.565,0.0,False,,48,-2.0,-4.0,1.0,1.0,False,False,1
402,fc,element,3,"(78, 1, 5)",0,0.0,False,0.565,0.0,False,,9,0.625,0.0625,3.321928024291992,0.8999999761581421,False,False,1
403,layer2.conv1,element,2,"(18, 3, 9)",1,0.005,True,0.56,0.004999999999999893,False,,52,-4.0,-2.0,1.0,0.5,False,False,1
404,layer3.conv1,scale,5,"(29, 1)",2,0.01,True,0.56,0.004999999999999893,False,,118,118.0,86.0,32.0,inf,False,False,32
405,layer1.conv2,element,5,"(1, 0, 3)",9,0.045,True,0.565,0.0,False,,52,-4.0,4.0,0.0,2.0,True,False,1
406,layer3.conv2,element,2,"(19, 1, 1)",1,0.005,True,0.565,0.0,False,,24,8.0,16.0,1.0,1.0,False,False,1
407,layer1.conv2,element,3,"(6, 0, 13)",4,0.02,True,0.56,0.004999999999999893,False,,50,-3.0,-12.0,2.0,3.0,False,False,1
408,layer3.conv1,element,0,"(23, 3, 5)",0,0.0,False,0.565,0.0,False,,27,14.0,12.0,0.22239232063293457,0.1428571492433548,False,False,1
409,layer3.conv2,element,1,"(36, 15, 16)",0,0.0,False,0.565,0.0,False,,57,-10.0,-14.0,0.4854269027709961,0.4000000059604645,False,False,1
410,layer2.conv1,element,4,"(15, 1, 2)",0,0.0,False,0.565,0.0,False,,57,-10.0,-0.625,4.0,0.9375,False,False,1
411,layer3.conv2,element,0,"(37, 3, 4)",0,0.0,False,0.565,0.0,False,,24,8.0,10.0,0.3219280242919922,0.25,False,False,1
412,layer3.shortcut.0,element,1,"(45, 0, 1)",0,0.0,False,0.565,0.0,False,,16,2.0,3.0,0.5849624872207642,0.5,False,False,1
413,layer3.conv1,element,5,"(24, 4, 11)",1,0.005,True,0.565,0.0,False,,58,-12.0,12.0,0.0,2.0,True,False,1
414,fc,element,0,"(50, 0, 4)",0,0.0,False,0.565,0.0,False,,20,4.0,5.0,0.3219280242919922,0.25,False,False,1
415,fc,element,4,"(34, 1, 12)",0,0.0,False,0.565,0.0,False,,20,4.0,0.25,4.0,0.9375,False,False,1
416,layer3.conv2,element,2,"(2, 10, 18)",0,0.0,False,0.565,0.0,False,,8,0.5,1.0,1.0,1.0,False,False,1
417,layer2.conv2,element,1,"(4, 8, 30)",0,0.0,False,0.565,0.0,False,,37,-0.3125,-0.4375,0.48542678356170654,0.4000000059604645,False,False,1
418,layer3.conv1,element,5,"(4, 2, 23)",2,0.01,True,0.56,0.004999999999999893,False,,54,-6.0,6.0,0.0,2.0,True,False,1
419,layer2.conv2,element,5,"(17, 7, 26)",5,0.025,True,0.56,0.004999999999999893,False,,60,-16.0,16.0,0.0,2.0,True,False,1
420,layer2.conv2,element,2,"(9, 6, 10)",0,0.0,False,0.565,0.0,False,,37,-0.3125,-0.0625,2.321928024291992,0.800000011920929,False,False,1
421,layer3.conv2,element,3,"(2, 2, 20)",0,0.0,False,0.565,0.0,False,,50,-3.0,-12.0,2.0,3.0,False,False,1
422,layer2.conv2,element,2,"(6, 0, 14)",0,0.0,False,0.565,0.0,False,,14,1.5,0.75,1.0,0.5,False,False,1
423,layer3.conv1,element,3,"(11, 4, 11)",0,0.0,False,0.565,0.0,False,,24,8.0,2.0,2.0,0.75,False,False,1
424,layer3.conv2,element,4,"(48, 8, 8)",0,0.0,False,0.565,0.0,False,,60,-16.0,-1.0,4.0,0.9375,False,False,1
425,layer3.conv2,element,5,"(17, 11, 31)",1,0.005,True,0.565,0.0,False,,24,8.0,-8.0,0.0,2.0,True,False,1
426,layer3.conv2,element,2,"(19, 7, 31)",0,0.0,False,0.565,0.0,False,,61,-20.0,-10.0,1.0,0.5,False,False,1
427,layer3.conv2,element,3,"(30, 9, 31)",1,0.005,True,0.565,0.0,False,,58,-12.0,-3.0,2.0,0.75,False,False,1
428,layer3.conv1,element,0,"(32, 5, 0)",0,0.0,False,0.565,0.0,False,,26,12.0,14.0,0.22239232063293457,0.1666666716337204,False,False,1
429,layer2.conv2,element,4,"(21, 2, 18)",0,0.0,False,0.565,0.0,False,,1,0.0625,2.5,5.321928024291992,39.0,False,False,1
430,layer3.conv1,element,0,"(4, 3, 28)",0,0.0,False,0.565,0.0,False,,22,6.0,7.0,0.22239232063293457,0.1666666716337204,False,False,1
431,layer3.conv1,element,0,"(28, 7, 31)",0,0.0,False,0.565,0.0,False,,25,10.0,8.0,0.3219280242919922,0.20000000298023224,False,False,1
432,layer2.conv2,element,3,"(6, 1, 5)",0,0.0,False,0.565,0.0,False,,56,-8.0,-2.0,2.0,0.75,False,False,1
433,layer3.conv1,scale,0,"(52, 0)",19,0.095,True,0.565,0.0,False,,120,120.0,121.0,1.0,inf,False,False,32
434,layer3.conv2,element,3,"(6, 14, 15)",0,0.0,False,0.565,0.0,False,,25,10.0,2.5,1.9999998807907104,0.75,False,False,1
435,layer3.conv2,element,0,"(38, 12, 31)",0,0.0,False,0.565,0.0,False,,24,8.0,10.0,0.3219280242919922,0.25,False,False,1
436,layer3.conv2,element,3,"(36, 7, 10)",0,0.0,False,0.565,0.0,False,,25,10.0,2.5,1.9999998807907104,0.75,False,False,1
437,fc,element,3,"(33, 1, 1)",1,0.005,True,0.565,0.0,False,,31,28.0,7.0,2.0,0.75,False,False,1
438,layer2.conv1,element,5,"(9, 2, 5)",18,0.09,True,0.55,0.014999999999999902,False,,62,-24.0,24.0,0.0,2.0,True,False,1
439,layer3.conv1,element,4,"(53, 7, 30)",2,0.01,True,0.555,0.009999999999999898,False,,60,-16.0,-1.0,4.0,0.9375,False,False,1
440,layer3.conv2,element,0,"(10, 15, 23)",0,0.0,False,0.565,0.0,False,,5,0.3125,0.25,0.32192814350128174,0.20000000298023224,False,False,1
441,layer3.conv2,element,2,"(36, 16, 17)",0,0.0,False,0.565,0.0,False,,25,10.0,20.0,1.0,1.0,False,False,1
442,layer2.conv1,element,5,"(8, 0, 19)",5,0.025,True,0.555,0.009999999999999898,False,,59,-14.0,14.0,0.0,2.0,True,False,1
443,layer3.conv2,element,3,"(60, 1, 15)",0,0.0,False,0.565,0.0,False,,25,10.0,2.5,1.9999998807907104,0.75,False,False,1
444,fc,element,4,"(96, 0, 13)",0,0.0,False,0.565,0.0,False,,48,-2.0,-0.0,inf,1.0,False,False,1
445,layer2.conv1,element,4,"(18, 0, 30)",4,0.02,True,0.545,0.019999999999999907,False,,61,-20.0,-1.25,4.0,0.9375,False,False,1
446,layer3.conv2,element,2,"(23, 2, 30)",2,0.01,True,0.565,0.0,False,,25,10.0,20.0,1.0,1.0,False,False,1
447,layer3.conv2,element,2,"(2, 8, 11)",0,0.0,False,0.565,0.0,False,,53,-5.0,-2.5,0.9999998807907104,0.5,False,False,1
448,layer1.conv2,element,1,"(13, 3, 15)",0,0.0,False,0.565,0.0,False,,56,-8.0,-12.0,0.5849626064300537,0.5,False,False,1
449,fc,element,4,"(20, 0, 18)",0,0.0,False,0.565,0.0,False,,22,6.0,0.375,4.0,0.9375,False,False,1
450,layer3.conv2,element,4,"(35, 17, 17)",0,0.0,False,0.565,0.0,False,,55,-7.0,-0.4375,4.0,0.9375,False,False,1
451,layer3.conv2,element,2,"(31, 8, 11)",0,0.0,False,0.565,0.0,False,,35,-0.1875,-0.4375,1.2223923206329346,1.3333333730697632,False,False,1
452,layer3.conv2,element,3,"(25, 13, 1)",0,0.0,False,0.565,0.0,False,,21,5.0,20.0,2.0,3.0,False,False,1
453,layer3.conv2,element,4,"(49, 0, 10)",0,0.0,False,0.565,0.0,False,,54,-6.0,-0.375,4.0,0.9375,False,False,1
454,layer3.conv2,element,4,"(52, 0, 12)",0,0.0,False,0.565,0.0,False,,53,-5.0,-0.3125,4.0,0.9375,False,False,1
455,layer3.shortcut.0,element,1,"(58, 0, 15)",0,0.0,False,0.565,0.0,False,,55,-7.0,-5.0,0.4854269027709961,0.2857142984867096,False,False,1
456,layer3.conv1,element,2,"(0, 7, 15)",0,0.0,False,0.565,0.0,False,,1,0.0625,0.3125,2.321928024291992,4.0,False,False,1
457,layer3.conv2,element,1,"(10, 10, 11)",0,0.0,False,0.565,0.0,False,,25,10.0,14.0,0.4854269027709961,0.4000000059604645,False,False,1
458,layer2.conv1,element,3,"(20, 4, 10)",1,0.005,True,0.56,0.004999999999999893,False,,19,3.5,14.0,2.0,3.0,False,False,1
459,layer3.conv2,element,2,"(31, 5, 16)",1,0.005,True,0.56,0.004999999999999893,False,,25,10.0,20.0,1.0,1.0,False,False,1
460,layer3.conv1,element,0,"(16, 7, 4)",0,0.0,False,0.565,0.0,False,,57,-10.0,-8.0,0.3219280242919922,0.20000000298023224,False,False,1
461,layer3.conv1,element,5,"(12, 5, 16)",4,0.02,True,0.56,0.004999999999999893,False,,25,10.0,-10.0,0.0,2.0,True,False,1
462,layer2.conv2,element,3,"(16, 1, 7)",0,0.0,False,0.565,0.0,False,,51,-3.5,-14.0,2.0,3.0,False,False,1
463,layer3.conv2,element,5,"(57, 6, 15)",0,0.0,False,0.565,0.0,False,,52,-4.0,4.0,0.0,2.0,True,False,1
464,layer1.conv2,element,0,"(15, 4, 4)",0,0.0,False,0.565,0.0,False,,23,7.0,6.0,0.22239232063293457,0.1428571492433548,False,False,1
465,layer1.conv2,element,5,"(6, 2, 11)",12,0.06,True,0.545,0.019999999999999907,False,,25,10.0,-10.0,0.0,2.0,True,False,1
466,layer3.conv2,element,3,"(3, 2, 2)",0,0.0,False,0.565,0.0,False,,60,-16.0,-4.0,2.0,0.75,False,False,1
467,layer2.conv2,element,5,"(18, 8, 14)",1,0.005,True,0.56,0.004999999999999893,False,,13,1.25,-1.25,0.0,2.0,True,False,1
468,fc,element,4,"(75, 0, 0)",0,0.0,False,0.565,0.0,False,,55,-7.0,-0.4375,4.0,0.9375,False,False,1
469,layer2.conv1,element,0,"(20, 4, 9)",0,0.0,False,0.565,0.0,False,,17,2.5,2.0,0.32192814350128174,0.20000000298023224,False,False,1
470,layer3.shortcut.0,element,2,"(37, 0, 24)",0,0.0,False,0.565,0.0,False,,21,5.0,2.5,0.9999998807907104,0.5,False,False,1
471,layer2.conv2,element,1,"(27, 5, 10)",3,0.015,True,0.555,0.009999999999999898,False,,20,4.0,6.0,0.5849626064300537,0.5,False,False,1
472,layer3.conv2,element,3,"(25, 6, 26)",0,0.0,False,0.565,0.0,False,,14,1.5,0.375,2.0,0.75,False,False,1
473,layer3.conv2,element,5,"(61, 9, 3)",0,0.0,False,0.565,0.0,False,,24,8.0,-8.0,0.0,2.0,True,False,1
474,layer3.conv2,element,3,"(21, 10, 15)",0,0.0,False,0.565,0.0,False,,52,-4.0,-16.0,2.0,3.0,False,False,1
475,layer2.conv2,element,1,"(9, 1, 18)",0,0.0,False,0.565,0.0,False,,54,-6.0,-4.0,0.5849626064300537,0.3333333432674408,False,False,1
476,layer3.conv2,scale,0,"(46, 7)",6,0.03,True,0.555,0.009999999999999898,False,,122,122.0,123.0,1.0,inf,False,False,32
477,layer1.conv1,element,4,"(1, 1, 3)",1,0.005,True,0.565,0.0,False,,25,10.0,0.625,4.0,0.9375,False,False,1
478,layer3.conv2,element,3,"(47, 4, 15)",2,0.01,True,0.565,0.0,False,,30,24.0,6.0,1.999999761581421,0.75,False,False,1
479,layer3.conv2,element,0,"(3, 1, 10)",0,0.0,False,0.565,0.0,False,,54,-6.0,-7.0,0.22239232063293457,0.1666666716337204,False,False,1
480,layer3.conv2,element,2,"(19, 9, 13)",0,0.0,False,0.565,0.0,False,,55,-7.0,-3.5,1.0,0.5,False,False,1
481,layer3.conv2,element,3,"(22, 9, 26)",1,0.005,True,0.565,0.0,False,,23,7.0,28.0,2.0,3.0,False,False,1
482,layer3.conv2,element,4,"(19, 12, 7)",0,0.0,False,0.565,0.0,False,,19,3.5,0.1875,4.2223920822143555,0.9464285969734192,False,False,1
483,layer2.conv2,element,5,"(9, 7, 8)",0,0.0,False,0.565,0.0,False,,44,-1.0,1.0,0.0,2.0,True,False,1
484,layer3.conv2,element,1,"(6, 5, 3)",0,0.0,False,0.565,0.0,False,,56,-8.0,-12.0,0.5849626064300537,0.5,False,False,1
485,layer3.conv2,element,2,"(31, 8, 17)",3,0.015,True,0.56,0.004999999999999893,False,,59,-14.0,-28.0,1.0,1.0,False,False,1
486,layer2.conv1,element,4,"(16, 3, 4)",5,0.025,True,0.555,0.009999999999999898,False,,50,-3.0,-0.125,4.584962368011475,0.9583333134651184,False,False,1
487,layer3.conv1,element,4,"(60, 8, 18)",0,0.0,False,0.565,0.0,False,,56,-8.0,-0.5,4.0,0.9375,False,False,1
488,conv1,element,2,"(7, 0, 20)",11,0.055,True,0.57,-0.0050000000000000044,False,,22,6.0,3.0,1.0000001192092896,0.5,False,False,1
489,layer3.conv1,element,0,"(18, 7, 0)",0,0.0,False,0.565,0.0,False,,53,-5.0,-4.0,0.3219280242919922,0.20000000298023224,False,False,1
490,fc,element,1,"(10, 0, 21)",0,0.0,False,0.565,0.0,False,,57,-10.0,-14.0,0.4854269027709961,0.4000000059604645,False,False,1
491,conv1,element,2,"(4, 0, 1)",11,0.055,True,0.55,0.014999999999999902,False,,29,20.0,10.0,1.0,0.5,False,False,1
492,fc,element,4,"(57, 1, 7)",1,0.005,True,0.565,0.0,False,,14,1.5,24.0,4.0,15.0,False,False,1
493,layer3.conv1,element,2,"(3, 1, 16)",0,0.0,False,0.565,0.0,False,,51,-3.5,-7.0,1.0,1.0,False,False,1
494,layer3.conv2,element,4,"(37, 2, 30)",0,0.0,False,0.565,0.0,False,,30,24.0,1.5,4.0,0.9375,False,False,1
495,layer3.shortcut.0,element,5,"(30, 0, 9)",1,0.005,True,0.565,0.0,False,,53,-5.0,5.0,0.0,2.0,True,False,1
496,layer3.conv2,element,0,"(40, 8, 30)",0,0.0,False,0.565,0.0,False,,23,7.0,6.0,0.22239232063293457,0.1428571492433548,False,False,1
497,layer3.conv1,element,2,"(45, 4, 17)",1,0.005,True,0.56,0.004999999999999893,False,,56,-8.0,-16.0,1.0,1.0,False,False,1
498,layer1.conv2,element,0,"(8, 0, 22)",0,0.0,False,0.565,0.0,False,,60,-16.0,-20.0,0.3219280242919922,0.25,False,False,1
499,layer3.conv1,element,4,"(0, 7, 22)",1,0.005,True,0.57,-0.0050000000000000044,False,,54,-6.0,-0.375,4.0,0.9375,False,False,1
500,layer3.conv2,element,2,"(61, 4, 12)",2,0.01,True,0.555,0.009999999999999898,False,,58,-12.0,-24.0,0.9999997615814209,1.0,False,False,1
501,layer3.conv1,element,4,"(11, 4, 1)",0,0.0,False,0.565,0.0,False,,50,-3.0,-0.125,4.584962368011475,0.9583333134651184,False,False,1
502,layer1.conv2,element,3,"(14, 0, 11)",13,0.065,True,0.575,-0.010000000000000009,False,,55,-7.0,-28.0,2.0,3.0,False,False,1
503,layer3.conv1,element,0,"(34, 8, 5)",0,0.0,False,0.565,0.0,False,,28,16.0,20.0,0.3219280242919922,0.25,False,False,1
504,layer3.conv2,element,2,"(14, 11, 13)",0,0.0,False,0.565,0.0,False,,55,-7.0,-3.5,1.0,0.5,False,False,1
505,layer3.conv2,element,0,"(59, 1, 19)",0,0.0,False,0.565,0.0,False,,13,1.25,1.0,0.32192808389663696,0.20000000298023224,False,False,1
506,layer3.conv2,element,2,"(59, 13, 21)",0,0.0,False,0.565,0.0,False,,37,-0.3125,-0.0625,2.321928024291992,0.800000011920929,False,False,1
507,layer3.conv2,element,2,"(59, 9, 27)",0,0.0,False,0.565,0.0,False,,25,10.0,20.0,1.0,1.0,False,False,1
508,layer2.conv1,element,1,"(26, 3, 7)",0,0.0,False,0.565,0.0,False,,27,14.0,10.0,0.4854269027709961,0.2857142984867096,False,False,1
509,layer3.conv2,element,3,"(38, 7, 1)",3,0.015,True,0.56,0.004999999999999893,False,,61,-20.0,-5.0,2.0,0.75,False,False,1
510,layer3.conv2,element,4,"(41, 0, 17)",0,0.0,False,0.565,0.0,False,,22,6.0,0.375,4.0,0.9375,False,False,1
511,layer3.conv2,element,1,"(12, 13, 16)",0,0.0,False,0.565,0.0,False,,54,-6.0,-4.0,0.5849626064300537,0.3333333432674408,False,False,1
512,layer3.conv2,element,1,"(24, 10, 17)",0,0.0,False,0.565,0.0,False,,1,0.0625,0.1875,1.5849626064300537,2.0,False,False,1
513,layer3.conv1,element,5,"(28, 1, 16)",3,0.015,True,0.56,0.004999999999999893,False,,50,-3.0,3.0,0.0,2.0,True,False,1
514,layer2.conv1,scale,4,"(8, 2)",47,0.235,True,0.505,0.05999999999999994,False,,119,119.0,103.0,16.0,inf,False,False,32
515,layer3.conv2,element,4,"(62, 1, 22)",1,0.005,True,0.56,0.004999999999999893,False,,23,7.0,0.4375,4.0,0.9375,False,False,1
516,layer3.conv2,element,0,"(25, 16, 8)",0,0.0,False,0.565,0.0,False,,61,-20.0,-16.0,0.3219280242919922,0.20000000298023224,False,False,1
517,layer3.conv1,element,3,"(44, 3, 10)",0,0.0,False,0.565,0.0,False,,57,-10.0,-2.5,1.9999998807907104,0.75,False,False,1
518,fc,element,5,"(17, 0, 4)",0,0.0,False,0.565,0.0,False,,23,7.0,-7.0,0.0,2.0,True,False,1
519,layer1.conv2,element,0,"(15, 0, 7)",7,0.035,True,0.555,0.009999999999999898,False,,61,-20.0,-16.0,0.3219280242919922,0.20000000298023224,False,False,1
520,layer3.conv2,element,5,"(20, 12, 0)",7,0.035,True,0.56,0.004999999999999893,False,,29,20.0,-20.0,0.0,2.0,True,False,1
521,layer3.conv1,element,4,"(63, 4, 15)",2,0.01,True,0.56,0.004999999999999893,False,,26,12.0,0.75,4.0,0.9375,False,False,1
522,layer3.conv2,scale,2,"(42, 17)",21,0.105,True,0.55,0.014999999999999902,False,,121,121.0,125.0,4.0,inf,False,False,32
523,fc,element,2,"(38, 1, 22)",0,0.0,False,0.565,0.0,False,,55,-7.0,-3.5,1.0,0.5,False,False,1
524,layer2.conv2,element,2,"(20, 8, 10)",2,0.01,True,0.57,-0.0050000000000000044,False,,59,-14.0,-28.0,1.0,1.0,False,False,1
525,layer3.conv2,element,3,"(53, 0, 15)",0,0.0,False,0.565,0.0,False,,54,-6.0,-24.0,1.999999761581421,3.0,False,False,1
526,layer3.conv2,element,4,"(5, 3, 31)",1,0.005,True,0.56,0.004999999999999893,False,,58,-12.0,-0.75,4.0,0.9375,False,False,1
527,layer3.conv1,element,4,"(31, 6, 15)",0,0.0,False,0.565,0.0,False,,17,2.5,0.0625,5.321928024291992,0.9750000238418579,False,False,1
528,layer3.conv2,element,0,"(30, 4, 4)",0,0.0,False,0.565,0.0,False,,25,10.0,8.0,0.3219280242919922,0.20000000298023224,False,False,1
529,layer2.conv1,element,4,"(15, 1, 2)",0,0.0,False,0.565,0.0,False,,57,-10.0,-0.625,4.0,0.9375,False,False,1
530,layer2.conv2,element,1,"(7, 5, 15)",2,0.01,True,0.56,0.004999999999999893,False,,59,-14.0,-10.0,0.4854269027709961,0.2857142984867096,False,False,1
531,layer2.conv2,element,5,"(21, 3, 18)",9,0.045,True,0.565,0.0,False,,57,-10.0,10.0,0.0,2.0,True,False,1
532,layer3.conv2,element,3,"(35, 13, 13)",0,0.0,False,0.565,0.0,False,,50,-3.0,-12.0,2.0,3.0,False,False,1
533,layer3.conv1,element,5,"(29, 7, 26)",0,0.0,False,0.565,0.0,False,,46,-1.5,1.5,0.0,2.0,True,False,1
534,layer2.conv2,element,4,"(21, 5, 19)",5,0.025,True,0.565,0.0,False,,5,0.3125,5.0,4.0,15.0,False,False,1
535,layer2.conv2,element,1,"(24, 6, 22)",0,0.0,False,0.565,0.0,False,,48,-2.0,-3.0,0.5849624872207642,0.5,False,False,1
536,layer3.conv1,element,3,"(21, 8, 5)",1,0.005,True,0.565,0.0,False,,28,16.0,4.0,2.0,0.75,False,False,1
537,layer3.conv1,element,0,"(47, 0, 3)",1,0.005,True,0.56,0.004999999999999893,False,,31,28.0,24.0,0.22239255905151367,0.1428571492433548,False,False,1
538,layer3.conv2,element,0,"(36, 1, 18)",0,0.0,False,0.565,0.0,False,,58,-12.0,-14.0,0.22239232063293457,0.1666666716337204,False,False,1
539,layer3.conv2,element,2,"(54, 12, 18)",0,0.0,False,0.565,0.0,False,,51,-3.5,-7.0,1.0,1.0,False,False,1
540,layer3.conv2,element,3,"(24, 15, 2)",0,0.0,False,0.565,0.0,False,,56,-8.0,-2.0,2.0,0.75,False,False,1
541,layer3.conv2,element,4,"(52, 2, 4)",0,0.0,False,0.565,0.0,False,,51,-3.5,-0.1875,4.2223920822143555,0.9464285969734192,False,False,1
542,layer3.conv2,element,1,"(0, 9, 9)",0,0.0,False,0.565,0.0,False,,21,5.0,7.0,0.4854269027709961,0.4000000059604645,False,False,1
543,layer2.conv2,element,5,"(9, 3, 28)",4,0.02,True,0.55,0.014999999999999902,False,,54,-6.0,6.0,0.0,2.0,True,False,1
544,layer1.conv1,element,1,"(4, 3, 16)",0,0.0,False,0.565,0.0,False,,16,2.0,3.0,0.5849624872207642,0.5,False,False,1
545,layer3.conv2,element,0,"(60, 11, 27)",0,0.0,False,0.565,0.0,False,,25,10.0,8.0,0.3219280242919922,0.20000000298023224,False,False,1
546,fc,element,4,"(97, 0, 6)",2,0.01,True,0.575,-0.010000000000000009,False,,58,-12.0,-0.75,4.0,0.9375,False,False,1
547,layer3.conv2,element,1,"(52, 9, 25)",0,0.0,False,0.565,0.0,False,,29,20.0,28.0,0.4854269027709961,0.4000000059604645,False,False,1
548,layer3.conv2,element,0,"(16, 14, 4)",0,0.0,False,0.565,0.0,False,,10,0.75,0.875,0.22239243984222412,0.1666666716337204,False,False,1
549,layer3.conv2,element,5,"(1, 17, 4)",3,0.015,True,0.555,0.009999999999999898,False,,57,-10.0,10.0,0.0,2.0,True,False,1
550,layer3.conv2,element,5,"(57, 6, 14)",0,0.0,False,0.565,0.0,False,,20,4.0,-4.0,0.0,2.0,True,False,1
551,fc,element,3,"(11, 0, 17)",1,0.005,True,0.57,-0.0050000000000000044,False,,18,3.0,12.0,2.0,3.0,False,False,1
552,layer2.conv1,element,0,"(28, 1, 3)",0,0.0,False,0.565,0.0,False,,38,-0.375,-0.4375,0.22239243984222412,0.1666666716337204,False,False,1
553,layer3.conv1,element,1,"(35, 2, 17)",0,0.0,False,0.565,0.0,False,,27,14.0,10.0,0.4854269027709961,0.2857142984867096,False,False,1
554,layer3.conv2,element,5,"(20, 16, 19)",0,0.0,False,0.565,0.0,False,,16,2.0,-2.0,0.0,2.0,True,False,1
555,layer2.conv2,element,5,"(18, 4, 4)",1,0.005,True,0.565,0.0,False,,53,-5.0,5.0,0.0,2.0,True,False,1
556,conv1,element,0,"(10, 0, 20)",4,0.02,True,0.555,0.009999999999999898,False,,56,-8.0,-10.0,0.3219280242919922,0.25,False,False,1
557,layer3.conv1,element,3,"(17, 8, 31)",0,0.0,False,0.565,0.0,False,,57,-10.0,-2.5,1.9999998807907104,0.75,False,False,1
558,layer3.conv2,element,4,"(60, 2, 31)",0,0.0,False,0.565,0.0,False,,53,-5.0,-0.3125,4.0,0.9375,False,False,1
559,layer2.conv1,element,2,"(29, 1, 19)",2,0.01,True,0.565,0.0,False,,17,2.5,5.0,0.9999998807907104,1.0,False,False,1
560,layer3.conv1,element,1,"(43, 5, 3)",0,0.0,False,0.565,0.0,False,,13,1.25,1.75,0.4854268431663513,0.4000000059604645,False,False,1
561,fc,element,3,"(38, 1, 21)",0,0.0,False,0.565,0.0,False,,48,-2.0,-8.0,2.0,3.0,False,False,1
562,layer3.conv1,element,2,"(5, 8, 18)",6,0.03,True,0.555,0.009999999999999898,False,,30,24.0,12.0,0.9999997615814209,0.5,False,False,1
563,layer2.conv1,element,5,"(29, 1, 2)",7,0.035,True,0.555,0.009999999999999898,False,,28,16.0,-16.0,0.0,2.0,True,False,1
564,layer3.conv2,element,2,"(14, 13, 14)",0,0.0,False,0.565,0.0,False,,46,-1.5,-0.75,1.0,0.5,False,False,1
565,layer3.conv2,element,1,"(27, 4, 1)",0,0.0,False,0.565,0.0,False,,52,-4.0,-6.0,0.5849626064300537,0.5,False,False,1
566,layer1.conv1,element,5,"(0, 4, 6)",5,0.025,True,0.565,0.0,False,,28,16.0,-16.0,0.0,2.0,True,False,1
567,layer3.conv2,element,5,"(19, 6, 11)",0,0.0,False,0.565,0.0,False,,18,3.0,-3.0,0.0,2.0,True,False,1
568,layer3.conv1,element,2,"(51, 1, 12)",0,0.0,False,0.565,0.0,False,,55,-7.0,-3.5,1.0,0.5,False,False,1
569,layer3.conv2,element,1,"(13, 5, 19)",0,0.0,False,0.565,0.0,False,,21,5.0,7.0,0.4854269027709961,0.4000000059604645,False,False,1
570,layer2.conv2,element,2,"(1, 2, 22)",5,0.025,True,0.555,0.009999999999999898,False,,57,-10.0,-20.0,1.0,1.0,False,False,1
571,layer3.conv1,element,1,"(43, 5, 15)",0,0.0,False,0.565,0.0,False,,24,8.0,12.0,0.5849626064300537,0.5,False,False,1
572,layer2.conv1,element,1,"(12, 2, 11)",0,0.0,False,0.565,0.0,False,,47,-1.75,-1.25,0.4854268431663513,0.2857142984867096,False,False,1
573,layer2.conv2,element,5,"(28, 0, 17)",1,0.005,True,0.565,0.0,False,,45,-1.25,1.25,0.0,2.0,True,False,1
574,layer3.conv2,element,1,"(48, 10, 17)",0,0.0,False,0.565,0.0,False,,19,3.5,2.5,0.48542678356170654,0.2857142984867096,False,False,1
575,layer3.conv2,element,2,"(36, 13, 9)",0,0.0,False,0.565,0.0,False,,57,-10.0,-20.0,1.0,1.0,False,False,1
576,layer3.conv1,element,5,"(35, 2, 4)",0,0.0,False,0.565,0.0,False,,7,0.4375,-0.4375,0.0,2.0,True,False,1
577,layer3.conv2,element,4,"(22, 10, 7)",0,0.0,False,0.565,0.0,False,,52,-4.0,-0.25,4.0,0.9375,False,False,1
578,layer2.conv2,element,2,"(23, 2, 12)",2,0.01,True,0.56,0.004999999999999893,False,,23,7.0,3.5,1.0,0.5,False,False,1
579,layer3.conv2,element,0,"(29, 8, 29)",0,0.0,False,0.565,0.0,False,,53,-5.0,-4.0,0.3219280242919922,0.20000000298023224,False,False,1
580,fc,element,2,"(98, 0, 6)",0,0.0,False,0.565,0.0,False,,34,-0.125,-0.375,1.5849624872207642,2.0,False,False,1
581,layer3.conv2,element,0,"(36, 17, 31)",0,0.0,False,0.565,0.0,False,,24,8.0,10.0,0.3219280242919922,0.25,False,False,1
582,layer3.conv1,element,3,"(4, 4, 17)",2,0.01,True,0.565,0.0,False,,53,-5.0,-20.0,2.0,3.0,False,False,1
583,layer3.conv2,scale,4,"(40, 2)",4,0.02,True,0.56,0.004999999999999893,False,,122,122.0,106.0,16.0,inf,False,False,32
584,layer3.conv2,element,0,"(42, 17, 14)",0,0.0,False,0.565,0.0,False,,49,-2.5,-2.0,0.32192814350128174,0.20000000298023224,False,False,1
585,layer3.conv2,element,0,"(33, 8, 4)",0,0.0,False,0.565,0.0,False,,50,-3.0,-3.5,0.22239243984222412,0.1666666716337204,False,False,1
586,layer3.conv1,element,0,"(45, 5, 1)",0,0.0,False,0.565,0.0,False,,53,-5.0,-4.0,0.3219280242919922,0.20000000298023224,False,False,1
587,layer3.conv2,element,2,"(51, 3, 31)",0,0.0,False,0.565,0.0,False,,49,-2.5,-5.0,0.9999998807907104,1.0,False,False,1
588,layer3.conv2,element,2,"(15, 4, 2)",0,0.0,False,0.565,0.0,False,,54,-6.0,-3.0,1.0000001192092896,0.5,False,False,1
589,layer2.conv1,element,0,"(25, 2, 18)",0,0.0,False,0.565,0.0,False,,13,1.25,1.0,0.32192808389663696,0.20000000298023224,False,False,1
590,layer2.conv1,element,4,"(3, 3, 10)",5,0.025,True,0.57,-0.0050000000000000044,False,,23,7.0,0.4375,4.0,0.9375,False,False,1
591,layer3.conv2,element,3,"(60, 11, 11)",0,0.0,False,0.565,0.0,False,,17,2.5,10.0,1.9999998807907104,3.0,False,False,1
592,layer3.conv2,element,0,"(43, 10, 9)",0,0.0,False,0.565,0.0,False,,27,14.0,12.0,0.22239232063293457,0.1428571492433548,False,False,1
593,fc,element,2,"(78, 0, 20)",1,0.005,True,0.56,0.004999999999999893,False,,57,-10.0,-20.0,1.0,1.0,False,False,1
594,fc,element,2,"(98, 1, 15)",1,0.005,True,0.565,0.0,False,,16,2.0,4.0,1.0,1.0,False,False,1
595,layer3.conv2,element,4,"(17, 9, 21)",0,0.0,False,0.565,0.0,False,,56,-8.0,-0.5,4.0,0.9375,False,False,1
596,layer1.conv1,element,4,"(7, 4, 15)",1,0.005,True,0.56,0.004999999999999893,False,,9,0.625,10.0,4.0,15.0,False,False,1
597,layer3.conv1,element,4,"(41, 3, 3)",2,0.01,True,0.56,0.004999999999999893,False,,52,-4.0,-0.25,4.0,0.9375,False,False,1
598,layer2.conv1,element,4,"(26, 1, 19)",5,0.025,True,0.55,0.014999999999999902,False,,24,8.0,0.5,4.0,0.9375,False,False,1
599,layer3.conv2,element,4,"(17, 11, 28)",3,0.015,True,0.57,-0.0050000000000000044,False,,58,-12.0,-0.75,4.0,0.9375,False,False,1
600,layer3.conv2,element,2,"(51, 10, 10)",0,0.0,False,0.565,0.0,False,,49,-2.5,-5.0,0.9999998807907104,1.0,False,False,1
601,layer3.conv2,element,0,"(24, 13, 25)",0,0.0,False,0.565,0.0,False,,57,-10.0,-8.0,0.3219280242919922,0.20000000298023224,False,False,1
602,layer3.conv2,element,4,"(28, 10, 11)",1,0.005,True,0.56,0.004999999999999893,False,,53,-5.0,-0.3125,4.0,0.9375,False,False,1
603,layer3.conv2,element,0,"(6, 16, 14)",0,0.0,False,0.565,0.0,False,,27,14.0,12.0,0.22239232063293457,0.1428571492433548,False,False,1
604,layer2.conv2,element,0,"(14, 2, 23)",0,0.0,False,0.565,0.0,False,,26,12.0,14.0,0.22239232063293457,0.1666666716337204,False,False,1
605,layer3.conv2,element,5,"(17, 15, 9)",0,0.0,False,0.565,0.0,False,,57,-10.0,10.0,0.0,2.0,True,False,1
606,layer3.conv2,element,3,"(0, 10, 17)",0,0.0,False,0.565,0.0,False,,56,-8.0,-2.0,2.0,0.75,False,False,1
607,layer1.conv1,element,2,"(11, 1, 9)",0,0.0,False,0.565,0.0,False,,50,-3.0,-6.0,1.0000001192092896,1.0,False,False,1
608,layer3.conv2,element,0,"(46, 3, 31)",0,0.0,False,0.565,0.0,False,,21,5.0,4.0,0.3219280242919922,0.20000000298023224,False,False,1
609,layer3.conv1,element,5,"(36, 0, 30)",0,0.0,False,0.565,0.0,False,,17,2.5,-2.5,0.0,2.0,True,False,1
610,layer1.conv2,element,3,"(0, 3, 3)",0,0.0,False,0.565,0.0,False,,48,-2.0,-8.0,2.0,3.0,False,False,1
611,layer1.conv2,element,2,"(10, 0, 31)",18,0.09,True,0.565,0.0,False,,59,-14.0,-28.0,1.0,1.0,False,False,1
612,layer3.conv2,element,2,"(49, 11, 28)",6,0.03,True,0.555,0.009999999999999898,False,,25,10.0,20.0,1.0,1.0,False,False,1
613,layer3.conv1,element,3,"(13, 7, 15)",4,0.02,True,0.56,0.004999999999999893,False,,20,4.0,16.0,2.0,3.0,False,False,1
614,layer3.shortcut.0,element,1,"(53, 0, 26)",5,0.025,True,0.55,0.014999999999999902,False,,25,10.0,14.0,0.4854269027709961,0.4000000059604645,False,False,1
615,layer2.conv2,element,2,"(2, 3, 8)",5,0.025,True,0.575,-0.010000000000000009,False,,57,-10.0,-20.0,1.0,1.0,False,False,1
616,layer3.conv2,element,4,"(28, 12, 12)",3,0.015,True,0.565,0.0,False,,13,1.25,20.0,4.0,15.0,False,False,1
617,layer3.conv2,element,4,"(27, 3, 7)",0,0.0,False,0.565,0.0,False,,54,-6.0,-0.375,4.0,0.9375,False,False,1
618,layer3.conv2,element,3,"(56, 2, 2)",0,0.0,False,0.565,0.0,False,,61,-20.0,-5.0,2.0,0.75,False,False,1
619,layer2.conv2,element,2,"(31, 8, 27)",0,0.0,False,0.565,0.0,False,,55,-7.0,-3.5,1.0,0.5,False,False,1
620,layer3.conv2,element,3,"(60, 10, 20)",0,0.0,False,0.565,0.0,False,,53,-5.0,-20.0,2.0,3.0,False,False,1
621,fc,element,3,"(11, 1, 23)",0,0.0,False,0.565,0.0,False,,51,-3.5,-14.0,2.0,3.0,False,False,1
622,layer3.conv2,element,3,"(55, 15, 0)",5,0.025,True,0.56,0.004999999999999893,False,,55,-7.0,-28.0,2.0,3.0,False,False,1
623,layer3.conv2,element,5,"(2, 10, 5)",0,0.0,False,0.565,0.0,False,,16,2.0,-2.0,0.0,2.0,True,False,1
624,conv1,element,1,"(1, 0, 4)",9,0.045,True,0.54,0.02499999999999991,False,,31,28.0,20.0,0.4854269027709961,0.2857142984867096,False,False,1
625,layer3.conv2,element,1,"(24, 16, 25)",0,0.0,False,0.565,0.0,False,,25,10.0,14.0,0.4854269027709961,0.4000000059604645,False,False,1
626,layer3.conv1,element,2,"(1, 3, 12)",0,0.0,False,0.565,0.0,False,,53,-5.0,-2.5,0.9999998807907104,0.5,False,False,1
627,layer2.conv2,element,1,"(14, 4, 25)",0,0.0,False,0.565,0.0,False,,62,-24.0,-16.0,0.5849623680114746,0.3333333432674408,False,False,1
628,layer3.conv1,element,5,"(7, 8, 8)",1,0.005,True,0.56,0.004999999999999893,False,,58,-12.0,12.0,0.0,2.0,True,False,1
629,layer3.conv2,element,2,"(53, 11, 22)",0,0.0,False,0.565,0.0,False,,59,-14.0,-28.0,1.0,1.0,False,False,1
630,layer2.conv2,element,3,"(16, 8, 31)",0,0.0,False,0.565,0.0,False,,17,2.5,10.0,1.9999998807907104,3.0,False,False,1
631,layer3.conv1,element,0,"(53, 7, 10)",0,0.0,False,0.565,0.0,False,,24,8.0,10.0,0.3219280242919922,0.25,False,False,1
632,layer3.conv2,element,3,"(9, 7, 6)",0,0.0,False,0.565,0.0,False,,53,-5.0,-20.0,2.0,3.0,False,False,1
633,layer3.conv2,element,4,"(36, 5, 17)",0,0.0,False,0.565,0.0,False,,21,5.0,0.3125,4.0,0.9375,False,False,1
634,layer3.conv1,element,0,"(43, 5, 0)",2,0.01,True,0.555,0.009999999999999898,False,,29,20.0,16.0,0.3219280242919922,0.20000000298023224,False,False,1
635,layer3.conv2,element,5,"(12, 5, 15)",0,0.0,False,0.565,0.0,False,,50,-3.0,3.0,0.0,2.0,True,False,1
636,layer2.conv2,element,1,"(10, 0, 9)",0,0.0,False,0.565,0.0,False,,59,-14.0,-10.0,0.4854269027709961,0.2857142984867096,False,False,1
637,layer3.conv2,element,4,"(4, 1, 24)",3,0.015,True,0.56,0.004999999999999893,False,,31,28.0,1.75,4.0,0.9375,False,False,1
638,layer3.conv1,element,5,"(58, 0, 9)",0,0.0,False,0.565,0.0,False,,11,0.875,-0.875,0.0,2.0,True,False,1
639,layer3.conv2,element,5,"(7, 12, 29)",0,0.0,False,0.565,0.0,False,,10,0.75,-0.75,0.0,2.0,True,False,1
640,layer1.conv2,element,2,"(6, 2, 29)",0,0.0,False,0.565,0.0,False,,15,1.75,0.875,1.0,0.5,False,False,1
641,layer3.conv2,element,5,"(40, 15, 25)",0,0.0,False,0.565,0.0,False,,46,-1.5,1.5,0.0,2.0,True,False,1
642,layer3.conv2,element,2,"(57, 1, 0)",1,0.005,True,0.56,0.004999999999999893,False,,26,12.0,24.0,0.9999997615814209,1.0,False,False,1
643,layer3.conv1,element,2,"(45, 7, 24)",0,0.0,False,0.565,0.0,False,,7,0.4375,0.1875,1.2223923206329346,0.5714285969734192,False,False,1
644,layer3.conv2,element,0,"(31, 2, 30)",0,0.0,False,0.565,0.0,False,,49,-2.5,-2.0,0.32192814350128174,0.20000000298023224,False,False,1
645,layer3.conv2,element,1,"(24, 14, 24)",1,0.005,True,0.56,0.004999999999999893,False,,61,-20.0,-28.0,0.4854269027709961,0.4000000059604645,False,False,1
646,layer3.conv2,element,4,"(3, 12, 10)",0,0.0,False,0.565,0.0,False,,61,-20.0,-1.25,4.0,0.9375,False,False,1
647,layer3.conv2,element,0,"(54, 9, 2)",0,0.0,False,0.565,0.0,False,,54,-6.0,-7.0,0.22239232063293457,0.1666666716337204,False,False,1
648,layer3.shortcut.0,element,5,"(29, 0, 28)",3,0.015,True,0.565,0.0,False,,63,-28.0,28.0,0.0,2.0,True,False,1
649,layer3.conv1,element,4,"(5, 3, 28)",0,0.0,False,0.565,0.0,False,,57,-10.0,-0.625,4.0,0.9375,False,False,1
650,layer3.conv2,element,1,"(59, 16, 12)",0,0.0,False,0.565,0.0,False,,61,-20.0,-28.0,0.4854269027709961,0.4000000059604645,False,False,1
651,layer1.conv2,element,0,"(13, 0, 12)",0,0.0,False,0.565,0.0,False,,26,12.0,14.0,0.22239232063293457,0.1666666716337204,False,False,1
652,layer3.conv1,element,4,"(38, 3, 6)",2,0.01,True,0.555,0.009999999999999898,False,,54,-6.0,-0.375,4.0,0.9375,False,False,1
653,layer3.conv2,element,1,"(19, 17, 29)",0,0.0,False,0.565,0.0,False,,25,10.0,14.0,0.4854269027709961,0.4000000059604645,False,False,1
654,fc,element,3,"(84, 1, 4)",2,0.01,True,0.565,0.0,False,,17,2.5,10.0,1.9999998807907104,3.0,False,False,1
655,layer3.conv2,element,3,"(57, 1, 30)",0,0.0,False,0.565,0.0,False,,25,10.0,2.5,1.9999998807907104,0.75,False,False,1
656,layer3.shortcut.0,element,1,"(29, 0, 27)",0,0.0,False,0.565,0.0,False,,23,7.0,5.0,0.4854269027709961,0.2857142984867096,False,False,1
657,layer3.conv2,element,1,"(2, 12, 17)",0,0.0,False,0.565,0.0,False,,48,-2.0,-3.0,0.5849624872207642,0.5,False,False,1
658,layer3.conv1,element,3,"(33, 0, 11)",0,0.0,False,0.565,0.0,False,,25,10.0,2.5,1.9999998807907104,0.75,False,False,1
659,layer1.conv1,element,4,"(1, 3, 3)",15,0.075,True,0.56,0.004999999999999893,False,,29,20.0,1.25,4.0,0.9375,False,False,1
660,layer2.conv1,element,3,"(25, 2, 6)",8,0.04,True,0.55,0.014999999999999902,False,,30,24.0,6.0,1.999999761581421,0.75,False,False,1
661,layer1.conv1,element,3,"(10, 3, 12)",2,0.01,True,0.555,0.009999999999999898,False,,44,-1.0,-0.25,2.0,0.75,False,False,1
662,layer3.conv2,element,3,"(51, 10, 28)",0,0.0,False,0.565,0.0,False,,53,-5.0,-20.0,2.0,3.0,False,False,1
663,layer1.conv2,element,1,"(4, 0, 20)",0,0.0,False,0.565,0.0,False,,50,-3.0,-2.0,0.5849624872207642,0.3333333432674408,False,False,1
664,layer3.shortcut.0,element,4,"(54, 0, 8)",9,0.045,True,0.545,0.019999999999999907,False,,45,-1.25,-20.0,4.0,15.0,False,False,1
665,layer3.conv2,element,0,"(58, 10, 19)",0,0.0,False,0.565,0.0,False,,57,-10.0,-8.0,0.3219280242919922,0.20000000298023224,False,False,1
666,fc,element,2,"(90, 1, 5)",0,0.0,False,0.565,0.0,False,,20,4.0,2.0,1.0,0.5,False,False,1
667,fc,element,1,"(48, 1, 1)",0,0.0,False,0.565,0.0,False,,49,-2.5,-3.5,0.48542678356170654,0.4000000059604645,False,False,1
668,layer3.conv1,element,4,"(8, 5, 30)",1,0.005,True,0.565,0.0,False,,24,8.0,0.5,4.0,0.9375,False,False,1
669,layer3.conv1,element,3,"(48, 7, 28)",1,0.005,True,0.565,0.0,False,,30,24.0,6.0,1.999999761581421,0.75,False,False,1
670,layer3.conv2,element,1,"(20, 17, 28)",0,0.0,False,0.565,0.0,False,,55,-7.0,-5.0,0.4854269027709961,0.2857142984867096,False,False,1
671,layer3.conv1,element,2,"(32, 6, 10)",0,0.0,False,0.565,0.0,False,,51,-3.5,-7.0,1.0,1.0,False,False,1
672,layer2.conv1,element,3,"(31, 2, 27)",7,0.035,True,0.57,-0.0050000000000000044,False,,17,2.5,10.0,1.9999998807907104,3.0,False,False,1
673,layer3.conv2,element,1,"(62, 6, 12)",0,0.0,False,0.565,0.0,False,,9,0.625,0.875,0.4854268431663513,0.4000000059604645,False,False,1
674,layer2.conv2,element,0,"(0, 1, 21)",0,0.0,False,0.565,0.0,False,,47,-1.75,-1.5,0.22239243984222412,0.1428571492433548,False,False,1
675,layer3.conv2,element,4,"(42, 3, 19)",1,0.005,True,0.56,0.004999999999999893,False,,57,-10.0,-0.625,4.0,0.9375,False,False,1
676,layer2.conv2,element,5,"(1, 5, 8)",0,0.0,False,0.565,0.0,False,,45,-1.25,1.25,0.0,2.0,True,False,1
677,layer3.conv2,element,2,"(10, 1, 28)",0,0.0,False,0.565,0.0,False,,56,-8.0,-16.0,1.0,1.0,False,False,1
678,layer3.conv2,element,2,"(27, 12, 19)",0,0.0,False,0.565,0.0,False,,53,-5.0,-2.5,0.9999998807907104,0.5,False,False,1
679,fc,element,3,"(82, 0, 20)",0,0.0,False,0.565,0.0,False,,53,-5.0,-20.0,2.0,3.0,False,False,1
680,fc,element,4,"(19, 0, 18)",0,0.0,False,0.565,0.0,False,,18,3.0,0.125,4.584962368011475,0.9583333134651184,False,False,1
681,layer2.conv1,element,4,"(17, 1, 14)",3,0.015,True,0.56,0.004999999999999893,False,,58,-12.0,-0.75,4.0,0.9375,False,False,1
682,layer3.conv2,element,0,"(40, 13, 3)",0,0.0,False,0.565,0.0,False,,49,-2.5,-2.0,0.32192814350128174,0.20000000298023224,False,False,1
683,fc,element,5,"(40, 1, 23)",3,0.015,True,0.565,0.0,False,,23,7.0,-7.0,0.0,2.0,True,False,1
684,layer3.conv2,element,0,"(60, 2, 8)",0,0.0,False,0.565,0.0,False,,54,-6.0,-7.0,0.22239232063293457,0.1666666716337204,False,False,1
685,layer3.conv2,element,3,"(9, 9, 31)",0,0.0,False,0.565,0.0,False,,0,0.0,0.5,inf,8.0,False,False,1
686,layer3.conv2,element,1,"(7, 0, 10)",0,0.0,False,0.565,0.0,False,,8,0.5,0.75,0.5849624872207642,0.5,False,False,1
687,layer3.conv1,element,5,"(62, 3, 5)",1,0.005,True,0.565,0.0,False,,50,-3.0,3.0,0.0,2.0,True,False,1
688,fc,element,5,"(5, 1, 13)",4,0.02,True,0.56,0.004999999999999893,False,,58,-12.0,12.0,0.0,2.0,True,False,1
689,layer3.conv2,element,2,"(3, 15, 5)",0,0.0,False,0.565,0.0,False,,26,12.0,24.0,0.9999997615814209,1.0,False,False,1
690,fc,element,2,"(41, 0, 30)",2,0.01,True,0.565,0.0,False,,26,12.0,24.0,0.9999997615814209,1.0,False,False,1
691,layer3.conv1,element,2,"(40, 2, 14)",3,0.015,True,0.56,0.004999999999999893,False,,27,14.0,28.0,1.0,1.0,False,False,1
692,layer3.conv2,element,0,"(18, 13, 11)",0,0.0,False,0.565,0.0,False,,15,1.75,1.5,0.22239243984222412,0.1428571492433548,False,False,1
693,layer3.conv1,element,1,"(24, 3, 5)",1,0.005,True,0.56,0.004999999999999893,False,,27,14.0,10.0,0.4854269027709961,0.2857142984867096,False,False,1
694,layer3.conv2,element,3,"(40, 7, 31)",1,0.005,True,0.565,0.0,False,,25,10.0,2.5,1.9999998807907104,0.75,False,False,1
695,layer2.conv2,element,1,"(19, 8, 21)",0,0.0,False,0.565,0.0,False,,21,5.0,7.0,0.4854269027709961,0.4000000059604645,False,False,1
696,layer3.conv2,element,0,"(21, 1, 22)",0,0.0,False,0.565,0.0,False,,57,-10.0,-8.0,0.3219280242919922,0.20000000298023224,False,False,1
697,layer3.conv2,element,0,"(13, 9, 6)",0,0.0,False,0.565,0.0,False,,55,-7.0,-6.0,0.22239232063293457,0.1428571492433548,False,False,1
698,fc,element,0,"(25, 0, 25)",0,0.0,False,0.565,0.0,False,,51,-3.5,-3.0,0.22239243984222412,0.1428571492433548,False,False,1
699,layer2.conv2,element,0,"(10, 3, 30)",0,0.0,False,0.565,0.0,False,,14,1.5,1.75,0.22239243984222412,0.1666666716337204,False,False,1
700,layer2.conv2,element,5,"(30, 1, 6)",3,0.015,True,0.555,0.009999999999999898,False,,56,-8.0,8.0,0.0,2.0,True,False,1
701,layer3.conv1,element,2,"(52, 1, 3)",0,0.0,False,0.565,0.0,False,,58,-12.0,-24.0,0.9999997615814209,1.0,False,False,1
702,layer3.conv1,element,5,"(63, 4, 6)",6,0.03,True,0.555,0.009999999999999898,False,,58,-12.0,12.0,0.0,2.0,True,False,1
703,layer3.conv1,element,0,"(38, 4, 24)",0,0.0,False,0.565,0.0,False,,27,14.0,12.0,0.22239232063293457,0.1428571492433548,False,False,1
704,layer3.conv2,element,5,"(59, 7, 9)",0,0.0,False,0.565,0.0,False,,12,1.0,-1.0,0.0,2.0,True,False,1
705,layer2.conv2,element,5,"(16, 1, 23)",3,0.015,True,0.55,0.014999999999999902,False,,56,-8.0,8.0,0.0,2.0,True,False,1
706,fc,element,5,"(13, 1, 5)",1,0.005,True,0.57,-0.0050000000000000044,False,,54,-6.0,6.0,0.0,2.0,True,False,1
707,layer3.conv2,element,1,"(44, 5, 16)",0,0.0,False,0.565,0.0,False,,24,8.0,12.0,0.5849626064300537,0.5,False,False,1
708,layer3.conv2,element,4,"(21, 6, 20)",0,0.0,False,0.565,0.0,False,,53,-5.0,-0.3125,4.0,0.9375,False,False,1
709,layer2.conv1,element,5,"(14, 0, 7)",5,0.025,True,0.565,0.0,False,,24,8.0,-8.0,0.0,2.0,True,False,1
710,fc,element,2,"(79, 0, 25)",1,0.005,True,0.57,-0.0050000000000000044,False,,28,16.0,8.0,1.0,0.5,False,False,1
711,layer3.conv2,element,0,"(38, 3, 18)",0,0.0,False,0.565,0.0,False,,26,12.0,14.0,0.22239232063293457,0.1666666716337204,False,False,1
712,layer3.conv2,scale,0,"(49, 17)",8,0.04,True,0.57,-0.0050000000000000044,False,,122,122.0,123.0,1.0,inf,False,False,32
713,layer3.conv2,element,3,"(33, 16, 26)",1,0.005,True,0.56,0.004999999999999893,False,,25,10.0,2.5,1.9999998807907104,0.75,False,False,1
714,layer3.conv1,element,2,"(17, 2, 8)",0,0.0,False,0.565,0.0,False,,53,-5.0,-2.5,0.9999998807907104,0.5,False,False,1
715,layer3.conv2,element,1,"(37, 10, 8)",0,0.0,False,0.565,0.0,False,,50,-3.0,-2.0,0.5849624872207642,0.3333333432674408,False,False,1
716,layer3.conv1,element,0,"(45, 1, 22)",0,0.0,False,0.565,0.0,False,,15,1.75,1.5,0.22239243984222412,0.1428571492433548,False,False,1
717,layer2.conv2,element,5,"(3, 7, 12)",4,0.02,True,0.57,-0.0050000000000000044,False,,28,16.0,-16.0,0.0,2.0,True,False,1
718,layer3.conv1,element,5,"(35, 3, 11)",3,0.015,True,0.555,0.009999999999999898,False,,57,-10.0,10.0,0.0,2.0,True,False,1
719,layer3.conv1,element,4,"(42, 3, 26)",1,0.005,True,0.56,0.004999999999999893,False,,58,-12.0,-0.75,4.0,0.9375,False,False,1
720,layer3.conv2,element,4,"(29, 16, 13)",0,0.0,False,0.565,0.0,False,,19,3.5,0.1875,4.2223920822143555,0.9464285969734192,False,False,1
721,layer3.conv1,element,0,"(0, 8, 3)",0,0.0,False,0.565,0.0,False,,57,-10.0,-8.0,0.3219280242919922,0.20000000298023224,False,False,1
722,layer3.conv2,element,2,"(43, 6, 25)",1,0.005,True,0.56,0.004999999999999893,False,,61,-20.0,-10.0,1.0,0.5,False,False,1
723,layer2.conv1,element,1,"(13, 2, 18)",2,0.01,True,0.565,0.0,False,,58,-12.0,-8.0,0.5849626064300537,0.3333333432674408,False,False,1
724,layer3.conv2,scale,4,"(43, 15)",6,0.03,True,0.555,0.009999999999999898,False,,122,122.0,106.0,16.0,inf,False,False,32
725,layer2.conv2,element,1,"(24, 6, 23)",0,0.0,False,0.565,0.0,False,,16,2.0,3.0,0.5849624872207642,0.5,False,False,1
726,layer3.conv1,element,0,"(4, 6, 14)",0,0.0,False,0.565,0.0,False,,24,8.0,10.0,0.3219280242919922,0.25,False,False,1
727,layer3.conv2,element,2,"(17, 12, 28)",1,0.005,True,0.565,0.0,False,,31,28.0,14.0,1.0,0.5,False,False,1
728,layer3.conv2,element,4,"(23, 0, 29)",0,0.0,False,0.565,0.0,False,,23,7.0,0.4375,4.0,0.9375,False,False,1
729,layer3.conv2,element,4,"(8, 8, 20)",0,0.0,False,0.565,0.0,False,,53,-5.0,-0.3125,4.0,0.9375,False,False,1
730,layer3.conv2,scale,4,"(30, 14)",14,0.07,True,0.57,-0.0050000000000000044,False,,123,123.0,107.0,16.0,inf,False,False,32
731,layer3.conv1,element,0,"(54, 7, 30)",0,0.0,False,0.565,0.0,False,,55,-7.0,-6.0,0.22239232063293457,0.1428571492433548,False,False,1
732,fc,element,4,"(83, 1, 13)",0,0.0,False,0.565,0.0,False,,53,-5.0,-0.3125,4.0,0.9375,False,False,1
733,layer3.conv2,element,0,"(14, 11, 12)",0,0.0,False,0.565,0.0,False,,48,-2.0,-2.5,0.32192814350128174,0.25,False,False,1
734,layer3.conv2,element,1,"(44, 5, 21)",0,0.0,False,0.565,0.0,False,,25,10.0,14.0,0.4854269027709961,0.4000000059604645,False,False,1
735,layer2.conv2,element,2,"(24, 6, 25)",2,0.01,True,0.56,0.004999999999999893,False,,24,8.0,16.0,1.0,1.0,False,False,1
736,fc,element,5,"(79, 1, 2)",0,0.0,False,0.565,0.0,False,,58,-12.0,12.0,0.0,2.0,True,False,1
737,layer3.conv1,element,1,"(53, 8, 7)",0,0.0,False,0.565,0.0,False,,36,-0.25,-0.375,0.5849624872207642,0.5,False,False,1
738,layer3.conv2,scale,5,"(13, 17)",7,0.035,True,0.55,0.014999999999999902,False,,122,122.0,90.0,32.0,inf,False,False,32
739,layer3.conv2,element,5,"(27, 7, 4)",0,0.0,False,0.565,0.0,False,,42,-0.75,0.75,0.0,2.0,True,False,1
740,layer1.conv2,element,2,"(10, 0, 27)",2,0.01,True,0.565,0.0,False,,48,-2.0,-4.0,1.0,1.0,False,False,1
741,layer3.conv2,element,0,"(21, 8, 18)",0,0.0,False,0.565,0.0,False,,29,20.0,16.0,0.3219280242919922,0.20000000298023224,False,False,1
742,layer2.conv2,element,0,"(12, 3, 17)",0,0.0,False,0.565,0.0,False,,60,-16.0,-20.0,0.3219280242919922,0.25,False,False,1
743,layer3.conv2,element,2,"(42, 0, 3)",0,0.0,False,0.565,0.0,False,,13,1.25,0.625,1.0,0.5,False,False,1
744,layer3.conv2,element,1,"(51, 12, 19)",0,0.0,False,0.565,0.0,False,,57,-10.0,-14.0,0.4854269027709961,0.4000000059604645,False,False,1
745,layer3.conv1,element,0,"(14, 5, 5)",0,0.0,False,0.565,0.0,False,,20,4.0,5.0,0.3219280242919922,0.25,False,False,1
746,layer3.conv1,element,5,"(25, 2, 3)",7,0.035,True,0.565,0.0,False,,60,-16.0,16.0,0.0,2.0,True,False,1
747,layer3.conv1,element,1,"(63, 8, 23)",0,0.0,False,0.565,0.0,False,,59,-14.0,-10.0,0.4854269027709961,0.2857142984867096,False,False,1
748,layer3.conv2,element,0,"(59, 0, 4)",1,0.005,True,0.56,0.004999999999999893,False,,27,14.0,12.0,0.22239232063293457,0.1428571492433548,False,False,1
749,layer1.conv2,element,0,"(11, 4, 11)",0,0.0,False,0.565,0.0,False,,18,3.0,3.5,0.22239243984222412,0.1666666716337204,False,False,1
750,layer3.conv1,element,2,"(55, 5, 27)",4,0.02,True,0.565,0.0,False,,61,-20.0,-10.0,1.0,0.5,False,False,1
751,layer3.shortcut.0,element,3,"(0, 0, 10)",0,0.0,False,0.565,0.0,False,,55,-7.0,-28.0,2.0,3.0,False,False,1
752,layer3.conv1,element,4,"(58, 1, 20)",5,0.025,True,0.555,0.009999999999999898,False,,45,-1.25,-20.0,4.0,15.0,False,False,1
753,layer3.conv1,scale,7,"(28, 7)",200,1.0,True,0.0,0.565,True,,119,119.0,247.0,128.0,inf,False,False,32
754,layer3.conv2,element,2,"(6, 5, 20)",0,0.0,False,0.565,0.0,False,,43,-0.875,-1.75,1.0,1.0,False,False,1
755,layer3.conv2,element,0,"(58, 1, 20)",0,0.0,False,0.565,0.0,False,,25,10.0,8.0,0.3219280242919922,0.20000000298023224,False,False,1
756,layer2.conv2,element,2,"(26, 5, 26)",1,0.005,True,0.56,0.004999999999999893,False,,21,5.0,2.5,0.9999998807907104,0.5,False,False,1
757,layer2.conv2,element,5,"(19, 0, 5)",3,0.015,True,0.565,0.0,False,,18,3.0,-3.0,0.0,2.0,True,False,1
758,layer3.conv1,element,0,"(60, 1, 27)",0,0.0,False,0.565,0.0,False,,56,-8.0,-10.0,0.3219280242919922,0.25,False,False,1
759,layer3.conv2,element,5,"(38, 16, 30)",0,0.0,False,0.565,0.0,False,,1,0.0625,-0.0625,0.0,2.0,True,False,1
760,layer2.conv2,element,3,"(16, 4, 11)",0,0.0,False,0.565,0.0,False,,24,8.0,2.0,2.0,0.75,False,False,1
761,layer3.conv2,element,1,"(22, 4, 24)",1,0.005,True,0.56,0.004999999999999893,False,,26,12.0,8.0,0.5849626064300537,0.3333333432674408,False,False,1
762,layer1.conv2,element,2,"(11, 0, 12)",5,0.025,True,0.555,0.009999999999999898,False,,23,7.0,3.5,1.0,0.5,False,False,1
763,layer3.conv2,element,5,"(17, 2, 23)",1,0.005,True,0.565,0.0,False,,25,10.0,-10.0,0.0,2.0,True,False,1
764,layer2.conv2,element,1,"(5, 8, 10)",0,0.0,False,0.565,0.0,False,,47,-1.75,-1.25,0.4854268431663513,0.2857142984867096,False,False,1
765,layer3.conv2,element,0,"(16, 16, 14)",0,0.0,False,0.565,0.0,False,,53,-5.0,-4.0,0.3219280242919922,0.20000000298023224,False,False,1
766,layer2.conv2,element,4,"(31, 5, 6)",3,0.015,True,0.56,0.004999999999999893,False,,59,-14.0,-0.875,4.0,0.9375,False,False,1
767,layer3.conv1,element,0,"(37, 8, 2)",0,0.0,False,0.565,0.0,False,,23,7.0,6.0,0.22239232063293457,0.1428571492433548,False,False,1
768,layer1.conv1,element,2,"(12, 0, 17)",1,0.005,True,0.56,0.004999999999999893,False,,28,16.0,8.0,1.0,0.5,False,False,1
769,layer3.conv1,element,1,"(52, 6, 13)",0,0.0,False,0.565,0.0,False,,57,-10.0,-14.0,0.4854269027709961,0.4000000059604645,False,False,1
770,layer3.conv1,element,2,"(36, 2, 25)",0,0.0,False,0.565,0.0,False,,12,1.0,0.5,1.0,0.5,False,False,1
771,layer3.conv2,element,1,"(7, 9, 18)",1,0.005,True,0.56,0.004999999999999893,False,,61,-20.0,-28.0,0.4854269027709961,0.4000000059604645,False,False,1
772,layer2.conv2,element,0,"(25, 1, 6)",0,0.0,False,0.565,0.0,False,,24,8.0,10.0,0.3219280242919922,0.25,False,False,1
773,layer1.conv1,element,0,"(9, 4, 11)",0,0.0,False,0.565,0.0,False,,28,16.0,20.0,0.3219280242919922,0.25,False,False,1
774,layer3.conv2,element,3,"(7, 7, 1)",2,0.01,True,0.56,0.004999999999999893,False,,53,-5.0,-20.0,2.0,3.0,False,False,1
775,layer3.conv1,element,1,"(41, 2, 9)",0,0.0,False,0.565,0.0,False,,36,-0.25,-0.375,0.5849624872207642,0.5,False,False,1
776,layer2.conv2,element,0,"(1, 6, 28)",0,0.0,False,0.565,0.0,False,,21,5.0,4.0,0.3219280242919922,0.20000000298023224,False,False,1
777,layer3.conv2,scale,4,"(45, 11)",3,0.015,True,0.56,0.004999999999999893,False,,122,122.0,106.0,16.0,inf,False,False,32
778,layer2.conv2,element,3,"(2, 0, 22)",5,0.025,True,0.57,-0.0050000000000000044,False,,51,-3.5,-14.0,2.0,3.0,False,False,1
779,fc,element,4,"(18, 1, 5)",0,0.0,False,0.565,0.0,False,,48,-2.0,-0.0,inf,1.0,False,False,1
780,layer3.conv2,element,5,"(4, 5, 24)",0,0.0,False,0.565,0.0,False,,55,-7.0,7.0,0.0,2.0,True,False,1
781,layer3.conv1,element,2,"(52, 5, 15)",6,0.03,True,0.555,0.009999999999999898,False,,55,-7.0,-3.5,1.0,0.5,False,False,1
782,fc,element,5,"(89, 0, 22)",1,0.005,True,0.57,-0.0050000000000000044,False,,60,-16.0,16.0,0.0,2.0,True,False,1
783,layer3.conv2,scale,5,"(43, 9)",4,0.02,True,0.565,0.0,False,,122,122.0,90.0,32.0,inf,False,False,32
784,fc,element,3,"(53, 1, 19)",1,0.005,True,0.565,0.0,False,,55,-7.0,-28.0,2.0,3.0,False,False,1
785,layer3.conv2,element,5,"(54, 5, 13)",1,0.005,True,0.565,0.0,False,,59,-14.0,14.0,0.0,2.0,True,False,1
786,layer3.conv2,element,2,"(36, 8, 0)",0,0.0,False,0.565,0.0,False,,9,0.625,1.25,1.0,1.0,False,False,1
787,layer2.conv2,element,0,"(8, 5, 14)",0,0.0,False,0.565,0.0,False,,25,10.0,8.0,0.3219280242919922,0.20000000298023224,False,False,1
788,layer1.conv1,element,0,"(0, 3, 18)",3,0.015,True,0.56,0.004999999999999893,False,,25,10.0,8.0,0.3219280242919922,0.20000000298023224,False,False,1
789,layer3.conv1,element,5,"(63, 1, 16)",2,0.01,True,0.56,0.004999999999999893,False,,29,20.0,-20.0,0.0,2.0,True,False,1
790,layer2.conv1,element,0,"(23, 1, 1)",0,0.0,False,0.565,0.0,False,,60,-16.0,-20.0,0.3219280242919922,0.25,False,False,1
791,layer3.conv2,element,2,"(26, 2, 30)",0,0.0,False,0.565,0.0,False,,49,-2.5,-5.0,0.9999998807907104,1.0,False,False,1
792,layer3.conv2,element,0,"(27, 7, 1)",0,0.0,False,0.565,0.0,False,,59,-14.0,-12.0,0.22239232063293457,0.1428571492433548,False,False,1
793,layer3.conv1,element,0,"(22, 0, 20)",0,0.0,False,0.565,0.0,False,,45,-1.25,-1.0,0.32192808389663696,0.20000000298023224,False,False,1
794,layer3.conv2,element,1,"(6, 12, 30)",0,0.0,False,0.565,0.0,False,,19,3.5,2.5,0.48542678356170654,0.2857142984867096,False,False,1
795,layer3.conv1,element,1,"(17, 0, 14)",0,0.0,False,0.565,0.0,False,,43,-0.875,-0.625,0.4854268431663513,0.2857142984867096,False,False,1
796,layer3.conv2,element,4,"(60, 4, 4)",0,0.0,False,0.565,0.0,False,,18,3.0,0.125,4.584962368011475,0.9583333134651184,False,False,1
797,layer2.conv1,element,4,"(18, 2, 13)",5,0.025,True,0.565,0.0,False,,26,12.0,0.75,4.0,0.9375,False,False,1
798,layer3.conv1,element,5,"(45, 0, 8)",10,0.05,True,0.565,0.0,False,,58,-12.0,12.0,0.0,2.0,True,False,1
799,layer3.conv2,element,5,"(53, 14, 21)",0,0.0,False,0.565,0.0,False,,49,-2.5,2.5,0.0,2.0,True,False,1
800,layer2.conv2,element,3,"(18, 3, 15)",9,0.045,True,0.55,0.014999999999999902,False,,22,6.0,24.0,1.999999761581421,3.0,False,False,1
801,layer3.shortcut.0,element,5,"(5, 0, 0)",10,0.05,True,0.555,0.009999999999999898,False,,60,-16.0,16.0,0.0,2.0,True,False,1
802,layer3.conv2,element,5,"(15, 9, 24)",2,0.01,True,0.56,0.004999999999999893,False,,52,-4.0,4.0,0.0,2.0,True,False,1
803,layer3.conv2,element,3,"(34, 12, 5)",0,0.0,False,0.565,0.0,False,,46,-1.5,-0.375,2.0,0.75,False,False,1
804,layer2.conv2,element,2,"(23, 3, 14)",1,0.005,True,0.565,0.0,False,,50,-3.0,-6.0,1.0000001192092896,1.0,False,False,1
805,layer3.conv1,element,0,"(58, 8, 27)",0,0.0,False,0.565,0.0,False,,21,5.0,4.0,0.3219280242919922,0.20000000298023224,False,False,1
806,layer3.conv2,element,5,"(0, 8, 5)",2,0.01,True,0.555,0.009999999999999898,False,,26,12.0,-12.0,0.0,2.0,True,False,1
807,layer3.conv1,scale,5,"(11, 2)",11,0.055,True,0.585,-0.020000000000000018,False,,119,119.0,87.0,32.0,inf,False,False,32
808,layer2.conv1,element,5,"(3, 2, 22)",2,0.01,True,0.555,0.009999999999999898,False,,47,-1.75,1.75,0.0,2.0,True,False,1
809,layer3.conv2,element,2,"(14, 17, 20)",1,0.005,True,0.56,0.004999999999999893,False,,26,12.0,24.0,0.9999997615814209,1.0,False,False,1
810,layer2.conv2,element,2,"(0, 7, 28)",0,0.0,False,0.565,0.0,False,,46,-1.5,-0.75,1.0,0.5,False,False,1
811,layer3.conv1,element,3,"(52, 4, 4)",1,0.005,True,0.565,0.0,False,,26,12.0,3.0,2.0,0.75,False,False,1
812,layer2.conv2,element,4,"(16, 3, 15)",1,0.005,True,0.57,-0.0050000000000000044,False,,34,-0.125,-3.0,4.584962368011475,23.0,False,False,1
813,fc,element,3,"(93, 0, 1)",4,0.02,True,0.56,0.004999999999999893,False,,20,4.0,16.0,2.0,3.0,False,False,1
814,layer3.conv2,element,0,"(9, 15, 12)",0,0.0,False,0.565,0.0,False,,55,-7.0,-6.0,0.22239232063293457,0.1428571492433548,False,False,1
815,fc,element,1,"(8, 0, 4)",0,0.0,False,0.565,0.0,False,,58,-12.0,-8.0,0.5849626064300537,0.3333333432674408,False,False,1
816,layer3.conv1,element,0,"(56, 1, 16)",1,0.005,True,0.565,0.0,False,,29,20.0,16.0,0.3219280242919922,0.20000000298023224,False,False,1
817,layer2.conv2,element,0,"(20, 0, 13)",0,0.0,False,0.565,0.0,False,,30,24.0,28.0,0.22239255905151367,0.1666666716337204,False,False,1
818,layer2.conv1,element,4,"(8, 4, 6)",13,0.065,True,0.56,0.004999999999999893,False,,27,14.0,0.875,4.0,0.9375,False,False,1
819,layer3.conv1,element,0,"(7, 2, 6)",0,0.0,False,0.565,0.0,False,,1,0.0625,0.0,inf,1.0,False,False,1
820,layer2.conv2,element,0,"(16, 8, 4)",0,0.0,False,0.565,0.0,False,,57,-10.0,-8.0,0.3219280242919922,0.20000000298023224,False,False,1
821,layer3.conv2,element,2,"(0, 12, 27)",0,0.0,False,0.565,0.0,False,,25,10.0,20.0,1.0,1.0,False,False,1
822,layer3.conv1,element,3,"(25, 6, 14)",1,0.005,True,0.57,-0.0050000000000000044,False,,19,3.5,14.0,2.0,3.0,False,False,1
823,layer1.conv1,element,1,"(6, 2, 27)",0,0.0,False,0.565,0.0,False,,53,-5.0,-7.0,0.4854269027709961,0.4000000059604645,False,False,1
824,layer2.conv2,element,0,"(5, 7, 25)",0,0.0,False,0.565,0.0,False,,49,-2.5,-2.0,0.32192814350128174,0.20000000298023224,False,False,1
825,layer3.conv2,element,3,"(10, 9, 10)",1,0.005,True,0.56,0.004999999999999893,False,,18,3.0,12.0,2.0,3.0,False,False,1
826,layer3.conv1,element,2,"(58, 3, 20)",0,0.0,False,0.565,0.0,False,,53,-5.0,-2.5,0.9999998807907104,0.5,False,False,1
827,layer3.conv2,element,1,"(3, 5, 21)",0,0.0,False,0.565,0.0,False,,58,-12.0,-8.0,0.5849626064300537,0.3333333432674408,False,False,1
828,layer1.conv2,element,4,"(15, 0, 29)",10,0.05,True,0.56,0.004999999999999893,False,,53,-5.0,-0.3125,4.0,0.9375,False,False,1
829,layer2.conv2,element,4,"(31, 0, 28)",0,0.0,False,0.565,0.0,False,,20,4.0,0.25,4.0,0.9375,False,False,1
830,layer1.conv2,element,0,"(12, 4, 15)",0,0.0,False,0.565,0.0,False,,58,-12.0,-14.0,0.22239232063293457,0.1666666716337204,False,False,1
831,layer2.conv2,element,3,"(22, 6, 13)",9,0.045,True,0.555,0.009999999999999898,False,,62,-24.0,-6.0,1.999999761581421,0.75,False,False,1
832,layer2.conv2,element,0,"(15, 4, 31)",0,0.0,False,0.565,0.0,False,,56,-8.0,-10.0,0.3219280242919922,0.25,False,False,1
833,layer3.conv1,element,2,"(36, 0, 12)",0,0.0,False,0.565,0.0,False,,40,-0.5,-1.0,1.0,1.0,False,False,1
834,layer3.conv1,element,2,"(22, 7, 17)",3,0.015,True,0.56,0.004999999999999893,False,,31,28.0,14.0,1.0,0.5,False,False,1
835,layer1.conv2,element,5,"(1, 1, 13)",0,0.0,False,0.565,0.0,False,,7,0.4375,-0.4375,0.0,2.0,True,False,1
836,fc,element,1,"(46, 1, 2)",1,0.005,True,0.565,0.0,False,,24,8.0,12.0,0.5849626064300537,0.5,False,False,1
837,layer3.conv2,element,0,"(51, 4, 6)",0,0.0,False,0.565,0.0,False,,53,-5.0,-4.0,0.3219280242919922,0.20000000298023224,False,False,1
838,layer3.conv1,element,5,"(58, 1, 0)",0,0.0,False,0.565,0.0,False,,18,3.0,-3.0,0.0,2.0,True,False,1
839,layer3.conv2,element,0,"(21, 5, 24)",0,0.0,False,0.565,0.0,False,,22,6.0,7.0,0.22239232063293457,0.1666666716337204,False,False,1
840,layer3.conv1,element,1,"(11, 6, 28)",0,0.0,False,0.565,0.0,False,,57,-10.0,-14.0,0.4854269027709961,0.4000000059604645,False,False,1
841,layer3.conv2,element,2,"(8, 12, 19)",0,0.0,False,0.565,0.0,False,,30,24.0,12.0,0.9999997615814209,0.5,False,False,1
842,layer2.conv2,element,3,"(18, 2, 20)",0,0.0,False,0.565,0.0,False,,12,1.0,0.25,2.0,0.75,False,False,1
843,layer3.conv1,element,5,"(56, 4, 1)",7,0.035,True,0.575,-0.010000000000000009,False,,25,10.0,-10.0,0.0,2.0,True,False,1
844,layer3.conv2,element,5,"(1, 6, 26)",0,0.0,False,0.565,0.0,False,,6,0.375,-0.375,0.0,2.0,True,False,1
845,layer3.conv2,element,0,"(8, 8, 27)",0,0.0,False,0.565,0.0,False,,61,-20.0,-16.0,0.3219280242919922,0.20000000298023224,False,False,1
846,layer2.conv2,element,0,"(4, 7, 27)",0,0.0,False,0.565,0.0,False,,48,-2.0,-2.5,0.32192814350128174,0.25,False,False,1
847,layer3.conv1,element,3,"(25, 5, 6)",1,0.005,True,0.565,0.0,False,,52,-4.0,-16.0,2.0,3.0,False,False,1
848,layer3.shortcut.0,element,1,"(5, 0, 1)",0,0.0,False,0.565,0.0,False,,25,10.0,14.0,0.4854269027709961,0.4000000059604645,False,False,1
849,layer3.conv1,element,3,"(56, 6, 22)",2,0.01,True,0.57,-0.0050000000000000044,False,,52,-4.0,-16.0,2.0,3.0,False,False,1
850,layer3.conv2,scale,2,"(11, 6)",23,0.115,True,0.53,0.03499999999999992,False,,122,122.0,126.0,4.0,inf,False,False,32
851,layer3.conv2,element,4,"(26, 13, 25)",0,0.0,False,0.565,0.0,False,,50,-3.0,-0.125,4.584962368011475,0.9583333134651184,False,False,1
852,fc,element,5,"(30, 1, 13)",0,0.0,False,0.565,0.0,False,,16,2.0,-2.0,0.0,2.0,True,False,1
853,layer2.conv2,element,2,"(19, 4, 29)",3,0.015,True,0.565,0.0,False,,58,-12.0,-24.0,0.9999997615814209,1.0,False,False,1
854,layer3.conv2,element,4,"(19, 13, 28)",0,0.0,False,0.565,0.0,False,,10,0.75,12.0,4.0,15.0,False,False,1
855,layer1.conv2,element,3,"(0, 3, 0)",4,0.02,True,0.57,-0.0050000000000000044,False,,57,-10.0,-2.5,1.9999998807907104,0.75,False,False,1
856,layer3.conv2,element,1,"(55, 16, 12)",0,0.0,False,0.565,0.0,False,,23,7.0,5.0,0.4854269027709961,0.2857142984867096,False,False,1
857,layer3.conv1,element,5,"(27, 1, 18)",2,0.01,True,0.565,0.0,False,,28,16.0,-16.0,0.0,2.0,True,False,1
858,layer3.conv2,element,5,"(27, 9, 23)",0,0.0,False,0.565,0.0,False,,54,-6.0,6.0,0.0,2.0,True,False,1
859,layer2.conv2,element,5,"(25, 2, 5)",6,0.03,True,0.555,0.009999999999999898,False,,53,-5.0,5.0,0.0,2.0,True,False,1
860,layer2.conv1,element,4,"(13, 4, 3)",0,0.0,False,0.565,0.0,False,,55,-7.0,-0.4375,4.0,0.9375,False,False,1
861,layer3.conv2,element,1,"(53, 14, 1)",0,0.0,False,0.565,0.0,False,,57,-10.0,-14.0,0.4854269027709961,0.4000000059604645,False,False,1
862,layer3.conv1,element,0,"(11, 4, 27)",0,0.0,False,0.565,0.0,False,,47,-1.75,-1.5,0.22239243984222412,0.1428571492433548,False,False,1
863,conv1,element,1,"(11, 0, 13)",38,0.19,True,0.55,0.014999999999999902,False,,28,16.0,24.0,0.5849623680114746,0.5,False,False,1
864,layer3.conv1,element,3,"(35, 7, 13)",5,0.025,True,0.55,0.014999999999999902,False,,22,6.0,24.0,1.999999761581421,3.0,False,False,1
865,layer3.conv1,element,2,"(35, 1, 17)",0,0.0,False,0.565,0.0,False,,28,16.0,8.0,1.0,0.5,False,False,1
866,layer1.conv2,element,1,"(7, 3, 22)",1,0.005,True,0.565,0.0,False,,57,-10.0,-14.0,0.4854269027709961,0.4000000059604645,False,False,1
867,fc,element,5,"(50, 0, 23)",1,0.005,True,0.565,0.0,False,,28,16.0,-16.0,0.0,2.0,True,False,1
868,layer2.conv1,element,3,"(18, 4, 4)",4,0.02,True,0.56,0.004999999999999893,False,,27,14.0,3.5,2.0,0.75,False,False,1
869,layer3.conv1,element,3,"(60, 4, 13)",3,0.015,True,0.575,-0.010000000000000009,False,,54,-6.0,-24.0,1.999999761581421,3.0,False,False,1
870,layer2.conv2,element,5,"(12, 6, 23)",0,0.0,False,0.565,0.0,False,,10,0.75,-0.75,0.0,2.0,True,False,1
871,layer3.shortcut.0,element,2,"(58, 0, 17)",0,0.0,False,0.565,0.0,False,,22,6.0,3.0,1.0000001192092896,0.5,False,False,1
872,layer3.conv2,element,4,"(58, 6, 0)",0,0.0,False,0.565,0.0,False,,23,7.0,0.4375,4.0,0.9375,False,False,1
873,layer2.conv1,element,2,"(6, 1, 23)",0,0.0,False,0.565,0.0,False,,49,-2.5,-5.0,0.9999998807907104,1.0,False,False,1
874,layer3.conv2,element,3,"(58, 9, 21)",0,0.0,False,0.565,0.0,False,,58,-12.0,-3.0,2.0,0.75,False,False,1
875,layer3.conv2,element,5,"(37, 10, 3)",0,0.0,False,0.565,0.0,False,,47,-1.75,1.75,0.0,2.0,True,False,1
876,layer3.conv1,element,0,"(7, 1, 11)",0,0.0,False,0.565,0.0,False,,61,-20.0,-16.0,0.3219280242919922,0.20000000298023224,False,False,1
877,layer3.conv2,element,5,"(23, 10, 17)",0,0.0,False,0.565,0.0,False,,18,3.0,-3.0,0.0,2.0,True,False,1
878,layer3.conv1,element,3,"(40, 0, 11)",2,0.01,True,0.56,0.004999999999999893,False,,58,-12.0,-3.0,2.0,0.75,False,False,1
879,layer3.conv1,element,3,"(61, 6, 12)",2,0.01,True,0.56,0.004999999999999893,False,,57,-10.0,-2.5,1.9999998807907104,0.75,False,False,1
880,layer3.conv1,element,4,"(54, 0, 25)",5,0.025,True,0.56,0.004999999999999893,False,,62,-24.0,-1.5,4.0,0.9375,False,False,1
881,layer3.conv2,element,5,"(30, 11, 27)",3,0.015,True,0.56,0.004999999999999893,False,,27,14.0,-14.0,0.0,2.0,True,False,1
882,layer3.conv2,scale,4,"(7, 9)",2,0.01,True,0.56,0.004999999999999893,False,,122,122.0,106.0,16.0,inf,False,False,32
883,layer3.conv2,element,5,"(27, 5, 30)",3,0.015,True,0.565,0.0,False,,25,10.0,-10.0,0.0,2.0,True,False,1
884,layer3.conv2,element,4,"(14, 0, 15)",0,0.0,False,0.565,0.0,False,,53,-5.0,-0.3125,4.0,0.9375,False,False,1
885,layer3.conv1,element,5,"(21, 3, 18)",5,0.025,True,0.56,0.004999999999999893,False,,58,-12.0,12.0,0.0,2.0,True,False,1
886,layer3.conv2,element,0,"(29, 8, 6)",0,0.0,False,0.565,0.0,False,,57,-10.0,-8.0,0.3219280242919922,0.20000000298023224,False,False,1
887,layer3.conv2,element,1,"(49, 17, 23)",0,0.0,False,0.565,0.0,False,,61,-20.0,-28.0,0.4854269027709961,0.4000000059604645,False,False,1
888,layer3.conv1,element,0,"(61, 6, 4)",0,0.0,False,0.565,0.0,False,,20,4.0,5.0,0.3219280242919922,0.25,False,False,1
889,layer3.conv2,element,4,"(29, 6, 18)",0,0.0,False,0.565,0.0,False,,22,6.0,0.375,4.0,0.9375,False,False,1
890,layer3.conv2,element,3,"(35, 5, 8)",0,0.0,False,0.565,0.0,False,,19,3.5,14.0,2.0,3.0,False,False,1
891,layer3.conv2,element,0,"(10, 4, 26)",0,0.0,False,0.565,0.0,False,,21,5.0,4.0,0.3219280242919922,0.20000000298023224,False,False,1
892,layer3.conv2,element,4,"(41, 6, 30)",6,0.03,True,0.55,0.014999999999999902,False,,30,24.0,1.5,4.0,0.9375,False,False,1
893,layer3.conv1,element,5,"(0, 0, 3)",4,0.02,True,0.57,-0.0050000000000000044,False,,50,-3.0,3.0,0.0,2.0,True,False,1
894,layer3.conv2,element,4,"(37, 6, 19)",1,0.005,True,0.56,0.004999999999999893,False,,9,0.625,10.0,4.0,15.0,False,False,1
895,layer3.conv1,element,0,"(52, 0, 14)",0,0.0,False,0.565,0.0,False,,58,-12.0,-14.0,0.22239232063293457,0.1666666716337204,False,False,1
896,layer3.conv2,element,0,"(2, 13, 26)",0,0.0,False,0.565,0.0,False,,19,3.5,3.0,0.22239243984222412,0.1428571492433548,False,False,1
897,fc,element,1,"(14, 0, 30)",0,0.0,False,0.565,0.0,False,,50,-3.0,-2.0,0.5849624872207642,0.3333333432674408,False,False,1
898,layer3.conv2,element,5,"(22, 4, 1)",0,0.0,False,0.565,0.0,False,,53,-5.0,5.0,0.0,2.0,True,False,1
899,layer3.conv2,element,4,"(55, 8, 14)",4,0.02,True,0.555,0.009999999999999898,False,,25,10.0,0.625,4.0,0.9375,False,False,1
900,layer2.conv1,element,4,"(31, 3, 20)",0,0.0,False,0.565,0.0,False,,27,14.0,0.875,4.0,0.9375,False,False,1
901,layer3.conv2,element,3,"(11, 12, 14)",0,0.0,False,0.565,0.0,False,,36,-0.25,-1.0,2.0,3.0,False,False,1
902,layer2.conv2,element,4,"(6, 2, 9)",2,0.01,True,0.57,-0.0050000000000000044,False,,49,-2.5,-0.0625,5.321928024291992,0.9750000238418579,False,False,1
903,layer3.conv2,element,1,"(39, 11, 6)",0,0.0,False,0.565,0.0,False,,61,-20.0,-28.0,0.4854269027709961,0.4000000059604645,False,False,1
904,layer2.conv1,element,5,"(12, 2, 12)",5,0.025,True,0.56,0.004999999999999893,False,,16,2.0,-2.0,0.0,2.0,True,False,1
905,layer3.conv2,element,5,"(23, 8, 3)",1,0.005,True,0.565,0.0,False,,20,4.0,-4.0,0.0,2.0,True,False,1
906,layer1.conv1,element,3,"(12, 2, 18)",0,0.0,False,0.565,0.0,False,,13,1.25,0.3125,2.0,0.75,False,False,1
907,fc,element,2,"(99, 0, 16)",0,0.0,False,0.565,0.0,False,,8,0.5,1.0,1.0,1.0,False,False,1
908,layer2.conv2,element,0,"(25, 1, 29)",0,0.0,False,0.565,0.0,False,,60,-16.0,-20.0,0.3219280242919922,0.25,False,False,1
909,layer3.conv1,element,5,"(33, 7, 1)",0,0.0,False,0.565,0.0,False,,17,2.5,-2.5,0.0,2.0,True,False,1
910,layer3.conv2,element,5,"(12, 11, 0)",0,0.0,False,0.565,0.0,False,,50,-3.0,3.0,0.0,2.0,True,False,1
911,layer3.conv2,element,3,"(7, 14, 12)",3,0.015,True,0.56,0.004999999999999893,False,,28,16.0,4.0,2.0,0.75,False,False,1
912,layer3.conv2,element,3,"(58, 1, 25)",0,0.0,False,0.565,0.0,False,,24,8.0,2.0,2.0,0.75,False,False,1
913,layer2.conv1,element,5,"(31, 1, 23)",0,0.0,False,0.565,0.0,False,,20,4.0,-4.0,0.0,2.0,True,False,1
914,layer2.conv1,element,2,"(13, 2, 11)",2,0.01,True,0.56,0.004999999999999893,False,,55,-7.0,-3.5,1.0,0.5,False,False,1
915,layer3.conv1,element,5,"(43, 3, 23)",1,0.005,True,0.56,0.004999999999999893,False,,61,-20.0,20.0,0.0,2.0,True,False,1
916,layer3.conv2,element,2,"(45, 12, 12)",1,0.005,True,0.56,0.004999999999999893,False,,57,-10.0,-20.0,1.0,1.0,False,False,1
917,layer3.conv2,element,3,"(59, 8, 7)",0,0.0,False,0.565,0.0,False,,26,12.0,3.0,2.0,0.75,False,False,1
918,layer1.conv2,element,3,"(0, 1, 27)",3,0.015,True,0.565,0.0,False,,16,2.0,8.0,2.0,3.0,False,False,1
919,layer3.conv2,element,3,"(48, 14, 9)",0,0.0,False,0.565,0.0,False,,56,-8.0,-2.0,2.0,0.75,False,False,1
920,fc,element,5,"(76, 1, 21)",1,0.005,True,0.565,0.0,False,,25,10.0,-10.0,0.0,2.0,True,False,1
921,layer3.conv2,element,4,"(50, 7, 4)",0,0.0,False,0.565,0.0,False,,58,-12.0,-0.75,4.0,0.9375,False,False,1
922,layer2.conv2,element,1,"(18, 4, 20)",1,0.005,True,0.565,0.0,False,,28,16.0,24.0,0.5849623680114746,0.5,False,False,1
923,layer1.conv1,element,4,"(0, 3, 15)",12,0.06,True,0.555,0.009999999999999898,False,,13,1.25,20.0,4.0,15.0,False,False,1
924,layer2.conv2,element,4,"(27, 7, 3)",4,0.02,True,0.555,0.009999999999999898,False,,25,10.0,0.625,4.0,0.9375,False,False,1
925,layer3.conv2,element,3,"(36, 12, 7)",0,0.0,False,0.565,0.0,False,,51,-3.5,-14.0,2.0,3.0,False,False,1
926,layer3.conv1,element,3,"(32, 2, 13)",0,0.0,False,0.565,0.0,False,,53,-5.0,-20.0,2.0,3.0,False,False,1
927,layer3.conv1,element,2,"(28, 2, 2)",4,0.02,True,0.555,0.009999999999999898,False,,63,-28.0,-14.0,1.0,0.5,False,False,1
928,layer3.conv1,element,1,"(33, 1, 24)",0,0.0,False,0.565,0.0,False,,15,1.75,1.25,0.4854268431663513,0.2857142984867096,False,False,1
929,layer2.conv1,element,1,"(22, 3, 0)",2,0.01,True,0.56,0.004999999999999893,False,,61,-20.0,-28.0,0.4854269027709961,0.4000000059604645,False,False,1
930,layer3.conv1,element,2,"(18, 5, 16)",2,0.01,True,0.56,0.004999999999999893,False,,59,-14.0,-28.0,1.0,1.0,False,False,1
931,layer3.conv2,element,0,"(42, 2, 8)",0,0.0,False,0.565,0.0,False,,56,-8.0,-10.0,0.3219280242919922,0.25,False,False,1
932,layer2.conv1,element,5,"(24, 0, 14)",17,0.085,True,0.565,0.0,False,,56,-8.0,8.0,0.0,2.0,True,False,1
933,layer3.conv1,element,3,"(48, 3, 25)",2,0.01,True,0.565,0.0,False,,54,-6.0,-24.0,1.999999761581421,3.0,False,False,1
934,layer3.conv1,element,1,"(47, 1, 2)",0,0.0,False,0.565,0.0,False,,60,-16.0,-24.0,0.5849623680114746,0.5,False,False,1
935,layer2.conv2,element,5,"(28, 5, 21)",3,0.015,True,0.56,0.004999999999999893,False,,56,-8.0,8.0,0.0,2.0,True,False,1
936,layer3.conv2,element,4,"(42, 16, 25)",0,0.0,False,0.565,0.0,False,,43,-0.875,-14.0,4.0,15.0,False,False,1
937,layer3.conv1,element,2,"(35, 5, 15)",0,0.0,False,0.565,0.0,False,,55,-7.0,-3.5,1.0,0.5,False,False,1
938,layer3.conv1,element,4,"(43, 7, 6)",0,0.0,False,0.565,0.0,False,,20,4.0,0.25,4.0,0.9375,False,False,1
939,layer3.conv1,element,1,"(28, 1, 15)",0,0.0,False,0.565,0.0,False,,22,6.0,4.0,0.5849626064300537,0.3333333432674408,False,False,1
940,layer3.conv2,element,0,"(41, 11, 21)",0,0.0,False,0.565,0.0,False,,19,3.5,3.0,0.22239243984222412,0.1428571492433548,False,False,1
941,layer3.shortcut.0,element,4,"(58, 0, 12)",7,0.035,True,0.555,0.009999999999999898,False,,27,14.0,0.875,4.0,0.9375,False,False,1
942,layer3.conv1,element,1,"(56, 4, 8)",0,0.0,False,0.565,0.0,False,,63,-28.0,-20.0,0.4854269027709961,0.2857142984867096,False,False,1
943,layer3.conv2,scale,2,"(38, 16)",45,0.225,True,0.505,0.05999999999999994,False,,122,122.0,126.0,4.0,inf,False,False,32
944,fc,element,4,"(71, 1, 24)",0,0.0,False,0.565,0.0,False,,49,-2.5,-0.0625,5.321928024291992,0.9750000238418579,False,False,1
945,layer3.conv2,element,4,"(36, 11, 25)",2,0.01,True,0.57,-0.0050000000000000044,False,,28,16.0,1.0,4.0,0.9375,False,False,1
946,layer2.conv1,scale,6,"(31, 3)",21,0.105,True,0.56,0.004999999999999893,False,,119,119.0,55.0,64.0,inf,False,False,32
947,layer3.conv1,element,5,"(42, 3, 5)",9,0.045,True,0.575,-0.010000000000000009,False,,20,4.0,-4.0,0.0,2.0,True,False,1
948,layer1.conv1,element,2,"(12, 1, 7)",1,0.005,True,0.56,0.004999999999999893,False,,28,16.0,8.0,1.0,0.5,False,False,1
949,layer2.conv2,scale,0,"(26, 8)",33,0.165,True,0.565,0.0,False,,120,120.0,121.0,1.0,inf,False,False,32
950,layer3.conv2,element,4,"(57, 10, 4)",0,0.0,False,0.565,0.0,False,,23,7.0,0.4375,4.0,0.9375,False,False,1
951,layer2.conv1,element,4,"(25, 3, 7)",3,0.015,True,0.56,0.004999999999999893,False,,37,-0.3125,-5.0,4.0,15.0,False,False,1
952,layer3.conv1,scale,4,"(2, 2)",8,0.04,True,0.555,0.009999999999999898,False,,119,119.0,103.0,16.0,inf,False,False,32
953,layer3.conv2,element,4,"(10, 0, 21)",5,0.025,True,0.57,-0.0050000000000000044,False,,15,1.75,28.0,4.0,15.0,False,False,1
954,layer3.conv2,element,4,"(49, 10, 29)",2,0.01,True,0.56,0.004999999999999893,False,,13,1.25,20.0,4.0,15.0,False,False,1
955,layer1.conv2,element,0,"(13, 3, 13)",0,0.0,False,0.565,0.0,False,,21,5.0,4.0,0.3219280242919922,0.20000000298023224,False,False,1
956,layer3.conv1,element,1,"(13, 2, 18)",0,0.0,False,0.565,0.0,False,,20,4.0,6.0,0.5849626064300537,0.5,False,False,1
957,layer3.conv2,element,3,"(58, 12, 29)",0,0.0,False,0.565,0.0,False,,57,-10.0,-2.5,1.9999998807907104,0.75,False,False,1
958,layer3.conv1,element,4,"(36, 3, 19)",5,0.025,True,0.565,0.0,False,,28,16.0,1.0,4.0,0.9375,False,False,1
959,layer1.conv1,element,1,"(11, 3, 12)",2,0.01,True,0.56,0.004999999999999893,False,,56,-8.0,-12.0,0.5849626064300537,0.5,False,False,1
960,layer3.conv2,element,0,"(47, 15, 19)",0,0.0,False,0.565,0.0,False,,47,-1.75,-1.5,0.22239243984222412,0.1428571492433548,False,False,1
961,layer3.conv1,element,4,"(23, 6, 8)",0,0.0,False,0.565,0.0,False,,11,0.875,14.0,4.0,15.0,False,False,1
962,layer3.conv2,element,2,"(53, 9, 17)",5,0.025,True,0.56,0.004999999999999893,False,,26,12.0,24.0,0.9999997615814209,1.0,False,False,1
963,layer3.conv1,element,2,"(15, 8, 8)",1,0.005,True,0.56,0.004999999999999893,False,,20,4.0,2.0,1.0,0.5,False,False,1
964,layer3.conv2,element,0,"(5, 6, 29)",0,0.0,False,0.565,0.0,False,,20,4.0,5.0,0.3219280242919922,0.25,False,False,1
965,layer3.conv2,element,4,"(0, 1, 17)",0,0.0,False,0.565,0.0,False,,6,0.375,6.0,4.0,15.0,False,False,1
966,layer3.conv1,element,2,"(44, 0, 7)",2,0.01,True,0.565,0.0,False,,61,-20.0,-10.0,1.0,0.5,False,False,1
967,layer3.conv1,scale,4,"(5, 1)",18,0.09,True,0.54,0.02499999999999991,False,,119,119.0,103.0,16.0,inf,False,False,32
968,layer3.conv2,element,5,"(39, 14, 24)",2,0.01,True,0.56,0.004999999999999893,False,,59,-14.0,14.0,0.0,2.0,True,False,1
969,fc,element,4,"(87, 0, 22)",0,0.0,False,0.565,0.0,False,,18,3.0,0.125,4.584962368011475,0.9583333134651184,False,False,1
970,layer2.conv2,element,3,"(10, 1, 0)",1,0.005,True,0.56,0.004999999999999893,False,,29,20.0,5.0,2.0,0.75,False,False,1
971,layer2.conv1,element,2,"(18, 3, 13)",3,0.015,True,0.55,0.014999999999999902,False,,55,-7.0,-3.5,1.0,0.5,False,False,1
972,fc,element,1,"(20, 1, 25)",0,0.0,False,0.565,0.0,False,,24,8.0,12.0,0.5849626064300537,0.5,False,False,1
973,layer3.conv2,element,4,"(20, 10, 12)",0,0.0,False,0.565,0.0,False,,26,12.0,0.75,4.0,0.9375,False,False,1
974,layer3.conv1,element,3,"(57, 5, 4)",0,0.0,False,0.565,0.0,False,,41,-0.625,-0.0625,3.321928024291992,0.8999999761581421,False,False,1
975,layer3.conv2,element,1,"(48, 11, 8)",0,0.0,False,0.565,0.0,False,,53,-5.0,-7.0,0.4854269027709961,0.4000000059604645,False,False,1
976,layer3.conv2,element,1,"(28, 3, 31)",0,0.0,False,0.565,0.0,False,,56,-8.0,-12.0,0.5849626064300537,0.5,False,False,1
977,layer2.conv2,element,1,"(17, 7, 28)",0,0.0,False,0.565,0.0,False,,48,-2.0,-3.0,0.5849624872207642,0.5,False,False,1
978,layer3.conv1,element,1,"(39, 1, 16)",0,0.0,False,0.565,0.0,False,,17,2.5,3.5,0.48542678356170654,0.4000000059604645,False,False,1
979,layer3.conv1,element,4,"(36, 3, 12)",4,0.02,True,0.555,0.009999999999999898,False,,58,-12.0,-0.75,4.0,0.9375,False,False,1
980,layer3.conv1,element,3,"(41, 4, 8)",0,0.0,False,0.565,0.0,False,,61,-20.0,-5.0,2.0,0.75,False,False,1
981,fc,element,0,"(74, 1, 8)",0,0.0,False,0.565,0.0,False,,52,-4.0,-5.0,0.3219280242919922,0.25,False,False,1
982,layer3.conv2,element,5,"(34, 5, 12)",0,0.0,False,0.565,0.0,False,,35,-0.1875,0.1875,0.0,2.0,True,False,1
983,layer2.conv2,element,2,"(1, 8, 5)",0,0.0,False,0.565,0.0,False,,29,20.0,10.0,1.0,0.5,False,False,1
984,layer2.conv2,element,3,"(14, 0, 20)",6,0.03,True,0.565,0.0,False,,54,-6.0,-24.0,1.999999761581421,3.0,False,False,1
985,layer2.conv2,element,2,"(5, 7, 19)",8,0.04,True,0.57,-0.0050000000000000044,False,,27,14.0,28.0,1.0,1.0,False,False,1
986,layer2.conv2,element,5,"(2, 5, 13)",3,0.015,True,0.56,0.004999999999999893,False,,50,-3.0,3.0,0.0,2.0,True,False,1
987,layer3.conv2,element,2,"(50, 1, 7)",0,0.0,False,0.565,0.0,False,,52,-4.0,-2.0,1.0,0.5,False,False,1
988,layer3.conv1,element,0,"(51, 6, 23)",0,0.0,False,0.565,0.0,False,,57,-10.0,-8.0,0.3219280242919922,0.20000000298023224,False,False,1
989,layer3.conv2,element,2,"(23, 3, 14)",0,0.0,False,0.565,0.0,False,,53,-5.0,-2.5,0.9999998807907104,0.5,False,False,1
990,layer3.conv2,element,3,"(45, 11, 11)",0,0.0,False,0.565,0.0,False,,56,-8.0,-2.0,2.0,0.75,False,False,1
991,fc,element,2,"(50, 0, 23)",1,0.005,True,0.565,0.0,False,,28,16.0,8.0,1.0,0.5,False,False,1
992,layer2.conv2,element,4,"(18, 4, 28)",0,0.0,False,0.565,0.0,False,,24,8.0,0.5,4.0,0.9375,False,False,1
993,layer3.conv2,element,2,"(37, 0, 12)",0,0.0,False,0.565,0.0,False,,49,-2.5,-5.0,0.9999998807907104,1.0,False,False,1
994,layer3.conv1,element,5,"(41, 5, 11)",5,0.025,True,0.56,0.004999999999999893,False,,53,-5.0,5.0,0.0,2.0,True,False,1
995,fc,element,0,"(98, 1, 21)",1,0.005,True,0.565,0.0,False,,24,8.0,10.0,0.3219280242919922,0.25,False,False,1
996,layer3.conv2,element,5,"(58, 8, 23)",3,0.015,True,0.56,0.004999999999999893,False,,60,-16.0,16.0,0.0,2.0,True,False,1
997,layer3.conv2,element,5,"(0, 9, 7)",0,0.0,False,0.565,0.0,False,,57,-10.0,10.0,0.0,2.0,True,False,1
998,layer2.conv2,element,2,"(4, 5, 5)",2,0.01,True,0.555,0.009999999999999898,False,,18,3.0,6.0,1.0000001192092896,1.0,False,False,1
999,layer2.conv1,element,5,"(27, 0, 0)",3,0.015,True,0.565,0.0,False,,19,3.5,-3.5,0.0,2.0,True,False,1
1000,layer3.conv2,element,0,"(62, 0, 12)",0,0.0,False,0.565,0.0,False,,27,14.0,12.0,0.22239232063293457,0.1428571492433548,False,False,1
1001,layer3.conv2,element,5,"(19, 6, 15)",4,0.02,True,0.555,0.009999999999999898,False,,30,24.0,-24.0,0.0,2.0,True,False,1
1002,layer3.conv2,element,3,"(46, 4, 5)",1,0.005,True,0.56,0.004999999999999893,False,,61,-20.0,-5.0,2.0,0.75,False,False,1
1003,layer3.conv2,element,4,"(20, 8, 15)",3,0.015,True,0.555,0.009999999999999898,False,,59,-14.0,-0.875,4.0,0.9375,False,False,1
1004,layer3.conv1,element,3,"(10, 6, 13)",0,0.0,False,0.565,0.0,False,,24,8.0,2.0,2.0,0.75,False,False,1
1005,layer3.conv2,element,0,"(15, 16, 5)",0,0.0,False,0.565,0.0,False,,53,-5.0,-4.0,0.3219280242919922,0.20000000298023224,False,False,1
1006,layer3.conv2,element,0,"(8, 3, 29)",0,0.0,False,0.565,0.0,False,,22,6.0,7.0,0.22239232063293457,0.1666666716337204,False,False,1
1007,layer3.conv2,element,4,"(36, 9, 23)",1,0.005,True,0.565,0.0,False,,15,1.75,28.0,4.0,15.0,False,False,1
1008,layer3.conv2,element,2,"(62, 14, 11)",4,0.02,True,0.55,0.014999999999999902,False,,26,12.0,24.0,0.9999997615814209,1.0,False,False,1
1009,layer2.conv1,element,1,"(0, 0, 16)",2,0.01,True,0.555,0.009999999999999898,False,,61,-20.0,-28.0,0.4854269027709961,0.4000000059604645,False,False,1
1010,layer3.conv1,element,0,"(51, 5, 6)",0,0.0,False,0.565,0.0,False,,28,16.0,20.0,0.3219280242919922,0.25,False,False,1
1011,layer3.conv2,element,0,"(60, 12, 2)",0,0.0,False,0.565,0.0,False,,54,-6.0,-7.0,0.22239232063293457,0.1666666716337204,False,False,1
1012,layer3.conv2,element,5,"(58, 13, 13)",0,0.0,False,0.565,0.0,False,,49,-2.5,2.5,0.0,2.0,True,False,1
1013,layer3.conv2,element,5,"(6, 9, 14)",0,0.0,False,0.565,0.0,False,,20,4.0,-4.0,0.0,2.0,True,False,1
1014,layer3.conv1,element,5,"(17, 3, 16)",2,0.01,True,0.565,0.0,False,,59,-14.0,14.0,0.0,2.0,True,False,1
1015,layer3.conv1,scale,7,"(63, 5)",200,1.0,True,0.0,0.565,True,,121,121.0,249.0,128.0,inf,False,False,32
1016,layer3.conv2,element,3,"(8, 1, 28)",2,0.01,True,0.565,0.0,False,,59,-14.0,-3.5,2.0,0.75,False,False,1
1017,fc,element,4,"(94, 1, 15)",0,0.0,False,0.565,0.0,False,,62,-24.0,-1.5,4.0,0.9375,False,False,1
1018,layer3.conv1,element,5,"(60, 8, 14)",0,0.0,False,0.565,0.0,False,,45,-1.25,1.25,0.0,2.0,True,False,1
1019,layer3.conv2,element,3,"(57, 1, 6)",0,0.0,False,0.565,0.0,False,,24,8.0,2.0,2.0,0.75,False,False,1
1020,layer2.conv2,element,4,"(28, 0, 2)",4,0.02,True,0.555,0.009999999999999898,False,,29,20.0,1.25,4.0,0.9375,False,False,1
1021,layer3.conv2,element,4,"(10, 5, 21)",0,0.0,False,0.565,0.0,False,,56,-8.0,-0.5,4.0,0.9375,False,False,1
1022,layer3.conv1,element,4,"(15, 5, 11)",1,0.005,True,0.56,0.004999999999999893,False,,52,-4.0,-0.25,4.0,0.9375,False,False,1
1023,layer3.conv2,element,4,"(59, 5, 6)",0,0.0,False,0.565,0.0,False,,53,-5.0,-0.3125,4.0,0.9375,False,False,1
1024,layer3.conv2,element,5,"(22, 15, 26)",2,0.01,True,0.56,0.004999999999999893,False,,27,14.0,-14.0,0.0,2.0,True,False,1
1025,layer3.conv2,element,2,"(21, 14, 13)",0,0.0,False,0.565,0.0,False,,20,4.0,2.0,1.0,0.5,False,False,1
1026,layer3.conv1,element,4,"(41, 7, 5)",3,0.015,True,0.565,0.0,False,,60,-16.0,-1.0,4.0,0.9375,False,False,1
1027,layer3.conv2,element,4,"(61, 5, 23)",0,0.0,False,0.565,0.0,False,,23,7.0,0.4375,4.0,0.9375,False,False,1
1028,layer3.conv1,element,5,"(61, 7, 29)",2,0.01,True,0.57,-0.0050000000000000044,False,,60,-16.0,16.0,0.0,2.0,True,False,1
1029,layer3.conv2,element,4,"(25, 14, 31)",0,0.0,False,0.565,0.0,False,,52,-4.0,-0.25,4.0,0.9375,False,False,1
1030,layer3.conv2,element,5,"(60, 13, 16)",1,0.005,True,0.57,-0.0050000000000000044,False,,53,-5.0,5.0,0.0,2.0,True,False,1
1031,layer1.conv1,element,4,"(1, 2, 1)",0,0.0,False,0.565,0.0,False,,19,3.5,0.1875,4.2223920822143555,0.9464285969734192,False,False,1
1032,layer3.conv1,element,3,"(31, 7, 7)",0,0.0,False,0.565,0.0,False,,48,-2.0,-8.0,2.0,3.0,False,False,1
1033,layer3.conv2,element,5,"(18, 12, 22)",3,0.015,True,0.555,0.009999999999999898,False,,60,-16.0,16.0,0.0,2.0,True,False,1
1034,layer2.conv1,element,5,"(5, 3, 27)",1,0.005,True,0.56,0.004999999999999893,False,,17,2.5,-2.5,0.0,2.0,True,False,1
1035,layer1.conv1,element,1,"(14, 4, 3)",0,0.0,False,0.565,0.0,False,,25,10.0,14.0,0.4854269027709961,0.4000000059604645,False,False,1
1036,layer3.conv1,element,4,"(28, 7, 2)",2,0.01,True,0.56,0.004999999999999893,False,,55,-7.0,-0.4375,4.0,0.9375,False,False,1
1037,layer3.conv1,element,3,"(23, 4, 7)",0,0.0,False,0.565,0.0,False,,34,-0.125,-0.75,2.5849623680114746,5.0,False,False,1
1038,layer3.conv1,element,1,"(63, 6, 9)",0,0.0,False,0.565,0.0,False,,37,-0.3125,-0.4375,0.48542678356170654,0.4000000059604645,False,False,1
1039,layer2.conv1,element,1,"(16, 0, 10)",1,0.005,True,0.565,0.0,False,,57,-10.0,-14.0,0.4854269027709961,0.4000000059604645,False,False,1
1040,layer3.shortcut.0,element,3,"(9, 0, 19)",8,0.04,True,0.55,0.014999999999999902,False,,53,-5.0,-20.0,2.0,3.0,False,False,1
1041,layer2.conv2,element,1,"(18, 1, 20)",0,0.0,False,0.565,0.0,False,,6,0.375,0.25,0.5849624872207642,0.3333333432674408,False,False,1
1042,layer3.conv2,element,0,"(61, 12, 19)",0,0.0,False,0.565,0.0,False,,22,6.0,7.0,0.22239232063293457,0.1666666716337204,False,False,1
1043,layer2.conv2,element,3,"(20, 3, 7)",0,0.0,False,0.565,0.0,False,,8,0.5,0.0,inf,1.0,False,False,1
1044,layer2.conv2,element,0,"(27, 6, 12)",3,0.015,True,0.55,0.014999999999999902,False,,26,12.0,14.0,0.22239232063293457,0.1666666716337204,False,False,1
1045,layer3.conv2,element,1,"(1, 8, 7)",0,0.0,False,0.565,0.0,False,,25,10.0,14.0,0.4854269027709961,0.4000000059604645,False,False,1
1046,layer3.conv2,element,2,"(52, 15, 9)",4,0.02,True,0.55,0.014999999999999902,False,,27,14.0,28.0,1.0,1.0,False,False,1
1047,layer3.conv2,element,0,"(11, 9, 26)",0,0.0,False,0.565,0.0,False,,59,-14.0,-12.0,0.22239232063293457,0.1428571492433548,False,False,1
1048,layer1.conv1,element,0,"(12, 0, 18)",0,0.0,False,0.565,0.0,False,,24,8.0,10.0,0.3219280242919922,0.25,False,False,1
1049,layer3.conv2,scale,4,"(9, 8)",2,0.01,True,0.565,0.0,False,,122,122.0,106.0,16.0,inf,False,False,32
1050,layer2.conv2,element,2,"(11, 1, 26)",0,0.0,False,0.565,0.0,False,,50,-3.0,-6.0,1.0000001192092896,1.0,False,False,1
1051,layer1.conv1,element,5,"(15, 0, 20)",0,0.0,False,0.565,0.0,False,,49,-2.5,2.5,0.0,2.0,True,False,1
1052,layer3.conv1,element,1,"(26, 6, 28)",0,0.0,False,0.565,0.0,False,,22,6.0,4.0,0.5849626064300537,0.3333333432674408,False,False,1
1053,layer3.conv2,element,4,"(52, 9, 12)",0,0.0,False,0.565,0.0,False,,19,3.5,0.1875,4.2223920822143555,0.9464285969734192,False,False,1
1054,layer3.conv2,element,2,"(40, 3, 2)",1,0.005,True,0.565,0.0,False,,29,20.0,10.0,1.0,0.5,False,False,1
1055,layer3.conv2,element,2,"(43, 9, 26)",0,0.0,False,0.565,0.0,False,,21,5.0,2.5,0.9999998807907104,0.5,False,False,1
1056,layer3.conv1,element,5,"(8, 6, 22)",0,0.0,False,0.565,0.0,False,,16,2.0,-2.0,0.0,2.0,True,False,1
1057,layer3.conv1,element,2,"(10, 0, 7)",2,0.01,True,0.56,0.004999999999999893,False,,57,-10.0,-20.0,1.0,1.0,False,False,1
1058,layer3.conv2,element,5,"(31, 6, 16)",0,0.0,False,0.565,0.0,False,,55,-7.0,7.0,0.0,2.0,True,False,1
1059,layer3.conv2,element,1,"(49, 9, 3)",0,0.0,False,0.565,0.0,False,,53,-5.0,-7.0,0.4854269027709961,0.4000000059604645,False,False,1
1060,layer2.conv1,element,4,"(2, 3, 16)",7,0.035,True,0.55,0.014999999999999902,False,,26,12.0,0.75,4.0,0.9375,False,False,1
1061,layer1.conv1,element,1,"(5, 2, 21)",1,0.005,True,0.56,0.004999999999999893,False,,55,-7.0,-5.0,0.4854269027709961,0.2857142984867096,False,False,1
1062,layer3.conv2,element,2,"(63, 13, 19)",0,0.0,False,0.565,0.0,False,,19,3.5,7.0,1.0,1.0,False,False,1
1063,layer3.conv2,element,4,"(20, 0, 2)",2,0.01,True,0.555,0.009999999999999898,False,,53,-5.0,-0.3125,4.0,0.9375,False,False,1
1064,layer3.conv2,element,0,"(32, 14, 31)",0,0.0,False,0.565,0.0,False,,17,2.5,2.0,0.32192814350128174,0.20000000298023224,False,False,1
1065,layer3.conv1,scale,1,"(57, 5)",25,0.125,True,0.56,0.004999999999999893,False,,119,119.0,117.0,2.0,inf,False,False,32
1066,layer2.conv2,element,2,"(10, 3, 11)",0,0.0,False,0.565,0.0,False,,29,20.0,10.0,1.0,0.5,False,False,1
1067,fc,element,1,"(86, 0, 25)",0,0.0,False,0.565,0.0,False,,43,-0.875,-0.625,0.4854268431663513,0.2857142984867096,False,False,1
1068,layer1.conv1,element,0,"(7, 0, 29)",0,0.0,False,0.565,0.0,False,,53,-5.0,-4.0,0.3219280242919922,0.20000000298023224,False,False,1
1069,layer3.conv1,element,1,"(51, 7, 13)",0,0.0,False,0.565,0.0,False,,24,8.0,12.0,0.5849626064300537,0.5,False,False,1
1070,layer3.conv2,element,3,"(22, 5, 29)",1,0.005,True,0.56,0.004999999999999893,False,,52,-4.0,-16.0,2.0,3.0,False,False,1
1071,layer2.conv2,element,0,"(8, 5, 26)",0,0.0,False,0.565,0.0,False,,20,4.0,5.0,0.3219280242919922,0.25,False,False,1
1072,layer3.conv2,element,3,"(56, 15, 20)",0,0.0,False,0.565,0.0,False,,21,5.0,20.0,2.0,3.0,False,False,1
1073,layer3.conv2,element,0,"(21, 15, 15)",0,0.0,False,0.565,0.0,False,,21,5.0,4.0,0.3219280242919922,0.20000000298023224,False,False,1
1074,layer3.conv1,element,2,"(9, 8, 30)",1,0.005,True,0.565,0.0,False,,57,-10.0,-20.0,1.0,1.0,False,False,1
1075,layer3.conv2,element,4,"(14, 4, 16)",0,0.0,False,0.565,0.0,False,,26,12.0,0.75,4.0,0.9375,False,False,1
1076,layer3.conv2,element,2,"(36, 11, 9)",0,0.0,False,0.565,0.0,False,,62,-24.0,-12.0,0.9999997615814209,0.5,False,False,1
1077,layer2.conv2,element,4,"(6, 6, 22)",2,0.01,True,0.555,0.009999999999999898,False,,53,-5.0,-0.3125,4.0,0.9375,False,False,1
1078,layer3.conv1,element,3,"(56, 4, 20)",3,0.015,True,0.565,0.0,False,,26,12.0,3.0,2.0,0.75,False,False,1
1079,layer3.shortcut.0,element,5,"(32, 0, 27)",2,0.01,True,0.56,0.004999999999999893,False,,55,-7.0,7.0,0.0,2.0,True,False,1
1080,layer3.conv2,element,0,"(63, 6, 3)",0,0.0,False,0.565,0.0,False,,26,12.0,14.0,0.22239232063293457,0.1666666716337204,False,False,1
1081,layer2.conv2,element,2,"(31, 3, 16)",0,0.0,False,0.565,0.0,False,,52,-4.0,-2.0,1.0,0.5,False,False,1
1082,layer3.conv1,element,4,"(38, 6, 26)",0,0.0,False,0.565,0.0,False,,18,3.0,0.125,4.584962368011475,0.9583333134651184,False,False,1
1083,layer3.conv2,element,1,"(62, 4, 3)",0,0.0,False,0.565,0.0,False,,57,-10.0,-14.0,0.4854269027709961,0.4000000059604645,False,False,1
1084,layer3.conv1,element,2,"(54, 7, 3)",0,0.0,False,0.565,0.0,False,,46,-1.5,-0.75,1.0,0.5,False,False,1
1085,layer2.conv2,element,0,"(18, 4, 7)",0,0.0,False,0.565,0.0,False,,49,-2.5,-2.0,0.32192814350128174,0.20000000298023224,False,False,1
1086,layer3.conv1,element,3,"(60, 2, 24)",0,0.0,False,0.565,0.0,False,,41,-0.625,-0.0625,3.321928024291992,0.8999999761581421,False,False,1
1087,layer3.conv2,element,5,"(40, 12, 26)",0,0.0,False,0.565,0.0,False,,51,-3.5,3.5,0.0,2.0,True,False,1
1088,fc,element,4,"(20, 0, 23)",0,0.0,False,0.565,0.0,False,,56,-8.0,-0.5,4.0,0.9375,False,False,1
1089,layer3.conv2,element,3,"(10, 1, 28)",1,0.005,True,0.57,-0.0050000000000000044,False,,56,-8.0,-2.0,2.0,0.75,False,False,1
1090,fc,element,0,"(78, 0, 8)",1,0.005,True,0.565,0.0,False,,59,-14.0,-12.0,0.22239232063293457,0.1428571492433548,False,False,1
1091,layer2.conv2,element,2,"(27, 8, 11)",0,0.0,False,0.565,0.0,False,,40,-0.5,-1.0,1.0,1.0,False,False,1
1092,layer3.conv2,element,4,"(60, 17, 25)",0,0.0,False,0.565,0.0,False,,31,28.0,1.75,4.0,0.9375,False,False,1
1093,layer3.conv2,element,3,"(32, 6, 0)",0,0.0,False,0.565,0.0,False,,40,-0.5,-0.0,inf,1.0,False,False,1
1094,layer3.shortcut.0,element,3,"(10, 0, 25)",2,0.01,True,0.565,0.0,False,,16,2.0,8.0,2.0,3.0,False,False,1
1095,layer1.conv1,element,3,"(12, 1, 0)",0,0.0,False,0.565,0.0,False,,58,-12.0,-3.0,2.0,0.75,False,False,1
1096,layer2.conv1,element,2,"(0, 2, 2)",2,0.01,True,0.57,-0.0050000000000000044,False,,61,-20.0,-10.0,1.0,0.5,False,False,1
1097,layer3.conv2,element,4,"(1, 10, 14)",0,0.0,False,0.565,0.0,False,,28,16.0,1.0,4.0,0.9375,False,False,1
1098,layer1.conv1,element,4,"(7, 0, 6)",14,0.07,True,0.555,0.009999999999999898,False,,60,-16.0,-1.0,4.0,0.9375,False,False,1
1099,layer3.conv2,element,1,"(42, 17, 1)",0,0.0,False,0.565,0.0,False,,58,-12.0,-8.0,0.5849626064300537,0.3333333432674408,False,False,1
1100,layer3.conv2,element,4,"(51, 5, 17)",0,0.0,False,0.565,0.0,False,,23,7.0,0.4375,4.0,0.9375,False,False,1
1101,layer1.conv1,element,2,"(9, 2, 31)",26,0.13,True,0.565,0.0,False,,26,12.0,24.0,0.9999997615814209,1.0,False,False,1
1102,layer2.conv1,element,5,"(14, 3, 9)",10,0.05,True,0.56,0.004999999999999893,False,,26,12.0,-12.0,0.0,2.0,True,False,1
1103,layer3.conv2,element,2,"(49, 4, 5)",2,0.01,True,0.56,0.004999999999999893,False,,25,10.0,20.0,1.0,1.0,False,False,1
1104,layer3.conv2,element,2,"(9, 6, 31)",1,0.005,True,0.56,0.004999999999999893,False,,50,-3.0,-6.0,1.0000001192092896,1.0,False,False,1
1105,layer3.conv2,element,5,"(15, 10, 8)",3,0.015,True,0.56,0.004999999999999893,False,,58,-12.0,12.0,0.0,2.0,True,False,1
1106,layer2.conv1,scale,5,"(11, 4)",14,0.07,True,0.54,0.02499999999999991,False,,119,119.0,87.0,32.0,inf,False,False,32
1107,layer3.shortcut.0,element,1,"(60, 0, 31)",0,0.0,False,0.565,0.0,False,,48,-2.0,-3.0,0.5849624872207642,0.5,False,False,1
1108,layer3.conv2,element,2,"(45, 10, 21)",0,0.0,False,0.565,0.0,False,,23,7.0,3.5,1.0,0.5,False,False,1
1109,layer3.conv1,element,0,"(63, 0, 27)",0,0.0,False,0.565,0.0,False,,27,14.0,12.0,0.22239232063293457,0.1428571492433548,False,False,1
1110,layer3.conv1,element,3,"(3, 1, 7)",1,0.005,True,0.565,0.0,False,,27,14.0,3.5,2.0,0.75,False,False,1
1111,layer2.conv2,element,3,"(23, 7, 5)",1,0.005,True,0.565,0.0,False,,15,1.75,0.4375,2.0,0.75,False,False,1
1112,layer2.conv1,element,4,"(15, 2, 27)",8,0.04,True,0.555,0.009999999999999898,False,,22,6.0,0.375,4.0,0.9375,False,False,1
1113,layer3.conv2,element,1,"(6, 3, 15)",0,0.0,False,0.565,0.0,False,,60,-16.0,-24.0,0.5849623680114746,0.5,False,False,1
1114,fc,element,3,"(81, 0, 14)",3,0.015,True,0.56,0.004999999999999893,False,,22,6.0,24.0,1.999999761581421,3.0,False,False,1
1115,layer2.conv2,element,2,"(16, 0, 8)",0,0.0,False,0.565,0.0,False,,52,-4.0,-2.0,1.0,0.5,False,False,1
1116,layer3.conv2,element,3,"(30, 5, 18)",0,0.0,False,0.565,0.0,False,,15,1.75,0.4375,2.0,0.75,False,False,1
1117,layer2.conv2,element,3,"(6, 4, 14)",0,0.0,False,0.565,0.0,False,,57,-10.0,-2.5,1.9999998807907104,0.75,False,False,1
1118,layer1.conv2,element,4,"(6, 2, 8)",7,0.035,True,0.555,0.009999999999999898,False,,45,-1.25,-20.0,4.0,15.0,False,False,1
1119,layer3.conv2,element,2,"(2, 14, 20)",0,0.0,False,0.565,0.0,False,,12,1.0,0.5,1.0,0.5,False,False,1
1120,layer3.conv2,element,3,"(5, 3, 21)",0,0.0,False,0.565,0.0,False,,50,-3.0,-12.0,2.0,3.0,False,False,1
1121,layer3.conv2,element,3,"(58, 14, 17)",1,0.005,True,0.56,0.004999999999999893,False,,58,-12.0,-3.0,2.0,0.75,False,False,1
1122,layer3.conv2,element,3,"(3, 0, 6)",0,0.0,False,0.565,0.0,False,,48,-2.0,-8.0,2.0,3.0,False,False,1
1123,layer3.conv1,element,1,"(12, 0, 26)",0,0.0,False,0.565,0.0,False,,31,28.0,20.0,0.4854269027709961,0.2857142984867096,False,False,1
1124,layer1.conv2,element,5,"(2, 0, 4)",8,0.04,True,0.55,0.014999999999999902,False,,22,6.0,-6.0,0.0,2.0,True,False,1
1125,fc,element,3,"(11, 0, 21)",0,0.0,False,0.565,0.0,False,,26,12.0,3.0,2.0,0.75,False,False,1
1126,layer3.conv1,element,3,"(29, 1, 31)",0,0.0,False,0.565,0.0,False,,21,5.0,20.0,2.0,3.0,False,False,1
1127,layer3.conv2,element,5,"(51, 6, 26)",2,0.01,True,0.56,0.004999999999999893,False,,25,10.0,-10.0,0.0,2.0,True,False,1
1128,layer3.conv1,element,4,"(20, 6, 0)",0,0.0,False,0.565,0.0,False,,49,-2.5,-0.0625,5.321928024291992,0.9750000238418579,False,False,1
1129,layer3.conv2,scale,4,"(61, 1)",12,0.06,True,0.56,0.004999999999999893,False,,122,122.0,106.0,16.0,inf,False,False,32
1130,fc,element,5,"(41, 1, 20)",2,0.01,True,0.565,0.0,False,,52,-4.0,4.0,0.0,2.0,True,False,1
1131,layer3.conv1,element,0,"(54, 3, 19)",0,0.0,False,0.565,0.0,False,,26,12.0,14.0,0.22239232063293457,0.1666666716337204,False,False,1
1132,fc,element,0,"(39, 0, 6)",0,0.0,False,0.565,0.0,False,,55,-7.0,-6.0,0.22239232063293457,0.1428571492433548,False,False,1
1133,fc,element,5,"(47, 0, 5)",0,0.0,False,0.565,0.0,False,,54,-6.0,6.0,0.0,2.0,True,False,1
1134,layer3.conv2,element,0,"(18, 5, 29)",0,0.0,False,0.565,0.0,False,,22,6.0,7.0,0.22239232063293457,0.1666666716337204,False,False,1
1135,layer3.conv2,element,4,"(54, 1, 22)",1,0.005,True,0.56,0.004999999999999893,False,,22,6.0,0.375,4.0,0.9375,False,False,1
1136,layer3.conv1,element,0,"(50, 8, 4)",0,0.0,False,0.565,0.0,False,,17,2.5,2.0,0.32192814350128174,0.20000000298023224,False,False,1
1137,layer2.conv2,element,2,"(3, 4, 20)",0,0.0,False,0.565,0.0,False,,53,-5.0,-2.5,0.9999998807907104,0.5,False,False,1
1138,layer3.conv2,element,5,"(45, 4, 28)",0,0.0,False,0.565,0.0,False,,52,-4.0,4.0,0.0,2.0,True,False,1
1139,layer3.conv1,element,4,"(57, 6, 22)",0,0.0,False,0.565,0.0,False,,61,-20.0,-1.25,4.0,0.9375,False,False,1
1140,layer3.conv2,element,5,"(3, 14, 30)",1,0.005,True,0.565,0.0,False,,57,-10.0,10.0,0.0,2.0,True,False,1
1141,layer3.conv1,scale,6,"(3, 1)",14,0.07,True,0.56,0.004999999999999893,False,,119,119.0,55.0,64.0,inf,False,False,32
1142,layer3.shortcut.0,element,4,"(11, 0, 23)",1,0.005,True,0.56,0.004999999999999893,False,,17,2.5,0.0625,5.321928024291992,0.9750000238418579,False,False,1
1143,layer3.conv2,element,0,"(9, 2, 21)",0,0.0,False,0.565,0.0,False,,49,-2.5,-2.0,0.32192814350128174,0.20000000298023224,False,False,1
1144,layer3.conv2,element,0,"(58, 15, 29)",0,0.0,False,0.565,0.0,False,,19,3.5,3.0,0.22239243984222412,0.1428571492433548,False,False,1
1145,layer3.conv2,element,5,"(31, 13, 4)",0,0.0,False,0.565,0.0,False,,33,-0.0625,0.0625,0.0,2.0,True,False,1
1146,fc,element,5,"(83, 1, 17)",0,0.0,False,0.565,0.0,False,,47,-1.75,1.75,0.0,2.0,True,False,1
1147,layer1.conv2,element,1,"(2, 4, 4)",0,0.0,False,0.565,0.0,False,,55,-7.0,-5.0,0.4854269027709961,0.2857142984867096,False,False,1
1148,layer3.conv2,element,2,"(56, 17, 25)",0,0.0,False,0.565,0.0,False,,7,0.4375,0.1875,1.2223923206329346,0.5714285969734192,False,False,1
1149,layer3.conv2,element,5,"(3, 8, 10)",1,0.005,True,0.565,0.0,False,,53,-5.0,5.0,0.0,2.0,True,False,1
1150,layer2.conv2,element,5,"(3, 6, 28)",4,0.02,True,0.565,0.0,False,,54,-6.0,6.0,0.0,2.0,True,False,1
1151,fc,element,2,"(97, 0, 31)",1,0.005,True,0.57,-0.0050000000000000044,False,,54,-6.0,-3.0,1.0000001192092896,0.5,False,False,1
1152,layer3.conv1,element,4,"(12, 0, 12)",0,0.0,False,0.565,0.0,False,,63,-28.0,-1.75,4.0,0.9375,False,False,1
1153,layer3.conv2,element,1,"(17, 7, 19)",1,0.005,True,0.565,0.0,False,,30,24.0,16.0,0.5849623680114746,0.3333333432674408,False,False,1
1154,layer3.conv1,element,0,"(31, 7, 11)",0,0.0,False,0.565,0.0,False,,48,-2.0,-2.5,0.32192814350128174,0.25,False,False,1
1155,layer3.conv1,element,0,"(42, 3, 12)",0,0.0,False,0.565,0.0,False,,22,6.0,7.0,0.22239232063293457,0.1666666716337204,False,False,1
1156,layer3.conv1,element,3,"(6, 0, 30)",3,0.015,True,0.565,0.0,False,,24,8.0,2.0,2.0,0.75,False,False,1
1157,layer3.conv2,element,3,"(41, 11, 30)",1,0.005,True,0.565,0.0,False,,21,5.0,20.0,2.0,3.0,False,False,1
1158,layer3.conv2,scale,1,"(7, 10)",7,0.035,True,0.56,0.004999999999999893,False,,122,122.0,120.0,2.0,inf,False,False,32
1159,layer1.conv2,element,5,"(12, 1, 27)",0,0.0,False,0.565,0.0,False,,17,2.5,-2.5,0.0,2.0,True,False,1
1160,layer3.conv2,element,4,"(15, 17, 5)",0,0.0,False,0.565,0.0,False,,53,-5.0,-0.3125,4.0,0.9375,False,False,1
1161,layer3.conv1,element,2,"(14, 5, 26)",0,0.0,False,0.565,0.0,False,,19,3.5,7.0,1.0,1.0,False,False,1
1162,layer3.conv1,element,3,"(48, 8, 4)",1,0.005,True,0.56,0.004999999999999893,False,,58,-12.0,-3.0,2.0,0.75,False,False,1
1163,layer3.conv2,element,2,"(7, 11, 6)",2,0.01,True,0.56,0.004999999999999893,False,,57,-10.0,-20.0,1.0,1.0,False,False,1
1164,layer3.conv2,element,2,"(50, 2, 7)",0,0.0,False,0.565,0.0,False,,47,-1.75,-0.875,1.0,0.5,False,False,1
1165,layer3.conv2,element,1,"(7, 11, 17)",0,0.0,False,0.565,0.0,False,,56,-8.0,-12.0,0.5849626064300537,0.5,False,False,1
1166,layer3.conv2,element,2,"(23, 0, 11)",0,0.0,False,0.565,0.0,False,,47,-1.75,-0.875,1.0,0.5,False,False,1
1167,layer2.conv2,element,1,"(17, 1, 10)",0,0.0,False,0.565,0.0,False,,54,-6.0,-4.0,0.5849626064300537,0.3333333432674408,False,False,1
1168,layer3.conv1,element,2,"(33, 3, 23)",0,0.0,False,0.565,0.0,False,,55,-7.0,-3.5,1.0,0.5,False,False,1
1169,fc,element,2,"(22, 0, 24)",0,0.0,False,0.565,0.0,False,,23,7.0,3.5,1.0,0.5,False,False,1
1170,layer3.conv2,element,2,"(61, 16, 11)",0,0.0,False,0.565,0.0,False,,21,5.0,2.5,0.9999998807907104,0.5,False,False,1
1171,layer3.conv1,element,1,"(0, 3, 1)",0,0.0,False,0.565,0.0,False,,24,8.0,12.0,0.5849626064300537,0.5,False,False,1
1172,layer3.shortcut.0,element,0,"(50, 0, 10)",0,0.0,False,0.565,0.0,False,,22,6.0,7.0,0.22239232063293457,0.1666666716337204,False,False,1
1173,layer3.conv1,element,1,"(38, 0, 20)",0,0.0,False,0.565,0.0,False,,27,14.0,10.0,0.4854269027709961,0.2857142984867096,False,False,1
1174,layer2.conv1,element,2,"(23, 3, 22)",3,0.015,True,0.55,0.014999999999999902,False,,25,10.0,20.0,1.0,1.0,False,False,1
1175,layer3.conv1,element,5,"(40, 2, 13)",4,0.02,True,0.555,0.009999999999999898,False,,28,16.0,-16.0,0.0,2.0,True,False,1
1176,layer3.conv2,element,5,"(3, 17, 30)",3,0.015,True,0.57,-0.0050000000000000044,False,,30,24.0,-24.0,0.0,2.0,True,False,1
1177,conv1,element,4,"(6, 0, 20)",2,0.01,True,0.56,0.004999999999999893,False,,16,2.0,0.0,inf,1.0,False,False,1
1178,layer3.conv2,element,1,"(55, 15, 13)",0,0.0,False,0.565,0.0,False,,20,4.0,6.0,0.5849626064300537,0.5,False,False,1
1179,layer3.conv2,element,3,"(39, 4, 19)",1,0.005,True,0.56,0.004999999999999893,False,,54,-6.0,-24.0,1.999999761581421,3.0,False,False,1
1180,layer3.conv1,element,4,"(43, 4, 16)",0,0.0,False,0.565,0.0,False,,3,0.1875,3.5,4.2223920822143555,17.66666603088379,False,False,1
1181,layer3.conv2,element,4,"(3, 4, 8)",0,0.0,False,0.565,0.0,False,,16,2.0,0.0,inf,1.0,False,False,1
1182,layer3.conv2,element,0,"(59, 13, 13)",0,0.0,False,0.565,0.0,False,,24,8.0,10.0,0.3219280242919922,0.25,False,False,1
1183,layer3.conv2,element,3,"(53, 15, 7)",0,0.0,False,0.565,0.0,False,,30,24.0,6.0,1.999999761581421,0.75,False,False,1
1184,layer2.conv1,element,1,"(25, 3, 27)",0,0.0,False,0.565,0.0,False,,23,7.0,5.0,0.4854269027709961,0.2857142984867096,False,False,1
1185,layer3.conv2,element,4,"(27, 9, 14)",5,0.025,True,0.555,0.009999999999999898,False,,28,16.0,1.0,4.0,0.9375,False,False,1
1186,layer3.conv1,element,2,"(24, 2, 28)",1,0.005,True,0.56,0.004999999999999893,False,,51,-3.5,-7.0,1.0,1.0,False,False,1
1187,layer3.conv1,element,0,"(57, 6, 21)",0,0.0,False,0.565,0.0,False,,60,-16.0,-20.0,0.3219280242919922,0.25,False,False,1
1188,layer3.conv2,element,0,"(36, 11, 30)",0,0.0,False,0.565,0.0,False,,22,6.0,7.0,0.22239232063293457,0.1666666716337204,False,False,1
1189,fc,element,1,"(3, 0, 21)",3,0.015,True,0.565,0.0,False,,28,16.0,24.0,0.5849623680114746,0.5,False,False,1
1190,fc,element,3,"(19, 0, 6)",0,0.0,False,0.565,0.0,False,,52,-4.0,-16.0,2.0,3.0,False,False,1
1191,layer3.conv1,element,2,"(11, 5, 15)",0,0.0,False,0.565,0.0,False,,53,-5.0,-2.5,0.9999998807907104,0.5,False,False,1
1192,layer3.conv2,element,3,"(35, 2, 6)",2,0.01,True,0.555,0.009999999999999898,False,,28,16.0,4.0,2.0,0.75,False,False,1
1193,fc,element,3,"(55, 1, 3)",0,0.0,False,0.565,0.0,False,,43,-0.875,-0.1875,2.2223923206329346,0.7857142686843872,False,False,1
1194,layer3.conv2,element,2,"(32, 7, 20)",1,0.005,True,0.565,0.0,False,,57,-10.0,-20.0,1.0,1.0,False,False,1
1195,layer3.conv2,element,1,"(45, 13, 0)",0,0.0,False,0.565,0.0,False,,25,10.0,14.0,0.4854269027709961,0.4000000059604645,False,False,1
1196,layer3.conv1,element,3,"(27, 6, 14)",0,0.0,False,0.565,0.0,False,,5,0.3125,1.25,2.0,3.0,False,False,1
1197,layer1.conv1,element,5,"(15, 0, 18)",3,0.015,True,0.565,0.0,False,,26,12.0,-12.0,0.0,2.0,True,False,1
1198,layer3.conv2,element,1,"(0, 0, 21)",0,0.0,False,0.565,0.0,False,,17,2.5,3.5,0.48542678356170654,0.4000000059604645,False,False,1
1199,fc,element,5,"(21, 0, 20)",1,0.005,True,0.56,0.004999999999999893,False,,21,5.0,-5.0,0.0,2.0,True,False,1
1200,layer2.conv2,element,0,"(10, 7, 19)",0,0.0,False,0.565,0.0,False,,25,10.0,8.0,0.3219280242919922,0.20000000298023224,False,False,1
1201,layer3.conv2,element,3,"(21, 14, 1)",8,0.04,True,0.565,0.0,False,,21,5.0,20.0,2.0,3.0,False,False,1
1202,layer3.conv2,element,4,"(0, 5, 13)",0,0.0,False,0.565,0.0,False,,22,6.0,0.375,4.0,0.9375,False,False,1
1203,layer3.conv1,element,4,"(14, 4, 11)",0,0.0,False,0.565,0.0,False,,22,6.0,0.375,4.0,0.9375,False,False,1
1204,layer1.conv2,element,5,"(14, 0, 14)",24,0.12,True,0.545,0.019999999999999907,False,,61,-20.0,20.0,0.0,2.0,True,False,1
1205,layer3.conv2,element,5,"(54, 3, 19)",3,0.015,True,0.565,0.0,False,,57,-10.0,10.0,0.0,2.0,True,False,1
1206,layer3.conv1,element,0,"(24, 6, 24)",0,0.0,False,0.565,0.0,False,,18,3.0,3.5,0.22239243984222412,0.1666666716337204,False,False,1
1207,layer3.conv2,element,5,"(40, 3, 1)",4,0.02,True,0.55,0.014999999999999902,False,,28,16.0,-16.0,0.0,2.0,True,False,1
1208,layer3.conv1,element,2,"(31, 6, 13)",1,0.005,True,0.565,0.0,False,,26,12.0,24.0,0.9999997615814209,1.0,False,False,1
1209,layer3.conv2,element,3,"(24, 8, 3)",0,0.0,False,0.565,0.0,False,,57,-10.0,-2.5,1.9999998807907104,0.75,False,False,1
1210,layer3.conv2,element,4,"(34, 10, 24)",0,0.0,False,0.565,0.0,False,,54,-6.0,-0.375,4.0,0.9375,False,False,1
1211,layer3.conv1,element,3,"(38, 8, 6)",0,0.0,False,0.565,0.0,False,,15,1.75,0.4375,2.0,0.75,False,False,1
1212,layer3.conv2,element,5,"(15, 11, 27)",0,0.0,False,0.565,0.0,False,,11,0.875,-0.875,0.0,2.0,True,False,1
1213,layer1.conv1,element,5,"(12, 3, 10)",8,0.04,True,0.56,0.004999999999999893,False,,28,16.0,-16.0,0.0,2.0,True,False,1
1214,layer3.conv2,element,0,"(7, 17, 28)",0,0.0,False,0.565,0.0,False,,57,-10.0,-8.0,0.3219280242919922,0.20000000298023224,False,False,1
1215,layer3.conv2,element,3,"(0, 2, 28)",1,0.005,True,0.56,0.004999999999999893,False,,53,-5.0,-20.0,2.0,3.0,False,False,1
1216,fc,element,5,"(94, 0, 7)",0,0.0,False,0.565,0.0,False,,45,-1.25,1.25,0.0,2.0,True,False,1
1217,layer2.conv2,element,5,"(26, 7, 2)",0,0.0,False,0.565,0.0,False,,39,-0.4375,0.4375,0.0,2.0,True,False,1
1218,layer3.conv2,element,4,"(58, 9, 19)",0,0.0,False,0.565,0.0,False,,57,-10.0,-0.625,4.0,0.9375,False,False,1
1219,layer3.conv1,element,1,"(32, 5, 1)",0,0.0,False,0.565,0.0,False,,17,2.5,3.5,0.48542678356170654,0.4000000059604645,False,False,1
1220,conv1,element,4,"(9, 0, 13)",22,0.11,True,0.54,0.02499999999999991,False,,45,-1.25,-20.0,4.0,15.0,False,False,1
1221,layer3.conv2,element,0,"(37, 13, 16)",0,0.0,False,0.565,0.0,False,,17,2.5,2.0,0.32192814350128174,0.20000000298023224,False,False,1
1222,layer3.conv2,element,2,"(47, 1, 4)",0,0.0,False,0.565,0.0,False,,14,1.5,0.75,1.0,0.5,False,False,1
1223,layer2.conv2,element,1,"(19, 1, 7)",0,0.0,False,0.565,0.0,False,,29,20.0,28.0,0.4854269027709961,0.4000000059604645,False,False,1
1224,layer3.conv1,element,4,"(8, 2, 29)",0,0.0,False,0.565,0.0,False,,56,-8.0,-0.5,4.0,0.9375,False,False,1
1225,layer3.conv2,element,5,"(49, 15, 24)",1,0.005,True,0.565,0.0,False,,55,-7.0,7.0,0.0,2.0,True,False,1
1226,layer3.conv1,element,4,"(12, 3, 22)",0,0.0,False,0.565,0.0,False,,19,3.5,0.1875,4.2223920822143555,0.9464285969734192,False,False,1
1227,layer3.conv2,element,1,"(60, 1, 25)",0,0.0,False,0.565,0.0,False,,56,-8.0,-12.0,0.5849626064300537,0.5,False,False,1
1228,layer3.conv1,element,3,"(31, 8, 0)",0,0.0,False,0.565,0.0,False,,52,-4.0,-16.0,2.0,3.0,False,False,1
1229,layer3.conv2,element,3,"(30, 1, 20)",2,0.01,True,0.565,0.0,False,,20,4.0,16.0,2.0,3.0,False,False,1
1230,fc,element,1,"(56, 0, 19)",0,0.0,False,0.565,0.0,False,,19,3.5,2.5,0.48542678356170654,0.2857142984867096,False,False,1
1231,layer3.conv1,element,5,"(12, 5, 18)",6,0.03,True,0.565,0.0,False,,27,14.0,-14.0,0.0,2.0,True,False,1
1232,layer2.conv1,element,2,"(27, 2, 28)",0,0.0,False,0.565,0.0,False,,44,-1.0,-0.5,1.0,0.5,False,False,1
1233,layer2.conv1,element,3,"(26, 0, 3)",3,0.015,True,0.56,0.004999999999999893,False,,21,5.0,20.0,2.0,3.0,False,False,1
1234,layer2.conv1,element,1,"(31, 0, 24)",0,0.0,False,0.565,0.0,False,,22,6.0,4.0,0.5849626064300537,0.3333333432674408,False,False,1
1235,layer3.conv2,element,5,"(61, 7, 19)",1,0.005,True,0.56,0.004999999999999893,False,,54,-6.0,6.0,0.0,2.0,True,False,1
1236,layer3.conv2,element,4,"(9, 3, 21)",1,0.005,True,0.56,0.004999999999999893,False,,25,10.0,0.625,4.0,0.9375,False,False,1
1237,layer3.conv1,element,2,"(48, 4, 7)",0,0.0,False,0.565,0.0,False,,51,-3.5,-7.0,1.0,1.0,False,False,1
1238,layer3.conv1,element,3,"(48, 5, 5)",0,0.0,False,0.565,0.0,False,,11,0.875,0.1875,2.2223923206329346,0.7857142686843872,False,False,1
1239,layer1.conv1,element,0,"(5, 3, 25)",1,0.005,True,0.56,0.004999999999999893,False,,53,-5.0,-4.0,0.3219280242919922,0.20000000298023224,False,False,1
1240,layer3.conv2,element,5,"(41, 11, 1)",0,0.0,False,0.565,0.0,False,,13,1.25,-1.25,0.0,2.0,True,False,1
1241,layer3.conv2,element,2,"(23, 6, 8)",1,0.005,True,0.56,0.004999999999999893,False,,25,10.0,20.0,1.0,1.0,False,False,1
1242,layer3.conv2,element,5,"(61, 4, 6)",0,0.0,False,0.565,0.0,False,,6,0.375,-0.375,0.0,2.0,True,False,1
1243,layer3.conv2,element,3,"(9, 16, 0)",2,0.01,True,0.56,0.004999999999999893,False,,27,14.0,3.5,2.0,0.75,False,False,1
1244,layer3.conv1,element,5,"(45, 1, 22)",0,0.0,False,0.565,0.0,False,,15,1.75,-1.75,0.0,2.0,True,False,1
1245,layer1.conv1,element,5,"(5, 1, 22)",8,0.04,True,0.57,-0.0050000000000000044,False,,56,-8.0,8.0,0.0,2.0,True,False,1
1246,layer3.conv2,element,4,"(33, 14, 11)",0,0.0,False,0.565,0.0,False,,51,-3.5,-0.1875,4.2223920822143555,0.9464285969734192,False,False,1
1247,layer3.conv2,element,2,"(24, 14, 20)",0,0.0,False,0.565,0.0,False,,60,-16.0,-8.0,1.0,0.5,False,False,1
1248,layer2.conv2,element,3,"(11, 3, 20)",8,0.04,True,0.575,-0.010000000000000009,False,,53,-5.0,-20.0,2.0,3.0,False,False,1
1249,layer3.conv2,element,1,"(35, 11, 28)",0,0.0,False,0.565,0.0,False,,53,-5.0,-7.0,0.4854269027709961,0.4000000059604645,False,False,1
1250,layer2.conv1,element,5,"(16, 1, 10)",12,0.06,True,0.55,0.014999999999999902,False,,62,-24.0,24.0,0.0,2.0,True,False,1
1251,layer3.conv2,element,2,"(0, 13, 22)",0,0.0,False,0.565,0.0,False,,36,-0.25,-0.0,inf,1.0,False,False,1
1252,layer3.conv2,element,0,"(38, 7, 22)",0,0.0,False,0.565,0.0,False,,17,2.5,2.0,0.32192814350128174,0.20000000298023224,False,False,1
1253,layer3.conv2,element,5,"(54, 8, 7)",0,0.0,False,0.565,0.0,False,,17,2.5,-2.5,0.0,2.0,True,False,1
1254,layer3.conv1,element,1,"(52, 8, 25)",2,0.01,True,0.555,0.009999999999999898,False,,59,-14.0,-10.0,0.4854269027709961,0.2857142984867096,False,False,1
1255,layer3.conv1,element,1,"(12, 3, 9)",0,0.0,False,0.565,0.0,False,,26,12.0,8.0,0.5849626064300537,0.3333333432674408,False,False,1
1256,layer3.conv2,element,0,"(62, 15, 0)",0,0.0,False,0.565,0.0,False,,59,-14.0,-12.0,0.22239232063293457,0.1428571492433548,False,False,1
1257,layer3.conv2,element,5,"(16, 10, 19)",0,0.0,False,0.565,0.0,False,,26,12.0,-12.0,0.0,2.0,True,False,1
1258,layer3.conv2,element,4,"(35, 11, 11)",4,0.02,True,0.555,0.009999999999999898,False,,47,-1.75,-28.0,4.0,15.0,False,False,1
1259,layer2.conv2,element,2,"(29, 8, 2)",6,0.03,True,0.565,0.0,False,,26,12.0,24.0,0.9999997615814209,1.0,False,False,1
1260,layer3.conv2,element,1,"(6, 1, 0)",1,0.005,True,0.56,0.004999999999999893,False,,28,16.0,24.0,0.5849623680114746,0.5,False,False,1
1261,layer2.conv1,element,0,"(10, 0, 26)",0,0.0,False,0.565,0.0,False,,41,-0.625,-0.5,0.32192808389663696,0.20000000298023224,False,False,1
1262,layer3.conv2,element,4,"(56, 10, 10)",0,0.0,False,0.565,0.0,False,,56,-8.0,-0.5,4.0,0.9375,False,False,1
1263,layer3.conv2,element,1,"(33, 9, 26)",0,0.0,False,0.565,0.0,False,,45,-1.25,-1.75,0.4854268431663513,0.4000000059604645,False,False,1
1264,layer3.conv2,element,4,"(14, 5, 27)",0,0.0,False,0.565,0.0,False,,61,-20.0,-1.25,4.0,0.9375,False,False,1
1265,layer2.conv1,element,4,"(18, 2, 31)",9,0.045,True,0.54,0.02499999999999991,False,,11,0.875,14.0,4.0,15.0,False,False,1
1266,layer3.conv1,element,2,"(53, 3, 9)",5,0.025,True,0.555,0.009999999999999898,False,,26,12.0,24.0,0.9999997615814209,1.0,False,False,1
1267,layer3.conv2,element,1,"(63, 2, 30)",0,0.0,False,0.565,0.0,False,,58,-12.0,-8.0,0.5849626064300537,0.3333333432674408,False,False,1
1268,fc,element,2,"(39, 1, 2)",0,0.0,False,0.565,0.0,False,,16,2.0,4.0,1.0,1.0,False,False,1
1269,fc,element,5,"(57, 1, 29)",2,0.01,True,0.57,-0.0050000000000000044,False,,57,-10.0,10.0,0.0,2.0,True,False,1
1270,layer3.conv2,element,0,"(54, 0, 5)",0,0.0,False,0.565,0.0,False,,18,3.0,3.5,0.22239243984222412,0.1666666716337204,False,False,1
1271,layer3.conv2,element,0,"(53, 12, 9)",0,0.0,False,0.565,0.0,False,,21,5.0,4.0,0.3219280242919922,0.20000000298023224,False,False,1
1272,layer3.conv2,scale,5,"(18, 1)",9,0.045,True,0.565,0.0,False,,122,122.0,90.0,32.0,inf,False,False,32
1273,layer3.conv2,element,5,"(50, 13, 10)",1,0.005,True,0.56,0.004999999999999893,False,,26,12.0,-12.0,0.0,2.0,True,False,1
1274,layer3.conv2,element,3,"(61, 15, 1)",3,0.015,True,0.555,0.009999999999999898,False,,28,16.0,4.0,2.0,0.75,False,False,1
1275,layer1.conv1,element,3,"(13, 1, 19)",7,0.035,True,0.56,0.004999999999999893,False,,18,3.0,12.0,2.0,3.0,False,False,1
1276,layer2.conv2,element,2,"(19, 3, 1)",4,0.02,True,0.555,0.009999999999999898,False,,27,14.0,28.0,1.0,1.0,False,False,1
1277,layer3.conv2,element,2,"(34, 16, 12)",0,0.0,False,0.565,0.0,False,,56,-8.0,-16.0,1.0,1.0,False,False,1
1278,layer2.conv1,element,3,"(16, 1, 8)",3,0.015,True,0.56,0.004999999999999893,False,,53,-5.0,-20.0,2.0,3.0,False,False,1
1279,layer3.conv1,element,1,"(16, 3, 25)",0,0.0,False,0.565,0.0,False,,56,-8.0,-12.0,0.5849626064300537,0.5,False,False,1
1280,layer3.conv2,element,4,"(54, 9, 0)",0,0.0,False,0.565,0.0,False,,51,-3.5,-0.1875,4.2223920822143555,0.9464285969734192,False,False,1
1281,layer3.conv1,element,0,"(17, 1, 2)",0,0.0,False,0.565,0.0,False,,62,-24.0,-28.0,0.22239255905151367,0.1666666716337204,False,False,1
1282,layer3.conv1,element,5,"(27, 5, 12)",6,0.03,True,0.56,0.004999999999999893,False,,29,20.0,-20.0,0.0,2.0,True,False,1
1283,layer3.conv1,element,3,"(44, 1, 9)",4,0.02,True,0.565,0.0,False,,17,2.5,10.0,1.9999998807907104,3.0,False,False,1
1284,layer3.conv1,element,2,"(60, 2, 0)",0,0.0,False,0.565,0.0,False,,50,-3.0,-6.0,1.0000001192092896,1.0,False,False,1
1285,layer3.conv2,element,1,"(44, 8, 3)",0,0.0,False,0.565,0.0,False,,58,-12.0,-8.0,0.5849626064300537,0.3333333432674408,False,False,1
1286,layer3.conv2,element,2,"(52, 10, 26)",0,0.0,False,0.565,0.0,False,,14,1.5,0.75,1.0,0.5,False,False,1
1287,layer3.conv2,element,1,"(7, 15, 0)",0,0.0,False,0.565,0.0,False,,55,-7.0,-5.0,0.4854269027709961,0.2857142984867096,False,False,1
1288,layer3.conv2,element,5,"(43, 17, 18)",0,0.0,False,0.565,0.0,False,,10,0.75,-0.75,0.0,2.0,True,False,1
1289,layer3.conv2,element,4,"(7, 2, 1)",2,0.01,True,0.56,0.004999999999999893,False,,8,0.5,8.0,4.0,15.0,False,False,1
1290,layer2.conv2,element,2,"(14, 1, 16)",2,0.01,True,0.57,-0.0050000000000000044,False,,57,-10.0,-20.0,1.0,1.0,False,False,1
1291,layer3.conv1,element,2,"(36, 8, 17)",0,0.0,False,0.565,0.0,False,,14,1.5,0.75,1.0,0.5,False,False,1
1292,layer3.conv2,element,4,"(7, 9, 6)",0,0.0,False,0.565,0.0,False,,21,5.0,0.3125,4.0,0.9375,False,False,1
1293,fc,element,2,"(38, 0, 13)",0,0.0,False,0.565,0.0,False,,55,-7.0,-3.5,1.0,0.5,False,False,1
1294,layer2.conv2,element,5,"(24, 3, 16)",1,0.005,True,0.56,0.004999999999999893,False,,50,-3.0,3.0,0.0,2.0,True,False,1
1295,layer3.conv1,element,0,"(0, 7, 3)",0,0.0,False,0.565,0.0,False,,25,10.0,8.0,0.3219280242919922,0.20000000298023224,False,False,1
1296,layer2.conv2,element,2,"(2, 8, 14)",0,0.0,False,0.565,0.0,False,,32,-0.0,-0.25,inf,4.0,False,False,1
1297,layer3.conv2,element,4,"(47, 4, 18)",0,0.0,False,0.565,0.0,False,,56,-8.0,-0.5,4.0,0.9375,False,False,1
1298,layer3.conv2,element,0,"(29, 1, 1)",0,0.0,False,0.565,0.0,False,,31,28.0,24.0,0.22239255905151367,0.1428571492433548,False,False,1
1299,layer3.conv2,element,0,"(10, 12, 20)",0,0.0,False,0.565,0.0,False,,62,-24.0,-28.0,0.22239255905151367,0.1666666716337204,False,False,1
1300,layer2.conv2,element,0,"(31, 5, 24)",0,0.0,False,0.565,0.0,False,,60,-16.0,-20.0,0.3219280242919922,0.25,False,False,1
1301,layer2.conv2,element,1,"(8, 0, 15)",0,0.0,False,0.565,0.0,False,,55,-7.0,-5.0,0.4854269027709961,0.2857142984867096,False,False,1
1302,layer3.conv1,element,3,"(49, 4, 7)",0,0.0,False,0.565,0.0,False,,60,-16.0,-4.0,2.0,0.75,False,False,1
1303,layer3.conv2,element,0,"(60, 9, 24)",0,0.0,False,0.565,0.0,False,,11,0.875,0.75,0.22239243984222412,0.1428571492433548,False,False,1
1304,layer2.conv2,element,4,"(13, 7, 30)",1,0.005,True,0.565,0.0,False,,25,10.0,0.625,4.0,0.9375,False,False,1
1305,layer3.conv2,element,1,"(31, 10, 9)",0,0.0,False,0.565,0.0,False,,56,-8.0,-12.0,0.5849626064300537,0.5,False,False,1
1306,layer1.conv2,element,3,"(12, 2, 27)",9,0.045,True,0.565,0.0,False,,54,-6.0,-24.0,1.999999761581421,3.0,False,False,1
1307,layer3.conv2,element,5,"(61, 3, 6)",0,0.0,False,0.565,0.0,False,,49,-2.5,2.5,0.0,2.0,True,False,1
1308,layer3.conv2,element,0,"(33, 3, 18)",0,0.0,False,0.565,0.0,False,,62,-24.0,-28.0,0.22239255905151367,0.1666666716337204,False,False,1
1309,conv1,element,4,"(8, 0, 13)",29,0.145,True,0.545,0.019999999999999907,False,,59,-14.0,-0.875,4.0,0.9375,False,False,1
1310,layer3.conv2,element,2,"(33, 0, 31)",0,0.0,False,0.565,0.0,False,,55,-7.0,-3.5,1.0,0.5,False,False,1
1311,layer2.conv2,element,2,"(21, 4, 16)",3,0.015,True,0.555,0.009999999999999898,False,,57,-10.0,-20.0,1.0,1.0,False,False,1
1312,layer1.conv2,element,4,"(15, 2, 25)",6,0.03,True,0.555,0.009999999999999898,False,,5,0.3125,5.0,4.0,15.0,False,False,1
1313,layer1.conv2,element,4,"(10, 1, 31)",10,0.05,True,0.55,0.014999999999999902,False,,12,1.0,16.0,4.0,15.0,False,False,1
1314,layer3.conv1,element,2,"(47, 4, 13)",0,0.0,False,0.565,0.0,False,,48,-2.0,-4.0,1.0,1.0,False,False,1
1315,layer3.conv2,element,0,"(53, 9, 25)",0,0.0,False,0.565,0.0,False,,27,14.0,12.0,0.22239232063293457,0.1428571492433548,False,False,1
1316,layer3.conv2,element,2,"(38, 5, 20)",0,0.0,False,0.565,0.0,False,,23,7.0,3.5,1.0,0.5,False,False,1
1317,layer1.conv1,element,5,"(12, 3, 0)",0,0.0,False,0.565,0.0,False,,42,-0.75,0.75,0.0,2.0,True,False,1
1318,layer3.conv2,element,1,"(53, 7, 16)",1,0.005,True,0.56,0.004999999999999893,False,,29,20.0,28.0,0.4854269027709961,0.4000000059604645,False,False,1
1319,layer3.conv2,element,0,"(27, 9, 27)",0,0.0,False,0.565,0.0,False,,16,2.0,2.5,0.32192814350128174,0.25,False,False,1
1320,layer3.conv1,element,5,"(32, 1, 8)",0,0.0,False,0.565,0.0,False,,1,0.0625,-0.0625,0.0,2.0,True,False,1
1321,layer3.conv2,element,0,"(27, 4, 18)",0,0.0,False,0.565,0.0,False,,56,-8.0,-10.0,0.3219280242919922,0.25,False,False,1
1322,layer3.conv2,element,5,"(20, 5, 3)",0,0.0,False,0.565,0.0,False,,24,8.0,-8.0,0.0,2.0,True,False,1
1323,layer2.conv1,element,3,"(11, 0, 31)",0,0.0,False,0.565,0.0,False,,58,-12.0,-3.0,2.0,0.75,False,False,1
1324,layer3.conv2,element,3,"(53, 4, 18)",1,0.005,True,0.56,0.004999999999999893,False,,58,-12.0,-3.0,2.0,0.75,False,False,1
1325,layer3.conv2,element,0,"(38, 10, 7)",0,0.0,False,0.565,0.0,False,,28,16.0,20.0,0.3219280242919922,0.25,False,False,1
1326,layer3.conv2,element,5,"(49, 13, 17)",1,0.005,True,0.56,0.004999999999999893,False,,49,-2.5,2.5,0.0,2.0,True,False,1
1327,layer3.conv2,element,3,"(21, 4, 16)",0,0.0,False,0.565,0.0,False,,59,-14.0,-3.5,2.0,0.75,False,False,1
1328,layer3.conv2,element,2,"(32, 3, 9)",1,0.005,True,0.56,0.004999999999999893,False,,27,14.0,28.0,1.0,1.0,False,False,1
1329,layer3.conv2,element,2,"(58, 16, 5)",0,0.0,False,0.565,0.0,False,,46,-1.5,-0.75,1.0,0.5,False,False,1
1330,layer3.conv1,element,3,"(10, 8, 3)",0,0.0,False,0.565,0.0,False,,41,-0.625,-0.0625,3.321928024291992,0.8999999761581421,False,False,1
1331,layer3.conv2,element,3,"(55, 0, 24)",0,0.0,False,0.565,0.0,False,,59,-14.0,-3.5,2.0,0.75,False,False,1
1332,layer3.conv2,element,3,"(61, 17, 31)",1,0.005,True,0.56,0.004999999999999893,False,,53,-5.0,-20.0,2.0,3.0,False,False,1
1333,layer3.conv2,element,0,"(61, 1, 0)",0,0.0,False,0.565,0.0,False,,9,0.625,0.5,0.32192808389663696,0.20000000298023224,False,False,1
1334,layer3.conv2,element,3,"(14, 10, 24)",1,0.005,True,0.56,0.004999999999999893,False,,61,-20.0,-5.0,2.0,0.75,False,False,1
1335,layer3.conv1,element,1,"(19, 2, 24)",2,0.01,True,0.56,0.004999999999999893,False,,31,28.0,20.0,0.4854269027709961,0.2857142984867096,False,False,1
1336,layer2.conv1,element,0,"(29, 2, 22)",1,0.005,True,0.56,0.004999999999999893,False,,60,-16.0,-20.0,0.3219280242919922,0.25,False,False,1
1337,layer3.conv1,element,1,"(27, 5, 10)",0,0.0,False,0.565,0.0,False,,58,-12.0,-8.0,0.5849626064300537,0.3333333432674408,False,False,1
1338,layer2.conv2,element,1,"(23, 1, 29)",1,0.005,True,0.565,0.0,False,,27,14.0,10.0,0.4854269027709961,0.2857142984867096,False,False,1
1339,layer2.conv2,element,5,"(24, 8, 4)",13,0.065,True,0.55,0.014999999999999902,False,,29,20.0,-20.0,0.0,2.0,True,False,1
1340,layer2.conv2,element,3,"(21, 6, 6)",6,0.03,True,0.545,0.019999999999999907,False,,27,14.0,3.5,2.0,0.75,False,False,1
1341,layer3.conv2,element,4,"(33, 2, 30)",0,0.0,False,0.565,0.0,False,,52,-4.0,-0.25,4.0,0.9375,False,False,1
1342,layer2.conv1,element,2,"(7, 4, 1)",8,0.04,True,0.575,-0.010000000000000009,False,,59,-14.0,-28.0,1.0,1.0,False,False,1
1343,layer3.conv2,element,3,"(1, 16, 25)",0,0.0,False,0.565,0.0,False,,59,-14.0,-3.5,2.0,0.75,False,False,1
1344,layer3.conv2,scale,2,"(38, 9)",78,0.39,True,0.445,0.11999999999999994,False,,122,122.0,126.0,4.0,inf,False,False,32
1345,fc,element,3,"(94, 0, 16)",0,0.0,False,0.565,0.0,False,,56,-8.0,-2.0,2.0,0.75,False,False,1
1346,conv1,element,2,"(11, 0, 13)",37,0.185,True,0.555,0.009999999999999898,False,,28,16.0,8.0,1.0,0.5,False,False,1
1347,layer2.conv1,element,0,"(23, 2, 10)",1,0.005,True,0.56,0.004999999999999893,False,,26,12.0,14.0,0.22239232063293457,0.1666666716337204,False,False,1
1348,layer3.conv2,element,3,"(49, 2, 15)",0,0.0,False,0.565,0.0,False,,26,12.0,3.0,2.0,0.75,False,False,1
1349,layer3.conv2,element,3,"(20, 6, 24)",0,0.0,False,0.565,0.0,False,,51,-3.5,-14.0,2.0,3.0,False,False,1
1350,layer3.conv1,element,2,"(52, 2, 26)",0,0.0,False,0.565,0.0,False,,37,-0.3125,-0.0625,2.321928024291992,0.800000011920929,False,False,1
1351,layer3.conv1,element,0,"(1, 5, 3)",0,0.0,False,0.565,0.0,False,,17,2.5,2.0,0.32192814350128174,0.20000000298023224,False,False,1
1352,layer2.conv2,element,0,"(8, 8, 0)",0,0.0,False,0.565,0.0,False,,25,10.0,8.0,0.3219280242919922,0.20000000298023224,False,False,1
1353,layer3.conv2,element,1,"(23, 1, 9)",0,0.0,False,0.565,0.0,False,,62,-24.0,-16.0,0.5849623680114746,0.3333333432674408,False,False,1
1354,layer3.shortcut.0,element,0,"(38, 0, 15)",0,0.0,False,0.565,0.0,False,,51,-3.5,-3.0,0.22239243984222412,0.1428571492433548,False,False,1
1355,layer3.conv2,element,2,"(38, 5, 19)",0,0.0,False,0.565,0.0,False,,36,-0.25,-0.0,inf,1.0,False,False,1
1356,layer3.conv2,element,2,"(54, 7, 1)",0,0.0,False,0.565,0.0,False,,60,-16.0,-8.0,1.0,0.5,False,False,1
1357,layer3.conv2,element,4,"(10, 11, 12)",1,0.005,True,0.565,0.0,False,,58,-12.0,-0.75,4.0,0.9375,False,False,1
1358,layer3.conv1,element,0,"(60, 1, 10)",2,0.01,True,0.57,-0.0050000000000000044,False,,27,14.0,12.0,0.22239232063293457,0.1428571492433548,False,False,1
1359,layer3.conv2,scale,3,"(25, 9)",7,0.035,True,0.56,0.004999999999999893,False,,122,122.0,114.0,8.0,inf,False,False,32
1360,layer2.conv2,element,2,"(26, 8, 25)",0,0.0,False,0.565,0.0,False,,21,5.0,2.5,0.9999998807907104,0.5,False,False,1
1361,layer3.conv2,element,5,"(27, 2, 8)",1,0.005,True,0.56,0.004999999999999893,False,,22,6.0,-6.0,0.0,2.0,True,False,1
1362,layer3.conv1,element,4,"(55, 0, 8)",2,0.01,True,0.555,0.009999999999999898,False,,45,-1.25,-20.0,4.0,15.0,False,False,1
1363,layer3.conv2,element,5,"(7, 1, 18)",2,0.01,True,0.56,0.004999999999999893,False,,62,-24.0,24.0,0.0,2.0,True,False,1
1364,layer2.conv2,element,2,"(5, 3, 31)",2,0.01,True,0.565,0.0,False,,18,3.0,6.0,1.0000001192092896,1.0,False,False,1
1365,layer3.conv2,element,4,"(11, 9, 15)",2,0.01,True,0.57,-0.0050000000000000044,False,,59,-14.0,-0.875,4.0,0.9375,False,False,1
1366,layer3.shortcut.0,scale,3,"(18, 0)",14,0.07,True,0.575,-0.010000000000000009,False,,121,121.0,113.0,8.0,inf,False,False,32
1367,layer3.conv2,element,3,"(51, 10, 9)",1,0.005,True,0.56,0.004999999999999893,False,,18,3.0,12.0,2.0,3.0,False,False,1
1368,fc,element,2,"(82, 0, 24)",0,0.0,False,0.565,0.0,False,,53,-5.0,-2.5,0.9999998807907104,0.5,False,False,1
1369,layer3.conv2,scale,0,"(55, 12)",14,0.07,True,0.56,0.004999999999999893,False,,122,122.0,123.0,1.0,inf,False,False,32
1370,layer3.conv2,element,0,"(13, 7, 22)",0,0.0,False,0.565,0.0,False,,52,-4.0,-5.0,0.3219280242919922,0.25,False,False,1
1371,layer3.conv1,element,2,"(35, 5, 29)",2,0.01,True,0.56,0.004999999999999893,False,,28,16.0,8.0,1.0,0.5,False,False,1
1372,fc,element,2,"(12, 0, 0)",0,0.0,False,0.565,0.0,False,,30,24.0,12.0,0.9999997615814209,0.5,False,False,1
1373,layer3.shortcut.0,scale,7,"(38, 0)",200,1.0,True,0.0,0.565,True,,122,122.0,250.0,128.0,inf,False,False,32
1374,layer2.conv1,element,3,"(11, 2, 28)",11,0.055,True,0.555,0.009999999999999898,False,,18,3.0,12.0,2.0,3.0,False,False,1
1375,layer2.conv2,element,2,"(13, 2, 7)",0,0.0,False,0.565,0.0,False,,46,-1.5,-0.75,1.0,0.5,False,False,1
1376,layer2.conv2,element,2,"(5, 5, 12)",1,0.005,True,0.565,0.0,False,,17,2.5,5.0,0.9999998807907104,1.0,False,False,1
1377,layer2.conv2,element,2,"(30, 6, 21)",1,0.005,True,0.56,0.004999999999999893,False,,21,5.0,2.5,0.9999998807907104,0.5,False,False,1
1378,layer3.conv2,element,5,"(8, 0, 20)",0,0.0,False,0.565,0.0,False,,24,8.0,-8.0,0.0,2.0,True,False,1
1379,layer2.conv1,element,4,"(28, 1, 10)",6,0.03,True,0.555,0.009999999999999898,False,,20,4.0,0.25,4.0,0.9375,False,False,1
1380,layer1.conv2,element,5,"(1, 2, 27)",4,0.02,True,0.575,-0.010000000000000009,False,,52,-4.0,4.0,0.0,2.0,True,False,1
1381,layer3.conv1,element,1,"(9, 3, 24)",0,0.0,False,0.565,0.0,False,,55,-7.0,-5.0,0.4854269027709961,0.2857142984867096,False,False,1
1382,fc,element,2,"(86, 1, 18)",0,0.0,False,0.565,0.0,False,,16,2.0,4.0,1.0,1.0,False,False,1
1383,layer3.conv1,element,4,"(16, 4, 21)",5,0.025,True,0.565,0.0,False,,47,-1.75,-28.0,4.0,15.0,False,False,1
1384,layer3.conv2,element,4,"(60, 14, 1)",0,0.0,False,0.565,0.0,False,,51,-3.5,-0.1875,4.2223920822143555,0.9464285969734192,False,False,1
1385,layer3.conv2,element,1,"(15, 6, 1)",0,0.0,False,0.565,0.0,False,,19,3.5,2.5,0.48542678356170654,0.2857142984867096,False,False,1
1386,layer3.conv2,element,1,"(62, 17, 21)",0,0.0,False,0.565,0.0,False,,23,7.0,5.0,0.4854269027709961,0.2857142984867096,False,False,1
1387,layer3.conv2,element,2,"(45, 6, 27)",1,0.005,True,0.565,0.0,False,,25,10.0,20.0,1.0,1.0,False,False,1
1388,layer3.conv1,element,5,"(41, 8, 15)",6,0.03,True,0.57,-0.0050000000000000044,False,,61,-20.0,20.0,0.0,2.0,True,False,1
1389,layer2.conv1,element,4,"(0, 2, 0)",4,0.02,True,0.57,-0.0050000000000000044,False,,63,-28.0,-1.75,4.0,0.9375,False,False,1
1390,fc,element,4,"(90, 1, 13)",0,0.0,False,0.565,0.0,False,,26,12.0,0.75,4.0,0.9375,False,False,1
1391,layer3.conv2,element,3,"(32, 14, 27)",0,0.0,False,0.565,0.0,False,,17,2.5,10.0,1.9999998807907104,3.0,False,False,1
1392,layer3.conv1,scale,5,"(16, 0)",24,0.12,True,0.56,0.004999999999999893,False,,119,119.0,87.0,32.0,inf,False,False,32
1393,layer3.conv2,scale,6,"(50, 17)",6,0.03,True,0.56,0.004999999999999893,False,,122,122.0,58.0,64.0,inf,False,False,32
1394,layer3.conv1,element,1,"(41, 0, 23)",4,0.02,True,0.56,0.004999999999999893,False,,31,28.0,20.0,0.4854269027709961,0.2857142984867096,False,False,1
1395,layer2.conv2,element,0,"(6, 6, 11)",0,0.0,False,0.565,0.0,False,,18,3.0,3.5,0.22239243984222412,0.1666666716337204,False,False,1
1396,layer2.conv2,element,4,"(31, 4, 6)",0,0.0,False,0.565,0.0,False,,21,5.0,0.3125,4.0,0.9375,False,False,1
1397,layer3.conv1,element,3,"(58, 1, 19)",4,0.02,True,0.56,0.004999999999999893,False,,54,-6.0,-24.0,1.999999761581421,3.0,False,False,1
1398,fc,element,5,"(43, 0, 20)",1,0.005,True,0.565,0.0,False,,52,-4.0,4.0,0.0,2.0,True,False,1
1399,layer3.conv2,element,2,"(35, 1, 13)",0,0.0,False,0.565,0.0,False,,22,6.0,3.0,1.0000001192092896,0.5,False,False,1
1400,layer3.conv1,element,4,"(12, 6, 8)",0,0.0,False,0.565,0.0,False,,56,-8.0,-0.5,4.0,0.9375,False,False,1
1401,layer3.conv1,element,0,"(24, 2, 11)",0,0.0,False,0.565,0.0,False,,51,-3.5,-3.0,0.22239243984222412,0.1428571492433548,False,False,1
1402,layer2.conv1,element,3,"(29, 1, 2)",2,0.01,True,0.56,0.004999999999999893,False,,28,16.0,4.0,2.0,0.75,False,False,1
1403,layer3.conv2,element,3,"(4, 6, 21)",0,0.0,False,0.565,0.0,False,,27,14.0,3.5,2.0,0.75,False,False,1
1404,layer3.conv2,element,0,"(57, 4, 30)",0,0.0,False,0.565,0.0,False,,57,-10.0,-8.0,0.3219280242919922,0.20000000298023224,False,False,1
1405,layer2.conv2,element,2,"(26, 2, 16)",7,0.035,True,0.56,0.004999999999999893,False,,26,12.0,24.0,0.9999997615814209,1.0,False,False,1
1406,layer3.conv2,element,4,"(46, 2, 10)",0,0.0,False,0.565,0.0,False,,17,2.5,0.0625,5.321928024291992,0.9750000238418579,False,False,1
1407,layer3.conv2,element,0,"(42, 2, 28)",0,0.0,False,0.565,0.0,False,,16,2.0,2.5,0.32192814350128174,0.25,False,False,1
1408,layer3.conv2,element,4,"(3, 16, 13)",1,0.005,True,0.57,-0.0050000000000000044,False,,25,10.0,0.625,4.0,0.9375,False,False,1
1409,layer3.conv2,element,0,"(15, 13, 19)",0,0.0,False,0.565,0.0,False,,29,20.0,16.0,0.3219280242919922,0.20000000298023224,False,False,1
1410,layer2.conv1,element,4,"(8, 0, 26)",0,0.0,False,0.565,0.0,False,,53,-5.0,-0.3125,4.0,0.9375,False,False,1
1411,conv1,element,1,"(14, 0, 25)",3,0.015,True,0.56,0.004999999999999893,False,,60,-16.0,-24.0,0.5849623680114746,0.5,False,False,1
1412,layer3.conv1,element,2,"(53, 7, 0)",1,0.005,True,0.565,0.0,False,,56,-8.0,-16.0,1.0,1.0,False,False,1
1413,layer2.conv1,element,0,"(6, 2, 1)",0,0.0,False,0.565,0.0,False,,49,-2.5,-2.0,0.32192814350128174,0.20000000298023224,False,False,1
1414,layer3.conv2,element,0,"(15, 16, 11)",0,0.0,False,0.565,0.0,False,,23,7.0,6.0,0.22239232063293457,0.1428571492433548,False,False,1
1415,layer3.conv1,element,4,"(42, 8, 28)",0,0.0,False,0.565,0.0,False,,16,2.0,0.0,inf,1.0,False,False,1
1416,layer3.conv2,element,0,"(24, 7, 8)",0,0.0,False,0.565,0.0,False,,48,-2.0,-2.5,0.32192814350128174,0.25,False,False,1
1417,layer1.conv1,element,5,"(14, 1, 23)",0,0.0,False,0.565,0.0,False,,10,0.75,-0.75,0.0,2.0,True,False,1
1418,layer3.conv2,element,4,"(59, 3, 3)",0,0.0,False,0.565,0.0,False,,25,10.0,0.625,4.0,0.9375,False,False,1
1419,layer3.conv2,element,3,"(14, 2, 0)",1,0.005,True,0.56,0.004999999999999893,False,,56,-8.0,-2.0,2.0,0.75,False,False,1
1420,layer2.conv1,element,4,"(11, 1, 3)",0,0.0,False,0.565,0.0,False,,40,-0.5,-8.0,4.0,15.0,False,False,1
1421,layer3.conv2,element,0,"(12, 13, 6)",0,0.0,False,0.565,0.0,False,,25,10.0,8.0,0.3219280242919922,0.20000000298023224,False,False,1
1422,layer1.conv2,element,0,"(2, 1, 5)",0,0.0,False,0.565,0.0,False,,17,2.5,2.0,0.32192814350128174,0.20000000298023224,False,False,1
1423,layer3.conv1,element,0,"(59, 4, 26)",0,0.0,False,0.565,0.0,False,,21,5.0,4.0,0.3219280242919922,0.20000000298023224,False,False,1
1424,layer1.conv2,element,1,"(10, 0, 21)",0,0.0,False,0.565,0.0,False,,48,-2.0,-3.0,0.5849624872207642,0.5,False,False,1
1425,layer1.conv2,element,3,"(6, 3, 30)",6,0.03,True,0.55,0.014999999999999902,False,,54,-6.0,-24.0,1.999999761581421,3.0,False,False,1
1426,layer3.conv2,element,1,"(63, 13, 31)",0,0.0,False,0.565,0.0,False,,58,-12.0,-8.0,0.5849626064300537,0.3333333432674408,False,False,1
1427,layer2.conv2,element,4,"(10, 1, 20)",0,0.0,False,0.565,0.0,False,,49,-2.5,-0.0625,5.321928024291992,0.9750000238418579,False,False,1
1428,layer3.conv2,element,1,"(28, 7, 0)",0,0.0,False,0.565,0.0,False,,17,2.5,3.5,0.48542678356170654,0.4000000059604645,False,False,1
1429,layer3.conv2,element,2,"(26, 15, 9)",0,0.0,False,0.565,0.0,False,,22,6.0,3.0,1.0000001192092896,0.5,False,False,1
1430,layer3.conv2,element,5,"(62, 17, 7)",4,0.02,True,0.565,0.0,False,,24,8.0,-8.0,0.0,2.0,True,False,1
1431,fc,element,0,"(71, 1, 10)",0,0.0,False,0.565,0.0,False,,44,-1.0,-1.25,0.32192808389663696,0.25,False,False,1
1432,fc,element,1,"(16, 0, 24)",0,0.0,False,0.565,0.0,False,,36,-0.25,-0.375,0.5849624872207642,0.5,False,False,1
1433,layer2.conv1,element,1,"(2, 4, 11)",0,0.0,False,0.565,0.0,False,,16,2.0,3.0,0.5849624872207642,0.5,False,False,1
1434,layer2.conv1,element,2,"(24, 4, 15)",1,0.005,True,0.56,0.004999999999999893,False,,28,16.0,8.0,1.0,0.5,False,False,1
1435,conv1,element,2,"(4, 0, 26)",8,0.04,True,0.55,0.014999999999999902,False,,62,-24.0,-12.0,0.9999997615814209,0.5,False,False,1
1436,layer3.conv2,element,0,"(30, 7, 25)",0,0.0,False,0.565,0.0,False,,27,14.0,12.0,0.22239232063293457,0.1428571492433548,False,False,1
1437,layer1.conv2,element,5,"(5, 0, 7)",29,0.145,True,0.56,0.004999999999999893,False,,56,-8.0,8.0,0.0,2.0,True,False,1
1438,layer2.conv1,element,5,"(9, 2, 5)",18,0.09,True,0.55,0.014999999999999902,False,,62,-24.0,24.0,0.0,2.0,True,False,1
1439,layer3.conv1,element,4,"(55, 5, 24)",1,0.005,True,0.57,-0.0050000000000000044,False,,50,-3.0,-0.125,4.584962368011475,0.9583333134651184,False,False,1
1440,layer3.conv1,element,1,"(10, 2, 27)",0,0.0,False,0.565,0.0,False,,59,-14.0,-10.0,0.4854269027709961,0.2857142984867096,False,False,1
1441,layer3.conv2,element,4,"(18, 16, 3)",0,0.0,False,0.565,0.0,False,,35,-0.1875,-3.5,4.2223920822143555,17.66666603088379,False,False,1
1442,layer3.conv1,element,4,"(21, 2, 18)",8,0.04,True,0.56,0.004999999999999893,False,,42,-0.75,-12.0,4.0,15.0,False,False,1
1443,layer3.conv1,element,3,"(22, 6, 10)",0,0.0,False,0.565,0.0,False,,52,-4.0,-16.0,2.0,3.0,False,False,1
1444,layer3.conv2,element,3,"(49, 17, 25)",0,0.0,False,0.565,0.0,False,,9,0.625,0.0625,3.321928024291992,0.8999999761581421,False,False,1
1445,layer3.shortcut.0,element,5,"(30, 0, 4)",1,0.005,True,0.56,0.004999999999999893,False,,26,12.0,-12.0,0.0,2.0,True,False,1
1446,layer3.conv2,element,4,"(31, 14, 26)",1,0.005,True,0.565,0.0,False,,21,5.0,0.3125,4.0,0.9375,False,False,1
1447,layer3.conv2,element,1,"(30, 3, 26)",0,0.0,False,0.565,0.0,False,,54,-6.0,-4.0,0.5849626064300537,0.3333333432674408,False,False,1
1448,layer3.conv2,scale,4,"(28, 10)",9,0.045,True,0.575,-0.010000000000000009,False,,122,122.0,106.0,16.0,inf,False,False,32
1449,layer3.conv2,element,4,"(12, 10, 18)",1,0.005,True,0.56,0.004999999999999893,False,,21,5.0,0.3125,4.0,0.9375,False,False,1
1450,layer3.conv2,element,4,"(14, 4, 20)",1,0.005,True,0.56,0.004999999999999893,False,,59,-14.0,-0.875,4.0,0.9375,False,False,1
1451,layer1.conv2,element,4,"(15, 4, 7)",8,0.04,True,0.575,-0.010000000000000009,False,,28,16.0,1.0,4.0,0.9375,False,False,1
1452,fc,element,5,"(75, 1, 28)",1,0.005,True,0.56,0.004999999999999893,False,,29,20.0,-20.0,0.0,2.0,True,False,1
1453,fc,element,4,"(89, 1, 16)",1,0.005,True,0.565,0.0,False,,29,20.0,1.25,4.0,0.9375,False,False,1
1454,layer3.conv1,element,4,"(46, 5, 9)",6,0.03,True,0.565,0.0,False,,59,-14.0,-0.875,4.0,0.9375,False,False,1
1455,layer1.conv1,element,2,"(13, 3, 13)",14,0.07,True,0.545,0.019999999999999907,False,,56,-8.0,-16.0,1.0,1.0,False,False,1
1456,layer3.conv2,element,1,"(39, 10, 13)",0,0.0,False,0.565,0.0,False,,55,-7.0,-5.0,0.4854269027709961,0.2857142984867096,False,False,1
1457,layer3.conv2,element,5,"(50, 11, 19)",3,0.015,True,0.56,0.004999999999999893,False,,63,-28.0,28.0,0.0,2.0,True,False,1
1458,layer3.conv1,element,3,"(54, 5, 16)",0,0.0,False,0.565,0.0,False,,14,1.5,0.375,2.0,0.75,False,False,1
1459,layer2.conv2,element,4,"(25, 5, 22)",1,0.005,True,0.56,0.004999999999999893,False,,22,6.0,0.375,4.0,0.9375,False,False,1
1460,layer1.conv2,element,4,"(15, 1, 16)",6,0.03,True,0.555,0.009999999999999898,False,,58,-12.0,-0.75,4.0,0.9375,False,False,1
1461,fc,element,5,"(69, 0, 6)",0,0.0,False,0.565,0.0,False,,34,-0.125,0.125,0.0,2.0,True,False,1
1462,layer3.conv2,element,5,"(17, 15, 6)",0,0.0,False,0.565,0.0,False,,40,-0.5,0.5,0.0,2.0,True,False,1
1463,layer2.conv1,element,5,"(20, 2, 3)",6,0.03,True,0.57,-0.0050000000000000044,False,,18,3.0,-3.0,0.0,2.0,True,False,1
1464,layer3.conv2,element,0,"(57, 3, 0)",0,0.0,False,0.565,0.0,False,,49,-2.5,-2.0,0.32192814350128174,0.20000000298023224,False,False,1
1465,layer3.conv2,element,2,"(61, 3, 20)",3,0.015,True,0.55,0.014999999999999902,False,,59,-14.0,-28.0,1.0,1.0,False,False,1
1466,layer3.conv1,element,2,"(7, 8, 2)",1,0.005,True,0.56,0.004999999999999893,False,,62,-24.0,-12.0,0.9999997615814209,0.5,False,False,1
1467,layer3.conv2,element,1,"(30, 10, 24)",0,0.0,False,0.565,0.0,False,,52,-4.0,-6.0,0.5849626064300537,0.5,False,False,1
1468,layer3.conv2,element,4,"(15, 16, 17)",0,0.0,False,0.565,0.0,False,,23,7.0,0.4375,4.0,0.9375,False,False,1
1469,layer3.conv2,element,4,"(16, 14, 7)",0,0.0,False,0.565,0.0,False,,51,-3.5,-0.1875,4.2223920822143555,0.9464285969734192,False,False,1
1470,layer3.conv2,element,4,"(25, 17, 16)",0,0.0,False,0.565,0.0,False,,54,-6.0,-0.375,4.0,0.9375,False,False,1
1471,layer3.conv2,element,3,"(47, 12, 22)",0,0.0,False,0.565,0.0,False,,36,-0.25,-1.0,2.0,3.0,False,False,1
1472,layer3.conv2,element,3,"(31, 17, 1)",0,0.0,False,0.565,0.0,False,,58,-12.0,-3.0,2.0,0.75,False,False,1
1473,layer3.conv2,element,0,"(53, 16, 12)",0,0.0,False,0.565,0.0,False,,21,5.0,4.0,0.3219280242919922,0.20000000298023224,False,False,1
1474,layer2.shortcut.0,element,4,"(5, 0, 9)",4,0.02,True,0.565,0.0,False,,50,-3.0,-0.125,4.584962368011475,0.9583333134651184,False,False,1
1475,layer3.conv2,element,0,"(1, 9, 8)",0,0.0,False,0.565,0.0,False,,49,-2.5,-2.0,0.32192814350128174,0.20000000298023224,False,False,1
1476,layer3.conv2,element,4,"(51, 5, 23)",1,0.005,True,0.56,0.004999999999999893,False,,58,-12.0,-0.75,4.0,0.9375,False,False,1
1477,layer3.conv1,element,0,"(15, 4, 18)",0,0.0,False,0.565,0.0,False,,62,-24.0,-28.0,0.22239255905151367,0.1666666716337204,False,False,1
1478,layer3.conv2,element,3,"(34, 13, 14)",0,0.0,False,0.565,0.0,False,,25,10.0,2.5,1.9999998807907104,0.75,False,False,1
1479,layer3.conv1,element,1,"(36, 4, 15)",0,0.0,False,0.565,0.0,False,,56,-8.0,-12.0,0.5849626064300537,0.5,False,False,1
1480,layer2.conv1,element,5,"(5, 2, 4)",0,0.0,False,0.565,0.0,False,,53,-5.0,5.0,0.0,2.0,True,False,1
1481,layer3.conv2,element,0,"(41, 2, 27)",0,0.0,False,0.565,0.0,False,,19,3.5,3.0,0.22239243984222412,0.1428571492433548,False,False,1
1482,layer3.conv2,element,2,"(45, 13, 17)",0,0.0,False,0.565,0.0,False,,49,-2.5,-5.0,0.9999998807907104,1.0,False,False,1
1483,layer3.conv2,element,0,"(62, 11, 15)",0,0.0,False,0.565,0.0,False,,62,-24.0,-28.0,0.22239255905151367,0.1666666716337204,False,False,1
1484,layer2.conv2,element,3,"(11, 3, 10)",0,0.0,False,0.565,0.0,False,,43,-0.875,-0.1875,2.2223923206329346,0.7857142686843872,False,False,1
1485,layer3.conv2,element,0,"(46, 2, 17)",0,0.0,False,0.565,0.0,False,,33,-0.0625,-0.0,inf,1.0,False,False,1
1486,layer3.conv2,element,3,"(10, 8, 18)",2,0.01,True,0.565,0.0,False,,57,-10.0,-2.5,1.9999998807907104,0.75,False,False,1
1487,layer3.conv2,element,4,"(52, 2, 1)",1,0.005,True,0.56,0.004999999999999893,False,,59,-14.0,-0.875,4.0,0.9375,False,False,1
1488,layer2.conv2,element,1,"(23, 5, 7)",0,0.0,False,0.565,0.0,False,,33,-0.0625,-0.1875,1.5849626064300537,2.0,False,False,1
1489,layer3.conv2,element,2,"(36, 10, 23)",0,0.0,False,0.565,0.0,False,,21,5.0,2.5,0.9999998807907104,0.5,False,False,1
1490,layer3.conv1,element,5,"(55, 5, 20)",10,0.05,True,0.555,0.009999999999999898,False,,26,12.0,-12.0,0.0,2.0,True,False,1
1491,layer3.shortcut.0,element,1,"(5, 0, 25)",0,0.0,False,0.565,0.0,False,,24,8.0,12.0,0.5849626064300537,0.5,False,False,1
1492,layer3.conv2,element,0,"(60, 11, 8)",0,0.0,False,0.565,0.0,False,,25,10.0,8.0,0.3219280242919922,0.20000000298023224,False,False,1
1493,layer3.conv2,element,2,"(43, 14, 18)",0,0.0,False,0.565,0.0,False,,19,3.5,7.0,1.0,1.0,False,False,1
1494,layer3.conv2,element,2,"(23, 13, 3)",3,0.015,True,0.555,0.009999999999999898,False,,30,24.0,12.0,0.9999997615814209,0.5,False,False,1
1495,layer3.shortcut.0,element,1,"(12, 0, 13)",0,0.0,False,0.565,0.0,False,,23,7.0,5.0,0.4854269027709961,0.2857142984867096,False,False,1
1496,layer3.conv2,element,2,"(8, 13, 4)",0,0.0,False,0.565,0.0,False,,56,-8.0,-16.0,1.0,1.0,False,False,1
1497,layer1.conv2,element,2,"(15, 1, 24)",0,0.0,False,0.565,0.0,False,,20,4.0,2.0,1.0,0.5,False,False,1
1498,layer3.conv1,element,1,"(56, 4, 27)",0,0.0,False,0.565,0.0,False,,44,-1.0,-1.5,0.5849624872207642,0.5,False,False,1
1499,fc,element,4,"(59, 0, 24)",1,0.005,True,0.56,0.004999999999999893,False,,45,-1.25,-20.0,4.0,15.0,False,False,1
1500,layer2.conv2,element,4,"(12, 2, 8)",3,0.015,True,0.565,0.0,False,,53,-5.0,-0.3125,4.0,0.9375,False,False,1
1501,layer3.conv2,scale,4,"(35, 6)",4,0.02,True,0.565,0.0,False,,122,122.0,106.0,16.0,inf,False,False,32
1502,layer3.conv2,element,3,"(58, 4, 29)",2,0.01,True,0.565,0.0,False,,23,7.0,28.0,2.0,3.0,False,False,1
1503,layer3.conv1,element,4,"(56, 2, 31)",0,0.0,False,0.565,0.0,False,,55,-7.0,-0.4375,4.0,0.9375,False,False,1
1504,fc,element,5,"(62, 0, 14)",0,0.0,False,0.565,0.0,False,,52,-4.0,4.0,0.0,2.0,True,False,1
1505,layer3.conv2,element,2,"(24, 4, 26)",0,0.0,False,0.565,0.0,False,,25,10.0,20.0,1.0,1.0,False,False,1
1506,layer3.conv2,element,0,"(35, 7, 30)",0,0.0,False,0.565,0.0,False,,47,-1.75,-1.5,0.22239243984222412,0.1428571492433548,False,False,1
1507,layer3.conv2,element,0,"(42, 7, 29)",0,0.0,False,0.565,0.0,False,,19,3.5,3.0,0.22239243984222412,0.1428571492433548,False,False,1
1508,layer3.conv1,element,0,"(43, 6, 17)",0,0.0,False,0.565,0.0,False,,15,1.75,1.5,0.22239243984222412,0.1428571492433548,False,False,1
1509,layer2.conv1,element,5,"(26, 3, 0)",6,0.03,True,0.54,0.02499999999999991,False,,24,8.0,-8.0,0.0,2.0,True,False,1
1510,layer3.conv2,element,4,"(57, 1, 12)",0,0.0,False,0.565,0.0,False,,59,-14.0,-0.875,4.0,0.9375,False,False,1
1511,layer3.conv2,element,5,"(46, 14, 30)",1,0.005,True,0.565,0.0,False,,60,-16.0,16.0,0.0,2.0,True,False,1
1512,layer3.conv2,element,4,"(31, 7, 9)",0,0.0,False,0.565,0.0,False,,55,-7.0,-0.4375,4.0,0.9375,False,False,1
1513,layer3.conv1,element,2,"(21, 3, 0)",0,0.0,False,0.565,0.0,False,,52,-4.0,-2.0,1.0,0.5,False,False,1
1514,layer3.conv2,element,4,"(55, 3, 2)",3,0.015,True,0.565,0.0,False,,28,16.0,1.0,4.0,0.9375,False,False,1
1515,layer3.conv1,element,4,"(42, 4, 23)",6,0.03,True,0.56,0.004999999999999893,False,,37,-0.3125,-5.0,4.0,15.0,False,False,1
1516,layer3.conv2,element,1,"(56, 3, 11)",0,0.0,False,0.565,0.0,False,,21,5.0,7.0,0.4854269027709961,0.4000000059604645,False,False,1
1517,layer3.conv2,element,3,"(19, 17, 9)",0,0.0,False,0.565,0.0,False,,57,-10.0,-2.5,1.9999998807907104,0.75,False,False,1
1518,layer2.conv2,element,0,"(5, 6, 16)",0,0.0,False,0.565,0.0,False,,18,3.0,3.5,0.22239243984222412,0.1666666716337204,False,False,1
1519,layer3.conv2,element,4,"(21, 0, 14)",1,0.005,True,0.565,0.0,False,,54,-6.0,-0.375,4.0,0.9375,False,False,1
1520,layer1.conv1,element,5,"(3, 3, 3)",2,0.01,True,0.57,-0.0050000000000000044,False,,41,-0.625,0.625,0.0,2.0,True,False,1
1521,layer3.conv1,element,5,"(20, 3, 21)",3,0.015,True,0.56,0.004999999999999893,False,,30,24.0,-24.0,0.0,2.0,True,False,1
1522,layer3.conv1,element,2,"(1, 0, 4)",2,0.01,True,0.56,0.004999999999999893,False,,28,16.0,8.0,1.0,0.5,False,False,1
1523,layer1.conv2,element,5,"(5, 4, 3)",0,0.0,False,0.565,0.0,False,,45,-1.25,1.25,0.0,2.0,True,False,1
1524,layer3.conv2,element,5,"(44, 15, 14)",2,0.01,True,0.555,0.009999999999999898,False,,31,28.0,-28.0,0.0,2.0,True,False,1
1525,layer3.conv1,element,5,"(51, 7, 6)",6,0.03,True,0.56,0.004999999999999893,False,,28,16.0,-16.0,0.0,2.0,True,False,1
1526,layer2.conv2,element,5,"(15, 1, 24)",1,0.005,True,0.56,0.004999999999999893,False,,50,-3.0,3.0,0.0,2.0,True,False,1
1527,layer3.conv1,element,2,"(33, 8, 23)",0,0.0,False,0.565,0.0,False,,52,-4.0,-2.0,1.0,0.5,False,False,1
1528,layer3.conv1,element,0,"(43, 5, 31)",0,0.0,False,0.565,0.0,False,,21,5.0,4.0,0.3219280242919922,0.20000000298023224,False,False,1
1529,layer3.conv2,element,4,"(30, 2, 9)",0,0.0,False,0.565,0.0,False,,56,-8.0,-0.5,4.0,0.9375,False,False,1
1530,layer3.conv2,scale,0,"(33, 7)",1,0.005,True,0.56,0.004999999999999893,False,,121,121.0,120.0,1.0,inf,False,False,32
1531,layer2.conv2,element,5,"(23, 7, 4)",8,0.04,True,0.56,0.004999999999999893,False,,60,-16.0,16.0,0.0,2.0,True,False,1
1532,layer3.conv1,element,5,"(15, 5, 1)",0,0.0,False,0.565,0.0,False,,5,0.3125,-0.3125,0.0,2.0,True,False,1
1533,layer3.conv2,element,4,"(22, 8, 11)",1,0.005,True,0.565,0.0,False,,1,0.0625,2.5,5.321928024291992,39.0,False,False,1
1534,layer3.conv2,element,3,"(58, 8, 12)",3,0.015,True,0.57,-0.0050000000000000044,False,,23,7.0,28.0,2.0,3.0,False,False,1
1535,layer3.conv1,element,0,"(17, 0, 8)",0,0.0,False,0.565,0.0,False,,49,-2.5,-2.0,0.32192814350128174,0.20000000298023224,False,False,1
1536,layer2.conv1,element,3,"(13, 1, 6)",0,0.0,False,0.565,0.0,False,,56,-8.0,-2.0,2.0,0.75,False,False,1
1537,layer3.conv1,scale,0,"(31, 0)",4,0.02,True,0.555,0.009999999999999898,False,,119,119.0,118.0,1.0,inf,False,False,32
1538,layer3.conv2,element,0,"(15, 13, 30)",0,0.0,False,0.565,0.0,False,,27,14.0,12.0,0.22239232063293457,0.1428571492433548,False,False,1
1539,fc,element,1,"(49, 1, 0)",0,0.0,False,0.565,0.0,False,,17,2.5,3.5,0.48542678356170654,0.4000000059604645,False,False,1
1540,layer3.conv2,element,2,"(63, 11, 23)",0,0.0,False,0.565,0.0,False,,56,-8.0,-16.0,1.0,1.0,False,False,1
1541,layer3.conv2,scale,3,"(19, 15)",4,0.02,True,0.575,-0.010000000000000009,False,,122,122.0,114.0,8.0,inf,False,False,32
1542,layer2.conv1,element,1,"(13, 0, 3)",1,0.005,True,0.56,0.004999999999999893,False,,28,16.0,24.0,0.5849623680114746,0.5,False,False,1
1543,fc,element,0,"(5, 1, 18)",0,0.0,False,0.565,0.0,False,,23,7.0,6.0,0.22239232063293457,0.1428571492433548,False,False,1
1544,layer3.conv2,element,4,"(0, 17, 11)",0,0.0,False,0.565,0.0,False,,52,-4.0,-0.25,4.0,0.9375,False,False,1
1545,layer3.conv1,element,1,"(40, 5, 20)",2,0.01,True,0.56,0.004999999999999893,False,,63,-28.0,-20.0,0.4854269027709961,0.2857142984867096,False,False,1
1546,layer2.conv1,element,0,"(11, 2, 21)",0,0.0,False,0.565,0.0,False,,11,0.875,0.75,0.22239243984222412,0.1428571492433548,False,False,1
1547,layer3.conv2,element,3,"(8, 9, 28)",0,0.0,False,0.565,0.0,False,,51,-3.5,-14.0,2.0,3.0,False,False,1
1548,layer3.conv1,element,4,"(1, 3, 17)",5,0.025,True,0.55,0.014999999999999902,False,,62,-24.0,-1.5,4.0,0.9375,False,False,1
1549,layer3.conv2,element,2,"(61, 1, 30)",1,0.005,True,0.56,0.004999999999999893,False,,30,24.0,12.0,0.9999997615814209,0.5,False,False,1
1550,layer3.conv2,element,5,"(34, 0, 4)",0,0.0,False,0.565,0.0,False,,41,-0.625,0.625,0.0,2.0,True,False,1
1551,layer3.conv2,element,5,"(51, 3, 22)",0,0.0,False,0.565,0.0,False,,17,2.5,-2.5,0.0,2.0,True,False,1
1552,layer3.conv2,element,5,"(33, 3, 31)",0,0.0,False,0.565,0.0,False,,51,-3.5,3.5,0.0,2.0,True,False,1
1553,layer3.conv1,element,4,"(11, 8, 23)",2,0.01,True,0.565,0.0,False,,61,-20.0,-1.25,4.0,0.9375,False,False,1
1554,layer3.shortcut.0,element,0,"(52, 0, 25)",0,0.0,False,0.565,0.0,False,,22,6.0,7.0,0.22239232063293457,0.1666666716337204,False,False,1
1555,layer3.conv2,element,3,"(61, 10, 11)",0,0.0,False,0.565,0.0,False,,52,-4.0,-16.0,2.0,3.0,False,False,1
1556,fc,element,4,"(59, 1, 28)",0,0.0,False,0.565,0.0,False,,54,-6.0,-0.375,4.0,0.9375,False,False,1
1557,layer3.conv1,element,3,"(48, 1, 19)",0,0.0,False,0.565,0.0,False,,57,-10.0,-2.5,1.9999998807907104,0.75,False,False,1
1558,layer2.conv2,element,4,"(24, 8, 19)",2,0.01,True,0.56,0.004999999999999893,False,,13,1.25,20.0,4.0,15.0,False,False,1
1559,layer2.conv2,element,5,"(28, 3, 28)",1,0.005,True,0.56,0.004999999999999893,False,,19,3.5,-3.5,0.0,2.0,True,False,1
1560,layer3.conv2,element,2,"(55, 16, 6)",1,0.005,True,0.56,0.004999999999999893,False,,59,-14.0,-28.0,1.0,1.0,False,False,1
1561,layer3.conv2,element,1,"(2, 9, 21)",0,0.0,False,0.565,0.0,False,,53,-5.0,-7.0,0.4854269027709961,0.4000000059604645,False,False,1
1562,layer2.conv2,element,4,"(9, 4, 7)",2,0.01,True,0.555,0.009999999999999898,False,,53,-5.0,-0.3125,4.0,0.9375,False,False,1
1563,layer3.conv2,element,0,"(47, 10, 14)",0,0.0,False,0.565,0.0,False,,5,0.3125,0.25,0.32192814350128174,0.20000000298023224,False,False,1
1564,layer3.shortcut.0,element,2,"(31, 0, 8)",0,0.0,False,0.565,0.0,False,,8,0.5,1.0,1.0,1.0,False,False,1
1565,layer3.shortcut.0,element,5,"(43, 0, 6)",2,0.01,True,0.57,-0.0050000000000000044,False,,24,8.0,-8.0,0.0,2.0,True,False,1
1566,layer3.shortcut.0,element,2,"(44, 0, 20)",7,0.035,True,0.565,0.0,False,,57,-10.0,-20.0,1.0,1.0,False,False,1
1567,layer3.conv2,element,4,"(44, 3, 11)",0,0.0,False,0.565,0.0,False,,24,8.0,0.5,4.0,0.9375,False,False,1
1568,layer3.conv2,element,1,"(29, 13, 19)",0,0.0,False,0.565,0.0,False,,32,-0.0,-0.125,inf,2.0,False,False,1
1569,layer3.conv2,element,4,"(11, 16, 23)",2,0.01,True,0.565,0.0,False,,58,-12.0,-0.75,4.0,0.9375,False,False,1
1570,fc,element,0,"(47, 1, 16)",0,0.0,False,0.565,0.0,False,,55,-7.0,-6.0,0.22239232063293457,0.1428571492433548,False,False,1
1571,fc,element,3,"(71, 0, 25)",0,0.0,False,0.565,0.0,False,,61,-20.0,-5.0,2.0,0.75,False,False,1
1572,layer1.conv1,element,5,"(15, 0, 26)",8,0.04,True,0.58,-0.015000000000000013,False,,63,-28.0,28.0,0.0,2.0,True,False,1
1573,layer3.conv1,element,1,"(37, 7, 8)",1,0.005,True,0.565,0.0,False,,28,16.0,24.0,0.5849623680114746,0.5,False,False,1
1574,layer3.conv2,element,2,"(37, 0, 1)",0,0.0,False,0.565,0.0,False,,23,7.0,3.5,1.0,0.5,False,False,1
1575,layer3.conv1,element,2,"(15, 7, 13)",0,0.0,False,0.565,0.0,False,,53,-5.0,-2.5,0.9999998807907104,0.5,False,False,1
1576,layer3.conv2,element,3,"(27, 13, 15)",0,0.0,False,0.565,0.0,False,,22,6.0,24.0,1.999999761581421,3.0,False,False,1
1577,layer3.conv1,element,5,"(2, 1, 31)",0,0.0,False,0.565,0.0,False,,47,-1.75,1.75,0.0,2.0,True,False,1
1578,layer2.conv2,element,3,"(5, 6, 25)",5,0.025,True,0.55,0.014999999999999902,False,,26,12.0,3.0,2.0,0.75,False,False,1
1579,layer3.conv2,element,1,"(0, 10, 6)",0,0.0,False,0.565,0.0,False,,25,10.0,14.0,0.4854269027709961,0.4000000059604645,False,False,1
1580,layer3.conv2,element,0,"(61, 7, 8)",0,0.0,False,0.565,0.0,False,,57,-10.0,-8.0,0.3219280242919922,0.20000000298023224,False,False,1
1581,layer3.conv2,element,1,"(0, 4, 23)",0,0.0,False,0.565,0.0,False,,14,1.5,1.0,0.5849624872207642,0.3333333432674408,False,False,1
1582,layer3.conv2,element,3,"(6, 5, 26)",0,0.0,False,0.565,0.0,False,,27,14.0,3.5,2.0,0.75,False,False,1
1583,layer2.conv1,element,1,"(16, 0, 17)",3,0.015,True,0.55,0.014999999999999902,False,,55,-7.0,-5.0,0.4854269027709961,0.2857142984867096,False,False,1
1584,fc,element,3,"(28, 0, 3)",0,0.0,False,0.565,0.0,False,,57,-10.0,-2.5,1.9999998807907104,0.75,False,False,1
1585,layer3.conv2,element,1,"(4, 12, 27)",0,0.0,False,0.565,0.0,False,,57,-10.0,-14.0,0.4854269027709961,0.4000000059604645,False,False,1
1586,layer2.conv1,element,0,"(6, 0, 20)",0,0.0,False,0.565,0.0,False,,60,-16.0,-20.0,0.3219280242919922,0.25,False,False,1
1587,layer2.conv2,element,4,"(29, 8, 23)",0,0.0,False,0.565,0.0,False,,34,-0.125,-3.0,4.584962368011475,23.0,False,False,1
1588,layer3.conv2,element,1,"(46, 9, 23)",0,0.0,False,0.565,0.0,False,,59,-14.0,-10.0,0.4854269027709961,0.2857142984867096,False,False,1
1589,layer1.conv2,element,0,"(4, 1, 16)",0,0.0,False,0.565,0.0,False,,39,-0.4375,-0.375,0.22239243984222412,0.1428571492433548,False,False,1
1590,fc,element,1,"(11, 1, 19)",0,0.0,False,0.565,0.0,False,,52,-4.0,-6.0,0.5849626064300537,0.5,False,False,1
1591,layer3.conv1,element,4,"(19, 2, 12)",1,0.005,True,0.56,0.004999999999999893,False,,24,8.0,0.5,4.0,0.9375,False,False,1
1592,layer3.conv2,element,2,"(49, 17, 5)",0,0.0,False,0.565,0.0,False,,54,-6.0,-3.0,1.0000001192092896,0.5,False,False,1
1593,layer3.conv2,element,2,"(60, 5, 21)",0,0.0,False,0.565,0.0,False,,25,10.0,20.0,1.0,1.0,False,False,1
1594,layer3.shortcut.0,element,1,"(29, 0, 19)",0,0.0,False,0.565,0.0,False,,61,-20.0,-28.0,0.4854269027709961,0.4000000059604645,False,False,1
1595,layer2.conv2,scale,7,"(27, 7)",200,1.0,True,0.0,0.565,True,,120,120.0,248.0,128.0,inf,False,False,32
1596,layer3.conv1,element,1,"(37, 5, 10)",0,0.0,False,0.565,0.0,False,,53,-5.0,-7.0,0.4854269027709961,0.4000000059604645,False,False,1
1597,layer3.conv2,element,2,"(27, 8, 4)",0,0.0,False,0.565,0.0,False,,52,-4.0,-2.0,1.0,0.5,False,False,1
1598,layer3.conv2,element,2,"(7, 5, 16)",0,0.0,False,0.565,0.0,False,,19,3.5,7.0,1.0,1.0,False,False,1
1599,layer3.conv1,element,4,"(7, 7, 22)",2,0.01,True,0.56,0.004999999999999893,False,,36,-0.25,-4.0,4.0,15.0,False,False,1
1600,layer3.conv1,element,4,"(18, 8, 10)",2,0.01,True,0.56,0.004999999999999893,False,,31,28.0,1.75,4.0,0.9375,False,False,1
1601,layer3.conv1,element,4,"(36, 1, 7)",3,0.015,True,0.56,0.004999999999999893,False,,41,-0.625,-10.0,4.0,15.0,False,False,1
1602,layer3.conv1,element,1,"(10, 7, 26)",0,0.0,False,0.565,0.0,False,,24,8.0,12.0,0.5849626064300537,0.5,False,False,1
1603,layer3.conv2,element,3,"(51, 4, 28)",0,0.0,False,0.565,0.0,False,,60,-16.0,-4.0,2.0,0.75,False,False,1
1604,layer3.conv2,element,3,"(5, 13, 14)",0,0.0,False,0.565,0.0,False,,56,-8.0,-2.0,2.0,0.75,False,False,1
1605,layer3.conv2,element,3,"(2, 1, 19)",0,0.0,False,0.565,0.0,False,,56,-8.0,-2.0,2.0,0.75,False,False,1
1606,layer3.conv1,element,2,"(24, 5, 21)",0,0.0,False,0.565,0.0,False,,1,0.0625,0.3125,2.321928024291992,4.0,False,False,1
1607,layer3.conv2,element,5,"(16, 5, 5)",1,0.005,True,0.56,0.004999999999999893,False,,49,-2.5,2.5,0.0,2.0,True,False,1
1608,layer3.conv2,element,1,"(33, 12, 29)",0,0.0,False,0.565,0.0,False,,48,-2.0,-3.0,0.5849624872207642,0.5,False,False,1
1609,fc,element,4,"(42, 1, 27)",0,0.0,False,0.565,0.0,False,,49,-2.5,-0.0625,5.321928024291992,0.9750000238418579,False,False,1
1610,layer3.conv2,element,2,"(43, 7, 19)",0,0.0,False,0.565,0.0,False,,21,5.0,2.5,0.9999998807907104,0.5,False,False,1
1611,fc,element,3,"(39, 1, 16)",0,0.0,False,0.565,0.0,False,,59,-14.0,-3.5,2.0,0.75,False,False,1
1612,layer3.conv1,element,1,"(26, 2, 28)",0,0.0,False,0.565,0.0,False,,51,-3.5,-2.5,0.48542678356170654,0.2857142984867096,False,False,1
1613,layer3.conv2,element,1,"(21, 9, 17)",0,0.0,False,0.565,0.0,False,,2,0.125,0.0,inf,1.0,False,False,1
1614,layer3.conv2,element,5,"(12, 7, 21)",1,0.005,True,0.56,0.004999999999999893,False,,20,4.0,-4.0,0.0,2.0,True,False,1
1615,layer3.conv2,element,1,"(33, 15, 22)",0,0.0,False,0.565,0.0,False,,19,3.5,2.5,0.48542678356170654,0.2857142984867096,False,False,1
1616,layer3.conv1,element,0,"(8, 6, 9)",0,0.0,False,0.565,0.0,False,,53,-5.0,-4.0,0.3219280242919922,0.20000000298023224,False,False,1
1617,fc,element,2,"(13, 0, 27)",0,0.0,False,0.565,0.0,False,,60,-16.0,-8.0,1.0,0.5,False,False,1
1618,layer3.conv2,element,3,"(29, 3, 9)",1,0.005,True,0.56,0.004999999999999893,False,,23,7.0,28.0,2.0,3.0,False,False,1
1619,layer3.conv1,element,5,"(8, 8, 2)",0,0.0,False,0.565,0.0,False,,50,-3.0,3.0,0.0,2.0,True,False,1
1620,layer2.conv1,element,3,"(13, 1, 28)",10,0.05,True,0.57,-0.0050000000000000044,False,,22,6.0,24.0,1.999999761581421,3.0,False,False,1
1621,layer2.conv1,element,5,"(22, 2, 11)",27,0.135,True,0.555,0.009999999999999898,False,,30,24.0,-24.0,0.0,2.0,True,False,1
1622,layer3.conv2,scale,1,"(10, 5)",3,0.015,True,0.57,-0.0050000000000000044,False,,122,122.0,120.0,2.0,inf,False,False,32
1623,layer3.conv1,element,0,"(24, 0, 11)",0,0.0,False,0.565,0.0,False,,55,-7.0,-6.0,0.22239232063293457,0.1428571492433548,False,False,1
1624,layer3.conv2,element,2,"(36, 10, 25)",1,0.005,True,0.57,-0.0050000000000000044,False,,57,-10.0,-20.0,1.0,1.0,False,False,1
1625,layer3.conv2,element,5,"(51, 4, 8)",1,0.005,True,0.56,0.004999999999999893,False,,58,-12.0,12.0,0.0,2.0,True,False,1
1626,layer1.conv2,element,0,"(4, 1, 22)",1,0.005,True,0.56,0.004999999999999893,False,,58,-12.0,-14.0,0.22239232063293457,0.1666666716337204,False,False,1
1627,layer2.conv2,element,4,"(19, 5, 12)",9,0.045,True,0.565,0.0,False,,27,14.0,0.875,4.0,0.9375,False,False,1
1628,layer3.conv2,element,2,"(32, 13, 8)",1,0.005,True,0.565,0.0,False,,29,20.0,10.0,1.0,0.5,False,False,1
1629,layer2.conv2,element,4,"(4, 6, 21)",4,0.02,True,0.56,0.004999999999999893,False,,25,10.0,0.625,4.0,0.9375,False,False,1
1630,layer3.conv1,element,5,"(16, 1, 10)",3,0.015,True,0.56,0.004999999999999893,False,,20,4.0,-4.0,0.0,2.0,True,False,1
1631,layer2.conv2,element,0,"(7, 3, 20)",0,0.0,False,0.565,0.0,False,,54,-6.0,-7.0,0.22239232063293457,0.1666666716337204,False,False,1
1632,layer3.conv2,element,4,"(40, 6, 31)",1,0.005,True,0.565,0.0,False,,26,12.0,0.75,4.0,0.9375,False,False,1
1633,layer3.conv2,element,0,"(62, 17, 4)",0,0.0,False,0.565,0.0,False,,58,-12.0,-14.0,0.22239232063293457,0.1666666716337204,False,False,1
1634,layer2.conv2,element,5,"(20, 1, 27)",6,0.03,True,0.56,0.004999999999999893,False,,30,24.0,-24.0,0.0,2.0,True,False,1
1635,fc,element,5,"(35, 0, 25)",1,0.005,True,0.57,-0.0050000000000000044,False,,50,-3.0,3.0,0.0,2.0,True,False,1
1636,layer1.conv2,element,1,"(14, 2, 16)",1,0.005,True,0.56,0.004999999999999893,False,,23,7.0,5.0,0.4854269027709961,0.2857142984867096,False,False,1
1637,layer3.conv1,element,4,"(6, 7, 17)",4,0.02,True,0.56,0.004999999999999893,False,,18,3.0,0.125,4.584962368011475,0.9583333134651184,False,False,1
1638,layer2.conv2,scale,6,"(26, 2)",25,0.125,True,0.56,0.004999999999999893,False,,120,120.0,56.0,64.0,inf,False,False,32
1639,layer2.conv2,element,5,"(21, 4, 9)",6,0.03,True,0.545,0.019999999999999907,False,,28,16.0,-16.0,0.0,2.0,True,False,1
1640,layer3.conv2,element,4,"(39, 15, 21)",0,0.0,False,0.565,0.0,False,,53,-5.0,-0.3125,4.0,0.9375,False,False,1
1641,layer3.conv2,element,2,"(28, 13, 29)",1,0.005,True,0.56,0.004999999999999893,False,,58,-12.0,-24.0,0.9999997615814209,1.0,False,False,1
1642,fc,element,0,"(70, 0, 30)",0,0.0,False,0.565,0.0,False,,15,1.75,1.5,0.22239243984222412,0.1428571492433548,False,False,1
1643,layer3.conv2,element,3,"(49, 3, 12)",1,0.005,True,0.565,0.0,False,,54,-6.0,-24.0,1.999999761581421,3.0,False,False,1
1644,layer2.conv1,element,5,"(4, 0, 10)",9,0.045,True,0.58,-0.015000000000000013,False,,22,6.0,-6.0,0.0,2.0,True,False,1
1645,layer3.conv2,element,1,"(35, 3, 15)",0,0.0,False,0.565,0.0,False,,14,1.5,1.0,0.5849624872207642,0.3333333432674408,False,False,1
1646,layer3.conv2,element,2,"(27, 5, 7)",0,0.0,False,0.565,0.0,False,,50,-3.0,-6.0,1.0000001192092896,1.0,False,False,1
1647,layer2.shortcut.0,element,4,"(25, 0, 0)",1,0.005,True,0.56,0.004999999999999893,False,,22,6.0,0.375,4.0,0.9375,False,False,1
1648,layer3.conv2,element,2,"(17, 14, 23)",0,0.0,False,0.565,0.0,False,,15,1.75,0.875,1.0,0.5,False,False,1
1649,layer3.conv2,element,2,"(59, 15, 18)",1,0.005,True,0.56,0.004999999999999893,False,,58,-12.0,-24.0,0.9999997615814209,1.0,False,False,1
1650,layer3.conv1,element,1,"(26, 1, 23)",0,0.0,False,0.565,0.0,False,,17,2.5,3.5,0.48542678356170654,0.4000000059604645,False,False,1
1651,layer3.conv1,element,4,"(18, 1, 25)",1,0.005,True,0.57,-0.0050000000000000044,False,,61,-20.0,-1.25,4.0,0.9375,False,False,1
1652,layer3.conv2,element,0,"(23, 16, 24)",0,0.0,False,0.565,0.0,False,,25,10.0,8.0,0.3219280242919922,0.20000000298023224,False,False,1
1653,layer3.conv1,element,3,"(1, 2, 16)",2,0.01,True,0.56,0.004999999999999893,False,,28,16.0,4.0,2.0,0.75,False,False,1
1654,layer3.conv2,element,4,"(17, 15, 23)",1,0.005,True,0.57,-0.0050000000000000044,False,,62,-24.0,-1.5,4.0,0.9375,False,False,1
1655,layer3.conv2,element,5,"(44, 2, 19)",2,0.01,True,0.555,0.009999999999999898,False,,62,-24.0,24.0,0.0,2.0,True,False,1
1656,fc,element,4,"(2, 0, 19)",0,0.0,False,0.565,0.0,False,,23,7.0,0.4375,4.0,0.9375,False,False,1
1657,layer2.conv2,scale,7,"(22, 8)",200,1.0,True,0.0,0.565,True,,121,121.0,249.0,128.0,inf,False,False,32
1658,layer3.conv1,element,5,"(42, 4, 24)",2,0.01,True,0.56,0.004999999999999893,False,,50,-3.0,3.0,0.0,2.0,True,False,1
1659,layer3.conv2,element,2,"(12, 0, 0)",0,0.0,False,0.565,0.0,False,,34,-0.125,-0.375,1.5849624872207642,2.0,False,False,1
1660,layer3.conv2,element,3,"(0, 3, 20)",0,0.0,False,0.565,0.0,False,,24,8.0,2.0,2.0,0.75,False,False,1
1661,layer3.conv2,element,1,"(32, 17, 7)",0,0.0,False,0.565,0.0,False,,60,-16.0,-24.0,0.5849623680114746,0.5,False,False,1
1662,layer3.conv1,element,3,"(8, 3, 31)",0,0.0,False,0.565,0.0,False,,45,-1.25,-0.3125,2.0,0.75,False,False,1
1663,layer3.conv1,element,4,"(41, 3, 24)",1,0.005,True,0.56,0.004999999999999893,False,,20,4.0,0.25,4.0,0.9375,False,False,1
1664,layer2.conv1,element,3,"(24, 0, 15)",6,0.03,True,0.56,0.004999999999999893,False,,56,-8.0,-2.0,2.0,0.75,False,False,1
1665,fc,element,3,"(55, 0, 7)",0,0.0,False,0.565,0.0,False,,51,-3.5,-14.0,2.0,3.0,False,False,1
1666,layer2.conv2,element,3,"(25, 5, 30)",9,0.045,True,0.56,0.004999999999999893,False,,20,4.0,16.0,2.0,3.0,False,False,1
1667,fc,element,0,"(70, 1, 21)",0,0.0,False,0.565,0.0,False,,23,7.0,6.0,0.22239232063293457,0.1428571492433548,False,False,1
1668,layer3.shortcut.0,element,3,"(36, 0, 17)",0,0.0,False,0.565,0.0,False,,47,-1.75,-0.4375,2.0,0.75,False,False,1
1669,fc,element,0,"(13, 0, 31)",0,0.0,False,0.565,0.0,False,,24,8.0,10.0,0.3219280242919922,0.25,False,False,1
1670,layer3.conv2,element,5,"(47, 1, 18)",0,0.0,False,0.565,0.0,False,,52,-4.0,4.0,0.0,2.0,True,False,1
1671,layer2.conv1,scale,6,"(26, 2)",18,0.09,True,0.53,0.03499999999999992,False,,119,119.0,55.0,64.0,inf,False,False,32
1672,layer2.conv1,element,2,"(24, 2, 17)",4,0.02,True,0.56,0.004999999999999893,False,,29,20.0,10.0,1.0,0.5,False,False,1
1673,layer2.conv1,element,0,"(28, 3, 4)",0,0.0,False,0.565,0.0,False,,14,1.5,1.75,0.22239243984222412,0.1666666716337204,False,False,1
1674,layer3.conv2,element,2,"(4, 17, 28)",0,0.0,False,0.565,0.0,False,,35,-0.1875,-0.4375,1.2223923206329346,1.3333333730697632,False,False,1
1675,layer3.conv2,element,0,"(27, 14, 15)",0,0.0,False,0.565,0.0,False,,52,-4.0,-5.0,0.3219280242919922,0.25,False,False,1
1676,layer3.conv2,element,0,"(4, 12, 29)",0,0.0,False,0.565,0.0,False,,53,-5.0,-4.0,0.3219280242919922,0.20000000298023224,False,False,1
1677,layer3.conv1,element,1,"(51, 7, 9)",0,0.0,False,0.565,0.0,False,,13,1.25,1.75,0.4854268431663513,0.4000000059604645,False,False,1
1678,fc,element,0,"(0, 0, 3)",0,0.0,False,0.565,0.0,False,,7,0.4375,0.375,0.22239243984222412,0.1428571492433548,False,False,1
1679,layer3.conv2,element,0,"(62, 12, 3)",0,0.0,False,0.565,0.0,False,,12,1.0,1.25,0.32192808389663696,0.25,False,False,1
1680,layer3.conv2,element,5,"(24, 4, 26)",2,0.01,True,0.565,0.0,False,,25,10.0,-10.0,0.0,2.0,True,False,1
1681,layer3.shortcut.0,element,3,"(42, 0, 7)",1,0.005,True,0.565,0.0,False,,50,-3.0,-12.0,2.0,3.0,False,False,1
1682,layer2.conv2,element,1,"(6, 0, 31)",0,0.0,False,0.565,0.0,False,,27,14.0,10.0,0.4854269027709961,0.2857142984867096,False,False,1
1683,layer3.conv2,element,5,"(9, 1, 16)",2,0.01,True,0.56,0.004999999999999893,False,,20,4.0,-4.0,0.0,2.0,True,False,1
1684,layer2.shortcut.0,element,0,"(12, 0, 5)",0,0.0,False,0.565,0.0,False,,18,3.0,3.5,0.22239243984222412,0.1666666716337204,False,False,1
1685,layer3.shortcut.0,element,0,"(33, 0, 19)",0,0.0,False,0.565,0.0,False,,53,-5.0,-4.0,0.3219280242919922,0.20000000298023224,False,False,1
1686,layer3.conv2,element,4,"(60, 15, 19)",0,0.0,False,0.565,0.0,False,,16,2.0,0.0,inf,1.0,False,False,1
1687,layer2.conv2,element,5,"(22, 2, 7)",5,0.025,True,0.57,-0.0050000000000000044,False,,57,-10.0,10.0,0.0,2.0,True,False,1
1688,layer3.conv2,element,0,"(8, 12, 4)",0,0.0,False,0.565,0.0,False,,53,-5.0,-4.0,0.3219280242919922,0.20000000298023224,False,False,1
1689,layer3.conv2,element,3,"(0, 9, 30)",0,0.0,False,0.565,0.0,False,,62,-24.0,-6.0,1.999999761581421,0.75,False,False,1
1690,fc,element,1,"(56, 0, 22)",0,0.0,False,0.565,0.0,False,,16,2.0,3.0,0.5849624872207642,0.5,False,False,1
1691,layer3.conv1,element,3,"(18, 8, 18)",1,0.005,True,0.56,0.004999999999999893,False,,57,-10.0,-2.5,1.9999998807907104,0.75,False,False,1
1692,layer2.conv2,element,5,"(31, 0, 26)",0,0.0,False,0.565,0.0,False,,9,0.625,-0.625,0.0,2.0,True,False,1
1693,layer3.conv2,element,1,"(37, 13, 15)",0,0.0,False,0.565,0.0,False,,54,-6.0,-4.0,0.5849626064300537,0.3333333432674408,False,False,1
1694,layer2.shortcut.0,element,3,"(21, 0, 4)",6,0.03,True,0.565,0.0,False,,17,2.5,10.0,1.9999998807907104,3.0,False,False,1
1695,layer3.conv2,element,0,"(19, 10, 9)",0,0.0,False,0.565,0.0,False,,21,5.0,4.0,0.3219280242919922,0.20000000298023224,False,False,1
1696,layer2.conv2,element,4,"(24, 3, 0)",0,0.0,False,0.565,0.0,False,,51,-3.5,-0.1875,4.2223920822143555,0.9464285969734192,False,False,1
1697,layer3.conv1,element,3,"(58, 7, 14)",2,0.01,True,0.565,0.0,False,,50,-3.0,-12.0,2.0,3.0,False,False,1
1698,layer3.conv1,element,2,"(41, 6, 9)",0,0.0,False,0.565,0.0,False,,41,-0.625,-1.25,1.0,1.0,False,False,1
1699,layer3.conv2,element,3,"(32, 14, 21)",0,0.0,False,0.565,0.0,False,,28,16.0,4.0,2.0,0.75,False,False,1
1700,layer3.conv2,element,1,"(9, 5, 23)",0,0.0,False,0.565,0.0,False,,17,2.5,3.5,0.48542678356170654,0.4000000059604645,False,False,1
1701,layer2.conv1,element,3,"(18, 2, 10)",9,0.045,True,0.54,0.02499999999999991,False,,59,-14.0,-3.5,2.0,0.75,False,False,1
1702,layer2.conv2,element,0,"(11, 6, 6)",0,0.0,False,0.565,0.0,False,,4,0.25,0.3125,0.32192814350128174,0.25,False,False,1
1703,layer2.conv2,element,5,"(15, 4, 17)",1,0.005,True,0.565,0.0,False,,18,3.0,-3.0,0.0,2.0,True,False,1
1704,layer1.conv2,element,4,"(1, 3, 1)",8,0.04,True,0.58,-0.015000000000000013,False,,46,-1.5,-24.0,4.0,15.0,False,False,1
1705,layer3.conv2,element,5,"(31, 0, 26)",0,0.0,False,0.565,0.0,False,,62,-24.0,24.0,0.0,2.0,True,False,1
1706,layer3.conv2,element,2,"(1, 15, 30)",0,0.0,False,0.565,0.0,False,,49,-2.5,-5.0,0.9999998807907104,1.0,False,False,1
1707,layer3.conv2,element,3,"(39, 11, 9)",1,0.005,True,0.565,0.0,False,,63,-28.0,-7.0,2.0,0.75,False,False,1
1708,layer3.conv2,element,0,"(29, 14, 24)",0,0.0,False,0.565,0.0,False,,14,1.5,1.75,0.22239243984222412,0.1666666716337204,False,False,1
1709,layer3.conv2,element,5,"(0, 15, 24)",0,0.0,False,0.565,0.0,False,,57,-10.0,10.0,0.0,2.0,True,False,1
1710,layer3.conv2,element,0,"(21, 9, 9)",0,0.0,False,0.565,0.0,False,,42,-0.75,-0.875,0.22239243984222412,0.1666666716337204,False,False,1
1711,layer3.conv2,element,0,"(27, 11, 14)",0,0.0,False,0.565,0.0,False,,17,2.5,2.0,0.32192814350128174,0.20000000298023224,False,False,1
1712,layer3.conv1,element,5,"(11, 0, 15)",0,0.0,False,0.565,0.0,False,,58,-12.0,12.0,0.0,2.0,True,False,1
1713,layer3.conv2,element,0,"(50, 1, 5)",0,0.0,False,0.565,0.0,False,,20,4.0,5.0,0.3219280242919922,0.25,False,False,1
1714,layer3.conv2,element,1,"(50, 14, 16)",0,0.0,False,0.565,0.0,False,,39,-0.4375,-0.3125,0.48542678356170654,0.2857142984867096,False,False,1
1715,layer3.conv1,element,4,"(63, 8, 18)",1,0.005,True,0.565,0.0,False,,6,0.375,6.0,4.0,15.0,False,False,1
1716,layer1.conv2,element,2,"(6, 4, 1)",0,0.0,False,0.565,0.0,False,,53,-5.0,-2.5,0.9999998807907104,0.5,False,False,1
1717,layer3.conv2,element,2,"(2, 2, 20)",0,0.0,False,0.565,0.0,False,,50,-3.0,-6.0,1.0000001192092896,1.0,False,False,1
1718,layer3.conv1,element,5,"(22, 6, 29)",0,0.0,False,0.565,0.0,False,,16,2.0,-2.0,0.0,2.0,True,False,1
1719,layer3.conv2,element,4,"(47, 17, 5)",2,0.01,True,0.57,-0.0050000000000000044,False,,26,12.0,0.75,4.0,0.9375,False,False,1
1720,layer3.conv2,element,3,"(15, 12, 18)",1,0.005,True,0.57,-0.0050000000000000044,False,,52,-4.0,-16.0,2.0,3.0,False,False,1
1721,layer3.conv2,element,4,"(60, 16, 22)",0,0.0,False,0.565,0.0,False,,54,-6.0,-0.375,4.0,0.9375,False,False,1
1722,layer3.conv1,element,2,"(5, 7, 6)",0,0.0,False,0.565,0.0,False,,60,-16.0,-8.0,1.0,0.5,False,False,1
1723,layer3.conv2,element,4,"(33, 17, 3)",2,0.01,True,0.56,0.004999999999999893,False,,28,16.0,1.0,4.0,0.9375,False,False,1
1724,fc,element,3,"(10, 1, 14)",0,0.0,False,0.565,0.0,False,,24,8.0,2.0,2.0,0.75,False,False,1
1725,layer3.conv1,element,4,"(39, 7, 20)",2,0.01,True,0.56,0.004999999999999893,False,,24,8.0,0.5,4.0,0.9375,False,False,1
1726,layer3.conv1,scale,6,"(21, 4)",7,0.035,True,0.57,-0.0050000000000000044,False,,119,119.0,55.0,64.0,inf,False,False,32
1727,layer2.conv2,element,2,"(13, 5, 3)",0,0.0,False,0.565,0.0,False,,20,4.0,2.0,1.0,0.5,False,False,1
1728,layer3.conv1,element,3,"(23, 4, 28)",0,0.0,False,0.565,0.0,False,,14,1.5,0.375,2.0,0.75,False,False,1
1729,layer3.conv1,element,5,"(46, 6, 15)",2,0.01,True,0.555,0.009999999999999898,False,,57,-10.0,10.0,0.0,2.0,True,False,1
1730,layer3.conv1,element,1,"(50, 7, 4)",0,0.0,False,0.565,0.0,False,,22,6.0,4.0,0.5849626064300537,0.3333333432674408,False,False,1
1731,layer2.conv2,element,1,"(23, 1, 1)",0,0.0,False,0.565,0.0,False,,23,7.0,5.0,0.4854269027709961,0.2857142984867096,False,False,1
1732,layer3.conv1,element,2,"(59, 4, 20)",0,0.0,False,0.565,0.0,False,,51,-3.5,-7.0,1.0,1.0,False,False,1
1733,layer3.conv2,element,5,"(26, 17, 19)",0,0.0,False,0.565,0.0,False,,51,-3.5,3.5,0.0,2.0,True,False,1
1734,layer3.conv2,element,0,"(62, 7, 11)",0,0.0,False,0.565,0.0,False,,17,2.5,2.0,0.32192814350128174,0.20000000298023224,False,False,1
1735,layer3.conv1,element,3,"(53, 1, 14)",4,0.02,True,0.56,0.004999999999999893,False,,19,3.5,14.0,2.0,3.0,False,False,1
1736,layer3.conv1,element,0,"(30, 3, 23)",0,0.0,False,0.565,0.0,False,,55,-7.0,-6.0,0.22239232063293457,0.1428571492433548,False,False,1
1737,layer2.conv2,element,5,"(26, 5, 7)",2,0.01,True,0.56,0.004999999999999893,False,,19,3.5,-3.5,0.0,2.0,True,False,1
1738,layer3.conv2,element,0,"(55, 16, 26)",1,0.005,True,0.56,0.004999999999999893,False,,29,20.0,16.0,0.3219280242919922,0.20000000298023224,False,False,1
1739,layer3.shortcut.0,element,0,"(18, 0, 0)",0,0.0,False,0.565,0.0,False,,51,-3.5,-3.0,0.22239243984222412,0.1428571492433548,False,False,1
1740,layer3.conv2,element,3,"(41, 10, 8)",1,0.005,True,0.56,0.004999999999999893,False,,55,-7.0,-28.0,2.0,3.0,False,False,1
1741,layer3.conv2,element,2,"(17, 2, 14)",1,0.005,True,0.565,0.0,False,,57,-10.0,-20.0,1.0,1.0,False,False,1
1742,layer3.conv2,element,5,"(8, 14, 27)",1,0.005,True,0.56,0.004999999999999893,False,,24,8.0,-8.0,0.0,2.0,True,False,1
1743,layer3.shortcut.0,element,4,"(24, 0, 12)",0,0.0,False,0.565,0.0,False,,18,3.0,0.125,4.584962368011475,0.9583333134651184,False,False,1
1744,fc,element,0,"(83, 1, 24)",0,0.0,False,0.565,0.0,False,,21,5.0,4.0,0.3219280242919922,0.20000000298023224,False,False,1
1745,layer3.conv1,element,4,"(6, 7, 23)",0,0.0,False,0.565,0.0,False,,58,-12.0,-0.75,4.0,0.9375,False,False,1
1746,layer3.conv2,element,3,"(18, 4, 19)",1,0.005,True,0.56,0.004999999999999893,False,,57,-10.0,-2.5,1.9999998807907104,0.75,False,False,1
1747,layer3.conv2,element,4,"(58, 11, 25)",1,0.005,True,0.57,-0.0050000000000000044,False,,59,-14.0,-0.875,4.0,0.9375,False,False,1
1748,layer3.conv2,element,1,"(56, 12, 18)",0,0.0,False,0.565,0.0,False,,10,0.75,0.5,0.5849624872207642,0.3333333432674408,False,False,1
1749,fc,scale,5,"(24, 1)",4,0.02,True,0.56,0.004999999999999893,False,,123,123.0,91.0,32.0,inf,False,False,32
1750,layer3.conv2,element,2,"(3, 15, 17)",0,0.0,False,0.565,0.0,False,,28,16.0,8.0,1.0,0.5,False,False,1
1751,layer3.conv1,element,1,"(56, 3, 15)",0,0.0,False,0.565,0.0,False,,59,-14.0,-10.0,0.4854269027709961,0.2857142984867096,False,False,1
1752,layer1.conv1,element,4,"(9, 0, 25)",0,0.0,False,0.565,0.0,False,,48,-2.0,-0.0,inf,1.0,False,False,1
1753,layer3.shortcut.0,element,0,"(0, 0, 11)",0,0.0,False,0.565,0.0,False,,61,-20.0,-16.0,0.3219280242919922,0.20000000298023224,False,False,1
1754,layer3.conv2,element,0,"(40, 11, 23)",0,0.0,False,0.565,0.0,False,,23,7.0,6.0,0.22239232063293457,0.1428571492433548,False,False,1
1755,layer3.conv2,element,4,"(5, 17, 25)",1,0.005,True,0.565,0.0,False,,31,28.0,1.75,4.0,0.9375,False,False,1
1756,layer3.conv2,element,2,"(0, 17, 4)",0,0.0,False,0.565,0.0,False,,24,8.0,16.0,1.0,1.0,False,False,1
1757,layer3.conv2,element,5,"(11, 15, 14)",4,0.02,True,0.57,-0.0050000000000000044,False,,53,-5.0,5.0,0.0,2.0,True,False,1
1758,layer2.conv1,element,5,"(17, 2, 9)",3,0.015,True,0.565,0.0,False,,22,6.0,-6.0,0.0,2.0,True,False,1
1759,layer3.conv2,element,1,"(55, 1, 4)",0,0.0,False,0.565,0.0,False,,14,1.5,1.0,0.5849624872207642,0.3333333432674408,False,False,1
1760,layer3.conv2,element,5,"(11, 14, 10)",1,0.005,True,0.56,0.004999999999999893,False,,13,1.25,-1.25,0.0,2.0,True,False,1
1761,layer3.conv1,element,0,"(30, 0, 16)",0,0.0,False,0.565,0.0,False,,53,-5.0,-4.0,0.3219280242919922,0.20000000298023224,False,False,1
1762,layer3.conv1,scale,7,"(1, 3)",197,0.985,True,0.01,0.5549999999999999,True,,119,119.0,247.0,128.0,inf,False,False,32
1763,layer1.conv2,element,5,"(9, 2, 7)",7,0.035,True,0.56,0.004999999999999893,False,,53,-5.0,5.0,0.0,2.0,True,False,1
1764,layer1.conv1,element,3,"(0, 1, 5)",6,0.03,True,0.565,0.0,False,,50,-3.0,-12.0,2.0,3.0,False,False,1
1765,fc,element,3,"(6, 1, 3)",0,0.0,False,0.565,0.0,False,,53,-5.0,-20.0,2.0,3.0,False,False,1
1766,layer3.conv1,element,3,"(31, 5, 14)",3,0.015,True,0.565,0.0,False,,23,7.0,28.0,2.0,3.0,False,False,1
1767,layer3.conv2,element,0,"(6, 15, 30)",0,0.0,False,0.565,0.0,False,,61,-20.0,-16.0,0.3219280242919922,0.20000000298023224,False,False,1
1768,layer3.conv2,element,3,"(25, 17, 30)",0,0.0,False,0.565,0.0,False,,58,-12.0,-3.0,2.0,0.75,False,False,1
1769,layer2.conv2,element,1,"(1, 3, 4)",0,0.0,False,0.565,0.0,False,,48,-2.0,-3.0,0.5849624872207642,0.5,False,False,1
1770,layer3.conv1,element,0,"(18, 1, 15)",0,0.0,False,0.565,0.0,False,,43,-0.875,-0.75,0.22239243984222412,0.1428571492433548,False,False,1
1771,layer1.conv2,element,3,"(9, 0, 8)",15,0.075,True,0.56,0.004999999999999893,False,,23,7.0,28.0,2.0,3.0,False,False,1
1772,layer1.conv1,element,3,"(6, 3, 19)",11,0.055,True,0.565,0.0,False,,21,5.0,20.0,2.0,3.0,False,False,1
1773,layer3.conv1,element,1,"(40, 4, 20)",0,0.0,False,0.565,0.0,False,,5,0.3125,0.4375,0.48542678356170654,0.4000000059604645,False,False,1
1774,layer3.shortcut.0,element,2,"(38, 0, 6)",3,0.015,True,0.56,0.004999999999999893,False,,26,12.0,24.0,0.9999997615814209,1.0,False,False,1
1775,layer3.conv1,element,5,"(31, 7, 28)",0,0.0,False,0.565,0.0,False,,21,5.0,-5.0,0.0,2.0,True,False,1
1776,layer3.conv2,element,0,"(12, 3, 29)",0,0.0,False,0.565,0.0,False,,57,-10.0,-8.0,0.3219280242919922,0.20000000298023224,False,False,1
1777,layer3.conv2,element,2,"(21, 13, 5)",0,0.0,False,0.565,0.0,False,,22,6.0,3.0,1.0000001192092896,0.5,False,False,1
1778,layer3.conv2,element,4,"(40, 13, 4)",3,0.015,True,0.56,0.004999999999999893,False,,30,24.0,1.5,4.0,0.9375,False,False,1
1779,layer3.conv2,element,2,"(28, 10, 22)",0,0.0,False,0.565,0.0,False,,19,3.5,7.0,1.0,1.0,False,False,1
1780,fc,element,5,"(54, 0, 23)",0,0.0,False,0.565,0.0,False,,28,16.0,-16.0,0.0,2.0,True,False,1
1781,layer2.conv2,element,5,"(25, 0, 3)",0,0.0,False,0.565,0.0,False,,43,-0.875,0.875,0.0,2.0,True,False,1
1782,layer3.conv2,element,0,"(15, 8, 30)",0,0.0,False,0.565,0.0,False,,23,7.0,6.0,0.22239232063293457,0.1428571492433548,False,False,1
1783,layer3.conv1,element,3,"(33, 0, 9)",1,0.005,True,0.56,0.004999999999999893,False,,28,16.0,4.0,2.0,0.75,False,False,1
1784,layer3.conv2,element,4,"(13, 17, 4)",0,0.0,False,0.565,0.0,False,,24,8.0,0.5,4.0,0.9375,False,False,1
1785,layer3.conv2,element,5,"(39, 3, 2)",2,0.01,True,0.56,0.004999999999999893,False,,29,20.0,-20.0,0.0,2.0,True,False,1
1786,layer2.conv1,element,0,"(12, 0, 31)",0,0.0,False,0.565,0.0,False,,46,-1.5,-1.75,0.22239243984222412,0.1666666716337204,False,False,1
1787,layer3.conv2,element,0,"(47, 10, 8)",0,0.0,False,0.565,0.0,False,,57,-10.0,-8.0,0.3219280242919922,0.20000000298023224,False,False,1
1788,layer3.conv2,element,4,"(49, 13, 5)",1,0.005,True,0.56,0.004999999999999893,False,,50,-3.0,-0.125,4.584962368011475,0.9583333134651184,False,False,1
1789,layer3.conv1,element,5,"(20, 7, 22)",0,0.0,False,0.565,0.0,False,,17,2.5,-2.5,0.0,2.0,True,False,1
1790,layer3.conv2,element,4,"(3, 9, 10)",0,0.0,False,0.565,0.0,False,,49,-2.5,-0.0625,5.321928024291992,0.9750000238418579,False,False,1
1791,layer3.conv2,element,1,"(58, 7, 27)",0,0.0,False,0.565,0.0,False,,53,-5.0,-7.0,0.4854269027709961,0.4000000059604645,False,False,1
1792,layer2.conv2,element,0,"(19, 2, 29)",0,0.0,False,0.565,0.0,False,,11,0.875,0.75,0.22239243984222412,0.1428571492433548,False,False,1
1793,layer3.conv2,element,1,"(11, 8, 31)",1,0.005,True,0.56,0.004999999999999893,False,,62,-24.0,-16.0,0.5849623680114746,0.3333333432674408,False,False,1
1794,layer2.conv2,element,4,"(17, 1, 25)",1,0.005,True,0.56,0.004999999999999893,False,,62,-24.0,-1.5,4.0,0.9375,False,False,1
1795,layer3.conv2,element,5,"(27, 14, 16)",4,0.02,True,0.56,0.004999999999999893,False,,25,10.0,-10.0,0.0,2.0,True,False,1
1796,layer3.conv1,element,5,"(29, 3, 24)",0,0.0,False,0.565,0.0,False,,17,2.5,-2.5,0.0,2.0,True,False,1
1797,layer3.conv2,element,0,"(50, 5, 6)",0,0.0,False,0.565,0.0,False,,61,-20.0,-16.0,0.3219280242919922,0.20000000298023224,False,False,1
1798,layer3.conv1,element,3,"(8, 7, 31)",0,0.0,False,0.565,0.0,False,,45,-1.25,-0.3125,2.0,0.75,False,False,1
1799,fc,element,3,"(43, 0, 30)",0,0.0,False,0.565,0.0,False,,53,-5.0,-20.0,2.0,3.0,False,False,1
1800,layer3.conv2,element,2,"(6, 3, 14)",0,0.0,False,0.565,0.0,False,,58,-12.0,-24.0,0.9999997615814209,1.0,False,False,1
1801,layer3.conv2,element,3,"(51, 11, 26)",0,0.0,False,0.565,0.0,False,,48,-2.0,-8.0,2.0,3.0,False,False,1
1802,layer3.conv2,element,3,"(55, 6, 3)",2,0.01,True,0.565,0.0,False,,27,14.0,3.5,2.0,0.75,False,False,1
1803,layer3.conv2,element,5,"(3, 0, 16)",0,0.0,False,0.565,0.0,False,,52,-4.0,4.0,0.0,2.0,True,False,1
1804,layer3.conv2,element,2,"(24, 17, 12)",0,0.0,False,0.565,0.0,False,,23,7.0,3.5,1.0,0.5,False,False,1
1805,layer2.conv1,element,5,"(31, 1, 28)",4,0.02,True,0.57,-0.0050000000000000044,False,,55,-7.0,7.0,0.0,2.0,True,False,1
1806,layer3.conv2,element,2,"(36, 16, 7)",1,0.005,True,0.57,-0.0050000000000000044,False,,30,24.0,12.0,0.9999997615814209,0.5,False,False,1
1807,layer2.conv1,element,1,"(15, 2, 28)",1,0.005,True,0.56,0.004999999999999893,False,,19,3.5,2.5,0.48542678356170654,0.2857142984867096,False,False,1
1808,layer3.conv2,element,5,"(56, 12, 21)",0,0.0,False,0.565,0.0,False,,6,0.375,-0.375,0.0,2.0,True,False,1
1809,layer3.conv1,element,0,"(43, 7, 14)",0,0.0,False,0.565,0.0,False,,27,14.0,12.0,0.22239232063293457,0.1428571492433548,False,False,1
1810,layer3.conv1,element,3,"(63, 8, 16)",2,0.01,True,0.56,0.004999999999999893,False,,50,-3.0,-12.0,2.0,3.0,False,False,1
1811,layer2.conv2,element,1,"(12, 0, 31)",0,0.0,False,0.565,0.0,False,,59,-14.0,-10.0,0.4854269027709961,0.2857142984867096,False,False,1
1812,layer3.conv1,element,5,"(58, 8, 15)",1,0.005,True,0.565,0.0,False,,58,-12.0,12.0,0.0,2.0,True,False,1
1813,layer3.conv1,element,4,"(13, 5, 7)",1,0.005,True,0.57,-0.0050000000000000044,False,,12,1.0,16.0,4.0,15.0,False,False,1
1814,layer3.conv2,element,3,"(10, 9, 25)",0,0.0,False,0.565,0.0,False,,3,0.1875,0.875,2.2223923206329346,3.6666667461395264,False,False,1
1815,layer3.conv2,element,4,"(0, 3, 21)",0,0.0,False,0.565,0.0,False,,18,3.0,0.125,4.584962368011475,0.9583333134651184,False,False,1
1816,layer3.conv1,element,4,"(20, 7, 16)",0,0.0,False,0.565,0.0,False,,4,0.25,4.0,4.0,15.0,False,False,1
1817,layer3.conv2,element,1,"(18, 7, 13)",0,0.0,False,0.565,0.0,False,,23,7.0,5.0,0.4854269027709961,0.2857142984867096,False,False,1
1818,layer3.conv2,element,4,"(55, 9, 28)",3,0.015,True,0.565,0.0,False,,63,-28.0,-1.75,4.0,0.9375,False,False,1
1819,layer3.conv1,element,3,"(62, 4, 10)",0,0.0,False,0.565,0.0,False,,59,-14.0,-3.5,2.0,0.75,False,False,1
1820,layer3.conv2,element,2,"(15, 10, 4)",0,0.0,False,0.565,0.0,False,,48,-2.0,-4.0,1.0,1.0,False,False,1
1821,layer3.conv1,element,5,"(2, 3, 29)",0,0.0,False,0.565,0.0,False,,20,4.0,-4.0,0.0,2.0,True,False,1
1822,layer3.conv2,element,4,"(44, 5, 16)",2,0.01,True,0.555,0.009999999999999898,False,,24,8.0,0.5,4.0,0.9375,False,False,1
1823,layer1.conv2,element,5,"(2, 2, 26)",10,0.05,True,0.55,0.014999999999999902,False,,26,12.0,-12.0,0.0,2.0,True,False,1
1824,layer3.conv2,element,1,"(0, 8, 3)",0,0.0,False,0.565,0.0,False,,14,1.5,1.0,0.5849624872207642,0.3333333432674408,False,False,1
1825,layer3.conv2,element,3,"(12, 1, 13)",2,0.01,True,0.56,0.004999999999999893,False,,52,-4.0,-16.0,2.0,3.0,False,False,1
1826,layer3.conv2,element,1,"(20, 15, 26)",0,0.0,False,0.565,0.0,False,,55,-7.0,-5.0,0.4854269027709961,0.2857142984867096,False,False,1
1827,layer3.conv2,element,5,"(46, 1, 24)",0,0.0,False,0.565,0.0,False,,58,-12.0,12.0,0.0,2.0,True,False,1
1828,layer3.conv1,element,0,"(8, 0, 18)",0,0.0,False,0.565,0.0,False,,16,2.0,2.5,0.32192814350128174,0.25,False,False,1
1829,fc,element,4,"(44, 0, 0)",2,0.01,True,0.57,-0.0050000000000000044,False,,30,24.0,1.5,4.0,0.9375,False,False,1
1830,layer3.conv2,element,0,"(0, 14, 19)",0,0.0,False,0.565,0.0,False,,50,-3.0,-3.5,0.22239243984222412,0.1666666716337204,False,False,1
1831,layer2.conv1,element,5,"(22, 2, 0)",0,0.0,False,0.565,0.0,False,,13,1.25,-1.25,0.0,2.0,True,False,1
1832,layer1.conv2,element,3,"(15, 0, 14)",6,0.03,True,0.565,0.0,False,,49,-2.5,-10.0,1.9999998807907104,3.0,False,False,1
1833,layer2.conv2,element,2,"(31, 3, 24)",0,0.0,False,0.565,0.0,False,,20,4.0,2.0,1.0,0.5,False,False,1
1834,layer3.conv1,element,0,"(41, 2, 1)",0,0.0,False,0.565,0.0,False,,29,20.0,16.0,0.3219280242919922,0.20000000298023224,False,False,1
1835,layer3.conv2,element,2,"(58, 0, 21)",1,0.005,True,0.56,0.004999999999999893,False,,54,-6.0,-3.0,1.0000001192092896,0.5,False,False,1
1836,layer3.conv1,element,3,"(4, 8, 30)",1,0.005,True,0.56,0.004999999999999893,False,,16,2.0,8.0,2.0,3.0,False,False,1
1837,fc,element,1,"(62, 0, 21)",0,0.0,False,0.565,0.0,False,,28,16.0,24.0,0.5849623680114746,0.5,False,False,1
1838,layer3.conv1,element,5,"(54, 2, 13)",5,0.025,True,0.555,0.009999999999999898,False,,56,-8.0,8.0,0.0,2.0,True,False,1
1839,layer1.conv2,element,3,"(5, 2, 9)",2,0.01,True,0.555,0.009999999999999898,False,,16,2.0,8.0,2.0,3.0,False,False,1
1840,layer3.conv2,element,2,"(45, 12, 4)",0,0.0,False,0.565,0.0,False,,61,-20.0,-10.0,1.0,0.5,False,False,1
1841,layer3.conv1,element,1,"(0, 0, 4)",1,0.005,True,0.56,0.004999999999999893,False,,57,-10.0,-14.0,0.4854269027709961,0.4000000059604645,False,False,1
1842,layer3.conv1,element,0,"(19, 0, 30)",0,0.0,False,0.565,0.0,False,,58,-12.0,-14.0,0.22239232063293457,0.1666666716337204,False,False,1
1843,fc,element,3,"(51, 1, 10)",1,0.005,True,0.565,0.0,False,,20,4.0,16.0,2.0,3.0,False,False,1
1844,layer3.conv2,element,1,"(51, 10, 0)",0,0.0,False,0.565,0.0,False,,61,-20.0,-28.0,0.4854269027709961,0.4000000059604645,False,False,1
1845,layer3.conv2,element,3,"(51, 14, 15)",2,0.01,True,0.56,0.004999999999999893,False,,21,5.0,20.0,2.0,3.0,False,False,1
1846,layer3.conv2,element,2,"(39, 10, 25)",0,0.0,False,0.565,0.0,False,,45,-1.25,-0.625,1.0,0.5,False,False,1
1847,layer2.conv1,element,2,"(17, 0, 4)",0,0.0,False,0.565,0.0,False,,17,2.5,5.0,0.9999998807907104,1.0,False,False,1
1848,layer3.conv2,element,2,"(41, 12, 9)",0,0.0,False,0.565,0.0,False,,57,-10.0,-20.0,1.0,1.0,False,False,1
1849,layer3.conv2,element,3,"(38, 12, 25)",0,0.0,False,0.565,0.0,False,,46,-1.5,-0.375,2.0,0.75,False,False,1
1850,layer3.conv2,element,5,"(29, 13, 27)",0,0.0,False,0.565,0.0,False,,51,-3.5,3.5,0.0,2.0,True,False,1
1851,layer3.conv2,element,5,"(5, 15, 10)",1,0.005,True,0.56,0.004999999999999893,False,,52,-4.0,4.0,0.0,2.0,True,False,1
1852,layer3.conv2,scale,5,"(37, 10)",6,0.03,True,0.575,-0.010000000000000009,False,,123,123.0,91.0,32.0,inf,False,False,32
1853,layer3.conv2,element,5,"(33, 8, 5)",0,0.0,False,0.565,0.0,False,,22,6.0,-6.0,0.0,2.0,True,False,1
1854,layer3.conv2,element,1,"(16, 15, 19)",0,0.0,False,0.565,0.0,False,,28,16.0,24.0,0.5849623680114746,0.5,False,False,1
1855,layer3.conv2,element,0,"(1, 17, 5)",0,0.0,False,0.565,0.0,False,,49,-2.5,-2.0,0.32192814350128174,0.20000000298023224,False,False,1
1856,layer3.conv1,scale,7,"(46, 0)",200,1.0,True,0.0,0.565,True,,119,119.0,247.0,128.0,inf,False,False,32
1857,layer3.conv2,element,2,"(1, 16, 7)",0,0.0,False,0.565,0.0,False,,23,7.0,3.5,1.0,0.5,False,False,1
1858,layer2.conv1,element,3,"(14, 2, 5)",6,0.03,True,0.55,0.014999999999999902,False,,52,-4.0,-16.0,2.0,3.0,False,False,1
1859,layer3.conv2,element,0,"(34, 1, 25)",0,0.0,False,0.565,0.0,False,,61,-20.0,-16.0,0.3219280242919922,0.20000000298023224,False,False,1
1860,layer1.conv1,element,0,"(15, 1, 7)",0,0.0,False,0.565,0.0,False,,45,-1.25,-1.0,0.32192808389663696,0.20000000298023224,False,False,1
1861,layer3.conv2,element,3,"(14, 10, 6)",0,0.0,False,0.565,0.0,False,,60,-16.0,-4.0,2.0,0.75,False,False,1
1862,layer2.conv1,element,1,"(0, 0, 1)",3,0.015,True,0.55,0.014999999999999902,False,,27,14.0,10.0,0.4854269027709961,0.2857142984867096,False,False,1
1863,layer3.conv1,element,5,"(42, 6, 5)",2,0.01,True,0.56,0.004999999999999893,False,,58,-12.0,12.0,0.0,2.0,True,False,1
1864,layer2.conv2,element,2,"(15, 8, 18)",0,0.0,False,0.565,0.0,False,,17,2.5,5.0,0.9999998807907104,1.0,False,False,1
1865,layer1.conv2,element,4,"(11, 3, 17)",0,0.0,False,0.565,0.0,False,,57,-10.0,-0.625,4.0,0.9375,False,False,1
1866,layer3.conv2,element,3,"(50, 14, 26)",3,0.015,True,0.56,0.004999999999999893,False,,54,-6.0,-24.0,1.999999761581421,3.0,False,False,1
1867,layer3.conv1,element,3,"(18, 5, 23)",6,0.03,True,0.56,0.004999999999999893,False,,21,5.0,20.0,2.0,3.0,False,False,1
1868,layer2.conv2,element,1,"(7, 2, 7)",0,0.0,False,0.565,0.0,False,,42,-0.75,-0.5,0.5849624872207642,0.3333333432674408,False,False,1
1869,layer3.conv2,element,0,"(15, 16, 13)",0,0.0,False,0.565,0.0,False,,6,0.375,0.4375,0.22239243984222412,0.1666666716337204,False,False,1
1870,layer3.conv2,element,2,"(36, 9, 8)",0,0.0,False,0.565,0.0,False,,22,6.0,3.0,1.0000001192092896,0.5,False,False,1
1871,layer3.conv2,element,5,"(21, 0, 0)",1,0.005,True,0.56,0.004999999999999893,False,,29,20.0,-20.0,0.0,2.0,True,False,1
1872,fc,element,3,"(81, 1, 4)",0,0.0,False,0.565,0.0,False,,22,6.0,24.0,1.999999761581421,3.0,False,False,1
1873,fc,element,5,"(76, 1, 23)",1,0.005,True,0.565,0.0,False,,19,3.5,-3.5,0.0,2.0,True,False,1
1874,layer2.conv1,element,1,"(5, 2, 24)",0,0.0,False,0.565,0.0,False,,51,-3.5,-2.5,0.48542678356170654,0.2857142984867096,False,False,1
1875,layer3.conv2,element,3,"(60, 13, 4)",0,0.0,False,0.565,0.0,False,,28,16.0,4.0,2.0,0.75,False,False,1
1876,layer3.conv2,element,3,"(9, 13, 16)",1,0.005,True,0.565,0.0,False,,58,-12.0,-3.0,2.0,0.75,False,False,1
1877,layer3.conv2,element,3,"(31, 8, 8)",0,0.0,False,0.565,0.0,False,,20,4.0,16.0,2.0,3.0,False,False,1
1878,layer3.conv1,element,3,"(49, 3, 17)",4,0.02,True,0.57,-0.0050000000000000044,False,,18,3.0,12.0,2.0,3.0,False,False,1
1879,layer3.conv1,element,0,"(5, 4, 4)",0,0.0,False,0.565,0.0,False,,58,-12.0,-14.0,0.22239232063293457,0.1666666716337204,False,False,1
1880,layer3.conv1,element,3,"(36, 0, 30)",2,0.01,True,0.56,0.004999999999999893,False,,17,2.5,10.0,1.9999998807907104,3.0,False,False,1
1881,conv1,element,3,"(6, 0, 0)",24,0.12,True,0.555,0.009999999999999898,False,,23,7.0,28.0,2.0,3.0,False,False,1
1882,layer3.conv1,element,0,"(31, 6, 26)",1,0.005,True,0.56,0.004999999999999893,False,,60,-16.0,-20.0,0.3219280242919922,0.25,False,False,1
1883,layer3.conv2,scale,7,"(15, 14)",200,1.0,True,0.0,0.565,True,,122,122.0,250.0,128.0,inf,False,False,32
1884,layer2.conv1,element,0,"(20, 3, 13)",0,0.0,False,0.565,0.0,False,,44,-1.0,-1.25,0.32192808389663696,0.25,False,False,1
1885,layer3.conv2,element,0,"(21, 13, 3)",0,0.0,False,0.565,0.0,False,,25,10.0,8.0,0.3219280242919922,0.20000000298023224,False,False,1
1886,layer1.conv1,element,0,"(1, 1, 6)",0,0.0,False,0.565,0.0,False,,17,2.5,2.0,0.32192814350128174,0.20000000298023224,False,False,1
1887,layer3.conv1,element,3,"(47, 4, 15)",2,0.01,True,0.57,-0.0050000000000000044,False,,21,5.0,20.0,2.0,3.0,False,False,1
1888,layer3.conv2,element,1,"(17, 5, 20)",0,0.0,False,0.565,0.0,False,,24,8.0,12.0,0.5849626064300537,0.5,False,False,1
1889,layer3.conv2,element,1,"(20, 15, 13)",2,0.01,True,0.555,0.009999999999999898,False,,28,16.0,24.0,0.5849623680114746,0.5,False,False,1
1890,layer3.conv1,element,3,"(27, 4, 18)",2,0.01,True,0.57,-0.0050000000000000044,False,,57,-10.0,-2.5,1.9999998807907104,0.75,False,False,1
1891,layer3.conv2,element,3,"(5, 15, 16)",0,0.0,False,0.565,0.0,False,,42,-0.75,-0.125,2.5849623680114746,0.8333333134651184,False,False,1
1892,layer3.conv2,element,4,"(19, 2, 30)",0,0.0,False,0.565,0.0,False,,55,-7.0,-0.4375,4.0,0.9375,False,False,1
1893,layer3.conv2,element,5,"(0, 17, 15)",0,0.0,False,0.565,0.0,False,,50,-3.0,3.0,0.0,2.0,True,False,1
1894,layer1.conv1,element,5,"(9, 1, 9)",5,0.025,True,0.55,0.014999999999999902,False,,19,3.5,-3.5,0.0,2.0,True,False,1
1895,conv1,element,4,"(5, 0, 4)",3,0.015,True,0.565,0.0,False,,33,-0.0625,-2.5,5.321928024291992,39.0,False,False,1
1896,layer3.conv2,scale,3,"(30, 17)",10,0.05,True,0.57,-0.0050000000000000044,False,,122,122.0,114.0,8.0,inf,False,False,32
1897,layer3.conv1,element,1,"(27, 7, 3)",1,0.005,True,0.56,0.004999999999999893,False,,61,-20.0,-28.0,0.4854269027709961,0.4000000059604645,False,False,1
1898,fc,element,4,"(9, 0, 22)",0,0.0,False,0.565,0.0,False,,29,20.0,1.25,4.0,0.9375,False,False,1
1899,layer3.conv2,element,1,"(34, 1, 7)",0,0.0,False,0.565,0.0,False,,60,-16.0,-24.0,0.5849623680114746,0.5,False,False,1
1900,layer2.conv1,element,4,"(25, 2, 4)",6,0.03,True,0.56,0.004999999999999893,False,,61,-20.0,-1.25,4.0,0.9375,False,False,1
1901,layer3.conv2,element,4,"(50, 11, 26)",2,0.01,True,0.565,0.0,False,,29,20.0,1.25,4.0,0.9375,False,False,1
1902,layer3.conv1,element,5,"(24, 1, 13)",1,0.005,True,0.56,0.004999999999999893,False,,25,10.0,-10.0,0.0,2.0,True,False,1
1903,layer3.conv2,element,2,"(27, 3, 19)",0,0.0,False,0.565,0.0,False,,54,-6.0,-3.0,1.0000001192092896,0.5,False,False,1
1904,fc,element,5,"(78, 0, 25)",1,0.005,True,0.56,0.004999999999999893,False,,28,16.0,-16.0,0.0,2.0,True,False,1
1905,layer3.conv2,element,1,"(28, 7, 1)",0,0.0,False,0.565,0.0,False,,59,-14.0,-10.0,0.4854269027709961,0.2857142984867096,False,False,1
1906,layer3.conv2,element,4,"(52, 17, 10)",3,0.015,True,0.57,-0.0050000000000000044,False,,21,5.0,0.3125,4.0,0.9375,False,False,1
1907,layer3.conv1,element,3,"(50, 5, 3)",3,0.015,True,0.555,0.009999999999999898,False,,24,8.0,2.0,2.0,0.75,False,False,1
1908,layer2.conv2,element,0,"(10, 7, 30)",1,0.005,True,0.565,0.0,False,,61,-20.0,-16.0,0.3219280242919922,0.20000000298023224,False,False,1
1909,layer3.conv2,element,2,"(58, 10, 19)",0,0.0,False,0.565,0.0,False,,57,-10.0,-20.0,1.0,1.0,False,False,1
1910,layer3.conv2,element,5,"(26, 0, 10)",2,0.01,True,0.56,0.004999999999999893,False,,25,10.0,-10.0,0.0,2.0,True,False,1
1911,layer3.conv2,element,0,"(63, 12, 17)",0,0.0,False,0.565,0.0,False,,53,-5.0,-4.0,0.3219280242919922,0.20000000298023224,False,False,1
1912,layer3.conv2,element,0,"(27, 13, 2)",0,0.0,False,0.565,0.0,False,,25,10.0,8.0,0.3219280242919922,0.20000000298023224,False,False,1
1913,layer3.conv1,element,2,"(7, 2, 29)",1,0.005,True,0.56,0.004999999999999893,False,,60,-16.0,-8.0,1.0,0.5,False,False,1
1914,layer3.conv1,element,3,"(21, 2, 20)",2,0.01,True,0.56,0.004999999999999893,False,,16,2.0,8.0,2.0,3.0,False,False,1
1915,layer3.conv1,element,0,"(30, 7, 30)",0,0.0,False,0.565,0.0,False,,58,-12.0,-14.0,0.22239232063293457,0.1666666716337204,False,False,1
1916,fc,element,1,"(59, 0, 12)",0,0.0,False,0.565,0.0,False,,49,-2.5,-3.5,0.48542678356170654,0.4000000059604645,False,False,1
1917,layer2.conv1,element,2,"(25, 1, 1)",0,0.0,False,0.565,0.0,False,,37,-0.3125,-0.0625,2.321928024291992,0.800000011920929,False,False,1
1918,layer3.conv1,element,4,"(49, 3, 7)",0,0.0,False,0.565,0.0,False,,49,-2.5,-0.0625,5.321928024291992,0.9750000238418579,False,False,1
1919,layer3.conv1,element,5,"(57, 7, 6)",1,0.005,True,0.565,0.0,False,,57,-10.0,10.0,0.0,2.0,True,False,1
1920,layer2.conv1,element,3,"(24, 1, 31)",6,0.03,True,0.565,0.0,False,,25,10.0,2.5,1.9999998807907104,0.75,False,False,1
1921,layer3.conv2,element,2,"(15, 5, 19)",0,0.0,False,0.565,0.0,False,,52,-4.0,-2.0,1.0,0.5,False,False,1
1922,layer2.conv1,element,5,"(13, 3, 6)",1,0.005,True,0.565,0.0,False,,20,4.0,-4.0,0.0,2.0,True,False,1
1923,layer3.conv2,element,5,"(55, 13, 20)",5,0.025,True,0.56,0.004999999999999893,False,,25,10.0,-10.0,0.0,2.0,True,False,1
1924,fc,scale,2,"(28, 0)",66,0.33,True,0.365,0.19999999999999996,False,,123,123.0,127.0,4.0,inf,False,False,32
1925,layer3.conv1,element,0,"(33, 3, 26)",0,0.0,False,0.565,0.0,False,,57,-10.0,-8.0,0.3219280242919922,0.20000000298023224,False,False,1
1926,layer3.shortcut.0,element,5,"(63, 0, 1)",0,0.0,False,0.565,0.0,False,,11,0.875,-0.875,0.0,2.0,True,False,1
1927,layer3.conv2,element,1,"(47, 11, 7)",0,0.0,False,0.565,0.0,False,,59,-14.0,-10.0,0.4854269027709961,0.2857142984867096,False,False,1
1928,layer3.conv1,element,2,"(20, 8, 4)",1,0.005,True,0.56,0.004999999999999893,False,,56,-8.0,-16.0,1.0,1.0,False,False,1
1929,layer3.conv2,element,5,"(25, 2, 29)",0,0.0,False,0.565,0.0,False,,55,-7.0,7.0,0.0,2.0,True,False,1
1930,layer3.conv1,element,0,"(12, 7, 0)",0,0.0,False,0.565,0.0,False,,16,2.0,2.5,0.32192814350128174,0.25,False,False,1
1931,layer2.conv2,element,4,"(6, 8, 11)",1,0.005,True,0.565,0.0,False,,54,-6.0,-0.375,4.0,0.9375,False,False,1
1932,layer3.conv2,element,2,"(45, 7, 4)",0,0.0,False,0.565,0.0,False,,61,-20.0,-10.0,1.0,0.5,False,False,1
1933,layer3.conv2,scale,4,"(30, 10)",2,0.01,True,0.56,0.004999999999999893,False,,122,122.0,106.0,16.0,inf,False,False,32
1934,layer2.conv1,element,4,"(9, 2, 20)",6,0.03,True,0.57,-0.0050000000000000044,False,,28,16.0,1.0,4.0,0.9375,False,False,1
1935,layer3.conv2,element,5,"(55, 9, 9)",1,0.005,True,0.56,0.004999999999999893,False,,56,-8.0,8.0,0.0,2.0,True,False,1
1936,layer3.conv2,element,0,"(34, 1, 17)",0,0.0,False,0.565,0.0,False,,29,20.0,16.0,0.3219280242919922,0.20000000298023224,False,False,1
1937,layer3.conv2,element,5,"(33, 14, 2)",0,0.0,False,0.565,0.0,False,,19,3.5,-3.5,0.0,2.0,True,False,1
1938,layer3.conv2,element,3,"(1, 9, 18)",0,0.0,False,0.565,0.0,False,,17,2.5,10.0,1.9999998807907104,3.0,False,False,1
1939,layer1.conv2,element,3,"(1, 3, 12)",1,0.005,True,0.56,0.004999999999999893,False,,25,10.0,2.5,1.9999998807907104,0.75,False,False,1
1940,layer3.conv2,element,1,"(37, 0, 28)",0,0.0,False,0.565,0.0,False,,25,10.0,14.0,0.4854269027709961,0.4000000059604645,False,False,1
1941,layer3.conv1,element,1,"(26, 6, 25)",0,0.0,False,0.565,0.0,False,,47,-1.75,-1.25,0.4854268431663513,0.2857142984867096,False,False,1
1942,layer3.conv2,element,1,"(8, 1, 12)",0,0.0,False,0.565,0.0,False,,23,7.0,5.0,0.4854269027709961,0.2857142984867096,False,False,1
1943,layer1.conv1,element,3,"(14, 3, 24)",0,0.0,False,0.565,0.0,False,,1,0.0625,0.625,3.321928024291992,9.0,False,False,1
1944,fc,element,0,"(38, 1, 31)",0,0.0,False,0.565,0.0,False,,50,-3.0,-3.5,0.22239243984222412,0.1666666716337204,False,False,1
1945,layer3.shortcut.0,element,0,"(21, 0, 17)",0,0.0,False,0.565,0.0,False,,63,-28.0,-24.0,0.22239255905151367,0.1428571492433548,False,False,1
1946,layer2.conv1,element,1,"(12, 2, 10)",0,0.0,False,0.565,0.0,False,,6,0.375,0.25,0.5849624872207642,0.3333333432674408,False,False,1
1947,layer3.conv1,element,3,"(34, 6, 30)",0,0.0,False,0.565,0.0,False,,62,-24.0,-6.0,1.999999761581421,0.75,False,False,1
1948,layer3.conv2,element,3,"(3, 6, 11)",0,0.0,False,0.565,0.0,False,,20,4.0,16.0,2.0,3.0,False,False,1
1949,layer3.conv2,element,2,"(58, 7, 12)",0,0.0,False,0.565,0.0,False,,13,1.25,0.625,1.0,0.5,False,False,1
1950,layer3.conv2,element,4,"(28, 14, 14)",2,0.01,True,0.56,0.004999999999999893,False,,54,-6.0,-0.375,4.0,0.9375,False,False,1
1951,layer3.conv1,element,5,"(18, 8, 20)",0,0.0,False,0.565,0.0,False,,8,0.5,-0.5,0.0,2.0,True,False,1
1952,layer3.conv1,element,5,"(33, 3, 28)",7,0.035,True,0.55,0.014999999999999902,False,,60,-16.0,16.0,0.0,2.0,True,False,1
1953,layer1.conv2,element,3,"(12, 2, 17)",7,0.035,True,0.555,0.009999999999999898,False,,60,-16.0,-4.0,2.0,0.75,False,False,1
1954,layer3.conv1,element,1,"(12, 8, 3)",0,0.0,False,0.565,0.0,False,,55,-7.0,-5.0,0.4854269027709961,0.2857142984867096,False,False,1
1955,layer3.conv2,element,5,"(62, 9, 26)",1,0.005,True,0.56,0.004999999999999893,False,,27,14.0,-14.0,0.0,2.0,True,False,1
1956,fc,element,2,"(13, 1, 23)",0,0.0,False,0.565,0.0,False,,56,-8.0,-16.0,1.0,1.0,False,False,1
1957,layer3.conv2,element,1,"(28, 13, 27)",1,0.005,True,0.56,0.004999999999999893,False,,63,-28.0,-20.0,0.4854269027709961,0.2857142984867096,False,False,1
1958,layer3.conv1,element,1,"(29, 6, 29)",0,0.0,False,0.565,0.0,False,,54,-6.0,-4.0,0.5849626064300537,0.3333333432674408,False,False,1
1959,layer3.conv2,element,2,"(24, 16, 10)",0,0.0,False,0.565,0.0,False,,25,10.0,20.0,1.0,1.0,False,False,1
1960,layer3.conv2,element,3,"(29, 6, 27)",0,0.0,False,0.565,0.0,False,,57,-10.0,-2.5,1.9999998807907104,0.75,False,False,1
1961,layer3.conv2,element,2,"(29, 9, 13)",0,0.0,False,0.565,0.0,False,,43,-0.875,-1.75,1.0,1.0,False,False,1
1962,layer2.conv2,element,1,"(17, 6, 11)",3,0.015,True,0.55,0.014999999999999902,False,,55,-7.0,-5.0,0.4854269027709961,0.2857142984867096,False,False,1
1963,fc,element,3,"(47, 0, 26)",6,0.03,True,0.545,0.019999999999999907,False,,22,6.0,24.0,1.999999761581421,3.0,False,False,1
1964,fc,element,1,"(83, 1, 13)",0,0.0,False,0.565,0.0,False,,53,-5.0,-7.0,0.4854269027709961,0.4000000059604645,False,False,1
1965,layer3.conv2,scale,1,"(37, 13)",11,0.055,True,0.57,-0.0050000000000000044,False,,122,122.0,120.0,2.0,inf,False,False,32
1966,layer2.conv1,element,1,"(16, 3, 8)",1,0.005,True,0.56,0.004999999999999893,False,,54,-6.0,-4.0,0.5849626064300537,0.3333333432674408,False,False,1
1967,layer3.conv2,element,1,"(31, 12, 7)",0,0.0,False,0.565,0.0,False,,59,-14.0,-10.0,0.4854269027709961,0.2857142984867096,False,False,1
1968,layer3.conv1,element,1,"(6, 3, 7)",0,0.0,False,0.565,0.0,False,,46,-1.5,-1.0,0.5849624872207642,0.3333333432674408,False,False,1
1969,layer1.conv1,element,0,"(14, 0, 3)",0,0.0,False,0.565,0.0,False,,24,8.0,10.0,0.3219280242919922,0.25,False,False,1
1970,layer3.conv1,element,2,"(5, 8, 4)",0,0.0,False,0.565,0.0,False,,21,5.0,2.5,0.9999998807907104,0.5,False,False,1
1971,layer2.conv2,element,1,"(18, 0, 30)",1,0.005,True,0.565,0.0,False,,29,20.0,28.0,0.4854269027709961,0.4000000059604645,False,False,1
1972,layer3.conv2,element,4,"(35, 4, 11)",0,0.0,False,0.565,0.0,False,,57,-10.0,-0.625,4.0,0.9375,False,False,1
1973,layer3.conv1,element,1,"(49, 2, 13)",2,0.01,True,0.56,0.004999999999999893,False,,57,-10.0,-14.0,0.4854269027709961,0.4000000059604645,False,False,1
1974,layer1.conv2,element,1,"(11, 1, 20)",0,0.0,False,0.565,0.0,False,,20,4.0,6.0,0.5849626064300537,0.5,False,False,1
1975,conv1,element,3,"(5, 0, 19)",1,0.005,True,0.56,0.004999999999999893,False,,1,0.0625,0.625,3.321928024291992,9.0,False,False,1
1976,fc,element,1,"(55, 0, 5)",0,0.0,False,0.565,0.0,False,,53,-5.0,-7.0,0.4854269027709961,0.4000000059604645,False,False,1
1977,layer1.conv1,element,1,"(14, 3, 17)",3,0.015,True,0.565,0.0,False,,25,10.0,14.0,0.4854269027709961,0.4000000059604645,False,False,1
1978,layer3.conv2,element,2,"(49, 13, 26)",0,0.0,False,0.565,0.0,False,,28,16.0,8.0,1.0,0.5,False,False,1
1979,layer3.conv2,element,5,"(2, 3, 9)",4,0.02,True,0.555,0.009999999999999898,False,,27,14.0,-14.0,0.0,2.0,True,False,1
1980,layer2.conv2,element,0,"(3, 5, 4)",0,0.0,False,0.565,0.0,False,,25,10.0,8.0,0.3219280242919922,0.20000000298023224,False,False,1
1981,layer3.conv2,element,3,"(43, 0, 13)",2,0.01,True,0.56,0.004999999999999893,False,,20,4.0,16.0,2.0,3.0,False,False,1
1982,fc,element,4,"(29, 0, 1)",0,0.0,False,0.565,0.0,False,,56,-8.0,-0.5,4.0,0.9375,False,False,1
1983,layer3.conv2,element,2,"(10, 1, 8)",0,0.0,False,0.565,0.0,False,,56,-8.0,-16.0,1.0,1.0,False,False,1
1984,layer2.conv2,element,3,"(19, 5, 11)",7,0.035,True,0.565,0.0,False,,26,12.0,3.0,2.0,0.75,False,False,1
1985,layer3.conv1,element,2,"(26, 5, 9)",0,0.0,False,0.565,0.0,False,,21,5.0,2.5,0.9999998807907104,0.5,False,False,1
1986,layer3.conv1,element,4,"(6, 6, 31)",2,0.01,True,0.56,0.004999999999999893,False,,30,24.0,1.5,4.0,0.9375,False,False,1
1987,layer3.conv1,element,0,"(42, 0, 3)",0,0.0,False,0.565,0.0,False,,20,4.0,5.0,0.3219280242919922,0.25,False,False,1
1988,layer3.conv2,element,0,"(57, 15, 27)",0,0.0,False,0.565,0.0,False,,61,-20.0,-16.0,0.3219280242919922,0.20000000298023224,False,False,1
1989,layer2.conv2,element,3,"(17, 1, 18)",0,0.0,False,0.565,0.0,False,,50,-3.0,-12.0,2.0,3.0,False,False,1
1990,layer3.shortcut.0,element,4,"(1, 0, 10)",0,0.0,False,0.565,0.0,False,,56,-8.0,-0.5,4.0,0.9375,False,False,1
1991,layer3.conv2,element,4,"(26, 1, 19)",1,0.005,True,0.565,0.0,False,,21,5.0,0.3125,4.0,0.9375,False,False,1
1992,layer3.shortcut.0,element,4,"(5, 0, 30)",1,0.005,True,0.56,0.004999999999999893,False,,54,-6.0,-0.375,4.0,0.9375,False,False,1
1993,layer3.conv2,element,3,"(34, 12, 9)",2,0.01,True,0.56,0.004999999999999893,False,,22,6.0,24.0,1.999999761581421,3.0,False,False,1
1994,layer3.conv2,element,3,"(11, 7, 29)",2,0.01,True,0.565,0.0,False,,60,-16.0,-4.0,2.0,0.75,False,False,1
1995,layer2.conv2,element,4,"(17, 7, 10)",0,0.0,False,0.565,0.0,False,,49,-2.5,-0.0625,5.321928024291992,0.9750000238418579,False,False,1
1996,layer3.conv1,element,1,"(54, 0, 0)",1,0.005,True,0.565,0.0,False,,25,10.0,14.0,0.4854269027709961,0.4000000059604645,False,False,1
1997,layer3.conv2,element,2,"(50, 7, 22)",0,0.0,False,0.565,0.0,False,,53,-5.0,-2.5,0.9999998807907104,0.5,False,False,1
1998,layer3.conv2,element,0,"(53, 8, 28)",0,0.0,False,0.565,0.0,False,,52,-4.0,-5.0,0.3219280242919922,0.25,False,False,1
1999,layer2.conv2,scale,5,"(26, 5)",13,0.065,True,0.55,0.014999999999999902,False,,120,120.0,88.0,32.0,inf,False,False,32
2000,fc,element,4,"(69, 1, 7)",0,0.0,False,0.565,0.0,False,,28,16.0,1.0,4.0,0.9375,False,False,1
2001,fc,element,1,"(30, 0, 4)",0,0.0,False,0.565,0.0,False,,47,-1.75,-1.25,0.4854268431663513,0.2857142984867096,False,False,1
2002,layer3.conv2,element,2,"(17, 15, 6)",0,0.0,False,0.565,0.0,False,,40,-0.5,-1.0,1.0,1.0,False,False,1
2003,layer3.conv1,element,1,"(31, 4, 25)",0,0.0,False,0.565,0.0,False,,59,-14.0,-10.0,0.4854269027709961,0.2857142984867096,False,False,1
2004,layer2.conv2,element,5,"(16, 2, 10)",12,0.06,True,0.58,-0.015000000000000013,False,,29,20.0,-20.0,0.0,2.0,True,False,1
2005,layer2.conv2,element,5,"(29, 5, 28)",11,0.055,True,0.565,0.0,False,,27,14.0,-14.0,0.0,2.0,True,False,1
2006,layer3.conv1,element,3,"(3, 5, 2)",1,0.005,True,0.57,-0.0050000000000000044,False,,48,-2.0,-8.0,2.0,3.0,False,False,1
2007,layer2.conv1,element,4,"(2, 3, 5)",4,0.02,True,0.55,0.014999999999999902,False,,27,14.0,0.875,4.0,0.9375,False,False,1
2008,layer3.conv1,element,2,"(54, 7, 16)",0,0.0,False,0.565,0.0,False,,12,1.0,0.5,1.0,0.5,False,False,1
2009,layer1.conv1,element,0,"(10, 3, 10)",12,0.06,True,0.565,0.0,False,,59,-14.0,-12.0,0.22239232063293457,0.1428571492433548,False,False,1
2010,layer3.conv2,element,2,"(7, 4, 25)",0,0.0,False,0.565,0.0,False,,14,1.5,0.75,1.0,0.5,False,False,1
2011,layer3.conv2,element,2,"(57, 5, 23)",0,0.0,False,0.565,0.0,False,,23,7.0,3.5,1.0,0.5,False,False,1
2012,fc,element,3,"(38, 0, 16)",2,0.01,True,0.56,0.004999999999999893,False,,23,7.0,28.0,2.0,3.0,False,False,1
2013,layer3.shortcut.0,element,0,"(40, 0, 19)",0,0.0,False,0.565,0.0,False,,57,-10.0,-8.0,0.3219280242919922,0.20000000298023224,False,False,1
2014,fc,element,3,"(86, 0, 9)",0,0.0,False,0.565,0.0,False,,44,-1.0,-0.25,2.0,0.75,False,False,1
2015,layer3.conv1,element,0,"(32, 4, 27)",0,0.0,False,0.565,0.0,False,,31,28.0,24.0,0.22239255905151367,0.1428571492433548,False,False,1
2016,layer2.conv2,element,4,"(27, 2, 14)",1,0.005,True,0.565,0.0,False,,16,2.0,0.0,inf,1.0,False,False,1
2017,layer3.conv2,element,5,"(7, 11, 2)",1,0.005,True,0.56,0.004999999999999893,False,,51,-3.5,3.5,0.0,2.0,True,False,1
2018,layer3.conv1,element,5,"(49, 1, 4)",0,0.0,False,0.565,0.0,False,,40,-0.5,0.5,0.0,2.0,True,False,1
2019,layer3.conv2,element,5,"(27, 7, 29)",0,0.0,False,0.565,0.0,False,,0,0.0,-0.0,inf,0.0,True,False,1
2020,layer3.shortcut.0,element,1,"(45, 0, 25)",0,0.0,False,0.565,0.0,False,,20,4.0,6.0,0.5849626064300537,0.5,False,False,1
2021,layer3.conv2,element,1,"(11, 4, 20)",0,0.0,False,0.565,0.0,False,,50,-3.0,-2.0,0.5849624872207642,0.3333333432674408,False,False,1
2022,layer3.conv2,element,4,"(2, 2, 20)",0,0.0,False,0.565,0.0,False,,50,-3.0,-0.125,4.584962368011475,0.9583333134651184,False,False,1
2023,layer2.conv2,element,2,"(24, 8, 19)",0,0.0,False,0.565,0.0,False,,13,1.25,0.625,1.0,0.5,False,False,1
2024,layer3.conv2,element,1,"(44, 4, 10)",0,0.0,False,0.565,0.0,False,,53,-5.0,-7.0,0.4854269027709961,0.4000000059604645,False,False,1
2025,layer3.conv2,element,1,"(24, 13, 11)",0,0.0,False,0.565,0.0,False,,5,0.3125,0.4375,0.48542678356170654,0.4000000059604645,False,False,1
2026,layer3.conv1,element,5,"(62, 4, 27)",2,0.01,True,0.56,0.004999999999999893,False,,22,6.0,-6.0,0.0,2.0,True,False,1
2027,layer3.conv2,element,3,"(31, 15, 21)",0,0.0,False,0.565,0.0,False,,18,3.0,12.0,2.0,3.0,False,False,1
2028,layer3.conv2,element,4,"(43, 6, 17)",1,0.005,True,0.56,0.004999999999999893,False,,60,-16.0,-1.0,4.0,0.9375,False,False,1
2029,layer3.conv2,element,5,"(43, 6, 9)",1,0.005,True,0.56,0.004999999999999893,False,,54,-6.0,6.0,0.0,2.0,True,False,1
2030,layer3.conv1,element,3,"(58, 6, 0)",1,0.005,True,0.565,0.0,False,,20,4.0,16.0,2.0,3.0,False,False,1
2031,layer3.conv2,element,3,"(17, 11, 8)",0,0.0,False,0.565,0.0,False,,57,-10.0,-2.5,1.9999998807907104,0.75,False,False,1
2032,layer3.conv1,element,3,"(37, 5, 30)",4,0.02,True,0.555,0.009999999999999898,False,,61,-20.0,-5.0,2.0,0.75,False,False,1
2033,layer2.conv2,element,5,"(8, 4, 7)",16,0.08,True,0.535,0.029999999999999916,False,,63,-28.0,28.0,0.0,2.0,True,False,1
2034,layer1.conv1,scale,4,"(13, 3)",113,0.565,True,0.3,0.26499999999999996,False,,121,121.0,105.0,16.0,inf,False,False,32
2035,fc,element,0,"(54, 1, 29)",0,0.0,False,0.565,0.0,False,,53,-5.0,-4.0,0.3219280242919922,0.20000000298023224,False,False,1
2036,layer3.conv2,element,2,"(58, 2, 12)",0,0.0,False,0.565,0.0,False,,36,-0.25,-0.0,inf,1.0,False,False,1
2037,layer2.shortcut.0,element,3,"(30, 0, 9)",23,0.115,True,0.565,0.0,False,,55,-7.0,-28.0,2.0,3.0,False,False,1
2038,layer3.conv1,element,5,"(34, 1, 8)",3,0.015,True,0.56,0.004999999999999893,False,,24,8.0,-8.0,0.0,2.0,True,False,1
2039,layer3.conv2,element,5,"(25, 5, 22)",0,0.0,False,0.565,0.0,False,,16,2.0,-2.0,0.0,2.0,True,False,1
2040,layer2.conv2,element,0,"(5, 3, 3)",0,0.0,False,0.565,0.0,False,,14,1.5,1.75,0.22239243984222412,0.1666666716337204,False,False,1
2041,layer3.conv1,scale,7,"(3, 8)",200,1.0,True,0.0,0.565,True,,118,118.0,246.0,128.0,inf,False,False,32
2042,layer3.conv2,element,4,"(55, 0, 31)",1,0.005,True,0.56,0.004999999999999893,False,,55,-7.0,-0.4375,4.0,0.9375,False,False,1
2043,layer3.conv2,element,5,"(17, 15, 31)",1,0.005,True,0.565,0.0,False,,23,7.0,-7.0,0.0,2.0,True,False,1
2044,layer3.conv1,element,3,"(56, 8, 1)",0,0.0,False,0.565,0.0,False,,58,-12.0,-3.0,2.0,0.75,False,False,1
2045,layer3.conv1,element,4,"(28, 8, 20)",2,0.01,True,0.56,0.004999999999999893,False,,55,-7.0,-0.4375,4.0,0.9375,False,False,1
2046,layer2.conv1,element,2,"(19, 1, 26)",3,0.015,True,0.55,0.014999999999999902,False,,45,-1.25,-0.625,1.0,0.5,False,False,1
2047,layer1.conv1,scale,3,"(12, 4)",149,0.745,True,0.19,0.37499999999999994,False,,119,119.0,127.0,8.0,inf,False,False,32
2048,layer2.conv1,element,5,"(16, 1, 2)",6,0.03,True,0.545,0.019999999999999907,False,,59,-14.0,14.0,0.0,2.0,True,False,1
2049,layer2.conv2,element,1,"(22, 8, 18)",0,0.0,False,0.565,0.0,False,,42,-0.75,-0.5,0.5849624872207642,0.3333333432674408,False,False,1
2050,fc,element,0,"(65, 1, 28)",0,0.0,False,0.565,0.0,False,,63,-28.0,-24.0,0.22239255905151367,0.1428571492433548,False,False,1
2051,fc,element,4,"(75, 0, 8)",0,0.0,False,0.565,0.0,False,,49,-2.5,-0.0625,5.321928024291992,0.9750000238418579,False,False,1
2052,layer3.conv2,element,0,"(10, 1, 24)",0,0.0,False,0.565,0.0,False,,58,-12.0,-14.0,0.22239232063293457,0.1666666716337204,False,False,1
2053,layer3.conv2,element,3,"(37, 13, 13)",1,0.005,True,0.565,0.0,False,,54,-6.0,-24.0,1.999999761581421,3.0,False,False,1
2054,layer3.conv2,element,4,"(26, 10, 13)",0,0.0,False,0.565,0.0,False,,22,6.0,0.375,4.0,0.9375,False,False,1
2055,layer3.conv1,element,0,"(9, 1, 5)",0,0.0,False,0.565,0.0,False,,60,-16.0,-20.0,0.3219280242919922,0.25,False,False,1
2056,layer1.conv2,element,1,"(7, 3, 28)",9,0.045,True,0.55,0.014999999999999902,False,,29,20.0,28.0,0.4854269027709961,0.4000000059604645,False,False,1
2057,fc,element,1,"(53, 0, 16)",1,0.005,True,0.565,0.0,False,,23,7.0,5.0,0.4854269027709961,0.2857142984867096,False,False,1
2058,layer3.conv2,element,0,"(56, 16, 29)",0,0.0,False,0.565,0.0,False,,52,-4.0,-5.0,0.3219280242919922,0.25,False,False,1
2059,layer3.conv2,element,2,"(3, 7, 1)",0,0.0,False,0.565,0.0,False,,50,-3.0,-6.0,1.0000001192092896,1.0,False,False,1
2060,layer3.conv1,element,0,"(27, 4, 2)",0,0.0,False,0.565,0.0,False,,54,-6.0,-7.0,0.22239232063293457,0.1666666716337204,False,False,1
2061,fc,element,4,"(77, 1, 25)",0,0.0,False,0.565,0.0,False,,37,-0.3125,-5.0,4.0,15.0,False,False,1
2062,layer3.conv2,element,2,"(19, 16, 17)",0,0.0,False,0.565,0.0,False,,8,0.5,1.0,1.0,1.0,False,False,1
2063,layer3.conv2,element,1,"(43, 5, 25)",1,0.005,True,0.56,0.004999999999999893,False,,24,8.0,12.0,0.5849626064300537,0.5,False,False,1
2064,layer3.conv2,element,0,"(29, 16, 17)",0,0.0,False,0.565,0.0,False,,23,7.0,6.0,0.22239232063293457,0.1428571492433548,False,False,1
2065,layer3.conv2,element,4,"(7, 14, 5)",2,0.01,True,0.56,0.004999999999999893,False,,58,-12.0,-0.75,4.0,0.9375,False,False,1
2066,layer3.conv2,element,0,"(0, 3, 13)",0,0.0,False,0.565,0.0,False,,50,-3.0,-3.5,0.22239243984222412,0.1666666716337204,False,False,1
2067,layer3.conv2,element,5,"(51, 16, 17)",0,0.0,False,0.565,0.0,False,,24,8.0,-8.0,0.0,2.0,True,False,1
2068,layer3.conv2,element,0,"(46, 2, 1)",0,0.0,False,0.565,0.0,False,,53,-5.0,-4.0,0.3219280242919922,0.20000000298023224,False,False,1
2069,layer3.conv2,scale,2,"(30, 9)",51,0.255,True,0.485,0.07999999999999996,False,,122,122.0,126.0,4.0,inf,False,False,32
2070,layer3.conv2,element,5,"(55, 0, 17)",0,0.0,False,0.565,0.0,False,,52,-4.0,4.0,0.0,2.0,True,False,1
2071,layer1.conv2,element,4,"(13, 0, 29)",8,0.04,True,0.55,0.014999999999999902,False,,21,5.0,0.3125,4.0,0.9375,False,False,1
2072,layer1.conv2,element,0,"(0, 4, 9)",2,0.01,True,0.555,0.009999999999999898,False,,60,-16.0,-20.0,0.3219280242919922,0.25,False,False,1
2073,layer3.conv2,element,2,"(18, 9, 18)",0,0.0,False,0.565,0.0,False,,14,1.5,0.75,1.0,0.5,False,False,1
2074,layer2.conv1,element,0,"(21, 4, 0)",0,0.0,False,0.565,0.0,False,,24,8.0,10.0,0.3219280242919922,0.25,False,False,1
2075,layer3.conv2,element,5,"(61, 14, 26)",1,0.005,True,0.56,0.004999999999999893,False,,53,-5.0,5.0,0.0,2.0,True,False,1
2076,layer3.conv2,element,1,"(38, 16, 20)",0,0.0,False,0.565,0.0,False,,55,-7.0,-5.0,0.4854269027709961,0.2857142984867096,False,False,1
2077,layer3.conv1,element,1,"(38, 2, 1)",2,0.01,True,0.555,0.009999999999999898,False,,24,8.0,12.0,0.5849626064300537,0.5,False,False,1
2078,layer3.shortcut.0,element,2,"(59, 0, 16)",0,0.0,False,0.565,0.0,False,,48,-2.0,-4.0,1.0,1.0,False,False,1
2079,layer2.conv2,element,0,"(6, 5, 6)",0,0.0,False,0.565,0.0,False,,60,-16.0,-20.0,0.3219280242919922,0.25,False,False,1
2080,layer3.conv2,element,0,"(27, 8, 8)",0,0.0,False,0.565,0.0,False,,58,-12.0,-14.0,0.22239232063293457,0.1666666716337204,False,False,1
2081,layer2.conv1,element,1,"(0, 3, 16)",3,0.015,True,0.555,0.009999999999999898,False,,27,14.0,10.0,0.4854269027709961,0.2857142984867096,False,False,1
2082,layer2.conv2,element,5,"(2, 7, 1)",2,0.01,True,0.555,0.009999999999999898,False,,49,-2.5,2.5,0.0,2.0,True,False,1
2083,layer3.conv1,element,0,"(50, 5, 3)",0,0.0,False,0.565,0.0,False,,24,8.0,10.0,0.3219280242919922,0.25,False,False,1
2084,layer3.conv2,element,2,"(26, 17, 28)",0,0.0,False,0.565,0.0,False,,42,-0.75,-1.5,1.0,1.0,False,False,1
2085,layer3.conv2,element,3,"(26, 3, 6)",0,0.0,False,0.565,0.0,False,,51,-3.5,-14.0,2.0,3.0,False,False,1
2086,layer3.conv2,element,0,"(48, 13, 17)",0,0.0,False,0.565,0.0,False,,23,7.0,6.0,0.22239232063293457,0.1428571492433548,False,False,1
2087,fc,element,4,"(19, 0, 20)",0,0.0,False,0.565,0.0,False,,17,2.5,0.0625,5.321928024291992,0.9750000238418579,False,False,1
2088,layer1.conv1,scale,3,"(8, 4)",11,0.055,True,0.565,0.0,False,,120,120.0,112.0,8.0,inf,False,False,32
2089,layer3.conv2,element,0,"(35, 12, 6)",0,0.0,False,0.565,0.0,False,,22,6.0,7.0,0.22239232063293457,0.1666666716337204,False,False,1
2090,layer3.conv2,element,2,"(26, 9, 6)",0,0.0,False,0.565,0.0,False,,55,-7.0,-3.5,1.0,0.5,False,False,1
2091,layer1.conv2,element,5,"(14, 3, 20)",0,0.0,False,0.565,0.0,False,,49,-2.5,2.5,0.0,2.0,True,False,1
2092,layer3.conv1,element,4,"(17, 4, 9)",0,0.0,False,0.565,0.0,False,,57,-10.0,-0.625,4.0,0.9375,False,False,1
2093,layer1.conv2,element,4,"(15, 1, 17)",11,0.055,True,0.545,0.019999999999999907,False,,61,-20.0,-1.25,4.0,0.9375,False,False,1
2094,layer3.conv2,element,4,"(62, 7, 16)",0,0.0,False,0.565,0.0,False,,48,-2.0,-0.0,inf,1.0,False,False,1
2095,fc,element,0,"(92, 1, 4)",0,0.0,False,0.565,0.0,False,,41,-0.625,-0.5,0.32192808389663696,0.20000000298023224,False,False,1
2096,layer2.conv2,element,5,"(20, 7, 28)",0,0.0,False,0.565,0.0,False,,33,-0.0625,0.0625,0.0,2.0,True,False,1
2097,layer3.conv1,element,1,"(15, 1, 6)",0,0.0,False,0.565,0.0,False,,20,4.0,6.0,0.5849626064300537,0.5,False,False,1
2098,layer1.conv2,element,1,"(10, 3, 2)",0,0.0,False,0.565,0.0,False,,18,3.0,2.0,0.5849624872207642,0.3333333432674408,False,False,1
2099,layer3.conv2,element,3,"(11, 5, 3)",1,0.005,True,0.56,0.004999999999999893,False,,61,-20.0,-5.0,2.0,0.75,False,False,1
2100,layer3.conv2,element,2,"(42, 3, 20)",0,0.0,False,0.565,0.0,False,,52,-4.0,-2.0,1.0,0.5,False,False,1
2101,layer2.conv2,element,2,"(24, 7, 29)",4,0.02,True,0.555,0.009999999999999898,False,,56,-8.0,-16.0,1.0,1.0,False,False,1
2102,layer1.conv2,element,1,"(8, 0, 24)",0,0.0,False,0.565,0.0,False,,51,-3.5,-2.5,0.48542678356170654,0.2857142984867096,False,False,1
2103,layer3.conv2,element,1,"(32, 9, 10)",0,0.0,False,0.565,0.0,False,,58,-12.0,-8.0,0.5849626064300537,0.3333333432674408,False,False,1
2104,layer3.conv2,element,2,"(4, 17, 23)",0,0.0,False,0.565,0.0,False,,62,-24.0,-12.0,0.9999997615814209,0.5,False,False,1
2105,layer3.conv1,element,3,"(56, 2, 4)",2,0.01,True,0.56,0.004999999999999893,False,,58,-12.0,-3.0,2.0,0.75,False,False,1
2106,layer3.conv2,element,3,"(16, 14, 24)",0,0.0,False,0.565,0.0,False,,57,-10.0,-2.5,1.9999998807907104,0.75,False,False,1
2107,layer3.conv1,element,1,"(11, 1, 28)",0,0.0,False,0.565,0.0,False,,61,-20.0,-28.0,0.4854269027709961,0.4000000059604645,False,False,1
2108,fc,element,0,"(86, 0, 27)",0,0.0,False,0.565,0.0,False,,57,-10.0,-8.0,0.3219280242919922,0.20000000298023224,False,False,1
2109,layer3.conv2,scale,0,"(40, 6)",3,0.015,True,0.56,0.004999999999999893,False,,122,122.0,123.0,1.0,inf,False,False,32
2110,layer2.conv2,element,4,"(2, 5, 21)",2,0.01,True,0.555,0.009999999999999898,False,,51,-3.5,-0.1875,4.2223920822143555,0.9464285969734192,False,False,1
2111,layer3.conv1,element,5,"(47, 2, 16)",2,0.01,True,0.57,-0.0050000000000000044,False,,56,-8.0,8.0,0.0,2.0,True,False,1
2112,layer3.conv1,element,0,"(23, 6, 22)",0,0.0,False,0.565,0.0,False,,28,16.0,20.0,0.3219280242919922,0.25,False,False,1
2113,layer3.conv2,element,4,"(44, 4, 10)",0,0.0,False,0.565,0.0,False,,53,-5.0,-0.3125,4.0,0.9375,False,False,1
2114,layer3.conv2,element,2,"(14, 14, 4)",0,0.0,False,0.565,0.0,False,,22,6.0,3.0,1.0000001192092896,0.5,False,False,1
2115,layer3.conv2,element,2,"(59, 2, 10)",0,0.0,False,0.565,0.0,False,,24,8.0,16.0,1.0,1.0,False,False,1
2116,layer1.conv2,element,1,"(8, 1, 23)",0,0.0,False,0.565,0.0,False,,54,-6.0,-4.0,0.5849626064300537,0.3333333432674408,False,False,1
2117,fc,element,2,"(56, 0, 26)",0,0.0,False,0.565,0.0,False,,49,-2.5,-5.0,0.9999998807907104,1.0,False,False,1
2118,layer3.conv2,element,1,"(41, 17, 25)",0,0.0,False,0.565,0.0,False,,25,10.0,14.0,0.4854269027709961,0.4000000059604645,False,False,1
2119,layer3.conv1,element,5,"(3, 0, 5)",6,0.03,True,0.555,0.009999999999999898,False,,53,-5.0,5.0,0.0,2.0,True,False,1
2120,layer3.conv1,scale,5,"(30, 6)",16,0.08,True,0.55,0.014999999999999902,False,,120,120.0,88.0,32.0,inf,False,False,32
2121,layer3.conv2,element,5,"(55, 3, 30)",0,0.0,False,0.565,0.0,False,,52,-4.0,4.0,0.0,2.0,True,False,1
2122,layer2.conv2,element,2,"(7, 8, 18)",0,0.0,False,0.565,0.0,False,,45,-1.25,-0.625,1.0,0.5,False,False,1
2123,layer3.conv2,element,4,"(6, 7, 15)",0,0.0,False,0.565,0.0,False,,39,-0.4375,-7.0,4.0,15.0,False,False,1
2124,layer3.conv2,scale,2,"(19, 1)",94,0.47,True,0.375,0.18999999999999995,False,,122,122.0,126.0,4.0,inf,False,False,32
2125,layer3.conv2,element,2,"(5, 3, 28)",0,0.0,False,0.565,0.0,False,,2,0.125,0.375,1.5849624872207642,2.0,False,False,1
2126,layer3.conv2,element,1,"(58, 2, 23)",0,0.0,False,0.565,0.0,False,,26,12.0,8.0,0.5849626064300537,0.3333333432674408,False,False,1
2127,layer3.conv1,element,4,"(36, 4, 18)",2,0.01,True,0.565,0.0,False,,53,-5.0,-0.3125,4.0,0.9375,False,False,1
2128,layer3.conv1,element,0,"(9, 4, 13)",0,0.0,False,0.565,0.0,False,,19,3.5,3.0,0.22239243984222412,0.1428571492433548,False,False,1
2129,layer3.conv1,element,5,"(7, 0, 7)",2,0.01,True,0.565,0.0,False,,25,10.0,-10.0,0.0,2.0,True,False,1
2130,layer3.conv2,element,5,"(2, 4, 31)",3,0.015,True,0.565,0.0,False,,62,-24.0,24.0,0.0,2.0,True,False,1
2131,layer3.conv1,element,1,"(40, 0, 21)",0,0.0,False,0.565,0.0,False,,22,6.0,4.0,0.5849626064300537,0.3333333432674408,False,False,1
2132,layer3.conv2,element,3,"(24, 4, 23)",1,0.005,True,0.56,0.004999999999999893,False,,55,-7.0,-28.0,2.0,3.0,False,False,1
2133,layer1.conv1,element,3,"(14, 1, 3)",0,0.0,False,0.565,0.0,False,,28,16.0,4.0,2.0,0.75,False,False,1
2134,layer2.conv2,element,0,"(12, 3, 20)",0,0.0,False,0.565,0.0,False,,59,-14.0,-12.0,0.22239232063293457,0.1428571492433548,False,False,1
2135,layer2.conv2,element,4,"(18, 6, 19)",2,0.01,True,0.56,0.004999999999999893,False,,61,-20.0,-1.25,4.0,0.9375,False,False,1
2136,layer3.conv2,element,0,"(9, 1, 26)",0,0.0,False,0.565,0.0,False,,18,3.0,3.5,0.22239243984222412,0.1666666716337204,False,False,1
2137,layer3.conv2,element,5,"(28, 6, 18)",0,0.0,False,0.565,0.0,False,,44,-1.0,1.0,0.0,2.0,True,False,1
2138,layer1.conv1,element,0,"(2, 4, 9)",0,0.0,False,0.565,0.0,False,,11,0.875,0.75,0.22239243984222412,0.1428571492433548,False,False,1
2139,layer3.conv2,element,0,"(13, 5, 29)",0,0.0,False,0.565,0.0,False,,25,10.0,8.0,0.3219280242919922,0.20000000298023224,False,False,1
2140,layer3.conv2,element,2,"(15, 1, 0)",2,0.01,True,0.57,-0.0050000000000000044,False,,57,-10.0,-20.0,1.0,1.0,False,False,1
2141,layer3.conv2,element,2,"(61, 17, 17)",0,0.0,False,0.565,0.0,False,,38,-0.375,-0.125,1.5849624872207642,0.6666666865348816,False,False,1
2142,layer3.conv1,element,3,"(0, 0, 12)",0,0.0,False,0.565,0.0,False,,11,0.875,0.1875,2.2223923206329346,0.7857142686843872,False,False,1
2143,layer3.conv2,element,3,"(37, 17, 30)",0,0.0,False,0.565,0.0,False,,58,-12.0,-3.0,2.0,0.75,False,False,1
2144,conv1,element,5,"(14, 0, 6)",11,0.055,True,0.56,0.004999999999999893,False,,22,6.0,-6.0,0.0,2.0,True,False,1
2145,layer1.conv2,element,4,"(15, 3, 10)",3,0.015,True,0.55,0.014999999999999902,False,,58,-12.0,-0.75,4.0,0.9375,False,False,1
2146,layer3.conv2,element,5,"(49, 2, 25)",4,0.02,True,0.55,0.014999999999999902,False,,60,-16.0,16.0,0.0,2.0,True,False,1
2147,layer3.conv2,element,1,"(36, 7, 1)",0,0.0,False,0.565,0.0,False,,61,-20.0,-28.0,0.4854269027709961,0.4000000059604645,False,False,1
2148,layer1.conv1,element,1,"(4, 2, 9)",0,0.0,False,0.565,0.0,False,,23,7.0,5.0,0.4854269027709961,0.2857142984867096,False,False,1
2149,layer3.conv2,scale,5,"(10, 3)",3,0.015,True,0.56,0.004999999999999893,False,,121,121.0,89.0,32.0,inf,False,False,32
2150,layer3.conv2,element,3,"(25, 17, 16)",0,0.0,False,0.565,0.0,False,,54,-6.0,-24.0,1.999999761581421,3.0,False,False,1
2151,layer3.conv1,element,0,"(36, 1, 27)",0,0.0,False,0.565,0.0,False,,60,-16.0,-20.0,0.3219280242919922,0.25,False,False,1
2152,layer3.conv2,element,5,"(58, 10, 30)",1,0.005,True,0.56,0.004999999999999893,False,,50,-3.0,3.0,0.0,2.0,True,False,1
2153,layer3.conv2,element,0,"(18, 8, 18)",0,0.0,False,0.565,0.0,False,,58,-12.0,-14.0,0.22239232063293457,0.1666666716337204,False,False,1
2154,layer3.conv2,element,0,"(21, 2, 26)",0,0.0,False,0.565,0.0,False,,17,2.5,2.0,0.32192814350128174,0.20000000298023224,False,False,1
2155,layer3.conv1,element,4,"(24, 2, 18)",2,0.01,True,0.56,0.004999999999999893,False,,57,-10.0,-0.625,4.0,0.9375,False,False,1
2156,layer3.conv2,element,3,"(31, 16, 27)",0,0.0,False,0.565,0.0,False,,22,6.0,24.0,1.999999761581421,3.0,False,False,1
2157,layer3.conv2,element,2,"(30, 6, 12)",0,0.0,False,0.565,0.0,False,,53,-5.0,-2.5,0.9999998807907104,0.5,False,False,1
2158,layer2.conv2,element,1,"(0, 3, 30)",0,0.0,False,0.565,0.0,False,,19,3.5,2.5,0.48542678356170654,0.2857142984867096,False,False,1
2159,layer3.conv2,element,5,"(15, 4, 3)",1,0.005,True,0.56,0.004999999999999893,False,,57,-10.0,10.0,0.0,2.0,True,False,1
2160,layer3.conv1,element,2,"(19, 5, 23)",2,0.01,True,0.56,0.004999999999999893,False,,56,-8.0,-16.0,1.0,1.0,False,False,1
2161,layer3.conv2,element,1,"(31, 3, 2)",0,0.0,False,0.565,0.0,False,,25,10.0,14.0,0.4854269027709961,0.4000000059604645,False,False,1
2162,layer2.conv2,element,5,"(20, 7, 13)",5,0.025,True,0.55,0.014999999999999902,False,,53,-5.0,5.0,0.0,2.0,True,False,1
2163,layer3.conv2,element,1,"(13, 2, 12)",2,0.01,True,0.555,0.009999999999999898,False,,28,16.0,24.0,0.5849623680114746,0.5,False,False,1
2164,layer3.conv2,element,5,"(12, 16, 5)",0,0.0,False,0.565,0.0,False,,50,-3.0,3.0,0.0,2.0,True,False,1
2165,layer3.conv2,element,0,"(45, 11, 12)",0,0.0,False,0.565,0.0,False,,6,0.375,0.4375,0.22239243984222412,0.1666666716337204,False,False,1
2166,layer3.conv2,element,3,"(57, 11, 15)",2,0.01,True,0.56,0.004999999999999893,False,,22,6.0,24.0,1.999999761581421,3.0,False,False,1
2167,layer2.conv1,element,0,"(18, 1, 5)",0,0.0,False,0.565,0.0,False,,21,5.0,4.0,0.3219280242919922,0.20000000298023224,False,False,1
2168,layer3.conv1,element,0,"(18, 4, 30)",0,0.0,False,0.565,0.0,False,,20,4.0,5.0,0.3219280242919922,0.25,False,False,1
2169,layer3.conv1,element,5,"(11, 6, 29)",2,0.01,True,0.56,0.004999999999999893,False,,61,-20.0,20.0,0.0,2.0,True,False,1
2170,layer3.conv1,element,1,"(30, 7, 8)",0,0.0,False,0.565,0.0,False,,25,10.0,14.0,0.4854269027709961,0.4000000059604645,False,False,1
2171,layer3.conv2,element,0,"(48, 4, 4)",0,0.0,False,0.565,0.0,False,,16,2.0,2.5,0.32192814350128174,0.25,False,False,1
2172,layer3.conv1,element,0,"(36, 7, 16)",0,0.0,False,0.565,0.0,False,,52,-4.0,-5.0,0.3219280242919922,0.25,False,False,1
2173,fc,element,3,"(69, 1, 24)",0,0.0,False,0.565,0.0,False,,46,-1.5,-0.375,2.0,0.75,False,False,1
2174,layer3.conv2,element,4,"(62, 6, 20)",1,0.005,True,0.56,0.004999999999999893,False,,55,-7.0,-0.4375,4.0,0.9375,False,False,1
2175,layer3.conv2,element,2,"(13, 3, 5)",0,0.0,False,0.565,0.0,False,,49,-2.5,-5.0,0.9999998807907104,1.0,False,False,1
2176,layer3.conv2,element,2,"(43, 16, 16)",0,0.0,False,0.565,0.0,False,,55,-7.0,-3.5,1.0,0.5,False,False,1
2177,layer3.conv1,element,5,"(56, 0, 3)",10,0.05,True,0.56,0.004999999999999893,False,,26,12.0,-12.0,0.0,2.0,True,False,1
2178,layer2.conv2,element,1,"(18, 1, 20)",0,0.0,False,0.565,0.0,False,,6,0.375,0.25,0.5849624872207642,0.3333333432674408,False,False,1
2179,layer3.shortcut.0,element,4,"(18, 0, 31)",3,0.015,True,0.57,-0.0050000000000000044,False,,29,20.0,1.25,4.0,0.9375,False,False,1
2180,layer3.conv1,element,5,"(11, 0, 13)",0,0.0,False,0.565,0.0,False,,23,7.0,-7.0,0.0,2.0,True,False,1
2181,layer1.conv2,element,0,"(13, 0, 23)",0,0.0,False,0.565,0.0,False,,47,-1.75,-1.5,0.22239243984222412,0.1428571492433548,False,False,1
2182,layer3.conv1,element,3,"(21, 2, 1)",3,0.015,True,0.565,0.0,False,,19,3.5,14.0,2.0,3.0,False,False,1
2183,layer3.conv1,element,5,"(40, 2, 11)",2,0.01,True,0.56,0.004999999999999893,False,,26,12.0,-12.0,0.0,2.0,True,False,1
2184,layer3.conv1,element,5,"(23, 7, 13)",9,0.045,True,0.56,0.004999999999999893,False,,62,-24.0,24.0,0.0,2.0,True,False,1
2185,layer3.conv1,element,0,"(10, 3, 18)",0,0.0,False,0.565,0.0,False,,57,-10.0,-8.0,0.3219280242919922,0.20000000298023224,False,False,1
2186,layer3.conv2,element,4,"(46, 7, 18)",0,0.0,False,0.565,0.0,False,,24,8.0,0.5,4.0,0.9375,False,False,1
2187,layer3.conv1,element,3,"(45, 0, 16)",0,0.0,False,0.565,0.0,False,,56,-8.0,-2.0,2.0,0.75,False,False,1
2188,layer3.conv1,element,3,"(17, 2, 28)",1,0.005,True,0.56,0.004999999999999893,False,,27,14.0,3.5,2.0,0.75,False,False,1
2189,layer2.conv1,element,2,"(16, 0, 16)",3,0.015,True,0.55,0.014999999999999902,False,,54,-6.0,-3.0,1.0000001192092896,0.5,False,False,1
2190,layer2.conv2,element,3,"(10, 6, 31)",0,0.0,False,0.565,0.0,False,,25,10.0,2.5,1.9999998807907104,0.75,False,False,1
2191,layer3.conv2,element,0,"(21, 7, 16)",0,0.0,False,0.565,0.0,False,,24,8.0,10.0,0.3219280242919922,0.25,False,False,1
2192,layer3.conv2,element,5,"(11, 1, 14)",3,0.015,True,0.565,0.0,False,,56,-8.0,8.0,0.0,2.0,True,False,1
2193,layer3.conv2,element,2,"(42, 8, 16)",0,0.0,False,0.565,0.0,False,,50,-3.0,-6.0,1.0000001192092896,1.0,False,False,1
2194,layer3.conv2,element,2,"(61, 15, 4)",0,0.0,False,0.565,0.0,False,,54,-6.0,-3.0,1.0000001192092896,0.5,False,False,1
2195,layer3.conv2,element,2,"(50, 3, 28)",0,0.0,False,0.565,0.0,False,,12,1.0,0.5,1.0,0.5,False,False,1
2196,layer2.conv2,element,0,"(26, 8, 8)",0,0.0,False,0.565,0.0,False,,52,-4.0,-5.0,0.3219280242919922,0.25,False,False,1
2197,layer3.conv2,element,1,"(8, 17, 19)",0,0.0,False,0.565,0.0,False,,51,-3.5,-2.5,0.48542678356170654,0.2857142984867096,False,False,1
2198,layer3.conv2,element,5,"(6, 4, 11)",1,0.005,True,0.56,0.004999999999999893,False,,55,-7.0,7.0,0.0,2.0,True,False,1
2199,layer3.conv1,element,5,"(44, 2, 29)",0,0.0,False,0.565,0.0,False,,13,1.25,-1.25,0.0,2.0,True,False,1
2200,layer1.conv1,element,4,"(2, 0, 16)",0,0.0,False,0.565,0.0,False,,38,-0.375,-6.0,4.0,15.0,False,False,1
2201,layer3.conv2,element,4,"(37, 0, 27)",0,0.0,False,0.565,0.0,False,,26,12.0,0.75,4.0,0.9375,False,False,1
2202,layer3.conv2,element,2,"(14, 9, 15)",0,0.0,False,0.565,0.0,False,,55,-7.0,-3.5,1.0,0.5,False,False,1
2203,layer3.conv2,element,2,"(23, 8, 23)",1,0.005,True,0.565,0.0,False,,59,-14.0,-28.0,1.0,1.0,False,False,1
2204,layer3.conv2,element,3,"(20, 8, 19)",2,0.01,True,0.57,-0.0050000000000000044,False,,54,-6.0,-24.0,1.999999761581421,3.0,False,False,1
2205,layer3.conv2,element,3,"(15, 4, 14)",1,0.005,True,0.56,0.004999999999999893,False,,21,5.0,20.0,2.0,3.0,False,False,1
2206,layer3.conv2,element,0,"(37, 3, 31)",0,0.0,False,0.565,0.0,False,,62,-24.0,-28.0,0.22239255905151367,0.1666666716337204,False,False,1
2207,layer3.conv2,element,1,"(30, 0, 29)",0,0.0,False,0.565,0.0,False,,15,1.75,1.25,0.4854268431663513,0.2857142984867096,False,False,1
2208,layer2.conv2,element,1,"(17, 5, 22)",0,0.0,False,0.565,0.0,False,,30,24.0,16.0,0.5849623680114746,0.3333333432674408,False,False,1
2209,layer3.conv2,element,3,"(19, 0, 6)",1,0.005,True,0.565,0.0,False,,19,3.5,14.0,2.0,3.0,False,False,1
2210,layer2.conv2,element,1,"(24, 8, 31)",0,0.0,False,0.565,0.0,False,,55,-7.0,-5.0,0.4854269027709961,0.2857142984867096,False,False,1
2211,layer3.conv2,element,2,"(18, 3, 8)",1,0.005,True,0.56,0.004999999999999893,False,,24,8.0,16.0,1.0,1.0,False,False,1
2212,layer3.shortcut.0,element,0,"(27, 0, 11)",0,0.0,False,0.565,0.0,False,,22,6.0,7.0,0.22239232063293457,0.1666666716337204,False,False,1
2213,fc,element,4,"(85, 1, 0)",2,0.01,True,0.56,0.004999999999999893,False,,13,1.25,20.0,4.0,15.0,False,False,1
2214,layer1.conv2,element,2,"(4, 1, 22)",4,0.02,True,0.565,0.0,False,,58,-12.0,-24.0,0.9999997615814209,1.0,False,False,1
2215,layer3.conv2,element,1,"(26, 4, 19)",0,0.0,False,0.565,0.0,False,,56,-8.0,-12.0,0.5849626064300537,0.5,False,False,1
2216,layer3.conv1,scale,7,"(59, 2)",200,1.0,True,0.0,0.565,True,,119,119.0,247.0,128.0,inf,False,False,32
2217,layer3.conv1,element,0,"(34, 5, 27)",0,0.0,False,0.565,0.0,False,,53,-5.0,-4.0,0.3219280242919922,0.20000000298023224,False,False,1
2218,layer2.conv2,element,3,"(13, 7, 15)",0,0.0,False,0.565,0.0,False,,7,0.4375,1.75,2.0,3.0,False,False,1
2219,layer2.conv2,element,5,"(7, 5, 26)",4,0.02,True,0.555,0.009999999999999898,False,,23,7.0,-7.0,0.0,2.0,True,False,1
2220,layer3.conv2,element,3,"(58, 2, 14)",1,0.005,True,0.56,0.004999999999999893,False,,60,-16.0,-4.0,2.0,0.75,False,False,1
2221,layer3.conv2,element,0,"(61, 5, 27)",0,0.0,False,0.565,0.0,False,,62,-24.0,-28.0,0.22239255905151367,0.1666666716337204,False,False,1
2222,layer3.conv1,element,5,"(8, 5, 18)",4,0.02,True,0.575,-0.010000000000000009,False,,24,8.0,-8.0,0.0,2.0,True,False,1
2223,layer3.conv1,element,4,"(39, 8, 3)",2,0.01,True,0.555,0.009999999999999898,False,,63,-28.0,-1.75,4.0,0.9375,False,False,1
2224,layer2.conv1,element,2,"(26, 0, 4)",1,0.005,True,0.565,0.0,False,,25,10.0,20.0,1.0,1.0,False,False,1
2225,layer1.conv2,element,4,"(1, 3, 21)",9,0.045,True,0.575,-0.010000000000000009,False,,27,14.0,0.875,4.0,0.9375,False,False,1
2226,layer3.conv1,element,5,"(16, 4, 20)",3,0.015,True,0.565,0.0,False,,24,8.0,-8.0,0.0,2.0,True,False,1
2227,layer3.conv1,element,5,"(50, 8, 31)",3,0.015,True,0.57,-0.0050000000000000044,False,,55,-7.0,7.0,0.0,2.0,True,False,1
2228,layer3.conv1,element,1,"(33, 2, 23)",0,0.0,False,0.565,0.0,False,,48,-2.0,-3.0,0.5849624872207642,0.5,False,False,1
2229,layer3.conv1,element,5,"(5, 0, 26)",5,0.025,True,0.555,0.009999999999999898,False,,22,6.0,-6.0,0.0,2.0,True,False,1
2230,layer3.conv2,element,5,"(61, 9, 28)",0,0.0,False,0.565,0.0,False,,50,-3.0,3.0,0.0,2.0,True,False,1
2231,layer3.conv2,element,0,"(17, 8, 5)",0,0.0,False,0.565,0.0,False,,29,20.0,16.0,0.3219280242919922,0.20000000298023224,False,False,1
2232,layer3.conv2,element,3,"(48, 3, 16)",2,0.01,True,0.565,0.0,False,,54,-6.0,-24.0,1.999999761581421,3.0,False,False,1
2233,layer3.conv2,element,2,"(38, 8, 14)",0,0.0,False,0.565,0.0,False,,18,3.0,6.0,1.0000001192092896,1.0,False,False,1
2234,layer3.conv1,element,0,"(12, 2, 5)",0,0.0,False,0.565,0.0,False,,27,14.0,12.0,0.22239232063293457,0.1428571492433548,False,False,1
2235,layer3.conv1,element,2,"(2, 0, 24)",4,0.02,True,0.56,0.004999999999999893,False,,24,8.0,16.0,1.0,1.0,False,False,1
2236,layer3.conv2,element,2,"(15, 15, 29)",0,0.0,False,0.565,0.0,False,,17,2.5,5.0,0.9999998807907104,1.0,False,False,1
2237,layer2.conv2,element,2,"(5, 2, 14)",6,0.03,True,0.565,0.0,False,,26,12.0,24.0,0.9999997615814209,1.0,False,False,1
2238,layer3.conv2,element,5,"(25, 3, 22)",0,0.0,False,0.565,0.0,False,,48,-2.0,2.0,0.0,2.0,True,False,1
2239,layer2.conv1,element,1,"(8, 4, 12)",6,0.03,True,0.56,0.004999999999999893,False,,61,-20.0,-28.0,0.4854269027709961,0.4000000059604645,False,False,1
2240,layer3.conv2,element,4,"(23, 1, 2)",1,0.005,True,0.57,-0.0050000000000000044,False,,62,-24.0,-1.5,4.0,0.9375,False,False,1
2241,fc,element,5,"(12, 1, 13)",8,0.04,True,0.555,0.009999999999999898,False,,59,-14.0,14.0,0.0,2.0,True,False,1
2242,layer3.conv2,element,0,"(53, 16, 2)",0,0.0,False,0.565,0.0,False,,16,2.0,2.5,0.32192814350128174,0.25,False,False,1
2243,layer3.conv1,element,5,"(5, 6, 21)",1,0.005,True,0.565,0.0,False,,54,-6.0,6.0,0.0,2.0,True,False,1
2244,layer3.conv2,element,5,"(23, 4, 15)",0,0.0,False,0.565,0.0,False,,24,8.0,-8.0,0.0,2.0,True,False,1
2245,layer3.conv2,scale,1,"(7, 12)",3,0.015,True,0.56,0.004999999999999893,False,,122,122.0,120.0,2.0,inf,False,False,32
2246,layer3.conv1,element,1,"(2, 1, 26)",0,0.0,False,0.565,0.0,False,,11,0.875,0.625,0.4854268431663513,0.2857142984867096,False,False,1
2247,layer3.shortcut.0,element,4,"(37, 0, 5)",0,0.0,False,0.565,0.0,False,,56,-8.0,-0.5,4.0,0.9375,False,False,1
2248,layer3.shortcut.0,element,5,"(10, 0, 1)",0,0.0,False,0.565,0.0,False,,41,-0.625,0.625,0.0,2.0,True,False,1
2249,layer3.conv2,element,1,"(42, 5, 4)",0,0.0,False,0.565,0.0,False,,56,-8.0,-12.0,0.5849626064300537,0.5,False,False,1
2250,layer1.conv2,element,5,"(13, 3, 24)",0,0.0,False,0.565,0.0,False,,38,-0.375,0.375,0.0,2.0,True,False,1
2251,layer3.conv2,element,3,"(1, 17, 20)",0,0.0,False,0.565,0.0,False,,57,-10.0,-2.5,1.9999998807907104,0.75,False,False,1
2252,layer3.conv2,element,3,"(48, 16, 26)",4,0.02,True,0.565,0.0,False,,59,-14.0,-3.5,2.0,0.75,False,False,1
2253,layer3.conv2,element,3,"(48, 10, 11)",3,0.015,True,0.565,0.0,False,,53,-5.0,-20.0,2.0,3.0,False,False,1
2254,layer3.conv2,element,2,"(12, 11, 25)",0,0.0,False,0.565,0.0,False,,49,-2.5,-5.0,0.9999998807907104,1.0,False,False,1
2255,layer1.conv1,element,1,"(6, 2, 10)",1,0.005,True,0.57,-0.0050000000000000044,False,,24,8.0,12.0,0.5849626064300537,0.5,False,False,1
2256,layer3.conv1,element,0,"(52, 3, 16)",0,0.0,False,0.565,0.0,False,,14,1.5,1.75,0.22239243984222412,0.1666666716337204,False,False,1
2257,layer3.conv2,element,1,"(33, 2, 28)",0,0.0,False,0.565,0.0,False,,49,-2.5,-3.5,0.48542678356170654,0.4000000059604645,False,False,1
2258,layer3.conv2,element,5,"(28, 8, 10)",2,0.01,True,0.56,0.004999999999999893,False,,54,-6.0,6.0,0.0,2.0,True,False,1
2259,layer3.conv2,element,5,"(41, 6, 18)",0,0.0,False,0.565,0.0,False,,57,-10.0,10.0,0.0,2.0,True,False,1
2260,layer3.conv2,element,3,"(20, 8, 30)",0,0.0,False,0.565,0.0,False,,51,-3.5,-14.0,2.0,3.0,False,False,1
2261,layer3.conv2,element,3,"(26, 5, 10)",1,0.005,True,0.565,0.0,False,,27,14.0,3.5,2.0,0.75,False,False,1
2262,layer3.conv2,element,2,"(11, 12, 19)",4,0.02,True,0.57,-0.0050000000000000044,False,,26,12.0,24.0,0.9999997615814209,1.0,False,False,1
2263,layer3.conv1,element,1,"(29, 3, 14)",0,0.0,False,0.565,0.0,False,,21,5.0,7.0,0.4854269027709961,0.4000000059604645,False,False,1
2264,layer2.conv2,element,4,"(5, 4, 0)",5,0.025,True,0.55,0.014999999999999902,False,,28,16.0,1.0,4.0,0.9375,False,False,1
2265,layer3.conv2,element,0,"(14, 5, 29)",0,0.0,False,0.565,0.0,False,,62,-24.0,-28.0,0.22239255905151367,0.1666666716337204,False,False,1
2266,layer3.conv1,element,4,"(23, 6, 22)",2,0.01,True,0.56,0.004999999999999893,False,,28,16.0,1.0,4.0,0.9375,False,False,1
2267,layer3.conv2,element,5,"(18, 13, 30)",4,0.02,True,0.545,0.019999999999999907,False,,61,-20.0,20.0,0.0,2.0,True,False,1
2268,layer3.conv1,element,1,"(21, 8, 5)",1,0.005,True,0.565,0.0,False,,28,16.0,24.0,0.5849623680114746,0.5,False,False,1
2269,layer3.conv2,element,2,"(45, 16, 31)",0,0.0,False,0.565,0.0,False,,20,4.0,2.0,1.0,0.5,False,False,1
2270,layer3.conv2,element,0,"(36, 9, 5)",0,0.0,False,0.565,0.0,False,,17,2.5,2.0,0.32192814350128174,0.20000000298023224,False,False,1
2271,fc,element,0,"(9, 0, 27)",0,0.0,False,0.565,0.0,False,,61,-20.0,-16.0,0.3219280242919922,0.20000000298023224,False,False,1
2272,layer3.conv2,element,5,"(21, 7, 17)",0,0.0,False,0.565,0.0,False,,20,4.0,-4.0,0.0,2.0,True,False,1
2273,fc,element,2,"(91, 1, 5)",0,0.0,False,0.565,0.0,False,,30,24.0,12.0,0.9999997615814209,0.5,False,False,1
2274,layer3.conv2,element,1,"(53, 17, 27)",0,0.0,False,0.565,0.0,False,,22,6.0,4.0,0.5849626064300537,0.3333333432674408,False,False,1
2275,layer3.conv2,element,0,"(62, 4, 9)",0,0.0,False,0.565,0.0,False,,57,-10.0,-8.0,0.3219280242919922,0.20000000298023224,False,False,1
2276,fc,scale,6,"(61, 0)",1,0.005,True,0.56,0.004999999999999893,False,,123,123.0,59.0,64.0,inf,False,False,32
2277,layer1.conv1,element,2,"(7, 4, 10)",1,0.005,True,0.56,0.004999999999999893,False,,24,8.0,16.0,1.0,1.0,False,False,1
2278,layer3.conv1,element,5,"(52, 0, 11)",0,0.0,False,0.565,0.0,False,,7,0.4375,-0.4375,0.0,2.0,True,False,1
2279,layer3.conv2,element,5,"(44, 16, 8)",1,0.005,True,0.56,0.004999999999999893,False,,21,5.0,-5.0,0.0,2.0,True,False,1
2280,layer2.conv2,element,3,"(8, 2, 24)",2,0.01,True,0.56,0.004999999999999893,False,,28,16.0,4.0,2.0,0.75,False,False,1
2281,layer2.conv1,scale,7,"(26, 4)",148,0.74,True,0.18,0.38499999999999995,True,,119,119.0,247.0,128.0,inf,False,False,32
2282,layer3.conv2,element,4,"(62, 17, 10)",0,0.0,False,0.565,0.0,False,,33,-0.0625,-2.5,5.321928024291992,39.0,False,False,1
2283,layer1.conv2,element,4,"(7, 3, 29)",2,0.01,True,0.56,0.004999999999999893,False,,20,4.0,0.25,4.0,0.9375,False,False,1
2284,layer3.conv2,element,3,"(17, 15, 25)",0,0.0,False,0.565,0.0,False,,24,8.0,2.0,2.0,0.75,False,False,1
2285,fc,element,2,"(40, 1, 11)",3,0.015,True,0.565,0.0,False,,58,-12.0,-24.0,0.9999997615814209,1.0,False,False,1
2286,layer3.shortcut.0,element,1,"(34, 0, 4)",0,0.0,False,0.565,0.0,False,,19,3.5,2.5,0.48542678356170654,0.2857142984867096,False,False,1
2287,layer1.conv1,element,1,"(7, 2, 20)",0,0.0,False,0.565,0.0,False,,42,-0.75,-0.5,0.5849624872207642,0.3333333432674408,False,False,1
2288,layer3.conv2,element,3,"(6, 5, 19)",1,0.005,True,0.56,0.004999999999999893,False,,58,-12.0,-3.0,2.0,0.75,False,False,1
2289,layer2.conv2,element,5,"(17, 6, 16)",2,0.01,True,0.555,0.009999999999999898,False,,49,-2.5,2.5,0.0,2.0,True,False,1
2290,layer2.conv1,element,0,"(9, 4, 1)",1,0.005,True,0.56,0.004999999999999893,False,,24,8.0,10.0,0.3219280242919922,0.25,False,False,1
2291,layer3.conv2,element,1,"(23, 2, 11)",0,0.0,False,0.565,0.0,False,,42,-0.75,-0.5,0.5849624872207642,0.3333333432674408,False,False,1
2292,layer2.conv1,element,3,"(0, 3, 0)",15,0.075,True,0.57,-0.0050000000000000044,False,,23,7.0,28.0,2.0,3.0,False,False,1
2293,layer2.conv2,element,0,"(3, 0, 19)",0,0.0,False,0.565,0.0,False,,34,-0.125,-0.1875,0.5849626064300537,0.5,False,False,1
2294,layer3.conv1,element,3,"(37, 5, 24)",0,0.0,False,0.565,0.0,False,,4,0.25,1.0,2.0,3.0,False,False,1
2295,layer3.shortcut.0,element,2,"(48, 0, 13)",1,0.005,True,0.56,0.004999999999999893,False,,60,-16.0,-8.0,1.0,0.5,False,False,1
2296,layer3.conv2,element,5,"(54, 3, 24)",2,0.01,True,0.565,0.0,False,,25,10.0,-10.0,0.0,2.0,True,False,1
2297,layer3.conv2,element,0,"(51, 8, 21)",1,0.005,True,0.56,0.004999999999999893,False,,28,16.0,20.0,0.3219280242919922,0.25,False,False,1
2298,layer3.conv2,element,1,"(10, 12, 24)",0,0.0,False,0.565,0.0,False,,54,-6.0,-4.0,0.5849626064300537,0.3333333432674408,False,False,1
2299,layer2.conv2,element,4,"(14, 6, 12)",4,0.02,True,0.565,0.0,False,,60,-16.0,-1.0,4.0,0.9375,False,False,1
2300,layer2.conv1,element,2,"(4, 1, 24)",1,0.005,True,0.56,0.004999999999999893,False,,17,2.5,5.0,0.9999998807907104,1.0,False,False,1
2301,layer3.conv2,element,3,"(62, 12, 7)",0,0.0,False,0.565,0.0,False,,15,1.75,0.4375,2.0,0.75,False,False,1
2302,layer3.conv2,element,3,"(53, 0, 10)",1,0.005,True,0.56,0.004999999999999893,False,,19,3.5,14.0,2.0,3.0,False,False,1
2303,layer3.conv2,element,2,"(58, 1, 26)",0,0.0,False,0.565,0.0,False,,24,8.0,16.0,1.0,1.0,False,False,1
2304,layer3.shortcut.0,element,3,"(27, 0, 16)",0,0.0,False,0.565,0.0,False,,21,5.0,20.0,2.0,3.0,False,False,1
2305,layer2.shortcut.0,element,5,"(19, 0, 11)",9,0.045,True,0.575,-0.010000000000000009,False,,24,8.0,-8.0,0.0,2.0,True,False,1
2306,fc,element,1,"(32, 0, 5)",1,0.005,True,0.57,-0.0050000000000000044,False,,30,24.0,16.0,0.5849623680114746,0.3333333432674408,False,False,1
2307,layer2.conv2,element,1,"(14, 3, 31)",0,0.0,False,0.565,0.0,False,,14,1.5,1.0,0.5849624872207642,0.3333333432674408,False,False,1
2308,fc,element,3,"(89, 0, 13)",1,0.005,True,0.565,0.0,False,,28,16.0,4.0,2.0,0.75,False,False,1
2309,layer3.conv1,element,2,"(38, 1, 1)",1,0.005,True,0.565,0.0,False,,58,-12.0,-24.0,0.9999997615814209,1.0,False,False,1
2310,layer3.conv2,element,5,"(55, 2, 4)",0,0.0,False,0.565,0.0,False,,42,-0.75,0.75,0.0,2.0,True,False,1
2311,layer3.shortcut.0,element,4,"(34, 0, 17)",4,0.02,True,0.56,0.004999999999999893,False,,59,-14.0,-0.875,4.0,0.9375,False,False,1
2312,layer3.conv2,element,2,"(55, 5, 13)",0,0.0,False,0.565,0.0,False,,23,7.0,3.5,1.0,0.5,False,False,1
2313,layer3.conv2,element,2,"(11, 17, 0)",2,0.01,True,0.555,0.009999999999999898,False,,59,-14.0,-28.0,1.0,1.0,False,False,1
2314,layer1.conv2,element,1,"(4, 1, 13)",0,0.0,False,0.565,0.0,False,,52,-4.0,-6.0,0.5849626064300537,0.5,False,False,1
2315,layer3.conv2,element,1,"(32, 7, 23)",0,0.0,False,0.565,0.0,False,,55,-7.0,-5.0,0.4854269027709961,0.2857142984867096,False,False,1
2316,layer3.conv2,element,2,"(23, 7, 27)",0,0.0,False,0.565,0.0,False,,41,-0.625,-1.25,1.0,1.0,False,False,1
2317,layer3.conv2,element,5,"(59, 9, 23)",1,0.005,True,0.56,0.004999999999999893,False,,22,6.0,-6.0,0.0,2.0,True,False,1
2318,layer3.conv1,element,4,"(49, 1, 0)",0,0.0,False,0.565,0.0,False,,49,-2.5,-0.0625,5.321928024291992,0.9750000238418579,False,False,1
2319,layer2.conv2,element,1,"(19, 6, 22)",1,0.005,True,0.565,0.0,False,,28,16.0,24.0,0.5849623680114746,0.5,False,False,1
2320,layer3.conv1,element,0,"(52, 0, 31)",0,0.0,False,0.565,0.0,False,,56,-8.0,-10.0,0.3219280242919922,0.25,False,False,1
2321,layer3.conv2,element,2,"(59, 8, 20)",1,0.005,True,0.56,0.004999999999999893,False,,57,-10.0,-20.0,1.0,1.0,False,False,1
2322,layer3.conv1,element,2,"(18, 7, 7)",0,0.0,False,0.565,0.0,False,,50,-3.0,-6.0,1.0000001192092896,1.0,False,False,1
2323,layer2.conv2,element,3,"(6, 1, 7)",0,0.0,False,0.565,0.0,False,,58,-12.0,-3.0,2.0,0.75,False,False,1
2324,layer3.conv2,element,2,"(48, 11, 10)",0,0.0,False,0.565,0.0,False,,15,1.75,0.875,1.0,0.5,False,False,1
2325,layer3.conv2,element,3,"(41, 1, 10)",0,0.0,False,0.565,0.0,False,,24,8.0,2.0,2.0,0.75,False,False,1
2326,layer3.conv2,element,4,"(19, 14, 0)",0,0.0,False,0.565,0.0,False,,59,-14.0,-0.875,4.0,0.9375,False,False,1
2327,layer3.conv2,element,5,"(21, 9, 11)",0,0.0,False,0.565,0.0,False,,52,-4.0,4.0,0.0,2.0,True,False,1
2328,layer3.shortcut.0,element,5,"(5, 0, 22)",0,0.0,False,0.565,0.0,False,,18,3.0,-3.0,0.0,2.0,True,False,1
2329,layer3.conv2,element,1,"(35, 0, 11)",0,0.0,False,0.565,0.0,False,,54,-6.0,-4.0,0.5849626064300537,0.3333333432674408,False,False,1
2330,fc,element,0,"(84, 1, 29)",1,0.005,True,0.56,0.004999999999999893,False,,26,12.0,14.0,0.22239232063293457,0.1666666716337204,False,False,1
2331,layer3.conv2,element,3,"(44, 0, 8)",0,0.0,False,0.565,0.0,False,,60,-16.0,-4.0,2.0,0.75,False,False,1
2332,layer3.conv2,element,5,"(40, 12, 13)",0,0.0,False,0.565,0.0,False,,16,2.0,-2.0,0.0,2.0,True,False,1
2333,layer1.conv1,element,1,"(8, 0, 23)",0,0.0,False,0.565,0.0,False,,58,-12.0,-8.0,0.5849626064300537,0.3333333432674408,False,False,1
2334,layer3.conv2,element,0,"(1, 3, 5)",0,0.0,False,0.565,0.0,False,,55,-7.0,-6.0,0.22239232063293457,0.1428571492433548,False,False,1
2335,layer3.conv2,element,3,"(2, 15, 21)",0,0.0,False,0.565,0.0,False,,51,-3.5,-14.0,2.0,3.0,False,False,1
2336,layer2.conv1,element,1,"(19, 1, 9)",0,0.0,False,0.565,0.0,False,,15,1.75,1.25,0.4854268431663513,0.2857142984867096,False,False,1
2337,layer3.conv2,element,2,"(1, 8, 21)",1,0.005,True,0.56,0.004999999999999893,False,,31,28.0,14.0,1.0,0.5,False,False,1
2338,layer3.conv2,element,2,"(32, 12, 15)",0,0.0,False,0.565,0.0,False,,61,-20.0,-10.0,1.0,0.5,False,False,1
2339,layer3.conv2,scale,5,"(12, 17)",14,0.07,True,0.545,0.019999999999999907,False,,122,122.0,90.0,32.0,inf,False,False,32
2340,layer2.conv2,element,5,"(8, 8, 28)",0,0.0,False,0.565,0.0,False,,32,-0.0,0.0,inf,0.0,True,False,1
2341,layer2.conv2,scale,5,"(21, 4)",8,0.04,True,0.56,0.004999999999999893,False,,121,121.0,89.0,32.0,inf,False,False,32
2342,layer3.conv2,element,4,"(4, 1, 29)",0,0.0,False,0.565,0.0,False,,49,-2.5,-0.0625,5.321928024291992,0.9750000238418579,False,False,1
2343,layer2.conv2,element,4,"(31, 6, 31)",2,0.01,True,0.555,0.009999999999999898,False,,57,-10.0,-0.625,4.0,0.9375,False,False,1
2344,layer3.shortcut.0,element,5,"(57, 0, 17)",3,0.015,True,0.565,0.0,False,,56,-8.0,8.0,0.0,2.0,True,False,1
2345,layer3.conv2,element,5,"(41, 7, 17)",0,0.0,False,0.565,0.0,False,,46,-1.5,1.5,0.0,2.0,True,False,1
2346,fc,element,0,"(63, 0, 31)",0,0.0,False,0.565,0.0,False,,60,-16.0,-20.0,0.3219280242919922,0.25,False,False,1
2347,layer3.conv2,element,4,"(34, 11, 15)",0,0.0,False,0.565,0.0,False,,28,16.0,1.0,4.0,0.9375,False,False,1
2348,layer3.conv2,element,3,"(6, 12, 10)",0,0.0,False,0.565,0.0,False,,58,-12.0,-3.0,2.0,0.75,False,False,1
2349,layer3.conv2,element,0,"(22, 4, 26)",0,0.0,False,0.565,0.0,False,,26,12.0,14.0,0.22239232063293457,0.1666666716337204,False,False,1
2350,layer3.conv2,element,0,"(17, 4, 23)",0,0.0,False,0.565,0.0,False,,57,-10.0,-8.0,0.3219280242919922,0.20000000298023224,False,False,1
2351,layer3.conv1,element,0,"(33, 4, 1)",0,0.0,False,0.565,0.0,False,,57,-10.0,-8.0,0.3219280242919922,0.20000000298023224,False,False,1
2352,layer3.conv1,element,5,"(16, 0, 25)",13,0.065,True,0.56,0.004999999999999893,False,,29,20.0,-20.0,0.0,2.0,True,False,1
2353,layer3.conv1,element,2,"(50, 5, 28)",4,0.02,True,0.56,0.004999999999999893,False,,29,20.0,10.0,1.0,0.5,False,False,1
2354,layer3.conv1,element,2,"(18, 5, 16)",2,0.01,True,0.56,0.004999999999999893,False,,59,-14.0,-28.0,1.0,1.0,False,False,1
2355,layer3.conv2,element,0,"(47, 1, 14)",0,0.0,False,0.565,0.0,False,,61,-20.0,-16.0,0.3219280242919922,0.20000000298023224,False,False,1
2356,layer3.conv1,element,2,"(43, 1, 7)",0,0.0,False,0.565,0.0,False,,15,1.75,0.875,1.0,0.5,False,False,1
2357,layer2.conv2,element,1,"(11, 8, 21)",0,0.0,False,0.565,0.0,False,,21,5.0,7.0,0.4854269027709961,0.4000000059604645,False,False,1
2358,layer3.conv1,element,4,"(52, 7, 11)",2,0.01,True,0.565,0.0,False,,42,-0.75,-12.0,4.0,15.0,False,False,1
2359,layer3.conv1,scale,7,"(1, 6)",199,0.995,True,0.005,0.5599999999999999,True,,120,120.0,248.0,128.0,inf,False,False,32
2360,layer2.conv2,element,5,"(17, 7, 25)",0,0.0,False,0.565,0.0,False,,41,-0.625,0.625,0.0,2.0,True,False,1
2361,fc,element,3,"(91, 0, 12)",0,0.0,False,0.565,0.0,False,,59,-14.0,-3.5,2.0,0.75,False,False,1
2362,layer3.conv2,element,2,"(6, 5, 18)",0,0.0,False,0.565,0.0,False,,56,-8.0,-16.0,1.0,1.0,False,False,1
2363,layer3.conv1,element,2,"(57, 5, 7)",3,0.015,True,0.555,0.009999999999999898,False,,57,-10.0,-20.0,1.0,1.0,False,False,1
2364,fc,element,1,"(44, 0, 13)",0,0.0,False,0.565,0.0,False,,56,-8.0,-12.0,0.5849626064300537,0.5,False,False,1
2365,layer3.conv1,element,3,"(40, 2, 24)",2,0.01,True,0.56,0.004999999999999893,False,,60,-16.0,-4.0,2.0,0.75,False,False,1
2366,fc,element,3,"(10, 1, 15)",0,0.0,False,0.565,0.0,False,,58,-12.0,-3.0,2.0,0.75,False,False,1
2367,layer3.conv1,element,0,"(30, 0, 19)",0,0.0,False,0.565,0.0,False,,56,-8.0,-10.0,0.3219280242919922,0.25,False,False,1
2368,layer3.conv1,element,1,"(14, 1, 1)",0,0.0,False,0.565,0.0,False,,25,10.0,14.0,0.4854269027709961,0.4000000059604645,False,False,1
2369,layer1.conv1,element,2,"(14, 1, 30)",1,0.005,True,0.565,0.0,False,,19,3.5,7.0,1.0,1.0,False,False,1
2370,fc,element,5,"(43, 0, 4)",3,0.015,True,0.56,0.004999999999999893,False,,57,-10.0,10.0,0.0,2.0,True,False,1
2371,layer3.conv2,element,4,"(21, 9, 1)",0,0.0,False,0.565,0.0,False,,61,-20.0,-1.25,4.0,0.9375,False,False,1
2372,layer3.conv2,element,0,"(46, 10, 10)",0,0.0,False,0.565,0.0,False,,25,10.0,8.0,0.3219280242919922,0.20000000298023224,False,False,1
2373,layer3.conv1,element,5,"(42, 6, 10)",0,0.0,False,0.565,0.0,False,,33,-0.0625,0.0625,0.0,2.0,True,False,1
2374,layer3.conv2,element,1,"(0, 7, 26)",0,0.0,False,0.565,0.0,False,,20,4.0,6.0,0.5849626064300537,0.5,False,False,1
2375,layer2.conv2,element,4,"(11, 7, 23)",0,0.0,False,0.565,0.0,False,,22,6.0,0.375,4.0,0.9375,False,False,1
2376,layer3.conv2,element,2,"(18, 17, 26)",1,0.005,True,0.56,0.004999999999999893,False,,27,14.0,28.0,1.0,1.0,False,False,1
2377,layer2.conv1,element,1,"(26, 1, 7)",0,0.0,False,0.565,0.0,False,,36,-0.25,-0.375,0.5849624872207642,0.5,False,False,1
2378,layer3.conv1,element,4,"(47, 6, 30)",3,0.015,True,0.565,0.0,False,,55,-7.0,-0.4375,4.0,0.9375,False,False,1
2379,fc,element,4,"(58, 0, 2)",0,0.0,False,0.565,0.0,False,,22,6.0,0.375,4.0,0.9375,False,False,1
2380,layer3.conv1,element,5,"(28, 1, 1)",3,0.015,True,0.57,-0.0050000000000000044,False,,25,10.0,-10.0,0.0,2.0,True,False,1
2381,layer3.conv2,element,4,"(4, 4, 31)",1,0.005,True,0.56,0.004999999999999893,False,,19,3.5,0.1875,4.2223920822143555,0.9464285969734192,False,False,1
2382,layer3.conv1,element,3,"(58, 3, 5)",2,0.01,True,0.565,0.0,False,,58,-12.0,-3.0,2.0,0.75,False,False,1
2383,layer3.conv2,element,2,"(61, 8, 22)",0,0.0,False,0.565,0.0,False,,15,1.75,0.875,1.0,0.5,False,False,1
2384,layer2.conv1,element,4,"(30, 2, 13)",10,0.05,True,0.555,0.009999999999999898,False,,10,0.75,12.0,4.0,15.0,False,False,1
2385,layer3.conv2,element,1,"(57, 0, 10)",0,0.0,False,0.565,0.0,False,,55,-7.0,-5.0,0.4854269027709961,0.2857142984867096,False,False,1
2386,layer3.conv2,element,4,"(18, 17, 7)",2,0.01,True,0.575,-0.010000000000000009,False,,44,-1.0,-16.0,4.0,15.0,False,False,1
2387,layer3.conv2,element,3,"(28, 17, 9)",4,0.02,True,0.565,0.0,False,,22,6.0,24.0,1.999999761581421,3.0,False,False,1
2388,layer3.conv2,element,4,"(23, 10, 18)",0,0.0,False,0.565,0.0,False,,25,10.0,0.625,4.0,0.9375,False,False,1
2389,layer3.conv2,scale,0,"(52, 8)",7,0.035,True,0.555,0.009999999999999898,False,,122,122.0,123.0,1.0,inf,False,False,32
2390,layer2.conv2,element,5,"(28, 6, 17)",0,0.0,False,0.565,0.0,False,,23,7.0,-7.0,0.0,2.0,True,False,1
2391,layer3.conv2,element,1,"(22, 14, 5)",0,0.0,False,0.565,0.0,False,,46,-1.5,-1.0,0.5849624872207642,0.3333333432674408,False,False,1
2392,layer3.conv1,element,0,"(23, 0, 8)",1,0.005,True,0.56,0.004999999999999893,False,,60,-16.0,-20.0,0.3219280242919922,0.25,False,False,1
2393,layer3.conv2,element,3,"(27, 7, 16)",1,0.005,True,0.56,0.004999999999999893,False,,25,10.0,2.5,1.9999998807907104,0.75,False,False,1
2394,layer3.conv2,element,1,"(1, 7, 24)",0,0.0,False,0.565,0.0,False,,21,5.0,7.0,0.4854269027709961,0.4000000059604645,False,False,1
2395,layer2.conv2,element,4,"(24, 7, 15)",3,0.015,True,0.56,0.004999999999999893,False,,23,7.0,0.4375,4.0,0.9375,False,False,1
2396,layer3.conv2,element,3,"(26, 12, 29)",0,0.0,False,0.565,0.0,False,,17,2.5,10.0,1.9999998807907104,3.0,False,False,1
2397,layer3.conv1,element,2,"(59, 2, 16)",0,0.0,False,0.565,0.0,False,,24,8.0,16.0,1.0,1.0,False,False,1
2398,layer3.conv2,element,3,"(16, 14, 6)",1,0.005,True,0.56,0.004999999999999893,False,,59,-14.0,-3.5,2.0,0.75,False,False,1
2399,layer2.conv1,element,1,"(3, 0, 0)",0,0.0,False,0.565,0.0,False,,50,-3.0,-2.0,0.5849624872207642,0.3333333432674408,False,False,1
2400,layer3.conv2,element,0,"(25, 12, 30)",0,0.0,False,0.565,0.0,False,,33,-0.0625,-0.0,inf,1.0,False,False,1
2401,layer2.conv1,element,5,"(13, 0, 26)",1,0.005,True,0.56,0.004999999999999893,False,,25,10.0,-10.0,0.0,2.0,True,False,1
2402,layer2.conv2,element,2,"(28, 2, 14)",2,0.01,True,0.565,0.0,False,,55,-7.0,-3.5,1.0,0.5,False,False,1
2403,layer2.conv2,element,1,"(16, 1, 2)",0,0.0,False,0.565,0.0,False,,29,20.0,28.0,0.4854269027709961,0.4000000059604645,False,False,1
2404,layer3.conv2,element,0,"(5, 8, 3)",0,0.0,False,0.565,0.0,False,,26,12.0,14.0,0.22239232063293457,0.1666666716337204,False,False,1
2405,fc,element,0,"(54, 1, 11)",0,0.0,False,0.565,0.0,False,,14,1.5,1.75,0.22239243984222412,0.1666666716337204,False,False,1
2406,layer3.conv2,element,2,"(23, 5, 7)",1,0.005,True,0.565,0.0,False,,58,-12.0,-24.0,0.9999997615814209,1.0,False,False,1
2407,layer2.conv2,element,2,"(6, 0, 9)",0,0.0,False,0.565,0.0,False,,24,8.0,16.0,1.0,1.0,False,False,1
2408,layer3.conv2,element,2,"(63, 0, 16)",0,0.0,False,0.565,0.0,False,,45,-1.25,-0.625,1.0,0.5,False,False,1
2409,layer2.conv1,element,0,"(3, 4, 5)",1,0.005,True,0.56,0.004999999999999893,False,,59,-14.0,-12.0,0.22239232063293457,0.1428571492433548,False,False,1
2410,layer3.shortcut.0,element,1,"(36, 0, 28)",0,0.0,False,0.565,0.0,False,,46,-1.5,-1.0,0.5849624872207642,0.3333333432674408,False,False,1
2411,layer3.conv1,element,4,"(2, 0, 14)",0,0.0,False,0.565,0.0,False,,50,-3.0,-0.125,4.584962368011475,0.9583333134651184,False,False,1
2412,layer3.conv2,element,1,"(54, 10, 27)",0,0.0,False,0.565,0.0,False,,14,1.5,1.0,0.5849624872207642,0.3333333432674408,False,False,1
2413,layer3.conv1,scale,5,"(54, 2)",26,0.13,True,0.525,0.039999999999999925,False,,119,119.0,87.0,32.0,inf,False,False,32
2414,layer3.conv2,element,1,"(26, 15, 19)",1,0.005,True,0.565,0.0,False,,60,-16.0,-24.0,0.5849623680114746,0.5,False,False,1
2415,layer3.conv1,element,1,"(9, 8, 5)",0,0.0,False,0.565,0.0,False,,19,3.5,2.5,0.48542678356170654,0.2857142984867096,False,False,1
2416,layer3.shortcut.0,element,4,"(40, 0, 18)",2,0.01,True,0.565,0.0,False,,56,-8.0,-0.5,4.0,0.9375,False,False,1
2417,layer3.conv2,element,3,"(28, 5, 9)",2,0.01,True,0.56,0.004999999999999893,False,,18,3.0,12.0,2.0,3.0,False,False,1
2418,layer3.conv1,element,5,"(0, 4, 10)",1,0.005,True,0.565,0.0,False,,60,-16.0,16.0,0.0,2.0,True,False,1
2419,layer2.conv2,element,2,"(14, 4, 29)",0,0.0,False,0.565,0.0,False,,56,-8.0,-16.0,1.0,1.0,False,False,1
2420,layer3.conv2,element,0,"(7, 6, 19)",0,0.0,False,0.565,0.0,False,,50,-3.0,-3.5,0.22239243984222412,0.1666666716337204,False,False,1
2421,layer3.conv2,element,5,"(25, 6, 8)",0,0.0,False,0.565,0.0,False,,24,8.0,-8.0,0.0,2.0,True,False,1
2422,layer2.conv1,element,0,"(25, 1, 6)",0,0.0,False,0.565,0.0,False,,49,-2.5,-2.0,0.32192814350128174,0.20000000298023224,False,False,1
2423,layer3.shortcut.0,element,1,"(2, 0, 26)",0,0.0,False,0.565,0.0,False,,16,2.0,3.0,0.5849624872207642,0.5,False,False,1
2424,layer3.conv2,element,4,"(47, 2, 12)",0,0.0,False,0.565,0.0,False,,56,-8.0,-0.5,4.0,0.9375,False,False,1
2425,layer3.conv1,element,4,"(33, 0, 16)",0,0.0,False,0.565,0.0,False,,51,-3.5,-0.1875,4.2223920822143555,0.9464285969734192,False,False,1
2426,layer3.conv2,element,4,"(48, 2, 24)",0,0.0,False,0.565,0.0,False,,18,3.0,0.125,4.584962368011475,0.9583333134651184,False,False,1
2427,fc,element,4,"(29, 0, 17)",0,0.0,False,0.565,0.0,False,,59,-14.0,-0.875,4.0,0.9375,False,False,1
2428,layer2.conv2,element,5,"(0, 8, 0)",5,0.025,True,0.56,0.004999999999999893,False,,50,-3.0,3.0,0.0,2.0,True,False,1
2429,layer3.conv2,element,4,"(39, 17, 18)",0,0.0,False,0.565,0.0,False,,23,7.0,0.4375,4.0,0.9375,False,False,1
2430,layer3.conv2,element,0,"(20, 13, 7)",0,0.0,False,0.565,0.0,False,,22,6.0,7.0,0.22239232063293457,0.1666666716337204,False,False,1
2431,layer2.conv1,element,0,"(22, 1, 1)",0,0.0,False,0.565,0.0,False,,58,-12.0,-14.0,0.22239232063293457,0.1666666716337204,False,False,1
2432,layer3.conv2,element,5,"(11, 8, 23)",5,0.025,True,0.565,0.0,False,,61,-20.0,20.0,0.0,2.0,True,False,1
2433,layer2.conv2,element,0,"(14, 3, 14)",0,0.0,False,0.565,0.0,False,,55,-7.0,-6.0,0.22239232063293457,0.1428571492433548,False,False,1
2434,layer2.conv2,element,3,"(29, 1, 13)",5,0.025,True,0.565,0.0,False,,22,6.0,24.0,1.999999761581421,3.0,False,False,1
2435,layer3.conv1,element,0,"(16, 1, 23)",0,0.0,False,0.565,0.0,False,,33,-0.0625,-0.0,inf,1.0,False,False,1
2436,layer3.conv2,element,5,"(52, 8, 11)",1,0.005,True,0.56,0.004999999999999893,False,,53,-5.0,5.0,0.0,2.0,True,False,1
2437,layer3.conv2,element,2,"(5, 8, 25)",0,0.0,False,0.565,0.0,False,,59,-14.0,-28.0,1.0,1.0,False,False,1
2438,layer3.conv2,element,1,"(8, 7, 23)",0,0.0,False,0.565,0.0,False,,18,3.0,2.0,0.5849624872207642,0.3333333432674408,False,False,1
2439,layer3.conv2,element,5,"(19, 6, 23)",2,0.01,True,0.555,0.009999999999999898,False,,28,16.0,-16.0,0.0,2.0,True,False,1
2440,layer3.shortcut.0,element,2,"(47, 0, 16)",0,0.0,False,0.565,0.0,False,,52,-4.0,-2.0,1.0,0.5,False,False,1
2441,layer3.conv1,element,5,"(1, 0, 10)",1,0.005,True,0.56,0.004999999999999893,False,,53,-5.0,5.0,0.0,2.0,True,False,1
2442,layer2.conv2,element,4,"(29, 6, 11)",9,0.045,True,0.575,-0.010000000000000009,False,,57,-10.0,-0.625,4.0,0.9375,False,False,1
2443,layer3.conv2,element,3,"(30, 12, 27)",0,0.0,False,0.565,0.0,False,,60,-16.0,-4.0,2.0,0.75,False,False,1
2444,layer3.conv2,element,0,"(57, 16, 19)",0,0.0,False,0.565,0.0,False,,0,0.0,0.0625,inf,1.0,False,False,1
2445,layer3.conv1,element,5,"(22, 5, 22)",12,0.06,True,0.56,0.004999999999999893,False,,28,16.0,-16.0,0.0,2.0,True,False,1
2446,layer3.conv1,element,5,"(17, 1, 21)",2,0.01,True,0.555,0.009999999999999898,False,,22,6.0,-6.0,0.0,2.0,True,False,1
2447,layer3.conv1,element,5,"(1, 4, 31)",0,0.0,False,0.565,0.0,False,,43,-0.875,0.875,0.0,2.0,True,False,1
2448,layer3.conv1,element,2,"(6, 0, 19)",1,0.005,True,0.56,0.004999999999999893,False,,54,-6.0,-3.0,1.0000001192092896,0.5,False,False,1
2449,layer3.conv1,element,0,"(40, 3, 12)",0,0.0,False,0.565,0.0,False,,41,-0.625,-0.5,0.32192808389663696,0.20000000298023224,False,False,1
2450,layer3.conv2,element,0,"(9, 9, 14)",0,0.0,False,0.565,0.0,False,,48,-2.0,-2.5,0.32192814350128174,0.25,False,False,1
2451,layer2.conv2,scale,0,"(16, 6)",34,0.17,True,0.515,0.04999999999999993,False,,120,120.0,121.0,1.0,inf,False,False,32
2452,layer2.conv2,element,2,"(19, 5, 28)",10,0.05,True,0.57,-0.0050000000000000044,False,,30,24.0,12.0,0.9999997615814209,0.5,False,False,1
2453,layer2.conv2,element,5,"(11, 4, 30)",0,0.0,False,0.565,0.0,False,,16,2.0,-2.0,0.0,2.0,True,False,1
2454,layer2.shortcut.0,element,4,"(16, 0, 15)",3,0.015,True,0.575,-0.010000000000000009,False,,18,3.0,0.125,4.584962368011475,0.9583333134651184,False,False,1
2455,layer3.shortcut.0,element,2,"(9, 0, 16)",4,0.02,True,0.56,0.004999999999999893,False,,56,-8.0,-16.0,1.0,1.0,False,False,1
2456,layer3.conv2,element,2,"(45, 3, 21)",2,0.01,True,0.555,0.009999999999999898,False,,28,16.0,8.0,1.0,0.5,False,False,1
2457,layer3.conv1,element,5,"(5, 4, 15)",1,0.005,True,0.565,0.0,False,,57,-10.0,10.0,0.0,2.0,True,False,1
2458,layer3.conv2,scale,1,"(59, 1)",3,0.015,True,0.56,0.004999999999999893,False,,122,122.0,120.0,2.0,inf,False,False,32
2459,layer3.shortcut.0,element,1,"(55, 0, 26)",3,0.015,True,0.565,0.0,False,,29,20.0,28.0,0.4854269027709961,0.4000000059604645,False,False,1
2460,layer3.conv2,element,3,"(62, 0, 29)",7,0.035,True,0.55,0.014999999999999902,False,,23,7.0,28.0,2.0,3.0,False,False,1
2461,layer3.conv2,element,4,"(28, 15, 5)",4,0.02,True,0.565,0.0,False,,60,-16.0,-1.0,4.0,0.9375,False,False,1
2462,fc,element,2,"(95, 1, 12)",0,0.0,False,0.565,0.0,False,,14,1.5,0.75,1.0,0.5,False,False,1
2463,fc,element,5,"(91, 0, 8)",2,0.01,True,0.565,0.0,False,,54,-6.0,6.0,0.0,2.0,True,False,1
2464,layer3.conv2,element,1,"(7, 5, 21)",0,0.0,False,0.565,0.0,False,,59,-14.0,-10.0,0.4854269027709961,0.2857142984867096,False,False,1
2465,layer3.conv1,element,0,"(30, 0, 21)",0,0.0,False,0.565,0.0,False,,18,3.0,3.5,0.22239243984222412,0.1666666716337204,False,False,1
2466,layer3.conv2,element,4,"(24, 8, 2)",0,0.0,False,0.565,0.0,False,,56,-8.0,-0.5,4.0,0.9375,False,False,1
2467,layer3.conv1,element,4,"(37, 8, 6)",1,0.005,True,0.565,0.0,False,,29,20.0,1.25,4.0,0.9375,False,False,1
2468,layer2.conv2,element,5,"(19, 8, 31)",0,0.0,False,0.565,0.0,False,,54,-6.0,6.0,0.0,2.0,True,False,1
2469,layer2.conv1,element,1,"(30, 3, 18)",9,0.045,True,0.555,0.009999999999999898,False,,28,16.0,24.0,0.5849623680114746,0.5,False,False,1
2470,fc,element,0,"(24, 1, 21)",0,0.0,False,0.565,0.0,False,,50,-3.0,-3.5,0.22239243984222412,0.1666666716337204,False,False,1
2471,fc,element,1,"(39, 0, 23)",0,0.0,False,0.565,0.0,False,,49,-2.5,-3.5,0.48542678356170654,0.4000000059604645,False,False,1
2472,layer3.conv2,element,1,"(35, 16, 7)",0,0.0,False,0.565,0.0,False,,29,20.0,28.0,0.4854269027709961,0.4000000059604645,False,False,1
2473,layer3.conv2,element,2,"(28, 12, 14)",0,0.0,False,0.565,0.0,False,,54,-6.0,-3.0,1.0000001192092896,0.5,False,False,1
2474,layer2.conv1,element,5,"(22, 3, 28)",15,0.075,True,0.555,0.009999999999999898,False,,56,-8.0,8.0,0.0,2.0,True,False,1
2475,fc,element,5,"(4, 0, 3)",1,0.005,True,0.565,0.0,False,,52,-4.0,4.0,0.0,2.0,True,False,1
2476,layer3.conv1,element,0,"(28, 0, 28)",0,0.0,False,0.565,0.0,False,,52,-4.0,-5.0,0.3219280242919922,0.25,False,False,1
2477,layer3.conv2,element,3,"(13, 8, 29)",0,0.0,False,0.565,0.0,False,,47,-1.75,-0.4375,2.0,0.75,False,False,1
2478,layer3.conv2,element,1,"(60, 11, 14)",0,0.0,False,0.565,0.0,False,,49,-2.5,-3.5,0.48542678356170654,0.4000000059604645,False,False,1
2479,layer2.conv2,element,2,"(6, 8, 3)",1,0.005,True,0.565,0.0,False,,24,8.0,16.0,1.0,1.0,False,False,1
2480,layer3.conv1,element,3,"(30, 6, 3)",3,0.015,True,0.565,0.0,False,,28,16.0,4.0,2.0,0.75,False,False,1
2481,layer3.conv2,element,2,"(54, 1, 13)",2,0.01,True,0.565,0.0,False,,58,-12.0,-24.0,0.9999997615814209,1.0,False,False,1
2482,layer3.conv2,element,4,"(61, 11, 22)",3,0.015,True,0.56,0.004999999999999893,False,,14,1.5,24.0,4.0,15.0,False,False,1
2483,layer3.shortcut.0,element,0,"(24, 0, 14)",0,0.0,False,0.565,0.0,False,,17,2.5,2.0,0.32192814350128174,0.20000000298023224,False,False,1
2484,layer3.conv1,element,4,"(13, 4, 24)",2,0.01,True,0.575,-0.010000000000000009,False,,18,3.0,0.125,4.584962368011475,0.9583333134651184,False,False,1
2485,layer3.conv2,element,0,"(7, 8, 8)",0,0.0,False,0.565,0.0,False,,23,7.0,6.0,0.22239232063293457,0.1428571492433548,False,False,1
2486,layer3.conv2,element,0,"(42, 10, 10)",0,0.0,False,0.565,0.0,False,,51,-3.5,-3.0,0.22239243984222412,0.1428571492433548,False,False,1
2487,layer3.conv2,element,4,"(57, 7, 8)",1,0.005,True,0.56,0.004999999999999893,False,,61,-20.0,-1.25,4.0,0.9375,False,False,1
2488,layer3.conv2,element,0,"(3, 13, 15)",0,0.0,False,0.565,0.0,False,,56,-8.0,-10.0,0.3219280242919922,0.25,False,False,1
2489,layer1.conv2,element,3,"(13, 1, 7)",0,0.0,False,0.565,0.0,False,,52,-4.0,-16.0,2.0,3.0,False,False,1
2490,layer3.conv2,element,3,"(61, 1, 6)",0,0.0,False,0.565,0.0,False,,57,-10.0,-2.5,1.9999998807907104,0.75,False,False,1
2491,fc,element,1,"(1, 1, 26)",0,0.0,False,0.565,0.0,False,,58,-12.0,-8.0,0.5849626064300537,0.3333333432674408,False,False,1
2492,layer3.conv1,element,2,"(24, 7, 10)",0,0.0,False,0.565,0.0,False,,52,-4.0,-2.0,1.0,0.5,False,False,1
2493,layer3.conv2,element,1,"(42, 4, 28)",0,0.0,False,0.565,0.0,False,,19,3.5,2.5,0.48542678356170654,0.2857142984867096,False,False,1
2494,layer3.conv2,element,5,"(31, 4, 0)",2,0.01,True,0.565,0.0,False,,21,5.0,-5.0,0.0,2.0,True,False,1
2495,layer2.conv1,element,3,"(25, 2, 26)",2,0.01,True,0.56,0.004999999999999893,False,,58,-12.0,-3.0,2.0,0.75,False,False,1
2496,fc,element,0,"(67, 0, 7)",0,0.0,False,0.565,0.0,False,,51,-3.5,-3.0,0.22239243984222412,0.1428571492433548,False,False,1
2497,layer3.conv2,element,0,"(47, 12, 2)",0,0.0,False,0.565,0.0,False,,18,3.0,3.5,0.22239243984222412,0.1666666716337204,False,False,1
2498,layer2.conv1,element,4,"(10, 1, 28)",11,0.055,True,0.58,-0.015000000000000013,False,,29,20.0,1.25,4.0,0.9375,False,False,1
2499,layer3.conv1,element,3,"(62, 0, 16)",0,0.0,False,0.565,0.0,False,,60,-16.0,-4.0,2.0,0.75,False,False,1
2500,layer3.conv2,element,5,"(37, 0, 18)",0,0.0,False,0.565,0.0,False,,10,0.75,-0.75,0.0,2.0,True,False,1
2501,layer2.conv2,element,2,"(9, 0, 9)",0,0.0,False,0.565,0.0,False,,51,-3.5,-7.0,1.0,1.0,False,False,1
2502,layer3.conv2,element,2,"(12, 7, 21)",0,0.0,False,0.565,0.0,False,,20,4.0,2.0,1.0,0.5,False,False,1
2503,layer3.conv1,element,0,"(4, 2, 4)",0,0.0,False,0.565,0.0,False,,51,-3.5,-3.0,0.22239243984222412,0.1428571492433548,False,False,1
2504,layer2.conv1,element,2,"(20, 1, 25)",0,0.0,False,0.565,0.0,False,,42,-0.75,-1.5,1.0,1.0,False,False,1
2505,fc,element,1,"(35, 0, 25)",1,0.005,True,0.57,-0.0050000000000000044,False,,50,-3.0,-2.0,0.5849624872207642,0.3333333432674408,False,False,1
2506,layer3.conv1,element,3,"(56, 1, 26)",0,0.0,False,0.565,0.0,False,,53,-5.0,-20.0,2.0,3.0,False,False,1
2507,layer3.conv2,element,5,"(43, 10, 8)",2,0.01,True,0.565,0.0,False,,28,16.0,-16.0,0.0,2.0,True,False,1
2508,layer3.conv2,element,3,"(13, 10, 26)",0,0.0,False,0.565,0.0,False,,54,-6.0,-24.0,1.999999761581421,3.0,False,False,1
2509,fc,element,3,"(74, 1, 3)",0,0.0,False,0.565,0.0,False,,52,-4.0,-16.0,2.0,3.0,False,False,1
2510,layer2.conv1,element,3,"(2, 0, 12)",4,0.02,True,0.55,0.014999999999999902,False,,27,14.0,3.5,2.0,0.75,False,False,1
2511,layer3.conv1,element,5,"(36, 0, 2)",0,0.0,False,0.565,0.0,False,,38,-0.375,0.375,0.0,2.0,True,False,1
2512,layer3.conv1,element,4,"(54, 7, 12)",5,0.025,True,0.56,0.004999999999999893,False,,61,-20.0,-1.25,4.0,0.9375,False,False,1
2513,layer3.conv2,element,2,"(55, 1, 12)",0,0.0,False,0.565,0.0,False,,39,-0.4375,-0.1875,1.2223923206329346,0.5714285969734192,False,False,1
2514,layer3.conv2,element,1,"(12, 5, 19)",0,0.0,False,0.565,0.0,False,,60,-16.0,-24.0,0.5849623680114746,0.5,False,False,1
2515,layer1.conv2,element,1,"(13, 3, 20)",0,0.0,False,0.565,0.0,False,,24,8.0,12.0,0.5849626064300537,0.5,False,False,1
2516,layer3.conv2,element,2,"(6, 9, 22)",0,0.0,False,0.565,0.0,False,,51,-3.5,-7.0,1.0,1.0,False,False,1
2517,layer3.conv2,element,5,"(7, 11, 0)",0,0.0,False,0.565,0.0,False,,12,1.0,-1.0,0.0,2.0,True,False,1
2518,layer3.conv1,element,2,"(8, 8, 6)",0,0.0,False,0.565,0.0,False,,58,-12.0,-24.0,0.9999997615814209,1.0,False,False,1
2519,layer3.conv2,element,0,"(45, 3, 25)",0,0.0,False,0.565,0.0,False,,21,5.0,4.0,0.3219280242919922,0.20000000298023224,False,False,1
2520,layer2.conv2,element,4,"(6, 8, 16)",0,0.0,False,0.565,0.0,False,,27,14.0,0.875,4.0,0.9375,False,False,1
2521,layer3.conv2,element,1,"(32, 17, 7)",0,0.0,False,0.565,0.0,False,,60,-16.0,-24.0,0.5849623680114746,0.5,False,False,1
2522,layer1.conv1,element,5,"(11, 1, 22)",1,0.005,True,0.565,0.0,False,,50,-3.0,3.0,0.0,2.0,True,False,1
2523,layer2.shortcut.0,scale,7,"(12, 0)",200,1.0,True,0.0,0.565,True,,120,120.0,248.0,128.0,inf,False,False,32
2524,layer3.conv2,element,0,"(29, 15, 31)",0,0.0,False,0.565,0.0,False,,26,12.0,14.0,0.22239232063293457,0.1666666716337204,False,False,1
2525,fc,element,0,"(49, 1, 30)",0,0.0,False,0.565,0.0,False,,51,-3.5,-3.0,0.22239243984222412,0.1428571492433548,False,False,1
2526,layer3.conv2,element,1,"(20, 9, 20)",0,0.0,False,0.565,0.0,False,,31,28.0,20.0,0.4854269027709961,0.2857142984867096,False,False,1
2527,layer3.conv2,element,0,"(22, 5, 3)",0,0.0,False,0.565,0.0,False,,53,-5.0,-4.0,0.3219280242919922,0.20000000298023224,False,False,1
2528,layer2.conv1,element,4,"(0, 0, 24)",2,0.01,True,0.555,0.009999999999999898,False,,24,8.0,0.5,4.0,0.9375,False,False,1
2529,fc,element,0,"(71, 1, 26)",0,0.0,False,0.565,0.0,False,,17,2.5,2.0,0.32192814350128174,0.20000000298023224,False,False,1
2530,layer3.conv1,element,3,"(42, 1, 4)",3,0.015,True,0.555,0.009999999999999898,False,,57,-10.0,-2.5,1.9999998807907104,0.75,False,False,1
2531,layer3.conv2,element,1,"(6, 0, 25)",0,0.0,False,0.565,0.0,False,,53,-5.0,-7.0,0.4854269027709961,0.4000000059604645,False,False,1
2532,layer3.conv2,element,1,"(54, 1, 21)",0,0.0,False,0.565,0.0,False,,47,-1.75,-1.25,0.4854268431663513,0.2857142984867096,False,False,1
2533,layer2.conv1,element,1,"(20, 3, 7)",1,0.005,True,0.56,0.004999999999999893,False,,55,-7.0,-5.0,0.4854269027709961,0.2857142984867096,False,False,1
2534,layer3.conv2,element,3,"(45, 3, 1)",0,0.0,False,0.565,0.0,False,,57,-10.0,-2.5,1.9999998807907104,0.75,False,False,1
2535,layer3.conv2,element,0,"(50, 0, 26)",0,0.0,False,0.565,0.0,False,,17,2.5,2.0,0.32192814350128174,0.20000000298023224,False,False,1
2536,layer3.conv2,element,2,"(1, 8, 11)",0,0.0,False,0.565,0.0,False,,58,-12.0,-24.0,0.9999997615814209,1.0,False,False,1
2537,layer3.conv1,element,4,"(11, 8, 27)",0,0.0,False,0.565,0.0,False,,53,-5.0,-0.3125,4.0,0.9375,False,False,1
2538,layer3.conv2,element,0,"(20, 13, 20)",0,0.0,False,0.565,0.0,False,,54,-6.0,-7.0,0.22239232063293457,0.1666666716337204,False,False,1
2539,layer3.conv2,element,1,"(20, 11, 29)",6,0.03,True,0.55,0.014999999999999902,False,,29,20.0,28.0,0.4854269027709961,0.4000000059604645,False,False,1
2540,layer1.conv2,element,0,"(0, 0, 18)",1,0.005,True,0.565,0.0,False,,61,-20.0,-16.0,0.3219280242919922,0.20000000298023224,False,False,1
2541,layer3.conv2,element,1,"(47, 8, 5)",0,0.0,False,0.565,0.0,False,,63,-28.0,-20.0,0.4854269027709961,0.2857142984867096,False,False,1
2542,layer2.conv2,element,3,"(8, 3, 13)",10,0.05,True,0.565,0.0,False,,54,-6.0,-24.0,1.999999761581421,3.0,False,False,1
2543,layer2.conv2,element,5,"(15, 2, 2)",1,0.005,True,0.565,0.0,False,,20,4.0,-4.0,0.0,2.0,True,False,1
2544,layer3.conv2,element,1,"(29, 7, 1)",0,0.0,False,0.565,0.0,False,,47,-1.75,-1.25,0.4854268431663513,0.2857142984867096,False,False,1
2545,layer2.conv2,element,2,"(6, 3, 12)",2,0.01,True,0.565,0.0,False,,26,12.0,24.0,0.9999997615814209,1.0,False,False,1
2546,layer3.conv2,element,4,"(13, 11, 8)",2,0.01,True,0.565,0.0,False,,9,0.625,10.0,4.0,15.0,False,False,1
2547,layer2.conv1,element,3,"(31, 0, 2)",2,0.01,True,0.565,0.0,False,,20,4.0,16.0,2.0,3.0,False,False,1
2548,layer3.conv2,element,5,"(18, 15, 4)",4,0.02,True,0.575,-0.010000000000000009,False,,28,16.0,-16.0,0.0,2.0,True,False,1
2549,layer3.conv1,element,1,"(54, 6, 21)",0,0.0,False,0.565,0.0,False,,59,-14.0,-10.0,0.4854269027709961,0.2857142984867096,False,False,1
2550,layer3.conv2,element,0,"(17, 15, 4)",0,0.0,False,0.565,0.0,False,,28,16.0,20.0,0.3219280242919922,0.25,False,False,1
2551,layer3.conv1,element,2,"(27, 7, 28)",0,0.0,False,0.565,0.0,False,,22,6.0,3.0,1.0000001192092896,0.5,False,False,1
2552,layer3.conv2,element,3,"(25, 2, 21)",0,0.0,False,0.565,0.0,False,,53,-5.0,-20.0,2.0,3.0,False,False,1
2553,layer2.conv2,element,0,"(1, 3, 14)",0,0.0,False,0.565,0.0,False,,55,-7.0,-6.0,0.22239232063293457,0.1428571492433548,False,False,1
2554,layer3.conv1,scale,5,"(42, 5)",10,0.05,True,0.575,-0.010000000000000009,False,,119,119.0,87.0,32.0,inf,False,False,32
2555,layer3.conv2,scale,0,"(0, 16)",13,0.065,True,0.56,0.004999999999999893,False,,122,122.0,123.0,1.0,inf,False,False,32
2556,layer2.conv2,element,1,"(29, 2, 5)",3,0.015,True,0.565,0.0,False,,24,8.0,12.0,0.5849626064300537,0.5,False,False,1
2557,layer3.conv2,element,5,"(1, 16, 3)",0,0.0,False,0.565,0.0,False,,47,-1.75,1.75,0.0,2.0,True,False,1
2558,fc,element,4,"(57, 1, 21)",1,0.005,True,0.565,0.0,False,,55,-7.0,-0.4375,4.0,0.9375,False,False,1
2559,fc,element,1,"(85, 1, 26)",0,0.0,False,0.565,0.0,False,,46,-1.5,-1.0,0.5849624872207642,0.3333333432674408,False,False,1
2560,layer3.conv1,element,4,"(17, 8, 17)",0,0.0,False,0.565,0.0,False,,52,-4.0,-0.25,4.0,0.9375,False,False,1
2561,layer3.conv2,element,3,"(46, 17, 12)",1,0.005,True,0.56,0.004999999999999893,False,,53,-5.0,-20.0,2.0,3.0,False,False,1
2562,layer2.conv2,element,4,"(28, 2, 0)",1,0.005,True,0.565,0.0,False,,54,-6.0,-0.375,4.0,0.9375,False,False,1
2563,layer2.conv2,element,1,"(26, 5, 31)",4,0.02,True,0.56,0.004999999999999893,False,,61,-20.0,-28.0,0.4854269027709961,0.4000000059604645,False,False,1
2564,layer3.conv2,element,3,"(19, 12, 15)",0,0.0,False,0.565,0.0,False,,28,16.0,4.0,2.0,0.75,False,False,1
2565,layer3.conv2,element,4,"(60, 12, 5)",0,0.0,False,0.565,0.0,False,,14,1.5,24.0,4.0,15.0,False,False,1
2566,layer2.conv2,element,0,"(5, 5, 7)",0,0.0,False,0.565,0.0,False,,52,-4.0,-5.0,0.3219280242919922,0.25,False,False,1
2567,layer1.conv1,element,3,"(14, 1, 14)",1,0.005,True,0.565,0.0,False,,57,-10.0,-2.5,1.9999998807907104,0.75,False,False,1
2568,layer3.conv2,element,4,"(24, 2, 29)",1,0.005,True,0.56,0.004999999999999893,False,,22,6.0,0.375,4.0,0.9375,False,False,1
2569,layer3.conv2,element,3,"(8, 4, 16)",2,0.01,True,0.56,0.004999999999999893,False,,55,-7.0,-28.0,2.0,3.0,False,False,1
2570,layer3.conv2,element,2,"(40, 9, 12)",0,0.0,False,0.565,0.0,False,,20,4.0,2.0,1.0,0.5,False,False,1
2571,layer3.conv2,element,1,"(13, 16, 23)",0,0.0,False,0.565,0.0,False,,53,-5.0,-7.0,0.4854269027709961,0.4000000059604645,False,False,1
2572,layer3.conv2,element,3,"(6, 9, 21)",0,0.0,False,0.565,0.0,False,,55,-7.0,-28.0,2.0,3.0,False,False,1
2573,layer3.conv1,element,0,"(31, 4, 17)",0,0.0,False,0.565,0.0,False,,58,-12.0,-14.0,0.22239232063293457,0.1666666716337204,False,False,1
2574,layer3.conv2,element,1,"(20, 14, 12)",1,0.005,True,0.56,0.004999999999999893,False,,59,-14.0,-10.0,0.4854269027709961,0.2857142984867096,False,False,1
2575,layer3.conv2,element,0,"(12, 14, 15)",0,0.0,False,0.565,0.0,False,,29,20.0,16.0,0.3219280242919922,0.20000000298023224,False,False,1
2576,layer3.conv2,element,1,"(7, 1, 28)",0,0.0,False,0.565,0.0,False,,25,10.0,14.0,0.4854269027709961,0.4000000059604645,False,False,1
2577,layer3.conv2,element,1,"(27, 5, 21)",0,0.0,False,0.565,0.0,False,,27,14.0,10.0,0.4854269027709961,0.2857142984867096,False,False,1
2578,layer3.conv1,element,2,"(36, 7, 18)",3,0.015,True,0.56,0.004999999999999893,False,,25,10.0,20.0,1.0,1.0,False,False,1
2579,layer3.conv2,element,2,"(54, 2, 15)",0,0.0,False,0.565,0.0,False,,35,-0.1875,-0.4375,1.2223923206329346,1.3333333730697632,False,False,1
2580,layer3.conv2,element,3,"(53, 14, 31)",1,0.005,True,0.56,0.004999999999999893,False,,57,-10.0,-2.5,1.9999998807907104,0.75,False,False,1
2581,layer3.conv2,element,2,"(39, 13, 0)",0,0.0,False,0.565,0.0,False,,47,-1.75,-0.875,1.0,0.5,False,False,1
2582,layer3.conv2,element,0,"(19, 1, 30)",0,0.0,False,0.565,0.0,False,,15,1.75,1.5,0.22239243984222412,0.1428571492433548,False,False,1
2583,layer3.conv1,element,3,"(62, 1, 1)",0,0.0,False,0.565,0.0,False,,26,12.0,3.0,2.0,0.75,False,False,1
2584,layer3.conv1,element,2,"(17, 6, 17)",2,0.01,True,0.555,0.009999999999999898,False,,57,-10.0,-20.0,1.0,1.0,False,False,1
2585,layer1.conv1,element,5,"(6, 2, 16)",1,0.005,True,0.565,0.0,False,,24,8.0,-8.0,0.0,2.0,True,False,1
2586,layer2.conv2,element,3,"(4, 4, 21)",1,0.005,True,0.56,0.004999999999999893,False,,60,-16.0,-4.0,2.0,0.75,False,False,1
2587,layer3.conv2,element,0,"(20, 6, 26)",0,0.0,False,0.565,0.0,False,,16,2.0,2.5,0.32192814350128174,0.25,False,False,1
2588,layer3.conv1,element,2,"(7, 6, 21)",0,0.0,False,0.565,0.0,False,,21,5.0,2.5,0.9999998807907104,0.5,False,False,1
2589,layer3.conv2,element,3,"(52, 16, 14)",0,0.0,False,0.565,0.0,False,,47,-1.75,-0.4375,2.0,0.75,False,False,1
2590,layer3.conv2,element,3,"(38, 5, 20)",1,0.005,True,0.56,0.004999999999999893,False,,23,7.0,28.0,2.0,3.0,False,False,1
2591,layer3.conv1,element,5,"(0, 5, 5)",10,0.05,True,0.57,-0.0050000000000000044,False,,60,-16.0,16.0,0.0,2.0,True,False,1
2592,fc,element,1,"(98, 1, 26)",1,0.005,True,0.565,0.0,False,,54,-6.0,-4.0,0.5849626064300537,0.3333333432674408,False,False,1
2593,layer3.conv1,element,0,"(17, 5, 18)",1,0.005,True,0.56,0.004999999999999893,False,,60,-16.0,-20.0,0.3219280242919922,0.25,False,False,1
2594,layer2.conv2,element,2,"(22, 2, 11)",5,0.025,True,0.56,0.004999999999999893,False,,58,-12.0,-24.0,0.9999997615814209,1.0,False,False,1
2595,layer3.conv2,element,0,"(5, 2, 18)",0,0.0,False,0.565,0.0,False,,56,-8.0,-10.0,0.3219280242919922,0.25,False,False,1
2596,layer3.conv1,element,1,"(34, 6, 27)",0,0.0,False,0.565,0.0,False,,53,-5.0,-7.0,0.4854269027709961,0.4000000059604645,False,False,1
2597,layer2.conv1,element,5,"(6, 1, 12)",11,0.055,True,0.56,0.004999999999999893,False,,57,-10.0,10.0,0.0,2.0,True,False,1
2598,layer2.conv2,element,1,"(15, 5, 3)",3,0.015,True,0.57,-0.0050000000000000044,False,,24,8.0,12.0,0.5849626064300537,0.5,False,False,1
2599,layer3.conv2,element,3,"(62, 1, 2)",4,0.02,True,0.565,0.0,False,,54,-6.0,-24.0,1.999999761581421,3.0,False,False,1
2600,fc,element,5,"(57, 1, 25)",1,0.005,True,0.565,0.0,False,,52,-4.0,4.0,0.0,2.0,True,False,1
2601,layer2.conv2,scale,7,"(2, 7)",200,1.0,True,0.0,0.565,True,,120,120.0,248.0,128.0,inf,False,False,32
2602,layer3.conv2,element,0,"(45, 17, 18)",0,0.0,False,0.565,0.0,False,,61,-20.0,-16.0,0.3219280242919922,0.20000000298023224,False,False,1
2603,layer3.conv2,element,1,"(26, 8, 24)",0,0.0,False,0.565,0.0,False,,56,-8.0,-12.0,0.5849626064300537,0.5,False,False,1
2604,layer3.conv1,element,0,"(54, 1, 8)",0,0.0,False,0.565,0.0,False,,16,2.0,2.5,0.32192814350128174,0.25,False,False,1
2605,fc,scale,0,"(13, 0)",0,0.0,False,0.565,0.0,False,,123,123.0,122.0,1.0,inf,False,False,32
2606,layer1.conv2,element,3,"(11, 1, 2)",20,0.1,True,0.555,0.009999999999999898,False,,61,-20.0,-5.0,2.0,0.75,False,False,1
2607,layer3.conv1,element,2,"(33, 0, 27)",0,0.0,False,0.565,0.0,False,,20,4.0,2.0,1.0,0.5,False,False,1
2608,layer2.conv1,element,5,"(24, 3, 5)",2,0.01,True,0.565,0.0,False,,48,-2.0,2.0,0.0,2.0,True,False,1
2609,fc,scale,7,"(19, 1)",200,1.0,True,0.0,0.565,True,,123,123.0,251.0,128.0,inf,False,False,32
2610,fc,element,2,"(52, 0, 20)",0,0.0,False,0.565,0.0,False,,51,-3.5,-7.0,1.0,1.0,False,False,1
2611,layer3.conv2,element,3,"(27, 12, 12)",0,0.0,False,0.565,0.0,False,,23,7.0,28.0,2.0,3.0,False,False,1
2612,layer3.conv1,element,3,"(52, 4, 15)",0,0.0,False,0.565,0.0,False,,52,-4.0,-16.0,2.0,3.0,False,False,1
2613,fc,element,2,"(97, 1, 30)",1,0.005,True,0.57,-0.0050000000000000044,False,,16,2.0,4.0,1.0,1.0,False,False,1
2614,layer3.conv2,element,0,"(2, 16, 2)",0,0.0,False,0.565,0.0,False,,42,-0.75,-0.875,0.22239243984222412,0.1666666716337204,False,False,1
2615,layer2.conv2,element,2,"(23, 1, 9)",2,0.01,True,0.56,0.004999999999999893,False,,28,16.0,8.0,1.0,0.5,False,False,1
2616,layer3.conv2,element,1,"(62, 1, 11)",0,0.0,False,0.565,0.0,False,,18,3.0,2.0,0.5849624872207642,0.3333333432674408,False,False,1
2617,fc,element,4,"(69, 0, 14)",0,0.0,False,0.565,0.0,False,,53,-5.0,-0.3125,4.0,0.9375,False,False,1
2618,layer1.conv1,element,1,"(11, 2, 31)",1,0.005,True,0.565,0.0,False,,53,-5.0,-7.0,0.4854269027709961,0.4000000059604645,False,False,1
2619,layer2.conv1,element,5,"(28, 0, 11)",9,0.045,True,0.555,0.009999999999999898,False,,28,16.0,-16.0,0.0,2.0,True,False,1
2620,layer3.conv2,scale,2,"(39, 8)",17,0.085,True,0.565,0.0,False,,122,122.0,126.0,4.0,inf,False,False,32
2621,layer2.conv1,element,5,"(8, 2, 0)",5,0.025,True,0.56,0.004999999999999893,False,,58,-12.0,12.0,0.0,2.0,True,False,1
2622,layer3.conv2,element,5,"(16, 9, 28)",0,0.0,False,0.565,0.0,False,,20,4.0,-4.0,0.0,2.0,True,False,1
2623,layer3.conv2,element,3,"(38, 14, 5)",0,0.0,False,0.565,0.0,False,,26,12.0,3.0,2.0,0.75,False,False,1
2624,layer3.conv2,element,2,"(48, 11, 3)",0,0.0,False,0.565,0.0,False,,54,-6.0,-3.0,1.0000001192092896,0.5,False,False,1
2625,layer2.shortcut.0,element,2,"(29, 0, 6)",4,0.02,True,0.56,0.004999999999999893,False,,58,-12.0,-24.0,0.9999997615814209,1.0,False,False,1
2626,layer3.conv1,element,3,"(14, 3, 22)",1,0.005,True,0.56,0.004999999999999893,False,,22,6.0,24.0,1.999999761581421,3.0,False,False,1
2627,layer3.conv1,element,3,"(35, 7, 26)",1,0.005,True,0.565,0.0,False,,27,14.0,3.5,2.0,0.75,False,False,1
2628,fc,element,1,"(20, 0, 13)",0,0.0,False,0.565,0.0,False,,48,-2.0,-3.0,0.5849624872207642,0.5,False,False,1
2629,layer3.conv1,element,5,"(0, 1, 11)",7,0.035,True,0.57,-0.0050000000000000044,False,,58,-12.0,12.0,0.0,2.0,True,False,1
2630,layer3.conv2,element,0,"(7, 7, 23)",0,0.0,False,0.565,0.0,False,,53,-5.0,-4.0,0.3219280242919922,0.20000000298023224,False,False,1
2631,layer2.conv2,element,1,"(1, 6, 25)",1,0.005,True,0.56,0.004999999999999893,False,,29,20.0,28.0,0.4854269027709961,0.4000000059604645,False,False,1
2632,layer3.conv1,element,4,"(20, 8, 8)",0,0.0,False,0.565,0.0,False,,63,-28.0,-1.75,4.0,0.9375,False,False,1
2633,layer3.conv2,element,1,"(61, 14, 30)",0,0.0,False,0.565,0.0,False,,24,8.0,12.0,0.5849626064300537,0.5,False,False,1
2634,layer3.conv1,element,5,"(48, 1, 14)",1,0.005,True,0.565,0.0,False,,20,4.0,-4.0,0.0,2.0,True,False,1
2635,layer3.conv1,element,1,"(28, 6, 19)",0,0.0,False,0.565,0.0,False,,0,0.0,0.125,inf,2.0,False,False,1
2636,layer1.conv1,element,0,"(14, 3, 24)",0,0.0,False,0.565,0.0,False,,1,0.0625,0.0,inf,1.0,False,False,1
2637,layer3.conv2,element,0,"(20, 10, 13)",0,0.0,False,0.565,0.0,False,,42,-0.75,-0.875,0.22239243984222412,0.1666666716337204,False,False,1
2638,layer3.conv1,element,2,"(37, 8, 6)",1,0.005,True,0.565,0.0,False,,29,20.0,10.0,1.0,0.5,False,False,1
2639,layer3.conv1,element,5,"(8, 0, 7)",3,0.015,True,0.565,0.0,False,,56,-8.0,8.0,0.0,2.0,True,False,1
2640,layer3.conv2,element,1,"(38, 13, 30)",0,0.0,False,0.565,0.0,False,,2,0.125,0.0,inf,1.0,False,False,1
2641,layer3.conv1,element,3,"(58, 0, 23)",5,0.025,True,0.555,0.009999999999999898,False,,26,12.0,3.0,2.0,0.75,False,False,1
2642,layer3.conv2,element,0,"(32, 11, 25)",0,0.0,False,0.565,0.0,False,,26,12.0,14.0,0.22239232063293457,0.1666666716337204,False,False,1
2643,layer3.conv2,element,0,"(22, 5, 23)",0,0.0,False,0.565,0.0,False,,13,1.25,1.0,0.32192808389663696,0.20000000298023224,False,False,1
2644,fc,element,5,"(39, 0, 0)",0,0.0,False,0.565,0.0,False,,20,4.0,-4.0,0.0,2.0,True,False,1
2645,layer3.conv2,element,3,"(42, 5, 1)",1,0.005,True,0.56,0.004999999999999893,False,,17,2.5,10.0,1.9999998807907104,3.0,False,False,1
2646,layer2.conv2,element,5,"(18, 3, 25)",4,0.02,True,0.555,0.009999999999999898,False,,21,5.0,-5.0,0.0,2.0,True,False,1
2647,layer3.conv2,element,0,"(24, 4, 27)",0,0.0,False,0.565,0.0,False,,25,10.0,8.0,0.3219280242919922,0.20000000298023224,False,False,1
2648,layer3.conv2,element,4,"(59, 9, 13)",0,0.0,False,0.565,0.0,False,,52,-4.0,-0.25,4.0,0.9375,False,False,1
2649,layer3.conv2,element,2,"(60, 2, 29)",0,0.0,False,0.565,0.0,False,,56,-8.0,-16.0,1.0,1.0,False,False,1
2650,fc,element,2,"(70, 0, 21)",0,0.0,False,0.565,0.0,False,,50,-3.0,-6.0,1.0000001192092896,1.0,False,False,1
2651,layer3.conv1,element,4,"(34, 0, 0)",1,0.005,True,0.56,0.004999999999999893,False,,58,-12.0,-0.75,4.0,0.9375,False,False,1
2652,layer1.conv2,element,5,"(9, 0, 26)",10,0.05,True,0.57,-0.0050000000000000044,False,,61,-20.0,20.0,0.0,2.0,True,False,1
2653,layer3.conv2,element,5,"(17, 15, 16)",0,0.0,False,0.565,0.0,False,,19,3.5,-3.5,0.0,2.0,True,False,1
2654,layer3.conv1,element,0,"(16, 2, 31)",0,0.0,False,0.565,0.0,False,,55,-7.0,-6.0,0.22239232063293457,0.1428571492433548,False,False,1
2655,layer1.conv2,element,2,"(10, 0, 24)",3,0.015,True,0.57,-0.0050000000000000044,False,,57,-10.0,-20.0,1.0,1.0,False,False,1
2656,layer3.conv2,element,3,"(47, 4, 10)",0,0.0,False,0.565,0.0,False,,45,-1.25,-0.3125,2.0,0.75,False,False,1
2657,fc,element,1,"(28, 0, 6)",0,0.0,False,0.565,0.0,False,,57,-10.0,-14.0,0.4854269027709961,0.4000000059604645,False,False,1
2658,layer2.shortcut.0,element,5,"(31, 0, 15)",9,0.045,True,0.57,-0.0050000000000000044,False,,27,14.0,-14.0,0.0,2.0,True,False,1
2659,layer3.conv1,element,3,"(2, 8, 16)",2,0.01,True,0.565,0.0,False,,60,-16.0,-4.0,2.0,0.75,False,False,1
2660,layer3.conv2,element,4,"(48, 17, 9)",3,0.015,True,0.565,0.0,False,,31,28.0,1.75,4.0,0.9375,False,False,1
2661,layer3.conv2,element,1,"(41, 13, 11)",0,0.0,False,0.565,0.0,False,,50,-3.0,-2.0,0.5849624872207642,0.3333333432674408,False,False,1
2662,layer3.conv2,element,3,"(20, 7, 26)",0,0.0,False,0.565,0.0,False,,45,-1.25,-0.3125,2.0,0.75,False,False,1
2663,layer2.conv2,element,3,"(18, 5, 14)",6,0.03,True,0.56,0.004999999999999893,False,,56,-8.0,-2.0,2.0,0.75,False,False,1
2664,layer3.conv2,element,2,"(24, 2, 6)",1,0.005,True,0.56,0.004999999999999893,False,,28,16.0,8.0,1.0,0.5,False,False,1
2665,layer1.conv2,element,3,"(13, 0, 15)",7,0.035,True,0.555,0.009999999999999898,False,,25,10.0,2.5,1.9999998807907104,0.75,False,False,1
2666,layer2.conv1,scale,4,"(16, 4)",31,0.155,True,0.525,0.039999999999999925,False,,119,119.0,103.0,16.0,inf,False,False,32
2667,layer3.conv2,element,4,"(1, 17, 6)",0,0.0,False,0.565,0.0,False,,4,0.25,4.0,4.0,15.0,False,False,1
2668,layer3.conv2,element,2,"(60, 16, 26)",0,0.0,False,0.565,0.0,False,,61,-20.0,-10.0,1.0,0.5,False,False,1
2669,fc,element,0,"(22, 1, 14)",0,0.0,False,0.565,0.0,False,,53,-5.0,-4.0,0.3219280242919922,0.20000000298023224,False,False,1
2670,layer2.conv2,element,2,"(8, 2, 12)",10,0.05,True,0.545,0.019999999999999907,False,,25,10.0,20.0,1.0,1.0,False,False,1
2671,layer3.conv1,element,0,"(56, 6, 13)",0,0.0,False,0.565,0.0,False,,57,-10.0,-8.0,0.3219280242919922,0.20000000298023224,False,False,1
2672,layer3.conv2,element,4,"(0, 9, 21)",0,0.0,False,0.565,0.0,False,,51,-3.5,-0.1875,4.2223920822143555,0.9464285969734192,False,False,1
2673,layer3.conv2,scale,3,"(52, 9)",12,0.06,True,0.59,-0.025000000000000022,False,,122,122.0,114.0,8.0,inf,False,False,32
2674,layer1.conv1,element,1,"(9, 0, 17)",2,0.01,True,0.555,0.009999999999999898,False,,60,-16.0,-24.0,0.5849623680114746,0.5,False,False,1
2675,layer3.conv2,element,2,"(23, 15, 18)",0,0.0,False,0.565,0.0,False,,17,2.5,5.0,0.9999998807907104,1.0,False,False,1
2676,layer3.conv2,element,5,"(11, 7, 16)",0,0.0,False,0.565,0.0,False,,17,2.5,-2.5,0.0,2.0,True,False,1
2677,layer1.conv2,element,3,"(3, 3, 5)",2,0.01,True,0.555,0.009999999999999898,False,,26,12.0,3.0,2.0,0.75,False,False,1
2678,layer2.conv2,element,2,"(4, 6, 15)",4,0.02,True,0.565,0.0,False,,59,-14.0,-28.0,1.0,1.0,False,False,1
2679,layer3.conv2,element,3,"(35, 6, 3)",0,0.0,False,0.565,0.0,False,,56,-8.0,-2.0,2.0,0.75,False,False,1
2680,layer2.conv1,element,3,"(9, 1, 26)",1,0.005,True,0.56,0.004999999999999893,False,,13,1.25,0.3125,2.0,0.75,False,False,1
2681,layer3.conv1,element,1,"(8, 3, 21)",0,0.0,False,0.565,0.0,False,,20,4.0,6.0,0.5849626064300537,0.5,False,False,1
2682,layer3.conv1,element,5,"(47, 3, 18)",2,0.01,True,0.56,0.004999999999999893,False,,20,4.0,-4.0,0.0,2.0,True,False,1
2683,layer3.conv2,element,3,"(55, 11, 26)",2,0.01,True,0.56,0.004999999999999893,False,,60,-16.0,-4.0,2.0,0.75,False,False,1
2684,layer3.conv1,element,3,"(23, 4, 18)",9,0.045,True,0.57,-0.0050000000000000044,False,,23,7.0,28.0,2.0,3.0,False,False,1
2685,fc,element,4,"(30, 0, 6)",0,0.0,False,0.565,0.0,False,,57,-10.0,-0.625,4.0,0.9375,False,False,1
2686,layer3.conv2,element,1,"(36, 14, 20)",0,0.0,False,0.565,0.0,False,,53,-5.0,-7.0,0.4854269027709961,0.4000000059604645,False,False,1
2687,layer3.conv1,element,0,"(1, 4, 29)",0,0.0,False,0.565,0.0,False,,61,-20.0,-16.0,0.3219280242919922,0.20000000298023224,False,False,1
2688,layer3.conv1,element,4,"(58, 8, 23)",0,0.0,False,0.565,0.0,False,,21,5.0,0.3125,4.0,0.9375,False,False,1
2689,fc,element,1,"(74, 1, 31)",0,0.0,False,0.565,0.0,False,,8,0.5,0.75,0.5849624872207642,0.5,False,False,1
2690,layer3.conv2,element,3,"(35, 17, 17)",1,0.005,True,0.56,0.004999999999999893,False,,55,-7.0,-28.0,2.0,3.0,False,False,1
2691,layer3.conv1,element,3,"(9, 4, 21)",1,0.005,True,0.56,0.004999999999999893,False,,16,2.0,8.0,2.0,3.0,False,False,1
2692,layer3.conv2,element,3,"(33, 4, 18)",0,0.0,False,0.565,0.0,False,,25,10.0,2.5,1.9999998807907104,0.75,False,False,1
2693,fc,element,1,"(26, 1, 25)",3,0.015,True,0.56,0.004999999999999893,False,,58,-12.0,-8.0,0.5849626064300537,0.3333333432674408,False,False,1
2694,layer3.conv2,element,0,"(52, 10, 4)",0,0.0,False,0.565,0.0,False,,48,-2.0,-2.5,0.32192814350128174,0.25,False,False,1
2695,fc,element,4,"(65, 0, 4)",2,0.01,True,0.57,-0.0050000000000000044,False,,55,-7.0,-0.4375,4.0,0.9375,False,False,1
2696,layer3.conv2,element,0,"(12, 5, 4)",0,0.0,False,0.565,0.0,False,,30,24.0,28.0,0.22239255905151367,0.1666666716337204,False,False,1
2697,layer1.conv2,element,1,"(9, 0, 0)",6,0.03,True,0.56,0.004999999999999893,False,,57,-10.0,-14.0,0.4854269027709961,0.4000000059604645,False,False,1
2698,layer3.conv2,element,2,"(62, 16, 23)",1,0.005,True,0.56,0.004999999999999893,False,,17,2.5,5.0,0.9999998807907104,1.0,False,False,1
2699,layer1.conv1,element,4,"(10, 0, 26)",1,0.005,True,0.56,0.004999999999999893,False,,23,7.0,0.4375,4.0,0.9375,False,False,1
2700,layer3.conv2,element,2,"(59, 7, 26)",0,0.0,False,0.565,0.0,False,,19,3.5,7.0,1.0,1.0,False,False,1
2701,layer3.conv2,element,2,"(24, 5, 16)",0,0.0,False,0.565,0.0,False,,55,-7.0,-3.5,1.0,0.5,False,False,1
2702,layer3.conv2,element,5,"(61, 2, 8)",3,0.015,True,0.56,0.004999999999999893,False,,61,-20.0,20.0,0.0,2.0,True,False,1
2703,layer3.conv2,element,5,"(35, 14, 27)",3,0.015,True,0.55,0.014999999999999902,False,,21,5.0,-5.0,0.0,2.0,True,False,1
2704,layer3.conv2,element,1,"(47, 11, 25)",0,0.0,False,0.565,0.0,False,,49,-2.5,-3.5,0.48542678356170654,0.4000000059604645,False,False,1
2705,layer1.conv1,scale,3,"(0, 4)",7,0.035,True,0.55,0.014999999999999902,False,,120,120.0,112.0,8.0,inf,False,False,32
2706,layer3.conv2,element,3,"(33, 15, 17)",0,0.0,False,0.565,0.0,False,,58,-12.0,-3.0,2.0,0.75,False,False,1
2707,layer3.conv2,element,4,"(15, 12, 25)",2,0.01,True,0.57,-0.0050000000000000044,False,,28,16.0,1.0,4.0,0.9375,False,False,1
2708,layer2.conv2,element,1,"(25, 4, 18)",0,0.0,False,0.565,0.0,False,,48,-2.0,-3.0,0.5849624872207642,0.5,False,False,1
2709,layer3.conv2,element,1,"(2, 0, 1)",0,0.0,False,0.565,0.0,False,,54,-6.0,-4.0,0.5849626064300537,0.3333333432674408,False,False,1
2710,layer3.conv2,element,3,"(39, 13, 30)",0,0.0,False,0.565,0.0,False,,57,-10.0,-2.5,1.9999998807907104,0.75,False,False,1
2711,layer3.conv2,element,4,"(62, 6, 11)",0,0.0,False,0.565,0.0,False,,16,2.0,0.0,inf,1.0,False,False,1
2712,layer3.conv2,element,0,"(36, 14, 16)",0,0.0,False,0.565,0.0,False,,9,0.625,0.5,0.32192808389663696,0.20000000298023224,False,False,1
2713,layer3.conv2,element,2,"(26, 0, 1)",1,0.005,True,0.565,0.0,False,,58,-12.0,-24.0,0.9999997615814209,1.0,False,False,1
2714,layer2.conv1,element,2,"(18, 3, 23)",11,0.055,True,0.54,0.02499999999999991,False,,63,-28.0,-14.0,1.0,0.5,False,False,1
2715,layer3.conv2,element,4,"(41, 1, 29)",0,0.0,False,0.565,0.0,False,,27,14.0,0.875,4.0,0.9375,False,False,1
2716,layer3.conv1,element,2,"(37, 2, 16)",3,0.015,True,0.56,0.004999999999999893,False,,57,-10.0,-20.0,1.0,1.0,False,False,1
2717,layer2.conv1,element,3,"(7, 0, 28)",2,0.01,True,0.56,0.004999999999999893,False,,60,-16.0,-4.0,2.0,0.75,False,False,1
2718,layer3.conv2,element,3,"(7, 6, 16)",2,0.01,True,0.56,0.004999999999999893,False,,59,-14.0,-3.5,2.0,0.75,False,False,1
2719,layer2.conv2,element,2,"(28, 7, 5)",1,0.005,True,0.56,0.004999999999999893,False,,23,7.0,3.5,1.0,0.5,False,False,1
2720,layer3.conv2,element,2,"(18, 0, 13)",0,0.0,False,0.565,0.0,False,,61,-20.0,-10.0,1.0,0.5,False,False,1
2721,layer2.conv1,scale,7,"(10, 1)",200,1.0,True,0.0,0.565,True,,120,120.0,248.0,128.0,inf,False,False,32
2722,layer3.conv2,element,1,"(8, 16, 20)",0,0.0,False,0.565,0.0,False,,59,-14.0,-10.0,0.4854269027709961,0.2857142984867096,False,False,1
2723,layer3.conv2,element,2,"(12, 14, 29)",0,0.0,False,0.565,0.0,False,,50,-3.0,-6.0,1.0000001192092896,1.0,False,False,1
2724,layer3.conv2,element,0,"(55, 12, 20)",0,0.0,False,0.565,0.0,False,,20,4.0,5.0,0.3219280242919922,0.25,False,False,1
2725,layer3.conv2,element,2,"(5, 4, 17)",1,0.005,True,0.565,0.0,False,,31,28.0,14.0,1.0,0.5,False,False,1
2726,layer2.conv2,element,5,"(31, 4, 28)",0,0.0,False,0.565,0.0,False,,21,5.0,-5.0,0.0,2.0,True,False,1
2727,layer2.conv2,element,1,"(9, 3, 22)",0,0.0,False,0.565,0.0,False,,12,1.0,1.5,0.5849624872207642,0.5,False,False,1
2728,layer3.conv1,element,0,"(53, 3, 17)",0,0.0,False,0.565,0.0,False,,22,6.0,7.0,0.22239232063293457,0.1666666716337204,False,False,1
2729,layer3.conv2,element,3,"(53, 12, 29)",0,0.0,False,0.565,0.0,False,,14,1.5,0.375,2.0,0.75,False,False,1
2730,layer3.conv2,element,5,"(1, 13, 20)",1,0.005,True,0.56,0.004999999999999893,False,,25,10.0,-10.0,0.0,2.0,True,False,1
2731,layer3.conv2,scale,1,"(32, 7)",5,0.025,True,0.56,0.004999999999999893,False,,122,122.0,120.0,2.0,inf,False,False,32
2732,fc,element,2,"(81, 1, 4)",0,0.0,False,0.565,0.0,False,,22,6.0,3.0,1.0000001192092896,0.5,False,False,1
2733,layer3.conv2,element,1,"(58, 8, 6)",0,0.0,False,0.565,0.0,False,,24,8.0,12.0,0.5849626064300537,0.5,False,False,1
2734,layer3.conv1,element,3,"(14, 8, 3)",0,0.0,False,0.565,0.0,False,,24,8.0,2.0,2.0,0.75,False,False,1
2735,layer3.conv2,element,4,"(40, 14, 27)",4,0.02,True,0.56,0.004999999999999893,False,,15,1.75,28.0,4.0,15.0,False,False,1
2736,layer3.conv1,element,4,"(25, 8, 19)",3,0.015,True,0.575,-0.010000000000000009,False,,57,-10.0,-0.625,4.0,0.9375,False,False,1
2737,layer3.conv2,element,2,"(11, 14, 6)",0,0.0,False,0.565,0.0,False,,16,2.0,4.0,1.0,1.0,False,False,1
2738,layer3.shortcut.0,element,2,"(16, 0, 30)",0,0.0,False,0.565,0.0,False,,5,0.3125,0.0625,2.321928024291992,0.800000011920929,False,False,1
2739,layer3.conv1,element,4,"(40, 0, 30)",0,0.0,False,0.565,0.0,False,,50,-3.0,-0.125,4.584962368011475,0.9583333134651184,False,False,1
2740,layer3.conv1,scale,7,"(29, 6)",143,0.715,True,0.215,0.35,True,,118,118.0,246.0,128.0,inf,False,False,32
2741,layer3.conv2,element,5,"(46, 7, 19)",1,0.005,True,0.56,0.004999999999999893,False,,22,6.0,-6.0,0.0,2.0,True,False,1
2742,layer3.conv2,element,5,"(51, 1, 23)",1,0.005,True,0.56,0.004999999999999893,False,,57,-10.0,10.0,0.0,2.0,True,False,1
2743,layer3.conv1,element,0,"(43, 7, 20)",0,0.0,False,0.565,0.0,False,,51,-3.5,-3.0,0.22239243984222412,0.1428571492433548,False,False,1
2744,fc,element,3,"(35, 1, 24)",5,0.025,True,0.57,-0.0050000000000000044,False,,23,7.0,28.0,2.0,3.0,False,False,1
2745,layer3.conv2,element,1,"(41, 0, 0)",0,0.0,False,0.565,0.0,False,,21,5.0,7.0,0.4854269027709961,0.4000000059604645,False,False,1
2746,layer3.conv1,element,0,"(18, 5, 24)",0,0.0,False,0.565,0.0,False,,50,-3.0,-3.5,0.22239243984222412,0.1666666716337204,False,False,1
2747,layer2.conv2,element,4,"(21, 4, 29)",3,0.015,True,0.55,0.014999999999999902,False,,44,-1.0,-16.0,4.0,15.0,False,False,1
2748,layer3.conv2,element,4,"(47, 0, 5)",0,0.0,False,0.565,0.0,False,,17,2.5,0.0625,5.321928024291992,0.9750000238418579,False,False,1
2749,layer3.conv2,element,0,"(2, 10, 30)",0,0.0,False,0.565,0.0,False,,57,-10.0,-8.0,0.3219280242919922,0.20000000298023224,False,False,1
2750,layer3.conv1,element,0,"(27, 8, 2)",0,0.0,False,0.565,0.0,False,,10,0.75,0.875,0.22239243984222412,0.1666666716337204,False,False,1
2751,layer3.conv2,element,4,"(22, 8, 28)",0,0.0,False,0.565,0.0,False,,17,2.5,0.0625,5.321928024291992,0.9750000238418579,False,False,1
2752,layer3.conv2,element,1,"(24, 15, 30)",0,0.0,False,0.565,0.0,False,,57,-10.0,-14.0,0.4854269027709961,0.4000000059604645,False,False,1
2753,layer3.conv1,element,3,"(4, 8, 10)",1,0.005,True,0.56,0.004999999999999893,False,,56,-8.0,-2.0,2.0,0.75,False,False,1
2754,layer3.conv1,element,4,"(61, 8, 20)",2,0.01,True,0.565,0.0,False,,28,16.0,1.0,4.0,0.9375,False,False,1
2755,layer3.conv1,element,1,"(4, 6, 6)",0,0.0,False,0.565,0.0,False,,54,-6.0,-4.0,0.5849626064300537,0.3333333432674408,False,False,1
2756,layer2.conv1,element,3,"(31, 1, 18)",0,0.0,False,0.565,0.0,False,,14,1.5,0.375,2.0,0.75,False,False,1
2757,layer3.conv2,element,4,"(62, 9, 22)",0,0.0,False,0.565,0.0,False,,48,-2.0,-0.0,inf,1.0,False,False,1
2758,layer3.conv2,element,5,"(46, 14, 26)",0,0.0,False,0.565,0.0,False,,47,-1.75,1.75,0.0,2.0,True,False,1
2759,fc,element,2,"(77, 1, 6)",0,0.0,False,0.565,0.0,False,,56,-8.0,-16.0,1.0,1.0,False,False,1
2760,layer3.conv2,element,0,"(0, 13, 29)",0,0.0,False,0.565,0.0,False,,52,-4.0,-5.0,0.3219280242919922,0.25,False,False,1
2761,layer1.conv2,element,4,"(13, 2, 18)",1,0.005,True,0.56,0.004999999999999893,False,,17,2.5,0.0625,5.321928024291992,0.9750000238418579,False,False,1
2762,layer3.conv2,element,4,"(35, 3, 6)",0,0.0,False,0.565,0.0,False,,12,1.0,16.0,4.0,15.0,False,False,1
2763,layer3.conv2,element,3,"(34, 10, 5)",0,0.0,False,0.565,0.0,False,,56,-8.0,-2.0,2.0,0.75,False,False,1
2764,layer2.conv1,element,0,"(8, 3, 10)",1,0.005,True,0.56,0.004999999999999893,False,,28,16.0,20.0,0.3219280242919922,0.25,False,False,1
2765,layer1.conv1,element,3,"(10, 0, 9)",9,0.045,True,0.56,0.004999999999999893,False,,25,10.0,2.5,1.9999998807907104,0.75,False,False,1
2766,layer3.conv1,scale,6,"(7, 3)",18,0.09,True,0.545,0.019999999999999907,False,,120,120.0,56.0,64.0,inf,False,False,32
2767,layer3.conv2,element,2,"(54, 14, 14)",0,0.0,False,0.565,0.0,False,,28,16.0,8.0,1.0,0.5,False,False,1
2768,layer2.conv2,element,3,"(15, 4, 3)",7,0.035,True,0.555,0.009999999999999898,False,,18,3.0,12.0,2.0,3.0,False,False,1
2769,layer2.conv1,element,1,"(9, 3, 16)",0,0.0,False,0.565,0.0,False,,12,1.0,1.5,0.5849624872207642,0.5,False,False,1
2770,layer3.conv2,scale,7,"(48, 0)",200,1.0,True,0.0,0.565,True,,122,122.0,250.0,128.0,inf,False,False,32
2771,layer2.conv2,scale,2,"(27, 4)",111,0.555,True,0.34,0.22499999999999992,False,,121,121.0,125.0,4.0,inf,False,False,32
2772,layer3.conv1,element,1,"(26, 6, 20)",0,0.0,False,0.565,0.0,False,,58,-12.0,-8.0,0.5849626064300537,0.3333333432674408,False,False,1
2773,fc,element,1,"(86, 0, 18)",0,0.0,False,0.565,0.0,False,,40,-0.5,-0.75,0.5849624872207642,0.5,False,False,1
2774,layer3.conv2,element,1,"(18, 9, 19)",0,0.0,False,0.565,0.0,False,,17,2.5,3.5,0.48542678356170654,0.4000000059604645,False,False,1
2775,layer3.conv1,element,4,"(28, 6, 25)",3,0.015,True,0.56,0.004999999999999893,False,,60,-16.0,-1.0,4.0,0.9375,False,False,1
2776,layer3.conv2,element,4,"(18, 10, 12)",1,0.005,True,0.565,0.0,False,,29,20.0,1.25,4.0,0.9375,False,False,1
2777,fc,element,1,"(97, 0, 22)",0,0.0,False,0.565,0.0,False,,46,-1.5,-1.0,0.5849624872207642,0.3333333432674408,False,False,1
2778,layer3.conv2,element,5,"(42, 17, 15)",2,0.01,True,0.56,0.004999999999999893,False,,62,-24.0,24.0,0.0,2.0,True,False,1
2779,layer3.conv1,element,3,"(14, 3, 4)",1,0.005,True,0.565,0.0,False,,54,-6.0,-24.0,1.999999761581421,3.0,False,False,1
2780,layer3.conv2,element,3,"(39, 3, 28)",0,0.0,False,0.565,0.0,False,,56,-8.0,-2.0,2.0,0.75,False,False,1
2781,layer3.conv2,element,1,"(27, 15, 3)",0,0.0,False,0.565,0.0,False,,47,-1.75,-1.25,0.4854268431663513,0.2857142984867096,False,False,1
2782,layer3.conv1,element,5,"(38, 3, 9)",2,0.01,True,0.555,0.009999999999999898,False,,50,-3.0,3.0,0.0,2.0,True,False,1
2783,layer3.conv2,element,4,"(37, 16, 23)",0,0.0,False,0.565,0.0,False,,60,-16.0,-1.0,4.0,0.9375,False,False,1
2784,layer3.conv2,element,5,"(54, 13, 6)",0,0.0,False,0.565,0.0,False,,49,-2.5,2.5,0.0,2.0,True,False,1
2785,layer3.conv2,element,1,"(52, 4, 6)",0,0.0,False,0.565,0.0,False,,16,2.0,3.0,0.5849624872207642,0.5,False,False,1
2786,layer2.conv1,element,1,"(30, 3, 21)",0,0.0,False,0.565,0.0,False,,47,-1.75,-1.25,0.4854268431663513,0.2857142984867096,False,False,1
2787,layer3.conv2,element,1,"(22, 10, 5)",1,0.005,True,0.56,0.004999999999999893,False,,61,-20.0,-28.0,0.4854269027709961,0.4000000059604645,False,False,1
2788,layer2.conv2,scale,0,"(8, 0)",24,0.12,True,0.55,0.014999999999999902,False,,121,121.0,120.0,1.0,inf,False,False,32
2789,layer3.conv1,element,4,"(60, 1, 29)",4,0.02,True,0.555,0.009999999999999898,False,,61,-20.0,-1.25,4.0,0.9375,False,False,1
2790,layer2.conv2,element,2,"(21, 4, 9)",4,0.02,True,0.555,0.009999999999999898,False,,28,16.0,8.0,1.0,0.5,False,False,1
2791,layer3.conv2,element,0,"(25, 7, 5)",0,0.0,False,0.565,0.0,False,,20,4.0,5.0,0.3219280242919922,0.25,False,False,1
2792,layer1.conv1,element,2,"(6, 2, 4)",0,0.0,False,0.565,0.0,False,,44,-1.0,-0.5,1.0,0.5,False,False,1
2793,layer3.conv2,element,3,"(61, 2, 30)",0,0.0,False,0.565,0.0,False,,40,-0.5,-0.0,inf,1.0,False,False,1
2794,fc,element,0,"(44, 1, 3)",0,0.0,False,0.565,0.0,False,,11,0.875,0.75,0.22239243984222412,0.1428571492433548,False,False,1
2795,layer2.conv1,element,0,"(9, 2, 26)",0,0.0,False,0.565,0.0,False,,22,6.0,7.0,0.22239232063293457,0.1666666716337204,False,False,1
2796,fc,element,3,"(83, 1, 25)",1,0.005,True,0.565,0.0,False,,23,7.0,28.0,2.0,3.0,False,False,1
2797,layer2.shortcut.0,element,0,"(27, 0, 5)",1,0.005,True,0.56,0.004999999999999893,False,,20,4.0,5.0,0.3219280242919922,0.25,False,False,1
2798,layer2.conv2,element,2,"(1, 4, 28)",0,0.0,False,0.565,0.0,False,,41,-0.625,-1.25,1.0,1.0,False,False,1
2799,layer3.conv2,element,2,"(49, 14, 10)",3,0.015,True,0.555,0.009999999999999898,False,,63,-28.0,-14.0,1.0,0.5,False,False,1
2800,layer3.conv2,element,0,"(43, 0, 17)",0,0.0,False,0.565,0.0,False,,23,7.0,6.0,0.22239232063293457,0.1428571492433548,False,False,1
2801,layer3.conv2,element,0,"(12, 6, 30)",0,0.0,False,0.565,0.0,False,,59,-14.0,-12.0,0.22239232063293457,0.1428571492433548,False,False,1
2802,layer2.shortcut.0,element,3,"(4, 0, 3)",0,0.0,False,0.565,0.0,False,,47,-1.75,-0.4375,2.0,0.75,False,False,1
2803,layer2.conv2,scale,7,"(17, 8)",200,1.0,True,0.0,0.565,True,,121,121.0,249.0,128.0,inf,False,False,32
2804,layer3.conv1,element,1,"(33, 0, 23)",0,0.0,False,0.565,0.0,False,,22,6.0,4.0,0.5849626064300537,0.3333333432674408,False,False,1
2805,layer1.conv2,element,3,"(8, 3, 25)",2,0.01,True,0.56,0.004999999999999893,False,,61,-20.0,-5.0,2.0,0.75,False,False,1
2806,layer3.conv2,element,0,"(44, 13, 10)",0,0.0,False,0.565,0.0,False,,53,-5.0,-4.0,0.3219280242919922,0.20000000298023224,False,False,1
2807,layer3.conv2,element,0,"(6, 16, 13)",0,0.0,False,0.565,0.0,False,,14,1.5,1.75,0.22239243984222412,0.1666666716337204,False,False,1
2808,layer3.conv2,element,0,"(38, 12, 0)",0,0.0,False,0.565,0.0,False,,27,14.0,12.0,0.22239232063293457,0.1428571492433548,False,False,1
2809,layer3.conv1,element,5,"(11, 6, 6)",0,0.0,False,0.565,0.0,False,,17,2.5,-2.5,0.0,2.0,True,False,1
2810,layer3.conv2,element,5,"(22, 1, 25)",0,0.0,False,0.565,0.0,False,,46,-1.5,1.5,0.0,2.0,True,False,1
2811,layer3.conv2,element,0,"(63, 0, 8)",0,0.0,False,0.565,0.0,False,,20,4.0,5.0,0.3219280242919922,0.25,False,False,1
2812,layer3.conv1,scale,3,"(12, 3)",197,0.985,True,0.01,0.5549999999999999,False,,119,119.0,127.0,8.0,inf,False,False,32
2813,layer3.shortcut.0,element,5,"(63, 0, 13)",5,0.025,True,0.55,0.014999999999999902,False,,56,-8.0,8.0,0.0,2.0,True,False,1
2814,layer1.conv1,element,5,"(6, 3, 8)",19,0.095,True,0.555,0.009999999999999898,False,,26,12.0,-12.0,0.0,2.0,True,False,1
2815,layer3.conv2,element,3,"(46, 13, 5)",2,0.01,True,0.56,0.004999999999999893,False,,28,16.0,4.0,2.0,0.75,False,False,1
2816,layer3.shortcut.0,element,4,"(53, 0, 0)",0,0.0,False,0.565,0.0,False,,34,-0.125,-3.0,4.584962368011475,23.0,False,False,1
2817,layer3.conv2,element,4,"(32, 1, 21)",0,0.0,False,0.565,0.0,False,,48,-2.0,-0.0,inf,1.0,False,False,1
2818,layer2.conv1,element,4,"(3, 3, 28)",10,0.05,True,0.555,0.009999999999999898,False,,59,-14.0,-0.875,4.0,0.9375,False,False,1
2819,layer3.conv1,scale,3,"(18, 6)",198,0.99,True,0.01,0.5549999999999999,False,,119,119.0,127.0,8.0,inf,False,False,32
2820,layer2.conv2,element,5,"(19, 5, 10)",5,0.025,True,0.56,0.004999999999999893,False,,57,-10.0,10.0,0.0,2.0,True,False,1
2821,layer3.conv1,element,5,"(49, 4, 0)",1,0.005,True,0.57,-0.0050000000000000044,False,,56,-8.0,8.0,0.0,2.0,True,False,1
2822,layer1.conv1,scale,2,"(12, 1)",193,0.965,True,0.035,0.5299999999999999,False,,120,120.0,124.0,4.0,inf,False,False,32
2823,layer1.conv1,element,5,"(8, 2, 3)",6,0.03,True,0.56,0.004999999999999893,False,,21,5.0,-5.0,0.0,2.0,True,False,1
2824,layer3.conv1,element,5,"(21, 8, 30)",0,0.0,False,0.565,0.0,False,,14,1.5,-1.5,0.0,2.0,True,False,1
2825,layer2.conv2,element,4,"(9, 8, 27)",3,0.015,True,0.565,0.0,False,,45,-1.25,-20.0,4.0,15.0,False,False,1
2826,layer3.shortcut.0,element,1,"(57, 0, 12)",0,0.0,False,0.565,0.0,False,,50,-3.0,-2.0,0.5849624872207642,0.3333333432674408,False,False,1
2827,fc,element,4,"(18, 0, 13)",1,0.005,True,0.56,0.004999999999999893,False,,61,-20.0,-1.25,4.0,0.9375,False,False,1
2828,layer3.conv1,element,3,"(16, 6, 21)",1,0.005,True,0.57,-0.0050000000000000044,False,,24,8.0,2.0,2.0,0.75,False,False,1
2829,layer2.conv1,element,3,"(2, 1, 19)",2,0.01,True,0.555,0.009999999999999898,False,,52,-4.0,-16.0,2.0,3.0,False,False,1
2830,layer3.conv2,element,4,"(44, 12, 18)",0,0.0,False,0.565,0.0,False,,60,-16.0,-1.0,4.0,0.9375,False,False,1
2831,layer3.conv2,element,1,"(24, 15, 2)",0,0.0,False,0.565,0.0,False,,56,-8.0,-12.0,0.5849626064300537,0.5,False,False,1
2832,layer3.conv2,element,5,"(1, 17, 21)",0,0.0,False,0.565,0.0,False,,47,-1.75,1.75,0.0,2.0,True,False,1
2833,layer3.conv1,element,1,"(14, 3, 7)",0,0.0,False,0.565,0.0,False,,32,-0.0,-0.125,inf,2.0,False,False,1
2834,layer1.conv2,element,3,"(0, 2, 21)",3,0.015,True,0.555,0.009999999999999898,False,,26,12.0,3.0,2.0,0.75,False,False,1
2835,layer2.conv2,element,3,"(12, 7, 16)",4,0.02,True,0.565,0.0,False,,21,5.0,20.0,2.0,3.0,False,False,1
2836,layer3.conv2,scale,4,"(21, 17)",13,0.065,True,0.56,0.004999999999999893,False,,122,122.0,106.0,16.0,inf,False,False,32
2837,layer3.conv2,element,3,"(13, 17, 7)",0,0.0,False,0.565,0.0,False,,26,12.0,3.0,2.0,0.75,False,False,1
2838,layer3.conv1,element,2,"(48, 4, 7)",0,0.0,False,0.565,0.0,False,,51,-3.5,-7.0,1.0,1.0,False,False,1
2839,layer2.conv1,element,1,"(29, 0, 25)",0,0.0,False,0.565,0.0,False,,18,3.0,2.0,0.5849624872207642,0.3333333432674408,False,False,1
2840,layer3.conv1,element,0,"(59, 7, 22)",0,0.0,False,0.565,0.0,False,,45,-1.25,-1.0,0.32192808389663696,0.20000000298023224,False,False,1
2841,layer3.conv1,element,1,"(50, 0, 15)",1,0.005,True,0.56,0.004999999999999893,False,,56,-8.0,-12.0,0.5849626064300537,0.5,False,False,1
2842,layer2.conv1,element,3,"(15, 1, 25)",4,0.02,True,0.56,0.004999999999999893,False,,21,5.0,20.0,2.0,3.0,False,False,1
2843,layer3.conv1,element,2,"(1, 7, 9)",0,0.0,False,0.565,0.0,False,,3,0.1875,0.4375,1.2223923206329346,1.3333333730697632,False,False,1
2844,layer3.conv2,element,4,"(29, 0, 31)",0,0.0,False,0.565,0.0,False,,24,8.0,0.5,4.0,0.9375,False,False,1
2845,layer3.conv1,element,1,"(36, 3, 25)",0,0.0,False,0.565,0.0,False,,46,-1.5,-1.0,0.5849624872207642,0.3333333432674408,False,False,1
2846,layer3.conv1,element,1,"(41, 0, 21)",1,0.005,True,0.565,0.0,False,,27,14.0,10.0,0.4854269027709961,0.2857142984867096,False,False,1
2847,layer3.conv2,element,0,"(25, 5, 1)",0,0.0,False,0.565,0.0,False,,53,-5.0,-4.0,0.3219280242919922,0.20000000298023224,False,False,1
2848,layer3.conv1,element,0,"(4, 6, 24)",0,0.0,False,0.565,0.0,False,,63,-28.0,-24.0,0.22239255905151367,0.1428571492433548,False,False,1
2849,layer3.conv1,element,0,"(0, 1, 12)",0,0.0,False,0.565,0.0,False,,56,-8.0,-10.0,0.3219280242919922,0.25,False,False,1
2850,layer3.conv2,element,2,"(23, 6, 4)",0,0.0,False,0.565,0.0,False,,61,-20.0,-10.0,1.0,0.5,False,False,1
2851,layer3.conv1,element,5,"(40, 4, 3)",1,0.005,True,0.565,0.0,False,,51,-3.5,3.5,0.0,2.0,True,False,1
2852,layer3.conv1,scale,1,"(61, 6)",51,0.255,True,0.52,0.04499999999999993,False,,121,121.0,123.0,2.0,inf,False,False,32
2853,layer3.conv2,element,0,"(29, 5, 1)",0,0.0,False,0.565,0.0,False,,45,-1.25,-1.0,0.32192808389663696,0.20000000298023224,False,False,1
2854,layer2.conv2,element,2,"(17, 4, 20)",4,0.02,True,0.55,0.014999999999999902,False,,24,8.0,16.0,1.0,1.0,False,False,1
2855,layer2.conv2,element,4,"(17, 4, 5)",2,0.01,True,0.555,0.009999999999999898,False,,58,-12.0,-0.75,4.0,0.9375,False,False,1
2856,layer3.conv1,element,4,"(39, 1, 18)",1,0.005,True,0.56,0.004999999999999893,False,,12,1.0,16.0,4.0,15.0,False,False,1
2857,layer2.conv2,element,0,"(19, 3, 23)",0,0.0,False,0.565,0.0,False,,57,-10.0,-8.0,0.3219280242919922,0.20000000298023224,False,False,1
2858,layer3.conv2,element,3,"(50, 5, 27)",0,0.0,False,0.565,0.0,False,,57,-10.0,-2.5,1.9999998807907104,0.75,False,False,1
2859,layer3.conv2,element,5,"(39, 6, 0)",1,0.005,True,0.565,0.0,False,,54,-6.0,6.0,0.0,2.0,True,False,1
2860,layer3.conv2,element,1,"(48, 7, 3)",0,0.0,False,0.565,0.0,False,,59,-14.0,-10.0,0.4854269027709961,0.2857142984867096,False,False,1
2861,layer2.conv2,element,2,"(31, 5, 31)",1,0.005,True,0.56,0.004999999999999893,False,,17,2.5,5.0,0.9999998807907104,1.0,False,False,1
2862,layer3.conv2,element,5,"(32, 5, 12)",1,0.005,True,0.56,0.004999999999999893,False,,59,-14.0,14.0,0.0,2.0,True,False,1
2863,layer3.conv1,element,0,"(44, 6, 26)",0,0.0,False,0.565,0.0,False,,47,-1.75,-1.5,0.22239243984222412,0.1428571492433548,False,False,1
2864,layer3.conv1,element,4,"(11, 1, 3)",0,0.0,False,0.565,0.0,False,,18,3.0,0.125,4.584962368011475,0.9583333134651184,False,False,1
2865,layer3.conv2,element,5,"(1, 10, 28)",0,0.0,False,0.565,0.0,False,,11,0.875,-0.875,0.0,2.0,True,False,1
2866,layer3.shortcut.0,element,3,"(20, 0, 1)",2,0.01,True,0.555,0.009999999999999898,False,,16,2.0,8.0,2.0,3.0,False,False,1
2867,layer3.conv2,element,1,"(59, 6, 29)",0,0.0,False,0.565,0.0,False,,25,10.0,14.0,0.4854269027709961,0.4000000059604645,False,False,1
2868,layer3.conv2,element,2,"(9, 1, 27)",0,0.0,False,0.565,0.0,False,,45,-1.25,-0.625,1.0,0.5,False,False,1
2869,layer3.conv2,element,5,"(56, 8, 26)",0,0.0,False,0.565,0.0,False,,53,-5.0,5.0,0.0,2.0,True,False,1
2870,layer3.conv2,element,1,"(10, 1, 4)",0,0.0,False,0.565,0.0,False,,37,-0.3125,-0.4375,0.48542678356170654,0.4000000059604645,False,False,1
2871,layer3.conv1,element,2,"(43, 3, 27)",1,0.005,True,0.56,0.004999999999999893,False,,27,14.0,28.0,1.0,1.0,False,False,1
2872,layer3.conv1,element,0,"(57, 2, 23)",0,0.0,False,0.565,0.0,False,,14,1.5,1.75,0.22239243984222412,0.1666666716337204,False,False,1
2873,layer3.shortcut.0,element,1,"(53, 0, 17)",0,0.0,False,0.565,0.0,False,,9,0.625,0.875,0.4854268431663513,0.4000000059604645,False,False,1
2874,layer1.conv1,element,4,"(0, 3, 23)",3,0.015,True,0.565,0.0,False,,20,4.0,0.25,4.0,0.9375,False,False,1
2875,layer2.conv2,element,2,"(11, 7, 7)",0,0.0,False,0.565,0.0,False,,22,6.0,3.0,1.0000001192092896,0.5,False,False,1
2876,layer3.conv1,element,0,"(49, 5, 16)",0,0.0,False,0.565,0.0,False,,34,-0.125,-0.1875,0.5849626064300537,0.5,False,False,1
2877,fc,element,4,"(47, 0, 13)",1,0.005,True,0.56,0.004999999999999893,False,,12,1.0,16.0,4.0,15.0,False,False,1
2878,layer3.conv2,element,5,"(55, 12, 1)",7,0.035,True,0.56,0.004999999999999893,False,,27,14.0,-14.0,0.0,2.0,True,False,1
2879,layer2.conv2,element,5,"(31, 8, 2)",2,0.01,True,0.56,0.004999999999999893,False,,56,-8.0,8.0,0.0,2.0,True,False,1
2880,layer2.conv2,element,5,"(6, 7, 12)",0,0.0,False,0.565,0.0,False,,21,5.0,-5.0,0.0,2.0,True,False,1
2881,layer3.conv2,element,5,"(0, 9, 24)",0,0.0,False,0.565,0.0,False,,25,10.0,-10.0,0.0,2.0,True,False,1
2882,layer3.conv1,element,1,"(20, 5, 23)",0,0.0,False,0.565,0.0,False,,23,7.0,5.0,0.4854269027709961,0.2857142984867096,False,False,1
2883,fc,element,5,"(60, 0, 14)",0,0.0,False,0.565,0.0,False,,31,28.0,-28.0,0.0,2.0,True,False,1
2884,layer3.conv2,element,5,"(7, 1, 5)",0,0.0,False,0.565,0.0,False,,4,0.25,-0.25,0.0,2.0,True,False,1
2885,layer3.conv1,element,2,"(45, 3, 19)",3,0.015,True,0.555,0.009999999999999898,False,,61,-20.0,-10.0,1.0,0.5,False,False,1
2886,layer3.conv2,element,0,"(32, 0, 0)",0,0.0,False,0.565,0.0,False,,59,-14.0,-12.0,0.22239232063293457,0.1428571492433548,False,False,1
2887,layer3.conv1,element,5,"(29, 0, 27)",0,0.0,False,0.565,0.0,False,,43,-0.875,0.875,0.0,2.0,True,False,1
2888,layer3.conv1,element,2,"(12, 5, 12)",1,0.005,True,0.565,0.0,False,,28,16.0,8.0,1.0,0.5,False,False,1
2889,layer3.conv2,element,1,"(63, 0, 15)",0,0.0,False,0.565,0.0,False,,20,4.0,6.0,0.5849626064300537,0.5,False,False,1
2890,layer2.conv2,element,0,"(4, 6, 6)",4,0.02,True,0.56,0.004999999999999893,False,,28,16.0,20.0,0.3219280242919922,0.25,False,False,1
2891,layer2.conv1,element,2,"(1, 3, 19)",7,0.035,True,0.585,-0.020000000000000018,False,,63,-28.0,-14.0,1.0,0.5,False,False,1
2892,layer3.conv1,element,1,"(10, 4, 30)",0,0.0,False,0.565,0.0,False,,57,-10.0,-14.0,0.4854269027709961,0.4000000059604645,False,False,1
2893,layer3.conv2,element,2,"(29, 16, 24)",0,0.0,False,0.565,0.0,False,,21,5.0,2.5,0.9999998807907104,0.5,False,False,1
2894,layer2.conv2,element,5,"(16, 0, 2)",0,0.0,False,0.565,0.0,False,,12,1.0,-1.0,0.0,2.0,True,False,1
2895,layer3.shortcut.0,element,0,"(1, 0, 11)",0,0.0,False,0.565,0.0,False,,16,2.0,2.5,0.32192814350128174,0.25,False,False,1
2896,layer3.conv2,element,4,"(41, 5, 5)",2,0.01,True,0.555,0.009999999999999898,False,,25,10.0,0.625,4.0,0.9375,False,False,1
2897,layer3.conv2,element,1,"(14, 4, 16)",0,0.0,False,0.565,0.0,False,,26,12.0,8.0,0.5849626064300537,0.3333333432674408,False,False,1
2898,layer3.conv2,element,2,"(23, 4, 0)",0,0.0,False,0.565,0.0,False,,21,5.0,2.5,0.9999998807907104,0.5,False,False,1
2899,layer2.conv1,element,3,"(10, 1, 13)",0,0.0,False,0.565,0.0,False,,11,0.875,0.1875,2.2223923206329346,0.7857142686843872,False,False,1
2900,layer3.conv2,element,2,"(49, 14, 11)",4,0.02,True,0.555,0.009999999999999898,False,,27,14.0,28.0,1.0,1.0,False,False,1
2901,layer2.conv2,element,1,"(10, 1, 0)",0,0.0,False,0.565,0.0,False,,29,20.0,28.0,0.4854269027709961,0.4000000059604645,False,False,1
2902,layer3.conv1,element,0,"(24, 2, 12)",2,0.01,True,0.56,0.004999999999999893,False,,61,-20.0,-16.0,0.3219280242919922,0.20000000298023224,False,False,1
2903,layer2.conv1,element,2,"(1, 2, 9)",3,0.015,True,0.57,-0.0050000000000000044,False,,17,2.5,5.0,0.9999998807907104,1.0,False,False,1
2904,layer3.conv1,element,2,"(32, 1, 13)",0,0.0,False,0.565,0.0,False,,55,-7.0,-3.5,1.0,0.5,False,False,1
2905,layer1.conv1,element,4,"(5, 0, 9)",4,0.02,True,0.56,0.004999999999999893,False,,55,-7.0,-0.4375,4.0,0.9375,False,False,1
2906,layer3.conv1,element,2,"(54, 8, 14)",0,0.0,False,0.565,0.0,False,,51,-3.5,-7.0,1.0,1.0,False,False,1
2907,layer3.conv1,element,0,"(15, 2, 30)",1,0.005,True,0.56,0.004999999999999893,False,,29,20.0,16.0,0.3219280242919922,0.20000000298023224,False,False,1
2908,layer3.conv2,element,1,"(18, 17, 9)",0,0.0,False,0.565,0.0,False,,45,-1.25,-1.75,0.4854268431663513,0.4000000059604645,False,False,1
2909,layer3.conv1,element,4,"(44, 7, 5)",0,0.0,False,0.565,0.0,False,,52,-4.0,-0.25,4.0,0.9375,False,False,1
2910,layer3.conv2,element,2,"(46, 6, 23)",0,0.0,False,0.565,0.0,False,,17,2.5,5.0,0.9999998807907104,1.0,False,False,1
2911,layer2.conv1,element,1,"(23, 3, 22)",1,0.005,True,0.56,0.004999999999999893,False,,25,10.0,14.0,0.4854269027709961,0.4000000059604645,False,False,1
2912,layer3.conv2,element,2,"(54, 17, 19)",0,0.0,False,0.565,0.0,False,,57,-10.0,-20.0,1.0,1.0,False,False,1
2913,layer3.conv1,element,5,"(22, 0, 30)",0,0.0,False,0.565,0.0,False,,57,-10.0,10.0,0.0,2.0,True,False,1
2914,layer3.conv2,element,1,"(38, 9, 16)",0,0.0,False,0.565,0.0,False,,25,10.0,14.0,0.4854269027709961,0.4000000059604645,False,False,1
2915,layer2.conv1,element,3,"(25, 1, 4)",7,0.035,True,0.55,0.014999999999999902,False,,54,-6.0,-24.0,1.999999761581421,3.0,False,False,1
2916,layer3.conv2,scale,3,"(13, 17)",7,0.035,True,0.55,0.014999999999999902,False,,122,122.0,114.0,8.0,inf,False,False,32
2917,layer3.conv1,element,3,"(39, 2, 5)",5,0.025,True,0.545,0.019999999999999907,False,,20,4.0,16.0,2.0,3.0,False,False,1
2918,layer2.conv2,element,1,"(8, 7, 25)",0,0.0,False,0.565,0.0,False,,53,-5.0,-7.0,0.4854269027709961,0.4000000059604645,False,False,1
2919,layer2.conv1,element,1,"(4, 2, 0)",1,0.005,True,0.56,0.004999999999999893,False,,58,-12.0,-8.0,0.5849626064300537,0.3333333432674408,False,False,1
2920,fc,element,1,"(58, 0, 10)",1,0.005,True,0.565,0.0,False,,24,8.0,12.0,0.5849626064300537,0.5,False,False,1
2921,layer3.conv2,element,5,"(11, 3, 3)",2,0.01,True,0.555,0.009999999999999898,False,,28,16.0,-16.0,0.0,2.0,True,False,1
2922,layer2.conv1,element,0,"(15, 2, 13)",4,0.02,True,0.565,0.0,False,,25,10.0,8.0,0.3219280242919922,0.20000000298023224,False,False,1
2923,layer3.conv2,element,1,"(46, 17, 12)",0,0.0,False,0.565,0.0,False,,53,-5.0,-7.0,0.4854269027709961,0.4000000059604645,False,False,1
2924,layer1.conv2,element,4,"(5, 0, 3)",25,0.125,True,0.56,0.004999999999999893,False,,27,14.0,0.875,4.0,0.9375,False,False,1
2925,layer3.conv2,element,2,"(25, 7, 4)",0,0.0,False,0.565,0.0,False,,24,8.0,16.0,1.0,1.0,False,False,1
2926,layer3.conv1,element,3,"(10, 6, 29)",1,0.005,True,0.56,0.004999999999999893,False,,58,-12.0,-3.0,2.0,0.75,False,False,1
2927,layer3.conv2,element,2,"(13, 7, 9)",0,0.0,False,0.565,0.0,False,,57,-10.0,-20.0,1.0,1.0,False,False,1
2928,layer3.conv2,element,4,"(22, 14, 23)",1,0.005,True,0.565,0.0,False,,54,-6.0,-0.375,4.0,0.9375,False,False,1
2929,layer3.conv2,element,1,"(16, 17, 29)",0,0.0,False,0.565,0.0,False,,22,6.0,4.0,0.5849626064300537,0.3333333432674408,False,False,1
2930,layer2.conv2,scale,3,"(19, 1)",32,0.16,True,0.555,0.009999999999999898,False,,120,120.0,112.0,8.0,inf,False,False,32
2931,layer3.conv1,element,3,"(15, 4, 14)",0,0.0,False,0.565,0.0,False,,60,-16.0,-4.0,2.0,0.75,False,False,1
2932,layer3.conv2,element,4,"(26, 17, 3)",0,0.0,False,0.565,0.0,False,,58,-12.0,-0.75,4.0,0.9375,False,False,1
2933,layer2.conv2,element,4,"(13, 5, 30)",4,0.02,True,0.565,0.0,False,,54,-6.0,-0.375,4.0,0.9375,False,False,1
2934,layer3.conv2,element,1,"(16, 10, 9)",0,0.0,False,0.565,0.0,False,,52,-4.0,-6.0,0.5849626064300537,0.5,False,False,1
2935,layer3.conv2,element,5,"(2, 2, 30)",0,0.0,False,0.565,0.0,False,,53,-5.0,5.0,0.0,2.0,True,False,1
2936,layer3.conv1,element,2,"(46, 4, 1)",2,0.01,True,0.57,-0.0050000000000000044,False,,57,-10.0,-20.0,1.0,1.0,False,False,1
2937,layer3.conv2,element,2,"(35, 13, 25)",1,0.005,True,0.56,0.004999999999999893,False,,50,-3.0,-6.0,1.0000001192092896,1.0,False,False,1
2938,layer3.conv2,element,2,"(5, 0, 14)",0,0.0,False,0.565,0.0,False,,17,2.5,5.0,0.9999998807907104,1.0,False,False,1
2939,layer3.conv2,element,1,"(36, 10, 25)",0,0.0,False,0.565,0.0,False,,57,-10.0,-14.0,0.4854269027709961,0.4000000059604645,False,False,1
2940,layer3.conv1,element,3,"(35, 1, 8)",2,0.01,True,0.57,-0.0050000000000000044,False,,20,4.0,16.0,2.0,3.0,False,False,1
2941,layer3.conv2,element,2,"(9, 14, 26)",2,0.01,True,0.56,0.004999999999999893,False,,26,12.0,24.0,0.9999997615814209,1.0,False,False,1
2942,layer3.conv2,element,4,"(6, 3, 6)",0,0.0,False,0.565,0.0,False,,22,6.0,0.375,4.0,0.9375,False,False,1
2943,layer3.conv1,element,1,"(45, 5, 21)",0,0.0,False,0.565,0.0,False,,51,-3.5,-2.5,0.48542678356170654,0.2857142984867096,False,False,1
2944,layer2.conv2,element,0,"(23, 6, 20)",0,0.0,False,0.565,0.0,False,,21,5.0,4.0,0.3219280242919922,0.20000000298023224,False,False,1
2945,layer3.conv2,element,3,"(48, 14, 24)",0,0.0,False,0.565,0.0,False,,1,0.0625,0.625,3.321928024291992,9.0,False,False,1
2946,layer3.shortcut.0,element,1,"(1, 0, 12)",0,0.0,False,0.565,0.0,False,,62,-24.0,-16.0,0.5849623680114746,0.3333333432674408,False,False,1
2947,fc,element,2,"(78, 1, 25)",1,0.005,True,0.56,0.004999999999999893,False,,58,-12.0,-24.0,0.9999997615814209,1.0,False,False,1
2948,layer2.conv2,element,4,"(12, 4, 19)",4,0.02,True,0.56,0.004999999999999893,False,,46,-1.5,-24.0,4.0,15.0,False,False,1
2949,layer3.conv1,element,5,"(51, 2, 20)",4,0.02,True,0.55,0.014999999999999902,False,,23,7.0,-7.0,0.0,2.0,True,False,1
2950,layer3.conv1,element,3,"(24, 4, 25)",0,0.0,False,0.565,0.0,False,,45,-1.25,-0.3125,2.0,0.75,False,False,1
2951,layer3.conv2,element,1,"(1, 2, 30)",0,0.0,False,0.565,0.0,False,,13,1.25,1.75,0.4854268431663513,0.4000000059604645,False,False,1
2952,layer3.shortcut.0,element,3,"(8, 0, 23)",2,0.01,True,0.56,0.004999999999999893,False,,25,10.0,2.5,1.9999998807907104,0.75,False,False,1
2953,layer1.conv1,element,0,"(3, 3, 2)",0,0.0,False,0.565,0.0,False,,16,2.0,2.5,0.32192814350128174,0.25,False,False,1
2954,layer3.conv2,scale,1,"(9, 2)",21,0.105,True,0.555,0.009999999999999898,False,,121,121.0,123.0,2.0,inf,False,False,32
2955,layer1.conv2,element,4,"(10, 0, 3)",8,0.04,True,0.57,-0.0050000000000000044,False,,24,8.0,0.5,4.0,0.9375,False,False,1
2956,layer3.conv2,element,1,"(57, 16, 2)",0,0.0,False,0.565,0.0,False,,49,-2.5,-3.5,0.48542678356170654,0.4000000059604645,False,False,1
2957,layer3.conv1,element,1,"(51, 4, 20)",0,0.0,False,0.565,0.0,False,,49,-2.5,-3.5,0.48542678356170654,0.4000000059604645,False,False,1
2958,layer3.conv2,element,4,"(17, 10, 12)",0,0.0,False,0.565,0.0,False,,6,0.375,6.0,4.0,15.0,False,False,1
2959,layer3.conv1,element,4,"(33, 0, 7)",0,0.0,False,0.565,0.0,False,,51,-3.5,-0.1875,4.2223920822143555,0.9464285969734192,False,False,1
2960,layer2.conv1,element,1,"(14, 0, 11)",0,0.0,False,0.565,0.0,False,,55,-7.0,-5.0,0.4854269027709961,0.2857142984867096,False,False,1
2961,layer2.conv2,element,1,"(20, 3, 18)",3,0.015,True,0.56,0.004999999999999893,False,,27,14.0,10.0,0.4854269027709961,0.2857142984867096,False,False,1
2962,layer2.conv1,element,5,"(26, 1, 30)",10,0.05,True,0.53,0.03499999999999992,False,,26,12.0,-12.0,0.0,2.0,True,False,1
2963,layer2.conv1,element,2,"(13, 1, 19)",2,0.01,True,0.555,0.009999999999999898,False,,28,16.0,8.0,1.0,0.5,False,False,1
2964,layer3.conv1,element,0,"(49, 4, 29)",1,0.005,True,0.56,0.004999999999999893,False,,60,-16.0,-20.0,0.3219280242919922,0.25,False,False,1
2965,fc,element,0,"(65, 0, 13)",0,0.0,False,0.565,0.0,False,,56,-8.0,-10.0,0.3219280242919922,0.25,False,False,1
2966,fc,element,0,"(34, 0, 31)",1,0.005,True,0.57,-0.0050000000000000044,False,,16,2.0,2.5,0.32192814350128174,0.25,False,False,1
2967,layer3.conv2,element,5,"(60, 3, 5)",0,0.0,False,0.565,0.0,False,,55,-7.0,7.0,0.0,2.0,True,False,1
2968,layer3.conv1,element,1,"(34, 1, 14)",0,0.0,False,0.565,0.0,False,,62,-24.0,-16.0,0.5849623680114746,0.3333333432674408,False,False,1
2969,layer3.conv2,scale,0,"(18, 16)",9,0.045,True,0.57,-0.0050000000000000044,False,,122,122.0,123.0,1.0,inf,False,False,32
2970,layer3.conv2,element,2,"(52, 12, 19)",0,0.0,False,0.565,0.0,False,,19,3.5,7.0,1.0,1.0,False,False,1
2971,layer3.conv2,element,2,"(41, 6, 9)",0,0.0,False,0.565,0.0,False,,55,-7.0,-3.5,1.0,0.5,False,False,1
2972,layer3.shortcut.0,element,2,"(40, 0, 11)",1,0.005,True,0.565,0.0,False,,57,-10.0,-20.0,1.0,1.0,False,False,1
2973,layer3.conv1,element,5,"(48, 1, 16)",0,0.0,False,0.565,0.0,False,,19,3.5,-3.5,0.0,2.0,True,False,1
2974,layer3.conv1,element,4,"(32, 5, 7)",0,0.0,False,0.565,0.0,False,,51,-3.5,-0.1875,4.2223920822143555,0.9464285969734192,False,False,1
2975,layer1.conv2,element,5,"(1, 1, 5)",0,0.0,False,0.565,0.0,False,,60,-16.0,16.0,0.0,2.0,True,False,1
2976,layer3.conv2,element,3,"(29, 13, 11)",0,0.0,False,0.565,0.0,False,,60,-16.0,-4.0,2.0,0.75,False,False,1
2977,layer3.conv2,element,3,"(34, 5, 26)",0,0.0,False,0.565,0.0,False,,51,-3.5,-14.0,2.0,3.0,False,False,1
2978,layer3.conv2,element,4,"(11, 0, 4)",2,0.01,True,0.565,0.0,False,,58,-12.0,-0.75,4.0,0.9375,False,False,1
2979,layer3.conv2,element,4,"(34, 15, 20)",1,0.005,True,0.56,0.004999999999999893,False,,56,-8.0,-0.5,4.0,0.9375,False,False,1
2980,fc,element,4,"(60, 1, 12)",0,0.0,False,0.565,0.0,False,,29,20.0,1.25,4.0,0.9375,False,False,1
2981,fc,element,0,"(19, 0, 27)",0,0.0,False,0.565,0.0,False,,33,-0.0625,-0.0,inf,1.0,False,False,1
2982,fc,element,0,"(57, 1, 20)",0,0.0,False,0.565,0.0,False,,56,-8.0,-10.0,0.3219280242919922,0.25,False,False,1
2983,layer3.conv2,element,5,"(29, 15, 14)",0,0.0,False,0.565,0.0,False,,4,0.25,-0.25,0.0,2.0,True,False,1
2984,layer3.conv2,element,1,"(63, 8, 11)",0,0.0,False,0.565,0.0,False,,20,4.0,6.0,0.5849626064300537,0.5,False,False,1
2985,layer3.conv2,element,5,"(32, 9, 13)",1,0.005,True,0.56,0.004999999999999893,False,,54,-6.0,6.0,0.0,2.0,True,False,1
2986,layer3.conv1,element,2,"(16, 0, 10)",0,0.0,False,0.565,0.0,False,,55,-7.0,-3.5,1.0,0.5,False,False,1
2987,fc,element,2,"(66, 1, 24)",0,0.0,False,0.565,0.0,False,,22,6.0,3.0,1.0000001192092896,0.5,False,False,1
2988,layer2.conv2,element,0,"(18, 0, 8)",1,0.005,True,0.56,0.004999999999999893,False,,29,20.0,16.0,0.3219280242919922,0.20000000298023224,False,False,1
2989,conv1,element,0,"(9, 0, 3)",5,0.025,True,0.56,0.004999999999999893,False,,61,-20.0,-16.0,0.3219280242919922,0.20000000298023224,False,False,1
2990,layer3.shortcut.0,element,1,"(46, 0, 27)",0,0.0,False,0.565,0.0,False,,53,-5.0,-7.0,0.4854269027709961,0.4000000059604645,False,False,1
2991,layer3.conv2,element,2,"(21, 8, 3)",0,0.0,False,0.565,0.0,False,,20,4.0,2.0,1.0,0.5,False,False,1
2992,layer3.conv1,element,3,"(2, 3, 7)",2,0.01,True,0.56,0.004999999999999893,False,,30,24.0,6.0,1.999999761581421,0.75,False,False,1
2993,layer3.conv1,element,5,"(33, 0, 9)",3,0.015,True,0.56,0.004999999999999893,False,,28,16.0,-16.0,0.0,2.0,True,False,1
2994,layer3.conv1,element,0,"(13, 3, 26)",0,0.0,False,0.565,0.0,False,,57,-10.0,-8.0,0.3219280242919922,0.20000000298023224,False,False,1
2995,fc,element,1,"(6, 0, 10)",1,0.005,True,0.565,0.0,False,,55,-7.0,-5.0,0.4854269027709961,0.2857142984867096,False,False,1
2996,layer3.shortcut.0,element,1,"(14, 0, 15)",0,0.0,False,0.565,0.0,False,,48,-2.0,-3.0,0.5849624872207642,0.5,False,False,1
2997,layer3.conv2,element,5,"(40, 11, 19)",1,0.005,True,0.57,-0.0050000000000000044,False,,53,-5.0,5.0,0.0,2.0,True,False,1
2998,layer3.conv2,element,1,"(47, 5, 8)",0,0.0,False,0.565,0.0,False,,27,14.0,10.0,0.4854269027709961,0.2857142984867096,False,False,1
2999,layer3.shortcut.0,element,3,"(39, 0, 14)",4,0.02,True,0.56,0.004999999999999893,False,,63,-28.0,-7.0,2.0,0.75,False,False,1
