i,tensor,site,bit,index,changed,change_rate,sdc,accuracy,acc_drop,nonfinite,weight,code,value_before,value_after,log_severity,rel_error,sign_flip,to_nonfinite,blast_radius
0,conv1,element,2,"(7, 0, 15)",1,0.005,True,0.84,0.0,False,0.00045096958460690484,203,-5.5,-7.5,0.44745898246765137,0.3636363744735718,False,False,1
1,conv1,element,6,"(8, 0, 5)",2,0.01,True,0.84,0.0,False,0.00045096958460690484,99,44.0,0.171875,8.0,0.99609375,False,False,1
2,conv1,element,2,"(12, 0, 2)",1,0.005,True,0.835,0.0050000000000000044,False,0.00045096958460690484,247,-240.0,-176.0,0.44745874404907227,0.2666666805744171,False,False,1
3,conv1,element,3,"(15, 0, 5)",0,0.0,False,0.84,0.0,False,0.00045096958460690484,233,-72.0,-36.0,1.0,0.5,False,False,1
4,conv1,element,5,"(0, 0, 15)",4,0.02,True,0.83,0.010000000000000009,False,0.00045096958460690484,113,144.0,9.0,4.0,0.9375,False,False,1
5,conv1,element,4,"(2, 0, 8)",1,0.005,True,0.835,0.0050000000000000044,False,0.00045096958460690484,118,224.0,56.0,2.0,0.75,False,False,1
6,conv1,element,0,"(13, 0, 4)",200,1.0,True,0.0,0.84,True,0.00045096958460690484,126,448.0,,inf,inf,False,True,1
7,conv1,element,0,"(15, 0, 4)",1,0.005,True,0.845,-0.0050000000000000044,False,0.00045096958460690484,249,-288.0,-256.0,0.16992473602294922,0.1111111119389534,False,False,1
8,conv1,element,6,"(3, 0, 26)",42,0.21,True,0.725,0.11499999999999999,False,0.00045096958460690484,59,1.375,352.0,8.0,255.0,False,False,1
9,conv1,element,6,"(4, 0, 26)",2,0.01,True,0.835,0.0050000000000000044,False,0.00045096958460690484,228,-48.0,-0.1875,8.0,0.99609375,False,False,1
10,conv1,element,6,"(13, 0, 24)",1,0.005,True,0.84,0.0,False,0.00045096958460690484,122,320.0,1.25,8.0,0.99609375,False,False,1
11,conv1,element,4,"(6, 0, 20)",0,0.0,False,0.84,0.0,False,0.00045096958460690484,84,12.0,3.0,2.0,0.75,False,False,1
12,conv1,scale,1,"(13, 0)",22,0.11,True,0.79,0.04999999999999993,False,2.2270102943550855e-05,116,116.0,118.0,2.0,inf,False,False,32
13,conv1,scale,3,"(5, 0)",178,0.89,True,0.115,0.725,False,2.2270102943550855e-05,117,117.0,125.0,8.0,inf,False,False,32
14,conv1,scale,3,"(7, 0)",186,0.93,True,0.085,0.755,False,2.2270102943550855e-05,117,117.0,125.0,8.0,inf,False,False,32
15,conv1,scale,7,"(12, 0)",200,1.0,True,0.0,0.84,True,2.2270102943550855e-05,117,117.0,245.0,128.0,inf,False,False,32
16,conv1,scale,1,"(1, 0)",7,0.035,True,0.855,-0.015000000000000013,False,2.2270102943550855e-05,115,115.0,113.0,2.0,inf,False,False,32
17,conv1,scale,4,"(4, 0)",14,0.07,True,0.805,0.03499999999999992,False,2.2270102943550855e-05,118,118.0,102.0,16.0,inf,False,False,32
18,conv1,scale,2,"(1, 0)",142,0.71,True,0.285,0.5549999999999999,False,2.2270102943550855e-05,115,115.0,119.0,4.0,inf,False,False,32
19,conv1,scale,0,"(7, 0)",8,0.04,True,0.825,0.015000000000000013,False,2.2270102943550855e-05,117,117.0,116.0,1.0,inf,False,False,32
20,conv1,scale,6,"(15, 0)",37,0.185,True,0.71,0.13,False,2.2270102943550855e-05,118,118.0,54.0,64.0,inf,False,False,32
21,layer1.conv1,element,6,"(0, 4, 14)",3,0.015,True,0.845,-0.0050000000000000044,False,0.00044403159099756784,226,-40.0,-0.15625,8.0,0.99609375,False,False,1
22,layer1.conv1,element,2,"(4, 2, 6)",1,0.005,True,0.84,0.0,False,0.00044403159099756784,105,72.0,104.0,0.5305147171020508,0.4444444477558136,False,False,1
23,layer1.conv1,element,1,"(7, 4, 11)",0,0.0,False,0.84,0.0,False,0.00044403159099756784,100,48.0,56.0,0.22239255905151367,0.1666666716337204,False,False,1
24,layer1.conv1,element,3,"(7, 3, 13)",0,0.0,False,0.84,0.0,False,0.00044403159099756784,227,-44.0,-88.0,1.0,1.0,False,False,1
25,layer1.conv1,element,0,"(1, 3, 29)",0,0.0,False,0.84,0.0,False,0.00044403159099756784,247,-240.0,-224.0,0.09953546524047852,0.06666667014360428,False,False,1
26,layer1.conv1,element,1,"(15, 3, 3)",0,0.0,False,0.84,0.0,False,0.00044403159099756784,230,-56.0,-48.0,0.22239255905151367,0.1428571492433548,False,False,1
27,layer1.conv1,element,6,"(11, 4, 13)",5,0.025,True,0.85,-0.010000000000000009,False,0.00044403159099756784,110,112.0,0.4375,8.0,0.99609375,False,False,1
28,layer1.conv1,element,5,"(15, 1, 23)",0,0.0,False,0.84,0.0,False,0.00044403159099756784,229,-52.0,-3.25,4.0,0.9375,False,False,1
29,layer1.conv1,element,6,"(1, 2, 4)",1,0.005,True,0.84,0.0,False,0.00044403159099756784,105,72.0,0.28125,8.0,0.99609375,False,False,1
30,layer1.conv1,element,6,"(11, 2, 21)",1,0.005,True,0.84,0.0,False,0.00044403159099756784,109,104.0,0.40625,8.0,0.99609375,False,False,1
31,layer1.conv1,element,7,"(4, 3, 3)",20,0.1,True,0.83,0.010000000000000009,False,0.00044403159099756784,250,-320.0,320.0,0.0,2.0,True,False,1
32,layer1.conv1,element,2,"(8, 2, 30)",1,0.005,True,0.84,0.0,False,0.00044403159099756784,103,60.0,44.0,0.44745874404907227,0.2666666805744171,False,False,1
33,layer1.conv1,element,3,"(14, 3, 19)",0,0.0,False,0.84,0.0,False,0.00044403159099756784,115,176.0,352.0,1.0,1.0,False,False,1
34,layer1.conv1,element,4,"(4, 1, 29)",1,0.005,True,0.84,0.0,False,0.00044403159099756784,224,-32.0,-128.0,2.0,3.0,False,False,1
35,layer1.conv1,element,2,"(11, 2, 24)",0,0.0,False,0.84,0.0,False,0.00044403159099756784,94,28.0,20.0,0.4854269027709961,0.2857142984867096,False,False,1
36,layer1.conv1,element,7,"(2, 2, 18)",1,0.005,True,0.835,0.0050000000000000044,False,0.00044403159099756784,106,80.0,-80.0,0.0,2.0,True,False,1
37,layer1.conv1,element,0,"(5, 0, 23)",0,0.0,False,0.84,0.0,False,0.00044403159099756784,114,160.0,176.0,0.13750362396240234,0.10000000149011612,False,False,1
38,layer1.conv1,element,6,"(15, 2, 10)",1,0.005,True,0.84,0.0,False,0.00044403159099756784,244,-192.0,-0.75,8.0,0.99609375,False,False,1
39,layer1.conv1,element,5,"(6, 3, 10)",0,0.0,False,0.84,0.0,False,0.00044403159099756784,104,64.0,4.0,4.0,0.9375,False,False,1
40,layer1.conv1,element,2,"(8, 1, 5)",0,0.0,False,0.84,0.0,False,0.00044403159099756784,110,112.0,80.0,0.4854269027709961,0.2857142984867096,False,False,1
41,layer1.conv1,element,5,"(4, 3, 2)",1,0.005,True,0.84,0.0,False,0.00044403159099756784,244,-192.0,-12.0,3.999999761581421,0.9375,False,False,1
42,layer1.conv1,element,3,"(1, 3, 26)",0,0.0,False,0.84,0.0,False,0.00044403159099756784,233,-72.0,-36.0,1.0,0.5,False,False,1
43,layer1.conv1,element,6,"(6, 3, 18)",1,0.005,True,0.84,0.0,False,0.00044403159099756784,241,-144.0,-0.5625,8.0,0.99609375,False,False,1
44,layer1.conv1,element,7,"(9, 4, 12)",3,0.015,True,0.835,0.0050000000000000044,False,0.00044403159099756784,95,30.0,-30.0,0.0,2.0,True,False,1
45,layer1.conv1,element,2,"(7, 1, 9)",0,0.0,False,0.84,0.0,False,0.00044403159099756784,239,-120.0,-88.0,0.44745874404907227,0.2666666805744171,False,False,1
46,layer1.conv1,element,3,"(12, 1, 29)",200,1.0,True,0.0,0.84,True,0.00044403159099756784,119,240.0,,inf,inf,False,True,1
47,layer1.conv1,element,1,"(5, 3, 20)",0,0.0,False,0.84,0.0,False,0.00044403159099756784,95,30.0,26.0,0.2064504623413086,0.13333334028720856,False,False,1
48,layer1.conv1,element,5,"(9, 3, 20)",0,0.0,False,0.84,0.0,False,0.00044403159099756784,248,-256.0,-16.0,4.0,0.9375,False,False,1
49,layer1.conv1,element,5,"(12, 1, 20)",0,0.0,False,0.84,0.0,False,0.00044403159099756784,107,88.0,5.5,4.0,0.9375,False,False,1
50,layer1.conv1,element,6,"(14, 3, 1)",2,0.01,True,0.84,0.0,False,0.00044403159099756784,107,88.0,0.34375,8.0,0.99609375,False,False,1
51,layer1.conv1,element,6,"(6, 3, 24)",0,0.0,False,0.84,0.0,False,0.00044403159099756784,114,160.0,0.625,8.0,0.99609375,False,False,1
52,layer1.conv1,element,7,"(0, 2, 27)",0,0.0,False,0.84,0.0,False,0.00044403159099756784,76,6.0,-6.0,0.0,2.0,True,False,1
53,layer1.conv1,element,7,"(11, 2, 7)",2,0.01,True,0.835,0.0050000000000000044,False,0.00044403159099756784,231,-60.0,60.0,0.0,2.0,True,False,1
54,layer1.conv1,element,7,"(8, 2, 1)",0,0.0,False,0.84,0.0,False,0.00044403159099756784,112,128.0,-128.0,0.0,2.0,True,False,1
55,layer1.conv1,element,1,"(13, 4, 9)",0,0.0,False,0.84,0.0,False,0.00044403159099756784,126,448.0,384.0,0.22239208221435547,0.1428571492433548,False,False,1
56,layer1.conv1,element,0,"(7, 1, 18)",0,0.0,False,0.84,0.0,False,0.00044403159099756784,232,-64.0,-72.0,0.16992521286010742,0.125,False,False,1
57,layer1.conv1,element,3,"(5, 4, 0)",4,0.02,True,0.845,-0.0050000000000000044,False,0.00044403159099756784,98,40.0,80.0,1.0,1.0,False,False,1
58,layer1.conv1,element,2,"(0, 4, 15)",0,0.0,False,0.84,0.0,False,0.00044403159099756784,208,-8.0,-12.0,0.5849626064300537,0.5,False,False,1
59,layer1.conv1,element,7,"(7, 1, 13)",4,0.02,True,0.835,0.0050000000000000044,False,0.00044403159099756784,248,-256.0,256.0,0.0,2.0,True,False,1
60,layer1.conv1,element,6,"(10, 1, 5)",0,0.0,False,0.84,0.0,False,0.00044403159099756784,116,192.0,0.75,8.0,0.99609375,False,False,1
61,layer1.conv1,element,3,"(12, 1, 14)",0,0.0,False,0.84,0.0,False,0.00044403159099756784,237,-104.0,-52.0,1.0,0.5,False,False,1
62,layer1.conv1,element,4,"(13, 2, 28)",2,0.01,True,0.84,0.0,False,0.00044403159099756784,110,112.0,448.0,2.0,3.0,False,False,1
63,layer1.conv1,element,4,"(3, 1, 31)",0,0.0,False,0.84,0.0,False,0.00044403159099756784,207,-7.5,-30.0,1.999999761581421,3.0,False,False,1
64,layer1.conv1,element,7,"(9, 2, 6)",2,0.01,True,0.835,0.0050000000000000044,False,0.00044403159099756784,112,128.0,-128.0,0.0,2.0,True,False,1
65,layer1.conv1,element,0,"(12, 3, 29)",0,0.0,False,0.84,0.0,False,0.00044403159099756784,240,-128.0,-144.0,0.16992521286010742,0.125,False,False,1
66,layer1.conv1,element,3,"(4, 0, 23)",0,0.0,False,0.84,0.0,False,0.00044403159099756784,81,9.0,18.0,1.000000238418579,1.0,False,False,1
67,layer1.conv1,element,5,"(5, 2, 10)",0,0.0,False,0.84,0.0,False,0.00044403159099756784,225,-36.0,-2.25,4.0,0.9375,False,False,1
68,layer1.conv1,element,3,"(13, 1, 31)",0,0.0,False,0.84,0.0,False,0.00044403159099756784,241,-144.0,-288.0,0.9999995231628418,1.0,False,False,1
69,layer1.conv1,element,7,"(9, 1, 11)",3,0.015,True,0.835,0.0050000000000000044,False,0.00044403159099756784,101,52.0,-52.0,0.0,2.0,True,False,1
70,layer1.conv1,element,7,"(8, 0, 21)",1,0.005,True,0.84,0.0,False,0.00044403159099756784,103,60.0,-60.0,0.0,2.0,True,False,1
71,layer1.conv1,element,6,"(10, 3, 16)",0,0.0,False,0.84,0.0,False,0.00044403159099756784,104,64.0,0.25,8.0,0.99609375,False,False,1
72,layer1.conv1,element,3,"(8, 0, 25)",0,0.0,False,0.84,0.0,False,0.00044403159099756784,114,160.0,320.0,1.0,1.0,False,False,1
73,layer1.conv1,element,7,"(15, 3, 4)",10,0.05,True,0.82,0.020000000000000018,False,0.00044403159099756784,118,224.0,-224.0,0.0,2.0,True,False,1
74,layer1.conv1,element,0,"(12, 0, 6)",0,0.0,False,0.84,0.0,False,0.00044403159099756784,239,-120.0,-112.0,0.09953546524047852,0.06666667014360428,False,False,1
75,layer1.conv1,element,5,"(0, 3, 28)",0,0.0,False,0.84,0.0,False,0.00044403159099756784,231,-60.0,-3.75,3.999999761581421,0.9375,False,False,1
76,layer1.conv1,element,2,"(2, 1, 20)",1,0.005,True,0.84,0.0,False,0.00044403159099756784,107,88.0,120.0,0.44745874404907227,0.3636363744735718,False,False,1
77,layer1.conv1,element,1,"(8, 3, 7)",1,0.005,True,0.84,0.0,False,0.00044403159099756784,114,160.0,128.0,0.3219280242919922,0.20000000298023224,False,False,1
78,layer1.conv1,element,5,"(13, 0, 16)",0,0.0,False,0.84,0.0,False,0.00044403159099756784,240,-128.0,-8.0,4.0,0.9375,False,False,1
79,layer1.conv1,element,6,"(1, 0, 15)",1,0.005,True,0.84,0.0,False,0.00044403159099756784,235,-88.0,-0.34375,8.0,0.99609375,False,False,1
80,layer1.conv1,element,7,"(10, 4, 6)",7,0.035,True,0.845,-0.0050000000000000044,False,0.00044403159099756784,125,416.0,-416.0,0.0,2.0,True,False,1
81,layer1.conv1,element,1,"(12, 0, 21)",0,0.0,False,0.84,0.0,False,0.00044403159099756784,108,96.0,112.0,0.22239255905151367,0.1666666716337204,False,False,1
82,layer1.conv1,element,6,"(12, 2, 21)",0,0.0,False,0.84,0.0,False,0.00044403159099756784,111,120.0,0.46875,8.0,0.99609375,False,False,1
83,layer1.conv1,element,6,"(13, 4, 12)",0,0.0,False,0.84,0.0,False,0.00044403159099756784,201,-4.5,-0.017578125,8.0,0.99609375,False,False,1
84,layer1.conv1,element,2,"(3, 0, 9)",1,0.005,True,0.84,0.0,False,0.00044403159099756784,91,22.0,30.0,0.44745874404907227,0.3636363744735718,False,False,1
85,layer1.conv1,element,0,"(8, 3, 31)",0,0.0,False,0.84,0.0,False,0.00044403159099756784,241,-144.0,-128.0,0.16992521286010742,0.1111111119389534,False,False,1
86,layer1.conv1,scale,7,"(12, 1)",183,0.915,True,0.07,0.77,True,2.5053865811494716e-05,116,116.0,244.0,128.0,inf,False,False,32
87,layer1.conv1,scale,4,"(13, 1)",13,0.065,True,0.815,0.025000000000000022,False,2.5053865811494716e-05,116,116.0,100.0,16.0,inf,False,False,32
88,layer1.conv1,scale,6,"(7, 1)",7,0.035,True,0.845,-0.0050000000000000044,False,2.5053865811494716e-05,117,117.0,53.0,64.0,inf,False,False,32
89,layer1.conv1,scale,1,"(2, 3)",14,0.07,True,0.825,0.015000000000000013,False,2.5053865811494716e-05,115,115.0,113.0,2.0,inf,False,False,32
90,layer1.conv1,scale,6,"(2, 1)",37,0.185,True,0.745,0.09499999999999997,False,2.5053865811494716e-05,117,117.0,53.0,64.0,inf,False,False,32
91,layer1.conv1,scale,7,"(6, 0)",188,0.94,True,0.06,0.78,True,2.5053865811494716e-05,116,116.0,244.0,128.0,inf,False,False,32
92,layer1.conv1,scale,0,"(12, 0)",4,0.02,True,0.83,0.010000000000000009,False,2.5053865811494716e-05,117,117.0,116.0,1.0,inf,False,False,32
93,layer1.conv1,scale,1,"(5, 0)",2,0.01,True,0.845,-0.0050000000000000044,False,2.5053865811494716e-05,115,115.0,113.0,2.0,inf,False,False,32
94,layer1.conv1,scale,1,"(0, 2)",11,0.055,True,0.825,0.015000000000000013,False,2.5053865811494716e-05,116,116.0,118.0,2.0,inf,False,False,32
95,layer1.conv1,scale,2,"(11, 0)",21,0.105,True,0.83,0.010000000000000009,False,2.5053865811494716e-05,116,116.0,112.0,4.0,inf,False,False,32
96,layer1.conv1,scale,2,"(11, 4)",149,0.745,True,0.24,0.6,False,2.5053865811494716e-05,117,117.0,113.0,4.0,inf,False,False,32
97,layer1.conv1,scale,0,"(2, 4)",14,0.07,True,0.81,0.029999999999999916,False,2.5053865811494716e-05,117,117.0,116.0,1.0,inf,False,False,32
98,layer1.conv1,scale,7,"(8, 4)",200,1.0,True,0.0,0.84,True,2.5053865811494716e-05,117,117.0,245.0,128.0,inf,False,False,32
99,layer1.conv1,scale,2,"(6, 1)",4,0.02,True,0.825,0.015000000000000013,False,2.5053865811494716e-05,116,116.0,112.0,4.0,inf,False,False,32
100,layer1.conv1,scale,7,"(8, 0)",200,1.0,True,0.0,0.84,True,2.5053865811494716e-05,116,116.0,244.0,128.0,inf,False,False,32
101,layer1.conv1,scale,6,"(0, 0)",41,0.205,True,0.735,0.10499999999999998,False,2.5053865811494716e-05,117,117.0,53.0,64.0,inf,False,False,32
102,layer1.conv1,scale,1,"(10, 0)",56,0.28,True,0.685,0.15499999999999992,False,2.5053865811494716e-05,116,116.0,118.0,2.0,inf,False,False,32
103,layer1.conv1,scale,5,"(4, 0)",6,0.03,True,0.83,0.010000000000000009,False,2.5053865811494716e-05,116,116.0,84.0,32.0,inf,False,False,32
104,layer1.conv1,scale,6,"(8, 4)",1,0.005,True,0.84,0.0,False,2.5053865811494716e-05,117,117.0,53.0,64.0,inf,False,False,32
105,layer1.conv1,scale,1,"(6, 3)",27,0.135,True,0.76,0.07999999999999996,False,2.5053865811494716e-05,116,116.0,118.0,2.0,inf,False,False,32
106,layer1.conv1,scale,1,"(9, 3)",2,0.01,True,0.835,0.0050000000000000044,False,2.5053865811494716e-05,115,115.0,113.0,2.0,inf,False,False,32
107,layer1.conv1,scale,3,"(1, 3)",182,0.91,True,0.075,0.765,False,2.5053865811494716e-05,116,116.0,124.0,8.0,inf,False,False,32
108,layer1.conv1,scale,0,"(5, 4)",5,0.025,True,0.825,0.015000000000000013,False,2.5053865811494716e-05,117,117.0,116.0,1.0,inf,False,False,32
109,layer1.conv1,scale,3,"(10, 0)",178,0.89,True,0.105,0.735,False,2.5053865811494716e-05,116,116.0,124.0,8.0,inf,False,False,32
110,layer1.conv1,scale,3,"(12, 1)",53,0.265,True,0.665,0.17499999999999993,False,2.5053865811494716e-05,116,116.0,124.0,8.0,inf,False,False,32
111,layer1.conv1,scale,5,"(6, 0)",9,0.045,True,0.83,0.010000000000000009,False,2.5053865811494716e-05,116,116.0,84.0,32.0,inf,False,False,32
112,layer1.conv1,scale,4,"(0, 1)",47,0.235,True,0.735,0.10499999999999998,False,2.5053865811494716e-05,117,117.0,101.0,16.0,inf,False,False,32
113,layer1.conv1,scale,3,"(11, 3)",180,0.9,True,0.105,0.735,False,2.5053865811494716e-05,117,117.0,125.0,8.0,inf,False,False,32
114,layer1.conv1,scale,1,"(8, 0)",5,0.025,True,0.84,0.0,False,2.5053865811494716e-05,116,116.0,118.0,2.0,inf,False,False,32
115,layer1.conv1,scale,4,"(10, 2)",12,0.06,True,0.825,0.015000000000000013,False,2.5053865811494716e-05,117,117.0,101.0,16.0,inf,False,False,32
116,layer1.conv1,scale,3,"(2, 2)",166,0.83,True,0.165,0.6749999999999999,False,2.5053865811494716e-05,116,116.0,124.0,8.0,inf,False,False,32
117,layer1.conv1,scale,6,"(6, 4)",36,0.18,True,0.77,0.06999999999999995,False,2.5053865811494716e-05,116,116.0,52.0,64.0,inf,False,False,32
118,layer1.conv1,scale,5,"(14, 0)",48,0.24,True,0.695,0.14500000000000002,False,2.5053865811494716e-05,117,117.0,85.0,32.0,inf,False,False,32
119,layer1.conv1,scale,5,"(13, 4)",3,0.015,True,0.825,0.015000000000000013,False,2.5053865811494716e-05,115,115.0,83.0,32.0,inf,False,False,32
120,layer1.conv1,scale,4,"(5, 0)",2,0.01,True,0.845,-0.0050000000000000044,False,2.5053865811494716e-05,115,115.0,99.0,16.0,inf,False,False,32
121,layer1.conv1,scale,2,"(10, 0)",5,0.025,True,0.845,-0.0050000000000000044,False,2.5053865811494716e-05,116,116.0,112.0,4.0,inf,False,False,32
122,layer1.conv1,scale,2,"(1, 1)",17,0.085,True,0.81,0.029999999999999916,False,2.5053865811494716e-05,117,117.0,113.0,4.0,inf,False,False,32
123,layer1.conv1,scale,3,"(12, 4)",42,0.21,True,0.725,0.11499999999999999,False,2.5053865811494716e-05,116,116.0,124.0,8.0,inf,False,False,32
124,layer1.conv1,scale,4,"(4, 1)",9,0.045,True,0.825,0.015000000000000013,False,2.5053865811494716e-05,116,116.0,100.0,16.0,inf,False,False,32
125,layer1.conv1,scale,2,"(5, 2)",12,0.06,True,0.81,0.029999999999999916,False,2.5053865811494716e-05,115,115.0,119.0,4.0,inf,False,False,32
126,layer1.conv2,element,1,"(2, 1, 17)",0,0.0,False,0.84,0.0,False,0.00044403159099756784,233,-72.0,-88.0,0.2895064353942871,0.2222222238779068,False,False,1
127,layer1.conv2,element,0,"(1, 3, 12)",0,0.0,False,0.84,0.0,False,0.00044403159099756784,112,128.0,144.0,0.16992521286010742,0.125,False,False,1
128,layer1.conv2,element,6,"(0, 3, 5)",1,0.005,True,0.84,0.0,False,0.00044403159099756784,98,40.0,0.15625,8.0,0.99609375,False,False,1
129,layer1.conv2,element,4,"(3, 1, 4)",1,0.005,True,0.84,0.0,False,0.00044403159099756784,247,-240.0,-60.0,2.0,0.75,False,False,1
130,layer1.conv2,element,3,"(6, 2, 11)",2,0.01,True,0.84,0.0,False,0.00044403159099756784,105,72.0,36.0,1.0,0.5,False,False,1
131,layer1.conv2,element,7,"(4, 2, 13)",0,0.0,False,0.84,0.0,False,0.00044403159099756784,103,60.0,-60.0,0.0,2.0,True,False,1
132,layer1.conv2,element,7,"(2, 3, 23)",2,0.01,True,0.835,0.0050000000000000044,False,0.00044403159099756784,114,160.0,-160.0,0.0,2.0,True,False,1
133,layer1.conv2,element,0,"(5, 0, 3)",0,0.0,False,0.84,0.0,False,0.00044403159099756784,230,-56.0,-60.0,0.09953546524047852,0.0714285746216774,False,False,1
134,layer1.conv2,element,5,"(11, 1, 30)",1,0.005,True,0.835,0.0050000000000000044,False,0.00044403159099756784,249,-288.0,-18.0,3.999999523162842,0.9375,False,False,1
135,layer1.conv2,element,6,"(5, 0, 1)",0,0.0,False,0.84,0.0,False,0.00044403159099756784,233,-72.0,-0.28125,8.0,0.99609375,False,False,1
136,layer1.conv2,element,5,"(14, 3, 5)",2,0.01,True,0.84,0.0,False,0.00044403159099756784,212,-12.0,-192.0,3.999999761581421,15.0,False,False,1
137,layer1.conv2,element,4,"(9, 1, 0)",1,0.005,True,0.84,0.0,False,0.00044403159099756784,249,-288.0,-72.0,1.9999995231628418,0.75,False,False,1
138,layer1.conv2,element,4,"(2, 0, 29)",0,0.0,False,0.84,0.0,False,0.00044403159099756784,222,-28.0,-7.0,2.0,0.75,False,False,1
139,layer1.conv2,element,4,"(15, 2, 14)",0,0.0,False,0.84,0.0,False,0.00044403159099756784,53,0.8125,0.203125,2.0,0.75,False,False,1
140,layer1.conv2,element,2,"(14, 0, 15)",0,0.0,False,0.84,0.0,False,0.00044403159099756784,111,120.0,88.0,0.44745874404907227,0.2666666805744171,False,False,1
141,layer1.conv2,element,1,"(12, 1, 24)",0,0.0,False,0.84,0.0,False,0.00044403159099756784,121,288.0,352.0,0.2895069122314453,0.2222222238779068,False,False,1
142,layer1.conv2,element,3,"(2, 2, 11)",2,0.01,True,0.845,-0.0050000000000000044,False,0.00044403159099756784,244,-192.0,-384.0,1.0000004768371582,1.0,False,False,1
143,layer1.conv2,element,5,"(12, 2, 30)",0,0.0,False,0.84,0.0,False,0.00044403159099756784,90,20.0,320.0,4.0,15.0,False,False,1
144,layer1.conv2,element,7,"(11, 0, 29)",2,0.01,True,0.835,0.0050000000000000044,False,0.00044403159099756784,103,60.0,-60.0,0.0,2.0,True,False,1
145,layer1.conv2,element,7,"(12, 0, 21)",4,0.02,True,0.83,0.010000000000000009,False,0.00044403159099756784,246,-224.0,224.0,0.0,2.0,True,False,1
146,layer1.conv2,element,1,"(11, 1, 26)",0,0.0,False,0.84,0.0,False,0.00044403159099756784,108,96.0,112.0,0.22239255905151367,0.1666666716337204,False,False,1
147,layer1.conv2,element,0,"(9, 2, 15)",0,0.0,False,0.84,0.0,False,0.00044403159099756784,108,96.0,104.0,0.1154775619506836,0.0833333358168602,False,False,1
148,layer1.conv2,element,7,"(5, 2, 2)",2,0.01,True,0.845,-0.0050000000000000044,False,0.00044403159099756784,247,-240.0,240.0,0.0,2.0,True,False,1
149,layer1.conv2,element,5,"(14, 3, 2)",1,0.005,True,0.84,0.0,False,0.00044403159099756784,244,-192.0,-12.0,3.999999761581421,0.9375,False,False,1
150,layer1.conv2,element,6,"(15, 3, 3)",3,0.015,True,0.85,-0.010000000000000009,False,0.00044403159099756784,113,144.0,0.5625,8.0,0.99609375,False,False,1
151,layer1.conv2,element,6,"(11, 0, 4)",1,0.005,True,0.84,0.0,False,0.00044403159099756784,108,96.0,0.375,8.0,0.99609375,False,False,1
152,layer1.conv2,element,2,"(5, 3, 9)",0,0.0,False,0.84,0.0,False,0.00044403159099756784,226,-40.0,-56.0,0.4854269027709961,0.4000000059604645,False,False,1
153,layer1.conv2,element,6,"(8, 0, 0)",1,0.005,True,0.84,0.0,False,0.00044403159099756784,89,18.0,0.0703125,8.0,0.99609375,False,False,1
154,layer1.conv2,element,5,"(8, 4, 12)",1,0.005,True,0.84,0.0,False,0.00044403159099756784,114,160.0,10.0,4.0,0.9375,False,False,1
155,layer1.conv2,element,5,"(1, 1, 1)",0,0.0,False,0.84,0.0,False,0.00044403159099756784,122,320.0,20.0,4.0,0.9375,False,False,1
156,layer1.conv2,element,3,"(1, 1, 28)",1,0.005,True,0.84,0.0,False,0.00044403159099756784,240,-128.0,-256.0,1.0,1.0,False,False,1
157,layer1.conv2,element,2,"(7, 3, 21)",0,0.0,False,0.84,0.0,False,0.00044403159099756784,244,-192.0,-128.0,0.5849623680114746,0.3333333432674408,False,False,1
158,layer1.conv2,element,3,"(8, 4, 14)",2,0.01,True,0.84,0.0,False,0.00044403159099756784,121,288.0,144.0,0.9999995231628418,0.5,False,False,1
159,layer1.conv2,element,5,"(3, 1, 26)",3,0.015,True,0.85,-0.010000000000000009,False,0.00044403159099756784,118,224.0,14.0,4.0,0.9375,False,False,1
160,layer1.conv2,element,4,"(4, 0, 31)",2,0.01,True,0.835,0.0050000000000000044,False,0.00044403159099756784,235,-88.0,-352.0,2.0,3.0,False,False,1
161,layer1.conv2,element,0,"(2, 0, 17)",200,1.0,True,0.0,0.84,True,0.00044403159099756784,126,448.0,,inf,inf,False,True,1
162,layer1.conv2,element,0,"(14, 2, 31)",0,0.0,False,0.84,0.0,False,0.00044403159099756784,233,-72.0,-64.0,0.16992521286010742,0.1111111119389534,False,False,1
163,layer1.conv2,element,1,"(8, 0, 13)",0,0.0,False,0.84,0.0,False,0.00044403159099756784,222,-28.0,-24.0,0.22239255905151367,0.1428571492433548,False,False,1
164,layer1.conv2,element,3,"(4, 1, 24)",1,0.005,True,0.84,0.0,False,0.00044403159099756784,254,-448.0,-224.0,1.0,0.5,False,False,1
165,layer1.conv2,element,4,"(12, 2, 16)",4,0.02,True,0.83,0.010000000000000009,False,0.00044403159099756784,118,224.0,56.0,2.0,0.75,False,False,1
166,layer1.conv2,element,7,"(15, 1, 17)",7,0.035,True,0.835,0.0050000000000000044,False,0.00044403159099756784,244,-192.0,192.0,0.0,2.0,True,False,1
167,layer1.conv2,element,6,"(4, 3, 7)",1,0.005,True,0.84,0.0,False,0.00044403159099756784,246,-224.0,-0.875,8.0,0.99609375,False,False,1
168,layer1.conv2,element,2,"(14, 1, 21)",0,0.0,False,0.84,0.0,False,0.00044403159099756784,41,0.28125,0.40625,0.5305147171020508,0.4444444477558136,False,False,1
169,layer1.conv2,element,4,"(12, 1, 11)",1,0.005,True,0.84,0.0,False,0.00044403159099756784,230,-56.0,-224.0,2.0,3.0,False,False,1
170,layer1.conv2,element,5,"(12, 3, 5)",1,0.005,True,0.84,0.0,False,0.00044403159099756784,112,128.0,8.0,4.0,0.9375,False,False,1
171,layer1.conv2,element,7,"(8, 1, 27)",6,0.03,True,0.83,0.010000000000000009,False,0.00044403159099756784,243,-176.0,176.0,0.0,2.0,True,False,1
172,layer1.conv2,element,3,"(14, 2, 18)",1,0.005,True,0.84,0.0,False,0.00044403159099756784,253,-416.0,-208.0,0.9999995231628418,0.5,False,False,1
173,layer1.conv2,element,5,"(2, 1, 23)",8,0.04,True,0.84,0.0,False,0.00044403159099756784,219,-22.0,-352.0,4.0,15.0,False,False,1
174,layer1.conv2,element,1,"(1, 1, 26)",1,0.005,True,0.84,0.0,False,0.00044403159099756784,110,112.0,96.0,0.22239255905151367,0.1428571492433548,False,False,1
175,layer1.conv2,element,3,"(15, 1, 31)",1,0.005,True,0.84,0.0,False,0.00044403159099756784,232,-64.0,-32.0,1.0,0.5,False,False,1
176,layer1.conv2,element,7,"(7, 3, 25)",0,0.0,False,0.84,0.0,False,0.00044403159099756784,76,6.0,-6.0,0.0,2.0,True,False,1
177,layer1.conv2,element,3,"(6, 1, 29)",2,0.01,True,0.84,0.0,False,0.00044403159099756784,250,-320.0,-160.0,1.0,0.5,False,False,1
178,layer1.conv2,element,0,"(11, 3, 2)",0,0.0,False,0.84,0.0,False,0.00044403159099756784,230,-56.0,-60.0,0.09953546524047852,0.0714285746216774,False,False,1
179,layer1.conv2,element,6,"(4, 3, 8)",1,0.005,True,0.84,0.0,False,0.00044403159099756784,236,-96.0,-0.375,8.0,0.99609375,False,False,1
180,layer1.conv2,element,2,"(10, 0, 28)",0,0.0,False,0.84,0.0,False,0.00044403159099756784,124,384.0,256.0,0.5849628448486328,0.3333333432674408,False,False,1
181,layer1.conv2,element,3,"(13, 2, 15)",0,0.0,False,0.84,0.0,False,0.00044403159099756784,227,-44.0,-88.0,1.0,1.0,False,False,1
182,layer1.conv2,element,7,"(12, 3, 26)",8,0.04,True,0.82,0.020000000000000018,False,0.00044403159099756784,121,288.0,-288.0,0.0,2.0,True,False,1
183,layer1.conv2,element,3,"(1, 4, 14)",0,0.0,False,0.84,0.0,False,0.00044403159099756784,224,-32.0,-64.0,1.0,1.0,False,False,1
184,layer1.conv2,element,2,"(15, 2, 8)",2,0.01,True,0.84,0.0,False,0.00044403159099756784,239,-120.0,-88.0,0.44745874404907227,0.2666666805744171,False,False,1
185,layer1.conv2,element,1,"(11, 3, 10)",1,0.005,True,0.84,0.0,False,0.00044403159099756784,123,352.0,288.0,0.2895069122314453,0.1818181872367859,False,False,1
186,layer1.conv2,element,6,"(11, 0, 24)",3,0.015,True,0.83,0.010000000000000009,False,0.00044403159099756784,184,-1.0,-256.0,8.0,255.0,False,False,1
187,layer1.conv2,element,1,"(3, 0, 0)",1,0.005,True,0.84,0.0,False,0.00044403159099756784,113,144.0,176.0,0.2895064353942871,0.2222222238779068,False,False,1
188,layer1.conv2,element,4,"(14, 3, 14)",0,0.0,False,0.84,0.0,False,0.00044403159099756784,211,-11.0,-2.75,2.0,0.75,False,False,1
189,layer1.conv2,element,1,"(6, 1, 8)",1,0.005,True,0.84,0.0,False,0.00044403159099756784,126,448.0,384.0,0.22239208221435547,0.1428571492433548,False,False,1
190,layer1.conv2,element,6,"(15, 0, 8)",0,0.0,False,0.84,0.0,False,0.00044403159099756784,75,5.5,0.021484375,8.0,0.99609375,False,False,1
191,layer1.conv2,scale,7,"(11, 2)",199,0.995,True,0.005,0.835,True,2.5053865811494716e-05,115,115.0,243.0,128.0,inf,False,False,32
192,layer1.conv2,scale,7,"(10, 0)",200,1.0,True,0.0,0.84,True,2.5053865811494716e-05,116,116.0,244.0,128.0,inf,False,False,32
193,layer1.conv2,scale,2,"(6, 4)",21,0.105,True,0.835,0.0050000000000000044,False,2.5053865811494716e-05,117,117.0,113.0,4.0,inf,False,False,32
194,layer1.conv2,scale,4,"(5, 4)",7,0.035,True,0.835,0.0050000000000000044,False,2.5053865811494716e-05,116,116.0,100.0,16.0,inf,False,False,32
195,layer1.conv2,scale,4,"(15, 0)",5,0.025,True,0.825,0.015000000000000013,False,2.5053865811494716e-05,116,116.0,100.0,16.0,inf,False,False,32
196,layer1.conv2,scale,6,"(12, 0)",13,0.065,True,0.84,0.0,False,2.5053865811494716e-05,116,116.0,52.0,64.0,inf,False,False,32
197,layer1.conv2,scale,0,"(6, 1)",8,0.04,True,0.83,0.010000000000000009,False,2.5053865811494716e-05,116,116.0,117.0,1.0,inf,False,False,32
198,layer1.conv2,scale,4,"(0, 2)",11,0.055,True,0.84,0.0,False,2.5053865811494716e-05,115,115.0,99.0,16.0,inf,False,False,32
199,layer1.conv2,scale,6,"(2, 0)",12,0.06,True,0.835,0.0050000000000000044,False,2.5053865811494716e-05,116,116.0,52.0,64.0,inf,False,False,32
200,layer1.conv2,scale,4,"(7, 0)",12,0.06,True,0.855,-0.015000000000000013,False,2.5053865811494716e-05,117,117.0,101.0,16.0,inf,False,False,32
201,layer1.conv2,scale,4,"(7, 1)",16,0.08,True,0.835,0.0050000000000000044,False,2.5053865811494716e-05,117,117.0,101.0,16.0,inf,False,False,32
202,layer1.conv2,scale,0,"(5, 4)",7,0.035,True,0.83,0.010000000000000009,False,2.5053865811494716e-05,116,116.0,117.0,1.0,inf,False,False,32
203,layer1.conv2,scale,7,"(15, 3)",200,1.0,True,0.0,0.84,True,2.5053865811494716e-05,117,117.0,245.0,128.0,inf,False,False,32
204,layer1.conv2,scale,1,"(7, 3)",16,0.08,True,0.815,0.025000000000000022,False,2.5053865811494716e-05,116,116.0,118.0,2.0,inf,False,False,32
205,layer1.conv2,scale,2,"(12, 3)",17,0.085,True,0.805,0.03499999999999992,False,2.5053865811494716e-05,116,116.0,112.0,4.0,inf,False,False,32
206,layer1.conv2,scale,5,"(2, 0)",12,0.06,True,0.835,0.0050000000000000044,False,2.5053865811494716e-05,116,116.0,84.0,32.0,inf,False,False,32
207,layer1.conv2,scale,3,"(5, 4)",44,0.22,True,0.7,0.14,False,2.5053865811494716e-05,116,116.0,124.0,8.0,inf,False,False,32
208,layer1.conv2,scale,4,"(3, 2)",12,0.06,True,0.815,0.025000000000000022,False,2.5053865811494716e-05,116,116.0,100.0,16.0,inf,False,False,32
209,layer1.conv2,scale,4,"(2, 1)",10,0.05,True,0.84,0.0,False,2.5053865811494716e-05,117,117.0,101.0,16.0,inf,False,False,32
210,layer1.conv2,scale,1,"(8, 4)",25,0.125,True,0.78,0.05999999999999994,False,2.5053865811494716e-05,116,116.0,118.0,2.0,inf,False,False,32
211,layer1.conv2,scale,0,"(2, 1)",3,0.015,True,0.85,-0.010000000000000009,False,2.5053865811494716e-05,117,117.0,116.0,1.0,inf,False,False,32
212,layer1.conv2,scale,7,"(6, 1)",200,1.0,True,0.0,0.84,True,2.5053865811494716e-05,116,116.0,244.0,128.0,inf,False,False,32
213,layer1.conv2,scale,6,"(10, 4)",11,0.055,True,0.84,0.0,False,2.5053865811494716e-05,116,116.0,52.0,64.0,inf,False,False,32
214,layer1.conv2,scale,1,"(12, 3)",41,0.205,True,0.755,0.08499999999999996,False,2.5053865811494716e-05,116,116.0,118.0,2.0,inf,False,False,32
215,layer1.conv2,scale,5,"(8, 4)",8,0.04,True,0.835,0.0050000000000000044,False,2.5053865811494716e-05,116,116.0,84.0,32.0,inf,False,False,32
216,layer1.conv2,scale,4,"(9, 3)",11,0.055,True,0.845,-0.0050000000000000044,False,2.5053865811494716e-05,116,116.0,100.0,16.0,inf,False,False,32
217,layer1.conv2,scale,5,"(4, 3)",9,0.045,True,0.83,0.010000000000000009,False,2.5053865811494716e-05,115,115.0,83.0,32.0,inf,False,False,32
218,layer1.conv2,scale,1,"(13, 3)",40,0.2,True,0.74,0.09999999999999998,False,2.5053865811494716e-05,116,116.0,118.0,2.0,inf,False,False,32
219,layer1.conv2,scale,5,"(2, 4)",9,0.045,True,0.85,-0.010000000000000009,False,2.5053865811494716e-05,116,116.0,84.0,32.0,inf,False,False,32
220,layer1.conv2,scale,5,"(11, 3)",15,0.075,True,0.81,0.029999999999999916,False,2.5053865811494716e-05,116,116.0,84.0,32.0,inf,False,False,32
221,layer1.conv2,scale,7,"(1, 2)",200,1.0,True,0.0,0.84,True,2.5053865811494716e-05,117,117.0,245.0,128.0,inf,False,False,32
222,layer1.conv2,scale,2,"(9, 3)",11,0.055,True,0.845,-0.0050000000000000044,False,2.5053865811494716e-05,116,116.0,112.0,4.0,inf,False,False,32
223,layer1.conv2,scale,3,"(4, 0)",63,0.315,True,0.655,0.18499999999999994,False,2.5053865811494716e-05,115,115.0,123.0,8.0,inf,False,False,32
224,layer1.conv2,scale,1,"(4, 3)",7,0.035,True,0.83,0.010000000000000009,False,2.5053865811494716e-05,115,115.0,113.0,2.0,inf,False,False,32
225,layer1.conv2,scale,0,"(5, 2)",4,0.02,True,0.83,0.010000000000000009,False,2.5053865811494716e-05,116,116.0,117.0,1.0,inf,False,False,32
226,layer1.conv2,scale,0,"(12, 2)",23,0.115,True,0.805,0.03499999999999992,False,2.5053865811494716e-05,116,116.0,117.0,1.0,inf,False,False,32
227,layer1.conv2,scale,3,"(12, 3)",182,0.91,True,0.1,0.74,False,2.5053865811494716e-05,116,116.0,124.0,8.0,inf,False,False,32
228,layer1.conv2,scale,1,"(4, 0)",10,0.05,True,0.83,0.010000000000000009,False,2.5053865811494716e-05,115,115.0,113.0,2.0,inf,False,False,32
229,layer1.conv2,scale,5,"(8, 3)",8,0.04,True,0.815,0.025000000000000022,False,2.5053865811494716e-05,116,116.0,84.0,32.0,inf,False,False,32
230,layer1.conv2,scale,1,"(1, 1)",65,0.325,True,0.62,0.21999999999999997,False,2.5053865811494716e-05,116,116.0,118.0,2.0,inf,False,False,32
231,layer2.conv1,element,7,"(20, 0, 4)",1,0.005,True,0.84,0.0,False,0.00044747369635413813,96,32.0,-32.0,0.0,2.0,True,False,1
232,layer2.conv1,element,0,"(17, 0, 26)",0,0.0,False,0.84,0.0,False,0.00044747369635413813,113,144.0,128.0,0.16992521286010742,0.1111111119389534,False,False,1
233,layer2.conv1,element,2,"(10, 2, 18)",0,0.0,False,0.84,0.0,False,0.00044747369635413813,228,-48.0,-32.0,0.5849623680114746,0.3333333432674408,False,False,1
234,layer2.conv1,element,7,"(14, 1, 30)",2,0.01,True,0.84,0.0,False,0.00044747369635413813,117,208.0,-208.0,0.0,2.0,True,False,1
235,layer2.conv1,element,6,"(31, 4, 11)",1,0.005,True,0.84,0.0,False,0.00044747369635413813,107,88.0,0.34375,8.0,0.99609375,False,False,1
236,layer2.conv1,element,3,"(30, 2, 27)",4,0.02,True,0.84,0.0,False,0.00044747369635413813,116,192.0,384.0,1.0000004768371582,1.0,False,False,1
237,layer2.conv1,element,0,"(8, 3, 27)",1,0.005,True,0.84,0.0,False,0.00044747369635413813,240,-128.0,-144.0,0.16992521286010742,0.125,False,False,1
238,layer2.conv1,element,5,"(30, 2, 12)",2,0.01,True,0.84,0.0,False,0.00044747369635413813,236,-96.0,-6.0,3.999999761581421,0.9375,False,False,1
239,layer2.conv1,element,1,"(6, 4, 12)",0,0.0,False,0.84,0.0,False,0.00044747369635413813,232,-64.0,-80.0,0.3219280242919922,0.25,False,False,1
240,layer2.conv1,element,7,"(25, 2, 6)",1,0.005,True,0.84,0.0,False,0.00044747369635413813,107,88.0,-88.0,0.0,2.0,True,False,1
241,layer2.conv1,element,2,"(11, 0, 6)",0,0.0,False,0.84,0.0,False,0.00044747369635413813,99,44.0,60.0,0.44745874404907227,0.3636363744735718,False,False,1
242,layer2.conv1,element,3,"(21, 2, 6)",1,0.005,True,0.84,0.0,False,0.00044747369635413813,243,-176.0,-352.0,1.0,1.0,False,False,1
243,layer2.conv1,element,4,"(20, 3, 23)",2,0.01,True,0.835,0.0050000000000000044,False,0.00044747369635413813,120,256.0,64.0,2.0,0.75,False,False,1
244,layer2.conv1,element,3,"(27, 0, 5)",1,0.005,True,0.835,0.0050000000000000044,False,0.00044747369635413813,120,256.0,128.0,1.0,0.5,False,False,1
245,layer2.conv1,element,4,"(12, 0, 29)",1,0.005,True,0.84,0.0,False,0.00044747369635413813,236,-96.0,-384.0,2.000000476837158,3.0,False,False,1
246,layer2.conv1,element,6,"(30, 0, 5)",0,0.0,False,0.84,0.0,False,0.00044747369635413813,115,176.0,0.6875,8.0,0.99609375,False,False,1
247,layer2.conv1,element,3,"(28, 0, 20)",2,0.01,True,0.84,0.0,False,0.00044747369635413813,243,-176.0,-352.0,1.0,1.0,False,False,1
248,layer2.conv1,element,2,"(0, 3, 8)",0,0.0,False,0.84,0.0,False,0.00044747369635413813,104,64.0,96.0,0.5849623680114746,0.5,False,False,1
249,layer2.conv1,element,3,"(3, 0, 26)",0,0.0,False,0.84,0.0,False,0.00044747369635413813,235,-88.0,-44.0,1.0,0.5,False,False,1
250,layer2.conv1,element,6,"(3, 3, 16)",0,0.0,False,0.84,0.0,False,0.00044747369635413813,233,-72.0,-0.28125,8.0,0.99609375,False,False,1
251,layer2.conv1,element,4,"(20, 3, 1)",2,0.01,True,0.835,0.0050000000000000044,False,0.00044747369635413813,114,160.0,40.0,2.0,0.75,False,False,1
252,layer2.conv1,element,3,"(11, 2, 12)",0,0.0,False,0.84,0.0,False,0.00044747369635413813,242,-160.0,-320.0,1.0,1.0,False,False,1
253,layer2.conv1,element,7,"(4, 4, 3)",5,0.025,True,0.845,-0.0050000000000000044,False,0.00044747369635413813,122,320.0,-320.0,0.0,2.0,True,False,1
254,layer2.conv1,element,2,"(2, 4, 15)",1,0.005,True,0.84,0.0,False,0.00044747369635413813,246,-224.0,-160.0,0.4854269027709961,0.2857142984867096,False,False,1
255,layer2.conv1,element,3,"(29, 1, 10)",1,0.005,True,0.84,0.0,False,0.00044747369635413813,99,44.0,88.0,1.0,1.0,False,False,1
256,layer2.conv1,element,7,"(19, 0, 26)",3,0.015,True,0.84,0.0,False,0.00044747369635413813,231,-60.0,60.0,0.0,2.0,True,False,1
257,layer2.conv1,element,6,"(1, 0, 10)",1,0.005,True,0.84,0.0,False,0.00044747369635413813,226,-40.0,-0.15625,8.0,0.99609375,False,False,1
258,layer2.conv1,element,4,"(8, 1, 15)",3,0.015,True,0.845,-0.0050000000000000044,False,0.00044747369635413813,105,72.0,288.0,1.9999995231628418,3.0,False,False,1
259,layer2.conv1,element,0,"(21, 0, 2)",0,0.0,False,0.84,0.0,False,0.00044747369635413813,105,72.0,64.0,0.16992521286010742,0.1111111119389534,False,False,1
260,layer2.conv1,element,4,"(8, 2, 2)",0,0.0,False,0.84,0.0,False,0.00044747369635413813,210,-10.0,-2.5,1.9999998807907104,0.75,False,False,1
261,layer2.conv1,element,3,"(24, 2, 0)",1,0.005,True,0.84,0.0,False,0.00044747369635413813,238,-112.0,-56.0,1.0,0.5,False,False,1
262,layer2.conv1,element,7,"(9, 1, 0)",1,0.005,True,0.84,0.0,False,0.00044747369635413813,110,112.0,-112.0,0.0,2.0,True,False,1
263,layer2.conv1,element,4,"(20, 1, 0)",3,0.015,True,0.84,0.0,False,0.00044747369635413813,104,64.0,256.0,2.0,3.0,False,False,1
264,layer2.conv1,element,4,"(3, 0, 18)",0,0.0,False,0.84,0.0,False,0.00044747369635413813,215,-15.0,-3.75,2.0,0.75,False,False,1
265,layer2.conv1,element,4,"(25, 4, 6)",1,0.005,True,0.835,0.0050000000000000044,False,0.00044747369635413813,104,64.0,256.0,2.0,3.0,False,False,1
266,layer2.conv1,element,3,"(23, 3, 6)",2,0.01,True,0.84,0.0,False,0.00044747369635413813,250,-320.0,-160.0,1.0,0.5,False,False,1
267,layer2.conv1,element,2,"(17, 1, 5)",1,0.005,True,0.835,0.0050000000000000044,False,0.00044747369635413813,245,-208.0,-144.0,0.5305147171020508,0.3076923191547394,False,False,1
268,layer2.conv1,element,4,"(20, 3, 22)",1,0.005,True,0.835,0.0050000000000000044,False,0.00044747369635413813,118,224.0,56.0,2.0,0.75,False,False,1
269,layer2.conv1,element,3,"(2, 0, 5)",2,0.01,True,0.84,0.0,False,0.00044747369635413813,108,96.0,48.0,1.0,0.5,False,False,1
270,layer2.conv1,element,6,"(19, 1, 26)",0,0.0,False,0.84,0.0,False,0.00044747369635413813,231,-60.0,-0.234375,8.0,0.99609375,False,False,1
271,layer2.conv1,element,7,"(14, 2, 22)",1,0.005,True,0.84,0.0,False,0.00044747369635413813,113,144.0,-144.0,0.0,2.0,True,False,1
272,layer2.conv1,element,3,"(1, 0, 12)",1,0.005,True,0.84,0.0,False,0.00044747369635413813,237,-104.0,-52.0,1.0,0.5,False,False,1
273,layer2.conv1,element,5,"(0, 4, 3)",0,0.0,False,0.84,0.0,False,0.00044747369635413813,241,-144.0,-9.0,4.0,0.9375,False,False,1
274,layer2.conv1,element,1,"(13, 3, 10)",0,0.0,False,0.84,0.0,False,0.00044747369635413813,248,-256.0,-320.0,0.3219280242919922,0.25,False,False,1
275,layer2.conv1,element,4,"(23, 0, 13)",0,0.0,False,0.84,0.0,False,0.00044747369635413813,89,18.0,4.5,2.000000238418579,0.75,False,False,1
276,layer2.conv1,element,1,"(21, 4, 5)",0,0.0,False,0.84,0.0,False,0.00044747369635413813,228,-48.0,-56.0,0.22239255905151367,0.1666666716337204,False,False,1
277,layer2.conv1,element,0,"(5, 2, 22)",0,0.0,False,0.84,0.0,False,0.00044747369635413813,85,13.0,12.0,0.11547708511352539,0.07692307978868484,False,False,1
278,layer2.conv1,element,1,"(5, 0, 0)",1,0.005,True,0.84,0.0,False,0.00044747369635413813,242,-160.0,-128.0,0.3219280242919922,0.20000000298023224,False,False,1
279,layer2.conv1,element,0,"(8, 0, 0)",0,0.0,False,0.84,0.0,False,0.00044747369635413813,97,36.0,32.0,0.16992521286010742,0.1111111119389534,False,False,1
280,layer2.conv1,element,6,"(12, 1, 17)",2,0.01,True,0.84,0.0,False,0.00044747369635413813,121,288.0,1.125,7.999999523162842,0.99609375,False,False,1
281,layer2.conv1,element,1,"(4, 1, 25)",1,0.005,True,0.84,0.0,False,0.00044747369635413813,249,-288.0,-352.0,0.2895069122314453,0.2222222238779068,False,False,1
282,layer2.conv1,element,7,"(0, 2, 27)",10,0.05,True,0.805,0.03499999999999992,False,0.00044747369635413813,124,384.0,-384.0,0.0,2.0,True,False,1
283,layer2.conv1,element,1,"(11, 2, 23)",0,0.0,False,0.84,0.0,False,0.00044747369635413813,104,64.0,80.0,0.3219280242919922,0.25,False,False,1
284,layer2.conv1,element,5,"(2, 2, 25)",1,0.005,True,0.84,0.0,False,0.00044747369635413813,245,-208.0,-13.0,4.0,0.9375,False,False,1
285,layer2.conv1,element,7,"(6, 1, 16)",1,0.005,True,0.84,0.0,False,0.00044747369635413813,231,-60.0,60.0,0.0,2.0,True,False,1
286,layer2.conv1,element,0,"(6, 4, 5)",0,0.0,False,0.84,0.0,False,0.00044747369635413813,236,-96.0,-104.0,0.1154775619506836,0.0833333358168602,False,False,1
287,layer2.conv1,element,0,"(12, 1, 3)",0,0.0,False,0.84,0.0,False,0.00044747369635413813,235,-88.0,-80.0,0.13750362396240234,0.09090909361839294,False,False,1
288,layer2.conv1,element,2,"(13, 1, 6)",0,0.0,False,0.84,0.0,False,0.00044747369635413813,67,2.75,3.75,0.44745898246765137,0.3636363744735718,False,False,1
289,layer2.conv1,element,2,"(1, 3, 0)",1,0.005,True,0.84,0.0,False,0.00044747369635413813,246,-224.0,-160.0,0.4854269027709961,0.2857142984867096,False,False,1
290,layer2.conv1,element,3,"(14, 3, 22)",2,0.01,True,0.84,0.0,False,0.00044747369635413813,122,320.0,160.0,1.0,0.5,False,False,1
291,layer2.conv1,element,0,"(29, 0, 6)",0,0.0,False,0.84,0.0,False,0.00044747369635413813,236,-96.0,-104.0,0.1154775619506836,0.0833333358168602,False,False,1
292,layer2.conv1,element,0,"(28, 1, 11)",0,0.0,False,0.84,0.0,False,0.00044747369635413813,94,28.0,30.0,0.09953546524047852,0.0714285746216774,False,False,1
293,layer2.conv1,element,5,"(4, 2, 3)",1,0.005,True,0.84,0.0,False,0.00044747369635413813,242,-160.0,-10.0,4.0,0.9375,False,False,1
294,layer2.conv1,element,0,"(10, 0, 19)",0,0.0,False,0.84,0.0,False,0.00044747369635413813,112,128.0,144.0,0.16992521286010742,0.125,False,False,1
295,layer2.conv1,element,0,"(20, 4, 14)",0,0.0,False,0.84,0.0,False,0.00044747369635413813,231,-60.0,-56.0,0.09953546524047852,0.06666667014360428,False,False,1
296,layer2.conv1,element,3,"(0, 3, 2)",5,0.025,True,0.83,0.010000000000000009,False,0.00044747369635413813,245,-208.0,-416.0,0.9999995231628418,1.0,False,False,1
297,layer2.conv1,element,0,"(18, 1, 20)",0,0.0,False,0.84,0.0,False,0.00044747369635413813,241,-144.0,-128.0,0.16992521286010742,0.1111111119389534,False,False,1
298,layer2.conv1,element,1,"(26, 1, 31)",0,0.0,False,0.84,0.0,False,0.00044747369635413813,248,-256.0,-320.0,0.3219280242919922,0.25,False,False,1
299,layer2.conv1,element,0,"(25, 0, 27)",1,0.005,True,0.84,0.0,False,0.00044747369635413813,115,176.0,160.0,0.13750362396240234,0.09090909361839294,False,False,1
300,layer2.conv1,element,3,"(1, 4, 12)",2,0.01,True,0.84,0.0,False,0.00044747369635413813,114,160.0,320.0,1.0,1.0,False,False,1
301,layer2.conv1,element,2,"(8, 3, 15)",1,0.005,True,0.84,0.0,False,0.00044747369635413813,243,-176.0,-240.0,0.44745874404907227,0.3636363744735718,False,False,1
302,layer2.conv1,element,6,"(2, 4, 12)",1,0.005,True,0.84,0.0,False,0.00044747369635413813,243,-176.0,-0.6875,8.0,0.99609375,False,False,1
303,layer2.conv1,element,4,"(16, 0, 10)",1,0.005,True,0.84,0.0,False,0.00044747369635413813,207,-7.5,-30.0,1.999999761581421,3.0,False,False,1
304,layer2.conv1,element,2,"(30, 3, 22)",1,0.005,True,0.84,0.0,False,0.00044747369635413813,106,80.0,112.0,0.4854269027709961,0.4000000059604645,False,False,1
305,layer2.conv1,element,6,"(25, 2, 16)",0,0.0,False,0.84,0.0,False,0.00044747369635413813,237,-104.0,-0.40625,8.0,0.99609375,False,False,1
306,layer2.conv1,element,1,"(24, 0, 15)",0,0.0,False,0.84,0.0,False,0.00044747369635413813,108,96.0,112.0,0.22239255905151367,0.1666666716337204,False,False,1
307,layer2.conv1,element,2,"(24, 0, 14)",1,0.005,True,0.84,0.0,False,0.00044747369635413813,113,144.0,208.0,0.5305147171020508,0.4444444477558136,False,False,1
308,layer2.conv1,element,1,"(10, 3, 20)",0,0.0,False,0.84,0.0,False,0.00044747369635413813,242,-160.0,-128.0,0.3219280242919922,0.20000000298023224,False,False,1
309,layer2.conv1,element,2,"(31, 1, 8)",0,0.0,False,0.84,0.0,False,0.00044747369635413813,108,96.0,64.0,0.5849623680114746,0.3333333432674408,False,False,1
310,layer2.conv1,element,3,"(4, 1, 1)",2,0.01,True,0.84,0.0,False,0.00044747369635413813,243,-176.0,-352.0,1.0,1.0,False,False,1
311,layer2.conv1,element,6,"(4, 1, 20)",0,0.0,False,0.84,0.0,False,0.00044747369635413813,64,2.0,0.0,inf,1.0,False,False,1
312,layer2.conv1,element,2,"(12, 1, 22)",0,0.0,False,0.84,0.0,False,0.00044747369635413813,230,-56.0,-40.0,0.4854269027709961,0.2857142984867096,False,False,1
313,layer2.conv1,element,5,"(14, 3, 12)",0,0.0,False,0.84,0.0,False,0.00044747369635413813,243,-176.0,-11.0,4.0,0.9375,False,False,1
314,layer2.conv1,element,6,"(10, 3, 27)",2,0.01,True,0.84,0.0,False,0.00044747369635413813,104,64.0,0.25,8.0,0.99609375,False,False,1
315,layer2.conv1,element,1,"(15, 0, 7)",0,0.0,False,0.84,0.0,False,0.00044747369635413813,120,256.0,320.0,0.3219280242919922,0.25,False,False,1
316,layer2.conv1,element,5,"(27, 4, 13)",1,0.005,True,0.835,0.0050000000000000044,False,0.00044747369635413813,104,64.0,4.0,4.0,0.9375,False,False,1
317,layer2.conv1,element,6,"(14, 3, 31)",1,0.005,True,0.84,0.0,False,0.00044747369635413813,249,-288.0,-1.125,7.999999523162842,0.99609375,False,False,1
318,layer2.conv1,element,2,"(13, 1, 25)",0,0.0,False,0.84,0.0,False,0.00044747369635413813,103,60.0,44.0,0.44745874404907227,0.2666666805744171,False,False,1
319,layer2.conv1,element,6,"(20, 1, 24)",2,0.01,True,0.835,0.0050000000000000044,False,0.00044747369635413813,106,80.0,0.3125,8.0,0.99609375,False,False,1
320,layer2.conv1,element,6,"(2, 2, 26)",0,0.0,False,0.84,0.0,False,0.00044747369635413813,105,72.0,0.28125,8.0,0.99609375,False,False,1
321,layer2.conv1,element,1,"(28, 2, 17)",0,0.0,False,0.84,0.0,False,0.00044747369635413813,219,-22.0,-18.0,0.2895064353942871,0.1818181872367859,False,False,1
322,layer2.conv1,element,1,"(29, 2, 30)",0,0.0,False,0.84,0.0,False,0.00044747369635413813,105,72.0,88.0,0.2895064353942871,0.2222222238779068,False,False,1
323,layer2.conv1,element,5,"(0, 2, 31)",3,0.015,True,0.835,0.0050000000000000044,False,0.00044747369635413813,113,144.0,9.0,4.0,0.9375,False,False,1
324,layer2.conv1,element,3,"(19, 4, 3)",0,0.0,False,0.84,0.0,False,0.00044747369635413813,122,320.0,160.0,1.0,0.5,False,False,1
325,layer2.conv1,element,1,"(31, 3, 26)",0,0.0,False,0.84,0.0,False,0.00044747369635413813,104,64.0,80.0,0.3219280242919922,0.25,False,False,1
326,layer2.conv1,element,7,"(3, 3, 9)",4,0.02,True,0.835,0.0050000000000000044,False,0.00044747369635413813,241,-144.0,144.0,0.0,2.0,True,False,1
327,layer2.conv1,element,1,"(4, 3, 26)",0,0.0,False,0.84,0.0,False,0.00044747369635413813,246,-224.0,-192.0,0.22239255905151367,0.1428571492433548,False,False,1
328,layer2.conv1,element,1,"(3, 2, 25)",0,0.0,False,0.84,0.0,False,0.00044747369635413813,100,48.0,56.0,0.22239255905151367,0.1666666716337204,False,False,1
329,layer2.conv1,element,3,"(29, 1, 30)",3,0.015,True,0.835,0.0050000000000000044,False,0.00044747369635413813,250,-320.0,-160.0,1.0,0.5,False,False,1
330,layer2.conv1,element,2,"(14, 4, 3)",0,0.0,False,0.84,0.0,False,0.00044747369635413813,234,-80.0,-112.0,0.4854269027709961,0.4000000059604645,False,False,1
331,layer2.conv1,element,4,"(30, 2, 26)",1,0.005,True,0.84,0.0,False,0.00044747369635413813,240,-128.0,-32.0,2.0,0.75,False,False,1
332,layer2.conv1,element,2,"(2, 4, 8)",0,0.0,False,0.84,0.0,False,0.00044747369635413813,240,-128.0,-192.0,0.5849623680114746,0.5,False,False,1
333,layer2.conv1,element,3,"(21, 4, 14)",0,0.0,False,0.84,0.0,False,0.00044747369635413813,210,-10.0,-20.0,1.0,1.0,False,False,1
334,layer2.conv1,element,3,"(20, 0, 31)",1,0.005,True,0.84,0.0,False,0.00044747369635413813,251,-352.0,-176.0,1.0,0.5,False,False,1
335,layer2.conv1,element,4,"(17, 0, 27)",1,0.005,True,0.84,0.0,False,0.00044747369635413813,224,-32.0,-128.0,2.0,3.0,False,False,1
336,layer2.conv1,element,7,"(19, 3, 8)",3,0.015,True,0.84,0.0,False,0.00044747369635413813,234,-80.0,80.0,0.0,2.0,True,False,1
337,layer2.conv1,element,1,"(4, 0, 7)",1,0.005,True,0.84,0.0,False,0.00044747369635413813,123,352.0,288.0,0.2895069122314453,0.1818181872367859,False,False,1
338,layer2.conv1,element,3,"(1, 0, 3)",0,0.0,False,0.84,0.0,False,0.00044747369635413813,212,-12.0,-24.0,0.9999997615814209,1.0,False,False,1
339,layer2.conv1,element,6,"(19, 3, 14)",0,0.0,False,0.84,0.0,False,0.00044747369635413813,85,13.0,0.05078125,8.0,0.99609375,False,False,1
340,layer2.conv1,element,7,"(25, 3, 24)",0,0.0,False,0.84,0.0,False,0.00044747369635413813,232,-64.0,64.0,0.0,2.0,True,False,1
341,layer2.conv1,element,2,"(28, 3, 15)",1,0.005,True,0.84,0.0,False,0.00044747369635413813,116,192.0,128.0,0.5849623680114746,0.3333333432674408,False,False,1
342,layer2.conv1,element,7,"(25, 0, 25)",1,0.005,True,0.84,0.0,False,0.00044747369635413813,227,-44.0,44.0,0.0,2.0,True,False,1
343,layer2.conv1,element,7,"(14, 3, 12)",0,0.0,False,0.84,0.0,False,0.00044747369635413813,243,-176.0,176.0,0.0,2.0,True,False,1
344,layer2.conv1,element,2,"(29, 1, 9)",1,0.005,True,0.84,0.0,False,0.00044747369635413813,237,-104.0,-72.0,0.5305147171020508,0.3076923191547394,False,False,1
345,layer2.conv1,element,4,"(1, 0, 8)",0,0.0,False,0.84,0.0,False,0.00044747369635413813,117,208.0,52.0,2.0,0.75,False,False,1
346,layer2.conv1,element,5,"(21, 2, 0)",0,0.0,False,0.84,0.0,False,0.00044747369635413813,98,40.0,2.5,4.0,0.9375,False,False,1
347,layer2.conv1,element,2,"(16, 1, 29)",0,0.0,False,0.84,0.0,False,0.00044747369635413813,230,-56.0,-40.0,0.4854269027709961,0.2857142984867096,False,False,1
348,layer2.conv1,element,1,"(22, 0, 24)",1,0.005,True,0.84,0.0,False,0.00044747369635413813,112,128.0,160.0,0.3219280242919922,0.25,False,False,1
349,layer2.conv1,element,1,"(27, 3, 21)",0,0.0,False,0.84,0.0,False,0.00044747369635413813,229,-52.0,-60.0,0.2064504623413086,0.1538461595773697,False,False,1
350,layer2.conv1,element,3,"(5, 1, 2)",1,0.005,True,0.835,0.0050000000000000044,False,0.00044747369635413813,121,288.0,144.0,0.9999995231628418,0.5,False,False,1
351,layer2.conv1,element,3,"(24, 4, 6)",1,0.005,True,0.84,0.0,False,0.00044747369635413813,83,11.0,22.0,1.0,1.0,False,False,1
352,layer2.conv1,element,5,"(0, 3, 14)",5,0.025,True,0.835,0.0050000000000000044,False,0.00044747369635413813,88,16.0,256.0,4.0,15.0,False,False,1
353,layer2.conv1,element,3,"(14, 3, 6)",0,0.0,False,0.84,0.0,False,0.00044747369635413813,234,-80.0,-40.0,1.0,0.5,False,False,1
354,layer2.conv1,element,3,"(2, 0, 14)",0,0.0,False,0.84,0.0,False,0.00044747369635413813,231,-60.0,-120.0,1.0,1.0,False,False,1
355,layer2.conv1,element,4,"(7, 3, 25)",7,0.035,True,0.825,0.015000000000000013,False,0.00044747369635413813,108,96.0,384.0,2.000000476837158,3.0,False,False,1
356,layer2.conv1,element,5,"(30, 3, 28)",0,0.0,False,0.84,0.0,False,0.00044747369635413813,103,60.0,3.75,3.999999761581421,0.9375,False,False,1
357,layer2.conv1,element,3,"(13, 0, 3)",0,0.0,False,0.84,0.0,False,0.00044747369635413813,75,5.5,2.75,1.0,0.5,False,False,1
358,layer2.conv1,element,1,"(20, 2, 31)",1,0.005,True,0.84,0.0,False,0.00044747369635413813,249,-288.0,-352.0,0.2895069122314453,0.2222222238779068,False,False,1
359,layer2.conv1,element,0,"(30, 2, 10)",0,0.0,False,0.84,0.0,False,0.00044747369635413813,203,-5.5,-5.0,0.13750362396240234,0.09090909361839294,False,False,1
360,layer2.conv1,scale,6,"(16, 0)",10,0.05,True,0.84,0.0,False,0.0020043092649195773,117,117.0,53.0,64.0,inf,False,False,32
361,layer2.conv2,element,1,"(18, 3, 3)",0,0.0,False,0.84,0.0,False,0.00045631705003702625,99,44.0,36.0,0.2895064353942871,0.1818181872367859,False,False,1
362,layer2.conv2,element,4,"(1, 5, 28)",0,0.0,False,0.84,0.0,False,0.00045631705003702625,109,104.0,416.0,1.9999995231628418,3.0,False,False,1
363,layer2.conv2,element,2,"(3, 2, 21)",0,0.0,False,0.84,0.0,False,0.00045631705003702625,226,-40.0,-56.0,0.4854269027709961,0.4000000059604645,False,False,1
364,layer2.conv2,element,6,"(26, 4, 11)",1,0.005,True,0.84,0.0,False,0.00045631705003702625,110,112.0,0.4375,8.0,0.99609375,False,False,1
365,layer2.conv2,element,4,"(9, 8, 15)",0,0.0,False,0.84,0.0,False,0.00045631705003702625,79,7.5,30.0,1.999999761581421,3.0,False,False,1
366,layer2.conv2,element,5,"(26, 0, 2)",2,0.01,True,0.845,-0.0050000000000000044,False,0.00045631705003702625,121,288.0,18.0,3.999999523162842,0.9375,False,False,1
367,layer2.conv2,element,2,"(5, 2, 25)",0,0.0,False,0.84,0.0,False,0.00045631705003702625,113,144.0,208.0,0.5305147171020508,0.4444444477558136,False,False,1
368,layer2.conv2,element,3,"(29, 5, 3)",1,0.005,True,0.84,0.0,False,0.00045631705003702625,114,160.0,320.0,1.0,1.0,False,False,1
369,layer2.conv2,element,7,"(5, 5, 5)",2,0.01,True,0.835,0.0050000000000000044,False,0.00045631705003702625,112,128.0,-128.0,0.0,2.0,True,False,1
370,layer2.conv2,element,4,"(21, 2, 11)",2,0.01,True,0.84,0.0,False,0.00045631705003702625,114,160.0,40.0,2.0,0.75,False,False,1
371,layer2.conv2,element,1,"(14, 2, 24)",0,0.0,False,0.84,0.0,False,0.00045631705003702625,112,128.0,160.0,0.3219280242919922,0.25,False,False,1
372,layer2.conv2,element,0,"(5, 1, 8)",0,0.0,False,0.84,0.0,False,0.00045631705003702625,250,-320.0,-352.0,0.13750362396240234,0.10000000149011612,False,False,1
373,layer2.conv2,element,4,"(10, 6, 21)",1,0.005,True,0.84,0.0,False,0.00045631705003702625,238,-112.0,-448.0,2.0,3.0,False,False,1
374,layer2.conv2,element,6,"(14, 1, 8)",0,0.0,False,0.84,0.0,False,0.00045631705003702625,243,-176.0,-0.6875,8.0,0.99609375,False,False,1
375,layer2.conv2,element,6,"(7, 2, 6)",0,0.0,False,0.84,0.0,False,0.00045631705003702625,240,-128.0,-0.5,8.0,0.99609375,False,False,1
376,layer2.conv2,element,0,"(14, 0, 17)",0,0.0,False,0.84,0.0,False,0.00045631705003702625,249,-288.0,-256.0,0.16992473602294922,0.1111111119389534,False,False,1
377,layer2.conv2,element,7,"(3, 8, 2)",0,0.0,False,0.84,0.0,False,0.00045631705003702625,234,-80.0,80.0,0.0,2.0,True,False,1
378,layer2.conv2,element,5,"(20, 2, 3)",0,0.0,False,0.84,0.0,False,0.00045631705003702625,230,-56.0,-3.5,4.0,0.9375,False,False,1
379,layer2.conv2,element,6,"(30, 4, 19)",0,0.0,False,0.84,0.0,False,0.00045631705003702625,74,5.0,0.01953125,8.0,0.99609375,False,False,1
380,layer2.conv2,element,7,"(12, 1, 24)",3,0.015,True,0.83,0.010000000000000009,False,0.00045631705003702625,121,288.0,-288.0,0.0,2.0,True,False,1
381,layer2.conv2,element,1,"(14, 3, 30)",0,0.0,False,0.84,0.0,False,0.00045631705003702625,105,72.0,88.0,0.2895064353942871,0.2222222238779068,False,False,1
382,layer2.conv2,element,0,"(21, 5, 19)",0,0.0,False,0.84,0.0,False,0.00045631705003702625,242,-160.0,-176.0,0.13750362396240234,0.10000000149011612,False,False,1
383,layer2.conv2,element,6,"(29, 7, 24)",0,0.0,False,0.84,0.0,False,0.00045631705003702625,241,-144.0,-0.5625,8.0,0.99609375,False,False,1
384,layer2.conv2,element,7,"(6, 4, 23)",1,0.005,True,0.84,0.0,False,0.00045631705003702625,98,40.0,-40.0,0.0,2.0,True,False,1
385,layer2.conv2,element,5,"(4, 8, 26)",1,0.005,True,0.84,0.0,False,0.00045631705003702625,249,-288.0,-18.0,3.999999523162842,0.9375,False,False,1
386,layer2.conv2,element,6,"(11, 2, 24)",0,0.0,False,0.84,0.0,False,0.00045631705003702625,87,15.0,0.05859375,8.0,0.99609375,False,False,1
387,layer2.conv2,element,3,"(30, 5, 23)",0,0.0,False,0.84,0.0,False,0.00045631705003702625,235,-88.0,-44.0,1.0,0.5,False,False,1
388,layer2.conv2,element,7,"(17, 3, 15)",1,0.005,True,0.84,0.0,False,0.00045631705003702625,102,56.0,-56.0,0.0,2.0,True,False,1
389,layer2.conv2,element,0,"(2, 1, 0)",0,0.0,False,0.84,0.0,False,0.00045631705003702625,240,-128.0,-144.0,0.16992521286010742,0.125,False,False,1
390,layer2.conv2,element,0,"(13, 6, 5)",0,0.0,False,0.84,0.0,False,0.00045631705003702625,241,-144.0,-128.0,0.16992521286010742,0.1111111119389534,False,False,1
391,layer2.conv2,element,1,"(31, 1, 16)",0,0.0,False,0.84,0.0,False,0.00045631705003702625,241,-144.0,-176.0,0.2895064353942871,0.2222222238779068,False,False,1
392,layer2.conv2,element,2,"(3, 8, 9)",0,0.0,False,0.84,0.0,False,0.00045631705003702625,118,224.0,160.0,0.4854269027709961,0.2857142984867096,False,False,1
393,layer2.conv2,element,5,"(7, 3, 26)",1,0.005,True,0.84,0.0,False,0.00045631705003702625,243,-176.0,-11.0,4.0,0.9375,False,False,1
394,layer2.conv2,element,2,"(30, 8, 5)",0,0.0,False,0.84,0.0,False,0.00045631705003702625,241,-144.0,-208.0,0.5305147171020508,0.4444444477558136,False,False,1
395,layer2.conv2,element,0,"(1, 5, 24)",0,0.0,False,0.84,0.0,False,0.00045631705003702625,246,-224.0,-240.0,0.09953546524047852,0.0714285746216774,False,False,1
396,layer2.conv2,element,7,"(22, 1, 2)",0,0.0,False,0.84,0.0,False,0.00045631705003702625,217,-18.0,18.0,0.0,2.0,True,False,1
397,layer2.conv2,element,2,"(17, 0, 18)",1,0.005,True,0.835,0.0050000000000000044,False,0.00045631705003702625,114,160.0,224.0,0.4854269027709961,0.4000000059604645,False,False,1
398,layer2.conv2,element,7,"(26, 5, 29)",0,0.0,False,0.84,0.0,False,0.00045631705003702625,79,7.5,-7.5,0.0,2.0,True,False,1
399,layer2.conv2,element,2,"(29, 2, 22)",0,0.0,False,0.84,0.0,False,0.00045631705003702625,109,104.0,72.0,0.5305147171020508,0.3076923191547394,False,False,1
400,layer2.conv2,element,5,"(11, 3, 30)",3,0.015,True,0.835,0.0050000000000000044,False,0.00045631705003702625,218,-20.0,-320.0,4.0,15.0,False,False,1
401,layer2.conv2,element,5,"(9, 5, 16)",1,0.005,True,0.84,0.0,False,0.00045631705003702625,114,160.0,10.0,4.0,0.9375,False,False,1
402,layer2.conv2,element,4,"(30, 2, 4)",2,0.01,True,0.835,0.0050000000000000044,False,0.00045631705003702625,122,320.0,80.0,2.0,0.75,False,False,1
403,layer2.conv2,element,2,"(19, 3, 2)",0,0.0,False,0.84,0.0,False,0.00045631705003702625,221,-26.0,-18.0,0.5305147171020508,0.3076923191547394,False,False,1
404,layer2.conv2,element,5,"(25, 8, 31)",1,0.005,True,0.84,0.0,False,0.00045631705003702625,237,-104.0,-6.5,4.0,0.9375,False,False,1
405,layer2.conv2,element,0,"(0, 7, 31)",0,0.0,False,0.84,0.0,False,0.00045631705003702625,246,-224.0,-240.0,0.09953546524047852,0.0714285746216774,False,False,1
406,layer2.conv2,element,2,"(31, 3, 3)",0,0.0,False,0.84,0.0,False,0.00045631705003702625,114,160.0,224.0,0.4854269027709961,0.4000000059604645,False,False,1
407,layer2.conv2,element,2,"(13, 7, 18)",0,0.0,False,0.84,0.0,False,0.00045631705003702625,242,-160.0,-224.0,0.4854269027709961,0.4000000059604645,False,False,1
408,layer2.conv2,element,6,"(6, 2, 27)",0,0.0,False,0.84,0.0,False,0.00045631705003702625,234,-80.0,-0.3125,8.0,0.99609375,False,False,1
409,layer2.conv2,element,2,"(20, 7, 2)",0,0.0,False,0.84,0.0,False,0.00045631705003702625,105,72.0,104.0,0.5305147171020508,0.4444444477558136,False,False,1
410,layer2.conv2,element,1,"(15, 2, 13)",0,0.0,False,0.84,0.0,False,0.00045631705003702625,100,48.0,56.0,0.22239255905151367,0.1666666716337204,False,False,1
411,layer2.conv2,element,5,"(23, 4, 24)",1,0.005,True,0.84,0.0,False,0.00045631705003702625,117,208.0,13.0,4.0,0.9375,False,False,1
412,layer2.conv2,element,3,"(12, 3, 3)",0,0.0,False,0.84,0.0,False,0.00045631705003702625,234,-80.0,-40.0,1.0,0.5,False,False,1
413,layer2.conv2,element,2,"(9, 3, 13)",0,0.0,False,0.84,0.0,False,0.00045631705003702625,254,-448.0,-320.0,0.4854269027709961,0.2857142984867096,False,False,1
414,layer2.conv2,element,6,"(19, 5, 25)",1,0.005,True,0.84,0.0,False,0.00045631705003702625,110,112.0,0.4375,8.0,0.99609375,False,False,1
415,layer2.conv2,element,5,"(29, 3, 9)",2,0.01,True,0.84,0.0,False,0.00045631705003702625,123,352.0,22.0,4.0,0.9375,False,False,1
416,layer2.conv2,element,2,"(8, 0, 2)",0,0.0,False,0.84,0.0,False,0.00045631705003702625,245,-208.0,-144.0,0.5305147171020508,0.3076923191547394,False,False,1
417,layer2.conv2,element,4,"(20, 2, 13)",1,0.005,True,0.84,0.0,False,0.00045631705003702625,116,192.0,48.0,2.0,0.75,False,False,1
418,layer2.conv2,element,7,"(3, 1, 29)",2,0.01,True,0.83,0.010000000000000009,False,0.00045631705003702625,250,-320.0,320.0,0.0,2.0,True,False,1
419,layer2.conv2,element,7,"(5, 1, 14)",1,0.005,True,0.84,0.0,False,0.00045631705003702625,225,-36.0,36.0,0.0,2.0,True,False,1
420,layer2.conv2,element,6,"(15, 2, 8)",1,0.005,True,0.84,0.0,False,0.00045631705003702625,108,96.0,0.375,8.0,0.99609375,False,False,1
421,layer2.conv2,element,5,"(1, 8, 23)",0,0.0,False,0.84,0.0,False,0.00045631705003702625,231,-60.0,-3.75,3.999999761581421,0.9375,False,False,1
422,layer2.conv2,element,4,"(20, 4, 5)",0,0.0,False,0.84,0.0,False,0.00045631705003702625,99,44.0,176.0,2.0,3.0,False,False,1
423,layer2.conv2,element,3,"(18, 5, 0)",0,0.0,False,0.84,0.0,False,0.00045631705003702625,117,208.0,416.0,0.9999995231628418,1.0,False,False,1
424,layer2.conv2,element,1,"(12, 2, 19)",0,0.0,False,0.84,0.0,False,0.00045631705003702625,107,88.0,72.0,0.2895064353942871,0.1818181872367859,False,False,1
425,layer2.conv2,element,3,"(24, 0, 1)",0,0.0,False,0.84,0.0,False,0.00045631705003702625,104,64.0,32.0,1.0,0.5,False,False,1
426,layer2.conv2,element,3,"(31, 5, 12)",0,0.0,False,0.84,0.0,False,0.00045631705003702625,232,-64.0,-32.0,1.0,0.5,False,False,1
427,layer2.conv2,element,3,"(29, 4, 23)",2,0.01,True,0.84,0.0,False,0.00045631705003702625,243,-176.0,-352.0,1.0,1.0,False,False,1
428,layer2.conv2,element,1,"(12, 8, 29)",0,0.0,False,0.84,0.0,False,0.00045631705003702625,240,-128.0,-160.0,0.3219280242919922,0.25,False,False,1
429,layer2.conv2,element,6,"(19, 2, 20)",0,0.0,False,0.84,0.0,False,0.00045631705003702625,228,-48.0,-0.1875,8.0,0.99609375,False,False,1
430,layer2.conv2,element,1,"(9, 5, 11)",0,0.0,False,0.84,0.0,False,0.00045631705003702625,113,144.0,176.0,0.2895064353942871,0.2222222238779068,False,False,1
431,layer2.conv2,element,1,"(2, 7, 10)",0,0.0,False,0.84,0.0,False,0.00045631705003702625,103,60.0,52.0,0.2064504623413086,0.13333334028720856,False,False,1
432,layer2.conv2,element,2,"(26, 0, 12)",0,0.0,False,0.84,0.0,False,0.00045631705003702625,230,-56.0,-40.0,0.4854269027709961,0.2857142984867096,False,False,1
433,layer2.conv2,element,3,"(12, 7, 29)",0,0.0,False,0.84,0.0,False,0.00045631705003702625,235,-88.0,-44.0,1.0,0.5,False,False,1
434,layer2.conv2,element,0,"(14, 8, 13)",0,0.0,False,0.84,0.0,False,0.00045631705003702625,106,80.0,88.0,0.13750362396240234,0.10000000149011612,False,False,1
435,layer2.conv2,element,4,"(13, 1, 15)",2,0.01,True,0.84,0.0,False,0.00045631705003702625,236,-96.0,-384.0,2.000000476837158,3.0,False,False,1
436,layer2.conv2,element,1,"(8, 6, 21)",0,0.0,False,0.84,0.0,False,0.00045631705003702625,68,3.0,3.5,0.22239243984222412,0.1666666716337204,False,False,1
437,layer2.conv2,element,3,"(22, 4, 15)",1,0.005,True,0.84,0.0,False,0.00045631705003702625,224,-32.0,-64.0,1.0,1.0,False,False,1
438,layer2.conv2,element,1,"(9, 1, 16)",0,0.0,False,0.84,0.0,False,0.00045631705003702625,104,64.0,80.0,0.3219280242919922,0.25,False,False,1
439,layer2.conv2,element,4,"(0, 6, 2)",1,0.005,True,0.84,0.0,False,0.00045631705003702625,235,-88.0,-352.0,2.0,3.0,False,False,1
440,layer2.conv2,element,5,"(30, 2, 24)",1,0.005,True,0.84,0.0,False,0.00045631705003702625,246,-224.0,-14.0,4.0,0.9375,False,False,1
441,layer2.conv2,element,3,"(22, 5, 31)",1,0.005,True,0.84,0.0,False,0.00045631705003702625,123,352.0,176.0,1.0,0.5,False,False,1
442,layer2.conv2,element,1,"(30, 6, 31)",1,0.005,True,0.84,0.0,False,0.00045631705003702625,250,-320.0,-256.0,0.3219280242919922,0.20000000298023224,False,False,1
443,layer2.conv2,element,3,"(26, 5, 21)",1,0.005,True,0.84,0.0,False,0.00045631705003702625,106,80.0,40.0,1.0,0.5,False,False,1
444,layer2.conv2,element,6,"(20, 6, 3)",0,0.0,False,0.84,0.0,False,0.00045631705003702625,124,384.0,1.5,8.0,0.99609375,False,False,1
445,layer2.conv2,element,5,"(31, 6, 5)",1,0.005,True,0.84,0.0,False,0.00045631705003702625,114,160.0,10.0,4.0,0.9375,False,False,1
446,layer2.conv2,element,0,"(8, 8, 9)",0,0.0,False,0.84,0.0,False,0.00045631705003702625,118,224.0,240.0,0.09953546524047852,0.0714285746216774,False,False,1
447,layer2.conv2,element,2,"(5, 1, 1)",0,0.0,False,0.84,0.0,False,0.00045631705003702625,240,-128.0,-192.0,0.5849623680114746,0.5,False,False,1
448,layer2.conv2,element,4,"(22, 6, 27)",1,0.005,True,0.84,0.0,False,0.00045631705003702625,113,144.0,36.0,2.0,0.75,False,False,1
449,layer2.conv2,element,4,"(21, 8, 22)",1,0.005,True,0.84,0.0,False,0.00045631705003702625,104,64.0,256.0,2.0,3.0,False,False,1
450,layer2.conv2,element,0,"(6, 8, 13)",0,0.0,False,0.84,0.0,False,0.00045631705003702625,207,-7.5,-7.0,0.09953570365905762,0.06666667014360428,False,False,1
451,layer2.conv2,element,5,"(31, 4, 23)",0,0.0,False,0.84,0.0,False,0.00045631705003702625,243,-176.0,-11.0,4.0,0.9375,False,False,1
452,layer2.conv2,element,0,"(10, 2, 24)",0,0.0,False,0.84,0.0,False,0.00045631705003702625,252,-384.0,-416.0,0.11547660827636719,0.0833333358168602,False,False,1
453,layer2.conv2,element,1,"(31, 2, 16)",0,0.0,False,0.84,0.0,False,0.00045631705003702625,249,-288.0,-352.0,0.2895069122314453,0.2222222238779068,False,False,1
454,layer2.conv2,element,5,"(17, 3, 0)",0,0.0,False,0.84,0.0,False,0.00045631705003702625,227,-44.0,-2.75,4.0,0.9375,False,False,1
455,layer2.conv2,element,2,"(5, 7, 23)",1,0.005,True,0.835,0.0050000000000000044,False,0.00045631705003702625,118,224.0,160.0,0.4854269027709961,0.2857142984867096,False,False,1
456,layer2.conv2,element,5,"(12, 7, 16)",0,0.0,False,0.84,0.0,False,0.00045631705003702625,105,72.0,4.5,4.0,0.9375,False,False,1
457,layer2.conv2,element,7,"(4, 1, 24)",3,0.015,True,0.845,-0.0050000000000000044,False,0.00045631705003702625,114,160.0,-160.0,0.0,2.0,True,False,1
458,layer2.conv2,element,2,"(11, 2, 3)",1,0.005,True,0.84,0.0,False,0.00045631705003702625,250,-320.0,-448.0,0.4854269027709961,0.4000000059604645,False,False,1
459,layer2.conv2,element,7,"(17, 6, 0)",0,0.0,False,0.84,0.0,False,0.00045631705003702625,92,24.0,-24.0,0.0,2.0,True,False,1
460,layer2.conv2,element,4,"(31, 1, 17)",1,0.005,True,0.835,0.0050000000000000044,False,0.00045631705003702625,250,-320.0,-80.0,2.0,0.75,False,False,1
461,layer2.conv2,element,7,"(30, 8, 23)",0,0.0,False,0.84,0.0,False,0.00045631705003702625,231,-60.0,60.0,0.0,2.0,True,False,1
462,layer2.conv2,element,6,"(5, 4, 0)",0,0.0,False,0.84,0.0,False,0.00045631705003702625,222,-28.0,-0.109375,8.0,0.99609375,False,False,1
463,layer2.conv2,element,0,"(21, 5, 1)",0,0.0,False,0.84,0.0,False,0.00045631705003702625,93,26.0,24.0,0.1154775619506836,0.07692307978868484,False,False,1
464,layer2.conv2,element,2,"(19, 5, 24)",1,0.005,True,0.84,0.0,False,0.00045631705003702625,227,-44.0,-60.0,0.44745874404907227,0.3636363744735718,False,False,1
465,layer2.conv2,element,6,"(12, 0, 4)",0,0.0,False,0.84,0.0,False,0.00045631705003702625,113,144.0,0.5625,8.0,0.99609375,False,False,1
466,layer2.conv2,element,6,"(1, 2, 3)",2,0.01,True,0.84,0.0,False,0.00045631705003702625,254,-448.0,-1.75,8.0,0.99609375,False,False,1
467,layer2.conv2,element,7,"(17, 5, 25)",0,0.0,False,0.84,0.0,False,0.00045631705003702625,71,3.75,-3.75,0.0,2.0,True,False,1
468,layer2.conv2,element,6,"(2, 8, 13)",2,0.01,True,0.84,0.0,False,0.00045631705003702625,109,104.0,0.40625,8.0,0.99609375,False,False,1
469,layer2.conv2,element,7,"(26, 1, 0)",0,0.0,False,0.84,0.0,False,0.00045631705003702625,205,-6.5,6.5,0.0,2.0,True,False,1
470,layer2.conv2,element,0,"(6, 6, 15)",0,0.0,False,0.84,0.0,False,0.00045631705003702625,251,-352.0,-320.0,0.13750362396240234,0.09090909361839294,False,False,1
471,layer2.conv2,element,5,"(24, 7, 22)",1,0.005,True,0.84,0.0,False,0.00045631705003702625,246,-224.0,-14.0,4.0,0.9375,False,False,1
472,layer2.conv2,element,1,"(31, 6, 19)",0,0.0,False,0.84,0.0,False,0.00045631705003702625,243,-176.0,-144.0,0.2895064353942871,0.1818181872367859,False,False,1
473,layer2.conv2,element,5,"(15, 6, 22)",0,0.0,False,0.84,0.0,False,0.00045631705003702625,231,-60.0,-3.75,3.999999761581421,0.9375,False,False,1
474,layer2.conv2,element,6,"(23, 2, 6)",1,0.005,True,0.84,0.0,False,0.00045631705003702625,224,-32.0,-0.125,8.0,0.99609375,False,False,1
475,layer2.conv2,element,5,"(13, 0, 30)",0,0.0,False,0.84,0.0,False,0.00045631705003702625,245,-208.0,-13.0,4.0,0.9375,False,False,1
476,layer2.conv2,element,7,"(27, 6, 31)",1,0.005,True,0.84,0.0,False,0.00045631705003702625,230,-56.0,56.0,0.0,2.0,True,False,1
477,layer2.conv2,element,4,"(22, 2, 23)",1,0.005,True,0.835,0.0050000000000000044,False,0.00045631705003702625,242,-160.0,-40.0,2.0,0.75,False,False,1
478,layer2.conv2,element,3,"(1, 5, 8)",0,0.0,False,0.84,0.0,False,0.00045631705003702625,227,-44.0,-88.0,1.0,1.0,False,False,1
479,layer2.conv2,element,6,"(12, 1, 14)",1,0.005,True,0.84,0.0,False,0.00045631705003702625,109,104.0,0.40625,8.0,0.99609375,False,False,1
480,layer2.conv2,element,1,"(21, 7, 8)",0,0.0,False,0.84,0.0,False,0.00045631705003702625,105,72.0,88.0,0.2895064353942871,0.2222222238779068,False,False,1
481,layer2.conv2,element,4,"(15, 7, 18)",0,0.0,False,0.84,0.0,False,0.00045631705003702625,122,320.0,80.0,2.0,0.75,False,False,1
482,layer2.conv2,element,7,"(14, 0, 22)",0,0.0,False,0.84,0.0,False,0.00045631705003702625,218,-20.0,20.0,0.0,2.0,True,False,1
483,layer2.conv2,element,1,"(14, 2, 25)",0,0.0,False,0.84,0.0,False,0.00045631705003702625,117,208.0,240.0,0.2064504623413086,0.1538461595773697,False,False,1
484,layer2.conv2,element,5,"(13, 2, 29)",0,0.0,False,0.84,0.0,False,0.00045631705003702625,230,-56.0,-3.5,4.0,0.9375,False,False,1
485,layer2.conv2,element,0,"(16, 8, 22)",0,0.0,False,0.84,0.0,False,0.00045631705003702625,117,208.0,192.0,0.1154775619506836,0.07692307978868484,False,False,1
486,layer2.conv2,element,7,"(22, 5, 31)",4,0.02,True,0.83,0.010000000000000009,False,0.00045631705003702625,123,352.0,-352.0,0.0,2.0,True,False,1
487,layer2.conv2,element,7,"(9, 1, 24)",1,0.005,True,0.84,0.0,False,0.00045631705003702625,235,-88.0,88.0,0.0,2.0,True,False,1
488,layer2.conv2,element,4,"(9, 7, 25)",1,0.005,True,0.84,0.0,False,0.00045631705003702625,120,256.0,64.0,2.0,0.75,False,False,1
489,layer2.conv2,element,6,"(15, 8, 7)",0,0.0,False,0.84,0.0,False,0.00045631705003702625,227,-44.0,-0.171875,8.0,0.99609375,False,False,1
490,layer2.conv2,element,4,"(16, 3, 28)",0,0.0,False,0.84,0.0,False,0.00045631705003702625,236,-96.0,-384.0,2.000000476837158,3.0,False,False,1
491,layer2.conv2,element,1,"(15, 6, 18)",0,0.0,False,0.84,0.0,False,0.00045631705003702625,97,36.0,44.0,0.2895064353942871,0.2222222238779068,False,False,1
492,layer2.conv2,element,3,"(8, 3, 2)",0,0.0,False,0.84,0.0,False,0.00045631705003702625,108,96.0,48.0,1.0,0.5,False,False,1
493,layer2.conv2,element,6,"(22, 8, 3)",0,0.0,False,0.84,0.0,False,0.00045631705003702625,226,-40.0,-0.15625,8.0,0.99609375,False,False,1
494,layer2.conv2,element,2,"(12, 4, 23)",0,0.0,False,0.84,0.0,False,0.00045631705003702625,248,-256.0,-384.0,0.5849628448486328,0.5,False,False,1
495,layer2.conv2,element,2,"(19, 3, 9)",0,0.0,False,0.84,0.0,False,0.00045631705003702625,235,-88.0,-120.0,0.44745874404907227,0.3636363744735718,False,False,1
496,layer2.conv2,element,5,"(17, 0, 19)",0,0.0,False,0.84,0.0,False,0.00045631705003702625,104,64.0,4.0,4.0,0.9375,False,False,1
497,layer2.conv2,element,5,"(25, 4, 30)",1,0.005,True,0.84,0.0,False,0.00045631705003702625,76,6.0,96.0,3.999999761581421,15.0,False,False,1
498,layer2.conv2,element,3,"(5, 0, 15)",1,0.005,True,0.84,0.0,False,0.00045631705003702625,251,-352.0,-176.0,1.0,0.5,False,False,1
499,layer2.conv2,element,2,"(5, 0, 27)",0,0.0,False,0.84,0.0,False,0.00045631705003702625,91,22.0,30.0,0.44745874404907227,0.3636363744735718,False,False,1
500,layer2.conv2,element,6,"(8, 7, 17)",0,0.0,False,0.84,0.0,False,0.00045631705003702625,231,-60.0,-0.234375,8.0,0.99609375,False,False,1
501,layer2.conv2,element,1,"(31, 0, 28)",0,0.0,False,0.84,0.0,False,0.00045631705003702625,248,-256.0,-320.0,0.3219280242919922,0.25,False,False,1
502,layer2.conv2,element,2,"(13, 4, 2)",0,0.0,False,0.84,0.0,False,0.00045631705003702625,233,-72.0,-104.0,0.5305147171020508,0.4444444477558136,False,False,1
503,layer2.conv2,element,1,"(0, 8, 7)",1,0.005,True,0.84,0.0,False,0.00045631705003702625,249,-288.0,-352.0,0.2895069122314453,0.2222222238779068,False,False,1
504,layer2.conv2,element,2,"(15, 1, 4)",1,0.005,True,0.84,0.0,False,0.00045631705003702625,227,-44.0,-60.0,0.44745874404907227,0.3636363744735718,False,False,1
505,layer2.conv2,element,0,"(8, 7, 29)",0,0.0,False,0.84,0.0,False,0.00045631705003702625,108,96.0,104.0,0.1154775619506836,0.0833333358168602,False,False,1
506,layer2.conv2,element,2,"(25, 5, 12)",0,0.0,False,0.84,0.0,False,0.00045631705003702625,108,96.0,64.0,0.5849623680114746,0.3333333432674408,False,False,1
507,layer2.conv2,element,0,"(0, 5, 31)",0,0.0,False,0.84,0.0,False,0.00045631705003702625,244,-192.0,-208.0,0.1154775619506836,0.0833333358168602,False,False,1
508,layer2.conv2,element,4,"(20, 5, 5)",2,0.01,True,0.835,0.0050000000000000044,False,0.00045631705003702625,236,-96.0,-384.0,2.000000476837158,3.0,False,False,1
509,layer2.conv2,element,0,"(1, 1, 24)",0,0.0,False,0.84,0.0,False,0.00045631705003702625,229,-52.0,-48.0,0.1154775619506836,0.07692307978868484,False,False,1
510,layer2.conv2,element,0,"(17, 8, 31)",200,1.0,True,0.0,0.84,True,0.00045631705003702625,126,448.0,,inf,inf,False,True,1
511,layer2.conv2,element,0,"(25, 5, 12)",0,0.0,False,0.84,0.0,False,0.00045631705003702625,108,96.0,104.0,0.1154775619506836,0.0833333358168602,False,False,1
512,layer2.conv2,element,1,"(27, 7, 16)",0,0.0,False,0.84,0.0,False,0.00045631705003702625,83,11.0,9.0,0.2895066738128662,0.1818181872367859,False,False,1
513,layer2.conv2,element,6,"(3, 7, 8)",1,0.005,True,0.84,0.0,False,0.00045631705003702625,232,-64.0,-0.25,8.0,0.99609375,False,False,1
514,layer2.conv2,element,5,"(6, 2, 26)",1,0.005,True,0.84,0.0,False,0.00045631705003702625,112,128.0,8.0,4.0,0.9375,False,False,1
515,layer2.conv2,element,4,"(5, 0, 16)",1,0.005,True,0.835,0.0050000000000000044,False,0.00045631705003702625,225,-36.0,-144.0,2.0,3.0,False,False,1
516,layer2.conv2,element,2,"(3, 2, 31)",0,0.0,False,0.84,0.0,False,0.00045631705003702625,103,60.0,44.0,0.44745874404907227,0.2666666805744171,False,False,1
517,layer2.conv2,element,1,"(0, 7, 6)",1,0.005,True,0.84,0.0,False,0.00045631705003702625,114,160.0,128.0,0.3219280242919922,0.20000000298023224,False,False,1
518,layer2.conv2,element,4,"(12, 5, 12)",1,0.005,True,0.84,0.0,False,0.00045631705003702625,112,128.0,32.0,2.0,0.75,False,False,1
519,layer2.conv2,element,4,"(14, 5, 30)",0,0.0,False,0.84,0.0,False,0.00045631705003702625,214,-14.0,-3.5,2.0,0.75,False,False,1
520,layer2.conv2,element,4,"(4, 3, 16)",1,0.005,True,0.84,0.0,False,0.00045631705003702625,240,-128.0,-32.0,2.0,0.75,False,False,1
521,layer2.conv2,element,4,"(26, 7, 23)",2,0.01,True,0.84,0.0,False,0.00045631705003702625,108,96.0,384.0,2.000000476837158,3.0,False,False,1
522,layer2.conv2,element,4,"(17, 7, 3)",1,0.005,True,0.84,0.0,False,0.00045631705003702625,230,-56.0,-224.0,2.0,3.0,False,False,1
523,layer2.conv2,element,3,"(25, 2, 29)",0,0.0,False,0.84,0.0,False,0.00045631705003702625,92,24.0,12.0,0.9999997615814209,0.5,False,False,1
524,layer2.conv2,element,0,"(18, 3, 6)",1,0.005,True,0.84,0.0,False,0.00045631705003702625,252,-384.0,-416.0,0.11547660827636719,0.0833333358168602,False,False,1
525,layer2.conv2,element,1,"(17, 2, 11)",1,0.005,True,0.84,0.0,False,0.00045631705003702625,251,-352.0,-288.0,0.2895069122314453,0.1818181872367859,False,False,1
526,layer2.conv2,element,0,"(4, 1, 28)",0,0.0,False,0.84,0.0,False,0.00045631705003702625,227,-44.0,-40.0,0.13750362396240234,0.09090909361839294,False,False,1
527,layer2.conv2,element,3,"(12, 4, 20)",1,0.005,True,0.84,0.0,False,0.00045631705003702625,112,128.0,256.0,1.0,1.0,False,False,1
528,layer2.conv2,element,4,"(22, 8, 7)",1,0.005,True,0.835,0.0050000000000000044,False,0.00045631705003702625,102,56.0,224.0,2.0,3.0,False,False,1
529,layer2.conv2,element,6,"(7, 7, 24)",0,0.0,False,0.84,0.0,False,0.00045631705003702625,230,-56.0,-0.21875,8.0,0.99609375,False,False,1
530,layer2.conv2,element,3,"(17, 7, 9)",2,0.01,True,0.835,0.0050000000000000044,False,0.00045631705003702625,112,128.0,256.0,1.0,1.0,False,False,1
531,layer2.conv2,element,3,"(20, 5, 16)",1,0.005,True,0.835,0.0050000000000000044,False,0.00045631705003702625,98,40.0,80.0,1.0,1.0,False,False,1
532,layer2.conv2,element,7,"(13, 4, 28)",0,0.0,False,0.84,0.0,False,0.00045631705003702625,105,72.0,-72.0,0.0,2.0,True,False,1
533,layer2.conv2,element,4,"(31, 8, 0)",2,0.01,True,0.84,0.0,False,0.00045631705003702625,118,224.0,56.0,2.0,0.75,False,False,1
534,layer2.conv2,element,3,"(29, 3, 7)",2,0.01,True,0.84,0.0,False,0.00045631705003702625,243,-176.0,-352.0,1.0,1.0,False,False,1
535,layer2.conv2,element,7,"(19, 7, 25)",3,0.015,True,0.835,0.0050000000000000044,False,0.00045631705003702625,110,112.0,-112.0,0.0,2.0,True,False,1
536,layer2.conv2,element,5,"(27, 3, 16)",0,0.0,False,0.84,0.0,False,0.00045631705003702625,233,-72.0,-4.5,4.0,0.9375,False,False,1
537,layer2.conv2,element,1,"(25, 3, 26)",0,0.0,False,0.84,0.0,False,0.00045631705003702625,114,160.0,128.0,0.3219280242919922,0.20000000298023224,False,False,1
538,layer2.conv2,element,6,"(7, 0, 20)",0,0.0,False,0.84,0.0,False,0.00045631705003702625,64,2.0,0.0,inf,1.0,False,False,1
539,layer2.conv2,element,5,"(7, 6, 24)",1,0.005,True,0.84,0.0,False,0.00045631705003702625,243,-176.0,-11.0,4.0,0.9375,False,False,1
540,layer2.conv2,element,1,"(5, 2, 31)",0,0.0,False,0.84,0.0,False,0.00045631705003702625,106,80.0,64.0,0.3219280242919922,0.20000000298023224,False,False,1
541,layer2.conv2,element,3,"(3, 5, 0)",2,0.01,True,0.84,0.0,False,0.00045631705003702625,122,320.0,160.0,1.0,0.5,False,False,1
542,layer2.conv2,element,4,"(29, 2, 21)",2,0.01,True,0.835,0.0050000000000000044,False,0.00045631705003702625,105,72.0,288.0,1.9999995231628418,3.0,False,False,1
543,layer2.conv2,element,6,"(12, 7, 14)",1,0.005,True,0.835,0.0050000000000000044,False,0.00045631705003702625,249,-288.0,-1.125,7.999999523162842,0.99609375,False,False,1
544,layer2.conv2,element,3,"(5, 0, 9)",0,0.0,False,0.84,0.0,False,0.00045631705003702625,236,-96.0,-48.0,1.0,0.5,False,False,1
545,layer2.conv2,element,2,"(9, 3, 5)",0,0.0,False,0.84,0.0,False,0.00045631705003702625,232,-64.0,-96.0,0.5849623680114746,0.5,False,False,1
546,layer2.conv2,element,4,"(24, 2, 2)",1,0.005,True,0.84,0.0,False,0.00045631705003702625,120,256.0,64.0,2.0,0.75,False,False,1
547,layer2.conv2,element,4,"(11, 3, 21)",1,0.005,True,0.84,0.0,False,0.00045631705003702625,233,-72.0,-288.0,1.9999995231628418,3.0,False,False,1
548,layer2.conv2,element,4,"(10, 0, 0)",0,0.0,False,0.84,0.0,False,0.00045631705003702625,101,52.0,208.0,2.0,3.0,False,False,1
549,layer2.conv2,element,2,"(18, 5, 11)",1,0.005,True,0.84,0.0,False,0.00045631705003702625,109,104.0,72.0,0.5305147171020508,0.3076923191547394,False,False,1
550,layer2.conv2,element,1,"(11, 5, 0)",0,0.0,False,0.84,0.0,False,0.00045631705003702625,236,-96.0,-112.0,0.22239255905151367,0.1666666716337204,False,False,1
551,layer2.conv2,element,6,"(13, 4, 5)",0,0.0,False,0.84,0.0,False,0.00045631705003702625,107,88.0,0.34375,8.0,0.99609375,False,False,1
552,layer2.conv2,element,7,"(17, 6, 15)",2,0.01,True,0.835,0.0050000000000000044,False,0.00045631705003702625,244,-192.0,192.0,0.0,2.0,True,False,1
553,layer2.conv2,element,7,"(11, 2, 3)",3,0.015,True,0.845,-0.0050000000000000044,False,0.00045631705003702625,250,-320.0,320.0,0.0,2.0,True,False,1
554,layer2.conv2,element,0,"(29, 5, 21)",0,0.0,False,0.84,0.0,False,0.00045631705003702625,243,-176.0,-160.0,0.13750362396240234,0.09090909361839294,False,False,1
555,layer2.conv2,element,5,"(22, 2, 10)",2,0.01,True,0.835,0.0050000000000000044,False,0.00045631705003702625,124,384.0,24.0,4.000000476837158,0.9375,False,False,1
556,layer2.conv2,element,2,"(0, 0, 18)",1,0.005,True,0.84,0.0,False,0.00045631705003702625,233,-72.0,-104.0,0.5305147171020508,0.4444444477558136,False,False,1
557,layer2.conv2,element,7,"(26, 0, 4)",1,0.005,True,0.84,0.0,False,0.00045631705003702625,104,64.0,-64.0,0.0,2.0,True,False,1
558,layer2.conv2,element,5,"(5, 1, 23)",1,0.005,True,0.835,0.0050000000000000044,False,0.00045631705003702625,111,120.0,7.5,3.999999761581421,0.9375,False,False,1
559,layer2.conv2,element,5,"(17, 2, 2)",1,0.005,True,0.84,0.0,False,0.00045631705003702625,249,-288.0,-18.0,3.999999523162842,0.9375,False,False,1
560,layer2.conv2,element,4,"(23, 0, 13)",2,0.01,True,0.84,0.0,False,0.00045631705003702625,233,-72.0,-288.0,1.9999995231628418,3.0,False,False,1
561,layer2.conv2,element,6,"(7, 7, 16)",0,0.0,False,0.84,0.0,False,0.00045631705003702625,245,-208.0,-0.8125,8.0,0.99609375,False,False,1
562,layer2.conv2,element,1,"(12, 5, 19)",0,0.0,False,0.84,0.0,False,0.00045631705003702625,227,-44.0,-36.0,0.2895064353942871,0.1818181872367859,False,False,1
563,layer2.conv2,element,7,"(28, 8, 18)",4,0.02,True,0.83,0.010000000000000009,False,0.00045631705003702625,114,160.0,-160.0,0.0,2.0,True,False,1
564,layer2.conv2,element,3,"(9, 1, 28)",0,0.0,False,0.84,0.0,False,0.00045631705003702625,219,-22.0,-11.0,1.0,0.5,False,False,1
565,layer2.conv2,element,2,"(3, 7, 1)",0,0.0,False,0.84,0.0,False,0.00045631705003702625,236,-96.0,-64.0,0.5849623680114746,0.3333333432674408,False,False,1
566,layer2.conv2,element,3,"(30, 7, 10)",0,0.0,False,0.84,0.0,False,0.00045631705003702625,241,-144.0,-288.0,0.9999995231628418,1.0,False,False,1
567,layer2.conv2,element,7,"(12, 4, 30)",1,0.005,True,0.84,0.0,False,0.00045631705003702625,229,-52.0,52.0,0.0,2.0,True,False,1
568,layer2.conv2,element,1,"(8, 4, 1)",0,0.0,False,0.84,0.0,False,0.00045631705003702625,250,-320.0,-256.0,0.3219280242919922,0.20000000298023224,False,False,1
569,layer2.conv2,element,3,"(29, 6, 13)",1,0.005,True,0.84,0.0,False,0.00045631705003702625,111,120.0,60.0,1.0,0.5,False,False,1
570,layer2.conv2,element,6,"(22, 7, 21)",1,0.005,True,0.835,0.0050000000000000044,False,0.00045631705003702625,237,-104.0,-0.40625,8.0,0.99609375,False,False,1
571,layer2.conv2,element,3,"(22, 8, 8)",0,0.0,False,0.84,0.0,False,0.00045631705003702625,236,-96.0,-48.0,1.0,0.5,False,False,1
572,layer2.conv2,element,1,"(30, 7, 22)",0,0.0,False,0.84,0.0,False,0.00045631705003702625,115,176.0,144.0,0.2895064353942871,0.1818181872367859,False,False,1
573,layer2.conv2,element,1,"(2, 4, 8)",0,0.0,False,0.84,0.0,False,0.00045631705003702625,122,320.0,256.0,0.3219280242919922,0.20000000298023224,False,False,1
574,layer2.conv2,element,7,"(24, 3, 21)",0,0.0,False,0.84,0.0,False,0.00045631705003702625,98,40.0,-40.0,0.0,2.0,True,False,1
575,layer2.conv2,element,6,"(19, 2, 11)",0,0.0,False,0.84,0.0,False,0.00045631705003702625,237,-104.0,-0.40625,8.0,0.99609375,False,False,1
576,layer2.conv2,element,5,"(22, 6, 9)",1,0.005,True,0.835,0.0050000000000000044,False,0.00045631705003702625,247,-240.0,-15.0,3.999999761581421,0.9375,False,False,1
577,layer2.conv2,element,2,"(18, 6, 14)",0,0.0,False,0.84,0.0,False,0.00045631705003702625,244,-192.0,-128.0,0.5849623680114746,0.3333333432674408,False,False,1
578,layer2.conv2,element,0,"(23, 1, 9)",0,0.0,False,0.84,0.0,False,0.00045631705003702625,242,-160.0,-176.0,0.13750362396240234,0.10000000149011612,False,False,1
579,layer2.conv2,element,5,"(23, 1, 19)",0,0.0,False,0.84,0.0,False,0.00045631705003702625,99,44.0,2.75,4.0,0.9375,False,False,1
580,layer2.conv2,element,6,"(25, 6, 28)",0,0.0,False,0.84,0.0,False,0.00045631705003702625,112,128.0,0.5,8.0,0.99609375,False,False,1
581,layer2.conv2,element,1,"(10, 7, 28)",0,0.0,False,0.84,0.0,False,0.00045631705003702625,242,-160.0,-128.0,0.3219280242919922,0.20000000298023224,False,False,1
582,layer2.conv2,element,0,"(8, 6, 3)",0,0.0,False,0.84,0.0,False,0.00045631705003702625,246,-224.0,-240.0,0.09953546524047852,0.0714285746216774,False,False,1
583,layer2.conv2,element,2,"(15, 2, 27)",1,0.005,True,0.84,0.0,False,0.00045631705003702625,119,240.0,176.0,0.44745874404907227,0.2666666805744171,False,False,1
584,layer2.conv2,element,2,"(20, 0, 15)",1,0.005,True,0.84,0.0,False,0.00045631705003702625,119,240.0,176.0,0.44745874404907227,0.2666666805744171,False,False,1
585,layer2.conv2,element,3,"(10, 7, 0)",200,1.0,True,0.0,0.84,True,0.00045631705003702625,247,-240.0,,inf,inf,False,True,1
586,layer2.conv2,element,3,"(25, 6, 7)",0,0.0,False,0.84,0.0,False,0.00045631705003702625,243,-176.0,-352.0,1.0,1.0,False,False,1
587,layer2.conv2,element,1,"(22, 5, 26)",1,0.005,True,0.84,0.0,False,0.00045631705003702625,114,160.0,128.0,0.3219280242919922,0.20000000298023224,False,False,1
588,layer2.conv2,element,7,"(28, 3, 25)",1,0.005,True,0.84,0.0,False,0.00045631705003702625,231,-60.0,60.0,0.0,2.0,True,False,1
589,layer2.conv2,element,0,"(20, 0, 31)",0,0.0,False,0.84,0.0,False,0.00045631705003702625,227,-44.0,-40.0,0.13750362396240234,0.09090909361839294,False,False,1
590,layer2.conv2,element,5,"(28, 8, 28)",0,0.0,False,0.84,0.0,False,0.00045631705003702625,103,60.0,3.75,3.999999761581421,0.9375,False,False,1
591,layer2.conv2,element,6,"(13, 7, 0)",3,0.015,True,0.835,0.0050000000000000044,False,0.00045631705003702625,119,240.0,0.9375,8.0,0.99609375,False,False,1
592,layer2.conv2,element,3,"(28, 8, 10)",200,1.0,True,0.0,0.84,True,0.00045631705003702625,247,-240.0,,inf,inf,False,True,1
593,layer2.conv2,element,7,"(21, 8, 16)",7,0.035,True,0.85,-0.010000000000000009,False,0.00045631705003702625,118,224.0,-224.0,0.0,2.0,True,False,1
594,layer2.conv2,element,7,"(3, 1, 3)",1,0.005,True,0.84,0.0,False,0.00045631705003702625,110,112.0,-112.0,0.0,2.0,True,False,1
595,layer2.conv2,element,1,"(9, 6, 11)",0,0.0,False,0.84,0.0,False,0.00045631705003702625,225,-36.0,-44.0,0.2895064353942871,0.2222222238779068,False,False,1
596,layer2.conv2,element,1,"(12, 0, 12)",0,0.0,False,0.84,0.0,False,0.00045631705003702625,113,144.0,176.0,0.2895064353942871,0.2222222238779068,False,False,1
597,layer2.conv2,element,1,"(23, 7, 14)",0,0.0,False,0.84,0.0,False,0.00045631705003702625,235,-88.0,-72.0,0.2895064353942871,0.1818181872367859,False,False,1
598,layer2.conv2,element,0,"(14, 5, 14)",0,0.0,False,0.84,0.0,False,0.00045631705003702625,80,8.0,9.0,0.16992497444152832,0.125,False,False,1
599,layer2.conv2,element,2,"(11, 4, 7)",0,0.0,False,0.84,0.0,False,0.00045631705003702625,99,44.0,60.0,0.44745874404907227,0.3636363744735718,False,False,1
600,layer2.conv2,element,1,"(28, 4, 25)",0,0.0,False,0.84,0.0,False,0.00045631705003702625,237,-104.0,-120.0,0.2064504623413086,0.1538461595773697,False,False,1
601,layer2.conv2,element,0,"(30, 8, 7)",0,0.0,False,0.84,0.0,False,0.00045631705003702625,247,-240.0,-224.0,0.09953546524047852,0.06666667014360428,False,False,1
602,layer2.conv2,element,4,"(13, 3, 23)",0,0.0,False,0.84,0.0,False,0.00045631705003702625,67,2.75,11.0,2.0,3.0,False,False,1
603,layer2.conv2,element,5,"(7, 6, 22)",0,0.0,False,0.84,0.0,False,0.00045631705003702625,52,0.75,0.046875,4.0,0.9375,False,False,1
604,layer2.conv2,element,6,"(8, 4, 9)",1,0.005,True,0.84,0.0,False,0.00045631705003702625,241,-144.0,-0.5625,8.0,0.99609375,False,False,1
605,layer2.conv2,element,2,"(8, 2, 6)",0,0.0,False,0.84,0.0,False,0.00045631705003702625,113,144.0,208.0,0.5305147171020508,0.4444444477558136,False,False,1
606,layer2.conv2,element,2,"(0, 5, 23)",1,0.005,True,0.84,0.0,False,0.00045631705003702625,240,-128.0,-192.0,0.5849623680114746,0.5,False,False,1
607,layer2.conv2,element,4,"(18, 1, 24)",1,0.005,True,0.84,0.0,False,0.00045631705003702625,117,208.0,52.0,2.0,0.75,False,False,1
608,layer2.conv2,element,4,"(9, 2, 5)",0,0.0,False,0.84,0.0,False,0.00045631705003702625,220,-24.0,-6.0,1.999999761581421,0.75,False,False,1
609,layer2.conv2,element,7,"(20, 0, 12)",4,0.02,True,0.83,0.010000000000000009,False,0.00045631705003702625,119,240.0,-240.0,0.0,2.0,True,False,1
610,layer2.conv2,element,4,"(24, 8, 27)",1,0.005,True,0.84,0.0,False,0.00045631705003702625,233,-72.0,-288.0,1.9999995231628418,3.0,False,False,1
611,layer2.conv2,element,6,"(9, 4, 14)",4,0.02,True,0.85,-0.010000000000000009,False,0.00045631705003702625,250,-320.0,-1.25,8.0,0.99609375,False,False,1
612,layer2.conv2,element,0,"(0, 5, 25)",0,0.0,False,0.84,0.0,False,0.00045631705003702625,111,120.0,112.0,0.09953546524047852,0.06666667014360428,False,False,1
613,layer2.conv2,element,7,"(18, 4, 8)",4,0.02,True,0.84,0.0,False,0.00045631705003702625,242,-160.0,160.0,0.0,2.0,True,False,1
614,layer2.conv2,scale,7,"(12, 8)",200,1.0,True,0.0,0.84,True,0.0036077566768552387,116,116.0,244.0,128.0,inf,False,False,32
615,layer2.shortcut.0,element,0,"(3, 0, 13)",0,0.0,False,0.84,0.0,False,0.0004275859765161764,235,-88.0,-80.0,0.13750362396240234,0.09090909361839294,False,False,1
616,layer2.shortcut.0,element,7,"(18, 0, 13)",2,0.01,True,0.84,0.0,False,0.0004275859765161764,98,40.0,-40.0,0.0,2.0,True,False,1
617,layer2.shortcut.0,element,1,"(17, 0, 11)",0,0.0,False,0.84,0.0,False,0.0004275859765161764,110,112.0,96.0,0.22239255905151367,0.1428571492433548,False,False,1
618,layer2.shortcut.0,element,1,"(16, 0, 1)",1,0.005,True,0.84,0.0,False,0.0004275859765161764,238,-112.0,-96.0,0.22239255905151367,0.1428571492433548,False,False,1
619,layer2.shortcut.0,element,6,"(7, 0, 13)",3,0.015,True,0.84,0.0,False,0.0004275859765161764,115,176.0,0.6875,8.0,0.99609375,False,False,1
620,layer2.shortcut.0,element,6,"(1, 0, 3)",0,0.0,False,0.84,0.0,False,0.0004275859765161764,218,-20.0,-0.078125,8.0,0.99609375,False,False,1
621,layer2.shortcut.0,element,1,"(4, 0, 6)",0,0.0,False,0.84,0.0,False,0.0004275859765161764,87,15.0,13.0,0.2064509391784668,0.13333334028720856,False,False,1
622,layer2.shortcut.0,element,4,"(3, 0, 4)",2,0.01,True,0.835,0.0050000000000000044,False,0.0004275859765161764,226,-40.0,-160.0,2.0,3.0,False,False,1
623,layer2.shortcut.0,element,1,"(19, 0, 0)",1,0.005,True,0.84,0.0,False,0.0004275859765161764,103,60.0,52.0,0.2064504623413086,0.13333334028720856,False,False,1
624,layer2.shortcut.0,element,4,"(16, 0, 12)",2,0.01,True,0.84,0.0,False,0.0004275859765161764,244,-192.0,-48.0,2.0,0.75,False,False,1
625,layer2.shortcut.0,element,2,"(13, 0, 1)",1,0.005,True,0.84,0.0,False,0.0004275859765161764,227,-44.0,-60.0,0.44745874404907227,0.3636363744735718,False,False,1
626,layer2.shortcut.0,element,2,"(27, 0, 6)",0,0.0,False,0.84,0.0,False,0.0004275859765161764,224,-32.0,-48.0,0.5849623680114746,0.5,False,False,1
627,layer2.shortcut.0,element,4,"(12, 0, 0)",1,0.005,True,0.84,0.0,False,0.0004275859765161764,113,144.0,36.0,2.0,0.75,False,False,1
628,layer2.shortcut.0,element,7,"(13, 0, 13)",2,0.01,True,0.835,0.0050000000000000044,False,0.0004275859765161764,231,-60.0,60.0,0.0,2.0,True,False,1
629,layer2.shortcut.0,element,6,"(1, 0, 12)",1,0.005,True,0.835,0.0050000000000000044,False,0.0004275859765161764,235,-88.0,-0.34375,8.0,0.99609375,False,False,1
630,layer2.shortcut.0,scale,0,"(0, 0)",2,0.01,True,0.845,-0.0050000000000000044,False,2.3580108999053847e-05,117,117.0,116.0,1.0,inf,False,False,32
631,layer2.shortcut.0,scale,0,"(7, 0)",7,0.035,True,0.845,-0.0050000000000000044,False,2.3580108999053847e-05,116,116.0,117.0,1.0,inf,False,False,32
632,layer2.shortcut.0,scale,4,"(28, 0)",9,0.045,True,0.84,0.0,False,2.3580108999053847e-05,117,117.0,101.0,16.0,inf,False,False,32
633,layer2.shortcut.0,scale,0,"(19, 0)",6,0.03,True,0.85,-0.010000000000000009,False,2.3580108999053847e-05,117,117.0,116.0,1.0,inf,False,False,32
634,layer2.shortcut.0,scale,6,"(9, 0)",81,0.405,True,0.57,0.27,False,2.3580108999053847e-05,117,117.0,53.0,64.0,inf,False,False,32
635,layer2.shortcut.0,scale,3,"(16, 0)",171,0.855,True,0.14,0.7,False,2.3580108999053847e-05,117,117.0,125.0,8.0,inf,False,False,32
636,layer2.shortcut.0,scale,7,"(31, 0)",151,0.755,True,0.215,0.625,True,2.3580108999053847e-05,117,117.0,245.0,128.0,inf,False,False,32
637,layer2.shortcut.0,scale,1,"(14, 0)",12,0.06,True,0.83,0.010000000000000009,False,2.3580108999053847e-05,118,118.0,116.0,2.0,inf,False,False,32
638,layer2.shortcut.0,scale,3,"(0, 0)",130,0.65,True,0.335,0.5049999999999999,False,2.3580108999053847e-05,117,117.0,125.0,8.0,inf,False,False,32
639,layer2.shortcut.0,scale,7,"(18, 0)",200,1.0,True,0.0,0.84,True,2.3580108999053847e-05,118,118.0,246.0,128.0,inf,False,False,32
640,layer2.shortcut.0,scale,2,"(25, 0)",31,0.155,True,0.77,0.06999999999999995,False,2.3580108999053847e-05,117,117.0,113.0,4.0,inf,False,False,32
641,layer2.shortcut.0,scale,1,"(26, 0)",5,0.025,True,0.845,-0.0050000000000000044,False,2.3580108999053847e-05,113,113.0,115.0,2.0,inf,False,False,32
642,layer2.shortcut.0,scale,4,"(22, 0)",8,0.04,True,0.84,0.0,False,2.3580108999053847e-05,116,116.0,100.0,16.0,inf,False,False,32
643,layer2.shortcut.0,scale,5,"(6, 0)",6,0.03,True,0.84,0.0,False,2.3580108999053847e-05,116,116.0,84.0,32.0,inf,False,False,32
644,layer2.shortcut.0,scale,2,"(15, 0)",10,0.05,True,0.81,0.029999999999999916,False,2.3580108999053847e-05,115,115.0,119.0,4.0,inf,False,False,32
645,layer2.shortcut.0,scale,6,"(15, 0)",5,0.025,True,0.85,-0.010000000000000009,False,2.3580108999053847e-05,115,115.0,51.0,64.0,inf,False,False,32
646,layer2.shortcut.0,scale,0,"(23, 0)",3,0.015,True,0.825,0.015000000000000013,False,2.3580108999053847e-05,116,116.0,117.0,1.0,inf,False,False,32
647,layer3.conv1,element,4,"(42, 7, 23)",1,0.005,True,0.84,0.0,False,0.0004902259603370175,227,-44.0,-176.0,2.0,3.0,False,False,1
648,layer3.conv1,element,4,"(33, 5, 3)",1,0.005,True,0.84,0.0,False,0.0004902259603370175,114,160.0,40.0,2.0,0.75,False,False,1
649,layer3.conv1,element,5,"(59, 8, 15)",0,0.0,False,0.84,0.0,False,0.0004902259603370175,96,32.0,2.0,4.0,0.9375,False,False,1
650,layer3.conv1,element,7,"(51, 1, 9)",0,0.0,False,0.84,0.0,False,0.0004902259603370175,92,24.0,-24.0,0.0,2.0,True,False,1
651,layer3.conv1,element,0,"(53, 7, 9)",0,0.0,False,0.84,0.0,False,0.0004902259603370175,124,384.0,416.0,0.11547660827636719,0.0833333358168602,False,False,1
652,layer3.conv1,element,4,"(57, 0, 9)",0,0.0,False,0.84,0.0,False,0.0004902259603370175,251,-352.0,-88.0,2.0,0.75,False,False,1
653,layer3.conv1,element,1,"(1, 5, 12)",0,0.0,False,0.84,0.0,False,0.0004902259603370175,104,64.0,80.0,0.3219280242919922,0.25,False,False,1
654,layer3.conv1,element,5,"(62, 5, 12)",3,0.015,True,0.83,0.010000000000000009,False,0.0004902259603370175,124,384.0,24.0,4.000000476837158,0.9375,False,False,1
655,layer3.conv1,element,7,"(7, 1, 6)",0,0.0,False,0.84,0.0,False,0.0004902259603370175,234,-80.0,80.0,0.0,2.0,True,False,1
656,layer3.conv1,element,7,"(23, 4, 25)",0,0.0,False,0.84,0.0,False,0.0004902259603370175,236,-96.0,96.0,0.0,2.0,True,False,1
657,layer3.conv1,element,6,"(16, 2, 22)",1,0.005,True,0.84,0.0,False,0.0004902259603370175,107,88.0,0.34375,8.0,0.99609375,False,False,1
658,layer3.conv1,element,7,"(16, 0, 30)",0,0.0,False,0.84,0.0,False,0.0004902259603370175,246,-224.0,224.0,0.0,2.0,True,False,1
659,layer3.conv1,element,6,"(6, 2, 29)",0,0.0,False,0.84,0.0,False,0.0004902259603370175,249,-288.0,-1.125,7.999999523162842,0.99609375,False,False,1
660,layer3.conv1,element,6,"(7, 0, 26)",0,0.0,False,0.84,0.0,False,0.0004902259603370175,247,-240.0,-0.9375,8.0,0.99609375,False,False,1
661,layer3.conv1,element,7,"(17, 3, 27)",1,0.005,True,0.84,0.0,False,0.0004902259603370175,245,-208.0,208.0,0.0,2.0,True,False,1
662,layer3.conv1,element,2,"(27, 8, 8)",0,0.0,False,0.84,0.0,False,0.0004902259603370175,112,128.0,192.0,0.5849623680114746,0.5,False,False,1
663,layer3.conv1,element,7,"(15, 6, 1)",2,0.01,True,0.84,0.0,False,0.0004902259603370175,245,-208.0,208.0,0.0,2.0,True,False,1
664,layer3.conv1,element,6,"(51, 5, 27)",2,0.01,True,0.84,0.0,False,0.0004902259603370175,252,-384.0,-1.5,8.0,0.99609375,False,False,1
665,layer3.conv1,element,3,"(1, 4, 29)",0,0.0,False,0.84,0.0,False,0.0004902259603370175,216,-16.0,-8.0,1.0,0.5,False,False,1
666,layer3.conv1,element,7,"(15, 0, 4)",1,0.005,True,0.84,0.0,False,0.0004902259603370175,222,-28.0,28.0,0.0,2.0,True,False,1
667,layer3.conv1,element,6,"(62, 1, 25)",1,0.005,True,0.84,0.0,False,0.0004902259603370175,248,-256.0,-1.0,8.0,0.99609375,False,False,1
668,layer3.conv1,element,7,"(54, 3, 11)",0,0.0,False,0.84,0.0,False,0.0004902259603370175,216,-16.0,16.0,0.0,2.0,True,False,1
669,layer3.conv1,element,5,"(56, 5, 2)",1,0.005,True,0.84,0.0,False,0.0004902259603370175,239,-120.0,-7.5,3.999999761581421,0.9375,False,False,1
670,layer3.conv1,element,7,"(45, 4, 30)",0,0.0,False,0.84,0.0,False,0.0004902259603370175,248,-256.0,256.0,0.0,2.0,True,False,1
671,layer3.conv1,element,4,"(33, 5, 19)",1,0.005,True,0.84,0.0,False,0.0004902259603370175,237,-104.0,-416.0,1.9999995231628418,3.0,False,False,1
672,layer3.conv1,element,7,"(12, 7, 23)",1,0.005,True,0.84,0.0,False,0.0004902259603370175,231,-60.0,60.0,0.0,2.0,True,False,1
673,layer3.conv1,element,5,"(51, 2, 10)",0,0.0,False,0.84,0.0,False,0.0004902259603370175,112,128.0,8.0,4.0,0.9375,False,False,1
674,layer3.conv1,element,6,"(40, 3, 28)",0,0.0,False,0.84,0.0,False,0.0004902259603370175,112,128.0,0.5,8.0,0.99609375,False,False,1
675,layer3.conv1,element,2,"(56, 5, 23)",1,0.005,True,0.84,0.0,False,0.0004902259603370175,252,-384.0,-256.0,0.5849628448486328,0.3333333432674408,False,False,1
676,layer3.conv1,element,6,"(52, 4, 4)",0,0.0,False,0.84,0.0,False,0.0004902259603370175,122,320.0,1.25,8.0,0.99609375,False,False,1
677,layer3.conv1,element,6,"(57, 3, 23)",0,0.0,False,0.84,0.0,False,0.0004902259603370175,218,-20.0,-0.078125,8.0,0.99609375,False,False,1
678,layer3.conv1,element,3,"(59, 6, 10)",0,0.0,False,0.84,0.0,False,0.0004902259603370175,118,224.0,448.0,1.0,1.0,False,False,1
679,layer3.conv1,element,3,"(0, 3, 0)",0,0.0,False,0.84,0.0,False,0.0004902259603370175,90,20.0,10.0,1.0,0.5,False,False,1
680,layer3.conv1,element,5,"(10, 3, 13)",0,0.0,False,0.84,0.0,False,0.0004902259603370175,219,-22.0,-352.0,4.0,15.0,False,False,1
681,layer3.conv1,element,1,"(36, 2, 16)",0,0.0,False,0.84,0.0,False,0.0004902259603370175,121,288.0,352.0,0.2895069122314453,0.2222222238779068,False,False,1
682,layer3.conv1,element,7,"(52, 5, 15)",2,0.01,True,0.835,0.0050000000000000044,False,0.0004902259603370175,247,-240.0,240.0,0.0,2.0,True,False,1
683,layer3.conv1,element,0,"(55, 5, 11)",0,0.0,False,0.84,0.0,False,0.0004902259603370175,249,-288.0,-256.0,0.16992473602294922,0.1111111119389534,False,False,1
684,layer3.conv1,element,1,"(49, 5, 28)",0,0.0,False,0.84,0.0,False,0.0004902259603370175,240,-128.0,-160.0,0.3219280242919922,0.25,False,False,1
685,layer3.conv1,element,5,"(56, 4, 20)",0,0.0,False,0.84,0.0,False,0.0004902259603370175,120,256.0,16.0,4.0,0.9375,False,False,1
686,layer3.conv1,element,6,"(15, 5, 12)",1,0.005,True,0.84,0.0,False,0.0004902259603370175,213,-13.0,-0.05078125,8.0,0.99609375,False,False,1
687,layer3.conv1,element,1,"(53, 0, 20)",1,0.005,True,0.84,0.0,False,0.0004902259603370175,249,-288.0,-352.0,0.2895069122314453,0.2222222238779068,False,False,1
688,layer3.conv1,element,5,"(18, 7, 21)",1,0.005,True,0.84,0.0,False,0.0004902259603370175,99,44.0,2.75,4.0,0.9375,False,False,1
689,layer3.conv1,element,7,"(3, 0, 6)",1,0.005,True,0.84,0.0,False,0.0004902259603370175,243,-176.0,176.0,0.0,2.0,True,False,1
690,layer3.conv1,element,1,"(61, 2, 8)",0,0.0,False,0.84,0.0,False,0.0004902259603370175,121,288.0,352.0,0.2895069122314453,0.2222222238779068,False,False,1
691,layer3.conv1,element,1,"(36, 2, 11)",1,0.005,True,0.84,0.0,False,0.0004902259603370175,244,-192.0,-224.0,0.22239255905151367,0.1666666716337204,False,False,1
692,layer3.conv1,element,2,"(23, 1, 16)",1,0.005,True,0.84,0.0,False,0.0004902259603370175,120,256.0,384.0,0.5849628448486328,0.5,False,False,1
693,layer3.conv1,element,2,"(24, 0, 20)",0,0.0,False,0.84,0.0,False,0.0004902259603370175,109,104.0,72.0,0.5305147171020508,0.3076923191547394,False,False,1
694,layer3.conv1,element,4,"(18, 4, 14)",0,0.0,False,0.84,0.0,False,0.0004902259603370175,86,14.0,3.5,2.0,0.75,False,False,1
695,layer3.conv1,element,7,"(47, 3, 19)",0,0.0,False,0.84,0.0,False,0.0004902259603370175,241,-144.0,144.0,0.0,2.0,True,False,1
696,layer3.conv1,element,6,"(46, 0, 23)",0,0.0,False,0.84,0.0,False,0.0004902259603370175,239,-120.0,-0.46875,8.0,0.99609375,False,False,1
697,layer3.conv1,element,4,"(23, 4, 18)",0,0.0,False,0.84,0.0,False,0.0004902259603370175,231,-60.0,-240.0,2.0,3.0,False,False,1
698,layer3.conv1,element,4,"(8, 4, 17)",0,0.0,False,0.84,0.0,False,0.0004902259603370175,247,-240.0,-60.0,2.0,0.75,False,False,1
699,layer3.conv1,element,7,"(20, 5, 9)",4,0.02,True,0.85,-0.010000000000000009,False,0.0004902259603370175,125,416.0,-416.0,0.0,2.0,True,False,1
700,layer3.conv1,element,7,"(30, 8, 9)",1,0.005,True,0.84,0.0,False,0.0004902259603370175,214,-14.0,14.0,0.0,2.0,True,False,1
701,layer3.conv1,element,6,"(51, 4, 17)",0,0.0,False,0.84,0.0,False,0.0004902259603370175,104,64.0,0.25,8.0,0.99609375,False,False,1
702,layer3.conv1,element,6,"(22, 8, 9)",1,0.005,True,0.84,0.0,False,0.0004902259603370175,241,-144.0,-0.5625,8.0,0.99609375,False,False,1
703,layer3.conv1,element,0,"(31, 5, 16)",0,0.0,False,0.84,0.0,False,0.0004902259603370175,239,-120.0,-112.0,0.09953546524047852,0.06666667014360428,False,False,1
704,layer3.conv1,element,2,"(34, 7, 10)",0,0.0,False,0.84,0.0,False,0.0004902259603370175,95,30.0,22.0,0.44745874404907227,0.2666666805744171,False,False,1
705,layer3.conv1,element,1,"(9, 2, 20)",1,0.005,True,0.84,0.0,False,0.0004902259603370175,114,160.0,128.0,0.3219280242919922,0.20000000298023224,False,False,1
706,layer3.conv1,element,6,"(38, 5, 15)",0,0.0,False,0.84,0.0,False,0.0004902259603370175,239,-120.0,-0.46875,8.0,0.99609375,False,False,1
707,layer3.conv1,element,3,"(27, 3, 23)",1,0.005,True,0.84,0.0,False,0.0004902259603370175,242,-160.0,-320.0,1.0,1.0,False,False,1
708,layer3.conv1,element,0,"(40, 8, 22)",200,1.0,True,0.0,0.84,True,0.0004902259603370175,254,-448.0,,inf,inf,False,True,1
709,layer3.conv1,element,7,"(47, 4, 14)",1,0.005,True,0.84,0.0,False,0.0004902259603370175,234,-80.0,80.0,0.0,2.0,True,False,1
710,layer3.conv1,element,7,"(27, 6, 1)",1,0.005,True,0.84,0.0,False,0.0004902259603370175,98,40.0,-40.0,0.0,2.0,True,False,1
711,layer3.conv1,element,2,"(23, 0, 29)",0,0.0,False,0.84,0.0,False,0.0004902259603370175,99,44.0,60.0,0.44745874404907227,0.3636363744735718,False,False,1
712,layer3.conv1,element,7,"(56, 6, 27)",0,0.0,False,0.84,0.0,False,0.0004902259603370175,89,18.0,-18.0,0.0,2.0,True,False,1
713,layer3.conv1,element,3,"(48, 1, 10)",0,0.0,False,0.84,0.0,False,0.0004902259603370175,98,40.0,80.0,1.0,1.0,False,False,1
714,layer3.conv1,element,2,"(53, 4, 11)",0,0.0,False,0.84,0.0,False,0.0004902259603370175,111,120.0,88.0,0.44745874404907227,0.2666666805744171,False,False,1
715,layer3.conv1,element,3,"(46, 4, 1)",1,0.005,True,0.84,0.0,False,0.0004902259603370175,246,-224.0,-448.0,1.0,1.0,False,False,1
716,layer3.conv1,element,4,"(59, 6, 19)",1,0.005,True,0.84,0.0,False,0.0004902259603370175,117,208.0,52.0,2.0,0.75,False,False,1
717,layer3.conv1,element,2,"(55, 8, 8)",0,0.0,False,0.84,0.0,False,0.0004902259603370175,219,-22.0,-30.0,0.44745874404907227,0.3636363744735718,False,False,1
718,layer3.conv1,element,5,"(28, 4, 26)",2,0.01,True,0.84,0.0,False,0.0004902259603370175,120,256.0,16.0,4.0,0.9375,False,False,1
719,layer3.conv1,element,6,"(59, 8, 29)",0,0.0,False,0.84,0.0,False,0.0004902259603370175,226,-40.0,-0.15625,8.0,0.99609375,False,False,1
720,layer3.conv1,element,6,"(46, 6, 16)",0,0.0,False,0.84,0.0,False,0.0004902259603370175,227,-44.0,-0.171875,8.0,0.99609375,False,False,1
721,layer3.conv1,element,0,"(49, 3, 22)",0,0.0,False,0.84,0.0,False,0.0004902259603370175,105,72.0,64.0,0.16992521286010742,0.1111111119389534,False,False,1
722,layer3.conv1,element,3,"(27, 5, 2)",0,0.0,False,0.84,0.0,False,0.0004902259603370175,215,-15.0,-30.0,0.9999997615814209,1.0,False,False,1
723,layer3.conv1,element,1,"(25, 4, 6)",0,0.0,False,0.84,0.0,False,0.0004902259603370175,239,-120.0,-104.0,0.2064504623413086,0.13333334028720856,False,False,1
724,layer3.conv1,element,7,"(17, 7, 18)",1,0.005,True,0.84,0.0,False,0.0004902259603370175,237,-104.0,104.0,0.0,2.0,True,False,1
725,layer3.conv1,element,6,"(4, 6, 24)",1,0.005,True,0.84,0.0,False,0.0004902259603370175,247,-240.0,-0.9375,8.0,0.99609375,False,False,1
726,layer3.conv1,element,2,"(41, 6, 15)",0,0.0,False,0.84,0.0,False,0.0004902259603370175,115,176.0,240.0,0.44745874404907227,0.3636363744735718,False,False,1
727,layer3.conv1,element,4,"(60, 3, 26)",0,0.0,False,0.84,0.0,False,0.0004902259603370175,92,24.0,6.0,1.999999761581421,0.75,False,False,1
728,layer3.conv1,element,1,"(60, 4, 28)",0,0.0,False,0.84,0.0,False,0.0004902259603370175,230,-56.0,-48.0,0.22239255905151367,0.1428571492433548,False,False,1
729,layer3.conv1,element,4,"(25, 7, 1)",1,0.005,True,0.84,0.0,False,0.0004902259603370175,246,-224.0,-56.0,2.0,0.75,False,False,1
730,layer3.conv1,element,7,"(51, 4, 9)",1,0.005,True,0.84,0.0,False,0.0004902259603370175,236,-96.0,96.0,0.0,2.0,True,False,1
731,layer3.conv1,element,2,"(44, 0, 27)",0,0.0,False,0.84,0.0,False,0.0004902259603370175,237,-104.0,-72.0,0.5305147171020508,0.3076923191547394,False,False,1
732,layer3.conv1,element,1,"(18, 2, 8)",0,0.0,False,0.84,0.0,False,0.0004902259603370175,249,-288.0,-352.0,0.2895069122314453,0.2222222238779068,False,False,1
733,layer3.conv1,element,1,"(38, 4, 26)",0,0.0,False,0.84,0.0,False,0.0004902259603370175,200,-4.0,-5.0,0.3219280242919922,0.25,False,False,1
734,layer3.conv1,element,2,"(14, 5, 12)",0,0.0,False,0.84,0.0,False,0.0004902259603370175,105,72.0,104.0,0.5305147171020508,0.4444444477558136,False,False,1
735,layer3.conv1,element,3,"(58, 2, 13)",1,0.005,True,0.84,0.0,False,0.0004902259603370175,245,-208.0,-416.0,0.9999995231628418,1.0,False,False,1
736,layer3.conv1,element,5,"(49, 3, 14)",0,0.0,False,0.84,0.0,False,0.0004902259603370175,101,52.0,3.25,4.0,0.9375,False,False,1
737,layer3.conv1,element,7,"(42, 1, 22)",3,0.015,True,0.835,0.0050000000000000044,False,0.0004902259603370175,117,208.0,-208.0,0.0,2.0,True,False,1
738,layer3.conv1,element,2,"(45, 1, 4)",0,0.0,False,0.84,0.0,False,0.0004902259603370175,238,-112.0,-80.0,0.4854269027709961,0.2857142984867096,False,False,1
739,layer3.conv1,element,4,"(59, 6, 10)",1,0.005,True,0.84,0.0,False,0.0004902259603370175,118,224.0,56.0,2.0,0.75,False,False,1
740,layer3.conv1,element,7,"(55, 2, 13)",1,0.005,True,0.84,0.0,False,0.0004902259603370175,254,-448.0,448.0,0.0,2.0,True,False,1
741,layer3.conv1,element,4,"(29, 2, 31)",0,0.0,False,0.84,0.0,False,0.0004902259603370175,85,13.0,3.25,2.0,0.75,False,False,1
742,layer3.conv1,element,4,"(9, 3, 9)",0,0.0,False,0.84,0.0,False,0.0004902259603370175,80,8.0,2.0,2.0,0.75,False,False,1
743,layer3.conv1,element,7,"(58, 7, 11)",1,0.005,True,0.84,0.0,False,0.0004902259603370175,115,176.0,-176.0,0.0,2.0,True,False,1
744,layer3.conv1,element,7,"(55, 1, 10)",0,0.0,False,0.84,0.0,False,0.0004902259603370175,192,-2.0,2.0,0.0,2.0,True,False,1
745,layer3.conv1,element,7,"(37, 4, 26)",1,0.005,True,0.84,0.0,False,0.0004902259603370175,243,-176.0,176.0,0.0,2.0,True,False,1
746,layer3.conv1,element,1,"(27, 6, 6)",1,0.005,True,0.84,0.0,False,0.0004902259603370175,99,44.0,36.0,0.2895064353942871,0.1818181872367859,False,False,1
747,layer3.conv1,element,7,"(13, 1, 11)",1,0.005,True,0.84,0.0,False,0.0004902259603370175,242,-160.0,160.0,0.0,2.0,True,False,1
748,layer3.conv1,element,6,"(17, 4, 14)",0,0.0,False,0.84,0.0,False,0.0004902259603370175,120,256.0,1.0,8.0,0.99609375,False,False,1
749,layer3.conv1,element,7,"(59, 6, 1)",0,0.0,False,0.84,0.0,False,0.0004902259603370175,224,-32.0,32.0,0.0,2.0,True,False,1
750,layer3.conv1,element,3,"(21, 8, 22)",0,0.0,False,0.84,0.0,False,0.0004902259603370175,249,-288.0,-144.0,0.9999995231628418,0.5,False,False,1
751,layer3.conv1,element,5,"(11, 6, 14)",1,0.005,True,0.84,0.0,False,0.0004902259603370175,108,96.0,6.0,3.999999761581421,0.9375,False,False,1
752,layer3.conv1,element,6,"(63, 5, 8)",1,0.005,True,0.84,0.0,False,0.0004902259603370175,241,-144.0,-0.5625,8.0,0.99609375,False,False,1
753,layer3.conv1,element,2,"(56, 5, 21)",0,0.0,False,0.84,0.0,False,0.0004902259603370175,219,-22.0,-30.0,0.44745874404907227,0.3636363744735718,False,False,1
754,layer3.conv1,element,6,"(61, 1, 21)",1,0.005,True,0.84,0.0,False,0.0004902259603370175,45,0.40625,104.0,8.0,255.0,False,False,1
755,layer3.conv1,element,5,"(35, 5, 22)",1,0.005,True,0.84,0.0,False,0.0004902259603370175,89,18.0,288.0,3.999999523162842,15.0,False,False,1
756,layer3.conv1,element,7,"(5, 3, 7)",1,0.005,True,0.84,0.0,False,0.0004902259603370175,112,128.0,-128.0,0.0,2.0,True,False,1
757,layer3.conv1,element,2,"(58, 8, 20)",1,0.005,True,0.84,0.0,False,0.0004902259603370175,110,112.0,80.0,0.4854269027709961,0.2857142984867096,False,False,1
758,layer3.conv1,element,2,"(20, 1, 17)",0,0.0,False,0.84,0.0,False,0.0004902259603370175,118,224.0,160.0,0.4854269027709961,0.2857142984867096,False,False,1
759,layer3.conv1,element,6,"(50, 3, 11)",0,0.0,False,0.84,0.0,False,0.0004902259603370175,108,96.0,0.375,8.0,0.99609375,False,False,1
760,layer3.conv1,element,0,"(46, 0, 15)",0,0.0,False,0.84,0.0,False,0.0004902259603370175,241,-144.0,-128.0,0.16992521286010742,0.1111111119389534,False,False,1
761,layer3.conv1,element,1,"(63, 0, 2)",1,0.005,True,0.84,0.0,False,0.0004902259603370175,250,-320.0,-256.0,0.3219280242919922,0.20000000298023224,False,False,1
762,layer3.conv1,element,1,"(2, 2, 11)",1,0.005,True,0.84,0.0,False,0.0004902259603370175,249,-288.0,-352.0,0.2895069122314453,0.2222222238779068,False,False,1
763,layer3.conv1,element,3,"(61, 4, 6)",0,0.0,False,0.84,0.0,False,0.0004902259603370175,96,32.0,64.0,1.0,1.0,False,False,1
764,layer3.conv1,element,3,"(2, 2, 22)",0,0.0,False,0.84,0.0,False,0.0004902259603370175,217,-18.0,-9.0,1.000000238418579,0.5,False,False,1
765,layer3.conv1,element,6,"(9, 8, 1)",0,0.0,False,0.84,0.0,False,0.0004902259603370175,229,-52.0,-0.203125,8.0,0.99609375,False,False,1
766,layer3.conv1,element,7,"(2, 7, 27)",0,0.0,False,0.84,0.0,False,0.0004902259603370175,227,-44.0,44.0,0.0,2.0,True,False,1
767,layer3.conv1,element,3,"(14, 2, 7)",0,0.0,False,0.84,0.0,False,0.0004902259603370175,181,-0.8125,-1.625,1.0,1.0,False,False,1
768,layer3.conv1,element,4,"(55, 5, 7)",0,0.0,False,0.84,0.0,False,0.0004902259603370175,100,48.0,192.0,2.0,3.0,False,False,1
769,layer3.conv1,element,4,"(61, 2, 29)",0,0.0,False,0.84,0.0,False,0.0004902259603370175,60,1.5,0.375,2.0,0.75,False,False,1
770,layer3.conv1,element,3,"(21, 3, 7)",0,0.0,False,0.84,0.0,False,0.0004902259603370175,232,-64.0,-32.0,1.0,0.5,False,False,1
771,layer3.conv1,element,0,"(43, 8, 7)",0,0.0,False,0.84,0.0,False,0.0004902259603370175,228,-48.0,-52.0,0.1154775619506836,0.0833333358168602,False,False,1
772,layer3.conv1,element,6,"(20, 3, 19)",1,0.005,True,0.84,0.0,False,0.0004902259603370175,249,-288.0,-1.125,7.999999523162842,0.99609375,False,False,1
773,layer3.conv1,element,2,"(57, 1, 31)",0,0.0,False,0.84,0.0,False,0.0004902259603370175,230,-56.0,-40.0,0.4854269027709961,0.2857142984867096,False,False,1
774,layer3.conv1,element,5,"(50, 6, 30)",2,0.01,True,0.835,0.0050000000000000044,False,0.0004902259603370175,221,-26.0,-416.0,3.999999523162842,15.0,False,False,1
775,layer3.conv1,element,7,"(32, 0, 0)",0,0.0,False,0.84,0.0,False,0.0004902259603370175,241,-144.0,144.0,0.0,2.0,True,False,1
776,layer3.conv1,element,5,"(20, 3, 15)",0,0.0,False,0.84,0.0,False,0.0004902259603370175,103,60.0,3.75,3.999999761581421,0.9375,False,False,1
777,layer3.conv1,element,5,"(8, 7, 30)",0,0.0,False,0.84,0.0,False,0.0004902259603370175,230,-56.0,-3.5,4.0,0.9375,False,False,1
778,layer3.conv1,element,5,"(47, 2, 10)",0,0.0,False,0.84,0.0,False,0.0004902259603370175,240,-128.0,-8.0,4.0,0.9375,False,False,1
779,layer3.conv1,element,2,"(36, 5, 27)",1,0.005,True,0.84,0.0,False,0.0004902259603370175,240,-128.0,-192.0,0.5849623680114746,0.5,False,False,1
780,layer3.conv1,element,5,"(23, 5, 23)",0,0.0,False,0.84,0.0,False,0.0004902259603370175,110,112.0,7.0,4.0,0.9375,False,False,1
781,layer3.conv1,element,4,"(57, 0, 23)",0,0.0,False,0.84,0.0,False,0.0004902259603370175,99,44.0,176.0,2.0,3.0,False,False,1
782,layer3.conv1,element,6,"(19, 0, 11)",1,0.005,True,0.835,0.0050000000000000044,False,0.0004902259603370175,112,128.0,0.5,8.0,0.99609375,False,False,1
783,layer3.conv1,element,6,"(2, 6, 16)",1,0.005,True,0.84,0.0,False,0.0004902259603370175,98,40.0,0.15625,8.0,0.99609375,False,False,1
784,layer3.conv1,element,4,"(24, 7, 1)",0,0.0,False,0.84,0.0,False,0.0004902259603370175,217,-18.0,-4.5,2.000000238418579,0.75,False,False,1
785,layer3.conv1,element,6,"(32, 3, 19)",1,0.005,True,0.84,0.0,False,0.0004902259603370175,234,-80.0,-0.3125,8.0,0.99609375,False,False,1
786,layer3.conv1,element,0,"(10, 6, 25)",0,0.0,False,0.84,0.0,False,0.0004902259603370175,213,-13.0,-12.0,0.11547708511352539,0.07692307978868484,False,False,1
787,layer3.conv1,element,6,"(14, 3, 31)",0,0.0,False,0.84,0.0,False,0.0004902259603370175,242,-160.0,-0.625,8.0,0.99609375,False,False,1
788,layer3.conv1,element,7,"(4, 7, 6)",3,0.015,True,0.85,-0.010000000000000009,False,0.0004902259603370175,112,128.0,-128.0,0.0,2.0,True,False,1
789,layer3.conv1,element,2,"(61, 4, 26)",0,0.0,False,0.84,0.0,False,0.0004902259603370175,101,52.0,36.0,0.5305147171020508,0.3076923191547394,False,False,1
790,layer3.conv1,element,4,"(55, 6, 25)",0,0.0,False,0.84,0.0,False,0.0004902259603370175,106,80.0,320.0,2.0,3.0,False,False,1
791,layer3.conv1,element,1,"(31, 0, 15)",0,0.0,False,0.84,0.0,False,0.0004902259603370175,241,-144.0,-176.0,0.2895064353942871,0.2222222238779068,False,False,1
792,layer3.conv1,element,4,"(55, 5, 6)",0,0.0,False,0.84,0.0,False,0.0004902259603370175,112,128.0,32.0,2.0,0.75,False,False,1
793,layer3.conv1,element,5,"(57, 3, 31)",0,0.0,False,0.84,0.0,False,0.0004902259603370175,235,-88.0,-5.5,4.0,0.9375,False,False,1
794,layer3.conv1,element,7,"(29, 4, 13)",1,0.005,True,0.84,0.0,False,0.0004902259603370175,122,320.0,-320.0,0.0,2.0,True,False,1
795,layer3.conv1,element,4,"(53, 1, 13)",2,0.01,True,0.84,0.0,False,0.0004902259603370175,110,112.0,448.0,2.0,3.0,False,False,1
796,layer3.conv1,element,5,"(44, 0, 16)",0,0.0,False,0.84,0.0,False,0.0004902259603370175,234,-80.0,-5.0,4.0,0.9375,False,False,1
797,layer3.conv1,element,4,"(48, 2, 6)",1,0.005,True,0.84,0.0,False,0.0004902259603370175,105,72.0,288.0,1.9999995231628418,3.0,False,False,1
798,layer3.conv1,element,7,"(55, 1, 28)",2,0.01,True,0.84,0.0,False,0.0004902259603370175,253,-416.0,416.0,0.0,2.0,True,False,1
799,layer3.conv1,element,1,"(16, 7, 16)",0,0.0,False,0.84,0.0,False,0.0004902259603370175,119,240.0,208.0,0.2064504623413086,0.13333334028720856,False,False,1
800,layer3.conv1,element,1,"(25, 0, 1)",0,0.0,False,0.84,0.0,False,0.0004902259603370175,122,320.0,256.0,0.3219280242919922,0.20000000298023224,False,False,1
801,layer3.conv1,element,2,"(34, 7, 4)",1,0.005,True,0.84,0.0,False,0.0004902259603370175,232,-64.0,-96.0,0.5849623680114746,0.5,False,False,1
802,layer3.conv1,element,3,"(45, 5, 0)",1,0.005,True,0.84,0.0,False,0.0004902259603370175,227,-44.0,-88.0,1.0,1.0,False,False,1
803,layer3.conv1,element,6,"(42, 5, 5)",1,0.005,True,0.84,0.0,False,0.0004902259603370175,105,72.0,0.28125,8.0,0.99609375,False,False,1
804,layer3.conv1,element,0,"(48, 2, 24)",0,0.0,False,0.84,0.0,False,0.0004902259603370175,249,-288.0,-256.0,0.16992473602294922,0.1111111119389534,False,False,1
805,layer3.conv1,element,2,"(46, 6, 2)",0,0.0,False,0.84,0.0,False,0.0004902259603370175,216,-16.0,-24.0,0.5849623680114746,0.5,False,False,1
806,layer3.conv1,element,0,"(4, 8, 31)",0,0.0,False,0.84,0.0,False,0.0004902259603370175,97,36.0,32.0,0.16992521286010742,0.1111111119389534,False,False,1
807,layer3.conv1,element,6,"(21, 7, 9)",0,0.0,False,0.84,0.0,False,0.0004902259603370175,234,-80.0,-0.3125,8.0,0.99609375,False,False,1
808,layer3.conv1,element,2,"(8, 7, 18)",1,0.005,True,0.84,0.0,False,0.0004902259603370175,234,-80.0,-112.0,0.4854269027709961,0.4000000059604645,False,False,1
809,layer3.conv1,element,0,"(62, 8, 26)",0,0.0,False,0.84,0.0,False,0.0004902259603370175,107,88.0,80.0,0.13750362396240234,0.09090909361839294,False,False,1
810,layer3.conv1,element,5,"(48, 0, 6)",1,0.005,True,0.84,0.0,False,0.0004902259603370175,252,-384.0,-24.0,4.000000476837158,0.9375,False,False,1
811,layer3.conv1,element,7,"(32, 4, 29)",0,0.0,False,0.84,0.0,False,0.0004902259603370175,99,44.0,-44.0,0.0,2.0,True,False,1
812,layer3.conv1,element,2,"(45, 1, 14)",0,0.0,False,0.84,0.0,False,0.0004902259603370175,242,-160.0,-224.0,0.4854269027709961,0.4000000059604645,False,False,1
813,layer3.conv1,element,1,"(7, 4, 16)",0,0.0,False,0.84,0.0,False,0.0004902259603370175,233,-72.0,-88.0,0.2895064353942871,0.2222222238779068,False,False,1
814,layer3.conv1,element,5,"(11, 7, 22)",0,0.0,False,0.84,0.0,False,0.0004902259603370175,226,-40.0,-2.5,4.0,0.9375,False,False,1
815,layer3.conv1,element,3,"(41, 7, 19)",0,0.0,False,0.84,0.0,False,0.0004902259603370175,97,36.0,72.0,1.0,1.0,False,False,1
816,layer3.conv1,element,0,"(52, 8, 6)",0,0.0,False,0.84,0.0,False,0.0004902259603370175,123,352.0,320.0,0.13750362396240234,0.09090909361839294,False,False,1
817,layer3.conv1,element,7,"(44, 5, 24)",1,0.005,True,0.835,0.0050000000000000044,False,0.0004902259603370175,244,-192.0,192.0,0.0,2.0,True,False,1
818,layer3.conv1,element,1,"(51, 2, 10)",1,0.005,True,0.84,0.0,False,0.0004902259603370175,112,128.0,160.0,0.3219280242919922,0.25,False,False,1
819,layer3.conv1,element,2,"(25, 5, 25)",1,0.005,True,0.84,0.0,False,0.0004902259603370175,113,144.0,208.0,0.5305147171020508,0.4444444477558136,False,False,1
820,layer3.conv1,element,2,"(21, 2, 21)",0,0.0,False,0.84,0.0,False,0.0004902259603370175,89,18.0,26.0,0.5305147171020508,0.4444444477558136,False,False,1
821,layer3.conv1,element,1,"(32, 5, 30)",0,0.0,False,0.84,0.0,False,0.0004902259603370175,244,-192.0,-224.0,0.22239255905151367,0.1666666716337204,False,False,1
822,layer3.conv1,element,4,"(21, 7, 0)",0,0.0,False,0.84,0.0,False,0.0004902259603370175,254,-448.0,-112.0,2.0,0.75,False,False,1
823,layer3.conv1,element,7,"(14, 3, 3)",0,0.0,False,0.84,0.0,False,0.0004902259603370175,239,-120.0,120.0,0.0,2.0,True,False,1
824,layer3.conv1,element,5,"(7, 0, 22)",0,0.0,False,0.84,0.0,False,0.0004902259603370175,246,-224.0,-14.0,4.0,0.9375,False,False,1
825,layer3.conv1,element,7,"(52, 8, 7)",1,0.005,True,0.84,0.0,False,0.0004902259603370175,114,160.0,-160.0,0.0,2.0,True,False,1
826,layer3.conv1,element,3,"(28, 4, 19)",0,0.0,False,0.84,0.0,False,0.0004902259603370175,82,10.0,20.0,1.0,1.0,False,False,1
827,layer3.conv1,element,4,"(25, 8, 17)",1,0.005,True,0.835,0.0050000000000000044,False,0.0004902259603370175,237,-104.0,-416.0,1.9999995231628418,3.0,False,False,1
828,layer3.conv1,element,2,"(7, 0, 7)",0,0.0,False,0.84,0.0,False,0.0004902259603370175,109,104.0,72.0,0.5305147171020508,0.3076923191547394,False,False,1
829,layer3.conv1,element,0,"(61, 7, 29)",0,0.0,False,0.84,0.0,False,0.0004902259603370175,215,-15.0,-14.0,0.09953570365905762,0.06666667014360428,False,False,1
830,layer3.conv1,element,5,"(34, 7, 0)",0,0.0,False,0.84,0.0,False,0.0004902259603370175,254,-448.0,-28.0,4.0,0.9375,False,False,1
831,layer3.conv1,element,4,"(37, 5, 30)",0,0.0,False,0.84,0.0,False,0.0004902259603370175,244,-192.0,-48.0,2.0,0.75,False,False,1
832,layer3.conv1,element,0,"(39, 8, 24)",0,0.0,False,0.84,0.0,False,0.0004902259603370175,237,-104.0,-96.0,0.1154775619506836,0.07692307978868484,False,False,1
833,layer3.conv1,element,2,"(8, 3, 9)",1,0.005,True,0.84,0.0,False,0.0004902259603370175,248,-256.0,-384.0,0.5849628448486328,0.5,False,False,1
834,layer3.conv1,element,0,"(37, 2, 6)",0,0.0,False,0.84,0.0,False,0.0004902259603370175,242,-160.0,-176.0,0.13750362396240234,0.10000000149011612,False,False,1
835,layer3.conv1,element,1,"(41, 4, 23)",0,0.0,False,0.84,0.0,False,0.0004902259603370175,110,112.0,96.0,0.22239255905151367,0.1428571492433548,False,False,1
836,layer3.conv1,element,5,"(4, 5, 8)",1,0.005,True,0.84,0.0,False,0.0004902259603370175,107,88.0,5.5,4.0,0.9375,False,False,1
837,layer3.conv1,element,7,"(47, 7, 23)",0,0.0,False,0.84,0.0,False,0.0004902259603370175,105,72.0,-72.0,0.0,2.0,True,False,1
838,layer3.conv1,element,5,"(39, 7, 2)",0,0.0,False,0.84,0.0,False,0.0004902259603370175,116,192.0,12.0,3.999999761581421,0.9375,False,False,1
839,layer3.conv1,element,4,"(55, 8, 30)",0,0.0,False,0.84,0.0,False,0.0004902259603370175,97,36.0,144.0,2.0,3.0,False,False,1
840,layer3.conv1,element,7,"(48, 1, 8)",1,0.005,True,0.84,0.0,False,0.0004902259603370175,107,88.0,-88.0,0.0,2.0,True,False,1
841,layer3.conv1,element,3,"(22, 2, 21)",0,0.0,False,0.84,0.0,False,0.0004902259603370175,96,32.0,64.0,1.0,1.0,False,False,1
842,layer3.conv1,element,3,"(9, 0, 22)",1,0.005,True,0.84,0.0,False,0.0004902259603370175,241,-144.0,-288.0,0.9999995231628418,1.0,False,False,1
843,layer3.conv1,element,0,"(54, 6, 11)",0,0.0,False,0.84,0.0,False,0.0004902259603370175,224,-32.0,-36.0,0.16992521286010742,0.125,False,False,1
844,layer3.conv1,element,3,"(38, 0, 24)",0,0.0,False,0.84,0.0,False,0.0004902259603370175,242,-160.0,-320.0,1.0,1.0,False,False,1
845,layer3.conv1,element,2,"(48, 5, 23)",0,0.0,False,0.84,0.0,False,0.0004902259603370175,240,-128.0,-192.0,0.5849623680114746,0.5,False,False,1
846,layer3.conv1,element,4,"(52, 3, 24)",1,0.005,True,0.84,0.0,False,0.0004902259603370175,229,-52.0,-208.0,2.0,3.0,False,False,1
847,layer3.conv1,element,6,"(38, 1, 2)",0,0.0,False,0.84,0.0,False,0.0004902259603370175,93,26.0,0.1015625,8.0,0.99609375,False,False,1
848,layer3.conv1,element,1,"(12, 3, 16)",0,0.0,False,0.84,0.0,False,0.0004902259603370175,241,-144.0,-176.0,0.2895064353942871,0.2222222238779068,False,False,1
849,layer3.conv1,element,2,"(31, 8, 26)",0,0.0,False,0.84,0.0,False,0.0004902259603370175,246,-224.0,-160.0,0.4854269027709961,0.2857142984867096,False,False,1
850,layer3.conv1,element,1,"(58, 4, 4)",0,0.0,False,0.84,0.0,False,0.0004902259603370175,250,-320.0,-256.0,0.3219280242919922,0.20000000298023224,False,False,1
851,layer3.conv1,element,2,"(12, 4, 11)",0,0.0,False,0.84,0.0,False,0.0004902259603370175,245,-208.0,-144.0,0.5305147171020508,0.3076923191547394,False,False,1
852,layer3.conv1,element,2,"(62, 1, 26)",0,0.0,False,0.84,0.0,False,0.0004902259603370175,247,-240.0,-176.0,0.44745874404907227,0.2666666805744171,False,False,1
853,layer3.conv1,element,4,"(8, 8, 28)",1,0.005,True,0.84,0.0,False,0.0004902259603370175,249,-288.0,-72.0,1.9999995231628418,0.75,False,False,1
854,layer3.conv1,element,5,"(45, 4, 29)",0,0.0,False,0.84,0.0,False,0.0004902259603370175,247,-240.0,-15.0,3.999999761581421,0.9375,False,False,1
855,layer3.conv1,element,2,"(38, 8, 9)",0,0.0,False,0.84,0.0,False,0.0004902259603370175,103,60.0,44.0,0.44745874404907227,0.2666666805744171,False,False,1
856,layer3.conv1,element,2,"(55, 7, 9)",0,0.0,False,0.84,0.0,False,0.0004902259603370175,216,-16.0,-24.0,0.5849623680114746,0.5,False,False,1
857,layer3.conv1,element,4,"(16, 3, 6)",1,0.005,True,0.84,0.0,False,0.0004902259603370175,116,192.0,48.0,2.0,0.75,False,False,1
858,layer3.conv1,element,6,"(17, 3, 17)",0,0.0,False,0.84,0.0,False,0.0004902259603370175,93,26.0,0.1015625,8.0,0.99609375,False,False,1
859,layer3.conv1,element,6,"(12, 4, 11)",1,0.005,True,0.84,0.0,False,0.0004902259603370175,245,-208.0,-0.8125,8.0,0.99609375,False,False,1
860,layer3.conv1,element,2,"(42, 5, 0)",0,0.0,False,0.84,0.0,False,0.0004902259603370175,234,-80.0,-112.0,0.4854269027709961,0.4000000059604645,False,False,1
861,layer3.conv1,element,2,"(17, 5, 13)",0,0.0,False,0.84,0.0,False,0.0004902259603370175,220,-24.0,-16.0,0.5849623680114746,0.3333333432674408,False,False,1
862,layer3.conv1,element,1,"(59, 2, 14)",0,0.0,False,0.84,0.0,False,0.0004902259603370175,100,48.0,56.0,0.22239255905151367,0.1666666716337204,False,False,1
863,layer3.conv1,element,3,"(18, 2, 15)",1,0.005,True,0.84,0.0,False,0.0004902259603370175,111,120.0,60.0,1.0,0.5,False,False,1
864,layer3.conv1,element,4,"(2, 7, 24)",0,0.0,False,0.84,0.0,False,0.0004902259603370175,223,-30.0,-7.5,1.999999761581421,0.75,False,False,1
865,layer3.conv1,element,4,"(16, 5, 9)",2,0.01,True,0.84,0.0,False,0.0004902259603370175,236,-96.0,-384.0,2.000000476837158,3.0,False,False,1
866,layer3.conv1,element,6,"(52, 4, 25)",0,0.0,False,0.84,0.0,False,0.0004902259603370175,231,-60.0,-0.234375,8.0,0.99609375,False,False,1
867,layer3.conv1,element,2,"(11, 5, 16)",0,0.0,False,0.84,0.0,False,0.0004902259603370175,82,10.0,14.0,0.4854269027709961,0.4000000059604645,False,False,1
868,layer3.conv1,element,3,"(15, 1, 14)",0,0.0,False,0.84,0.0,False,0.0004902259603370175,242,-160.0,-320.0,1.0,1.0,False,False,1
869,layer3.conv1,element,1,"(8, 5, 20)",0,0.0,False,0.84,0.0,False,0.0004902259603370175,218,-20.0,-16.0,0.3219280242919922,0.20000000298023224,False,False,1
870,layer3.conv1,element,3,"(51, 2, 14)",0,0.0,False,0.84,0.0,False,0.0004902259603370175,241,-144.0,-288.0,0.9999995231628418,1.0,False,False,1
871,layer3.conv1,element,0,"(42, 6, 22)",0,0.0,False,0.84,0.0,False,0.0004902259603370175,115,176.0,160.0,0.13750362396240234,0.09090909361839294,False,False,1
872,layer3.conv1,element,3,"(41, 1, 1)",0,0.0,False,0.84,0.0,False,0.0004902259603370175,83,11.0,22.0,1.0,1.0,False,False,1
873,layer3.conv1,element,4,"(21, 8, 19)",0,0.0,False,0.84,0.0,False,0.0004902259603370175,241,-144.0,-36.0,2.0,0.75,False,False,1
874,layer3.conv1,element,0,"(51, 2, 22)",0,0.0,False,0.84,0.0,False,0.0004902259603370175,113,144.0,128.0,0.16992521286010742,0.1111111119389534,False,False,1
875,layer3.conv1,element,7,"(12, 2, 25)",0,0.0,False,0.84,0.0,False,0.0004902259603370175,91,22.0,-22.0,0.0,2.0,True,False,1
876,layer3.conv1,element,0,"(25, 5, 31)",0,0.0,False,0.84,0.0,False,0.0004902259603370175,234,-80.0,-88.0,0.13750362396240234,0.10000000149011612,False,False,1
877,layer3.conv1,element,0,"(12, 7, 21)",0,0.0,False,0.84,0.0,False,0.0004902259603370175,106,80.0,88.0,0.13750362396240234,0.10000000149011612,False,False,1
878,layer3.conv1,element,0,"(28, 7, 10)",0,0.0,False,0.84,0.0,False,0.0004902259603370175,242,-160.0,-176.0,0.13750362396240234,0.10000000149011612,False,False,1
879,layer3.conv1,element,6,"(25, 4, 25)",1,0.005,True,0.84,0.0,False,0.0004902259603370175,229,-52.0,-0.203125,8.0,0.99609375,False,False,1
880,layer3.conv1,element,6,"(59, 1, 12)",0,0.0,False,0.84,0.0,False,0.0004902259603370175,56,1.0,256.0,8.0,255.0,False,False,1
881,layer3.conv1,element,7,"(32, 2, 7)",0,0.0,False,0.84,0.0,False,0.0004902259603370175,115,176.0,-176.0,0.0,2.0,True,False,1
882,layer3.conv1,element,5,"(4, 5, 0)",0,0.0,False,0.84,0.0,False,0.0004902259603370175,49,0.5625,0.03515625,3.999999761581421,0.9375,False,False,1
883,layer3.conv1,element,4,"(14, 5, 20)",1,0.005,True,0.84,0.0,False,0.0004902259603370175,235,-88.0,-352.0,2.0,3.0,False,False,1
884,layer3.conv1,element,2,"(9, 8, 31)",0,0.0,False,0.84,0.0,False,0.0004902259603370175,227,-44.0,-60.0,0.44745874404907227,0.3636363744735718,False,False,1
885,layer3.conv1,element,7,"(40, 5, 17)",2,0.01,True,0.845,-0.0050000000000000044,False,0.0004902259603370175,122,320.0,-320.0,0.0,2.0,True,False,1
886,layer3.conv1,element,5,"(62, 2, 11)",200,1.0,True,0.0,0.84,True,0.0004902259603370175,95,30.0,,inf,inf,False,True,1
887,layer3.conv1,element,5,"(13, 3, 15)",1,0.005,True,0.84,0.0,False,0.0004902259603370175,84,12.0,192.0,3.999999761581421,15.0,False,False,1
888,layer3.conv1,element,3,"(58, 4, 1)",0,0.0,False,0.84,0.0,False,0.0004902259603370175,254,-448.0,-224.0,1.0,0.5,False,False,1
889,layer3.conv1,element,4,"(59, 2, 23)",0,0.0,False,0.84,0.0,False,0.0004902259603370175,106,80.0,320.0,2.0,3.0,False,False,1
890,layer3.conv1,element,6,"(9, 3, 19)",1,0.005,True,0.84,0.0,False,0.0004902259603370175,124,384.0,1.5,8.0,0.99609375,False,False,1
891,layer3.conv1,element,3,"(3, 5, 5)",1,0.005,True,0.84,0.0,False,0.0004902259603370175,97,36.0,72.0,1.0,1.0,False,False,1
892,layer3.conv1,element,5,"(62, 2, 22)",0,0.0,False,0.84,0.0,False,0.0004902259603370175,121,288.0,18.0,3.999999523162842,0.9375,False,False,1
893,layer3.conv1,element,3,"(58, 7, 5)",1,0.005,True,0.84,0.0,False,0.0004902259603370175,243,-176.0,-352.0,1.0,1.0,False,False,1
894,layer3.conv1,element,6,"(16, 8, 28)",0,0.0,False,0.84,0.0,False,0.0004902259603370175,246,-224.0,-0.875,8.0,0.99609375,False,False,1
895,layer3.conv1,element,5,"(10, 4, 9)",0,0.0,False,0.84,0.0,False,0.0004902259603370175,236,-96.0,-6.0,3.999999761581421,0.9375,False,False,1
896,layer3.conv1,element,5,"(57, 0, 27)",0,0.0,False,0.84,0.0,False,0.0004902259603370175,74,5.0,80.0,4.0,15.0,False,False,1
897,layer3.conv1,element,1,"(44, 0, 12)",0,0.0,False,0.84,0.0,False,0.0004902259603370175,242,-160.0,-128.0,0.3219280242919922,0.20000000298023224,False,False,1
898,layer3.conv1,element,2,"(57, 8, 4)",0,0.0,False,0.84,0.0,False,0.0004902259603370175,224,-32.0,-48.0,0.5849623680114746,0.5,False,False,1
899,layer3.conv1,element,5,"(7, 6, 30)",1,0.005,True,0.84,0.0,False,0.0004902259603370175,116,192.0,12.0,3.999999761581421,0.9375,False,False,1
900,layer3.conv1,element,1,"(1, 4, 21)",0,0.0,False,0.84,0.0,False,0.0004902259603370175,59,1.375,1.125,0.28950661420822144,0.1818181872367859,False,False,1
901,layer3.conv1,element,3,"(37, 0, 13)",0,0.0,False,0.84,0.0,False,0.0004902259603370175,233,-72.0,-36.0,1.0,0.5,False,False,1
902,layer3.conv1,element,3,"(0, 5, 19)",1,0.005,True,0.84,0.0,False,0.0004902259603370175,241,-144.0,-288.0,0.9999995231628418,1.0,False,False,1
903,layer3.conv1,element,5,"(16, 3, 9)",0,0.0,False,0.84,0.0,False,0.0004902259603370175,113,144.0,9.0,4.0,0.9375,False,False,1
904,layer3.conv1,element,0,"(20, 8, 11)",0,0.0,False,0.84,0.0,False,0.0004902259603370175,122,320.0,352.0,0.13750362396240234,0.10000000149011612,False,False,1
905,layer3.conv1,element,7,"(62, 7, 2)",0,0.0,False,0.84,0.0,False,0.0004902259603370175,75,5.5,-5.5,0.0,2.0,True,False,1
906,layer3.conv1,element,3,"(59, 5, 11)",1,0.005,True,0.845,-0.0050000000000000044,False,0.0004902259603370175,117,208.0,416.0,0.9999995231628418,1.0,False,False,1
907,layer3.conv1,element,1,"(22, 8, 10)",0,0.0,False,0.84,0.0,False,0.0004902259603370175,95,30.0,26.0,0.2064504623413086,0.13333334028720856,False,False,1
908,layer3.conv1,element,5,"(50, 5, 26)",1,0.005,True,0.84,0.0,False,0.0004902259603370175,236,-96.0,-6.0,3.999999761581421,0.9375,False,False,1
909,layer3.conv1,element,3,"(58, 3, 7)",0,0.0,False,0.84,0.0,False,0.0004902259603370175,94,28.0,14.0,1.0,0.5,False,False,1
910,layer3.conv1,element,0,"(24, 6, 26)",0,0.0,False,0.84,0.0,False,0.0004902259603370175,107,88.0,80.0,0.13750362396240234,0.09090909361839294,False,False,1
911,layer3.conv1,element,2,"(62, 4, 13)",0,0.0,False,0.84,0.0,False,0.0004902259603370175,124,384.0,256.0,0.5849628448486328,0.3333333432674408,False,False,1
912,layer3.conv1,element,3,"(54, 8, 6)",1,0.005,True,0.84,0.0,False,0.0004902259603370175,235,-88.0,-44.0,1.0,0.5,False,False,1
913,layer3.conv1,element,0,"(38, 4, 25)",0,0.0,False,0.84,0.0,False,0.0004902259603370175,120,256.0,288.0,0.16992473602294922,0.125,False,False,1
914,layer3.conv1,element,4,"(19, 6, 4)",1,0.005,True,0.84,0.0,False,0.0004902259603370175,114,160.0,40.0,2.0,0.75,False,False,1
915,layer3.conv1,element,4,"(15, 6, 20)",2,0.01,True,0.835,0.0050000000000000044,False,0.0004902259603370175,105,72.0,288.0,1.9999995231628418,3.0,False,False,1
916,layer3.conv1,element,2,"(22, 2, 3)",0,0.0,False,0.84,0.0,False,0.0004902259603370175,240,-128.0,-192.0,0.5849623680114746,0.5,False,False,1
917,layer3.conv1,element,5,"(57, 2, 5)",1,0.005,True,0.84,0.0,False,0.0004902259603370175,105,72.0,4.5,4.0,0.9375,False,False,1
918,layer3.conv1,element,4,"(12, 1, 22)",1,0.005,True,0.84,0.0,False,0.0004902259603370175,250,-320.0,-80.0,2.0,0.75,False,False,1
919,layer3.conv1,element,7,"(22, 6, 1)",3,0.015,True,0.835,0.0050000000000000044,False,0.0004902259603370175,251,-352.0,352.0,0.0,2.0,True,False,1
920,layer3.conv1,element,4,"(61, 3, 22)",1,0.005,True,0.84,0.0,False,0.0004902259603370175,250,-320.0,-80.0,2.0,0.75,False,False,1
921,layer3.conv1,element,4,"(43, 0, 17)",0,0.0,False,0.84,0.0,False,0.0004902259603370175,120,256.0,64.0,2.0,0.75,False,False,1
922,layer3.conv1,element,5,"(51, 3, 28)",1,0.005,True,0.84,0.0,False,0.0004902259603370175,241,-144.0,-9.0,4.0,0.9375,False,False,1
923,layer3.conv1,element,3,"(6, 2, 20)",0,0.0,False,0.84,0.0,False,0.0004902259603370175,117,208.0,416.0,0.9999995231628418,1.0,False,False,1
924,layer3.conv1,element,0,"(29, 5, 11)",0,0.0,False,0.84,0.0,False,0.0004902259603370175,108,96.0,104.0,0.1154775619506836,0.0833333358168602,False,False,1
925,layer3.conv1,element,7,"(49, 6, 1)",2,0.01,True,0.835,0.0050000000000000044,False,0.0004902259603370175,253,-416.0,416.0,0.0,2.0,True,False,1
926,layer3.conv1,element,3,"(16, 8, 7)",1,0.005,True,0.84,0.0,False,0.0004902259603370175,120,256.0,128.0,1.0,0.5,False,False,1
927,layer3.conv1,element,0,"(55, 8, 12)",0,0.0,False,0.84,0.0,False,0.0004902259603370175,114,160.0,176.0,0.13750362396240234,0.10000000149011612,False,False,1
928,layer3.conv1,element,1,"(61, 7, 12)",0,0.0,False,0.84,0.0,False,0.0004902259603370175,247,-240.0,-208.0,0.2064504623413086,0.13333334028720856,False,False,1
929,layer3.conv1,element,2,"(30, 6, 6)",0,0.0,False,0.84,0.0,False,0.0004902259603370175,241,-144.0,-208.0,0.5305147171020508,0.4444444477558136,False,False,1
930,layer3.conv1,element,5,"(25, 3, 18)",0,0.0,False,0.84,0.0,False,0.0004902259603370175,114,160.0,10.0,4.0,0.9375,False,False,1
931,layer3.conv1,element,6,"(30, 0, 29)",0,0.0,False,0.84,0.0,False,0.0004902259603370175,233,-72.0,-0.28125,8.0,0.99609375,False,False,1
932,layer3.conv1,element,6,"(13, 4, 11)",0,0.0,False,0.84,0.0,False,0.0004902259603370175,248,-256.0,-1.0,8.0,0.99609375,False,False,1
933,layer3.conv1,element,1,"(5, 1, 15)",0,0.0,False,0.84,0.0,False,0.0004902259603370175,121,288.0,352.0,0.2895069122314453,0.2222222238779068,False,False,1
934,layer3.conv1,element,4,"(27, 1, 19)",0,0.0,False,0.84,0.0,False,0.0004902259603370175,254,-448.0,-112.0,2.0,0.75,False,False,1
935,layer3.conv1,element,2,"(23, 7, 11)",0,0.0,False,0.84,0.0,False,0.0004902259603370175,236,-96.0,-64.0,0.5849623680114746,0.3333333432674408,False,False,1
936,layer3.conv1,element,1,"(46, 0, 6)",0,0.0,False,0.84,0.0,False,0.0004902259603370175,104,64.0,80.0,0.3219280242919922,0.25,False,False,1
937,layer3.conv1,element,6,"(10, 0, 6)",2,0.01,True,0.84,0.0,False,0.0004902259603370175,248,-256.0,-1.0,8.0,0.99609375,False,False,1
938,layer3.conv1,element,5,"(49, 2, 29)",0,0.0,False,0.84,0.0,False,0.0004902259603370175,232,-64.0,-4.0,4.0,0.9375,False,False,1
939,layer3.conv1,element,2,"(10, 3, 23)",0,0.0,False,0.84,0.0,False,0.0004902259603370175,226,-40.0,-56.0,0.4854269027709961,0.4000000059604645,False,False,1
940,layer3.conv1,element,0,"(6, 8, 24)",0,0.0,False,0.84,0.0,False,0.0004902259603370175,230,-56.0,-60.0,0.09953546524047852,0.0714285746216774,False,False,1
941,layer3.conv1,element,1,"(59, 0, 31)",0,0.0,False,0.84,0.0,False,0.0004902259603370175,237,-104.0,-120.0,0.2064504623413086,0.1538461595773697,False,False,1
942,layer3.conv1,element,3,"(60, 4, 27)",0,0.0,False,0.84,0.0,False,0.0004902259603370175,72,4.0,2.0,1.0,0.5,False,False,1
943,layer3.conv1,element,7,"(20, 7, 23)",0,0.0,False,0.84,0.0,False,0.0004902259603370175,92,24.0,-24.0,0.0,2.0,True,False,1
944,layer3.conv1,element,6,"(43, 1, 17)",1,0.005,True,0.84,0.0,False,0.0004902259603370175,241,-144.0,-0.5625,8.0,0.99609375,False,False,1
945,layer3.conv1,element,0,"(13, 4, 2)",0,0.0,False,0.84,0.0,False,0.0004902259603370175,245,-208.0,-192.0,0.1154775619506836,0.07692307978868484,False,False,1
946,layer3.conv1,element,0,"(3, 8, 31)",0,0.0,False,0.84,0.0,False,0.0004902259603370175,100,48.0,52.0,0.1154775619506836,0.0833333358168602,False,False,1
947,layer3.conv1,element,6,"(14, 3, 4)",0,0.0,False,0.84,0.0,False,0.0004902259603370175,94,28.0,0.109375,8.0,0.99609375,False,False,1
948,layer3.conv1,element,3,"(53, 5, 11)",1,0.005,True,0.835,0.0050000000000000044,False,0.0004902259603370175,116,192.0,384.0,1.0000004768371582,1.0,False,False,1
949,layer3.conv1,element,2,"(52, 4, 26)",0,0.0,False,0.84,0.0,False,0.0004902259603370175,247,-240.0,-176.0,0.44745874404907227,0.2666666805744171,False,False,1
950,layer3.conv1,element,6,"(62, 1, 26)",1,0.005,True,0.84,0.0,False,0.0004902259603370175,247,-240.0,-0.9375,8.0,0.99609375,False,False,1
951,layer3.conv1,element,1,"(54, 5, 6)",1,0.005,True,0.84,0.0,False,0.0004902259603370175,254,-448.0,-384.0,0.22239208221435547,0.1428571492433548,False,False,1
952,layer3.conv1,element,6,"(53, 5, 17)",0,0.0,False,0.84,0.0,False,0.0004902259603370175,234,-80.0,-0.3125,8.0,0.99609375,False,False,1
953,layer3.conv1,element,3,"(36, 1, 14)",0,0.0,False,0.84,0.0,False,0.0004902259603370175,118,224.0,448.0,1.0,1.0,False,False,1
954,layer3.conv1,element,1,"(0, 5, 20)",0,0.0,False,0.84,0.0,False,0.0004902259603370175,242,-160.0,-128.0,0.3219280242919922,0.20000000298023224,False,False,1
955,layer3.conv1,element,3,"(46, 6, 4)",0,0.0,False,0.84,0.0,False,0.0004902259603370175,112,128.0,256.0,1.0,1.0,False,False,1
956,layer3.conv1,element,6,"(30, 2, 15)",0,0.0,False,0.84,0.0,False,0.0004902259603370175,105,72.0,0.28125,8.0,0.99609375,False,False,1
957,layer3.conv1,element,7,"(52, 2, 11)",1,0.005,True,0.84,0.0,False,0.0004902259603370175,113,144.0,-144.0,0.0,2.0,True,False,1
958,layer3.conv1,element,4,"(37, 6, 11)",0,0.0,False,0.84,0.0,False,0.0004902259603370175,101,52.0,208.0,2.0,3.0,False,False,1
959,layer3.conv1,element,6,"(21, 8, 27)",1,0.005,True,0.84,0.0,False,0.0004902259603370175,238,-112.0,-0.4375,8.0,0.99609375,False,False,1
960,layer3.conv1,element,2,"(56, 7, 15)",0,0.0,False,0.84,0.0,False,0.0004902259603370175,118,224.0,160.0,0.4854269027709961,0.2857142984867096,False,False,1
961,layer3.conv1,element,3,"(36, 8, 24)",1,0.005,True,0.84,0.0,False,0.0004902259603370175,106,80.0,40.0,1.0,0.5,False,False,1
962,layer3.conv1,element,1,"(32, 1, 18)",0,0.0,False,0.84,0.0,False,0.0004902259603370175,237,-104.0,-120.0,0.2064504623413086,0.1538461595773697,False,False,1
963,layer3.conv1,element,4,"(17, 2, 4)",0,0.0,False,0.84,0.0,False,0.0004902259603370175,123,352.0,88.0,2.0,0.75,False,False,1
964,layer3.conv1,element,3,"(4, 8, 17)",3,0.015,True,0.85,-0.010000000000000009,False,0.0004902259603370175,123,352.0,176.0,1.0,0.5,False,False,1
965,layer3.conv1,element,2,"(7, 1, 10)",1,0.005,True,0.84,0.0,False,0.0004902259603370175,118,224.0,160.0,0.4854269027709961,0.2857142984867096,False,False,1
966,layer3.conv1,element,1,"(59, 6, 22)",0,0.0,False,0.84,0.0,False,0.0004902259603370175,112,128.0,160.0,0.3219280242919922,0.25,False,False,1
967,layer3.conv1,element,7,"(3, 3, 30)",1,0.005,True,0.84,0.0,False,0.0004902259603370175,225,-36.0,36.0,0.0,2.0,True,False,1
968,layer3.conv1,element,5,"(60, 8, 6)",0,0.0,False,0.84,0.0,False,0.0004902259603370175,241,-144.0,-9.0,4.0,0.9375,False,False,1
969,layer3.conv1,element,3,"(2, 2, 22)",0,0.0,False,0.84,0.0,False,0.0004902259603370175,217,-18.0,-9.0,1.000000238418579,0.5,False,False,1
970,layer3.conv1,element,2,"(31, 1, 0)",1,0.005,True,0.84,0.0,False,0.0004902259603370175,242,-160.0,-224.0,0.4854269027709961,0.4000000059604645,False,False,1
971,layer3.conv1,element,7,"(25, 8, 2)",1,0.005,True,0.84,0.0,False,0.0004902259603370175,122,320.0,-320.0,0.0,2.0,True,False,1
972,layer3.conv1,element,1,"(3, 3, 25)",0,0.0,False,0.84,0.0,False,0.0004902259603370175,229,-52.0,-60.0,0.2064504623413086,0.1538461595773697,False,False,1
973,layer3.conv1,element,5,"(59, 5, 17)",0,0.0,False,0.84,0.0,False,0.0004902259603370175,232,-64.0,-4.0,4.0,0.9375,False,False,1
974,layer3.conv1,element,4,"(53, 6, 6)",0,0.0,False,0.84,0.0,False,0.0004902259603370175,249,-288.0,-72.0,1.9999995231628418,0.75,False,False,1
975,layer3.conv1,element,7,"(41, 5, 30)",0,0.0,False,0.84,0.0,False,0.0004902259603370175,116,192.0,-192.0,0.0,2.0,True,False,1
976,layer3.conv1,element,6,"(47, 4, 6)",1,0.005,True,0.84,0.0,False,0.0004902259603370175,248,-256.0,-1.0,8.0,0.99609375,False,False,1
977,layer3.conv1,element,2,"(32, 3, 7)",0,0.0,False,0.84,0.0,False,0.0004902259603370175,233,-72.0,-104.0,0.5305147171020508,0.4444444477558136,False,False,1
978,layer3.conv1,element,5,"(62, 1, 13)",200,1.0,True,0.0,0.84,True,0.0004902259603370175,223,-30.0,,inf,inf,False,True,1
979,layer3.conv1,element,3,"(54, 4, 6)",0,0.0,False,0.84,0.0,False,0.0004902259603370175,244,-192.0,-384.0,1.0000004768371582,1.0,False,False,1
980,layer3.conv1,element,0,"(0, 4, 6)",0,0.0,False,0.84,0.0,False,0.0004902259603370175,121,288.0,256.0,0.16992473602294922,0.1111111119389534,False,False,1
981,layer3.conv1,element,2,"(17, 7, 10)",0,0.0,False,0.84,0.0,False,0.0004902259603370175,205,-6.5,-4.5,0.5305147171020508,0.3076923191547394,False,False,1
982,layer3.conv1,element,4,"(27, 7, 27)",2,0.01,True,0.84,0.0,False,0.0004902259603370175,244,-192.0,-48.0,2.0,0.75,False,False,1
983,layer3.conv1,element,6,"(41, 6, 24)",1,0.005,True,0.84,0.0,False,0.0004902259603370175,246,-224.0,-0.875,8.0,0.99609375,False,False,1
984,layer3.conv1,element,7,"(18, 1, 15)",1,0.005,True,0.84,0.0,False,0.0004902259603370175,115,176.0,-176.0,0.0,2.0,True,False,1
985,layer3.conv1,element,7,"(36, 5, 23)",3,0.015,True,0.845,-0.0050000000000000044,False,0.0004902259603370175,242,-160.0,160.0,0.0,2.0,True,False,1
986,layer3.conv1,element,0,"(6, 8, 1)",0,0.0,False,0.84,0.0,False,0.0004902259603370175,244,-192.0,-208.0,0.1154775619506836,0.0833333358168602,False,False,1
987,layer3.conv1,element,6,"(40, 8, 0)",0,0.0,False,0.84,0.0,False,0.0004902259603370175,241,-144.0,-0.5625,8.0,0.99609375,False,False,1
988,layer3.conv1,element,1,"(47, 0, 14)",0,0.0,False,0.84,0.0,False,0.0004902259603370175,236,-96.0,-112.0,0.22239255905151367,0.1666666716337204,False,False,1
989,layer3.conv1,element,3,"(47, 7, 6)",1,0.005,True,0.84,0.0,False,0.0004902259603370175,114,160.0,320.0,1.0,1.0,False,False,1
990,layer3.conv1,element,4,"(21, 7, 17)",1,0.005,True,0.84,0.0,False,0.0004902259603370175,119,240.0,60.0,2.0,0.75,False,False,1
991,layer3.conv1,element,6,"(5, 0, 9)",3,0.015,True,0.835,0.0050000000000000044,False,0.0004902259603370175,117,208.0,0.8125,8.0,0.99609375,False,False,1
992,layer3.conv1,element,5,"(2, 4, 14)",0,0.0,False,0.84,0.0,False,0.0004902259603370175,234,-80.0,-5.0,4.0,0.9375,False,False,1
993,layer3.conv1,element,5,"(29, 6, 5)",1,0.005,True,0.84,0.0,False,0.0004902259603370175,92,24.0,384.0,4.000000476837158,15.0,False,False,1
994,layer3.conv1,element,7,"(8, 4, 31)",0,0.0,False,0.84,0.0,False,0.0004902259603370175,251,-352.0,352.0,0.0,2.0,True,False,1
995,layer3.conv1,element,4,"(10, 1, 23)",1,0.005,True,0.84,0.0,False,0.0004902259603370175,243,-176.0,-44.0,2.0,0.75,False,False,1
996,layer3.conv1,element,1,"(51, 5, 8)",0,0.0,False,0.84,0.0,False,0.0004902259603370175,229,-52.0,-60.0,0.2064504623413086,0.1538461595773697,False,False,1
997,layer3.conv1,element,1,"(54, 8, 17)",0,0.0,False,0.84,0.0,False,0.0004902259603370175,241,-144.0,-176.0,0.2895064353942871,0.2222222238779068,False,False,1
998,layer3.conv1,element,6,"(38, 6, 31)",0,0.0,False,0.84,0.0,False,0.0004902259603370175,253,-416.0,-1.625,8.0,0.99609375,False,False,1
999,layer3.conv1,element,1,"(6, 6, 15)",0,0.0,False,0.84,0.0,False,0.0004902259603370175,241,-144.0,-176.0,0.2895064353942871,0.2222222238779068,False,False,1
1000,layer3.conv1,element,2,"(13, 6, 27)",1,0.005,True,0.84,0.0,False,0.0004902259603370175,254,-448.0,-320.0,0.4854269027709961,0.2857142984867096,False,False,1
1001,layer3.conv1,element,5,"(57, 6, 28)",0,0.0,False,0.84,0.0,False,0.0004902259603370175,238,-112.0,-7.0,4.0,0.9375,False,False,1
1002,layer3.conv1,element,3,"(44, 4, 29)",0,0.0,False,0.84,0.0,False,0.0004902259603370175,228,-48.0,-96.0,1.0,1.0,False,False,1
1003,layer3.conv1,element,1,"(15, 2, 2)",1,0.005,True,0.84,0.0,False,0.0004902259603370175,250,-320.0,-256.0,0.3219280242919922,0.20000000298023224,False,False,1
1004,layer3.conv1,element,3,"(8, 3, 3)",200,1.0,True,0.0,0.84,True,0.0004902259603370175,247,-240.0,,inf,inf,False,True,1
1005,layer3.conv1,element,4,"(34, 4, 7)",0,0.0,False,0.84,0.0,False,0.0004902259603370175,249,-288.0,-72.0,1.9999995231628418,0.75,False,False,1
1006,layer3.conv1,element,4,"(43, 0, 24)",1,0.005,True,0.84,0.0,False,0.0004902259603370175,99,44.0,176.0,2.0,3.0,False,False,1
1007,layer3.conv1,element,6,"(38, 5, 28)",0,0.0,False,0.84,0.0,False,0.0004902259603370175,106,80.0,0.3125,8.0,0.99609375,False,False,1
1008,layer3.conv1,element,1,"(41, 8, 9)",0,0.0,False,0.84,0.0,False,0.0004902259603370175,247,-240.0,-208.0,0.2064504623413086,0.13333334028720856,False,False,1
1009,layer3.conv1,element,5,"(14, 0, 4)",0,0.0,False,0.84,0.0,False,0.0004902259603370175,249,-288.0,-18.0,3.999999523162842,0.9375,False,False,1
1010,layer3.conv1,element,6,"(0, 3, 5)",1,0.005,True,0.84,0.0,False,0.0004902259603370175,235,-88.0,-0.34375,8.0,0.99609375,False,False,1
1011,layer3.conv1,element,4,"(9, 4, 25)",1,0.005,True,0.84,0.0,False,0.0004902259603370175,231,-60.0,-240.0,2.0,3.0,False,False,1
1012,layer3.conv1,element,6,"(32, 6, 20)",0,0.0,False,0.84,0.0,False,0.0004902259603370175,119,240.0,0.9375,8.0,0.99609375,False,False,1
1013,layer3.conv1,element,2,"(46, 7, 0)",1,0.005,True,0.84,0.0,False,0.0004902259603370175,248,-256.0,-384.0,0.5849628448486328,0.5,False,False,1
1014,layer3.conv1,element,6,"(46, 4, 11)",0,0.0,False,0.84,0.0,False,0.0004902259603370175,246,-224.0,-0.875,8.0,0.99609375,False,False,1
1015,layer3.conv1,element,0,"(38, 0, 4)",0,0.0,False,0.84,0.0,False,0.0004902259603370175,60,1.5,1.625,0.11547720432281494,0.0833333358168602,False,False,1
1016,layer3.conv1,element,5,"(48, 4, 29)",0,0.0,False,0.84,0.0,False,0.0004902259603370175,236,-96.0,-6.0,3.999999761581421,0.9375,False,False,1
1017,layer3.conv1,element,0,"(31, 5, 30)",0,0.0,False,0.84,0.0,False,0.0004902259603370175,247,-240.0,-224.0,0.09953546524047852,0.06666667014360428,False,False,1
1018,layer3.conv1,element,2,"(45, 1, 15)",1,0.005,True,0.84,0.0,False,0.0004902259603370175,240,-128.0,-192.0,0.5849623680114746,0.5,False,False,1
1019,layer3.conv1,element,0,"(2, 7, 8)",0,0.0,False,0.84,0.0,False,0.0004902259603370175,112,128.0,144.0,0.16992521286010742,0.125,False,False,1
1020,layer3.conv1,element,3,"(56, 5, 25)",0,0.0,False,0.84,0.0,False,0.0004902259603370175,231,-60.0,-120.0,1.0,1.0,False,False,1
1021,layer3.conv1,element,1,"(51, 6, 1)",1,0.005,True,0.84,0.0,False,0.0004902259603370175,100,48.0,56.0,0.22239255905151367,0.1666666716337204,False,False,1
1022,layer3.conv1,element,2,"(48, 3, 18)",0,0.0,False,0.84,0.0,False,0.0004902259603370175,223,-30.0,-22.0,0.44745874404907227,0.2666666805744171,False,False,1
1023,layer3.conv1,element,4,"(55, 0, 17)",0,0.0,False,0.84,0.0,False,0.0004902259603370175,250,-320.0,-80.0,2.0,0.75,False,False,1
1024,layer3.conv1,element,5,"(59, 0, 2)",0,0.0,False,0.84,0.0,False,0.0004902259603370175,116,192.0,12.0,3.999999761581421,0.9375,False,False,1
1025,layer3.conv1,element,3,"(34, 3, 8)",1,0.005,True,0.84,0.0,False,0.0004902259603370175,120,256.0,128.0,1.0,0.5,False,False,1
1026,layer3.conv1,element,0,"(26, 4, 29)",0,0.0,False,0.84,0.0,False,0.0004902259603370175,232,-64.0,-72.0,0.16992521286010742,0.125,False,False,1
1027,layer3.conv1,element,1,"(33, 5, 29)",0,0.0,False,0.84,0.0,False,0.0004902259603370175,229,-52.0,-60.0,0.2064504623413086,0.1538461595773697,False,False,1
1028,layer3.conv1,element,4,"(2, 1, 21)",0,0.0,False,0.84,0.0,False,0.0004902259603370175,194,-2.5,-10.0,1.9999998807907104,3.0,False,False,1
1029,layer3.conv1,element,2,"(58, 8, 3)",0,0.0,False,0.84,0.0,False,0.0004902259603370175,88,16.0,24.0,0.5849623680114746,0.5,False,False,1
1030,layer3.conv1,element,0,"(11, 5, 8)",0,0.0,False,0.84,0.0,False,0.0004902259603370175,179,-0.6875,-0.625,0.13750356435775757,0.09090909361839294,False,False,1
1031,layer3.conv1,element,3,"(58, 8, 23)",0,0.0,False,0.84,0.0,False,0.0004902259603370175,241,-144.0,-288.0,0.9999995231628418,1.0,False,False,1
1032,layer3.conv1,element,6,"(18, 3, 24)",0,0.0,False,0.84,0.0,False,0.0004902259603370175,224,-32.0,-0.125,8.0,0.99609375,False,False,1
1033,layer3.conv1,element,6,"(34, 0, 20)",1,0.005,True,0.84,0.0,False,0.0004902259603370175,116,192.0,0.75,8.0,0.99609375,False,False,1
1034,layer3.conv1,element,0,"(2, 6, 2)",1,0.005,True,0.84,0.0,False,0.0004902259603370175,115,176.0,160.0,0.13750362396240234,0.09090909361839294,False,False,1
1035,layer3.conv1,element,5,"(1, 3, 22)",1,0.005,True,0.84,0.0,False,0.0004902259603370175,235,-88.0,-5.5,4.0,0.9375,False,False,1
1036,layer3.conv1,element,1,"(6, 8, 9)",0,0.0,False,0.84,0.0,False,0.0004902259603370175,247,-240.0,-208.0,0.2064504623413086,0.13333334028720856,False,False,1
1037,layer3.conv1,element,0,"(7, 2, 11)",0,0.0,False,0.84,0.0,False,0.0004902259603370175,115,176.0,160.0,0.13750362396240234,0.09090909361839294,False,False,1
1038,layer3.conv1,element,4,"(33, 1, 26)",0,0.0,False,0.84,0.0,False,0.0004902259603370175,226,-40.0,-160.0,2.0,3.0,False,False,1
1039,layer3.conv1,element,3,"(8, 7, 28)",0,0.0,False,0.84,0.0,False,0.0004902259603370175,216,-16.0,-8.0,1.0,0.5,False,False,1
1040,layer3.conv1,element,1,"(16, 1, 13)",0,0.0,False,0.84,0.0,False,0.0004902259603370175,234,-80.0,-64.0,0.3219280242919922,0.20000000298023224,False,False,1
1041,layer3.conv1,element,1,"(15, 1, 5)",0,0.0,False,0.84,0.0,False,0.0004902259603370175,249,-288.0,-352.0,0.2895069122314453,0.2222222238779068,False,False,1
1042,layer3.conv1,element,3,"(18, 2, 14)",1,0.005,True,0.84,0.0,False,0.0004902259603370175,111,120.0,60.0,1.0,0.5,False,False,1
1043,layer3.conv1,element,6,"(54, 3, 30)",0,0.0,False,0.84,0.0,False,0.0004902259603370175,95,30.0,0.1171875,8.0,0.99609375,False,False,1
1044,layer3.conv1,element,0,"(47, 4, 2)",0,0.0,False,0.84,0.0,False,0.0004902259603370175,105,72.0,64.0,0.16992521286010742,0.1111111119389534,False,False,1
1045,layer3.conv1,element,7,"(59, 7, 2)",0,0.0,False,0.84,0.0,False,0.0004902259603370175,242,-160.0,160.0,0.0,2.0,True,False,1
1046,layer3.conv1,element,3,"(54, 6, 9)",1,0.005,True,0.84,0.0,False,0.0004902259603370175,116,192.0,384.0,1.0000004768371582,1.0,False,False,1
1047,layer3.conv1,element,4,"(13, 7, 0)",0,0.0,False,0.84,0.0,False,0.0004902259603370175,124,384.0,96.0,2.000000476837158,0.75,False,False,1
1048,layer3.conv1,element,7,"(55, 1, 17)",0,0.0,False,0.84,0.0,False,0.0004902259603370175,225,-36.0,36.0,0.0,2.0,True,False,1
1049,layer3.conv1,element,5,"(2, 2, 9)",0,0.0,False,0.84,0.0,False,0.0004902259603370175,247,-240.0,-15.0,3.999999761581421,0.9375,False,False,1
1050,layer3.conv1,element,2,"(23, 6, 15)",0,0.0,False,0.84,0.0,False,0.0004902259603370175,107,88.0,120.0,0.44745874404907227,0.3636363744735718,False,False,1
1051,layer3.conv1,element,5,"(7, 1, 18)",0,0.0,False,0.84,0.0,False,0.0004902259603370175,233,-72.0,-4.5,4.0,0.9375,False,False,1
1052,layer3.conv1,element,5,"(45, 3, 23)",0,0.0,False,0.84,0.0,False,0.0004902259603370175,240,-128.0,-8.0,4.0,0.9375,False,False,1
1053,layer3.conv1,element,6,"(37, 6, 27)",0,0.0,False,0.84,0.0,False,0.0004902259603370175,233,-72.0,-0.28125,8.0,0.99609375,False,False,1
1054,layer3.conv1,element,4,"(54, 4, 29)",0,0.0,False,0.84,0.0,False,0.0004902259603370175,242,-160.0,-40.0,2.0,0.75,False,False,1
1055,layer3.conv1,element,2,"(41, 3, 25)",0,0.0,False,0.84,0.0,False,0.0004902259603370175,249,-288.0,-416.0,0.5305147171020508,0.4444444477558136,False,False,1
1056,layer3.conv1,element,4,"(9, 5, 30)",1,0.005,True,0.84,0.0,False,0.0004902259603370175,237,-104.0,-416.0,1.9999995231628418,3.0,False,False,1
1057,layer3.conv1,element,1,"(56, 6, 4)",0,0.0,False,0.84,0.0,False,0.0004902259603370175,239,-120.0,-104.0,0.2064504623413086,0.13333334028720856,False,False,1
1058,layer3.conv1,element,4,"(12, 7, 16)",1,0.005,True,0.84,0.0,False,0.0004902259603370175,238,-112.0,-448.0,2.0,3.0,False,False,1
1059,layer3.conv1,element,5,"(60, 7, 4)",0,0.0,False,0.84,0.0,False,0.0004902259603370175,240,-128.0,-8.0,4.0,0.9375,False,False,1
1060,layer3.conv1,element,6,"(41, 4, 7)",1,0.005,True,0.84,0.0,False,0.0004902259603370175,234,-80.0,-0.3125,8.0,0.99609375,False,False,1
1061,layer3.conv1,element,7,"(19, 1, 11)",3,0.015,True,0.84,0.0,False,0.0004902259603370175,116,192.0,-192.0,0.0,2.0,True,False,1
1062,layer3.conv1,element,0,"(16, 8, 30)",0,0.0,False,0.84,0.0,False,0.0004902259603370175,79,7.5,7.0,0.09953570365905762,0.06666667014360428,False,False,1
1063,layer3.conv1,element,1,"(17, 7, 25)",0,0.0,False,0.84,0.0,False,0.0004902259603370175,104,64.0,80.0,0.3219280242919922,0.25,False,False,1
1064,layer3.conv1,element,6,"(12, 2, 31)",1,0.005,True,0.84,0.0,False,0.0004902259603370175,122,320.0,1.25,8.0,0.99609375,False,False,1
1065,layer3.conv1,element,4,"(62, 0, 3)",0,0.0,False,0.84,0.0,False,0.0004902259603370175,112,128.0,32.0,2.0,0.75,False,False,1
1066,layer3.conv1,element,1,"(23, 4, 22)",0,0.0,False,0.84,0.0,False,0.0004902259603370175,238,-112.0,-96.0,0.22239255905151367,0.1428571492433548,False,False,1
1067,layer3.conv1,element,4,"(56, 7, 27)",0,0.0,False,0.84,0.0,False,0.0004902259603370175,242,-160.0,-40.0,2.0,0.75,False,False,1
1068,layer3.conv1,element,5,"(1, 0, 6)",1,0.005,True,0.84,0.0,False,0.0004902259603370175,229,-52.0,-3.25,4.0,0.9375,False,False,1
1069,layer3.conv1,element,2,"(38, 6, 23)",0,0.0,False,0.84,0.0,False,0.0004902259603370175,226,-40.0,-56.0,0.4854269027709961,0.4000000059604645,False,False,1
1070,layer3.conv1,element,2,"(28, 0, 15)",0,0.0,False,0.84,0.0,False,0.0004902259603370175,226,-40.0,-56.0,0.4854269027709961,0.4000000059604645,False,False,1
1071,layer3.conv1,element,6,"(56, 1, 8)",0,0.0,False,0.84,0.0,False,0.0004902259603370175,110,112.0,0.4375,8.0,0.99609375,False,False,1
1072,layer3.conv1,element,7,"(3, 0, 7)",2,0.01,True,0.835,0.0050000000000000044,False,0.0004902259603370175,244,-192.0,192.0,0.0,2.0,True,False,1
1073,layer3.conv1,element,1,"(55, 7, 6)",0,0.0,False,0.84,0.0,False,0.0004902259603370175,107,88.0,72.0,0.2895064353942871,0.1818181872367859,False,False,1
1074,layer3.conv1,element,3,"(15, 5, 30)",0,0.0,False,0.84,0.0,False,0.0004902259603370175,246,-224.0,-448.0,1.0,1.0,False,False,1
1075,layer3.conv1,element,2,"(12, 6, 25)",0,0.0,False,0.84,0.0,False,0.0004902259603370175,229,-52.0,-36.0,0.5305147171020508,0.3076923191547394,False,False,1
1076,layer3.conv1,element,1,"(13, 8, 9)",0,0.0,False,0.84,0.0,False,0.0004902259603370175,228,-48.0,-56.0,0.22239255905151367,0.1666666716337204,False,False,1
1077,layer3.conv1,element,3,"(21, 1, 21)",1,0.005,True,0.84,0.0,False,0.0004902259603370175,112,128.0,256.0,1.0,1.0,False,False,1
1078,layer3.conv1,element,1,"(21, 0, 24)",0,0.0,False,0.84,0.0,False,0.0004902259603370175,243,-176.0,-144.0,0.2895064353942871,0.1818181872367859,False,False,1
1079,layer3.conv1,element,7,"(21, 6, 30)",0,0.0,False,0.84,0.0,False,0.0004902259603370175,246,-224.0,224.0,0.0,2.0,True,False,1
1080,layer3.conv1,element,1,"(8, 0, 7)",0,0.0,False,0.84,0.0,False,0.0004902259603370175,109,104.0,120.0,0.2064504623413086,0.1538461595773697,False,False,1
1081,layer3.conv1,element,5,"(34, 2, 13)",1,0.005,True,0.84,0.0,False,0.0004902259603370175,114,160.0,10.0,4.0,0.9375,False,False,1
1082,layer3.conv1,element,3,"(30, 1, 13)",1,0.005,True,0.84,0.0,False,0.0004902259603370175,126,448.0,224.0,1.0,0.5,False,False,1
1083,layer3.conv1,element,5,"(26, 5, 16)",0,0.0,False,0.84,0.0,False,0.0004902259603370175,114,160.0,10.0,4.0,0.9375,False,False,1
1084,layer3.conv1,element,4,"(44, 0, 6)",1,0.005,True,0.84,0.0,False,0.0004902259603370175,224,-32.0,-128.0,2.0,3.0,False,False,1
1085,layer3.conv1,element,7,"(7, 5, 17)",0,0.0,False,0.84,0.0,False,0.0004902259603370175,223,-30.0,30.0,0.0,2.0,True,False,1
1086,layer3.conv1,element,4,"(21, 6, 7)",0,0.0,False,0.84,0.0,False,0.0004902259603370175,248,-256.0,-64.0,2.0,0.75,False,False,1
1087,layer3.conv1,element,1,"(48, 4, 15)",0,0.0,False,0.84,0.0,False,0.0004902259603370175,217,-18.0,-22.0,0.2895064353942871,0.2222222238779068,False,False,1
1088,layer3.conv1,element,3,"(59, 3, 2)",0,0.0,False,0.84,0.0,False,0.0004902259603370175,113,144.0,288.0,0.9999995231628418,1.0,False,False,1
1089,layer3.conv1,element,4,"(0, 5, 15)",1,0.005,True,0.84,0.0,False,0.0004902259603370175,243,-176.0,-44.0,2.0,0.75,False,False,1
1090,layer3.conv1,element,2,"(55, 0, 7)",1,0.005,True,0.84,0.0,False,0.0004902259603370175,122,320.0,448.0,0.4854269027709961,0.4000000059604645,False,False,1
1091,layer3.conv1,element,0,"(48, 8, 29)",0,0.0,False,0.84,0.0,False,0.0004902259603370175,235,-88.0,-80.0,0.13750362396240234,0.09090909361839294,False,False,1
1092,layer3.conv1,element,1,"(19, 5, 8)",0,0.0,False,0.84,0.0,False,0.0004902259603370175,118,224.0,192.0,0.22239255905151367,0.1428571492433548,False,False,1
1093,layer3.conv1,element,1,"(59, 3, 31)",0,0.0,False,0.84,0.0,False,0.0004902259603370175,235,-88.0,-72.0,0.2895064353942871,0.1818181872367859,False,False,1
1094,layer3.conv1,element,6,"(2, 4, 13)",0,0.0,False,0.84,0.0,False,0.0004902259603370175,244,-192.0,-0.75,8.0,0.99609375,False,False,1
1095,layer3.conv1,element,5,"(55, 1, 24)",0,0.0,False,0.84,0.0,False,0.0004902259603370175,106,80.0,5.0,4.0,0.9375,False,False,1
1096,layer3.conv1,element,7,"(49, 1, 15)",0,0.0,False,0.84,0.0,False,0.0004902259603370175,97,36.0,-36.0,0.0,2.0,True,False,1
1097,layer3.conv1,element,6,"(36, 1, 8)",1,0.005,True,0.84,0.0,False,0.0004902259603370175,120,256.0,1.0,8.0,0.99609375,False,False,1
1098,layer3.conv1,element,1,"(15, 3, 7)",0,0.0,False,0.84,0.0,False,0.0004902259603370175,240,-128.0,-160.0,0.3219280242919922,0.25,False,False,1
1099,layer3.conv1,element,5,"(18, 5, 20)",0,0.0,False,0.84,0.0,False,0.0004902259603370175,254,-448.0,-28.0,4.0,0.9375,False,False,1
1100,layer3.conv1,element,7,"(21, 2, 10)",1,0.005,True,0.84,0.0,False,0.0004902259603370175,122,320.0,-320.0,0.0,2.0,True,False,1
1101,layer3.conv1,element,4,"(37, 1, 10)",1,0.005,True,0.84,0.0,False,0.0004902259603370175,108,96.0,384.0,2.000000476837158,3.0,False,False,1
1102,layer3.conv1,element,5,"(37, 0, 22)",1,0.005,True,0.84,0.0,False,0.0004902259603370175,118,224.0,14.0,4.0,0.9375,False,False,1
1103,layer3.conv1,element,6,"(55, 5, 25)",0,0.0,False,0.84,0.0,False,0.0004902259603370175,209,-9.0,-0.03515625,8.0,0.99609375,False,False,1
1104,layer3.conv1,element,0,"(63, 8, 11)",0,0.0,False,0.84,0.0,False,0.0004902259603370175,215,-15.0,-14.0,0.09953570365905762,0.06666667014360428,False,False,1
1105,layer3.conv1,element,7,"(60, 3, 12)",0,0.0,False,0.84,0.0,False,0.0004902259603370175,237,-104.0,104.0,0.0,2.0,True,False,1
1106,layer3.conv1,element,6,"(19, 1, 19)",0,0.0,False,0.84,0.0,False,0.0004902259603370175,243,-176.0,-0.6875,8.0,0.99609375,False,False,1
1107,layer3.conv1,element,7,"(62, 7, 25)",0,0.0,False,0.84,0.0,False,0.0004902259603370175,219,-22.0,22.0,0.0,2.0,True,False,1
1108,layer3.conv1,element,0,"(29, 8, 27)",0,0.0,False,0.84,0.0,False,0.0004902259603370175,243,-176.0,-160.0,0.13750362396240234,0.09090909361839294,False,False,1
1109,layer3.conv1,element,6,"(47, 5, 3)",0,0.0,False,0.84,0.0,False,0.0004902259603370175,228,-48.0,-0.1875,8.0,0.99609375,False,False,1
1110,layer3.conv1,element,6,"(40, 1, 13)",0,0.0,False,0.84,0.0,False,0.0004902259603370175,116,192.0,0.75,8.0,0.99609375,False,False,1
1111,layer3.conv1,element,3,"(29, 8, 27)",0,0.0,False,0.84,0.0,False,0.0004902259603370175,243,-176.0,-352.0,1.0,1.0,False,False,1
1112,layer3.conv1,element,1,"(43, 6, 19)",0,0.0,False,0.84,0.0,False,0.0004902259603370175,245,-208.0,-240.0,0.2064504623413086,0.1538461595773697,False,False,1
1113,layer3.conv1,element,6,"(14, 8, 25)",1,0.005,True,0.84,0.0,False,0.0004902259603370175,108,96.0,0.375,8.0,0.99609375,False,False,1
1114,layer3.conv1,element,1,"(13, 5, 6)",0,0.0,False,0.84,0.0,False,0.0004902259603370175,235,-88.0,-72.0,0.2895064353942871,0.1818181872367859,False,False,1
1115,layer3.conv1,element,1,"(7, 5, 31)",0,0.0,False,0.84,0.0,False,0.0004902259603370175,80,8.0,10.0,0.3219280242919922,0.25,False,False,1
1116,layer3.conv1,element,5,"(38, 0, 28)",1,0.005,True,0.84,0.0,False,0.0004902259603370175,87,15.0,240.0,3.999999761581421,15.0,False,False,1
1117,layer3.conv1,element,7,"(52, 7, 30)",1,0.005,True,0.84,0.0,False,0.0004902259603370175,111,120.0,-120.0,0.0,2.0,True,False,1
1118,layer3.conv1,scale,7,"(59, 7)",158,0.79,True,0.19,0.6499999999999999,True,3.502676385296348e-05,115,115.0,243.0,128.0,inf,False,False,32
1119,layer3.conv1,scale,1,"(17, 8)",6,0.03,True,0.84,0.0,False,3.502676385296348e-05,115,115.0,113.0,2.0,inf,False,False,32
1120,layer3.conv1,scale,7,"(2, 5)",200,1.0,True,0.0,0.84,True,3.502676385296348e-05,116,116.0,244.0,128.0,inf,False,False,32
1121,layer3.conv1,scale,1,"(62, 6)",2,0.01,True,0.845,-0.0050000000000000044,False,3.502676385296348e-05,115,115.0,113.0,2.0,inf,False,False,32
1122,layer3.conv1,scale,7,"(52, 1)",200,1.0,True,0.0,0.84,True,3.502676385296348e-05,116,116.0,244.0,128.0,inf,False,False,32
1123,layer3.conv1,scale,3,"(19, 2)",17,0.085,True,0.815,0.025000000000000022,False,3.502676385296348e-05,115,115.0,123.0,8.0,inf,False,False,32
1124,layer3.conv1,scale,7,"(4, 8)",200,1.0,True,0.0,0.84,True,3.502676385296348e-05,115,115.0,243.0,128.0,inf,False,False,32
1125,layer3.conv1,scale,2,"(16, 8)",175,0.875,True,0.115,0.725,False,3.502676385296348e-05,115,115.0,119.0,4.0,inf,False,False,32
1126,layer3.conv1,scale,6,"(19, 3)",2,0.01,True,0.835,0.0050000000000000044,False,3.502676385296348e-05,115,115.0,51.0,64.0,inf,False,False,32
1127,layer3.conv1,scale,7,"(21, 4)",198,0.99,True,0.01,0.83,True,3.502676385296348e-05,115,115.0,243.0,128.0,inf,False,False,32
1128,layer3.conv1,scale,5,"(34, 5)",5,0.025,True,0.825,0.015000000000000013,False,3.502676385296348e-05,115,115.0,83.0,32.0,inf,False,False,32
1129,layer3.conv1,scale,4,"(31, 0)",2,0.01,True,0.835,0.0050000000000000044,False,3.502676385296348e-05,116,116.0,100.0,16.0,inf,False,False,32
1130,layer3.conv1,scale,6,"(22, 0)",9,0.045,True,0.815,0.025000000000000022,False,3.502676385296348e-05,115,115.0,51.0,64.0,inf,False,False,32
1131,layer3.conv1,scale,7,"(12, 7)",200,1.0,True,0.0,0.84,True,3.502676385296348e-05,115,115.0,243.0,128.0,inf,False,False,32
1132,layer3.conv1,scale,7,"(62, 1)",200,1.0,True,0.0,0.84,True,3.502676385296348e-05,116,116.0,244.0,128.0,inf,False,False,32
1133,layer3.conv1,scale,7,"(16, 7)",200,1.0,True,0.0,0.84,True,3.502676385296348e-05,115,115.0,243.0,128.0,inf,False,False,32
1134,layer3.conv1,scale,6,"(8, 6)",4,0.02,True,0.84,0.0,False,3.502676385296348e-05,116,116.0,52.0,64.0,inf,False,False,32
1135,layer3.conv1,scale,7,"(56, 5)",115,0.575,True,0.395,0.44499999999999995,True,3.502676385296348e-05,115,115.0,243.0,128.0,inf,False,False,32
1136,layer3.conv1,scale,7,"(40, 0)",200,1.0,True,0.0,0.84,True,3.502676385296348e-05,115,115.0,243.0,128.0,inf,False,False,32
1137,layer3.conv1,scale,3,"(59, 5)",158,0.79,True,0.215,0.625,False,3.502676385296348e-05,116,116.0,124.0,8.0,inf,False,False,32
1138,layer3.conv1,scale,3,"(17, 6)",12,0.06,True,0.83,0.010000000000000009,False,3.502676385296348e-05,116,116.0,124.0,8.0,inf,False,False,32
1139,layer3.conv1,scale,4,"(9, 8)",8,0.04,True,0.815,0.025000000000000022,False,3.502676385296348e-05,116,116.0,100.0,16.0,inf,False,False,32
1140,layer3.conv1,scale,4,"(35, 1)",1,0.005,True,0.845,-0.0050000000000000044,False,3.502676385296348e-05,116,116.0,100.0,16.0,inf,False,False,32
1141,layer3.conv1,scale,4,"(28, 2)",3,0.015,True,0.845,-0.0050000000000000044,False,3.502676385296348e-05,115,115.0,99.0,16.0,inf,False,False,32
1142,layer3.conv1,scale,0,"(1, 8)",21,0.105,True,0.8,0.039999999999999925,False,3.502676385296348e-05,116,116.0,117.0,1.0,inf,False,False,32
1143,layer3.conv1,scale,0,"(26, 7)",16,0.08,True,0.805,0.03499999999999992,False,3.502676385296348e-05,116,116.0,117.0,1.0,inf,False,False,32
1144,layer3.conv1,scale,3,"(41, 6)",181,0.905,True,0.1,0.74,False,3.502676385296348e-05,115,115.0,123.0,8.0,inf,False,False,32
1145,layer3.conv1,scale,7,"(53, 0)",200,1.0,True,0.0,0.84,True,3.502676385296348e-05,115,115.0,243.0,128.0,inf,False,False,32
1146,layer3.conv1,scale,2,"(53, 8)",121,0.605,True,0.385,0.45499999999999996,False,3.502676385296348e-05,115,115.0,119.0,4.0,inf,False,False,32
1147,layer3.conv1,scale,1,"(42, 2)",2,0.01,True,0.845,-0.0050000000000000044,False,3.502676385296348e-05,115,115.0,113.0,2.0,inf,False,False,32
1148,layer3.conv1,scale,5,"(17, 7)",9,0.045,True,0.835,0.0050000000000000044,False,3.502676385296348e-05,116,116.0,84.0,32.0,inf,False,False,32
1149,layer3.conv1,scale,4,"(26, 1)",2,0.01,True,0.835,0.0050000000000000044,False,3.502676385296348e-05,116,116.0,100.0,16.0,inf,False,False,32
1150,layer3.conv1,scale,4,"(19, 3)",2,0.01,True,0.835,0.0050000000000000044,False,3.502676385296348e-05,115,115.0,99.0,16.0,inf,False,False,32
1151,layer3.conv1,scale,5,"(50, 4)",3,0.015,True,0.84,0.0,False,3.502676385296348e-05,115,115.0,83.0,32.0,inf,False,False,32
1152,layer3.conv1,scale,5,"(11, 5)",4,0.02,True,0.825,0.015000000000000013,False,3.502676385296348e-05,116,116.0,84.0,32.0,inf,False,False,32
1153,layer3.conv1,scale,6,"(38, 6)",2,0.01,True,0.845,-0.0050000000000000044,False,3.502676385296348e-05,115,115.0,51.0,64.0,inf,False,False,32
1154,layer3.conv1,scale,4,"(27, 6)",5,0.025,True,0.82,0.020000000000000018,False,3.502676385296348e-05,116,116.0,100.0,16.0,inf,False,False,32
1155,layer3.conv1,scale,4,"(13, 3)",2,0.01,True,0.835,0.0050000000000000044,False,3.502676385296348e-05,115,115.0,99.0,16.0,inf,False,False,32
1156,layer3.conv1,scale,7,"(8, 7)",96,0.48,True,0.48,0.36,True,3.502676385296348e-05,115,115.0,243.0,128.0,inf,False,False,32
1157,layer3.conv1,scale,5,"(50, 6)",3,0.015,True,0.845,-0.0050000000000000044,False,3.502676385296348e-05,116,116.0,84.0,32.0,inf,False,False,32
1158,layer3.conv1,scale,2,"(5, 2)",56,0.28,True,0.665,0.17499999999999993,False,3.502676385296348e-05,115,115.0,119.0,4.0,inf,False,False,32
1159,layer3.conv1,scale,6,"(29, 7)",3,0.015,True,0.825,0.015000000000000013,False,3.502676385296348e-05,115,115.0,51.0,64.0,inf,False,False,32
1160,layer3.conv1,scale,6,"(41, 0)",5,0.025,True,0.835,0.0050000000000000044,False,3.502676385296348e-05,115,115.0,51.0,64.0,inf,False,False,32
1161,layer3.conv1,scale,5,"(56, 6)",2,0.01,True,0.845,-0.0050000000000000044,False,3.502676385296348e-05,116,116.0,84.0,32.0,inf,False,False,32
1162,layer3.conv1,scale,2,"(8, 5)",145,0.725,True,0.245,0.595,False,3.502676385296348e-05,115,115.0,119.0,4.0,inf,False,False,32
1163,layer3.conv1,scale,5,"(42, 5)",2,0.01,True,0.84,0.0,False,3.502676385296348e-05,115,115.0,83.0,32.0,inf,False,False,32
1164,layer3.conv1,scale,6,"(63, 3)",17,0.085,True,0.79,0.04999999999999993,False,3.502676385296348e-05,116,116.0,52.0,64.0,inf,False,False,32
1165,layer3.conv1,scale,6,"(9, 6)",10,0.05,True,0.85,-0.010000000000000009,False,3.502676385296348e-05,116,116.0,52.0,64.0,inf,False,False,32
1166,layer3.conv1,scale,4,"(20, 6)",2,0.01,True,0.85,-0.010000000000000009,False,3.502676385296348e-05,115,115.0,99.0,16.0,inf,False,False,32
1167,layer3.conv1,scale,0,"(48, 3)",3,0.015,True,0.84,0.0,False,3.502676385296348e-05,115,115.0,114.0,1.0,inf,False,False,32
1168,layer3.conv1,scale,4,"(48, 6)",12,0.06,True,0.835,0.0050000000000000044,False,3.502676385296348e-05,116,116.0,100.0,16.0,inf,False,False,32
1169,layer3.conv1,scale,4,"(37, 1)",1,0.005,True,0.84,0.0,False,3.502676385296348e-05,115,115.0,99.0,16.0,inf,False,False,32
1170,layer3.conv1,scale,5,"(57, 4)",1,0.005,True,0.84,0.0,False,3.502676385296348e-05,115,115.0,83.0,32.0,inf,False,False,32
1171,layer3.conv1,scale,0,"(34, 5)",4,0.02,True,0.83,0.010000000000000009,False,3.502676385296348e-05,115,115.0,114.0,1.0,inf,False,False,32
1172,layer3.conv1,scale,7,"(37, 8)",200,1.0,True,0.0,0.84,True,3.502676385296348e-05,115,115.0,243.0,128.0,inf,False,False,32
1173,layer3.conv1,scale,1,"(26, 7)",107,0.535,True,0.425,0.415,False,3.502676385296348e-05,116,116.0,118.0,2.0,inf,False,False,32
1174,layer3.conv1,scale,6,"(5, 7)",3,0.015,True,0.83,0.010000000000000009,False,3.502676385296348e-05,115,115.0,51.0,64.0,inf,False,False,32
1175,layer3.conv1,scale,0,"(42, 3)",2,0.01,True,0.84,0.0,False,3.502676385296348e-05,115,115.0,114.0,1.0,inf,False,False,32
1176,layer3.conv1,scale,7,"(38, 2)",200,1.0,True,0.0,0.84,True,3.502676385296348e-05,115,115.0,243.0,128.0,inf,False,False,32
1177,layer3.conv1,scale,6,"(4, 0)",3,0.015,True,0.845,-0.0050000000000000044,False,3.502676385296348e-05,115,115.0,51.0,64.0,inf,False,False,32
1178,layer3.conv1,scale,4,"(29, 7)",3,0.015,True,0.825,0.015000000000000013,False,3.502676385296348e-05,115,115.0,99.0,16.0,inf,False,False,32
1179,layer3.conv1,scale,2,"(32, 2)",17,0.085,True,0.83,0.010000000000000009,False,3.502676385296348e-05,115,115.0,119.0,4.0,inf,False,False,32
1180,layer3.conv1,scale,3,"(31, 8)",175,0.875,True,0.135,0.705,False,3.502676385296348e-05,115,115.0,123.0,8.0,inf,False,False,32
1181,layer3.conv1,scale,4,"(59, 7)",5,0.025,True,0.84,0.0,False,3.502676385296348e-05,115,115.0,99.0,16.0,inf,False,False,32
1182,layer3.conv1,scale,1,"(23, 8)",1,0.005,True,0.835,0.0050000000000000044,False,3.502676385296348e-05,115,115.0,113.0,2.0,inf,False,False,32
1183,layer3.conv1,scale,6,"(13, 1)",2,0.01,True,0.835,0.0050000000000000044,False,3.502676385296348e-05,116,116.0,52.0,64.0,inf,False,False,32
1184,layer3.conv1,scale,4,"(55, 8)",7,0.035,True,0.845,-0.0050000000000000044,False,3.502676385296348e-05,115,115.0,99.0,16.0,inf,False,False,32
1185,layer3.conv1,scale,5,"(8, 6)",4,0.02,True,0.84,0.0,False,3.502676385296348e-05,116,116.0,84.0,32.0,inf,False,False,32
1186,layer3.conv1,scale,1,"(3, 2)",4,0.02,True,0.845,-0.0050000000000000044,False,3.502676385296348e-05,115,115.0,113.0,2.0,inf,False,False,32
1187,layer3.conv1,scale,7,"(26, 2)",200,1.0,True,0.0,0.84,True,3.502676385296348e-05,114,114.0,242.0,128.0,inf,False,False,32
1188,layer3.conv1,scale,4,"(5, 2)",2,0.01,True,0.835,0.0050000000000000044,False,3.502676385296348e-05,115,115.0,99.0,16.0,inf,False,False,32
1189,layer3.conv1,scale,3,"(33, 2)",178,0.89,True,0.1,0.74,False,3.502676385296348e-05,116,116.0,124.0,8.0,inf,False,False,32
1190,layer3.conv1,scale,0,"(38, 2)",0,0.0,False,0.84,0.0,False,3.502676385296348e-05,115,115.0,114.0,1.0,inf,False,False,32
1191,layer3.conv1,scale,5,"(24, 0)",4,0.02,True,0.83,0.010000000000000009,False,3.502676385296348e-05,115,115.0,83.0,32.0,inf,False,False,32
1192,layer3.conv1,scale,6,"(11, 3)",3,0.015,True,0.83,0.010000000000000009,False,3.502676385296348e-05,116,116.0,52.0,64.0,inf,False,False,32
1193,layer3.conv1,scale,6,"(30, 8)",9,0.045,True,0.84,0.0,False,3.502676385296348e-05,116,116.0,52.0,64.0,inf,False,False,32
1194,layer3.conv1,scale,1,"(28, 4)",2,0.01,True,0.84,0.0,False,3.502676385296348e-05,115,115.0,113.0,2.0,inf,False,False,32
1195,layer3.conv1,scale,0,"(43, 1)",2,0.01,True,0.835,0.0050000000000000044,False,3.502676385296348e-05,115,115.0,114.0,1.0,inf,False,False,32
1196,layer3.conv1,scale,1,"(58, 0)",32,0.16,True,0.755,0.08499999999999996,False,3.502676385296348e-05,116,116.0,118.0,2.0,inf,False,False,32
1197,layer3.conv1,scale,3,"(50, 6)",179,0.895,True,0.1,0.74,False,3.502676385296348e-05,116,116.0,124.0,8.0,inf,False,False,32
1198,layer3.conv1,scale,0,"(59, 0)",1,0.005,True,0.84,0.0,False,3.502676385296348e-05,115,115.0,114.0,1.0,inf,False,False,32
1199,layer3.conv1,scale,0,"(3, 2)",3,0.015,True,0.85,-0.010000000000000009,False,3.502676385296348e-05,115,115.0,114.0,1.0,inf,False,False,32
1200,layer3.conv1,scale,3,"(62, 1)",181,0.905,True,0.1,0.74,False,3.502676385296348e-05,116,116.0,124.0,8.0,inf,False,False,32
1201,layer3.conv1,scale,4,"(24, 3)",5,0.025,True,0.83,0.010000000000000009,False,3.502676385296348e-05,115,115.0,99.0,16.0,inf,False,False,32
1202,layer3.conv1,scale,0,"(59, 7)",3,0.015,True,0.85,-0.010000000000000009,False,3.502676385296348e-05,115,115.0,114.0,1.0,inf,False,False,32
1203,layer3.conv1,scale,2,"(39, 5)",143,0.715,True,0.27,0.57,False,3.502676385296348e-05,115,115.0,119.0,4.0,inf,False,False,32
1204,layer3.conv1,scale,4,"(43, 4)",6,0.03,True,0.835,0.0050000000000000044,False,3.502676385296348e-05,115,115.0,99.0,16.0,inf,False,False,32
1205,layer3.conv1,scale,6,"(1, 3)",1,0.005,True,0.84,0.0,False,3.502676385296348e-05,115,115.0,51.0,64.0,inf,False,False,32
1206,layer3.conv1,scale,4,"(1, 5)",9,0.045,True,0.835,0.0050000000000000044,False,3.502676385296348e-05,116,116.0,100.0,16.0,inf,False,False,32
1207,layer3.conv1,scale,3,"(60, 6)",62,0.31,True,0.63,0.20999999999999996,False,3.502676385296348e-05,116,116.0,124.0,8.0,inf,False,False,32
1208,layer3.conv1,scale,1,"(22, 6)",4,0.02,True,0.835,0.0050000000000000044,False,3.502676385296348e-05,115,115.0,113.0,2.0,inf,False,False,32
1209,layer3.conv1,scale,1,"(41, 0)",5,0.025,True,0.835,0.0050000000000000044,False,3.502676385296348e-05,115,115.0,113.0,2.0,inf,False,False,32
1210,layer3.conv1,scale,3,"(52, 4)",76,0.38,True,0.54,0.29999999999999993,False,3.502676385296348e-05,115,115.0,123.0,8.0,inf,False,False,32
1211,layer3.conv1,scale,6,"(31, 0)",2,0.01,True,0.835,0.0050000000000000044,False,3.502676385296348e-05,116,116.0,52.0,64.0,inf,False,False,32
1212,layer3.conv1,scale,6,"(63, 0)",1,0.005,True,0.84,0.0,False,3.502676385296348e-05,115,115.0,51.0,64.0,inf,False,False,32
1213,layer3.conv1,scale,3,"(28, 6)",178,0.89,True,0.1,0.74,False,3.502676385296348e-05,115,115.0,123.0,8.0,inf,False,False,32
1214,layer3.conv1,scale,4,"(1, 0)",2,0.01,True,0.84,0.0,False,3.502676385296348e-05,115,115.0,99.0,16.0,inf,False,False,32
1215,layer3.conv1,scale,0,"(9, 3)",0,0.0,False,0.84,0.0,False,3.502676385296348e-05,115,115.0,114.0,1.0,inf,False,False,32
1216,layer3.conv1,scale,3,"(28, 5)",178,0.89,True,0.1,0.74,False,3.502676385296348e-05,115,115.0,123.0,8.0,inf,False,False,32
1217,layer3.conv1,scale,2,"(4, 2)",8,0.04,True,0.85,-0.010000000000000009,False,3.502676385296348e-05,115,115.0,119.0,4.0,inf,False,False,32
1218,layer3.conv1,scale,6,"(55, 6)",1,0.005,True,0.835,0.0050000000000000044,False,3.502676385296348e-05,115,115.0,51.0,64.0,inf,False,False,32
1219,layer3.conv1,scale,3,"(43, 5)",162,0.81,True,0.17,0.6699999999999999,False,3.502676385296348e-05,115,115.0,123.0,8.0,inf,False,False,32
1220,layer3.conv1,scale,2,"(4, 0)",57,0.285,True,0.645,0.19499999999999995,False,3.502676385296348e-05,115,115.0,119.0,4.0,inf,False,False,32
1221,layer3.conv1,scale,0,"(59, 1)",2,0.01,True,0.84,0.0,False,3.502676385296348e-05,115,115.0,114.0,1.0,inf,False,False,32
1222,layer3.conv1,scale,3,"(60, 5)",165,0.825,True,0.17,0.6699999999999999,False,3.502676385296348e-05,115,115.0,123.0,8.0,inf,False,False,32
1223,layer3.conv1,scale,1,"(50, 6)",45,0.225,True,0.705,0.135,False,3.502676385296348e-05,116,116.0,118.0,2.0,inf,False,False,32
1224,layer3.conv1,scale,3,"(54, 1)",100,0.5,True,0.465,0.37499999999999994,False,3.502676385296348e-05,115,115.0,123.0,8.0,inf,False,False,32
1225,layer3.conv1,scale,2,"(1, 3)",55,0.275,True,0.65,0.18999999999999995,False,3.502676385296348e-05,115,115.0,119.0,4.0,inf,False,False,32
1226,layer3.conv1,scale,3,"(33, 5)",149,0.745,True,0.225,0.615,False,3.502676385296348e-05,116,116.0,124.0,8.0,inf,False,False,32
1227,layer3.conv1,scale,2,"(2, 4)",120,0.6,True,0.38,0.45999999999999996,False,3.502676385296348e-05,115,115.0,119.0,4.0,inf,False,False,32
1228,layer3.conv1,scale,0,"(20, 2)",2,0.01,True,0.845,-0.0050000000000000044,False,3.502676385296348e-05,115,115.0,114.0,1.0,inf,False,False,32
1229,layer3.conv1,scale,3,"(32, 7)",158,0.79,True,0.21,0.63,False,3.502676385296348e-05,115,115.0,123.0,8.0,inf,False,False,32
1230,layer3.conv1,scale,4,"(31, 0)",2,0.01,True,0.835,0.0050000000000000044,False,3.502676385296348e-05,116,116.0,100.0,16.0,inf,False,False,32
1231,layer3.conv1,scale,2,"(36, 6)",3,0.015,True,0.845,-0.0050000000000000044,False,3.502676385296348e-05,116,116.0,112.0,4.0,inf,False,False,32
1232,layer3.conv1,scale,0,"(42, 4)",0,0.0,False,0.84,0.0,False,3.502676385296348e-05,115,115.0,114.0,1.0,inf,False,False,32
1233,layer3.conv1,scale,2,"(38, 7)",62,0.31,True,0.655,0.18499999999999994,False,3.502676385296348e-05,115,115.0,119.0,4.0,inf,False,False,32
1234,layer3.conv1,scale,0,"(49, 0)",0,0.0,False,0.84,0.0,False,3.502676385296348e-05,115,115.0,114.0,1.0,inf,False,False,32
1235,layer3.conv1,scale,3,"(56, 0)",179,0.895,True,0.1,0.74,False,3.502676385296348e-05,115,115.0,123.0,8.0,inf,False,False,32
1236,layer3.conv1,scale,6,"(13, 1)",2,0.01,True,0.835,0.0050000000000000044,False,3.502676385296348e-05,116,116.0,52.0,64.0,inf,False,False,32
1237,layer3.conv1,scale,2,"(57, 4)",19,0.095,True,0.815,0.025000000000000022,False,3.502676385296348e-05,115,115.0,119.0,4.0,inf,False,False,32
1238,layer3.conv1,scale,5,"(51, 1)",2,0.01,True,0.84,0.0,False,3.502676385296348e-05,115,115.0,83.0,32.0,inf,False,False,32
1239,layer3.conv1,scale,5,"(63, 2)",6,0.03,True,0.84,0.0,False,3.502676385296348e-05,116,116.0,84.0,32.0,inf,False,False,32
1240,layer3.conv1,scale,7,"(46, 7)",181,0.905,True,0.09,0.75,True,3.502676385296348e-05,115,115.0,243.0,128.0,inf,False,False,32
1241,layer3.conv1,scale,6,"(21, 3)",2,0.01,True,0.845,-0.0050000000000000044,False,3.502676385296348e-05,116,116.0,52.0,64.0,inf,False,False,32
1242,layer3.conv1,scale,7,"(20, 0)",200,1.0,True,0.0,0.84,True,3.502676385296348e-05,115,115.0,243.0,128.0,inf,False,False,32
1243,layer3.conv1,scale,0,"(29, 8)",1,0.005,True,0.84,0.0,False,3.502676385296348e-05,115,115.0,114.0,1.0,inf,False,False,32
1244,layer3.conv1,scale,0,"(26, 6)",2,0.01,True,0.835,0.0050000000000000044,False,3.502676385296348e-05,115,115.0,114.0,1.0,inf,False,False,32
1245,layer3.conv1,scale,1,"(63, 5)",99,0.495,True,0.485,0.355,False,3.502676385296348e-05,116,116.0,118.0,2.0,inf,False,False,32
1246,layer3.conv1,scale,1,"(35, 5)",86,0.43,True,0.56,0.2799999999999999,False,3.502676385296348e-05,116,116.0,118.0,2.0,inf,False,False,32
1247,layer3.conv1,scale,0,"(44, 7)",6,0.03,True,0.845,-0.0050000000000000044,False,3.502676385296348e-05,116,116.0,117.0,1.0,inf,False,False,32
1248,layer3.conv1,scale,0,"(42, 8)",1,0.005,True,0.84,0.0,False,3.502676385296348e-05,115,115.0,114.0,1.0,inf,False,False,32
1249,layer3.conv1,scale,2,"(3, 6)",181,0.905,True,0.1,0.74,False,3.502676385296348e-05,115,115.0,119.0,4.0,inf,False,False,32
1250,layer3.conv1,scale,4,"(53, 4)",2,0.01,True,0.835,0.0050000000000000044,False,3.502676385296348e-05,115,115.0,99.0,16.0,inf,False,False,32
1251,layer3.conv1,scale,2,"(58, 1)",39,0.195,True,0.715,0.125,False,3.502676385296348e-05,115,115.0,119.0,4.0,inf,False,False,32
1252,layer3.conv1,scale,0,"(26, 6)",2,0.01,True,0.835,0.0050000000000000044,False,3.502676385296348e-05,115,115.0,114.0,1.0,inf,False,False,32
1253,layer3.conv1,scale,5,"(39, 4)",5,0.025,True,0.825,0.015000000000000013,False,3.502676385296348e-05,115,115.0,83.0,32.0,inf,False,False,32
1254,layer3.conv1,scale,4,"(11, 2)",3,0.015,True,0.835,0.0050000000000000044,False,3.502676385296348e-05,116,116.0,100.0,16.0,inf,False,False,32
1255,layer3.conv1,scale,5,"(12, 3)",9,0.045,True,0.82,0.020000000000000018,False,3.502676385296348e-05,116,116.0,84.0,32.0,inf,False,False,32
1256,layer3.conv1,scale,6,"(58, 2)",7,0.035,True,0.845,-0.0050000000000000044,False,3.502676385296348e-05,116,116.0,52.0,64.0,inf,False,False,32
1257,layer3.conv1,scale,7,"(22, 2)",199,0.995,True,0.005,0.835,True,3.502676385296348e-05,115,115.0,243.0,128.0,inf,False,False,32
1258,layer3.conv1,scale,3,"(53, 5)",182,0.91,True,0.1,0.74,False,3.502676385296348e-05,115,115.0,123.0,8.0,inf,False,False,32
1259,layer3.conv1,scale,5,"(36, 8)",3,0.015,True,0.83,0.010000000000000009,False,3.502676385296348e-05,116,116.0,84.0,32.0,inf,False,False,32
1260,layer3.conv1,scale,1,"(25, 5)",20,0.1,True,0.79,0.04999999999999993,False,3.502676385296348e-05,116,116.0,118.0,2.0,inf,False,False,32
1261,layer3.conv1,scale,4,"(41, 6)",2,0.01,True,0.845,-0.0050000000000000044,False,3.502676385296348e-05,115,115.0,99.0,16.0,inf,False,False,32
1262,layer3.conv1,scale,5,"(19, 1)",11,0.055,True,0.835,0.0050000000000000044,False,3.502676385296348e-05,116,116.0,84.0,32.0,inf,False,False,32
1263,layer3.conv1,scale,7,"(26, 2)",200,1.0,True,0.0,0.84,True,3.502676385296348e-05,114,114.0,242.0,128.0,inf,False,False,32
1264,layer3.conv1,scale,2,"(36, 3)",16,0.08,True,0.845,-0.0050000000000000044,False,3.502676385296348e-05,115,115.0,119.0,4.0,inf,False,False,32
1265,layer3.conv1,scale,5,"(47, 5)",2,0.01,True,0.84,0.0,False,3.502676385296348e-05,116,116.0,84.0,32.0,inf,False,False,32
1266,layer3.conv1,scale,1,"(27, 4)",8,0.04,True,0.845,-0.0050000000000000044,False,3.502676385296348e-05,115,115.0,113.0,2.0,inf,False,False,32
1267,layer3.conv1,scale,3,"(34, 0)",95,0.475,True,0.49,0.35,False,3.502676385296348e-05,115,115.0,123.0,8.0,inf,False,False,32
1268,layer3.conv1,scale,7,"(6, 5)",200,1.0,True,0.0,0.84,True,3.502676385296348e-05,115,115.0,243.0,128.0,inf,False,False,32
1269,layer3.conv1,scale,2,"(62, 3)",9,0.045,True,0.82,0.020000000000000018,False,3.502676385296348e-05,115,115.0,119.0,4.0,inf,False,False,32
1270,layer3.conv1,scale,3,"(3, 8)",104,0.52,True,0.465,0.37499999999999994,False,3.502676385296348e-05,115,115.0,123.0,8.0,inf,False,False,32
1271,layer3.conv1,scale,0,"(54, 5)",3,0.015,True,0.83,0.010000000000000009,False,3.502676385296348e-05,115,115.0,114.0,1.0,inf,False,False,32
1272,layer3.conv1,scale,0,"(44, 4)",1,0.005,True,0.84,0.0,False,3.502676385296348e-05,115,115.0,114.0,1.0,inf,False,False,32
1273,layer3.conv1,scale,7,"(9, 5)",199,0.995,True,0.0,0.84,True,3.502676385296348e-05,116,116.0,244.0,128.0,inf,False,False,32
1274,layer3.conv1,scale,1,"(15, 0)",3,0.015,True,0.835,0.0050000000000000044,False,3.502676385296348e-05,115,115.0,113.0,2.0,inf,False,False,32
1275,layer3.conv1,scale,6,"(6, 5)",2,0.01,True,0.84,0.0,False,3.502676385296348e-05,115,115.0,51.0,64.0,inf,False,False,32
1276,layer3.conv1,scale,1,"(15, 5)",78,0.39,True,0.575,0.265,False,3.502676385296348e-05,116,116.0,118.0,2.0,inf,False,False,32
1277,layer3.conv1,scale,3,"(54, 5)",178,0.89,True,0.115,0.725,False,3.502676385296348e-05,115,115.0,123.0,8.0,inf,False,False,32
1278,layer3.conv1,scale,0,"(62, 7)",1,0.005,True,0.84,0.0,False,3.502676385296348e-05,116,116.0,117.0,1.0,inf,False,False,32
1279,layer3.conv1,scale,7,"(38, 8)",200,1.0,True,0.0,0.84,True,3.502676385296348e-05,116,116.0,244.0,128.0,inf,False,False,32
1280,layer3.conv1,scale,6,"(34, 0)",2,0.01,True,0.845,-0.0050000000000000044,False,3.502676385296348e-05,115,115.0,51.0,64.0,inf,False,False,32
1281,layer3.conv1,scale,6,"(62, 4)",2,0.01,True,0.83,0.010000000000000009,False,3.502676385296348e-05,115,115.0,51.0,64.0,inf,False,False,32
1282,layer3.conv1,scale,7,"(16, 0)",155,0.775,True,0.19,0.6499999999999999,True,3.502676385296348e-05,115,115.0,243.0,128.0,inf,False,False,32
1283,layer3.conv1,scale,3,"(27, 8)",182,0.91,True,0.1,0.74,False,3.502676385296348e-05,115,115.0,123.0,8.0,inf,False,False,32
1284,layer3.conv1,scale,0,"(42, 4)",0,0.0,False,0.84,0.0,False,3.502676385296348e-05,115,115.0,114.0,1.0,inf,False,False,32
1285,layer3.conv1,scale,7,"(11, 4)",195,0.975,True,0.03,0.8099999999999999,True,3.502676385296348e-05,116,116.0,244.0,128.0,inf,False,False,32
1286,layer3.conv1,scale,2,"(0, 8)",11,0.055,True,0.84,0.0,False,3.502676385296348e-05,115,115.0,119.0,4.0,inf,False,False,32
1287,layer3.conv1,scale,7,"(2, 3)",200,1.0,True,0.0,0.84,True,3.502676385296348e-05,115,115.0,243.0,128.0,inf,False,False,32
1288,layer3.conv1,scale,6,"(60, 7)",2,0.01,True,0.835,0.0050000000000000044,False,3.502676385296348e-05,116,116.0,52.0,64.0,inf,False,False,32
1289,layer3.conv1,scale,3,"(49, 1)",155,0.775,True,0.23,0.61,False,3.502676385296348e-05,115,115.0,123.0,8.0,inf,False,False,32
1290,layer3.conv1,scale,0,"(16, 6)",0,0.0,False,0.84,0.0,False,3.502676385296348e-05,115,115.0,114.0,1.0,inf,False,False,32
1291,layer3.conv1,scale,3,"(5, 3)",181,0.905,True,0.105,0.735,False,3.502676385296348e-05,115,115.0,123.0,8.0,inf,False,False,32
1292,layer3.conv1,scale,6,"(36, 1)",3,0.015,True,0.845,-0.0050000000000000044,False,3.502676385296348e-05,115,115.0,51.0,64.0,inf,False,False,32
1293,layer3.conv1,scale,1,"(41, 1)",4,0.02,True,0.84,0.0,False,3.502676385296348e-05,115,115.0,113.0,2.0,inf,False,False,32
1294,layer3.conv1,scale,4,"(28, 0)",0,0.0,False,0.84,0.0,False,3.502676385296348e-05,115,115.0,99.0,16.0,inf,False,False,32
1295,layer3.conv1,scale,0,"(36, 0)",2,0.01,True,0.845,-0.0050000000000000044,False,3.502676385296348e-05,116,116.0,117.0,1.0,inf,False,False,32
1296,layer3.conv1,scale,7,"(18, 1)",200,1.0,True,0.0,0.84,True,3.502676385296348e-05,115,115.0,243.0,128.0,inf,False,False,32
1297,layer3.conv1,scale,2,"(47, 2)",5,0.025,True,0.845,-0.0050000000000000044,False,3.502676385296348e-05,116,116.0,112.0,4.0,inf,False,False,32
1298,layer3.conv1,scale,7,"(36, 6)",200,1.0,True,0.0,0.84,True,3.502676385296348e-05,116,116.0,244.0,128.0,inf,False,False,32
1299,layer3.conv1,scale,1,"(60, 3)",3,0.015,True,0.84,0.0,False,3.502676385296348e-05,115,115.0,113.0,2.0,inf,False,False,32
1300,layer3.conv1,scale,0,"(0, 0)",4,0.02,True,0.845,-0.0050000000000000044,False,3.502676385296348e-05,116,116.0,117.0,1.0,inf,False,False,32
1301,layer3.conv1,scale,0,"(15, 1)",1,0.005,True,0.84,0.0,False,3.502676385296348e-05,115,115.0,114.0,1.0,inf,False,False,32
1302,layer3.conv1,scale,2,"(2, 7)",92,0.46,True,0.51,0.32999999999999996,False,3.502676385296348e-05,115,115.0,119.0,4.0,inf,False,False,32
1303,layer3.conv1,scale,5,"(30, 7)",5,0.025,True,0.82,0.020000000000000018,False,3.502676385296348e-05,115,115.0,83.0,32.0,inf,False,False,32
1304,layer3.conv1,scale,3,"(6, 7)",182,0.91,True,0.1,0.74,False,3.502676385296348e-05,115,115.0,123.0,8.0,inf,False,False,32
1305,layer3.conv1,scale,7,"(48, 0)",185,0.925,True,0.075,0.765,True,3.502676385296348e-05,115,115.0,243.0,128.0,inf,False,False,32
1306,layer3.conv1,scale,5,"(11, 4)",5,0.025,True,0.845,-0.0050000000000000044,False,3.502676385296348e-05,116,116.0,84.0,32.0,inf,False,False,32
1307,layer3.conv1,scale,5,"(12, 8)",9,0.045,True,0.845,-0.0050000000000000044,False,3.502676385296348e-05,115,115.0,83.0,32.0,inf,False,False,32
1308,layer3.conv1,scale,5,"(48, 2)",2,0.01,True,0.845,-0.0050000000000000044,False,3.502676385296348e-05,115,115.0,83.0,32.0,inf,False,False,32
1309,layer3.conv1,scale,7,"(5, 7)",148,0.74,True,0.235,0.605,True,3.502676385296348e-05,115,115.0,243.0,128.0,inf,False,False,32
1310,layer3.conv1,scale,3,"(36, 5)",180,0.9,True,0.11,0.73,False,3.502676385296348e-05,116,116.0,124.0,8.0,inf,False,False,32
1311,layer3.conv1,scale,6,"(8, 7)",7,0.035,True,0.83,0.010000000000000009,False,3.502676385296348e-05,115,115.0,51.0,64.0,inf,False,False,32
1312,layer3.conv1,scale,0,"(63, 5)",22,0.11,True,0.8,0.039999999999999925,False,3.502676385296348e-05,116,116.0,117.0,1.0,inf,False,False,32
1313,layer3.conv1,scale,5,"(59, 5)",6,0.03,True,0.85,-0.010000000000000009,False,3.502676385296348e-05,116,116.0,84.0,32.0,inf,False,False,32
1314,layer3.conv1,scale,3,"(37, 5)",174,0.87,True,0.135,0.705,False,3.502676385296348e-05,116,116.0,124.0,8.0,inf,False,False,32
1315,layer3.conv1,scale,4,"(50, 4)",3,0.015,True,0.84,0.0,False,3.502676385296348e-05,115,115.0,99.0,16.0,inf,False,False,32
1316,layer3.conv1,scale,6,"(46, 6)",2,0.01,True,0.835,0.0050000000000000044,False,3.502676385296348e-05,115,115.0,51.0,64.0,inf,False,False,32
1317,layer3.conv1,scale,2,"(12, 7)",147,0.735,True,0.255,0.585,False,3.502676385296348e-05,115,115.0,119.0,4.0,inf,False,False,32
1318,layer3.conv1,scale,3,"(63, 2)",180,0.9,True,0.095,0.745,False,3.502676385296348e-05,116,116.0,124.0,8.0,inf,False,False,32
1319,layer3.conv1,scale,3,"(1, 0)",168,0.84,True,0.16,0.6799999999999999,False,3.502676385296348e-05,115,115.0,123.0,8.0,inf,False,False,32
1320,layer3.conv1,scale,3,"(57, 6)",179,0.895,True,0.12,0.72,False,3.502676385296348e-05,116,116.0,124.0,8.0,inf,False,False,32
1321,layer3.conv1,scale,2,"(40, 7)",137,0.685,True,0.3,0.54,False,3.502676385296348e-05,115,115.0,119.0,4.0,inf,False,False,32
1322,layer3.conv1,scale,6,"(22, 2)",4,0.02,True,0.83,0.010000000000000009,False,3.502676385296348e-05,115,115.0,51.0,64.0,inf,False,False,32
1323,layer3.conv1,scale,1,"(20, 5)",5,0.025,True,0.845,-0.0050000000000000044,False,3.502676385296348e-05,115,115.0,113.0,2.0,inf,False,False,32
1324,layer3.conv2,element,5,"(57, 4, 18)",0,0.0,False,0.84,0.0,False,0.0005510654589945949,241,-144.0,-9.0,4.0,0.9375,False,False,1
1325,layer3.conv2,element,6,"(31, 12, 19)",0,0.0,False,0.84,0.0,False,0.0005510654589945949,243,-176.0,-0.6875,8.0,0.99609375,False,False,1
1326,layer3.conv2,element,4,"(40, 6, 8)",0,0.0,False,0.84,0.0,False,0.0005510654589945949,248,-256.0,-64.0,2.0,0.75,False,False,1
1327,layer3.conv2,element,6,"(42, 5, 20)",0,0.0,False,0.84,0.0,False,0.0005510654589945949,93,26.0,0.1015625,8.0,0.99609375,False,False,1
1328,layer3.conv2,element,4,"(31, 1, 24)",0,0.0,False,0.84,0.0,False,0.0005510654589945949,235,-88.0,-352.0,2.0,3.0,False,False,1
1329,layer3.conv2,element,3,"(37, 8, 9)",0,0.0,False,0.84,0.0,False,0.0005510654589945949,42,0.3125,0.15625,1.0000001192092896,0.5,False,False,1
1330,layer3.conv2,element,6,"(21, 17, 3)",0,0.0,False,0.84,0.0,False,0.0005510654589945949,229,-52.0,-0.203125,8.0,0.99609375,False,False,1
1331,layer3.conv2,element,2,"(47, 3, 31)",0,0.0,False,0.84,0.0,False,0.0005510654589945949,122,320.0,448.0,0.4854269027709961,0.4000000059604645,False,False,1
1332,layer3.conv2,element,2,"(32, 13, 31)",0,0.0,False,0.84,0.0,False,0.0005510654589945949,106,80.0,112.0,0.4854269027709961,0.4000000059604645,False,False,1
1333,layer3.conv2,element,7,"(21, 9, 1)",0,0.0,False,0.84,0.0,False,0.0005510654589945949,235,-88.0,88.0,0.0,2.0,True,False,1
1334,layer3.conv2,element,0,"(4, 2, 1)",0,0.0,False,0.84,0.0,False,0.0005510654589945949,240,-128.0,-144.0,0.16992521286010742,0.125,False,False,1
1335,layer3.conv2,element,2,"(0, 0, 3)",0,0.0,False,0.84,0.0,False,0.0005510654589945949,254,-448.0,-320.0,0.4854269027709961,0.2857142984867096,False,False,1
1336,layer3.conv2,element,2,"(33, 0, 0)",0,0.0,False,0.84,0.0,False,0.0005510654589945949,246,-224.0,-160.0,0.4854269027709961,0.2857142984867096,False,False,1
1337,layer3.conv2,element,6,"(13, 10, 31)",1,0.005,True,0.835,0.0050000000000000044,False,0.0005510654589945949,122,320.0,1.25,8.0,0.99609375,False,False,1
1338,layer3.conv2,element,7,"(28, 8, 2)",0,0.0,False,0.84,0.0,False,0.0005510654589945949,113,144.0,-144.0,0.0,2.0,True,False,1
1339,layer3.conv2,element,1,"(18, 9, 23)",0,0.0,False,0.84,0.0,False,0.0005510654589945949,243,-176.0,-144.0,0.2895064353942871,0.1818181872367859,False,False,1
1340,layer3.conv2,element,6,"(4, 6, 12)",0,0.0,False,0.84,0.0,False,0.0005510654589945949,93,26.0,0.1015625,8.0,0.99609375,False,False,1
1341,layer3.conv2,element,3,"(35, 7, 5)",0,0.0,False,0.84,0.0,False,0.0005510654589945949,229,-52.0,-104.0,1.0,1.0,False,False,1
1342,layer3.conv2,element,0,"(50, 16, 15)",0,0.0,False,0.84,0.0,False,0.0005510654589945949,238,-112.0,-120.0,0.09953546524047852,0.0714285746216774,False,False,1
1343,layer3.conv2,element,3,"(24, 16, 20)",0,0.0,False,0.84,0.0,False,0.0005510654589945949,230,-56.0,-112.0,1.0,1.0,False,False,1
1344,layer3.conv2,element,3,"(9, 0, 30)",0,0.0,False,0.84,0.0,False,0.0005510654589945949,240,-128.0,-256.0,1.0,1.0,False,False,1
1345,layer3.conv2,element,2,"(42, 1, 20)",1,0.005,True,0.84,0.0,False,0.0005510654589945949,115,176.0,240.0,0.44745874404907227,0.3636363744735718,False,False,1
1346,layer3.conv2,element,3,"(30, 13, 26)",0,0.0,False,0.84,0.0,False,0.0005510654589945949,231,-60.0,-120.0,1.0,1.0,False,False,1
1347,layer3.conv2,element,1,"(14, 5, 31)",0,0.0,False,0.84,0.0,False,0.0005510654589945949,112,128.0,160.0,0.3219280242919922,0.25,False,False,1
1348,layer3.conv2,element,6,"(28, 8, 10)",0,0.0,False,0.84,0.0,False,0.0005510654589945949,228,-48.0,-0.1875,8.0,0.99609375,False,False,1
1349,layer3.conv2,element,7,"(29, 17, 4)",0,0.0,False,0.84,0.0,False,0.0005510654589945949,119,240.0,-240.0,0.0,2.0,True,False,1
1350,layer3.conv2,element,3,"(21, 14, 20)",0,0.0,False,0.84,0.0,False,0.0005510654589945949,102,56.0,112.0,1.0,1.0,False,False,1
1351,layer3.conv2,element,5,"(0, 2, 18)",1,0.005,True,0.84,0.0,False,0.0005510654589945949,121,288.0,18.0,3.999999523162842,0.9375,False,False,1
1352,layer3.conv2,element,3,"(56, 7, 31)",0,0.0,False,0.84,0.0,False,0.0005510654589945949,248,-256.0,-128.0,1.0,0.5,False,False,1
1353,layer3.conv2,element,3,"(43, 16, 19)",0,0.0,False,0.84,0.0,False,0.0005510654589945949,242,-160.0,-320.0,1.0,1.0,False,False,1
1354,layer3.conv2,element,1,"(23, 16, 10)",0,0.0,False,0.84,0.0,False,0.0005510654589945949,236,-96.0,-112.0,0.22239255905151367,0.1666666716337204,False,False,1
1355,layer3.conv2,element,4,"(55, 6, 28)",1,0.005,True,0.84,0.0,False,0.0005510654589945949,254,-448.0,-112.0,2.0,0.75,False,False,1
1356,layer3.conv2,element,5,"(33, 8, 5)",0,0.0,False,0.84,0.0,False,0.0005510654589945949,109,104.0,6.5,4.0,0.9375,False,False,1
1357,layer3.conv2,element,6,"(54, 17, 5)",0,0.0,False,0.84,0.0,False,0.0005510654589945949,79,7.5,0.029296875,8.0,0.99609375,False,False,1
1358,layer3.conv2,element,6,"(27, 0, 27)",1,0.005,True,0.84,0.0,False,0.0005510654589945949,253,-416.0,-1.625,8.0,0.99609375,False,False,1
1359,layer3.conv2,element,5,"(55, 17, 20)",0,0.0,False,0.84,0.0,False,0.0005510654589945949,254,-448.0,-28.0,4.0,0.9375,False,False,1
1360,layer3.conv2,element,5,"(31, 15, 17)",0,0.0,False,0.84,0.0,False,0.0005510654589945949,241,-144.0,-9.0,4.0,0.9375,False,False,1
1361,layer3.conv2,element,1,"(12, 9, 30)",0,0.0,False,0.84,0.0,False,0.0005510654589945949,110,112.0,96.0,0.22239255905151367,0.1428571492433548,False,False,1
1362,layer3.conv2,element,3,"(16, 16, 11)",0,0.0,False,0.84,0.0,False,0.0005510654589945949,218,-20.0,-10.0,1.0,0.5,False,False,1
1363,layer3.conv2,element,1,"(62, 14, 19)",1,0.005,True,0.84,0.0,False,0.0005510654589945949,244,-192.0,-224.0,0.22239255905151367,0.1666666716337204,False,False,1
1364,layer3.conv2,element,6,"(33, 15, 15)",0,0.0,False,0.84,0.0,False,0.0005510654589945949,115,176.0,0.6875,8.0,0.99609375,False,False,1
1365,layer3.conv2,element,7,"(35, 5, 5)",1,0.005,True,0.84,0.0,False,0.0005510654589945949,242,-160.0,160.0,0.0,2.0,True,False,1
1366,layer3.conv2,element,2,"(59, 0, 23)",0,0.0,False,0.84,0.0,False,0.0005510654589945949,210,-10.0,-14.0,0.4854269027709961,0.4000000059604645,False,False,1
1367,layer3.conv2,element,4,"(11, 15, 25)",1,0.005,True,0.84,0.0,False,0.0005510654589945949,115,176.0,44.0,2.0,0.75,False,False,1
1368,layer3.conv2,element,6,"(26, 6, 12)",0,0.0,False,0.84,0.0,False,0.0005510654589945949,114,160.0,0.625,8.0,0.99609375,False,False,1
1369,layer3.conv2,element,4,"(5, 14, 28)",0,0.0,False,0.84,0.0,False,0.0005510654589945949,112,128.0,32.0,2.0,0.75,False,False,1
1370,layer3.conv2,element,4,"(10, 11, 17)",0,0.0,False,0.84,0.0,False,0.0005510654589945949,112,128.0,32.0,2.0,0.75,False,False,1
1371,layer3.conv2,element,1,"(4, 9, 24)",0,0.0,False,0.84,0.0,False,0.0005510654589945949,96,32.0,40.0,0.3219280242919922,0.25,False,False,1
1372,layer3.conv2,element,7,"(44, 10, 12)",0,0.0,False,0.84,0.0,False,0.0005510654589945949,201,-4.5,4.5,0.0,2.0,True,False,1
1373,layer3.conv2,element,1,"(40, 13, 25)",0,0.0,False,0.84,0.0,False,0.0005510654589945949,122,320.0,256.0,0.3219280242919922,0.20000000298023224,False,False,1
1374,layer3.conv2,element,1,"(49, 17, 14)",0,0.0,False,0.84,0.0,False,0.0005510654589945949,254,-448.0,-384.0,0.22239208221435547,0.1428571492433548,False,False,1
1375,layer3.conv2,element,1,"(40, 4, 4)",0,0.0,False,0.84,0.0,False,0.0005510654589945949,243,-176.0,-144.0,0.2895064353942871,0.1818181872367859,False,False,1
1376,layer3.conv2,element,1,"(38, 13, 23)",0,0.0,False,0.84,0.0,False,0.0005510654589945949,245,-208.0,-240.0,0.2064504623413086,0.1538461595773697,False,False,1
1377,layer3.conv2,element,2,"(50, 6, 11)",0,0.0,False,0.84,0.0,False,0.0005510654589945949,99,44.0,60.0,0.44745874404907227,0.3636363744735718,False,False,1
1378,layer3.conv2,element,0,"(25, 4, 3)",0,0.0,False,0.84,0.0,False,0.0005510654589945949,230,-56.0,-60.0,0.09953546524047852,0.0714285746216774,False,False,1
1379,layer3.conv2,element,4,"(42, 2, 23)",200,1.0,True,0.0,0.84,True,0.0005510654589945949,111,120.0,,inf,inf,False,True,1
1380,layer3.conv2,element,2,"(59, 0, 11)",0,0.0,False,0.84,0.0,False,0.0005510654589945949,218,-20.0,-28.0,0.4854269027709961,0.4000000059604645,False,False,1
1381,layer3.conv2,element,2,"(33, 4, 11)",0,0.0,False,0.84,0.0,False,0.0005510654589945949,254,-448.0,-320.0,0.4854269027709961,0.2857142984867096,False,False,1
1382,layer3.conv2,element,6,"(52, 2, 18)",1,0.005,True,0.84,0.0,False,0.0005510654589945949,245,-208.0,-0.8125,8.0,0.99609375,False,False,1
1383,layer3.conv2,element,5,"(10, 7, 18)",1,0.005,True,0.84,0.0,False,0.0005510654589945949,231,-60.0,-3.75,3.999999761581421,0.9375,False,False,1
1384,layer3.conv2,element,4,"(53, 0, 24)",1,0.005,True,0.84,0.0,False,0.0005510654589945949,244,-192.0,-48.0,2.0,0.75,False,False,1
1385,layer3.conv2,element,3,"(47, 0, 3)",0,0.0,False,0.84,0.0,False,0.0005510654589945949,112,128.0,256.0,1.0,1.0,False,False,1
1386,layer3.conv2,element,7,"(48, 4, 20)",3,0.015,True,0.845,-0.0050000000000000044,False,0.0005510654589945949,122,320.0,-320.0,0.0,2.0,True,False,1
1387,layer3.conv2,element,4,"(0, 4, 21)",1,0.005,True,0.84,0.0,False,0.0005510654589945949,226,-40.0,-160.0,2.0,3.0,False,False,1
1388,layer3.conv2,element,6,"(30, 11, 8)",0,0.0,False,0.84,0.0,False,0.0005510654589945949,114,160.0,0.625,8.0,0.99609375,False,False,1
1389,layer3.conv2,element,7,"(42, 4, 21)",0,0.0,False,0.84,0.0,False,0.0005510654589945949,73,4.5,-4.5,0.0,2.0,True,False,1
1390,layer3.conv2,element,0,"(13, 6, 13)",0,0.0,False,0.84,0.0,False,0.0005510654589945949,123,352.0,320.0,0.13750362396240234,0.09090909361839294,False,False,1
1391,layer3.conv2,element,0,"(10, 10, 14)",0,0.0,False,0.84,0.0,False,0.0005510654589945949,108,96.0,104.0,0.1154775619506836,0.0833333358168602,False,False,1
1392,layer3.conv2,element,7,"(52, 6, 17)",0,0.0,False,0.84,0.0,False,0.0005510654589945949,114,160.0,-160.0,0.0,2.0,True,False,1
1393,layer3.conv2,element,5,"(10, 2, 30)",0,0.0,False,0.84,0.0,False,0.0005510654589945949,105,72.0,4.5,4.0,0.9375,False,False,1
1394,layer3.conv2,element,3,"(15, 7, 15)",0,0.0,False,0.84,0.0,False,0.0005510654589945949,241,-144.0,-288.0,0.9999995231628418,1.0,False,False,1
1395,layer3.conv2,element,5,"(57, 17, 26)",1,0.005,True,0.84,0.0,False,0.0005510654589945949,108,96.0,6.0,3.999999761581421,0.9375,False,False,1
1396,layer3.conv2,element,2,"(9, 9, 20)",0,0.0,False,0.84,0.0,False,0.0005510654589945949,238,-112.0,-80.0,0.4854269027709961,0.2857142984867096,False,False,1
1397,layer3.conv2,element,1,"(59, 6, 6)",0,0.0,False,0.84,0.0,False,0.0005510654589945949,240,-128.0,-160.0,0.3219280242919922,0.25,False,False,1
1398,layer3.conv2,element,0,"(34, 1, 22)",0,0.0,False,0.84,0.0,False,0.0005510654589945949,227,-44.0,-40.0,0.13750362396240234,0.09090909361839294,False,False,1
1399,layer3.conv2,element,6,"(46, 1, 24)",0,0.0,False,0.84,0.0,False,0.0005510654589945949,240,-128.0,-0.5,8.0,0.99609375,False,False,1
1400,layer3.conv2,element,3,"(22, 6, 15)",0,0.0,False,0.84,0.0,False,0.0005510654589945949,225,-36.0,-72.0,1.0,1.0,False,False,1
1401,layer3.conv2,element,0,"(14, 11, 11)",0,0.0,False,0.84,0.0,False,0.0005510654589945949,122,320.0,352.0,0.13750362396240234,0.10000000149011612,False,False,1
1402,layer3.conv2,element,1,"(3, 6, 19)",0,0.0,False,0.84,0.0,False,0.0005510654589945949,235,-88.0,-72.0,0.2895064353942871,0.1818181872367859,False,False,1
1403,layer3.conv2,element,6,"(30, 0, 23)",0,0.0,False,0.84,0.0,False,0.0005510654589945949,203,-5.5,-0.021484375,8.0,0.99609375,False,False,1
1404,layer3.conv2,element,3,"(15, 12, 3)",0,0.0,False,0.84,0.0,False,0.0005510654589945949,188,-1.5,-0.75,1.0,0.5,False,False,1
1405,layer3.conv2,element,1,"(22, 2, 26)",0,0.0,False,0.84,0.0,False,0.0005510654589945949,98,40.0,32.0,0.3219280242919922,0.20000000298023224,False,False,1
1406,layer3.conv2,element,3,"(57, 17, 7)",0,0.0,False,0.84,0.0,False,0.0005510654589945949,241,-144.0,-288.0,0.9999995231628418,1.0,False,False,1
1407,layer3.conv2,element,3,"(7, 9, 15)",0,0.0,False,0.84,0.0,False,0.0005510654589945949,62,1.75,0.875,1.0,0.5,False,False,1
1408,layer3.conv2,element,2,"(11, 14, 18)",1,0.005,True,0.84,0.0,False,0.0005510654589945949,249,-288.0,-416.0,0.5305147171020508,0.4444444477558136,False,False,1
1409,layer3.conv2,element,3,"(15, 2, 25)",0,0.0,False,0.84,0.0,False,0.0005510654589945949,82,10.0,20.0,1.0,1.0,False,False,1
1410,layer3.conv2,element,5,"(10, 15, 19)",1,0.005,True,0.84,0.0,False,0.0005510654589945949,241,-144.0,-9.0,4.0,0.9375,False,False,1
1411,layer3.conv2,element,4,"(3, 12, 24)",0,0.0,False,0.84,0.0,False,0.0005510654589945949,240,-128.0,-32.0,2.0,0.75,False,False,1
1412,layer3.conv2,element,2,"(28, 8, 1)",0,0.0,False,0.84,0.0,False,0.0005510654589945949,115,176.0,240.0,0.44745874404907227,0.3636363744735718,False,False,1
1413,layer3.conv2,element,5,"(62, 4, 2)",0,0.0,False,0.84,0.0,False,0.0005510654589945949,253,-416.0,-26.0,3.999999523162842,0.9375,False,False,1
1414,layer3.conv2,element,6,"(57, 12, 28)",1,0.005,True,0.84,0.0,False,0.0005510654589945949,124,384.0,1.5,8.0,0.99609375,False,False,1
1415,layer3.conv2,element,0,"(15, 2, 6)",1,0.005,True,0.84,0.0,False,0.0005510654589945949,118,224.0,240.0,0.09953546524047852,0.0714285746216774,False,False,1
1416,layer3.conv2,element,0,"(5, 17, 8)",0,0.0,False,0.84,0.0,False,0.0005510654589945949,242,-160.0,-176.0,0.13750362396240234,0.10000000149011612,False,False,1
1417,layer3.conv2,element,6,"(24, 13, 31)",0,0.0,False,0.84,0.0,False,0.0005510654589945949,232,-64.0,-0.25,8.0,0.99609375,False,False,1
1418,layer3.conv2,element,0,"(2, 6, 7)",0,0.0,False,0.84,0.0,False,0.0005510654589945949,244,-192.0,-208.0,0.1154775619506836,0.0833333358168602,False,False,1
1419,layer3.conv2,element,4,"(15, 14, 3)",1,0.005,True,0.84,0.0,False,0.0005510654589945949,240,-128.0,-32.0,2.0,0.75,False,False,1
1420,layer3.conv2,element,0,"(12, 17, 13)",0,0.0,False,0.84,0.0,False,0.0005510654589945949,233,-72.0,-64.0,0.16992521286010742,0.1111111119389534,False,False,1
1421,layer3.conv2,element,7,"(41, 12, 7)",0,0.0,False,0.84,0.0,False,0.0005510654589945949,118,224.0,-224.0,0.0,2.0,True,False,1
1422,layer3.conv2,element,2,"(7, 14, 0)",0,0.0,False,0.84,0.0,False,0.0005510654589945949,96,32.0,48.0,0.5849623680114746,0.5,False,False,1
1423,layer3.conv2,element,1,"(36, 0, 1)",0,0.0,False,0.84,0.0,False,0.0005510654589945949,218,-20.0,-16.0,0.3219280242919922,0.20000000298023224,False,False,1
1424,layer3.conv2,element,3,"(39, 5, 23)",0,0.0,False,0.84,0.0,False,0.0005510654589945949,94,28.0,14.0,1.0,0.5,False,False,1
1425,layer3.conv2,element,3,"(49, 0, 1)",0,0.0,False,0.84,0.0,False,0.0005510654589945949,106,80.0,40.0,1.0,0.5,False,False,1
1426,layer3.conv2,element,7,"(25, 9, 20)",0,0.0,False,0.84,0.0,False,0.0005510654589945949,118,224.0,-224.0,0.0,2.0,True,False,1
1427,layer3.conv2,element,7,"(0, 13, 4)",0,0.0,False,0.84,0.0,False,0.0005510654589945949,75,5.5,-5.5,0.0,2.0,True,False,1
1428,layer3.conv2,element,3,"(48, 12, 24)",0,0.0,False,0.84,0.0,False,0.0005510654589945949,101,52.0,104.0,1.0,1.0,False,False,1
1429,layer3.conv2,element,5,"(13, 1, 25)",0,0.0,False,0.84,0.0,False,0.0005510654589945949,104,64.0,4.0,4.0,0.9375,False,False,1
1430,layer3.conv2,element,5,"(47, 11, 13)",1,0.005,True,0.835,0.0050000000000000044,False,0.0005510654589945949,93,26.0,416.0,3.999999523162842,15.0,False,False,1
1431,layer3.conv2,element,4,"(38, 5, 23)",0,0.0,False,0.84,0.0,False,0.0005510654589945949,234,-80.0,-320.0,2.0,3.0,False,False,1
1432,layer3.conv2,element,1,"(60, 3, 28)",0,0.0,False,0.84,0.0,False,0.0005510654589945949,104,64.0,80.0,0.3219280242919922,0.25,False,False,1
1433,layer3.conv2,element,3,"(36, 16, 6)",1,0.005,True,0.84,0.0,False,0.0005510654589945949,242,-160.0,-320.0,1.0,1.0,False,False,1
1434,layer3.conv2,element,4,"(26, 2, 23)",1,0.005,True,0.84,0.0,False,0.0005510654589945949,104,64.0,256.0,2.0,3.0,False,False,1
1435,layer3.conv2,element,7,"(52, 13, 24)",0,0.0,False,0.84,0.0,False,0.0005510654589945949,111,120.0,-120.0,0.0,2.0,True,False,1
1436,layer3.conv2,element,2,"(9, 6, 24)",0,0.0,False,0.84,0.0,False,0.0005510654589945949,248,-256.0,-384.0,0.5849628448486328,0.5,False,False,1
1437,layer3.conv2,element,0,"(5, 2, 25)",0,0.0,False,0.84,0.0,False,0.0005510654589945949,226,-40.0,-44.0,0.13750362396240234,0.10000000149011612,False,False,1
1438,layer3.conv2,element,6,"(44, 2, 8)",1,0.005,True,0.84,0.0,False,0.0005510654589945949,114,160.0,0.625,8.0,0.99609375,False,False,1
1439,layer3.conv2,element,7,"(23, 13, 18)",0,0.0,False,0.84,0.0,False,0.0005510654589945949,81,9.0,-9.0,0.0,2.0,True,False,1
1440,layer3.conv2,element,1,"(18, 11, 0)",0,0.0,False,0.84,0.0,False,0.0005510654589945949,237,-104.0,-120.0,0.2064504623413086,0.1538461595773697,False,False,1
1441,layer3.conv2,element,3,"(25, 15, 4)",0,0.0,False,0.84,0.0,False,0.0005510654589945949,100,48.0,96.0,1.0,1.0,False,False,1
1442,layer3.conv2,element,1,"(0, 7, 6)",0,0.0,False,0.84,0.0,False,0.0005510654589945949,243,-176.0,-144.0,0.2895064353942871,0.1818181872367859,False,False,1
1443,layer3.conv2,element,6,"(32, 15, 0)",1,0.005,True,0.84,0.0,False,0.0005510654589945949,236,-96.0,-0.375,8.0,0.99609375,False,False,1
1444,layer3.conv2,element,7,"(28, 11, 4)",0,0.0,False,0.84,0.0,False,0.0005510654589945949,246,-224.0,224.0,0.0,2.0,True,False,1
1445,layer3.conv2,element,3,"(22, 8, 27)",0,0.0,False,0.84,0.0,False,0.0005510654589945949,236,-96.0,-48.0,1.0,0.5,False,False,1
1446,layer3.conv2,element,6,"(40, 0, 1)",0,0.0,False,0.84,0.0,False,0.0005510654589945949,247,-240.0,-0.9375,8.0,0.99609375,False,False,1
1447,layer3.conv2,element,6,"(47, 0, 10)",0,0.0,False,0.84,0.0,False,0.0005510654589945949,89,18.0,0.0703125,8.0,0.99609375,False,False,1
1448,layer3.conv2,element,5,"(52, 5, 10)",1,0.005,True,0.84,0.0,False,0.0005510654589945949,94,28.0,448.0,4.0,15.0,False,False,1
1449,layer3.conv2,element,0,"(6, 12, 5)",0,0.0,False,0.84,0.0,False,0.0005510654589945949,246,-224.0,-240.0,0.09953546524047852,0.0714285746216774,False,False,1
1450,layer3.conv2,element,5,"(16, 0, 20)",0,0.0,False,0.84,0.0,False,0.0005510654589945949,104,64.0,4.0,4.0,0.9375,False,False,1
1451,layer3.conv2,element,3,"(3, 15, 26)",1,0.005,True,0.84,0.0,False,0.0005510654589945949,114,160.0,320.0,1.0,1.0,False,False,1
1452,layer3.conv2,element,3,"(3, 6, 17)",0,0.0,False,0.84,0.0,False,0.0005510654589945949,88,16.0,8.0,1.0,0.5,False,False,1
1453,layer3.conv2,element,6,"(20, 1, 4)",0,0.0,False,0.84,0.0,False,0.0005510654589945949,108,96.0,0.375,8.0,0.99609375,False,False,1
1454,layer3.conv2,element,3,"(27, 16, 20)",1,0.005,True,0.84,0.0,False,0.0005510654589945949,112,128.0,256.0,1.0,1.0,False,False,1
1455,layer3.conv2,element,7,"(5, 12, 30)",1,0.005,True,0.84,0.0,False,0.0005510654589945949,241,-144.0,144.0,0.0,2.0,True,False,1
1456,layer3.conv2,element,3,"(14, 14, 10)",0,0.0,False,0.84,0.0,False,0.0005510654589945949,236,-96.0,-48.0,1.0,0.5,False,False,1
1457,layer3.conv2,element,4,"(25, 2, 1)",1,0.005,True,0.84,0.0,False,0.0005510654589945949,102,56.0,224.0,2.0,3.0,False,False,1
1458,layer3.conv2,element,3,"(52, 5, 10)",0,0.0,False,0.84,0.0,False,0.0005510654589945949,94,28.0,14.0,1.0,0.5,False,False,1
1459,layer3.conv2,element,0,"(37, 0, 11)",0,0.0,False,0.84,0.0,False,0.0005510654589945949,230,-56.0,-60.0,0.09953546524047852,0.0714285746216774,False,False,1
1460,layer3.conv2,element,0,"(58, 10, 29)",0,0.0,False,0.84,0.0,False,0.0005510654589945949,90,20.0,22.0,0.13750362396240234,0.10000000149011612,False,False,1
1461,layer3.conv2,element,5,"(5, 6, 31)",0,0.0,False,0.84,0.0,False,0.0005510654589945949,233,-72.0,-4.5,4.0,0.9375,False,False,1
1462,layer3.conv2,element,1,"(17, 6, 13)",0,0.0,False,0.84,0.0,False,0.0005510654589945949,114,160.0,128.0,0.3219280242919922,0.20000000298023224,False,False,1
1463,layer3.conv2,element,5,"(29, 7, 21)",0,0.0,False,0.84,0.0,False,0.0005510654589945949,226,-40.0,-2.5,4.0,0.9375,False,False,1
1464,layer3.conv2,element,5,"(60, 2, 28)",1,0.005,True,0.84,0.0,False,0.0005510654589945949,121,288.0,18.0,3.999999523162842,0.9375,False,False,1
1465,layer3.conv2,element,1,"(35, 9, 23)",0,0.0,False,0.84,0.0,False,0.0005510654589945949,98,40.0,32.0,0.3219280242919922,0.20000000298023224,False,False,1
1466,layer3.conv2,element,2,"(36, 16, 22)",0,0.0,False,0.84,0.0,False,0.0005510654589945949,233,-72.0,-104.0,0.5305147171020508,0.4444444477558136,False,False,1
1467,layer3.conv2,element,1,"(36, 2, 11)",0,0.0,False,0.84,0.0,False,0.0005510654589945949,91,22.0,18.0,0.2895064353942871,0.1818181872367859,False,False,1
1468,layer3.conv2,element,0,"(41, 6, 10)",0,0.0,False,0.84,0.0,False,0.0005510654589945949,94,28.0,30.0,0.09953546524047852,0.0714285746216774,False,False,1
1469,layer3.conv2,element,4,"(1, 16, 25)",0,0.0,False,0.84,0.0,False,0.0005510654589945949,220,-24.0,-6.0,1.999999761581421,0.75,False,False,1
1470,layer3.conv2,element,7,"(42, 7, 14)",1,0.005,True,0.84,0.0,False,0.0005510654589945949,242,-160.0,160.0,0.0,2.0,True,False,1
1471,layer3.conv2,element,1,"(49, 8, 24)",0,0.0,False,0.84,0.0,False,0.0005510654589945949,109,104.0,120.0,0.2064504623413086,0.1538461595773697,False,False,1
1472,layer3.conv2,element,2,"(48, 16, 15)",0,0.0,False,0.84,0.0,False,0.0005510654589945949,243,-176.0,-240.0,0.44745874404907227,0.3636363744735718,False,False,1
1473,layer3.conv2,element,7,"(46, 3, 23)",0,0.0,False,0.84,0.0,False,0.0005510654589945949,93,26.0,-26.0,0.0,2.0,True,False,1
1474,layer3.conv2,element,7,"(6, 2, 7)",1,0.005,True,0.84,0.0,False,0.0005510654589945949,231,-60.0,60.0,0.0,2.0,True,False,1
1475,layer3.conv2,element,7,"(19, 0, 5)",0,0.0,False,0.84,0.0,False,0.0005510654589945949,229,-52.0,52.0,0.0,2.0,True,False,1
1476,layer3.conv2,element,0,"(58, 12, 28)",0,0.0,False,0.84,0.0,False,0.0005510654589945949,250,-320.0,-352.0,0.13750362396240234,0.10000000149011612,False,False,1
1477,layer3.conv2,element,6,"(30, 2, 31)",0,0.0,False,0.84,0.0,False,0.0005510654589945949,243,-176.0,-0.6875,8.0,0.99609375,False,False,1
1478,layer3.conv2,element,1,"(1, 14, 14)",0,0.0,False,0.84,0.0,False,0.0005510654589945949,100,48.0,56.0,0.22239255905151367,0.1666666716337204,False,False,1
1479,layer3.conv2,element,6,"(47, 5, 17)",0,0.0,False,0.84,0.0,False,0.0005510654589945949,112,128.0,0.5,8.0,0.99609375,False,False,1
1480,layer3.conv2,element,6,"(12, 11, 25)",0,0.0,False,0.84,0.0,False,0.0005510654589945949,222,-28.0,-0.109375,8.0,0.99609375,False,False,1
1481,layer3.conv2,element,2,"(53, 6, 27)",0,0.0,False,0.84,0.0,False,0.0005510654589945949,218,-20.0,-28.0,0.4854269027709961,0.4000000059604645,False,False,1
1482,layer3.conv2,element,6,"(49, 3, 16)",0,0.0,False,0.84,0.0,False,0.0005510654589945949,236,-96.0,-0.375,8.0,0.99609375,False,False,1
1483,layer3.conv2,element,0,"(15, 15, 11)",0,0.0,False,0.84,0.0,False,0.0005510654589945949,241,-144.0,-128.0,0.16992521286010742,0.1111111119389534,False,False,1
1484,layer3.conv2,element,5,"(40, 3, 31)",0,0.0,False,0.84,0.0,False,0.0005510654589945949,245,-208.0,-13.0,4.0,0.9375,False,False,1
1485,layer3.conv2,element,5,"(49, 5, 31)",0,0.0,False,0.84,0.0,False,0.0005510654589945949,241,-144.0,-9.0,4.0,0.9375,False,False,1
1486,layer3.conv2,element,6,"(20, 9, 15)",0,0.0,False,0.84,0.0,False,0.0005510654589945949,61,1.625,416.0,8.0,255.0,False,False,1
1487,layer3.conv2,element,6,"(27, 2, 21)",1,0.005,True,0.84,0.0,False,0.0005510654589945949,228,-48.0,-0.1875,8.0,0.99609375,False,False,1
1488,layer3.conv2,element,2,"(61, 6, 5)",0,0.0,False,0.84,0.0,False,0.0005510654589945949,253,-416.0,-288.0,0.5305147171020508,0.3076923191547394,False,False,1
1489,layer3.conv2,element,5,"(61, 0, 1)",0,0.0,False,0.84,0.0,False,0.0005510654589945949,92,24.0,384.0,4.000000476837158,15.0,False,False,1
1490,layer3.conv2,element,1,"(1, 16, 30)",0,0.0,False,0.84,0.0,False,0.0005510654589945949,240,-128.0,-160.0,0.3219280242919922,0.25,False,False,1
1491,layer3.conv2,element,1,"(56, 3, 28)",0,0.0,False,0.84,0.0,False,0.0005510654589945949,95,30.0,26.0,0.2064504623413086,0.13333334028720856,False,False,1
1492,layer3.conv2,element,5,"(63, 11, 17)",0,0.0,False,0.84,0.0,False,0.0005510654589945949,207,-7.5,-120.0,3.999999761581421,15.0,False,False,1
1493,layer3.conv2,element,0,"(22, 16, 12)",0,0.0,False,0.84,0.0,False,0.0005510654589945949,246,-224.0,-240.0,0.09953546524047852,0.0714285746216774,False,False,1
1494,layer3.conv2,element,3,"(39, 15, 21)",0,0.0,False,0.84,0.0,False,0.0005510654589945949,121,288.0,144.0,0.9999995231628418,0.5,False,False,1
1495,layer3.conv2,element,4,"(23, 0, 16)",0,0.0,False,0.84,0.0,False,0.0005510654589945949,242,-160.0,-40.0,2.0,0.75,False,False,1
1496,layer3.conv2,element,7,"(59, 11, 31)",1,0.005,True,0.84,0.0,False,0.0005510654589945949,237,-104.0,104.0,0.0,2.0,True,False,1
1497,layer3.conv2,element,1,"(31, 1, 21)",0,0.0,False,0.84,0.0,False,0.0005510654589945949,96,32.0,40.0,0.3219280242919922,0.25,False,False,1
1498,layer3.conv2,element,3,"(50, 0, 20)",0,0.0,False,0.84,0.0,False,0.0005510654589945949,110,112.0,56.0,1.0,0.5,False,False,1
1499,layer3.conv2,element,2,"(61, 8, 21)",1,0.005,True,0.84,0.0,False,0.0005510654589945949,117,208.0,144.0,0.5305147171020508,0.3076923191547394,False,False,1
1500,layer3.conv2,element,1,"(45, 2, 24)",0,0.0,False,0.84,0.0,False,0.0005510654589945949,224,-32.0,-40.0,0.3219280242919922,0.25,False,False,1
1501,layer3.conv2,element,3,"(9, 3, 27)",0,0.0,False,0.84,0.0,False,0.0005510654589945949,231,-60.0,-120.0,1.0,1.0,False,False,1
1502,layer3.conv2,element,5,"(25, 15, 2)",0,0.0,False,0.84,0.0,False,0.0005510654589945949,219,-22.0,-352.0,4.0,15.0,False,False,1
1503,layer3.conv2,element,2,"(35, 2, 10)",1,0.005,True,0.84,0.0,False,0.0005510654589945949,239,-120.0,-88.0,0.44745874404907227,0.2666666805744171,False,False,1
1504,layer3.conv2,element,3,"(38, 9, 5)",0,0.0,False,0.84,0.0,False,0.0005510654589945949,226,-40.0,-80.0,1.0,1.0,False,False,1
1505,layer3.conv2,element,7,"(41, 8, 5)",1,0.005,True,0.835,0.0050000000000000044,False,0.0005510654589945949,237,-104.0,104.0,0.0,2.0,True,False,1
1506,layer3.conv2,element,3,"(62, 4, 9)",1,0.005,True,0.84,0.0,False,0.0005510654589945949,241,-144.0,-288.0,0.9999995231628418,1.0,False,False,1
1507,layer3.conv2,element,2,"(46, 1, 16)",0,0.0,False,0.84,0.0,False,0.0005510654589945949,231,-60.0,-44.0,0.44745874404907227,0.2666666805744171,False,False,1
1508,layer3.conv2,element,6,"(63, 13, 1)",0,0.0,False,0.84,0.0,False,0.0005510654589945949,102,56.0,0.21875,8.0,0.99609375,False,False,1
1509,layer3.conv2,element,4,"(4, 5, 10)",1,0.005,True,0.84,0.0,False,0.0005510654589945949,101,52.0,208.0,2.0,3.0,False,False,1
1510,layer3.conv2,element,3,"(13, 10, 17)",0,0.0,False,0.84,0.0,False,0.0005510654589945949,233,-72.0,-36.0,1.0,0.5,False,False,1
1511,layer3.conv2,element,7,"(38, 6, 13)",2,0.01,True,0.835,0.0050000000000000044,False,0.0005510654589945949,122,320.0,-320.0,0.0,2.0,True,False,1
1512,layer3.conv2,element,7,"(43, 12, 19)",0,0.0,False,0.84,0.0,False,0.0005510654589945949,237,-104.0,104.0,0.0,2.0,True,False,1
1513,layer3.conv2,element,5,"(28, 14, 29)",0,0.0,False,0.84,0.0,False,0.0005510654589945949,112,128.0,8.0,4.0,0.9375,False,False,1
1514,layer3.conv2,element,5,"(9, 15, 28)",0,0.0,False,0.84,0.0,False,0.0005510654589945949,114,160.0,10.0,4.0,0.9375,False,False,1
1515,layer3.conv2,element,3,"(21, 13, 0)",1,0.005,True,0.84,0.0,False,0.0005510654589945949,120,256.0,128.0,1.0,0.5,False,False,1
1516,layer3.conv2,element,7,"(4, 12, 25)",0,0.0,False,0.84,0.0,False,0.0005510654589945949,105,72.0,-72.0,0.0,2.0,True,False,1
1517,layer3.conv2,element,6,"(62, 2, 1)",1,0.005,True,0.84,0.0,False,0.0005510654589945949,108,96.0,0.375,8.0,0.99609375,False,False,1
1518,layer3.conv2,element,1,"(43, 16, 16)",0,0.0,False,0.84,0.0,False,0.0005510654589945949,104,64.0,80.0,0.3219280242919922,0.25,False,False,1
1519,layer3.conv2,element,1,"(6, 14, 4)",0,0.0,False,0.84,0.0,False,0.0005510654589945949,224,-32.0,-40.0,0.3219280242919922,0.25,False,False,1
1520,layer3.conv2,element,3,"(42, 3, 18)",0,0.0,False,0.84,0.0,False,0.0005510654589945949,209,-9.0,-18.0,1.000000238418579,1.0,False,False,1
1521,layer3.conv2,element,0,"(45, 6, 13)",0,0.0,False,0.84,0.0,False,0.0005510654589945949,109,104.0,96.0,0.1154775619506836,0.07692307978868484,False,False,1
1522,layer3.conv2,element,5,"(13, 17, 6)",0,0.0,False,0.84,0.0,False,0.0005510654589945949,116,192.0,12.0,3.999999761581421,0.9375,False,False,1
1523,layer3.conv2,element,0,"(13, 1, 13)",0,0.0,False,0.84,0.0,False,0.0005510654589945949,232,-64.0,-72.0,0.16992521286010742,0.125,False,False,1
1524,layer3.conv2,element,3,"(35, 5, 25)",0,0.0,False,0.84,0.0,False,0.0005510654589945949,240,-128.0,-256.0,1.0,1.0,False,False,1
1525,layer3.conv2,element,5,"(60, 12, 6)",0,0.0,False,0.84,0.0,False,0.0005510654589945949,237,-104.0,-6.5,4.0,0.9375,False,False,1
1526,layer3.conv2,element,5,"(1, 2, 11)",0,0.0,False,0.84,0.0,False,0.0005510654589945949,249,-288.0,-18.0,3.999999523162842,0.9375,False,False,1
1527,layer3.conv2,element,5,"(32, 0, 11)",1,0.005,True,0.84,0.0,False,0.0005510654589945949,242,-160.0,-10.0,4.0,0.9375,False,False,1
1528,layer3.conv2,element,0,"(10, 0, 18)",0,0.0,False,0.84,0.0,False,0.0005510654589945949,119,240.0,224.0,0.09953546524047852,0.06666667014360428,False,False,1
1529,layer3.conv2,element,5,"(29, 0, 9)",0,0.0,False,0.84,0.0,False,0.0005510654589945949,225,-36.0,-2.25,4.0,0.9375,False,False,1
1530,layer3.conv2,element,6,"(41, 13, 5)",0,0.0,False,0.84,0.0,False,0.0005510654589945949,89,18.0,0.0703125,8.0,0.99609375,False,False,1
1531,layer3.conv2,element,5,"(15, 16, 8)",1,0.005,True,0.84,0.0,False,0.0005510654589945949,75,5.5,88.0,4.0,15.0,False,False,1
1532,layer3.conv2,element,7,"(23, 2, 3)",0,0.0,False,0.84,0.0,False,0.0005510654589945949,101,52.0,-52.0,0.0,2.0,True,False,1
1533,layer3.conv2,element,4,"(34, 2, 29)",0,0.0,False,0.84,0.0,False,0.0005510654589945949,115,176.0,44.0,2.0,0.75,False,False,1
1534,layer3.conv2,element,6,"(11, 11, 17)",0,0.0,False,0.84,0.0,False,0.0005510654589945949,242,-160.0,-0.625,8.0,0.99609375,False,False,1
1535,layer3.conv2,element,7,"(55, 5, 22)",0,0.0,False,0.84,0.0,False,0.0005510654589945949,233,-72.0,72.0,0.0,2.0,True,False,1
1536,layer3.conv2,element,3,"(46, 0, 6)",0,0.0,False,0.84,0.0,False,0.0005510654589945949,223,-30.0,-15.0,0.9999997615814209,0.5,False,False,1
1537,layer3.conv2,element,3,"(4, 11, 0)",0,0.0,False,0.84,0.0,False,0.0005510654589945949,224,-32.0,-64.0,1.0,1.0,False,False,1
1538,layer3.conv2,element,4,"(25, 2, 7)",0,0.0,False,0.84,0.0,False,0.0005510654589945949,113,144.0,36.0,2.0,0.75,False,False,1
1539,layer3.conv2,element,0,"(42, 2, 8)",0,0.0,False,0.84,0.0,False,0.0005510654589945949,111,120.0,112.0,0.09953546524047852,0.06666667014360428,False,False,1
1540,layer3.conv2,element,6,"(5, 6, 10)",0,0.0,False,0.84,0.0,False,0.0005510654589945949,109,104.0,0.40625,8.0,0.99609375,False,False,1
1541,layer3.conv2,element,1,"(9, 6, 26)",0,0.0,False,0.84,0.0,False,0.0005510654589945949,244,-192.0,-224.0,0.22239255905151367,0.1666666716337204,False,False,1
1542,layer3.conv2,element,2,"(4, 17, 2)",0,0.0,False,0.84,0.0,False,0.0005510654589945949,234,-80.0,-112.0,0.4854269027709961,0.4000000059604645,False,False,1
1543,layer3.conv2,element,3,"(14, 7, 8)",0,0.0,False,0.84,0.0,False,0.0005510654589945949,74,5.0,2.5,0.9999998807907104,0.5,False,False,1
1544,layer3.conv2,element,7,"(60, 6, 3)",0,0.0,False,0.84,0.0,False,0.0005510654589945949,240,-128.0,128.0,0.0,2.0,True,False,1
1545,layer3.conv2,element,4,"(54, 11, 20)",0,0.0,False,0.84,0.0,False,0.0005510654589945949,223,-30.0,-7.5,1.999999761581421,0.75,False,False,1
1546,layer3.conv2,element,3,"(41, 4, 6)",0,0.0,False,0.84,0.0,False,0.0005510654589945949,104,64.0,32.0,1.0,0.5,False,False,1
1547,layer3.conv2,element,2,"(4, 11, 8)",0,0.0,False,0.84,0.0,False,0.0005510654589945949,249,-288.0,-416.0,0.5305147171020508,0.4444444477558136,False,False,1
1548,layer3.conv2,element,3,"(50, 6, 25)",0,0.0,False,0.84,0.0,False,0.0005510654589945949,242,-160.0,-320.0,1.0,1.0,False,False,1
1549,layer3.conv2,element,3,"(46, 14, 28)",1,0.005,True,0.84,0.0,False,0.0005510654589945949,245,-208.0,-416.0,0.9999995231628418,1.0,False,False,1
1550,layer3.conv2,element,1,"(32, 6, 27)",0,0.0,False,0.84,0.0,False,0.0005510654589945949,210,-10.0,-8.0,0.3219280242919922,0.20000000298023224,False,False,1
1551,layer3.conv2,element,2,"(3, 12, 20)",1,0.005,True,0.84,0.0,False,0.0005510654589945949,113,144.0,208.0,0.5305147171020508,0.4444444477558136,False,False,1
1552,layer3.conv2,element,4,"(25, 17, 15)",0,0.0,False,0.84,0.0,False,0.0005510654589945949,252,-384.0,-96.0,2.000000476837158,0.75,False,False,1
1553,layer3.conv2,element,5,"(32, 10, 31)",0,0.0,False,0.84,0.0,False,0.0005510654589945949,108,96.0,6.0,3.999999761581421,0.9375,False,False,1
1554,layer3.conv2,element,4,"(7, 3, 4)",0,0.0,False,0.84,0.0,False,0.0005510654589945949,88,16.0,4.0,2.0,0.75,False,False,1
1555,layer3.conv2,element,6,"(39, 16, 8)",0,0.0,False,0.84,0.0,False,0.0005510654589945949,229,-52.0,-0.203125,8.0,0.99609375,False,False,1
1556,layer3.conv2,element,4,"(33, 9, 27)",0,0.0,False,0.84,0.0,False,0.0005510654589945949,233,-72.0,-288.0,1.9999995231628418,3.0,False,False,1
1557,layer3.conv2,element,2,"(9, 7, 10)",0,0.0,False,0.84,0.0,False,0.0005510654589945949,110,112.0,80.0,0.4854269027709961,0.2857142984867096,False,False,1
1558,layer3.conv2,element,1,"(5, 9, 21)",0,0.0,False,0.84,0.0,False,0.0005510654589945949,114,160.0,128.0,0.3219280242919922,0.20000000298023224,False,False,1
1559,layer3.conv2,element,6,"(51, 6, 0)",0,0.0,False,0.84,0.0,False,0.0005510654589945949,73,4.5,0.017578125,8.0,0.99609375,False,False,1
1560,layer3.conv2,element,6,"(5, 5, 0)",0,0.0,False,0.84,0.0,False,0.0005510654589945949,221,-26.0,-0.1015625,8.0,0.99609375,False,False,1
1561,layer3.conv2,element,1,"(14, 2, 19)",0,0.0,False,0.84,0.0,False,0.0005510654589945949,234,-80.0,-64.0,0.3219280242919922,0.20000000298023224,False,False,1
1562,layer3.conv2,element,5,"(49, 15, 13)",0,0.0,False,0.84,0.0,False,0.0005510654589945949,120,256.0,16.0,4.0,0.9375,False,False,1
1563,layer3.conv2,element,7,"(30, 7, 31)",0,0.0,False,0.84,0.0,False,0.0005510654589945949,93,26.0,-26.0,0.0,2.0,True,False,1
1564,layer3.conv2,element,1,"(22, 4, 2)",0,0.0,False,0.84,0.0,False,0.0005510654589945949,97,36.0,44.0,0.2895064353942871,0.2222222238779068,False,False,1
1565,layer3.conv2,element,2,"(15, 6, 25)",0,0.0,False,0.84,0.0,False,0.0005510654589945949,249,-288.0,-416.0,0.5305147171020508,0.4444444477558136,False,False,1
1566,layer3.conv2,element,0,"(28, 2, 31)",0,0.0,False,0.84,0.0,False,0.0005510654589945949,247,-240.0,-224.0,0.09953546524047852,0.06666667014360428,False,False,1
1567,layer3.conv2,element,5,"(48, 15, 20)",0,0.0,False,0.84,0.0,False,0.0005510654589945949,229,-52.0,-3.25,4.0,0.9375,False,False,1
1568,layer3.conv2,element,2,"(12, 17, 15)",0,0.0,False,0.84,0.0,False,0.0005510654589945949,107,88.0,120.0,0.44745874404907227,0.3636363744735718,False,False,1
1569,layer3.conv2,element,4,"(16, 1, 10)",0,0.0,False,0.84,0.0,False,0.0005510654589945949,91,22.0,5.5,2.0,0.75,False,False,1
1570,layer3.conv2,element,7,"(16, 2, 30)",0,0.0,False,0.84,0.0,False,0.0005510654589945949,224,-32.0,32.0,0.0,2.0,True,False,1
1571,layer3.conv2,element,0,"(16, 14, 1)",0,0.0,False,0.84,0.0,False,0.0005510654589945949,247,-240.0,-224.0,0.09953546524047852,0.06666667014360428,False,False,1
1572,layer3.conv2,element,0,"(6, 8, 11)",0,0.0,False,0.84,0.0,False,0.0005510654589945949,121,288.0,256.0,0.16992473602294922,0.1111111119389534,False,False,1
1573,layer3.conv2,element,4,"(0, 14, 0)",0,0.0,False,0.84,0.0,False,0.0005510654589945949,222,-28.0,-7.0,2.0,0.75,False,False,1
1574,layer3.conv2,element,0,"(56, 4, 23)",0,0.0,False,0.84,0.0,False,0.0005510654589945949,98,40.0,44.0,0.13750362396240234,0.10000000149011612,False,False,1
1575,layer3.conv2,element,0,"(57, 10, 19)",0,0.0,False,0.84,0.0,False,0.0005510654589945949,111,120.0,112.0,0.09953546524047852,0.06666667014360428,False,False,1
1576,layer3.conv2,element,0,"(18, 5, 7)",0,0.0,False,0.84,0.0,False,0.0005510654589945949,249,-288.0,-256.0,0.16992473602294922,0.1111111119389534,False,False,1
1577,layer3.conv2,element,3,"(2, 2, 22)",0,0.0,False,0.84,0.0,False,0.0005510654589945949,106,80.0,40.0,1.0,0.5,False,False,1
1578,layer3.conv2,element,3,"(26, 0, 4)",0,0.0,False,0.84,0.0,False,0.0005510654589945949,107,88.0,44.0,1.0,0.5,False,False,1
1579,layer3.conv2,element,4,"(20, 2, 12)",0,0.0,False,0.84,0.0,False,0.0005510654589945949,249,-288.0,-72.0,1.9999995231628418,0.75,False,False,1
1580,layer3.conv2,element,3,"(61, 2, 2)",0,0.0,False,0.84,0.0,False,0.0005510654589945949,116,192.0,384.0,1.0000004768371582,1.0,False,False,1
1581,layer3.conv2,element,7,"(41, 7, 11)",0,0.0,False,0.84,0.0,False,0.0005510654589945949,213,-13.0,13.0,0.0,2.0,True,False,1
1582,layer3.conv2,element,7,"(12, 15, 21)",1,0.005,True,0.84,0.0,False,0.0005510654589945949,246,-224.0,224.0,0.0,2.0,True,False,1
1583,layer3.conv2,element,1,"(21, 4, 18)",0,0.0,False,0.84,0.0,False,0.0005510654589945949,228,-48.0,-56.0,0.22239255905151367,0.1666666716337204,False,False,1
1584,layer3.conv2,element,7,"(0, 5, 19)",1,0.005,True,0.84,0.0,False,0.0005510654589945949,112,128.0,-128.0,0.0,2.0,True,False,1
1585,layer3.conv2,element,0,"(38, 3, 31)",0,0.0,False,0.84,0.0,False,0.0005510654589945949,241,-144.0,-128.0,0.16992521286010742,0.1111111119389534,False,False,1
1586,layer3.conv2,element,3,"(19, 4, 8)",0,0.0,False,0.84,0.0,False,0.0005510654589945949,105,72.0,36.0,1.0,0.5,False,False,1
1587,layer3.conv2,element,5,"(23, 5, 31)",0,0.0,False,0.84,0.0,False,0.0005510654589945949,232,-64.0,-4.0,4.0,0.9375,False,False,1
1588,layer3.conv2,element,3,"(48, 10, 5)",0,0.0,False,0.84,0.0,False,0.0005510654589945949,239,-120.0,-60.0,1.0,0.5,False,False,1
1589,layer3.conv2,element,2,"(56, 5, 22)",0,0.0,False,0.84,0.0,False,0.0005510654589945949,101,52.0,36.0,0.5305147171020508,0.3076923191547394,False,False,1
1590,layer3.conv2,element,4,"(46, 0, 16)",0,0.0,False,0.84,0.0,False,0.0005510654589945949,220,-24.0,-6.0,1.999999761581421,0.75,False,False,1
1591,layer3.conv2,element,4,"(10, 3, 4)",0,0.0,False,0.84,0.0,False,0.0005510654589945949,121,288.0,72.0,1.9999995231628418,0.75,False,False,1
1592,layer3.conv2,element,0,"(53, 7, 26)",1,0.005,True,0.84,0.0,False,0.0005510654589945949,249,-288.0,-256.0,0.16992473602294922,0.1111111119389534,False,False,1
1593,layer3.conv2,element,2,"(1, 3, 6)",0,0.0,False,0.84,0.0,False,0.0005510654589945949,112,128.0,192.0,0.5849623680114746,0.5,False,False,1
1594,layer3.conv2,element,0,"(9, 11, 17)",0,0.0,False,0.84,0.0,False,0.0005510654589945949,112,128.0,144.0,0.16992521286010742,0.125,False,False,1
1595,layer3.conv2,element,5,"(6, 6, 27)",0,0.0,False,0.84,0.0,False,0.0005510654589945949,113,144.0,9.0,4.0,0.9375,False,False,1
1596,layer3.conv2,element,3,"(24, 13, 20)",0,0.0,False,0.84,0.0,False,0.0005510654589945949,241,-144.0,-288.0,0.9999995231628418,1.0,False,False,1
1597,layer3.conv2,element,1,"(33, 9, 20)",0,0.0,False,0.84,0.0,False,0.0005510654589945949,123,352.0,288.0,0.2895069122314453,0.1818181872367859,False,False,1
1598,layer3.conv2,element,6,"(19, 16, 22)",0,0.0,False,0.84,0.0,False,0.0005510654589945949,240,-128.0,-0.5,8.0,0.99609375,False,False,1
1599,layer3.conv2,element,4,"(37, 16, 9)",1,0.005,True,0.84,0.0,False,0.0005510654589945949,254,-448.0,-112.0,2.0,0.75,False,False,1
1600,layer3.conv2,element,5,"(61, 8, 10)",0,0.0,False,0.84,0.0,False,0.0005510654589945949,245,-208.0,-13.0,4.0,0.9375,False,False,1
1601,layer3.conv2,element,6,"(53, 6, 20)",0,0.0,False,0.84,0.0,False,0.0005510654589945949,86,14.0,0.0546875,8.0,0.99609375,False,False,1
1602,layer3.conv2,element,2,"(28, 11, 7)",0,0.0,False,0.84,0.0,False,0.0005510654589945949,236,-96.0,-64.0,0.5849623680114746,0.3333333432674408,False,False,1
1603,layer3.conv2,element,7,"(61, 1, 24)",0,0.0,False,0.84,0.0,False,0.0005510654589945949,109,104.0,-104.0,0.0,2.0,True,False,1
1604,layer3.conv2,element,0,"(36, 17, 21)",0,0.0,False,0.84,0.0,False,0.0005510654589945949,75,5.5,5.0,0.13750362396240234,0.09090909361839294,False,False,1
1605,layer3.conv2,element,2,"(25, 12, 9)",0,0.0,False,0.84,0.0,False,0.0005510654589945949,228,-48.0,-32.0,0.5849623680114746,0.3333333432674408,False,False,1
1606,layer3.conv2,element,1,"(10, 16, 4)",0,0.0,False,0.84,0.0,False,0.0005510654589945949,230,-56.0,-48.0,0.22239255905151367,0.1428571492433548,False,False,1
1607,layer3.conv2,element,4,"(52, 12, 28)",1,0.005,True,0.84,0.0,False,0.0005510654589945949,242,-160.0,-40.0,2.0,0.75,False,False,1
1608,layer3.conv2,element,1,"(2, 17, 18)",0,0.0,False,0.84,0.0,False,0.0005510654589945949,75,5.5,4.5,0.2895066738128662,0.1818181872367859,False,False,1
1609,layer3.conv2,element,7,"(25, 16, 24)",0,0.0,False,0.84,0.0,False,0.0005510654589945949,235,-88.0,88.0,0.0,2.0,True,False,1
1610,layer3.conv2,element,6,"(56, 11, 2)",0,0.0,False,0.84,0.0,False,0.0005510654589945949,118,224.0,0.875,8.0,0.99609375,False,False,1
1611,layer3.conv2,element,1,"(23, 12, 31)",0,0.0,False,0.84,0.0,False,0.0005510654589945949,71,3.75,3.25,0.2064509391784668,0.13333334028720856,False,False,1
1612,layer3.conv2,element,6,"(37, 2, 16)",0,0.0,False,0.84,0.0,False,0.0005510654589945949,109,104.0,0.40625,8.0,0.99609375,False,False,1
1613,layer3.conv2,element,6,"(8, 8, 27)",0,0.0,False,0.84,0.0,False,0.0005510654589945949,93,26.0,0.1015625,8.0,0.99609375,False,False,1
1614,layer3.conv2,element,1,"(47, 16, 23)",0,0.0,False,0.84,0.0,False,0.0005510654589945949,113,144.0,176.0,0.2895064353942871,0.2222222238779068,False,False,1
1615,layer3.conv2,element,5,"(55, 10, 22)",1,0.005,True,0.84,0.0,False,0.0005510654589945949,116,192.0,12.0,3.999999761581421,0.9375,False,False,1
1616,layer3.conv2,element,0,"(2, 3, 26)",0,0.0,False,0.84,0.0,False,0.0005510654589945949,221,-26.0,-24.0,0.1154775619506836,0.07692307978868484,False,False,1
1617,layer3.conv2,element,7,"(21, 9, 6)",0,0.0,False,0.84,0.0,False,0.0005510654589945949,250,-320.0,320.0,0.0,2.0,True,False,1
1618,layer3.conv2,element,5,"(57, 4, 19)",0,0.0,False,0.84,0.0,False,0.0005510654589945949,243,-176.0,-11.0,4.0,0.9375,False,False,1
1619,layer3.conv2,element,3,"(41, 6, 31)",0,0.0,False,0.84,0.0,False,0.0005510654589945949,224,-32.0,-64.0,1.0,1.0,False,False,1
1620,layer3.conv2,element,0,"(32, 0, 26)",1,0.005,True,0.84,0.0,False,0.0005510654589945949,253,-416.0,-384.0,0.11547660827636719,0.07692307978868484,False,False,1
1621,layer3.conv2,element,3,"(33, 1, 24)",0,0.0,False,0.84,0.0,False,0.0005510654589945949,98,40.0,80.0,1.0,1.0,False,False,1
1622,layer3.conv2,element,3,"(0, 7, 24)",0,0.0,False,0.84,0.0,False,0.0005510654589945949,85,13.0,26.0,1.000000238418579,1.0,False,False,1
1623,layer3.conv2,element,4,"(63, 14, 11)",0,0.0,False,0.84,0.0,False,0.0005510654589945949,225,-36.0,-144.0,2.0,3.0,False,False,1
1624,layer3.conv2,element,7,"(25, 10, 23)",0,0.0,False,0.84,0.0,False,0.0005510654589945949,220,-24.0,24.0,0.0,2.0,True,False,1
1625,layer3.conv2,element,2,"(16, 6, 15)",0,0.0,False,0.84,0.0,False,0.0005510654589945949,120,256.0,384.0,0.5849628448486328,0.5,False,False,1
1626,layer3.conv2,element,0,"(40, 14, 11)",0,0.0,False,0.84,0.0,False,0.0005510654589945949,110,112.0,120.0,0.09953546524047852,0.0714285746216774,False,False,1
1627,layer3.conv2,element,0,"(35, 5, 10)",0,0.0,False,0.84,0.0,False,0.0005510654589945949,116,192.0,208.0,0.1154775619506836,0.0833333358168602,False,False,1
1628,layer3.conv2,element,3,"(13, 0, 10)",0,0.0,False,0.84,0.0,False,0.0005510654589945949,109,104.0,52.0,1.0,0.5,False,False,1
1629,layer3.conv2,element,4,"(50, 9, 21)",1,0.005,True,0.84,0.0,False,0.0005510654589945949,110,112.0,448.0,2.0,3.0,False,False,1
1630,layer3.conv2,element,4,"(23, 17, 25)",1,0.005,True,0.84,0.0,False,0.0005510654589945949,231,-60.0,-240.0,2.0,3.0,False,False,1
1631,layer3.conv2,element,3,"(12, 4, 4)",0,0.0,False,0.84,0.0,False,0.0005510654589945949,226,-40.0,-80.0,1.0,1.0,False,False,1
1632,layer3.conv2,element,7,"(55, 2, 24)",1,0.005,True,0.84,0.0,False,0.0005510654589945949,112,128.0,-128.0,0.0,2.0,True,False,1
1633,layer3.conv2,element,4,"(52, 12, 9)",1,0.005,True,0.84,0.0,False,0.0005510654589945949,242,-160.0,-40.0,2.0,0.75,False,False,1
1634,layer3.conv2,element,6,"(60, 4, 1)",0,0.0,False,0.84,0.0,False,0.0005510654589945949,253,-416.0,-1.625,8.0,0.99609375,False,False,1
1635,layer3.conv2,element,5,"(35, 13, 0)",1,0.005,True,0.84,0.0,False,0.0005510654589945949,241,-144.0,-9.0,4.0,0.9375,False,False,1
1636,layer3.conv2,element,1,"(33, 11, 12)",0,0.0,False,0.84,0.0,False,0.0005510654589945949,245,-208.0,-240.0,0.2064504623413086,0.1538461595773697,False,False,1
1637,layer3.conv2,element,3,"(6, 11, 8)",0,0.0,False,0.84,0.0,False,0.0005510654589945949,96,32.0,64.0,1.0,1.0,False,False,1
1638,layer3.conv2,element,0,"(46, 15, 24)",0,0.0,False,0.84,0.0,False,0.0005510654589945949,211,-11.0,-10.0,0.13750362396240234,0.09090909361839294,False,False,1
1639,layer3.conv2,element,1,"(61, 17, 6)",0,0.0,False,0.84,0.0,False,0.0005510654589945949,121,288.0,352.0,0.2895069122314453,0.2222222238779068,False,False,1
1640,layer3.conv2,element,2,"(29, 14, 27)",0,0.0,False,0.84,0.0,False,0.0005510654589945949,246,-224.0,-160.0,0.4854269027709961,0.2857142984867096,False,False,1
1641,layer3.conv2,element,6,"(26, 6, 14)",1,0.005,True,0.84,0.0,False,0.0005510654589945949,122,320.0,1.25,8.0,0.99609375,False,False,1
1642,layer3.conv2,element,3,"(19, 14, 11)",0,0.0,False,0.84,0.0,False,0.0005510654589945949,116,192.0,384.0,1.0000004768371582,1.0,False,False,1
1643,layer3.conv2,element,7,"(30, 7, 21)",0,0.0,False,0.84,0.0,False,0.0005510654589945949,248,-256.0,256.0,0.0,2.0,True,False,1
1644,layer3.conv2,element,3,"(7, 11, 7)",0,0.0,False,0.84,0.0,False,0.0005510654589945949,102,56.0,112.0,1.0,1.0,False,False,1
1645,layer3.conv2,element,1,"(50, 3, 22)",0,0.0,False,0.84,0.0,False,0.0005510654589945949,105,72.0,88.0,0.2895064353942871,0.2222222238779068,False,False,1
1646,layer3.conv2,element,5,"(36, 13, 28)",0,0.0,False,0.84,0.0,False,0.0005510654589945949,246,-224.0,-14.0,4.0,0.9375,False,False,1
1647,layer3.conv2,element,4,"(61, 13, 8)",1,0.005,True,0.84,0.0,False,0.0005510654589945949,118,224.0,56.0,2.0,0.75,False,False,1
1648,layer3.conv2,element,3,"(11, 7, 30)",1,0.005,True,0.84,0.0,False,0.0005510654589945949,229,-52.0,-104.0,1.0,1.0,False,False,1
1649,layer3.conv2,element,3,"(15, 12, 27)",0,0.0,False,0.84,0.0,False,0.0005510654589945949,92,24.0,12.0,0.9999997615814209,0.5,False,False,1
1650,layer3.conv2,element,1,"(12, 0, 28)",0,0.0,False,0.84,0.0,False,0.0005510654589945949,245,-208.0,-240.0,0.2064504623413086,0.1538461595773697,False,False,1
1651,layer3.conv2,element,5,"(8, 12, 27)",0,0.0,False,0.84,0.0,False,0.0005510654589945949,248,-256.0,-16.0,4.0,0.9375,False,False,1
1652,layer3.conv2,element,0,"(40, 14, 24)",0,0.0,False,0.84,0.0,False,0.0005510654589945949,107,88.0,80.0,0.13750362396240234,0.09090909361839294,False,False,1
1653,layer3.conv2,element,0,"(47, 11, 29)",0,0.0,False,0.84,0.0,False,0.0005510654589945949,103,60.0,56.0,0.09953546524047852,0.06666667014360428,False,False,1
1654,layer3.conv2,element,0,"(36, 5, 9)",0,0.0,False,0.84,0.0,False,0.0005510654589945949,107,88.0,80.0,0.13750362396240234,0.09090909361839294,False,False,1
1655,layer3.conv2,element,7,"(43, 5, 30)",0,0.0,False,0.84,0.0,False,0.0005510654589945949,249,-288.0,288.0,0.0,2.0,True,False,1
1656,layer3.conv2,element,5,"(1, 17, 7)",0,0.0,False,0.84,0.0,False,0.0005510654589945949,104,64.0,4.0,4.0,0.9375,False,False,1
1657,layer3.conv2,element,6,"(28, 10, 12)",0,0.0,False,0.84,0.0,False,0.0005510654589945949,247,-240.0,-0.9375,8.0,0.99609375,False,False,1
1658,layer3.conv2,element,7,"(7, 4, 0)",1,0.005,True,0.84,0.0,False,0.0005510654589945949,122,320.0,-320.0,0.0,2.0,True,False,1
1659,layer3.conv2,element,1,"(41, 8, 1)",0,0.0,False,0.84,0.0,False,0.0005510654589945949,104,64.0,80.0,0.3219280242919922,0.25,False,False,1
1660,layer3.conv2,element,5,"(23, 7, 8)",0,0.0,False,0.84,0.0,False,0.0005510654589945949,234,-80.0,-5.0,4.0,0.9375,False,False,1
1661,layer3.conv2,element,5,"(60, 7, 21)",1,0.005,True,0.84,0.0,False,0.0005510654589945949,211,-11.0,-176.0,4.0,15.0,False,False,1
1662,layer3.conv2,element,6,"(21, 0, 5)",1,0.005,True,0.84,0.0,False,0.0005510654589945949,116,192.0,0.75,8.0,0.99609375,False,False,1
1663,layer3.conv2,element,2,"(53, 15, 28)",1,0.005,True,0.84,0.0,False,0.0005510654589945949,98,40.0,56.0,0.4854269027709961,0.4000000059604645,False,False,1
1664,layer3.conv2,element,7,"(45, 3, 0)",0,0.0,False,0.84,0.0,False,0.0005510654589945949,250,-320.0,320.0,0.0,2.0,True,False,1
1665,layer3.conv2,element,1,"(36, 6, 18)",0,0.0,False,0.84,0.0,False,0.0005510654589945949,124,384.0,448.0,0.22239208221435547,0.1666666716337204,False,False,1
1666,layer3.conv2,element,6,"(31, 15, 21)",0,0.0,False,0.84,0.0,False,0.0005510654589945949,229,-52.0,-0.203125,8.0,0.99609375,False,False,1
1667,layer3.conv2,element,6,"(58, 2, 23)",1,0.005,True,0.84,0.0,False,0.0005510654589945949,114,160.0,0.625,8.0,0.99609375,False,False,1
1668,layer3.conv2,element,3,"(39, 10, 1)",0,0.0,False,0.84,0.0,False,0.0005510654589945949,114,160.0,320.0,1.0,1.0,False,False,1
1669,layer3.conv2,element,6,"(58, 7, 21)",0,0.0,False,0.84,0.0,False,0.0005510654589945949,249,-288.0,-1.125,7.999999523162842,0.99609375,False,False,1
1670,layer3.conv2,element,6,"(42, 12, 3)",1,0.005,True,0.84,0.0,False,0.0005510654589945949,245,-208.0,-0.8125,8.0,0.99609375,False,False,1
1671,layer3.conv2,element,4,"(49, 6, 11)",0,0.0,False,0.84,0.0,False,0.0005510654589945949,222,-28.0,-7.0,2.0,0.75,False,False,1
1672,layer3.conv2,element,6,"(48, 5, 27)",0,0.0,False,0.84,0.0,False,0.0005510654589945949,229,-52.0,-0.203125,8.0,0.99609375,False,False,1
1673,layer3.conv2,element,4,"(7, 10, 18)",0,0.0,False,0.84,0.0,False,0.0005510654589945949,214,-14.0,-3.5,2.0,0.75,False,False,1
1674,layer3.conv2,element,3,"(13, 8, 18)",1,0.005,True,0.84,0.0,False,0.0005510654589945949,112,128.0,256.0,1.0,1.0,False,False,1
1675,layer3.conv2,element,6,"(35, 17, 2)",0,0.0,False,0.84,0.0,False,0.0005510654589945949,35,0.171875,44.0,8.0,255.0,False,False,1
1676,layer3.conv2,element,5,"(32, 11, 6)",1,0.005,True,0.84,0.0,False,0.0005510654589945949,243,-176.0,-11.0,4.0,0.9375,False,False,1
1677,layer3.conv2,element,2,"(38, 15, 18)",200,1.0,True,0.0,0.84,True,0.0005510654589945949,123,352.0,,inf,inf,False,True,1
1678,layer3.conv2,element,4,"(35, 7, 12)",0,0.0,False,0.84,0.0,False,0.0005510654589945949,231,-60.0,-240.0,2.0,3.0,False,False,1
1679,layer3.conv2,element,3,"(56, 4, 31)",0,0.0,False,0.84,0.0,False,0.0005510654589945949,239,-120.0,-60.0,1.0,0.5,False,False,1
1680,layer3.conv2,element,5,"(17, 15, 9)",0,0.0,False,0.84,0.0,False,0.0005510654589945949,246,-224.0,-14.0,4.0,0.9375,False,False,1
1681,layer3.conv2,element,1,"(33, 0, 22)",0,0.0,False,0.84,0.0,False,0.0005510654589945949,118,224.0,192.0,0.22239255905151367,0.1428571492433548,False,False,1
1682,layer3.conv2,element,2,"(54, 7, 18)",0,0.0,False,0.84,0.0,False,0.0005510654589945949,95,30.0,22.0,0.44745874404907227,0.2666666805744171,False,False,1
1683,layer3.conv2,element,3,"(39, 3, 22)",0,0.0,False,0.84,0.0,False,0.0005510654589945949,237,-104.0,-52.0,1.0,0.5,False,False,1
1684,layer3.conv2,element,5,"(45, 10, 12)",0,0.0,False,0.84,0.0,False,0.0005510654589945949,220,-24.0,-384.0,4.000000476837158,15.0,False,False,1
1685,layer3.conv2,element,1,"(45, 13, 27)",0,0.0,False,0.84,0.0,False,0.0005510654589945949,108,96.0,112.0,0.22239255905151367,0.1666666716337204,False,False,1
1686,layer3.conv2,element,7,"(27, 17, 3)",1,0.005,True,0.84,0.0,False,0.0005510654589945949,240,-128.0,128.0,0.0,2.0,True,False,1
1687,layer3.conv2,element,2,"(5, 6, 19)",0,0.0,False,0.84,0.0,False,0.0005510654589945949,86,14.0,10.0,0.4854269027709961,0.2857142984867096,False,False,1
1688,layer3.conv2,element,6,"(41, 13, 11)",1,0.005,True,0.84,0.0,False,0.0005510654589945949,237,-104.0,-0.40625,8.0,0.99609375,False,False,1
1689,layer3.conv2,element,5,"(3, 10, 29)",1,0.005,True,0.84,0.0,False,0.0005510654589945949,64,2.0,32.0,4.0,15.0,False,False,1
1690,layer3.conv2,element,6,"(23, 8, 23)",0,0.0,False,0.84,0.0,False,0.0005510654589945949,117,208.0,0.8125,8.0,0.99609375,False,False,1
1691,layer3.conv2,element,2,"(1, 17, 0)",0,0.0,False,0.84,0.0,False,0.0005510654589945949,237,-104.0,-72.0,0.5305147171020508,0.3076923191547394,False,False,1
1692,layer3.conv2,element,2,"(30, 9, 12)",0,0.0,False,0.84,0.0,False,0.0005510654589945949,92,24.0,16.0,0.5849623680114746,0.3333333432674408,False,False,1
1693,layer3.conv2,element,5,"(6, 15, 2)",0,0.0,False,0.84,0.0,False,0.0005510654589945949,213,-13.0,-208.0,4.0,15.0,False,False,1
1694,layer3.conv2,element,2,"(55, 13, 1)",0,0.0,False,0.84,0.0,False,0.0005510654589945949,105,72.0,104.0,0.5305147171020508,0.4444444477558136,False,False,1
1695,layer3.conv2,element,6,"(16, 6, 10)",1,0.005,True,0.84,0.0,False,0.0005510654589945949,232,-64.0,-0.25,8.0,0.99609375,False,False,1
1696,layer3.conv2,element,1,"(63, 13, 9)",0,0.0,False,0.84,0.0,False,0.0005510654589945949,240,-128.0,-160.0,0.3219280242919922,0.25,False,False,1
1697,layer3.conv2,element,5,"(3, 1, 23)",1,0.005,True,0.84,0.0,False,0.0005510654589945949,124,384.0,24.0,4.000000476837158,0.9375,False,False,1
1698,layer3.conv2,element,3,"(18, 3, 19)",1,0.005,True,0.84,0.0,False,0.0005510654589945949,122,320.0,160.0,1.0,0.5,False,False,1
1699,layer3.conv2,element,3,"(38, 3, 3)",1,0.005,True,0.84,0.0,False,0.0005510654589945949,116,192.0,384.0,1.0000004768371582,1.0,False,False,1
1700,layer3.conv2,element,5,"(22, 7, 11)",0,0.0,False,0.84,0.0,False,0.0005510654589945949,239,-120.0,-7.5,3.999999761581421,0.9375,False,False,1
1701,layer3.conv2,element,3,"(36, 11, 8)",0,0.0,False,0.84,0.0,False,0.0005510654589945949,223,-30.0,-15.0,0.9999997615814209,0.5,False,False,1
1702,layer3.conv2,element,2,"(20, 3, 31)",0,0.0,False,0.84,0.0,False,0.0005510654589945949,238,-112.0,-80.0,0.4854269027709961,0.2857142984867096,False,False,1
1703,layer3.conv2,element,0,"(29, 2, 15)",0,0.0,False,0.84,0.0,False,0.0005510654589945949,222,-28.0,-30.0,0.09953546524047852,0.0714285746216774,False,False,1
1704,layer3.conv2,element,4,"(13, 12, 3)",1,0.005,True,0.84,0.0,False,0.0005510654589945949,241,-144.0,-36.0,2.0,0.75,False,False,1
1705,layer3.conv2,element,6,"(0, 10, 9)",0,0.0,False,0.84,0.0,False,0.0005510654589945949,85,13.0,0.05078125,8.0,0.99609375,False,False,1
1706,layer3.conv2,element,1,"(52, 5, 4)",0,0.0,False,0.84,0.0,False,0.0005510654589945949,108,96.0,112.0,0.22239255905151367,0.1666666716337204,False,False,1
1707,layer3.conv2,element,7,"(33, 4, 3)",0,0.0,False,0.84,0.0,False,0.0005510654589945949,234,-80.0,80.0,0.0,2.0,True,False,1
1708,layer3.conv2,element,5,"(52, 14, 30)",1,0.005,True,0.84,0.0,False,0.0005510654589945949,239,-120.0,-7.5,3.999999761581421,0.9375,False,False,1
1709,layer3.conv2,element,1,"(8, 1, 18)",0,0.0,False,0.84,0.0,False,0.0005510654589945949,124,384.0,448.0,0.22239208221435547,0.1666666716337204,False,False,1
1710,layer3.conv2,element,3,"(43, 13, 0)",0,0.0,False,0.84,0.0,False,0.0005510654589945949,96,32.0,64.0,1.0,1.0,False,False,1
1711,layer3.conv2,element,5,"(0, 5, 28)",1,0.005,True,0.84,0.0,False,0.0005510654589945949,105,72.0,4.5,4.0,0.9375,False,False,1
1712,layer3.conv2,element,1,"(56, 6, 12)",0,0.0,False,0.84,0.0,False,0.0005510654589945949,98,40.0,32.0,0.3219280242919922,0.20000000298023224,False,False,1
1713,layer3.conv2,element,4,"(50, 17, 8)",0,0.0,False,0.84,0.0,False,0.0005510654589945949,102,56.0,224.0,2.0,3.0,False,False,1
1714,layer3.conv2,element,6,"(12, 7, 20)",1,0.005,True,0.84,0.0,False,0.0005510654589945949,231,-60.0,-0.234375,8.0,0.99609375,False,False,1
1715,layer3.conv2,element,6,"(58, 5, 2)",1,0.005,True,0.84,0.0,False,0.0005510654589945949,115,176.0,0.6875,8.0,0.99609375,False,False,1
1716,layer3.conv2,element,6,"(14, 2, 18)",0,0.0,False,0.84,0.0,False,0.0005510654589945949,239,-120.0,-0.46875,8.0,0.99609375,False,False,1
1717,layer3.conv2,element,5,"(4, 11, 10)",0,0.0,False,0.84,0.0,False,0.0005510654589945949,245,-208.0,-13.0,4.0,0.9375,False,False,1
1718,layer3.conv2,element,2,"(36, 14, 13)",1,0.005,True,0.84,0.0,False,0.0005510654589945949,249,-288.0,-416.0,0.5305147171020508,0.4444444477558136,False,False,1
1719,layer3.conv2,element,1,"(42, 3, 5)",0,0.0,False,0.84,0.0,False,0.0005510654589945949,119,240.0,208.0,0.2064504623413086,0.13333334028720856,False,False,1
1720,layer3.conv2,element,7,"(6, 1, 20)",0,0.0,False,0.84,0.0,False,0.0005510654589945949,96,32.0,-32.0,0.0,2.0,True,False,1
1721,layer3.conv2,element,1,"(3, 7, 12)",0,0.0,False,0.84,0.0,False,0.0005510654589945949,233,-72.0,-88.0,0.2895064353942871,0.2222222238779068,False,False,1
1722,layer3.conv2,element,3,"(61, 6, 8)",0,0.0,False,0.84,0.0,False,0.0005510654589945949,234,-80.0,-40.0,1.0,0.5,False,False,1
1723,layer3.conv2,element,2,"(37, 4, 21)",0,0.0,False,0.84,0.0,False,0.0005510654589945949,236,-96.0,-64.0,0.5849623680114746,0.3333333432674408,False,False,1
1724,layer3.conv2,element,6,"(34, 14, 11)",0,0.0,False,0.84,0.0,False,0.0005510654589945949,225,-36.0,-0.140625,8.0,0.99609375,False,False,1
1725,layer3.conv2,element,1,"(39, 16, 23)",0,0.0,False,0.84,0.0,False,0.0005510654589945949,101,52.0,60.0,0.2064504623413086,0.1538461595773697,False,False,1
1726,layer3.conv2,element,5,"(20, 13, 31)",0,0.0,False,0.84,0.0,False,0.0005510654589945949,247,-240.0,-15.0,3.999999761581421,0.9375,False,False,1
1727,layer3.conv2,element,4,"(37, 9, 30)",0,0.0,False,0.84,0.0,False,0.0005510654589945949,238,-112.0,-448.0,2.0,3.0,False,False,1
1728,layer3.conv2,element,2,"(38, 4, 25)",0,0.0,False,0.84,0.0,False,0.0005510654589945949,236,-96.0,-64.0,0.5849623680114746,0.3333333432674408,False,False,1
1729,layer3.conv2,element,0,"(63, 6, 26)",0,0.0,False,0.84,0.0,False,0.0005510654589945949,115,176.0,160.0,0.13750362396240234,0.09090909361839294,False,False,1
1730,layer3.conv2,element,0,"(14, 0, 31)",0,0.0,False,0.84,0.0,False,0.0005510654589945949,117,208.0,192.0,0.1154775619506836,0.07692307978868484,False,False,1
1731,layer3.conv2,element,5,"(39, 4, 29)",0,0.0,False,0.84,0.0,False,0.0005510654589945949,240,-128.0,-8.0,4.0,0.9375,False,False,1
1732,layer3.conv2,element,0,"(52, 3, 9)",0,0.0,False,0.84,0.0,False,0.0005510654589945949,248,-256.0,-288.0,0.16992473602294922,0.125,False,False,1
1733,layer3.conv2,element,6,"(10, 11, 12)",0,0.0,False,0.84,0.0,False,0.0005510654589945949,242,-160.0,-0.625,8.0,0.99609375,False,False,1
1734,layer3.conv2,element,2,"(3, 7, 13)",0,0.0,False,0.84,0.0,False,0.0005510654589945949,211,-11.0,-15.0,0.44745898246765137,0.3636363744735718,False,False,1
1735,layer3.conv2,element,0,"(59, 12, 19)",0,0.0,False,0.84,0.0,False,0.0005510654589945949,117,208.0,192.0,0.1154775619506836,0.07692307978868484,False,False,1
1736,layer3.conv2,element,1,"(53, 15, 27)",1,0.005,True,0.84,0.0,False,0.0005510654589945949,113,144.0,176.0,0.2895064353942871,0.2222222238779068,False,False,1
1737,layer3.conv2,element,7,"(19, 2, 14)",1,0.005,True,0.835,0.0050000000000000044,False,0.0005510654589945949,243,-176.0,176.0,0.0,2.0,True,False,1
1738,layer3.conv2,element,3,"(50, 6, 24)",0,0.0,False,0.84,0.0,False,0.0005510654589945949,237,-104.0,-52.0,1.0,0.5,False,False,1
1739,layer3.conv2,element,6,"(34, 9, 13)",0,0.0,False,0.84,0.0,False,0.0005510654589945949,122,320.0,1.25,8.0,0.99609375,False,False,1
1740,layer3.conv2,element,0,"(15, 17, 12)",0,0.0,False,0.84,0.0,False,0.0005510654589945949,234,-80.0,-88.0,0.13750362396240234,0.10000000149011612,False,False,1
1741,layer3.conv2,element,0,"(27, 12, 8)",0,0.0,False,0.84,0.0,False,0.0005510654589945949,248,-256.0,-288.0,0.16992473602294922,0.125,False,False,1
1742,layer3.conv2,element,1,"(16, 5, 27)",0,0.0,False,0.84,0.0,False,0.0005510654589945949,231,-60.0,-52.0,0.2064504623413086,0.13333334028720856,False,False,1
1743,layer3.conv2,element,4,"(51, 11, 11)",0,0.0,False,0.84,0.0,False,0.0005510654589945949,241,-144.0,-36.0,2.0,0.75,False,False,1
1744,layer3.conv2,element,1,"(38, 5, 0)",0,0.0,False,0.84,0.0,False,0.0005510654589945949,60,1.5,1.75,0.22239243984222412,0.1666666716337204,False,False,1
1745,layer3.conv2,element,0,"(5, 6, 24)",0,0.0,False,0.84,0.0,False,0.0005510654589945949,112,128.0,144.0,0.16992521286010742,0.125,False,False,1
1746,layer3.conv2,element,0,"(31, 9, 18)",0,0.0,False,0.84,0.0,False,0.0005510654589945949,239,-120.0,-112.0,0.09953546524047852,0.06666667014360428,False,False,1
1747,layer3.conv2,element,3,"(23, 9, 15)",0,0.0,False,0.84,0.0,False,0.0005510654589945949,254,-448.0,-224.0,1.0,0.5,False,False,1
1748,layer3.conv2,element,6,"(53, 2, 17)",0,0.0,False,0.84,0.0,False,0.0005510654589945949,220,-24.0,-0.09375,8.0,0.99609375,False,False,1
1749,layer3.conv2,element,0,"(28, 6, 0)",0,0.0,False,0.84,0.0,False,0.0005510654589945949,215,-15.0,-14.0,0.09953570365905762,0.06666667014360428,False,False,1
1750,layer3.conv2,element,1,"(56, 9, 18)",0,0.0,False,0.84,0.0,False,0.0005510654589945949,126,448.0,384.0,0.22239208221435547,0.1428571492433548,False,False,1
1751,layer3.conv2,element,4,"(38, 4, 7)",0,0.0,False,0.84,0.0,False,0.0005510654589945949,79,7.5,30.0,1.999999761581421,3.0,False,False,1
1752,layer3.conv2,element,5,"(19, 13, 11)",0,0.0,False,0.84,0.0,False,0.0005510654589945949,244,-192.0,-12.0,3.999999761581421,0.9375,False,False,1
1753,layer3.conv2,element,0,"(58, 1, 29)",0,0.0,False,0.84,0.0,False,0.0005510654589945949,238,-112.0,-120.0,0.09953546524047852,0.0714285746216774,False,False,1
1754,layer3.conv2,element,7,"(41, 7, 28)",0,0.0,False,0.84,0.0,False,0.0005510654589945949,111,120.0,-120.0,0.0,2.0,True,False,1
1755,layer3.conv2,element,0,"(19, 5, 10)",0,0.0,False,0.84,0.0,False,0.0005510654589945949,124,384.0,416.0,0.11547660827636719,0.0833333358168602,False,False,1
1756,layer3.conv2,element,5,"(14, 1, 14)",0,0.0,False,0.84,0.0,False,0.0005510654589945949,110,112.0,7.0,4.0,0.9375,False,False,1
1757,layer3.conv2,element,7,"(22, 2, 1)",0,0.0,False,0.84,0.0,False,0.0005510654589945949,223,-30.0,30.0,0.0,2.0,True,False,1
1758,layer3.conv2,element,6,"(15, 10, 7)",0,0.0,False,0.84,0.0,False,0.0005510654589945949,110,112.0,0.4375,8.0,0.99609375,False,False,1
1759,layer3.conv2,element,6,"(43, 0, 4)",0,0.0,False,0.84,0.0,False,0.0005510654589945949,110,112.0,0.4375,8.0,0.99609375,False,False,1
1760,layer3.conv2,element,7,"(2, 5, 10)",0,0.0,False,0.84,0.0,False,0.0005510654589945949,243,-176.0,176.0,0.0,2.0,True,False,1
1761,layer3.conv2,element,5,"(13, 6, 23)",0,0.0,False,0.84,0.0,False,0.0005510654589945949,112,128.0,8.0,4.0,0.9375,False,False,1
1762,layer3.conv2,element,1,"(42, 12, 14)",0,0.0,False,0.84,0.0,False,0.0005510654589945949,114,160.0,128.0,0.3219280242919922,0.20000000298023224,False,False,1
1763,layer3.conv2,element,6,"(32, 11, 12)",0,0.0,False,0.84,0.0,False,0.0005510654589945949,232,-64.0,-0.25,8.0,0.99609375,False,False,1
1764,layer3.conv2,element,0,"(51, 3, 10)",0,0.0,False,0.84,0.0,False,0.0005510654589945949,111,120.0,112.0,0.09953546524047852,0.06666667014360428,False,False,1
1765,layer3.conv2,element,1,"(20, 8, 10)",0,0.0,False,0.84,0.0,False,0.0005510654589945949,119,240.0,208.0,0.2064504623413086,0.13333334028720856,False,False,1
1766,layer3.conv2,element,6,"(31, 17, 20)",0,0.0,False,0.84,0.0,False,0.0005510654589945949,246,-224.0,-0.875,8.0,0.99609375,False,False,1
1767,layer3.conv2,element,0,"(39, 16, 17)",0,0.0,False,0.84,0.0,False,0.0005510654589945949,105,72.0,64.0,0.16992521286010742,0.1111111119389534,False,False,1
1768,layer3.conv2,element,1,"(49, 8, 17)",0,0.0,False,0.84,0.0,False,0.0005510654589945949,114,160.0,128.0,0.3219280242919922,0.20000000298023224,False,False,1
1769,layer3.conv2,element,2,"(37, 2, 26)",0,0.0,False,0.84,0.0,False,0.0005510654589945949,105,72.0,104.0,0.5305147171020508,0.4444444477558136,False,False,1
1770,layer3.conv2,element,5,"(63, 7, 13)",0,0.0,False,0.84,0.0,False,0.0005510654589945949,106,80.0,5.0,4.0,0.9375,False,False,1
1771,layer3.conv2,element,6,"(43, 16, 5)",0,0.0,False,0.84,0.0,False,0.0005510654589945949,241,-144.0,-0.5625,8.0,0.99609375,False,False,1
1772,layer3.conv2,element,4,"(9, 0, 9)",0,0.0,False,0.84,0.0,False,0.0005510654589945949,238,-112.0,-448.0,2.0,3.0,False,False,1
1773,layer3.conv2,element,6,"(27, 9, 0)",0,0.0,False,0.84,0.0,False,0.0005510654589945949,235,-88.0,-0.34375,8.0,0.99609375,False,False,1
1774,layer3.conv2,element,2,"(5, 3, 31)",0,0.0,False,0.84,0.0,False,0.0005510654589945949,232,-64.0,-96.0,0.5849623680114746,0.5,False,False,1
1775,layer3.conv2,element,5,"(14, 17, 5)",0,0.0,False,0.84,0.0,False,0.0005510654589945949,225,-36.0,-2.25,4.0,0.9375,False,False,1
1776,layer3.conv2,element,1,"(24, 17, 17)",0,0.0,False,0.84,0.0,False,0.0005510654589945949,108,96.0,112.0,0.22239255905151367,0.1666666716337204,False,False,1
1777,layer3.conv2,element,3,"(0, 16, 26)",0,0.0,False,0.84,0.0,False,0.0005510654589945949,238,-112.0,-56.0,1.0,0.5,False,False,1
1778,layer3.conv2,element,0,"(61, 13, 13)",0,0.0,False,0.84,0.0,False,0.0005510654589945949,228,-48.0,-52.0,0.1154775619506836,0.0833333358168602,False,False,1
1779,layer3.conv2,element,4,"(38, 9, 1)",1,0.005,True,0.84,0.0,False,0.0005510654589945949,254,-448.0,-112.0,2.0,0.75,False,False,1
1780,layer3.conv2,element,5,"(28, 5, 3)",0,0.0,False,0.84,0.0,False,0.0005510654589945949,113,144.0,9.0,4.0,0.9375,False,False,1
1781,layer3.conv2,element,5,"(14, 6, 31)",0,0.0,False,0.84,0.0,False,0.0005510654589945949,244,-192.0,-12.0,3.999999761581421,0.9375,False,False,1
1782,layer3.conv2,element,2,"(4, 13, 26)",0,0.0,False,0.84,0.0,False,0.0005510654589945949,111,120.0,88.0,0.44745874404907227,0.2666666805744171,False,False,1
1783,layer3.conv2,element,4,"(0, 5, 17)",1,0.005,True,0.84,0.0,False,0.0005510654589945949,121,288.0,72.0,1.9999995231628418,0.75,False,False,1
1784,layer3.conv2,element,7,"(60, 11, 6)",0,0.0,False,0.84,0.0,False,0.0005510654589945949,95,30.0,-30.0,0.0,2.0,True,False,1
1785,layer3.conv2,element,1,"(24, 0, 1)",0,0.0,False,0.84,0.0,False,0.0005510654589945949,102,56.0,48.0,0.22239255905151367,0.1428571492433548,False,False,1
1786,layer3.conv2,element,2,"(46, 12, 16)",0,0.0,False,0.84,0.0,False,0.0005510654589945949,219,-22.0,-30.0,0.44745874404907227,0.3636363744735718,False,False,1
1787,layer3.conv2,element,3,"(17, 9, 25)",0,0.0,False,0.84,0.0,False,0.0005510654589945949,79,7.5,3.75,1.0,0.5,False,False,1
1788,layer3.conv2,element,2,"(63, 15, 18)",0,0.0,False,0.84,0.0,False,0.0005510654589945949,243,-176.0,-240.0,0.44745874404907227,0.3636363744735718,False,False,1
1789,layer3.conv2,element,7,"(43, 12, 16)",0,0.0,False,0.84,0.0,False,0.0005510654589945949,229,-52.0,52.0,0.0,2.0,True,False,1
1790,layer3.conv2,element,7,"(35, 5, 2)",0,0.0,False,0.84,0.0,False,0.0005510654589945949,93,26.0,-26.0,0.0,2.0,True,False,1
1791,layer3.conv2,element,7,"(19, 1, 1)",0,0.0,False,0.84,0.0,False,0.0005510654589945949,242,-160.0,160.0,0.0,2.0,True,False,1
1792,layer3.conv2,element,7,"(35, 15, 23)",1,0.005,True,0.84,0.0,False,0.0005510654589945949,239,-120.0,120.0,0.0,2.0,True,False,1
1793,layer3.conv2,element,0,"(23, 9, 17)",0,0.0,False,0.84,0.0,False,0.0005510654589945949,249,-288.0,-256.0,0.16992473602294922,0.1111111119389534,False,False,1
1794,layer3.conv2,element,3,"(55, 9, 12)",1,0.005,True,0.84,0.0,False,0.0005510654589945949,243,-176.0,-352.0,1.0,1.0,False,False,1
1795,layer3.conv2,element,0,"(46, 5, 30)",0,0.0,False,0.84,0.0,False,0.0005510654589945949,210,-10.0,-11.0,0.13750362396240234,0.10000000149011612,False,False,1
1796,layer3.conv2,element,2,"(35, 2, 26)",0,0.0,False,0.84,0.0,False,0.0005510654589945949,242,-160.0,-224.0,0.4854269027709961,0.4000000059604645,False,False,1
1797,layer3.conv2,element,0,"(43, 2, 20)",0,0.0,False,0.84,0.0,False,0.0005510654589945949,108,96.0,104.0,0.1154775619506836,0.0833333358168602,False,False,1
1798,layer3.conv2,element,5,"(43, 15, 30)",0,0.0,False,0.84,0.0,False,0.0005510654589945949,113,144.0,9.0,4.0,0.9375,False,False,1
1799,layer3.conv2,element,4,"(10, 5, 5)",0,0.0,False,0.84,0.0,False,0.0005510654589945949,238,-112.0,-448.0,2.0,3.0,False,False,1
1800,layer3.conv2,element,1,"(60, 10, 13)",0,0.0,False,0.84,0.0,False,0.0005510654589945949,248,-256.0,-320.0,0.3219280242919922,0.25,False,False,1
1801,layer3.conv2,element,7,"(37, 10, 0)",0,0.0,False,0.84,0.0,False,0.0005510654589945949,109,104.0,-104.0,0.0,2.0,True,False,1
1802,layer3.conv2,element,4,"(13, 8, 20)",0,0.0,False,0.84,0.0,False,0.0005510654589945949,237,-104.0,-416.0,1.9999995231628418,3.0,False,False,1
1803,layer3.conv2,element,4,"(59, 12, 19)",0,0.0,False,0.84,0.0,False,0.0005510654589945949,117,208.0,52.0,2.0,0.75,False,False,1
1804,layer3.conv2,element,2,"(27, 15, 19)",1,0.005,True,0.84,0.0,False,0.0005510654589945949,245,-208.0,-144.0,0.5305147171020508,0.3076923191547394,False,False,1
1805,layer3.conv2,element,2,"(58, 3, 18)",1,0.005,True,0.84,0.0,False,0.0005510654589945949,250,-320.0,-448.0,0.4854269027709961,0.4000000059604645,False,False,1
1806,layer3.conv2,element,2,"(27, 3, 6)",0,0.0,False,0.84,0.0,False,0.0005510654589945949,119,240.0,176.0,0.44745874404907227,0.2666666805744171,False,False,1
1807,layer3.conv2,element,7,"(54, 6, 15)",0,0.0,False,0.84,0.0,False,0.0005510654589945949,109,104.0,-104.0,0.0,2.0,True,False,1
1808,layer3.conv2,element,4,"(40, 13, 1)",0,0.0,False,0.84,0.0,False,0.0005510654589945949,250,-320.0,-80.0,2.0,0.75,False,False,1
1809,layer3.conv2,element,1,"(18, 0, 28)",0,0.0,False,0.84,0.0,False,0.0005510654589945949,237,-104.0,-120.0,0.2064504623413086,0.1538461595773697,False,False,1
1810,layer3.conv2,element,5,"(20, 0, 3)",0,0.0,False,0.84,0.0,False,0.0005510654589945949,227,-44.0,-2.75,4.0,0.9375,False,False,1
1811,layer3.conv2,element,4,"(61, 7, 14)",200,1.0,True,0.0,0.84,True,0.0005510654589945949,239,-120.0,,inf,inf,False,True,1
1812,layer3.conv2,element,2,"(37, 1, 22)",1,0.005,True,0.84,0.0,False,0.0005510654589945949,246,-224.0,-160.0,0.4854269027709961,0.2857142984867096,False,False,1
1813,layer3.conv2,element,7,"(12, 13, 31)",0,0.0,False,0.84,0.0,False,0.0005510654589945949,89,18.0,-18.0,0.0,2.0,True,False,1
1814,layer3.conv2,element,2,"(33, 2, 4)",0,0.0,False,0.84,0.0,False,0.0005510654589945949,215,-15.0,-11.0,0.44745898246765137,0.2666666805744171,False,False,1
1815,layer3.conv2,element,6,"(25, 12, 30)",0,0.0,False,0.84,0.0,False,0.0005510654589945949,80,8.0,0.03125,8.0,0.99609375,False,False,1
1816,layer3.conv2,element,2,"(37, 1, 8)",1,0.005,True,0.84,0.0,False,0.0005510654589945949,121,288.0,416.0,0.5305147171020508,0.4444444477558136,False,False,1
1817,layer3.conv2,element,1,"(7, 5, 15)",0,0.0,False,0.84,0.0,False,0.0005510654589945949,110,112.0,96.0,0.22239255905151367,0.1428571492433548,False,False,1
1818,layer3.conv2,element,2,"(55, 11, 10)",0,0.0,False,0.84,0.0,False,0.0005510654589945949,243,-176.0,-240.0,0.44745874404907227,0.3636363744735718,False,False,1
1819,layer3.conv2,element,2,"(36, 3, 18)",0,0.0,False,0.84,0.0,False,0.0005510654589945949,244,-192.0,-128.0,0.5849623680114746,0.3333333432674408,False,False,1
1820,layer3.conv2,element,3,"(57, 3, 19)",0,0.0,False,0.84,0.0,False,0.0005510654589945949,116,192.0,384.0,1.0000004768371582,1.0,False,False,1
1821,layer3.conv2,element,3,"(46, 4, 15)",1,0.005,True,0.84,0.0,False,0.0005510654589945949,118,224.0,448.0,1.0,1.0,False,False,1
1822,layer3.conv2,element,6,"(17, 16, 29)",0,0.0,False,0.84,0.0,False,0.0005510654589945949,106,80.0,0.3125,8.0,0.99609375,False,False,1
1823,layer3.conv2,element,6,"(44, 0, 4)",0,0.0,False,0.84,0.0,False,0.0005510654589945949,233,-72.0,-0.28125,8.0,0.99609375,False,False,1
1824,layer3.conv2,element,3,"(29, 17, 7)",0,0.0,False,0.84,0.0,False,0.0005510654589945949,112,128.0,256.0,1.0,1.0,False,False,1
1825,layer3.conv2,element,5,"(0, 8, 8)",200,1.0,True,0.0,0.84,True,0.0005510654589945949,95,30.0,,inf,inf,False,True,1
1826,layer3.conv2,element,3,"(58, 6, 23)",0,0.0,False,0.84,0.0,False,0.0005510654589945949,115,176.0,352.0,1.0,1.0,False,False,1
1827,layer3.conv2,element,4,"(62, 15, 25)",0,0.0,False,0.84,0.0,False,0.0005510654589945949,83,11.0,2.75,2.0,0.75,False,False,1
1828,layer3.conv2,element,3,"(62, 16, 1)",0,0.0,False,0.84,0.0,False,0.0005510654589945949,248,-256.0,-128.0,1.0,0.5,False,False,1
1829,layer3.conv2,element,3,"(19, 15, 4)",0,0.0,False,0.84,0.0,False,0.0005510654589945949,116,192.0,384.0,1.0000004768371582,1.0,False,False,1
1830,layer3.conv2,element,2,"(4, 17, 9)",0,0.0,False,0.84,0.0,False,0.0005510654589945949,247,-240.0,-176.0,0.44745874404907227,0.2666666805744171,False,False,1
1831,layer3.conv2,element,2,"(47, 8, 2)",0,0.0,False,0.84,0.0,False,0.0005510654589945949,104,64.0,96.0,0.5849623680114746,0.5,False,False,1
1832,layer3.conv2,element,4,"(7, 9, 1)",0,0.0,False,0.84,0.0,False,0.0005510654589945949,107,88.0,352.0,2.0,3.0,False,False,1
1833,layer3.conv2,element,4,"(59, 5, 14)",0,0.0,False,0.84,0.0,False,0.0005510654589945949,95,30.0,7.5,1.999999761581421,0.75,False,False,1
1834,layer3.conv2,element,0,"(40, 14, 31)",0,0.0,False,0.84,0.0,False,0.0005510654589945949,237,-104.0,-96.0,0.1154775619506836,0.07692307978868484,False,False,1
1835,layer3.conv2,element,6,"(49, 16, 24)",0,0.0,False,0.84,0.0,False,0.0005510654589945949,232,-64.0,-0.25,8.0,0.99609375,False,False,1
1836,layer3.conv2,element,3,"(51, 10, 9)",0,0.0,False,0.84,0.0,False,0.0005510654589945949,243,-176.0,-352.0,1.0,1.0,False,False,1
1837,layer3.conv2,element,2,"(33, 8, 24)",0,0.0,False,0.84,0.0,False,0.0005510654589945949,56,1.0,1.5,0.5849624872207642,0.5,False,False,1
1838,layer3.conv2,element,2,"(25, 5, 10)",0,0.0,False,0.84,0.0,False,0.0005510654589945949,235,-88.0,-120.0,0.44745874404907227,0.3636363744735718,False,False,1
1839,layer3.conv2,element,2,"(34, 8, 17)",0,0.0,False,0.84,0.0,False,0.0005510654589945949,103,60.0,44.0,0.44745874404907227,0.2666666805744171,False,False,1
1840,layer3.conv2,element,2,"(63, 8, 17)",0,0.0,False,0.84,0.0,False,0.0005510654589945949,238,-112.0,-80.0,0.4854269027709961,0.2857142984867096,False,False,1
1841,layer3.conv2,element,0,"(9, 3, 20)",0,0.0,False,0.84,0.0,False,0.0005510654589945949,110,112.0,120.0,0.09953546524047852,0.0714285746216774,False,False,1
1842,layer3.conv2,element,3,"(27, 0, 18)",0,0.0,False,0.84,0.0,False,0.0005510654589945949,105,72.0,36.0,1.0,0.5,False,False,1
1843,layer3.conv2,element,0,"(24, 8, 4)",0,0.0,False,0.84,0.0,False,0.0005510654589945949,117,208.0,192.0,0.1154775619506836,0.07692307978868484,False,False,1
1844,layer3.conv2,element,2,"(47, 10, 9)",0,0.0,False,0.84,0.0,False,0.0005510654589945949,126,448.0,320.0,0.4854269027709961,0.2857142984867096,False,False,1
1845,layer3.conv2,element,1,"(52, 11, 16)",0,0.0,False,0.84,0.0,False,0.0005510654589945949,121,288.0,352.0,0.2895069122314453,0.2222222238779068,False,False,1
1846,layer3.conv2,element,7,"(18, 13, 31)",1,0.005,True,0.84,0.0,False,0.0005510654589945949,117,208.0,-208.0,0.0,2.0,True,False,1
1847,layer3.conv2,element,3,"(43, 10, 23)",0,0.0,False,0.84,0.0,False,0.0005510654589945949,122,320.0,160.0,1.0,0.5,False,False,1
1848,layer3.conv2,element,0,"(17, 11, 28)",0,0.0,False,0.84,0.0,False,0.0005510654589945949,242,-160.0,-176.0,0.13750362396240234,0.10000000149011612,False,False,1
1849,layer3.conv2,element,6,"(42, 8, 12)",0,0.0,False,0.84,0.0,False,0.0005510654589945949,107,88.0,0.34375,8.0,0.99609375,False,False,1
1850,layer3.conv2,element,0,"(58, 2, 16)",0,0.0,False,0.84,0.0,False,0.0005510654589945949,238,-112.0,-120.0,0.09953546524047852,0.0714285746216774,False,False,1
1851,layer3.conv2,element,3,"(43, 11, 0)",0,0.0,False,0.84,0.0,False,0.0005510654589945949,123,352.0,176.0,1.0,0.5,False,False,1
1852,layer3.conv2,element,5,"(17, 6, 19)",0,0.0,False,0.84,0.0,False,0.0005510654589945949,238,-112.0,-7.0,4.0,0.9375,False,False,1
1853,layer3.conv2,element,1,"(22, 6, 21)",0,0.0,False,0.84,0.0,False,0.0005510654589945949,116,192.0,224.0,0.22239255905151367,0.1666666716337204,False,False,1
1854,layer3.conv2,element,0,"(57, 3, 3)",0,0.0,False,0.84,0.0,False,0.0005510654589945949,116,192.0,208.0,0.1154775619506836,0.0833333358168602,False,False,1
1855,layer3.conv2,element,1,"(62, 13, 6)",0,0.0,False,0.84,0.0,False,0.0005510654589945949,89,18.0,22.0,0.2895064353942871,0.2222222238779068,False,False,1
1856,layer3.conv2,element,6,"(50, 11, 2)",0,0.0,False,0.84,0.0,False,0.0005510654589945949,229,-52.0,-0.203125,8.0,0.99609375,False,False,1
1857,layer3.conv2,element,7,"(21, 9, 13)",0,0.0,False,0.84,0.0,False,0.0005510654589945949,81,9.0,-9.0,0.0,2.0,True,False,1
1858,layer3.conv2,element,5,"(26, 2, 27)",1,0.005,True,0.84,0.0,False,0.0005510654589945949,226,-40.0,-2.5,4.0,0.9375,False,False,1
1859,layer3.conv2,element,4,"(11, 17, 18)",0,0.0,False,0.84,0.0,False,0.0005510654589945949,250,-320.0,-80.0,2.0,0.75,False,False,1
1860,layer3.conv2,element,5,"(18, 4, 18)",1,0.005,True,0.84,0.0,False,0.0005510654589945949,251,-352.0,-22.0,4.0,0.9375,False,False,1
1861,layer3.conv2,element,2,"(42, 14, 11)",0,0.0,False,0.84,0.0,False,0.0005510654589945949,231,-60.0,-44.0,0.44745874404907227,0.2666666805744171,False,False,1
1862,layer3.conv2,element,7,"(11, 4, 9)",0,0.0,False,0.84,0.0,False,0.0005510654589945949,243,-176.0,176.0,0.0,2.0,True,False,1
1863,layer3.conv2,element,6,"(10, 14, 29)",0,0.0,False,0.84,0.0,False,0.0005510654589945949,118,224.0,0.875,8.0,0.99609375,False,False,1
1864,layer3.conv2,element,5,"(57, 17, 6)",0,0.0,False,0.84,0.0,False,0.0005510654589945949,240,-128.0,-8.0,4.0,0.9375,False,False,1
1865,layer3.conv2,element,7,"(62, 7, 16)",0,0.0,False,0.84,0.0,False,0.0005510654589945949,203,-5.5,5.5,0.0,2.0,True,False,1
1866,layer3.conv2,element,0,"(58, 0, 28)",200,1.0,True,0.0,0.84,True,0.0005510654589945949,254,-448.0,,inf,inf,False,True,1
1867,layer3.conv2,element,4,"(36, 15, 0)",1,0.005,True,0.84,0.0,False,0.0005510654589945949,226,-40.0,-160.0,2.0,3.0,False,False,1
1868,layer3.conv2,element,7,"(3, 15, 11)",1,0.005,True,0.84,0.0,False,0.0005510654589945949,248,-256.0,256.0,0.0,2.0,True,False,1
1869,layer3.conv2,element,3,"(7, 12, 12)",0,0.0,False,0.84,0.0,False,0.0005510654589945949,209,-9.0,-18.0,1.000000238418579,1.0,False,False,1
1870,layer3.conv2,element,1,"(37, 0, 17)",0,0.0,False,0.84,0.0,False,0.0005510654589945949,113,144.0,176.0,0.2895064353942871,0.2222222238779068,False,False,1
1871,layer3.conv2,element,3,"(1, 9, 6)",0,0.0,False,0.84,0.0,False,0.0005510654589945949,97,36.0,72.0,1.0,1.0,False,False,1
1872,layer3.conv2,element,2,"(8, 5, 5)",0,0.0,False,0.84,0.0,False,0.0005510654589945949,241,-144.0,-208.0,0.5305147171020508,0.4444444477558136,False,False,1
1873,layer3.conv2,element,3,"(38, 8, 18)",0,0.0,False,0.84,0.0,False,0.0005510654589945949,102,56.0,112.0,1.0,1.0,False,False,1
1874,layer3.conv2,element,3,"(22, 11, 23)",1,0.005,True,0.84,0.0,False,0.0005510654589945949,241,-144.0,-288.0,0.9999995231628418,1.0,False,False,1
1875,layer3.conv2,element,6,"(2, 12, 17)",0,0.0,False,0.84,0.0,False,0.0005510654589945949,87,15.0,0.05859375,8.0,0.99609375,False,False,1
1876,layer3.conv2,element,3,"(52, 9, 16)",0,0.0,False,0.84,0.0,False,0.0005510654589945949,246,-224.0,-448.0,1.0,1.0,False,False,1
1877,layer3.conv2,element,5,"(3, 6, 13)",1,0.005,True,0.84,0.0,False,0.0005510654589945949,244,-192.0,-12.0,3.999999761581421,0.9375,False,False,1
1878,layer3.conv2,element,2,"(8, 8, 28)",0,0.0,False,0.84,0.0,False,0.0005510654589945949,101,52.0,36.0,0.5305147171020508,0.3076923191547394,False,False,1
1879,layer3.conv2,element,7,"(26, 7, 4)",1,0.005,True,0.835,0.0050000000000000044,False,0.0005510654589945949,244,-192.0,192.0,0.0,2.0,True,False,1
1880,layer3.conv2,element,1,"(37, 7, 25)",0,0.0,False,0.84,0.0,False,0.0005510654589945949,116,192.0,224.0,0.22239255905151367,0.1666666716337204,False,False,1
1881,layer3.conv2,element,0,"(28, 12, 13)",0,0.0,False,0.84,0.0,False,0.0005510654589945949,218,-20.0,-22.0,0.13750362396240234,0.10000000149011612,False,False,1
1882,layer3.conv2,element,2,"(15, 6, 7)",1,0.005,True,0.84,0.0,False,0.0005510654589945949,105,72.0,104.0,0.5305147171020508,0.4444444477558136,False,False,1
1883,layer3.conv2,element,1,"(53, 0, 30)",0,0.0,False,0.84,0.0,False,0.0005510654589945949,112,128.0,160.0,0.3219280242919922,0.25,False,False,1
1884,layer3.conv2,element,2,"(60, 1, 28)",0,0.0,False,0.84,0.0,False,0.0005510654589945949,227,-44.0,-60.0,0.44745874404907227,0.3636363744735718,False,False,1
1885,layer3.conv2,element,4,"(8, 5, 2)",0,0.0,False,0.84,0.0,False,0.0005510654589945949,121,288.0,72.0,1.9999995231628418,0.75,False,False,1
1886,layer3.conv2,element,4,"(63, 6, 25)",1,0.005,True,0.84,0.0,False,0.0005510654589945949,250,-320.0,-80.0,2.0,0.75,False,False,1
1887,layer3.conv2,element,4,"(55, 10, 10)",0,0.0,False,0.84,0.0,False,0.0005510654589945949,108,96.0,384.0,2.000000476837158,3.0,False,False,1
1888,layer3.conv2,element,6,"(8, 2, 8)",0,0.0,False,0.84,0.0,False,0.0005510654589945949,231,-60.0,-0.234375,8.0,0.99609375,False,False,1
1889,layer3.conv2,element,3,"(25, 16, 17)",0,0.0,False,0.84,0.0,False,0.0005510654589945949,243,-176.0,-352.0,1.0,1.0,False,False,1
1890,layer3.conv2,element,4,"(45, 10, 29)",0,0.0,False,0.84,0.0,False,0.0005510654589945949,232,-64.0,-256.0,2.0,3.0,False,False,1
1891,layer3.conv2,element,4,"(54, 10, 20)",0,0.0,False,0.84,0.0,False,0.0005510654589945949,119,240.0,60.0,2.0,0.75,False,False,1
1892,layer3.conv2,element,7,"(20, 4, 31)",0,0.0,False,0.84,0.0,False,0.0005510654589945949,93,26.0,-26.0,0.0,2.0,True,False,1
1893,layer3.conv2,element,7,"(9, 12, 11)",0,0.0,False,0.84,0.0,False,0.0005510654589945949,234,-80.0,80.0,0.0,2.0,True,False,1
1894,layer3.conv2,element,3,"(47, 2, 4)",0,0.0,False,0.84,0.0,False,0.0005510654589945949,246,-224.0,-448.0,1.0,1.0,False,False,1
1895,layer3.conv2,element,4,"(3, 1, 12)",0,0.0,False,0.84,0.0,False,0.0005510654589945949,93,26.0,6.5,2.000000238418579,0.75,False,False,1
1896,layer3.conv2,element,1,"(13, 5, 0)",0,0.0,False,0.84,0.0,False,0.0005510654589945949,229,-52.0,-60.0,0.2064504623413086,0.1538461595773697,False,False,1
1897,layer3.conv2,element,2,"(27, 16, 2)",1,0.005,True,0.84,0.0,False,0.0005510654589945949,121,288.0,416.0,0.5305147171020508,0.4444444477558136,False,False,1
1898,layer3.conv2,element,1,"(49, 9, 22)",0,0.0,False,0.84,0.0,False,0.0005510654589945949,242,-160.0,-128.0,0.3219280242919922,0.20000000298023224,False,False,1
1899,layer3.conv2,element,3,"(13, 14, 13)",0,0.0,False,0.84,0.0,False,0.0005510654589945949,96,32.0,64.0,1.0,1.0,False,False,1
1900,layer3.conv2,element,2,"(47, 5, 19)",0,0.0,False,0.84,0.0,False,0.0005510654589945949,113,144.0,208.0,0.5305147171020508,0.4444444477558136,False,False,1
1901,layer3.conv2,element,2,"(30, 10, 30)",0,0.0,False,0.84,0.0,False,0.0005510654589945949,95,30.0,22.0,0.44745874404907227,0.2666666805744171,False,False,1
1902,layer3.conv2,element,4,"(40, 9, 20)",1,0.005,True,0.835,0.0050000000000000044,False,0.0005510654589945949,247,-240.0,-60.0,2.0,0.75,False,False,1
1903,layer3.conv2,element,5,"(52, 8, 27)",0,0.0,False,0.84,0.0,False,0.0005510654589945949,111,120.0,7.5,3.999999761581421,0.9375,False,False,1
1904,layer3.conv2,element,0,"(36, 9, 20)",0,0.0,False,0.84,0.0,False,0.0005510654589945949,232,-64.0,-72.0,0.16992521286010742,0.125,False,False,1
1905,layer3.conv2,element,4,"(56, 12, 0)",0,0.0,False,0.84,0.0,False,0.0005510654589945949,113,144.0,36.0,2.0,0.75,False,False,1
1906,layer3.conv2,element,6,"(30, 17, 13)",0,0.0,False,0.84,0.0,False,0.0005510654589945949,99,44.0,0.171875,8.0,0.99609375,False,False,1
1907,layer3.conv2,element,5,"(5, 10, 0)",0,0.0,False,0.84,0.0,False,0.0005510654589945949,100,48.0,3.0,4.0,0.9375,False,False,1
1908,layer3.conv2,element,2,"(61, 6, 21)",0,0.0,False,0.84,0.0,False,0.0005510654589945949,241,-144.0,-208.0,0.5305147171020508,0.4444444477558136,False,False,1
1909,layer3.conv2,element,7,"(16, 8, 5)",0,0.0,False,0.84,0.0,False,0.0005510654589945949,246,-224.0,224.0,0.0,2.0,True,False,1
1910,layer3.conv2,element,7,"(47, 1, 31)",3,0.015,True,0.84,0.0,False,0.0005510654589945949,122,320.0,-320.0,0.0,2.0,True,False,1
1911,layer3.conv2,element,3,"(19, 9, 6)",0,0.0,False,0.84,0.0,False,0.0005510654589945949,115,176.0,352.0,1.0,1.0,False,False,1
1912,layer3.conv2,element,4,"(8, 9, 26)",2,0.01,True,0.835,0.0050000000000000044,False,0.0005510654589945949,120,256.0,64.0,2.0,0.75,False,False,1
1913,layer3.conv2,element,0,"(11, 2, 27)",200,1.0,True,0.0,0.84,True,0.0005510654589945949,126,448.0,,inf,inf,False,True,1
1914,layer3.conv2,element,2,"(46, 17, 13)",0,0.0,False,0.84,0.0,False,0.0005510654589945949,233,-72.0,-104.0,0.5305147171020508,0.4444444477558136,False,False,1
1915,layer3.conv2,element,3,"(29, 16, 0)",0,0.0,False,0.84,0.0,False,0.0005510654589945949,251,-352.0,-176.0,1.0,0.5,False,False,1
1916,layer3.conv2,element,5,"(36, 12, 3)",1,0.005,True,0.84,0.0,False,0.0005510654589945949,118,224.0,14.0,4.0,0.9375,False,False,1
1917,layer3.conv2,element,4,"(3, 7, 23)",2,0.01,True,0.84,0.0,False,0.0005510654589945949,230,-56.0,-224.0,2.0,3.0,False,False,1
1918,layer3.conv2,element,0,"(15, 9, 17)",0,0.0,False,0.84,0.0,False,0.0005510654589945949,109,104.0,96.0,0.1154775619506836,0.07692307978868484,False,False,1
1919,layer3.conv2,element,6,"(12, 11, 8)",0,0.0,False,0.84,0.0,False,0.0005510654589945949,108,96.0,0.375,8.0,0.99609375,False,False,1
1920,layer3.conv2,element,1,"(58, 16, 18)",0,0.0,False,0.84,0.0,False,0.0005510654589945949,208,-8.0,-10.0,0.3219280242919922,0.25,False,False,1
1921,layer3.conv2,element,7,"(4, 3, 0)",1,0.005,True,0.84,0.0,False,0.0005510654589945949,224,-32.0,32.0,0.0,2.0,True,False,1
1922,layer3.conv2,element,6,"(48, 1, 13)",0,0.0,False,0.84,0.0,False,0.0005510654589945949,240,-128.0,-0.5,8.0,0.99609375,False,False,1
1923,layer3.conv2,element,1,"(29, 4, 12)",0,0.0,False,0.84,0.0,False,0.0005510654589945949,126,448.0,384.0,0.22239208221435547,0.1428571492433548,False,False,1
1924,layer3.conv2,element,5,"(32, 10, 29)",1,0.005,True,0.84,0.0,False,0.0005510654589945949,230,-56.0,-3.5,4.0,0.9375,False,False,1
1925,layer3.conv2,element,7,"(60, 2, 27)",1,0.005,True,0.84,0.0,False,0.0005510654589945949,119,240.0,-240.0,0.0,2.0,True,False,1
1926,layer3.conv2,element,1,"(20, 9, 15)",0,0.0,False,0.84,0.0,False,0.0005510654589945949,61,1.625,1.875,0.20645087957382202,0.1538461595773697,False,False,1
1927,layer3.conv2,element,1,"(9, 14, 13)",0,0.0,False,0.84,0.0,False,0.0005510654589945949,107,88.0,72.0,0.2895064353942871,0.1818181872367859,False,False,1
1928,layer3.conv2,element,7,"(34, 7, 31)",0,0.0,False,0.84,0.0,False,0.0005510654589945949,89,18.0,-18.0,0.0,2.0,True,False,1
1929,layer3.conv2,element,4,"(56, 13, 31)",0,0.0,False,0.84,0.0,False,0.0005510654589945949,116,192.0,48.0,2.0,0.75,False,False,1
1930,layer3.conv2,element,7,"(61, 3, 11)",0,0.0,False,0.84,0.0,False,0.0005510654589945949,90,20.0,-20.0,0.0,2.0,True,False,1
1931,layer3.conv2,element,0,"(20, 3, 24)",0,0.0,False,0.84,0.0,False,0.0005510654589945949,112,128.0,144.0,0.16992521286010742,0.125,False,False,1
1932,layer3.conv2,element,3,"(40, 13, 13)",0,0.0,False,0.84,0.0,False,0.0005510654589945949,240,-128.0,-256.0,1.0,1.0,False,False,1
1933,layer3.conv2,element,6,"(47, 14, 22)",0,0.0,False,0.84,0.0,False,0.0005510654589945949,241,-144.0,-0.5625,8.0,0.99609375,False,False,1
1934,layer3.conv2,element,3,"(15, 1, 5)",0,0.0,False,0.84,0.0,False,0.0005510654589945949,110,112.0,56.0,1.0,0.5,False,False,1
1935,layer3.conv2,element,3,"(53, 16, 22)",0,0.0,False,0.84,0.0,False,0.0005510654589945949,214,-14.0,-28.0,1.0,1.0,False,False,1
1936,layer3.conv2,element,1,"(11, 6, 9)",0,0.0,False,0.84,0.0,False,0.0005510654589945949,91,22.0,18.0,0.2895064353942871,0.1818181872367859,False,False,1
1937,layer3.conv2,element,1,"(38, 13, 0)",0,0.0,False,0.84,0.0,False,0.0005510654589945949,237,-104.0,-120.0,0.2064504623413086,0.1538461595773697,False,False,1
1938,layer3.conv2,element,1,"(46, 12, 7)",0,0.0,False,0.84,0.0,False,0.0005510654589945949,236,-96.0,-112.0,0.22239255905151367,0.1666666716337204,False,False,1
1939,layer3.conv2,element,7,"(46, 0, 18)",2,0.01,True,0.845,-0.0050000000000000044,False,0.0005510654589945949,123,352.0,-352.0,0.0,2.0,True,False,1
1940,layer3.conv2,element,3,"(17, 1, 7)",0,0.0,False,0.84,0.0,False,0.0005510654589945949,101,52.0,104.0,1.0,1.0,False,False,1
1941,layer3.conv2,element,0,"(40, 8, 6)",0,0.0,False,0.84,0.0,False,0.0005510654589945949,89,18.0,16.0,0.16992521286010742,0.1111111119389534,False,False,1
1942,layer3.conv2,element,7,"(55, 7, 1)",0,0.0,False,0.84,0.0,False,0.0005510654589945949,221,-26.0,26.0,0.0,2.0,True,False,1
1943,layer3.conv2,element,2,"(59, 10, 1)",0,0.0,False,0.84,0.0,False,0.0005510654589945949,229,-52.0,-36.0,0.5305147171020508,0.3076923191547394,False,False,1
1944,layer3.conv2,element,3,"(1, 10, 2)",0,0.0,False,0.84,0.0,False,0.0005510654589945949,231,-60.0,-120.0,1.0,1.0,False,False,1
1945,layer3.conv2,element,3,"(49, 15, 3)",0,0.0,False,0.84,0.0,False,0.0005510654589945949,124,384.0,192.0,1.0000004768371582,0.5,False,False,1
1946,layer3.conv2,element,5,"(47, 16, 5)",0,0.0,False,0.84,0.0,False,0.0005510654589945949,89,18.0,288.0,3.999999523162842,15.0,False,False,1
1947,layer3.conv2,element,2,"(26, 16, 4)",0,0.0,False,0.84,0.0,False,0.0005510654589945949,97,36.0,52.0,0.5305147171020508,0.4444444477558136,False,False,1
1948,layer3.conv2,element,3,"(61, 7, 5)",0,0.0,False,0.84,0.0,False,0.0005510654589945949,89,18.0,9.0,1.000000238418579,0.5,False,False,1
1949,layer3.conv2,element,2,"(18, 11, 5)",0,0.0,False,0.84,0.0,False,0.0005510654589945949,91,22.0,30.0,0.44745874404907227,0.3636363744735718,False,False,1
1950,layer3.conv2,element,7,"(26, 7, 8)",3,0.015,True,0.835,0.0050000000000000044,False,0.0005510654589945949,249,-288.0,288.0,0.0,2.0,True,False,1
1951,layer3.conv2,element,6,"(10, 0, 21)",0,0.0,False,0.84,0.0,False,0.0005510654589945949,107,88.0,0.34375,8.0,0.99609375,False,False,1
1952,layer3.conv2,element,4,"(19, 16, 14)",0,0.0,False,0.84,0.0,False,0.0005510654589945949,235,-88.0,-352.0,2.0,3.0,False,False,1
1953,layer3.conv2,element,1,"(32, 13, 31)",0,0.0,False,0.84,0.0,False,0.0005510654589945949,106,80.0,64.0,0.3219280242919922,0.20000000298023224,False,False,1
1954,layer3.conv2,element,5,"(21, 9, 17)",1,0.005,True,0.84,0.0,False,0.0005510654589945949,209,-9.0,-144.0,4.0,15.0,False,False,1
1955,layer3.conv2,element,4,"(14, 11, 30)",0,0.0,False,0.84,0.0,False,0.0005510654589945949,102,56.0,224.0,2.0,3.0,False,False,1
1956,layer3.conv2,element,1,"(53, 0, 11)",0,0.0,False,0.84,0.0,False,0.0005510654589945949,239,-120.0,-104.0,0.2064504623413086,0.13333334028720856,False,False,1
1957,layer3.conv2,element,1,"(15, 0, 17)",0,0.0,False,0.84,0.0,False,0.0005510654589945949,225,-36.0,-44.0,0.2895064353942871,0.2222222238779068,False,False,1
1958,layer3.conv2,element,2,"(11, 13, 27)",0,0.0,False,0.84,0.0,False,0.0005510654589945949,121,288.0,416.0,0.5305147171020508,0.4444444477558136,False,False,1
1959,layer3.conv2,element,4,"(56, 8, 3)",1,0.005,True,0.84,0.0,False,0.0005510654589945949,226,-40.0,-160.0,2.0,3.0,False,False,1
1960,layer3.conv2,element,0,"(62, 15, 29)",0,0.0,False,0.84,0.0,False,0.0005510654589945949,233,-72.0,-64.0,0.16992521286010742,0.1111111119389534,False,False,1
1961,layer3.conv2,element,2,"(44, 14, 3)",1,0.005,True,0.84,0.0,False,0.0005510654589945949,252,-384.0,-256.0,0.5849628448486328,0.3333333432674408,False,False,1
1962,layer3.conv2,element,7,"(32, 1, 16)",1,0.005,True,0.84,0.0,False,0.0005510654589945949,243,-176.0,176.0,0.0,2.0,True,False,1
1963,layer3.conv2,element,2,"(34, 9, 14)",0,0.0,False,0.84,0.0,False,0.0005510654589945949,234,-80.0,-112.0,0.4854269027709961,0.4000000059604645,False,False,1
1964,layer3.conv2,element,7,"(28, 16, 19)",1,0.005,True,0.84,0.0,False,0.0005510654589945949,122,320.0,-320.0,0.0,2.0,True,False,1
1965,layer3.conv2,element,4,"(53, 17, 9)",0,0.0,False,0.84,0.0,False,0.0005510654589945949,121,288.0,72.0,1.9999995231628418,0.75,False,False,1
1966,layer3.conv2,element,1,"(11, 17, 26)",0,0.0,False,0.84,0.0,False,0.0005510654589945949,249,-288.0,-352.0,0.2895069122314453,0.2222222238779068,False,False,1
1967,layer3.conv2,element,2,"(33, 11, 7)",0,0.0,False,0.84,0.0,False,0.0005510654589945949,247,-240.0,-176.0,0.44745874404907227,0.2666666805744171,False,False,1
1968,layer3.conv2,element,3,"(45, 13, 7)",0,0.0,False,0.84,0.0,False,0.0005510654589945949,97,36.0,72.0,1.0,1.0,False,False,1
1969,layer3.conv2,element,5,"(25, 4, 12)",0,0.0,False,0.84,0.0,False,0.0005510654589945949,99,44.0,2.75,4.0,0.9375,False,False,1
1970,layer3.conv2,element,1,"(34, 15, 15)",0,0.0,False,0.84,0.0,False,0.0005510654589945949,112,128.0,160.0,0.3219280242919922,0.25,False,False,1
1971,layer3.conv2,element,1,"(43, 15, 22)",0,0.0,False,0.84,0.0,False,0.0005510654589945949,224,-32.0,-40.0,0.3219280242919922,0.25,False,False,1
1972,layer3.conv2,element,1,"(63, 1, 9)",0,0.0,False,0.84,0.0,False,0.0005510654589945949,97,36.0,44.0,0.2895064353942871,0.2222222238779068,False,False,1
1973,layer3.conv2,element,6,"(38, 17, 10)",0,0.0,False,0.84,0.0,False,0.0005510654589945949,245,-208.0,-0.8125,8.0,0.99609375,False,False,1
1974,layer3.conv2,element,3,"(62, 7, 6)",1,0.005,True,0.84,0.0,False,0.0005510654589945949,240,-128.0,-256.0,1.0,1.0,False,False,1
1975,layer3.conv2,element,5,"(13, 6, 6)",0,0.0,False,0.84,0.0,False,0.0005510654589945949,106,80.0,5.0,4.0,0.9375,False,False,1
1976,layer3.conv2,element,3,"(47, 6, 16)",0,0.0,False,0.84,0.0,False,0.0005510654589945949,244,-192.0,-384.0,1.0000004768371582,1.0,False,False,1
1977,layer3.conv2,element,1,"(20, 7, 0)",0,0.0,False,0.84,0.0,False,0.0005510654589945949,237,-104.0,-120.0,0.2064504623413086,0.1538461595773697,False,False,1
1978,layer3.conv2,element,3,"(18, 6, 11)",0,0.0,False,0.84,0.0,False,0.0005510654589945949,235,-88.0,-44.0,1.0,0.5,False,False,1
1979,layer3.conv2,element,4,"(35, 16, 8)",0,0.0,False,0.84,0.0,False,0.0005510654589945949,226,-40.0,-160.0,2.0,3.0,False,False,1
1980,layer3.conv2,element,5,"(18, 14, 8)",1,0.005,True,0.84,0.0,False,0.0005510654589945949,116,192.0,12.0,3.999999761581421,0.9375,False,False,1
1981,layer3.conv2,element,0,"(13, 17, 27)",0,0.0,False,0.84,0.0,False,0.0005510654589945949,246,-224.0,-240.0,0.09953546524047852,0.0714285746216774,False,False,1
1982,layer3.conv2,element,1,"(42, 1, 1)",0,0.0,False,0.84,0.0,False,0.0005510654589945949,99,44.0,36.0,0.2895064353942871,0.1818181872367859,False,False,1
1983,layer3.conv2,element,1,"(58, 12, 7)",0,0.0,False,0.84,0.0,False,0.0005510654589945949,243,-176.0,-144.0,0.2895064353942871,0.1818181872367859,False,False,1
1984,layer3.conv2,element,5,"(11, 0, 31)",1,0.005,True,0.84,0.0,False,0.0005510654589945949,241,-144.0,-9.0,4.0,0.9375,False,False,1
1985,layer3.conv2,element,2,"(2, 15, 1)",0,0.0,False,0.84,0.0,False,0.0005510654589945949,107,88.0,120.0,0.44745874404907227,0.3636363744735718,False,False,1
1986,layer3.conv2,element,4,"(21, 6, 2)",1,0.005,True,0.84,0.0,False,0.0005510654589945949,238,-112.0,-448.0,2.0,3.0,False,False,1
1987,layer3.conv2,element,5,"(56, 1, 18)",0,0.0,False,0.84,0.0,False,0.0005510654589945949,236,-96.0,-6.0,3.999999761581421,0.9375,False,False,1
1988,layer3.conv2,element,5,"(0, 17, 29)",0,0.0,False,0.84,0.0,False,0.0005510654589945949,224,-32.0,-2.0,4.0,0.9375,False,False,1
1989,layer3.conv2,element,4,"(62, 12, 27)",1,0.005,True,0.84,0.0,False,0.0005510654589945949,115,176.0,44.0,2.0,0.75,False,False,1
1990,layer3.conv2,element,2,"(30, 11, 29)",0,0.0,False,0.84,0.0,False,0.0005510654589945949,118,224.0,160.0,0.4854269027709961,0.2857142984867096,False,False,1
1991,layer3.conv2,element,4,"(39, 6, 24)",0,0.0,False,0.84,0.0,False,0.0005510654589945949,243,-176.0,-44.0,2.0,0.75,False,False,1
1992,layer3.conv2,element,1,"(26, 1, 14)",0,0.0,False,0.84,0.0,False,0.0005510654589945949,236,-96.0,-112.0,0.22239255905151367,0.1666666716337204,False,False,1
1993,layer3.conv2,element,1,"(13, 10, 3)",0,0.0,False,0.84,0.0,False,0.0005510654589945949,232,-64.0,-80.0,0.3219280242919922,0.25,False,False,1
1994,layer3.conv2,element,7,"(41, 16, 19)",2,0.01,True,0.835,0.0050000000000000044,False,0.0005510654589945949,252,-384.0,384.0,0.0,2.0,True,False,1
1995,layer3.conv2,element,2,"(51, 14, 26)",0,0.0,False,0.84,0.0,False,0.0005510654589945949,249,-288.0,-416.0,0.5305147171020508,0.4444444477558136,False,False,1
1996,layer3.conv2,element,0,"(9, 7, 24)",0,0.0,False,0.84,0.0,False,0.0005510654589945949,233,-72.0,-64.0,0.16992521286010742,0.1111111119389534,False,False,1
1997,layer3.conv2,element,5,"(28, 4, 13)",0,0.0,False,0.84,0.0,False,0.0005510654589945949,117,208.0,13.0,4.0,0.9375,False,False,1
1998,layer3.conv2,element,7,"(36, 17, 26)",1,0.005,True,0.84,0.0,False,0.0005510654589945949,110,112.0,-112.0,0.0,2.0,True,False,1
1999,layer3.conv2,element,3,"(45, 10, 23)",0,0.0,False,0.84,0.0,False,0.0005510654589945949,239,-120.0,-60.0,1.0,0.5,False,False,1
2000,layer3.conv2,element,4,"(54, 15, 10)",0,0.0,False,0.84,0.0,False,0.0005510654589945949,245,-208.0,-52.0,2.0,0.75,False,False,1
2001,layer3.conv2,element,2,"(20, 11, 22)",0,0.0,False,0.84,0.0,False,0.0005510654589945949,228,-48.0,-32.0,0.5849623680114746,0.3333333432674408,False,False,1
2002,layer3.conv2,element,2,"(55, 5, 1)",0,0.0,False,0.84,0.0,False,0.0005510654589945949,247,-240.0,-176.0,0.44745874404907227,0.2666666805744171,False,False,1
2003,layer3.conv2,element,0,"(14, 3, 3)",0,0.0,False,0.84,0.0,False,0.0005510654589945949,121,288.0,256.0,0.16992473602294922,0.1111111119389534,False,False,1
2004,layer3.conv2,element,0,"(24, 17, 18)",0,0.0,False,0.84,0.0,False,0.0005510654589945949,115,176.0,160.0,0.13750362396240234,0.09090909361839294,False,False,1
2005,layer3.conv2,element,0,"(61, 1, 9)",0,0.0,False,0.84,0.0,False,0.0005510654589945949,247,-240.0,-224.0,0.09953546524047852,0.06666667014360428,False,False,1
2006,layer3.conv2,element,1,"(49, 4, 0)",0,0.0,False,0.84,0.0,False,0.0005510654589945949,245,-208.0,-240.0,0.2064504623413086,0.1538461595773697,False,False,1
2007,layer3.conv2,element,7,"(4, 15, 8)",1,0.005,True,0.84,0.0,False,0.0005510654589945949,240,-128.0,128.0,0.0,2.0,True,False,1
2008,layer3.conv2,element,7,"(26, 12, 20)",0,0.0,False,0.84,0.0,False,0.0005510654589945949,92,24.0,-24.0,0.0,2.0,True,False,1
2009,layer3.conv2,element,3,"(3, 12, 29)",0,0.0,False,0.84,0.0,False,0.0005510654589945949,228,-48.0,-96.0,1.0,1.0,False,False,1
2010,layer3.conv2,element,4,"(26, 13, 13)",0,0.0,False,0.84,0.0,False,0.0005510654589945949,95,30.0,7.5,1.999999761581421,0.75,False,False,1
2011,layer3.conv2,element,7,"(50, 1, 24)",0,0.0,False,0.84,0.0,False,0.0005510654589945949,228,-48.0,48.0,0.0,2.0,True,False,1
2012,layer3.conv2,element,4,"(8, 4, 22)",200,1.0,True,0.0,0.84,True,0.0005510654589945949,111,120.0,,inf,inf,False,True,1
2013,layer3.conv2,element,1,"(49, 11, 12)",0,0.0,False,0.84,0.0,False,0.0005510654589945949,232,-64.0,-80.0,0.3219280242919922,0.25,False,False,1
2014,layer3.conv2,element,5,"(51, 8, 25)",0,0.0,False,0.84,0.0,False,0.0005510654589945949,247,-240.0,-15.0,3.999999761581421,0.9375,False,False,1
2015,layer3.conv2,element,4,"(19, 16, 26)",0,0.0,False,0.84,0.0,False,0.0005510654589945949,247,-240.0,-60.0,2.0,0.75,False,False,1
2016,layer3.conv2,element,2,"(1, 1, 26)",0,0.0,False,0.84,0.0,False,0.0005510654589945949,230,-56.0,-40.0,0.4854269027709961,0.2857142984867096,False,False,1
2017,layer3.conv2,element,2,"(23, 16, 29)",0,0.0,False,0.84,0.0,False,0.0005510654589945949,113,144.0,208.0,0.5305147171020508,0.4444444477558136,False,False,1
2018,layer3.conv2,element,7,"(23, 14, 30)",0,0.0,False,0.84,0.0,False,0.0005510654589945949,110,112.0,-112.0,0.0,2.0,True,False,1
2019,layer3.conv2,element,7,"(44, 0, 15)",1,0.005,True,0.845,-0.0050000000000000044,False,0.0005510654589945949,244,-192.0,192.0,0.0,2.0,True,False,1
2020,layer3.conv2,element,0,"(60, 9, 26)",0,0.0,False,0.84,0.0,False,0.0005510654589945949,233,-72.0,-64.0,0.16992521286010742,0.1111111119389534,False,False,1
2021,layer3.conv2,element,1,"(38, 6, 30)",0,0.0,False,0.84,0.0,False,0.0005510654589945949,212,-12.0,-14.0,0.22239232063293457,0.1666666716337204,False,False,1
2022,layer3.conv2,element,4,"(25, 4, 12)",0,0.0,False,0.84,0.0,False,0.0005510654589945949,99,44.0,176.0,2.0,3.0,False,False,1
2023,layer3.conv2,element,4,"(41, 9, 1)",0,0.0,False,0.84,0.0,False,0.0005510654589945949,114,160.0,40.0,2.0,0.75,False,False,1
2024,layer3.conv2,element,0,"(10, 4, 3)",0,0.0,False,0.84,0.0,False,0.0005510654589945949,104,64.0,72.0,0.16992521286010742,0.125,False,False,1
2025,layer3.conv2,element,7,"(27, 15, 16)",0,0.0,False,0.84,0.0,False,0.0005510654589945949,101,52.0,-52.0,0.0,2.0,True,False,1
2026,layer3.conv2,element,1,"(27, 4, 18)",0,0.0,False,0.84,0.0,False,0.0005510654589945949,113,144.0,176.0,0.2895064353942871,0.2222222238779068,False,False,1
2027,layer3.conv2,element,5,"(62, 13, 7)",0,0.0,False,0.84,0.0,False,0.0005510654589945949,235,-88.0,-5.5,4.0,0.9375,False,False,1
2028,layer3.conv2,element,7,"(13, 7, 11)",0,0.0,False,0.84,0.0,False,0.0005510654589945949,112,128.0,-128.0,0.0,2.0,True,False,1
2029,layer3.conv2,element,4,"(9, 8, 15)",0,0.0,False,0.84,0.0,False,0.0005510654589945949,116,192.0,48.0,2.0,0.75,False,False,1
2030,layer3.conv2,element,5,"(39, 10, 0)",0,0.0,False,0.84,0.0,False,0.0005510654589945949,222,-28.0,-448.0,4.0,15.0,False,False,1
2031,layer3.conv2,element,2,"(40, 7, 24)",1,0.005,True,0.84,0.0,False,0.0005510654589945949,249,-288.0,-416.0,0.5305147171020508,0.4444444477558136,False,False,1
2032,layer3.conv2,element,0,"(9, 2, 12)",0,0.0,False,0.84,0.0,False,0.0005510654589945949,104,64.0,72.0,0.16992521286010742,0.125,False,False,1
2033,layer3.conv2,element,4,"(13, 3, 14)",1,0.005,True,0.84,0.0,False,0.0005510654589945949,247,-240.0,-60.0,2.0,0.75,False,False,1
2034,layer3.conv2,element,3,"(28, 3, 27)",0,0.0,False,0.84,0.0,False,0.0005510654589945949,105,72.0,36.0,1.0,0.5,False,False,1
2035,layer3.conv2,element,0,"(21, 7, 24)",0,0.0,False,0.84,0.0,False,0.0005510654589945949,99,44.0,40.0,0.13750362396240234,0.09090909361839294,False,False,1
2036,layer3.conv2,element,6,"(3, 4, 31)",1,0.005,True,0.84,0.0,False,0.0005510654589945949,230,-56.0,-0.21875,8.0,0.99609375,False,False,1
2037,layer3.conv2,element,1,"(19, 0, 23)",0,0.0,False,0.84,0.0,False,0.0005510654589945949,243,-176.0,-144.0,0.2895064353942871,0.1818181872367859,False,False,1
2038,layer3.conv2,element,6,"(22, 9, 5)",0,0.0,False,0.84,0.0,False,0.0005510654589945949,234,-80.0,-0.3125,8.0,0.99609375,False,False,1
2039,layer3.conv2,element,2,"(52, 14, 17)",0,0.0,False,0.84,0.0,False,0.0005510654589945949,243,-176.0,-240.0,0.44745874404907227,0.3636363744735718,False,False,1
2040,layer3.conv2,element,0,"(35, 2, 3)",0,0.0,False,0.84,0.0,False,0.0005510654589945949,118,224.0,240.0,0.09953546524047852,0.0714285746216774,False,False,1
2041,layer3.conv2,element,0,"(37, 2, 2)",0,0.0,False,0.84,0.0,False,0.0005510654589945949,110,112.0,120.0,0.09953546524047852,0.0714285746216774,False,False,1
2042,layer3.conv2,element,6,"(32, 16, 1)",0,0.0,False,0.84,0.0,False,0.0005510654589945949,113,144.0,0.5625,8.0,0.99609375,False,False,1
2043,layer3.conv2,element,1,"(21, 3, 2)",0,0.0,False,0.84,0.0,False,0.0005510654589945949,242,-160.0,-128.0,0.3219280242919922,0.20000000298023224,False,False,1
2044,layer3.conv2,element,6,"(41, 16, 22)",0,0.0,False,0.84,0.0,False,0.0005510654589945949,95,30.0,0.1171875,8.0,0.99609375,False,False,1
2045,layer3.conv2,element,3,"(34, 4, 31)",1,0.005,True,0.84,0.0,False,0.0005510654589945949,250,-320.0,-160.0,1.0,0.5,False,False,1
2046,layer3.conv2,element,7,"(51, 2, 19)",0,0.0,False,0.84,0.0,False,0.0005510654589945949,110,112.0,-112.0,0.0,2.0,True,False,1
2047,layer3.conv2,element,6,"(29, 9, 11)",0,0.0,False,0.84,0.0,False,0.0005510654589945949,233,-72.0,-0.28125,8.0,0.99609375,False,False,1
2048,layer3.conv2,element,7,"(3, 9, 9)",0,0.0,False,0.84,0.0,False,0.0005510654589945949,112,128.0,-128.0,0.0,2.0,True,False,1
2049,layer3.conv2,element,7,"(34, 14, 27)",1,0.005,True,0.84,0.0,False,0.0005510654589945949,226,-40.0,40.0,0.0,2.0,True,False,1
2050,layer3.conv2,element,0,"(63, 13, 19)",0,0.0,False,0.84,0.0,False,0.0005510654589945949,221,-26.0,-24.0,0.1154775619506836,0.07692307978868484,False,False,1
2051,layer3.conv2,element,0,"(15, 3, 20)",0,0.0,False,0.84,0.0,False,0.0005510654589945949,123,352.0,320.0,0.13750362396240234,0.09090909361839294,False,False,1
2052,layer3.conv2,element,1,"(15, 5, 17)",0,0.0,False,0.84,0.0,False,0.0005510654589945949,238,-112.0,-96.0,0.22239255905151367,0.1428571492433548,False,False,1
2053,layer3.conv2,element,3,"(23, 16, 29)",0,0.0,False,0.84,0.0,False,0.0005510654589945949,113,144.0,288.0,0.9999995231628418,1.0,False,False,1
2054,layer3.conv2,element,6,"(59, 8, 13)",0,0.0,False,0.84,0.0,False,0.0005510654589945949,116,192.0,0.75,8.0,0.99609375,False,False,1
2055,layer3.conv2,element,5,"(29, 6, 3)",2,0.01,True,0.84,0.0,False,0.0005510654589945949,93,26.0,416.0,3.999999523162842,15.0,False,False,1
2056,layer3.conv2,element,3,"(62, 2, 15)",0,0.0,False,0.84,0.0,False,0.0005510654589945949,94,28.0,14.0,1.0,0.5,False,False,1
2057,layer3.conv2,element,6,"(5, 5, 26)",0,0.0,False,0.84,0.0,False,0.0005510654589945949,251,-352.0,-1.375,8.0,0.99609375,False,False,1
2058,layer3.conv2,element,2,"(60, 15, 12)",0,0.0,False,0.84,0.0,False,0.0005510654589945949,234,-80.0,-112.0,0.4854269027709961,0.4000000059604645,False,False,1
2059,layer3.conv2,element,1,"(0, 16, 16)",0,0.0,False,0.84,0.0,False,0.0005510654589945949,225,-36.0,-44.0,0.2895064353942871,0.2222222238779068,False,False,1
2060,layer3.conv2,element,5,"(61, 7, 28)",0,0.0,False,0.84,0.0,False,0.0005510654589945949,225,-36.0,-2.25,4.0,0.9375,False,False,1
2061,layer3.conv2,element,0,"(37, 17, 27)",0,0.0,False,0.84,0.0,False,0.0005510654589945949,99,44.0,40.0,0.13750362396240234,0.09090909361839294,False,False,1
2062,layer3.conv2,element,4,"(40, 9, 7)",0,0.0,False,0.84,0.0,False,0.0005510654589945949,237,-104.0,-416.0,1.9999995231628418,3.0,False,False,1
2063,layer3.conv2,element,1,"(13, 4, 17)",0,0.0,False,0.84,0.0,False,0.0005510654589945949,115,176.0,144.0,0.2895064353942871,0.1818181872367859,False,False,1
2064,layer3.conv2,element,7,"(59, 0, 3)",1,0.005,True,0.84,0.0,False,0.0005510654589945949,122,320.0,-320.0,0.0,2.0,True,False,1
2065,layer3.conv2,element,2,"(51, 6, 3)",0,0.0,False,0.84,0.0,False,0.0005510654589945949,246,-224.0,-160.0,0.4854269027709961,0.2857142984867096,False,False,1
2066,layer3.conv2,element,5,"(14, 7, 30)",0,0.0,False,0.84,0.0,False,0.0005510654589945949,105,72.0,4.5,4.0,0.9375,False,False,1
2067,layer3.conv2,element,1,"(1, 10, 27)",0,0.0,False,0.84,0.0,False,0.0005510654589945949,93,26.0,30.0,0.2064504623413086,0.1538461595773697,False,False,1
2068,layer3.conv2,element,7,"(54, 5, 12)",0,0.0,False,0.84,0.0,False,0.0005510654589945949,249,-288.0,288.0,0.0,2.0,True,False,1
2069,layer3.conv2,element,1,"(14, 5, 4)",0,0.0,False,0.84,0.0,False,0.0005510654589945949,233,-72.0,-88.0,0.2895064353942871,0.2222222238779068,False,False,1
2070,layer3.conv2,element,5,"(2, 3, 2)",1,0.005,True,0.84,0.0,False,0.0005510654589945949,116,192.0,12.0,3.999999761581421,0.9375,False,False,1
2071,layer3.conv2,element,5,"(40, 5, 19)",1,0.005,True,0.835,0.0050000000000000044,False,0.0005510654589945949,250,-320.0,-20.0,4.0,0.9375,False,False,1
2072,layer3.conv2,element,7,"(16, 1, 8)",1,0.005,True,0.84,0.0,False,0.0005510654589945949,239,-120.0,120.0,0.0,2.0,True,False,1
2073,layer3.conv2,element,1,"(8, 8, 1)",0,0.0,False,0.84,0.0,False,0.0005510654589945949,108,96.0,112.0,0.22239255905151367,0.1666666716337204,False,False,1
2074,layer3.conv2,element,2,"(63, 2, 15)",0,0.0,False,0.84,0.0,False,0.0005510654589945949,115,176.0,240.0,0.44745874404907227,0.3636363744735718,False,False,1
2075,layer3.conv2,element,1,"(26, 16, 21)",0,0.0,False,0.84,0.0,False,0.0005510654589945949,99,44.0,36.0,0.2895064353942871,0.1818181872367859,False,False,1
2076,layer3.conv2,element,6,"(27, 2, 30)",0,0.0,False,0.84,0.0,False,0.0005510654589945949,106,80.0,0.3125,8.0,0.99609375,False,False,1
2077,layer3.conv2,element,2,"(19, 1, 19)",0,0.0,False,0.84,0.0,False,0.0005510654589945949,83,11.0,15.0,0.44745898246765137,0.3636363744735718,False,False,1
2078,layer3.conv2,element,5,"(17, 16, 20)",0,0.0,False,0.84,0.0,False,0.0005510654589945949,254,-448.0,-28.0,4.0,0.9375,False,False,1
2079,layer3.conv2,element,3,"(17, 3, 11)",0,0.0,False,0.84,0.0,False,0.0005510654589945949,114,160.0,320.0,1.0,1.0,False,False,1
2080,layer3.conv2,element,6,"(14, 1, 21)",0,0.0,False,0.84,0.0,False,0.0005510654589945949,93,26.0,0.1015625,8.0,0.99609375,False,False,1
2081,layer3.conv2,element,1,"(15, 0, 19)",0,0.0,False,0.84,0.0,False,0.0005510654589945949,229,-52.0,-60.0,0.2064504623413086,0.1538461595773697,False,False,1
2082,layer3.conv2,element,3,"(6, 5, 29)",0,0.0,False,0.84,0.0,False,0.0005510654589945949,225,-36.0,-72.0,1.0,1.0,False,False,1
2083,layer3.conv2,element,3,"(62, 8, 9)",0,0.0,False,0.84,0.0,False,0.0005510654589945949,233,-72.0,-36.0,1.0,0.5,False,False,1
2084,layer3.conv2,element,0,"(52, 8, 18)",0,0.0,False,0.84,0.0,False,0.0005510654589945949,230,-56.0,-60.0,0.09953546524047852,0.0714285746216774,False,False,1
2085,layer3.conv2,element,7,"(20, 8, 8)",0,0.0,False,0.84,0.0,False,0.0005510654589945949,114,160.0,-160.0,0.0,2.0,True,False,1
2086,layer3.conv2,element,3,"(39, 16, 24)",0,0.0,False,0.84,0.0,False,0.0005510654589945949,102,56.0,112.0,1.0,1.0,False,False,1
2087,layer3.conv2,element,6,"(7, 9, 25)",1,0.005,True,0.84,0.0,False,0.0005510654589945949,249,-288.0,-1.125,7.999999523162842,0.99609375,False,False,1
2088,layer3.conv2,element,4,"(56, 1, 10)",0,0.0,False,0.84,0.0,False,0.0005510654589945949,247,-240.0,-60.0,2.0,0.75,False,False,1
2089,layer3.conv2,element,6,"(58, 10, 11)",1,0.005,True,0.84,0.0,False,0.0005510654589945949,114,160.0,0.625,8.0,0.99609375,False,False,1
2090,layer3.conv2,element,4,"(34, 9, 15)",1,0.005,True,0.84,0.0,False,0.0005510654589945949,109,104.0,416.0,1.9999995231628418,3.0,False,False,1
2091,layer3.conv2,element,7,"(10, 2, 13)",0,0.0,False,0.84,0.0,False,0.0005510654589945949,112,128.0,-128.0,0.0,2.0,True,False,1
2092,layer3.conv2,element,0,"(22, 9, 20)",0,0.0,False,0.84,0.0,False,0.0005510654589945949,112,128.0,144.0,0.16992521286010742,0.125,False,False,1
2093,layer3.conv2,element,7,"(47, 2, 21)",0,0.0,False,0.84,0.0,False,0.0005510654589945949,225,-36.0,36.0,0.0,2.0,True,False,1
2094,layer3.conv2,element,7,"(22, 10, 22)",1,0.005,True,0.84,0.0,False,0.0005510654589945949,116,192.0,-192.0,0.0,2.0,True,False,1
2095,layer3.conv2,element,4,"(42, 2, 30)",0,0.0,False,0.84,0.0,False,0.0005510654589945949,114,160.0,40.0,2.0,0.75,False,False,1
2096,layer3.conv2,element,5,"(62, 1, 30)",1,0.005,True,0.84,0.0,False,0.0005510654589945949,117,208.0,13.0,4.0,0.9375,False,False,1
2097,layer3.conv2,element,5,"(45, 16, 23)",0,0.0,False,0.84,0.0,False,0.0005510654589945949,87,15.0,240.0,3.999999761581421,15.0,False,False,1
2098,layer3.conv2,element,5,"(15, 9, 19)",1,0.005,True,0.84,0.0,False,0.0005510654589945949,240,-128.0,-8.0,4.0,0.9375,False,False,1
2099,layer3.conv2,element,2,"(49, 8, 28)",0,0.0,False,0.84,0.0,False,0.0005510654589945949,122,320.0,448.0,0.4854269027709961,0.4000000059604645,False,False,1
2100,layer3.conv2,element,5,"(22, 14, 5)",0,0.0,False,0.84,0.0,False,0.0005510654589945949,248,-256.0,-16.0,4.0,0.9375,False,False,1
2101,layer3.conv2,element,4,"(11, 9, 22)",0,0.0,False,0.84,0.0,False,0.0005510654589945949,197,-3.25,-13.0,2.0,3.0,False,False,1
2102,layer3.conv2,element,5,"(54, 7, 20)",1,0.005,True,0.835,0.0050000000000000044,False,0.0005510654589945949,244,-192.0,-12.0,3.999999761581421,0.9375,False,False,1
2103,layer3.conv2,element,7,"(2, 6, 31)",0,0.0,False,0.84,0.0,False,0.0005510654589945949,224,-32.0,32.0,0.0,2.0,True,False,1
2104,layer3.conv2,element,0,"(28, 6, 27)",0,0.0,False,0.84,0.0,False,0.0005510654589945949,112,128.0,144.0,0.16992521286010742,0.125,False,False,1
2105,layer3.conv2,element,4,"(27, 10, 6)",0,0.0,False,0.84,0.0,False,0.0005510654589945949,116,192.0,48.0,2.0,0.75,False,False,1
2106,layer3.conv2,element,0,"(5, 1, 7)",0,0.0,False,0.84,0.0,False,0.0005510654589945949,227,-44.0,-40.0,0.13750362396240234,0.09090909361839294,False,False,1
2107,layer3.conv2,element,3,"(28, 8, 16)",0,0.0,False,0.84,0.0,False,0.0005510654589945949,224,-32.0,-64.0,1.0,1.0,False,False,1
2108,layer3.conv2,element,0,"(49, 16, 12)",0,0.0,False,0.84,0.0,False,0.0005510654589945949,89,18.0,16.0,0.16992521286010742,0.1111111119389534,False,False,1
2109,layer3.conv2,element,5,"(15, 2, 18)",1,0.005,True,0.84,0.0,False,0.0005510654589945949,78,7.0,112.0,4.0,15.0,False,False,1
2110,layer3.conv2,element,3,"(9, 9, 9)",0,0.0,False,0.84,0.0,False,0.0005510654589945949,234,-80.0,-40.0,1.0,0.5,False,False,1
2111,layer3.conv2,element,3,"(51, 15, 4)",0,0.0,False,0.84,0.0,False,0.0005510654589945949,96,32.0,64.0,1.0,1.0,False,False,1
2112,layer3.conv2,element,6,"(21, 0, 20)",0,0.0,False,0.84,0.0,False,0.0005510654589945949,236,-96.0,-0.375,8.0,0.99609375,False,False,1
2113,layer3.conv2,element,0,"(6, 17, 18)",1,0.005,True,0.84,0.0,False,0.0005510654589945949,114,160.0,176.0,0.13750362396240234,0.10000000149011612,False,False,1
2114,layer3.conv2,element,4,"(32, 16, 28)",1,0.005,True,0.84,0.0,False,0.0005510654589945949,110,112.0,448.0,2.0,3.0,False,False,1
2115,layer3.conv2,element,3,"(31, 15, 4)",0,0.0,False,0.84,0.0,False,0.0005510654589945949,249,-288.0,-144.0,0.9999995231628418,0.5,False,False,1
2116,layer3.conv2,element,2,"(56, 2, 11)",0,0.0,False,0.84,0.0,False,0.0005510654589945949,113,144.0,208.0,0.5305147171020508,0.4444444477558136,False,False,1
2117,layer3.conv2,element,1,"(33, 14, 25)",0,0.0,False,0.84,0.0,False,0.0005510654589945949,237,-104.0,-120.0,0.2064504623413086,0.1538461595773697,False,False,1
2118,layer3.conv2,element,0,"(57, 4, 0)",0,0.0,False,0.84,0.0,False,0.0005510654589945949,107,88.0,80.0,0.13750362396240234,0.09090909361839294,False,False,1
2119,layer3.conv2,element,7,"(0, 10, 25)",1,0.005,True,0.84,0.0,False,0.0005510654589945949,103,60.0,-60.0,0.0,2.0,True,False,1
2120,layer3.conv2,element,1,"(44, 16, 10)",0,0.0,False,0.84,0.0,False,0.0005510654589945949,232,-64.0,-80.0,0.3219280242919922,0.25,False,False,1
2121,layer3.conv2,element,5,"(51, 16, 5)",0,0.0,False,0.84,0.0,False,0.0005510654589945949,107,88.0,5.5,4.0,0.9375,False,False,1
2122,layer3.conv2,element,2,"(35, 5, 9)",0,0.0,False,0.84,0.0,False,0.0005510654589945949,116,192.0,128.0,0.5849623680114746,0.3333333432674408,False,False,1
2123,layer3.conv2,element,3,"(22, 16, 19)",0,0.0,False,0.84,0.0,False,0.0005510654589945949,252,-384.0,-192.0,1.0000004768371582,0.5,False,False,1
2124,layer3.conv2,element,5,"(35, 5, 4)",0,0.0,False,0.84,0.0,False,0.0005510654589945949,219,-22.0,-352.0,4.0,15.0,False,False,1
2125,layer3.conv2,element,0,"(29, 5, 21)",0,0.0,False,0.84,0.0,False,0.0005510654589945949,115,176.0,160.0,0.13750362396240234,0.09090909361839294,False,False,1
2126,layer3.conv2,element,1,"(6, 0, 30)",0,0.0,False,0.84,0.0,False,0.0005510654589945949,248,-256.0,-320.0,0.3219280242919922,0.25,False,False,1
2127,layer3.conv2,element,0,"(10, 5, 8)",0,0.0,False,0.84,0.0,False,0.0005510654589945949,224,-32.0,-36.0,0.16992521286010742,0.125,False,False,1
2128,layer3.conv2,element,0,"(35, 15, 4)",0,0.0,False,0.84,0.0,False,0.0005510654589945949,88,16.0,18.0,0.16992521286010742,0.125,False,False,1
2129,layer3.conv2,element,2,"(25, 9, 24)",0,0.0,False,0.84,0.0,False,0.0005510654589945949,246,-224.0,-160.0,0.4854269027709961,0.2857142984867096,False,False,1
2130,layer3.conv2,element,2,"(62, 10, 1)",0,0.0,False,0.84,0.0,False,0.0005510654589945949,111,120.0,88.0,0.44745874404907227,0.2666666805744171,False,False,1
2131,layer3.conv2,element,4,"(28, 17, 10)",200,1.0,True,0.0,0.84,True,0.0005510654589945949,239,-120.0,,inf,inf,False,True,1
2132,layer3.conv2,element,3,"(51, 10, 13)",0,0.0,False,0.84,0.0,False,0.0005510654589945949,232,-64.0,-32.0,1.0,0.5,False,False,1
2133,layer3.conv2,element,0,"(38, 9, 27)",0,0.0,False,0.84,0.0,False,0.0005510654589945949,105,72.0,64.0,0.16992521286010742,0.1111111119389534,False,False,1
2134,layer3.conv2,element,2,"(57, 16, 17)",0,0.0,False,0.84,0.0,False,0.0005510654589945949,112,128.0,192.0,0.5849623680114746,0.5,False,False,1
2135,layer3.conv2,element,2,"(2, 4, 27)",0,0.0,False,0.84,0.0,False,0.0005510654589945949,97,36.0,52.0,0.5305147171020508,0.4444444477558136,False,False,1
2136,layer3.conv2,element,1,"(39, 11, 26)",0,0.0,False,0.84,0.0,False,0.0005510654589945949,233,-72.0,-88.0,0.2895064353942871,0.2222222238779068,False,False,1
2137,layer3.conv2,element,1,"(27, 6, 13)",1,0.005,True,0.84,0.0,False,0.0005510654589945949,120,256.0,320.0,0.3219280242919922,0.25,False,False,1
2138,layer3.conv2,element,2,"(38, 16, 4)",0,0.0,False,0.84,0.0,False,0.0005510654589945949,112,128.0,192.0,0.5849623680114746,0.5,False,False,1
2139,layer3.conv2,element,0,"(31, 5, 10)",0,0.0,False,0.84,0.0,False,0.0005510654589945949,245,-208.0,-192.0,0.1154775619506836,0.07692307978868484,False,False,1
2140,layer3.conv2,element,0,"(10, 13, 15)",0,0.0,False,0.84,0.0,False,0.0005510654589945949,120,256.0,288.0,0.16992473602294922,0.125,False,False,1
2141,layer3.conv2,element,0,"(60, 17, 9)",0,0.0,False,0.84,0.0,False,0.0005510654589945949,234,-80.0,-88.0,0.13750362396240234,0.10000000149011612,False,False,1
2142,layer3.conv2,element,5,"(22, 16, 7)",0,0.0,False,0.84,0.0,False,0.0005510654589945949,248,-256.0,-16.0,4.0,0.9375,False,False,1
2143,layer3.conv2,element,0,"(38, 2, 8)",0,0.0,False,0.84,0.0,False,0.0005510654589945949,249,-288.0,-256.0,0.16992473602294922,0.1111111119389534,False,False,1
2144,layer3.conv2,element,2,"(11, 6, 30)",0,0.0,False,0.84,0.0,False,0.0005510654589945949,113,144.0,208.0,0.5305147171020508,0.4444444477558136,False,False,1
2145,layer3.conv2,element,6,"(43, 15, 30)",0,0.0,False,0.84,0.0,False,0.0005510654589945949,113,144.0,0.5625,8.0,0.99609375,False,False,1
2146,layer3.conv2,element,6,"(63, 17, 24)",1,0.005,True,0.84,0.0,False,0.0005510654589945949,254,-448.0,-1.75,8.0,0.99609375,False,False,1
2147,layer3.conv2,element,1,"(28, 3, 3)",0,0.0,False,0.84,0.0,False,0.0005510654589945949,109,104.0,120.0,0.2064504623413086,0.1538461595773697,False,False,1
2148,layer3.conv2,element,6,"(53, 1, 0)",0,0.0,False,0.84,0.0,False,0.0005510654589945949,90,20.0,0.078125,8.0,0.99609375,False,False,1
2149,layer3.conv2,element,0,"(31, 10, 26)",0,0.0,False,0.84,0.0,False,0.0005510654589945949,102,56.0,60.0,0.09953546524047852,0.0714285746216774,False,False,1
2150,layer3.conv2,element,4,"(57, 6, 21)",0,0.0,False,0.84,0.0,False,0.0005510654589945949,109,104.0,416.0,1.9999995231628418,3.0,False,False,1
2151,layer3.conv2,element,6,"(62, 15, 28)",0,0.0,False,0.84,0.0,False,0.0005510654589945949,223,-30.0,-0.1171875,8.0,0.99609375,False,False,1
2152,layer3.conv2,element,2,"(30, 13, 14)",0,0.0,False,0.84,0.0,False,0.0005510654589945949,82,10.0,14.0,0.4854269027709961,0.4000000059604645,False,False,1
2153,layer3.conv2,element,7,"(26, 10, 5)",1,0.005,True,0.84,0.0,False,0.0005510654589945949,213,-13.0,13.0,0.0,2.0,True,False,1
2154,layer3.conv2,element,3,"(1, 9, 17)",0,0.0,False,0.84,0.0,False,0.0005510654589945949,242,-160.0,-320.0,1.0,1.0,False,False,1
2155,layer3.conv2,element,5,"(63, 10, 25)",0,0.0,False,0.84,0.0,False,0.0005510654589945949,112,128.0,8.0,4.0,0.9375,False,False,1
2156,layer3.conv2,element,6,"(23, 16, 3)",0,0.0,False,0.84,0.0,False,0.0005510654589945949,103,60.0,0.234375,8.0,0.99609375,False,False,1
2157,layer3.conv2,element,0,"(39, 0, 3)",0,0.0,False,0.84,0.0,False,0.0005510654589945949,97,36.0,32.0,0.16992521286010742,0.1111111119389534,False,False,1
2158,layer3.conv2,element,1,"(26, 10, 4)",0,0.0,False,0.84,0.0,False,0.0005510654589945949,227,-44.0,-36.0,0.2895064353942871,0.1818181872367859,False,False,1
2159,layer3.conv2,element,1,"(58, 11, 20)",0,0.0,False,0.84,0.0,False,0.0005510654589945949,222,-28.0,-24.0,0.22239255905151367,0.1428571492433548,False,False,1
2160,layer3.conv2,element,3,"(58, 12, 19)",1,0.005,True,0.84,0.0,False,0.0005510654589945949,242,-160.0,-320.0,1.0,1.0,False,False,1
2161,layer3.conv2,element,1,"(36, 16, 16)",0,0.0,False,0.84,0.0,False,0.0005510654589945949,120,256.0,320.0,0.3219280242919922,0.25,False,False,1
2162,layer3.conv2,scale,0,"(32, 6)",2,0.01,True,0.835,0.0050000000000000044,False,1.9877447255400765e-05,118,118.0,119.0,1.0,inf,False,False,32
2163,layer3.conv2,scale,2,"(6, 4)",0,0.0,False,0.84,0.0,False,1.9877447255400765e-05,118,118.0,114.0,4.0,inf,False,False,32
2164,layer3.conv2,scale,7,"(33, 11)",199,0.995,True,0.01,0.83,True,1.9877447255400765e-05,118,118.0,246.0,128.0,inf,False,False,32
2165,layer3.conv2,scale,0,"(30, 13)",0,0.0,False,0.84,0.0,False,1.9877447255400765e-05,118,118.0,119.0,1.0,inf,False,False,32
2166,layer3.conv2,scale,7,"(52, 12)",200,1.0,True,0.0,0.84,True,1.9877447255400765e-05,118,118.0,246.0,128.0,inf,False,False,32
2167,layer3.conv2,scale,3,"(3, 10)",91,0.455,True,0.525,0.31499999999999995,False,1.9877447255400765e-05,119,119.0,127.0,8.0,inf,False,False,32
2168,layer3.conv2,scale,3,"(21, 15)",181,0.905,True,0.1,0.74,False,1.9877447255400765e-05,118,118.0,126.0,8.0,inf,False,False,32
2169,layer3.conv2,scale,7,"(50, 15)",200,1.0,True,0.0,0.84,True,1.9877447255400765e-05,118,118.0,246.0,128.0,inf,False,False,32
2170,layer3.conv2,scale,7,"(61, 9)",200,1.0,True,0.0,0.84,True,1.9877447255400765e-05,118,118.0,246.0,128.0,inf,False,False,32
2171,layer3.conv2,scale,7,"(26, 5)",199,0.995,True,0.005,0.835,True,1.9877447255400765e-05,118,118.0,246.0,128.0,inf,False,False,32
2172,layer3.conv2,scale,7,"(34, 8)",200,1.0,True,0.0,0.84,True,1.9877447255400765e-05,118,118.0,246.0,128.0,inf,False,False,32
2173,layer3.conv2,scale,0,"(12, 8)",0,0.0,False,0.84,0.0,False,1.9877447255400765e-05,119,119.0,118.0,1.0,inf,False,False,32
2174,layer3.conv2,scale,7,"(34, 11)",200,1.0,True,0.0,0.84,True,1.9877447255400765e-05,118,118.0,246.0,128.0,inf,False,False,32
2175,layer3.conv2,scale,0,"(5, 17)",1,0.005,True,0.84,0.0,False,1.9877447255400765e-05,118,118.0,119.0,1.0,inf,False,False,32
2176,layer3.conv2,scale,0,"(7, 10)",0,0.0,False,0.84,0.0,False,1.9877447255400765e-05,118,118.0,119.0,1.0,inf,False,False,32
2177,layer3.conv2,scale,0,"(36, 7)",0,0.0,False,0.84,0.0,False,1.9877447255400765e-05,117,117.0,116.0,1.0,inf,False,False,32
2178,layer3.conv2,scale,4,"(31, 13)",3,0.015,True,0.845,-0.0050000000000000044,False,1.9877447255400765e-05,118,118.0,102.0,16.0,inf,False,False,32
2179,layer3.conv2,scale,6,"(49, 14)",2,0.01,True,0.84,0.0,False,1.9877447255400765e-05,118,118.0,54.0,64.0,inf,False,False,32
2180,layer3.conv2,scale,1,"(0, 15)",1,0.005,True,0.84,0.0,False,1.9877447255400765e-05,118,118.0,116.0,2.0,inf,False,False,32
2181,layer3.conv2,scale,2,"(37, 5)",3,0.015,True,0.835,0.0050000000000000044,False,1.9877447255400765e-05,118,118.0,114.0,4.0,inf,False,False,32
2182,layer3.conv2,scale,3,"(37, 0)",181,0.905,True,0.1,0.74,False,1.9877447255400765e-05,118,118.0,126.0,8.0,inf,False,False,32
2183,layer3.conv2,scale,2,"(15, 3)",1,0.005,True,0.84,0.0,False,1.9877447255400765e-05,118,118.0,114.0,4.0,inf,False,False,32
2184,layer3.conv2,scale,3,"(32, 4)",168,0.84,True,0.16,0.6799999999999999,False,1.9877447255400765e-05,118,118.0,126.0,8.0,inf,False,False,32
2185,layer3.conv2,scale,5,"(51, 6)",1,0.005,True,0.84,0.0,False,1.9877447255400765e-05,118,118.0,86.0,32.0,inf,False,False,32
2186,layer3.conv2,scale,5,"(10, 15)",1,0.005,True,0.84,0.0,False,1.9877447255400765e-05,118,118.0,86.0,32.0,inf,False,False,32
2187,layer3.conv2,scale,2,"(32, 16)",2,0.01,True,0.835,0.0050000000000000044,False,1.9877447255400765e-05,117,117.0,113.0,4.0,inf,False,False,32
2188,layer3.conv2,scale,2,"(44, 8)",5,0.025,True,0.82,0.020000000000000018,False,1.9877447255400765e-05,119,119.0,115.0,4.0,inf,False,False,32
2189,layer3.conv2,scale,3,"(37, 8)",179,0.895,True,0.11,0.73,False,1.9877447255400765e-05,119,119.0,127.0,8.0,inf,False,False,32
2190,layer3.conv2,scale,2,"(41, 2)",0,0.0,False,0.84,0.0,False,1.9877447255400765e-05,118,118.0,114.0,4.0,inf,False,False,32
2191,layer3.conv2,scale,5,"(58, 1)",2,0.01,True,0.835,0.0050000000000000044,False,1.9877447255400765e-05,118,118.0,86.0,32.0,inf,False,False,32
2192,layer3.conv2,scale,7,"(53, 7)",200,1.0,True,0.0,0.84,True,1.9877447255400765e-05,118,118.0,246.0,128.0,inf,False,False,32
2193,layer3.conv2,scale,7,"(43, 3)",200,1.0,True,0.0,0.84,True,1.9877447255400765e-05,117,117.0,245.0,128.0,inf,False,False,32
2194,layer3.conv2,scale,0,"(57, 9)",0,0.0,False,0.84,0.0,False,1.9877447255400765e-05,117,117.0,116.0,1.0,inf,False,False,32
2195,layer3.conv2,scale,1,"(7, 8)",4,0.02,True,0.825,0.015000000000000013,False,1.9877447255400765e-05,118,118.0,116.0,2.0,inf,False,False,32
2196,layer3.conv2,scale,0,"(56, 1)",2,0.01,True,0.845,-0.0050000000000000044,False,1.9877447255400765e-05,117,117.0,116.0,1.0,inf,False,False,32
2197,layer3.conv2,scale,1,"(44, 8)",4,0.02,True,0.825,0.015000000000000013,False,1.9877447255400765e-05,119,119.0,117.0,2.0,inf,False,False,32
2198,layer3.conv2,scale,5,"(13, 2)",1,0.005,True,0.835,0.0050000000000000044,False,1.9877447255400765e-05,118,118.0,86.0,32.0,inf,False,False,32
2199,layer3.conv2,scale,1,"(18, 10)",2,0.01,True,0.845,-0.0050000000000000044,False,1.9877447255400765e-05,118,118.0,116.0,2.0,inf,False,False,32
2200,layer3.conv2,scale,4,"(52, 8)",2,0.01,True,0.845,-0.0050000000000000044,False,1.9877447255400765e-05,118,118.0,102.0,16.0,inf,False,False,32
2201,layer3.conv2,scale,7,"(50, 10)",200,1.0,True,0.0,0.84,True,1.9877447255400765e-05,117,117.0,245.0,128.0,inf,False,False,32
2202,layer3.conv2,scale,5,"(0, 8)",1,0.005,True,0.84,0.0,False,1.9877447255400765e-05,118,118.0,86.0,32.0,inf,False,False,32
2203,layer3.conv2,scale,4,"(35, 17)",7,0.035,True,0.815,0.025000000000000022,False,1.9877447255400765e-05,118,118.0,102.0,16.0,inf,False,False,32
2204,layer3.conv2,scale,7,"(30, 12)",200,1.0,True,0.0,0.84,True,1.9877447255400765e-05,118,118.0,246.0,128.0,inf,False,False,32
2205,layer3.conv2,scale,6,"(34, 10)",1,0.005,True,0.845,-0.0050000000000000044,False,1.9877447255400765e-05,118,118.0,54.0,64.0,inf,False,False,32
2206,layer3.conv2,scale,3,"(54, 11)",165,0.825,True,0.165,0.6749999999999999,False,1.9877447255400765e-05,118,118.0,126.0,8.0,inf,False,False,32
2207,layer3.conv2,scale,1,"(9, 0)",1,0.005,True,0.84,0.0,False,1.9877447255400765e-05,118,118.0,116.0,2.0,inf,False,False,32
2208,layer3.conv2,scale,3,"(62, 15)",182,0.91,True,0.1,0.74,False,1.9877447255400765e-05,118,118.0,126.0,8.0,inf,False,False,32
2209,layer3.conv2,scale,6,"(1, 13)",5,0.025,True,0.84,0.0,False,1.9877447255400765e-05,118,118.0,54.0,64.0,inf,False,False,32
2210,layer3.conv2,scale,6,"(51, 16)",0,0.0,False,0.84,0.0,False,1.9877447255400765e-05,118,118.0,54.0,64.0,inf,False,False,32
2211,layer3.conv2,scale,2,"(62, 6)",2,0.01,True,0.835,0.0050000000000000044,False,1.9877447255400765e-05,118,118.0,114.0,4.0,inf,False,False,32
2212,layer3.conv2,scale,7,"(19, 13)",200,1.0,True,0.0,0.84,True,1.9877447255400765e-05,118,118.0,246.0,128.0,inf,False,False,32
2213,layer3.conv2,scale,4,"(1, 16)",0,0.0,False,0.84,0.0,False,1.9877447255400765e-05,118,118.0,102.0,16.0,inf,False,False,32
2214,layer3.conv2,scale,6,"(51, 14)",0,0.0,False,0.84,0.0,False,1.9877447255400765e-05,117,117.0,53.0,64.0,inf,False,False,32
2215,layer3.conv2,scale,1,"(3, 5)",3,0.015,True,0.845,-0.0050000000000000044,False,1.9877447255400765e-05,118,118.0,116.0,2.0,inf,False,False,32
2216,layer3.conv2,scale,5,"(5, 8)",5,0.025,True,0.84,0.0,False,1.9877447255400765e-05,118,118.0,86.0,32.0,inf,False,False,32
2217,layer3.conv2,scale,4,"(29, 6)",1,0.005,True,0.84,0.0,False,1.9877447255400765e-05,118,118.0,102.0,16.0,inf,False,False,32
2218,layer3.conv2,scale,0,"(10, 13)",0,0.0,False,0.84,0.0,False,1.9877447255400765e-05,117,117.0,116.0,1.0,inf,False,False,32
2219,layer3.conv2,scale,6,"(59, 17)",2,0.01,True,0.835,0.0050000000000000044,False,1.9877447255400765e-05,118,118.0,54.0,64.0,inf,False,False,32
2220,layer3.conv2,scale,0,"(57, 2)",1,0.005,True,0.84,0.0,False,1.9877447255400765e-05,117,117.0,116.0,1.0,inf,False,False,32
2221,layer3.conv2,scale,1,"(34, 11)",2,0.01,True,0.845,-0.0050000000000000044,False,1.9877447255400765e-05,118,118.0,116.0,2.0,inf,False,False,32
2222,layer3.conv2,scale,5,"(57, 10)",1,0.005,True,0.84,0.0,False,1.9877447255400765e-05,118,118.0,86.0,32.0,inf,False,False,32
2223,layer3.conv2,scale,7,"(63, 9)",200,1.0,True,0.0,0.84,True,1.9877447255400765e-05,118,118.0,246.0,128.0,inf,False,False,32
2224,layer3.conv2,scale,3,"(48, 10)",125,0.625,True,0.34,0.49999999999999994,False,1.9877447255400765e-05,118,118.0,126.0,8.0,inf,False,False,32
2225,layer3.conv2,scale,6,"(45, 14)",3,0.015,True,0.83,0.010000000000000009,False,1.9877447255400765e-05,118,118.0,54.0,64.0,inf,False,False,32
2226,layer3.conv2,scale,6,"(49, 3)",4,0.02,True,0.84,0.0,False,1.9877447255400765e-05,118,118.0,54.0,64.0,inf,False,False,32
2227,layer3.conv2,scale,5,"(52, 9)",1,0.005,True,0.84,0.0,False,1.9877447255400765e-05,118,118.0,86.0,32.0,inf,False,False,32
2228,layer3.conv2,scale,1,"(47, 2)",1,0.005,True,0.835,0.0050000000000000044,False,1.9877447255400765e-05,118,118.0,116.0,2.0,inf,False,False,32
2229,layer3.conv2,scale,6,"(52, 7)",0,0.0,False,0.84,0.0,False,1.9877447255400765e-05,118,118.0,54.0,64.0,inf,False,False,32
2230,layer3.conv2,scale,0,"(8, 2)",2,0.01,True,0.835,0.0050000000000000044,False,1.9877447255400765e-05,118,118.0,119.0,1.0,inf,False,False,32
2231,layer3.conv2,scale,2,"(60, 6)",2,0.01,True,0.835,0.0050000000000000044,False,1.9877447255400765e-05,117,117.0,113.0,4.0,inf,False,False,32
2232,layer3.conv2,scale,6,"(58, 9)",0,0.0,False,0.84,0.0,False,1.9877447255400765e-05,118,118.0,54.0,64.0,inf,False,False,32
2233,layer3.conv2,scale,0,"(62, 0)",3,0.015,True,0.84,0.0,False,1.9877447255400765e-05,118,118.0,119.0,1.0,inf,False,False,32
2234,layer3.conv2,scale,6,"(3, 2)",4,0.02,True,0.83,0.010000000000000009,False,1.9877447255400765e-05,118,118.0,54.0,64.0,inf,False,False,32
2235,layer3.conv2,scale,2,"(20, 17)",1,0.005,True,0.84,0.0,False,1.9877447255400765e-05,118,118.0,114.0,4.0,inf,False,False,32
2236,layer3.conv2,scale,4,"(30, 16)",2,0.01,True,0.84,0.0,False,1.9877447255400765e-05,117,117.0,101.0,16.0,inf,False,False,32
2237,layer3.conv2,scale,1,"(45, 6)",3,0.015,True,0.83,0.010000000000000009,False,1.9877447255400765e-05,118,118.0,116.0,2.0,inf,False,False,32
2238,layer3.conv2,scale,1,"(5, 12)",0,0.0,False,0.84,0.0,False,1.9877447255400765e-05,118,118.0,116.0,2.0,inf,False,False,32
2239,layer3.conv2,scale,2,"(32, 9)",1,0.005,True,0.84,0.0,False,1.9877447255400765e-05,119,119.0,115.0,4.0,inf,False,False,32
2240,layer3.conv2,scale,7,"(51, 5)",200,1.0,True,0.0,0.84,True,1.9877447255400765e-05,118,118.0,246.0,128.0,inf,False,False,32
2241,layer3.conv2,scale,6,"(62, 11)",3,0.015,True,0.84,0.0,False,1.9877447255400765e-05,118,118.0,54.0,64.0,inf,False,False,32
2242,layer3.conv2,scale,0,"(22, 16)",0,0.0,False,0.84,0.0,False,1.9877447255400765e-05,117,117.0,116.0,1.0,inf,False,False,32
2243,layer3.conv2,scale,1,"(37, 15)",3,0.015,True,0.835,0.0050000000000000044,False,1.9877447255400765e-05,117,117.0,119.0,2.0,inf,False,False,32
2244,layer3.conv2,scale,5,"(52, 4)",2,0.01,True,0.84,0.0,False,1.9877447255400765e-05,118,118.0,86.0,32.0,inf,False,False,32
2245,layer3.conv2,scale,0,"(25, 10)",1,0.005,True,0.84,0.0,False,1.9877447255400765e-05,118,118.0,119.0,1.0,inf,False,False,32
2246,layer3.conv2,scale,6,"(38, 4)",0,0.0,False,0.84,0.0,False,1.9877447255400765e-05,117,117.0,53.0,64.0,inf,False,False,32
2247,layer3.conv2,scale,6,"(2, 2)",0,0.0,False,0.84,0.0,False,1.9877447255400765e-05,117,117.0,53.0,64.0,inf,False,False,32
2248,layer3.conv2,scale,0,"(34, 4)",8,0.04,True,0.82,0.020000000000000018,False,1.9877447255400765e-05,118,118.0,119.0,1.0,inf,False,False,32
2249,layer3.conv2,scale,7,"(46, 11)",199,0.995,True,0.005,0.835,True,1.9877447255400765e-05,118,118.0,246.0,128.0,inf,False,False,32
2250,layer3.conv2,scale,7,"(46, 7)",200,1.0,True,0.0,0.84,True,1.9877447255400765e-05,118,118.0,246.0,128.0,inf,False,False,32
2251,layer3.conv2,scale,3,"(0, 14)",119,0.595,True,0.395,0.44499999999999995,False,1.9877447255400765e-05,118,118.0,126.0,8.0,inf,False,False,32
2252,layer3.conv2,scale,4,"(15, 9)",3,0.015,True,0.83,0.010000000000000009,False,1.9877447255400765e-05,118,118.0,102.0,16.0,inf,False,False,32
2253,layer3.conv2,scale,1,"(41, 9)",1,0.005,True,0.84,0.0,False,1.9877447255400765e-05,118,118.0,116.0,2.0,inf,False,False,32
2254,layer3.conv2,scale,6,"(37, 1)",3,0.015,True,0.835,0.0050000000000000044,False,1.9877447255400765e-05,118,118.0,54.0,64.0,inf,False,False,32
2255,layer3.conv2,scale,7,"(16, 17)",200,1.0,True,0.0,0.84,True,1.9877447255400765e-05,117,117.0,245.0,128.0,inf,False,False,32
2256,layer3.conv2,scale,5,"(50, 11)",1,0.005,True,0.84,0.0,False,1.9877447255400765e-05,118,118.0,86.0,32.0,inf,False,False,32
2257,layer3.conv2,scale,0,"(43, 4)",2,0.01,True,0.835,0.0050000000000000044,False,1.9877447255400765e-05,118,118.0,119.0,1.0,inf,False,False,32
2258,layer3.conv2,scale,5,"(6, 17)",0,0.0,False,0.84,0.0,False,1.9877447255400765e-05,118,118.0,86.0,32.0,inf,False,False,32
2259,layer3.conv2,scale,2,"(63, 8)",2,0.01,True,0.84,0.0,False,1.9877447255400765e-05,119,119.0,115.0,4.0,inf,False,False,32
2260,layer3.conv2,scale,3,"(7, 5)",167,0.835,True,0.175,0.665,False,1.9877447255400765e-05,118,118.0,126.0,8.0,inf,False,False,32
2261,layer3.conv2,scale,6,"(22, 5)",0,0.0,False,0.84,0.0,False,1.9877447255400765e-05,118,118.0,54.0,64.0,inf,False,False,32
2262,layer3.conv2,scale,4,"(63, 3)",2,0.01,True,0.84,0.0,False,1.9877447255400765e-05,118,118.0,102.0,16.0,inf,False,False,32
2263,layer3.conv2,scale,5,"(35, 11)",1,0.005,True,0.835,0.0050000000000000044,False,1.9877447255400765e-05,117,117.0,85.0,32.0,inf,False,False,32
2264,layer3.conv2,scale,1,"(14, 4)",2,0.01,True,0.84,0.0,False,1.9877447255400765e-05,117,117.0,119.0,2.0,inf,False,False,32
2265,layer3.conv2,scale,6,"(35, 10)",2,0.01,True,0.84,0.0,False,1.9877447255400765e-05,118,118.0,54.0,64.0,inf,False,False,32
2266,layer3.conv2,scale,2,"(18, 16)",3,0.015,True,0.83,0.010000000000000009,False,1.9877447255400765e-05,118,118.0,114.0,4.0,inf,False,False,32
2267,layer3.conv2,scale,3,"(10, 7)",180,0.9,True,0.105,0.735,False,1.9877447255400765e-05,118,118.0,126.0,8.0,inf,False,False,32
2268,layer3.conv2,scale,6,"(7, 3)",3,0.015,True,0.83,0.010000000000000009,False,1.9877447255400765e-05,118,118.0,54.0,64.0,inf,False,False,32
2269,layer3.conv2,scale,5,"(47, 4)",1,0.005,True,0.845,-0.0050000000000000044,False,1.9877447255400765e-05,118,118.0,86.0,32.0,inf,False,False,32
2270,layer3.conv2,scale,6,"(3, 1)",2,0.01,True,0.835,0.0050000000000000044,False,1.9877447255400765e-05,118,118.0,54.0,64.0,inf,False,False,32
2271,layer3.conv2,scale,2,"(44, 17)",1,0.005,True,0.845,-0.0050000000000000044,False,1.9877447255400765e-05,118,118.0,114.0,4.0,inf,False,False,32
2272,layer3.conv2,scale,5,"(14, 5)",2,0.01,True,0.835,0.0050000000000000044,False,1.9877447255400765e-05,118,118.0,86.0,32.0,inf,False,False,32
2273,layer3.conv2,scale,6,"(49, 6)",1,0.005,True,0.84,0.0,False,1.9877447255400765e-05,118,118.0,54.0,64.0,inf,False,False,32
2274,layer3.conv2,scale,2,"(18, 0)",2,0.01,True,0.845,-0.0050000000000000044,False,1.9877447255400765e-05,118,118.0,114.0,4.0,inf,False,False,32
2275,layer3.conv2,scale,6,"(14, 2)",1,0.005,True,0.84,0.0,False,1.9877447255400765e-05,118,118.0,54.0,64.0,inf,False,False,32
2276,layer3.conv2,scale,0,"(52, 5)",4,0.02,True,0.85,-0.010000000000000009,False,1.9877447255400765e-05,118,118.0,119.0,1.0,inf,False,False,32
2277,layer3.conv2,scale,7,"(4, 6)",200,1.0,True,0.0,0.84,True,1.9877447255400765e-05,118,118.0,246.0,128.0,inf,False,False,32
2278,layer3.conv2,scale,5,"(36, 4)",1,0.005,True,0.84,0.0,False,1.9877447255400765e-05,118,118.0,86.0,32.0,inf,False,False,32
2279,layer3.conv2,scale,6,"(25, 3)",2,0.01,True,0.84,0.0,False,1.9877447255400765e-05,118,118.0,54.0,64.0,inf,False,False,32
2280,layer3.conv2,scale,5,"(10, 10)",1,0.005,True,0.84,0.0,False,1.9877447255400765e-05,117,117.0,85.0,32.0,inf,False,False,32
2281,layer3.conv2,scale,5,"(7, 9)",1,0.005,True,0.845,-0.0050000000000000044,False,1.9877447255400765e-05,118,118.0,86.0,32.0,inf,False,False,32
2282,layer3.conv2,scale,2,"(53, 11)",1,0.005,True,0.84,0.0,False,1.9877447255400765e-05,118,118.0,114.0,4.0,inf,False,False,32
2283,layer3.conv2,scale,1,"(17, 12)",0,0.0,False,0.84,0.0,False,1.9877447255400765e-05,118,118.0,116.0,2.0,inf,False,False,32
2284,layer3.conv2,scale,3,"(46, 12)",158,0.79,True,0.18,0.6599999999999999,False,1.9877447255400765e-05,118,118.0,126.0,8.0,inf,False,False,32
2285,layer3.conv2,scale,4,"(1, 1)",2,0.01,True,0.84,0.0,False,1.9877447255400765e-05,118,118.0,102.0,16.0,inf,False,False,32
2286,layer3.conv2,scale,2,"(38, 1)",1,0.005,True,0.835,0.0050000000000000044,False,1.9877447255400765e-05,117,117.0,113.0,4.0,inf,False,False,32
2287,layer3.conv2,scale,0,"(25, 13)",0,0.0,False,0.84,0.0,False,1.9877447255400765e-05,118,118.0,119.0,1.0,inf,False,False,32
2288,layer3.conv2,scale,1,"(13, 2)",1,0.005,True,0.835,0.0050000000000000044,False,1.9877447255400765e-05,118,118.0,116.0,2.0,inf,False,False,32
2289,layer3.conv2,scale,7,"(23, 1)",186,0.93,True,0.07,0.77,True,1.9877447255400765e-05,118,118.0,246.0,128.0,inf,False,False,32
2290,layer3.conv2,scale,7,"(4, 5)",200,1.0,True,0.0,0.84,True,1.9877447255400765e-05,118,118.0,246.0,128.0,inf,False,False,32
2291,layer3.conv2,scale,6,"(20, 15)",3,0.015,True,0.855,-0.015000000000000013,False,1.9877447255400765e-05,118,118.0,54.0,64.0,inf,False,False,32
2292,layer3.conv2,scale,2,"(23, 13)",4,0.02,True,0.845,-0.0050000000000000044,False,1.9877447255400765e-05,118,118.0,114.0,4.0,inf,False,False,32
2293,layer3.conv2,scale,4,"(24, 12)",2,0.01,True,0.84,0.0,False,1.9877447255400765e-05,117,117.0,101.0,16.0,inf,False,False,32
2294,layer3.conv2,scale,0,"(15, 11)",0,0.0,False,0.84,0.0,False,1.9877447255400765e-05,119,119.0,118.0,1.0,inf,False,False,32
2295,layer3.conv2,scale,6,"(2, 10)",1,0.005,True,0.84,0.0,False,1.9877447255400765e-05,118,118.0,54.0,64.0,inf,False,False,32
2296,layer3.conv2,scale,4,"(49, 1)",3,0.015,True,0.835,0.0050000000000000044,False,1.9877447255400765e-05,117,117.0,101.0,16.0,inf,False,False,32
2297,layer3.conv2,scale,6,"(27, 15)",1,0.005,True,0.84,0.0,False,1.9877447255400765e-05,117,117.0,53.0,64.0,inf,False,False,32
2298,layer3.conv2,scale,1,"(51, 13)",1,0.005,True,0.84,0.0,False,1.9877447255400765e-05,118,118.0,116.0,2.0,inf,False,False,32
2299,layer3.conv2,scale,2,"(41, 15)",0,0.0,False,0.84,0.0,False,1.9877447255400765e-05,118,118.0,114.0,4.0,inf,False,False,32
2300,layer3.conv2,scale,5,"(59, 6)",1,0.005,True,0.84,0.0,False,1.9877447255400765e-05,117,117.0,85.0,32.0,inf,False,False,32
2301,layer3.conv2,scale,5,"(20, 13)",1,0.005,True,0.84,0.0,False,1.9877447255400765e-05,118,118.0,86.0,32.0,inf,False,False,32
2302,layer3.conv2,scale,1,"(3, 9)",0,0.0,False,0.84,0.0,False,1.9877447255400765e-05,119,119.0,117.0,2.0,inf,False,False,32
2303,layer3.conv2,scale,1,"(36, 4)",0,0.0,False,0.84,0.0,False,1.9877447255400765e-05,118,118.0,116.0,2.0,inf,False,False,32
2304,layer3.conv2,scale,4,"(3, 4)",4,0.02,True,0.845,-0.0050000000000000044,False,1.9877447255400765e-05,118,118.0,102.0,16.0,inf,False,False,32
2305,layer3.conv2,scale,0,"(51, 6)",1,0.005,True,0.84,0.0,False,1.9877447255400765e-05,118,118.0,119.0,1.0,inf,False,False,32
2306,layer3.conv2,scale,6,"(59, 0)",2,0.01,True,0.835,0.0050000000000000044,False,1.9877447255400765e-05,118,118.0,54.0,64.0,inf,False,False,32
2307,layer3.conv2,scale,6,"(33, 10)",0,0.0,False,0.84,0.0,False,1.9877447255400765e-05,118,118.0,54.0,64.0,inf,False,False,32
2308,layer3.conv2,scale,2,"(56, 11)",2,0.01,True,0.84,0.0,False,1.9877447255400765e-05,118,118.0,114.0,4.0,inf,False,False,32
2309,layer3.conv2,scale,1,"(59, 5)",2,0.01,True,0.84,0.0,False,1.9877447255400765e-05,118,118.0,116.0,2.0,inf,False,False,32
2310,layer3.conv2,scale,0,"(45, 7)",3,0.015,True,0.83,0.010000000000000009,False,1.9877447255400765e-05,118,118.0,119.0,1.0,inf,False,False,32
2311,layer3.conv2,scale,3,"(49, 5)",50,0.25,True,0.67,0.16999999999999993,False,1.9877447255400765e-05,118,118.0,126.0,8.0,inf,False,False,32
2312,layer3.conv2,scale,6,"(61, 3)",1,0.005,True,0.84,0.0,False,1.9877447255400765e-05,118,118.0,54.0,64.0,inf,False,False,32
2313,layer3.conv2,scale,3,"(35, 12)",119,0.595,True,0.38,0.45999999999999996,False,1.9877447255400765e-05,117,117.0,125.0,8.0,inf,False,False,32
2314,layer3.conv2,scale,0,"(5, 10)",1,0.005,True,0.84,0.0,False,1.9877447255400765e-05,118,118.0,119.0,1.0,inf,False,False,32
2315,layer3.conv2,scale,7,"(5, 6)",200,1.0,True,0.0,0.84,True,1.9877447255400765e-05,118,118.0,246.0,128.0,inf,False,False,32
2316,layer3.conv2,scale,0,"(26, 5)",1,0.005,True,0.84,0.0,False,1.9877447255400765e-05,118,118.0,119.0,1.0,inf,False,False,32
2317,layer3.conv2,scale,6,"(29, 17)",1,0.005,True,0.84,0.0,False,1.9877447255400765e-05,118,118.0,54.0,64.0,inf,False,False,32
2318,layer3.conv2,scale,6,"(60, 4)",1,0.005,True,0.84,0.0,False,1.9877447255400765e-05,117,117.0,53.0,64.0,inf,False,False,32
2319,layer3.conv2,scale,4,"(2, 3)",3,0.015,True,0.83,0.010000000000000009,False,1.9877447255400765e-05,118,118.0,102.0,16.0,inf,False,False,32
2320,layer3.conv2,scale,0,"(23, 12)",1,0.005,True,0.84,0.0,False,1.9877447255400765e-05,118,118.0,119.0,1.0,inf,False,False,32
2321,layer3.conv2,scale,6,"(61, 2)",2,0.01,True,0.835,0.0050000000000000044,False,1.9877447255400765e-05,117,117.0,53.0,64.0,inf,False,False,32
2322,layer3.conv2,scale,0,"(27, 6)",1,0.005,True,0.84,0.0,False,1.9877447255400765e-05,118,118.0,119.0,1.0,inf,False,False,32
2323,layer3.conv2,scale,1,"(2, 17)",1,0.005,True,0.84,0.0,False,1.9877447255400765e-05,118,118.0,116.0,2.0,inf,False,False,32
2324,layer3.conv2,scale,7,"(38, 8)",191,0.955,True,0.04,0.7999999999999999,True,1.9877447255400765e-05,118,118.0,246.0,128.0,inf,False,False,32
2325,layer3.conv2,scale,0,"(13, 5)",0,0.0,False,0.84,0.0,False,1.9877447255400765e-05,118,118.0,119.0,1.0,inf,False,False,32
2326,layer3.conv2,scale,0,"(14, 8)",0,0.0,False,0.84,0.0,False,1.9877447255400765e-05,117,117.0,116.0,1.0,inf,False,False,32
2327,layer3.conv2,scale,2,"(11, 12)",3,0.015,True,0.845,-0.0050000000000000044,False,1.9877447255400765e-05,119,119.0,115.0,4.0,inf,False,False,32
2328,layer3.conv2,scale,5,"(32, 7)",2,0.01,True,0.835,0.0050000000000000044,False,1.9877447255400765e-05,118,118.0,86.0,32.0,inf,False,False,32
2329,layer3.conv2,scale,4,"(55, 2)",1,0.005,True,0.84,0.0,False,1.9877447255400765e-05,118,118.0,102.0,16.0,inf,False,False,32
2330,layer3.conv2,scale,1,"(45, 3)",1,0.005,True,0.84,0.0,False,1.9877447255400765e-05,118,118.0,116.0,2.0,inf,False,False,32
2331,layer3.conv2,scale,2,"(58, 1)",2,0.01,True,0.835,0.0050000000000000044,False,1.9877447255400765e-05,118,118.0,114.0,4.0,inf,False,False,32
2332,layer3.conv2,scale,7,"(60, 5)",200,1.0,True,0.0,0.84,True,1.9877447255400765e-05,117,117.0,245.0,128.0,inf,False,False,32
2333,layer3.conv2,scale,7,"(46, 8)",200,1.0,True,0.0,0.84,True,1.9877447255400765e-05,118,118.0,246.0,128.0,inf,False,False,32
2334,layer3.conv2,scale,7,"(12, 11)",191,0.955,True,0.05,0.7899999999999999,True,1.9877447255400765e-05,118,118.0,246.0,128.0,inf,False,False,32
2335,layer3.conv2,scale,4,"(54, 11)",2,0.01,True,0.835,0.0050000000000000044,False,1.9877447255400765e-05,118,118.0,102.0,16.0,inf,False,False,32
2336,layer3.conv2,scale,5,"(1, 9)",2,0.01,True,0.84,0.0,False,1.9877447255400765e-05,117,117.0,85.0,32.0,inf,False,False,32
2337,layer3.conv2,scale,4,"(16, 12)",2,0.01,True,0.835,0.0050000000000000044,False,1.9877447255400765e-05,118,118.0,102.0,16.0,inf,False,False,32
2338,layer3.conv2,scale,4,"(57, 10)",1,0.005,True,0.84,0.0,False,1.9877447255400765e-05,118,118.0,102.0,16.0,inf,False,False,32
2339,layer3.conv2,scale,5,"(57, 5)",1,0.005,True,0.84,0.0,False,1.9877447255400765e-05,118,118.0,86.0,32.0,inf,False,False,32
2340,layer3.conv2,scale,4,"(14, 11)",0,0.0,False,0.84,0.0,False,1.9877447255400765e-05,117,117.0,101.0,16.0,inf,False,False,32
2341,layer3.conv2,scale,4,"(6, 8)",1,0.005,True,0.84,0.0,False,1.9877447255400765e-05,118,118.0,102.0,16.0,inf,False,False,32
2342,layer3.conv2,scale,2,"(57, 15)",1,0.005,True,0.84,0.0,False,1.9877447255400765e-05,118,118.0,114.0,4.0,inf,False,False,32
2343,layer3.conv2,scale,1,"(19, 14)",2,0.01,True,0.84,0.0,False,1.9877447255400765e-05,118,118.0,116.0,2.0,inf,False,False,32
2344,layer3.conv2,scale,7,"(18, 17)",200,1.0,True,0.0,0.84,True,1.9877447255400765e-05,118,118.0,246.0,128.0,inf,False,False,32
2345,layer3.conv2,scale,1,"(54, 17)",1,0.005,True,0.835,0.0050000000000000044,False,1.9877447255400765e-05,118,118.0,116.0,2.0,inf,False,False,32
2346,layer3.conv2,scale,5,"(49, 6)",1,0.005,True,0.84,0.0,False,1.9877447255400765e-05,118,118.0,86.0,32.0,inf,False,False,32
2347,layer3.conv2,scale,3,"(44, 3)",182,0.91,True,0.1,0.74,False,1.9877447255400765e-05,119,119.0,127.0,8.0,inf,False,False,32
2348,layer3.conv2,scale,2,"(28, 1)",7,0.035,True,0.815,0.025000000000000022,False,1.9877447255400765e-05,118,118.0,114.0,4.0,inf,False,False,32
2349,layer3.conv2,scale,2,"(59, 13)",2,0.01,True,0.845,-0.0050000000000000044,False,1.9877447255400765e-05,118,118.0,114.0,4.0,inf,False,False,32
2350,layer3.conv2,scale,5,"(59, 0)",2,0.01,True,0.835,0.0050000000000000044,False,1.9877447255400765e-05,118,118.0,86.0,32.0,inf,False,False,32
2351,layer3.conv2,scale,1,"(54, 5)",1,0.005,True,0.835,0.0050000000000000044,False,1.9877447255400765e-05,118,118.0,116.0,2.0,inf,False,False,32
2352,layer3.conv2,scale,1,"(61, 0)",1,0.005,True,0.84,0.0,False,1.9877447255400765e-05,118,118.0,116.0,2.0,inf,False,False,32
2353,layer3.conv2,scale,2,"(13, 9)",2,0.01,True,0.83,0.010000000000000009,False,1.9877447255400765e-05,119,119.0,115.0,4.0,inf,False,False,32
2354,layer3.conv2,scale,5,"(35, 3)",5,0.025,True,0.845,-0.0050000000000000044,False,1.9877447255400765e-05,118,118.0,86.0,32.0,inf,False,False,32
2355,layer3.conv2,scale,6,"(26, 14)",2,0.01,True,0.835,0.0050000000000000044,False,1.9877447255400765e-05,118,118.0,54.0,64.0,inf,False,False,32
2356,layer3.conv2,scale,3,"(52, 5)",178,0.89,True,0.1,0.74,False,1.9877447255400765e-05,118,118.0,126.0,8.0,inf,False,False,32
2357,layer3.conv2,scale,6,"(63, 5)",2,0.01,True,0.835,0.0050000000000000044,False,1.9877447255400765e-05,118,118.0,54.0,64.0,inf,False,False,32
2358,layer3.conv2,scale,0,"(48, 9)",3,0.015,True,0.835,0.0050000000000000044,False,1.9877447255400765e-05,119,119.0,118.0,1.0,inf,False,False,32
2359,layer3.conv2,scale,2,"(44, 17)",1,0.005,True,0.845,-0.0050000000000000044,False,1.9877447255400765e-05,118,118.0,114.0,4.0,inf,False,False,32
2360,layer3.conv2,scale,0,"(52, 16)",1,0.005,True,0.84,0.0,False,1.9877447255400765e-05,118,118.0,119.0,1.0,inf,False,False,32
2361,layer3.conv2,scale,1,"(50, 14)",2,0.01,True,0.84,0.0,False,1.9877447255400765e-05,117,117.0,119.0,2.0,inf,False,False,32
2362,layer3.conv2,scale,6,"(32, 5)",1,0.005,True,0.835,0.0050000000000000044,False,1.9877447255400765e-05,117,117.0,53.0,64.0,inf,False,False,32
2363,layer3.conv2,scale,0,"(5, 5)",2,0.01,True,0.835,0.0050000000000000044,False,1.9877447255400765e-05,117,117.0,116.0,1.0,inf,False,False,32
2364,layer3.conv2,scale,0,"(25, 0)",2,0.01,True,0.84,0.0,False,1.9877447255400765e-05,118,118.0,119.0,1.0,inf,False,False,32
2365,layer3.conv2,scale,0,"(61, 0)",3,0.015,True,0.835,0.0050000000000000044,False,1.9877447255400765e-05,118,118.0,119.0,1.0,inf,False,False,32
2366,layer3.conv2,scale,7,"(15, 13)",200,1.0,True,0.0,0.84,True,1.9877447255400765e-05,118,118.0,246.0,128.0,inf,False,False,32
2367,layer3.conv2,scale,2,"(35, 4)",2,0.01,True,0.835,0.0050000000000000044,False,1.9877447255400765e-05,118,118.0,114.0,4.0,inf,False,False,32
2368,layer3.conv2,scale,4,"(47, 10)",1,0.005,True,0.835,0.0050000000000000044,False,1.9877447255400765e-05,117,117.0,101.0,16.0,inf,False,False,32
2369,layer3.conv2,scale,1,"(9, 14)",1,0.005,True,0.84,0.0,False,1.9877447255400765e-05,118,118.0,116.0,2.0,inf,False,False,32
2370,layer3.conv2,scale,2,"(58, 3)",0,0.0,False,0.84,0.0,False,1.9877447255400765e-05,117,117.0,113.0,4.0,inf,False,False,32
2371,layer3.conv2,scale,4,"(36, 12)",0,0.0,False,0.84,0.0,False,1.9877447255400765e-05,117,117.0,101.0,16.0,inf,False,False,32
2372,layer3.conv2,scale,2,"(39, 13)",1,0.005,True,0.835,0.0050000000000000044,False,1.9877447255400765e-05,119,119.0,115.0,4.0,inf,False,False,32
2373,layer3.conv2,scale,1,"(58, 10)",1,0.005,True,0.84,0.0,False,1.9877447255400765e-05,118,118.0,116.0,2.0,inf,False,False,32
2374,layer3.conv2,scale,1,"(36, 11)",1,0.005,True,0.84,0.0,False,1.9877447255400765e-05,118,118.0,116.0,2.0,inf,False,False,32
2375,layer3.conv2,scale,5,"(34, 15)",3,0.015,True,0.845,-0.0050000000000000044,False,1.9877447255400765e-05,118,118.0,86.0,32.0,inf,False,False,32
2376,layer3.conv2,scale,0,"(1, 15)",0,0.0,False,0.84,0.0,False,1.9877447255400765e-05,117,117.0,116.0,1.0,inf,False,False,32
2377,layer3.conv2,scale,4,"(63, 10)",0,0.0,False,0.84,0.0,False,1.9877447255400765e-05,118,118.0,102.0,16.0,inf,False,False,32
2378,layer3.conv2,scale,3,"(0, 7)",141,0.705,True,0.285,0.5549999999999999,False,1.9877447255400765e-05,118,118.0,126.0,8.0,inf,False,False,32
2379,layer3.conv2,scale,7,"(59, 6)",200,1.0,True,0.0,0.84,True,1.9877447255400765e-05,117,117.0,245.0,128.0,inf,False,False,32
2380,layer3.conv2,scale,3,"(48, 3)",178,0.89,True,0.1,0.74,False,1.9877447255400765e-05,118,118.0,126.0,8.0,inf,False,False,32
2381,layer3.conv2,scale,6,"(31, 14)",0,0.0,False,0.84,0.0,False,1.9877447255400765e-05,118,118.0,54.0,64.0,inf,False,False,32
2382,layer3.conv2,scale,1,"(6, 14)",1,0.005,True,0.84,0.0,False,1.9877447255400765e-05,118,118.0,116.0,2.0,inf,False,False,32
2383,layer3.conv2,scale,0,"(61, 16)",1,0.005,True,0.835,0.0050000000000000044,False,1.9877447255400765e-05,118,118.0,119.0,1.0,inf,False,False,32
2384,layer3.conv2,scale,6,"(27, 10)",1,0.005,True,0.84,0.0,False,1.9877447255400765e-05,118,118.0,54.0,64.0,inf,False,False,32
2385,layer3.conv2,scale,4,"(49, 1)",3,0.015,True,0.835,0.0050000000000000044,False,1.9877447255400765e-05,117,117.0,101.0,16.0,inf,False,False,32
2386,layer3.conv2,scale,1,"(22, 5)",0,0.0,False,0.84,0.0,False,1.9877447255400765e-05,118,118.0,116.0,2.0,inf,False,False,32
2387,layer3.conv2,scale,2,"(16, 5)",0,0.0,False,0.84,0.0,False,1.9877447255400765e-05,118,118.0,114.0,4.0,inf,False,False,32
2388,layer3.conv2,scale,7,"(32, 9)",200,1.0,True,0.0,0.84,True,1.9877447255400765e-05,119,119.0,247.0,128.0,inf,False,False,32
2389,layer3.conv2,scale,0,"(6, 5)",2,0.01,True,0.835,0.0050000000000000044,False,1.9877447255400765e-05,118,118.0,119.0,1.0,inf,False,False,32
2390,layer3.conv2,scale,2,"(10, 13)",0,0.0,False,0.84,0.0,False,1.9877447255400765e-05,117,117.0,113.0,4.0,inf,False,False,32
2391,layer3.conv2,scale,4,"(1, 13)",5,0.025,True,0.84,0.0,False,1.9877447255400765e-05,118,118.0,102.0,16.0,inf,False,False,32
2392,layer3.conv2,scale,3,"(49, 2)",173,0.865,True,0.14,0.7,False,1.9877447255400765e-05,118,118.0,126.0,8.0,inf,False,False,32
2393,layer3.conv2,scale,7,"(33, 6)",200,1.0,True,0.0,0.84,True,1.9877447255400765e-05,118,118.0,246.0,128.0,inf,False,False,32
2394,layer3.conv2,scale,3,"(29, 1)",182,0.91,True,0.1,0.74,False,1.9877447255400765e-05,118,118.0,126.0,8.0,inf,False,False,32
2395,layer3.conv2,scale,1,"(48, 5)",1,0.005,True,0.84,0.0,False,1.9877447255400765e-05,118,118.0,116.0,2.0,inf,False,False,32
2396,layer3.conv2,scale,0,"(25, 12)",1,0.005,True,0.84,0.0,False,1.9877447255400765e-05,118,118.0,119.0,1.0,inf,False,False,32
2397,layer3.conv2,scale,0,"(8, 6)",1,0.005,True,0.84,0.0,False,1.9877447255400765e-05,118,118.0,119.0,1.0,inf,False,False,32
2398,layer3.conv2,scale,0,"(41, 3)",2,0.01,True,0.835,0.0050000000000000044,False,1.9877447255400765e-05,118,118.0,119.0,1.0,inf,False,False,32
2399,layer3.conv2,scale,1,"(12, 16)",3,0.015,True,0.835,0.0050000000000000044,False,1.9877447255400765e-05,118,118.0,116.0,2.0,inf,False,False,32
2400,layer3.conv2,scale,1,"(33, 10)",0,0.0,False,0.84,0.0,False,1.9877447255400765e-05,118,118.0,116.0,2.0,inf,False,False,32
2401,layer3.conv2,scale,3,"(62, 5)",176,0.88,True,0.13,0.71,False,1.9877447255400765e-05,118,118.0,126.0,8.0,inf,False,False,32
2402,layer3.conv2,scale,3,"(28, 17)",182,0.91,True,0.1,0.74,False,1.9877447255400765e-05,118,118.0,126.0,8.0,inf,False,False,32
2403,layer3.conv2,scale,2,"(51, 11)",1,0.005,True,0.84,0.0,False,1.9877447255400765e-05,118,118.0,114.0,4.0,inf,False,False,32
2404,layer3.conv2,scale,4,"(46, 5)",1,0.005,True,0.84,0.0,False,1.9877447255400765e-05,118,118.0,102.0,16.0,inf,False,False,32
2405,layer3.conv2,scale,5,"(20, 12)",2,0.01,True,0.84,0.0,False,1.9877447255400765e-05,118,118.0,86.0,32.0,inf,False,False,32
2406,layer3.conv2,scale,7,"(15, 4)",199,0.995,True,0.005,0.835,True,1.9877447255400765e-05,118,118.0,246.0,128.0,inf,False,False,32
2407,layer3.conv2,scale,2,"(60, 5)",1,0.005,True,0.84,0.0,False,1.9877447255400765e-05,117,117.0,113.0,4.0,inf,False,False,32
2408,layer3.conv2,scale,6,"(38, 13)",0,0.0,False,0.84,0.0,False,1.9877447255400765e-05,118,118.0,54.0,64.0,inf,False,False,32
2409,layer3.conv2,scale,6,"(30, 9)",0,0.0,False,0.84,0.0,False,1.9877447255400765e-05,118,118.0,54.0,64.0,inf,False,False,32
2410,layer3.conv2,scale,2,"(34, 15)",3,0.015,True,0.845,-0.0050000000000000044,False,1.9877447255400765e-05,118,118.0,114.0,4.0,inf,False,False,32
2411,layer3.conv2,scale,1,"(16, 4)",0,0.0,False,0.84,0.0,False,1.9877447255400765e-05,117,117.0,119.0,2.0,inf,False,False,32
2412,layer3.conv2,scale,2,"(43, 5)",1,0.005,True,0.84,0.0,False,1.9877447255400765e-05,117,117.0,113.0,4.0,inf,False,False,32
2413,layer3.conv2,scale,1,"(22, 1)",1,0.005,True,0.84,0.0,False,1.9877447255400765e-05,118,118.0,116.0,2.0,inf,False,False,32
2414,layer3.conv2,scale,6,"(45, 8)",1,0.005,True,0.835,0.0050000000000000044,False,1.9877447255400765e-05,118,118.0,54.0,64.0,inf,False,False,32
2415,layer3.conv2,scale,7,"(17, 7)",188,0.94,True,0.05,0.7899999999999999,True,1.9877447255400765e-05,118,118.0,246.0,128.0,inf,False,False,32
2416,layer3.conv2,scale,7,"(29, 8)",199,0.995,True,0.005,0.835,True,1.9877447255400765e-05,118,118.0,246.0,128.0,inf,False,False,32
2417,layer3.conv2,scale,0,"(44, 8)",2,0.01,True,0.835,0.0050000000000000044,False,1.9877447255400765e-05,119,119.0,118.0,1.0,inf,False,False,32
2418,layer3.conv2,scale,6,"(9, 2)",3,0.015,True,0.84,0.0,False,1.9877447255400765e-05,118,118.0,54.0,64.0,inf,False,False,32
2419,layer3.conv2,scale,6,"(23, 16)",1,0.005,True,0.84,0.0,False,1.9877447255400765e-05,118,118.0,54.0,64.0,inf,False,False,32
2420,layer3.conv2,scale,6,"(4, 1)",1,0.005,True,0.84,0.0,False,1.9877447255400765e-05,117,117.0,53.0,64.0,inf,False,False,32
2421,layer3.conv2,scale,0,"(36, 17)",1,0.005,True,0.84,0.0,False,1.9877447255400765e-05,118,118.0,119.0,1.0,inf,False,False,32
2422,layer3.conv2,scale,4,"(38, 7)",0,0.0,False,0.84,0.0,False,1.9877447255400765e-05,117,117.0,101.0,16.0,inf,False,False,32
2423,layer3.conv2,scale,1,"(39, 12)",3,0.015,True,0.835,0.0050000000000000044,False,1.9877447255400765e-05,118,118.0,116.0,2.0,inf,False,False,32
2424,layer3.conv2,scale,0,"(35, 8)",1,0.005,True,0.84,0.0,False,1.9877447255400765e-05,118,118.0,119.0,1.0,inf,False,False,32
2425,layer3.conv2,scale,4,"(32, 5)",1,0.005,True,0.835,0.0050000000000000044,False,1.9877447255400765e-05,117,117.0,101.0,16.0,inf,False,False,32
2426,layer3.conv2,scale,7,"(39, 1)",200,1.0,True,0.0,0.84,True,1.9877447255400765e-05,118,118.0,246.0,128.0,inf,False,False,32
2427,layer3.conv2,scale,6,"(28, 17)",1,0.005,True,0.84,0.0,False,1.9877447255400765e-05,118,118.0,54.0,64.0,inf,False,False,32
2428,layer3.conv2,scale,1,"(50, 17)",2,0.01,True,0.84,0.0,False,1.9877447255400765e-05,118,118.0,116.0,2.0,inf,False,False,32
2429,layer3.conv2,scale,4,"(22, 9)",0,0.0,False,0.84,0.0,False,1.9877447255400765e-05,118,118.0,102.0,16.0,inf,False,False,32
2430,layer3.conv2,scale,2,"(15, 13)",2,0.01,True,0.835,0.0050000000000000044,False,1.9877447255400765e-05,118,118.0,114.0,4.0,inf,False,False,32
2431,layer3.conv2,scale,7,"(14, 17)",198,0.99,True,0.01,0.83,True,1.9877447255400765e-05,118,118.0,246.0,128.0,inf,False,False,32
2432,layer3.conv2,scale,0,"(1, 1)",0,0.0,False,0.84,0.0,False,1.9877447255400765e-05,118,118.0,119.0,1.0,inf,False,False,32
2433,layer3.conv2,scale,7,"(6, 0)",200,1.0,True,0.0,0.84,True,1.9877447255400765e-05,118,118.0,246.0,128.0,inf,False,False,32
2434,layer3.conv2,scale,1,"(38, 13)",0,0.0,False,0.84,0.0,False,1.9877447255400765e-05,118,118.0,116.0,2.0,inf,False,False,32
2435,layer3.conv2,scale,1,"(44, 13)",4,0.02,True,0.825,0.015000000000000013,False,1.9877447255400765e-05,118,118.0,116.0,2.0,inf,False,False,32
2436,layer3.conv2,scale,4,"(13, 9)",2,0.01,True,0.83,0.010000000000000009,False,1.9877447255400765e-05,119,119.0,103.0,16.0,inf,False,False,32
2437,layer3.conv2,scale,3,"(1, 0)",118,0.59,True,0.415,0.425,False,1.9877447255400765e-05,118,118.0,126.0,8.0,inf,False,False,32
2438,layer3.conv2,scale,0,"(12, 5)",1,0.005,True,0.84,0.0,False,1.9877447255400765e-05,118,118.0,119.0,1.0,inf,False,False,32
2439,layer3.conv2,scale,3,"(46, 16)",171,0.855,True,0.135,0.705,False,1.9877447255400765e-05,118,118.0,126.0,8.0,inf,False,False,32
2440,layer3.conv2,scale,3,"(2, 17)",97,0.485,True,0.52,0.31999999999999995,False,1.9877447255400765e-05,118,118.0,126.0,8.0,inf,False,False,32
2441,layer3.conv2,scale,1,"(48, 4)",4,0.02,True,0.84,0.0,False,1.9877447255400765e-05,118,118.0,116.0,2.0,inf,False,False,32
2442,layer3.conv2,scale,6,"(52, 5)",0,0.0,False,0.84,0.0,False,1.9877447255400765e-05,118,118.0,54.0,64.0,inf,False,False,32
2443,layer3.conv2,scale,5,"(51, 10)",1,0.005,True,0.84,0.0,False,1.9877447255400765e-05,118,118.0,86.0,32.0,inf,False,False,32
2444,layer3.conv2,scale,7,"(7, 10)",200,1.0,True,0.0,0.84,True,1.9877447255400765e-05,118,118.0,246.0,128.0,inf,False,False,32
2445,layer3.conv2,scale,6,"(41, 1)",3,0.015,True,0.85,-0.010000000000000009,False,1.9877447255400765e-05,118,118.0,54.0,64.0,inf,False,False,32
2446,layer3.conv2,scale,1,"(14, 9)",0,0.0,False,0.84,0.0,False,1.9877447255400765e-05,118,118.0,116.0,2.0,inf,False,False,32
2447,layer3.conv2,scale,5,"(60, 17)",0,0.0,False,0.84,0.0,False,1.9877447255400765e-05,118,118.0,86.0,32.0,inf,False,False,32
2448,layer3.conv2,scale,6,"(18, 3)",2,0.01,True,0.835,0.0050000000000000044,False,1.9877447255400765e-05,118,118.0,54.0,64.0,inf,False,False,32
2449,layer3.conv2,scale,6,"(24, 8)",1,0.005,True,0.84,0.0,False,1.9877447255400765e-05,118,118.0,54.0,64.0,inf,False,False,32
2450,layer3.conv2,scale,6,"(48, 12)",1,0.005,True,0.84,0.0,False,1.9877447255400765e-05,118,118.0,54.0,64.0,inf,False,False,32
2451,layer3.conv2,scale,2,"(29, 6)",1,0.005,True,0.84,0.0,False,1.9877447255400765e-05,118,118.0,114.0,4.0,inf,False,False,32
2452,layer3.conv2,scale,5,"(48, 5)",1,0.005,True,0.84,0.0,False,1.9877447255400765e-05,118,118.0,86.0,32.0,inf,False,False,32
2453,layer3.conv2,scale,4,"(18, 8)",3,0.015,True,0.835,0.0050000000000000044,False,1.9877447255400765e-05,118,118.0,102.0,16.0,inf,False,False,32
2454,layer3.conv2,scale,4,"(47, 16)",2,0.01,True,0.84,0.0,False,1.9877447255400765e-05,118,118.0,102.0,16.0,inf,False,False,32
2455,layer3.conv2,scale,1,"(0, 11)",2,0.01,True,0.84,0.0,False,1.9877447255400765e-05,117,117.0,119.0,2.0,inf,False,False,32
2456,layer3.conv2,scale,4,"(51, 7)",0,0.0,False,0.84,0.0,False,1.9877447255400765e-05,118,118.0,102.0,16.0,inf,False,False,32
2457,layer3.conv2,scale,6,"(28, 0)",0,0.0,False,0.84,0.0,False,1.9877447255400765e-05,117,117.0,53.0,64.0,inf,False,False,32
2458,layer3.conv2,scale,0,"(14, 1)",1,0.005,True,0.835,0.0050000000000000044,False,1.9877447255400765e-05,118,118.0,119.0,1.0,inf,False,False,32
2459,layer3.conv2,scale,7,"(31, 16)",200,1.0,True,0.0,0.84,True,1.9877447255400765e-05,118,118.0,246.0,128.0,inf,False,False,32
2460,layer3.conv2,scale,5,"(28, 1)",7,0.035,True,0.815,0.025000000000000022,False,1.9877447255400765e-05,118,118.0,86.0,32.0,inf,False,False,32
2461,layer3.conv2,scale,3,"(29, 12)",173,0.865,True,0.145,0.695,False,1.9877447255400765e-05,117,117.0,125.0,8.0,inf,False,False,32
2462,layer3.conv2,scale,2,"(26, 6)",1,0.005,True,0.835,0.0050000000000000044,False,1.9877447255400765e-05,117,117.0,113.0,4.0,inf,False,False,32
2463,layer3.conv2,scale,4,"(2, 5)",0,0.0,False,0.84,0.0,False,1.9877447255400765e-05,117,117.0,101.0,16.0,inf,False,False,32
2464,layer3.conv2,scale,6,"(7, 0)",2,0.01,True,0.845,-0.0050000000000000044,False,1.9877447255400765e-05,118,118.0,54.0,64.0,inf,False,False,32
2465,layer3.conv2,scale,5,"(10, 4)",1,0.005,True,0.84,0.0,False,1.9877447255400765e-05,118,118.0,86.0,32.0,inf,False,False,32
2466,layer3.conv2,scale,1,"(4, 7)",0,0.0,False,0.84,0.0,False,1.9877447255400765e-05,118,118.0,116.0,2.0,inf,False,False,32
2467,layer3.conv2,scale,7,"(17, 8)",197,0.985,True,0.015,0.825,True,1.9877447255400765e-05,118,118.0,246.0,128.0,inf,False,False,32
2468,layer3.conv2,scale,3,"(61, 7)",181,0.905,True,0.1,0.74,False,1.9877447255400765e-05,118,118.0,126.0,8.0,inf,False,False,32
2469,layer3.conv2,scale,0,"(26, 3)",5,0.025,True,0.825,0.015000000000000013,False,1.9877447255400765e-05,118,118.0,119.0,1.0,inf,False,False,32
2470,layer3.conv2,scale,7,"(7, 12)",199,0.995,True,0.005,0.835,True,1.9877447255400765e-05,118,118.0,246.0,128.0,inf,False,False,32
2471,layer3.conv2,scale,6,"(13, 2)",1,0.005,True,0.835,0.0050000000000000044,False,1.9877447255400765e-05,118,118.0,54.0,64.0,inf,False,False,32
2472,layer3.conv2,scale,5,"(43, 9)",0,0.0,False,0.84,0.0,False,1.9877447255400765e-05,117,117.0,85.0,32.0,inf,False,False,32
2473,layer3.conv2,scale,7,"(23, 5)",200,1.0,True,0.0,0.84,True,1.9877447255400765e-05,118,118.0,246.0,128.0,inf,False,False,32
2474,layer3.conv2,scale,0,"(27, 0)",1,0.005,True,0.84,0.0,False,1.9877447255400765e-05,117,117.0,116.0,1.0,inf,False,False,32
2475,layer3.conv2,scale,1,"(18, 6)",0,0.0,False,0.84,0.0,False,1.9877447255400765e-05,118,118.0,116.0,2.0,inf,False,False,32
2476,layer3.conv2,scale,3,"(51, 1)",181,0.905,True,0.1,0.74,False,1.9877447255400765e-05,118,118.0,126.0,8.0,inf,False,False,32
2477,layer3.conv2,scale,2,"(6, 16)",2,0.01,True,0.835,0.0050000000000000044,False,1.9877447255400765e-05,118,118.0,114.0,4.0,inf,False,False,32
2478,layer3.conv2,scale,3,"(8, 0)",169,0.845,True,0.165,0.6749999999999999,False,1.9877447255400765e-05,118,118.0,126.0,8.0,inf,False,False,32
2479,layer3.conv2,scale,3,"(56, 1)",62,0.31,True,0.64,0.19999999999999996,False,1.9877447255400765e-05,117,117.0,125.0,8.0,inf,False,False,32
2480,layer3.conv2,scale,0,"(9, 13)",0,0.0,False,0.84,0.0,False,1.9877447255400765e-05,118,118.0,119.0,1.0,inf,False,False,32
2481,layer3.conv2,scale,4,"(38, 16)",3,0.015,True,0.84,0.0,False,1.9877447255400765e-05,118,118.0,102.0,16.0,inf,False,False,32
2482,layer3.conv2,scale,5,"(33, 3)",4,0.02,True,0.835,0.0050000000000000044,False,1.9877447255400765e-05,117,117.0,85.0,32.0,inf,False,False,32
2483,layer3.conv2,scale,3,"(62, 16)",182,0.91,True,0.1,0.74,False,1.9877447255400765e-05,118,118.0,126.0,8.0,inf,False,False,32
2484,layer3.conv2,scale,5,"(45, 10)",2,0.01,True,0.835,0.0050000000000000044,False,1.9877447255400765e-05,118,118.0,86.0,32.0,inf,False,False,32
2485,layer3.conv2,scale,4,"(38, 11)",1,0.005,True,0.835,0.0050000000000000044,False,1.9877447255400765e-05,118,118.0,102.0,16.0,inf,False,False,32
2486,layer3.conv2,scale,6,"(40, 14)",2,0.01,True,0.84,0.0,False,1.9877447255400765e-05,119,119.0,55.0,64.0,inf,False,False,32
2487,layer3.conv2,scale,3,"(39, 6)",180,0.9,True,0.105,0.735,False,1.9877447255400765e-05,118,118.0,126.0,8.0,inf,False,False,32
2488,layer3.conv2,scale,7,"(39, 0)",200,1.0,True,0.0,0.84,True,1.9877447255400765e-05,118,118.0,246.0,128.0,inf,False,False,32
2489,layer3.conv2,scale,3,"(23, 5)",168,0.84,True,0.17,0.6699999999999999,False,1.9877447255400765e-05,118,118.0,126.0,8.0,inf,False,False,32
2490,layer3.conv2,scale,5,"(45, 1)",1,0.005,True,0.84,0.0,False,1.9877447255400765e-05,118,118.0,86.0,32.0,inf,False,False,32
2491,layer3.conv2,scale,2,"(51, 9)",2,0.01,True,0.835,0.0050000000000000044,False,1.9877447255400765e-05,118,118.0,114.0,4.0,inf,False,False,32
2492,layer3.conv2,scale,6,"(60, 10)",2,0.01,True,0.835,0.0050000000000000044,False,1.9877447255400765e-05,118,118.0,54.0,64.0,inf,False,False,32
2493,layer3.conv2,scale,5,"(29, 10)",1,0.005,True,0.84,0.0,False,1.9877447255400765e-05,118,118.0,86.0,32.0,inf,False,False,32
2494,layer3.conv2,scale,4,"(28, 1)",7,0.035,True,0.815,0.025000000000000022,False,1.9877447255400765e-05,118,118.0,102.0,16.0,inf,False,False,32
2495,layer3.conv2,scale,7,"(52, 12)",200,1.0,True,0.0,0.84,True,1.9877447255400765e-05,118,118.0,246.0,128.0,inf,False,False,32
2496,layer3.conv2,scale,0,"(4, 16)",0,0.0,False,0.84,0.0,False,1.9877447255400765e-05,118,118.0,119.0,1.0,inf,False,False,32
2497,layer3.conv2,scale,7,"(29, 16)",195,0.975,True,0.025,0.815,True,1.9877447255400765e-05,117,117.0,245.0,128.0,inf,False,False,32
2498,layer3.conv2,scale,4,"(10, 11)",1,0.005,True,0.84,0.0,False,1.9877447255400765e-05,118,118.0,102.0,16.0,inf,False,False,32
2499,layer3.conv2,scale,3,"(47, 5)",176,0.88,True,0.115,0.725,False,1.9877447255400765e-05,118,118.0,126.0,8.0,inf,False,False,32
2500,layer3.conv2,scale,2,"(3, 6)",2,0.01,True,0.84,0.0,False,1.9877447255400765e-05,118,118.0,114.0,4.0,inf,False,False,32
2501,layer3.conv2,scale,0,"(42, 7)",3,0.015,True,0.85,-0.010000000000000009,False,1.9877447255400765e-05,118,118.0,119.0,1.0,inf,False,False,32
2502,layer3.conv2,scale,3,"(60, 14)",130,0.65,True,0.365,0.475,False,1.9877447255400765e-05,117,117.0,125.0,8.0,inf,False,False,32
2503,layer3.conv2,scale,5,"(25, 6)",3,0.015,True,0.845,-0.0050000000000000044,False,1.9877447255400765e-05,118,118.0,86.0,32.0,inf,False,False,32
2504,layer3.conv2,scale,6,"(3, 13)",5,0.025,True,0.845,-0.0050000000000000044,False,1.9877447255400765e-05,118,118.0,54.0,64.0,inf,False,False,32
2505,layer3.conv2,scale,7,"(5, 14)",200,1.0,True,0.0,0.84,True,1.9877447255400765e-05,118,118.0,246.0,128.0,inf,False,False,32
2506,layer3.conv2,scale,0,"(42, 6)",5,0.025,True,0.82,0.020000000000000018,False,1.9877447255400765e-05,118,118.0,119.0,1.0,inf,False,False,32
2507,layer3.conv2,scale,7,"(14, 16)",200,1.0,True,0.0,0.84,True,1.9877447255400765e-05,117,117.0,245.0,128.0,inf,False,False,32
2508,layer3.conv2,scale,0,"(52, 11)",1,0.005,True,0.84,0.0,False,1.9877447255400765e-05,117,117.0,116.0,1.0,inf,False,False,32
2509,layer3.conv2,scale,5,"(28, 3)",3,0.015,True,0.835,0.0050000000000000044,False,1.9877447255400765e-05,118,118.0,86.0,32.0,inf,False,False,32
2510,layer3.conv2,scale,7,"(57, 2)",197,0.985,True,0.015,0.825,True,1.9877447255400765e-05,117,117.0,245.0,128.0,inf,False,False,32
2511,layer3.conv2,scale,2,"(30, 7)",0,0.0,False,0.84,0.0,False,1.9877447255400765e-05,118,118.0,114.0,4.0,inf,False,False,32
2512,layer3.conv2,scale,0,"(12, 1)",2,0.01,True,0.835,0.0050000000000000044,False,1.9877447255400765e-05,118,118.0,119.0,1.0,inf,False,False,32
2513,layer3.conv2,scale,0,"(13, 13)",1,0.005,True,0.835,0.0050000000000000044,False,1.9877447255400765e-05,118,118.0,119.0,1.0,inf,False,False,32
2514,layer3.conv2,scale,4,"(34, 8)",0,0.0,False,0.84,0.0,False,1.9877447255400765e-05,118,118.0,102.0,16.0,inf,False,False,32
2515,layer3.conv2,scale,3,"(16, 12)",134,0.67,True,0.305,0.5349999999999999,False,1.9877447255400765e-05,118,118.0,126.0,8.0,inf,False,False,32
2516,layer3.conv2,scale,0,"(52, 17)",0,0.0,False,0.84,0.0,False,1.9877447255400765e-05,118,118.0,119.0,1.0,inf,False,False,32
2517,layer3.conv2,scale,5,"(20, 13)",1,0.005,True,0.84,0.0,False,1.9877447255400765e-05,118,118.0,86.0,32.0,inf,False,False,32
2518,layer3.conv2,scale,4,"(13, 17)",1,0.005,True,0.835,0.0050000000000000044,False,1.9877447255400765e-05,118,118.0,102.0,16.0,inf,False,False,32
2519,layer3.conv2,scale,5,"(35, 0)",2,0.01,True,0.84,0.0,False,1.9877447255400765e-05,118,118.0,86.0,32.0,inf,False,False,32
2520,layer3.conv2,scale,5,"(16, 7)",1,0.005,True,0.84,0.0,False,1.9877447255400765e-05,118,118.0,86.0,32.0,inf,False,False,32
2521,layer3.conv2,scale,5,"(5, 13)",1,0.005,True,0.84,0.0,False,1.9877447255400765e-05,118,118.0,86.0,32.0,inf,False,False,32
2522,layer3.conv2,scale,0,"(15, 3)",3,0.015,True,0.83,0.010000000000000009,False,1.9877447255400765e-05,118,118.0,119.0,1.0,inf,False,False,32
2523,layer3.conv2,scale,6,"(26, 0)",2,0.01,True,0.835,0.0050000000000000044,False,1.9877447255400765e-05,118,118.0,54.0,64.0,inf,False,False,32
2524,layer3.conv2,scale,5,"(33, 7)",5,0.025,True,0.825,0.015000000000000013,False,1.9877447255400765e-05,119,119.0,87.0,32.0,inf,False,False,32
2525,layer3.conv2,scale,0,"(43, 11)",1,0.005,True,0.835,0.0050000000000000044,False,1.9877447255400765e-05,117,117.0,116.0,1.0,inf,False,False,32
2526,layer3.conv2,scale,3,"(53, 17)",179,0.895,True,0.1,0.74,False,1.9877447255400765e-05,118,118.0,126.0,8.0,inf,False,False,32
2527,layer3.conv2,scale,4,"(53, 9)",0,0.0,False,0.84,0.0,False,1.9877447255400765e-05,118,118.0,102.0,16.0,inf,False,False,32
2528,layer3.conv2,scale,3,"(50, 13)",176,0.88,True,0.135,0.705,False,1.9877447255400765e-05,118,118.0,126.0,8.0,inf,False,False,32
2529,layer3.conv2,scale,3,"(33, 0)",179,0.895,True,0.105,0.735,False,1.9877447255400765e-05,118,118.0,126.0,8.0,inf,False,False,32
2530,layer3.conv2,scale,1,"(13, 6)",4,0.02,True,0.835,0.0050000000000000044,False,1.9877447255400765e-05,118,118.0,116.0,2.0,inf,False,False,32
2531,layer3.conv2,scale,4,"(60, 14)",0,0.0,False,0.84,0.0,False,1.9877447255400765e-05,117,117.0,101.0,16.0,inf,False,False,32
2532,layer3.conv2,scale,5,"(29, 16)",1,0.005,True,0.84,0.0,False,1.9877447255400765e-05,117,117.0,85.0,32.0,inf,False,False,32
2533,layer3.conv2,scale,3,"(47, 1)",173,0.865,True,0.13,0.71,False,1.9877447255400765e-05,118,118.0,126.0,8.0,inf,False,False,32
2534,layer3.conv2,scale,4,"(27, 7)",0,0.0,False,0.84,0.0,False,1.9877447255400765e-05,118,118.0,102.0,16.0,inf,False,False,32
2535,layer3.conv2,scale,4,"(50, 9)",2,0.01,True,0.835,0.0050000000000000044,False,1.9877447255400765e-05,118,118.0,102.0,16.0,inf,False,False,32
2536,layer3.conv2,scale,2,"(48, 17)",4,0.02,True,0.84,0.0,False,1.9877447255400765e-05,118,118.0,114.0,4.0,inf,False,False,32
2537,layer3.conv2,scale,0,"(8, 11)",1,0.005,True,0.84,0.0,False,1.9877447255400765e-05,118,118.0,119.0,1.0,inf,False,False,32
2538,layer3.conv2,scale,7,"(23, 4)",200,1.0,True,0.0,0.84,True,1.9877447255400765e-05,118,118.0,246.0,128.0,inf,False,False,32
2539,layer3.conv2,scale,0,"(32, 6)",2,0.01,True,0.835,0.0050000000000000044,False,1.9877447255400765e-05,118,118.0,119.0,1.0,inf,False,False,32
2540,layer3.conv2,scale,3,"(38, 9)",76,0.38,True,0.595,0.245,False,1.9877447255400765e-05,118,118.0,126.0,8.0,inf,False,False,32
2541,layer3.conv2,scale,3,"(2, 4)",181,0.905,True,0.1,0.74,False,1.9877447255400765e-05,117,117.0,125.0,8.0,inf,False,False,32
2542,layer3.conv2,scale,0,"(47, 8)",3,0.015,True,0.83,0.010000000000000009,False,1.9877447255400765e-05,118,118.0,119.0,1.0,inf,False,False,32
2543,layer3.conv2,scale,4,"(42, 14)",1,0.005,True,0.84,0.0,False,1.9877447255400765e-05,118,118.0,102.0,16.0,inf,False,False,32
2544,layer3.conv2,scale,7,"(31, 7)",200,1.0,True,0.01,0.83,True,1.9877447255400765e-05,118,118.0,246.0,128.0,inf,False,False,32
2545,layer3.conv2,scale,3,"(20, 14)",154,0.77,True,0.21,0.63,False,1.9877447255400765e-05,118,118.0,126.0,8.0,inf,False,False,32
2546,layer3.conv2,scale,7,"(7, 11)",199,0.995,True,0.005,0.835,True,1.9877447255400765e-05,118,118.0,246.0,128.0,inf,False,False,32
2547,layer3.conv2,scale,4,"(56, 5)",3,0.015,True,0.825,0.015000000000000013,False,1.9877447255400765e-05,118,118.0,102.0,16.0,inf,False,False,32
2548,layer3.conv2,scale,1,"(4, 8)",0,0.0,False,0.84,0.0,False,1.9877447255400765e-05,118,118.0,116.0,2.0,inf,False,False,32
2549,layer3.conv2,scale,3,"(8, 6)",122,0.61,True,0.39,0.44999999999999996,False,1.9877447255400765e-05,118,118.0,126.0,8.0,inf,False,False,32
2550,layer3.conv2,scale,3,"(46, 4)",146,0.73,True,0.245,0.595,False,1.9877447255400765e-05,117,117.0,125.0,8.0,inf,False,False,32
2551,layer3.conv2,scale,6,"(4, 13)",1,0.005,True,0.84,0.0,False,1.9877447255400765e-05,117,117.0,53.0,64.0,inf,False,False,32
2552,layer3.conv2,scale,6,"(21, 8)",1,0.005,True,0.84,0.0,False,1.9877447255400765e-05,118,118.0,54.0,64.0,inf,False,False,32
2553,layer3.conv2,scale,6,"(25, 5)",3,0.015,True,0.855,-0.015000000000000013,False,1.9877447255400765e-05,118,118.0,54.0,64.0,inf,False,False,32
2554,layer3.conv2,scale,1,"(25, 16)",4,0.02,True,0.835,0.0050000000000000044,False,1.9877447255400765e-05,117,117.0,119.0,2.0,inf,False,False,32
2555,layer3.conv2,scale,1,"(10, 2)",1,0.005,True,0.84,0.0,False,1.9877447255400765e-05,118,118.0,116.0,2.0,inf,False,False,32
2556,layer3.conv2,scale,6,"(45, 13)",2,0.01,True,0.835,0.0050000000000000044,False,1.9877447255400765e-05,118,118.0,54.0,64.0,inf,False,False,32
2557,layer3.conv2,scale,4,"(35, 3)",5,0.025,True,0.845,-0.0050000000000000044,False,1.9877447255400765e-05,118,118.0,102.0,16.0,inf,False,False,32
2558,layer3.conv2,scale,6,"(43, 12)",1,0.005,True,0.84,0.0,False,1.9877447255400765e-05,118,118.0,54.0,64.0,inf,False,False,32
2559,layer3.conv2,scale,4,"(27, 13)",4,0.02,True,0.84,0.0,False,1.9877447255400765e-05,118,118.0,102.0,16.0,inf,False,False,32
2560,layer3.conv2,scale,7,"(54, 3)",200,1.0,True,0.0,0.84,True,1.9877447255400765e-05,118,118.0,246.0,128.0,inf,False,False,32
2561,layer3.conv2,scale,0,"(1, 8)",1,0.005,True,0.835,0.0050000000000000044,False,1.9877447255400765e-05,118,118.0,119.0,1.0,inf,False,False,32
2562,layer3.conv2,scale,7,"(50, 12)",200,1.0,True,0.0,0.84,True,1.9877447255400765e-05,118,118.0,246.0,128.0,inf,False,False,32
2563,layer3.conv2,scale,0,"(15, 10)",0,0.0,False,0.84,0.0,False,1.9877447255400765e-05,119,119.0,118.0,1.0,inf,False,False,32
2564,layer3.conv2,scale,3,"(37, 8)",179,0.895,True,0.11,0.73,False,1.9877447255400765e-05,119,119.0,127.0,8.0,inf,False,False,32
2565,layer3.conv2,scale,6,"(9, 14)",1,0.005,True,0.84,0.0,False,1.9877447255400765e-05,118,118.0,54.0,64.0,inf,False,False,32
2566,layer3.conv2,scale,0,"(24, 1)",1,0.005,True,0.845,-0.0050000000000000044,False,1.9877447255400765e-05,118,118.0,119.0,1.0,inf,False,False,32
2567,layer3.conv2,scale,5,"(11, 7)",1,0.005,True,0.835,0.0050000000000000044,False,1.9877447255400765e-05,118,118.0,86.0,32.0,inf,False,False,32
2568,layer3.conv2,scale,1,"(21, 4)",1,0.005,True,0.84,0.0,False,1.9877447255400765e-05,118,118.0,116.0,2.0,inf,False,False,32
2569,layer3.conv2,scale,1,"(63, 2)",1,0.005,True,0.845,-0.0050000000000000044,False,1.9877447255400765e-05,118,118.0,116.0,2.0,inf,False,False,32
2570,layer3.conv2,scale,4,"(40, 10)",2,0.01,True,0.835,0.0050000000000000044,False,1.9877447255400765e-05,119,119.0,103.0,16.0,inf,False,False,32
2571,layer3.conv2,scale,4,"(37, 2)",3,0.015,True,0.835,0.0050000000000000044,False,1.9877447255400765e-05,117,117.0,101.0,16.0,inf,False,False,32
2572,layer3.conv2,scale,2,"(12, 9)",0,0.0,False,0.84,0.0,False,1.9877447255400765e-05,118,118.0,114.0,4.0,inf,False,False,32
2573,layer3.conv2,scale,7,"(49, 15)",200,1.0,True,0.0,0.84,True,1.9877447255400765e-05,117,117.0,245.0,128.0,inf,False,False,32
2574,layer3.conv2,scale,1,"(5, 17)",2,0.01,True,0.835,0.0050000000000000044,False,1.9877447255400765e-05,118,118.0,116.0,2.0,inf,False,False,32
2575,layer3.conv2,scale,4,"(24, 11)",0,0.0,False,0.84,0.0,False,1.9877447255400765e-05,117,117.0,101.0,16.0,inf,False,False,32
2576,layer3.conv2,scale,7,"(11, 5)",200,1.0,True,0.0,0.84,True,1.9877447255400765e-05,118,118.0,246.0,128.0,inf,False,False,32
2577,layer3.conv2,scale,4,"(11, 10)",4,0.02,True,0.825,0.015000000000000013,False,1.9877447255400765e-05,118,118.0,102.0,16.0,inf,False,False,32
2578,layer3.conv2,scale,1,"(39, 6)",2,0.01,True,0.84,0.0,False,1.9877447255400765e-05,118,118.0,116.0,2.0,inf,False,False,32
2579,layer3.conv2,scale,5,"(21, 8)",1,0.005,True,0.84,0.0,False,1.9877447255400765e-05,118,118.0,86.0,32.0,inf,False,False,32
2580,layer3.conv2,scale,1,"(39, 13)",1,0.005,True,0.835,0.0050000000000000044,False,1.9877447255400765e-05,119,119.0,117.0,2.0,inf,False,False,32
2581,layer3.conv2,scale,4,"(44, 9)",2,0.01,True,0.845,-0.0050000000000000044,False,1.9877447255400765e-05,118,118.0,102.0,16.0,inf,False,False,32
2582,layer3.conv2,scale,5,"(11, 16)",3,0.015,True,0.83,0.010000000000000009,False,1.9877447255400765e-05,118,118.0,86.0,32.0,inf,False,False,32
2583,layer3.conv2,scale,7,"(26, 7)",197,0.985,True,0.015,0.825,True,1.9877447255400765e-05,118,118.0,246.0,128.0,inf,False,False,32
2584,layer3.conv2,scale,6,"(23, 2)",0,0.0,False,0.84,0.0,False,1.9877447255400765e-05,118,118.0,54.0,64.0,inf,False,False,32
2585,layer3.conv2,scale,2,"(0, 11)",1,0.005,True,0.835,0.0050000000000000044,False,1.9877447255400765e-05,117,117.0,113.0,4.0,inf,False,False,32
2586,layer3.conv2,scale,7,"(0, 9)",200,1.0,True,0.0,0.84,True,1.9877447255400765e-05,118,118.0,246.0,128.0,inf,False,False,32
2587,layer3.conv2,scale,1,"(35, 9)",3,0.015,True,0.835,0.0050000000000000044,False,1.9877447255400765e-05,118,118.0,116.0,2.0,inf,False,False,32
2588,layer3.conv2,scale,7,"(46, 0)",200,1.0,True,0.0,0.84,True,1.9877447255400765e-05,118,118.0,246.0,128.0,inf,False,False,32
2589,layer3.conv2,scale,0,"(32, 13)",4,0.02,True,0.825,0.015000000000000013,False,1.9877447255400765e-05,118,118.0,119.0,1.0,inf,False,False,32
2590,layer3.conv2,scale,0,"(16, 7)",3,0.015,True,0.835,0.0050000000000000044,False,1.9877447255400765e-05,118,118.0,119.0,1.0,inf,False,False,32
2591,layer3.conv2,scale,3,"(43, 10)",178,0.89,True,0.105,0.735,False,1.9877447255400765e-05,118,118.0,126.0,8.0,inf,False,False,32
2592,layer3.conv2,scale,0,"(37, 7)",1,0.005,True,0.835,0.0050000000000000044,False,1.9877447255400765e-05,117,117.0,116.0,1.0,inf,False,False,32
2593,layer3.conv2,scale,2,"(1, 14)",0,0.0,False,0.84,0.0,False,1.9877447255400765e-05,117,117.0,113.0,4.0,inf,False,False,32
2594,layer3.conv2,scale,3,"(55, 0)",181,0.905,True,0.105,0.735,False,1.9877447255400765e-05,118,118.0,126.0,8.0,inf,False,False,32
2595,layer3.conv2,scale,3,"(56, 15)",107,0.535,True,0.44,0.39999999999999997,False,1.9877447255400765e-05,118,118.0,126.0,8.0,inf,False,False,32
2596,layer3.conv2,scale,0,"(7, 4)",1,0.005,True,0.84,0.0,False,1.9877447255400765e-05,117,117.0,116.0,1.0,inf,False,False,32
2597,layer3.conv2,scale,1,"(29, 9)",0,0.0,False,0.84,0.0,False,1.9877447255400765e-05,118,118.0,116.0,2.0,inf,False,False,32
2598,layer3.conv2,scale,1,"(51, 5)",5,0.025,True,0.835,0.0050000000000000044,False,1.9877447255400765e-05,118,118.0,116.0,2.0,inf,False,False,32
2599,layer3.conv2,scale,3,"(23, 1)",83,0.415,True,0.535,0.30499999999999994,False,1.9877447255400765e-05,118,118.0,126.0,8.0,inf,False,False,32
2600,layer3.conv2,scale,6,"(30, 16)",2,0.01,True,0.84,0.0,False,1.9877447255400765e-05,117,117.0,53.0,64.0,inf,False,False,32
2601,layer3.conv2,scale,3,"(18, 8)",35,0.175,True,0.775,0.06499999999999995,False,1.9877447255400765e-05,118,118.0,126.0,8.0,inf,False,False,32
2602,layer3.conv2,scale,7,"(51, 10)",200,1.0,True,0.0,0.84,True,1.9877447255400765e-05,118,118.0,246.0,128.0,inf,False,False,32
2603,layer3.conv2,scale,2,"(54, 6)",1,0.005,True,0.835,0.0050000000000000044,False,1.9877447255400765e-05,118,118.0,114.0,4.0,inf,False,False,32
2604,layer3.conv2,scale,7,"(38, 12)",193,0.965,True,0.045,0.7949999999999999,True,1.9877447255400765e-05,117,117.0,245.0,128.0,inf,False,False,32
2605,layer3.conv2,scale,6,"(16, 17)",0,0.0,False,0.84,0.0,False,1.9877447255400765e-05,117,117.0,53.0,64.0,inf,False,False,32
2606,layer3.conv2,scale,7,"(26, 2)",199,0.995,True,0.005,0.835,True,1.9877447255400765e-05,118,118.0,246.0,128.0,inf,False,False,32
2607,layer3.conv2,scale,4,"(19, 3)",2,0.01,True,0.84,0.0,False,1.9877447255400765e-05,118,118.0,102.0,16.0,inf,False,False,32
2608,layer3.conv2,scale,3,"(0, 13)",163,0.815,True,0.175,0.665,False,1.9877447255400765e-05,118,118.0,126.0,8.0,inf,False,False,32
2609,layer3.conv2,scale,4,"(56, 17)",5,0.025,True,0.84,0.0,False,1.9877447255400765e-05,118,118.0,102.0,16.0,inf,False,False,32
2610,layer3.conv2,scale,0,"(30, 0)",3,0.015,True,0.83,0.010000000000000009,False,1.9877447255400765e-05,118,118.0,119.0,1.0,inf,False,False,32
2611,layer3.conv2,scale,7,"(30, 1)",199,0.995,True,0.005,0.835,True,1.9877447255400765e-05,118,118.0,246.0,128.0,inf,False,False,32
2612,layer3.conv2,scale,3,"(54, 12)",179,0.895,True,0.1,0.74,False,1.9877447255400765e-05,117,117.0,125.0,8.0,inf,False,False,32
2613,layer3.conv2,scale,7,"(3, 1)",200,1.0,True,0.0,0.84,True,1.9877447255400765e-05,118,118.0,246.0,128.0,inf,False,False,32
2614,layer3.conv2,scale,4,"(52, 4)",2,0.01,True,0.84,0.0,False,1.9877447255400765e-05,118,118.0,102.0,16.0,inf,False,False,32
2615,layer3.conv2,scale,5,"(7, 14)",5,0.025,True,0.85,-0.010000000000000009,False,1.9877447255400765e-05,118,118.0,86.0,32.0,inf,False,False,32
2616,layer3.conv2,scale,3,"(14, 15)",59,0.295,True,0.645,0.19499999999999995,False,1.9877447255400765e-05,117,117.0,125.0,8.0,inf,False,False,32
2617,layer3.conv2,scale,0,"(48, 4)",2,0.01,True,0.835,0.0050000000000000044,False,1.9877447255400765e-05,118,118.0,119.0,1.0,inf,False,False,32
2618,layer3.conv2,scale,4,"(20, 14)",3,0.015,True,0.83,0.010000000000000009,False,1.9877447255400765e-05,118,118.0,102.0,16.0,inf,False,False,32
2619,layer3.conv2,scale,5,"(20, 15)",3,0.015,True,0.855,-0.015000000000000013,False,1.9877447255400765e-05,118,118.0,86.0,32.0,inf,False,False,32
2620,layer3.conv2,scale,0,"(11, 14)",2,0.01,True,0.85,-0.010000000000000009,False,1.9877447255400765e-05,118,118.0,119.0,1.0,inf,False,False,32
2621,layer3.conv2,scale,2,"(19, 8)",2,0.01,True,0.84,0.0,False,1.9877447255400765e-05,118,118.0,114.0,4.0,inf,False,False,32
2622,layer3.conv2,scale,3,"(23, 8)",168,0.84,True,0.16,0.6799999999999999,False,1.9877447255400765e-05,118,118.0,126.0,8.0,inf,False,False,32
2623,layer3.conv2,scale,1,"(18, 16)",3,0.015,True,0.83,0.010000000000000009,False,1.9877447255400765e-05,118,118.0,116.0,2.0,inf,False,False,32
2624,layer3.conv2,scale,5,"(62, 4)",1,0.005,True,0.845,-0.0050000000000000044,False,1.9877447255400765e-05,117,117.0,85.0,32.0,inf,False,False,32
2625,layer3.conv2,scale,4,"(62, 4)",1,0.005,True,0.845,-0.0050000000000000044,False,1.9877447255400765e-05,117,117.0,101.0,16.0,inf,False,False,32
2626,layer3.conv2,scale,5,"(30, 14)",2,0.01,True,0.84,0.0,False,1.9877447255400765e-05,118,118.0,86.0,32.0,inf,False,False,32
2627,layer3.conv2,scale,1,"(31, 1)",4,0.02,True,0.84,0.0,False,1.9877447255400765e-05,118,118.0,116.0,2.0,inf,False,False,32
2628,layer3.conv2,scale,1,"(13, 17)",1,0.005,True,0.835,0.0050000000000000044,False,1.9877447255400765e-05,118,118.0,116.0,2.0,inf,False,False,32
2629,layer3.conv2,scale,5,"(57, 6)",1,0.005,True,0.84,0.0,False,1.9877447255400765e-05,118,118.0,86.0,32.0,inf,False,False,32
2630,layer3.conv2,scale,6,"(16, 3)",2,0.01,True,0.835,0.0050000000000000044,False,1.9877447255400765e-05,118,118.0,54.0,64.0,inf,False,False,32
2631,layer3.conv2,scale,6,"(50, 15)",0,0.0,False,0.84,0.0,False,1.9877447255400765e-05,118,118.0,54.0,64.0,inf,False,False,32
2632,layer3.conv2,scale,5,"(61, 2)",2,0.01,True,0.835,0.0050000000000000044,False,1.9877447255400765e-05,117,117.0,85.0,32.0,inf,False,False,32
2633,layer3.conv2,scale,1,"(50, 7)",4,0.02,True,0.835,0.0050000000000000044,False,1.9877447255400765e-05,118,118.0,116.0,2.0,inf,False,False,32
2634,layer3.conv2,scale,7,"(28, 17)",200,1.0,True,0.0,0.84,True,1.9877447255400765e-05,118,118.0,246.0,128.0,inf,False,False,32
2635,layer3.conv2,scale,1,"(49, 13)",1,0.005,True,0.84,0.0,False,1.9877447255400765e-05,118,118.0,116.0,2.0,inf,False,False,32
2636,layer3.conv2,scale,0,"(54, 4)",1,0.005,True,0.84,0.0,False,1.9877447255400765e-05,118,118.0,119.0,1.0,inf,False,False,32
2637,layer3.conv2,scale,7,"(19, 10)",200,1.0,True,0.0,0.84,True,1.9877447255400765e-05,118,118.0,246.0,128.0,inf,False,False,32
2638,layer3.conv2,scale,3,"(34, 2)",172,0.86,True,0.125,0.715,False,1.9877447255400765e-05,118,118.0,126.0,8.0,inf,False,False,32
2639,layer3.conv2,scale,0,"(52, 13)",1,0.005,True,0.835,0.0050000000000000044,False,1.9877447255400765e-05,118,118.0,119.0,1.0,inf,False,False,32
2640,layer3.conv2,scale,2,"(50, 14)",3,0.015,True,0.835,0.0050000000000000044,False,1.9877447255400765e-05,117,117.0,113.0,4.0,inf,False,False,32
2641,layer3.conv2,scale,6,"(31, 7)",1,0.005,True,0.845,-0.0050000000000000044,False,1.9877447255400765e-05,118,118.0,54.0,64.0,inf,False,False,32
2642,layer3.conv2,scale,2,"(39, 11)",2,0.01,True,0.84,0.0,False,1.9877447255400765e-05,118,118.0,114.0,4.0,inf,False,False,32
2643,layer3.conv2,scale,5,"(11, 2)",2,0.01,True,0.84,0.0,False,1.9877447255400765e-05,118,118.0,86.0,32.0,inf,False,False,32
2644,layer3.conv2,scale,4,"(2, 0)",2,0.01,True,0.845,-0.0050000000000000044,False,1.9877447255400765e-05,118,118.0,102.0,16.0,inf,False,False,32
2645,layer3.conv2,scale,5,"(16, 3)",2,0.01,True,0.835,0.0050000000000000044,False,1.9877447255400765e-05,118,118.0,86.0,32.0,inf,False,False,32
2646,layer3.conv2,scale,4,"(14, 13)",2,0.01,True,0.835,0.0050000000000000044,False,1.9877447255400765e-05,118,118.0,102.0,16.0,inf,False,False,32
2647,layer3.conv2,scale,0,"(33, 15)",7,0.035,True,0.835,0.0050000000000000044,False,1.9877447255400765e-05,118,118.0,119.0,1.0,inf,False,False,32
2648,layer3.conv2,scale,2,"(19, 5)",1,0.005,True,0.84,0.0,False,1.9877447255400765e-05,118,118.0,114.0,4.0,inf,False,False,32
2649,layer3.conv2,scale,7,"(30, 14)",200,1.0,True,0.0,0.84,True,1.9877447255400765e-05,118,118.0,246.0,128.0,inf,False,False,32
2650,layer3.conv2,scale,4,"(56, 7)",2,0.01,True,0.84,0.0,False,1.9877447255400765e-05,117,117.0,101.0,16.0,inf,False,False,32
2651,layer3.conv2,scale,1,"(63, 2)",1,0.005,True,0.845,-0.0050000000000000044,False,1.9877447255400765e-05,118,118.0,116.0,2.0,inf,False,False,32
2652,layer3.conv2,scale,6,"(57, 3)",1,0.005,True,0.84,0.0,False,1.9877447255400765e-05,117,117.0,53.0,64.0,inf,False,False,32
2653,layer3.conv2,scale,6,"(39, 11)",2,0.01,True,0.84,0.0,False,1.9877447255400765e-05,118,118.0,54.0,64.0,inf,False,False,32
2654,layer3.conv2,scale,6,"(23, 5)",4,0.02,True,0.825,0.015000000000000013,False,1.9877447255400765e-05,118,118.0,54.0,64.0,inf,False,False,32
2655,layer3.conv2,scale,4,"(39, 14)",1,0.005,True,0.84,0.0,False,1.9877447255400765e-05,118,118.0,102.0,16.0,inf,False,False,32
2656,layer3.conv2,scale,0,"(23, 7)",1,0.005,True,0.84,0.0,False,1.9877447255400765e-05,118,118.0,119.0,1.0,inf,False,False,32
2657,layer3.conv2,scale,2,"(3, 6)",2,0.01,True,0.84,0.0,False,1.9877447255400765e-05,118,118.0,114.0,4.0,inf,False,False,32
2658,layer3.conv2,scale,6,"(54, 1)",0,0.0,False,0.84,0.0,False,1.9877447255400765e-05,117,117.0,53.0,64.0,inf,False,False,32
2659,layer3.conv2,scale,1,"(4, 5)",1,0.005,True,0.84,0.0,False,1.9877447255400765e-05,118,118.0,116.0,2.0,inf,False,False,32
2660,layer3.conv2,scale,7,"(44, 2)",200,1.0,True,0.0,0.84,True,1.9877447255400765e-05,119,119.0,247.0,128.0,inf,False,False,32
2661,layer3.conv2,scale,0,"(19, 6)",1,0.005,True,0.835,0.0050000000000000044,False,1.9877447255400765e-05,118,118.0,119.0,1.0,inf,False,False,32
2662,layer3.conv2,scale,0,"(14, 4)",0,0.0,False,0.84,0.0,False,1.9877447255400765e-05,117,117.0,116.0,1.0,inf,False,False,32
2663,layer3.conv2,scale,1,"(28, 11)",0,0.0,False,0.84,0.0,False,1.9877447255400765e-05,118,118.0,116.0,2.0,inf,False,False,32
2664,layer3.conv2,scale,6,"(10, 17)",2,0.01,True,0.84,0.0,False,1.9877447255400765e-05,118,118.0,54.0,64.0,inf,False,False,32
2665,layer3.conv2,scale,0,"(59, 8)",2,0.01,True,0.84,0.0,False,1.9877447255400765e-05,118,118.0,119.0,1.0,inf,False,False,32
2666,layer3.conv2,scale,7,"(9, 17)",197,0.985,True,0.015,0.825,True,1.9877447255400765e-05,118,118.0,246.0,128.0,inf,False,False,32
2667,layer3.conv2,scale,0,"(3, 5)",2,0.01,True,0.835,0.0050000000000000044,False,1.9877447255400765e-05,118,118.0,119.0,1.0,inf,False,False,32
2668,layer3.conv2,scale,5,"(50, 8)",0,0.0,False,0.84,0.0,False,1.9877447255400765e-05,117,117.0,85.0,32.0,inf,False,False,32
2669,layer3.conv2,scale,5,"(46, 5)",1,0.005,True,0.84,0.0,False,1.9877447255400765e-05,118,118.0,86.0,32.0,inf,False,False,32
2670,layer3.conv2,scale,4,"(47, 2)",1,0.005,True,0.835,0.0050000000000000044,False,1.9877447255400765e-05,118,118.0,102.0,16.0,inf,False,False,32
2671,layer3.conv2,scale,7,"(39, 13)",200,1.0,True,0.0,0.84,True,1.9877447255400765e-05,119,119.0,247.0,128.0,inf,False,False,32
2672,layer3.conv2,scale,6,"(20, 1)",1,0.005,True,0.835,0.0050000000000000044,False,1.9877447255400765e-05,118,118.0,54.0,64.0,inf,False,False,32
2673,layer3.conv2,scale,4,"(15, 11)",0,0.0,False,0.84,0.0,False,1.9877447255400765e-05,119,119.0,103.0,16.0,inf,False,False,32
2674,layer3.conv2,scale,5,"(37, 12)",2,0.01,True,0.83,0.010000000000000009,False,1.9877447255400765e-05,118,118.0,86.0,32.0,inf,False,False,32
2675,layer3.conv2,scale,6,"(58, 12)",1,0.005,True,0.84,0.0,False,1.9877447255400765e-05,117,117.0,53.0,64.0,inf,False,False,32
2676,layer3.conv2,scale,5,"(13, 16)",1,0.005,True,0.835,0.0050000000000000044,False,1.9877447255400765e-05,118,118.0,86.0,32.0,inf,False,False,32
2677,layer3.conv2,scale,7,"(24, 6)",200,1.0,True,0.0,0.84,True,1.9877447255400765e-05,117,117.0,245.0,128.0,inf,False,False,32
2678,layer3.conv2,scale,3,"(37, 16)",112,0.56,True,0.41,0.43,False,1.9877447255400765e-05,117,117.0,125.0,8.0,inf,False,False,32
2679,layer3.conv2,scale,0,"(53, 9)",2,0.01,True,0.84,0.0,False,1.9877447255400765e-05,118,118.0,119.0,1.0,inf,False,False,32
2680,layer3.conv2,scale,2,"(11, 9)",1,0.005,True,0.84,0.0,False,1.9877447255400765e-05,118,118.0,114.0,4.0,inf,False,False,32
2681,layer3.conv2,scale,3,"(17, 9)",125,0.625,True,0.37,0.47,False,1.9877447255400765e-05,118,118.0,126.0,8.0,inf,False,False,32
2682,layer3.conv2,scale,1,"(23, 10)",2,0.01,True,0.835,0.0050000000000000044,False,1.9877447255400765e-05,118,118.0,116.0,2.0,inf,False,False,32
2683,layer3.conv2,scale,3,"(36, 4)",40,0.2,True,0.72,0.12,False,1.9877447255400765e-05,118,118.0,126.0,8.0,inf,False,False,32
2684,layer3.conv2,scale,7,"(49, 3)",200,1.0,True,0.0,0.84,True,1.9877447255400765e-05,118,118.0,246.0,128.0,inf,False,False,32
2685,layer3.conv2,scale,1,"(49, 13)",1,0.005,True,0.84,0.0,False,1.9877447255400765e-05,118,118.0,116.0,2.0,inf,False,False,32
2686,layer3.conv2,scale,6,"(4, 2)",4,0.02,True,0.835,0.0050000000000000044,False,1.9877447255400765e-05,118,118.0,54.0,64.0,inf,False,False,32
2687,layer3.conv2,scale,5,"(55, 4)",2,0.01,True,0.845,-0.0050000000000000044,False,1.9877447255400765e-05,117,117.0,85.0,32.0,inf,False,False,32
2688,layer3.conv2,scale,3,"(23, 17)",174,0.87,True,0.135,0.705,False,1.9877447255400765e-05,118,118.0,126.0,8.0,inf,False,False,32
2689,layer3.conv2,scale,4,"(22, 16)",0,0.0,False,0.84,0.0,False,1.9877447255400765e-05,117,117.0,101.0,16.0,inf,False,False,32
2690,layer3.conv2,scale,6,"(3, 11)",1,0.005,True,0.84,0.0,False,1.9877447255400765e-05,118,118.0,54.0,64.0,inf,False,False,32
2691,layer3.conv2,scale,1,"(13, 9)",1,0.005,True,0.835,0.0050000000000000044,False,1.9877447255400765e-05,119,119.0,117.0,2.0,inf,False,False,32
2692,layer3.conv2,scale,5,"(62, 4)",1,0.005,True,0.845,-0.0050000000000000044,False,1.9877447255400765e-05,117,117.0,85.0,32.0,inf,False,False,32
2693,layer3.conv2,scale,7,"(41, 15)",200,1.0,True,0.0,0.84,True,1.9877447255400765e-05,118,118.0,246.0,128.0,inf,False,False,32
2694,layer3.conv2,scale,2,"(6, 4)",0,0.0,False,0.84,0.0,False,1.9877447255400765e-05,118,118.0,114.0,4.0,inf,False,False,32
2695,layer3.conv2,scale,0,"(40, 17)",3,0.015,True,0.835,0.0050000000000000044,False,1.9877447255400765e-05,119,119.0,118.0,1.0,inf,False,False,32
2696,layer3.conv2,scale,0,"(9, 6)",1,0.005,True,0.84,0.0,False,1.9877447255400765e-05,118,118.0,119.0,1.0,inf,False,False,32
2697,layer3.conv2,scale,0,"(3, 0)",2,0.01,True,0.84,0.0,False,1.9877447255400765e-05,119,119.0,118.0,1.0,inf,False,False,32
2698,layer3.conv2,scale,5,"(44, 6)",4,0.02,True,0.825,0.015000000000000013,False,1.9877447255400765e-05,118,118.0,86.0,32.0,inf,False,False,32
2699,layer3.conv2,scale,6,"(38, 9)",5,0.025,True,0.83,0.010000000000000009,False,1.9877447255400765e-05,118,118.0,54.0,64.0,inf,False,False,32
2700,layer3.conv2,scale,6,"(36, 0)",1,0.005,True,0.84,0.0,False,1.9877447255400765e-05,118,118.0,54.0,64.0,inf,False,False,32
2701,layer3.conv2,scale,3,"(60, 5)",134,0.67,True,0.33,0.51,False,1.9877447255400765e-05,117,117.0,125.0,8.0,inf,False,False,32
2702,layer3.conv2,scale,4,"(52, 0)",1,0.005,True,0.835,0.0050000000000000044,False,1.9877447255400765e-05,118,118.0,102.0,16.0,inf,False,False,32
2703,layer3.conv2,scale,5,"(15, 13)",2,0.01,True,0.835,0.0050000000000000044,False,1.9877447255400765e-05,118,118.0,86.0,32.0,inf,False,False,32
2704,layer3.conv2,scale,0,"(40, 13)",2,0.01,True,0.83,0.010000000000000009,False,1.9877447255400765e-05,118,118.0,119.0,1.0,inf,False,False,32
2705,layer3.conv2,scale,0,"(40, 2)",1,0.005,True,0.835,0.0050000000000000044,False,1.9877447255400765e-05,118,118.0,119.0,1.0,inf,False,False,32
2706,layer3.conv2,scale,5,"(39, 12)",3,0.015,True,0.835,0.0050000000000000044,False,1.9877447255400765e-05,118,118.0,86.0,32.0,inf,False,False,32
2707,layer3.conv2,scale,0,"(58, 11)",2,0.01,True,0.835,0.0050000000000000044,False,1.9877447255400765e-05,118,118.0,119.0,1.0,inf,False,False,32
2708,layer3.conv2,scale,2,"(9, 15)",0,0.0,False,0.84,0.0,False,1.9877447255400765e-05,118,118.0,114.0,4.0,inf,False,False,32
2709,layer3.conv2,scale,2,"(24, 11)",0,0.0,False,0.84,0.0,False,1.9877447255400765e-05,117,117.0,113.0,4.0,inf,False,False,32
2710,layer3.conv2,scale,6,"(35, 4)",2,0.01,True,0.835,0.0050000000000000044,False,1.9877447255400765e-05,118,118.0,54.0,64.0,inf,False,False,32
2711,layer3.conv2,scale,2,"(52, 7)",0,0.0,False,0.84,0.0,False,1.9877447255400765e-05,118,118.0,114.0,4.0,inf,False,False,32
2712,layer3.conv2,scale,7,"(29, 16)",195,0.975,True,0.025,0.815,True,1.9877447255400765e-05,117,117.0,245.0,128.0,inf,False,False,32
2713,layer3.conv2,scale,4,"(57, 6)",1,0.005,True,0.84,0.0,False,1.9877447255400765e-05,118,118.0,102.0,16.0,inf,False,False,32
2714,layer3.conv2,scale,1,"(17, 2)",1,0.005,True,0.835,0.0050000000000000044,False,1.9877447255400765e-05,118,118.0,116.0,2.0,inf,False,False,32
2715,layer3.conv2,scale,2,"(3, 1)",2,0.01,True,0.835,0.0050000000000000044,False,1.9877447255400765e-05,118,118.0,114.0,4.0,inf,False,False,32
2716,layer3.conv2,scale,4,"(9, 7)",3,0.015,True,0.84,0.0,False,1.9877447255400765e-05,118,118.0,102.0,16.0,inf,False,False,32
2717,layer3.conv2,scale,1,"(18, 13)",1,0.005,True,0.84,0.0,False,1.9877447255400765e-05,118,118.0,116.0,2.0,inf,False,False,32
2718,layer3.conv2,scale,6,"(62, 11)",3,0.015,True,0.84,0.0,False,1.9877447255400765e-05,118,118.0,54.0,64.0,inf,False,False,32
2719,layer3.conv2,scale,7,"(15, 10)",200,1.0,True,0.0,0.84,True,1.9877447255400765e-05,119,119.0,247.0,128.0,inf,False,False,32
2720,layer3.conv2,scale,5,"(16, 8)",0,0.0,False,0.84,0.0,False,1.9877447255400765e-05,118,118.0,86.0,32.0,inf,False,False,32
2721,layer3.conv2,scale,1,"(58, 2)",1,0.005,True,0.835,0.0050000000000000044,False,1.9877447255400765e-05,118,118.0,116.0,2.0,inf,False,False,32
2722,layer3.conv2,scale,1,"(8, 2)",0,0.0,False,0.84,0.0,False,1.9877447255400765e-05,118,118.0,116.0,2.0,inf,False,False,32
2723,layer3.conv2,scale,4,"(38, 7)",0,0.0,False,0.84,0.0,False,1.9877447255400765e-05,117,117.0,101.0,16.0,inf,False,False,32
2724,layer3.conv2,scale,3,"(50, 5)",176,0.88,True,0.13,0.71,False,1.9877447255400765e-05,118,118.0,126.0,8.0,inf,False,False,32
2725,layer3.conv2,scale,1,"(7, 16)",1,0.005,True,0.84,0.0,False,1.9877447255400765e-05,118,118.0,116.0,2.0,inf,False,False,32
2726,layer3.conv2,scale,7,"(31, 2)",200,1.0,True,0.0,0.84,True,1.9877447255400765e-05,118,118.0,246.0,128.0,inf,False,False,32
2727,layer3.conv2,scale,6,"(24, 7)",1,0.005,True,0.845,-0.0050000000000000044,False,1.9877447255400765e-05,118,118.0,54.0,64.0,inf,False,False,32
2728,layer3.conv2,scale,2,"(49, 14)",2,0.01,True,0.84,0.0,False,1.9877447255400765e-05,118,118.0,114.0,4.0,inf,False,False,32
2729,layer3.conv2,scale,4,"(17, 7)",1,0.005,True,0.84,0.0,False,1.9877447255400765e-05,118,118.0,102.0,16.0,inf,False,False,32
2730,layer3.conv2,scale,6,"(10, 15)",1,0.005,True,0.84,0.0,False,1.9877447255400765e-05,118,118.0,54.0,64.0,inf,False,False,32
2731,layer3.conv2,scale,4,"(63, 11)",3,0.015,True,0.83,0.010000000000000009,False,1.9877447255400765e-05,118,118.0,102.0,16.0,inf,False,False,32
2732,layer3.conv2,scale,7,"(17, 3)",200,1.0,True,0.0,0.84,True,1.9877447255400765e-05,118,118.0,246.0,128.0,inf,False,False,32
2733,layer3.conv2,scale,3,"(56, 6)",158,0.79,True,0.195,0.645,False,1.9877447255400765e-05,118,118.0,126.0,8.0,inf,False,False,32
2734,layer3.conv2,scale,1,"(4, 17)",3,0.015,True,0.845,-0.0050000000000000044,False,1.9877447255400765e-05,117,117.0,119.0,2.0,inf,False,False,32
2735,layer3.conv2,scale,3,"(54, 8)",177,0.885,True,0.11,0.73,False,1.9877447255400765e-05,118,118.0,126.0,8.0,inf,False,False,32
2736,layer3.conv2,scale,0,"(21, 2)",0,0.0,False,0.84,0.0,False,1.9877447255400765e-05,118,118.0,119.0,1.0,inf,False,False,32
2737,layer3.conv2,scale,7,"(6, 17)",200,1.0,True,0.0,0.84,True,1.9877447255400765e-05,118,118.0,246.0,128.0,inf,False,False,32
2738,layer3.conv2,scale,0,"(28, 4)",0,0.0,False,0.84,0.0,False,1.9877447255400765e-05,117,117.0,116.0,1.0,inf,False,False,32
2739,layer3.conv2,scale,3,"(24, 7)",167,0.835,True,0.155,0.6849999999999999,False,1.9877447255400765e-05,118,118.0,126.0,8.0,inf,False,False,32
2740,layer3.conv2,scale,2,"(26, 3)",2,0.01,True,0.845,-0.0050000000000000044,False,1.9877447255400765e-05,118,118.0,114.0,4.0,inf,False,False,32
2741,layer3.conv2,scale,5,"(28, 4)",0,0.0,False,0.84,0.0,False,1.9877447255400765e-05,117,117.0,85.0,32.0,inf,False,False,32
2742,layer3.conv2,scale,5,"(11, 2)",2,0.01,True,0.84,0.0,False,1.9877447255400765e-05,118,118.0,86.0,32.0,inf,False,False,32
2743,layer3.conv2,scale,0,"(20, 11)",2,0.01,True,0.85,-0.010000000000000009,False,1.9877447255400765e-05,118,118.0,119.0,1.0,inf,False,False,32
2744,layer3.conv2,scale,2,"(21, 13)",0,0.0,False,0.84,0.0,False,1.9877447255400765e-05,118,118.0,114.0,4.0,inf,False,False,32
2745,layer3.conv2,scale,4,"(56, 12)",4,0.02,True,0.825,0.015000000000000013,False,1.9877447255400765e-05,117,117.0,101.0,16.0,inf,False,False,32
2746,layer3.conv2,scale,5,"(50, 13)",0,0.0,False,0.84,0.0,False,1.9877447255400765e-05,118,118.0,86.0,32.0,inf,False,False,32
2747,layer3.conv2,scale,6,"(29, 2)",1,0.005,True,0.84,0.0,False,1.9877447255400765e-05,118,118.0,54.0,64.0,inf,False,False,32
2748,layer3.conv2,scale,3,"(16, 10)",176,0.88,True,0.11,0.73,False,1.9877447255400765e-05,118,118.0,126.0,8.0,inf,False,False,32
2749,layer3.conv2,scale,3,"(48, 16)",178,0.89,True,0.1,0.74,False,1.9877447255400765e-05,119,119.0,127.0,8.0,inf,False,False,32
2750,layer3.conv2,scale,0,"(3, 12)",5,0.025,True,0.82,0.020000000000000018,False,1.9877447255400765e-05,118,118.0,119.0,1.0,inf,False,False,32
2751,layer3.conv2,scale,5,"(37, 5)",3,0.015,True,0.835,0.0050000000000000044,False,1.9877447255400765e-05,118,118.0,86.0,32.0,inf,False,False,32
2752,layer3.conv2,scale,0,"(44, 15)",4,0.02,True,0.85,-0.010000000000000009,False,1.9877447255400765e-05,118,118.0,119.0,1.0,inf,False,False,32
2753,layer3.conv2,scale,5,"(25, 13)",2,0.01,True,0.84,0.0,False,1.9877447255400765e-05,118,118.0,86.0,32.0,inf,False,False,32
2754,layer3.conv2,scale,2,"(17, 9)",1,0.005,True,0.835,0.0050000000000000044,False,1.9877447255400765e-05,118,118.0,114.0,4.0,inf,False,False,32
2755,layer3.conv2,scale,0,"(5, 12)",1,0.005,True,0.84,0.0,False,1.9877447255400765e-05,118,118.0,119.0,1.0,inf,False,False,32
2756,layer3.conv2,scale,6,"(5, 8)",5,0.025,True,0.84,0.0,False,1.9877447255400765e-05,118,118.0,54.0,64.0,inf,False,False,32
2757,layer3.conv2,scale,3,"(54, 14)",179,0.895,True,0.1,0.74,False,1.9877447255400765e-05,117,117.0,125.0,8.0,inf,False,False,32
2758,layer3.conv2,scale,0,"(43, 11)",1,0.005,True,0.835,0.0050000000000000044,False,1.9877447255400765e-05,117,117.0,116.0,1.0,inf,False,False,32
2759,layer3.conv2,scale,0,"(30, 13)",0,0.0,False,0.84,0.0,False,1.9877447255400765e-05,118,118.0,119.0,1.0,inf,False,False,32
2760,layer3.conv2,scale,4,"(63, 1)",2,0.01,True,0.85,-0.010000000000000009,False,1.9877447255400765e-05,118,118.0,102.0,16.0,inf,False,False,32
2761,layer3.conv2,scale,0,"(4, 11)",0,0.0,False,0.84,0.0,False,1.9877447255400765e-05,118,118.0,119.0,1.0,inf,False,False,32
2762,layer3.conv2,scale,5,"(33, 15)",5,0.025,True,0.825,0.015000000000000013,False,1.9877447255400765e-05,118,118.0,86.0,32.0,inf,False,False,32
2763,layer3.conv2,scale,5,"(30, 10)",2,0.01,True,0.84,0.0,False,1.9877447255400765e-05,118,118.0,86.0,32.0,inf,False,False,32
2764,layer3.conv2,scale,5,"(6, 3)",1,0.005,True,0.835,0.0050000000000000044,False,1.9877447255400765e-05,118,118.0,86.0,32.0,inf,False,False,32
2765,layer3.conv2,scale,1,"(2, 15)",3,0.015,True,0.85,-0.010000000000000009,False,1.9877447255400765e-05,118,118.0,116.0,2.0,inf,False,False,32
2766,layer3.conv2,scale,7,"(55, 0)",200,1.0,True,0.0,0.84,True,1.9877447255400765e-05,118,118.0,246.0,128.0,inf,False,False,32
2767,layer3.conv2,scale,0,"(20, 6)",3,0.015,True,0.84,0.0,False,1.9877447255400765e-05,118,118.0,119.0,1.0,inf,False,False,32
2768,layer3.conv2,scale,6,"(6, 12)",0,0.0,False,0.84,0.0,False,1.9877447255400765e-05,118,118.0,54.0,64.0,inf,False,False,32
2769,layer3.conv2,scale,3,"(57, 8)",106,0.53,True,0.445,0.39499999999999996,False,1.9877447255400765e-05,118,118.0,126.0,8.0,inf,False,False,32
2770,layer3.conv2,scale,3,"(11, 17)",180,0.9,True,0.105,0.735,False,1.9877447255400765e-05,117,117.0,125.0,8.0,inf,False,False,32
2771,layer3.conv2,scale,5,"(22, 0)",1,0.005,True,0.84,0.0,False,1.9877447255400765e-05,118,118.0,86.0,32.0,inf,False,False,32
2772,layer3.conv2,scale,3,"(37, 12)",173,0.865,True,0.14,0.7,False,1.9877447255400765e-05,118,118.0,126.0,8.0,inf,False,False,32
2773,layer3.conv2,scale,2,"(21, 4)",3,0.015,True,0.835,0.0050000000000000044,False,1.9877447255400765e-05,118,118.0,114.0,4.0,inf,False,False,32
2774,layer3.conv2,scale,3,"(6, 9)",171,0.855,True,0.14,0.7,False,1.9877447255400765e-05,118,118.0,126.0,8.0,inf,False,False,32
2775,layer3.conv2,scale,1,"(19, 8)",2,0.01,True,0.84,0.0,False,1.9877447255400765e-05,118,118.0,116.0,2.0,inf,False,False,32
2776,layer3.conv2,scale,3,"(3, 2)",159,0.795,True,0.18,0.6599999999999999,False,1.9877447255400765e-05,118,118.0,126.0,8.0,inf,False,False,32
2777,layer3.conv2,scale,1,"(36, 8)",1,0.005,True,0.84,0.0,False,1.9877447255400765e-05,118,118.0,116.0,2.0,inf,False,False,32
2778,layer3.conv2,scale,5,"(17, 3)",4,0.02,True,0.83,0.010000000000000009,False,1.9877447255400765e-05,118,118.0,86.0,32.0,inf,False,False,32
2779,layer3.conv2,scale,0,"(31, 16)",3,0.015,True,0.835,0.0050000000000000044,False,1.9877447255400765e-05,118,118.0,119.0,1.0,inf,False,False,32
2780,layer3.conv2,scale,2,"(40, 12)",1,0.005,True,0.84,0.0,False,1.9877447255400765e-05,118,118.0,114.0,4.0,inf,False,False,32
2781,layer3.conv2,scale,0,"(24, 7)",2,0.01,True,0.835,0.0050000000000000044,False,1.9877447255400765e-05,118,118.0,119.0,1.0,inf,False,False,32
2782,layer3.conv2,scale,0,"(60, 3)",2,0.01,True,0.845,-0.0050000000000000044,False,1.9877447255400765e-05,118,118.0,119.0,1.0,inf,False,False,32
2783,layer3.conv2,scale,3,"(54, 9)",178,0.89,True,0.105,0.735,False,1.9877447255400765e-05,118,118.0,126.0,8.0,inf,False,False,32
2784,layer3.conv2,scale,0,"(30, 4)",2,0.01,True,0.84,0.0,False,1.9877447255400765e-05,118,118.0,119.0,1.0,inf,False,False,32
2785,layer3.conv2,scale,1,"(29, 17)",1,0.005,True,0.84,0.0,False,1.9877447255400765e-05,118,118.0,116.0,2.0,inf,False,False,32
2786,layer3.conv2,scale,5,"(34, 12)",1,0.005,True,0.84,0.0,False,1.9877447255400765e-05,118,118.0,86.0,32.0,inf,False,False,32
2787,layer3.conv2,scale,3,"(53, 10)",102,0.51,True,0.445,0.39499999999999996,False,1.9877447255400765e-05,118,118.0,126.0,8.0,inf,False,False,32
2788,layer3.conv2,scale,5,"(60, 11)",1,0.005,True,0.84,0.0,False,1.9877447255400765e-05,118,118.0,86.0,32.0,inf,False,False,32
2789,layer3.conv2,scale,7,"(25, 14)",200,1.0,True,0.0,0.84,True,1.9877447255400765e-05,118,118.0,246.0,128.0,inf,False,False,32
2790,layer3.conv2,scale,0,"(26, 16)",1,0.005,True,0.84,0.0,False,1.9877447255400765e-05,118,118.0,119.0,1.0,inf,False,False,32
2791,layer3.conv2,scale,6,"(22, 8)",1,0.005,True,0.84,0.0,False,1.9877447255400765e-05,118,118.0,54.0,64.0,inf,False,False,32
2792,layer3.conv2,scale,0,"(33, 10)",2,0.01,True,0.845,-0.0050000000000000044,False,1.9877447255400765e-05,118,118.0,119.0,1.0,inf,False,False,32
2793,layer3.conv2,scale,6,"(11, 5)",1,0.005,True,0.84,0.0,False,1.9877447255400765e-05,118,118.0,54.0,64.0,inf,False,False,32
2794,layer3.conv2,scale,6,"(26, 0)",2,0.01,True,0.835,0.0050000000000000044,False,1.9877447255400765e-05,118,118.0,54.0,64.0,inf,False,False,32
2795,layer3.conv2,scale,7,"(4, 5)",200,1.0,True,0.0,0.84,True,1.9877447255400765e-05,118,118.0,246.0,128.0,inf,False,False,32
2796,layer3.conv2,scale,0,"(34, 1)",2,0.01,True,0.835,0.0050000000000000044,False,1.9877447255400765e-05,118,118.0,119.0,1.0,inf,False,False,32
2797,layer3.conv2,scale,5,"(36, 10)",1,0.005,True,0.84,0.0,False,1.9877447255400765e-05,118,118.0,86.0,32.0,inf,False,False,32
2798,layer3.conv2,scale,0,"(43, 16)",0,0.0,False,0.84,0.0,False,1.9877447255400765e-05,117,117.0,116.0,1.0,inf,False,False,32
2799,layer3.conv2,scale,3,"(22, 14)",32,0.16,True,0.745,0.09499999999999997,False,1.9877447255400765e-05,117,117.0,125.0,8.0,inf,False,False,32
2800,layer3.conv2,scale,1,"(50, 17)",2,0.01,True,0.84,0.0,False,1.9877447255400765e-05,118,118.0,116.0,2.0,inf,False,False,32
2801,layer3.conv2,scale,0,"(9, 6)",1,0.005,True,0.84,0.0,False,1.9877447255400765e-05,118,118.0,119.0,1.0,inf,False,False,32
2802,layer3.conv2,scale,5,"(63, 7)",3,0.015,True,0.845,-0.0050000000000000044,False,1.9877447255400765e-05,118,118.0,86.0,32.0,inf,False,False,32
2803,layer3.conv2,scale,5,"(33, 12)",0,0.0,False,0.84,0.0,False,1.9877447255400765e-05,118,118.0,86.0,32.0,inf,False,False,32
2804,layer3.conv2,scale,2,"(39, 6)",3,0.015,True,0.835,0.0050000000000000044,False,1.9877447255400765e-05,118,118.0,114.0,4.0,inf,False,False,32
2805,layer3.conv2,scale,0,"(45, 16)",3,0.015,True,0.84,0.0,False,1.9877447255400765e-05,118,118.0,119.0,1.0,inf,False,False,32
2806,layer3.conv2,scale,5,"(33, 6)",4,0.02,True,0.83,0.010000000000000009,False,1.9877447255400765e-05,118,118.0,86.0,32.0,inf,False,False,32
2807,layer3.conv2,scale,2,"(40, 5)",1,0.005,True,0.835,0.0050000000000000044,False,1.9877447255400765e-05,118,118.0,114.0,4.0,inf,False,False,32
2808,layer3.conv2,scale,0,"(37, 3)",2,0.01,True,0.84,0.0,False,1.9877447255400765e-05,118,118.0,119.0,1.0,inf,False,False,32
2809,layer3.conv2,scale,2,"(1, 4)",0,0.0,False,0.84,0.0,False,1.9877447255400765e-05,117,117.0,113.0,4.0,inf,False,False,32
2810,layer3.conv2,scale,3,"(21, 16)",181,0.905,True,0.1,0.74,False,1.9877447255400765e-05,118,118.0,126.0,8.0,inf,False,False,32
2811,layer3.conv2,scale,7,"(23, 12)",200,1.0,True,0.0,0.84,True,1.9877447255400765e-05,118,118.0,246.0,128.0,inf,False,False,32
2812,layer3.conv2,scale,1,"(2, 6)",4,0.02,True,0.825,0.015000000000000013,False,1.9877447255400765e-05,118,118.0,116.0,2.0,inf,False,False,32
2813,layer3.conv2,scale,6,"(42, 17)",2,0.01,True,0.845,-0.0050000000000000044,False,1.9877447255400765e-05,118,118.0,54.0,64.0,inf,False,False,32
2814,layer3.conv2,scale,6,"(47, 6)",6,0.03,True,0.825,0.015000000000000013,False,1.9877447255400765e-05,118,118.0,54.0,64.0,inf,False,False,32
2815,layer3.conv2,scale,2,"(25, 6)",3,0.015,True,0.845,-0.0050000000000000044,False,1.9877447255400765e-05,118,118.0,114.0,4.0,inf,False,False,32
2816,layer3.conv2,scale,3,"(55, 13)",177,0.885,True,0.12,0.72,False,1.9877447255400765e-05,118,118.0,126.0,8.0,inf,False,False,32
2817,layer3.conv2,scale,2,"(28, 2)",4,0.02,True,0.83,0.010000000000000009,False,1.9877447255400765e-05,118,118.0,114.0,4.0,inf,False,False,32
2818,layer3.conv2,scale,5,"(31, 1)",4,0.02,True,0.84,0.0,False,1.9877447255400765e-05,118,118.0,86.0,32.0,inf,False,False,32
2819,layer3.conv2,scale,3,"(50, 9)",167,0.835,True,0.17,0.6699999999999999,False,1.9877447255400765e-05,118,118.0,126.0,8.0,inf,False,False,32
2820,layer3.conv2,scale,2,"(4, 15)",0,0.0,False,0.84,0.0,False,1.9877447255400765e-05,117,117.0,113.0,4.0,inf,False,False,32
2821,layer3.conv2,scale,0,"(9, 15)",1,0.005,True,0.84,0.0,False,1.9877447255400765e-05,118,118.0,119.0,1.0,inf,False,False,32
2822,layer3.conv2,scale,6,"(55, 9)",1,0.005,True,0.84,0.0,False,1.9877447255400765e-05,117,117.0,53.0,64.0,inf,False,False,32
2823,layer3.conv2,scale,0,"(10, 16)",1,0.005,True,0.84,0.0,False,1.9877447255400765e-05,118,118.0,119.0,1.0,inf,False,False,32
2824,layer3.conv2,scale,0,"(59, 1)",2,0.01,True,0.845,-0.0050000000000000044,False,1.9877447255400765e-05,118,118.0,119.0,1.0,inf,False,False,32
2825,layer3.conv2,scale,4,"(49, 2)",0,0.0,False,0.84,0.0,False,1.9877447255400765e-05,118,118.0,102.0,16.0,inf,False,False,32
2826,layer3.conv2,scale,5,"(6, 4)",0,0.0,False,0.84,0.0,False,1.9877447255400765e-05,118,118.0,86.0,32.0,inf,False,False,32
2827,layer3.conv2,scale,4,"(58, 15)",2,0.01,True,0.835,0.0050000000000000044,False,1.9877447255400765e-05,118,118.0,102.0,16.0,inf,False,False,32
2828,layer3.conv2,scale,4,"(52, 3)",2,0.01,True,0.845,-0.0050000000000000044,False,1.9877447255400765e-05,118,118.0,102.0,16.0,inf,False,False,32
2829,layer3.conv2,scale,5,"(10, 9)",1,0.005,True,0.84,0.0,False,1.9877447255400765e-05,118,118.0,86.0,32.0,inf,False,False,32
2830,layer3.conv2,scale,4,"(4, 16)",3,0.015,True,0.845,-0.0050000000000000044,False,1.9877447255400765e-05,118,118.0,102.0,16.0,inf,False,False,32
2831,layer3.conv2,scale,7,"(3, 13)",200,1.0,True,0.0,0.84,True,1.9877447255400765e-05,118,118.0,246.0,128.0,inf,False,False,32
2832,layer3.conv2,scale,2,"(44, 4)",6,0.03,True,0.82,0.020000000000000018,False,1.9877447255400765e-05,118,118.0,114.0,4.0,inf,False,False,32
2833,layer3.conv2,scale,1,"(52, 4)",1,0.005,True,0.84,0.0,False,1.9877447255400765e-05,118,118.0,116.0,2.0,inf,False,False,32
2834,layer3.conv2,scale,0,"(25, 3)",1,0.005,True,0.835,0.0050000000000000044,False,1.9877447255400765e-05,118,118.0,119.0,1.0,inf,False,False,32
2835,layer3.conv2,scale,7,"(36, 5)",200,1.0,True,0.0,0.84,True,1.9877447255400765e-05,118,118.0,246.0,128.0,inf,False,False,32
2836,layer3.conv2,scale,4,"(5, 2)",1,0.005,True,0.84,0.0,False,1.9877447255400765e-05,117,117.0,101.0,16.0,inf,False,False,32
2837,layer3.conv2,scale,1,"(15, 11)",0,0.0,False,0.84,0.0,False,1.9877447255400765e-05,119,119.0,117.0,2.0,inf,False,False,32
2838,layer3.conv2,scale,6,"(47, 0)",3,0.015,True,0.845,-0.0050000000000000044,False,1.9877447255400765e-05,118,118.0,54.0,64.0,inf,False,False,32
2839,layer3.conv2,scale,7,"(2, 17)",197,0.985,True,0.015,0.825,True,1.9877447255400765e-05,118,118.0,246.0,128.0,inf,False,False,32
2840,layer3.conv2,scale,7,"(2, 7)",200,1.0,True,0.0,0.84,True,1.9877447255400765e-05,118,118.0,246.0,128.0,inf,False,False,32
2841,layer3.conv2,scale,1,"(35, 4)",2,0.01,True,0.835,0.0050000000000000044,False,1.9877447255400765e-05,118,118.0,116.0,2.0,inf,False,False,32
2842,layer3.conv2,scale,1,"(4, 9)",2,0.01,True,0.845,-0.0050000000000000044,False,1.9877447255400765e-05,118,118.0,116.0,2.0,inf,False,False,32
2843,layer3.conv2,scale,3,"(9, 14)",159,0.795,True,0.21,0.63,False,1.9877447255400765e-05,118,118.0,126.0,8.0,inf,False,False,32
2844,layer3.conv2,scale,1,"(47, 3)",1,0.005,True,0.835,0.0050000000000000044,False,1.9877447255400765e-05,118,118.0,116.0,2.0,inf,False,False,32
2845,layer3.conv2,scale,5,"(57, 11)",1,0.005,True,0.84,0.0,False,1.9877447255400765e-05,118,118.0,86.0,32.0,inf,False,False,32
2846,layer3.conv2,scale,6,"(8, 8)",3,0.015,True,0.835,0.0050000000000000044,False,1.9877447255400765e-05,118,118.0,54.0,64.0,inf,False,False,32
2847,layer3.conv2,scale,1,"(57, 16)",1,0.005,True,0.845,-0.0050000000000000044,False,1.9877447255400765e-05,118,118.0,116.0,2.0,inf,False,False,32
2848,layer3.conv2,scale,6,"(62, 0)",2,0.01,True,0.84,0.0,False,1.9877447255400765e-05,118,118.0,54.0,64.0,inf,False,False,32
2849,layer3.conv2,scale,0,"(47, 1)",1,0.005,True,0.835,0.0050000000000000044,False,1.9877447255400765e-05,118,118.0,119.0,1.0,inf,False,False,32
2850,layer3.conv2,scale,6,"(17, 16)",0,0.0,False,0.84,0.0,False,1.9877447255400765e-05,117,117.0,53.0,64.0,inf,False,False,32
2851,layer3.conv2,scale,2,"(62, 17)",1,0.005,True,0.84,0.0,False,1.9877447255400765e-05,118,118.0,114.0,4.0,inf,False,False,32
2852,layer3.conv2,scale,4,"(7, 4)",1,0.005,True,0.84,0.0,False,1.9877447255400765e-05,117,117.0,101.0,16.0,inf,False,False,32
2853,layer3.conv2,scale,2,"(19, 9)",1,0.005,True,0.835,0.0050000000000000044,False,1.9877447255400765e-05,117,117.0,113.0,4.0,inf,False,False,32
2854,layer3.conv2,scale,5,"(38, 3)",1,0.005,True,0.835,0.0050000000000000044,False,1.9877447255400765e-05,118,118.0,86.0,32.0,inf,False,False,32
2855,layer3.conv2,scale,7,"(7, 10)",200,1.0,True,0.0,0.84,True,1.9877447255400765e-05,118,118.0,246.0,128.0,inf,False,False,32
2856,layer3.conv2,scale,3,"(0, 7)",141,0.705,True,0.285,0.5549999999999999,False,1.9877447255400765e-05,118,118.0,126.0,8.0,inf,False,False,32
2857,layer3.conv2,scale,2,"(41, 2)",0,0.0,False,0.84,0.0,False,1.9877447255400765e-05,118,118.0,114.0,4.0,inf,False,False,32
2858,layer3.conv2,scale,0,"(58, 3)",0,0.0,False,0.84,0.0,False,1.9877447255400765e-05,117,117.0,116.0,1.0,inf,False,False,32
2859,layer3.conv2,scale,5,"(15, 11)",0,0.0,False,0.84,0.0,False,1.9877447255400765e-05,119,119.0,87.0,32.0,inf,False,False,32
2860,layer3.conv2,scale,5,"(18, 4)",2,0.01,True,0.84,0.0,False,1.9877447255400765e-05,118,118.0,86.0,32.0,inf,False,False,32
2861,layer3.conv2,scale,6,"(44, 9)",2,0.01,True,0.845,-0.0050000000000000044,False,1.9877447255400765e-05,118,118.0,54.0,64.0,inf,False,False,32
2862,layer3.conv2,scale,2,"(34, 3)",3,0.015,True,0.84,0.0,False,1.9877447255400765e-05,118,118.0,114.0,4.0,inf,False,False,32
2863,layer3.conv2,scale,0,"(4, 12)",1,0.005,True,0.84,0.0,False,1.9877447255400765e-05,117,117.0,116.0,1.0,inf,False,False,32
2864,layer3.conv2,scale,6,"(52, 17)",2,0.01,True,0.84,0.0,False,1.9877447255400765e-05,118,118.0,54.0,64.0,inf,False,False,32
2865,layer3.conv2,scale,2,"(21, 16)",4,0.02,True,0.835,0.0050000000000000044,False,1.9877447255400765e-05,118,118.0,114.0,4.0,inf,False,False,32
2866,layer3.conv2,scale,5,"(43, 8)",1,0.005,True,0.835,0.0050000000000000044,False,1.9877447255400765e-05,118,118.0,86.0,32.0,inf,False,False,32
2867,layer3.conv2,scale,7,"(42, 1)",200,1.0,True,0.0,0.84,True,1.9877447255400765e-05,118,118.0,246.0,128.0,inf,False,False,32
2868,layer3.conv2,scale,2,"(60, 7)",1,0.005,True,0.835,0.0050000000000000044,False,1.9877447255400765e-05,118,118.0,114.0,4.0,inf,False,False,32
2869,layer3.conv2,scale,4,"(59, 17)",2,0.01,True,0.835,0.0050000000000000044,False,1.9877447255400765e-05,118,118.0,102.0,16.0,inf,False,False,32
2870,layer3.conv2,scale,2,"(55, 7)",2,0.01,True,0.845,-0.0050000000000000044,False,1.9877447255400765e-05,118,118.0,114.0,4.0,inf,False,False,32
2871,layer3.conv2,scale,1,"(5, 8)",3,0.015,True,0.84,0.0,False,1.9877447255400765e-05,118,118.0,116.0,2.0,inf,False,False,32
2872,layer3.conv2,scale,1,"(35, 15)",2,0.01,True,0.84,0.0,False,1.9877447255400765e-05,118,118.0,116.0,2.0,inf,False,False,32
2873,layer3.conv2,scale,3,"(28, 16)",168,0.84,True,0.16,0.6799999999999999,False,1.9877447255400765e-05,117,117.0,125.0,8.0,inf,False,False,32
2874,layer3.conv2,scale,0,"(34, 14)",3,0.015,True,0.835,0.0050000000000000044,False,1.9877447255400765e-05,118,118.0,119.0,1.0,inf,False,False,32
2875,layer3.conv2,scale,3,"(60, 9)",115,0.575,True,0.42,0.42,False,1.9877447255400765e-05,117,117.0,125.0,8.0,inf,False,False,32
2876,layer3.conv2,scale,3,"(47, 4)",174,0.87,True,0.125,0.715,False,1.9877447255400765e-05,118,118.0,126.0,8.0,inf,False,False,32
2877,layer3.conv2,scale,6,"(3, 7)",2,0.01,True,0.835,0.0050000000000000044,False,1.9877447255400765e-05,119,119.0,55.0,64.0,inf,False,False,32
2878,layer3.conv2,scale,4,"(63, 7)",3,0.015,True,0.845,-0.0050000000000000044,False,1.9877447255400765e-05,118,118.0,102.0,16.0,inf,False,False,32
2879,layer3.conv2,scale,6,"(29, 2)",1,0.005,True,0.84,0.0,False,1.9877447255400765e-05,118,118.0,54.0,64.0,inf,False,False,32
2880,layer3.conv2,scale,5,"(33, 4)",2,0.01,True,0.845,-0.0050000000000000044,False,1.9877447255400765e-05,117,117.0,85.0,32.0,inf,False,False,32
2881,layer3.conv2,scale,2,"(47, 15)",0,0.0,False,0.84,0.0,False,1.9877447255400765e-05,118,118.0,114.0,4.0,inf,False,False,32
2882,layer3.conv2,scale,1,"(12, 2)",1,0.005,True,0.84,0.0,False,1.9877447255400765e-05,118,118.0,116.0,2.0,inf,False,False,32
2883,layer3.conv2,scale,7,"(30, 12)",200,1.0,True,0.0,0.84,True,1.9877447255400765e-05,118,118.0,246.0,128.0,inf,False,False,32
2884,layer3.conv2,scale,6,"(36, 7)",0,0.0,False,0.84,0.0,False,1.9877447255400765e-05,117,117.0,53.0,64.0,inf,False,False,32
2885,layer3.conv2,scale,0,"(54, 10)",1,0.005,True,0.84,0.0,False,1.9877447255400765e-05,117,117.0,116.0,1.0,inf,False,False,32
2886,layer3.conv2,scale,6,"(45, 12)",2,0.01,True,0.835,0.0050000000000000044,False,1.9877447255400765e-05,118,118.0,54.0,64.0,inf,False,False,32
2887,layer3.conv2,scale,7,"(25, 14)",200,1.0,True,0.0,0.84,True,1.9877447255400765e-05,118,118.0,246.0,128.0,inf,False,False,32
2888,layer3.shortcut.0,element,1,"(61, 0, 13)",0,0.0,False,0.84,0.0,False,0.0005030423253131487,219,-22.0,-18.0,0.2895064353942871,0.1818181872367859,False,False,1
2889,layer3.shortcut.0,element,4,"(6, 0, 7)",1,0.005,True,0.84,0.0,False,0.0005030423253131487,249,-288.0,-72.0,1.9999995231628418,0.75,False,False,1
2890,layer3.shortcut.0,element,4,"(25, 0, 17)",2,0.01,True,0.84,0.0,False,0.0005030423253131487,108,96.0,384.0,2.000000476837158,3.0,False,False,1
2891,layer3.shortcut.0,element,0,"(35, 0, 15)",0,0.0,False,0.84,0.0,False,0.0005030423253131487,244,-192.0,-208.0,0.1154775619506836,0.0833333358168602,False,False,1
2892,layer3.shortcut.0,element,0,"(41, 0, 9)",0,0.0,False,0.84,0.0,False,0.0005030423253131487,213,-13.0,-12.0,0.11547708511352539,0.07692307978868484,False,False,1
2893,layer3.shortcut.0,element,2,"(26, 0, 25)",0,0.0,False,0.84,0.0,False,0.0005030423253131487,235,-88.0,-120.0,0.44745874404907227,0.3636363744735718,False,False,1
2894,layer3.shortcut.0,element,3,"(16, 0, 30)",0,0.0,False,0.84,0.0,False,0.0005030423253131487,124,384.0,192.0,1.0000004768371582,0.5,False,False,1
2895,layer3.shortcut.0,element,1,"(52, 0, 22)",0,0.0,False,0.84,0.0,False,0.0005030423253131487,108,96.0,112.0,0.22239255905151367,0.1666666716337204,False,False,1
2896,layer3.shortcut.0,element,2,"(54, 0, 5)",0,0.0,False,0.84,0.0,False,0.0005030423253131487,213,-13.0,-9.0,0.5305147171020508,0.3076923191547394,False,False,1
2897,layer3.shortcut.0,element,5,"(30, 0, 24)",0,0.0,False,0.84,0.0,False,0.0005030423253131487,233,-72.0,-4.5,4.0,0.9375,False,False,1
2898,layer3.shortcut.0,element,5,"(13, 0, 9)",0,0.0,False,0.84,0.0,False,0.0005030423253131487,101,52.0,3.25,4.0,0.9375,False,False,1
2899,layer3.shortcut.0,element,6,"(18, 0, 0)",0,0.0,False,0.84,0.0,False,0.0005030423253131487,238,-112.0,-0.4375,8.0,0.99609375,False,False,1
2900,layer3.shortcut.0,element,5,"(15, 0, 16)",0,0.0,False,0.84,0.0,False,0.0005030423253131487,107,88.0,5.5,4.0,0.9375,False,False,1
2901,layer3.shortcut.0,element,3,"(45, 0, 19)",0,0.0,False,0.84,0.0,False,0.0005030423253131487,118,224.0,448.0,1.0,1.0,False,False,1
2902,layer3.shortcut.0,element,5,"(33, 0, 20)",0,0.0,False,0.84,0.0,False,0.0005030423253131487,243,-176.0,-11.0,4.0,0.9375,False,False,1
2903,layer3.shortcut.0,element,7,"(24, 0, 14)",1,0.005,True,0.84,0.0,False,0.0005030423253131487,248,-256.0,256.0,0.0,2.0,True,False,1
2904,layer3.shortcut.0,element,4,"(2, 0, 29)",1,0.005,True,0.84,0.0,False,0.0005030423253131487,108,96.0,384.0,2.000000476837158,3.0,False,False,1
2905,layer3.shortcut.0,element,4,"(27, 0, 6)",1,0.005,True,0.845,-0.0050000000000000044,False,0.0005030423253131487,235,-88.0,-352.0,2.0,3.0,False,False,1
2906,layer3.shortcut.0,element,4,"(52, 0, 18)",0,0.0,False,0.84,0.0,False,0.0005030423253131487,234,-80.0,-320.0,2.0,3.0,False,False,1
2907,layer3.shortcut.0,element,0,"(52, 0, 7)",0,0.0,False,0.84,0.0,False,0.0005030423253131487,106,80.0,88.0,0.13750362396240234,0.10000000149011612,False,False,1
2908,layer3.shortcut.0,element,6,"(45, 0, 16)",0,0.0,False,0.84,0.0,False,0.0005030423253131487,243,-176.0,-0.6875,8.0,0.99609375,False,False,1
2909,layer3.shortcut.0,element,6,"(22, 0, 25)",0,0.0,False,0.84,0.0,False,0.0005030423253131487,236,-96.0,-0.375,8.0,0.99609375,False,False,1
2910,layer3.shortcut.0,element,4,"(60, 0, 30)",1,0.005,True,0.84,0.0,False,0.0005030423253131487,122,320.0,80.0,2.0,0.75,False,False,1
2911,layer3.shortcut.0,element,7,"(33, 0, 29)",1,0.005,True,0.835,0.0050000000000000044,False,0.0005030423253131487,114,160.0,-160.0,0.0,2.0,True,False,1
2912,layer3.shortcut.0,element,1,"(35, 0, 20)",0,0.0,False,0.84,0.0,False,0.0005030423253131487,239,-120.0,-104.0,0.2064504623413086,0.13333334028720856,False,False,1
2913,layer3.shortcut.0,element,5,"(51, 0, 24)",1,0.005,True,0.84,0.0,False,0.0005030423253131487,123,352.0,22.0,4.0,0.9375,False,False,1
2914,layer3.shortcut.0,element,0,"(10, 0, 28)",0,0.0,False,0.84,0.0,False,0.0005030423253131487,240,-128.0,-144.0,0.16992521286010742,0.125,False,False,1
2915,layer3.shortcut.0,element,0,"(52, 0, 29)",0,0.0,False,0.84,0.0,False,0.0005030423253131487,110,112.0,120.0,0.09953546524047852,0.0714285746216774,False,False,1
2916,layer3.shortcut.0,element,4,"(63, 0, 10)",0,0.0,False,0.84,0.0,False,0.0005030423253131487,229,-52.0,-208.0,2.0,3.0,False,False,1
2917,layer3.shortcut.0,element,5,"(43, 0, 24)",0,0.0,False,0.84,0.0,False,0.0005030423253131487,120,256.0,16.0,4.0,0.9375,False,False,1
2918,layer3.shortcut.0,element,6,"(42, 0, 31)",1,0.005,True,0.84,0.0,False,0.0005030423253131487,246,-224.0,-0.875,8.0,0.99609375,False,False,1
2919,layer3.shortcut.0,element,0,"(45, 0, 13)",0,0.0,False,0.84,0.0,False,0.0005030423253131487,107,88.0,80.0,0.13750362396240234,0.09090909361839294,False,False,1
2920,layer3.shortcut.0,element,5,"(25, 0, 24)",0,0.0,False,0.84,0.0,False,0.0005030423253131487,113,144.0,9.0,4.0,0.9375,False,False,1
2921,layer3.shortcut.0,element,4,"(6, 0, 2)",0,0.0,False,0.84,0.0,False,0.0005030423253131487,115,176.0,44.0,2.0,0.75,False,False,1
2922,layer3.shortcut.0,element,5,"(36, 0, 23)",0,0.0,False,0.84,0.0,False,0.0005030423253131487,234,-80.0,-5.0,4.0,0.9375,False,False,1
2923,layer3.shortcut.0,element,3,"(34, 0, 28)",0,0.0,False,0.84,0.0,False,0.0005030423253131487,110,112.0,56.0,1.0,0.5,False,False,1
2924,layer3.shortcut.0,element,6,"(10, 0, 7)",1,0.005,True,0.84,0.0,False,0.0005030423253131487,229,-52.0,-0.203125,8.0,0.99609375,False,False,1
2925,layer3.shortcut.0,element,6,"(38, 0, 8)",1,0.005,True,0.84,0.0,False,0.0005030423253131487,226,-40.0,-0.15625,8.0,0.99609375,False,False,1
2926,layer3.shortcut.0,element,0,"(49, 0, 13)",0,0.0,False,0.84,0.0,False,0.0005030423253131487,250,-320.0,-352.0,0.13750362396240234,0.10000000149011612,False,False,1
2927,layer3.shortcut.0,element,0,"(9, 0, 0)",0,0.0,False,0.84,0.0,False,0.0005030423253131487,198,-3.5,-3.75,0.09953570365905762,0.0714285746216774,False,False,1
2928,layer3.shortcut.0,element,6,"(40, 0, 1)",0,0.0,False,0.84,0.0,False,0.0005030423253131487,237,-104.0,-0.40625,8.0,0.99609375,False,False,1
2929,layer3.shortcut.0,element,3,"(56, 0, 27)",1,0.005,True,0.84,0.0,False,0.0005030423253131487,118,224.0,448.0,1.0,1.0,False,False,1
2930,layer3.shortcut.0,element,0,"(4, 0, 13)",0,0.0,False,0.84,0.0,False,0.0005030423253131487,107,88.0,80.0,0.13750362396240234,0.09090909361839294,False,False,1
2931,layer3.shortcut.0,element,2,"(43, 0, 7)",0,0.0,False,0.84,0.0,False,0.0005030423253131487,228,-48.0,-32.0,0.5849623680114746,0.3333333432674408,False,False,1
2932,layer3.shortcut.0,element,4,"(4, 0, 18)",1,0.005,True,0.84,0.0,False,0.0005030423253131487,96,32.0,128.0,2.0,3.0,False,False,1
2933,layer3.shortcut.0,element,7,"(6, 0, 19)",0,0.0,False,0.84,0.0,False,0.0005030423253131487,105,72.0,-72.0,0.0,2.0,True,False,1
2934,layer3.shortcut.0,element,3,"(54, 0, 22)",0,0.0,False,0.84,0.0,False,0.0005030423253131487,98,40.0,80.0,1.0,1.0,False,False,1
2935,layer3.shortcut.0,element,3,"(7, 0, 25)",1,0.005,True,0.84,0.0,False,0.0005030423253131487,244,-192.0,-384.0,1.0000004768371582,1.0,False,False,1
2936,layer3.shortcut.0,element,1,"(27, 0, 19)",0,0.0,False,0.84,0.0,False,0.0005030423253131487,211,-11.0,-9.0,0.2895066738128662,0.1818181872367859,False,False,1
2937,layer3.shortcut.0,element,0,"(6, 0, 20)",0,0.0,False,0.84,0.0,False,0.0005030423253131487,100,48.0,52.0,0.1154775619506836,0.0833333358168602,False,False,1
2938,layer3.shortcut.0,element,4,"(6, 0, 26)",1,0.005,True,0.84,0.0,False,0.0005030423253131487,105,72.0,288.0,1.9999995231628418,3.0,False,False,1
2939,layer3.shortcut.0,scale,2,"(30, 0)",1,0.005,True,0.84,0.0,False,2.5053865811494713e-05,117,117.0,113.0,4.0,inf,False,False,32
2940,layer3.shortcut.0,scale,0,"(7, 0)",1,0.005,True,0.84,0.0,False,2.5053865811494713e-05,117,117.0,116.0,1.0,inf,False,False,32
2941,layer3.shortcut.0,scale,3,"(34, 0)",178,0.89,True,0.1,0.74,False,2.5053865811494713e-05,117,117.0,125.0,8.0,inf,False,False,32
2942,layer3.shortcut.0,scale,0,"(3, 0)",2,0.01,True,0.84,0.0,False,2.5053865811494713e-05,117,117.0,116.0,1.0,inf,False,False,32
2943,layer3.shortcut.0,scale,7,"(24, 0)",200,1.0,True,0.0,0.84,True,2.5053865811494713e-05,117,117.0,245.0,128.0,inf,False,False,32
2944,layer3.shortcut.0,scale,2,"(45, 0)",1,0.005,True,0.835,0.0050000000000000044,False,2.5053865811494713e-05,117,117.0,113.0,4.0,inf,False,False,32
2945,layer3.shortcut.0,scale,1,"(35, 0)",4,0.02,True,0.825,0.015000000000000013,False,2.5053865811494713e-05,116,116.0,118.0,2.0,inf,False,False,32
2946,layer3.shortcut.0,scale,0,"(57, 0)",2,0.01,True,0.84,0.0,False,2.5053865811494713e-05,117,117.0,116.0,1.0,inf,False,False,32
2947,layer3.shortcut.0,scale,2,"(53, 0)",4,0.02,True,0.825,0.015000000000000013,False,2.5053865811494713e-05,117,117.0,113.0,4.0,inf,False,False,32
2948,layer3.shortcut.0,scale,0,"(28, 0)",2,0.01,True,0.835,0.0050000000000000044,False,2.5053865811494713e-05,117,117.0,116.0,1.0,inf,False,False,32
2949,layer3.shortcut.0,scale,4,"(47, 0)",1,0.005,True,0.835,0.0050000000000000044,False,2.5053865811494713e-05,117,117.0,101.0,16.0,inf,False,False,32
2950,layer3.shortcut.0,scale,6,"(51, 0)",4,0.02,True,0.84,0.0,False,2.5053865811494713e-05,117,117.0,53.0,64.0,inf,False,False,32
2951,layer3.shortcut.0,scale,2,"(59, 0)",2,0.01,True,0.835,0.0050000000000000044,False,2.5053865811494713e-05,118,118.0,114.0,4.0,inf,False,False,32
2952,layer3.shortcut.0,scale,7,"(61, 0)",200,1.0,True,0.0,0.84,True,2.5053865811494713e-05,118,118.0,246.0,128.0,inf,False,False,32
2953,layer3.shortcut.0,scale,3,"(47, 0)",169,0.845,True,0.15,0.69,False,2.5053865811494713e-05,117,117.0,125.0,8.0,inf,False,False,32
2954,layer3.shortcut.0,scale,1,"(46, 0)",8,0.04,True,0.82,0.020000000000000018,False,2.5053865811494713e-05,117,117.0,119.0,2.0,inf,False,False,32
2955,layer3.shortcut.0,scale,2,"(54, 0)",2,0.01,True,0.84,0.0,False,2.5053865811494713e-05,117,117.0,113.0,4.0,inf,False,False,32
2956,layer3.shortcut.0,scale,2,"(26, 0)",2,0.01,True,0.835,0.0050000000000000044,False,2.5053865811494713e-05,117,117.0,113.0,4.0,inf,False,False,32
2957,layer3.shortcut.0,scale,1,"(13, 0)",1,0.005,True,0.835,0.0050000000000000044,False,2.5053865811494713e-05,117,117.0,119.0,2.0,inf,False,False,32
2958,layer3.shortcut.0,scale,0,"(60, 0)",4,0.02,True,0.835,0.0050000000000000044,False,2.5053865811494713e-05,116,116.0,117.0,1.0,inf,False,False,32
2959,layer3.shortcut.0,scale,2,"(35, 0)",0,0.0,False,0.84,0.0,False,2.5053865811494713e-05,116,116.0,112.0,4.0,inf,False,False,32
2960,layer3.shortcut.0,scale,3,"(15, 0)",161,0.805,True,0.185,0.655,False,2.5053865811494713e-05,116,116.0,124.0,8.0,inf,False,False,32
2961,layer3.shortcut.0,scale,6,"(29, 0)",0,0.0,False,0.84,0.0,False,2.5053865811494713e-05,117,117.0,53.0,64.0,inf,False,False,32
2962,layer3.shortcut.0,scale,0,"(15, 0)",1,0.005,True,0.84,0.0,False,2.5053865811494713e-05,116,116.0,117.0,1.0,inf,False,False,32
2963,layer3.shortcut.0,scale,2,"(61, 0)",1,0.005,True,0.835,0.0050000000000000044,False,2.5053865811494713e-05,118,118.0,114.0,4.0,inf,False,False,32
2964,layer3.shortcut.0,scale,4,"(42, 0)",4,0.02,True,0.83,0.010000000000000009,False,2.5053865811494713e-05,117,117.0,101.0,16.0,inf,False,False,32
2965,layer3.shortcut.0,scale,3,"(45, 0)",150,0.75,True,0.26,0.58,False,2.5053865811494713e-05,117,117.0,125.0,8.0,inf,False,False,32
2966,layer3.shortcut.0,scale,5,"(52, 0)",1,0.005,True,0.835,0.0050000000000000044,False,2.5053865811494713e-05,117,117.0,85.0,32.0,inf,False,False,32
2967,layer3.shortcut.0,scale,3,"(58, 0)",178,0.89,True,0.1,0.74,False,2.5053865811494713e-05,118,118.0,126.0,8.0,inf,False,False,32
2968,layer3.shortcut.0,scale,5,"(16, 0)",1,0.005,True,0.84,0.0,False,2.5053865811494713e-05,117,117.0,85.0,32.0,inf,False,False,32
2969,layer3.shortcut.0,scale,7,"(11, 0)",200,1.0,True,0.0,0.84,True,2.5053865811494713e-05,117,117.0,245.0,128.0,inf,False,False,32
2970,layer3.shortcut.0,scale,0,"(20, 0)",1,0.005,True,0.835,0.0050000000000000044,False,2.5053865811494713e-05,117,117.0,116.0,1.0,inf,False,False,32
2971,fc,element,2,"(6, 1, 24)",1,0.005,True,0.835,0.0050000000000000044,False,0.0004454020588710172,232,-64.0,-96.0,0.5849623680114746,0.5,False,False,1
2972,fc,element,6,"(7, 1, 31)",2,0.01,True,0.835,0.0050000000000000044,False,0.0004454020588710172,105,72.0,0.28125,8.0,0.99609375,False,False,1
2973,fc,element,3,"(4, 1, 13)",1,0.005,True,0.845,-0.0050000000000000044,False,0.0004454020588710172,237,-104.0,-52.0,1.0,0.5,False,False,1
2974,fc,element,2,"(8, 0, 24)",0,0.0,False,0.84,0.0,False,0.0004454020588710172,225,-36.0,-52.0,0.5305147171020508,0.4444444477558136,False,False,1
2975,fc,element,0,"(2, 0, 18)",0,0.0,False,0.84,0.0,False,0.0004454020588710172,100,48.0,52.0,0.1154775619506836,0.0833333358168602,False,False,1
2976,fc,element,1,"(2, 1, 13)",0,0.0,False,0.84,0.0,False,0.0004454020588710172,231,-60.0,-52.0,0.2064504623413086,0.13333334028720856,False,False,1
2977,fc,element,6,"(1, 0, 4)",2,0.01,True,0.845,-0.0050000000000000044,False,0.0004454020588710172,111,120.0,0.46875,8.0,0.99609375,False,False,1
2978,fc,element,6,"(9, 1, 15)",0,0.0,False,0.84,0.0,False,0.0004454020588710172,117,208.0,0.8125,8.0,0.99609375,False,False,1
2979,fc,element,4,"(0, 0, 18)",2,0.01,True,0.84,0.0,False,0.0004454020588710172,126,448.0,112.0,2.0,0.75,False,False,1
2980,fc,element,6,"(3, 0, 24)",12,0.06,True,0.845,-0.0050000000000000044,False,0.0004454020588710172,115,176.0,0.6875,8.0,0.99609375,False,False,1
2981,fc,element,5,"(4, 1, 18)",1,0.005,True,0.845,-0.0050000000000000044,False,0.0004454020588710172,233,-72.0,-4.5,4.0,0.9375,False,False,1
2982,fc,element,5,"(2, 1, 4)",4,0.02,True,0.83,0.010000000000000009,False,0.0004454020588710172,218,-20.0,-320.0,4.0,15.0,False,False,1
2983,fc,element,5,"(9, 1, 15)",0,0.0,False,0.84,0.0,False,0.0004454020588710172,117,208.0,13.0,4.0,0.9375,False,False,1
2984,fc,element,0,"(1, 1, 5)",0,0.0,False,0.84,0.0,False,0.0004454020588710172,99,44.0,40.0,0.13750362396240234,0.09090909361839294,False,False,1
2985,fc,element,7,"(0, 1, 31)",3,0.015,True,0.84,0.0,False,0.0004454020588710172,239,-120.0,120.0,0.0,2.0,True,False,1
2986,fc,element,0,"(9, 1, 7)",0,0.0,False,0.84,0.0,False,0.0004454020588710172,240,-128.0,-144.0,0.16992521286010742,0.125,False,False,1
2987,fc,element,2,"(0, 1, 22)",0,0.0,False,0.84,0.0,False,0.0004454020588710172,86,14.0,10.0,0.4854269027709961,0.2857142984867096,False,False,1
2988,fc,element,4,"(9, 1, 22)",0,0.0,False,0.84,0.0,False,0.0004454020588710172,102,56.0,224.0,2.0,3.0,False,False,1
2989,fc,scale,0,"(7, 1)",17,0.085,True,0.82,0.020000000000000018,False,2.277624164681338e-05,120,120.0,121.0,1.0,inf,False,False,32
2990,fc,scale,4,"(0, 0)",10,0.05,True,0.81,0.029999999999999916,False,2.277624164681338e-05,119,119.0,103.0,16.0,inf,False,False,32
2991,fc,scale,0,"(5, 1)",36,0.18,True,0.725,0.11499999999999999,False,2.277624164681338e-05,120,120.0,121.0,1.0,inf,False,False,32
2992,fc,scale,7,"(8, 0)",200,1.0,True,0.0,0.84,True,2.277624164681338e-05,119,119.0,247.0,128.0,inf,False,False,32
2993,fc,scale,7,"(0, 1)",200,1.0,True,0.0,0.84,True,2.277624164681338e-05,120,120.0,248.0,128.0,inf,False,False,32
2994,fc,scale,1,"(9, 1)",1,0.005,True,0.845,-0.0050000000000000044,False,2.277624164681338e-05,119,119.0,117.0,2.0,inf,False,False,32
2995,fc,scale,4,"(2, 0)",18,0.09,True,0.785,0.05499999999999994,False,2.277624164681338e-05,120,120.0,104.0,16.0,inf,False,False,32
2996,fc,scale,3,"(9, 1)",11,0.055,True,0.785,0.05499999999999994,False,2.277624164681338e-05,119,119.0,127.0,8.0,inf,False,False,32
2997,fc,scale,0,"(1, 1)",7,0.035,True,0.82,0.020000000000000018,False,2.277624164681338e-05,120,120.0,121.0,1.0,inf,False,False,32
2998,fc,scale,4,"(8, 0)",9,0.045,True,0.805,0.03499999999999992,False,2.277624164681338e-05,119,119.0,103.0,16.0,inf,False,False,32
2999,fc,scale,0,"(9, 1)",1,0.005,True,0.845,-0.0050000000000000044,False,2.277624164681338e-05,119,119.0,118.0,1.0,inf,False,False,32
