i,tensor,site,bit,index,changed,change_rate,sdc,accuracy,acc_drop,nonfinite,weight,code,value_before,value_after,log_severity,rel_error,sign_flip,to_nonfinite,blast_radius
0,conv1,element,1,"(13, 0, 10)",1,0.005,True,0.76,-0.0050000000000000044,False,0.0008272058823529412,14,-4.0,-2.0,1.0,0.5,False,False,1
1,conv1,element,0,"(4, 0, 5)",4,0.02,True,0.755,0.0,False,0.0008272058823529412,10,-1.0,-1.5,0.5849624872207642,0.5,False,False,1
2,conv1,element,1,"(1, 1, 4)",0,0.0,False,0.755,0.0,False,0.0008272058823529412,14,-4.0,-2.0,1.0,0.5,False,False,1
3,conv1,element,2,"(4, 1, 4)",2,0.01,True,0.76,-0.0050000000000000044,False,0.0008272058823529412,1,0.5,3.0,2.5849623680114746,5.0,False,False,1
4,conv1,element,3,"(6, 1, 0)",12,0.06,True,0.755,0.0,False,0.0008272058823529412,4,2.0,-2.0,0.0,2.0,True,False,1
5,conv1,element,2,"(13, 0, 0)",3,0.015,True,0.745,0.010000000000000009,False,0.0008272058823529412,5,3.0,0.5,2.5849623680114746,0.8333333134651184,False,False,1
6,layer1.conv1,element,2,"(15, 7, 15)",3,0.015,True,0.75,0.0050000000000000044,False,0.0008823529411764706,4,2.0,0.0,inf,1.0,False,False,1
7,layer1.conv1,element,2,"(3, 0, 0)",9,0.045,True,0.725,0.030000000000000027,False,0.0008823529411764706,3,1.5,6.0,2.0,3.0,False,False,1
8,layer1.conv1,element,2,"(14, 0, 12)",0,0.0,False,0.755,0.0,False,0.0008823529411764706,9,-0.5,-3.0,2.5849623680114746,5.0,False,False,1
9,layer1.conv1,element,3,"(0, 7, 15)",19,0.095,True,0.725,0.030000000000000027,False,0.0008823529411764706,15,-6.0,6.0,0.0,2.0,True,False,1
10,layer1.conv1,element,3,"(8, 8, 6)",4,0.02,True,0.745,0.010000000000000009,False,0.0008823529411764706,1,0.5,-0.5,0.0,2.0,True,False,1
11,layer1.conv1,element,3,"(4, 3, 9)",4,0.02,True,0.75,0.0050000000000000044,False,0.0008823529411764706,11,-1.5,1.5,0.0,2.0,True,False,1
12,layer1.conv1,element,3,"(3, 1, 15)",108,0.54,True,0.48,0.275,False,0.0008823529411764706,6,4.0,-4.0,0.0,2.0,True,False,1
13,layer1.conv1,element,1,"(10, 4, 10)",2,0.01,True,0.755,0.0,False,0.0008823529411764706,2,1.0,0.0,inf,1.0,False,False,1
14,layer1.conv1,element,3,"(4, 8, 0)",17,0.085,True,0.72,0.03500000000000003,False,0.0008823529411764706,3,1.5,-1.5,0.0,2.0,True,False,1
15,layer1.conv1,element,3,"(8, 8, 15)",19,0.095,True,0.745,0.010000000000000009,False,0.0008823529411764706,6,4.0,-4.0,0.0,2.0,True,False,1
16,layer1.conv1,element,0,"(4, 1, 7)",1,0.005,True,0.76,-0.0050000000000000044,False,0.0008823529411764706,0,0.0,0.5,inf,1.0,False,False,1
17,layer1.conv1,element,1,"(2, 3, 9)",0,0.0,False,0.755,0.0,False,0.0008823529411764706,4,2.0,4.0,1.0,1.0,False,False,1
18,layer1.conv1,element,2,"(11, 8, 14)",16,0.08,True,0.725,0.030000000000000027,False,0.0008823529411764706,2,1.0,4.0,2.0,3.0,False,False,1
19,layer1.conv1,element,2,"(6, 8, 4)",4,0.02,True,0.76,-0.0050000000000000044,False,0.0008823529411764706,12,-2.0,-0.0,inf,1.0,False,False,1
20,layer1.conv1,element,2,"(10, 7, 11)",1,0.005,True,0.76,-0.0050000000000000044,False,0.0008823529411764706,9,-0.5,-3.0,2.5849623680114746,5.0,False,False,1
21,layer1.conv1,element,0,"(10, 6, 6)",0,0.0,False,0.755,0.0,False,0.0008823529411764706,9,-0.5,-0.0,inf,1.0,False,False,1
22,layer1.conv1,element,1,"(15, 1, 1)",0,0.0,False,0.755,0.0,False,0.0008823529411764706,9,-0.5,-1.5,1.5849624872207642,2.0,False,False,1
23,layer1.conv1,element,0,"(6, 6, 14)",0,0.0,False,0.755,0.0,False,0.0008823529411764706,3,1.5,1.0,0.5849624872207642,0.3333333432674408,False,False,1
24,layer1.conv1,element,3,"(3, 4, 10)",0,0.0,False,0.755,0.0,False,0.0008823529411764706,11,-1.5,1.5,0.0,2.0,True,False,1
25,layer1.conv1,element,0,"(10, 1, 2)",0,0.0,False,0.755,0.0,False,0.0008823529411764706,9,-0.5,-0.0,inf,1.0,False,False,1
26,layer1.conv1,element,1,"(14, 8, 10)",5,0.025,True,0.745,0.010000000000000009,False,0.0008823529411764706,11,-1.5,-0.5,1.5849624872207642,0.6666666865348816,False,False,1
27,layer1.conv1,element,3,"(15, 4, 4)",0,0.0,False,0.755,0.0,False,0.0008823529411764706,1,0.5,-0.5,0.0,2.0,True,False,1
28,layer1.conv1,element,2,"(13, 7, 15)",1,0.005,True,0.75,0.0050000000000000044,False,0.0008823529411764706,5,3.0,0.5,2.5849623680114746,0.8333333134651184,False,False,1
29,layer1.conv1,element,2,"(10, 8, 5)",4,0.02,True,0.745,0.010000000000000009,False,0.0008823529411764706,0,0.0,2.0,inf,4.0,False,False,1
30,layer1.conv1,element,1,"(6, 0, 11)",0,0.0,False,0.755,0.0,False,0.0008823529411764706,1,0.5,1.5,1.5849624872207642,2.0,False,False,1
31,layer1.conv1,element,3,"(6, 2, 6)",1,0.005,True,0.75,0.0050000000000000044,False,0.0008823529411764706,5,3.0,-3.0,0.0,2.0,True,False,1
32,layer1.conv1,element,2,"(0, 5, 11)",1,0.005,True,0.75,0.0050000000000000044,False,0.0008823529411764706,1,0.5,3.0,2.5849623680114746,5.0,False,False,1
33,layer1.conv1,element,2,"(2, 8, 15)",16,0.08,True,0.735,0.020000000000000018,False,0.0008823529411764706,9,-0.5,-3.0,2.5849623680114746,5.0,False,False,1
34,layer1.conv1,element,1,"(5, 2, 15)",0,0.0,False,0.755,0.0,False,0.0008823529411764706,3,1.5,0.5,1.5849624872207642,0.6666666865348816,False,False,1
35,layer1.conv1,element,1,"(5, 4, 13)",0,0.0,False,0.755,0.0,False,0.0008823529411764706,12,-2.0,-4.0,1.0,1.0,False,False,1
36,layer1.conv2,element,2,"(9, 4, 7)",2,0.01,True,0.76,-0.0050000000000000044,False,0.0008823529411764706,5,3.0,0.5,2.5849623680114746,0.8333333134651184,False,False,1
37,layer1.conv2,element,1,"(8, 2, 6)",3,0.015,True,0.755,0.0,False,0.0008823529411764706,4,2.0,4.0,1.0,1.0,False,False,1
38,layer1.conv2,element,1,"(12, 5, 0)",3,0.015,True,0.745,0.010000000000000009,False,0.0008823529411764706,6,4.0,2.0,1.0,0.5,False,False,1
39,layer1.conv2,element,3,"(9, 4, 7)",4,0.02,True,0.76,-0.0050000000000000044,False,0.0008823529411764706,5,3.0,-3.0,0.0,2.0,True,False,1
40,layer1.conv2,element,1,"(7, 4, 14)",2,0.01,True,0.755,0.0,False,0.0008823529411764706,1,0.5,1.5,1.5849624872207642,2.0,False,False,1
41,layer1.conv2,element,3,"(13, 7, 2)",8,0.04,True,0.73,0.025000000000000022,False,0.0008823529411764706,7,6.0,-6.0,0.0,2.0,True,False,1
42,layer1.conv2,element,1,"(3, 3, 10)",4,0.02,True,0.75,0.0050000000000000044,False,0.0008823529411764706,6,4.0,2.0,1.0,0.5,False,False,1
43,layer1.conv2,element,1,"(7, 0, 1)",1,0.005,True,0.755,0.0,False,0.0008823529411764706,13,-3.0,-6.0,1.0000001192092896,1.0,False,False,1
44,layer1.conv2,element,2,"(7, 7, 0)",2,0.01,True,0.755,0.0,False,0.0008823529411764706,12,-2.0,-0.0,inf,1.0,False,False,1
45,layer1.conv2,element,3,"(14, 2, 7)",0,0.0,False,0.755,0.0,False,0.0008823529411764706,15,-6.0,6.0,0.0,2.0,True,False,1
46,layer1.conv2,element,3,"(7, 0, 6)",2,0.01,True,0.755,0.0,False,0.0008823529411764706,10,-1.0,1.0,0.0,2.0,True,False,1
47,layer1.conv2,element,2,"(9, 7, 6)",5,0.025,True,0.75,0.0050000000000000044,False,0.0008823529411764706,12,-2.0,-0.0,inf,1.0,False,False,1
48,layer1.conv2,element,0,"(1, 2, 0)",0,0.0,False,0.755,0.0,False,0.0008823529411764706,4,2.0,3.0,0.5849624872207642,0.5,False,False,1
49,layer1.conv2,element,3,"(13, 2, 6)",1,0.005,True,0.755,0.0,False,0.0008823529411764706,13,-3.0,3.0,0.0,2.0,True,False,1
50,layer1.conv2,element,3,"(7, 0, 15)",1,0.005,True,0.75,0.0050000000000000044,False,0.0008823529411764706,12,-2.0,2.0,0.0,2.0,True,False,1
51,layer1.conv2,element,1,"(7, 8, 11)",2,0.01,True,0.76,-0.0050000000000000044,False,0.0008823529411764706,7,6.0,3.0,1.0000001192092896,0.5,False,False,1
52,layer1.conv2,element,1,"(1, 4, 14)",0,0.0,False,0.755,0.0,False,0.0008823529411764706,1,0.5,1.5,1.5849624872207642,2.0,False,False,1
53,layer1.conv2,element,0,"(11, 0, 11)",2,0.01,True,0.76,-0.0050000000000000044,False,0.0008823529411764706,5,3.0,2.0,0.5849624872207642,0.3333333432674408,False,False,1
54,layer1.conv2,element,3,"(10, 1, 2)",4,0.02,True,0.75,0.0050000000000000044,False,0.0008823529411764706,3,1.5,-1.5,0.0,2.0,True,False,1
55,layer1.conv2,element,0,"(5, 3, 13)",5,0.025,True,0.745,0.010000000000000009,False,0.0008823529411764706,6,4.0,6.0,0.5849626064300537,0.5,False,False,1
56,layer1.conv2,element,1,"(12, 2, 12)",0,0.0,False,0.755,0.0,False,0.0008823529411764706,3,1.5,0.5,1.5849624872207642,0.6666666865348816,False,False,1
57,layer1.conv2,element,0,"(8, 3, 4)",0,0.0,False,0.755,0.0,False,0.0008823529411764706,3,1.5,1.0,0.5849624872207642,0.3333333432674408,False,False,1
58,layer1.conv2,element,3,"(0, 8, 3)",2,0.01,True,0.755,0.0,False,0.0008823529411764706,9,-0.5,0.5,0.0,2.0,True,False,1
59,layer1.conv2,element,2,"(3, 4, 2)",5,0.025,True,0.75,0.0050000000000000044,False,0.0008823529411764706,7,6.0,1.5,2.0,0.75,False,False,1
60,layer1.conv2,element,0,"(4, 1, 4)",0,0.0,False,0.755,0.0,False,0.0008823529411764706,1,0.5,0.0,inf,1.0,False,False,1
61,layer1.conv2,element,0,"(1, 5, 8)",0,0.0,False,0.755,0.0,False,0.0008823529411764706,13,-3.0,-2.0,0.5849624872207642,0.3333333432674408,False,False,1
62,layer1.conv2,element,0,"(8, 0, 2)",0,0.0,False,0.755,0.0,False,0.0008823529411764706,1,0.5,0.0,inf,1.0,False,False,1
63,layer1.conv2,element,0,"(0, 5, 8)",0,0.0,False,0.755,0.0,False,0.0008823529411764706,8,-0.0,-0.5,inf,1.0,False,False,1
64,layer1.conv2,element,3,"(8, 3, 3)",0,0.0,False,0.755,0.0,False,0.0008823529411764706,8,-0.0,0.0,inf,0.0,True,False,1
65,layer1.conv2,element,3,"(11, 2, 1)",9,0.045,True,0.77,-0.015000000000000013,False,0.0008823529411764706,6,4.0,-4.0,0.0,2.0,True,False,1
66,layer2.conv1,element,3,"(12, 1, 4)",0,0.0,False,0.755,0.0,False,0.0008823529411764706,8,-0.0,0.0,inf,0.0,True,False,1
67,layer2.conv1,element,2,"(3, 1, 10)",3,0.015,True,0.765,-0.010000000000000009,False,0.0008823529411764706,11,-1.5,-6.0,2.0,3.0,False,False,1
68,layer2.conv1,element,2,"(8, 8, 1)",0,0.0,False,0.755,0.0,False,0.0008823529411764706,4,2.0,0.0,inf,1.0,False,False,1
69,layer2.conv1,element,0,"(14, 3, 12)",0,0.0,False,0.755,0.0,False,0.0008823529411764706,12,-2.0,-3.0,0.5849624872207642,0.5,False,False,1
70,layer2.conv1,element,3,"(17, 2, 0)",3,0.015,True,0.75,0.0050000000000000044,False,0.0008823529411764706,10,-1.0,1.0,0.0,2.0,True,False,1
71,layer2.conv1,element,0,"(15, 5, 11)",3,0.015,True,0.74,0.015000000000000013,False,0.0008823529411764706,7,6.0,4.0,0.5849626064300537,0.3333333432674408,False,False,1
72,layer2.conv1,element,3,"(19, 7, 2)",2,0.01,True,0.755,0.0,False,0.0008823529411764706,10,-1.0,1.0,0.0,2.0,True,False,1
73,layer2.conv1,element,0,"(19, 7, 10)",0,0.0,False,0.755,0.0,False,0.0008823529411764706,14,-4.0,-6.0,0.5849626064300537,0.5,False,False,1
74,layer2.conv1,element,3,"(20, 0, 1)",6,0.03,True,0.745,0.010000000000000009,False,0.0008823529411764706,14,-4.0,4.0,0.0,2.0,True,False,1
75,layer2.conv1,element,1,"(16, 1, 2)",0,0.0,False,0.755,0.0,False,0.0008823529411764706,4,2.0,4.0,1.0,1.0,False,False,1
76,layer2.conv1,element,3,"(14, 2, 5)",4,0.02,True,0.75,0.0050000000000000044,False,0.0008823529411764706,13,-3.0,3.0,0.0,2.0,True,False,1
77,layer2.conv1,element,1,"(29, 8, 15)",0,0.0,False,0.755,0.0,False,0.0008823529411764706,4,2.0,4.0,1.0,1.0,False,False,1
78,layer2.conv1,element,1,"(26, 2, 2)",0,0.0,False,0.755,0.0,False,0.0008823529411764706,10,-1.0,-0.0,inf,1.0,False,False,1
79,layer2.conv1,element,2,"(24, 0, 1)",5,0.025,True,0.745,0.010000000000000009,False,0.0008823529411764706,6,4.0,1.0,2.0,0.75,False,False,1
80,layer2.conv1,element,0,"(1, 6, 13)",0,0.0,False,0.755,0.0,False,0.0008823529411764706,11,-1.5,-1.0,0.5849624872207642,0.3333333432674408,False,False,1
81,layer2.conv1,element,1,"(18, 3, 7)",0,0.0,False,0.755,0.0,False,0.0008823529411764706,12,-2.0,-4.0,1.0,1.0,False,False,1
82,layer2.conv1,element,2,"(28, 1, 12)",2,0.01,True,0.75,0.0050000000000000044,False,0.0008823529411764706,14,-4.0,-1.0,2.0,0.75,False,False,1
83,layer2.conv1,element,3,"(19, 6, 12)",0,0.0,False,0.755,0.0,False,0.0008823529411764706,2,1.0,-1.0,0.0,2.0,True,False,1
84,layer2.conv1,element,1,"(6, 1, 4)",1,0.005,True,0.76,-0.0050000000000000044,False,0.0008823529411764706,14,-4.0,-2.0,1.0,0.5,False,False,1
85,layer2.conv1,element,3,"(16, 1, 14)",9,0.045,True,0.725,0.030000000000000027,False,0.0008823529411764706,13,-3.0,3.0,0.0,2.0,True,False,1
86,layer2.conv1,element,1,"(17, 5, 3)",0,0.0,False,0.755,0.0,False,0.0008823529411764706,2,1.0,0.0,inf,1.0,False,False,1
87,layer2.conv1,element,0,"(30, 7, 13)",1,0.005,True,0.76,-0.0050000000000000044,False,0.0008823529411764706,3,1.5,1.0,0.5849624872207642,0.3333333432674408,False,False,1
88,layer2.conv1,element,2,"(17, 5, 0)",0,0.0,False,0.755,0.0,False,0.0008823529411764706,7,6.0,1.5,2.0,0.75,False,False,1
89,layer2.conv1,element,0,"(7, 2, 4)",4,0.02,True,0.75,0.0050000000000000044,False,0.0008823529411764706,10,-1.0,-1.5,0.5849624872207642,0.5,False,False,1
90,layer2.conv1,element,3,"(3, 4, 9)",3,0.015,True,0.74,0.015000000000000013,False,0.0008823529411764706,14,-4.0,4.0,0.0,2.0,True,False,1
91,layer2.conv1,element,2,"(22, 0, 7)",3,0.015,True,0.755,0.0,False,0.0008823529411764706,1,0.5,3.0,2.5849623680114746,5.0,False,False,1
92,layer2.conv1,element,3,"(31, 4, 8)",0,0.0,False,0.755,0.0,False,0.0008823529411764706,8,-0.0,0.0,inf,0.0,True,False,1
93,layer2.conv1,element,3,"(17, 6, 13)",2,0.01,True,0.755,0.0,False,0.0008823529411764706,11,-1.5,1.5,0.0,2.0,True,False,1
94,layer2.conv1,element,2,"(3, 0, 12)",2,0.01,True,0.745,0.010000000000000009,False,0.0008823529411764706,0,0.0,2.0,inf,4.0,False,False,1
95,layer2.conv1,element,0,"(1, 3, 1)",0,0.0,False,0.755,0.0,False,0.0008823529411764706,0,0.0,0.5,inf,1.0,False,False,1
96,layer2.conv1,element,3,"(25, 0, 1)",0,0.0,False,0.755,0.0,False,0.0008823529411764706,8,-0.0,0.0,inf,0.0,True,False,1
97,layer2.conv1,element,0,"(9, 4, 4)",0,0.0,False,0.755,0.0,False,0.0008823529411764706,1,0.5,0.0,inf,1.0,False,False,1
98,layer2.conv1,element,0,"(15, 3, 14)",0,0.0,False,0.755,0.0,False,0.0008823529411764706,5,3.0,2.0,0.5849624872207642,0.3333333432674408,False,False,1
99,layer2.conv1,element,1,"(29, 6, 0)",3,0.015,True,0.75,0.0050000000000000044,False,0.0008823529411764706,2,1.0,0.0,inf,1.0,False,False,1
100,layer2.conv1,element,0,"(8, 0, 12)",4,0.02,True,0.75,0.0050000000000000044,False,0.0008823529411764706,13,-3.0,-2.0,0.5849624872207642,0.3333333432674408,False,False,1
101,layer2.conv1,element,2,"(25, 0, 15)",4,0.02,True,0.76,-0.0050000000000000044,False,0.0008823529411764706,3,1.5,6.0,2.0,3.0,False,False,1
102,layer2.conv1,element,3,"(2, 6, 7)",2,0.01,True,0.745,0.010000000000000009,False,0.0008823529411764706,2,1.0,-1.0,0.0,2.0,True,False,1
103,layer2.conv1,element,3,"(0, 3, 11)",0,0.0,False,0.755,0.0,False,0.0008823529411764706,9,-0.5,0.5,0.0,2.0,True,False,1
104,layer2.conv1,element,3,"(1, 0, 12)",4,0.02,True,0.77,-0.015000000000000013,False,0.0008823529411764706,13,-3.0,3.0,0.0,2.0,True,False,1
105,layer2.conv1,element,3,"(9, 4, 6)",2,0.01,True,0.76,-0.0050000000000000044,False,0.0008823529411764706,6,4.0,-4.0,0.0,2.0,True,False,1
106,layer2.conv1,element,0,"(15, 3, 7)",2,0.01,True,0.755,0.0,False,0.0008823529411764706,6,4.0,6.0,0.5849626064300537,0.5,False,False,1
107,layer2.conv1,element,3,"(0, 2, 13)",5,0.025,True,0.755,0.0,False,0.0008823529411764706,3,1.5,-1.5,0.0,2.0,True,False,1
108,layer2.conv1,element,1,"(19, 5, 3)",1,0.005,True,0.76,-0.0050000000000000044,False,0.0008823529411764706,10,-1.0,-0.0,inf,1.0,False,False,1
109,layer2.conv1,element,0,"(26, 4, 4)",0,0.0,False,0.755,0.0,False,0.0008823529411764706,14,-4.0,-6.0,0.5849626064300537,0.5,False,False,1
110,layer2.conv1,element,3,"(16, 1, 10)",6,0.03,True,0.76,-0.0050000000000000044,False,0.0008823529411764706,4,2.0,-2.0,0.0,2.0,True,False,1
111,layer2.conv1,element,3,"(3, 4, 12)",1,0.005,True,0.75,0.0050000000000000044,False,0.0008823529411764706,10,-1.0,1.0,0.0,2.0,True,False,1
112,layer2.conv1,element,3,"(26, 3, 3)",2,0.01,True,0.755,0.0,False,0.0008823529411764706,5,3.0,-3.0,0.0,2.0,True,False,1
113,layer2.conv1,element,2,"(1, 7, 8)",2,0.01,True,0.76,-0.0050000000000000044,False,0.0008823529411764706,13,-3.0,-0.5,2.5849623680114746,0.8333333134651184,False,False,1
114,layer2.conv1,element,3,"(16, 2, 14)",0,0.0,False,0.755,0.0,False,0.0008823529411764706,11,-1.5,1.5,0.0,2.0,True,False,1
115,layer2.conv1,element,0,"(31, 3, 12)",2,0.01,True,0.755,0.0,False,0.0008823529411764706,4,2.0,3.0,0.5849624872207642,0.5,False,False,1
116,layer2.conv1,element,0,"(11, 4, 9)",0,0.0,False,0.755,0.0,False,0.0008823529411764706,9,-0.5,-0.0,inf,1.0,False,False,1
117,layer2.conv1,element,1,"(14, 2, 6)",3,0.015,True,0.755,0.0,False,0.0008823529411764706,14,-4.0,-2.0,1.0,0.5,False,False,1
118,layer2.conv1,element,0,"(8, 1, 1)",4,0.02,True,0.75,0.0050000000000000044,False,0.0008823529411764706,6,4.0,6.0,0.5849626064300537,0.5,False,False,1
119,layer2.conv1,element,2,"(10, 1, 11)",2,0.01,True,0.745,0.010000000000000009,False,0.0008823529411764706,10,-1.0,-4.0,2.0,3.0,False,False,1
120,layer2.conv1,element,0,"(7, 6, 0)",3,0.015,True,0.755,0.0,False,0.0008823529411764706,1,0.5,0.0,inf,1.0,False,False,1
121,layer2.conv1,element,1,"(1, 5, 1)",3,0.015,True,0.75,0.0050000000000000044,False,0.0008823529411764706,13,-3.0,-6.0,1.0000001192092896,1.0,False,False,1
122,layer2.conv1,element,2,"(23, 5, 14)",3,0.015,True,0.755,0.0,False,0.0008823529411764706,10,-1.0,-4.0,2.0,3.0,False,False,1
123,layer2.conv1,element,1,"(12, 4, 3)",0,0.0,False,0.755,0.0,False,0.0008823529411764706,12,-2.0,-4.0,1.0,1.0,False,False,1
124,layer2.conv1,element,2,"(31, 8, 13)",5,0.025,True,0.755,0.0,False,0.0008823529411764706,3,1.5,6.0,2.0,3.0,False,False,1
125,layer2.conv1,element,3,"(11, 6, 6)",1,0.005,True,0.755,0.0,False,0.0008823529411764706,10,-1.0,1.0,0.0,2.0,True,False,1
126,layer2.conv2,element,3,"(28, 7, 2)",0,0.0,False,0.755,0.0,False,0.0008897676717745922,0,0.0,-0.0,inf,0.0,True,False,1
127,layer2.conv2,element,1,"(26, 6, 10)",1,0.005,True,0.75,0.0050000000000000044,False,0.0008897676717745922,10,-1.0,-0.0,inf,1.0,False,False,1
128,layer2.conv2,element,3,"(24, 1, 11)",0,0.0,False,0.755,0.0,False,0.0008897676717745922,9,-0.5,0.5,0.0,2.0,True,False,1
129,layer2.conv2,element,3,"(17, 8, 15)",8,0.04,True,0.755,0.0,False,0.0008897676717745922,6,4.0,-4.0,0.0,2.0,True,False,1
130,layer2.conv2,element,0,"(18, 17, 8)",1,0.005,True,0.75,0.0050000000000000044,False,0.0008897676717745922,9,-0.5,-0.0,inf,1.0,False,False,1
131,layer2.conv2,element,2,"(25, 6, 7)",4,0.02,True,0.75,0.0050000000000000044,False,0.0008897676717745922,9,-0.5,-3.0,2.5849623680114746,5.0,False,False,1
132,layer2.conv2,element,3,"(15, 0, 6)",0,0.0,False,0.755,0.0,False,0.0008897676717745922,1,0.5,-0.5,0.0,2.0,True,False,1
133,layer2.conv2,element,2,"(12, 17, 13)",0,0.0,False,0.755,0.0,False,0.0008897676717745922,12,-2.0,-0.0,inf,1.0,False,False,1
134,layer2.conv2,element,2,"(26, 9, 4)",2,0.01,True,0.75,0.0050000000000000044,False,0.0008897676717745922,5,3.0,0.5,2.5849623680114746,0.8333333134651184,False,False,1
135,layer2.conv2,element,2,"(31, 3, 4)",3,0.015,True,0.755,0.0,False,0.0008897676717745922,13,-3.0,-0.5,2.5849623680114746,0.8333333134651184,False,False,1
136,layer2.conv2,element,3,"(12, 2, 9)",5,0.025,True,0.765,-0.010000000000000009,False,0.0008897676717745922,6,4.0,-4.0,0.0,2.0,True,False,1
137,layer2.conv2,element,3,"(19, 6, 9)",3,0.015,True,0.75,0.0050000000000000044,False,0.0008897676717745922,11,-1.5,1.5,0.0,2.0,True,False,1
138,layer2.conv2,element,1,"(1, 7, 15)",0,0.0,False,0.755,0.0,False,0.0008897676717745922,12,-2.0,-4.0,1.0,1.0,False,False,1
139,layer2.conv2,element,1,"(30, 17, 6)",2,0.01,True,0.755,0.0,False,0.0008897676717745922,5,3.0,6.0,1.0000001192092896,1.0,False,False,1
140,layer2.conv2,element,2,"(25, 15, 13)",3,0.015,True,0.75,0.0050000000000000044,False,0.0008897676717745922,10,-1.0,-4.0,2.0,3.0,False,False,1
141,layer2.conv2,element,0,"(1, 7, 5)",0,0.0,False,0.755,0.0,False,0.0008897676717745922,11,-1.5,-1.0,0.5849624872207642,0.3333333432674408,False,False,1
142,layer2.conv2,element,0,"(12, 2, 3)",1,0.005,True,0.76,-0.0050000000000000044,False,0.0008897676717745922,8,-0.0,-0.5,inf,1.0,False,False,1
143,layer2.conv2,element,2,"(28, 4, 6)",0,0.0,False,0.755,0.0,False,0.0008897676717745922,12,-2.0,-0.0,inf,1.0,False,False,1
144,layer2.conv2,element,0,"(20, 5, 0)",0,0.0,False,0.755,0.0,False,0.0008897676717745922,11,-1.5,-1.0,0.5849624872207642,0.3333333432674408,False,False,1
145,layer2.conv2,element,0,"(17, 16, 3)",0,0.0,False,0.755,0.0,False,0.0008897676717745922,3,1.5,1.0,0.5849624872207642,0.3333333432674408,False,False,1
146,layer2.conv2,element,2,"(3, 13, 7)",1,0.005,True,0.76,-0.0050000000000000044,False,0.0008897676717745922,15,-6.0,-1.5,2.0,0.75,False,False,1
147,layer2.conv2,element,2,"(22, 15, 0)",0,0.0,False,0.755,0.0,False,0.0008897676717745922,15,-6.0,-1.5,2.0,0.75,False,False,1
148,layer2.conv2,element,0,"(20, 1, 0)",1,0.005,True,0.75,0.0050000000000000044,False,0.0008897676717745922,1,0.5,0.0,inf,1.0,False,False,1
149,layer2.conv2,element,2,"(6, 2, 14)",2,0.01,True,0.755,0.0,False,0.0008897676717745922,8,-0.0,-2.0,inf,4.0,False,False,1
150,layer2.conv2,element,2,"(15, 5, 10)",0,0.0,False,0.755,0.0,False,0.0008897676717745922,5,3.0,0.5,2.5849623680114746,0.8333333134651184,False,False,1
151,layer2.conv2,element,2,"(17, 10, 0)",3,0.015,True,0.755,0.0,False,0.0008897676717745922,7,6.0,1.5,2.0,0.75,False,False,1
152,layer2.conv2,element,1,"(17, 15, 10)",0,0.0,False,0.755,0.0,False,0.0008897676717745922,9,-0.5,-1.5,1.5849624872207642,2.0,False,False,1
153,layer2.conv2,element,0,"(9, 4, 9)",0,0.0,False,0.755,0.0,False,0.0008897676717745922,7,6.0,4.0,0.5849626064300537,0.3333333432674408,False,False,1
154,layer2.conv2,element,1,"(16, 5, 2)",1,0.005,True,0.76,-0.0050000000000000044,False,0.0008897676717745922,12,-2.0,-4.0,1.0,1.0,False,False,1
155,layer2.conv2,element,0,"(3, 6, 12)",0,0.0,False,0.755,0.0,False,0.0008897676717745922,2,1.0,1.5,0.5849624872207642,0.5,False,False,1
156,layer2.conv2,element,3,"(18, 12, 12)",5,0.025,True,0.77,-0.015000000000000013,False,0.0008897676717745922,6,4.0,-4.0,0.0,2.0,True,False,1
157,layer2.conv2,element,3,"(0, 1, 13)",4,0.02,True,0.75,0.0050000000000000044,False,0.0008897676717745922,10,-1.0,1.0,0.0,2.0,True,False,1
158,layer2.conv2,element,0,"(0, 12, 15)",0,0.0,False,0.755,0.0,False,0.0008897676717745922,11,-1.5,-1.0,0.5849624872207642,0.3333333432674408,False,False,1
159,layer2.conv2,element,3,"(29, 0, 5)",1,0.005,True,0.75,0.0050000000000000044,False,0.0008897676717745922,5,3.0,-3.0,0.0,2.0,True,False,1
160,layer2.conv2,element,1,"(26, 6, 11)",2,0.01,True,0.76,-0.0050000000000000044,False,0.0008897676717745922,9,-0.5,-1.5,1.5849624872207642,2.0,False,False,1
161,layer2.conv2,element,2,"(21, 8, 7)",1,0.005,True,0.75,0.0050000000000000044,False,0.0008897676717745922,10,-1.0,-4.0,2.0,3.0,False,False,1
162,layer2.conv2,element,1,"(15, 4, 11)",0,0.0,False,0.755,0.0,False,0.0008897676717745922,12,-2.0,-4.0,1.0,1.0,False,False,1
163,layer2.conv2,element,3,"(6, 10, 1)",0,0.0,False,0.755,0.0,False,0.0008897676717745922,9,-0.5,0.5,0.0,2.0,True,False,1
164,layer2.conv2,element,0,"(13, 13, 10)",1,0.005,True,0.75,0.0050000000000000044,False,0.0008897676717745922,12,-2.0,-3.0,0.5849624872207642,0.5,False,False,1
165,layer2.conv2,element,0,"(8, 4, 8)",2,0.01,True,0.755,0.0,False,0.0008897676717745922,14,-4.0,-6.0,0.5849626064300537,0.5,False,False,1
166,layer2.conv2,element,1,"(6, 1, 2)",2,0.01,True,0.755,0.0,False,0.0008897676717745922,9,-0.5,-1.5,1.5849624872207642,2.0,False,False,1
167,layer2.conv2,element,1,"(14, 16, 2)",0,0.0,False,0.755,0.0,False,0.0008897676717745922,2,1.0,0.0,inf,1.0,False,False,1
168,layer2.conv2,element,0,"(16, 15, 0)",0,0.0,False,0.755,0.0,False,0.0008897676717745922,14,-4.0,-6.0,0.5849626064300537,0.5,False,False,1
169,layer2.conv2,element,3,"(26, 3, 5)",5,0.025,True,0.76,-0.0050000000000000044,False,0.0008897676717745922,5,3.0,-3.0,0.0,2.0,True,False,1
170,layer2.conv2,element,3,"(17, 2, 5)",0,0.0,False,0.755,0.0,False,0.0008897676717745922,8,-0.0,0.0,inf,0.0,True,False,1
171,layer2.conv2,element,2,"(3, 13, 12)",3,0.015,True,0.755,0.0,False,0.0008897676717745922,2,1.0,4.0,2.0,3.0,False,False,1
172,layer2.conv2,element,2,"(3, 14, 0)",4,0.02,True,0.75,0.0050000000000000044,False,0.0008897676717745922,2,1.0,4.0,2.0,3.0,False,False,1
173,layer2.conv2,element,3,"(30, 17, 7)",1,0.005,True,0.76,-0.0050000000000000044,False,0.0008897676717745922,10,-1.0,1.0,0.0,2.0,True,False,1
174,layer2.conv2,element,1,"(4, 12, 7)",2,0.01,True,0.755,0.0,False,0.0008897676717745922,9,-0.5,-1.5,1.5849624872207642,2.0,False,False,1
175,layer2.conv2,element,0,"(30, 3, 11)",1,0.005,True,0.76,-0.0050000000000000044,False,0.0008897676717745922,2,1.0,1.5,0.5849624872207642,0.5,False,False,1
176,layer2.conv2,element,3,"(20, 6, 6)",2,0.01,True,0.745,0.010000000000000009,False,0.0008897676717745922,11,-1.5,1.5,0.0,2.0,True,False,1
177,layer2.conv2,element,0,"(7, 14, 14)",0,0.0,False,0.755,0.0,False,0.0008897676717745922,14,-4.0,-6.0,0.5849626064300537,0.5,False,False,1
178,layer2.conv2,element,1,"(13, 14, 2)",2,0.01,True,0.755,0.0,False,0.0008897676717745922,13,-3.0,-6.0,1.0000001192092896,1.0,False,False,1
179,layer2.conv2,element,0,"(20, 9, 1)",2,0.01,True,0.755,0.0,False,0.0008897676717745922,8,-0.0,-0.5,inf,1.0,False,False,1
180,layer2.conv2,element,2,"(19, 3, 15)",2,0.01,True,0.75,0.0050000000000000044,False,0.0008897676717745922,4,2.0,0.0,inf,1.0,False,False,1
181,layer2.conv2,element,3,"(11, 9, 6)",8,0.04,True,0.765,-0.010000000000000009,False,0.0008897676717745922,15,-6.0,6.0,0.0,2.0,True,False,1
182,layer2.conv2,element,2,"(12, 7, 15)",2,0.01,True,0.76,-0.0050000000000000044,False,0.0008897676717745922,11,-1.5,-6.0,2.0,3.0,False,False,1
183,layer2.conv2,element,3,"(22, 5, 10)",2,0.01,True,0.745,0.010000000000000009,False,0.0008897676717745922,11,-1.5,1.5,0.0,2.0,True,False,1
184,layer2.conv2,element,1,"(20, 3, 2)",1,0.005,True,0.76,-0.0050000000000000044,False,0.0008897676717745922,6,4.0,2.0,1.0,0.5,False,False,1
185,layer2.conv2,element,0,"(2, 14, 1)",0,0.0,False,0.755,0.0,False,0.0008897676717745922,2,1.0,1.5,0.5849624872207642,0.5,False,False,1
186,layer2.conv2,element,0,"(23, 2, 2)",2,0.01,True,0.75,0.0050000000000000044,False,0.0008897676717745922,7,6.0,4.0,0.5849626064300537,0.3333333432674408,False,False,1
187,layer2.conv2,element,0,"(15, 0, 11)",2,0.01,True,0.755,0.0,False,0.0008897676717745922,15,-6.0,-4.0,0.5849626064300537,0.3333333432674408,False,False,1
188,layer2.conv2,element,3,"(27, 1, 2)",1,0.005,True,0.75,0.0050000000000000044,False,0.0008897676717745922,14,-4.0,4.0,0.0,2.0,True,False,1
189,layer2.conv2,element,0,"(18, 14, 15)",0,0.0,False,0.755,0.0,False,0.0008897676717745922,14,-4.0,-6.0,0.5849626064300537,0.5,False,False,1
190,layer2.conv2,element,3,"(17, 1, 9)",0,0.0,False,0.755,0.0,False,0.0008897676717745922,2,1.0,-1.0,0.0,2.0,True,False,1
191,layer2.conv2,element,0,"(20, 0, 13)",1,0.005,True,0.75,0.0050000000000000044,False,0.0008897676717745922,4,2.0,3.0,0.5849624872207642,0.5,False,False,1
192,layer2.conv2,element,0,"(12, 4, 15)",1,0.005,True,0.75,0.0050000000000000044,False,0.0008897676717745922,6,4.0,6.0,0.5849626064300537,0.5,False,False,1
193,layer2.conv2,element,1,"(22, 3, 0)",2,0.01,True,0.755,0.0,False,0.0008897676717745922,7,6.0,3.0,1.0000001192092896,0.5,False,False,1
194,layer2.conv2,element,0,"(9, 12, 7)",0,0.0,False,0.755,0.0,False,0.0008897676717745922,14,-4.0,-6.0,0.5849626064300537,0.5,False,False,1
195,layer2.conv2,element,2,"(28, 9, 6)",3,0.015,True,0.755,0.0,False,0.0008897676717745922,4,2.0,0.0,inf,1.0,False,False,1
196,layer2.conv2,element,1,"(22, 10, 6)",3,0.015,True,0.75,0.0050000000000000044,False,0.0008897676717745922,11,-1.5,-0.5,1.5849624872207642,0.6666666865348816,False,False,1
197,layer2.conv2,element,1,"(7, 12, 15)",1,0.005,True,0.75,0.0050000000000000044,False,0.0008897676717745922,8,-0.0,-1.0,inf,2.0,False,False,1
198,layer2.conv2,element,2,"(28, 2, 5)",1,0.005,True,0.76,-0.0050000000000000044,False,0.0008897676717745922,8,-0.0,-2.0,inf,4.0,False,False,1
199,layer2.conv2,element,3,"(4, 16, 3)",2,0.01,True,0.755,0.0,False,0.0008897676717745922,4,2.0,-2.0,0.0,2.0,True,False,1
200,layer2.conv2,element,3,"(29, 8, 2)",0,0.0,False,0.755,0.0,False,0.0008897676717745922,1,0.5,-0.5,0.0,2.0,True,False,1
201,layer2.conv2,element,3,"(12, 8, 15)",5,0.025,True,0.76,-0.0050000000000000044,False,0.0008897676717745922,4,2.0,-2.0,0.0,2.0,True,False,1
202,layer2.conv2,element,3,"(11, 14, 8)",3,0.015,True,0.755,0.0,False,0.0008897676717745922,11,-1.5,1.5,0.0,2.0,True,False,1
203,layer2.conv2,element,3,"(18, 3, 10)",2,0.01,True,0.765,-0.010000000000000009,False,0.0008897676717745922,2,1.0,-1.0,0.0,2.0,True,False,1
204,layer2.conv2,element,3,"(0, 12, 3)",2,0.01,True,0.755,0.0,False,0.0008897676717745922,13,-3.0,3.0,0.0,2.0,True,False,1
205,layer2.conv2,element,1,"(30, 13, 4)",1,0.005,True,0.75,0.0050000000000000044,False,0.0008897676717745922,8,-0.0,-1.0,inf,2.0,False,False,1
206,layer2.conv2,element,0,"(27, 2, 5)",2,0.01,True,0.755,0.0,False,0.0008897676717745922,15,-6.0,-4.0,0.5849626064300537,0.3333333432674408,False,False,1
207,layer2.conv2,element,3,"(22, 13, 4)",0,0.0,False,0.755,0.0,False,0.0008897676717745922,9,-0.5,0.5,0.0,2.0,True,False,1
208,layer2.conv2,element,2,"(3, 4, 1)",0,0.0,False,0.755,0.0,False,0.0008897676717745922,11,-1.5,-6.0,2.0,3.0,False,False,1
209,layer2.conv2,element,2,"(23, 11, 5)",2,0.01,True,0.75,0.0050000000000000044,False,0.0008897676717745922,9,-0.5,-3.0,2.5849623680114746,5.0,False,False,1
210,layer2.conv2,element,1,"(12, 1, 12)",1,0.005,True,0.75,0.0050000000000000044,False,0.0008897676717745922,11,-1.5,-0.5,1.5849624872207642,0.6666666865348816,False,False,1
211,layer2.conv2,element,1,"(31, 2, 4)",0,0.0,False,0.755,0.0,False,0.0008897676717745922,9,-0.5,-1.5,1.5849624872207642,2.0,False,False,1
212,layer2.conv2,element,0,"(24, 14, 13)",0,0.0,False,0.755,0.0,False,0.0008897676717745922,1,0.5,0.0,inf,1.0,False,False,1
213,layer2.conv2,element,0,"(8, 10, 3)",0,0.0,False,0.755,0.0,False,0.0008897676717745922,9,-0.5,-0.0,inf,1.0,False,False,1
214,layer2.conv2,element,0,"(6, 7, 9)",2,0.01,True,0.76,-0.0050000000000000044,False,0.0008897676717745922,7,6.0,4.0,0.5849626064300537,0.3333333432674408,False,False,1
215,layer2.conv2,element,0,"(8, 5, 7)",0,0.0,False,0.755,0.0,False,0.0008897676717745922,13,-3.0,-2.0,0.5849624872207642,0.3333333432674408,False,False,1
216,layer2.conv2,element,0,"(18, 11, 11)",2,0.01,True,0.76,-0.0050000000000000044,False,0.0008897676717745922,7,6.0,4.0,0.5849626064300537,0.3333333432674408,False,False,1
217,layer2.conv2,element,1,"(13, 9, 6)",4,0.02,True,0.75,0.0050000000000000044,False,0.0008897676717745922,7,6.0,3.0,1.0000001192092896,0.5,False,False,1
218,layer2.conv2,element,1,"(14, 8, 4)",1,0.005,True,0.76,-0.0050000000000000044,False,0.0008897676717745922,4,2.0,4.0,1.0,1.0,False,False,1
219,layer2.conv2,element,2,"(9, 8, 2)",1,0.005,True,0.75,0.0050000000000000044,False,0.0008897676717745922,14,-4.0,-1.0,2.0,0.75,False,False,1
220,layer2.conv2,element,0,"(27, 15, 12)",0,0.0,False,0.755,0.0,False,0.0008897676717745922,3,1.5,1.0,0.5849624872207642,0.3333333432674408,False,False,1
221,layer2.conv2,element,0,"(20, 15, 0)",0,0.0,False,0.755,0.0,False,0.0008897676717745922,12,-2.0,-3.0,0.5849624872207642,0.5,False,False,1
222,layer2.conv2,element,0,"(2, 3, 1)",0,0.0,False,0.755,0.0,False,0.0008897676717745922,5,3.0,2.0,0.5849624872207642,0.3333333432674408,False,False,1
223,layer2.conv2,element,2,"(30, 8, 2)",1,0.005,True,0.76,-0.0050000000000000044,False,0.0008897676717745922,1,0.5,3.0,2.5849623680114746,5.0,False,False,1
224,layer2.conv2,element,0,"(0, 1, 5)",3,0.015,True,0.75,0.0050000000000000044,False,0.0008897676717745922,4,2.0,3.0,0.5849624872207642,0.5,False,False,1
225,layer2.conv2,element,3,"(4, 16, 6)",3,0.015,True,0.75,0.0050000000000000044,False,0.0008897676717745922,3,1.5,-1.5,0.0,2.0,True,False,1
226,layer2.conv2,element,2,"(5, 10, 8)",2,0.01,True,0.755,0.0,False,0.0008897676717745922,11,-1.5,-6.0,2.0,3.0,False,False,1
227,layer2.conv2,element,0,"(16, 10, 5)",2,0.01,True,0.755,0.0,False,0.0008897676717745922,7,6.0,4.0,0.5849626064300537,0.3333333432674408,False,False,1
228,layer2.conv2,element,1,"(26, 6, 12)",1,0.005,True,0.76,-0.0050000000000000044,False,0.0008897676717745922,10,-1.0,-0.0,inf,1.0,False,False,1
229,layer2.conv2,element,0,"(21, 12, 4)",0,0.0,False,0.755,0.0,False,0.0008897676717745922,15,-6.0,-4.0,0.5849626064300537,0.3333333432674408,False,False,1
230,layer2.conv2,element,0,"(2, 12, 2)",0,0.0,False,0.755,0.0,False,0.0008897676717745922,5,3.0,2.0,0.5849624872207642,0.3333333432674408,False,False,1
231,layer2.conv2,element,2,"(15, 14, 1)",4,0.02,True,0.75,0.0050000000000000044,False,0.0008897676717745922,3,1.5,6.0,2.0,3.0,False,False,1
232,layer2.conv2,element,2,"(17, 17, 4)",2,0.01,True,0.75,0.0050000000000000044,False,0.0008897676717745922,7,6.0,1.5,2.0,0.75,False,False,1
233,layer2.conv2,element,3,"(29, 4, 5)",1,0.005,True,0.755,0.0,False,0.0008897676717745922,2,1.0,-1.0,0.0,2.0,True,False,1
234,layer2.conv2,element,1,"(7, 2, 11)",3,0.015,True,0.74,0.015000000000000013,False,0.0008897676717745922,13,-3.0,-6.0,1.0000001192092896,1.0,False,False,1
235,layer2.conv2,element,3,"(23, 10, 7)",2,0.01,True,0.75,0.0050000000000000044,False,0.0008897676717745922,2,1.0,-1.0,0.0,2.0,True,False,1
236,layer2.conv2,element,2,"(13, 17, 15)",1,0.005,True,0.75,0.0050000000000000044,False,0.0008897676717745922,13,-3.0,-0.5,2.5849623680114746,0.8333333134651184,False,False,1
237,layer2.conv2,element,3,"(28, 4, 2)",0,0.0,False,0.755,0.0,False,0.0008897676717745922,9,-0.5,0.5,0.0,2.0,True,False,1
238,layer2.conv2,element,3,"(25, 16, 3)",0,0.0,False,0.755,0.0,False,0.0008897676717745922,0,0.0,-0.0,inf,0.0,True,False,1
239,layer2.conv2,element,0,"(3, 10, 6)",1,0.005,True,0.76,-0.0050000000000000044,False,0.0008897676717745922,13,-3.0,-2.0,0.5849624872207642,0.3333333432674408,False,False,1
240,layer2.conv2,element,1,"(8, 10, 12)",0,0.0,False,0.755,0.0,False,0.0008897676717745922,14,-4.0,-2.0,1.0,0.5,False,False,1
241,layer2.conv2,element,3,"(6, 4, 12)",3,0.015,True,0.76,-0.0050000000000000044,False,0.0008897676717745922,4,2.0,-2.0,0.0,2.0,True,False,1
242,layer2.conv2,element,2,"(5, 11, 10)",1,0.005,True,0.76,-0.0050000000000000044,False,0.0008897676717745922,11,-1.5,-6.0,2.0,3.0,False,False,1
243,layer2.conv2,element,0,"(2, 1, 13)",0,0.0,False,0.755,0.0,False,0.0008897676717745922,5,3.0,2.0,0.5849624872207642,0.3333333432674408,False,False,1
244,layer2.conv2,element,0,"(26, 16, 6)",1,0.005,True,0.75,0.0050000000000000044,False,0.0008897676717745922,4,2.0,3.0,0.5849624872207642,0.5,False,False,1
245,layer2.shortcut.0,element,1,"(9, 0, 11)",4,0.02,True,0.75,0.0050000000000000044,False,0.0008403361344537815,0,0.0,1.0,inf,2.0,False,False,1
246,layer2.shortcut.0,element,3,"(30, 0, 1)",1,0.005,True,0.76,-0.0050000000000000044,False,0.0008403361344537815,9,-0.5,0.5,0.0,2.0,True,False,1
247,layer2.shortcut.0,element,0,"(20, 0, 15)",1,0.005,True,0.75,0.0050000000000000044,False,0.0008403361344537815,2,1.0,1.5,0.5849624872207642,0.5,False,False,1
248,layer2.shortcut.0,element,2,"(19, 0, 12)",5,0.025,True,0.735,0.020000000000000018,False,0.0008403361344537815,1,0.5,3.0,2.5849623680114746,5.0,False,False,1
249,layer2.shortcut.0,element,0,"(26, 0, 2)",0,0.0,False,0.755,0.0,False,0.0008403361344537815,7,6.0,4.0,0.5849626064300537,0.3333333432674408,False,False,1
250,layer2.shortcut.0,element,3,"(5, 0, 1)",5,0.025,True,0.75,0.0050000000000000044,False,0.0008403361344537815,15,-6.0,6.0,0.0,2.0,True,False,1
251,layer2.shortcut.0,element,1,"(31, 0, 1)",3,0.015,True,0.75,0.0050000000000000044,False,0.0008403361344537815,13,-3.0,-6.0,1.0000001192092896,1.0,False,False,1
252,layer3.conv1,element,3,"(44, 2, 1)",0,0.0,False,0.755,0.0,False,0.0008897676717745922,9,-0.5,0.5,0.0,2.0,True,False,1
253,layer3.conv1,element,3,"(52, 12, 2)",0,0.0,False,0.755,0.0,False,0.0008897676717745922,1,0.5,-0.5,0.0,2.0,True,False,1
254,layer3.conv1,element,3,"(22, 12, 8)",5,0.025,True,0.755,0.0,False,0.0008897676717745922,4,2.0,-2.0,0.0,2.0,True,False,1
255,layer3.conv1,element,0,"(29, 4, 8)",2,0.01,True,0.755,0.0,False,0.0008897676717745922,6,4.0,6.0,0.5849626064300537,0.5,False,False,1
256,layer3.conv1,element,0,"(42, 15, 9)",0,0.0,False,0.755,0.0,False,0.0008897676717745922,12,-2.0,-3.0,0.5849624872207642,0.5,False,False,1
257,layer3.conv1,element,0,"(17, 13, 4)",1,0.005,True,0.76,-0.0050000000000000044,False,0.0008897676717745922,13,-3.0,-2.0,0.5849624872207642,0.3333333432674408,False,False,1
258,layer3.conv1,element,0,"(34, 9, 10)",0,0.0,False,0.755,0.0,False,0.0008897676717745922,10,-1.0,-1.5,0.5849624872207642,0.5,False,False,1
259,layer3.conv1,element,3,"(26, 14, 12)",0,0.0,False,0.755,0.0,False,0.0008897676717745922,0,0.0,-0.0,inf,0.0,True,False,1
260,layer3.conv1,element,3,"(17, 16, 9)",1,0.005,True,0.75,0.0050000000000000044,False,0.0008897676717745922,3,1.5,-1.5,0.0,2.0,True,False,1
261,layer3.conv1,element,3,"(17, 2, 0)",0,0.0,False,0.755,0.0,False,0.0008897676717745922,6,4.0,-4.0,0.0,2.0,True,False,1
262,layer3.conv1,element,1,"(7, 5, 15)",0,0.0,False,0.755,0.0,False,0.0008897676717745922,1,0.5,1.5,1.5849624872207642,2.0,False,False,1
263,layer3.conv1,element,3,"(46, 17, 3)",3,0.015,True,0.75,0.0050000000000000044,False,0.0008897676717745922,13,-3.0,3.0,0.0,2.0,True,False,1
264,layer3.conv1,element,2,"(33, 13, 7)",0,0.0,False,0.755,0.0,False,0.0008897676717745922,1,0.5,3.0,2.5849623680114746,5.0,False,False,1
265,layer3.conv1,element,2,"(3, 13, 11)",0,0.0,False,0.755,0.0,False,0.0008897676717745922,6,4.0,1.0,2.0,0.75,False,False,1
266,layer3.conv1,element,2,"(57, 12, 12)",0,0.0,False,0.755,0.0,False,0.0008897676717745922,6,4.0,1.0,2.0,0.75,False,False,1
267,layer3.conv1,element,1,"(18, 9, 3)",1,0.005,True,0.75,0.0050000000000000044,False,0.0008897676717745922,1,0.5,1.5,1.5849624872207642,2.0,False,False,1
268,layer3.conv1,element,0,"(14, 7, 14)",1,0.005,True,0.76,-0.0050000000000000044,False,0.0008897676717745922,14,-4.0,-6.0,0.5849626064300537,0.5,False,False,1
269,layer3.conv1,element,3,"(20, 12, 6)",0,0.0,False,0.755,0.0,False,0.0008897676717745922,5,3.0,-3.0,0.0,2.0,True,False,1
270,layer3.conv1,element,0,"(20, 1, 13)",0,0.0,False,0.755,0.0,False,0.0008897676717745922,5,3.0,2.0,0.5849624872207642,0.3333333432674408,False,False,1
271,layer3.conv1,element,2,"(11, 11, 1)",1,0.005,True,0.75,0.0050000000000000044,False,0.0008897676717745922,2,1.0,4.0,2.0,3.0,False,False,1
272,layer3.conv1,element,0,"(62, 12, 15)",0,0.0,False,0.755,0.0,False,0.0008897676717745922,13,-3.0,-2.0,0.5849624872207642,0.3333333432674408,False,False,1
273,layer3.conv1,element,2,"(47, 4, 5)",0,0.0,False,0.755,0.0,False,0.0008897676717745922,5,3.0,0.5,2.5849623680114746,0.8333333134651184,False,False,1
274,layer3.conv1,element,0,"(38, 1, 0)",1,0.005,True,0.75,0.0050000000000000044,False,0.0008897676717745922,9,-0.5,-0.0,inf,1.0,False,False,1
275,layer3.conv1,element,0,"(11, 9, 10)",0,0.0,False,0.755,0.0,False,0.0008897676717745922,15,-6.0,-4.0,0.5849626064300537,0.3333333432674408,False,False,1
276,layer3.conv1,element,3,"(40, 13, 15)",0,0.0,False,0.755,0.0,False,0.0008897676717745922,5,3.0,-3.0,0.0,2.0,True,False,1
277,layer3.conv1,element,0,"(19, 4, 2)",0,0.0,False,0.755,0.0,False,0.0008897676717745922,12,-2.0,-3.0,0.5849624872207642,0.5,False,False,1
278,layer3.conv1,element,0,"(21, 0, 14)",0,0.0,False,0.755,0.0,False,0.0008897676717745922,14,-4.0,-6.0,0.5849626064300537,0.5,False,False,1
279,layer3.conv1,element,0,"(3, 11, 0)",2,0.01,True,0.755,0.0,False,0.0008897676717745922,15,-6.0,-4.0,0.5849626064300537,0.3333333432674408,False,False,1
280,layer3.conv1,element,1,"(61, 11, 13)",0,0.0,False,0.755,0.0,False,0.0008897676717745922,11,-1.5,-0.5,1.5849624872207642,0.6666666865348816,False,False,1
281,layer3.conv1,element,3,"(48, 6, 6)",1,0.005,True,0.76,-0.0050000000000000044,False,0.0008897676717745922,1,0.5,-0.5,0.0,2.0,True,False,1
282,layer3.conv1,element,0,"(39, 9, 2)",0,0.0,False,0.755,0.0,False,0.0008897676717745922,0,0.0,0.5,inf,1.0,False,False,1
283,layer3.conv1,element,0,"(23, 5, 2)",0,0.0,False,0.755,0.0,False,0.0008897676717745922,7,6.0,4.0,0.5849626064300537,0.3333333432674408,False,False,1
284,layer3.conv1,element,1,"(28, 2, 7)",0,0.0,False,0.755,0.0,False,0.0008897676717745922,9,-0.5,-1.5,1.5849624872207642,2.0,False,False,1
285,layer3.conv1,element,0,"(41, 17, 10)",0,0.0,False,0.755,0.0,False,0.0008897676717745922,8,-0.0,-0.5,inf,1.0,False,False,1
286,layer3.conv1,element,3,"(28, 9, 5)",3,0.015,True,0.75,0.0050000000000000044,False,0.0008897676717745922,14,-4.0,4.0,0.0,2.0,True,False,1
287,layer3.conv1,element,2,"(13, 16, 4)",0,0.0,False,0.755,0.0,False,0.0008897676717745922,13,-3.0,-0.5,2.5849623680114746,0.8333333134651184,False,False,1
288,layer3.conv1,element,1,"(21, 16, 10)",1,0.005,True,0.75,0.0050000000000000044,False,0.0008897676717745922,10,-1.0,-0.0,inf,1.0,False,False,1
289,layer3.conv1,element,0,"(1, 7, 1)",0,0.0,False,0.755,0.0,False,0.0008897676717745922,10,-1.0,-1.5,0.5849624872207642,0.5,False,False,1
290,layer3.conv1,element,0,"(27, 15, 15)",0,0.0,False,0.755,0.0,False,0.0008897676717745922,4,2.0,3.0,0.5849624872207642,0.5,False,False,1
291,layer3.conv1,element,2,"(20, 11, 6)",0,0.0,False,0.755,0.0,False,0.0008897676717745922,4,2.0,0.0,inf,1.0,False,False,1
292,layer3.conv1,element,3,"(16, 10, 4)",1,0.005,True,0.75,0.0050000000000000044,False,0.0008897676717745922,10,-1.0,1.0,0.0,2.0,True,False,1
293,layer3.conv1,element,3,"(49, 15, 7)",0,0.0,False,0.755,0.0,False,0.0008897676717745922,14,-4.0,4.0,0.0,2.0,True,False,1
294,layer3.conv1,element,2,"(17, 5, 7)",0,0.0,False,0.755,0.0,False,0.0008897676717745922,12,-2.0,-0.0,inf,1.0,False,False,1
295,layer3.conv1,element,3,"(53, 10, 11)",0,0.0,False,0.755,0.0,False,0.0008897676717745922,5,3.0,-3.0,0.0,2.0,True,False,1
296,layer3.conv1,element,3,"(36, 4, 14)",3,0.015,True,0.75,0.0050000000000000044,False,0.0008897676717745922,11,-1.5,1.5,0.0,2.0,True,False,1
297,layer3.conv1,element,0,"(22, 5, 13)",0,0.0,False,0.755,0.0,False,0.0008897676717745922,12,-2.0,-3.0,0.5849624872207642,0.5,False,False,1
298,layer3.conv1,element,2,"(31, 0, 9)",1,0.005,True,0.76,-0.0050000000000000044,False,0.0008897676717745922,10,-1.0,-4.0,2.0,3.0,False,False,1
299,layer3.conv1,element,3,"(54, 3, 10)",3,0.015,True,0.75,0.0050000000000000044,False,0.0008897676717745922,14,-4.0,4.0,0.0,2.0,True,False,1
300,layer3.conv1,element,3,"(1, 0, 12)",3,0.015,True,0.75,0.0050000000000000044,False,0.0008897676717745922,13,-3.0,3.0,0.0,2.0,True,False,1
301,layer3.conv1,element,1,"(3, 4, 0)",1,0.005,True,0.76,-0.0050000000000000044,False,0.0008897676717745922,5,3.0,6.0,1.0000001192092896,1.0,False,False,1
302,layer3.conv1,element,3,"(12, 16, 7)",3,0.015,True,0.74,0.015000000000000013,False,0.0008897676717745922,6,4.0,-4.0,0.0,2.0,True,False,1
303,layer3.conv1,element,2,"(33, 7, 7)",0,0.0,False,0.755,0.0,False,0.0008897676717745922,10,-1.0,-4.0,2.0,3.0,False,False,1
304,layer3.conv1,element,1,"(25, 11, 4)",2,0.01,True,0.755,0.0,False,0.0008897676717745922,0,0.0,1.0,inf,2.0,False,False,1
305,layer3.conv1,element,1,"(16, 8, 8)",0,0.0,False,0.755,0.0,False,0.0008897676717745922,0,0.0,1.0,inf,2.0,False,False,1
306,layer3.conv1,element,3,"(23, 14, 13)",0,0.0,False,0.755,0.0,False,0.0008897676717745922,4,2.0,-2.0,0.0,2.0,True,False,1
307,layer3.conv1,element,3,"(28, 1, 13)",0,0.0,False,0.755,0.0,False,0.0008897676717745922,0,0.0,-0.0,inf,0.0,True,False,1
308,layer3.conv1,element,2,"(20, 5, 0)",0,0.0,False,0.755,0.0,False,0.0008897676717745922,14,-4.0,-1.0,2.0,0.75,False,False,1
309,layer3.conv1,element,1,"(14, 3, 5)",1,0.005,True,0.76,-0.0050000000000000044,False,0.0008897676717745922,13,-3.0,-6.0,1.0000001192092896,1.0,False,False,1
310,layer3.conv1,element,1,"(27, 3, 11)",0,0.0,False,0.755,0.0,False,0.0008897676717745922,4,2.0,4.0,1.0,1.0,False,False,1
311,layer3.conv1,element,2,"(57, 3, 6)",0,0.0,False,0.755,0.0,False,0.0008897676717745922,9,-0.5,-3.0,2.5849623680114746,5.0,False,False,1
312,layer3.conv1,element,3,"(1, 3, 6)",4,0.02,True,0.75,0.0050000000000000044,False,0.0008897676717745922,15,-6.0,6.0,0.0,2.0,True,False,1
313,layer3.conv1,element,2,"(19, 6, 1)",1,0.005,True,0.75,0.0050000000000000044,False,0.0008897676717745922,3,1.5,6.0,2.0,3.0,False,False,1
314,layer3.conv1,element,3,"(50, 11, 10)",0,0.0,False,0.755,0.0,False,0.0008897676717745922,11,-1.5,1.5,0.0,2.0,True,False,1
315,layer3.conv1,element,2,"(60, 8, 15)",0,0.0,False,0.755,0.0,False,0.0008897676717745922,1,0.5,3.0,2.5849623680114746,5.0,False,False,1
316,layer3.conv1,element,1,"(49, 14, 3)",1,0.005,True,0.75,0.0050000000000000044,False,0.0008897676717745922,9,-0.5,-1.5,1.5849624872207642,2.0,False,False,1
317,layer3.conv1,element,0,"(6, 17, 10)",0,0.0,False,0.755,0.0,False,0.0008897676717745922,11,-1.5,-1.0,0.5849624872207642,0.3333333432674408,False,False,1
318,layer3.conv1,element,2,"(8, 10, 0)",1,0.005,True,0.75,0.0050000000000000044,False,0.0008897676717745922,10,-1.0,-4.0,2.0,3.0,False,False,1
319,layer3.conv1,element,2,"(27, 9, 2)",1,0.005,True,0.75,0.0050000000000000044,False,0.0008897676717745922,15,-6.0,-1.5,2.0,0.75,False,False,1
320,layer3.conv1,element,0,"(0, 13, 9)",0,0.0,False,0.755,0.0,False,0.0008897676717745922,8,-0.0,-0.5,inf,1.0,False,False,1
321,layer3.conv1,element,3,"(28, 6, 13)",1,0.005,True,0.76,-0.0050000000000000044,False,0.0008897676717745922,12,-2.0,2.0,0.0,2.0,True,False,1
322,layer3.conv1,element,1,"(43, 4, 0)",1,0.005,True,0.75,0.0050000000000000044,False,0.0008897676717745922,10,-1.0,-0.0,inf,1.0,False,False,1
323,layer3.conv1,element,2,"(45, 7, 4)",0,0.0,False,0.755,0.0,False,0.0008897676717745922,0,0.0,2.0,inf,4.0,False,False,1
324,layer3.conv1,element,0,"(9, 14, 6)",0,0.0,False,0.755,0.0,False,0.0008897676717745922,12,-2.0,-3.0,0.5849624872207642,0.5,False,False,1
325,layer3.conv1,element,0,"(22, 1, 7)",0,0.0,False,0.755,0.0,False,0.0008897676717745922,13,-3.0,-2.0,0.5849624872207642,0.3333333432674408,False,False,1
326,layer3.conv1,element,2,"(8, 17, 13)",0,0.0,False,0.755,0.0,False,0.0008897676717745922,12,-2.0,-0.0,inf,1.0,False,False,1
327,layer3.conv1,element,0,"(31, 9, 5)",0,0.0,False,0.755,0.0,False,0.0008897676717745922,14,-4.0,-6.0,0.5849626064300537,0.5,False,False,1
328,layer3.conv1,element,2,"(2, 14, 13)",0,0.0,False,0.755,0.0,False,0.0008897676717745922,0,0.0,2.0,inf,4.0,False,False,1
329,layer3.conv1,element,1,"(4, 9, 2)",0,0.0,False,0.755,0.0,False,0.0008897676717745922,4,2.0,4.0,1.0,1.0,False,False,1
330,layer3.conv1,element,0,"(63, 13, 0)",0,0.0,False,0.755,0.0,False,0.0008897676717745922,11,-1.5,-1.0,0.5849624872207642,0.3333333432674408,False,False,1
331,layer3.conv1,element,2,"(19, 16, 4)",0,0.0,False,0.755,0.0,False,0.0008897676717745922,4,2.0,0.0,inf,1.0,False,False,1
332,layer3.conv1,element,3,"(22, 1, 9)",0,0.0,False,0.755,0.0,False,0.0008897676717745922,14,-4.0,4.0,0.0,2.0,True,False,1
333,layer3.conv1,element,0,"(46, 7, 2)",0,0.0,False,0.755,0.0,False,0.0008897676717745922,14,-4.0,-6.0,0.5849626064300537,0.5,False,False,1
334,layer3.conv1,element,1,"(34, 2, 15)",2,0.01,True,0.755,0.0,False,0.0008897676717745922,10,-1.0,-0.0,inf,1.0,False,False,1
335,layer3.conv1,element,0,"(6, 14, 0)",1,0.005,True,0.75,0.0050000000000000044,False,0.0008897676717745922,15,-6.0,-4.0,0.5849626064300537,0.3333333432674408,False,False,1
336,layer3.conv1,element,3,"(26, 17, 15)",0,0.0,False,0.755,0.0,False,0.0008897676717745922,13,-3.0,3.0,0.0,2.0,True,False,1
337,layer3.conv1,element,2,"(29, 10, 13)",2,0.01,True,0.755,0.0,False,0.0008897676717745922,2,1.0,4.0,2.0,3.0,False,False,1
338,layer3.conv1,element,1,"(60, 17, 6)",0,0.0,False,0.755,0.0,False,0.0008897676717745922,13,-3.0,-6.0,1.0000001192092896,1.0,False,False,1
339,layer3.conv1,element,3,"(15, 2, 11)",1,0.005,True,0.75,0.0050000000000000044,False,0.0008897676717745922,15,-6.0,6.0,0.0,2.0,True,False,1
340,layer3.conv1,element,2,"(5, 4, 6)",0,0.0,False,0.755,0.0,False,0.0008897676717745922,12,-2.0,-0.0,inf,1.0,False,False,1
341,layer3.conv1,element,1,"(10, 10, 10)",0,0.0,False,0.755,0.0,False,0.0008897676717745922,9,-0.5,-1.5,1.5849624872207642,2.0,False,False,1
342,layer3.conv1,element,0,"(9, 12, 3)",0,0.0,False,0.755,0.0,False,0.0008897676717745922,10,-1.0,-1.5,0.5849624872207642,0.5,False,False,1
343,layer3.conv1,element,2,"(7, 13, 12)",0,0.0,False,0.755,0.0,False,0.0008897676717745922,12,-2.0,-0.0,inf,1.0,False,False,1
344,layer3.conv1,element,2,"(28, 5, 15)",0,0.0,False,0.755,0.0,False,0.0008897676717745922,4,2.0,0.0,inf,1.0,False,False,1
345,layer3.conv1,element,1,"(52, 1, 9)",0,0.0,False,0.755,0.0,False,0.0008897676717745922,9,-0.5,-1.5,1.5849624872207642,2.0,False,False,1
346,layer3.conv1,element,2,"(31, 8, 11)",0,0.0,False,0.755,0.0,False,0.0008897676717745922,14,-4.0,-1.0,2.0,0.75,False,False,1
347,layer3.conv1,element,1,"(43, 17, 0)",0,0.0,False,0.755,0.0,False,0.0008897676717745922,9,-0.5,-1.5,1.5849624872207642,2.0,False,False,1
348,layer3.conv1,element,1,"(1, 8, 0)",2,0.01,True,0.755,0.0,False,0.0008897676717745922,0,0.0,1.0,inf,2.0,False,False,1
349,layer3.conv1,element,1,"(24, 5, 2)",1,0.005,True,0.75,0.0050000000000000044,False,0.0008897676717745922,14,-4.0,-2.0,1.0,0.5,False,False,1
350,layer3.conv1,element,1,"(12, 16, 0)",1,0.005,True,0.75,0.0050000000000000044,False,0.0008897676717745922,6,4.0,2.0,1.0,0.5,False,False,1
351,layer3.conv1,element,0,"(25, 1, 2)",0,0.0,False,0.755,0.0,False,0.0008897676717745922,4,2.0,3.0,0.5849624872207642,0.5,False,False,1
352,layer3.conv1,element,3,"(46, 1, 12)",1,0.005,True,0.76,-0.0050000000000000044,False,0.0008897676717745922,12,-2.0,2.0,0.0,2.0,True,False,1
353,layer3.conv1,element,1,"(46, 11, 2)",2,0.01,True,0.75,0.0050000000000000044,False,0.0008897676717745922,6,4.0,2.0,1.0,0.5,False,False,1
354,layer3.conv1,element,1,"(53, 6, 10)",0,0.0,False,0.755,0.0,False,0.0008897676717745922,1,0.5,1.5,1.5849624872207642,2.0,False,False,1
355,layer3.conv1,element,0,"(38, 11, 12)",1,0.005,True,0.75,0.0050000000000000044,False,0.0008897676717745922,2,1.0,1.5,0.5849624872207642,0.5,False,False,1
356,layer3.conv1,element,2,"(38, 0, 3)",0,0.0,False,0.755,0.0,False,0.0008897676717745922,10,-1.0,-4.0,2.0,3.0,False,False,1
357,layer3.conv1,element,3,"(58, 11, 3)",1,0.005,True,0.76,-0.0050000000000000044,False,0.0008897676717745922,2,1.0,-1.0,0.0,2.0,True,False,1
358,layer3.conv1,element,0,"(55, 2, 8)",1,0.005,True,0.75,0.0050000000000000044,False,0.0008897676717745922,11,-1.5,-1.0,0.5849624872207642,0.3333333432674408,False,False,1
359,layer3.conv1,element,2,"(58, 15, 2)",0,0.0,False,0.755,0.0,False,0.0008897676717745922,15,-6.0,-1.5,2.0,0.75,False,False,1
360,layer3.conv1,element,1,"(38, 0, 13)",0,0.0,False,0.755,0.0,False,0.0008897676717745922,13,-3.0,-6.0,1.0000001192092896,1.0,False,False,1
361,layer3.conv1,element,0,"(30, 15, 7)",0,0.0,False,0.755,0.0,False,0.0008897676717745922,15,-6.0,-4.0,0.5849626064300537,0.3333333432674408,False,False,1
362,layer3.conv1,element,0,"(20, 12, 5)",0,0.0,False,0.755,0.0,False,0.0008897676717745922,3,1.5,1.0,0.5849624872207642,0.3333333432674408,False,False,1
363,layer3.conv1,element,0,"(42, 3, 5)",0,0.0,False,0.755,0.0,False,0.0008897676717745922,15,-6.0,-4.0,0.5849626064300537,0.3333333432674408,False,False,1
364,layer3.conv1,element,3,"(34, 10, 1)",2,0.01,True,0.755,0.0,False,0.0008897676717745922,10,-1.0,1.0,0.0,2.0,True,False,1
365,layer3.conv1,element,3,"(34, 15, 7)",0,0.0,False,0.755,0.0,False,0.0008897676717745922,12,-2.0,2.0,0.0,2.0,True,False,1
366,layer3.conv1,element,2,"(2, 5, 12)",0,0.0,False,0.755,0.0,False,0.0008897676717745922,4,2.0,0.0,inf,1.0,False,False,1
367,layer3.conv1,element,1,"(19, 15, 7)",0,0.0,False,0.755,0.0,False,0.0008897676717745922,10,-1.0,-0.0,inf,1.0,False,False,1
368,layer3.conv1,element,3,"(61, 14, 9)",2,0.01,True,0.755,0.0,False,0.0008897676717745922,11,-1.5,1.5,0.0,2.0,True,False,1
369,layer3.conv1,element,1,"(29, 0, 7)",0,0.0,False,0.755,0.0,False,0.0008897676717745922,14,-4.0,-2.0,1.0,0.5,False,False,1
370,layer3.conv1,element,2,"(28, 14, 3)",3,0.015,True,0.75,0.0050000000000000044,False,0.0008897676717745922,2,1.0,4.0,2.0,3.0,False,False,1
371,layer3.conv1,element,0,"(46, 2, 12)",1,0.005,True,0.76,-0.0050000000000000044,False,0.0008897676717745922,4,2.0,3.0,0.5849624872207642,0.5,False,False,1
372,layer3.conv1,element,3,"(54, 5, 9)",2,0.01,True,0.76,-0.0050000000000000044,False,0.0008897676717745922,4,2.0,-2.0,0.0,2.0,True,False,1
373,layer3.conv1,element,2,"(35, 6, 11)",0,0.0,False,0.755,0.0,False,0.0008897676717745922,8,-0.0,-2.0,inf,4.0,False,False,1
374,layer3.conv1,element,1,"(42, 16, 4)",1,0.005,True,0.76,-0.0050000000000000044,False,0.0008897676717745922,1,0.5,1.5,1.5849624872207642,2.0,False,False,1
375,layer3.conv1,element,2,"(40, 8, 8)",0,0.0,False,0.755,0.0,False,0.0008897676717745922,13,-3.0,-0.5,2.5849623680114746,0.8333333134651184,False,False,1
376,layer3.conv1,element,3,"(42, 15, 14)",4,0.02,True,0.75,0.0050000000000000044,False,0.0008897676717745922,14,-4.0,4.0,0.0,2.0,True,False,1
377,layer3.conv1,element,3,"(31, 3, 1)",2,0.01,True,0.76,-0.0050000000000000044,False,0.0008897676717745922,5,3.0,-3.0,0.0,2.0,True,False,1
378,layer3.conv1,element,2,"(16, 16, 9)",1,0.005,True,0.76,-0.0050000000000000044,False,0.0008897676717745922,6,4.0,1.0,2.0,0.75,False,False,1
379,layer3.conv1,element,0,"(60, 17, 13)",0,0.0,False,0.755,0.0,False,0.0008897676717745922,14,-4.0,-6.0,0.5849626064300537,0.5,False,False,1
380,layer3.conv1,element,1,"(50, 17, 7)",1,0.005,True,0.75,0.0050000000000000044,False,0.0008897676717745922,2,1.0,0.0,inf,1.0,False,False,1
381,layer3.conv1,element,3,"(49, 12, 7)",1,0.005,True,0.75,0.0050000000000000044,False,0.0008897676717745922,1,0.5,-0.5,0.0,2.0,True,False,1
382,layer3.conv1,element,3,"(40, 0, 2)",1,0.005,True,0.755,0.0,False,0.0008897676717745922,12,-2.0,2.0,0.0,2.0,True,False,1
383,layer3.conv1,element,3,"(8, 6, 10)",0,0.0,False,0.755,0.0,False,0.0008897676717745922,8,-0.0,0.0,inf,0.0,True,False,1
384,layer3.conv1,element,3,"(24, 0, 2)",1,0.005,True,0.76,-0.0050000000000000044,False,0.0008897676717745922,4,2.0,-2.0,0.0,2.0,True,False,1
385,layer3.conv1,element,3,"(52, 1, 13)",0,0.0,False,0.755,0.0,False,0.0008897676717745922,11,-1.5,1.5,0.0,2.0,True,False,1
386,layer3.conv1,element,3,"(14, 7, 14)",1,0.005,True,0.75,0.0050000000000000044,False,0.0008897676717745922,14,-4.0,4.0,0.0,2.0,True,False,1
387,layer3.conv1,element,2,"(58, 13, 0)",0,0.0,False,0.755,0.0,False,0.0008897676717745922,12,-2.0,-0.0,inf,1.0,False,False,1
388,layer3.conv1,element,1,"(61, 10, 14)",2,0.01,True,0.755,0.0,False,0.0008897676717745922,5,3.0,6.0,1.0000001192092896,1.0,False,False,1
389,layer3.conv1,element,1,"(52, 4, 12)",2,0.01,True,0.755,0.0,False,0.0008897676717745922,3,1.5,0.5,1.5849624872207642,0.6666666865348816,False,False,1
390,layer3.conv1,element,3,"(12, 4, 13)",1,0.005,True,0.755,0.0,False,0.0008897676717745922,15,-6.0,6.0,0.0,2.0,True,False,1
391,layer3.conv1,element,0,"(21, 17, 4)",0,0.0,False,0.755,0.0,False,0.0008897676717745922,14,-4.0,-6.0,0.5849626064300537,0.5,False,False,1
392,layer3.conv1,element,2,"(8, 5, 11)",2,0.01,True,0.745,0.010000000000000009,False,0.0008897676717745922,7,6.0,1.5,2.0,0.75,False,False,1
393,layer3.conv1,element,2,"(23, 9, 13)",2,0.01,True,0.755,0.0,False,0.0008897676717745922,15,-6.0,-1.5,2.0,0.75,False,False,1
394,layer3.conv1,element,1,"(27, 3, 2)",0,0.0,False,0.755,0.0,False,0.0008897676717745922,0,0.0,1.0,inf,2.0,False,False,1
395,layer3.conv1,element,0,"(15, 10, 2)",0,0.0,False,0.755,0.0,False,0.0008897676717745922,2,1.0,1.5,0.5849624872207642,0.5,False,False,1
396,layer3.conv1,element,2,"(49, 14, 8)",1,0.005,True,0.755,0.0,False,0.0008897676717745922,14,-4.0,-1.0,2.0,0.75,False,False,1
397,layer3.conv1,element,0,"(3, 10, 2)",0,0.0,False,0.755,0.0,False,0.0008897676717745922,1,0.5,0.0,inf,1.0,False,False,1
398,layer3.conv1,element,0,"(8, 0, 2)",1,0.005,True,0.76,-0.0050000000000000044,False,0.0008897676717745922,14,-4.0,-6.0,0.5849626064300537,0.5,False,False,1
399,layer3.conv1,element,1,"(30, 3, 13)",0,0.0,False,0.755,0.0,False,0.0008897676717745922,14,-4.0,-2.0,1.0,0.5,False,False,1
400,layer3.conv1,element,3,"(36, 14, 4)",1,0.005,True,0.76,-0.0050000000000000044,False,0.0008897676717745922,9,-0.5,0.5,0.0,2.0,True,False,1
401,layer3.conv1,element,0,"(54, 7, 12)",0,0.0,False,0.755,0.0,False,0.0008897676717745922,8,-0.0,-0.5,inf,1.0,False,False,1
402,layer3.conv1,element,0,"(21, 12, 7)",0,0.0,False,0.755,0.0,False,0.0008897676717745922,14,-4.0,-6.0,0.5849626064300537,0.5,False,False,1
403,layer3.conv1,element,1,"(49, 3, 10)",0,0.0,False,0.755,0.0,False,0.0008897676717745922,1,0.5,1.5,1.5849624872207642,2.0,False,False,1
404,layer3.conv1,element,1,"(33, 1, 7)",0,0.0,False,0.755,0.0,False,0.0008897676717745922,0,0.0,1.0,inf,2.0,False,False,1
405,layer3.conv1,element,3,"(42, 6, 13)",3,0.015,True,0.75,0.0050000000000000044,False,0.0008897676717745922,11,-1.5,1.5,0.0,2.0,True,False,1
406,layer3.conv1,element,1,"(44, 5, 8)",0,0.0,False,0.755,0.0,False,0.0008897676717745922,12,-2.0,-4.0,1.0,1.0,False,False,1
407,layer3.conv1,element,0,"(54, 3, 15)",0,0.0,False,0.755,0.0,False,0.0008897676717745922,15,-6.0,-4.0,0.5849626064300537,0.3333333432674408,False,False,1
408,layer3.conv1,element,1,"(1, 5, 1)",0,0.0,False,0.755,0.0,False,0.0008897676717745922,12,-2.0,-4.0,1.0,1.0,False,False,1
409,layer3.conv1,element,3,"(42, 3, 4)",1,0.005,True,0.76,-0.0050000000000000044,False,0.0008897676717745922,14,-4.0,4.0,0.0,2.0,True,False,1
410,layer3.conv1,element,2,"(31, 11, 5)",2,0.01,True,0.745,0.010000000000000009,False,0.0008897676717745922,3,1.5,6.0,2.0,3.0,False,False,1
411,layer3.conv1,element,3,"(14, 5, 4)",1,0.005,True,0.76,-0.0050000000000000044,False,0.0008897676717745922,4,2.0,-2.0,0.0,2.0,True,False,1
412,layer3.conv1,element,1,"(34, 16, 11)",3,0.015,True,0.75,0.0050000000000000044,False,0.0008897676717745922,4,2.0,4.0,1.0,1.0,False,False,1
413,layer3.conv1,element,0,"(51, 7, 3)",2,0.01,True,0.755,0.0,False,0.0008897676717745922,12,-2.0,-3.0,0.5849624872207642,0.5,False,False,1
414,layer3.conv1,element,3,"(49, 16, 12)",3,0.015,True,0.75,0.0050000000000000044,False,0.0008897676717745922,4,2.0,-2.0,0.0,2.0,True,False,1
415,layer3.conv1,element,1,"(23, 9, 6)",2,0.01,True,0.755,0.0,False,0.0008897676717745922,11,-1.5,-0.5,1.5849624872207642,0.6666666865348816,False,False,1
416,layer3.conv1,element,1,"(47, 13, 7)",1,0.005,True,0.75,0.0050000000000000044,False,0.0008897676717745922,6,4.0,2.0,1.0,0.5,False,False,1
417,layer3.conv1,element,2,"(56, 17, 5)",1,0.005,True,0.75,0.0050000000000000044,False,0.0008897676717745922,4,2.0,0.0,inf,1.0,False,False,1
418,layer3.conv1,element,0,"(47, 2, 3)",0,0.0,False,0.755,0.0,False,0.0008897676717745922,1,0.5,0.0,inf,1.0,False,False,1
419,layer3.conv1,element,2,"(20, 16, 1)",0,0.0,False,0.755,0.0,False,0.0008897676717745922,6,4.0,1.0,2.0,0.75,False,False,1
420,layer3.conv1,element,0,"(12, 8, 11)",0,0.0,False,0.755,0.0,False,0.0008897676717745922,13,-3.0,-2.0,0.5849624872207642,0.3333333432674408,False,False,1
421,layer3.conv1,element,1,"(5, 15, 13)",0,0.0,False,0.755,0.0,False,0.0008897676717745922,6,4.0,2.0,1.0,0.5,False,False,1
422,layer3.conv1,element,1,"(11, 13, 12)",0,0.0,False,0.755,0.0,False,0.0008897676717745922,4,2.0,4.0,1.0,1.0,False,False,1
423,layer3.conv1,element,3,"(46, 12, 13)",1,0.005,True,0.76,-0.0050000000000000044,False,0.0008897676717745922,11,-1.5,1.5,0.0,2.0,True,False,1
424,layer3.conv1,element,3,"(56, 1, 1)",1,0.005,True,0.755,0.0,False,0.0008897676717745922,14,-4.0,4.0,0.0,2.0,True,False,1
425,layer3.conv1,element,1,"(6, 16, 0)",2,0.01,True,0.755,0.0,False,0.0008897676717745922,14,-4.0,-2.0,1.0,0.5,False,False,1
426,layer3.conv1,element,0,"(25, 2, 4)",1,0.005,True,0.76,-0.0050000000000000044,False,0.0008897676717745922,6,4.0,6.0,0.5849626064300537,0.5,False,False,1
427,layer3.conv1,element,0,"(55, 12, 7)",1,0.005,True,0.75,0.0050000000000000044,False,0.0008897676717745922,15,-6.0,-4.0,0.5849626064300537,0.3333333432674408,False,False,1
428,layer3.conv1,element,0,"(25, 9, 1)",0,0.0,False,0.755,0.0,False,0.0008897676717745922,12,-2.0,-3.0,0.5849624872207642,0.5,False,False,1
429,layer3.conv1,element,2,"(26, 6, 8)",0,0.0,False,0.755,0.0,False,0.0008897676717745922,13,-3.0,-0.5,2.5849623680114746,0.8333333134651184,False,False,1
430,layer3.conv1,element,2,"(51, 8, 5)",1,0.005,True,0.75,0.0050000000000000044,False,0.0008897676717745922,13,-3.0,-0.5,2.5849623680114746,0.8333333134651184,False,False,1
431,layer3.conv1,element,2,"(49, 16, 11)",1,0.005,True,0.75,0.0050000000000000044,False,0.0008897676717745922,6,4.0,1.0,2.0,0.75,False,False,1
432,layer3.conv1,element,1,"(10, 2, 9)",1,0.005,True,0.75,0.0050000000000000044,False,0.0008897676717745922,6,4.0,2.0,1.0,0.5,False,False,1
433,layer3.conv1,element,3,"(3, 6, 8)",6,0.03,True,0.745,0.010000000000000009,False,0.0008897676717745922,7,6.0,-6.0,0.0,2.0,True,False,1
434,layer3.conv1,element,1,"(52, 15, 8)",0,0.0,False,0.755,0.0,False,0.0008897676717745922,14,-4.0,-2.0,1.0,0.5,False,False,1
435,layer3.conv1,element,2,"(34, 14, 8)",0,0.0,False,0.755,0.0,False,0.0008897676717745922,8,-0.0,-2.0,inf,4.0,False,False,1
436,layer3.conv1,element,1,"(0, 2, 1)",0,0.0,False,0.755,0.0,False,0.0008897676717745922,6,4.0,2.0,1.0,0.5,False,False,1
437,layer3.conv1,element,0,"(43, 5, 12)",0,0.0,False,0.755,0.0,False,0.0008897676717745922,2,1.0,1.5,0.5849624872207642,0.5,False,False,1
438,layer3.conv1,element,1,"(45, 16, 2)",0,0.0,False,0.755,0.0,False,0.0008897676717745922,3,1.5,0.5,1.5849624872207642,0.6666666865348816,False,False,1
439,layer3.conv1,element,2,"(8, 5, 3)",0,0.0,False,0.755,0.0,False,0.0008897676717745922,12,-2.0,-0.0,inf,1.0,False,False,1
440,layer3.conv1,element,1,"(54, 13, 10)",0,0.0,False,0.755,0.0,False,0.0008897676717745922,4,2.0,4.0,1.0,1.0,False,False,1
441,layer3.conv1,element,1,"(38, 16, 13)",2,0.01,True,0.755,0.0,False,0.0008897676717745922,0,0.0,1.0,inf,2.0,False,False,1
442,layer3.conv1,element,2,"(30, 13, 3)",1,0.005,True,0.75,0.0050000000000000044,False,0.0008897676717745922,10,-1.0,-4.0,2.0,3.0,False,False,1
443,layer3.conv1,element,2,"(9, 2, 12)",1,0.005,True,0.75,0.0050000000000000044,False,0.0008897676717745922,14,-4.0,-1.0,2.0,0.75,False,False,1
444,layer3.conv1,element,0,"(9, 12, 7)",0,0.0,False,0.755,0.0,False,0.0008897676717745922,8,-0.0,-0.5,inf,1.0,False,False,1
445,layer3.conv1,element,0,"(19, 8, 3)",0,0.0,False,0.755,0.0,False,0.0008897676717745922,13,-3.0,-2.0,0.5849624872207642,0.3333333432674408,False,False,1
446,layer3.conv1,element,0,"(29, 0, 14)",0,0.0,False,0.755,0.0,False,0.0008897676717745922,11,-1.5,-1.0,0.5849624872207642,0.3333333432674408,False,False,1
447,layer3.conv1,element,2,"(23, 6, 12)",2,0.01,True,0.755,0.0,False,0.0008897676717745922,12,-2.0,-0.0,inf,1.0,False,False,1
448,layer3.conv1,element,1,"(59, 0, 14)",1,0.005,True,0.75,0.0050000000000000044,False,0.0008897676717745922,4,2.0,4.0,1.0,1.0,False,False,1
449,layer3.conv1,element,3,"(39, 11, 12)",1,0.005,True,0.75,0.0050000000000000044,False,0.0008897676717745922,6,4.0,-4.0,0.0,2.0,True,False,1
450,layer3.conv1,element,1,"(38, 5, 14)",0,0.0,False,0.755,0.0,False,0.0008897676717745922,7,6.0,3.0,1.0000001192092896,0.5,False,False,1
451,layer3.conv1,element,0,"(8, 5, 14)",0,0.0,False,0.755,0.0,False,0.0008897676717745922,6,4.0,6.0,0.5849626064300537,0.5,False,False,1
452,layer3.conv1,element,1,"(17, 13, 15)",0,0.0,False,0.755,0.0,False,0.0008897676717745922,2,1.0,0.0,inf,1.0,False,False,1
453,layer3.conv1,element,0,"(11, 14, 14)",2,0.01,True,0.755,0.0,False,0.0008897676717745922,14,-4.0,-6.0,0.5849626064300537,0.5,False,False,1
454,layer3.conv1,element,2,"(63, 0, 14)",0,0.0,False,0.755,0.0,False,0.0008897676717745922,14,-4.0,-1.0,2.0,0.75,False,False,1
455,layer3.conv1,element,3,"(50, 0, 0)",0,0.0,False,0.755,0.0,False,0.0008897676717745922,10,-1.0,1.0,0.0,2.0,True,False,1
456,layer3.conv1,element,0,"(24, 15, 4)",1,0.005,True,0.76,-0.0050000000000000044,False,0.0008897676717745922,14,-4.0,-6.0,0.5849626064300537,0.5,False,False,1
457,layer3.conv1,element,3,"(45, 14, 11)",5,0.025,True,0.76,-0.0050000000000000044,False,0.0008897676717745922,7,6.0,-6.0,0.0,2.0,True,False,1
458,layer3.conv1,element,1,"(37, 17, 10)",0,0.0,False,0.755,0.0,False,0.0008897676717745922,13,-3.0,-6.0,1.0000001192092896,1.0,False,False,1
459,layer3.conv1,element,0,"(29, 1, 3)",0,0.0,False,0.755,0.0,False,0.0008897676717745922,0,0.0,0.5,inf,1.0,False,False,1
460,layer3.conv1,element,3,"(46, 5, 15)",0,0.0,False,0.755,0.0,False,0.0008897676717745922,10,-1.0,1.0,0.0,2.0,True,False,1
461,layer3.conv1,element,3,"(18, 0, 13)",2,0.01,True,0.76,-0.0050000000000000044,False,0.0008897676717745922,7,6.0,-6.0,0.0,2.0,True,False,1
462,layer3.conv1,element,2,"(35, 11, 15)",2,0.01,True,0.745,0.010000000000000009,False,0.0008897676717745922,1,0.5,3.0,2.5849623680114746,5.0,False,False,1
463,layer3.conv1,element,1,"(44, 5, 6)",0,0.0,False,0.755,0.0,False,0.0008897676717745922,8,-0.0,-1.0,inf,2.0,False,False,1
464,layer3.conv1,element,3,"(56, 5, 10)",0,0.0,False,0.755,0.0,False,0.0008897676717745922,3,1.5,-1.5,0.0,2.0,True,False,1
465,layer3.conv1,element,2,"(29, 16, 15)",2,0.01,True,0.755,0.0,False,0.0008897676717745922,0,0.0,2.0,inf,4.0,False,False,1
466,layer3.conv1,element,3,"(63, 11, 5)",4,0.02,True,0.75,0.0050000000000000044,False,0.0008897676717745922,7,6.0,-6.0,0.0,2.0,True,False,1
467,layer3.conv1,element,1,"(19, 16, 13)",0,0.0,False,0.755,0.0,False,0.0008897676717745922,10,-1.0,-0.0,inf,1.0,False,False,1
468,layer3.conv1,element,1,"(53, 1, 8)",0,0.0,False,0.755,0.0,False,0.0008897676717745922,4,2.0,4.0,1.0,1.0,False,False,1
469,layer3.conv1,element,1,"(55, 17, 10)",0,0.0,False,0.755,0.0,False,0.0008897676717745922,11,-1.5,-0.5,1.5849624872207642,0.6666666865348816,False,False,1
470,layer3.conv1,element,1,"(47, 12, 0)",0,0.0,False,0.755,0.0,False,0.0008897676717745922,8,-0.0,-1.0,inf,2.0,False,False,1
471,layer3.conv1,element,3,"(12, 16, 8)",1,0.005,True,0.755,0.0,False,0.0008897676717745922,14,-4.0,4.0,0.0,2.0,True,False,1
472,layer3.conv1,element,2,"(30, 3, 12)",1,0.005,True,0.75,0.0050000000000000044,False,0.0008897676717745922,10,-1.0,-4.0,2.0,3.0,False,False,1
473,layer3.conv1,element,2,"(51, 8, 8)",3,0.015,True,0.755,0.0,False,0.0008897676717745922,11,-1.5,-6.0,2.0,3.0,False,False,1
474,layer3.conv1,element,3,"(46, 16, 15)",3,0.015,True,0.75,0.0050000000000000044,False,0.0008897676717745922,13,-3.0,3.0,0.0,2.0,True,False,1
475,layer3.conv1,element,3,"(39, 9, 11)",0,0.0,False,0.755,0.0,False,0.0008897676717745922,3,1.5,-1.5,0.0,2.0,True,False,1
476,layer3.conv1,element,2,"(2, 9, 7)",3,0.015,True,0.755,0.0,False,0.0008897676717745922,4,2.0,0.0,inf,1.0,False,False,1
477,layer3.conv1,element,2,"(41, 6, 2)",0,0.0,False,0.755,0.0,False,0.0008897676717745922,12,-2.0,-0.0,inf,1.0,False,False,1
478,layer3.conv1,element,0,"(3, 15, 1)",0,0.0,False,0.755,0.0,False,0.0008897676717745922,10,-1.0,-1.5,0.5849624872207642,0.5,False,False,1
479,layer3.conv1,element,3,"(43, 11, 13)",1,0.005,True,0.755,0.0,False,0.0008897676717745922,4,2.0,-2.0,0.0,2.0,True,False,1
480,layer3.conv1,element,1,"(49, 7, 3)",0,0.0,False,0.755,0.0,False,0.0008897676717745922,14,-4.0,-2.0,1.0,0.5,False,False,1
481,layer3.conv1,element,2,"(47, 16, 0)",0,0.0,False,0.755,0.0,False,0.0008897676717745922,10,-1.0,-4.0,2.0,3.0,False,False,1
482,layer3.conv1,element,1,"(52, 9, 5)",2,0.01,True,0.755,0.0,False,0.0008897676717745922,13,-3.0,-6.0,1.0000001192092896,1.0,False,False,1
483,layer3.conv1,element,1,"(56, 6, 13)",0,0.0,False,0.755,0.0,False,0.0008897676717745922,14,-4.0,-2.0,1.0,0.5,False,False,1
484,layer3.conv1,element,2,"(31, 5, 0)",3,0.015,True,0.75,0.0050000000000000044,False,0.0008897676717745922,13,-3.0,-0.5,2.5849623680114746,0.8333333134651184,False,False,1
485,layer3.conv1,element,2,"(58, 16, 8)",2,0.01,True,0.755,0.0,False,0.0008897676717745922,7,6.0,1.5,2.0,0.75,False,False,1
486,layer3.conv1,element,2,"(60, 7, 13)",0,0.0,False,0.755,0.0,False,0.0008897676717745922,13,-3.0,-0.5,2.5849623680114746,0.8333333134651184,False,False,1
487,layer3.conv1,element,0,"(16, 6, 5)",1,0.005,True,0.75,0.0050000000000000044,False,0.0008897676717745922,13,-3.0,-2.0,0.5849624872207642,0.3333333432674408,False,False,1
488,layer3.conv1,element,2,"(55, 14, 9)",0,0.0,False,0.755,0.0,False,0.0008897676717745922,9,-0.5,-3.0,2.5849623680114746,5.0,False,False,1
489,layer3.conv1,element,3,"(10, 8, 12)",0,0.0,False,0.755,0.0,False,0.0008897676717745922,11,-1.5,1.5,0.0,2.0,True,False,1
490,layer3.conv2,element,3,"(50, 13, 6)",0,0.0,False,0.755,0.0,False,0.0008879023307436182,5,3.0,-3.0,0.0,2.0,True,False,1
491,layer3.conv2,element,3,"(8, 33, 10)",2,0.01,True,0.755,0.0,False,0.0008879023307436182,15,-6.0,6.0,0.0,2.0,True,False,1
492,layer3.conv2,element,1,"(55, 27, 14)",0,0.0,False,0.755,0.0,False,0.0008879023307436182,11,-1.5,-0.5,1.5849624872207642,0.6666666865348816,False,False,1
493,layer3.conv2,element,1,"(60, 14, 14)",1,0.005,True,0.76,-0.0050000000000000044,False,0.0008879023307436182,15,-6.0,-3.0,1.0000001192092896,0.5,False,False,1
494,layer3.conv2,element,2,"(46, 33, 3)",0,0.0,False,0.755,0.0,False,0.0008879023307436182,13,-3.0,-0.5,2.5849623680114746,0.8333333134651184,False,False,1
495,layer3.conv2,element,0,"(2, 30, 0)",0,0.0,False,0.755,0.0,False,0.0008879023307436182,11,-1.5,-1.0,0.5849624872207642,0.3333333432674408,False,False,1
496,layer3.conv2,element,2,"(23, 4, 9)",1,0.005,True,0.75,0.0050000000000000044,False,0.0008879023307436182,13,-3.0,-0.5,2.5849623680114746,0.8333333134651184,False,False,1
497,layer3.conv2,element,3,"(45, 11, 10)",0,0.0,False,0.755,0.0,False,0.0008879023307436182,5,3.0,-3.0,0.0,2.0,True,False,1
498,layer3.conv2,element,2,"(30, 20, 13)",1,0.005,True,0.76,-0.0050000000000000044,False,0.0008879023307436182,1,0.5,3.0,2.5849623680114746,5.0,False,False,1
499,layer3.conv2,element,2,"(49, 6, 13)",1,0.005,True,0.75,0.0050000000000000044,False,0.0008879023307436182,14,-4.0,-1.0,2.0,0.75,False,False,1
500,layer3.conv2,element,2,"(29, 33, 12)",0,0.0,False,0.755,0.0,False,0.0008879023307436182,3,1.5,6.0,2.0,3.0,False,False,1
501,layer3.conv2,element,0,"(34, 23, 14)",0,0.0,False,0.755,0.0,False,0.0008879023307436182,9,-0.5,-0.0,inf,1.0,False,False,1
502,layer3.conv2,element,2,"(17, 34, 1)",0,0.0,False,0.755,0.0,False,0.0008879023307436182,10,-1.0,-4.0,2.0,3.0,False,False,1
503,layer3.conv2,element,0,"(6, 4, 9)",0,0.0,False,0.755,0.0,False,0.0008879023307436182,1,0.5,0.0,inf,1.0,False,False,1
504,layer3.conv2,element,2,"(23, 29, 1)",0,0.0,False,0.755,0.0,False,0.0008879023307436182,2,1.0,4.0,2.0,3.0,False,False,1
505,layer3.conv2,element,2,"(51, 33, 11)",0,0.0,False,0.755,0.0,False,0.0008879023307436182,7,6.0,1.5,2.0,0.75,False,False,1
506,layer3.conv2,element,0,"(54, 27, 6)",0,0.0,False,0.755,0.0,False,0.0008879023307436182,8,-0.0,-0.5,inf,1.0,False,False,1
507,layer3.conv2,element,0,"(20, 20, 1)",0,0.0,False,0.755,0.0,False,0.0008879023307436182,4,2.0,3.0,0.5849624872207642,0.5,False,False,1
508,layer3.conv2,element,2,"(40, 28, 6)",1,0.005,True,0.75,0.0050000000000000044,False,0.0008879023307436182,1,0.5,3.0,2.5849623680114746,5.0,False,False,1
509,layer3.conv2,element,3,"(18, 15, 7)",0,0.0,False,0.755,0.0,False,0.0008879023307436182,5,3.0,-3.0,0.0,2.0,True,False,1
510,layer3.conv2,element,2,"(20, 9, 13)",0,0.0,False,0.755,0.0,False,0.0008879023307436182,3,1.5,6.0,2.0,3.0,False,False,1
511,layer3.conv2,element,3,"(44, 11, 4)",0,0.0,False,0.755,0.0,False,0.0008879023307436182,2,1.0,-1.0,0.0,2.0,True,False,1
512,layer3.conv2,element,0,"(10, 2, 3)",1,0.005,True,0.76,-0.0050000000000000044,False,0.0008879023307436182,15,-6.0,-4.0,0.5849626064300537,0.3333333432674408,False,False,1
513,layer3.conv2,element,0,"(62, 7, 1)",0,0.0,False,0.755,0.0,False,0.0008879023307436182,11,-1.5,-1.0,0.5849624872207642,0.3333333432674408,False,False,1
514,layer3.conv2,element,0,"(51, 27, 15)",0,0.0,False,0.755,0.0,False,0.0008879023307436182,1,0.5,0.0,inf,1.0,False,False,1
515,layer3.conv2,element,2,"(6, 5, 8)",0,0.0,False,0.755,0.0,False,0.0008879023307436182,4,2.0,0.0,inf,1.0,False,False,1
516,layer3.conv2,element,2,"(7, 26, 4)",0,0.0,False,0.755,0.0,False,0.0008879023307436182,6,4.0,1.0,2.0,0.75,False,False,1
517,layer3.conv2,element,3,"(27, 33, 2)",1,0.005,True,0.75,0.0050000000000000044,False,0.0008879023307436182,4,2.0,-2.0,0.0,2.0,True,False,1
518,layer3.conv2,element,1,"(17, 21, 4)",0,0.0,False,0.755,0.0,False,0.0008879023307436182,5,3.0,6.0,1.0000001192092896,1.0,False,False,1
519,layer3.conv2,element,3,"(43, 3, 6)",0,0.0,False,0.755,0.0,False,0.0008879023307436182,3,1.5,-1.5,0.0,2.0,True,False,1
520,layer3.conv2,element,3,"(51, 1, 12)",1,0.005,True,0.76,-0.0050000000000000044,False,0.0008879023307436182,9,-0.5,0.5,0.0,2.0,True,False,1
521,layer3.conv2,element,3,"(17, 26, 0)",0,0.0,False,0.755,0.0,False,0.0008879023307436182,8,-0.0,0.0,inf,0.0,True,False,1
522,layer3.conv2,element,1,"(53, 29, 10)",0,0.0,False,0.755,0.0,False,0.0008879023307436182,2,1.0,0.0,inf,1.0,False,False,1
523,layer3.conv2,element,1,"(59, 7, 3)",0,0.0,False,0.755,0.0,False,0.0008879023307436182,1,0.5,1.5,1.5849624872207642,2.0,False,False,1
524,layer3.conv2,element,2,"(31, 12, 3)",0,0.0,False,0.755,0.0,False,0.0008879023307436182,12,-2.0,-0.0,inf,1.0,False,False,1
525,layer3.conv2,element,3,"(38, 20, 13)",0,0.0,False,0.755,0.0,False,0.0008879023307436182,15,-6.0,6.0,0.0,2.0,True,False,1
526,layer3.conv2,element,2,"(24, 26, 8)",1,0.005,True,0.75,0.0050000000000000044,False,0.0008879023307436182,8,-0.0,-2.0,inf,4.0,False,False,1
527,layer3.conv2,element,1,"(4, 30, 3)",0,0.0,False,0.755,0.0,False,0.0008879023307436182,5,3.0,6.0,1.0000001192092896,1.0,False,False,1
528,layer3.conv2,element,0,"(29, 34, 12)",0,0.0,False,0.755,0.0,False,0.0008879023307436182,3,1.5,1.0,0.5849624872207642,0.3333333432674408,False,False,1
529,layer3.conv2,element,2,"(9, 32, 9)",3,0.015,True,0.75,0.0050000000000000044,False,0.0008879023307436182,11,-1.5,-6.0,2.0,3.0,False,False,1
530,layer3.conv2,element,1,"(52, 11, 11)",0,0.0,False,0.755,0.0,False,0.0008879023307436182,9,-0.5,-1.5,1.5849624872207642,2.0,False,False,1
531,layer3.conv2,element,2,"(9, 6, 0)",0,0.0,False,0.755,0.0,False,0.0008879023307436182,12,-2.0,-0.0,inf,1.0,False,False,1
532,layer3.conv2,element,1,"(15, 7, 3)",0,0.0,False,0.755,0.0,False,0.0008879023307436182,5,3.0,6.0,1.0000001192092896,1.0,False,False,1
533,layer3.conv2,element,0,"(29, 6, 10)",0,0.0,False,0.755,0.0,False,0.0008879023307436182,12,-2.0,-3.0,0.5849624872207642,0.5,False,False,1
534,layer3.conv2,element,1,"(0, 26, 3)",0,0.0,False,0.755,0.0,False,0.0008879023307436182,12,-2.0,-4.0,1.0,1.0,False,False,1
535,layer3.conv2,element,3,"(58, 9, 3)",0,0.0,False,0.755,0.0,False,0.0008879023307436182,6,4.0,-4.0,0.0,2.0,True,False,1
536,layer3.conv2,element,0,"(25, 27, 11)",1,0.005,True,0.75,0.0050000000000000044,False,0.0008879023307436182,11,-1.5,-1.0,0.5849624872207642,0.3333333432674408,False,False,1
537,layer3.conv2,element,2,"(7, 6, 11)",0,0.0,False,0.755,0.0,False,0.0008879023307436182,7,6.0,1.5,2.0,0.75,False,False,1
538,layer3.conv2,element,0,"(3, 14, 15)",0,0.0,False,0.755,0.0,False,0.0008879023307436182,11,-1.5,-1.0,0.5849624872207642,0.3333333432674408,False,False,1
539,layer3.conv2,element,1,"(9, 24, 9)",0,0.0,False,0.755,0.0,False,0.0008879023307436182,11,-1.5,-0.5,1.5849624872207642,0.6666666865348816,False,False,1
540,layer3.conv2,element,2,"(4, 32, 9)",0,0.0,False,0.755,0.0,False,0.0008879023307436182,10,-1.0,-4.0,2.0,3.0,False,False,1
541,layer3.conv2,element,1,"(13, 19, 13)",0,0.0,False,0.755,0.0,False,0.0008879023307436182,9,-0.5,-1.5,1.5849624872207642,2.0,False,False,1
542,layer3.conv2,element,0,"(15, 17, 11)",0,0.0,False,0.755,0.0,False,0.0008879023307436182,4,2.0,3.0,0.5849624872207642,0.5,False,False,1
543,layer3.conv2,element,0,"(36, 24, 6)",0,0.0,False,0.755,0.0,False,0.0008879023307436182,0,0.0,0.5,inf,1.0,False,False,1
544,layer3.conv2,element,2,"(60, 5, 3)",0,0.0,False,0.755,0.0,False,0.0008879023307436182,2,1.0,4.0,2.0,3.0,False,False,1
545,layer3.conv2,element,1,"(27, 19, 3)",2,0.01,True,0.745,0.010000000000000009,False,0.0008879023307436182,13,-3.0,-6.0,1.0000001192092896,1.0,False,False,1
546,layer3.conv2,element,1,"(38, 24, 11)",0,0.0,False,0.755,0.0,False,0.0008879023307436182,15,-6.0,-3.0,1.0000001192092896,0.5,False,False,1
547,layer3.conv2,element,3,"(26, 27, 12)",1,0.005,True,0.75,0.0050000000000000044,False,0.0008879023307436182,15,-6.0,6.0,0.0,2.0,True,False,1
548,layer3.conv2,element,1,"(57, 25, 14)",1,0.005,True,0.76,-0.0050000000000000044,False,0.0008879023307436182,9,-0.5,-1.5,1.5849624872207642,2.0,False,False,1
549,layer3.conv2,element,1,"(9, 9, 14)",0,0.0,False,0.755,0.0,False,0.0008879023307436182,11,-1.5,-0.5,1.5849624872207642,0.6666666865348816,False,False,1
550,layer3.conv2,element,0,"(50, 7, 8)",0,0.0,False,0.755,0.0,False,0.0008879023307436182,9,-0.5,-0.0,inf,1.0,False,False,1
551,layer3.conv2,element,3,"(52, 27, 2)",3,0.015,True,0.755,0.0,False,0.0008879023307436182,15,-6.0,6.0,0.0,2.0,True,False,1
552,layer3.conv2,element,3,"(21, 22, 9)",0,0.0,False,0.755,0.0,False,0.0008879023307436182,1,0.5,-0.5,0.0,2.0,True,False,1
553,layer3.conv2,element,2,"(30, 24, 10)",0,0.0,False,0.755,0.0,False,0.0008879023307436182,14,-4.0,-1.0,2.0,0.75,False,False,1
554,layer3.conv2,element,0,"(26, 30, 7)",0,0.0,False,0.755,0.0,False,0.0008879023307436182,10,-1.0,-1.5,0.5849624872207642,0.5,False,False,1
555,layer3.conv2,element,1,"(55, 14, 10)",0,0.0,False,0.755,0.0,False,0.0008879023307436182,1,0.5,1.5,1.5849624872207642,2.0,False,False,1
556,layer3.conv2,element,3,"(0, 16, 0)",1,0.005,True,0.75,0.0050000000000000044,False,0.0008879023307436182,11,-1.5,1.5,0.0,2.0,True,False,1
557,layer3.conv2,element,2,"(1, 33, 6)",1,0.005,True,0.75,0.0050000000000000044,False,0.0008879023307436182,9,-0.5,-3.0,2.5849623680114746,5.0,False,False,1
558,layer3.conv2,element,2,"(16, 25, 7)",0,0.0,False,0.755,0.0,False,0.0008879023307436182,0,0.0,2.0,inf,4.0,False,False,1
559,layer3.conv2,element,1,"(29, 10, 8)",0,0.0,False,0.755,0.0,False,0.0008879023307436182,9,-0.5,-1.5,1.5849624872207642,2.0,False,False,1
560,layer3.conv2,element,3,"(24, 34, 14)",0,0.0,False,0.755,0.0,False,0.0008879023307436182,1,0.5,-0.5,0.0,2.0,True,False,1
561,layer3.conv2,element,0,"(23, 20, 13)",0,0.0,False,0.755,0.0,False,0.0008879023307436182,2,1.0,1.5,0.5849624872207642,0.5,False,False,1
562,layer3.conv2,element,2,"(48, 2, 12)",2,0.01,True,0.755,0.0,False,0.0008879023307436182,4,2.0,0.0,inf,1.0,False,False,1
563,layer3.conv2,element,1,"(53, 30, 6)",1,0.005,True,0.75,0.0050000000000000044,False,0.0008879023307436182,7,6.0,3.0,1.0000001192092896,0.5,False,False,1
564,layer3.conv2,element,1,"(10, 7, 10)",0,0.0,False,0.755,0.0,False,0.0008879023307436182,9,-0.5,-1.5,1.5849624872207642,2.0,False,False,1
565,layer3.conv2,element,1,"(44, 10, 11)",0,0.0,False,0.755,0.0,False,0.0008879023307436182,6,4.0,2.0,1.0,0.5,False,False,1
566,layer3.conv2,element,1,"(44, 21, 2)",0,0.0,False,0.755,0.0,False,0.0008879023307436182,3,1.5,0.5,1.5849624872207642,0.6666666865348816,False,False,1
567,layer3.conv2,element,1,"(33, 12, 3)",1,0.005,True,0.75,0.0050000000000000044,False,0.0008879023307436182,5,3.0,6.0,1.0000001192092896,1.0,False,False,1
568,layer3.conv2,element,3,"(60, 16, 4)",1,0.005,True,0.75,0.0050000000000000044,False,0.0008879023307436182,3,1.5,-1.5,0.0,2.0,True,False,1
569,layer3.conv2,element,0,"(10, 11, 8)",0,0.0,False,0.755,0.0,False,0.0008879023307436182,15,-6.0,-4.0,0.5849626064300537,0.3333333432674408,False,False,1
570,layer3.conv2,element,2,"(35, 3, 10)",1,0.005,True,0.76,-0.0050000000000000044,False,0.0008879023307436182,9,-0.5,-3.0,2.5849623680114746,5.0,False,False,1
571,layer3.conv2,element,2,"(43, 24, 11)",1,0.005,True,0.75,0.0050000000000000044,False,0.0008879023307436182,0,0.0,2.0,inf,4.0,False,False,1
572,layer3.conv2,element,1,"(20, 16, 12)",1,0.005,True,0.75,0.0050000000000000044,False,0.0008879023307436182,6,4.0,2.0,1.0,0.5,False,False,1
573,layer3.conv2,element,2,"(57, 12, 5)",0,0.0,False,0.755,0.0,False,0.0008879023307436182,2,1.0,4.0,2.0,3.0,False,False,1
574,layer3.conv2,element,0,"(35, 0, 11)",0,0.0,False,0.755,0.0,False,0.0008879023307436182,13,-3.0,-2.0,0.5849624872207642,0.3333333432674408,False,False,1
575,layer3.conv2,element,2,"(49, 25, 5)",0,0.0,False,0.755,0.0,False,0.0008879023307436182,15,-6.0,-1.5,2.0,0.75,False,False,1
576,layer3.conv2,element,0,"(21, 10, 12)",0,0.0,False,0.755,0.0,False,0.0008879023307436182,4,2.0,3.0,0.5849624872207642,0.5,False,False,1
577,layer3.conv2,element,3,"(61, 32, 3)",0,0.0,False,0.755,0.0,False,0.0008879023307436182,5,3.0,-3.0,0.0,2.0,True,False,1
578,layer3.conv2,element,1,"(27, 28, 1)",0,0.0,False,0.755,0.0,False,0.0008879023307436182,4,2.0,4.0,1.0,1.0,False,False,1
579,layer3.conv2,element,3,"(37, 30, 6)",0,0.0,False,0.755,0.0,False,0.0008879023307436182,8,-0.0,0.0,inf,0.0,True,False,1
580,layer3.conv2,element,1,"(9, 30, 12)",0,0.0,False,0.755,0.0,False,0.0008879023307436182,14,-4.0,-2.0,1.0,0.5,False,False,1
581,layer3.conv2,element,2,"(20, 2, 13)",0,0.0,False,0.755,0.0,False,0.0008879023307436182,9,-0.5,-3.0,2.5849623680114746,5.0,False,False,1
582,layer3.conv2,element,3,"(62, 28, 8)",1,0.005,True,0.75,0.0050000000000000044,False,0.0008879023307436182,10,-1.0,1.0,0.0,2.0,True,False,1
583,layer3.conv2,element,0,"(14, 5, 3)",0,0.0,False,0.755,0.0,False,0.0008879023307436182,13,-3.0,-2.0,0.5849624872207642,0.3333333432674408,False,False,1
584,layer3.conv2,element,0,"(43, 30, 1)",0,0.0,False,0.755,0.0,False,0.0008879023307436182,5,3.0,2.0,0.5849624872207642,0.3333333432674408,False,False,1
585,layer3.conv2,element,3,"(51, 5, 10)",0,0.0,False,0.755,0.0,False,0.0008879023307436182,13,-3.0,3.0,0.0,2.0,True,False,1
586,layer3.conv2,element,1,"(8, 32, 15)",0,0.0,False,0.755,0.0,False,0.0008879023307436182,12,-2.0,-4.0,1.0,1.0,False,False,1
587,layer3.conv2,element,0,"(51, 34, 7)",0,0.0,False,0.755,0.0,False,0.0008879023307436182,10,-1.0,-1.5,0.5849624872207642,0.5,False,False,1
588,layer3.conv2,element,0,"(24, 5, 7)",1,0.005,True,0.75,0.0050000000000000044,False,0.0008879023307436182,14,-4.0,-6.0,0.5849626064300537,0.5,False,False,1
589,layer3.conv2,element,2,"(40, 22, 6)",0,0.0,False,0.755,0.0,False,0.0008879023307436182,5,3.0,0.5,2.5849623680114746,0.8333333134651184,False,False,1
590,layer3.conv2,element,1,"(42, 6, 2)",0,0.0,False,0.755,0.0,False,0.0008879023307436182,4,2.0,4.0,1.0,1.0,False,False,1
591,layer3.conv2,element,2,"(50, 1, 14)",0,0.0,False,0.755,0.0,False,0.0008879023307436182,5,3.0,0.5,2.5849623680114746,0.8333333134651184,False,False,1
592,layer3.conv2,element,1,"(17, 33, 9)",0,0.0,False,0.755,0.0,False,0.0008879023307436182,14,-4.0,-2.0,1.0,0.5,False,False,1
593,layer3.conv2,element,2,"(31, 3, 11)",1,0.005,True,0.75,0.0050000000000000044,False,0.0008879023307436182,9,-0.5,-3.0,2.5849623680114746,5.0,False,False,1
594,layer3.conv2,element,3,"(17, 8, 0)",0,0.0,False,0.755,0.0,False,0.0008879023307436182,12,-2.0,2.0,0.0,2.0,True,False,1
595,layer3.conv2,element,3,"(54, 17, 15)",0,0.0,False,0.755,0.0,False,0.0008879023307436182,12,-2.0,2.0,0.0,2.0,True,False,1
596,layer3.conv2,element,0,"(16, 29, 5)",0,0.0,False,0.755,0.0,False,0.0008879023307436182,8,-0.0,-0.5,inf,1.0,False,False,1
597,layer3.conv2,element,1,"(44, 16, 9)",1,0.005,True,0.75,0.0050000000000000044,False,0.0008879023307436182,12,-2.0,-4.0,1.0,1.0,False,False,1
598,layer3.conv2,element,0,"(0, 6, 11)",0,0.0,False,0.755,0.0,False,0.0008879023307436182,8,-0.0,-0.5,inf,1.0,False,False,1
599,layer3.conv2,element,1,"(15, 17, 7)",0,0.0,False,0.755,0.0,False,0.0008879023307436182,12,-2.0,-4.0,1.0,1.0,False,False,1
600,layer3.conv2,element,2,"(41, 6, 14)",0,0.0,False,0.755,0.0,False,0.0008879023307436182,14,-4.0,-1.0,2.0,0.75,False,False,1
601,layer3.conv2,element,2,"(37, 21, 11)",2,0.01,True,0.755,0.0,False,0.0008879023307436182,5,3.0,0.5,2.5849623680114746,0.8333333134651184,False,False,1
602,layer3.conv2,element,2,"(16, 8, 3)",2,0.01,True,0.755,0.0,False,0.0008879023307436182,13,-3.0,-0.5,2.5849623680114746,0.8333333134651184,False,False,1
603,layer3.conv2,element,3,"(41, 35, 11)",0,0.0,False,0.755,0.0,False,0.0008879023307436182,1,0.5,-0.5,0.0,2.0,True,False,1
604,layer3.conv2,element,0,"(25, 22, 7)",0,0.0,False,0.755,0.0,False,0.0008879023307436182,11,-1.5,-1.0,0.5849624872207642,0.3333333432674408,False,False,1
605,layer3.conv2,element,1,"(12, 35, 5)",0,0.0,False,0.755,0.0,False,0.0008879023307436182,10,-1.0,-0.0,inf,1.0,False,False,1
606,layer3.conv2,element,2,"(59, 6, 2)",0,0.0,False,0.755,0.0,False,0.0008879023307436182,8,-0.0,-2.0,inf,4.0,False,False,1
607,layer3.conv2,element,0,"(59, 32, 0)",0,0.0,False,0.755,0.0,False,0.0008879023307436182,8,-0.0,-0.5,inf,1.0,False,False,1
608,layer3.conv2,element,3,"(47, 13, 7)",3,0.015,True,0.75,0.0050000000000000044,False,0.0008879023307436182,6,4.0,-4.0,0.0,2.0,True,False,1
609,layer3.conv2,element,3,"(51, 19, 15)",0,0.0,False,0.755,0.0,False,0.0008879023307436182,2,1.0,-1.0,0.0,2.0,True,False,1
610,layer3.conv2,element,2,"(60, 12, 3)",0,0.0,False,0.755,0.0,False,0.0008879023307436182,12,-2.0,-0.0,inf,1.0,False,False,1
611,layer3.conv2,element,2,"(9, 10, 10)",1,0.005,True,0.76,-0.0050000000000000044,False,0.0008879023307436182,11,-1.5,-6.0,2.0,3.0,False,False,1
612,layer3.conv2,element,3,"(13, 3, 3)",0,0.0,False,0.755,0.0,False,0.0008879023307436182,7,6.0,-6.0,0.0,2.0,True,False,1
613,layer3.conv2,element,2,"(14, 2, 10)",2,0.01,True,0.76,-0.0050000000000000044,False,0.0008879023307436182,2,1.0,4.0,2.0,3.0,False,False,1
614,layer3.conv2,element,2,"(14, 30, 12)",0,0.0,False,0.755,0.0,False,0.0008879023307436182,11,-1.5,-6.0,2.0,3.0,False,False,1
615,layer3.conv2,element,0,"(0, 4, 14)",0,0.0,False,0.755,0.0,False,0.0008879023307436182,14,-4.0,-6.0,0.5849626064300537,0.5,False,False,1
616,layer3.conv2,element,1,"(63, 27, 6)",1,0.005,True,0.75,0.0050000000000000044,False,0.0008879023307436182,3,1.5,0.5,1.5849624872207642,0.6666666865348816,False,False,1
617,layer3.conv2,element,2,"(60, 4, 6)",1,0.005,True,0.76,-0.0050000000000000044,False,0.0008879023307436182,2,1.0,4.0,2.0,3.0,False,False,1
618,layer3.conv2,element,3,"(10, 18, 4)",0,0.0,False,0.755,0.0,False,0.0008879023307436182,5,3.0,-3.0,0.0,2.0,True,False,1
619,layer3.conv2,element,0,"(11, 5, 11)",2,0.01,True,0.755,0.0,False,0.0008879023307436182,7,6.0,4.0,0.5849626064300537,0.3333333432674408,False,False,1
620,layer3.conv2,element,2,"(58, 31, 2)",0,0.0,False,0.755,0.0,False,0.0008879023307436182,5,3.0,0.5,2.5849623680114746,0.8333333134651184,False,False,1
621,layer3.conv2,element,0,"(53, 13, 1)",0,0.0,False,0.755,0.0,False,0.0008879023307436182,5,3.0,2.0,0.5849624872207642,0.3333333432674408,False,False,1
622,layer3.conv2,element,0,"(16, 4, 0)",0,0.0,False,0.755,0.0,False,0.0008879023307436182,10,-1.0,-1.5,0.5849624872207642,0.5,False,False,1
623,layer3.conv2,element,1,"(32, 26, 11)",0,0.0,False,0.755,0.0,False,0.0008879023307436182,3,1.5,0.5,1.5849624872207642,0.6666666865348816,False,False,1
624,layer3.conv2,element,1,"(53, 31, 11)",0,0.0,False,0.755,0.0,False,0.0008879023307436182,4,2.0,4.0,1.0,1.0,False,False,1
625,layer3.conv2,element,1,"(3, 23, 9)",0,0.0,False,0.755,0.0,False,0.0008879023307436182,14,-4.0,-2.0,1.0,0.5,False,False,1
626,layer3.conv2,element,3,"(52, 20, 9)",0,0.0,False,0.755,0.0,False,0.0008879023307436182,0,0.0,-0.0,inf,0.0,True,False,1
627,layer3.conv2,element,1,"(13, 19, 1)",0,0.0,False,0.755,0.0,False,0.0008879023307436182,1,0.5,1.5,1.5849624872207642,2.0,False,False,1
628,layer3.conv2,element,2,"(5, 2, 9)",0,0.0,False,0.755,0.0,False,0.0008879023307436182,13,-3.0,-0.5,2.5849623680114746,0.8333333134651184,False,False,1
629,layer3.conv2,element,2,"(16, 17, 12)",1,0.005,True,0.76,-0.0050000000000000044,False,0.0008879023307436182,13,-3.0,-0.5,2.5849623680114746,0.8333333134651184,False,False,1
630,layer3.conv2,element,1,"(29, 20, 1)",0,0.0,False,0.755,0.0,False,0.0008879023307436182,9,-0.5,-1.5,1.5849624872207642,2.0,False,False,1
631,layer3.conv2,element,0,"(48, 33, 1)",0,0.0,False,0.755,0.0,False,0.0008879023307436182,15,-6.0,-4.0,0.5849626064300537,0.3333333432674408,False,False,1
632,layer3.conv2,element,2,"(35, 2, 3)",0,0.0,False,0.755,0.0,False,0.0008879023307436182,12,-2.0,-0.0,inf,1.0,False,False,1
633,layer3.conv2,element,0,"(23, 19, 0)",0,0.0,False,0.755,0.0,False,0.0008879023307436182,14,-4.0,-6.0,0.5849626064300537,0.5,False,False,1
634,layer3.conv2,element,2,"(22, 1, 2)",0,0.0,False,0.755,0.0,False,0.0008879023307436182,7,6.0,1.5,2.0,0.75,False,False,1
635,layer3.conv2,element,3,"(9, 3, 0)",1,0.005,True,0.755,0.0,False,0.0008879023307436182,13,-3.0,3.0,0.0,2.0,True,False,1
636,layer3.conv2,element,0,"(51, 8, 0)",0,0.0,False,0.755,0.0,False,0.0008879023307436182,5,3.0,2.0,0.5849624872207642,0.3333333432674408,False,False,1
637,layer3.conv2,element,2,"(60, 20, 6)",1,0.005,True,0.76,-0.0050000000000000044,False,0.0008879023307436182,12,-2.0,-0.0,inf,1.0,False,False,1
638,layer3.conv2,element,1,"(42, 3, 3)",0,0.0,False,0.755,0.0,False,0.0008879023307436182,5,3.0,6.0,1.0000001192092896,1.0,False,False,1
639,layer3.conv2,element,2,"(32, 33, 7)",0,0.0,False,0.755,0.0,False,0.0008879023307436182,9,-0.5,-3.0,2.5849623680114746,5.0,False,False,1
640,layer3.conv2,element,3,"(6, 13, 15)",1,0.005,True,0.76,-0.0050000000000000044,False,0.0008879023307436182,12,-2.0,2.0,0.0,2.0,True,False,1
641,layer3.conv2,element,0,"(4, 9, 6)",0,0.0,False,0.755,0.0,False,0.0008879023307436182,11,-1.5,-1.0,0.5849624872207642,0.3333333432674408,False,False,1
642,layer3.conv2,element,0,"(36, 0, 4)",0,0.0,False,0.755,0.0,False,0.0008879023307436182,5,3.0,2.0,0.5849624872207642,0.3333333432674408,False,False,1
643,layer3.conv2,element,1,"(62, 9, 12)",0,0.0,False,0.755,0.0,False,0.0008879023307436182,12,-2.0,-4.0,1.0,1.0,False,False,1
644,layer3.conv2,element,2,"(57, 19, 14)",0,0.0,False,0.755,0.0,False,0.0008879023307436182,3,1.5,6.0,2.0,3.0,False,False,1
645,layer3.conv2,element,0,"(43, 7, 15)",0,0.0,False,0.755,0.0,False,0.0008879023307436182,12,-2.0,-3.0,0.5849624872207642,0.5,False,False,1
646,layer3.conv2,element,0,"(55, 25, 15)",0,0.0,False,0.755,0.0,False,0.0008879023307436182,8,-0.0,-0.5,inf,1.0,False,False,1
647,layer3.conv2,element,1,"(28, 8, 2)",0,0.0,False,0.755,0.0,False,0.0008879023307436182,13,-3.0,-6.0,1.0000001192092896,1.0,False,False,1
648,layer3.conv2,element,1,"(52, 2, 12)",1,0.005,True,0.75,0.0050000000000000044,False,0.0008879023307436182,11,-1.5,-0.5,1.5849624872207642,0.6666666865348816,False,False,1
649,layer3.conv2,element,0,"(9, 11, 12)",1,0.005,True,0.75,0.0050000000000000044,False,0.0008879023307436182,5,3.0,2.0,0.5849624872207642,0.3333333432674408,False,False,1
650,layer3.conv2,element,3,"(54, 21, 10)",0,0.0,False,0.755,0.0,False,0.0008879023307436182,7,6.0,-6.0,0.0,2.0,True,False,1
651,layer3.conv2,element,0,"(44, 13, 8)",0,0.0,False,0.755,0.0,False,0.0008879023307436182,9,-0.5,-0.0,inf,1.0,False,False,1
652,layer3.conv2,element,1,"(55, 13, 8)",0,0.0,False,0.755,0.0,False,0.0008879023307436182,2,1.0,0.0,inf,1.0,False,False,1
653,layer3.conv2,element,3,"(6, 7, 7)",0,0.0,False,0.755,0.0,False,0.0008879023307436182,11,-1.5,1.5,0.0,2.0,True,False,1
654,layer3.conv2,element,3,"(55, 22, 9)",0,0.0,False,0.755,0.0,False,0.0008879023307436182,10,-1.0,1.0,0.0,2.0,True,False,1
655,layer3.conv2,element,3,"(60, 4, 0)",1,0.005,True,0.75,0.0050000000000000044,False,0.0008879023307436182,3,1.5,-1.5,0.0,2.0,True,False,1
656,layer3.conv2,element,2,"(56, 16, 3)",0,0.0,False,0.755,0.0,False,0.0008879023307436182,9,-0.5,-3.0,2.5849623680114746,5.0,False,False,1
657,layer3.conv2,element,1,"(48, 3, 7)",0,0.0,False,0.755,0.0,False,0.0008879023307436182,13,-3.0,-6.0,1.0000001192092896,1.0,False,False,1
658,layer3.conv2,element,2,"(55, 30, 7)",1,0.005,True,0.75,0.0050000000000000044,False,0.0008879023307436182,2,1.0,4.0,2.0,3.0,False,False,1
659,layer3.conv2,element,1,"(45, 23, 0)",1,0.005,True,0.76,-0.0050000000000000044,False,0.0008879023307436182,1,0.5,1.5,1.5849624872207642,2.0,False,False,1
660,layer3.conv2,element,0,"(8, 1, 4)",0,0.0,False,0.755,0.0,False,0.0008879023307436182,10,-1.0,-1.5,0.5849624872207642,0.5,False,False,1
661,layer3.conv2,element,0,"(49, 10, 11)",0,0.0,False,0.755,0.0,False,0.0008879023307436182,3,1.5,1.0,0.5849624872207642,0.3333333432674408,False,False,1
662,layer3.conv2,element,1,"(5, 11, 11)",0,0.0,False,0.755,0.0,False,0.0008879023307436182,14,-4.0,-2.0,1.0,0.5,False,False,1
663,layer3.conv2,element,1,"(55, 10, 2)",0,0.0,False,0.755,0.0,False,0.0008879023307436182,0,0.0,1.0,inf,2.0,False,False,1
664,layer3.conv2,element,3,"(2, 11, 11)",0,0.0,False,0.755,0.0,False,0.0008879023307436182,14,-4.0,4.0,0.0,2.0,True,False,1
665,layer3.conv2,element,1,"(30, 0, 6)",0,0.0,False,0.755,0.0,False,0.0008879023307436182,12,-2.0,-4.0,1.0,1.0,False,False,1
666,layer3.conv2,element,2,"(22, 12, 5)",0,0.0,False,0.755,0.0,False,0.0008879023307436182,11,-1.5,-6.0,2.0,3.0,False,False,1
667,layer3.conv2,element,2,"(51, 33, 11)",0,0.0,False,0.755,0.0,False,0.0008879023307436182,7,6.0,1.5,2.0,0.75,False,False,1
668,layer3.conv2,element,0,"(6, 21, 6)",0,0.0,False,0.755,0.0,False,0.0008879023307436182,0,0.0,0.5,inf,1.0,False,False,1
669,layer3.conv2,element,2,"(7, 1, 13)",1,0.005,True,0.76,-0.0050000000000000044,False,0.0008879023307436182,13,-3.0,-0.5,2.5849623680114746,0.8333333134651184,False,False,1
670,layer3.conv2,element,2,"(26, 23, 5)",0,0.0,False,0.755,0.0,False,0.0008879023307436182,10,-1.0,-4.0,2.0,3.0,False,False,1
671,layer3.conv2,element,3,"(44, 29, 10)",1,0.005,True,0.75,0.0050000000000000044,False,0.0008879023307436182,3,1.5,-1.5,0.0,2.0,True,False,1
672,layer3.conv2,element,1,"(60, 26, 7)",0,0.0,False,0.755,0.0,False,0.0008879023307436182,0,0.0,1.0,inf,2.0,False,False,1
673,layer3.conv2,element,1,"(48, 2, 10)",1,0.005,True,0.75,0.0050000000000000044,False,0.0008879023307436182,2,1.0,0.0,inf,1.0,False,False,1
674,layer3.conv2,element,1,"(1, 1, 7)",0,0.0,False,0.755,0.0,False,0.0008879023307436182,6,4.0,2.0,1.0,0.5,False,False,1
675,layer3.conv2,element,3,"(13, 19, 0)",0,0.0,False,0.755,0.0,False,0.0008879023307436182,2,1.0,-1.0,0.0,2.0,True,False,1
676,layer3.conv2,element,1,"(37, 1, 12)",0,0.0,False,0.755,0.0,False,0.0008879023307436182,10,-1.0,-0.0,inf,1.0,False,False,1
677,layer3.conv2,element,3,"(7, 4, 8)",0,0.0,False,0.755,0.0,False,0.0008879023307436182,4,2.0,-2.0,0.0,2.0,True,False,1
678,layer3.conv2,element,3,"(8, 14, 10)",2,0.01,True,0.755,0.0,False,0.0008879023307436182,14,-4.0,4.0,0.0,2.0,True,False,1
679,layer3.conv2,element,0,"(58, 24, 5)",0,0.0,False,0.755,0.0,False,0.0008879023307436182,3,1.5,1.0,0.5849624872207642,0.3333333432674408,False,False,1
680,layer3.conv2,element,2,"(36, 3, 1)",0,0.0,False,0.755,0.0,False,0.0008879023307436182,7,6.0,1.5,2.0,0.75,False,False,1
681,layer3.conv2,element,2,"(57, 2, 0)",2,0.01,True,0.755,0.0,False,0.0008879023307436182,10,-1.0,-4.0,2.0,3.0,False,False,1
682,layer3.conv2,element,3,"(43, 28, 0)",0,0.0,False,0.755,0.0,False,0.0008879023307436182,8,-0.0,0.0,inf,0.0,True,False,1
683,layer3.conv2,element,3,"(7, 1, 4)",0,0.0,False,0.755,0.0,False,0.0008879023307436182,1,0.5,-0.5,0.0,2.0,True,False,1
684,layer3.conv2,element,3,"(3, 20, 10)",0,0.0,False,0.755,0.0,False,0.0008879023307436182,0,0.0,-0.0,inf,0.0,True,False,1
685,layer3.conv2,element,1,"(37, 25, 13)",0,0.0,False,0.755,0.0,False,0.0008879023307436182,8,-0.0,-1.0,inf,2.0,False,False,1
686,layer3.conv2,element,3,"(25, 7, 2)",0,0.0,False,0.755,0.0,False,0.0008879023307436182,1,0.5,-0.5,0.0,2.0,True,False,1
687,layer3.conv2,element,3,"(11, 20, 8)",1,0.005,True,0.76,-0.0050000000000000044,False,0.0008879023307436182,4,2.0,-2.0,0.0,2.0,True,False,1
688,layer3.conv2,element,3,"(37, 1, 8)",0,0.0,False,0.755,0.0,False,0.0008879023307436182,11,-1.5,1.5,0.0,2.0,True,False,1
689,layer3.conv2,element,0,"(13, 3, 10)",0,0.0,False,0.755,0.0,False,0.0008879023307436182,6,4.0,6.0,0.5849626064300537,0.5,False,False,1
690,layer3.conv2,element,0,"(61, 22, 5)",0,0.0,False,0.755,0.0,False,0.0008879023307436182,3,1.5,1.0,0.5849624872207642,0.3333333432674408,False,False,1
691,layer3.conv2,element,3,"(59, 16, 13)",3,0.015,True,0.75,0.0050000000000000044,False,0.0008879023307436182,5,3.0,-3.0,0.0,2.0,True,False,1
692,layer3.conv2,element,0,"(13, 6, 10)",0,0.0,False,0.755,0.0,False,0.0008879023307436182,6,4.0,6.0,0.5849626064300537,0.5,False,False,1
693,layer3.conv2,element,2,"(42, 15, 1)",1,0.005,True,0.75,0.0050000000000000044,False,0.0008879023307436182,10,-1.0,-4.0,2.0,3.0,False,False,1
694,layer3.conv2,element,0,"(38, 35, 2)",0,0.0,False,0.755,0.0,False,0.0008879023307436182,1,0.5,0.0,inf,1.0,False,False,1
695,layer3.conv2,element,2,"(48, 19, 7)",0,0.0,False,0.755,0.0,False,0.0008879023307436182,3,1.5,6.0,2.0,3.0,False,False,1
696,layer3.conv2,element,2,"(13, 2, 13)",0,0.0,False,0.755,0.0,False,0.0008879023307436182,10,-1.0,-4.0,2.0,3.0,False,False,1
697,layer3.conv2,element,0,"(18, 2, 0)",0,0.0,False,0.755,0.0,False,0.0008879023307436182,1,0.5,0.0,inf,1.0,False,False,1
698,layer3.conv2,element,1,"(10, 9, 4)",1,0.005,True,0.76,-0.0050000000000000044,False,0.0008879023307436182,5,3.0,6.0,1.0000001192092896,1.0,False,False,1
699,layer3.conv2,element,0,"(49, 23, 7)",0,0.0,False,0.755,0.0,False,0.0008879023307436182,3,1.5,1.0,0.5849624872207642,0.3333333432674408,False,False,1
700,layer3.conv2,element,0,"(40, 6, 0)",0,0.0,False,0.755,0.0,False,0.0008879023307436182,10,-1.0,-1.5,0.5849624872207642,0.5,False,False,1
701,layer3.conv2,element,3,"(42, 30, 3)",0,0.0,False,0.755,0.0,False,0.0008879023307436182,0,0.0,-0.0,inf,0.0,True,False,1
702,layer3.conv2,element,3,"(0, 15, 5)",2,0.01,True,0.755,0.0,False,0.0008879023307436182,6,4.0,-4.0,0.0,2.0,True,False,1
703,layer3.conv2,element,0,"(22, 5, 12)",0,0.0,False,0.755,0.0,False,0.0008879023307436182,1,0.5,0.0,inf,1.0,False,False,1
704,layer3.conv2,element,1,"(43, 35, 3)",0,0.0,False,0.755,0.0,False,0.0008879023307436182,14,-4.0,-2.0,1.0,0.5,False,False,1
705,layer3.conv2,element,3,"(31, 27, 5)",0,0.0,False,0.755,0.0,False,0.0008879023307436182,9,-0.5,0.5,0.0,2.0,True,False,1
706,layer3.conv2,element,0,"(41, 3, 3)",0,0.0,False,0.755,0.0,False,0.0008879023307436182,6,4.0,6.0,0.5849626064300537,0.5,False,False,1
707,layer3.conv2,element,3,"(15, 33, 14)",0,0.0,False,0.755,0.0,False,0.0008879023307436182,8,-0.0,0.0,inf,0.0,True,False,1
708,layer3.conv2,element,2,"(52, 28, 7)",0,0.0,False,0.755,0.0,False,0.0008879023307436182,3,1.5,6.0,2.0,3.0,False,False,1
709,layer3.conv2,element,3,"(38, 1, 11)",2,0.01,True,0.755,0.0,False,0.0008879023307436182,5,3.0,-3.0,0.0,2.0,True,False,1
710,layer3.conv2,element,3,"(1, 25, 3)",1,0.005,True,0.76,-0.0050000000000000044,False,0.0008879023307436182,10,-1.0,1.0,0.0,2.0,True,False,1
711,layer3.conv2,element,2,"(11, 34, 11)",0,0.0,False,0.755,0.0,False,0.0008879023307436182,14,-4.0,-1.0,2.0,0.75,False,False,1
712,layer3.conv2,element,2,"(31, 14, 4)",1,0.005,True,0.755,0.0,False,0.0008879023307436182,14,-4.0,-1.0,2.0,0.75,False,False,1
713,layer3.conv2,element,0,"(28, 25, 11)",0,0.0,False,0.755,0.0,False,0.0008879023307436182,14,-4.0,-6.0,0.5849626064300537,0.5,False,False,1
714,layer3.conv2,element,3,"(51, 6, 15)",0,0.0,False,0.755,0.0,False,0.0008879023307436182,0,0.0,-0.0,inf,0.0,True,False,1
715,layer3.conv2,element,0,"(54, 26, 10)",0,0.0,False,0.755,0.0,False,0.0008879023307436182,10,-1.0,-1.5,0.5849624872207642,0.5,False,False,1
716,layer3.conv2,element,0,"(40, 22, 7)",0,0.0,False,0.755,0.0,False,0.0008879023307436182,9,-0.5,-0.0,inf,1.0,False,False,1
717,layer3.conv2,element,1,"(42, 3, 10)",0,0.0,False,0.755,0.0,False,0.0008879023307436182,2,1.0,0.0,inf,1.0,False,False,1
718,layer3.conv2,element,2,"(52, 34, 12)",0,0.0,False,0.755,0.0,False,0.0008879023307436182,7,6.0,1.5,2.0,0.75,False,False,1
719,layer3.conv2,element,2,"(38, 19, 8)",1,0.005,True,0.76,-0.0050000000000000044,False,0.0008879023307436182,11,-1.5,-6.0,2.0,3.0,False,False,1
720,layer3.conv2,element,1,"(38, 24, 0)",0,0.0,False,0.755,0.0,False,0.0008879023307436182,4,2.0,4.0,1.0,1.0,False,False,1
721,layer3.conv2,element,3,"(7, 5, 13)",2,0.01,True,0.745,0.010000000000000009,False,0.0008879023307436182,12,-2.0,2.0,0.0,2.0,True,False,1
722,layer3.conv2,element,1,"(1, 10, 14)",0,0.0,False,0.755,0.0,False,0.0008879023307436182,3,1.5,0.5,1.5849624872207642,0.6666666865348816,False,False,1
723,layer3.conv2,element,1,"(52, 21, 2)",0,0.0,False,0.755,0.0,False,0.0008879023307436182,10,-1.0,-0.0,inf,1.0,False,False,1
724,layer3.conv2,element,1,"(61, 26, 2)",0,0.0,False,0.755,0.0,False,0.0008879023307436182,2,1.0,0.0,inf,1.0,False,False,1
725,layer3.conv2,element,3,"(39, 23, 6)",1,0.005,True,0.75,0.0050000000000000044,False,0.0008879023307436182,12,-2.0,2.0,0.0,2.0,True,False,1
726,layer3.conv2,element,1,"(49, 2, 8)",1,0.005,True,0.75,0.0050000000000000044,False,0.0008879023307436182,5,3.0,6.0,1.0000001192092896,1.0,False,False,1
727,layer3.conv2,element,1,"(60, 25, 1)",0,0.0,False,0.755,0.0,False,0.0008879023307436182,5,3.0,6.0,1.0000001192092896,1.0,False,False,1
728,layer3.conv2,element,3,"(9, 32, 7)",1,0.005,True,0.755,0.0,False,0.0008879023307436182,13,-3.0,3.0,0.0,2.0,True,False,1
729,layer3.conv2,element,3,"(59, 27, 6)",1,0.005,True,0.76,-0.0050000000000000044,False,0.0008879023307436182,3,1.5,-1.5,0.0,2.0,True,False,1
730,layer3.conv2,element,1,"(33, 6, 11)",0,0.0,False,0.755,0.0,False,0.0008879023307436182,10,-1.0,-0.0,inf,1.0,False,False,1
731,layer3.conv2,element,0,"(59, 22, 13)",0,0.0,False,0.755,0.0,False,0.0008879023307436182,10,-1.0,-1.5,0.5849624872207642,0.5,False,False,1
732,layer3.conv2,element,1,"(29, 22, 10)",0,0.0,False,0.755,0.0,False,0.0008879023307436182,12,-2.0,-4.0,1.0,1.0,False,False,1
733,layer3.conv2,element,1,"(34, 7, 4)",0,0.0,False,0.755,0.0,False,0.0008879023307436182,2,1.0,0.0,inf,1.0,False,False,1
734,layer3.conv2,element,1,"(45, 30, 7)",1,0.005,True,0.76,-0.0050000000000000044,False,0.0008879023307436182,10,-1.0,-0.0,inf,1.0,False,False,1
735,layer3.conv2,element,0,"(49, 9, 6)",0,0.0,False,0.755,0.0,False,0.0008879023307436182,12,-2.0,-3.0,0.5849624872207642,0.5,False,False,1
736,layer3.conv2,element,2,"(1, 20, 4)",1,0.005,True,0.76,-0.0050000000000000044,False,0.0008879023307436182,2,1.0,4.0,2.0,3.0,False,False,1
737,layer3.conv2,element,2,"(6, 18, 2)",0,0.0,False,0.755,0.0,False,0.0008879023307436182,10,-1.0,-4.0,2.0,3.0,False,False,1
738,layer3.conv2,element,2,"(53, 27, 13)",1,0.005,True,0.75,0.0050000000000000044,False,0.0008879023307436182,13,-3.0,-0.5,2.5849623680114746,0.8333333134651184,False,False,1
739,layer3.conv2,element,3,"(2, 31, 1)",3,0.015,True,0.755,0.0,False,0.0008879023307436182,14,-4.0,4.0,0.0,2.0,True,False,1
740,layer3.conv2,element,0,"(17, 8, 1)",0,0.0,False,0.755,0.0,False,0.0008879023307436182,11,-1.5,-1.0,0.5849624872207642,0.3333333432674408,False,False,1
741,layer3.conv2,element,0,"(50, 11, 10)",0,0.0,False,0.755,0.0,False,0.0008879023307436182,2,1.0,1.5,0.5849624872207642,0.5,False,False,1
742,layer3.conv2,element,3,"(38, 29, 5)",1,0.005,True,0.76,-0.0050000000000000044,False,0.0008879023307436182,4,2.0,-2.0,0.0,2.0,True,False,1
743,layer3.conv2,element,0,"(43, 3, 2)",0,0.0,False,0.755,0.0,False,0.0008879023307436182,1,0.5,0.0,inf,1.0,False,False,1
744,layer3.conv2,element,2,"(1, 35, 15)",2,0.01,True,0.76,-0.0050000000000000044,False,0.0008879023307436182,3,1.5,6.0,2.0,3.0,False,False,1
745,layer3.conv2,element,3,"(60, 21, 14)",0,0.0,False,0.755,0.0,False,0.0008879023307436182,0,0.0,-0.0,inf,0.0,True,False,1
746,layer3.conv2,element,0,"(51, 16, 11)",0,0.0,False,0.755,0.0,False,0.0008879023307436182,1,0.5,0.0,inf,1.0,False,False,1
747,layer3.conv2,element,0,"(19, 17, 5)",1,0.005,True,0.76,-0.0050000000000000044,False,0.0008879023307436182,14,-4.0,-6.0,0.5849626064300537,0.5,False,False,1
748,layer3.conv2,element,1,"(43, 0, 14)",0,0.0,False,0.755,0.0,False,0.0008879023307436182,9,-0.5,-1.5,1.5849624872207642,2.0,False,False,1
749,layer3.conv2,element,2,"(31, 24, 7)",1,0.005,True,0.75,0.0050000000000000044,False,0.0008879023307436182,6,4.0,1.0,2.0,0.75,False,False,1
750,layer3.conv2,element,3,"(27, 23, 12)",1,0.005,True,0.75,0.0050000000000000044,False,0.0008879023307436182,4,2.0,-2.0,0.0,2.0,True,False,1
751,layer3.conv2,element,3,"(50, 12, 9)",0,0.0,False,0.755,0.0,False,0.0008879023307436182,3,1.5,-1.5,0.0,2.0,True,False,1
752,layer3.conv2,element,3,"(27, 25, 14)",0,0.0,False,0.755,0.0,False,0.0008879023307436182,9,-0.5,0.5,0.0,2.0,True,False,1
753,layer3.conv2,element,0,"(38, 35, 1)",0,0.0,False,0.755,0.0,False,0.0008879023307436182,11,-1.5,-1.0,0.5849624872207642,0.3333333432674408,False,False,1
754,layer3.conv2,element,1,"(31, 15, 6)",1,0.005,True,0.75,0.0050000000000000044,False,0.0008879023307436182,13,-3.0,-6.0,1.0000001192092896,1.0,False,False,1
755,layer3.conv2,element,1,"(54, 10, 15)",0,0.0,False,0.755,0.0,False,0.0008879023307436182,14,-4.0,-2.0,1.0,0.5,False,False,1
756,layer3.conv2,element,0,"(25, 8, 4)",0,0.0,False,0.755,0.0,False,0.0008879023307436182,9,-0.5,-0.0,inf,1.0,False,False,1
757,layer3.conv2,element,0,"(25, 9, 7)",0,0.0,False,0.755,0.0,False,0.0008879023307436182,1,0.5,0.0,inf,1.0,False,False,1
758,layer3.conv2,element,3,"(12, 12, 11)",2,0.01,True,0.76,-0.0050000000000000044,False,0.0008879023307436182,4,2.0,-2.0,0.0,2.0,True,False,1
759,layer3.conv2,element,2,"(54, 3, 4)",0,0.0,False,0.755,0.0,False,0.0008879023307436182,7,6.0,1.5,2.0,0.75,False,False,1
760,layer3.conv2,element,2,"(35, 14, 7)",1,0.005,True,0.75,0.0050000000000000044,False,0.0008879023307436182,10,-1.0,-4.0,2.0,3.0,False,False,1
761,layer3.conv2,element,0,"(55, 4, 6)",0,0.0,False,0.755,0.0,False,0.0008879023307436182,13,-3.0,-2.0,0.5849624872207642,0.3333333432674408,False,False,1
762,layer3.conv2,element,2,"(24, 9, 15)",1,0.005,True,0.75,0.0050000000000000044,False,0.0008879023307436182,4,2.0,0.0,inf,1.0,False,False,1
763,layer3.conv2,element,1,"(57, 28, 7)",1,0.005,True,0.76,-0.0050000000000000044,False,0.0008879023307436182,6,4.0,2.0,1.0,0.5,False,False,1
764,layer3.conv2,element,1,"(53, 24, 8)",1,0.005,True,0.75,0.0050000000000000044,False,0.0008879023307436182,7,6.0,3.0,1.0000001192092896,0.5,False,False,1
765,layer3.conv2,element,1,"(25, 16, 13)",0,0.0,False,0.755,0.0,False,0.0008879023307436182,12,-2.0,-4.0,1.0,1.0,False,False,1
766,layer3.conv2,element,3,"(29, 27, 0)",0,0.0,False,0.755,0.0,False,0.0008879023307436182,15,-6.0,6.0,0.0,2.0,True,False,1
767,layer3.conv2,element,0,"(58, 4, 10)",0,0.0,False,0.755,0.0,False,0.0008879023307436182,5,3.0,2.0,0.5849624872207642,0.3333333432674408,False,False,1
768,layer3.conv2,element,0,"(4, 20, 3)",0,0.0,False,0.755,0.0,False,0.0008879023307436182,4,2.0,3.0,0.5849624872207642,0.5,False,False,1
769,layer3.conv2,element,3,"(19, 28, 2)",0,0.0,False,0.755,0.0,False,0.0008879023307436182,12,-2.0,2.0,0.0,2.0,True,False,1
770,layer3.conv2,element,3,"(44, 0, 10)",1,0.005,True,0.75,0.0050000000000000044,False,0.0008879023307436182,10,-1.0,1.0,0.0,2.0,True,False,1
771,layer3.conv2,element,2,"(38, 0, 5)",1,0.005,True,0.755,0.0,False,0.0008879023307436182,1,0.5,3.0,2.5849623680114746,5.0,False,False,1
772,layer3.conv2,element,3,"(52, 20, 11)",0,0.0,False,0.755,0.0,False,0.0008879023307436182,1,0.5,-0.5,0.0,2.0,True,False,1
773,layer3.conv2,element,0,"(62, 25, 12)",0,0.0,False,0.755,0.0,False,0.0008879023307436182,5,3.0,2.0,0.5849624872207642,0.3333333432674408,False,False,1
774,layer3.conv2,element,2,"(35, 35, 1)",0,0.0,False,0.755,0.0,False,0.0008879023307436182,13,-3.0,-0.5,2.5849623680114746,0.8333333134651184,False,False,1
775,layer3.conv2,element,0,"(41, 8, 14)",0,0.0,False,0.755,0.0,False,0.0008879023307436182,12,-2.0,-3.0,0.5849624872207642,0.5,False,False,1
776,layer3.conv2,element,1,"(5, 17, 5)",0,0.0,False,0.755,0.0,False,0.0008879023307436182,1,0.5,1.5,1.5849624872207642,2.0,False,False,1
777,layer3.conv2,element,1,"(37, 32, 14)",0,0.0,False,0.755,0.0,False,0.0008879023307436182,5,3.0,6.0,1.0000001192092896,1.0,False,False,1
778,layer3.conv2,element,2,"(59, 24, 7)",1,0.005,True,0.75,0.0050000000000000044,False,0.0008879023307436182,15,-6.0,-1.5,2.0,0.75,False,False,1
779,layer3.conv2,element,1,"(23, 3, 11)",1,0.005,True,0.76,-0.0050000000000000044,False,0.0008879023307436182,13,-3.0,-6.0,1.0000001192092896,1.0,False,False,1
780,layer3.conv2,element,1,"(44, 29, 4)",1,0.005,True,0.75,0.0050000000000000044,False,0.0008879023307436182,15,-6.0,-3.0,1.0000001192092896,0.5,False,False,1
781,layer3.conv2,element,1,"(32, 31, 5)",1,0.005,True,0.75,0.0050000000000000044,False,0.0008879023307436182,6,4.0,2.0,1.0,0.5,False,False,1
782,layer3.conv2,element,1,"(56, 1, 6)",1,0.005,True,0.75,0.0050000000000000044,False,0.0008879023307436182,14,-4.0,-2.0,1.0,0.5,False,False,1
783,layer3.conv2,element,2,"(31, 14, 5)",0,0.0,False,0.755,0.0,False,0.0008879023307436182,13,-3.0,-0.5,2.5849623680114746,0.8333333134651184,False,False,1
784,layer3.conv2,element,1,"(7, 1, 4)",0,0.0,False,0.755,0.0,False,0.0008879023307436182,1,0.5,1.5,1.5849624872207642,2.0,False,False,1
785,layer3.conv2,element,3,"(43, 13, 2)",0,0.0,False,0.755,0.0,False,0.0008879023307436182,3,1.5,-1.5,0.0,2.0,True,False,1
786,layer3.conv2,element,3,"(1, 21, 8)",1,0.005,True,0.75,0.0050000000000000044,False,0.0008879023307436182,3,1.5,-1.5,0.0,2.0,True,False,1
787,layer3.conv2,element,3,"(34, 19, 12)",0,0.0,False,0.755,0.0,False,0.0008879023307436182,1,0.5,-0.5,0.0,2.0,True,False,1
788,layer3.conv2,element,0,"(3, 29, 11)",1,0.005,True,0.755,0.0,False,0.0008879023307436182,14,-4.0,-6.0,0.5849626064300537,0.5,False,False,1
789,layer3.conv2,element,1,"(20, 13, 10)",1,0.005,True,0.76,-0.0050000000000000044,False,0.0008879023307436182,5,3.0,6.0,1.0000001192092896,1.0,False,False,1
790,layer3.conv2,element,1,"(8, 5, 11)",0,0.0,False,0.755,0.0,False,0.0008879023307436182,9,-0.5,-1.5,1.5849624872207642,2.0,False,False,1
791,layer3.conv2,element,1,"(12, 7, 10)",1,0.005,True,0.755,0.0,False,0.0008879023307436182,13,-3.0,-6.0,1.0000001192092896,1.0,False,False,1
792,layer3.conv2,element,1,"(23, 20, 12)",0,0.0,False,0.755,0.0,False,0.0008879023307436182,2,1.0,0.0,inf,1.0,False,False,1
793,layer3.conv2,element,0,"(63, 6, 12)",1,0.005,True,0.76,-0.0050000000000000044,False,0.0008879023307436182,6,4.0,6.0,0.5849626064300537,0.5,False,False,1
794,layer3.conv2,element,3,"(35, 27, 12)",1,0.005,True,0.75,0.0050000000000000044,False,0.0008879023307436182,3,1.5,-1.5,0.0,2.0,True,False,1
795,layer3.conv2,element,3,"(39, 22, 15)",0,0.0,False,0.755,0.0,False,0.0008879023307436182,1,0.5,-0.5,0.0,2.0,True,False,1
796,layer3.conv2,element,0,"(34, 19, 10)",0,0.0,False,0.755,0.0,False,0.0008879023307436182,11,-1.5,-1.0,0.5849624872207642,0.3333333432674408,False,False,1
797,layer3.conv2,element,3,"(11, 2, 14)",0,0.0,False,0.755,0.0,False,0.0008879023307436182,10,-1.0,1.0,0.0,2.0,True,False,1
798,layer3.conv2,element,2,"(60, 27, 15)",0,0.0,False,0.755,0.0,False,0.0008879023307436182,1,0.5,3.0,2.5849623680114746,5.0,False,False,1
799,layer3.conv2,element,2,"(21, 22, 10)",0,0.0,False,0.755,0.0,False,0.0008879023307436182,6,4.0,1.0,2.0,0.75,False,False,1
800,layer3.conv2,element,0,"(31, 31, 1)",0,0.0,False,0.755,0.0,False,0.0008879023307436182,14,-4.0,-6.0,0.5849626064300537,0.5,False,False,1
801,layer3.conv2,element,3,"(41, 21, 15)",0,0.0,False,0.755,0.0,False,0.0008879023307436182,12,-2.0,2.0,0.0,2.0,True,False,1
802,layer3.conv2,element,3,"(16, 26, 0)",2,0.01,True,0.755,0.0,False,0.0008879023307436182,14,-4.0,4.0,0.0,2.0,True,False,1
803,layer3.conv2,element,2,"(15, 9, 12)",1,0.005,True,0.755,0.0,False,0.0008879023307436182,11,-1.5,-6.0,2.0,3.0,False,False,1
804,layer3.conv2,element,0,"(50, 28, 6)",0,0.0,False,0.755,0.0,False,0.0008879023307436182,13,-3.0,-2.0,0.5849624872207642,0.3333333432674408,False,False,1
805,layer3.conv2,element,0,"(57, 10, 13)",0,0.0,False,0.755,0.0,False,0.0008879023307436182,11,-1.5,-1.0,0.5849624872207642,0.3333333432674408,False,False,1
806,layer3.conv2,element,3,"(9, 15, 9)",3,0.015,True,0.75,0.0050000000000000044,False,0.0008879023307436182,6,4.0,-4.0,0.0,2.0,True,False,1
807,layer3.conv2,element,3,"(34, 21, 5)",0,0.0,False,0.755,0.0,False,0.0008879023307436182,2,1.0,-1.0,0.0,2.0,True,False,1
808,layer3.conv2,element,2,"(45, 9, 6)",0,0.0,False,0.755,0.0,False,0.0008879023307436182,8,-0.0,-2.0,inf,4.0,False,False,1
809,layer3.conv2,element,2,"(43, 20, 11)",0,0.0,False,0.755,0.0,False,0.0008879023307436182,1,0.5,3.0,2.5849623680114746,5.0,False,False,1
810,layer3.conv2,element,0,"(22, 19, 8)",0,0.0,False,0.755,0.0,False,0.0008879023307436182,7,6.0,4.0,0.5849626064300537,0.3333333432674408,False,False,1
811,layer3.conv2,element,3,"(42, 16, 11)",1,0.005,True,0.75,0.0050000000000000044,False,0.0008879023307436182,5,3.0,-3.0,0.0,2.0,True,False,1
812,layer3.conv2,element,1,"(10, 1, 13)",0,0.0,False,0.755,0.0,False,0.0008879023307436182,12,-2.0,-4.0,1.0,1.0,False,False,1
813,layer3.conv2,element,1,"(10, 12, 10)",0,0.0,False,0.755,0.0,False,0.0008879023307436182,2,1.0,0.0,inf,1.0,False,False,1
814,layer3.conv2,element,1,"(58, 35, 7)",0,0.0,False,0.755,0.0,False,0.0008879023307436182,6,4.0,2.0,1.0,0.5,False,False,1
815,layer3.conv2,element,2,"(59, 23, 10)",1,0.005,True,0.75,0.0050000000000000044,False,0.0008879023307436182,3,1.5,6.0,2.0,3.0,False,False,1
816,layer3.conv2,element,1,"(55, 8, 14)",0,0.0,False,0.755,0.0,False,0.0008879023307436182,5,3.0,6.0,1.0000001192092896,1.0,False,False,1
817,layer3.conv2,element,0,"(54, 4, 10)",0,0.0,False,0.755,0.0,False,0.0008879023307436182,14,-4.0,-6.0,0.5849626064300537,0.5,False,False,1
818,layer3.conv2,element,3,"(39, 34, 4)",1,0.005,True,0.76,-0.0050000000000000044,False,0.0008879023307436182,2,1.0,-1.0,0.0,2.0,True,False,1
819,layer3.conv2,element,1,"(9, 12, 5)",2,0.01,True,0.755,0.0,False,0.0008879023307436182,13,-3.0,-6.0,1.0000001192092896,1.0,False,False,1
820,layer3.conv2,element,1,"(30, 4, 13)",2,0.01,True,0.745,0.010000000000000009,False,0.0008879023307436182,5,3.0,6.0,1.0000001192092896,1.0,False,False,1
821,layer3.conv2,element,2,"(36, 16, 4)",0,0.0,False,0.755,0.0,False,0.0008879023307436182,6,4.0,1.0,2.0,0.75,False,False,1
822,layer3.conv2,element,3,"(18, 23, 6)",0,0.0,False,0.755,0.0,False,0.0008879023307436182,10,-1.0,1.0,0.0,2.0,True,False,1
823,layer3.conv2,element,1,"(33, 28, 5)",1,0.005,True,0.76,-0.0050000000000000044,False,0.0008879023307436182,12,-2.0,-4.0,1.0,1.0,False,False,1
824,layer3.conv2,element,3,"(21, 22, 1)",0,0.0,False,0.755,0.0,False,0.0008879023307436182,8,-0.0,0.0,inf,0.0,True,False,1
825,layer3.conv2,element,1,"(19, 29, 4)",2,0.01,True,0.765,-0.010000000000000009,False,0.0008879023307436182,7,6.0,3.0,1.0000001192092896,0.5,False,False,1
826,layer3.conv2,element,0,"(52, 26, 8)",0,0.0,False,0.755,0.0,False,0.0008879023307436182,1,0.5,0.0,inf,1.0,False,False,1
827,layer3.conv2,element,2,"(24, 0, 8)",1,0.005,True,0.75,0.0050000000000000044,False,0.0008879023307436182,9,-0.5,-3.0,2.5849623680114746,5.0,False,False,1
828,layer3.conv2,element,0,"(35, 17, 12)",0,0.0,False,0.755,0.0,False,0.0008879023307436182,10,-1.0,-1.5,0.5849624872207642,0.5,False,False,1
829,layer3.conv2,element,1,"(16, 21, 2)",0,0.0,False,0.755,0.0,False,0.0008879023307436182,2,1.0,0.0,inf,1.0,False,False,1
830,layer3.conv2,element,2,"(50, 16, 14)",0,0.0,False,0.755,0.0,False,0.0008879023307436182,2,1.0,4.0,2.0,3.0,False,False,1
831,layer3.conv2,element,2,"(40, 14, 9)",0,0.0,False,0.755,0.0,False,0.0008879023307436182,11,-1.5,-6.0,2.0,3.0,False,False,1
832,layer3.conv2,element,1,"(9, 29, 5)",0,0.0,False,0.755,0.0,False,0.0008879023307436182,14,-4.0,-2.0,1.0,0.5,False,False,1
833,layer3.conv2,element,0,"(27, 15, 8)",0,0.0,False,0.755,0.0,False,0.0008879023307436182,2,1.0,1.5,0.5849624872207642,0.5,False,False,1
834,layer3.conv2,element,1,"(31, 7, 3)",0,0.0,False,0.755,0.0,False,0.0008879023307436182,9,-0.5,-1.5,1.5849624872207642,2.0,False,False,1
835,layer3.conv2,element,2,"(6, 15, 6)",1,0.005,True,0.755,0.0,False,0.0008879023307436182,6,4.0,1.0,2.0,0.75,False,False,1
836,layer3.conv2,element,3,"(59, 21, 2)",0,0.0,False,0.755,0.0,False,0.0008879023307436182,12,-2.0,2.0,0.0,2.0,True,False,1
837,layer3.conv2,element,3,"(14, 19, 6)",0,0.0,False,0.755,0.0,False,0.0008879023307436182,2,1.0,-1.0,0.0,2.0,True,False,1
838,layer3.conv2,element,2,"(5, 28, 12)",2,0.01,True,0.755,0.0,False,0.0008879023307436182,4,2.0,0.0,inf,1.0,False,False,1
839,layer3.conv2,element,0,"(9, 25, 2)",0,0.0,False,0.755,0.0,False,0.0008879023307436182,11,-1.5,-1.0,0.5849624872207642,0.3333333432674408,False,False,1
840,layer3.conv2,element,1,"(47, 17, 8)",0,0.0,False,0.755,0.0,False,0.0008879023307436182,1,0.5,1.5,1.5849624872207642,2.0,False,False,1
841,layer3.conv2,element,1,"(40, 10, 5)",0,0.0,False,0.755,0.0,False,0.0008879023307436182,12,-2.0,-4.0,1.0,1.0,False,False,1
842,layer3.conv2,element,2,"(14, 17, 8)",0,0.0,False,0.755,0.0,False,0.0008879023307436182,14,-4.0,-1.0,2.0,0.75,False,False,1
843,layer3.conv2,element,1,"(35, 16, 14)",0,0.0,False,0.755,0.0,False,0.0008879023307436182,14,-4.0,-2.0,1.0,0.5,False,False,1
844,layer3.conv2,element,2,"(36, 35, 6)",0,0.0,False,0.755,0.0,False,0.0008879023307436182,11,-1.5,-6.0,2.0,3.0,False,False,1
845,layer3.conv2,element,3,"(25, 4, 6)",0,0.0,False,0.755,0.0,False,0.0008879023307436182,0,0.0,-0.0,inf,0.0,True,False,1
846,layer3.conv2,element,3,"(19, 10, 3)",0,0.0,False,0.755,0.0,False,0.0008879023307436182,9,-0.5,0.5,0.0,2.0,True,False,1
847,layer3.conv2,element,2,"(35, 0, 10)",0,0.0,False,0.755,0.0,False,0.0008879023307436182,14,-4.0,-1.0,2.0,0.75,False,False,1
848,layer3.conv2,element,1,"(41, 11, 10)",0,0.0,False,0.755,0.0,False,0.0008879023307436182,11,-1.5,-0.5,1.5849624872207642,0.6666666865348816,False,False,1
849,layer3.conv2,element,3,"(40, 8, 12)",0,0.0,False,0.755,0.0,False,0.0008879023307436182,4,2.0,-2.0,0.0,2.0,True,False,1
850,layer3.conv2,element,2,"(44, 9, 6)",1,0.005,True,0.75,0.0050000000000000044,False,0.0008879023307436182,14,-4.0,-1.0,2.0,0.75,False,False,1
851,layer3.conv2,element,1,"(13, 30, 13)",0,0.0,False,0.755,0.0,False,0.0008879023307436182,6,4.0,2.0,1.0,0.5,False,False,1
852,layer3.conv2,element,0,"(62, 5, 13)",0,0.0,False,0.755,0.0,False,0.0008879023307436182,3,1.5,1.0,0.5849624872207642,0.3333333432674408,False,False,1
853,layer3.conv2,element,0,"(3, 20, 2)",1,0.005,True,0.75,0.0050000000000000044,False,0.0008879023307436182,6,4.0,6.0,0.5849626064300537,0.5,False,False,1
854,layer3.conv2,element,3,"(24, 11, 5)",0,0.0,False,0.755,0.0,False,0.0008879023307436182,15,-6.0,6.0,0.0,2.0,True,False,1
855,layer3.conv2,element,1,"(61, 20, 13)",0,0.0,False,0.755,0.0,False,0.0008879023307436182,2,1.0,0.0,inf,1.0,False,False,1
856,layer3.conv2,element,3,"(2, 4, 3)",0,0.0,False,0.755,0.0,False,0.0008879023307436182,10,-1.0,1.0,0.0,2.0,True,False,1
857,layer3.conv2,element,3,"(11, 31, 6)",0,0.0,False,0.755,0.0,False,0.0008879023307436182,12,-2.0,2.0,0.0,2.0,True,False,1
858,layer3.conv2,element,0,"(55, 2, 15)",0,0.0,False,0.755,0.0,False,0.0008879023307436182,7,6.0,4.0,0.5849626064300537,0.3333333432674408,False,False,1
859,layer3.conv2,element,0,"(15, 17, 6)",0,0.0,False,0.755,0.0,False,0.0008879023307436182,6,4.0,6.0,0.5849626064300537,0.5,False,False,1
860,layer3.conv2,element,3,"(18, 24, 1)",2,0.01,True,0.75,0.0050000000000000044,False,0.0008879023307436182,12,-2.0,2.0,0.0,2.0,True,False,1
861,layer3.conv2,element,0,"(45, 2, 7)",1,0.005,True,0.76,-0.0050000000000000044,False,0.0008879023307436182,4,2.0,3.0,0.5849624872207642,0.5,False,False,1
862,layer3.conv2,element,3,"(21, 1, 4)",0,0.0,False,0.755,0.0,False,0.0008879023307436182,11,-1.5,1.5,0.0,2.0,True,False,1
863,layer3.conv2,element,0,"(63, 3, 5)",0,0.0,False,0.755,0.0,False,0.0008879023307436182,13,-3.0,-2.0,0.5849624872207642,0.3333333432674408,False,False,1
864,layer3.conv2,element,3,"(7, 13, 12)",0,0.0,False,0.755,0.0,False,0.0008879023307436182,3,1.5,-1.5,0.0,2.0,True,False,1
865,layer3.conv2,element,0,"(7, 32, 11)",0,0.0,False,0.755,0.0,False,0.0008879023307436182,15,-6.0,-4.0,0.5849626064300537,0.3333333432674408,False,False,1
866,layer3.conv2,element,3,"(54, 27, 14)",0,0.0,False,0.755,0.0,False,0.0008879023307436182,6,4.0,-4.0,0.0,2.0,True,False,1
867,layer3.conv2,element,3,"(25, 27, 2)",1,0.005,True,0.75,0.0050000000000000044,False,0.0008879023307436182,12,-2.0,2.0,0.0,2.0,True,False,1
868,layer3.conv2,element,0,"(31, 8, 2)",0,0.0,False,0.755,0.0,False,0.0008879023307436182,3,1.5,1.0,0.5849624872207642,0.3333333432674408,False,False,1
869,layer3.conv2,element,3,"(54, 27, 13)",0,0.0,False,0.755,0.0,False,0.0008879023307436182,5,3.0,-3.0,0.0,2.0,True,False,1
870,layer3.conv2,element,3,"(42, 33, 9)",0,0.0,False,0.755,0.0,False,0.0008879023307436182,4,2.0,-2.0,0.0,2.0,True,False,1
871,layer3.conv2,element,0,"(5, 15, 10)",0,0.0,False,0.755,0.0,False,0.0008879023307436182,6,4.0,6.0,0.5849626064300537,0.5,False,False,1
872,layer3.conv2,element,1,"(45, 31, 13)",1,0.005,True,0.76,-0.0050000000000000044,False,0.0008879023307436182,4,2.0,4.0,1.0,1.0,False,False,1
873,layer3.conv2,element,3,"(16, 0, 12)",2,0.01,True,0.755,0.0,False,0.0008879023307436182,12,-2.0,2.0,0.0,2.0,True,False,1
874,layer3.conv2,element,3,"(45, 23, 0)",0,0.0,False,0.755,0.0,False,0.0008879023307436182,1,0.5,-0.5,0.0,2.0,True,False,1
875,layer3.conv2,element,1,"(39, 10, 0)",0,0.0,False,0.755,0.0,False,0.0008879023307436182,12,-2.0,-4.0,1.0,1.0,False,False,1
876,layer3.conv2,element,3,"(52, 9, 0)",0,0.0,False,0.755,0.0,False,0.0008879023307436182,9,-0.5,0.5,0.0,2.0,True,False,1
877,layer3.conv2,element,1,"(53, 2, 8)",0,0.0,False,0.755,0.0,False,0.0008879023307436182,1,0.5,1.5,1.5849624872207642,2.0,False,False,1
878,layer3.conv2,element,2,"(58, 15, 15)",0,0.0,False,0.755,0.0,False,0.0008879023307436182,6,4.0,1.0,2.0,0.75,False,False,1
879,layer3.conv2,element,1,"(6, 20, 7)",0,0.0,False,0.755,0.0,False,0.0008879023307436182,6,4.0,2.0,1.0,0.5,False,False,1
880,layer3.conv2,element,3,"(5, 33, 15)",0,0.0,False,0.755,0.0,False,0.0008879023307436182,8,-0.0,0.0,inf,0.0,True,False,1
881,layer3.conv2,element,2,"(26, 23, 4)",0,0.0,False,0.755,0.0,False,0.0008879023307436182,9,-0.5,-3.0,2.5849623680114746,5.0,False,False,1
882,layer3.conv2,element,3,"(24, 19, 6)",2,0.01,True,0.745,0.010000000000000009,False,0.0008879023307436182,3,1.5,-1.5,0.0,2.0,True,False,1
883,layer3.conv2,element,1,"(37, 32, 4)",1,0.005,True,0.76,-0.0050000000000000044,False,0.0008879023307436182,12,-2.0,-4.0,1.0,1.0,False,False,1
884,layer3.conv2,element,1,"(54, 11, 12)",0,0.0,False,0.755,0.0,False,0.0008879023307436182,10,-1.0,-0.0,inf,1.0,False,False,1
885,layer3.conv2,element,2,"(35, 0, 6)",0,0.0,False,0.755,0.0,False,0.0008879023307436182,12,-2.0,-0.0,inf,1.0,False,False,1
886,layer3.conv2,element,1,"(40, 26, 10)",0,0.0,False,0.755,0.0,False,0.0008879023307436182,0,0.0,1.0,inf,2.0,False,False,1
887,layer3.conv2,element,3,"(34, 9, 14)",0,0.0,False,0.755,0.0,False,0.0008879023307436182,1,0.5,-0.5,0.0,2.0,True,False,1
888,layer3.conv2,element,3,"(32, 32, 7)",1,0.005,True,0.76,-0.0050000000000000044,False,0.0008879023307436182,12,-2.0,2.0,0.0,2.0,True,False,1
889,layer3.conv2,element,3,"(63, 19, 14)",0,0.0,False,0.755,0.0,False,0.0008879023307436182,1,0.5,-0.5,0.0,2.0,True,False,1
890,layer3.conv2,element,1,"(37, 24, 7)",2,0.01,True,0.755,0.0,False,0.0008879023307436182,6,4.0,2.0,1.0,0.5,False,False,1
891,layer3.conv2,element,3,"(62, 35, 6)",0,0.0,False,0.755,0.0,False,0.0008879023307436182,9,-0.5,0.5,0.0,2.0,True,False,1
892,layer3.conv2,element,3,"(28, 0, 9)",0,0.0,False,0.755,0.0,False,0.0008879023307436182,14,-4.0,4.0,0.0,2.0,True,False,1
893,layer3.conv2,element,1,"(13, 16, 8)",0,0.0,False,0.755,0.0,False,0.0008879023307436182,14,-4.0,-2.0,1.0,0.5,False,False,1
894,layer3.conv2,element,0,"(41, 20, 0)",0,0.0,False,0.755,0.0,False,0.0008879023307436182,13,-3.0,-2.0,0.5849624872207642,0.3333333432674408,False,False,1
895,layer3.conv2,element,0,"(16, 12, 15)",1,0.005,True,0.75,0.0050000000000000044,False,0.0008879023307436182,6,4.0,6.0,0.5849626064300537,0.5,False,False,1
896,layer3.conv2,element,1,"(2, 19, 7)",0,0.0,False,0.755,0.0,False,0.0008879023307436182,5,3.0,6.0,1.0000001192092896,1.0,False,False,1
897,layer3.conv2,element,0,"(25, 21, 11)",0,0.0,False,0.755,0.0,False,0.0008879023307436182,5,3.0,2.0,0.5849624872207642,0.3333333432674408,False,False,1
898,layer3.conv2,element,1,"(40, 34, 8)",0,0.0,False,0.755,0.0,False,0.0008879023307436182,5,3.0,6.0,1.0000001192092896,1.0,False,False,1
899,layer3.conv2,element,1,"(6, 16, 10)",0,0.0,False,0.755,0.0,False,0.0008879023307436182,1,0.5,1.5,1.5849624872207642,2.0,False,False,1
900,layer3.conv2,element,1,"(22, 23, 14)",0,0.0,False,0.755,0.0,False,0.0008879023307436182,3,1.5,0.5,1.5849624872207642,0.6666666865348816,False,False,1
901,layer3.conv2,element,3,"(9, 13, 3)",1,0.005,True,0.755,0.0,False,0.0008879023307436182,14,-4.0,4.0,0.0,2.0,True,False,1
902,layer3.conv2,element,1,"(52, 5, 2)",1,0.005,True,0.76,-0.0050000000000000044,False,0.0008879023307436182,13,-3.0,-6.0,1.0000001192092896,1.0,False,False,1
903,layer3.conv2,element,0,"(36, 5, 12)",0,0.0,False,0.755,0.0,False,0.0008879023307436182,7,6.0,4.0,0.5849626064300537,0.3333333432674408,False,False,1
904,layer3.conv2,element,0,"(7, 33, 7)",0,0.0,False,0.755,0.0,False,0.0008879023307436182,4,2.0,3.0,0.5849624872207642,0.5,False,False,1
905,layer3.conv2,element,0,"(63, 5, 14)",0,0.0,False,0.755,0.0,False,0.0008879023307436182,11,-1.5,-1.0,0.5849624872207642,0.3333333432674408,False,False,1
906,layer3.conv2,element,0,"(14, 3, 14)",0,0.0,False,0.755,0.0,False,0.0008879023307436182,1,0.5,0.0,inf,1.0,False,False,1
907,layer3.conv2,element,1,"(18, 28, 14)",0,0.0,False,0.755,0.0,False,0.0008879023307436182,6,4.0,2.0,1.0,0.5,False,False,1
908,layer3.conv2,element,1,"(40, 29, 6)",0,0.0,False,0.755,0.0,False,0.0008879023307436182,15,-6.0,-3.0,1.0000001192092896,0.5,False,False,1
909,layer3.conv2,element,3,"(12, 25, 3)",0,0.0,False,0.755,0.0,False,0.0008879023307436182,9,-0.5,0.5,0.0,2.0,True,False,1
910,layer3.conv2,element,0,"(54, 2, 14)",0,0.0,False,0.755,0.0,False,0.0008879023307436182,5,3.0,2.0,0.5849624872207642,0.3333333432674408,False,False,1
911,layer3.conv2,element,3,"(39, 16, 7)",0,0.0,False,0.755,0.0,False,0.0008879023307436182,10,-1.0,1.0,0.0,2.0,True,False,1
912,layer3.conv2,element,1,"(16, 31, 6)",0,0.0,False,0.755,0.0,False,0.0008879023307436182,12,-2.0,-4.0,1.0,1.0,False,False,1
913,layer3.conv2,element,2,"(19, 1, 7)",0,0.0,False,0.755,0.0,False,0.0008879023307436182,13,-3.0,-0.5,2.5849623680114746,0.8333333134651184,False,False,1
914,layer3.conv2,element,1,"(11, 1, 11)",1,0.005,True,0.76,-0.0050000000000000044,False,0.0008879023307436182,12,-2.0,-4.0,1.0,1.0,False,False,1
915,layer3.conv2,element,1,"(0, 31, 5)",0,0.0,False,0.755,0.0,False,0.0008879023307436182,13,-3.0,-6.0,1.0000001192092896,1.0,False,False,1
916,layer3.conv2,element,3,"(2, 8, 6)",1,0.005,True,0.76,-0.0050000000000000044,False,0.0008879023307436182,7,6.0,-6.0,0.0,2.0,True,False,1
917,layer3.conv2,element,1,"(5, 35, 14)",0,0.0,False,0.755,0.0,False,0.0008879023307436182,14,-4.0,-2.0,1.0,0.5,False,False,1
918,layer3.conv2,element,1,"(40, 8, 5)",1,0.005,True,0.75,0.0050000000000000044,False,0.0008879023307436182,4,2.0,4.0,1.0,1.0,False,False,1
919,layer3.conv2,element,1,"(56, 6, 5)",1,0.005,True,0.75,0.0050000000000000044,False,0.0008879023307436182,11,-1.5,-0.5,1.5849624872207642,0.6666666865348816,False,False,1
920,layer3.conv2,element,2,"(58, 6, 3)",0,0.0,False,0.755,0.0,False,0.0008879023307436182,4,2.0,0.0,inf,1.0,False,False,1
921,layer3.conv2,element,1,"(6, 34, 8)",0,0.0,False,0.755,0.0,False,0.0008879023307436182,8,-0.0,-1.0,inf,2.0,False,False,1
922,layer3.conv2,element,3,"(45, 2, 8)",0,0.0,False,0.755,0.0,False,0.0008879023307436182,8,-0.0,0.0,inf,0.0,True,False,1
923,layer3.conv2,element,2,"(41, 1, 13)",0,0.0,False,0.755,0.0,False,0.0008879023307436182,4,2.0,0.0,inf,1.0,False,False,1
924,layer3.conv2,element,1,"(4, 26, 14)",0,0.0,False,0.755,0.0,False,0.0008879023307436182,3,1.5,0.5,1.5849624872207642,0.6666666865348816,False,False,1
925,layer3.conv2,element,0,"(26, 28, 11)",0,0.0,False,0.755,0.0,False,0.0008879023307436182,8,-0.0,-0.5,inf,1.0,False,False,1
926,layer3.conv2,element,1,"(1, 10, 7)",0,0.0,False,0.755,0.0,False,0.0008879023307436182,3,1.5,0.5,1.5849624872207642,0.6666666865348816,False,False,1
927,layer3.conv2,element,0,"(49, 8, 14)",0,0.0,False,0.755,0.0,False,0.0008879023307436182,12,-2.0,-3.0,0.5849624872207642,0.5,False,False,1
928,layer3.conv2,element,2,"(39, 23, 6)",1,0.005,True,0.75,0.0050000000000000044,False,0.0008879023307436182,12,-2.0,-0.0,inf,1.0,False,False,1
929,layer3.conv2,element,3,"(32, 21, 0)",0,0.0,False,0.755,0.0,False,0.0008879023307436182,7,6.0,-6.0,0.0,2.0,True,False,1
930,layer3.conv2,element,3,"(28, 29, 13)",0,0.0,False,0.755,0.0,False,0.0008879023307436182,6,4.0,-4.0,0.0,2.0,True,False,1
931,layer3.conv2,element,3,"(14, 27, 15)",0,0.0,False,0.755,0.0,False,0.0008879023307436182,4,2.0,-2.0,0.0,2.0,True,False,1
932,layer3.conv2,element,1,"(24, 11, 14)",1,0.005,True,0.75,0.0050000000000000044,False,0.0008879023307436182,13,-3.0,-6.0,1.0000001192092896,1.0,False,False,1
933,layer3.conv2,element,0,"(13, 18, 8)",0,0.0,False,0.755,0.0,False,0.0008879023307436182,2,1.0,1.5,0.5849624872207642,0.5,False,False,1
934,layer3.conv2,element,2,"(16, 16, 5)",2,0.01,True,0.755,0.0,False,0.0008879023307436182,13,-3.0,-0.5,2.5849623680114746,0.8333333134651184,False,False,1
935,layer3.conv2,element,2,"(15, 1, 15)",1,0.005,True,0.755,0.0,False,0.0008879023307436182,10,-1.0,-4.0,2.0,3.0,False,False,1
936,layer3.conv2,element,1,"(1, 29, 2)",0,0.0,False,0.755,0.0,False,0.0008879023307436182,12,-2.0,-4.0,1.0,1.0,False,False,1
937,layer3.conv2,element,2,"(14, 34, 7)",0,0.0,False,0.755,0.0,False,0.0008879023307436182,4,2.0,0.0,inf,1.0,False,False,1
938,layer3.conv2,element,2,"(47, 35, 13)",2,0.01,True,0.755,0.0,False,0.0008879023307436182,6,4.0,1.0,2.0,0.75,False,False,1
939,layer3.conv2,element,1,"(16, 1, 14)",0,0.0,False,0.755,0.0,False,0.0008879023307436182,9,-0.5,-1.5,1.5849624872207642,2.0,False,False,1
940,layer3.conv2,element,2,"(4, 23, 15)",0,0.0,False,0.755,0.0,False,0.0008879023307436182,0,0.0,2.0,inf,4.0,False,False,1
941,layer3.conv2,element,1,"(19, 5, 11)",1,0.005,True,0.76,-0.0050000000000000044,False,0.0008879023307436182,6,4.0,2.0,1.0,0.5,False,False,1
942,layer3.conv2,element,1,"(35, 21, 1)",0,0.0,False,0.755,0.0,False,0.0008879023307436182,13,-3.0,-6.0,1.0000001192092896,1.0,False,False,1
943,layer3.conv2,element,0,"(38, 10, 1)",0,0.0,False,0.755,0.0,False,0.0008879023307436182,11,-1.5,-1.0,0.5849624872207642,0.3333333432674408,False,False,1
944,layer3.conv2,element,0,"(42, 35, 12)",0,0.0,False,0.755,0.0,False,0.0008879023307436182,6,4.0,6.0,0.5849626064300537,0.5,False,False,1
945,layer3.conv2,element,0,"(33, 27, 15)",0,0.0,False,0.755,0.0,False,0.0008879023307436182,5,3.0,2.0,0.5849624872207642,0.3333333432674408,False,False,1
946,layer3.conv2,element,0,"(36, 20, 9)",0,0.0,False,0.755,0.0,False,0.0008879023307436182,9,-0.5,-0.0,inf,1.0,False,False,1
947,layer3.conv2,element,0,"(4, 14, 5)",0,0.0,False,0.755,0.0,False,0.0008879023307436182,1,0.5,0.0,inf,1.0,False,False,1
948,layer3.conv2,element,0,"(10, 5, 11)",0,0.0,False,0.755,0.0,False,0.0008879023307436182,4,2.0,3.0,0.5849624872207642,0.5,False,False,1
949,layer3.conv2,element,3,"(26, 33, 5)",0,0.0,False,0.755,0.0,False,0.0008879023307436182,1,0.5,-0.5,0.0,2.0,True,False,1
950,layer3.conv2,element,3,"(2, 31, 9)",3,0.015,True,0.745,0.010000000000000009,False,0.0008879023307436182,15,-6.0,6.0,0.0,2.0,True,False,1
951,layer3.conv2,element,2,"(59, 18, 10)",0,0.0,False,0.755,0.0,False,0.0008879023307436182,1,0.5,3.0,2.5849623680114746,5.0,False,False,1
952,layer3.conv2,element,2,"(35, 34, 0)",0,0.0,False,0.755,0.0,False,0.0008879023307436182,12,-2.0,-0.0,inf,1.0,False,False,1
953,layer3.conv2,element,1,"(60, 4, 13)",0,0.0,False,0.755,0.0,False,0.0008879023307436182,1,0.5,1.5,1.5849624872207642,2.0,False,False,1
954,layer3.conv2,element,3,"(1, 31, 7)",0,0.0,False,0.755,0.0,False,0.0008879023307436182,6,4.0,-4.0,0.0,2.0,True,False,1
955,layer3.conv2,element,0,"(20, 16, 8)",0,0.0,False,0.755,0.0,False,0.0008879023307436182,6,4.0,6.0,0.5849626064300537,0.5,False,False,1
956,layer3.conv2,element,1,"(52, 29, 4)",0,0.0,False,0.755,0.0,False,0.0008879023307436182,0,0.0,1.0,inf,2.0,False,False,1
957,layer3.conv2,element,1,"(9, 34, 5)",0,0.0,False,0.755,0.0,False,0.0008879023307436182,0,0.0,1.0,inf,2.0,False,False,1
958,layer3.conv2,element,2,"(41, 14, 11)",0,0.0,False,0.755,0.0,False,0.0008879023307436182,8,-0.0,-2.0,inf,4.0,False,False,1
959,layer3.conv2,element,0,"(18, 26, 8)",0,0.0,False,0.755,0.0,False,0.0008879023307436182,7,6.0,4.0,0.5849626064300537,0.3333333432674408,False,False,1
960,layer3.conv2,element,2,"(5, 11, 9)",0,0.0,False,0.755,0.0,False,0.0008879023307436182,11,-1.5,-6.0,2.0,3.0,False,False,1
961,layer3.conv2,element,0,"(8, 17, 11)",0,0.0,False,0.755,0.0,False,0.0008879023307436182,1,0.5,0.0,inf,1.0,False,False,1
962,layer3.conv2,element,0,"(10, 3, 1)",0,0.0,False,0.755,0.0,False,0.0008879023307436182,9,-0.5,-0.0,inf,1.0,False,False,1
963,layer3.conv2,element,3,"(16, 19, 11)",0,0.0,False,0.755,0.0,False,0.0008879023307436182,11,-1.5,1.5,0.0,2.0,True,False,1
964,layer3.conv2,element,2,"(50, 10, 11)",0,0.0,False,0.755,0.0,False,0.0008879023307436182,15,-6.0,-1.5,2.0,0.75,False,False,1
965,layer3.conv2,element,3,"(59, 6, 11)",0,0.0,False,0.755,0.0,False,0.0008879023307436182,11,-1.5,1.5,0.0,2.0,True,False,1
966,layer3.conv2,element,2,"(41, 10, 14)",0,0.0,False,0.755,0.0,False,0.0008879023307436182,14,-4.0,-1.0,2.0,0.75,False,False,1
967,layer3.shortcut.0,element,1,"(57, 0, 6)",2,0.01,True,0.755,0.0,False,0.0009049773755656109,12,-2.0,-4.0,1.0,1.0,False,False,1
968,layer3.shortcut.0,element,1,"(27, 1, 4)",1,0.005,True,0.75,0.0050000000000000044,False,0.0009049773755656109,12,-2.0,-4.0,1.0,1.0,False,False,1
969,layer3.shortcut.0,element,0,"(35, 0, 11)",0,0.0,False,0.755,0.0,False,0.0009049773755656109,8,-0.0,-0.5,inf,1.0,False,False,1
970,layer3.shortcut.0,element,3,"(22, 0, 11)",2,0.01,True,0.755,0.0,False,0.0009049773755656109,13,-3.0,3.0,0.0,2.0,True,False,1
971,layer3.shortcut.0,element,2,"(26, 0, 2)",0,0.0,False,0.755,0.0,False,0.0009049773755656109,6,4.0,1.0,2.0,0.75,False,False,1
972,layer3.shortcut.0,element,2,"(15, 0, 3)",0,0.0,False,0.755,0.0,False,0.0009049773755656109,12,-2.0,-0.0,inf,1.0,False,False,1
973,layer3.shortcut.0,element,0,"(44, 1, 8)",0,0.0,False,0.755,0.0,False,0.0009049773755656109,14,-4.0,-6.0,0.5849626064300537,0.5,False,False,1
974,layer3.shortcut.0,element,0,"(4, 1, 13)",0,0.0,False,0.755,0.0,False,0.0009049773755656109,11,-1.5,-1.0,0.5849624872207642,0.3333333432674408,False,False,1
975,layer3.shortcut.0,element,1,"(50, 1, 3)",1,0.005,True,0.76,-0.0050000000000000044,False,0.0009049773755656109,11,-1.5,-0.5,1.5849624872207642,0.6666666865348816,False,False,1
976,layer3.shortcut.0,element,0,"(38, 0, 10)",0,0.0,False,0.755,0.0,False,0.0009049773755656109,10,-1.0,-1.5,0.5849624872207642,0.5,False,False,1
977,layer3.shortcut.0,element,3,"(22, 0, 6)",3,0.015,True,0.755,0.0,False,0.0009049773755656109,12,-2.0,2.0,0.0,2.0,True,False,1
978,layer3.shortcut.0,element,1,"(12, 1, 2)",1,0.005,True,0.755,0.0,False,0.0009049773755656109,2,1.0,0.0,inf,1.0,False,False,1
979,layer3.shortcut.0,element,3,"(22, 0, 12)",2,0.01,True,0.755,0.0,False,0.0009049773755656109,10,-1.0,1.0,0.0,2.0,True,False,1
980,layer3.shortcut.0,element,0,"(5, 0, 5)",1,0.005,True,0.76,-0.0050000000000000044,False,0.0009049773755656109,3,1.5,1.0,0.5849624872207642,0.3333333432674408,False,False,1
981,layer3.shortcut.0,element,1,"(16, 1, 13)",0,0.0,False,0.755,0.0,False,0.0009049773755656109,7,6.0,3.0,1.0000001192092896,0.5,False,False,1
982,layer3.shortcut.0,element,3,"(62, 1, 14)",3,0.015,True,0.745,0.010000000000000009,False,0.0009049773755656109,11,-1.5,1.5,0.0,2.0,True,False,1
983,layer3.shortcut.0,element,0,"(33, 1, 1)",0,0.0,False,0.755,0.0,False,0.0009049773755656109,14,-4.0,-6.0,0.5849626064300537,0.5,False,False,1
984,layer3.shortcut.0,element,3,"(56, 1, 15)",1,0.005,True,0.755,0.0,False,0.0009049773755656109,4,2.0,-2.0,0.0,2.0,True,False,1
985,layer3.shortcut.0,element,3,"(25, 0, 1)",0,0.0,False,0.755,0.0,False,0.0009049773755656109,1,0.5,-0.5,0.0,2.0,True,False,1
986,layer3.shortcut.0,element,2,"(23, 0, 3)",0,0.0,False,0.755,0.0,False,0.0009049773755656109,14,-4.0,-1.0,2.0,0.75,False,False,1
987,layer3.shortcut.0,element,2,"(20, 1, 5)",2,0.01,True,0.745,0.010000000000000009,False,0.0009049773755656109,7,6.0,1.5,2.0,0.75,False,False,1
988,layer3.shortcut.0,element,1,"(30, 0, 4)",0,0.0,False,0.755,0.0,False,0.0009049773755656109,12,-2.0,-4.0,1.0,1.0,False,False,1
989,layer3.shortcut.0,element,3,"(25, 0, 15)",0,0.0,False,0.755,0.0,False,0.0009049773755656109,12,-2.0,2.0,0.0,2.0,True,False,1
990,layer3.shortcut.0,element,0,"(13, 0, 3)",0,0.0,False,0.755,0.0,False,0.0009049773755656109,10,-1.0,-1.5,0.5849624872207642,0.5,False,False,1
991,layer3.shortcut.0,element,1,"(0, 0, 0)",0,0.0,False,0.755,0.0,False,0.0009049773755656109,0,0.0,1.0,inf,2.0,False,False,1
992,layer3.shortcut.0,element,0,"(63, 0, 4)",0,0.0,False,0.755,0.0,False,0.0009049773755656109,9,-0.5,-0.0,inf,1.0,False,False,1
993,fc,element,2,"(7, 3, 3)",2,0.01,True,0.75,0.0050000000000000044,False,0.0010504201680672268,9,-0.5,-3.0,2.5849623680114746,5.0,False,False,1
994,fc,element,2,"(5, 2, 10)",13,0.065,True,0.72,0.03500000000000003,False,0.0010504201680672268,3,1.5,6.0,2.0,3.0,False,False,1
995,fc,element,3,"(8, 0, 12)",3,0.015,True,0.75,0.0050000000000000044,False,0.0010504201680672268,14,-4.0,4.0,0.0,2.0,True,False,1
996,fc,element,3,"(1, 2, 4)",2,0.01,True,0.755,0.0,False,0.0010504201680672268,5,3.0,-3.0,0.0,2.0,True,False,1
997,fc,element,2,"(0, 0, 0)",2,0.01,True,0.755,0.0,False,0.0010504201680672268,5,3.0,0.5,2.5849623680114746,0.8333333134651184,False,False,1
998,fc,element,1,"(2, 0, 12)",1,0.005,True,0.755,0.0,False,0.0010504201680672268,11,-1.5,-0.5,1.5849624872207642,0.6666666865348816,False,False,1
999,fc,element,3,"(4, 2, 4)",0,0.0,False,0.755,0.0,False,0.0010504201680672268,8,-0.0,0.0,inf,0.0,True,False,1
1000,conv1,scale,1,"(14, 1)",77,0.385,True,0.5,0.255,False,0.00010504201680672268,124,124.0,126.0,2.0,inf,False,False,16
1001,conv1,scale,7,"(13, 0)",195,0.975,True,0.025,0.73,True,0.00010504201680672268,122,122.0,250.0,128.0,inf,False,False,16
1002,conv1,scale,6,"(10, 0)",14,0.07,True,0.745,0.010000000000000009,False,0.00010504201680672268,121,121.0,57.0,64.0,inf,False,False,16
1003,conv1,scale,6,"(6, 1)",20,0.1,True,0.765,-0.010000000000000009,False,0.00010504201680672268,124,124.0,60.0,64.0,inf,False,False,16
1004,conv1,scale,4,"(2, 1)",12,0.06,True,0.735,0.020000000000000018,False,0.00010504201680672268,123,123.0,107.0,16.0,inf,False,False,16
1005,conv1,scale,1,"(5, 1)",1,0.005,True,0.755,0.0,False,0.00010504201680672268,123,123.0,121.0,2.0,inf,False,False,16
1006,conv1,scale,7,"(11, 0)",200,1.0,True,0.0,0.755,True,0.00010504201680672268,123,123.0,251.0,128.0,inf,False,False,16
1007,layer1.conv1,scale,3,"(5, 5)",7,0.035,True,0.74,0.015000000000000013,False,0.00011029411764705883,120,120.0,112.0,8.0,inf,False,False,16
1008,layer1.conv1,scale,2,"(7, 8)",23,0.115,True,0.72,0.03500000000000003,False,0.00011029411764705883,123,123.0,127.0,4.0,inf,False,False,16
1009,layer1.conv1,scale,2,"(0, 6)",25,0.125,True,0.75,0.0050000000000000044,False,0.00011029411764705883,121,121.0,125.0,4.0,inf,False,False,16
1010,layer1.conv1,scale,4,"(14, 0)",9,0.045,True,0.76,-0.0050000000000000044,False,0.00011029411764705883,121,121.0,105.0,16.0,inf,False,False,16
1011,layer1.conv1,scale,7,"(8, 5)",194,0.97,True,0.015,0.74,True,0.00011029411764705883,121,121.0,249.0,128.0,inf,False,False,16
1012,layer1.conv1,scale,3,"(11, 5)",8,0.04,True,0.74,0.015000000000000013,False,0.00011029411764705883,122,122.0,114.0,8.0,inf,False,False,16
1013,layer1.conv1,scale,2,"(2, 3)",27,0.135,True,0.695,0.06000000000000005,False,0.00011029411764705883,121,121.0,125.0,4.0,inf,False,False,16
1014,layer1.conv1,scale,6,"(9, 1)",73,0.365,True,0.51,0.245,False,0.00011029411764705883,123,123.0,59.0,64.0,inf,False,False,16
1015,layer1.conv1,scale,7,"(10, 4)",197,0.985,True,0.015,0.74,True,0.00011029411764705883,123,123.0,251.0,128.0,inf,False,False,16
1016,layer1.conv1,scale,7,"(11, 7)",200,1.0,True,0.0,0.755,True,0.00011029411764705883,122,122.0,250.0,128.0,inf,False,False,16
1017,layer1.conv1,scale,1,"(14, 0)",8,0.04,True,0.74,0.015000000000000013,False,0.00011029411764705883,121,121.0,123.0,2.0,inf,False,False,16
1018,layer1.conv1,scale,4,"(11, 6)",7,0.035,True,0.755,0.0,False,0.00011029411764705883,123,123.0,107.0,16.0,inf,False,False,16
1019,layer1.conv1,scale,7,"(14, 3)",200,1.0,True,0.0,0.755,True,0.00011029411764705883,122,122.0,250.0,128.0,inf,False,False,16
1020,layer1.conv1,scale,0,"(0, 6)",2,0.01,True,0.75,0.0050000000000000044,False,0.00011029411764705883,121,121.0,120.0,1.0,inf,False,False,16
1021,layer1.conv1,scale,5,"(8, 6)",16,0.08,True,0.76,-0.0050000000000000044,False,0.00011029411764705883,122,122.0,90.0,32.0,inf,False,False,16
1022,layer1.conv1,scale,7,"(12, 8)",176,0.88,True,0.095,0.66,False,0.00011029411764705883,122,122.0,250.0,128.0,inf,False,False,16
1023,layer1.conv1,scale,1,"(15, 2)",35,0.175,True,0.71,0.04500000000000004,False,0.00011029411764705883,123,123.0,121.0,2.0,inf,False,False,16
1024,layer1.conv1,scale,4,"(1, 6)",8,0.04,True,0.745,0.010000000000000009,False,0.00011029411764705883,122,122.0,106.0,16.0,inf,False,False,16
1025,layer1.conv1,scale,5,"(4, 5)",7,0.035,True,0.75,0.0050000000000000044,False,0.00011029411764705883,121,121.0,89.0,32.0,inf,False,False,16
1026,layer1.conv1,scale,1,"(8, 5)",7,0.035,True,0.735,0.020000000000000018,False,0.00011029411764705883,121,121.0,123.0,2.0,inf,False,False,16
1027,layer1.conv1,scale,1,"(8, 3)",1,0.005,True,0.75,0.0050000000000000044,False,0.00011029411764705883,122,122.0,120.0,2.0,inf,False,False,16
1028,layer1.conv1,scale,5,"(7, 7)",5,0.025,True,0.735,0.020000000000000018,False,0.00011029411764705883,123,123.0,91.0,32.0,inf,False,False,16
1029,layer1.conv1,scale,3,"(7, 7)",5,0.025,True,0.735,0.020000000000000018,False,0.00011029411764705883,123,123.0,115.0,8.0,inf,False,False,16
1030,layer1.conv1,scale,3,"(12, 1)",9,0.045,True,0.755,0.0,False,0.00011029411764705883,123,123.0,115.0,8.0,inf,False,False,16
1031,layer1.conv1,scale,2,"(0, 6)",25,0.125,True,0.75,0.0050000000000000044,False,0.00011029411764705883,121,121.0,125.0,4.0,inf,False,False,16
1032,layer1.conv1,scale,1,"(3, 4)",8,0.04,True,0.735,0.020000000000000018,False,0.00011029411764705883,122,122.0,120.0,2.0,inf,False,False,16
1033,layer1.conv1,scale,5,"(9, 1)",73,0.365,True,0.51,0.245,False,0.00011029411764705883,123,123.0,91.0,32.0,inf,False,False,16
1034,layer1.conv1,scale,2,"(11, 1)",183,0.915,True,0.12,0.635,False,0.00011029411764705883,122,122.0,126.0,4.0,inf,False,False,16
1035,layer1.conv1,scale,1,"(8, 1)",16,0.08,True,0.725,0.030000000000000027,False,0.00011029411764705883,121,121.0,123.0,2.0,inf,False,False,16
1036,layer1.conv1,scale,4,"(12, 5)",6,0.03,True,0.74,0.015000000000000013,False,0.00011029411764705883,122,122.0,106.0,16.0,inf,False,False,16
1037,layer1.conv2,scale,2,"(3, 8)",50,0.25,True,0.73,0.025000000000000022,False,0.00011029411764705883,122,122.0,126.0,4.0,inf,False,False,16
1038,layer1.conv2,scale,0,"(5, 3)",24,0.12,True,0.76,-0.0050000000000000044,False,0.00011029411764705883,122,122.0,123.0,1.0,inf,False,False,16
1039,layer1.conv2,scale,1,"(2, 8)",5,0.025,True,0.75,0.0050000000000000044,False,0.00011029411764705883,122,122.0,120.0,2.0,inf,False,False,16
1040,layer1.conv2,scale,3,"(2, 2)",18,0.09,True,0.73,0.025000000000000022,False,0.00011029411764705883,123,123.0,115.0,8.0,inf,False,False,16
1041,layer1.conv2,scale,1,"(7, 5)",3,0.015,True,0.745,0.010000000000000009,False,0.00011029411764705883,122,122.0,120.0,2.0,inf,False,False,16
1042,layer1.conv2,scale,5,"(0, 8)",10,0.05,True,0.755,0.0,False,0.00011029411764705883,122,122.0,90.0,32.0,inf,False,False,16
1043,layer1.conv2,scale,6,"(14, 4)",14,0.07,True,0.74,0.015000000000000013,False,0.00011029411764705883,122,122.0,58.0,64.0,inf,False,False,16
1044,layer1.conv2,scale,1,"(6, 1)",14,0.07,True,0.705,0.050000000000000044,False,0.00011029411764705883,123,123.0,121.0,2.0,inf,False,False,16
1045,layer1.conv2,scale,2,"(6, 2)",123,0.615,True,0.35,0.405,False,0.00011029411764705883,122,122.0,126.0,4.0,inf,False,False,16
1046,layer1.conv2,scale,0,"(11, 6)",5,0.025,True,0.735,0.020000000000000018,False,0.00011029411764705883,122,122.0,123.0,1.0,inf,False,False,16
1047,layer1.conv2,scale,5,"(4, 6)",5,0.025,True,0.76,-0.0050000000000000044,False,0.00011029411764705883,120,120.0,88.0,32.0,inf,False,False,16
1048,layer1.conv2,scale,4,"(5, 4)",21,0.105,True,0.77,-0.015000000000000013,False,0.00011029411764705883,122,122.0,106.0,16.0,inf,False,False,16
1049,layer1.conv2,scale,3,"(6, 3)",17,0.085,True,0.77,-0.015000000000000013,False,0.00011029411764705883,122,122.0,114.0,8.0,inf,False,False,16
1050,layer1.conv2,scale,0,"(6, 5)",3,0.015,True,0.755,0.0,False,0.00011029411764705883,123,123.0,122.0,1.0,inf,False,False,16
1051,layer1.conv2,scale,4,"(4, 0)",16,0.08,True,0.735,0.020000000000000018,False,0.00011029411764705883,121,121.0,105.0,16.0,inf,False,False,16
1052,layer1.conv2,scale,1,"(12, 7)",11,0.055,True,0.73,0.025000000000000022,False,0.00011029411764705883,122,122.0,120.0,2.0,inf,False,False,16
1053,layer1.conv2,scale,0,"(3, 5)",4,0.02,True,0.765,-0.010000000000000009,False,0.00011029411764705883,122,122.0,123.0,1.0,inf,False,False,16
1054,layer1.conv2,scale,0,"(10, 2)",18,0.09,True,0.715,0.040000000000000036,False,0.00011029411764705883,123,123.0,122.0,1.0,inf,False,False,16
1055,layer1.conv2,scale,0,"(6, 0)",15,0.075,True,0.765,-0.010000000000000009,False,0.00011029411764705883,123,123.0,122.0,1.0,inf,False,False,16
1056,layer1.conv2,scale,5,"(15, 6)",20,0.1,True,0.775,-0.020000000000000018,False,0.00011029411764705883,123,123.0,91.0,32.0,inf,False,False,16
1057,layer1.conv2,scale,4,"(12, 4)",24,0.12,True,0.675,0.07999999999999996,False,0.00011029411764705883,122,122.0,106.0,16.0,inf,False,False,16
1058,layer1.conv2,scale,0,"(13, 3)",15,0.075,True,0.735,0.020000000000000018,False,0.00011029411764705883,122,122.0,123.0,1.0,inf,False,False,16
1059,layer1.conv2,scale,2,"(7, 0)",29,0.145,True,0.695,0.06000000000000005,False,0.00011029411764705883,122,122.0,126.0,4.0,inf,False,False,16
1060,layer1.conv2,scale,7,"(15, 0)",200,1.0,True,0.0,0.755,True,0.00011029411764705883,122,122.0,250.0,128.0,inf,False,False,16
1061,layer1.conv2,scale,7,"(7, 5)",176,0.88,True,0.105,0.65,True,0.00011029411764705883,122,122.0,250.0,128.0,inf,False,False,16
1062,layer1.conv2,scale,4,"(8, 1)",55,0.275,True,0.64,0.11499999999999999,False,0.00011029411764705883,124,124.0,108.0,16.0,inf,False,False,16
1063,layer1.conv2,scale,0,"(12, 5)",25,0.125,True,0.745,0.010000000000000009,False,0.00011029411764705883,122,122.0,123.0,1.0,inf,False,False,16
1064,layer1.conv2,scale,3,"(12, 3)",25,0.125,True,0.68,0.07499999999999996,False,0.00011029411764705883,122,122.0,114.0,8.0,inf,False,False,16
1065,layer1.conv2,scale,6,"(2, 6)",20,0.1,True,0.73,0.025000000000000022,False,0.00011029411764705883,122,122.0,58.0,64.0,inf,False,False,16
1066,layer1.conv2,scale,1,"(15, 8)",4,0.02,True,0.75,0.0050000000000000044,False,0.00011029411764705883,121,121.0,123.0,2.0,inf,False,False,16
1067,layer2.conv1,scale,6,"(7, 3)",17,0.085,True,0.73,0.025000000000000022,False,0.00011029411764705883,122,122.0,58.0,64.0,inf,False,False,16
1068,layer2.conv1,scale,1,"(12, 5)",3,0.015,True,0.745,0.010000000000000009,False,0.00011029411764705883,122,122.0,120.0,2.0,inf,False,False,16
1069,layer2.conv1,scale,0,"(7, 1)",9,0.045,True,0.755,0.0,False,0.00011029411764705883,121,121.0,120.0,1.0,inf,False,False,16
1070,layer2.conv1,scale,3,"(8, 1)",9,0.045,True,0.745,0.010000000000000009,False,0.00011029411764705883,122,122.0,114.0,8.0,inf,False,False,16
1071,layer2.conv1,scale,7,"(13, 3)",200,1.0,True,0.0,0.755,True,0.00011029411764705883,122,122.0,250.0,128.0,inf,False,False,16
1072,layer2.conv1,scale,5,"(27, 6)",8,0.04,True,0.755,0.0,False,0.00011029411764705883,122,122.0,90.0,32.0,inf,False,False,16
1073,layer2.conv1,scale,1,"(29, 4)",18,0.09,True,0.69,0.06500000000000006,False,0.00011029411764705883,123,123.0,121.0,2.0,inf,False,False,16
1074,layer2.conv1,scale,1,"(16, 2)",12,0.06,True,0.715,0.040000000000000036,False,0.00011029411764705883,122,122.0,120.0,2.0,inf,False,False,16
1075,layer2.conv1,scale,1,"(8, 0)",1,0.005,True,0.755,0.0,False,0.00011029411764705883,123,123.0,121.0,2.0,inf,False,False,16
1076,layer2.conv1,scale,2,"(0, 5)",182,0.91,True,0.105,0.65,False,0.00011029411764705883,122,122.0,126.0,4.0,inf,False,False,16
1077,layer2.conv1,scale,4,"(23, 5)",3,0.015,True,0.75,0.0050000000000000044,False,0.00011029411764705883,121,121.0,105.0,16.0,inf,False,False,16
1078,layer2.conv1,scale,6,"(29, 8)",28,0.14,True,0.735,0.020000000000000018,False,0.00011029411764705883,121,121.0,57.0,64.0,inf,False,False,16
1079,layer2.conv1,scale,5,"(16, 7)",6,0.03,True,0.75,0.0050000000000000044,False,0.00011029411764705883,122,122.0,90.0,32.0,inf,False,False,16
1080,layer2.conv1,scale,5,"(31, 5)",13,0.065,True,0.75,0.0050000000000000044,False,0.00011029411764705883,122,122.0,90.0,32.0,inf,False,False,16
1081,layer2.conv1,scale,2,"(31, 7)",174,0.87,True,0.125,0.63,False,0.00011029411764705883,122,122.0,126.0,4.0,inf,False,False,16
1082,layer2.conv1,scale,4,"(31, 6)",7,0.035,True,0.75,0.0050000000000000044,False,0.00011029411764705883,122,122.0,106.0,16.0,inf,False,False,16
1083,layer2.conv1,scale,2,"(27, 6)",39,0.195,True,0.675,0.07999999999999996,False,0.00011029411764705883,122,122.0,126.0,4.0,inf,False,False,16
1084,layer2.conv1,scale,6,"(8, 6)",6,0.03,True,0.75,0.0050000000000000044,False,0.00011029411764705883,122,122.0,58.0,64.0,inf,False,False,16
1085,layer2.conv1,scale,2,"(26, 2)",13,0.065,True,0.765,-0.010000000000000009,False,0.00011029411764705883,121,121.0,125.0,4.0,inf,False,False,16
1086,layer2.conv1,scale,1,"(16, 0)",7,0.035,True,0.76,-0.0050000000000000044,False,0.00011029411764705883,123,123.0,121.0,2.0,inf,False,False,16
1087,layer2.conv1,scale,4,"(24, 7)",10,0.05,True,0.75,0.0050000000000000044,False,0.00011029411764705883,121,121.0,105.0,16.0,inf,False,False,16
1088,layer2.conv1,scale,7,"(22, 8)",200,1.0,True,0.0,0.755,True,0.00011029411764705883,122,122.0,250.0,128.0,inf,False,False,16
1089,layer2.conv1,scale,1,"(11, 5)",57,0.285,True,0.665,0.08999999999999997,False,0.00011029411764705883,121,121.0,123.0,2.0,inf,False,False,16
1090,layer2.conv1,scale,2,"(3, 4)",125,0.625,True,0.365,0.39,False,0.00011029411764705883,121,121.0,125.0,4.0,inf,False,False,16
1091,layer2.conv1,scale,2,"(26, 5)",161,0.805,True,0.17,0.585,False,0.00011029411764705883,122,122.0,126.0,4.0,inf,False,False,16
1092,layer2.conv1,scale,7,"(13, 6)",120,0.6,True,0.32,0.435,False,0.00011029411764705883,122,122.0,250.0,128.0,inf,False,False,16
1093,layer2.conv1,scale,7,"(27, 5)",200,1.0,True,0.0,0.755,True,0.00011029411764705883,122,122.0,250.0,128.0,inf,False,False,16
1094,layer2.conv1,scale,5,"(10, 2)",9,0.045,True,0.745,0.010000000000000009,False,0.00011029411764705883,122,122.0,90.0,32.0,inf,False,False,16
1095,layer2.conv1,scale,7,"(21, 3)",200,1.0,True,0.0,0.755,True,0.00011029411764705883,121,121.0,249.0,128.0,inf,False,False,16
1096,layer2.conv1,scale,5,"(27, 4)",3,0.015,True,0.75,0.0050000000000000044,False,0.00011029411764705883,122,122.0,90.0,32.0,inf,False,False,16
1097,layer2.conv1,scale,0,"(1, 2)",16,0.08,True,0.745,0.010000000000000009,False,0.00011029411764705883,122,122.0,123.0,1.0,inf,False,False,16
1098,layer2.conv1,scale,4,"(0, 7)",2,0.01,True,0.76,-0.0050000000000000044,False,0.00011029411764705883,122,122.0,106.0,16.0,inf,False,False,16
1099,layer2.conv1,scale,6,"(24, 4)",13,0.065,True,0.72,0.03500000000000003,False,0.00011029411764705883,121,121.0,57.0,64.0,inf,False,False,16
1100,layer2.conv1,scale,6,"(29, 5)",8,0.04,True,0.76,-0.0050000000000000044,False,0.00011029411764705883,121,121.0,57.0,64.0,inf,False,False,16
1101,layer2.conv1,scale,2,"(31, 1)",91,0.455,True,0.465,0.29,False,0.00011029411764705883,122,122.0,126.0,4.0,inf,False,False,16
1102,layer2.conv1,scale,2,"(0, 5)",182,0.91,True,0.105,0.65,False,0.00011029411764705883,122,122.0,126.0,4.0,inf,False,False,16
1103,layer2.conv1,scale,2,"(6, 3)",12,0.06,True,0.74,0.015000000000000013,False,0.00011029411764705883,121,121.0,125.0,4.0,inf,False,False,16
1104,layer2.conv1,scale,5,"(29, 5)",8,0.04,True,0.76,-0.0050000000000000044,False,0.00011029411764705883,121,121.0,89.0,32.0,inf,False,False,16
1105,layer2.conv1,scale,3,"(18, 5)",14,0.07,True,0.755,0.0,False,0.00011029411764705883,120,120.0,112.0,8.0,inf,False,False,16
1106,layer2.conv1,scale,0,"(14, 5)",6,0.03,True,0.76,-0.0050000000000000044,False,0.00011029411764705883,122,122.0,123.0,1.0,inf,False,False,16
1107,layer2.conv1,scale,3,"(10, 4)",4,0.02,True,0.755,0.0,False,0.00011029411764705883,122,122.0,114.0,8.0,inf,False,False,16
1108,layer2.conv1,scale,5,"(5, 8)",10,0.05,True,0.755,0.0,False,0.00011029411764705883,121,121.0,89.0,32.0,inf,False,False,16
1109,layer2.conv1,scale,1,"(8, 8)",5,0.025,True,0.76,-0.0050000000000000044,False,0.00011029411764705883,121,121.0,123.0,2.0,inf,False,False,16
1110,layer2.conv1,scale,7,"(10, 0)",200,1.0,True,0.0,0.755,True,0.00011029411764705883,122,122.0,250.0,128.0,inf,False,False,16
1111,layer2.conv1,scale,4,"(18, 0)",7,0.035,True,0.745,0.010000000000000009,False,0.00011029411764705883,121,121.0,105.0,16.0,inf,False,False,16
1112,layer2.conv1,scale,7,"(30, 0)",200,1.0,True,0.0,0.755,True,0.00011029411764705883,121,121.0,249.0,128.0,inf,False,False,16
1113,layer2.conv1,scale,4,"(18, 0)",7,0.035,True,0.745,0.010000000000000009,False,0.00011029411764705883,121,121.0,105.0,16.0,inf,False,False,16
1114,layer2.conv1,scale,1,"(6, 0)",22,0.11,True,0.715,0.040000000000000036,False,0.00011029411764705883,120,120.0,122.0,2.0,inf,False,False,16
1115,layer2.conv1,scale,4,"(2, 3)",4,0.02,True,0.75,0.0050000000000000044,False,0.00011029411764705883,121,121.0,105.0,16.0,inf,False,False,16
1116,layer2.conv1,scale,7,"(26, 0)",200,1.0,True,0.0,0.755,True,0.00011029411764705883,121,121.0,249.0,128.0,inf,False,False,16
1117,layer2.conv1,scale,1,"(27, 6)",6,0.03,True,0.765,-0.010000000000000009,False,0.00011029411764705883,122,122.0,120.0,2.0,inf,False,False,16
1118,layer2.conv1,scale,4,"(28, 4)",2,0.01,True,0.75,0.0050000000000000044,False,0.00011029411764705883,122,122.0,106.0,16.0,inf,False,False,16
1119,layer2.conv1,scale,5,"(31, 5)",13,0.065,True,0.75,0.0050000000000000044,False,0.00011029411764705883,122,122.0,90.0,32.0,inf,False,False,16
1120,layer2.conv1,scale,3,"(9, 4)",3,0.015,True,0.755,0.0,False,0.00011029411764705883,121,121.0,113.0,8.0,inf,False,False,16
1121,layer2.conv1,scale,2,"(11, 2)",39,0.195,True,0.705,0.050000000000000044,False,0.00011029411764705883,121,121.0,125.0,4.0,inf,False,False,16
1122,layer2.conv1,scale,3,"(18, 6)",60,0.3,True,0.665,0.08999999999999997,False,0.00011029411764705883,121,121.0,113.0,8.0,inf,False,False,16
1123,layer2.conv1,scale,1,"(2, 3)",8,0.04,True,0.75,0.0050000000000000044,False,0.00011029411764705883,121,121.0,123.0,2.0,inf,False,False,16
1124,layer2.conv1,scale,3,"(16, 5)",25,0.125,True,0.685,0.06999999999999995,False,0.00011029411764705883,121,121.0,113.0,8.0,inf,False,False,16
1125,layer2.conv1,scale,3,"(12, 0)",12,0.06,True,0.765,-0.010000000000000009,False,0.00011029411764705883,122,122.0,114.0,8.0,inf,False,False,16
1126,layer2.conv1,scale,3,"(29, 8)",28,0.14,True,0.735,0.020000000000000018,False,0.00011029411764705883,121,121.0,113.0,8.0,inf,False,False,16
1127,layer2.conv2,scale,5,"(1, 13)",4,0.02,True,0.745,0.010000000000000009,False,0.00011122095897182402,122,122.0,90.0,32.0,inf,False,False,16
1128,layer2.conv2,scale,4,"(30, 7)",3,0.015,True,0.75,0.0050000000000000044,False,0.00011122095897182402,121,121.0,105.0,16.0,inf,False,False,16
1129,layer2.conv2,scale,0,"(1, 3)",5,0.025,True,0.755,0.0,False,0.00011122095897182402,122,122.0,123.0,1.0,inf,False,False,16
1130,layer2.conv2,scale,1,"(24, 6)",5,0.025,True,0.755,0.0,False,0.00011122095897182402,122,122.0,120.0,2.0,inf,False,False,16
1131,layer2.conv2,scale,6,"(1, 4)",19,0.095,True,0.73,0.025000000000000022,False,0.00011122095897182402,122,122.0,58.0,64.0,inf,False,False,16
1132,layer2.conv2,scale,2,"(5, 2)",11,0.055,True,0.75,0.0050000000000000044,False,0.00011122095897182402,122,122.0,126.0,4.0,inf,False,False,16
1133,layer2.conv2,scale,1,"(13, 9)",6,0.03,True,0.745,0.010000000000000009,False,0.00011122095897182402,122,122.0,120.0,2.0,inf,False,False,16
1134,layer2.conv2,scale,6,"(24, 17)",2,0.01,True,0.745,0.010000000000000009,False,0.00011122095897182402,122,122.0,58.0,64.0,inf,False,False,16
1135,layer2.conv2,scale,6,"(25, 11)",5,0.025,True,0.75,0.0050000000000000044,False,0.00011122095897182402,121,121.0,57.0,64.0,inf,False,False,16
1136,layer2.conv2,scale,1,"(19, 3)",3,0.015,True,0.755,0.0,False,0.00011122095897182402,122,122.0,120.0,2.0,inf,False,False,16
1137,layer2.conv2,scale,6,"(10, 10)",8,0.04,True,0.745,0.010000000000000009,False,0.00011122095897182402,123,123.0,59.0,64.0,inf,False,False,16
1138,layer2.conv2,scale,5,"(31, 13)",9,0.045,True,0.755,0.0,False,0.00011122095897182402,122,122.0,90.0,32.0,inf,False,False,16
1139,layer2.conv2,scale,5,"(4, 8)",4,0.02,True,0.74,0.015000000000000013,False,0.00011122095897182402,122,122.0,90.0,32.0,inf,False,False,16
1140,layer2.conv2,scale,5,"(9, 3)",12,0.06,True,0.71,0.04500000000000004,False,0.00011122095897182402,122,122.0,90.0,32.0,inf,False,False,16
1141,layer2.conv2,scale,0,"(19, 17)",2,0.01,True,0.75,0.0050000000000000044,False,0.00011122095897182402,122,122.0,123.0,1.0,inf,False,False,16
1142,layer2.conv2,scale,2,"(23, 13)",177,0.885,True,0.105,0.65,False,0.00011122095897182402,122,122.0,126.0,4.0,inf,False,False,16
1143,layer2.conv2,scale,2,"(28, 5)",24,0.12,True,0.735,0.020000000000000018,False,0.00011122095897182402,122,122.0,126.0,4.0,inf,False,False,16
1144,layer2.conv2,scale,1,"(16, 10)",4,0.02,True,0.75,0.0050000000000000044,False,0.00011122095897182402,120,120.0,122.0,2.0,inf,False,False,16
1145,layer2.conv2,scale,1,"(16, 2)",15,0.075,True,0.73,0.025000000000000022,False,0.00011122095897182402,122,122.0,120.0,2.0,inf,False,False,16
1146,layer2.conv2,scale,0,"(7, 3)",10,0.05,True,0.755,0.0,False,0.00011122095897182402,122,122.0,123.0,1.0,inf,False,False,16
1147,layer2.conv2,scale,6,"(12, 0)",4,0.02,True,0.75,0.0050000000000000044,False,0.00011122095897182402,121,121.0,57.0,64.0,inf,False,False,16
1148,layer2.conv2,scale,6,"(3, 14)",2,0.01,True,0.745,0.010000000000000009,False,0.00011122095897182402,123,123.0,59.0,64.0,inf,False,False,16
1149,layer2.conv2,scale,0,"(15, 7)",2,0.01,True,0.745,0.010000000000000009,False,0.00011122095897182402,122,122.0,123.0,1.0,inf,False,False,16
1150,layer2.conv2,scale,0,"(28, 12)",1,0.005,True,0.75,0.0050000000000000044,False,0.00011122095897182402,122,122.0,123.0,1.0,inf,False,False,16
1151,layer2.conv2,scale,3,"(5, 8)",9,0.045,True,0.76,-0.0050000000000000044,False,0.00011122095897182402,122,122.0,114.0,8.0,inf,False,False,16
1152,layer2.conv2,scale,2,"(0, 9)",122,0.61,True,0.325,0.43,False,0.00011122095897182402,122,122.0,126.0,4.0,inf,False,False,16
1153,layer2.conv2,scale,5,"(20, 2)",10,0.05,True,0.745,0.010000000000000009,False,0.00011122095897182402,122,122.0,90.0,32.0,inf,False,False,16
1154,layer2.conv2,scale,2,"(8, 1)",30,0.15,True,0.69,0.06500000000000006,False,0.00011122095897182402,121,121.0,125.0,4.0,inf,False,False,16
1155,layer2.conv2,scale,6,"(4, 7)",2,0.01,True,0.755,0.0,False,0.00011122095897182402,122,122.0,58.0,64.0,inf,False,False,16
1156,layer2.conv2,scale,4,"(15, 2)",5,0.025,True,0.75,0.0050000000000000044,False,0.00011122095897182402,123,123.0,107.0,16.0,inf,False,False,16
1157,layer2.conv2,scale,3,"(11, 17)",8,0.04,True,0.735,0.020000000000000018,False,0.00011122095897182402,123,123.0,115.0,8.0,inf,False,False,16
1158,layer2.conv2,scale,3,"(9, 5)",10,0.05,True,0.755,0.0,False,0.00011122095897182402,123,123.0,115.0,8.0,inf,False,False,16
1159,layer2.conv2,scale,0,"(13, 5)",6,0.03,True,0.74,0.015000000000000013,False,0.00011122095897182402,122,122.0,123.0,1.0,inf,False,False,16
1160,layer2.conv2,scale,3,"(17, 12)",0,0.0,False,0.755,0.0,False,0.00011122095897182402,122,122.0,114.0,8.0,inf,False,False,16
1161,layer2.conv2,scale,7,"(31, 2)",200,1.0,True,0.0,0.755,True,0.00011122095897182402,122,122.0,250.0,128.0,inf,False,False,16
1162,layer2.conv2,scale,0,"(5, 12)",1,0.005,True,0.75,0.0050000000000000044,False,0.00011122095897182402,122,122.0,123.0,1.0,inf,False,False,16
1163,layer2.conv2,scale,2,"(9, 13)",29,0.145,True,0.69,0.06500000000000006,False,0.00011122095897182402,123,123.0,127.0,4.0,inf,False,False,16
1164,layer2.conv2,scale,6,"(24, 16)",8,0.04,True,0.755,0.0,False,0.00011122095897182402,122,122.0,58.0,64.0,inf,False,False,16
1165,layer2.conv2,scale,3,"(10, 15)",2,0.01,True,0.755,0.0,False,0.00011122095897182402,122,122.0,114.0,8.0,inf,False,False,16
1166,layer2.conv2,scale,4,"(18, 12)",4,0.02,True,0.755,0.0,False,0.00011122095897182402,122,122.0,106.0,16.0,inf,False,False,16
1167,layer2.conv2,scale,0,"(13, 7)",5,0.025,True,0.745,0.010000000000000009,False,0.00011122095897182402,122,122.0,123.0,1.0,inf,False,False,16
1168,layer2.conv2,scale,0,"(20, 11)",2,0.01,True,0.745,0.010000000000000009,False,0.00011122095897182402,123,123.0,122.0,1.0,inf,False,False,16
1169,layer2.conv2,scale,2,"(6, 12)",103,0.515,True,0.46,0.295,False,0.00011122095897182402,122,122.0,126.0,4.0,inf,False,False,16
1170,layer2.conv2,scale,2,"(31, 3)",44,0.22,True,0.695,0.06000000000000005,False,0.00011122095897182402,122,122.0,126.0,4.0,inf,False,False,16
1171,layer2.conv2,scale,7,"(8, 12)",200,1.0,True,0.0,0.755,True,0.00011122095897182402,123,123.0,251.0,128.0,inf,False,False,16
1172,layer2.conv2,scale,2,"(5, 7)",22,0.11,True,0.735,0.020000000000000018,False,0.00011122095897182402,122,122.0,126.0,4.0,inf,False,False,16
1173,layer2.conv2,scale,5,"(20, 7)",5,0.025,True,0.745,0.010000000000000009,False,0.00011122095897182402,122,122.0,90.0,32.0,inf,False,False,16
1174,layer2.conv2,scale,2,"(14, 16)",20,0.1,True,0.75,0.0050000000000000044,False,0.00011122095897182402,122,122.0,126.0,4.0,inf,False,False,16
1175,layer2.conv2,scale,5,"(0, 16)",8,0.04,True,0.745,0.010000000000000009,False,0.00011122095897182402,122,122.0,90.0,32.0,inf,False,False,16
1176,layer2.conv2,scale,4,"(5, 0)",7,0.035,True,0.75,0.0050000000000000044,False,0.00011122095897182402,122,122.0,106.0,16.0,inf,False,False,16
1177,layer2.conv2,scale,4,"(6, 17)",3,0.015,True,0.74,0.015000000000000013,False,0.00011122095897182402,122,122.0,106.0,16.0,inf,False,False,16
1178,layer2.conv2,scale,4,"(9, 10)",1,0.005,True,0.75,0.0050000000000000044,False,0.00011122095897182402,122,122.0,106.0,16.0,inf,False,False,16
1179,layer2.conv2,scale,1,"(6, 12)",5,0.025,True,0.755,0.0,False,0.00011122095897182402,122,122.0,120.0,2.0,inf,False,False,16
1180,layer2.conv2,scale,6,"(16, 1)",3,0.015,True,0.755,0.0,False,0.00011122095897182402,121,121.0,57.0,64.0,inf,False,False,16
1181,layer2.conv2,scale,1,"(3, 1)",3,0.015,True,0.745,0.010000000000000009,False,0.00011122095897182402,122,122.0,120.0,2.0,inf,False,False,16
1182,layer2.conv2,scale,3,"(24, 5)",5,0.025,True,0.75,0.0050000000000000044,False,0.00011122095897182402,121,121.0,113.0,8.0,inf,False,False,16
1183,layer2.conv2,scale,7,"(5, 15)",200,1.0,True,0.0,0.755,True,0.00011122095897182402,122,122.0,250.0,128.0,inf,False,False,16
1184,layer2.conv2,scale,1,"(5, 15)",7,0.035,True,0.75,0.0050000000000000044,False,0.00011122095897182402,122,122.0,120.0,2.0,inf,False,False,16
1185,layer2.conv2,scale,0,"(26, 16)",3,0.015,True,0.76,-0.0050000000000000044,False,0.00011122095897182402,122,122.0,123.0,1.0,inf,False,False,16
1186,layer2.conv2,scale,4,"(25, 17)",10,0.05,True,0.75,0.0050000000000000044,False,0.00011122095897182402,122,122.0,106.0,16.0,inf,False,False,16
1187,layer2.conv2,scale,5,"(16, 7)",3,0.015,True,0.755,0.0,False,0.00011122095897182402,121,121.0,89.0,32.0,inf,False,False,16
1188,layer2.conv2,scale,2,"(23, 5)",22,0.11,True,0.72,0.03500000000000003,False,0.00011122095897182402,122,122.0,126.0,4.0,inf,False,False,16
1189,layer2.conv2,scale,2,"(23, 16)",28,0.14,True,0.675,0.07999999999999996,False,0.00011122095897182402,121,121.0,125.0,4.0,inf,False,False,16
1190,layer2.conv2,scale,1,"(15, 3)",2,0.01,True,0.76,-0.0050000000000000044,False,0.00011122095897182402,122,122.0,120.0,2.0,inf,False,False,16
1191,layer2.conv2,scale,5,"(19, 10)",5,0.025,True,0.74,0.015000000000000013,False,0.00011122095897182402,122,122.0,90.0,32.0,inf,False,False,16
1192,layer2.conv2,scale,5,"(27, 17)",4,0.02,True,0.76,-0.0050000000000000044,False,0.00011122095897182402,122,122.0,90.0,32.0,inf,False,False,16
1193,layer2.conv2,scale,1,"(18, 2)",5,0.025,True,0.77,-0.015000000000000013,False,0.00011122095897182402,122,122.0,120.0,2.0,inf,False,False,16
1194,layer2.conv2,scale,1,"(13, 10)",45,0.225,True,0.655,0.09999999999999998,False,0.00011122095897182402,121,121.0,123.0,2.0,inf,False,False,16
1195,layer2.conv2,scale,0,"(20, 1)",10,0.05,True,0.76,-0.0050000000000000044,False,0.00011122095897182402,122,122.0,123.0,1.0,inf,False,False,16
1196,layer2.conv2,scale,2,"(31, 7)",102,0.51,True,0.45,0.305,False,0.00011122095897182402,122,122.0,126.0,4.0,inf,False,False,16
1197,layer2.conv2,scale,4,"(29, 11)",9,0.045,True,0.735,0.020000000000000018,False,0.00011122095897182402,122,122.0,106.0,16.0,inf,False,False,16
1198,layer2.conv2,scale,0,"(30, 15)",2,0.01,True,0.75,0.0050000000000000044,False,0.00011122095897182402,121,121.0,120.0,1.0,inf,False,False,16
1199,layer2.conv2,scale,2,"(5, 11)",150,0.75,True,0.235,0.52,False,0.00011122095897182402,122,122.0,126.0,4.0,inf,False,False,16
1200,layer2.conv2,scale,3,"(13, 6)",8,0.04,True,0.735,0.020000000000000018,False,0.00011122095897182402,122,122.0,114.0,8.0,inf,False,False,16
1201,layer2.conv2,scale,6,"(6, 16)",2,0.01,True,0.745,0.010000000000000009,False,0.00011122095897182402,121,121.0,57.0,64.0,inf,False,False,16
1202,layer2.conv2,scale,3,"(30, 10)",5,0.025,True,0.74,0.015000000000000013,False,0.00011122095897182402,121,121.0,113.0,8.0,inf,False,False,16
1203,layer2.conv2,scale,7,"(15, 10)",200,1.0,True,0.0,0.755,True,0.00011122095897182402,121,121.0,249.0,128.0,inf,False,False,16
1204,layer2.conv2,scale,0,"(24, 11)",5,0.025,True,0.75,0.0050000000000000044,False,0.00011122095897182402,122,122.0,123.0,1.0,inf,False,False,16
1205,layer2.conv2,scale,1,"(13, 8)",3,0.015,True,0.745,0.010000000000000009,False,0.00011122095897182402,122,122.0,120.0,2.0,inf,False,False,16
1206,layer2.conv2,scale,1,"(16, 16)",16,0.08,True,0.745,0.010000000000000009,False,0.00011122095897182402,121,121.0,123.0,2.0,inf,False,False,16
1207,layer2.conv2,scale,1,"(24, 10)",3,0.015,True,0.755,0.0,False,0.00011122095897182402,122,122.0,120.0,2.0,inf,False,False,16
1208,layer2.conv2,scale,6,"(19, 11)",3,0.015,True,0.76,-0.0050000000000000044,False,0.00011122095897182402,121,121.0,57.0,64.0,inf,False,False,16
1209,layer2.conv2,scale,1,"(13, 10)",45,0.225,True,0.655,0.09999999999999998,False,0.00011122095897182402,121,121.0,123.0,2.0,inf,False,False,16
1210,layer2.conv2,scale,7,"(25, 11)",200,1.0,True,0.0,0.755,True,0.00011122095897182402,121,121.0,249.0,128.0,inf,False,False,16
1211,layer2.conv2,scale,3,"(24, 3)",6,0.03,True,0.75,0.0050000000000000044,False,0.00011122095897182402,122,122.0,114.0,8.0,inf,False,False,16
1212,layer2.conv2,scale,0,"(30, 12)",3,0.015,True,0.745,0.010000000000000009,False,0.00011122095897182402,121,121.0,120.0,1.0,inf,False,False,16
1213,layer2.conv2,scale,1,"(20, 7)",4,0.02,True,0.75,0.0050000000000000044,False,0.00011122095897182402,122,122.0,120.0,2.0,inf,False,False,16
1214,layer2.conv2,scale,7,"(28, 17)",200,1.0,True,0.0,0.755,True,0.00011122095897182402,122,122.0,250.0,128.0,inf,False,False,16
1215,layer2.conv2,scale,4,"(13, 6)",8,0.04,True,0.735,0.020000000000000018,False,0.00011122095897182402,122,122.0,106.0,16.0,inf,False,False,16
1216,layer2.conv2,scale,7,"(30, 10)",200,1.0,True,0.0,0.755,True,0.00011122095897182402,121,121.0,249.0,128.0,inf,False,False,16
1217,layer2.conv2,scale,3,"(30, 6)",10,0.05,True,0.76,-0.0050000000000000044,False,0.00011122095897182402,122,122.0,114.0,8.0,inf,False,False,16
1218,layer2.conv2,scale,4,"(12, 15)",3,0.015,True,0.74,0.015000000000000013,False,0.00011122095897182402,122,122.0,106.0,16.0,inf,False,False,16
1219,layer2.conv2,scale,4,"(22, 14)",8,0.04,True,0.75,0.0050000000000000044,False,0.00011122095897182402,123,123.0,107.0,16.0,inf,False,False,16
1220,layer2.conv2,scale,7,"(0, 4)",200,1.0,True,0.0,0.755,True,0.00011122095897182402,122,122.0,250.0,128.0,inf,False,False,16
1221,layer2.conv2,scale,6,"(5, 10)",3,0.015,True,0.75,0.0050000000000000044,False,0.00011122095897182402,122,122.0,58.0,64.0,inf,False,False,16
1222,layer2.conv2,scale,1,"(4, 6)",11,0.055,True,0.735,0.020000000000000018,False,0.00011122095897182402,122,122.0,120.0,2.0,inf,False,False,16
1223,layer2.conv2,scale,6,"(9, 8)",7,0.035,True,0.75,0.0050000000000000044,False,0.00011122095897182402,123,123.0,59.0,64.0,inf,False,False,16
1224,layer2.conv2,scale,3,"(12, 3)",13,0.065,True,0.75,0.0050000000000000044,False,0.00011122095897182402,122,122.0,114.0,8.0,inf,False,False,16
1225,layer2.conv2,scale,1,"(31, 9)",4,0.02,True,0.75,0.0050000000000000044,False,0.00011122095897182402,122,122.0,120.0,2.0,inf,False,False,16
1226,layer2.conv2,scale,1,"(3, 1)",3,0.015,True,0.745,0.010000000000000009,False,0.00011122095897182402,122,122.0,120.0,2.0,inf,False,False,16
1227,layer2.conv2,scale,2,"(8, 5)",41,0.205,True,0.73,0.025000000000000022,False,0.00011122095897182402,122,122.0,126.0,4.0,inf,False,False,16
1228,layer2.conv2,scale,3,"(17, 7)",3,0.015,True,0.76,-0.0050000000000000044,False,0.00011122095897182402,122,122.0,114.0,8.0,inf,False,False,16
1229,layer2.conv2,scale,4,"(15, 12)",6,0.03,True,0.74,0.015000000000000013,False,0.00011122095897182402,123,123.0,107.0,16.0,inf,False,False,16
1230,layer2.conv2,scale,0,"(3, 14)",0,0.0,False,0.755,0.0,False,0.00011122095897182402,123,123.0,122.0,1.0,inf,False,False,16
1231,layer2.conv2,scale,3,"(28, 3)",4,0.02,True,0.75,0.0050000000000000044,False,0.00011122095897182402,122,122.0,114.0,8.0,inf,False,False,16
1232,layer2.conv2,scale,0,"(9, 13)",7,0.035,True,0.755,0.0,False,0.00011122095897182402,123,123.0,122.0,1.0,inf,False,False,16
1233,layer2.conv2,scale,0,"(11, 12)",5,0.025,True,0.745,0.010000000000000009,False,0.00011122095897182402,122,122.0,123.0,1.0,inf,False,False,16
1234,layer2.conv2,scale,0,"(9, 13)",7,0.035,True,0.755,0.0,False,0.00011122095897182402,123,123.0,122.0,1.0,inf,False,False,16
1235,layer2.conv2,scale,5,"(5, 6)",5,0.025,True,0.75,0.0050000000000000044,False,0.00011122095897182402,122,122.0,90.0,32.0,inf,False,False,16
1236,layer2.conv2,scale,3,"(29, 2)",8,0.04,True,0.755,0.0,False,0.00011122095897182402,122,122.0,114.0,8.0,inf,False,False,16
1237,layer2.conv2,scale,6,"(24, 8)",0,0.0,False,0.755,0.0,False,0.00011122095897182402,121,121.0,57.0,64.0,inf,False,False,16
1238,layer2.conv2,scale,3,"(14, 17)",2,0.01,True,0.76,-0.0050000000000000044,False,0.00011122095897182402,122,122.0,114.0,8.0,inf,False,False,16
1239,layer2.conv2,scale,3,"(7, 7)",4,0.02,True,0.77,-0.015000000000000013,False,0.00011122095897182402,122,122.0,114.0,8.0,inf,False,False,16
1240,layer2.conv2,scale,3,"(3, 11)",1,0.005,True,0.75,0.0050000000000000044,False,0.00011122095897182402,122,122.0,114.0,8.0,inf,False,False,16
1241,layer2.conv2,scale,0,"(28, 8)",6,0.03,True,0.74,0.015000000000000013,False,0.00011122095897182402,122,122.0,123.0,1.0,inf,False,False,16
1242,layer2.conv2,scale,6,"(24, 3)",6,0.03,True,0.75,0.0050000000000000044,False,0.00011122095897182402,122,122.0,58.0,64.0,inf,False,False,16
1243,layer2.conv2,scale,5,"(24, 5)",5,0.025,True,0.75,0.0050000000000000044,False,0.00011122095897182402,121,121.0,89.0,32.0,inf,False,False,16
1244,layer2.conv2,scale,1,"(29, 17)",3,0.015,True,0.74,0.015000000000000013,False,0.00011122095897182402,122,122.0,120.0,2.0,inf,False,False,16
1245,layer2.conv2,scale,0,"(19, 17)",2,0.01,True,0.75,0.0050000000000000044,False,0.00011122095897182402,122,122.0,123.0,1.0,inf,False,False,16
1246,layer2.shortcut.0,scale,7,"(6, 0)",200,1.0,True,0.0,0.755,True,0.00010504201680672268,122,122.0,250.0,128.0,inf,False,False,16
1247,layer2.shortcut.0,scale,0,"(2, 0)",6,0.03,True,0.755,0.0,False,0.00010504201680672268,122,122.0,123.0,1.0,inf,False,False,16
1248,layer2.shortcut.0,scale,2,"(10, 0)",25,0.125,True,0.71,0.04500000000000004,False,0.00010504201680672268,122,122.0,126.0,4.0,inf,False,False,16
1249,layer2.shortcut.0,scale,3,"(18, 0)",12,0.06,True,0.76,-0.0050000000000000044,False,0.00010504201680672268,124,124.0,116.0,8.0,inf,False,False,16
1250,layer2.shortcut.0,scale,1,"(6, 0)",6,0.03,True,0.75,0.0050000000000000044,False,0.00010504201680672268,122,122.0,120.0,2.0,inf,False,False,16
1251,layer2.shortcut.0,scale,2,"(13, 0)",106,0.53,True,0.415,0.34,False,0.00010504201680672268,123,123.0,127.0,4.0,inf,False,False,16
1252,layer2.shortcut.0,scale,2,"(29, 0)",163,0.815,True,0.155,0.6,False,0.00010504201680672268,123,123.0,127.0,4.0,inf,False,False,16
1253,layer3.conv1,scale,0,"(37, 7)",3,0.015,True,0.755,0.0,False,0.00011122095897182402,122,122.0,123.0,1.0,inf,False,False,16
1254,layer3.conv1,scale,5,"(55, 16)",2,0.01,True,0.745,0.010000000000000009,False,0.00011122095897182402,121,121.0,89.0,32.0,inf,False,False,16
1255,layer3.conv1,scale,3,"(33, 17)",3,0.015,True,0.765,-0.010000000000000009,False,0.00011122095897182402,121,121.0,113.0,8.0,inf,False,False,16
1256,layer3.conv1,scale,1,"(44, 10)",4,0.02,True,0.75,0.0050000000000000044,False,0.00011122095897182402,122,122.0,120.0,2.0,inf,False,False,16
1257,layer3.conv1,scale,0,"(29, 5)",2,0.01,True,0.755,0.0,False,0.00011122095897182402,121,121.0,120.0,1.0,inf,False,False,16
1258,layer3.conv1,scale,0,"(0, 4)",7,0.035,True,0.76,-0.0050000000000000044,False,0.00011122095897182402,122,122.0,123.0,1.0,inf,False,False,16
1259,layer3.conv1,scale,6,"(54, 3)",4,0.02,True,0.745,0.010000000000000009,False,0.00011122095897182402,121,121.0,57.0,64.0,inf,False,False,16
1260,layer3.conv1,scale,5,"(8, 4)",2,0.01,True,0.76,-0.0050000000000000044,False,0.00011122095897182402,121,121.0,89.0,32.0,inf,False,False,16
1261,layer3.conv1,scale,6,"(7, 4)",4,0.02,True,0.74,0.015000000000000013,False,0.00011122095897182402,121,121.0,57.0,64.0,inf,False,False,16
1262,layer3.conv1,scale,6,"(60, 15)",4,0.02,True,0.75,0.0050000000000000044,False,0.00011122095897182402,122,122.0,58.0,64.0,inf,False,False,16
1263,layer3.conv1,scale,5,"(36, 3)",6,0.03,True,0.765,-0.010000000000000009,False,0.00011122095897182402,121,121.0,89.0,32.0,inf,False,False,16
1264,layer3.conv1,scale,1,"(36, 7)",6,0.03,True,0.75,0.0050000000000000044,False,0.00011122095897182402,121,121.0,123.0,2.0,inf,False,False,16
1265,layer3.conv1,scale,4,"(38, 17)",4,0.02,True,0.75,0.0050000000000000044,False,0.00011122095897182402,121,121.0,105.0,16.0,inf,False,False,16
1266,layer3.conv1,scale,4,"(26, 11)",4,0.02,True,0.745,0.010000000000000009,False,0.00011122095897182402,120,120.0,104.0,16.0,inf,False,False,16
1267,layer3.conv1,scale,7,"(38, 5)",200,1.0,True,0.0,0.755,True,0.00011122095897182402,121,121.0,249.0,128.0,inf,False,False,16
1268,layer3.conv1,scale,7,"(4, 15)",200,1.0,True,0.0,0.755,True,0.00011122095897182402,121,121.0,249.0,128.0,inf,False,False,16
1269,layer3.conv1,scale,1,"(3, 17)",6,0.03,True,0.75,0.0050000000000000044,False,0.00011122095897182402,121,121.0,123.0,2.0,inf,False,False,16
1270,layer3.conv1,scale,7,"(14, 7)",18,0.09,True,0.705,0.050000000000000044,False,0.00011122095897182402,121,121.0,249.0,128.0,inf,False,False,16
1271,layer3.conv1,scale,7,"(25, 17)",141,0.705,True,0.255,0.5,False,0.00011122095897182402,121,121.0,249.0,128.0,inf,False,False,16
1272,layer3.conv1,scale,0,"(1, 3)",4,0.02,True,0.75,0.0050000000000000044,False,0.00011122095897182402,121,121.0,120.0,1.0,inf,False,False,16
1273,layer3.conv1,scale,4,"(21, 1)",4,0.02,True,0.75,0.0050000000000000044,False,0.00011122095897182402,121,121.0,105.0,16.0,inf,False,False,16
1274,layer3.conv1,scale,3,"(54, 5)",6,0.03,True,0.745,0.010000000000000009,False,0.00011122095897182402,121,121.0,113.0,8.0,inf,False,False,16
1275,layer3.conv1,scale,4,"(13, 3)",1,0.005,True,0.76,-0.0050000000000000044,False,0.00011122095897182402,122,122.0,106.0,16.0,inf,False,False,16
1276,layer3.conv1,scale,6,"(59, 11)",7,0.035,True,0.75,0.0050000000000000044,False,0.00011122095897182402,122,122.0,58.0,64.0,inf,False,False,16
1277,layer3.conv1,scale,4,"(20, 12)",5,0.025,True,0.75,0.0050000000000000044,False,0.00011122095897182402,121,121.0,105.0,16.0,inf,False,False,16
1278,layer3.conv1,scale,4,"(34, 4)",7,0.035,True,0.755,0.0,False,0.00011122095897182402,121,121.0,105.0,16.0,inf,False,False,16
1279,layer3.conv1,scale,2,"(37, 11)",49,0.245,True,0.62,0.135,False,0.00011122095897182402,122,122.0,126.0,4.0,inf,False,False,16
1280,layer3.conv1,scale,0,"(50, 13)",5,0.025,True,0.74,0.015000000000000013,False,0.00011122095897182402,121,121.0,120.0,1.0,inf,False,False,16
1281,layer3.conv1,scale,6,"(49, 12)",4,0.02,True,0.75,0.0050000000000000044,False,0.00011122095897182402,121,121.0,57.0,64.0,inf,False,False,16
1282,layer3.conv1,scale,2,"(8, 14)",10,0.05,True,0.74,0.015000000000000013,False,0.00011122095897182402,120,120.0,124.0,4.0,inf,False,False,16
1283,layer3.conv1,scale,2,"(42, 16)",10,0.05,True,0.715,0.040000000000000036,False,0.00011122095897182402,121,121.0,125.0,4.0,inf,False,False,16
1284,layer3.conv1,scale,2,"(17, 14)",182,0.91,True,0.1,0.655,False,0.00011122095897182402,121,121.0,125.0,4.0,inf,False,False,16
1285,layer3.conv1,scale,4,"(13, 3)",1,0.005,True,0.76,-0.0050000000000000044,False,0.00011122095897182402,122,122.0,106.0,16.0,inf,False,False,16
1286,layer3.conv1,scale,2,"(39, 8)",64,0.32,True,0.595,0.16000000000000003,False,0.00011122095897182402,121,121.0,125.0,4.0,inf,False,False,16
1287,layer3.conv1,scale,5,"(26, 11)",4,0.02,True,0.745,0.010000000000000009,False,0.00011122095897182402,120,120.0,88.0,32.0,inf,False,False,16
1288,layer3.conv1,scale,7,"(43, 11)",199,0.995,True,0.005,0.75,True,0.00011122095897182402,121,121.0,249.0,128.0,inf,False,False,16
1289,layer3.conv1,scale,5,"(30, 2)",6,0.03,True,0.755,0.0,False,0.00011122095897182402,121,121.0,89.0,32.0,inf,False,False,16
1290,layer3.conv1,scale,6,"(38, 11)",3,0.015,True,0.755,0.0,False,0.00011122095897182402,121,121.0,57.0,64.0,inf,False,False,16
1291,layer3.conv1,scale,4,"(39, 4)",12,0.06,True,0.735,0.020000000000000018,False,0.00011122095897182402,121,121.0,105.0,16.0,inf,False,False,16
1292,layer3.conv1,scale,7,"(5, 15)",200,1.0,True,0.0,0.755,True,0.00011122095897182402,120,120.0,248.0,128.0,inf,False,False,16
1293,layer3.conv1,scale,5,"(51, 8)",10,0.05,True,0.72,0.03500000000000003,False,0.00011122095897182402,122,122.0,90.0,32.0,inf,False,False,16
1294,layer3.conv1,scale,6,"(59, 12)",3,0.015,True,0.765,-0.010000000000000009,False,0.00011122095897182402,121,121.0,57.0,64.0,inf,False,False,16
1295,layer3.conv1,scale,1,"(25, 5)",2,0.01,True,0.755,0.0,False,0.00011122095897182402,120,120.0,122.0,2.0,inf,False,False,16
1296,layer3.conv1,scale,7,"(16, 0)",192,0.96,True,0.02,0.735,True,0.00011122095897182402,121,121.0,249.0,128.0,inf,False,False,16
1297,layer3.conv1,scale,7,"(44, 7)",197,0.985,True,0.01,0.745,True,0.00011122095897182402,121,121.0,249.0,128.0,inf,False,False,16
1298,layer3.conv1,scale,3,"(43, 14)",4,0.02,True,0.755,0.0,False,0.00011122095897182402,121,121.0,113.0,8.0,inf,False,False,16
1299,layer3.conv1,scale,5,"(15, 8)",2,0.01,True,0.745,0.010000000000000009,False,0.00011122095897182402,121,121.0,89.0,32.0,inf,False,False,16
1300,layer3.conv1,scale,7,"(55, 3)",199,0.995,True,0.01,0.745,True,0.00011122095897182402,121,121.0,249.0,128.0,inf,False,False,16
1301,layer3.conv1,scale,7,"(34, 17)",173,0.865,True,0.15,0.605,True,0.00011122095897182402,121,121.0,249.0,128.0,inf,False,False,16
1302,layer3.conv1,scale,4,"(8, 8)",1,0.005,True,0.76,-0.0050000000000000044,False,0.00011122095897182402,120,120.0,104.0,16.0,inf,False,False,16
1303,layer3.conv1,scale,7,"(44, 10)",200,1.0,True,0.0,0.755,True,0.00011122095897182402,122,122.0,250.0,128.0,inf,False,False,16
1304,layer3.conv1,scale,6,"(29, 6)",4,0.02,True,0.745,0.010000000000000009,False,0.00011122095897182402,121,121.0,57.0,64.0,inf,False,False,16
1305,layer3.conv1,scale,1,"(15, 16)",5,0.025,True,0.745,0.010000000000000009,False,0.00011122095897182402,121,121.0,123.0,2.0,inf,False,False,16
1306,layer3.conv1,scale,1,"(39, 9)",31,0.155,True,0.71,0.04500000000000004,False,0.00011122095897182402,121,121.0,123.0,2.0,inf,False,False,16
1307,layer3.conv1,scale,3,"(61, 10)",3,0.015,True,0.75,0.0050000000000000044,False,0.00011122095897182402,121,121.0,113.0,8.0,inf,False,False,16
1308,layer3.conv1,scale,7,"(63, 6)",25,0.125,True,0.75,0.0050000000000000044,False,0.00011122095897182402,122,122.0,250.0,128.0,inf,False,False,16
1309,layer3.conv1,scale,4,"(59, 13)",3,0.015,True,0.765,-0.010000000000000009,False,0.00011122095897182402,121,121.0,105.0,16.0,inf,False,False,16
1310,layer3.conv1,scale,3,"(45, 4)",2,0.01,True,0.755,0.0,False,0.00011122095897182402,122,122.0,114.0,8.0,inf,False,False,16
1311,layer3.conv1,scale,1,"(63, 15)",8,0.04,True,0.74,0.015000000000000013,False,0.00011122095897182402,121,121.0,123.0,2.0,inf,False,False,16
1312,layer3.conv1,scale,7,"(27, 9)",11,0.055,True,0.725,0.030000000000000027,False,0.00011122095897182402,121,121.0,249.0,128.0,inf,False,False,16
1313,layer3.conv1,scale,7,"(50, 16)",200,1.0,True,0.0,0.755,True,0.00011122095897182402,121,121.0,249.0,128.0,inf,False,False,16
1314,layer3.conv1,scale,2,"(44, 9)",10,0.05,True,0.745,0.010000000000000009,False,0.00011122095897182402,121,121.0,125.0,4.0,inf,False,False,16
1315,layer3.conv1,scale,3,"(62, 14)",2,0.01,True,0.755,0.0,False,0.00011122095897182402,122,122.0,114.0,8.0,inf,False,False,16
1316,layer3.conv1,scale,3,"(32, 17)",6,0.03,True,0.75,0.0050000000000000044,False,0.00011122095897182402,121,121.0,113.0,8.0,inf,False,False,16
1317,layer3.conv1,scale,6,"(34, 15)",2,0.01,True,0.755,0.0,False,0.00011122095897182402,120,120.0,56.0,64.0,inf,False,False,16
1318,layer3.conv1,scale,4,"(7, 0)",2,0.01,True,0.765,-0.010000000000000009,False,0.00011122095897182402,121,121.0,105.0,16.0,inf,False,False,16
1319,layer3.conv1,scale,1,"(61, 12)",4,0.02,True,0.75,0.0050000000000000044,False,0.00011122095897182402,121,121.0,123.0,2.0,inf,False,False,16
1320,layer3.conv1,scale,7,"(13, 17)",200,1.0,True,0.0,0.755,True,0.00011122095897182402,122,122.0,250.0,128.0,inf,False,False,16
1321,layer3.conv1,scale,4,"(21, 12)",5,0.025,True,0.75,0.0050000000000000044,False,0.00011122095897182402,121,121.0,105.0,16.0,inf,False,False,16
1322,layer3.conv1,scale,5,"(40, 0)",2,0.01,True,0.755,0.0,False,0.00011122095897182402,121,121.0,89.0,32.0,inf,False,False,16
1323,layer3.conv1,scale,6,"(45, 15)",7,0.035,True,0.76,-0.0050000000000000044,False,0.00011122095897182402,122,122.0,58.0,64.0,inf,False,False,16
1324,layer3.conv1,scale,2,"(43, 4)",12,0.06,True,0.75,0.0050000000000000044,False,0.00011122095897182402,121,121.0,125.0,4.0,inf,False,False,16
1325,layer3.conv1,scale,5,"(23, 0)",0,0.0,False,0.755,0.0,False,0.00011122095897182402,121,121.0,89.0,32.0,inf,False,False,16
1326,layer3.conv1,scale,3,"(28, 1)",4,0.02,True,0.75,0.0050000000000000044,False,0.00011122095897182402,121,121.0,113.0,8.0,inf,False,False,16
1327,layer3.conv1,scale,2,"(28, 12)",30,0.15,True,0.73,0.025000000000000022,False,0.00011122095897182402,120,120.0,124.0,4.0,inf,False,False,16
1328,layer3.conv1,scale,6,"(16, 12)",1,0.005,True,0.75,0.0050000000000000044,False,0.00011122095897182402,121,121.0,57.0,64.0,inf,False,False,16
1329,layer3.conv1,scale,7,"(33, 6)",200,1.0,True,0.0,0.755,True,0.00011122095897182402,121,121.0,249.0,128.0,inf,False,False,16
1330,layer3.conv1,scale,7,"(3, 11)",200,1.0,True,0.0,0.755,True,0.00011122095897182402,121,121.0,249.0,128.0,inf,False,False,16
1331,layer3.conv1,scale,7,"(18, 12)",200,1.0,True,0.0,0.755,True,0.00011122095897182402,121,121.0,249.0,128.0,inf,False,False,16
1332,layer3.conv1,scale,5,"(47, 16)",6,0.03,True,0.77,-0.015000000000000013,False,0.00011122095897182402,121,121.0,89.0,32.0,inf,False,False,16
1333,layer3.conv1,scale,0,"(37, 16)",0,0.0,False,0.755,0.0,False,0.00011122095897182402,121,121.0,120.0,1.0,inf,False,False,16
1334,layer3.conv1,scale,2,"(12, 14)",132,0.66,True,0.32,0.435,False,0.00011122095897182402,121,121.0,125.0,4.0,inf,False,False,16
1335,layer3.conv1,scale,5,"(41, 16)",3,0.015,True,0.745,0.010000000000000009,False,0.00011122095897182402,121,121.0,89.0,32.0,inf,False,False,16
1336,layer3.conv1,scale,7,"(45, 13)",128,0.64,True,0.29,0.465,False,0.00011122095897182402,122,122.0,250.0,128.0,inf,False,False,16
1337,layer3.conv1,scale,2,"(42, 1)",13,0.065,True,0.75,0.0050000000000000044,False,0.00011122095897182402,121,121.0,125.0,4.0,inf,False,False,16
1338,layer3.conv1,scale,3,"(60, 4)",3,0.015,True,0.755,0.0,False,0.00011122095897182402,121,121.0,113.0,8.0,inf,False,False,16
1339,layer3.conv1,scale,7,"(42, 13)",200,1.0,True,0.0,0.755,True,0.00011122095897182402,121,121.0,249.0,128.0,inf,False,False,16
1340,layer3.conv1,scale,5,"(52, 11)",2,0.01,True,0.745,0.010000000000000009,False,0.00011122095897182402,121,121.0,89.0,32.0,inf,False,False,16
1341,layer3.conv1,scale,4,"(0, 16)",7,0.035,True,0.745,0.010000000000000009,False,0.00011122095897182402,121,121.0,105.0,16.0,inf,False,False,16
1342,layer3.conv1,scale,6,"(37, 16)",0,0.0,False,0.755,0.0,False,0.00011122095897182402,121,121.0,57.0,64.0,inf,False,False,16
1343,layer3.conv1,scale,1,"(46, 17)",6,0.03,True,0.77,-0.015000000000000013,False,0.00011122095897182402,121,121.0,123.0,2.0,inf,False,False,16
1344,layer3.conv1,scale,5,"(3, 8)",1,0.005,True,0.76,-0.0050000000000000044,False,0.00011122095897182402,120,120.0,88.0,32.0,inf,False,False,16
1345,layer3.conv1,scale,2,"(5, 6)",90,0.45,True,0.54,0.21499999999999997,False,0.00011122095897182402,121,121.0,125.0,4.0,inf,False,False,16
1346,layer3.conv1,scale,0,"(45, 2)",1,0.005,True,0.75,0.0050000000000000044,False,0.00011122095897182402,121,121.0,120.0,1.0,inf,False,False,16
1347,layer3.conv1,scale,5,"(53, 7)",2,0.01,True,0.75,0.0050000000000000044,False,0.00011122095897182402,121,121.0,89.0,32.0,inf,False,False,16
1348,layer3.conv1,scale,1,"(62, 14)",2,0.01,True,0.755,0.0,False,0.00011122095897182402,122,122.0,120.0,2.0,inf,False,False,16
1349,layer3.conv1,scale,2,"(60, 8)",3,0.015,True,0.75,0.0050000000000000044,False,0.00011122095897182402,121,121.0,125.0,4.0,inf,False,False,16
1350,layer3.conv1,scale,6,"(19, 9)",5,0.025,True,0.76,-0.0050000000000000044,False,0.00011122095897182402,121,121.0,57.0,64.0,inf,False,False,16
1351,layer3.conv1,scale,6,"(57, 16)",4,0.02,True,0.755,0.0,False,0.00011122095897182402,121,121.0,57.0,64.0,inf,False,False,16
1352,layer3.conv1,scale,5,"(53, 11)",2,0.01,True,0.75,0.0050000000000000044,False,0.00011122095897182402,121,121.0,89.0,32.0,inf,False,False,16
1353,layer3.conv1,scale,3,"(63, 11)",12,0.06,True,0.775,-0.020000000000000018,False,0.00011122095897182402,121,121.0,113.0,8.0,inf,False,False,16
1354,layer3.conv1,scale,6,"(34, 8)",5,0.025,True,0.755,0.0,False,0.00011122095897182402,121,121.0,57.0,64.0,inf,False,False,16
1355,layer3.conv1,scale,5,"(33, 2)",4,0.02,True,0.76,-0.0050000000000000044,False,0.00011122095897182402,121,121.0,89.0,32.0,inf,False,False,16
1356,layer3.conv1,scale,5,"(50, 1)",0,0.0,False,0.755,0.0,False,0.00011122095897182402,120,120.0,88.0,32.0,inf,False,False,16
1357,layer3.conv1,scale,6,"(14, 17)",3,0.015,True,0.755,0.0,False,0.00011122095897182402,120,120.0,56.0,64.0,inf,False,False,16
1358,layer3.conv1,scale,5,"(46, 11)",5,0.025,True,0.75,0.0050000000000000044,False,0.00011122095897182402,121,121.0,89.0,32.0,inf,False,False,16
1359,layer3.conv1,scale,7,"(23, 0)",200,1.0,True,0.0,0.755,True,0.00011122095897182402,121,121.0,249.0,128.0,inf,False,False,16
1360,layer3.conv1,scale,7,"(19, 5)",177,0.885,True,0.105,0.65,False,0.00011122095897182402,120,120.0,248.0,128.0,inf,False,False,16
1361,layer3.conv1,scale,6,"(5, 13)",0,0.0,False,0.755,0.0,False,0.00011122095897182402,121,121.0,57.0,64.0,inf,False,False,16
1362,layer3.conv1,scale,7,"(30, 14)",191,0.955,True,0.05,0.705,True,0.00011122095897182402,121,121.0,249.0,128.0,inf,False,False,16
1363,layer3.conv1,scale,4,"(16, 10)",2,0.01,True,0.755,0.0,False,0.00011122095897182402,121,121.0,105.0,16.0,inf,False,False,16
1364,layer3.conv1,scale,2,"(6, 2)",7,0.035,True,0.74,0.015000000000000013,False,0.00011122095897182402,121,121.0,125.0,4.0,inf,False,False,16
1365,layer3.conv1,scale,5,"(60, 10)",0,0.0,False,0.755,0.0,False,0.00011122095897182402,121,121.0,89.0,32.0,inf,False,False,16
1366,layer3.conv1,scale,6,"(7, 11)",4,0.02,True,0.745,0.010000000000000009,False,0.00011122095897182402,121,121.0,57.0,64.0,inf,False,False,16
1367,layer3.conv1,scale,2,"(37, 1)",24,0.12,True,0.73,0.025000000000000022,False,0.00011122095897182402,121,121.0,125.0,4.0,inf,False,False,16
1368,layer3.conv1,scale,7,"(18, 6)",200,1.0,True,0.0,0.755,True,0.00011122095897182402,121,121.0,249.0,128.0,inf,False,False,16
1369,layer3.conv1,scale,0,"(43, 4)",5,0.025,True,0.75,0.0050000000000000044,False,0.00011122095897182402,121,121.0,120.0,1.0,inf,False,False,16
1370,layer3.conv1,scale,0,"(45, 13)",4,0.02,True,0.765,-0.010000000000000009,False,0.00011122095897182402,122,122.0,123.0,1.0,inf,False,False,16
1371,layer3.conv1,scale,5,"(31, 13)",2,0.01,True,0.745,0.010000000000000009,False,0.00011122095897182402,121,121.0,89.0,32.0,inf,False,False,16
1372,layer3.conv1,scale,3,"(25, 3)",4,0.02,True,0.75,0.0050000000000000044,False,0.00011122095897182402,121,121.0,113.0,8.0,inf,False,False,16
1373,layer3.conv1,scale,0,"(57, 12)",9,0.045,True,0.77,-0.015000000000000013,False,0.00011122095897182402,122,122.0,123.0,1.0,inf,False,False,16
1374,layer3.conv1,scale,4,"(55, 5)",2,0.01,True,0.745,0.010000000000000009,False,0.00011122095897182402,120,120.0,104.0,16.0,inf,False,False,16
1375,layer3.conv1,scale,7,"(62, 10)",200,1.0,True,0.0,0.755,True,0.00011122095897182402,121,121.0,249.0,128.0,inf,False,False,16
1376,layer3.conv1,scale,4,"(42, 6)",3,0.015,True,0.75,0.0050000000000000044,False,0.00011122095897182402,121,121.0,105.0,16.0,inf,False,False,16
1377,layer3.conv1,scale,7,"(55, 5)",200,1.0,True,0.0,0.755,True,0.00011122095897182402,120,120.0,248.0,128.0,inf,False,False,16
1378,layer3.conv1,scale,6,"(58, 13)",0,0.0,False,0.755,0.0,False,0.00011122095897182402,121,121.0,57.0,64.0,inf,False,False,16
1379,layer3.conv1,scale,0,"(44, 5)",1,0.005,True,0.75,0.0050000000000000044,False,0.00011122095897182402,120,120.0,121.0,1.0,inf,False,False,16
1380,layer3.conv1,scale,0,"(50, 10)",1,0.005,True,0.76,-0.0050000000000000044,False,0.00011122095897182402,121,121.0,120.0,1.0,inf,False,False,16
1381,layer3.conv1,scale,0,"(31, 17)",2,0.01,True,0.75,0.0050000000000000044,False,0.00011122095897182402,120,120.0,121.0,1.0,inf,False,False,16
1382,layer3.conv1,scale,0,"(28, 2)",4,0.02,True,0.75,0.0050000000000000044,False,0.00011122095897182402,121,121.0,120.0,1.0,inf,False,False,16
1383,layer3.conv1,scale,7,"(34, 2)",195,0.975,True,0.015,0.74,True,0.00011122095897182402,122,122.0,250.0,128.0,inf,False,False,16
1384,layer3.conv1,scale,6,"(6, 13)",6,0.03,True,0.755,0.0,False,0.00011122095897182402,121,121.0,57.0,64.0,inf,False,False,16
1385,layer3.conv1,scale,7,"(35, 10)",200,1.0,True,0.0,0.755,True,0.00011122095897182402,122,122.0,250.0,128.0,inf,False,False,16
1386,layer3.conv1,scale,2,"(31, 6)",63,0.315,True,0.635,0.12,False,0.00011122095897182402,121,121.0,125.0,4.0,inf,False,False,16
1387,layer3.conv1,scale,7,"(9, 3)",190,0.95,True,0.03,0.725,True,0.00011122095897182402,121,121.0,249.0,128.0,inf,False,False,16
1388,layer3.conv1,scale,3,"(32, 16)",3,0.015,True,0.75,0.0050000000000000044,False,0.00011122095897182402,120,120.0,112.0,8.0,inf,False,False,16
1389,layer3.conv1,scale,5,"(23, 12)",2,0.01,True,0.755,0.0,False,0.00011122095897182402,121,121.0,89.0,32.0,inf,False,False,16
1390,layer3.conv1,scale,1,"(7, 1)",1,0.005,True,0.75,0.0050000000000000044,False,0.00011122095897182402,121,121.0,123.0,2.0,inf,False,False,16
1391,layer3.conv1,scale,1,"(44, 9)",5,0.025,True,0.73,0.025000000000000022,False,0.00011122095897182402,121,121.0,123.0,2.0,inf,False,False,16
1392,layer3.conv1,scale,7,"(9, 10)",200,1.0,True,0.0,0.755,True,0.00011122095897182402,122,122.0,250.0,128.0,inf,False,False,16
1393,layer3.conv1,scale,2,"(42, 4)",9,0.045,True,0.73,0.025000000000000022,False,0.00011122095897182402,121,121.0,125.0,4.0,inf,False,False,16
1394,layer3.conv1,scale,3,"(62, 15)",2,0.01,True,0.755,0.0,False,0.00011122095897182402,121,121.0,113.0,8.0,inf,False,False,16
1395,layer3.conv1,scale,5,"(5, 4)",1,0.005,True,0.75,0.0050000000000000044,False,0.00011122095897182402,121,121.0,89.0,32.0,inf,False,False,16
1396,layer3.conv1,scale,0,"(52, 17)",0,0.0,False,0.755,0.0,False,0.00011122095897182402,121,121.0,120.0,1.0,inf,False,False,16
1397,layer3.conv1,scale,0,"(27, 12)",3,0.015,True,0.75,0.0050000000000000044,False,0.00011122095897182402,121,121.0,120.0,1.0,inf,False,False,16
1398,layer3.conv1,scale,7,"(23, 0)",200,1.0,True,0.0,0.755,True,0.00011122095897182402,121,121.0,249.0,128.0,inf,False,False,16
1399,layer3.conv1,scale,0,"(4, 5)",0,0.0,False,0.755,0.0,False,0.00011122095897182402,121,121.0,120.0,1.0,inf,False,False,16
1400,layer3.conv1,scale,4,"(1, 14)",3,0.015,True,0.745,0.010000000000000009,False,0.00011122095897182402,122,122.0,106.0,16.0,inf,False,False,16
1401,layer3.conv1,scale,5,"(59, 0)",1,0.005,True,0.75,0.0050000000000000044,False,0.00011122095897182402,121,121.0,89.0,32.0,inf,False,False,16
1402,layer3.conv1,scale,2,"(17, 1)",114,0.57,True,0.405,0.35,False,0.00011122095897182402,121,121.0,125.0,4.0,inf,False,False,16
1403,layer3.conv1,scale,4,"(37, 11)",2,0.01,True,0.76,-0.0050000000000000044,False,0.00011122095897182402,122,122.0,106.0,16.0,inf,False,False,16
1404,layer3.conv1,scale,0,"(35, 4)",1,0.005,True,0.76,-0.0050000000000000044,False,0.00011122095897182402,121,121.0,120.0,1.0,inf,False,False,16
1405,layer3.conv1,scale,6,"(45, 6)",6,0.03,True,0.765,-0.010000000000000009,False,0.00011122095897182402,122,122.0,58.0,64.0,inf,False,False,16
1406,layer3.conv1,scale,0,"(61, 16)",5,0.025,True,0.75,0.0050000000000000044,False,0.00011122095897182402,121,121.0,120.0,1.0,inf,False,False,16
1407,layer3.conv1,scale,3,"(54, 12)",2,0.01,True,0.76,-0.0050000000000000044,False,0.00011122095897182402,121,121.0,113.0,8.0,inf,False,False,16
1408,layer3.conv1,scale,6,"(1, 9)",2,0.01,True,0.75,0.0050000000000000044,False,0.00011122095897182402,121,121.0,57.0,64.0,inf,False,False,16
1409,layer3.conv1,scale,2,"(25, 10)",11,0.055,True,0.755,0.0,False,0.00011122095897182402,122,122.0,126.0,4.0,inf,False,False,16
1410,layer3.conv1,scale,0,"(45, 17)",0,0.0,False,0.755,0.0,False,0.00011122095897182402,121,121.0,120.0,1.0,inf,False,False,16
1411,layer3.conv1,scale,3,"(15, 16)",0,0.0,False,0.755,0.0,False,0.00011122095897182402,121,121.0,113.0,8.0,inf,False,False,16
1412,layer3.conv1,scale,1,"(61, 6)",3,0.015,True,0.755,0.0,False,0.00011122095897182402,122,122.0,120.0,2.0,inf,False,False,16
1413,layer3.conv1,scale,7,"(36, 10)",200,1.0,True,0.0,0.755,True,0.00011122095897182402,122,122.0,250.0,128.0,inf,False,False,16
1414,layer3.conv1,scale,4,"(61, 13)",1,0.005,True,0.755,0.0,False,0.00011122095897182402,121,121.0,105.0,16.0,inf,False,False,16
1415,layer3.conv1,scale,2,"(38, 1)",7,0.035,True,0.75,0.0050000000000000044,False,0.00011122095897182402,122,122.0,126.0,4.0,inf,False,False,16
1416,layer3.conv1,scale,0,"(38, 1)",2,0.01,True,0.745,0.010000000000000009,False,0.00011122095897182402,122,122.0,123.0,1.0,inf,False,False,16
1417,layer3.conv1,scale,4,"(39, 9)",4,0.02,True,0.765,-0.010000000000000009,False,0.00011122095897182402,121,121.0,105.0,16.0,inf,False,False,16
1418,layer3.conv1,scale,5,"(50, 5)",2,0.01,True,0.75,0.0050000000000000044,False,0.00011122095897182402,121,121.0,89.0,32.0,inf,False,False,16
1419,layer3.conv1,scale,2,"(14, 16)",4,0.02,True,0.75,0.0050000000000000044,False,0.00011122095897182402,120,120.0,124.0,4.0,inf,False,False,16
1420,layer3.conv1,scale,5,"(43, 10)",4,0.02,True,0.76,-0.0050000000000000044,False,0.00011122095897182402,121,121.0,89.0,32.0,inf,False,False,16
1421,layer3.conv1,scale,7,"(27, 7)",189,0.945,True,0.045,0.71,True,0.00011122095897182402,121,121.0,249.0,128.0,inf,False,False,16
1422,layer3.conv1,scale,5,"(1, 3)",7,0.035,True,0.75,0.0050000000000000044,False,0.00011122095897182402,121,121.0,89.0,32.0,inf,False,False,16
1423,layer3.conv1,scale,0,"(29, 12)",2,0.01,True,0.755,0.0,False,0.00011122095897182402,121,121.0,120.0,1.0,inf,False,False,16
1424,layer3.conv1,scale,2,"(17, 10)",83,0.415,True,0.535,0.21999999999999997,False,0.00011122095897182402,121,121.0,125.0,4.0,inf,False,False,16
1425,layer3.conv1,scale,3,"(63, 12)",3,0.015,True,0.74,0.015000000000000013,False,0.00011122095897182402,122,122.0,114.0,8.0,inf,False,False,16
1426,layer3.conv1,scale,2,"(60, 4)",86,0.43,True,0.47,0.28500000000000003,False,0.00011122095897182402,121,121.0,125.0,4.0,inf,False,False,16
1427,layer3.conv1,scale,7,"(2, 1)",187,0.935,True,0.06,0.6950000000000001,True,0.00011122095897182402,121,121.0,249.0,128.0,inf,False,False,16
1428,layer3.conv1,scale,6,"(6, 7)",13,0.065,True,0.75,0.0050000000000000044,False,0.00011122095897182402,122,122.0,58.0,64.0,inf,False,False,16
1429,layer3.conv1,scale,5,"(48, 16)",3,0.015,True,0.745,0.010000000000000009,False,0.00011122095897182402,121,121.0,89.0,32.0,inf,False,False,16
1430,layer3.conv1,scale,7,"(10, 4)",200,1.0,True,0.0,0.755,True,0.00011122095897182402,121,121.0,249.0,128.0,inf,False,False,16
1431,layer3.conv1,scale,1,"(2, 3)",8,0.04,True,0.745,0.010000000000000009,False,0.00011122095897182402,121,121.0,123.0,2.0,inf,False,False,16
1432,layer3.conv1,scale,4,"(39, 10)",2,0.01,True,0.765,-0.010000000000000009,False,0.00011122095897182402,121,121.0,105.0,16.0,inf,False,False,16
1433,layer3.conv1,scale,3,"(9, 9)",6,0.03,True,0.75,0.0050000000000000044,False,0.00011122095897182402,121,121.0,113.0,8.0,inf,False,False,16
1434,layer3.conv1,scale,7,"(57, 5)",200,1.0,True,0.0,0.755,True,0.00011122095897182402,121,121.0,249.0,128.0,inf,False,False,16
1435,layer3.conv1,scale,4,"(29, 11)",0,0.0,False,0.755,0.0,False,0.00011122095897182402,120,120.0,104.0,16.0,inf,False,False,16
1436,layer3.conv1,scale,1,"(23, 10)",0,0.0,False,0.755,0.0,False,0.00011122095897182402,121,121.0,123.0,2.0,inf,False,False,16
1437,layer3.conv1,scale,7,"(0, 3)",200,1.0,True,0.0,0.755,True,0.00011122095897182402,121,121.0,249.0,128.0,inf,False,False,16
1438,layer3.conv1,scale,6,"(38, 8)",1,0.005,True,0.76,-0.0050000000000000044,False,0.00011122095897182402,121,121.0,57.0,64.0,inf,False,False,16
1439,layer3.conv1,scale,3,"(10, 11)",2,0.01,True,0.755,0.0,False,0.00011122095897182402,120,120.0,112.0,8.0,inf,False,False,16
1440,layer3.conv1,scale,1,"(62, 11)",1,0.005,True,0.75,0.0050000000000000044,False,0.00011122095897182402,121,121.0,123.0,2.0,inf,False,False,16
1441,layer3.conv1,scale,1,"(46, 14)",10,0.05,True,0.735,0.020000000000000018,False,0.00011122095897182402,121,121.0,123.0,2.0,inf,False,False,16
1442,layer3.conv1,scale,2,"(53, 10)",73,0.365,True,0.585,0.17000000000000004,False,0.00011122095897182402,121,121.0,125.0,4.0,inf,False,False,16
1443,layer3.conv1,scale,5,"(1, 5)",1,0.005,True,0.755,0.0,False,0.00011122095897182402,121,121.0,89.0,32.0,inf,False,False,16
1444,layer3.conv1,scale,0,"(0, 15)",3,0.015,True,0.755,0.0,False,0.00011122095897182402,121,121.0,120.0,1.0,inf,False,False,16
1445,layer3.conv1,scale,4,"(13, 15)",2,0.01,True,0.745,0.010000000000000009,False,0.00011122095897182402,121,121.0,105.0,16.0,inf,False,False,16
1446,layer3.conv1,scale,7,"(43, 5)",200,1.0,True,0.0,0.755,True,0.00011122095897182402,121,121.0,249.0,128.0,inf,False,False,16
1447,layer3.conv1,scale,3,"(30, 5)",4,0.02,True,0.755,0.0,False,0.00011122095897182402,121,121.0,113.0,8.0,inf,False,False,16
1448,layer3.conv1,scale,1,"(6, 16)",6,0.03,True,0.74,0.015000000000000013,False,0.00011122095897182402,121,121.0,123.0,2.0,inf,False,False,16
1449,layer3.conv1,scale,7,"(51, 13)",200,1.0,True,0.005,0.75,True,0.00011122095897182402,122,122.0,250.0,128.0,inf,False,False,16
1450,layer3.conv1,scale,1,"(61, 2)",1,0.005,True,0.755,0.0,False,0.00011122095897182402,122,122.0,120.0,2.0,inf,False,False,16
1451,layer3.conv1,scale,2,"(38, 1)",7,0.035,True,0.75,0.0050000000000000044,False,0.00011122095897182402,122,122.0,126.0,4.0,inf,False,False,16
1452,layer3.conv1,scale,2,"(46, 0)",18,0.09,True,0.72,0.03500000000000003,False,0.00011122095897182402,121,121.0,125.0,4.0,inf,False,False,16
1453,layer3.conv1,scale,4,"(45, 4)",2,0.01,True,0.755,0.0,False,0.00011122095897182402,122,122.0,106.0,16.0,inf,False,False,16
1454,layer3.conv1,scale,3,"(57, 16)",4,0.02,True,0.755,0.0,False,0.00011122095897182402,121,121.0,113.0,8.0,inf,False,False,16
1455,layer3.conv1,scale,6,"(61, 2)",1,0.005,True,0.755,0.0,False,0.00011122095897182402,122,122.0,58.0,64.0,inf,False,False,16
1456,layer3.conv1,scale,6,"(31, 8)",4,0.02,True,0.745,0.010000000000000009,False,0.00011122095897182402,121,121.0,57.0,64.0,inf,False,False,16
1457,layer3.conv1,scale,0,"(44, 9)",2,0.01,True,0.755,0.0,False,0.00011122095897182402,121,121.0,120.0,1.0,inf,False,False,16
1458,layer3.conv1,scale,0,"(3, 14)",9,0.045,True,0.74,0.015000000000000013,False,0.00011122095897182402,121,121.0,120.0,1.0,inf,False,False,16
1459,layer3.conv1,scale,6,"(30, 11)",6,0.03,True,0.745,0.010000000000000009,False,0.00011122095897182402,121,121.0,57.0,64.0,inf,False,False,16
1460,layer3.conv1,scale,0,"(13, 5)",7,0.035,True,0.765,-0.010000000000000009,False,0.00011122095897182402,122,122.0,123.0,1.0,inf,False,False,16
1461,layer3.conv1,scale,7,"(53, 11)",200,1.0,True,0.0,0.755,True,0.00011122095897182402,121,121.0,249.0,128.0,inf,False,False,16
1462,layer3.conv1,scale,1,"(5, 6)",17,0.085,True,0.775,-0.020000000000000018,False,0.00011122095897182402,121,121.0,123.0,2.0,inf,False,False,16
1463,layer3.conv1,scale,0,"(45, 14)",6,0.03,True,0.765,-0.010000000000000009,False,0.00011122095897182402,121,121.0,120.0,1.0,inf,False,False,16
1464,layer3.conv1,scale,7,"(48, 5)",178,0.89,True,0.1,0.655,True,0.00011122095897182402,121,121.0,249.0,128.0,inf,False,False,16
1465,layer3.conv1,scale,4,"(34, 13)",4,0.02,True,0.755,0.0,False,0.00011122095897182402,122,122.0,106.0,16.0,inf,False,False,16
1466,layer3.conv1,scale,6,"(56, 2)",1,0.005,True,0.75,0.0050000000000000044,False,0.00011122095897182402,121,121.0,57.0,64.0,inf,False,False,16
1467,layer3.conv1,scale,2,"(7, 14)",167,0.835,True,0.185,0.5700000000000001,False,0.00011122095897182402,121,121.0,125.0,4.0,inf,False,False,16
1468,layer3.conv1,scale,7,"(29, 0)",198,0.99,True,0.04,0.715,True,0.00011122095897182402,120,120.0,248.0,128.0,inf,False,False,16
1469,layer3.conv1,scale,1,"(12, 10)",21,0.105,True,0.75,0.0050000000000000044,False,0.00011122095897182402,120,120.0,122.0,2.0,inf,False,False,16
1470,layer3.conv1,scale,4,"(53, 10)",0,0.0,False,0.755,0.0,False,0.00011122095897182402,121,121.0,105.0,16.0,inf,False,False,16
1471,layer3.conv1,scale,1,"(15, 10)",12,0.06,True,0.735,0.020000000000000018,False,0.00011122095897182402,121,121.0,123.0,2.0,inf,False,False,16
1472,layer3.conv1,scale,0,"(13, 15)",0,0.0,False,0.755,0.0,False,0.00011122095897182402,121,121.0,120.0,1.0,inf,False,False,16
1473,layer3.conv1,scale,1,"(22, 5)",6,0.03,True,0.75,0.0050000000000000044,False,0.00011122095897182402,121,121.0,123.0,2.0,inf,False,False,16
1474,layer3.conv1,scale,4,"(28, 0)",1,0.005,True,0.75,0.0050000000000000044,False,0.00011122095897182402,120,120.0,104.0,16.0,inf,False,False,16
1475,layer3.conv1,scale,0,"(63, 17)",11,0.055,True,0.77,-0.015000000000000013,False,0.00011122095897182402,122,122.0,123.0,1.0,inf,False,False,16
1476,layer3.conv1,scale,2,"(26, 16)",158,0.79,True,0.185,0.5700000000000001,False,0.00011122095897182402,121,121.0,125.0,4.0,inf,False,False,16
1477,layer3.conv1,scale,6,"(36, 0)",2,0.01,True,0.755,0.0,False,0.00011122095897182402,121,121.0,57.0,64.0,inf,False,False,16
1478,layer3.conv1,scale,1,"(31, 6)",8,0.04,True,0.755,0.0,False,0.00011122095897182402,121,121.0,123.0,2.0,inf,False,False,16
1479,layer3.conv1,scale,3,"(27, 1)",1,0.005,True,0.75,0.0050000000000000044,False,0.00011122095897182402,121,121.0,113.0,8.0,inf,False,False,16
1480,layer3.conv1,scale,2,"(1, 16)",181,0.905,True,0.105,0.65,False,0.00011122095897182402,122,122.0,126.0,4.0,inf,False,False,16
1481,layer3.conv1,scale,1,"(6, 5)",6,0.03,True,0.75,0.0050000000000000044,False,0.00011122095897182402,121,121.0,123.0,2.0,inf,False,False,16
1482,layer3.conv1,scale,5,"(10, 16)",3,0.015,True,0.76,-0.0050000000000000044,False,0.00011122095897182402,120,120.0,88.0,32.0,inf,False,False,16
1483,layer3.conv1,scale,5,"(20, 13)",1,0.005,True,0.75,0.0050000000000000044,False,0.00011122095897182402,121,121.0,89.0,32.0,inf,False,False,16
1484,layer3.conv1,scale,4,"(6, 14)",0,0.0,False,0.755,0.0,False,0.00011122095897182402,121,121.0,105.0,16.0,inf,False,False,16
1485,layer3.conv1,scale,7,"(41, 9)",200,1.0,True,0.0,0.755,True,0.00011122095897182402,121,121.0,249.0,128.0,inf,False,False,16
1486,layer3.conv1,scale,5,"(41, 8)",0,0.0,False,0.755,0.0,False,0.00011122095897182402,122,122.0,90.0,32.0,inf,False,False,16
1487,layer3.conv1,scale,1,"(25, 5)",2,0.01,True,0.755,0.0,False,0.00011122095897182402,120,120.0,122.0,2.0,inf,False,False,16
1488,layer3.conv1,scale,4,"(30, 10)",4,0.02,True,0.75,0.0050000000000000044,False,0.00011122095897182402,121,121.0,105.0,16.0,inf,False,False,16
1489,layer3.conv1,scale,7,"(51, 3)",200,1.0,True,0.0,0.755,True,0.00011122095897182402,121,121.0,249.0,128.0,inf,False,False,16
1490,layer3.conv1,scale,4,"(63, 11)",12,0.06,True,0.775,-0.020000000000000018,False,0.00011122095897182402,121,121.0,105.0,16.0,inf,False,False,16
1491,layer3.conv2,scale,5,"(44, 0)",2,0.01,True,0.75,0.0050000000000000044,False,0.00011122095897182402,125,125.0,93.0,32.0,inf,False,False,16
1492,layer3.conv2,scale,0,"(35, 12)",5,0.025,True,0.76,-0.0050000000000000044,False,0.00011122095897182402,124,124.0,125.0,1.0,inf,False,False,16
1493,layer3.conv2,scale,4,"(32, 25)",4,0.02,True,0.75,0.0050000000000000044,False,0.00011122095897182402,124,124.0,108.0,16.0,inf,False,False,16
1494,layer3.conv2,scale,0,"(49, 19)",1,0.005,True,0.75,0.0050000000000000044,False,0.00011122095897182402,123,123.0,122.0,1.0,inf,False,False,16
1495,layer3.conv2,scale,6,"(24, 30)",4,0.02,True,0.755,0.0,False,0.00011122095897182402,123,123.0,59.0,64.0,inf,False,False,16
1496,layer3.conv2,scale,3,"(43, 26)",1,0.005,True,0.75,0.0050000000000000044,False,0.00011122095897182402,124,124.0,116.0,8.0,inf,False,False,16
1497,layer3.conv2,scale,2,"(48, 4)",3,0.015,True,0.76,-0.0050000000000000044,False,0.00011122095897182402,124,124.0,120.0,4.0,inf,False,False,16
1498,layer3.conv2,scale,3,"(42, 28)",4,0.02,True,0.74,0.015000000000000013,False,0.00011122095897182402,124,124.0,116.0,8.0,inf,False,False,16
1499,layer3.conv2,scale,7,"(6, 24)",200,1.0,True,0.0,0.755,True,0.00011122095897182402,124,124.0,252.0,128.0,inf,False,False,16
1500,layer3.conv2,scale,4,"(21, 34)",1,0.005,True,0.755,0.0,False,0.00011122095897182402,124,124.0,108.0,16.0,inf,False,False,16
1501,layer3.conv2,scale,3,"(52, 17)",2,0.01,True,0.755,0.0,False,0.00011122095897182402,124,124.0,116.0,8.0,inf,False,False,16
1502,layer3.conv2,scale,3,"(13, 27)",0,0.0,False,0.755,0.0,False,0.00011122095897182402,124,124.0,116.0,8.0,inf,False,False,16
1503,layer3.conv2,scale,1,"(27, 31)",1,0.005,True,0.75,0.0050000000000000044,False,0.00011122095897182402,123,123.0,121.0,2.0,inf,False,False,16
1504,layer3.conv2,scale,3,"(49, 27)",2,0.01,True,0.76,-0.0050000000000000044,False,0.00011122095897182402,124,124.0,116.0,8.0,inf,False,False,16
1505,layer3.conv2,scale,7,"(49, 25)",200,1.0,True,0.0,0.755,True,0.00011122095897182402,123,123.0,251.0,128.0,inf,False,False,16
1506,layer3.conv2,scale,0,"(40, 21)",2,0.01,True,0.765,-0.010000000000000009,False,0.00011122095897182402,125,125.0,124.0,1.0,inf,False,False,16
1507,layer3.conv2,scale,4,"(28, 29)",0,0.0,False,0.755,0.0,False,0.00011122095897182402,123,123.0,107.0,16.0,inf,False,False,16
1508,layer3.conv2,scale,6,"(48, 25)",0,0.0,False,0.755,0.0,False,0.00011122095897182402,124,124.0,60.0,64.0,inf,False,False,16
1509,layer3.conv2,scale,4,"(61, 13)",2,0.01,True,0.755,0.0,False,0.00011122095897182402,123,123.0,107.0,16.0,inf,False,False,16
1510,layer3.conv2,scale,4,"(20, 11)",2,0.01,True,0.75,0.0050000000000000044,False,0.00011122095897182402,124,124.0,108.0,16.0,inf,False,False,16
1511,layer3.conv2,scale,7,"(14, 35)",174,0.87,True,0.14,0.615,True,0.00011122095897182402,124,124.0,252.0,128.0,inf,False,False,16
1512,layer3.conv2,scale,7,"(1, 3)",200,1.0,True,0.0,0.755,True,0.00011122095897182402,124,124.0,252.0,128.0,inf,False,False,16
1513,layer3.conv2,scale,2,"(20, 29)",4,0.02,True,0.77,-0.015000000000000013,False,0.00011122095897182402,124,124.0,120.0,4.0,inf,False,False,16
1514,layer3.conv2,scale,7,"(49, 35)",183,0.915,True,0.055,0.7,True,0.00011122095897182402,123,123.0,251.0,128.0,inf,False,False,16
1515,layer3.conv2,scale,7,"(23, 14)",175,0.875,True,0.1,0.655,True,0.00011122095897182402,124,124.0,252.0,128.0,inf,False,False,16
1516,layer3.conv2,scale,7,"(10, 32)",200,1.0,True,0.0,0.755,True,0.00011122095897182402,124,124.0,252.0,128.0,inf,False,False,16
1517,layer3.conv2,scale,3,"(38, 12)",3,0.015,True,0.755,0.0,False,0.00011122095897182402,124,124.0,116.0,8.0,inf,False,False,16
1518,layer3.conv2,scale,5,"(48, 4)",3,0.015,True,0.76,-0.0050000000000000044,False,0.00011122095897182402,124,124.0,92.0,32.0,inf,False,False,16
1519,layer3.conv2,scale,4,"(6, 22)",1,0.005,True,0.76,-0.0050000000000000044,False,0.00011122095897182402,123,123.0,107.0,16.0,inf,False,False,16
1520,layer3.conv2,scale,0,"(3, 15)",3,0.015,True,0.75,0.0050000000000000044,False,0.00011122095897182402,125,125.0,124.0,1.0,inf,False,False,16
1521,layer3.conv2,scale,1,"(52, 25)",7,0.035,True,0.75,0.0050000000000000044,False,0.00011122095897182402,124,124.0,126.0,2.0,inf,False,False,16
1522,layer3.conv2,scale,3,"(6, 5)",2,0.01,True,0.755,0.0,False,0.00011122095897182402,124,124.0,116.0,8.0,inf,False,False,16
1523,layer3.conv2,scale,2,"(55, 26)",1,0.005,True,0.755,0.0,False,0.00011122095897182402,124,124.0,120.0,4.0,inf,False,False,16
1524,layer3.conv2,scale,4,"(7, 17)",1,0.005,True,0.76,-0.0050000000000000044,False,0.00011122095897182402,124,124.0,108.0,16.0,inf,False,False,16
1525,layer3.conv2,scale,2,"(2, 17)",2,0.01,True,0.765,-0.010000000000000009,False,0.00011122095897182402,124,124.0,120.0,4.0,inf,False,False,16
1526,layer3.conv2,scale,1,"(9, 5)",5,0.025,True,0.745,0.010000000000000009,False,0.00011122095897182402,124,124.0,126.0,2.0,inf,False,False,16
1527,layer3.conv2,scale,2,"(12, 3)",3,0.015,True,0.755,0.0,False,0.00011122095897182402,124,124.0,120.0,4.0,inf,False,False,16
1528,layer3.conv2,scale,0,"(51, 35)",0,0.0,False,0.755,0.0,False,0.00011122095897182402,124,124.0,125.0,1.0,inf,False,False,16
1529,layer3.conv2,scale,3,"(7, 34)",1,0.005,True,0.755,0.0,False,0.00011122095897182402,124,124.0,116.0,8.0,inf,False,False,16
1530,layer3.conv2,scale,5,"(1, 20)",0,0.0,False,0.755,0.0,False,0.00011122095897182402,123,123.0,91.0,32.0,inf,False,False,16
1531,layer3.conv2,scale,1,"(7, 6)",4,0.02,True,0.765,-0.010000000000000009,False,0.00011122095897182402,124,124.0,126.0,2.0,inf,False,False,16
1532,layer3.conv2,scale,6,"(19, 20)",2,0.01,True,0.765,-0.010000000000000009,False,0.00011122095897182402,123,123.0,59.0,64.0,inf,False,False,16
1533,layer3.conv2,scale,4,"(44, 8)",3,0.015,True,0.745,0.010000000000000009,False,0.00011122095897182402,124,124.0,108.0,16.0,inf,False,False,16
1534,layer3.conv2,scale,1,"(35, 4)",5,0.025,True,0.75,0.0050000000000000044,False,0.00011122095897182402,124,124.0,126.0,2.0,inf,False,False,16
1535,layer3.conv2,scale,2,"(60, 31)",2,0.01,True,0.75,0.0050000000000000044,False,0.00011122095897182402,124,124.0,120.0,4.0,inf,False,False,16
1536,layer3.conv2,scale,0,"(34, 9)",12,0.06,True,0.745,0.010000000000000009,False,0.00011122095897182402,124,124.0,125.0,1.0,inf,False,False,16
1537,layer3.conv2,scale,6,"(33, 31)",6,0.03,True,0.76,-0.0050000000000000044,False,0.00011122095897182402,123,123.0,59.0,64.0,inf,False,False,16
1538,layer3.conv2,scale,5,"(43, 15)",2,0.01,True,0.745,0.010000000000000009,False,0.00011122095897182402,124,124.0,92.0,32.0,inf,False,False,16
1539,layer3.conv2,scale,7,"(1, 28)",189,0.945,True,0.06,0.6950000000000001,True,0.00011122095897182402,123,123.0,251.0,128.0,inf,False,False,16
1540,layer3.conv2,scale,5,"(34, 13)",2,0.01,True,0.745,0.010000000000000009,False,0.00011122095897182402,123,123.0,91.0,32.0,inf,False,False,16
1541,layer3.conv2,scale,1,"(47, 22)",9,0.045,True,0.745,0.010000000000000009,False,0.00011122095897182402,124,124.0,126.0,2.0,inf,False,False,16
1542,layer3.conv2,scale,1,"(8, 25)",7,0.035,True,0.75,0.0050000000000000044,False,0.00011122095897182402,124,124.0,126.0,2.0,inf,False,False,16
1543,layer3.conv2,scale,7,"(48, 19)",200,1.0,True,0.0,0.755,True,0.00011122095897182402,124,124.0,252.0,128.0,inf,False,False,16
1544,layer3.conv2,scale,1,"(5, 1)",7,0.035,True,0.75,0.0050000000000000044,False,0.00011122095897182402,124,124.0,126.0,2.0,inf,False,False,16
1545,layer3.conv2,scale,6,"(47, 29)",4,0.02,True,0.745,0.010000000000000009,False,0.00011122095897182402,123,123.0,59.0,64.0,inf,False,False,16
1546,layer3.conv2,scale,1,"(49, 27)",14,0.07,True,0.73,0.025000000000000022,False,0.00011122095897182402,124,124.0,126.0,2.0,inf,False,False,16
1547,layer3.conv2,scale,1,"(50, 28)",1,0.005,True,0.76,-0.0050000000000000044,False,0.00011122095897182402,123,123.0,121.0,2.0,inf,False,False,16
1548,layer3.conv2,scale,5,"(18, 10)",1,0.005,True,0.75,0.0050000000000000044,False,0.00011122095897182402,123,123.0,91.0,32.0,inf,False,False,16
1549,layer3.conv2,scale,1,"(9, 16)",5,0.025,True,0.75,0.0050000000000000044,False,0.00011122095897182402,124,124.0,126.0,2.0,inf,False,False,16
1550,layer3.conv2,scale,6,"(9, 20)",2,0.01,True,0.75,0.0050000000000000044,False,0.00011122095897182402,124,124.0,60.0,64.0,inf,False,False,16
1551,layer3.conv2,scale,7,"(21, 23)",194,0.97,True,0.03,0.725,True,0.00011122095897182402,123,123.0,251.0,128.0,inf,False,False,16
1552,layer3.conv2,scale,6,"(18, 15)",1,0.005,True,0.75,0.0050000000000000044,False,0.00011122095897182402,124,124.0,60.0,64.0,inf,False,False,16
1553,layer3.conv2,scale,5,"(13, 9)",3,0.015,True,0.745,0.010000000000000009,False,0.00011122095897182402,124,124.0,92.0,32.0,inf,False,False,16
1554,layer3.conv2,scale,1,"(7, 35)",6,0.03,True,0.75,0.0050000000000000044,False,0.00011122095897182402,124,124.0,126.0,2.0,inf,False,False,16
1555,layer3.conv2,scale,5,"(52, 28)",5,0.025,True,0.75,0.0050000000000000044,False,0.00011122095897182402,124,124.0,92.0,32.0,inf,False,False,16
1556,layer3.conv2,scale,2,"(48, 33)",0,0.0,False,0.755,0.0,False,0.00011122095897182402,124,124.0,120.0,4.0,inf,False,False,16
1557,layer3.conv2,scale,1,"(30, 6)",3,0.015,True,0.75,0.0050000000000000044,False,0.00011122095897182402,123,123.0,121.0,2.0,inf,False,False,16
1558,layer3.conv2,scale,4,"(13, 21)",1,0.005,True,0.76,-0.0050000000000000044,False,0.00011122095897182402,124,124.0,108.0,16.0,inf,False,False,16
1559,layer3.conv2,scale,5,"(11, 0)",1,0.005,True,0.75,0.0050000000000000044,False,0.00011122095897182402,124,124.0,92.0,32.0,inf,False,False,16
1560,layer3.conv2,scale,4,"(37, 13)",1,0.005,True,0.76,-0.0050000000000000044,False,0.00011122095897182402,123,123.0,107.0,16.0,inf,False,False,16
1561,layer3.conv2,scale,4,"(34, 32)",2,0.01,True,0.755,0.0,False,0.00011122095897182402,123,123.0,107.0,16.0,inf,False,False,16
1562,layer3.conv2,scale,1,"(26, 15)",11,0.055,True,0.725,0.030000000000000027,False,0.00011122095897182402,124,124.0,126.0,2.0,inf,False,False,16
1563,layer3.conv2,scale,5,"(16, 29)",2,0.01,True,0.755,0.0,False,0.00011122095897182402,124,124.0,92.0,32.0,inf,False,False,16
1564,layer3.conv2,scale,2,"(36, 35)",2,0.01,True,0.745,0.010000000000000009,False,0.00011122095897182402,124,124.0,120.0,4.0,inf,False,False,16
1565,layer3.conv2,scale,1,"(7, 11)",9,0.045,True,0.77,-0.015000000000000013,False,0.00011122095897182402,124,124.0,126.0,2.0,inf,False,False,16
1566,layer3.conv2,scale,4,"(59, 14)",8,0.04,True,0.77,-0.015000000000000013,False,0.00011122095897182402,124,124.0,108.0,16.0,inf,False,False,16
1567,layer3.conv2,scale,4,"(18, 28)",4,0.02,True,0.745,0.010000000000000009,False,0.00011122095897182402,124,124.0,108.0,16.0,inf,False,False,16
1568,layer3.conv2,scale,5,"(31, 7)",2,0.01,True,0.76,-0.0050000000000000044,False,0.00011122095897182402,124,124.0,92.0,32.0,inf,False,False,16
1569,layer3.conv2,scale,4,"(53, 33)",1,0.005,True,0.75,0.0050000000000000044,False,0.00011122095897182402,124,124.0,108.0,16.0,inf,False,False,16
1570,layer3.conv2,scale,5,"(8, 24)",0,0.0,False,0.755,0.0,False,0.00011122095897182402,123,123.0,91.0,32.0,inf,False,False,16
1571,layer3.conv2,scale,4,"(10, 10)",1,0.005,True,0.76,-0.0050000000000000044,False,0.00011122095897182402,124,124.0,108.0,16.0,inf,False,False,16
1572,layer3.conv2,scale,4,"(44, 3)",2,0.01,True,0.75,0.0050000000000000044,False,0.00011122095897182402,124,124.0,108.0,16.0,inf,False,False,16
1573,layer3.conv2,scale,0,"(43, 24)",2,0.01,True,0.75,0.0050000000000000044,False,0.00011122095897182402,124,124.0,125.0,1.0,inf,False,False,16
1574,layer3.conv2,scale,0,"(19, 22)",3,0.015,True,0.745,0.010000000000000009,False,0.00011122095897182402,124,124.0,125.0,1.0,inf,False,False,16
1575,layer3.conv2,scale,2,"(38, 22)",1,0.005,True,0.76,-0.0050000000000000044,False,0.00011122095897182402,124,124.0,120.0,4.0,inf,False,False,16
1576,layer3.conv2,scale,1,"(16, 29)",3,0.015,True,0.76,-0.0050000000000000044,False,0.00011122095897182402,124,124.0,126.0,2.0,inf,False,False,16
1577,layer3.conv2,scale,1,"(33, 23)",0,0.0,False,0.755,0.0,False,0.00011122095897182402,124,124.0,126.0,2.0,inf,False,False,16
1578,layer3.conv2,scale,4,"(52, 18)",1,0.005,True,0.755,0.0,False,0.00011122095897182402,124,124.0,108.0,16.0,inf,False,False,16
1579,layer3.conv2,scale,1,"(24, 25)",1,0.005,True,0.75,0.0050000000000000044,False,0.00011122095897182402,123,123.0,121.0,2.0,inf,False,False,16
1580,layer3.conv2,scale,2,"(14, 32)",21,0.105,True,0.725,0.030000000000000027,False,0.00011122095897182402,123,123.0,127.0,4.0,inf,False,False,16
1581,layer3.conv2,scale,1,"(39, 6)",5,0.025,True,0.745,0.010000000000000009,False,0.00011122095897182402,124,124.0,126.0,2.0,inf,False,False,16
1582,layer3.conv2,scale,7,"(18, 29)",200,1.0,True,0.0,0.755,True,0.00011122095897182402,124,124.0,252.0,128.0,inf,False,False,16
1583,layer3.conv2,scale,3,"(63, 6)",4,0.02,True,0.74,0.015000000000000013,False,0.00011122095897182402,124,124.0,116.0,8.0,inf,False,False,16
1584,layer3.conv2,scale,2,"(27, 32)",3,0.015,True,0.745,0.010000000000000009,False,0.00011122095897182402,124,124.0,120.0,4.0,inf,False,False,16
1585,layer3.conv2,scale,7,"(3, 20)",200,1.0,True,0.0,0.755,True,0.00011122095897182402,125,125.0,253.0,128.0,inf,False,False,16
1586,layer3.conv2,scale,6,"(49, 21)",3,0.015,True,0.755,0.0,False,0.00011122095897182402,123,123.0,59.0,64.0,inf,False,False,16
1587,layer3.conv2,scale,4,"(6, 10)",0,0.0,False,0.755,0.0,False,0.00011122095897182402,124,124.0,108.0,16.0,inf,False,False,16
1588,layer3.conv2,scale,1,"(49, 17)",2,0.01,True,0.76,-0.0050000000000000044,False,0.00011122095897182402,123,123.0,121.0,2.0,inf,False,False,16
1589,layer3.conv2,scale,1,"(46, 9)",0,0.0,False,0.755,0.0,False,0.00011122095897182402,123,123.0,121.0,2.0,inf,False,False,16
1590,layer3.conv2,scale,6,"(25, 1)",2,0.01,True,0.755,0.0,False,0.00011122095897182402,124,124.0,60.0,64.0,inf,False,False,16
1591,layer3.conv2,scale,1,"(12, 15)",5,0.025,True,0.74,0.015000000000000013,False,0.00011122095897182402,124,124.0,126.0,2.0,inf,False,False,16
1592,layer3.conv2,scale,5,"(0, 18)",3,0.015,True,0.745,0.010000000000000009,False,0.00011122095897182402,123,123.0,91.0,32.0,inf,False,False,16
1593,layer3.conv2,scale,2,"(39, 31)",2,0.01,True,0.76,-0.0050000000000000044,False,0.00011122095897182402,125,125.0,121.0,4.0,inf,False,False,16
1594,layer3.conv2,scale,7,"(0, 10)",192,0.96,True,0.03,0.725,True,0.00011122095897182402,123,123.0,251.0,128.0,inf,False,False,16
1595,layer3.conv2,scale,1,"(8, 2)",3,0.015,True,0.755,0.0,False,0.00011122095897182402,123,123.0,121.0,2.0,inf,False,False,16
1596,layer3.conv2,scale,5,"(7, 10)",3,0.015,True,0.75,0.0050000000000000044,False,0.00011122095897182402,123,123.0,91.0,32.0,inf,False,False,16
1597,layer3.conv2,scale,6,"(30, 35)",7,0.035,True,0.75,0.0050000000000000044,False,0.00011122095897182402,124,124.0,60.0,64.0,inf,False,False,16
1598,layer3.conv2,scale,7,"(63, 27)",200,1.0,True,0.0,0.755,True,0.00011122095897182402,124,124.0,252.0,128.0,inf,False,False,16
1599,layer3.conv2,scale,6,"(19, 7)",0,0.0,False,0.755,0.0,False,0.00011122095897182402,123,123.0,59.0,64.0,inf,False,False,16
1600,layer3.conv2,scale,7,"(28, 7)",200,1.0,True,0.0,0.755,True,0.00011122095897182402,124,124.0,252.0,128.0,inf,False,False,16
1601,layer3.conv2,scale,3,"(36, 33)",3,0.015,True,0.75,0.0050000000000000044,False,0.00011122095897182402,123,123.0,115.0,8.0,inf,False,False,16
1602,layer3.conv2,scale,2,"(31, 32)",1,0.005,True,0.755,0.0,False,0.00011122095897182402,124,124.0,120.0,4.0,inf,False,False,16
1603,layer3.conv2,scale,6,"(59, 9)",4,0.02,True,0.755,0.0,False,0.00011122095897182402,123,123.0,59.0,64.0,inf,False,False,16
1604,layer3.conv2,scale,4,"(44, 26)",4,0.02,True,0.75,0.0050000000000000044,False,0.00011122095897182402,124,124.0,108.0,16.0,inf,False,False,16
1605,layer3.conv2,scale,7,"(30, 17)",200,1.0,True,0.0,0.755,True,0.00011122095897182402,123,123.0,251.0,128.0,inf,False,False,16
1606,layer3.conv2,scale,0,"(31, 16)",3,0.015,True,0.74,0.015000000000000013,False,0.00011122095897182402,124,124.0,125.0,1.0,inf,False,False,16
1607,layer3.conv2,scale,7,"(41, 1)",188,0.94,True,0.05,0.705,True,0.00011122095897182402,123,123.0,251.0,128.0,inf,False,False,16
1608,layer3.conv2,scale,1,"(10, 13)",5,0.025,True,0.755,0.0,False,0.00011122095897182402,124,124.0,126.0,2.0,inf,False,False,16
1609,layer3.conv2,scale,2,"(37, 12)",14,0.07,True,0.735,0.020000000000000018,False,0.00011122095897182402,123,123.0,127.0,4.0,inf,False,False,16
1610,layer3.conv2,scale,7,"(45, 18)",155,0.775,True,0.195,0.56,True,0.00011122095897182402,124,124.0,252.0,128.0,inf,False,False,16
1611,layer3.conv2,scale,4,"(2, 12)",2,0.01,True,0.765,-0.010000000000000009,False,0.00011122095897182402,124,124.0,108.0,16.0,inf,False,False,16
1612,layer3.conv2,scale,1,"(11, 17)",4,0.02,True,0.75,0.0050000000000000044,False,0.00011122095897182402,124,124.0,126.0,2.0,inf,False,False,16
1613,layer3.conv2,scale,4,"(56, 11)",5,0.025,True,0.75,0.0050000000000000044,False,0.00011122095897182402,124,124.0,108.0,16.0,inf,False,False,16
1614,layer3.conv2,scale,2,"(21, 28)",7,0.035,True,0.755,0.0,False,0.00011122095897182402,123,123.0,127.0,4.0,inf,False,False,16
1615,layer3.conv2,scale,4,"(11, 20)",4,0.02,True,0.76,-0.0050000000000000044,False,0.00011122095897182402,124,124.0,108.0,16.0,inf,False,False,16
1616,layer3.conv2,scale,1,"(1, 18)",2,0.01,True,0.755,0.0,False,0.00011122095897182402,123,123.0,121.0,2.0,inf,False,False,16
1617,layer3.conv2,scale,3,"(28, 8)",1,0.005,True,0.755,0.0,False,0.00011122095897182402,123,123.0,115.0,8.0,inf,False,False,16
1618,layer3.conv2,scale,6,"(40, 28)",2,0.01,True,0.755,0.0,False,0.00011122095897182402,125,125.0,61.0,64.0,inf,False,False,16
1619,layer3.conv2,scale,0,"(28, 7)",1,0.005,True,0.755,0.0,False,0.00011122095897182402,124,124.0,125.0,1.0,inf,False,False,16
1620,layer3.conv2,scale,1,"(51, 19)",17,0.085,True,0.77,-0.015000000000000013,False,0.00011122095897182402,124,124.0,126.0,2.0,inf,False,False,16
1621,layer3.conv2,scale,5,"(3, 30)",4,0.02,True,0.735,0.020000000000000018,False,0.00011122095897182402,124,124.0,92.0,32.0,inf,False,False,16
1622,layer3.conv2,scale,4,"(21, 13)",1,0.005,True,0.75,0.0050000000000000044,False,0.00011122095897182402,123,123.0,107.0,16.0,inf,False,False,16
1623,layer3.conv2,scale,6,"(40, 30)",8,0.04,True,0.73,0.025000000000000022,False,0.00011122095897182402,125,125.0,61.0,64.0,inf,False,False,16
1624,layer3.conv2,scale,1,"(3, 14)",4,0.02,True,0.735,0.020000000000000018,False,0.00011122095897182402,124,124.0,126.0,2.0,inf,False,False,16
1625,layer3.conv2,scale,0,"(62, 4)",2,0.01,True,0.745,0.010000000000000009,False,0.00011122095897182402,124,124.0,125.0,1.0,inf,False,False,16
1626,layer3.conv2,scale,6,"(22, 10)",2,0.01,True,0.75,0.0050000000000000044,False,0.00011122095897182402,123,123.0,59.0,64.0,inf,False,False,16
1627,layer3.conv2,scale,0,"(15, 26)",1,0.005,True,0.755,0.0,False,0.00011122095897182402,124,124.0,125.0,1.0,inf,False,False,16
1628,layer3.conv2,scale,1,"(10, 21)",0,0.0,False,0.755,0.0,False,0.00011122095897182402,123,123.0,121.0,2.0,inf,False,False,16
1629,layer3.conv2,scale,2,"(15, 6)",2,0.01,True,0.755,0.0,False,0.00011122095897182402,124,124.0,120.0,4.0,inf,False,False,16
1630,layer3.conv2,scale,4,"(13, 22)",1,0.005,True,0.76,-0.0050000000000000044,False,0.00011122095897182402,125,125.0,109.0,16.0,inf,False,False,16
1631,layer3.conv2,scale,7,"(1, 6)",198,0.99,True,0.01,0.745,True,0.00011122095897182402,123,123.0,251.0,128.0,inf,False,False,16
1632,layer3.conv2,scale,7,"(42, 14)",200,1.0,True,0.0,0.755,True,0.00011122095897182402,124,124.0,252.0,128.0,inf,False,False,16
1633,layer3.conv2,scale,5,"(16, 3)",2,0.01,True,0.755,0.0,False,0.00011122095897182402,123,123.0,91.0,32.0,inf,False,False,16
1634,layer3.conv2,scale,5,"(39, 29)",2,0.01,True,0.755,0.0,False,0.00011122095897182402,124,124.0,92.0,32.0,inf,False,False,16
1635,layer3.conv2,scale,1,"(46, 18)",10,0.05,True,0.765,-0.010000000000000009,False,0.00011122095897182402,124,124.0,126.0,2.0,inf,False,False,16
1636,layer3.conv2,scale,4,"(38, 29)",3,0.015,True,0.755,0.0,False,0.00011122095897182402,123,123.0,107.0,16.0,inf,False,False,16
1637,layer3.conv2,scale,7,"(3, 16)",200,1.0,True,0.0,0.755,True,0.00011122095897182402,125,125.0,253.0,128.0,inf,False,False,16
1638,layer3.conv2,scale,5,"(27, 0)",2,0.01,True,0.76,-0.0050000000000000044,False,0.00011122095897182402,123,123.0,91.0,32.0,inf,False,False,16
1639,layer3.conv2,scale,2,"(21, 3)",1,0.005,True,0.76,-0.0050000000000000044,False,0.00011122095897182402,124,124.0,120.0,4.0,inf,False,False,16
1640,layer3.conv2,scale,3,"(38, 7)",1,0.005,True,0.755,0.0,False,0.00011122095897182402,123,123.0,115.0,8.0,inf,False,False,16
1641,layer3.conv2,scale,0,"(12, 16)",3,0.015,True,0.74,0.015000000000000013,False,0.00011122095897182402,124,124.0,125.0,1.0,inf,False,False,16
1642,layer3.conv2,scale,0,"(29, 20)",1,0.005,True,0.75,0.0050000000000000044,False,0.00011122095897182402,124,124.0,125.0,1.0,inf,False,False,16
1643,layer3.conv2,scale,1,"(15, 29)",12,0.06,True,0.735,0.020000000000000018,False,0.00011122095897182402,124,124.0,126.0,2.0,inf,False,False,16
1644,layer3.conv2,scale,5,"(24, 12)",3,0.015,True,0.745,0.010000000000000009,False,0.00011122095897182402,123,123.0,91.0,32.0,inf,False,False,16
1645,layer3.conv2,scale,4,"(1, 30)",2,0.01,True,0.755,0.0,False,0.00011122095897182402,123,123.0,107.0,16.0,inf,False,False,16
1646,layer3.conv2,scale,7,"(5, 11)",196,0.98,True,0.015,0.74,True,0.00011122095897182402,123,123.0,251.0,128.0,inf,False,False,16
1647,layer3.conv2,scale,4,"(21, 3)",1,0.005,True,0.76,-0.0050000000000000044,False,0.00011122095897182402,124,124.0,108.0,16.0,inf,False,False,16
1648,layer3.conv2,scale,1,"(55, 24)",3,0.015,True,0.74,0.015000000000000013,False,0.00011122095897182402,124,124.0,126.0,2.0,inf,False,False,16
1649,layer3.conv2,scale,7,"(50, 26)",200,1.0,True,0.0,0.755,True,0.00011122095897182402,124,124.0,252.0,128.0,inf,False,False,16
1650,layer3.conv2,scale,3,"(23, 32)",2,0.01,True,0.755,0.0,False,0.00011122095897182402,123,123.0,115.0,8.0,inf,False,False,16
1651,layer3.conv2,scale,2,"(38, 21)",4,0.02,True,0.76,-0.0050000000000000044,False,0.00011122095897182402,123,123.0,127.0,4.0,inf,False,False,16
1652,layer3.conv2,scale,6,"(53, 30)",3,0.015,True,0.745,0.010000000000000009,False,0.00011122095897182402,123,123.0,59.0,64.0,inf,False,False,16
1653,layer3.conv2,scale,7,"(0, 23)",200,1.0,True,0.0,0.755,True,0.00011122095897182402,123,123.0,251.0,128.0,inf,False,False,16
1654,layer3.conv2,scale,2,"(56, 26)",3,0.015,True,0.755,0.0,False,0.00011122095897182402,124,124.0,120.0,4.0,inf,False,False,16
1655,layer3.conv2,scale,4,"(24, 35)",0,0.0,False,0.755,0.0,False,0.00011122095897182402,123,123.0,107.0,16.0,inf,False,False,16
1656,layer3.conv2,scale,2,"(25, 23)",4,0.02,True,0.76,-0.0050000000000000044,False,0.00011122095897182402,124,124.0,120.0,4.0,inf,False,False,16
1657,layer3.conv2,scale,0,"(61, 2)",0,0.0,False,0.755,0.0,False,0.00011122095897182402,123,123.0,122.0,1.0,inf,False,False,16
1658,layer3.conv2,scale,2,"(41, 35)",4,0.02,True,0.765,-0.010000000000000009,False,0.00011122095897182402,124,124.0,120.0,4.0,inf,False,False,16
1659,layer3.conv2,scale,5,"(28, 14)",0,0.0,False,0.755,0.0,False,0.00011122095897182402,122,122.0,90.0,32.0,inf,False,False,16
1660,layer3.conv2,scale,1,"(33, 13)",1,0.005,True,0.76,-0.0050000000000000044,False,0.00011122095897182402,123,123.0,121.0,2.0,inf,False,False,16
1661,layer3.conv2,scale,2,"(61, 27)",0,0.0,False,0.755,0.0,False,0.00011122095897182402,124,124.0,120.0,4.0,inf,False,False,16
1662,layer3.conv2,scale,7,"(51, 17)",190,0.95,True,0.045,0.71,True,0.00011122095897182402,123,123.0,251.0,128.0,inf,False,False,16
1663,layer3.conv2,scale,4,"(39, 3)",1,0.005,True,0.75,0.0050000000000000044,False,0.00011122095897182402,124,124.0,108.0,16.0,inf,False,False,16
1664,layer3.conv2,scale,5,"(63, 6)",4,0.02,True,0.74,0.015000000000000013,False,0.00011122095897182402,124,124.0,92.0,32.0,inf,False,False,16
1665,layer3.conv2,scale,7,"(41, 6)",200,1.0,True,0.0,0.755,True,0.00011122095897182402,124,124.0,252.0,128.0,inf,False,False,16
1666,layer3.conv2,scale,5,"(0, 6)",1,0.005,True,0.75,0.0050000000000000044,False,0.00011122095897182402,123,123.0,91.0,32.0,inf,False,False,16
1667,layer3.conv2,scale,7,"(43, 20)",179,0.895,True,0.095,0.66,True,0.00011122095897182402,123,123.0,251.0,128.0,inf,False,False,16
1668,layer3.conv2,scale,6,"(55, 16)",4,0.02,True,0.74,0.015000000000000013,False,0.00011122095897182402,123,123.0,59.0,64.0,inf,False,False,16
1669,layer3.conv2,scale,2,"(49, 31)",7,0.035,True,0.76,-0.0050000000000000044,False,0.00011122095897182402,123,123.0,127.0,4.0,inf,False,False,16
1670,layer3.conv2,scale,6,"(15, 0)",3,0.015,True,0.75,0.0050000000000000044,False,0.00011122095897182402,124,124.0,60.0,64.0,inf,False,False,16
1671,layer3.conv2,scale,7,"(56, 31)",154,0.77,True,0.165,0.59,False,0.00011122095897182402,124,124.0,252.0,128.0,inf,False,False,16
1672,layer3.conv2,scale,4,"(13, 15)",1,0.005,True,0.75,0.0050000000000000044,False,0.00011122095897182402,124,124.0,108.0,16.0,inf,False,False,16
1673,layer3.conv2,scale,5,"(47, 30)",0,0.0,False,0.755,0.0,False,0.00011122095897182402,124,124.0,92.0,32.0,inf,False,False,16
1674,layer3.conv2,scale,7,"(45, 3)",200,1.0,True,0.0,0.755,True,0.00011122095897182402,124,124.0,252.0,128.0,inf,False,False,16
1675,layer3.conv2,scale,7,"(15, 2)",200,1.0,True,0.0,0.755,True,0.00011122095897182402,124,124.0,252.0,128.0,inf,False,False,16
1676,layer3.conv2,scale,0,"(15, 10)",1,0.005,True,0.755,0.0,False,0.00011122095897182402,125,125.0,124.0,1.0,inf,False,False,16
1677,layer3.conv2,scale,0,"(12, 15)",3,0.015,True,0.75,0.0050000000000000044,False,0.00011122095897182402,124,124.0,125.0,1.0,inf,False,False,16
1678,layer3.conv2,scale,1,"(31, 27)",2,0.01,True,0.745,0.010000000000000009,False,0.00011122095897182402,124,124.0,126.0,2.0,inf,False,False,16
1679,layer3.conv2,scale,2,"(32, 7)",2,0.01,True,0.755,0.0,False,0.00011122095897182402,124,124.0,120.0,4.0,inf,False,False,16
1680,layer3.conv2,scale,1,"(8, 17)",13,0.065,True,0.75,0.0050000000000000044,False,0.00011122095897182402,124,124.0,126.0,2.0,inf,False,False,16
1681,layer3.conv2,scale,2,"(41, 13)",12,0.06,True,0.755,0.0,False,0.00011122095897182402,123,123.0,127.0,4.0,inf,False,False,16
1682,layer3.conv2,scale,4,"(0, 31)",0,0.0,False,0.755,0.0,False,0.00011122095897182402,124,124.0,108.0,16.0,inf,False,False,16
1683,layer3.conv2,scale,1,"(0, 32)",5,0.025,True,0.75,0.0050000000000000044,False,0.00011122095897182402,124,124.0,126.0,2.0,inf,False,False,16
1684,layer3.conv2,scale,5,"(30, 29)",2,0.01,True,0.76,-0.0050000000000000044,False,0.00011122095897182402,123,123.0,91.0,32.0,inf,False,False,16
1685,layer3.conv2,scale,7,"(56, 10)",200,1.0,True,0.0,0.755,True,0.00011122095897182402,124,124.0,252.0,128.0,inf,False,False,16
1686,layer3.conv2,scale,6,"(10, 3)",1,0.005,True,0.76,-0.0050000000000000044,False,0.00011122095897182402,124,124.0,60.0,64.0,inf,False,False,16
1687,layer3.conv2,scale,5,"(56, 31)",4,0.02,True,0.745,0.010000000000000009,False,0.00011122095897182402,124,124.0,92.0,32.0,inf,False,False,16
1688,layer3.conv2,scale,7,"(58, 6)",200,1.0,True,0.0,0.755,True,0.00011122095897182402,123,123.0,251.0,128.0,inf,False,False,16
1689,layer3.conv2,scale,0,"(29, 5)",0,0.0,False,0.755,0.0,False,0.00011122095897182402,124,124.0,125.0,1.0,inf,False,False,16
1690,layer3.conv2,scale,7,"(1, 27)",200,1.0,True,0.0,0.755,True,0.00011122095897182402,124,124.0,252.0,128.0,inf,False,False,16
1691,layer3.conv2,scale,2,"(2, 35)",3,0.015,True,0.75,0.0050000000000000044,False,0.00011122095897182402,124,124.0,120.0,4.0,inf,False,False,16
1692,layer3.conv2,scale,3,"(7, 13)",0,0.0,False,0.755,0.0,False,0.00011122095897182402,123,123.0,115.0,8.0,inf,False,False,16
1693,layer3.conv2,scale,7,"(38, 24)",189,0.945,True,0.055,0.7,True,0.00011122095897182402,123,123.0,251.0,128.0,inf,False,False,16
1694,layer3.conv2,scale,3,"(59, 26)",7,0.035,True,0.765,-0.010000000000000009,False,0.00011122095897182402,124,124.0,116.0,8.0,inf,False,False,16
1695,layer3.conv2,scale,1,"(59, 18)",1,0.005,True,0.76,-0.0050000000000000044,False,0.00011122095897182402,124,124.0,126.0,2.0,inf,False,False,16
1696,layer3.conv2,scale,4,"(16, 6)",1,0.005,True,0.76,-0.0050000000000000044,False,0.00011122095897182402,124,124.0,108.0,16.0,inf,False,False,16
1697,layer3.conv2,scale,6,"(25, 10)",3,0.015,True,0.755,0.0,False,0.00011122095897182402,124,124.0,60.0,64.0,inf,False,False,16
1698,layer3.conv2,scale,0,"(39, 19)",5,0.025,True,0.75,0.0050000000000000044,False,0.00011122095897182402,124,124.0,125.0,1.0,inf,False,False,16
1699,layer3.conv2,scale,5,"(42, 11)",2,0.01,True,0.75,0.0050000000000000044,False,0.00011122095897182402,124,124.0,92.0,32.0,inf,False,False,16
1700,layer3.conv2,scale,3,"(2, 11)",0,0.0,False,0.755,0.0,False,0.00011122095897182402,123,123.0,115.0,8.0,inf,False,False,16
1701,layer3.conv2,scale,3,"(59, 33)",1,0.005,True,0.75,0.0050000000000000044,False,0.00011122095897182402,123,123.0,115.0,8.0,inf,False,False,16
1702,layer3.conv2,scale,5,"(44, 13)",4,0.02,True,0.76,-0.0050000000000000044,False,0.00011122095897182402,124,124.0,92.0,32.0,inf,False,False,16
1703,layer3.conv2,scale,2,"(30, 15)",3,0.015,True,0.75,0.0050000000000000044,False,0.00011122095897182402,124,124.0,120.0,4.0,inf,False,False,16
1704,layer3.conv2,scale,0,"(32, 34)",3,0.015,True,0.75,0.0050000000000000044,False,0.00011122095897182402,124,124.0,125.0,1.0,inf,False,False,16
1705,layer3.conv2,scale,2,"(23, 8)",3,0.015,True,0.755,0.0,False,0.00011122095897182402,124,124.0,120.0,4.0,inf,False,False,16
1706,layer3.conv2,scale,2,"(52, 12)",8,0.04,True,0.755,0.0,False,0.00011122095897182402,124,124.0,120.0,4.0,inf,False,False,16
1707,layer3.conv2,scale,7,"(16, 10)",199,0.995,True,0.015,0.74,True,0.00011122095897182402,123,123.0,251.0,128.0,inf,False,False,16
1708,layer3.conv2,scale,1,"(44, 23)",4,0.02,True,0.75,0.0050000000000000044,False,0.00011122095897182402,124,124.0,126.0,2.0,inf,False,False,16
1709,layer3.conv2,scale,6,"(51, 7)",1,0.005,True,0.76,-0.0050000000000000044,False,0.00011122095897182402,123,123.0,59.0,64.0,inf,False,False,16
1710,layer3.conv2,scale,0,"(42, 17)",0,0.0,False,0.755,0.0,False,0.00011122095897182402,123,123.0,122.0,1.0,inf,False,False,16
1711,layer3.conv2,scale,4,"(51, 19)",2,0.01,True,0.755,0.0,False,0.00011122095897182402,124,124.0,108.0,16.0,inf,False,False,16
1712,layer3.conv2,scale,2,"(30, 25)",1,0.005,True,0.76,-0.0050000000000000044,False,0.00011122095897182402,124,124.0,120.0,4.0,inf,False,False,16
1713,layer3.conv2,scale,4,"(9, 14)",6,0.03,True,0.74,0.015000000000000013,False,0.00011122095897182402,124,124.0,108.0,16.0,inf,False,False,16
1714,layer3.conv2,scale,3,"(36, 19)",2,0.01,True,0.745,0.010000000000000009,False,0.00011122095897182402,124,124.0,116.0,8.0,inf,False,False,16
1715,layer3.conv2,scale,3,"(40, 31)",2,0.01,True,0.765,-0.010000000000000009,False,0.00011122095897182402,124,124.0,116.0,8.0,inf,False,False,16
1716,layer3.conv2,scale,0,"(49, 11)",0,0.0,False,0.755,0.0,False,0.00011122095897182402,123,123.0,122.0,1.0,inf,False,False,16
1717,layer3.conv2,scale,7,"(39, 12)",200,1.0,True,0.0,0.755,True,0.00011122095897182402,124,124.0,252.0,128.0,inf,False,False,16
1718,layer3.conv2,scale,5,"(23, 16)",1,0.005,True,0.75,0.0050000000000000044,False,0.00011122095897182402,124,124.0,92.0,32.0,inf,False,False,16
1719,layer3.conv2,scale,5,"(35, 27)",5,0.025,True,0.745,0.010000000000000009,False,0.00011122095897182402,124,124.0,92.0,32.0,inf,False,False,16
1720,layer3.conv2,scale,5,"(42, 26)",1,0.005,True,0.75,0.0050000000000000044,False,0.00011122095897182402,123,123.0,91.0,32.0,inf,False,False,16
1721,layer3.conv2,scale,4,"(2, 15)",1,0.005,True,0.76,-0.0050000000000000044,False,0.00011122095897182402,124,124.0,108.0,16.0,inf,False,False,16
1722,layer3.conv2,scale,7,"(8, 13)",200,1.0,True,0.0,0.755,True,0.00011122095897182402,124,124.0,252.0,128.0,inf,False,False,16
1723,layer3.conv2,scale,1,"(47, 12)",6,0.03,True,0.74,0.015000000000000013,False,0.00011122095897182402,124,124.0,126.0,2.0,inf,False,False,16
1724,layer3.conv2,scale,5,"(55, 11)",2,0.01,True,0.745,0.010000000000000009,False,0.00011122095897182402,124,124.0,92.0,32.0,inf,False,False,16
1725,layer3.conv2,scale,1,"(10, 30)",1,0.005,True,0.76,-0.0050000000000000044,False,0.00011122095897182402,123,123.0,121.0,2.0,inf,False,False,16
1726,layer3.conv2,scale,0,"(39, 4)",2,0.01,True,0.755,0.0,False,0.00011122095897182402,125,125.0,124.0,1.0,inf,False,False,16
1727,layer3.conv2,scale,7,"(8, 34)",200,1.0,True,0.0,0.755,True,0.00011122095897182402,123,123.0,251.0,128.0,inf,False,False,16
1728,layer3.conv2,scale,1,"(9, 25)",4,0.02,True,0.745,0.010000000000000009,False,0.00011122095897182402,124,124.0,126.0,2.0,inf,False,False,16
1729,layer3.conv2,scale,0,"(27, 23)",1,0.005,True,0.755,0.0,False,0.00011122095897182402,123,123.0,122.0,1.0,inf,False,False,16
1730,layer3.conv2,scale,7,"(14, 16)",200,1.0,True,0.0,0.755,True,0.00011122095897182402,123,123.0,251.0,128.0,inf,False,False,16
1731,layer3.conv2,scale,5,"(4, 12)",3,0.015,True,0.75,0.0050000000000000044,False,0.00011122095897182402,124,124.0,92.0,32.0,inf,False,False,16
1732,layer3.conv2,scale,1,"(21, 12)",13,0.065,True,0.74,0.015000000000000013,False,0.00011122095897182402,124,124.0,126.0,2.0,inf,False,False,16
1733,layer3.conv2,scale,6,"(45, 10)",0,0.0,False,0.755,0.0,False,0.00011122095897182402,124,124.0,60.0,64.0,inf,False,False,16
1734,layer3.conv2,scale,1,"(4, 26)",3,0.015,True,0.76,-0.0050000000000000044,False,0.00011122095897182402,123,123.0,121.0,2.0,inf,False,False,16
1735,layer3.conv2,scale,0,"(17, 24)",2,0.01,True,0.75,0.0050000000000000044,False,0.00011122095897182402,124,124.0,125.0,1.0,inf,False,False,16
1736,layer3.conv2,scale,3,"(31, 3)",3,0.015,True,0.75,0.0050000000000000044,False,0.00011122095897182402,124,124.0,116.0,8.0,inf,False,False,16
1737,layer3.conv2,scale,0,"(54, 0)",3,0.015,True,0.755,0.0,False,0.00011122095897182402,124,124.0,125.0,1.0,inf,False,False,16
1738,layer3.conv2,scale,6,"(33, 14)",2,0.01,True,0.755,0.0,False,0.00011122095897182402,124,124.0,60.0,64.0,inf,False,False,16
1739,layer3.conv2,scale,4,"(6, 3)",3,0.015,True,0.745,0.010000000000000009,False,0.00011122095897182402,124,124.0,108.0,16.0,inf,False,False,16
1740,layer3.conv2,scale,3,"(35, 13)",4,0.02,True,0.76,-0.0050000000000000044,False,0.00011122095897182402,124,124.0,116.0,8.0,inf,False,False,16
1741,layer3.conv2,scale,1,"(46, 5)",4,0.02,True,0.745,0.010000000000000009,False,0.00011122095897182402,124,124.0,126.0,2.0,inf,False,False,16
1742,layer3.conv2,scale,0,"(25, 31)",0,0.0,False,0.755,0.0,False,0.00011122095897182402,123,123.0,122.0,1.0,inf,False,False,16
1743,layer3.conv2,scale,1,"(44, 27)",0,0.0,False,0.755,0.0,False,0.00011122095897182402,124,124.0,126.0,2.0,inf,False,False,16
1744,layer3.conv2,scale,2,"(12, 21)",11,0.055,True,0.755,0.0,False,0.00011122095897182402,123,123.0,127.0,4.0,inf,False,False,16
1745,layer3.conv2,scale,6,"(29, 0)",0,0.0,False,0.755,0.0,False,0.00011122095897182402,123,123.0,59.0,64.0,inf,False,False,16
1746,layer3.conv2,scale,7,"(47, 13)",180,0.9,True,0.065,0.69,True,0.00011122095897182402,124,124.0,252.0,128.0,inf,False,False,16
1747,layer3.conv2,scale,6,"(46, 27)",4,0.02,True,0.755,0.0,False,0.00011122095897182402,124,124.0,60.0,64.0,inf,False,False,16
1748,layer3.conv2,scale,1,"(28, 4)",11,0.055,True,0.79,-0.03500000000000003,False,0.00011122095897182402,124,124.0,126.0,2.0,inf,False,False,16
1749,layer3.conv2,scale,5,"(55, 11)",2,0.01,True,0.745,0.010000000000000009,False,0.00011122095897182402,124,124.0,92.0,32.0,inf,False,False,16
1750,layer3.conv2,scale,5,"(0, 14)",4,0.02,True,0.75,0.0050000000000000044,False,0.00011122095897182402,123,123.0,91.0,32.0,inf,False,False,16
1751,layer3.conv2,scale,7,"(16, 10)",199,0.995,True,0.015,0.74,True,0.00011122095897182402,123,123.0,251.0,128.0,inf,False,False,16
1752,layer3.conv2,scale,2,"(48, 0)",18,0.09,True,0.725,0.030000000000000027,False,0.00011122095897182402,123,123.0,127.0,4.0,inf,False,False,16
1753,layer3.conv2,scale,7,"(27, 23)",190,0.95,True,0.03,0.725,True,0.00011122095897182402,123,123.0,251.0,128.0,inf,False,False,16
1754,layer3.conv2,scale,0,"(2, 21)",1,0.005,True,0.76,-0.0050000000000000044,False,0.00011122095897182402,124,124.0,125.0,1.0,inf,False,False,16
1755,layer3.conv2,scale,2,"(35, 25)",8,0.04,True,0.755,0.0,False,0.00011122095897182402,123,123.0,127.0,4.0,inf,False,False,16
1756,layer3.conv2,scale,2,"(39, 5)",1,0.005,True,0.75,0.0050000000000000044,False,0.00011122095897182402,124,124.0,120.0,4.0,inf,False,False,16
1757,layer3.conv2,scale,3,"(50, 18)",1,0.005,True,0.76,-0.0050000000000000044,False,0.00011122095897182402,124,124.0,116.0,8.0,inf,False,False,16
1758,layer3.conv2,scale,3,"(34, 23)",0,0.0,False,0.755,0.0,False,0.00011122095897182402,123,123.0,115.0,8.0,inf,False,False,16
1759,layer3.conv2,scale,5,"(12, 22)",2,0.01,True,0.745,0.010000000000000009,False,0.00011122095897182402,124,124.0,92.0,32.0,inf,False,False,16
1760,layer3.conv2,scale,6,"(58, 23)",1,0.005,True,0.76,-0.0050000000000000044,False,0.00011122095897182402,124,124.0,60.0,64.0,inf,False,False,16
1761,layer3.conv2,scale,3,"(14, 13)",1,0.005,True,0.755,0.0,False,0.00011122095897182402,123,123.0,115.0,8.0,inf,False,False,16
1762,layer3.conv2,scale,1,"(58, 2)",5,0.025,True,0.76,-0.0050000000000000044,False,0.00011122095897182402,124,124.0,126.0,2.0,inf,False,False,16
1763,layer3.conv2,scale,0,"(13, 6)",0,0.0,False,0.755,0.0,False,0.00011122095897182402,124,124.0,125.0,1.0,inf,False,False,16
1764,layer3.conv2,scale,7,"(22, 23)",200,1.0,True,0.0,0.755,True,0.00011122095897182402,124,124.0,252.0,128.0,inf,False,False,16
1765,layer3.conv2,scale,2,"(43, 10)",22,0.11,True,0.715,0.040000000000000036,False,0.00011122095897182402,123,123.0,127.0,4.0,inf,False,False,16
1766,layer3.conv2,scale,1,"(36, 32)",1,0.005,True,0.755,0.0,False,0.00011122095897182402,123,123.0,121.0,2.0,inf,False,False,16
1767,layer3.conv2,scale,5,"(42, 16)",1,0.005,True,0.75,0.0050000000000000044,False,0.00011122095897182402,123,123.0,91.0,32.0,inf,False,False,16
1768,layer3.conv2,scale,2,"(8, 3)",34,0.17,True,0.76,-0.0050000000000000044,False,0.00011122095897182402,123,123.0,127.0,4.0,inf,False,False,16
1769,layer3.conv2,scale,5,"(0, 30)",0,0.0,False,0.755,0.0,False,0.00011122095897182402,124,124.0,92.0,32.0,inf,False,False,16
1770,layer3.conv2,scale,3,"(33, 33)",2,0.01,True,0.755,0.0,False,0.00011122095897182402,124,124.0,116.0,8.0,inf,False,False,16
1771,layer3.conv2,scale,6,"(30, 12)",4,0.02,True,0.76,-0.0050000000000000044,False,0.00011122095897182402,124,124.0,60.0,64.0,inf,False,False,16
1772,layer3.conv2,scale,7,"(19, 5)",195,0.975,True,0.03,0.725,True,0.00011122095897182402,124,124.0,252.0,128.0,inf,False,False,16
1773,layer3.conv2,scale,3,"(1, 21)",1,0.005,True,0.75,0.0050000000000000044,False,0.00011122095897182402,123,123.0,115.0,8.0,inf,False,False,16
1774,layer3.conv2,scale,2,"(26, 18)",19,0.095,True,0.75,0.0050000000000000044,False,0.00011122095897182402,123,123.0,127.0,4.0,inf,False,False,16
1775,layer3.conv2,scale,6,"(16, 17)",0,0.0,False,0.755,0.0,False,0.00011122095897182402,123,123.0,59.0,64.0,inf,False,False,16
1776,layer3.conv2,scale,2,"(24, 6)",0,0.0,False,0.755,0.0,False,0.00011122095897182402,124,124.0,120.0,4.0,inf,False,False,16
1777,layer3.conv2,scale,2,"(61, 4)",28,0.14,True,0.745,0.010000000000000009,False,0.00011122095897182402,123,123.0,127.0,4.0,inf,False,False,16
1778,layer3.conv2,scale,0,"(58, 10)",1,0.005,True,0.75,0.0050000000000000044,False,0.00011122095897182402,123,123.0,122.0,1.0,inf,False,False,16
1779,layer3.conv2,scale,0,"(0, 14)",2,0.01,True,0.75,0.0050000000000000044,False,0.00011122095897182402,123,123.0,122.0,1.0,inf,False,False,16
1780,layer3.conv2,scale,1,"(36, 21)",7,0.035,True,0.755,0.0,False,0.00011122095897182402,124,124.0,126.0,2.0,inf,False,False,16
1781,layer3.conv2,scale,2,"(41, 7)",1,0.005,True,0.755,0.0,False,0.00011122095897182402,124,124.0,120.0,4.0,inf,False,False,16
1782,layer3.conv2,scale,5,"(53, 30)",3,0.015,True,0.745,0.010000000000000009,False,0.00011122095897182402,123,123.0,91.0,32.0,inf,False,False,16
1783,layer3.conv2,scale,7,"(50, 0)",173,0.865,True,0.17,0.585,True,0.00011122095897182402,123,123.0,251.0,128.0,inf,False,False,16
1784,layer3.conv2,scale,5,"(28, 2)",6,0.03,True,0.735,0.020000000000000018,False,0.00011122095897182402,124,124.0,92.0,32.0,inf,False,False,16
1785,layer3.conv2,scale,5,"(61, 10)",2,0.01,True,0.75,0.0050000000000000044,False,0.00011122095897182402,124,124.0,92.0,32.0,inf,False,False,16
1786,layer3.conv2,scale,3,"(21, 29)",4,0.02,True,0.755,0.0,False,0.00011122095897182402,124,124.0,116.0,8.0,inf,False,False,16
1787,layer3.conv2,scale,2,"(8, 18)",3,0.015,True,0.755,0.0,False,0.00011122095897182402,124,124.0,120.0,4.0,inf,False,False,16
1788,layer3.conv2,scale,7,"(61, 4)",200,1.0,True,0.0,0.755,True,0.00011122095897182402,123,123.0,251.0,128.0,inf,False,False,16
1789,layer3.conv2,scale,6,"(63, 34)",2,0.01,True,0.76,-0.0050000000000000044,False,0.00011122095897182402,124,124.0,60.0,64.0,inf,False,False,16
1790,layer3.conv2,scale,0,"(20, 14)",3,0.015,True,0.74,0.015000000000000013,False,0.00011122095897182402,124,124.0,125.0,1.0,inf,False,False,16
1791,layer3.conv2,scale,7,"(60, 27)",193,0.965,True,0.04,0.715,True,0.00011122095897182402,124,124.0,252.0,128.0,inf,False,False,16
1792,layer3.conv2,scale,5,"(3, 3)",3,0.015,True,0.765,-0.010000000000000009,False,0.00011122095897182402,124,124.0,92.0,32.0,inf,False,False,16
1793,layer3.conv2,scale,3,"(61, 14)",0,0.0,False,0.755,0.0,False,0.00011122095897182402,123,123.0,115.0,8.0,inf,False,False,16
1794,layer3.conv2,scale,3,"(14, 7)",3,0.015,True,0.755,0.0,False,0.00011122095897182402,123,123.0,115.0,8.0,inf,False,False,16
1795,layer3.conv2,scale,2,"(20, 30)",2,0.01,True,0.765,-0.010000000000000009,False,0.00011122095897182402,124,124.0,120.0,4.0,inf,False,False,16
1796,layer3.conv2,scale,4,"(47, 8)",3,0.015,True,0.75,0.0050000000000000044,False,0.00011122095897182402,124,124.0,108.0,16.0,inf,False,False,16
1797,layer3.conv2,scale,4,"(13, 7)",0,0.0,False,0.755,0.0,False,0.00011122095897182402,124,124.0,108.0,16.0,inf,False,False,16
1798,layer3.conv2,scale,2,"(27, 29)",6,0.03,True,0.75,0.0050000000000000044,False,0.00011122095897182402,124,124.0,120.0,4.0,inf,False,False,16
1799,layer3.conv2,scale,3,"(16, 0)",1,0.005,True,0.76,-0.0050000000000000044,False,0.00011122095897182402,123,123.0,115.0,8.0,inf,False,False,16
1800,layer3.conv2,scale,1,"(49, 31)",1,0.005,True,0.75,0.0050000000000000044,False,0.00011122095897182402,123,123.0,121.0,2.0,inf,False,False,16
1801,layer3.conv2,scale,1,"(46, 1)",20,0.1,True,0.69,0.06500000000000006,False,0.00011122095897182402,124,124.0,126.0,2.0,inf,False,False,16
1802,layer3.conv2,scale,1,"(43, 33)",0,0.0,False,0.755,0.0,False,0.00011122095897182402,123,123.0,121.0,2.0,inf,False,False,16
1803,layer3.conv2,scale,1,"(9, 26)",2,0.01,True,0.75,0.0050000000000000044,False,0.00011122095897182402,124,124.0,126.0,2.0,inf,False,False,16
1804,layer3.conv2,scale,0,"(57, 24)",2,0.01,True,0.755,0.0,False,0.00011122095897182402,124,124.0,125.0,1.0,inf,False,False,16
1805,layer3.conv2,scale,6,"(19, 4)",0,0.0,False,0.755,0.0,False,0.00011122095897182402,123,123.0,59.0,64.0,inf,False,False,16
1806,layer3.conv2,scale,4,"(10, 1)",3,0.015,True,0.745,0.010000000000000009,False,0.00011122095897182402,124,124.0,108.0,16.0,inf,False,False,16
1807,layer3.conv2,scale,2,"(3, 29)",1,0.005,True,0.755,0.0,False,0.00011122095897182402,124,124.0,120.0,4.0,inf,False,False,16
1808,layer3.conv2,scale,7,"(56, 17)",200,1.0,True,0.0,0.755,True,0.00011122095897182402,124,124.0,252.0,128.0,inf,False,False,16
1809,layer3.conv2,scale,0,"(47, 3)",2,0.01,True,0.76,-0.0050000000000000044,False,0.00011122095897182402,124,124.0,125.0,1.0,inf,False,False,16
1810,layer3.conv2,scale,1,"(12, 5)",2,0.01,True,0.745,0.010000000000000009,False,0.00011122095897182402,123,123.0,121.0,2.0,inf,False,False,16
1811,layer3.conv2,scale,2,"(5, 15)",14,0.07,True,0.705,0.050000000000000044,False,0.00011122095897182402,123,123.0,127.0,4.0,inf,False,False,16
1812,layer3.conv2,scale,7,"(27, 24)",189,0.945,True,0.045,0.71,True,0.00011122095897182402,124,124.0,252.0,128.0,inf,False,False,16
1813,layer3.conv2,scale,1,"(22, 23)",1,0.005,True,0.76,-0.0050000000000000044,False,0.00011122095897182402,124,124.0,126.0,2.0,inf,False,False,16
1814,layer3.conv2,scale,5,"(59, 33)",1,0.005,True,0.75,0.0050000000000000044,False,0.00011122095897182402,123,123.0,91.0,32.0,inf,False,False,16
1815,layer3.conv2,scale,6,"(26, 0)",5,0.025,True,0.75,0.0050000000000000044,False,0.00011122095897182402,124,124.0,60.0,64.0,inf,False,False,16
1816,layer3.conv2,scale,2,"(21, 6)",2,0.01,True,0.75,0.0050000000000000044,False,0.00011122095897182402,124,124.0,120.0,4.0,inf,False,False,16
1817,layer3.conv2,scale,7,"(14, 0)",200,1.0,True,0.0,0.755,True,0.00011122095897182402,124,124.0,252.0,128.0,inf,False,False,16
1818,layer3.conv2,scale,1,"(36, 33)",2,0.01,True,0.745,0.010000000000000009,False,0.00011122095897182402,123,123.0,121.0,2.0,inf,False,False,16
1819,layer3.conv2,scale,4,"(42, 2)",0,0.0,False,0.755,0.0,False,0.00011122095897182402,123,123.0,107.0,16.0,inf,False,False,16
1820,layer3.conv2,scale,1,"(22, 32)",0,0.0,False,0.755,0.0,False,0.00011122095897182402,123,123.0,121.0,2.0,inf,False,False,16
1821,layer3.conv2,scale,7,"(56, 19)",199,0.995,True,0.005,0.75,True,0.00011122095897182402,123,123.0,251.0,128.0,inf,False,False,16
1822,layer3.conv2,scale,7,"(7, 4)",200,1.0,True,0.0,0.755,True,0.00011122095897182402,124,124.0,252.0,128.0,inf,False,False,16
1823,layer3.conv2,scale,0,"(8, 12)",0,0.0,False,0.755,0.0,False,0.00011122095897182402,124,124.0,125.0,1.0,inf,False,False,16
1824,layer3.conv2,scale,4,"(32, 25)",4,0.02,True,0.75,0.0050000000000000044,False,0.00011122095897182402,124,124.0,108.0,16.0,inf,False,False,16
1825,layer3.conv2,scale,5,"(14, 8)",2,0.01,True,0.755,0.0,False,0.00011122095897182402,123,123.0,91.0,32.0,inf,False,False,16
1826,layer3.conv2,scale,7,"(3, 32)",200,1.0,True,0.0,0.755,True,0.00011122095897182402,124,124.0,252.0,128.0,inf,False,False,16
1827,layer3.conv2,scale,3,"(1, 19)",1,0.005,True,0.75,0.0050000000000000044,False,0.00011122095897182402,123,123.0,115.0,8.0,inf,False,False,16
1828,layer3.conv2,scale,2,"(3, 3)",2,0.01,True,0.76,-0.0050000000000000044,False,0.00011122095897182402,124,124.0,120.0,4.0,inf,False,False,16
1829,layer3.conv2,scale,0,"(11, 13)",2,0.01,True,0.755,0.0,False,0.00011122095897182402,124,124.0,125.0,1.0,inf,False,False,16
1830,layer3.conv2,scale,1,"(28, 11)",0,0.0,False,0.755,0.0,False,0.00011122095897182402,123,123.0,121.0,2.0,inf,False,False,16
1831,layer3.conv2,scale,0,"(59, 12)",2,0.01,True,0.755,0.0,False,0.00011122095897182402,123,123.0,122.0,1.0,inf,False,False,16
1832,layer3.conv2,scale,4,"(20, 34)",0,0.0,False,0.755,0.0,False,0.00011122095897182402,124,124.0,108.0,16.0,inf,False,False,16
1833,layer3.conv2,scale,5,"(5, 7)",0,0.0,False,0.755,0.0,False,0.00011122095897182402,124,124.0,92.0,32.0,inf,False,False,16
1834,layer3.conv2,scale,0,"(52, 24)",2,0.01,True,0.76,-0.0050000000000000044,False,0.00011122095897182402,124,124.0,125.0,1.0,inf,False,False,16
1835,layer3.conv2,scale,7,"(1, 31)",200,1.0,True,0.0,0.755,True,0.00011122095897182402,123,123.0,251.0,128.0,inf,False,False,16
1836,layer3.conv2,scale,3,"(30, 18)",3,0.015,True,0.75,0.0050000000000000044,False,0.00011122095897182402,123,123.0,115.0,8.0,inf,False,False,16
1837,layer3.conv2,scale,1,"(57, 14)",1,0.005,True,0.76,-0.0050000000000000044,False,0.00011122095897182402,123,123.0,121.0,2.0,inf,False,False,16
1838,layer3.conv2,scale,4,"(21, 27)",1,0.005,True,0.75,0.0050000000000000044,False,0.00011122095897182402,124,124.0,108.0,16.0,inf,False,False,16
1839,layer3.conv2,scale,3,"(20, 31)",4,0.02,True,0.74,0.015000000000000013,False,0.00011122095897182402,124,124.0,116.0,8.0,inf,False,False,16
1840,layer3.conv2,scale,7,"(16, 14)",179,0.895,True,0.09,0.665,True,0.00011122095897182402,123,123.0,251.0,128.0,inf,False,False,16
1841,layer3.conv2,scale,5,"(60, 6)",1,0.005,True,0.75,0.0050000000000000044,False,0.00011122095897182402,124,124.0,92.0,32.0,inf,False,False,16
1842,layer3.conv2,scale,5,"(56, 34)",2,0.01,True,0.75,0.0050000000000000044,False,0.00011122095897182402,124,124.0,92.0,32.0,inf,False,False,16
1843,layer3.conv2,scale,3,"(34, 10)",2,0.01,True,0.755,0.0,False,0.00011122095897182402,124,124.0,116.0,8.0,inf,False,False,16
1844,layer3.conv2,scale,0,"(50, 18)",0,0.0,False,0.755,0.0,False,0.00011122095897182402,124,124.0,125.0,1.0,inf,False,False,16
1845,layer3.conv2,scale,2,"(21, 5)",1,0.005,True,0.76,-0.0050000000000000044,False,0.00011122095897182402,124,124.0,120.0,4.0,inf,False,False,16
1846,layer3.conv2,scale,0,"(36, 11)",1,0.005,True,0.755,0.0,False,0.00011122095897182402,124,124.0,125.0,1.0,inf,False,False,16
1847,layer3.conv2,scale,5,"(17, 32)",2,0.01,True,0.76,-0.0050000000000000044,False,0.00011122095897182402,123,123.0,91.0,32.0,inf,False,False,16
1848,layer3.conv2,scale,0,"(8, 11)",3,0.015,True,0.755,0.0,False,0.00011122095897182402,123,123.0,122.0,1.0,inf,False,False,16
1849,layer3.conv2,scale,2,"(18, 27)",1,0.005,True,0.75,0.0050000000000000044,False,0.00011122095897182402,124,124.0,120.0,4.0,inf,False,False,16
1850,layer3.conv2,scale,4,"(34, 25)",0,0.0,False,0.755,0.0,False,0.00011122095897182402,123,123.0,107.0,16.0,inf,False,False,16
1851,layer3.conv2,scale,7,"(0, 24)",200,1.0,True,0.0,0.755,True,0.00011122095897182402,124,124.0,252.0,128.0,inf,False,False,16
1852,layer3.conv2,scale,4,"(3, 30)",4,0.02,True,0.735,0.020000000000000018,False,0.00011122095897182402,124,124.0,108.0,16.0,inf,False,False,16
1853,layer3.conv2,scale,4,"(58, 23)",1,0.005,True,0.76,-0.0050000000000000044,False,0.00011122095897182402,124,124.0,108.0,16.0,inf,False,False,16
1854,layer3.conv2,scale,4,"(7, 29)",4,0.02,True,0.75,0.0050000000000000044,False,0.00011122095897182402,124,124.0,108.0,16.0,inf,False,False,16
1855,layer3.conv2,scale,5,"(3, 28)",4,0.02,True,0.75,0.0050000000000000044,False,0.00011122095897182402,124,124.0,92.0,32.0,inf,False,False,16
1856,layer3.conv2,scale,7,"(24, 7)",200,1.0,True,0.0,0.755,True,0.00011122095897182402,123,123.0,251.0,128.0,inf,False,False,16
1857,layer3.conv2,scale,6,"(54, 24)",1,0.005,True,0.76,-0.0050000000000000044,False,0.00011122095897182402,123,123.0,59.0,64.0,inf,False,False,16
1858,layer3.conv2,scale,1,"(4, 3)",0,0.0,False,0.755,0.0,False,0.00011122095897182402,123,123.0,121.0,2.0,inf,False,False,16
1859,layer3.conv2,scale,6,"(10, 4)",0,0.0,False,0.755,0.0,False,0.00011122095897182402,124,124.0,60.0,64.0,inf,False,False,16
1860,layer3.conv2,scale,4,"(4, 2)",0,0.0,False,0.755,0.0,False,0.00011122095897182402,123,123.0,107.0,16.0,inf,False,False,16
1861,layer3.conv2,scale,4,"(46, 7)",1,0.005,True,0.76,-0.0050000000000000044,False,0.00011122095897182402,124,124.0,108.0,16.0,inf,False,False,16
1862,layer3.conv2,scale,6,"(34, 25)",0,0.0,False,0.755,0.0,False,0.00011122095897182402,123,123.0,59.0,64.0,inf,False,False,16
1863,layer3.conv2,scale,4,"(46, 31)",4,0.02,True,0.75,0.0050000000000000044,False,0.00011122095897182402,124,124.0,108.0,16.0,inf,False,False,16
1864,layer3.conv2,scale,5,"(51, 3)",1,0.005,True,0.76,-0.0050000000000000044,False,0.00011122095897182402,124,124.0,92.0,32.0,inf,False,False,16
1865,layer3.conv2,scale,3,"(42, 2)",0,0.0,False,0.755,0.0,False,0.00011122095897182402,123,123.0,115.0,8.0,inf,False,False,16
1866,layer3.conv2,scale,2,"(15, 4)",0,0.0,False,0.755,0.0,False,0.00011122095897182402,124,124.0,120.0,4.0,inf,False,False,16
1867,layer3.conv2,scale,2,"(38, 16)",2,0.01,True,0.76,-0.0050000000000000044,False,0.00011122095897182402,124,124.0,120.0,4.0,inf,False,False,16
1868,layer3.conv2,scale,0,"(53, 19)",2,0.01,True,0.755,0.0,False,0.00011122095897182402,124,124.0,125.0,1.0,inf,False,False,16
1869,layer3.conv2,scale,4,"(46, 18)",1,0.005,True,0.75,0.0050000000000000044,False,0.00011122095897182402,124,124.0,108.0,16.0,inf,False,False,16
1870,layer3.conv2,scale,0,"(9, 6)",1,0.005,True,0.755,0.0,False,0.00011122095897182402,124,124.0,125.0,1.0,inf,False,False,16
1871,layer3.conv2,scale,0,"(23, 13)",6,0.03,True,0.745,0.010000000000000009,False,0.00011122095897182402,124,124.0,125.0,1.0,inf,False,False,16
1872,layer3.conv2,scale,7,"(27, 6)",200,1.0,True,0.0,0.755,True,0.00011122095897182402,124,124.0,252.0,128.0,inf,False,False,16
1873,layer3.conv2,scale,5,"(35, 6)",4,0.02,True,0.745,0.010000000000000009,False,0.00011122095897182402,124,124.0,92.0,32.0,inf,False,False,16
1874,layer3.conv2,scale,1,"(23, 6)",16,0.08,True,0.76,-0.0050000000000000044,False,0.00011122095897182402,124,124.0,126.0,2.0,inf,False,False,16
1875,layer3.conv2,scale,4,"(42, 14)",2,0.01,True,0.755,0.0,False,0.00011122095897182402,124,124.0,108.0,16.0,inf,False,False,16
1876,layer3.conv2,scale,0,"(49, 19)",1,0.005,True,0.75,0.0050000000000000044,False,0.00011122095897182402,123,123.0,122.0,1.0,inf,False,False,16
1877,layer3.conv2,scale,0,"(31, 16)",3,0.015,True,0.74,0.015000000000000013,False,0.00011122095897182402,124,124.0,125.0,1.0,inf,False,False,16
1878,layer3.conv2,scale,6,"(35, 15)",4,0.02,True,0.745,0.010000000000000009,False,0.00011122095897182402,124,124.0,60.0,64.0,inf,False,False,16
1879,layer3.conv2,scale,1,"(44, 24)",26,0.13,True,0.725,0.030000000000000027,False,0.00011122095897182402,124,124.0,126.0,2.0,inf,False,False,16
1880,layer3.conv2,scale,4,"(35, 35)",1,0.005,True,0.755,0.0,False,0.00011122095897182402,124,124.0,108.0,16.0,inf,False,False,16
1881,layer3.conv2,scale,0,"(19, 27)",4,0.02,True,0.745,0.010000000000000009,False,0.00011122095897182402,124,124.0,125.0,1.0,inf,False,False,16
1882,layer3.conv2,scale,3,"(5, 0)",2,0.01,True,0.755,0.0,False,0.00011122095897182402,124,124.0,116.0,8.0,inf,False,False,16
1883,layer3.conv2,scale,0,"(59, 27)",2,0.01,True,0.755,0.0,False,0.00011122095897182402,124,124.0,125.0,1.0,inf,False,False,16
1884,layer3.conv2,scale,5,"(11, 16)",2,0.01,True,0.745,0.010000000000000009,False,0.00011122095897182402,124,124.0,92.0,32.0,inf,False,False,16
1885,layer3.conv2,scale,3,"(34, 28)",2,0.01,True,0.755,0.0,False,0.00011122095897182402,124,124.0,116.0,8.0,inf,False,False,16
1886,layer3.conv2,scale,1,"(16, 21)",8,0.04,True,0.74,0.015000000000000013,False,0.00011122095897182402,124,124.0,126.0,2.0,inf,False,False,16
1887,layer3.conv2,scale,3,"(53, 3)",4,0.02,True,0.765,-0.010000000000000009,False,0.00011122095897182402,123,123.0,115.0,8.0,inf,False,False,16
1888,layer3.conv2,scale,3,"(44, 18)",0,0.0,False,0.755,0.0,False,0.00011122095897182402,124,124.0,116.0,8.0,inf,False,False,16
1889,layer3.conv2,scale,1,"(44, 14)",9,0.045,True,0.75,0.0050000000000000044,False,0.00011122095897182402,124,124.0,126.0,2.0,inf,False,False,16
1890,layer3.conv2,scale,2,"(55, 2)",46,0.23,True,0.675,0.07999999999999996,False,0.00011122095897182402,123,123.0,127.0,4.0,inf,False,False,16
1891,layer3.conv2,scale,5,"(31, 18)",2,0.01,True,0.745,0.010000000000000009,False,0.00011122095897182402,124,124.0,92.0,32.0,inf,False,False,16
1892,layer3.conv2,scale,1,"(58, 28)",2,0.01,True,0.745,0.010000000000000009,False,0.00011122095897182402,124,124.0,126.0,2.0,inf,False,False,16
1893,layer3.conv2,scale,4,"(20, 18)",3,0.015,True,0.74,0.015000000000000013,False,0.00011122095897182402,124,124.0,108.0,16.0,inf,False,False,16
1894,layer3.conv2,scale,5,"(53, 31)",3,0.015,True,0.745,0.010000000000000009,False,0.00011122095897182402,124,124.0,92.0,32.0,inf,False,False,16
1895,layer3.conv2,scale,0,"(14, 29)",1,0.005,True,0.75,0.0050000000000000044,False,0.00011122095897182402,123,123.0,122.0,1.0,inf,False,False,16
1896,layer3.conv2,scale,3,"(52, 15)",5,0.025,True,0.75,0.0050000000000000044,False,0.00011122095897182402,124,124.0,116.0,8.0,inf,False,False,16
1897,layer3.conv2,scale,5,"(47, 4)",1,0.005,True,0.755,0.0,False,0.00011122095897182402,124,124.0,92.0,32.0,inf,False,False,16
1898,layer3.conv2,scale,3,"(53, 12)",2,0.01,True,0.755,0.0,False,0.00011122095897182402,124,124.0,116.0,8.0,inf,False,False,16
1899,layer3.conv2,scale,7,"(10, 8)",200,1.0,True,0.0,0.755,True,0.00011122095897182402,124,124.0,252.0,128.0,inf,False,False,16
1900,layer3.conv2,scale,4,"(41, 7)",1,0.005,True,0.755,0.0,False,0.00011122095897182402,124,124.0,108.0,16.0,inf,False,False,16
1901,layer3.conv2,scale,3,"(63, 30)",1,0.005,True,0.76,-0.0050000000000000044,False,0.00011122095897182402,124,124.0,116.0,8.0,inf,False,False,16
1902,layer3.conv2,scale,5,"(3, 12)",3,0.015,True,0.755,0.0,False,0.00011122095897182402,124,124.0,92.0,32.0,inf,False,False,16
1903,layer3.conv2,scale,3,"(13, 20)",0,0.0,False,0.755,0.0,False,0.00011122095897182402,124,124.0,116.0,8.0,inf,False,False,16
1904,layer3.conv2,scale,6,"(6, 34)",1,0.005,True,0.755,0.0,False,0.00011122095897182402,123,123.0,59.0,64.0,inf,False,False,16
1905,layer3.conv2,scale,1,"(56, 1)",6,0.03,True,0.75,0.0050000000000000044,False,0.00011122095897182402,124,124.0,126.0,2.0,inf,False,False,16
1906,layer3.conv2,scale,5,"(3, 34)",0,0.0,False,0.755,0.0,False,0.00011122095897182402,122,122.0,90.0,32.0,inf,False,False,16
1907,layer3.conv2,scale,0,"(31, 4)",7,0.035,True,0.76,-0.0050000000000000044,False,0.00011122095897182402,124,124.0,125.0,1.0,inf,False,False,16
1908,layer3.conv2,scale,2,"(44, 34)",0,0.0,False,0.755,0.0,False,0.00011122095897182402,124,124.0,120.0,4.0,inf,False,False,16
1909,layer3.conv2,scale,2,"(42, 11)",2,0.01,True,0.75,0.0050000000000000044,False,0.00011122095897182402,124,124.0,120.0,4.0,inf,False,False,16
1910,layer3.conv2,scale,0,"(44, 1)",1,0.005,True,0.755,0.0,False,0.00011122095897182402,125,125.0,124.0,1.0,inf,False,False,16
1911,layer3.conv2,scale,7,"(0, 22)",180,0.9,True,0.085,0.67,True,0.00011122095897182402,123,123.0,251.0,128.0,inf,False,False,16
1912,layer3.conv2,scale,4,"(9, 26)",3,0.015,True,0.755,0.0,False,0.00011122095897182402,124,124.0,108.0,16.0,inf,False,False,16
1913,layer3.conv2,scale,1,"(22, 3)",18,0.09,True,0.795,-0.040000000000000036,False,0.00011122095897182402,124,124.0,126.0,2.0,inf,False,False,16
1914,layer3.conv2,scale,1,"(17, 13)",1,0.005,True,0.76,-0.0050000000000000044,False,0.00011122095897182402,123,123.0,121.0,2.0,inf,False,False,16
1915,layer3.conv2,scale,0,"(36, 11)",1,0.005,True,0.755,0.0,False,0.00011122095897182402,124,124.0,125.0,1.0,inf,False,False,16
1916,layer3.conv2,scale,3,"(9, 0)",8,0.04,True,0.745,0.010000000000000009,False,0.00011122095897182402,124,124.0,116.0,8.0,inf,False,False,16
1917,layer3.conv2,scale,2,"(27, 19)",3,0.015,True,0.765,-0.010000000000000009,False,0.00011122095897182402,124,124.0,120.0,4.0,inf,False,False,16
1918,layer3.conv2,scale,6,"(53, 32)",0,0.0,False,0.755,0.0,False,0.00011122095897182402,123,123.0,59.0,64.0,inf,False,False,16
1919,layer3.conv2,scale,0,"(33, 26)",1,0.005,True,0.76,-0.0050000000000000044,False,0.00011122095897182402,124,124.0,125.0,1.0,inf,False,False,16
1920,layer3.conv2,scale,0,"(49, 19)",1,0.005,True,0.75,0.0050000000000000044,False,0.00011122095897182402,123,123.0,122.0,1.0,inf,False,False,16
1921,layer3.conv2,scale,4,"(55, 5)",1,0.005,True,0.755,0.0,False,0.00011122095897182402,124,124.0,108.0,16.0,inf,False,False,16
1922,layer3.conv2,scale,2,"(44, 1)",1,0.005,True,0.755,0.0,False,0.00011122095897182402,125,125.0,121.0,4.0,inf,False,False,16
1923,layer3.conv2,scale,6,"(61, 21)",0,0.0,False,0.755,0.0,False,0.00011122095897182402,123,123.0,59.0,64.0,inf,False,False,16
1924,layer3.conv2,scale,1,"(38, 21)",1,0.005,True,0.755,0.0,False,0.00011122095897182402,123,123.0,121.0,2.0,inf,False,False,16
1925,layer3.conv2,scale,0,"(50, 4)",1,0.005,True,0.76,-0.0050000000000000044,False,0.00011122095897182402,124,124.0,125.0,1.0,inf,False,False,16
1926,layer3.conv2,scale,3,"(31, 22)",2,0.01,True,0.745,0.010000000000000009,False,0.00011122095897182402,124,124.0,116.0,8.0,inf,False,False,16
1927,layer3.conv2,scale,5,"(22, 5)",2,0.01,True,0.75,0.0050000000000000044,False,0.00011122095897182402,124,124.0,92.0,32.0,inf,False,False,16
1928,layer3.conv2,scale,4,"(28, 14)",0,0.0,False,0.755,0.0,False,0.00011122095897182402,122,122.0,106.0,16.0,inf,False,False,16
1929,layer3.conv2,scale,2,"(3, 34)",6,0.03,True,0.75,0.0050000000000000044,False,0.00011122095897182402,122,122.0,126.0,4.0,inf,False,False,16
1930,layer3.conv2,scale,2,"(8, 17)",0,0.0,False,0.755,0.0,False,0.00011122095897182402,124,124.0,120.0,4.0,inf,False,False,16
1931,layer3.conv2,scale,3,"(4, 35)",0,0.0,False,0.755,0.0,False,0.00011122095897182402,123,123.0,115.0,8.0,inf,False,False,16
1932,layer3.conv2,scale,7,"(32, 9)",200,1.0,True,0.0,0.755,True,0.00011122095897182402,123,123.0,251.0,128.0,inf,False,False,16
1933,layer3.conv2,scale,6,"(10, 19)",0,0.0,False,0.755,0.0,False,0.00011122095897182402,124,124.0,60.0,64.0,inf,False,False,16
1934,layer3.conv2,scale,4,"(36, 20)",1,0.005,True,0.75,0.0050000000000000044,False,0.00011122095897182402,124,124.0,108.0,16.0,inf,False,False,16
1935,layer3.conv2,scale,7,"(52, 9)",200,1.0,True,0.0,0.755,True,0.00011122095897182402,123,123.0,251.0,128.0,inf,False,False,16
1936,layer3.conv2,scale,1,"(40, 31)",14,0.07,True,0.72,0.03500000000000003,False,0.00011122095897182402,124,124.0,126.0,2.0,inf,False,False,16
1937,layer3.conv2,scale,2,"(1, 14)",2,0.01,True,0.765,-0.010000000000000009,False,0.00011122095897182402,123,123.0,127.0,4.0,inf,False,False,16
1938,layer3.conv2,scale,6,"(5, 9)",1,0.005,True,0.76,-0.0050000000000000044,False,0.00011122095897182402,123,123.0,59.0,64.0,inf,False,False,16
1939,layer3.conv2,scale,2,"(22, 29)",9,0.045,True,0.73,0.025000000000000022,False,0.00011122095897182402,123,123.0,127.0,4.0,inf,False,False,16
1940,layer3.conv2,scale,5,"(58, 23)",1,0.005,True,0.76,-0.0050000000000000044,False,0.00011122095897182402,124,124.0,92.0,32.0,inf,False,False,16
1941,layer3.conv2,scale,3,"(48, 31)",0,0.0,False,0.755,0.0,False,0.00011122095897182402,123,123.0,115.0,8.0,inf,False,False,16
1942,layer3.conv2,scale,3,"(44, 3)",2,0.01,True,0.75,0.0050000000000000044,False,0.00011122095897182402,124,124.0,116.0,8.0,inf,False,False,16
1943,layer3.conv2,scale,1,"(16, 15)",11,0.055,True,0.735,0.020000000000000018,False,0.00011122095897182402,124,124.0,126.0,2.0,inf,False,False,16
1944,layer3.conv2,scale,6,"(42, 11)",2,0.01,True,0.75,0.0050000000000000044,False,0.00011122095897182402,124,124.0,60.0,64.0,inf,False,False,16
1945,layer3.conv2,scale,0,"(31, 8)",1,0.005,True,0.755,0.0,False,0.00011122095897182402,124,124.0,125.0,1.0,inf,False,False,16
1946,layer3.conv2,scale,6,"(15, 31)",2,0.01,True,0.755,0.0,False,0.00011122095897182402,124,124.0,60.0,64.0,inf,False,False,16
1947,layer3.conv2,scale,0,"(42, 27)",1,0.005,True,0.76,-0.0050000000000000044,False,0.00011122095897182402,123,123.0,122.0,1.0,inf,False,False,16
1948,layer3.conv2,scale,2,"(31, 25)",5,0.025,True,0.77,-0.015000000000000013,False,0.00011122095897182402,124,124.0,120.0,4.0,inf,False,False,16
1949,layer3.conv2,scale,4,"(63, 27)",1,0.005,True,0.75,0.0050000000000000044,False,0.00011122095897182402,124,124.0,108.0,16.0,inf,False,False,16
1950,layer3.conv2,scale,7,"(39, 34)",200,1.0,True,0.0,0.755,True,0.00011122095897182402,124,124.0,252.0,128.0,inf,False,False,16
1951,layer3.conv2,scale,3,"(47, 10)",1,0.005,True,0.755,0.0,False,0.00011122095897182402,124,124.0,116.0,8.0,inf,False,False,16
1952,layer3.conv2,scale,5,"(12, 21)",3,0.015,True,0.74,0.015000000000000013,False,0.00011122095897182402,123,123.0,91.0,32.0,inf,False,False,16
1953,layer3.conv2,scale,2,"(20, 23)",2,0.01,True,0.745,0.010000000000000009,False,0.00011122095897182402,124,124.0,120.0,4.0,inf,False,False,16
1954,layer3.conv2,scale,0,"(42, 6)",1,0.005,True,0.75,0.0050000000000000044,False,0.00011122095897182402,124,124.0,125.0,1.0,inf,False,False,16
1955,layer3.conv2,scale,1,"(60, 28)",1,0.005,True,0.75,0.0050000000000000044,False,0.00011122095897182402,123,123.0,121.0,2.0,inf,False,False,16
1956,layer3.conv2,scale,1,"(37, 18)",2,0.01,True,0.745,0.010000000000000009,False,0.00011122095897182402,124,124.0,126.0,2.0,inf,False,False,16
1957,layer3.conv2,scale,4,"(11, 7)",1,0.005,True,0.75,0.0050000000000000044,False,0.00011122095897182402,124,124.0,108.0,16.0,inf,False,False,16
1958,layer3.conv2,scale,0,"(49, 20)",1,0.005,True,0.76,-0.0050000000000000044,False,0.00011122095897182402,124,124.0,125.0,1.0,inf,False,False,16
1959,layer3.conv2,scale,0,"(32, 17)",3,0.015,True,0.745,0.010000000000000009,False,0.00011122095897182402,124,124.0,125.0,1.0,inf,False,False,16
1960,layer3.conv2,scale,5,"(34, 16)",2,0.01,True,0.745,0.010000000000000009,False,0.00011122095897182402,124,124.0,92.0,32.0,inf,False,False,16
1961,layer3.conv2,scale,0,"(23, 28)",2,0.01,True,0.755,0.0,False,0.00011122095897182402,124,124.0,125.0,1.0,inf,False,False,16
1962,layer3.conv2,scale,0,"(43, 25)",0,0.0,False,0.755,0.0,False,0.00011122095897182402,123,123.0,122.0,1.0,inf,False,False,16
1963,layer3.conv2,scale,1,"(42, 23)",0,0.0,False,0.755,0.0,False,0.00011122095897182402,123,123.0,121.0,2.0,inf,False,False,16
1964,layer3.conv2,scale,3,"(60, 22)",1,0.005,True,0.75,0.0050000000000000044,False,0.00011122095897182402,124,124.0,116.0,8.0,inf,False,False,16
1965,layer3.conv2,scale,4,"(12, 7)",1,0.005,True,0.75,0.0050000000000000044,False,0.00011122095897182402,124,124.0,108.0,16.0,inf,False,False,16
1966,layer3.conv2,scale,3,"(41, 21)",2,0.01,True,0.76,-0.0050000000000000044,False,0.00011122095897182402,124,124.0,116.0,8.0,inf,False,False,16
1967,layer3.shortcut.0,scale,6,"(24, 1)",2,0.01,True,0.745,0.010000000000000009,False,0.00011312217194570136,122,122.0,58.0,64.0,inf,False,False,16
1968,layer3.shortcut.0,scale,2,"(3, 1)",83,0.415,True,0.5,0.255,False,0.00011312217194570136,123,123.0,127.0,4.0,inf,False,False,16
1969,layer3.shortcut.0,scale,3,"(35, 0)",2,0.01,True,0.755,0.0,False,0.00011312217194570136,122,122.0,114.0,8.0,inf,False,False,16
1970,layer3.shortcut.0,scale,6,"(63, 0)",0,0.0,False,0.755,0.0,False,0.00011312217194570136,123,123.0,59.0,64.0,inf,False,False,16
1971,layer3.shortcut.0,scale,2,"(42, 0)",14,0.07,True,0.7,0.05500000000000005,False,0.00011312217194570136,122,122.0,126.0,4.0,inf,False,False,16
1972,layer3.shortcut.0,scale,6,"(60, 0)",1,0.005,True,0.75,0.0050000000000000044,False,0.00011312217194570136,122,122.0,58.0,64.0,inf,False,False,16
1973,layer3.shortcut.0,scale,2,"(37, 1)",47,0.235,True,0.625,0.13,False,0.00011312217194570136,123,123.0,127.0,4.0,inf,False,False,16
1974,layer3.shortcut.0,scale,4,"(63, 1)",2,0.01,True,0.745,0.010000000000000009,False,0.00011312217194570136,122,122.0,106.0,16.0,inf,False,False,16
1975,layer3.shortcut.0,scale,2,"(20, 1)",129,0.645,True,0.295,0.46,False,0.00011312217194570136,123,123.0,127.0,4.0,inf,False,False,16
1976,layer3.shortcut.0,scale,6,"(22, 0)",3,0.015,True,0.755,0.0,False,0.00011312217194570136,123,123.0,59.0,64.0,inf,False,False,16
1977,layer3.shortcut.0,scale,1,"(2, 1)",2,0.01,True,0.765,-0.010000000000000009,False,0.00011312217194570136,123,123.0,121.0,2.0,inf,False,False,16
1978,layer3.shortcut.0,scale,3,"(18, 0)",2,0.01,True,0.745,0.010000000000000009,False,0.00011312217194570136,123,123.0,115.0,8.0,inf,False,False,16
1979,layer3.shortcut.0,scale,4,"(29, 1)",2,0.01,True,0.755,0.0,False,0.00011312217194570136,123,123.0,107.0,16.0,inf,False,False,16
1980,layer3.shortcut.0,scale,3,"(8, 1)",0,0.0,False,0.755,0.0,False,0.00011312217194570136,123,123.0,115.0,8.0,inf,False,False,16
1981,layer3.shortcut.0,scale,2,"(7, 1)",87,0.435,True,0.585,0.17000000000000004,False,0.00011312217194570136,123,123.0,127.0,4.0,inf,False,False,16
1982,layer3.shortcut.0,scale,4,"(63, 1)",2,0.01,True,0.745,0.010000000000000009,False,0.00011312217194570136,122,122.0,106.0,16.0,inf,False,False,16
1983,layer3.shortcut.0,scale,6,"(29, 1)",2,0.01,True,0.755,0.0,False,0.00011312217194570136,123,123.0,59.0,64.0,inf,False,False,16
1984,layer3.shortcut.0,scale,4,"(49, 1)",3,0.015,True,0.765,-0.010000000000000009,False,0.00011312217194570136,123,123.0,107.0,16.0,inf,False,False,16
1985,layer3.shortcut.0,scale,3,"(40, 0)",2,0.01,True,0.755,0.0,False,0.00011312217194570136,123,123.0,115.0,8.0,inf,False,False,16
1986,layer3.shortcut.0,scale,2,"(8, 0)",2,0.01,True,0.765,-0.010000000000000009,False,0.00011312217194570136,124,124.0,120.0,4.0,inf,False,False,16
1987,layer3.shortcut.0,scale,1,"(12, 1)",4,0.02,True,0.75,0.0050000000000000044,False,0.00011312217194570136,124,124.0,126.0,2.0,inf,False,False,16
1988,layer3.shortcut.0,scale,5,"(0, 0)",1,0.005,True,0.75,0.0050000000000000044,False,0.00011312217194570136,122,122.0,90.0,32.0,inf,False,False,16
1989,layer3.shortcut.0,scale,6,"(40, 1)",2,0.01,True,0.765,-0.010000000000000009,False,0.00011312217194570136,122,122.0,58.0,64.0,inf,False,False,16
1990,layer3.shortcut.0,scale,5,"(52, 1)",2,0.01,True,0.755,0.0,False,0.00011312217194570136,123,123.0,91.0,32.0,inf,False,False,16
1991,layer3.shortcut.0,scale,0,"(61, 1)",0,0.0,False,0.755,0.0,False,0.00011312217194570136,123,123.0,122.0,1.0,inf,False,False,16
1992,layer3.shortcut.0,scale,1,"(17, 0)",0,0.0,False,0.755,0.0,False,0.00011312217194570136,123,123.0,121.0,2.0,inf,False,False,16
1993,fc,scale,4,"(2, 1)",16,0.08,True,0.755,0.0,False,0.00013130252100840336,126,126.0,110.0,16.0,inf,False,False,16
1994,fc,scale,7,"(5, 2)",200,1.0,True,0.0,0.755,True,0.00013130252100840336,126,126.0,254.0,128.0,inf,False,False,16
1995,fc,scale,5,"(4, 3)",6,0.03,True,0.735,0.020000000000000018,False,0.00013130252100840336,125,125.0,93.0,32.0,inf,False,False,16
1996,fc,scale,6,"(5, 0)",7,0.035,True,0.735,0.020000000000000018,False,0.00013130252100840336,125,125.0,61.0,64.0,inf,False,False,16
1997,fc,scale,3,"(7, 1)",3,0.015,True,0.75,0.0050000000000000044,False,0.00013130252100840336,125,125.0,117.0,8.0,inf,False,False,16
1998,fc,scale,2,"(5, 2)",21,0.105,True,0.69,0.06500000000000006,False,0.00013130252100840336,126,126.0,122.0,4.0,inf,False,False,16
1999,fc,scale,4,"(5, 3)",10,0.05,True,0.725,0.030000000000000027,False,0.00013130252100840336,125,125.0,109.0,16.0,inf,False,False,16
