i,tensor,site,bit,index,changed,change_rate,sdc,accuracy,acc_drop,nonfinite,weight,code,value_before,value_after,log_severity,rel_error,sign_flip,to_nonfinite,blast_radius
0,conv1,element,7,"(1, 2, 6)",4,0.02,True,0.865,0.0,False,,117,208.0,-208.0,0.0,2.0,True,False,1
1,conv1,element,6,"(0, 2, 2)",2,0.01,True,0.86,0.0050000000000000044,False,,236,-96.0,-0.375,8.0,0.99609375,False,False,1
2,conv1,element,5,"(7, 0, 3)",12,0.06,True,0.83,0.03500000000000003,False,,122,320.0,20.0,4.0,0.9375,False,False,1
3,conv1,element,3,"(0, 1, 7)",4,0.02,True,0.86,0.0050000000000000044,False,,113,144.0,288.0,0.9999995231628418,1.0,False,False,1
4,conv1,element,4,"(2, 0, 7)",7,0.035,True,0.855,0.010000000000000009,False,,235,-88.0,-352.0,2.0,3.0,False,False,1
5,conv1,element,2,"(8, 0, 6)",1,0.005,True,0.87,-0.0050000000000000044,False,,122,320.0,448.0,0.4854269027709961,0.4000000059604645,False,False,1
6,conv1,element,3,"(15, 1, 6)",0,0.0,False,0.865,0.0,False,,220,-24.0,-12.0,0.9999997615814209,0.5,False,False,1
7,conv1,element,3,"(7, 1, 4)",200,1.0,True,0.0,0.865,True,,119,240.0,,inf,inf,False,True,1
8,conv1,element,1,"(12, 3, 1)",0,0.0,False,0.865,0.0,False,,243,-176.0,-144.0,0.2895064353942871,0.1818181872367859,False,False,1
9,layer1.conv1,element,4,"(15, 16, 0)",5,0.025,True,0.855,0.010000000000000009,False,,237,-104.0,-416.0,1.9999995231628418,3.0,False,False,1
10,layer1.conv1,element,3,"(0, 3, 3)",9,0.045,True,0.83,0.03500000000000003,False,,108,96.0,48.0,1.0,0.5,False,False,1
11,layer1.conv1,element,4,"(1, 9, 7)",1,0.005,True,0.86,0.0050000000000000044,False,,237,-104.0,-416.0,1.9999995231628418,3.0,False,False,1
12,layer1.conv1,element,3,"(3, 1, 3)",0,0.0,False,0.865,0.0,False,,110,112.0,56.0,1.0,0.5,False,False,1
13,layer1.conv1,element,5,"(15, 9, 0)",1,0.005,True,0.86,0.0050000000000000044,False,,249,-288.0,-18.0,3.999999523162842,0.9375,False,False,1
14,layer1.conv1,element,4,"(11, 1, 2)",1,0.005,True,0.86,0.0050000000000000044,False,,231,-60.0,-240.0,2.0,3.0,False,False,1
15,layer1.conv1,element,5,"(14, 1, 7)",0,0.0,False,0.865,0.0,False,,224,-32.0,-2.0,4.0,0.9375,False,False,1
16,layer1.conv1,element,7,"(3, 3, 6)",87,0.435,True,0.54,0.32499999999999996,False,,234,-80.0,80.0,0.0,2.0,True,False,1
17,layer1.conv1,element,1,"(11, 9, 5)",0,0.0,False,0.865,0.0,False,,251,-352.0,-288.0,0.2895069122314453,0.1818181872367859,False,False,1
18,layer1.conv1,element,4,"(5, 16, 3)",5,0.025,True,0.855,0.010000000000000009,False,,245,-208.0,-52.0,2.0,0.75,False,False,1
19,layer1.conv1,element,3,"(7, 14, 6)",0,0.0,False,0.865,0.0,False,,118,224.0,448.0,1.0,1.0,False,False,1
20,layer1.conv1,element,2,"(0, 1, 0)",0,0.0,False,0.865,0.0,False,,95,30.0,22.0,0.44745874404907227,0.2666666805744171,False,False,1
21,layer1.conv1,element,1,"(9, 15, 6)",2,0.01,True,0.865,0.0,False,,120,256.0,320.0,0.3219280242919922,0.25,False,False,1
22,layer1.conv1,element,0,"(13, 5, 0)",0,0.0,False,0.865,0.0,False,,120,256.0,288.0,0.16992473602294922,0.125,False,False,1
23,layer1.conv1,element,3,"(10, 11, 1)",0,0.0,False,0.865,0.0,False,,110,112.0,56.0,1.0,0.5,False,False,1
24,layer1.conv1,element,6,"(2, 8, 3)",0,0.0,False,0.865,0.0,False,,120,256.0,1.0,8.0,0.99609375,False,False,1
25,layer1.conv1,element,0,"(8, 9, 5)",0,0.0,False,0.865,0.0,False,,79,7.5,7.0,0.09953570365905762,0.06666667014360428,False,False,1
26,layer1.conv1,element,3,"(4, 5, 0)",0,0.0,False,0.865,0.0,False,,124,384.0,192.0,1.0000004768371582,0.5,False,False,1
27,layer1.conv1,element,7,"(15, 7, 7)",1,0.005,True,0.86,0.0050000000000000044,False,,80,8.0,-8.0,0.0,2.0,True,False,1
28,layer1.conv1,element,7,"(14, 1, 4)",0,0.0,False,0.865,0.0,False,,228,-48.0,48.0,0.0,2.0,True,False,1
29,layer1.conv1,element,1,"(2, 17, 5)",1,0.005,True,0.86,0.0050000000000000044,False,,242,-160.0,-128.0,0.3219280242919922,0.20000000298023224,False,False,1
30,layer1.conv1,element,0,"(8, 2, 6)",0,0.0,False,0.865,0.0,False,,242,-160.0,-176.0,0.13750362396240234,0.10000000149011612,False,False,1
31,layer1.conv1,element,5,"(15, 0, 5)",4,0.02,True,0.86,0.0050000000000000044,False,,221,-26.0,-416.0,3.999999523162842,15.0,False,False,1
32,layer1.conv1,element,0,"(13, 9, 7)",0,0.0,False,0.865,0.0,False,,117,208.0,192.0,0.1154775619506836,0.07692307978868484,False,False,1
33,layer1.conv1,element,2,"(11, 5, 7)",1,0.005,True,0.86,0.0050000000000000044,False,,248,-256.0,-384.0,0.5849628448486328,0.5,False,False,1
34,layer1.conv1,element,3,"(10, 4, 1)",4,0.02,True,0.855,0.010000000000000009,False,,249,-288.0,-144.0,0.9999995231628418,0.5,False,False,1
35,layer1.conv1,element,6,"(0, 12, 1)",0,0.0,False,0.865,0.0,False,,95,30.0,0.1171875,8.0,0.99609375,False,False,1
36,layer1.conv1,element,0,"(11, 15, 5)",0,0.0,False,0.865,0.0,False,,93,26.0,24.0,0.1154775619506836,0.07692307978868484,False,False,1
37,layer1.conv1,element,5,"(7, 10, 2)",0,0.0,False,0.865,0.0,False,,241,-144.0,-9.0,4.0,0.9375,False,False,1
38,layer1.conv1,element,4,"(1, 8, 2)",0,0.0,False,0.865,0.0,False,,115,176.0,44.0,2.0,0.75,False,False,1
39,layer1.conv1,element,1,"(3, 16, 3)",6,0.03,True,0.865,0.0,False,,248,-256.0,-320.0,0.3219280242919922,0.25,False,False,1
40,layer1.conv1,element,6,"(8, 11, 6)",0,0.0,False,0.865,0.0,False,,111,120.0,0.46875,8.0,0.99609375,False,False,1
41,layer1.conv1,element,6,"(11, 11, 2)",2,0.01,True,0.855,0.010000000000000009,False,,249,-288.0,-1.125,7.999999523162842,0.99609375,False,False,1
42,layer1.conv1,element,3,"(8, 2, 1)",0,0.0,False,0.865,0.0,False,,108,96.0,48.0,1.0,0.5,False,False,1
43,layer1.conv1,element,7,"(9, 14, 4)",0,0.0,False,0.865,0.0,False,,240,-128.0,128.0,0.0,2.0,True,False,1
44,layer1.conv1,element,4,"(13, 16, 7)",2,0.01,True,0.865,0.0,False,,242,-160.0,-40.0,2.0,0.75,False,False,1
45,layer1.conv1,element,7,"(10, 17, 4)",1,0.005,True,0.86,0.0050000000000000044,False,,228,-48.0,48.0,0.0,2.0,True,False,1
46,layer1.conv1,element,7,"(5, 14, 0)",1,0.005,True,0.86,0.0050000000000000044,False,,249,-288.0,288.0,0.0,2.0,True,False,1
47,layer1.conv1,element,4,"(10, 5, 2)",0,0.0,False,0.865,0.0,False,,248,-256.0,-64.0,2.0,0.75,False,False,1
48,layer1.conv1,element,2,"(9, 10, 2)",0,0.0,False,0.865,0.0,False,,104,64.0,96.0,0.5849623680114746,0.5,False,False,1
49,layer1.conv1,element,1,"(1, 13, 1)",0,0.0,False,0.865,0.0,False,,122,320.0,256.0,0.3219280242919922,0.20000000298023224,False,False,1
50,layer1.conv1,element,4,"(0, 17, 0)",1,0.005,True,0.86,0.0050000000000000044,False,,116,192.0,48.0,2.0,0.75,False,False,1
51,layer1.conv1,element,1,"(10, 10, 1)",0,0.0,False,0.865,0.0,False,,242,-160.0,-128.0,0.3219280242919922,0.20000000298023224,False,False,1
52,layer1.conv1,element,6,"(6, 3, 5)",0,0.0,False,0.865,0.0,False,,231,-60.0,-0.234375,8.0,0.99609375,False,False,1
53,layer1.conv1,element,7,"(9, 10, 2)",1,0.005,True,0.86,0.0050000000000000044,False,,104,64.0,-64.0,0.0,2.0,True,False,1
54,layer1.conv1,element,1,"(5, 3, 0)",1,0.005,True,0.86,0.0050000000000000044,False,,112,128.0,160.0,0.3219280242919922,0.25,False,False,1
55,layer1.conv1,element,4,"(3, 10, 7)",0,0.0,False,0.865,0.0,False,,244,-192.0,-48.0,2.0,0.75,False,False,1
56,layer1.conv1,element,0,"(2, 7, 2)",0,0.0,False,0.865,0.0,False,,104,64.0,72.0,0.16992521286010742,0.125,False,False,1
57,layer1.conv1,element,1,"(6, 1, 7)",0,0.0,False,0.865,0.0,False,,177,-0.5625,-0.6875,0.2895066738128662,0.2222222238779068,False,False,1
58,layer1.conv1,element,3,"(13, 1, 0)",1,0.005,True,0.86,0.0050000000000000044,False,,104,64.0,32.0,1.0,0.5,False,False,1
59,layer1.conv1,element,7,"(6, 7, 3)",0,0.0,False,0.865,0.0,False,,204,-6.0,6.0,0.0,2.0,True,False,1
60,layer1.conv1,element,7,"(6, 1, 2)",1,0.005,True,0.86,0.0050000000000000044,False,,109,104.0,-104.0,0.0,2.0,True,False,1
61,layer1.conv1,element,5,"(9, 3, 5)",26,0.13,True,0.805,0.05999999999999994,False,,235,-88.0,-5.5,4.0,0.9375,False,False,1
62,layer1.conv1,element,4,"(15, 11, 7)",3,0.015,True,0.865,0.0,False,,252,-384.0,-96.0,2.000000476837158,0.75,False,False,1
63,layer1.conv1,element,4,"(6, 4, 7)",1,0.005,True,0.86,0.0050000000000000044,False,,237,-104.0,-416.0,1.9999995231628418,3.0,False,False,1
64,layer1.conv2,element,4,"(0, 17, 3)",2,0.01,True,0.86,0.0050000000000000044,False,,110,112.0,448.0,2.0,3.0,False,False,1
65,layer1.conv2,element,6,"(6, 0, 2)",0,0.0,False,0.865,0.0,False,,240,-128.0,-0.5,8.0,0.99609375,False,False,1
66,layer1.conv2,element,6,"(15, 13, 1)",6,0.03,True,0.87,-0.0050000000000000044,False,,125,416.0,1.625,8.0,0.99609375,False,False,1
67,layer1.conv2,element,7,"(6, 10, 2)",5,0.025,True,0.85,0.015000000000000013,False,,243,-176.0,176.0,0.0,2.0,True,False,1
68,layer1.conv2,element,7,"(3, 7, 3)",3,0.015,True,0.87,-0.0050000000000000044,False,,109,104.0,-104.0,0.0,2.0,True,False,1
69,layer1.conv2,element,1,"(3, 14, 7)",0,0.0,False,0.865,0.0,False,,240,-128.0,-160.0,0.3219280242919922,0.25,False,False,1
70,layer1.conv2,element,3,"(11, 7, 3)",0,0.0,False,0.865,0.0,False,,107,88.0,44.0,1.0,0.5,False,False,1
71,layer1.conv2,element,7,"(0, 10, 7)",0,0.0,False,0.865,0.0,False,,217,-18.0,18.0,0.0,2.0,True,False,1
72,layer1.conv2,element,2,"(15, 9, 1)",0,0.0,False,0.865,0.0,False,,228,-48.0,-32.0,0.5849623680114746,0.3333333432674408,False,False,1
73,layer1.conv2,element,0,"(14, 0, 2)",0,0.0,False,0.865,0.0,False,,240,-128.0,-144.0,0.16992521286010742,0.125,False,False,1
74,layer1.conv2,element,4,"(9, 1, 3)",1,0.005,True,0.86,0.0050000000000000044,False,,248,-256.0,-64.0,2.0,0.75,False,False,1
75,layer1.conv2,element,6,"(7, 8, 5)",0,0.0,False,0.865,0.0,False,,113,144.0,0.5625,8.0,0.99609375,False,False,1
76,layer1.conv2,element,5,"(12, 3, 2)",2,0.01,True,0.86,0.0050000000000000044,False,,245,-208.0,-13.0,4.0,0.9375,False,False,1
77,layer1.conv2,element,6,"(8, 13, 5)",1,0.005,True,0.86,0.0050000000000000044,False,,96,32.0,0.125,8.0,0.99609375,False,False,1
78,layer1.conv2,element,5,"(7, 11, 3)",0,0.0,False,0.865,0.0,False,,234,-80.0,-5.0,4.0,0.9375,False,False,1
79,layer1.conv2,element,1,"(5, 2, 6)",0,0.0,False,0.865,0.0,False,,113,144.0,176.0,0.2895064353942871,0.2222222238779068,False,False,1
80,layer1.conv2,element,6,"(7, 2, 5)",0,0.0,False,0.865,0.0,False,,202,-5.0,-0.01953125,8.0,0.99609375,False,False,1
81,layer1.conv2,element,3,"(12, 0, 3)",1,0.005,True,0.86,0.0050000000000000044,False,,241,-144.0,-288.0,0.9999995231628418,1.0,False,False,1
82,layer1.conv2,element,6,"(0, 15, 6)",1,0.005,True,0.86,0.0050000000000000044,False,,118,224.0,0.875,8.0,0.99609375,False,False,1
83,layer1.conv2,element,6,"(0, 7, 2)",2,0.01,True,0.865,0.0,False,,233,-72.0,-0.28125,8.0,0.99609375,False,False,1
84,layer1.conv2,element,7,"(11, 9, 3)",3,0.015,True,0.85,0.015000000000000013,False,,249,-288.0,288.0,0.0,2.0,True,False,1
85,layer1.conv2,element,0,"(5, 17, 1)",0,0.0,False,0.865,0.0,False,,233,-72.0,-64.0,0.16992521286010742,0.1111111119389534,False,False,1
86,layer1.conv2,element,6,"(12, 15, 3)",1,0.005,True,0.86,0.0050000000000000044,False,,96,32.0,0.125,8.0,0.99609375,False,False,1
87,layer1.conv2,element,5,"(0, 8, 5)",0,0.0,False,0.865,0.0,False,,251,-352.0,-22.0,4.0,0.9375,False,False,1
88,layer1.conv2,element,3,"(14, 9, 2)",4,0.02,True,0.855,0.010000000000000009,False,,241,-144.0,-288.0,0.9999995231628418,1.0,False,False,1
89,layer1.conv2,element,6,"(1, 17, 3)",0,0.0,False,0.865,0.0,False,,248,-256.0,-1.0,8.0,0.99609375,False,False,1
90,layer1.conv2,element,7,"(6, 11, 6)",2,0.01,True,0.865,0.0,False,,120,256.0,-256.0,0.0,2.0,True,False,1
91,layer1.conv2,element,4,"(15, 8, 4)",0,0.0,False,0.865,0.0,False,,230,-56.0,-224.0,2.0,3.0,False,False,1
92,layer1.conv2,element,0,"(1, 13, 1)",0,0.0,False,0.865,0.0,False,,118,224.0,240.0,0.09953546524047852,0.0714285746216774,False,False,1
93,layer1.conv2,element,5,"(10, 9, 3)",4,0.02,True,0.855,0.010000000000000009,False,,90,20.0,320.0,4.0,15.0,False,False,1
94,layer1.conv2,element,1,"(11, 11, 5)",0,0.0,False,0.865,0.0,False,,252,-384.0,-448.0,0.22239208221435547,0.1666666716337204,False,False,1
95,layer1.conv2,element,1,"(6, 15, 2)",0,0.0,False,0.865,0.0,False,,219,-22.0,-18.0,0.2895064353942871,0.1818181872367859,False,False,1
96,layer1.conv2,element,1,"(1, 4, 6)",0,0.0,False,0.865,0.0,False,,102,56.0,48.0,0.22239255905151367,0.1428571492433548,False,False,1
97,layer1.conv2,element,1,"(8, 6, 6)",1,0.005,True,0.86,0.0050000000000000044,False,,254,-448.0,-384.0,0.22239208221435547,0.1428571492433548,False,False,1
98,layer1.conv2,element,7,"(6, 16, 6)",17,0.085,True,0.825,0.040000000000000036,False,,248,-256.0,256.0,0.0,2.0,True,False,1
99,layer1.conv2,element,2,"(13, 17, 2)",0,0.0,False,0.865,0.0,False,,231,-60.0,-44.0,0.44745874404907227,0.2666666805744171,False,False,1
100,layer1.conv2,element,0,"(10, 16, 3)",0,0.0,False,0.865,0.0,False,,240,-128.0,-144.0,0.16992521286010742,0.125,False,False,1
101,layer1.conv2,element,1,"(5, 9, 1)",1,0.005,True,0.86,0.0050000000000000044,False,,244,-192.0,-224.0,0.22239255905151367,0.1666666716337204,False,False,1
102,layer1.conv2,element,3,"(0, 16, 5)",1,0.005,True,0.86,0.0050000000000000044,False,,253,-416.0,-208.0,0.9999995231628418,0.5,False,False,1
103,layer1.conv2,element,2,"(9, 8, 0)",0,0.0,False,0.865,0.0,False,,244,-192.0,-128.0,0.5849623680114746,0.3333333432674408,False,False,1
104,layer1.conv2,element,2,"(4, 8, 4)",0,0.0,False,0.865,0.0,False,,115,176.0,240.0,0.44745874404907227,0.3636363744735718,False,False,1
105,layer1.conv2,element,7,"(10, 16, 7)",1,0.005,True,0.86,0.0050000000000000044,False,,110,112.0,-112.0,0.0,2.0,True,False,1
106,layer1.conv2,element,6,"(13, 14, 6)",1,0.005,True,0.86,0.0050000000000000044,False,,113,144.0,0.5625,8.0,0.99609375,False,False,1
107,layer1.conv2,element,4,"(5, 12, 2)",0,0.0,False,0.865,0.0,False,,210,-10.0,-2.5,1.9999998807907104,0.75,False,False,1
108,layer1.conv2,element,7,"(14, 8, 1)",4,0.02,True,0.845,0.020000000000000018,False,,251,-352.0,352.0,0.0,2.0,True,False,1
109,layer1.conv2,element,2,"(8, 5, 4)",0,0.0,False,0.865,0.0,False,,105,72.0,104.0,0.5305147171020508,0.4444444477558136,False,False,1
110,layer2.conv1,element,7,"(4, 7, 1)",2,0.01,True,0.86,0.0050000000000000044,False,,249,-288.0,288.0,0.0,2.0,True,False,1
111,layer2.conv1,element,2,"(8, 12, 3)",0,0.0,False,0.865,0.0,False,,117,208.0,144.0,0.5305147171020508,0.3076923191547394,False,False,1
112,layer2.conv1,element,0,"(2, 15, 3)",0,0.0,False,0.865,0.0,False,,114,160.0,176.0,0.13750362396240234,0.10000000149011612,False,False,1
113,layer2.conv1,element,1,"(30, 8, 2)",0,0.0,False,0.865,0.0,False,,234,-80.0,-64.0,0.3219280242919922,0.20000000298023224,False,False,1
114,layer2.conv1,element,0,"(7, 0, 1)",0,0.0,False,0.865,0.0,False,,77,6.5,6.0,0.11547708511352539,0.07692307978868484,False,False,1
115,layer2.conv1,element,3,"(14, 4, 0)",2,0.01,True,0.865,0.0,False,,241,-144.0,-288.0,0.9999995231628418,1.0,False,False,1
116,layer2.conv1,element,0,"(6, 8, 3)",0,0.0,False,0.865,0.0,False,,249,-288.0,-256.0,0.16992473602294922,0.1111111119389534,False,False,1
117,layer2.conv1,element,2,"(31, 6, 5)",0,0.0,False,0.865,0.0,False,,244,-192.0,-128.0,0.5849623680114746,0.3333333432674408,False,False,1
118,layer2.conv1,element,2,"(5, 1, 0)",0,0.0,False,0.865,0.0,False,,114,160.0,224.0,0.4854269027709961,0.4000000059604645,False,False,1
119,layer2.conv1,element,5,"(16, 8, 7)",1,0.005,True,0.86,0.0050000000000000044,False,,107,88.0,5.5,4.0,0.9375,False,False,1
120,layer2.conv1,element,1,"(30, 7, 4)",0,0.0,False,0.865,0.0,False,,114,160.0,128.0,0.3219280242919922,0.20000000298023224,False,False,1
121,layer2.conv1,element,7,"(16, 12, 1)",1,0.005,True,0.86,0.0050000000000000044,False,,229,-52.0,52.0,0.0,2.0,True,False,1
122,layer2.conv1,element,1,"(28, 13, 6)",0,0.0,False,0.865,0.0,False,,232,-64.0,-80.0,0.3219280242919922,0.25,False,False,1
123,layer2.conv1,element,7,"(28, 12, 3)",0,0.0,False,0.865,0.0,False,,74,5.0,-5.0,0.0,2.0,True,False,1
124,layer2.conv1,element,4,"(24, 10, 2)",2,0.01,True,0.865,0.0,False,,235,-88.0,-352.0,2.0,3.0,False,False,1
125,layer2.conv1,element,1,"(23, 13, 6)",1,0.005,True,0.86,0.0050000000000000044,False,,248,-256.0,-320.0,0.3219280242919922,0.25,False,False,1
126,layer2.conv1,element,0,"(18, 8, 1)",0,0.0,False,0.865,0.0,False,,228,-48.0,-52.0,0.1154775619506836,0.0833333358168602,False,False,1
127,layer2.conv1,element,2,"(18, 10, 3)",1,0.005,True,0.86,0.0050000000000000044,False,,253,-416.0,-288.0,0.5305147171020508,0.3076923191547394,False,False,1
128,layer2.conv1,element,4,"(26, 10, 6)",0,0.0,False,0.865,0.0,False,,118,224.0,56.0,2.0,0.75,False,False,1
129,layer2.conv1,element,0,"(13, 11, 6)",0,0.0,False,0.865,0.0,False,,244,-192.0,-208.0,0.1154775619506836,0.0833333358168602,False,False,1
130,layer2.conv1,element,1,"(30, 4, 6)",0,0.0,False,0.865,0.0,False,,118,224.0,192.0,0.22239255905151367,0.1428571492433548,False,False,1
131,layer2.conv1,element,0,"(28, 1, 6)",0,0.0,False,0.865,0.0,False,,248,-256.0,-288.0,0.16992473602294922,0.125,False,False,1
132,layer2.conv1,element,5,"(11, 17, 5)",0,0.0,False,0.865,0.0,False,,244,-192.0,-12.0,3.999999761581421,0.9375,False,False,1
133,layer2.conv1,element,0,"(13, 3, 0)",0,0.0,False,0.865,0.0,False,,123,352.0,320.0,0.13750362396240234,0.09090909361839294,False,False,1
134,layer2.conv1,element,0,"(22, 15, 3)",1,0.005,True,0.86,0.0050000000000000044,False,,246,-224.0,-240.0,0.09953546524047852,0.0714285746216774,False,False,1
135,layer2.conv1,element,3,"(29, 9, 4)",1,0.005,True,0.86,0.0050000000000000044,False,,237,-104.0,-52.0,1.0,0.5,False,False,1
136,layer2.conv1,element,2,"(3, 1, 4)",0,0.0,False,0.865,0.0,False,,74,5.0,7.0,0.4854269027709961,0.4000000059604645,False,False,1
137,layer2.conv1,element,4,"(2, 3, 4)",1,0.005,True,0.86,0.0050000000000000044,False,,113,144.0,36.0,2.0,0.75,False,False,1
138,layer2.conv1,element,7,"(7, 16, 7)",3,0.015,True,0.86,0.0050000000000000044,False,,100,48.0,-48.0,0.0,2.0,True,False,1
139,layer2.conv1,element,6,"(13, 13, 5)",2,0.01,True,0.865,0.0,False,,238,-112.0,-0.4375,8.0,0.99609375,False,False,1
140,layer2.conv1,element,4,"(5, 3, 5)",1,0.005,True,0.86,0.0050000000000000044,False,,100,48.0,192.0,2.0,3.0,False,False,1
141,layer2.conv1,element,5,"(16, 11, 1)",2,0.01,True,0.865,0.0,False,,232,-64.0,-4.0,4.0,0.9375,False,False,1
142,layer2.conv1,element,6,"(17, 5, 6)",0,0.0,False,0.865,0.0,False,,219,-22.0,-0.0859375,8.0,0.99609375,False,False,1
143,layer2.conv1,element,3,"(30, 7, 5)",2,0.01,True,0.865,0.0,False,,114,160.0,320.0,1.0,1.0,False,False,1
144,layer2.conv1,element,5,"(23, 15, 4)",1,0.005,True,0.86,0.0050000000000000044,False,,225,-36.0,-2.25,4.0,0.9375,False,False,1
145,layer2.conv1,element,1,"(8, 0, 4)",0,0.0,False,0.865,0.0,False,,117,208.0,240.0,0.2064504623413086,0.1538461595773697,False,False,1
146,layer2.conv1,element,4,"(25, 3, 0)",0,0.0,False,0.865,0.0,False,,222,-28.0,-7.0,2.0,0.75,False,False,1
147,layer2.conv1,element,1,"(25, 14, 2)",0,0.0,False,0.865,0.0,False,,247,-240.0,-208.0,0.2064504623413086,0.13333334028720856,False,False,1
148,layer2.conv1,element,1,"(21, 13, 4)",0,0.0,False,0.865,0.0,False,,241,-144.0,-176.0,0.2895064353942871,0.2222222238779068,False,False,1
149,layer2.conv1,element,6,"(21, 11, 5)",0,0.0,False,0.865,0.0,False,,242,-160.0,-0.625,8.0,0.99609375,False,False,1
150,layer2.conv1,element,4,"(9, 16, 4)",2,0.01,True,0.855,0.010000000000000009,False,,105,72.0,288.0,1.9999995231628418,3.0,False,False,1
151,layer2.conv1,element,3,"(22, 17, 0)",5,0.025,True,0.86,0.0050000000000000044,False,,113,144.0,288.0,0.9999995231628418,1.0,False,False,1
152,layer2.conv1,element,0,"(4, 5, 5)",0,0.0,False,0.865,0.0,False,,246,-224.0,-240.0,0.09953546524047852,0.0714285746216774,False,False,1
153,layer2.conv1,element,1,"(20, 2, 5)",0,0.0,False,0.865,0.0,False,,215,-15.0,-13.0,0.2064509391784668,0.13333334028720856,False,False,1
154,layer2.conv1,element,6,"(29, 8, 4)",1,0.005,True,0.86,0.0050000000000000044,False,,246,-224.0,-0.875,8.0,0.99609375,False,False,1
155,layer2.conv1,element,3,"(31, 1, 4)",2,0.01,True,0.855,0.010000000000000009,False,,113,144.0,288.0,0.9999995231628418,1.0,False,False,1
156,layer2.conv1,element,7,"(9, 9, 6)",0,0.0,False,0.865,0.0,False,,122,320.0,-320.0,0.0,2.0,True,False,1
157,layer2.conv1,element,7,"(10, 11, 4)",1,0.005,True,0.865,0.0,False,,244,-192.0,192.0,0.0,2.0,True,False,1
158,layer2.conv1,element,6,"(19, 14, 4)",0,0.0,False,0.865,0.0,False,,247,-240.0,-0.9375,8.0,0.99609375,False,False,1
159,layer2.conv1,element,0,"(12, 13, 3)",0,0.0,False,0.865,0.0,False,,247,-240.0,-224.0,0.09953546524047852,0.06666667014360428,False,False,1
160,layer2.conv1,element,0,"(23, 7, 0)",0,0.0,False,0.865,0.0,False,,119,240.0,224.0,0.09953546524047852,0.06666667014360428,False,False,1
161,layer2.conv1,element,4,"(6, 8, 7)",0,0.0,False,0.865,0.0,False,,233,-72.0,-288.0,1.9999995231628418,3.0,False,False,1
162,layer2.conv1,element,2,"(5, 7, 2)",1,0.005,True,0.86,0.0050000000000000044,False,,245,-208.0,-144.0,0.5305147171020508,0.3076923191547394,False,False,1
163,layer2.conv1,element,6,"(1, 11, 1)",1,0.005,True,0.87,-0.0050000000000000044,False,,246,-224.0,-0.875,8.0,0.99609375,False,False,1
164,layer2.conv1,element,2,"(15, 0, 3)",2,0.01,True,0.865,0.0,False,,124,384.0,256.0,0.5849628448486328,0.3333333432674408,False,False,1
165,layer2.conv1,element,1,"(6, 14, 5)",1,0.005,True,0.86,0.0050000000000000044,False,,247,-240.0,-208.0,0.2064504623413086,0.13333334028720856,False,False,1
166,layer2.conv1,element,0,"(9, 10, 4)",0,0.0,False,0.865,0.0,False,,244,-192.0,-208.0,0.1154775619506836,0.0833333358168602,False,False,1
167,layer2.conv1,element,2,"(29, 5, 2)",0,0.0,False,0.865,0.0,False,,107,88.0,120.0,0.44745874404907227,0.3636363744735718,False,False,1
168,layer2.conv1,element,5,"(26, 1, 0)",1,0.005,True,0.86,0.0050000000000000044,False,,119,240.0,15.0,3.999999761581421,0.9375,False,False,1
169,layer2.conv1,element,1,"(26, 15, 7)",0,0.0,False,0.865,0.0,False,,244,-192.0,-224.0,0.22239255905151367,0.1666666716337204,False,False,1
170,layer2.conv1,element,6,"(18, 17, 5)",0,0.0,False,0.865,0.0,False,,78,7.0,0.02734375,8.0,0.99609375,False,False,1
171,layer2.conv1,element,2,"(3, 10, 5)",0,0.0,False,0.865,0.0,False,,114,160.0,224.0,0.4854269027709961,0.4000000059604645,False,False,1
172,layer2.conv1,element,2,"(23, 16, 0)",200,1.0,True,0.0,0.865,True,,251,-352.0,,inf,inf,False,True,1
173,layer2.conv1,element,5,"(19, 5, 6)",0,0.0,False,0.865,0.0,False,,226,-40.0,-2.5,4.0,0.9375,False,False,1
174,layer2.conv1,element,6,"(29, 1, 3)",2,0.01,True,0.865,0.0,False,,119,240.0,0.9375,8.0,0.99609375,False,False,1
175,layer2.conv1,element,3,"(15, 6, 0)",0,0.0,False,0.865,0.0,False,,202,-5.0,-2.5,0.9999998807907104,0.5,False,False,1
176,layer2.conv1,element,6,"(5, 9, 5)",0,0.0,False,0.865,0.0,False,,113,144.0,0.5625,8.0,0.99609375,False,False,1
177,layer2.conv1,element,2,"(19, 0, 4)",0,0.0,False,0.865,0.0,False,,202,-5.0,-7.0,0.4854269027709961,0.4000000059604645,False,False,1
178,layer2.conv1,element,1,"(14, 10, 5)",0,0.0,False,0.865,0.0,False,,102,56.0,48.0,0.22239255905151367,0.1428571492433548,False,False,1
179,layer2.conv1,element,6,"(21, 1, 5)",1,0.005,True,0.87,-0.0050000000000000044,False,,239,-120.0,-0.46875,8.0,0.99609375,False,False,1
180,layer2.conv1,element,6,"(12, 0, 3)",0,0.0,False,0.865,0.0,False,,109,104.0,0.40625,8.0,0.99609375,False,False,1
181,layer2.conv1,element,6,"(9, 14, 5)",0,0.0,False,0.865,0.0,False,,114,160.0,0.625,8.0,0.99609375,False,False,1
182,layer2.conv1,element,7,"(4, 0, 0)",2,0.01,True,0.865,0.0,False,,116,192.0,-192.0,0.0,2.0,True,False,1
183,layer2.conv1,element,3,"(30, 13, 5)",0,0.0,False,0.865,0.0,False,,245,-208.0,-416.0,0.9999995231628418,1.0,False,False,1
184,layer2.conv1,element,1,"(24, 2, 7)",200,1.0,True,0.0,0.865,True,,125,416.0,,inf,inf,False,True,1
185,layer2.conv1,element,4,"(14, 16, 2)",0,0.0,False,0.865,0.0,False,,90,20.0,5.0,2.0,0.75,False,False,1
186,layer2.conv1,element,4,"(7, 9, 0)",1,0.005,True,0.86,0.0050000000000000044,False,,121,288.0,72.0,1.9999995231628418,0.75,False,False,1
187,layer2.conv1,element,3,"(20, 1, 6)",0,0.0,False,0.865,0.0,False,,233,-72.0,-36.0,1.0,0.5,False,False,1
188,layer2.conv1,element,5,"(13, 3, 3)",0,0.0,False,0.865,0.0,False,,227,-44.0,-2.75,4.0,0.9375,False,False,1
189,layer2.conv1,element,2,"(20, 5, 7)",0,0.0,False,0.865,0.0,False,,239,-120.0,-88.0,0.44745874404907227,0.2666666805744171,False,False,1
190,layer2.conv1,element,4,"(2, 16, 0)",5,0.025,True,0.865,0.0,False,,108,96.0,384.0,2.000000476837158,3.0,False,False,1
191,layer2.conv1,element,6,"(5, 15, 7)",1,0.005,True,0.86,0.0050000000000000044,False,,246,-224.0,-0.875,8.0,0.99609375,False,False,1
192,layer2.conv1,element,0,"(23, 9, 2)",0,0.0,False,0.865,0.0,False,,113,144.0,128.0,0.16992521286010742,0.1111111119389534,False,False,1
193,layer2.conv1,element,3,"(1, 17, 5)",0,0.0,False,0.865,0.0,False,,234,-80.0,-40.0,1.0,0.5,False,False,1
194,layer2.conv1,element,5,"(21, 12, 2)",2,0.01,True,0.855,0.010000000000000009,False,,119,240.0,15.0,3.999999761581421,0.9375,False,False,1
195,layer2.conv1,element,0,"(13, 3, 0)",0,0.0,False,0.865,0.0,False,,123,352.0,320.0,0.13750362396240234,0.09090909361839294,False,False,1
196,layer2.conv1,element,5,"(0, 1, 6)",2,0.01,True,0.855,0.010000000000000009,False,,244,-192.0,-12.0,3.999999761581421,0.9375,False,False,1
197,layer2.conv1,element,7,"(24, 8, 0)",1,0.005,True,0.86,0.0050000000000000044,False,,238,-112.0,112.0,0.0,2.0,True,False,1
198,layer2.conv1,element,6,"(22, 7, 0)",0,0.0,False,0.865,0.0,False,,241,-144.0,-0.5625,8.0,0.99609375,False,False,1
199,layer2.conv1,element,5,"(26, 1, 4)",0,0.0,False,0.865,0.0,False,,236,-96.0,-6.0,3.999999761581421,0.9375,False,False,1
200,layer2.conv1,element,6,"(28, 11, 6)",0,0.0,False,0.865,0.0,False,,245,-208.0,-0.8125,8.0,0.99609375,False,False,1
201,layer2.conv1,element,2,"(23, 6, 3)",0,0.0,False,0.865,0.0,False,,241,-144.0,-208.0,0.5305147171020508,0.4444444477558136,False,False,1
202,layer2.conv1,element,2,"(26, 16, 3)",1,0.005,True,0.86,0.0050000000000000044,False,,121,288.0,416.0,0.5305147171020508,0.4444444477558136,False,False,1
203,layer2.conv1,element,0,"(3, 11, 1)",0,0.0,False,0.865,0.0,False,,92,24.0,26.0,0.1154775619506836,0.0833333358168602,False,False,1
204,layer2.conv1,element,5,"(29, 7, 0)",0,0.0,False,0.865,0.0,False,,235,-88.0,-5.5,4.0,0.9375,False,False,1
205,layer2.conv1,element,2,"(29, 4, 0)",0,0.0,False,0.865,0.0,False,,120,256.0,384.0,0.5849628448486328,0.5,False,False,1
206,layer2.conv1,element,6,"(22, 3, 6)",5,0.025,True,0.86,0.0050000000000000044,False,,245,-208.0,-0.8125,8.0,0.99609375,False,False,1
207,layer2.conv1,element,3,"(25, 11, 7)",0,0.0,False,0.865,0.0,False,,120,256.0,128.0,1.0,0.5,False,False,1
208,layer2.conv1,element,7,"(23, 12, 7)",2,0.01,True,0.865,0.0,False,,237,-104.0,104.0,0.0,2.0,True,False,1
209,layer2.conv1,element,1,"(28, 1, 4)",0,0.0,False,0.865,0.0,False,,110,112.0,96.0,0.22239255905151367,0.1428571492433548,False,False,1
210,layer2.conv1,element,1,"(28, 8, 2)",0,0.0,False,0.865,0.0,False,,107,88.0,72.0,0.2895064353942871,0.1818181872367859,False,False,1
211,layer2.conv1,element,2,"(16, 13, 3)",1,0.005,True,0.86,0.0050000000000000044,False,,237,-104.0,-72.0,0.5305147171020508,0.3076923191547394,False,False,1
212,layer2.conv1,element,0,"(26, 2, 1)",0,0.0,False,0.865,0.0,False,,116,192.0,208.0,0.1154775619506836,0.0833333358168602,False,False,1
213,layer2.conv2,element,1,"(15, 26, 4)",0,0.0,False,0.865,0.0,False,,107,88.0,72.0,0.2895064353942871,0.1818181872367859,False,False,1
214,layer2.conv2,element,1,"(20, 29, 5)",0,0.0,False,0.865,0.0,False,,244,-192.0,-224.0,0.22239255905151367,0.1666666716337204,False,False,1
215,layer2.conv2,element,4,"(21, 6, 1)",1,0.005,True,0.86,0.0050000000000000044,False,,117,208.0,52.0,2.0,0.75,False,False,1
216,layer2.conv2,element,4,"(6, 31, 2)",2,0.01,True,0.855,0.010000000000000009,False,,125,416.0,104.0,1.9999995231628418,0.75,False,False,1
217,layer2.conv2,element,7,"(5, 9, 1)",1,0.005,True,0.86,0.0050000000000000044,False,,237,-104.0,104.0,0.0,2.0,True,False,1
218,layer2.conv2,element,3,"(18, 1, 3)",2,0.01,True,0.855,0.010000000000000009,False,,248,-256.0,-128.0,1.0,0.5,False,False,1
219,layer2.conv2,element,7,"(20, 9, 2)",1,0.005,True,0.87,-0.0050000000000000044,False,,116,192.0,-192.0,0.0,2.0,True,False,1
220,layer2.conv2,element,6,"(30, 8, 3)",3,0.015,True,0.86,0.0050000000000000044,False,,117,208.0,0.8125,8.0,0.99609375,False,False,1
221,layer2.conv2,element,6,"(28, 23, 7)",0,0.0,False,0.865,0.0,False,,71,3.75,0.013671875,8.099535942077637,0.9963541626930237,False,False,1
222,layer2.conv2,element,1,"(12, 4, 7)",0,0.0,False,0.865,0.0,False,,234,-80.0,-64.0,0.3219280242919922,0.20000000298023224,False,False,1
223,layer2.conv2,element,3,"(5, 6, 2)",1,0.005,True,0.86,0.0050000000000000044,False,,113,144.0,288.0,0.9999995231628418,1.0,False,False,1
224,layer2.conv2,element,7,"(8, 3, 1)",2,0.01,True,0.86,0.0050000000000000044,False,,122,320.0,-320.0,0.0,2.0,True,False,1
225,layer2.conv2,element,6,"(28, 7, 4)",1,0.005,True,0.86,0.0050000000000000044,False,,109,104.0,0.40625,8.0,0.99609375,False,False,1
226,layer2.conv2,element,1,"(14, 21, 7)",0,0.0,False,0.865,0.0,False,,226,-40.0,-32.0,0.3219280242919922,0.20000000298023224,False,False,1
227,layer2.conv2,element,6,"(31, 27, 6)",0,0.0,False,0.865,0.0,False,,242,-160.0,-0.625,8.0,0.99609375,False,False,1
228,layer2.conv2,element,6,"(21, 1, 1)",3,0.015,True,0.86,0.0050000000000000044,False,,250,-320.0,-1.25,8.0,0.99609375,False,False,1
229,layer2.conv2,element,1,"(19, 1, 4)",1,0.005,True,0.86,0.0050000000000000044,False,,246,-224.0,-192.0,0.22239255905151367,0.1428571492433548,False,False,1
230,layer2.conv2,element,0,"(3, 8, 3)",0,0.0,False,0.865,0.0,False,,110,112.0,120.0,0.09953546524047852,0.0714285746216774,False,False,1
231,layer2.conv2,element,2,"(18, 32, 4)",0,0.0,False,0.865,0.0,False,,244,-192.0,-128.0,0.5849623680114746,0.3333333432674408,False,False,1
232,layer2.conv2,element,3,"(12, 6, 3)",1,0.005,True,0.86,0.0050000000000000044,False,,103,60.0,120.0,1.0,1.0,False,False,1
233,layer2.conv2,element,1,"(26, 35, 7)",0,0.0,False,0.865,0.0,False,,105,72.0,88.0,0.2895064353942871,0.2222222238779068,False,False,1
234,layer2.conv2,element,0,"(4, 10, 0)",0,0.0,False,0.865,0.0,False,,228,-48.0,-52.0,0.1154775619506836,0.0833333358168602,False,False,1
235,layer2.conv2,element,0,"(6, 5, 1)",0,0.0,False,0.865,0.0,False,,245,-208.0,-192.0,0.1154775619506836,0.07692307978868484,False,False,1
236,layer2.conv2,element,2,"(21, 7, 1)",0,0.0,False,0.865,0.0,False,,230,-56.0,-40.0,0.4854269027709961,0.2857142984867096,False,False,1
237,layer2.conv2,element,3,"(21, 27, 6)",0,0.0,False,0.865,0.0,False,,235,-88.0,-44.0,1.0,0.5,False,False,1
238,layer2.conv2,element,2,"(26, 20, 6)",0,0.0,False,0.865,0.0,False,,249,-288.0,-416.0,0.5305147171020508,0.4444444477558136,False,False,1
239,layer2.conv2,element,3,"(16, 28, 3)",1,0.005,True,0.86,0.0050000000000000044,False,,114,160.0,320.0,1.0,1.0,False,False,1
240,layer2.conv2,element,5,"(12, 2, 1)",2,0.01,True,0.855,0.010000000000000009,False,,240,-128.0,-8.0,4.0,0.9375,False,False,1
241,layer2.conv2,element,1,"(9, 28, 3)",0,0.0,False,0.865,0.0,False,,229,-52.0,-60.0,0.2064504623413086,0.1538461595773697,False,False,1
242,layer2.conv2,element,3,"(11, 32, 1)",0,0.0,False,0.865,0.0,False,,80,8.0,16.0,1.0,1.0,False,False,1
243,layer2.conv2,element,5,"(21, 7, 5)",0,0.0,False,0.865,0.0,False,,235,-88.0,-5.5,4.0,0.9375,False,False,1
244,layer2.conv2,element,0,"(17, 9, 4)",0,0.0,False,0.865,0.0,False,,232,-64.0,-72.0,0.16992521286010742,0.125,False,False,1
245,layer2.conv2,element,7,"(9, 16, 7)",1,0.005,True,0.86,0.0050000000000000044,False,,234,-80.0,80.0,0.0,2.0,True,False,1
246,layer2.conv2,element,7,"(6, 31, 5)",0,0.0,False,0.865,0.0,False,,225,-36.0,36.0,0.0,2.0,True,False,1
247,layer2.conv2,element,2,"(22, 26, 6)",0,0.0,False,0.865,0.0,False,,111,120.0,88.0,0.44745874404907227,0.2666666805744171,False,False,1
248,layer2.conv2,element,7,"(7, 33, 0)",0,0.0,False,0.865,0.0,False,,230,-56.0,56.0,0.0,2.0,True,False,1
249,layer2.conv2,element,2,"(6, 24, 5)",0,0.0,False,0.865,0.0,False,,227,-44.0,-60.0,0.44745874404907227,0.3636363744735718,False,False,1
250,layer2.conv2,element,7,"(10, 19, 7)",1,0.005,True,0.86,0.0050000000000000044,False,,245,-208.0,208.0,0.0,2.0,True,False,1
251,layer2.conv2,element,5,"(27, 11, 2)",0,0.0,False,0.865,0.0,False,,242,-160.0,-10.0,4.0,0.9375,False,False,1
252,layer2.conv2,element,1,"(14, 22, 7)",0,0.0,False,0.865,0.0,False,,250,-320.0,-256.0,0.3219280242919922,0.20000000298023224,False,False,1
253,layer2.conv2,element,0,"(19, 1, 0)",0,0.0,False,0.865,0.0,False,,116,192.0,208.0,0.1154775619506836,0.0833333358168602,False,False,1
254,layer2.conv2,element,3,"(2, 21, 7)",1,0.005,True,0.86,0.0050000000000000044,False,,118,224.0,448.0,1.0,1.0,False,False,1
255,layer2.conv2,element,5,"(11, 0, 6)",1,0.005,True,0.86,0.0050000000000000044,False,,104,64.0,4.0,4.0,0.9375,False,False,1
256,layer2.conv2,element,1,"(24, 3, 1)",0,0.0,False,0.865,0.0,False,,109,104.0,120.0,0.2064504623413086,0.1538461595773697,False,False,1
257,layer2.conv2,element,4,"(24, 26, 2)",0,0.0,False,0.865,0.0,False,,215,-15.0,-3.75,2.0,0.75,False,False,1
258,layer2.conv2,element,0,"(18, 19, 0)",0,0.0,False,0.865,0.0,False,,115,176.0,160.0,0.13750362396240234,0.09090909361839294,False,False,1
259,layer2.conv2,element,3,"(28, 1, 3)",2,0.01,True,0.865,0.0,False,,121,288.0,144.0,0.9999995231628418,0.5,False,False,1
260,layer2.conv2,element,0,"(9, 21, 1)",0,0.0,False,0.865,0.0,False,,101,52.0,48.0,0.1154775619506836,0.07692307978868484,False,False,1
261,layer2.conv2,element,7,"(5, 9, 3)",1,0.005,True,0.86,0.0050000000000000044,False,,237,-104.0,104.0,0.0,2.0,True,False,1
262,layer2.conv2,element,4,"(2, 17, 2)",1,0.005,True,0.86,0.0050000000000000044,False,,116,192.0,48.0,2.0,0.75,False,False,1
263,layer2.conv2,element,6,"(6, 13, 6)",0,0.0,False,0.865,0.0,False,,248,-256.0,-1.0,8.0,0.99609375,False,False,1
264,layer2.conv2,element,0,"(24, 15, 1)",0,0.0,False,0.865,0.0,False,,234,-80.0,-88.0,0.13750362396240234,0.10000000149011612,False,False,1
265,layer2.conv2,element,1,"(28, 33, 3)",0,0.0,False,0.865,0.0,False,,115,176.0,144.0,0.2895064353942871,0.1818181872367859,False,False,1
266,layer2.conv2,element,1,"(4, 7, 0)",0,0.0,False,0.865,0.0,False,,114,160.0,128.0,0.3219280242919922,0.20000000298023224,False,False,1
267,layer2.conv2,element,4,"(16, 2, 0)",0,0.0,False,0.865,0.0,False,,207,-7.5,-30.0,1.999999761581421,3.0,False,False,1
268,layer2.conv2,element,6,"(4, 9, 3)",1,0.005,True,0.86,0.0050000000000000044,False,,250,-320.0,-1.25,8.0,0.99609375,False,False,1
269,layer2.conv2,element,4,"(27, 1, 0)",1,0.005,True,0.86,0.0050000000000000044,False,,233,-72.0,-288.0,1.9999995231628418,3.0,False,False,1
270,layer2.conv2,element,3,"(4, 6, 4)",0,0.0,False,0.865,0.0,False,,195,-2.75,-5.5,1.0,1.0,False,False,1
271,layer2.conv2,element,7,"(20, 17, 7)",1,0.005,True,0.86,0.0050000000000000044,False,,235,-88.0,88.0,0.0,2.0,True,False,1
272,layer2.conv2,element,1,"(2, 21, 4)",1,0.005,True,0.86,0.0050000000000000044,False,,115,176.0,144.0,0.2895064353942871,0.1818181872367859,False,False,1
273,layer2.conv2,element,1,"(23, 22, 3)",0,0.0,False,0.865,0.0,False,,215,-15.0,-13.0,0.2064509391784668,0.13333334028720856,False,False,1
274,layer2.conv2,element,5,"(29, 0, 1)",1,0.005,True,0.86,0.0050000000000000044,False,,242,-160.0,-10.0,4.0,0.9375,False,False,1
275,layer2.conv2,element,6,"(23, 14, 6)",1,0.005,True,0.86,0.0050000000000000044,False,,243,-176.0,-0.6875,8.0,0.99609375,False,False,1
276,layer2.conv2,element,2,"(8, 22, 1)",0,0.0,False,0.865,0.0,False,,109,104.0,72.0,0.5305147171020508,0.3076923191547394,False,False,1
277,layer2.conv2,element,2,"(26, 33, 6)",0,0.0,False,0.865,0.0,False,,234,-80.0,-112.0,0.4854269027709961,0.4000000059604645,False,False,1
278,layer2.conv2,element,4,"(9, 28, 7)",2,0.01,True,0.865,0.0,False,,231,-60.0,-240.0,2.0,3.0,False,False,1
279,layer2.conv2,element,6,"(24, 4, 2)",1,0.005,True,0.86,0.0050000000000000044,False,,253,-416.0,-1.625,8.0,0.99609375,False,False,1
280,layer2.conv2,element,2,"(26, 23, 3)",0,0.0,False,0.865,0.0,False,,109,104.0,72.0,0.5305147171020508,0.3076923191547394,False,False,1
281,layer2.conv2,element,6,"(15, 19, 1)",0,0.0,False,0.865,0.0,False,,234,-80.0,-0.3125,8.0,0.99609375,False,False,1
282,layer2.conv2,element,4,"(19, 30, 1)",0,0.0,False,0.865,0.0,False,,252,-384.0,-96.0,2.000000476837158,0.75,False,False,1
283,layer2.conv2,element,5,"(27, 13, 0)",0,0.0,False,0.865,0.0,False,,234,-80.0,-5.0,4.0,0.9375,False,False,1
284,layer2.conv2,element,5,"(5, 35, 4)",1,0.005,True,0.86,0.0050000000000000044,False,,236,-96.0,-6.0,3.999999761581421,0.9375,False,False,1
285,layer2.conv2,element,3,"(0, 22, 4)",0,0.0,False,0.865,0.0,False,,249,-288.0,-144.0,0.9999995231628418,0.5,False,False,1
286,layer2.conv2,element,4,"(13, 32, 7)",0,0.0,False,0.865,0.0,False,,113,144.0,36.0,2.0,0.75,False,False,1
287,layer2.conv2,element,7,"(5, 28, 7)",0,0.0,False,0.865,0.0,False,,120,256.0,-256.0,0.0,2.0,True,False,1
288,layer2.conv2,element,3,"(28, 10, 2)",0,0.0,False,0.865,0.0,False,,238,-112.0,-56.0,1.0,0.5,False,False,1
289,layer2.conv2,element,7,"(27, 26, 3)",0,0.0,False,0.865,0.0,False,,217,-18.0,18.0,0.0,2.0,True,False,1
290,layer2.conv2,element,6,"(12, 0, 3)",1,0.005,True,0.86,0.0050000000000000044,False,,249,-288.0,-1.125,7.999999523162842,0.99609375,False,False,1
291,layer2.conv2,element,1,"(9, 31, 5)",0,0.0,False,0.865,0.0,False,,112,128.0,160.0,0.3219280242919922,0.25,False,False,1
292,layer2.conv2,element,6,"(22, 26, 7)",0,0.0,False,0.865,0.0,False,,242,-160.0,-0.625,8.0,0.99609375,False,False,1
293,layer2.conv2,element,3,"(14, 18, 1)",1,0.005,True,0.86,0.0050000000000000044,False,,113,144.0,288.0,0.9999995231628418,1.0,False,False,1
294,layer2.conv2,element,1,"(3, 3, 4)",0,0.0,False,0.865,0.0,False,,123,352.0,288.0,0.2895069122314453,0.1818181872367859,False,False,1
295,layer2.conv2,element,2,"(21, 7, 2)",1,0.005,True,0.86,0.0050000000000000044,False,,109,104.0,72.0,0.5305147171020508,0.3076923191547394,False,False,1
296,layer2.conv2,element,1,"(23, 9, 7)",0,0.0,False,0.865,0.0,False,,223,-30.0,-26.0,0.2064504623413086,0.13333334028720856,False,False,1
297,layer2.conv2,element,2,"(2, 8, 6)",1,0.005,True,0.86,0.0050000000000000044,False,,249,-288.0,-416.0,0.5305147171020508,0.4444444477558136,False,False,1
298,layer2.conv2,element,0,"(24, 30, 3)",0,0.0,False,0.865,0.0,False,,239,-120.0,-112.0,0.09953546524047852,0.06666667014360428,False,False,1
299,layer2.conv2,element,4,"(17, 2, 7)",1,0.005,True,0.86,0.0050000000000000044,False,,117,208.0,52.0,2.0,0.75,False,False,1
300,layer2.conv2,element,7,"(26, 15, 2)",0,0.0,False,0.865,0.0,False,,113,144.0,-144.0,0.0,2.0,True,False,1
301,layer2.conv2,element,7,"(27, 7, 1)",3,0.015,True,0.86,0.0050000000000000044,False,,116,192.0,-192.0,0.0,2.0,True,False,1
302,layer2.conv2,element,7,"(21, 20, 5)",2,0.01,True,0.865,0.0,False,,250,-320.0,320.0,0.0,2.0,True,False,1
303,layer2.conv2,element,1,"(10, 24, 0)",0,0.0,False,0.865,0.0,False,,209,-9.0,-11.0,0.2895066738128662,0.2222222238779068,False,False,1
304,layer2.conv2,element,1,"(11, 31, 0)",0,0.0,False,0.865,0.0,False,,120,256.0,320.0,0.3219280242919922,0.25,False,False,1
305,layer2.conv2,element,5,"(23, 6, 1)",0,0.0,False,0.865,0.0,False,,122,320.0,20.0,4.0,0.9375,False,False,1
306,layer2.conv2,element,7,"(2, 1, 7)",4,0.02,True,0.85,0.015000000000000013,False,,249,-288.0,288.0,0.0,2.0,True,False,1
307,layer2.conv2,element,6,"(7, 14, 0)",0,0.0,False,0.865,0.0,False,,74,5.0,0.01953125,8.0,0.99609375,False,False,1
308,layer2.conv2,element,1,"(16, 21, 5)",0,0.0,False,0.865,0.0,False,,247,-240.0,-208.0,0.2064504623413086,0.13333334028720856,False,False,1
309,layer2.conv2,element,5,"(30, 6, 0)",1,0.005,True,0.86,0.0050000000000000044,False,,237,-104.0,-6.5,4.0,0.9375,False,False,1
310,layer2.conv2,element,4,"(24, 8, 4)",1,0.005,True,0.86,0.0050000000000000044,False,,119,240.0,60.0,2.0,0.75,False,False,1
311,layer2.conv2,element,3,"(26, 3, 4)",0,0.0,False,0.865,0.0,False,,239,-120.0,-60.0,1.0,0.5,False,False,1
312,layer2.conv2,element,3,"(6, 3, 6)",1,0.005,True,0.86,0.0050000000000000044,False,,104,64.0,32.0,1.0,0.5,False,False,1
313,layer2.conv2,element,4,"(8, 34, 7)",0,0.0,False,0.865,0.0,False,,218,-20.0,-5.0,2.0,0.75,False,False,1
314,layer2.conv2,element,7,"(8, 18, 5)",0,0.0,False,0.865,0.0,False,,190,-1.75,1.75,0.0,2.0,True,False,1
315,layer2.conv2,element,6,"(23, 35, 3)",0,0.0,False,0.865,0.0,False,,105,72.0,0.28125,8.0,0.99609375,False,False,1
316,layer2.conv2,element,0,"(17, 5, 4)",0,0.0,False,0.865,0.0,False,,119,240.0,224.0,0.09953546524047852,0.06666667014360428,False,False,1
317,layer2.conv2,element,6,"(6, 27, 1)",0,0.0,False,0.865,0.0,False,,244,-192.0,-0.75,8.0,0.99609375,False,False,1
318,layer2.conv2,element,2,"(23, 34, 0)",0,0.0,False,0.865,0.0,False,,232,-64.0,-96.0,0.5849623680114746,0.5,False,False,1
319,layer2.conv2,element,2,"(20, 15, 1)",0,0.0,False,0.865,0.0,False,,221,-26.0,-18.0,0.5305147171020508,0.3076923191547394,False,False,1
320,layer2.conv2,element,4,"(28, 24, 6)",0,0.0,False,0.865,0.0,False,,225,-36.0,-144.0,2.0,3.0,False,False,1
321,layer2.conv2,element,7,"(17, 31, 4)",1,0.005,True,0.86,0.0050000000000000044,False,,241,-144.0,144.0,0.0,2.0,True,False,1
322,layer2.conv2,element,0,"(4, 0, 6)",0,0.0,False,0.865,0.0,False,,125,416.0,384.0,0.11547660827636719,0.07692307978868484,False,False,1
323,layer2.conv2,element,4,"(28, 15, 4)",0,0.0,False,0.865,0.0,False,,245,-208.0,-52.0,2.0,0.75,False,False,1
324,layer2.conv2,element,1,"(5, 32, 2)",0,0.0,False,0.865,0.0,False,,250,-320.0,-256.0,0.3219280242919922,0.20000000298023224,False,False,1
325,layer2.conv2,element,7,"(1, 27, 2)",1,0.005,True,0.86,0.0050000000000000044,False,,116,192.0,-192.0,0.0,2.0,True,False,1
326,layer2.conv2,element,3,"(25, 21, 0)",0,0.0,False,0.865,0.0,False,,118,224.0,448.0,1.0,1.0,False,False,1
327,layer2.conv2,element,6,"(14, 15, 1)",0,0.0,False,0.865,0.0,False,,238,-112.0,-0.4375,8.0,0.99609375,False,False,1
328,layer2.conv2,element,7,"(20, 22, 3)",3,0.015,True,0.86,0.0050000000000000044,False,,115,176.0,-176.0,0.0,2.0,True,False,1
329,layer2.conv2,element,0,"(4, 5, 3)",0,0.0,False,0.865,0.0,False,,233,-72.0,-64.0,0.16992521286010742,0.1111111119389534,False,False,1
330,layer2.conv2,element,6,"(23, 2, 4)",1,0.005,True,0.86,0.0050000000000000044,False,,244,-192.0,-0.75,8.0,0.99609375,False,False,1
331,layer2.conv2,element,6,"(12, 34, 7)",0,0.0,False,0.865,0.0,False,,98,40.0,0.15625,8.0,0.99609375,False,False,1
332,layer2.conv2,element,6,"(31, 32, 2)",1,0.005,True,0.87,-0.0050000000000000044,False,,242,-160.0,-0.625,8.0,0.99609375,False,False,1
333,layer2.conv2,element,7,"(20, 12, 5)",0,0.0,False,0.865,0.0,False,,103,60.0,-60.0,0.0,2.0,True,False,1
334,layer2.conv2,element,6,"(30, 1, 7)",0,0.0,False,0.865,0.0,False,,91,22.0,0.0859375,8.0,0.99609375,False,False,1
335,layer2.conv2,element,6,"(25, 13, 2)",0,0.0,False,0.865,0.0,False,,106,80.0,0.3125,8.0,0.99609375,False,False,1
336,layer2.conv2,element,5,"(26, 35, 1)",0,0.0,False,0.865,0.0,False,,226,-40.0,-2.5,4.0,0.9375,False,False,1
337,layer2.conv2,element,2,"(2, 29, 2)",0,0.0,False,0.865,0.0,False,,103,60.0,44.0,0.44745874404907227,0.2666666805744171,False,False,1
338,layer2.conv2,element,6,"(24, 31, 1)",1,0.005,True,0.86,0.0050000000000000044,False,,241,-144.0,-0.5625,8.0,0.99609375,False,False,1
339,layer2.conv2,element,5,"(19, 10, 7)",1,0.005,True,0.86,0.0050000000000000044,False,,87,15.0,240.0,3.999999761581421,15.0,False,False,1
340,layer2.conv2,element,5,"(12, 23, 0)",1,0.005,True,0.86,0.0050000000000000044,False,,240,-128.0,-8.0,4.0,0.9375,False,False,1
341,layer2.conv2,element,7,"(9, 35, 6)",3,0.015,True,0.865,0.0,False,,249,-288.0,288.0,0.0,2.0,True,False,1
342,layer2.conv2,element,5,"(20, 18, 5)",2,0.01,True,0.865,0.0,False,,121,288.0,18.0,3.999999523162842,0.9375,False,False,1
343,layer2.conv2,element,2,"(6, 11, 6)",0,0.0,False,0.865,0.0,False,,241,-144.0,-208.0,0.5305147171020508,0.4444444477558136,False,False,1
344,layer2.conv2,element,2,"(5, 32, 3)",0,0.0,False,0.865,0.0,False,,247,-240.0,-176.0,0.44745874404907227,0.2666666805744171,False,False,1
345,layer2.conv2,element,2,"(27, 34, 7)",0,0.0,False,0.865,0.0,False,,86,14.0,10.0,0.4854269027709961,0.2857142984867096,False,False,1
346,layer2.conv2,element,1,"(24, 10, 7)",0,0.0,False,0.865,0.0,False,,229,-52.0,-60.0,0.2064504623413086,0.1538461595773697,False,False,1
347,layer2.conv2,element,0,"(18, 32, 6)",0,0.0,False,0.865,0.0,False,,246,-224.0,-240.0,0.09953546524047852,0.0714285746216774,False,False,1
348,layer2.conv2,element,6,"(24, 8, 6)",1,0.005,True,0.86,0.0050000000000000044,False,,110,112.0,0.4375,8.0,0.99609375,False,False,1
349,layer2.conv2,element,6,"(10, 11, 3)",1,0.005,True,0.86,0.0050000000000000044,False,,115,176.0,0.6875,8.0,0.99609375,False,False,1
350,layer2.conv2,element,1,"(23, 2, 7)",0,0.0,False,0.865,0.0,False,,242,-160.0,-128.0,0.3219280242919922,0.20000000298023224,False,False,1
351,layer2.conv2,element,3,"(6, 20, 7)",0,0.0,False,0.865,0.0,False,,249,-288.0,-144.0,0.9999995231628418,0.5,False,False,1
352,layer2.conv2,element,7,"(14, 8, 3)",0,0.0,False,0.865,0.0,False,,223,-30.0,30.0,0.0,2.0,True,False,1
353,layer2.conv2,element,6,"(4, 25, 3)",2,0.01,True,0.865,0.0,False,,243,-176.0,-0.6875,8.0,0.99609375,False,False,1
354,layer2.conv2,element,4,"(12, 3, 5)",1,0.005,True,0.86,0.0050000000000000044,False,,242,-160.0,-40.0,2.0,0.75,False,False,1
355,layer2.conv2,element,7,"(10, 32, 0)",0,0.0,False,0.865,0.0,False,,81,9.0,-9.0,0.0,2.0,True,False,1
356,layer2.conv2,element,2,"(13, 15, 4)",1,0.005,True,0.86,0.0050000000000000044,False,,241,-144.0,-208.0,0.5305147171020508,0.4444444477558136,False,False,1
357,layer2.conv2,element,6,"(15, 8, 7)",0,0.0,False,0.865,0.0,False,,245,-208.0,-0.8125,8.0,0.99609375,False,False,1
358,layer2.conv2,element,7,"(1, 2, 3)",0,0.0,False,0.865,0.0,False,,68,3.0,-3.0,0.0,2.0,True,False,1
359,layer2.conv2,element,4,"(10, 34, 2)",0,0.0,False,0.865,0.0,False,,242,-160.0,-40.0,2.0,0.75,False,False,1
360,layer2.conv2,element,1,"(27, 0, 5)",0,0.0,False,0.865,0.0,False,,248,-256.0,-320.0,0.3219280242919922,0.25,False,False,1
361,layer2.conv2,element,2,"(13, 31, 0)",0,0.0,False,0.865,0.0,False,,203,-5.5,-7.5,0.44745898246765137,0.3636363744735718,False,False,1
362,layer2.conv2,element,4,"(17, 12, 6)",0,0.0,False,0.865,0.0,False,,247,-240.0,-60.0,2.0,0.75,False,False,1
363,layer2.conv2,element,2,"(3, 10, 4)",0,0.0,False,0.865,0.0,False,,242,-160.0,-224.0,0.4854269027709961,0.4000000059604645,False,False,1
364,layer2.conv2,element,0,"(12, 14, 3)",0,0.0,False,0.865,0.0,False,,248,-256.0,-288.0,0.16992473602294922,0.125,False,False,1
365,layer2.conv2,element,1,"(31, 1, 1)",0,0.0,False,0.865,0.0,False,,241,-144.0,-176.0,0.2895064353942871,0.2222222238779068,False,False,1
366,layer2.conv2,element,7,"(17, 19, 2)",0,0.0,False,0.865,0.0,False,,82,10.0,-10.0,0.0,2.0,True,False,1
367,layer2.conv2,element,3,"(0, 23, 2)",0,0.0,False,0.865,0.0,False,,83,11.0,22.0,1.0,1.0,False,False,1
368,layer2.conv2,element,4,"(23, 3, 2)",0,0.0,False,0.865,0.0,False,,223,-30.0,-7.5,1.999999761581421,0.75,False,False,1
369,layer2.conv2,element,3,"(24, 22, 6)",0,0.0,False,0.865,0.0,False,,101,52.0,104.0,1.0,1.0,False,False,1
370,layer2.conv2,element,6,"(12, 7, 3)",0,0.0,False,0.865,0.0,False,,107,88.0,0.34375,8.0,0.99609375,False,False,1
371,layer2.conv2,element,0,"(1, 0, 6)",0,0.0,False,0.865,0.0,False,,105,72.0,64.0,0.16992521286010742,0.1111111119389534,False,False,1
372,layer2.conv2,element,2,"(26, 20, 7)",0,0.0,False,0.865,0.0,False,,244,-192.0,-128.0,0.5849623680114746,0.3333333432674408,False,False,1
373,layer2.conv2,element,4,"(8, 2, 5)",0,0.0,False,0.865,0.0,False,,224,-32.0,-128.0,2.0,3.0,False,False,1
374,layer2.conv2,element,6,"(29, 15, 1)",0,0.0,False,0.865,0.0,False,,234,-80.0,-0.3125,8.0,0.99609375,False,False,1
375,layer2.conv2,element,3,"(11, 22, 4)",0,0.0,False,0.865,0.0,False,,82,10.0,20.0,1.0,1.0,False,False,1
376,layer2.conv2,element,5,"(12, 14, 2)",0,0.0,False,0.865,0.0,False,,229,-52.0,-3.25,4.0,0.9375,False,False,1
377,layer2.conv2,element,6,"(25, 14, 0)",1,0.005,True,0.87,-0.0050000000000000044,False,,234,-80.0,-0.3125,8.0,0.99609375,False,False,1
378,layer2.conv2,element,5,"(4, 14, 6)",1,0.005,True,0.86,0.0050000000000000044,False,,108,96.0,6.0,3.999999761581421,0.9375,False,False,1
379,layer2.conv2,element,6,"(0, 34, 0)",0,0.0,False,0.865,0.0,False,,116,192.0,0.75,8.0,0.99609375,False,False,1
380,layer2.conv2,element,7,"(24, 11, 7)",0,0.0,False,0.865,0.0,False,,245,-208.0,208.0,0.0,2.0,True,False,1
381,layer2.conv2,element,1,"(29, 22, 4)",0,0.0,False,0.865,0.0,False,,235,-88.0,-72.0,0.2895064353942871,0.1818181872367859,False,False,1
382,layer2.conv2,element,3,"(31, 27, 7)",0,0.0,False,0.865,0.0,False,,249,-288.0,-144.0,0.9999995231628418,0.5,False,False,1
383,layer2.conv2,element,1,"(4, 4, 1)",0,0.0,False,0.865,0.0,False,,103,60.0,52.0,0.2064504623413086,0.13333334028720856,False,False,1
384,layer2.conv2,element,3,"(4, 26, 3)",0,0.0,False,0.865,0.0,False,,251,-352.0,-176.0,1.0,0.5,False,False,1
385,layer2.conv2,element,0,"(10, 30, 1)",0,0.0,False,0.865,0.0,False,,242,-160.0,-176.0,0.13750362396240234,0.10000000149011612,False,False,1
386,layer2.conv2,element,5,"(22, 29, 0)",0,0.0,False,0.865,0.0,False,,245,-208.0,-13.0,4.0,0.9375,False,False,1
387,layer2.conv2,element,1,"(29, 6, 6)",0,0.0,False,0.865,0.0,False,,245,-208.0,-240.0,0.2064504623413086,0.1538461595773697,False,False,1
388,layer2.conv2,element,6,"(26, 14, 6)",1,0.005,True,0.86,0.0050000000000000044,False,,115,176.0,0.6875,8.0,0.99609375,False,False,1
389,layer2.conv2,element,5,"(11, 35, 3)",1,0.005,True,0.86,0.0050000000000000044,False,,114,160.0,10.0,4.0,0.9375,False,False,1
390,layer2.conv2,element,2,"(29, 16, 3)",0,0.0,False,0.865,0.0,False,,100,48.0,32.0,0.5849623680114746,0.3333333432674408,False,False,1
391,layer2.conv2,element,3,"(8, 7, 3)",0,0.0,False,0.865,0.0,False,,89,18.0,9.0,1.000000238418579,0.5,False,False,1
392,layer2.conv2,element,5,"(3, 34, 1)",0,0.0,False,0.865,0.0,False,,103,60.0,3.75,3.999999761581421,0.9375,False,False,1
393,layer2.conv2,element,3,"(13, 32, 6)",0,0.0,False,0.865,0.0,False,,107,88.0,44.0,1.0,0.5,False,False,1
394,layer2.conv2,element,1,"(2, 33, 6)",0,0.0,False,0.865,0.0,False,,238,-112.0,-96.0,0.22239255905151367,0.1428571492433548,False,False,1
395,layer2.conv2,element,0,"(21, 25, 6)",0,0.0,False,0.865,0.0,False,,122,320.0,352.0,0.13750362396240234,0.10000000149011612,False,False,1
396,layer2.conv2,element,4,"(31, 22, 0)",2,0.01,True,0.865,0.0,False,,104,64.0,256.0,2.0,3.0,False,False,1
397,layer2.conv2,element,4,"(3, 15, 4)",0,0.0,False,0.865,0.0,False,,92,24.0,6.0,1.999999761581421,0.75,False,False,1
398,layer2.conv2,element,6,"(3, 26, 4)",1,0.005,True,0.86,0.0050000000000000044,False,,243,-176.0,-0.6875,8.0,0.99609375,False,False,1
399,layer2.shortcut.0,element,6,"(4, 0, 2)",1,0.005,True,0.87,-0.0050000000000000044,False,,253,-416.0,-1.625,8.0,0.99609375,False,False,1
400,layer2.shortcut.0,element,3,"(2, 0, 1)",2,0.01,True,0.865,0.0,False,,120,256.0,128.0,1.0,0.5,False,False,1
401,layer2.shortcut.0,element,3,"(23, 1, 0)",1,0.005,True,0.86,0.0050000000000000044,False,,249,-288.0,-144.0,0.9999995231628418,0.5,False,False,1
402,layer2.shortcut.0,element,3,"(23, 0, 4)",1,0.005,True,0.86,0.0050000000000000044,False,,245,-208.0,-416.0,0.9999995231628418,1.0,False,False,1
403,layer2.shortcut.0,element,0,"(25, 1, 0)",0,0.0,False,0.865,0.0,False,,57,1.125,1.0,0.1699250042438507,0.1111111119389534,False,False,1
404,layer2.shortcut.0,element,5,"(0, 0, 7)",1,0.005,True,0.87,-0.0050000000000000044,False,,96,32.0,2.0,4.0,0.9375,False,False,1
405,layer2.shortcut.0,element,4,"(20, 1, 7)",0,0.0,False,0.865,0.0,False,,112,128.0,32.0,2.0,0.75,False,False,1
406,layer2.shortcut.0,element,4,"(30, 1, 2)",0,0.0,False,0.865,0.0,False,,253,-416.0,-104.0,1.9999995231628418,0.75,False,False,1
407,layer3.conv1,element,2,"(59, 24, 2)",0,0.0,False,0.865,0.0,False,,248,-256.0,-384.0,0.5849628448486328,0.5,False,False,1
408,layer3.conv1,element,4,"(46, 27, 7)",0,0.0,False,0.865,0.0,False,,234,-80.0,-320.0,2.0,3.0,False,False,1
409,layer3.conv1,element,0,"(61, 13, 6)",0,0.0,False,0.865,0.0,False,,245,-208.0,-192.0,0.1154775619506836,0.07692307978868484,False,False,1
410,layer3.conv1,element,3,"(5, 15, 2)",0,0.0,False,0.865,0.0,False,,101,52.0,104.0,1.0,1.0,False,False,1
411,layer3.conv1,element,1,"(60, 32, 5)",0,0.0,False,0.865,0.0,False,,236,-96.0,-112.0,0.22239255905151367,0.1666666716337204,False,False,1
412,layer3.conv1,element,4,"(36, 0, 5)",0,0.0,False,0.865,0.0,False,,109,104.0,416.0,1.9999995231628418,3.0,False,False,1
413,layer3.conv1,element,1,"(25, 26, 6)",0,0.0,False,0.865,0.0,False,,116,192.0,224.0,0.22239255905151367,0.1666666716337204,False,False,1
414,layer3.conv1,element,2,"(35, 25, 7)",0,0.0,False,0.865,0.0,False,,114,160.0,224.0,0.4854269027709961,0.4000000059604645,False,False,1
415,layer3.conv1,element,2,"(2, 12, 3)",0,0.0,False,0.865,0.0,False,,109,104.0,72.0,0.5305147171020508,0.3076923191547394,False,False,1
416,layer3.conv1,element,7,"(59, 23, 4)",0,0.0,False,0.865,0.0,False,,107,88.0,-88.0,0.0,2.0,True,False,1
417,layer3.conv1,element,3,"(40, 11, 1)",0,0.0,False,0.865,0.0,False,,106,80.0,40.0,1.0,0.5,False,False,1
418,layer3.conv1,element,4,"(2, 19, 2)",0,0.0,False,0.865,0.0,False,,87,15.0,3.75,2.0,0.75,False,False,1
419,layer3.conv1,element,7,"(58, 17, 0)",0,0.0,False,0.865,0.0,False,,117,208.0,-208.0,0.0,2.0,True,False,1
420,layer3.conv1,element,0,"(28, 35, 2)",0,0.0,False,0.865,0.0,False,,106,80.0,88.0,0.13750362396240234,0.10000000149011612,False,False,1
421,layer3.conv1,element,2,"(7, 21, 6)",0,0.0,False,0.865,0.0,False,,103,60.0,44.0,0.44745874404907227,0.2666666805744171,False,False,1
422,layer3.conv1,element,3,"(40, 13, 7)",0,0.0,False,0.865,0.0,False,,245,-208.0,-416.0,0.9999995231628418,1.0,False,False,1
423,layer3.conv1,element,7,"(4, 14, 4)",0,0.0,False,0.865,0.0,False,,112,128.0,-128.0,0.0,2.0,True,False,1
424,layer3.conv1,element,5,"(35, 8, 7)",0,0.0,False,0.865,0.0,False,,115,176.0,11.0,4.0,0.9375,False,False,1
425,layer3.conv1,element,5,"(48, 25, 6)",1,0.005,True,0.86,0.0050000000000000044,False,,241,-144.0,-9.0,4.0,0.9375,False,False,1
426,layer3.conv1,element,3,"(4, 26, 6)",0,0.0,False,0.865,0.0,False,,249,-288.0,-144.0,0.9999995231628418,0.5,False,False,1
427,layer3.conv1,element,6,"(50, 22, 3)",1,0.005,True,0.86,0.0050000000000000044,False,,115,176.0,0.6875,8.0,0.99609375,False,False,1
428,layer3.conv1,element,1,"(37, 34, 6)",0,0.0,False,0.865,0.0,False,,242,-160.0,-128.0,0.3219280242919922,0.20000000298023224,False,False,1
429,layer3.conv1,element,3,"(20, 26, 7)",0,0.0,False,0.865,0.0,False,,229,-52.0,-104.0,1.0,1.0,False,False,1
430,layer3.conv1,element,2,"(14, 7, 7)",0,0.0,False,0.865,0.0,False,,226,-40.0,-56.0,0.4854269027709961,0.4000000059604645,False,False,1
431,layer3.conv1,element,0,"(0, 26, 2)",0,0.0,False,0.865,0.0,False,,229,-52.0,-48.0,0.1154775619506836,0.07692307978868484,False,False,1
432,layer3.conv1,element,0,"(12, 18, 4)",0,0.0,False,0.865,0.0,False,,98,40.0,44.0,0.13750362396240234,0.10000000149011612,False,False,1
433,layer3.conv1,element,6,"(18, 7, 3)",0,0.0,False,0.865,0.0,False,,109,104.0,0.40625,8.0,0.99609375,False,False,1
434,layer3.conv1,element,7,"(56, 8, 4)",0,0.0,False,0.865,0.0,False,,249,-288.0,288.0,0.0,2.0,True,False,1
435,layer3.conv1,element,1,"(32, 31, 3)",0,0.0,False,0.865,0.0,False,,118,224.0,192.0,0.22239255905151367,0.1428571492433548,False,False,1
436,layer3.conv1,element,0,"(12, 23, 6)",0,0.0,False,0.865,0.0,False,,88,16.0,18.0,0.16992521286010742,0.125,False,False,1
437,layer3.conv1,element,1,"(47, 19, 7)",0,0.0,False,0.865,0.0,False,,108,96.0,112.0,0.22239255905151367,0.1666666716337204,False,False,1
438,layer3.conv1,element,0,"(29, 2, 5)",0,0.0,False,0.865,0.0,False,,121,288.0,256.0,0.16992473602294922,0.1111111119389534,False,False,1
439,layer3.conv1,element,6,"(53, 16, 2)",0,0.0,False,0.865,0.0,False,,99,44.0,0.171875,8.0,0.99609375,False,False,1
440,layer3.conv1,element,0,"(48, 0, 5)",200,1.0,True,0.0,0.865,True,,254,-448.0,,inf,inf,False,True,1
441,layer3.conv1,element,5,"(59, 26, 1)",0,0.0,False,0.865,0.0,False,,101,52.0,3.25,4.0,0.9375,False,False,1
442,layer3.conv1,element,6,"(45, 9, 5)",0,0.0,False,0.865,0.0,False,,76,6.0,0.0234375,8.0,0.99609375,False,False,1
443,layer3.conv1,element,1,"(6, 34, 2)",0,0.0,False,0.865,0.0,False,,252,-384.0,-448.0,0.22239208221435547,0.1666666716337204,False,False,1
444,layer3.conv1,element,1,"(35, 15, 1)",0,0.0,False,0.865,0.0,False,,250,-320.0,-256.0,0.3219280242919922,0.20000000298023224,False,False,1
445,layer3.conv1,element,2,"(27, 6, 4)",200,1.0,True,0.0,0.865,True,,251,-352.0,,inf,inf,False,True,1
446,layer3.conv1,element,6,"(51, 23, 3)",1,0.005,True,0.86,0.0050000000000000044,False,,252,-384.0,-1.5,8.0,0.99609375,False,False,1
447,layer3.conv1,element,7,"(9, 30, 6)",0,0.0,False,0.865,0.0,False,,245,-208.0,208.0,0.0,2.0,True,False,1
448,layer3.conv1,element,6,"(29, 29, 1)",0,0.0,False,0.865,0.0,False,,118,224.0,0.875,8.0,0.99609375,False,False,1
449,layer3.conv1,element,2,"(52, 30, 2)",0,0.0,False,0.865,0.0,False,,120,256.0,384.0,0.5849628448486328,0.5,False,False,1
450,layer3.conv1,element,5,"(39, 25, 2)",0,0.0,False,0.865,0.0,False,,119,240.0,15.0,3.999999761581421,0.9375,False,False,1
451,layer3.conv1,element,5,"(2, 15, 4)",0,0.0,False,0.865,0.0,False,,106,80.0,5.0,4.0,0.9375,False,False,1
452,layer3.conv1,element,3,"(52, 14, 6)",0,0.0,False,0.865,0.0,False,,249,-288.0,-144.0,0.9999995231628418,0.5,False,False,1
453,layer3.conv1,element,1,"(23, 17, 1)",0,0.0,False,0.865,0.0,False,,243,-176.0,-144.0,0.2895064353942871,0.1818181872367859,False,False,1
454,layer3.conv1,element,2,"(43, 14, 2)",0,0.0,False,0.865,0.0,False,,244,-192.0,-128.0,0.5849623680114746,0.3333333432674408,False,False,1
455,layer3.conv1,element,6,"(41, 29, 1)",1,0.005,True,0.86,0.0050000000000000044,False,,234,-80.0,-0.3125,8.0,0.99609375,False,False,1
456,layer3.conv1,element,4,"(41, 2, 6)",0,0.0,False,0.865,0.0,False,,86,14.0,3.5,2.0,0.75,False,False,1
457,layer3.conv1,element,0,"(26, 25, 0)",0,0.0,False,0.865,0.0,False,,238,-112.0,-120.0,0.09953546524047852,0.0714285746216774,False,False,1
458,layer3.conv1,element,7,"(25, 35, 5)",0,0.0,False,0.865,0.0,False,,247,-240.0,240.0,0.0,2.0,True,False,1
459,layer3.conv1,element,4,"(6, 15, 6)",0,0.0,False,0.865,0.0,False,,101,52.0,208.0,2.0,3.0,False,False,1
460,layer3.conv1,element,2,"(35, 26, 3)",1,0.005,True,0.86,0.0050000000000000044,False,,121,288.0,416.0,0.5305147171020508,0.4444444477558136,False,False,1
461,layer3.conv1,element,0,"(18, 22, 2)",0,0.0,False,0.865,0.0,False,,106,80.0,88.0,0.13750362396240234,0.10000000149011612,False,False,1
462,layer3.conv1,element,4,"(25, 12, 4)",0,0.0,False,0.865,0.0,False,,226,-40.0,-160.0,2.0,3.0,False,False,1
463,layer3.conv1,element,4,"(10, 25, 4)",1,0.005,True,0.86,0.0050000000000000044,False,,241,-144.0,-36.0,2.0,0.75,False,False,1
464,layer3.conv1,element,1,"(47, 22, 6)",0,0.0,False,0.865,0.0,False,,251,-352.0,-288.0,0.2895069122314453,0.1818181872367859,False,False,1
465,layer3.conv1,element,6,"(59, 2, 2)",0,0.0,False,0.865,0.0,False,,97,36.0,0.140625,8.0,0.99609375,False,False,1
466,layer3.conv1,element,4,"(24, 12, 4)",1,0.005,True,0.86,0.0050000000000000044,False,,238,-112.0,-448.0,2.0,3.0,False,False,1
467,layer3.conv1,element,0,"(27, 4, 3)",0,0.0,False,0.865,0.0,False,,245,-208.0,-192.0,0.1154775619506836,0.07692307978868484,False,False,1
468,layer3.conv1,element,1,"(29, 31, 0)",0,0.0,False,0.865,0.0,False,,251,-352.0,-288.0,0.2895069122314453,0.1818181872367859,False,False,1
469,layer3.conv1,element,2,"(4, 22, 0)",0,0.0,False,0.865,0.0,False,,243,-176.0,-240.0,0.44745874404907227,0.3636363744735718,False,False,1
470,layer3.conv1,element,5,"(48, 12, 4)",0,0.0,False,0.865,0.0,False,,105,72.0,4.5,4.0,0.9375,False,False,1
471,layer3.conv1,element,6,"(56, 13, 5)",0,0.0,False,0.865,0.0,False,,248,-256.0,-1.0,8.0,0.99609375,False,False,1
472,layer3.conv1,element,6,"(32, 8, 3)",0,0.0,False,0.865,0.0,False,,120,256.0,1.0,8.0,0.99609375,False,False,1
473,layer3.conv1,element,4,"(3, 34, 3)",1,0.005,True,0.87,-0.0050000000000000044,False,,246,-224.0,-56.0,2.0,0.75,False,False,1
474,layer3.conv1,element,7,"(21, 22, 6)",0,0.0,False,0.865,0.0,False,,232,-64.0,64.0,0.0,2.0,True,False,1
475,layer3.conv1,element,2,"(10, 3, 0)",0,0.0,False,0.865,0.0,False,,113,144.0,208.0,0.5305147171020508,0.4444444477558136,False,False,1
476,layer3.conv1,element,4,"(52, 32, 7)",0,0.0,False,0.865,0.0,False,,114,160.0,40.0,2.0,0.75,False,False,1
477,layer3.conv1,element,5,"(51, 7, 4)",0,0.0,False,0.865,0.0,False,,123,352.0,22.0,4.0,0.9375,False,False,1
478,layer3.conv1,element,2,"(24, 13, 5)",0,0.0,False,0.865,0.0,False,,120,256.0,384.0,0.5849628448486328,0.5,False,False,1
479,layer3.conv1,element,3,"(24, 3, 2)",0,0.0,False,0.865,0.0,False,,124,384.0,192.0,1.0000004768371582,0.5,False,False,1
480,layer3.conv1,element,5,"(54, 2, 2)",1,0.005,True,0.86,0.0050000000000000044,False,,247,-240.0,-15.0,3.999999761581421,0.9375,False,False,1
481,layer3.conv1,element,6,"(5, 24, 5)",0,0.0,False,0.865,0.0,False,,123,352.0,1.375,8.0,0.99609375,False,False,1
482,layer3.conv1,element,7,"(50, 9, 1)",0,0.0,False,0.865,0.0,False,,236,-96.0,96.0,0.0,2.0,True,False,1
483,layer3.conv1,element,2,"(61, 21, 2)",0,0.0,False,0.865,0.0,False,,244,-192.0,-128.0,0.5849623680114746,0.3333333432674408,False,False,1
484,layer3.conv1,element,5,"(28, 22, 4)",0,0.0,False,0.865,0.0,False,,240,-128.0,-8.0,4.0,0.9375,False,False,1
485,layer3.conv1,element,6,"(48, 9, 7)",0,0.0,False,0.865,0.0,False,,68,3.0,0.0078125,8.584962844848633,0.9973958134651184,False,False,1
486,layer3.conv1,element,7,"(45, 22, 4)",0,0.0,False,0.865,0.0,False,,104,64.0,-64.0,0.0,2.0,True,False,1
487,layer3.conv1,element,5,"(57, 13, 6)",1,0.005,True,0.86,0.0050000000000000044,False,,112,128.0,8.0,4.0,0.9375,False,False,1
488,layer3.conv1,element,1,"(2, 7, 1)",0,0.0,False,0.865,0.0,False,,232,-64.0,-80.0,0.3219280242919922,0.25,False,False,1
489,layer3.conv1,element,5,"(45, 5, 3)",0,0.0,False,0.865,0.0,False,,249,-288.0,-18.0,3.999999523162842,0.9375,False,False,1
490,layer3.conv1,element,1,"(24, 34, 0)",0,0.0,False,0.865,0.0,False,,244,-192.0,-224.0,0.22239255905151367,0.1666666716337204,False,False,1
491,layer3.conv1,element,3,"(54, 35, 5)",0,0.0,False,0.865,0.0,False,,239,-120.0,-60.0,1.0,0.5,False,False,1
492,layer3.conv1,element,3,"(55, 2, 1)",1,0.005,True,0.86,0.0050000000000000044,False,,250,-320.0,-160.0,1.0,0.5,False,False,1
493,layer3.conv1,element,5,"(18, 11, 3)",0,0.0,False,0.865,0.0,False,,91,22.0,352.0,4.0,15.0,False,False,1
494,layer3.conv1,element,1,"(37, 3, 2)",0,0.0,False,0.865,0.0,False,,235,-88.0,-72.0,0.2895064353942871,0.1818181872367859,False,False,1
495,layer3.conv1,element,5,"(31, 21, 3)",0,0.0,False,0.865,0.0,False,,124,384.0,24.0,4.000000476837158,0.9375,False,False,1
496,layer3.conv1,element,1,"(35, 25, 1)",0,0.0,False,0.865,0.0,False,,241,-144.0,-176.0,0.2895064353942871,0.2222222238779068,False,False,1
497,layer3.conv1,element,3,"(53, 8, 6)",1,0.005,True,0.87,-0.0050000000000000044,False,,124,384.0,192.0,1.0000004768371582,0.5,False,False,1
498,layer3.conv1,element,0,"(42, 19, 4)",0,0.0,False,0.865,0.0,False,,248,-256.0,-288.0,0.16992473602294922,0.125,False,False,1
499,layer3.conv1,element,0,"(48, 14, 5)",0,0.0,False,0.865,0.0,False,,252,-384.0,-416.0,0.11547660827636719,0.0833333358168602,False,False,1
500,layer3.conv1,element,2,"(43, 13, 2)",1,0.005,True,0.86,0.0050000000000000044,False,,122,320.0,448.0,0.4854269027709961,0.4000000059604645,False,False,1
501,layer3.conv1,element,7,"(16, 0, 3)",1,0.005,True,0.86,0.0050000000000000044,False,,245,-208.0,208.0,0.0,2.0,True,False,1
502,layer3.conv1,element,4,"(37, 12, 4)",0,0.0,False,0.865,0.0,False,,243,-176.0,-44.0,2.0,0.75,False,False,1
503,layer3.conv1,element,5,"(24, 9, 4)",0,0.0,False,0.865,0.0,False,,249,-288.0,-18.0,3.999999523162842,0.9375,False,False,1
504,layer3.conv1,element,1,"(26, 33, 1)",0,0.0,False,0.865,0.0,False,,111,120.0,104.0,0.2064504623413086,0.13333334028720856,False,False,1
505,layer3.conv1,element,1,"(7, 5, 3)",0,0.0,False,0.865,0.0,False,,117,208.0,240.0,0.2064504623413086,0.1538461595773697,False,False,1
506,layer3.conv1,element,7,"(11, 26, 5)",0,0.0,False,0.865,0.0,False,,111,120.0,-120.0,0.0,2.0,True,False,1
507,layer3.conv1,element,5,"(21, 35, 2)",0,0.0,False,0.865,0.0,False,,239,-120.0,-7.5,3.999999761581421,0.9375,False,False,1
508,layer3.conv1,element,3,"(18, 26, 1)",0,0.0,False,0.865,0.0,False,,126,448.0,224.0,1.0,0.5,False,False,1
509,layer3.conv1,element,2,"(40, 26, 2)",0,0.0,False,0.865,0.0,False,,249,-288.0,-416.0,0.5305147171020508,0.4444444477558136,False,False,1
510,layer3.conv1,element,6,"(18, 26, 7)",0,0.0,False,0.865,0.0,False,,118,224.0,0.875,8.0,0.99609375,False,False,1
511,layer3.conv1,element,3,"(15, 30, 7)",0,0.0,False,0.865,0.0,False,,219,-22.0,-11.0,1.0,0.5,False,False,1
512,layer3.conv1,element,0,"(27, 20, 3)",0,0.0,False,0.865,0.0,False,,88,16.0,18.0,0.16992521286010742,0.125,False,False,1
513,layer3.conv1,element,6,"(36, 13, 2)",0,0.0,False,0.865,0.0,False,,254,-448.0,-1.75,8.0,0.99609375,False,False,1
514,layer3.conv1,element,3,"(63, 33, 6)",1,0.005,True,0.86,0.0050000000000000044,False,,251,-352.0,-176.0,1.0,0.5,False,False,1
515,layer3.conv1,element,3,"(32, 23, 3)",0,0.0,False,0.865,0.0,False,,211,-11.0,-22.0,1.0,1.0,False,False,1
516,layer3.conv1,element,3,"(22, 20, 2)",0,0.0,False,0.865,0.0,False,,162,-0.15625,-0.3125,1.0000001192092896,1.0,False,False,1
517,layer3.conv1,element,2,"(20, 21, 2)",200,1.0,True,0.0,0.865,True,,123,352.0,,inf,inf,False,True,1
518,layer3.conv1,element,4,"(28, 22, 6)",1,0.005,True,0.87,-0.0050000000000000044,False,,123,352.0,88.0,2.0,0.75,False,False,1
519,layer3.conv1,element,2,"(59, 11, 2)",0,0.0,False,0.865,0.0,False,,90,20.0,28.0,0.4854269027709961,0.4000000059604645,False,False,1
520,layer3.conv1,element,4,"(23, 28, 1)",1,0.005,True,0.86,0.0050000000000000044,False,,118,224.0,56.0,2.0,0.75,False,False,1
521,layer3.conv1,element,0,"(15, 28, 0)",0,0.0,False,0.865,0.0,False,,214,-14.0,-15.0,0.09953570365905762,0.0714285746216774,False,False,1
522,layer3.conv1,element,6,"(37, 7, 4)",1,0.005,True,0.86,0.0050000000000000044,False,,118,224.0,0.875,8.0,0.99609375,False,False,1
523,layer3.conv1,element,1,"(49, 18, 0)",0,0.0,False,0.865,0.0,False,,99,44.0,36.0,0.2895064353942871,0.1818181872367859,False,False,1
524,layer3.conv1,element,4,"(60, 23, 7)",0,0.0,False,0.865,0.0,False,,248,-256.0,-64.0,2.0,0.75,False,False,1
525,layer3.conv1,element,2,"(17, 35, 5)",1,0.005,True,0.87,-0.0050000000000000044,False,,113,144.0,208.0,0.5305147171020508,0.4444444477558136,False,False,1
526,layer3.conv1,element,1,"(56, 32, 3)",0,0.0,False,0.865,0.0,False,,115,176.0,144.0,0.2895064353942871,0.1818181872367859,False,False,1
527,layer3.conv1,element,1,"(54, 26, 7)",0,0.0,False,0.865,0.0,False,,114,160.0,128.0,0.3219280242919922,0.20000000298023224,False,False,1
528,layer3.conv1,element,5,"(24, 4, 7)",1,0.005,True,0.86,0.0050000000000000044,False,,242,-160.0,-10.0,4.0,0.9375,False,False,1
529,layer3.conv1,element,0,"(21, 16, 1)",0,0.0,False,0.865,0.0,False,,249,-288.0,-256.0,0.16992473602294922,0.1111111119389534,False,False,1
530,layer3.conv1,element,6,"(17, 2, 7)",0,0.0,False,0.865,0.0,False,,97,36.0,0.140625,8.0,0.99609375,False,False,1
531,layer3.conv1,element,3,"(20, 11, 0)",0,0.0,False,0.865,0.0,False,,107,88.0,44.0,1.0,0.5,False,False,1
532,layer3.conv1,element,3,"(56, 21, 5)",0,0.0,False,0.865,0.0,False,,248,-256.0,-128.0,1.0,0.5,False,False,1
533,layer3.conv1,element,1,"(19, 32, 0)",1,0.005,True,0.86,0.0050000000000000044,False,,122,320.0,256.0,0.3219280242919922,0.20000000298023224,False,False,1
534,layer3.conv1,element,2,"(31, 21, 6)",1,0.005,True,0.86,0.0050000000000000044,False,,122,320.0,448.0,0.4854269027709961,0.4000000059604645,False,False,1
535,layer3.conv1,element,5,"(59, 29, 6)",0,0.0,False,0.865,0.0,False,,231,-60.0,-3.75,3.999999761581421,0.9375,False,False,1
536,layer3.conv1,element,7,"(43, 31, 3)",1,0.005,True,0.86,0.0050000000000000044,False,,235,-88.0,88.0,0.0,2.0,True,False,1
537,layer3.conv1,element,7,"(8, 13, 0)",1,0.005,True,0.87,-0.0050000000000000044,False,,104,64.0,-64.0,0.0,2.0,True,False,1
538,layer3.conv1,element,4,"(4, 24, 6)",0,0.0,False,0.865,0.0,False,,114,160.0,40.0,2.0,0.75,False,False,1
539,layer3.conv1,element,2,"(14, 10, 7)",0,0.0,False,0.865,0.0,False,,120,256.0,384.0,0.5849628448486328,0.5,False,False,1
540,layer3.conv1,element,0,"(55, 16, 4)",0,0.0,False,0.865,0.0,False,,248,-256.0,-288.0,0.16992473602294922,0.125,False,False,1
541,layer3.conv1,element,4,"(14, 19, 0)",1,0.005,True,0.86,0.0050000000000000044,False,,123,352.0,88.0,2.0,0.75,False,False,1
542,layer3.conv1,element,4,"(20, 1, 0)",0,0.0,False,0.865,0.0,False,,233,-72.0,-288.0,1.9999995231628418,3.0,False,False,1
543,layer3.conv1,element,4,"(34, 20, 2)",0,0.0,False,0.865,0.0,False,,106,80.0,320.0,2.0,3.0,False,False,1
544,layer3.conv1,element,4,"(31, 23, 3)",1,0.005,True,0.86,0.0050000000000000044,False,,251,-352.0,-88.0,2.0,0.75,False,False,1
545,layer3.conv1,element,0,"(4, 29, 5)",0,0.0,False,0.865,0.0,False,,243,-176.0,-160.0,0.13750362396240234,0.09090909361839294,False,False,1
546,layer3.conv1,element,3,"(12, 24, 1)",0,0.0,False,0.865,0.0,False,,106,80.0,40.0,1.0,0.5,False,False,1
547,layer3.conv1,element,0,"(63, 22, 7)",0,0.0,False,0.865,0.0,False,,120,256.0,288.0,0.16992473602294922,0.125,False,False,1
548,layer3.conv1,element,6,"(26, 32, 1)",1,0.005,True,0.86,0.0050000000000000044,False,,246,-224.0,-0.875,8.0,0.99609375,False,False,1
549,layer3.conv1,element,7,"(17, 28, 2)",4,0.02,True,0.86,0.0050000000000000044,False,,118,224.0,-224.0,0.0,2.0,True,False,1
550,layer3.conv1,element,6,"(52, 35, 6)",0,0.0,False,0.865,0.0,False,,96,32.0,0.125,8.0,0.99609375,False,False,1
551,layer3.conv1,element,3,"(29, 29, 1)",0,0.0,False,0.865,0.0,False,,118,224.0,448.0,1.0,1.0,False,False,1
552,layer3.conv1,element,6,"(52, 34, 5)",0,0.0,False,0.865,0.0,False,,226,-40.0,-0.15625,8.0,0.99609375,False,False,1
553,layer3.conv1,element,6,"(10, 6, 6)",0,0.0,False,0.865,0.0,False,,99,44.0,0.171875,8.0,0.99609375,False,False,1
554,layer3.conv1,element,2,"(30, 11, 2)",0,0.0,False,0.865,0.0,False,,221,-26.0,-18.0,0.5305147171020508,0.3076923191547394,False,False,1
555,layer3.conv1,element,0,"(51, 30, 4)",0,0.0,False,0.865,0.0,False,,234,-80.0,-88.0,0.13750362396240234,0.10000000149011612,False,False,1
556,layer3.conv1,element,6,"(49, 5, 2)",0,0.0,False,0.865,0.0,False,,251,-352.0,-1.375,8.0,0.99609375,False,False,1
557,layer3.conv1,element,4,"(43, 11, 3)",0,0.0,False,0.865,0.0,False,,204,-6.0,-24.0,1.999999761581421,3.0,False,False,1
558,layer3.conv1,element,3,"(29, 11, 3)",0,0.0,False,0.865,0.0,False,,217,-18.0,-9.0,1.000000238418579,0.5,False,False,1
559,layer3.conv1,element,6,"(52, 26, 3)",0,0.0,False,0.865,0.0,False,,121,288.0,1.125,7.999999523162842,0.99609375,False,False,1
560,layer3.conv1,element,7,"(23, 32, 1)",1,0.005,True,0.86,0.0050000000000000044,False,,108,96.0,-96.0,0.0,2.0,True,False,1
561,layer3.conv1,element,6,"(42, 8, 4)",0,0.0,False,0.865,0.0,False,,238,-112.0,-0.4375,8.0,0.99609375,False,False,1
562,layer3.conv1,element,0,"(34, 33, 5)",0,0.0,False,0.865,0.0,False,,224,-32.0,-36.0,0.16992521286010742,0.125,False,False,1
563,layer3.conv1,element,0,"(19, 10, 6)",0,0.0,False,0.865,0.0,False,,253,-416.0,-384.0,0.11547660827636719,0.07692307978868484,False,False,1
564,layer3.conv1,element,3,"(12, 31, 7)",0,0.0,False,0.865,0.0,False,,114,160.0,320.0,1.0,1.0,False,False,1
565,layer3.conv1,element,4,"(34, 1, 1)",0,0.0,False,0.865,0.0,False,,83,11.0,2.75,2.0,0.75,False,False,1
566,layer3.conv1,element,1,"(20, 9, 2)",0,0.0,False,0.865,0.0,False,,252,-384.0,-448.0,0.22239208221435547,0.1666666716337204,False,False,1
567,layer3.conv1,element,2,"(33, 3, 0)",0,0.0,False,0.865,0.0,False,,245,-208.0,-144.0,0.5305147171020508,0.3076923191547394,False,False,1
568,layer3.conv1,element,4,"(45, 7, 6)",0,0.0,False,0.865,0.0,False,,237,-104.0,-416.0,1.9999995231628418,3.0,False,False,1
569,layer3.conv1,element,6,"(51, 12, 2)",0,0.0,False,0.865,0.0,False,,98,40.0,0.15625,8.0,0.99609375,False,False,1
570,layer3.conv1,element,6,"(49, 11, 2)",0,0.0,False,0.865,0.0,False,,234,-80.0,-0.3125,8.0,0.99609375,False,False,1
571,layer3.conv1,element,0,"(32, 23, 5)",0,0.0,False,0.865,0.0,False,,234,-80.0,-88.0,0.13750362396240234,0.10000000149011612,False,False,1
572,layer3.conv1,element,3,"(3, 22, 5)",0,0.0,False,0.865,0.0,False,,90,20.0,10.0,1.0,0.5,False,False,1
573,layer3.conv1,element,2,"(11, 19, 6)",0,0.0,False,0.865,0.0,False,,101,52.0,36.0,0.5305147171020508,0.3076923191547394,False,False,1
574,layer3.conv1,element,2,"(46, 32, 3)",0,0.0,False,0.865,0.0,False,,250,-320.0,-448.0,0.4854269027709961,0.4000000059604645,False,False,1
575,layer3.conv1,element,6,"(38, 3, 2)",1,0.005,True,0.86,0.0050000000000000044,False,,249,-288.0,-1.125,7.999999523162842,0.99609375,False,False,1
576,layer3.conv1,element,3,"(52, 11, 2)",0,0.0,False,0.865,0.0,False,,113,144.0,288.0,0.9999995231628418,1.0,False,False,1
577,layer3.conv1,element,3,"(31, 14, 4)",0,0.0,False,0.865,0.0,False,,108,96.0,48.0,1.0,0.5,False,False,1
578,layer3.conv1,element,7,"(28, 17, 5)",0,0.0,False,0.865,0.0,False,,113,144.0,-144.0,0.0,2.0,True,False,1
579,layer3.conv1,element,3,"(15, 24, 0)",1,0.005,True,0.86,0.0050000000000000044,False,,236,-96.0,-48.0,1.0,0.5,False,False,1
580,layer3.conv1,element,6,"(3, 35, 7)",0,0.0,False,0.865,0.0,False,,108,96.0,0.375,8.0,0.99609375,False,False,1
581,layer3.conv1,element,7,"(9, 6, 5)",0,0.0,False,0.865,0.0,False,,81,9.0,-9.0,0.0,2.0,True,False,1
582,layer3.conv1,element,7,"(43, 25, 3)",1,0.005,True,0.86,0.0050000000000000044,False,,235,-88.0,88.0,0.0,2.0,True,False,1
583,layer3.conv1,element,2,"(37, 3, 2)",0,0.0,False,0.865,0.0,False,,235,-88.0,-120.0,0.44745874404907227,0.3636363744735718,False,False,1
584,layer3.conv1,element,3,"(15, 27, 1)",1,0.005,True,0.86,0.0050000000000000044,False,,253,-416.0,-208.0,0.9999995231628418,0.5,False,False,1
585,layer3.conv1,element,0,"(23, 8, 0)",0,0.0,False,0.865,0.0,False,,117,208.0,192.0,0.1154775619506836,0.07692307978868484,False,False,1
586,layer3.conv1,element,5,"(41, 6, 2)",0,0.0,False,0.865,0.0,False,,239,-120.0,-7.5,3.999999761581421,0.9375,False,False,1
587,layer3.conv1,element,3,"(24, 17, 0)",0,0.0,False,0.865,0.0,False,,227,-44.0,-88.0,1.0,1.0,False,False,1
588,layer3.conv1,element,0,"(24, 3, 5)",0,0.0,False,0.865,0.0,False,,241,-144.0,-128.0,0.16992521286010742,0.1111111119389534,False,False,1
589,layer3.conv1,element,1,"(17, 10, 5)",0,0.0,False,0.865,0.0,False,,107,88.0,72.0,0.2895064353942871,0.1818181872367859,False,False,1
590,layer3.conv1,element,1,"(40, 28, 0)",0,0.0,False,0.865,0.0,False,,105,72.0,88.0,0.2895064353942871,0.2222222238779068,False,False,1
591,layer3.conv1,element,0,"(56, 35, 3)",0,0.0,False,0.865,0.0,False,,218,-20.0,-22.0,0.13750362396240234,0.10000000149011612,False,False,1
592,layer3.conv1,element,0,"(16, 18, 5)",0,0.0,False,0.865,0.0,False,,247,-240.0,-224.0,0.09953546524047852,0.06666667014360428,False,False,1
593,layer3.conv1,element,4,"(18, 23, 0)",1,0.005,True,0.86,0.0050000000000000044,False,,243,-176.0,-44.0,2.0,0.75,False,False,1
594,layer3.conv1,element,1,"(30, 17, 7)",0,0.0,False,0.865,0.0,False,,248,-256.0,-320.0,0.3219280242919922,0.25,False,False,1
595,layer3.conv1,element,7,"(12, 6, 6)",1,0.005,True,0.865,0.0,False,,250,-320.0,320.0,0.0,2.0,True,False,1
596,layer3.conv1,element,4,"(33, 20, 6)",1,0.005,True,0.86,0.0050000000000000044,False,,118,224.0,56.0,2.0,0.75,False,False,1
597,layer3.conv1,element,4,"(56, 23, 2)",0,0.0,False,0.865,0.0,False,,248,-256.0,-64.0,2.0,0.75,False,False,1
598,layer3.conv1,element,4,"(40, 13, 6)",0,0.0,False,0.865,0.0,False,,229,-52.0,-208.0,2.0,3.0,False,False,1
599,layer3.conv1,element,5,"(10, 18, 6)",1,0.005,True,0.86,0.0050000000000000044,False,,251,-352.0,-22.0,4.0,0.9375,False,False,1
600,layer3.conv1,element,6,"(13, 0, 0)",0,0.0,False,0.865,0.0,False,,239,-120.0,-0.46875,8.0,0.99609375,False,False,1
601,layer3.conv1,element,2,"(4, 31, 7)",0,0.0,False,0.865,0.0,False,,246,-224.0,-160.0,0.4854269027709961,0.2857142984867096,False,False,1
602,layer3.conv1,element,4,"(61, 20, 4)",1,0.005,True,0.86,0.0050000000000000044,False,,107,88.0,352.0,2.0,3.0,False,False,1
603,layer3.conv1,element,4,"(22, 5, 3)",1,0.005,True,0.86,0.0050000000000000044,False,,247,-240.0,-60.0,2.0,0.75,False,False,1
604,layer3.conv1,element,5,"(18, 18, 1)",0,0.0,False,0.865,0.0,False,,232,-64.0,-4.0,4.0,0.9375,False,False,1
605,layer3.conv1,element,6,"(54, 34, 7)",1,0.005,True,0.86,0.0050000000000000044,False,,243,-176.0,-0.6875,8.0,0.99609375,False,False,1
606,layer3.conv1,element,6,"(19, 21, 0)",1,0.005,True,0.86,0.0050000000000000044,False,,118,224.0,0.875,8.0,0.99609375,False,False,1
607,layer3.conv1,element,4,"(14, 32, 0)",0,0.0,False,0.865,0.0,False,,114,160.0,40.0,2.0,0.75,False,False,1
608,layer3.conv1,element,0,"(16, 14, 4)",0,0.0,False,0.865,0.0,False,,117,208.0,192.0,0.1154775619506836,0.07692307978868484,False,False,1
609,layer3.conv1,element,6,"(25, 13, 1)",0,0.0,False,0.865,0.0,False,,233,-72.0,-0.28125,8.0,0.99609375,False,False,1
610,layer3.conv1,element,7,"(4, 11, 3)",1,0.005,True,0.86,0.0050000000000000044,False,,120,256.0,-256.0,0.0,2.0,True,False,1
611,layer3.conv1,element,4,"(41, 0, 7)",0,0.0,False,0.865,0.0,False,,98,40.0,160.0,2.0,3.0,False,False,1
612,layer3.conv1,element,3,"(27, 2, 3)",1,0.005,True,0.86,0.0050000000000000044,False,,122,320.0,160.0,1.0,0.5,False,False,1
613,layer3.conv1,element,1,"(62, 4, 1)",0,0.0,False,0.865,0.0,False,,96,32.0,40.0,0.3219280242919922,0.25,False,False,1
614,layer3.conv1,element,3,"(49, 14, 2)",0,0.0,False,0.865,0.0,False,,250,-320.0,-160.0,1.0,0.5,False,False,1
615,layer3.conv1,element,4,"(24, 21, 3)",0,0.0,False,0.865,0.0,False,,113,144.0,36.0,2.0,0.75,False,False,1
616,layer3.conv1,element,6,"(45, 14, 6)",1,0.005,True,0.86,0.0050000000000000044,False,,248,-256.0,-1.0,8.0,0.99609375,False,False,1
617,layer3.conv1,element,3,"(51, 22, 4)",0,0.0,False,0.865,0.0,False,,108,96.0,48.0,1.0,0.5,False,False,1
618,layer3.conv1,element,1,"(12, 18, 4)",0,0.0,False,0.865,0.0,False,,98,40.0,32.0,0.3219280242919922,0.20000000298023224,False,False,1
619,layer3.conv1,element,1,"(10, 8, 0)",0,0.0,False,0.865,0.0,False,,252,-384.0,-448.0,0.22239208221435547,0.1666666716337204,False,False,1
620,layer3.conv1,element,4,"(8, 27, 3)",200,1.0,True,0.0,0.865,True,,111,120.0,,inf,inf,False,True,1
621,layer3.conv1,element,4,"(2, 32, 4)",0,0.0,False,0.865,0.0,False,,126,448.0,112.0,2.0,0.75,False,False,1
622,layer3.conv1,element,7,"(20, 20, 4)",0,0.0,False,0.865,0.0,False,,123,352.0,-352.0,0.0,2.0,True,False,1
623,layer3.conv1,element,6,"(50, 28, 7)",1,0.005,True,0.86,0.0050000000000000044,False,,110,112.0,0.4375,8.0,0.99609375,False,False,1
624,layer3.conv1,element,4,"(49, 6, 0)",0,0.0,False,0.865,0.0,False,,246,-224.0,-56.0,2.0,0.75,False,False,1
625,layer3.conv1,element,1,"(24, 6, 6)",0,0.0,False,0.865,0.0,False,,126,448.0,384.0,0.22239208221435547,0.1428571492433548,False,False,1
626,layer3.conv1,element,6,"(31, 8, 4)",0,0.0,False,0.865,0.0,False,,102,56.0,0.21875,8.0,0.99609375,False,False,1
627,layer3.conv1,element,4,"(49, 3, 5)",0,0.0,False,0.865,0.0,False,,224,-32.0,-128.0,2.0,3.0,False,False,1
628,layer3.conv1,element,6,"(59, 3, 0)",1,0.005,True,0.86,0.0050000000000000044,False,,248,-256.0,-1.0,8.0,0.99609375,False,False,1
629,layer3.conv1,element,5,"(18, 0, 4)",1,0.005,True,0.86,0.0050000000000000044,False,,79,7.5,120.0,3.999999761581421,15.0,False,False,1
630,layer3.conv1,element,2,"(42, 0, 2)",0,0.0,False,0.865,0.0,False,,83,11.0,15.0,0.44745898246765137,0.3636363744735718,False,False,1
631,layer3.conv1,element,3,"(38, 0, 0)",0,0.0,False,0.865,0.0,False,,122,320.0,160.0,1.0,0.5,False,False,1
632,layer3.conv1,element,3,"(39, 26, 4)",0,0.0,False,0.865,0.0,False,,83,11.0,22.0,1.0,1.0,False,False,1
633,layer3.conv1,element,2,"(51, 13, 2)",1,0.005,True,0.86,0.0050000000000000044,False,,246,-224.0,-160.0,0.4854269027709961,0.2857142984867096,False,False,1
634,layer3.conv1,element,6,"(49, 4, 6)",0,0.0,False,0.865,0.0,False,,109,104.0,0.40625,8.0,0.99609375,False,False,1
635,layer3.conv1,element,2,"(25, 11, 2)",0,0.0,False,0.865,0.0,False,,245,-208.0,-144.0,0.5305147171020508,0.3076923191547394,False,False,1
636,layer3.conv1,element,5,"(48, 0, 4)",0,0.0,False,0.865,0.0,False,,253,-416.0,-26.0,3.999999523162842,0.9375,False,False,1
637,layer3.conv1,element,4,"(3, 18, 1)",0,0.0,False,0.865,0.0,False,,249,-288.0,-72.0,1.9999995231628418,0.75,False,False,1
638,layer3.conv1,element,3,"(22, 0, 1)",1,0.005,True,0.86,0.0050000000000000044,False,,114,160.0,320.0,1.0,1.0,False,False,1
639,layer3.conv1,element,5,"(13, 33, 3)",0,0.0,False,0.865,0.0,False,,239,-120.0,-7.5,3.999999761581421,0.9375,False,False,1
640,layer3.conv1,element,1,"(16, 16, 1)",0,0.0,False,0.865,0.0,False,,233,-72.0,-88.0,0.2895064353942871,0.2222222238779068,False,False,1
641,layer3.conv1,element,4,"(57, 25, 7)",0,0.0,False,0.865,0.0,False,,216,-16.0,-4.0,2.0,0.75,False,False,1
642,layer3.conv1,element,1,"(28, 0, 2)",0,0.0,False,0.865,0.0,False,,121,288.0,352.0,0.2895069122314453,0.2222222238779068,False,False,1
643,layer3.conv1,element,0,"(4, 24, 1)",0,0.0,False,0.865,0.0,False,,123,352.0,320.0,0.13750362396240234,0.09090909361839294,False,False,1
644,layer3.conv1,element,6,"(31, 11, 1)",0,0.0,False,0.865,0.0,False,,110,112.0,0.4375,8.0,0.99609375,False,False,1
645,layer3.conv1,element,6,"(4, 15, 4)",0,0.0,False,0.865,0.0,False,,240,-128.0,-0.5,8.0,0.99609375,False,False,1
646,layer3.conv1,element,5,"(9, 2, 4)",0,0.0,False,0.865,0.0,False,,233,-72.0,-4.5,4.0,0.9375,False,False,1
647,layer3.conv1,element,7,"(24, 19, 4)",3,0.015,True,0.865,0.0,False,,120,256.0,-256.0,0.0,2.0,True,False,1
648,layer3.conv1,element,4,"(28, 8, 6)",0,0.0,False,0.865,0.0,False,,105,72.0,288.0,1.9999995231628418,3.0,False,False,1
649,layer3.conv1,element,0,"(14, 30, 3)",0,0.0,False,0.865,0.0,False,,250,-320.0,-352.0,0.13750362396240234,0.10000000149011612,False,False,1
650,layer3.conv1,element,3,"(40, 34, 1)",0,0.0,False,0.865,0.0,False,,219,-22.0,-11.0,1.0,0.5,False,False,1
651,layer3.conv1,element,1,"(31, 28, 6)",0,0.0,False,0.865,0.0,False,,236,-96.0,-112.0,0.22239255905151367,0.1666666716337204,False,False,1
652,layer3.conv1,element,5,"(8, 24, 5)",0,0.0,False,0.865,0.0,False,,108,96.0,6.0,3.999999761581421,0.9375,False,False,1
653,layer3.conv1,element,1,"(52, 22, 1)",0,0.0,False,0.865,0.0,False,,248,-256.0,-320.0,0.3219280242919922,0.25,False,False,1
654,layer3.conv1,element,4,"(8, 30, 0)",0,0.0,False,0.865,0.0,False,,114,160.0,40.0,2.0,0.75,False,False,1
655,layer3.conv1,element,6,"(23, 0, 0)",0,0.0,False,0.865,0.0,False,,226,-40.0,-0.15625,8.0,0.99609375,False,False,1
656,layer3.conv1,element,1,"(11, 4, 2)",0,0.0,False,0.865,0.0,False,,225,-36.0,-44.0,0.2895064353942871,0.2222222238779068,False,False,1
657,layer3.conv1,element,7,"(60, 13, 4)",0,0.0,False,0.865,0.0,False,,245,-208.0,208.0,0.0,2.0,True,False,1
658,layer3.conv1,element,5,"(18, 4, 6)",1,0.005,True,0.86,0.0050000000000000044,False,,247,-240.0,-15.0,3.999999761581421,0.9375,False,False,1
659,layer3.conv1,element,0,"(55, 17, 6)",0,0.0,False,0.865,0.0,False,,253,-416.0,-384.0,0.11547660827636719,0.07692307978868484,False,False,1
660,layer3.conv1,element,4,"(61, 19, 6)",1,0.005,True,0.86,0.0050000000000000044,False,,250,-320.0,-80.0,2.0,0.75,False,False,1
661,layer3.conv1,element,2,"(14, 0, 5)",0,0.0,False,0.865,0.0,False,,250,-320.0,-448.0,0.4854269027709961,0.4000000059604645,False,False,1
662,layer3.conv1,element,5,"(1, 23, 3)",0,0.0,False,0.865,0.0,False,,108,96.0,6.0,3.999999761581421,0.9375,False,False,1
663,layer3.conv1,element,1,"(0, 31, 0)",0,0.0,False,0.865,0.0,False,,223,-30.0,-26.0,0.2064504623413086,0.13333334028720856,False,False,1
664,layer3.conv1,element,3,"(11, 27, 2)",0,0.0,False,0.865,0.0,False,,115,176.0,352.0,1.0,1.0,False,False,1
665,layer3.conv1,element,3,"(25, 22, 6)",0,0.0,False,0.865,0.0,False,,88,16.0,8.0,1.0,0.5,False,False,1
666,layer3.conv1,element,3,"(10, 20, 2)",1,0.005,True,0.86,0.0050000000000000044,False,,250,-320.0,-160.0,1.0,0.5,False,False,1
667,layer3.conv1,element,7,"(61, 8, 6)",1,0.005,True,0.86,0.0050000000000000044,False,,242,-160.0,160.0,0.0,2.0,True,False,1
668,layer3.conv1,element,7,"(30, 12, 7)",0,0.0,False,0.865,0.0,False,,217,-18.0,18.0,0.0,2.0,True,False,1
669,layer3.conv1,element,0,"(54, 9, 6)",0,0.0,False,0.865,0.0,False,,109,104.0,96.0,0.1154775619506836,0.07692307978868484,False,False,1
670,layer3.conv1,element,6,"(0, 34, 5)",0,0.0,False,0.865,0.0,False,,93,26.0,0.1015625,8.0,0.99609375,False,False,1
671,layer3.conv1,element,1,"(8, 17, 1)",0,0.0,False,0.865,0.0,False,,228,-48.0,-56.0,0.22239255905151367,0.1666666716337204,False,False,1
672,layer3.conv1,element,1,"(29, 11, 5)",0,0.0,False,0.865,0.0,False,,108,96.0,112.0,0.22239255905151367,0.1666666716337204,False,False,1
673,layer3.conv1,element,3,"(10, 14, 6)",1,0.005,True,0.86,0.0050000000000000044,False,,251,-352.0,-176.0,1.0,0.5,False,False,1
674,layer3.conv1,element,7,"(10, 15, 2)",1,0.005,True,0.86,0.0050000000000000044,False,,247,-240.0,240.0,0.0,2.0,True,False,1
675,layer3.conv1,element,4,"(1, 19, 4)",1,0.005,True,0.86,0.0050000000000000044,False,,125,416.0,104.0,1.9999995231628418,0.75,False,False,1
676,layer3.conv1,element,4,"(17, 9, 2)",0,0.0,False,0.865,0.0,False,,112,128.0,32.0,2.0,0.75,False,False,1
677,layer3.conv1,element,5,"(48, 30, 5)",0,0.0,False,0.865,0.0,False,,106,80.0,5.0,4.0,0.9375,False,False,1
678,layer3.conv1,element,3,"(50, 25, 6)",0,0.0,False,0.865,0.0,False,,243,-176.0,-352.0,1.0,1.0,False,False,1
679,layer3.conv1,element,3,"(32, 20, 4)",0,0.0,False,0.865,0.0,False,,113,144.0,288.0,0.9999995231628418,1.0,False,False,1
680,layer3.conv1,element,5,"(11, 28, 0)",0,0.0,False,0.865,0.0,False,,81,9.0,144.0,4.0,15.0,False,False,1
681,layer3.conv1,element,1,"(28, 28, 3)",0,0.0,False,0.865,0.0,False,,106,80.0,64.0,0.3219280242919922,0.20000000298023224,False,False,1
682,layer3.conv1,element,7,"(39, 17, 6)",0,0.0,False,0.865,0.0,False,,114,160.0,-160.0,0.0,2.0,True,False,1
683,layer3.conv1,element,2,"(9, 15, 0)",0,0.0,False,0.865,0.0,False,,244,-192.0,-128.0,0.5849623680114746,0.3333333432674408,False,False,1
684,layer3.conv1,element,4,"(26, 0, 1)",200,1.0,True,0.0,0.865,True,,239,-120.0,,inf,inf,False,True,1
685,layer3.conv1,element,7,"(52, 24, 1)",0,0.0,False,0.865,0.0,False,,239,-120.0,120.0,0.0,2.0,True,False,1
686,layer3.conv1,element,6,"(26, 26, 1)",1,0.005,True,0.86,0.0050000000000000044,False,,246,-224.0,-0.875,8.0,0.99609375,False,False,1
687,layer3.conv1,element,6,"(30, 4, 1)",0,0.0,False,0.865,0.0,False,,87,15.0,0.05859375,8.0,0.99609375,False,False,1
688,layer3.conv1,element,6,"(52, 10, 0)",0,0.0,False,0.865,0.0,False,,209,-9.0,-0.03515625,8.0,0.99609375,False,False,1
689,layer3.conv1,element,0,"(42, 34, 5)",0,0.0,False,0.865,0.0,False,,108,96.0,104.0,0.1154775619506836,0.0833333358168602,False,False,1
690,layer3.conv1,element,3,"(10, 10, 5)",0,0.0,False,0.865,0.0,False,,109,104.0,52.0,1.0,0.5,False,False,1
691,layer3.conv1,element,6,"(39, 0, 6)",0,0.0,False,0.865,0.0,False,,115,176.0,0.6875,8.0,0.99609375,False,False,1
692,layer3.conv1,element,2,"(59, 4, 3)",0,0.0,False,0.865,0.0,False,,236,-96.0,-64.0,0.5849623680114746,0.3333333432674408,False,False,1
693,layer3.conv1,element,2,"(13, 20, 1)",0,0.0,False,0.865,0.0,False,,107,88.0,120.0,0.44745874404907227,0.3636363744735718,False,False,1
694,layer3.conv1,element,7,"(57, 6, 4)",0,0.0,False,0.865,0.0,False,,235,-88.0,88.0,0.0,2.0,True,False,1
695,layer3.conv1,element,6,"(37, 19, 1)",0,0.0,False,0.865,0.0,False,,253,-416.0,-1.625,8.0,0.99609375,False,False,1
696,layer3.conv1,element,2,"(42, 27, 6)",0,0.0,False,0.865,0.0,False,,249,-288.0,-416.0,0.5305147171020508,0.4444444477558136,False,False,1
697,layer3.conv1,element,0,"(21, 7, 0)",0,0.0,False,0.865,0.0,False,,111,120.0,112.0,0.09953546524047852,0.06666667014360428,False,False,1
698,layer3.conv1,element,3,"(3, 5, 7)",0,0.0,False,0.865,0.0,False,,246,-224.0,-448.0,1.0,1.0,False,False,1
699,layer3.conv1,element,6,"(1, 25, 3)",0,0.0,False,0.865,0.0,False,,103,60.0,0.234375,8.0,0.99609375,False,False,1
700,layer3.conv1,element,4,"(42, 16, 2)",0,0.0,False,0.865,0.0,False,,112,128.0,32.0,2.0,0.75,False,False,1
701,layer3.conv1,element,1,"(62, 32, 3)",0,0.0,False,0.865,0.0,False,,111,120.0,104.0,0.2064504623413086,0.13333334028720856,False,False,1
702,layer3.conv1,element,3,"(38, 15, 1)",0,0.0,False,0.865,0.0,False,,254,-448.0,-224.0,1.0,0.5,False,False,1
703,layer3.conv1,element,3,"(22, 32, 4)",0,0.0,False,0.865,0.0,False,,242,-160.0,-320.0,1.0,1.0,False,False,1
704,layer3.conv1,element,4,"(49, 15, 1)",1,0.005,True,0.86,0.0050000000000000044,False,,229,-52.0,-208.0,2.0,3.0,False,False,1
705,layer3.conv1,element,5,"(60, 18, 2)",3,0.015,True,0.865,0.0,False,,219,-22.0,-352.0,4.0,15.0,False,False,1
706,layer3.conv1,element,1,"(13, 24, 5)",0,0.0,False,0.865,0.0,False,,84,12.0,14.0,0.22239232063293457,0.1666666716337204,False,False,1
707,layer3.conv1,element,4,"(6, 23, 1)",1,0.005,True,0.86,0.0050000000000000044,False,,236,-96.0,-384.0,2.000000476837158,3.0,False,False,1
708,layer3.conv1,element,3,"(61, 0, 4)",0,0.0,False,0.865,0.0,False,,246,-224.0,-448.0,1.0,1.0,False,False,1
709,layer3.conv1,element,1,"(2, 32, 0)",0,0.0,False,0.865,0.0,False,,108,96.0,112.0,0.22239255905151367,0.1666666716337204,False,False,1
710,layer3.conv1,element,3,"(56, 25, 6)",0,0.0,False,0.865,0.0,False,,115,176.0,352.0,1.0,1.0,False,False,1
711,layer3.conv1,element,1,"(9, 7, 6)",0,0.0,False,0.865,0.0,False,,120,256.0,320.0,0.3219280242919922,0.25,False,False,1
712,layer3.conv1,element,1,"(7, 11, 3)",0,0.0,False,0.865,0.0,False,,227,-44.0,-36.0,0.2895064353942871,0.1818181872367859,False,False,1
713,layer3.conv1,element,2,"(17, 25, 1)",0,0.0,False,0.865,0.0,False,,249,-288.0,-416.0,0.5305147171020508,0.4444444477558136,False,False,1
714,layer3.conv1,element,7,"(20, 6, 1)",0,0.0,False,0.865,0.0,False,,118,224.0,-224.0,0.0,2.0,True,False,1
715,layer3.conv1,element,0,"(21, 5, 7)",0,0.0,False,0.865,0.0,False,,108,96.0,104.0,0.1154775619506836,0.0833333358168602,False,False,1
716,layer3.conv1,element,6,"(2, 2, 6)",0,0.0,False,0.865,0.0,False,,242,-160.0,-0.625,8.0,0.99609375,False,False,1
717,layer3.conv1,element,1,"(54, 23, 5)",0,0.0,False,0.865,0.0,False,,248,-256.0,-320.0,0.3219280242919922,0.25,False,False,1
718,layer3.conv1,element,7,"(53, 6, 4)",0,0.0,False,0.865,0.0,False,,252,-384.0,384.0,0.0,2.0,True,False,1
719,layer3.conv1,element,1,"(43, 19, 1)",2,0.01,True,0.855,0.010000000000000009,False,,121,288.0,352.0,0.2895069122314453,0.2222222238779068,False,False,1
720,layer3.conv1,element,4,"(58, 20, 3)",200,1.0,True,0.0,0.865,True,,111,120.0,,inf,inf,False,True,1
721,layer3.conv1,element,3,"(60, 0, 4)",0,0.0,False,0.865,0.0,False,,92,24.0,12.0,0.9999997615814209,0.5,False,False,1
722,layer3.conv1,element,1,"(63, 12, 4)",0,0.0,False,0.865,0.0,False,,250,-320.0,-256.0,0.3219280242919922,0.20000000298023224,False,False,1
723,layer3.conv1,element,2,"(24, 1, 1)",0,0.0,False,0.865,0.0,False,,239,-120.0,-88.0,0.44745874404907227,0.2666666805744171,False,False,1
724,layer3.conv1,element,3,"(39, 5, 7)",0,0.0,False,0.865,0.0,False,,248,-256.0,-128.0,1.0,0.5,False,False,1
725,layer3.conv1,element,4,"(48, 30, 2)",1,0.005,True,0.86,0.0050000000000000044,False,,246,-224.0,-56.0,2.0,0.75,False,False,1
726,layer3.conv1,element,5,"(42, 22, 3)",0,0.0,False,0.865,0.0,False,,242,-160.0,-10.0,4.0,0.9375,False,False,1
727,layer3.conv1,element,2,"(50, 23, 0)",0,0.0,False,0.865,0.0,False,,249,-288.0,-416.0,0.5305147171020508,0.4444444477558136,False,False,1
728,layer3.conv1,element,3,"(43, 15, 0)",0,0.0,False,0.865,0.0,False,,111,120.0,60.0,1.0,0.5,False,False,1
729,layer3.conv1,element,0,"(24, 27, 7)",0,0.0,False,0.865,0.0,False,,248,-256.0,-288.0,0.16992473602294922,0.125,False,False,1
730,layer3.conv1,element,2,"(36, 17, 4)",1,0.005,True,0.86,0.0050000000000000044,False,,248,-256.0,-384.0,0.5849628448486328,0.5,False,False,1
731,layer3.conv1,element,2,"(12, 26, 5)",0,0.0,False,0.865,0.0,False,,222,-28.0,-20.0,0.4854269027709961,0.2857142984867096,False,False,1
732,layer3.conv1,element,6,"(60, 34, 3)",1,0.005,True,0.87,-0.0050000000000000044,False,,113,144.0,0.5625,8.0,0.99609375,False,False,1
733,layer3.conv1,element,6,"(57, 10, 4)",1,0.005,True,0.86,0.0050000000000000044,False,,117,208.0,0.8125,8.0,0.99609375,False,False,1
734,layer3.conv1,element,6,"(38, 32, 4)",0,0.0,False,0.865,0.0,False,,224,-32.0,-0.125,8.0,0.99609375,False,False,1
735,layer3.conv1,element,2,"(49, 3, 7)",0,0.0,False,0.865,0.0,False,,244,-192.0,-128.0,0.5849623680114746,0.3333333432674408,False,False,1
736,layer3.conv1,element,1,"(21, 17, 4)",0,0.0,False,0.865,0.0,False,,101,52.0,60.0,0.2064504623413086,0.1538461595773697,False,False,1
737,layer3.conv1,element,3,"(24, 15, 1)",0,0.0,False,0.865,0.0,False,,110,112.0,56.0,1.0,0.5,False,False,1
738,layer3.conv1,element,3,"(32, 29, 5)",0,0.0,False,0.865,0.0,False,,236,-96.0,-48.0,1.0,0.5,False,False,1
739,layer3.conv1,element,6,"(16, 32, 4)",0,0.0,False,0.865,0.0,False,,108,96.0,0.375,8.0,0.99609375,False,False,1
740,layer3.conv1,element,6,"(1, 6, 7)",0,0.0,False,0.865,0.0,False,,247,-240.0,-0.9375,8.0,0.99609375,False,False,1
741,layer3.conv1,element,3,"(25, 11, 2)",0,0.0,False,0.865,0.0,False,,245,-208.0,-416.0,0.9999995231628418,1.0,False,False,1
742,layer3.conv1,element,1,"(46, 12, 3)",0,0.0,False,0.865,0.0,False,,240,-128.0,-160.0,0.3219280242919922,0.25,False,False,1
743,layer3.conv1,element,7,"(16, 24, 4)",0,0.0,False,0.865,0.0,False,,119,240.0,-240.0,0.0,2.0,True,False,1
744,layer3.conv1,element,4,"(44, 14, 6)",0,0.0,False,0.865,0.0,False,,248,-256.0,-64.0,2.0,0.75,False,False,1
745,layer3.conv1,element,7,"(38, 12, 0)",1,0.005,True,0.87,-0.0050000000000000044,False,,116,192.0,-192.0,0.0,2.0,True,False,1
746,layer3.conv1,element,3,"(26, 34, 0)",0,0.0,False,0.865,0.0,False,,93,26.0,13.0,1.000000238418579,0.5,False,False,1
747,layer3.conv1,element,2,"(46, 15, 5)",0,0.0,False,0.865,0.0,False,,126,448.0,320.0,0.4854269027709961,0.2857142984867096,False,False,1
748,layer3.conv1,element,0,"(54, 17, 6)",0,0.0,False,0.865,0.0,False,,250,-320.0,-352.0,0.13750362396240234,0.10000000149011612,False,False,1
749,layer3.conv1,element,5,"(60, 32, 3)",0,0.0,False,0.865,0.0,False,,120,256.0,16.0,4.0,0.9375,False,False,1
750,layer3.conv1,element,3,"(48, 12, 5)",0,0.0,False,0.865,0.0,False,,108,96.0,48.0,1.0,0.5,False,False,1
751,layer3.conv1,element,2,"(5, 30, 5)",0,0.0,False,0.865,0.0,False,,246,-224.0,-160.0,0.4854269027709961,0.2857142984867096,False,False,1
752,layer3.conv2,element,6,"(28, 42, 3)",0,0.0,False,0.865,0.0,False,,104,64.0,0.25,8.0,0.99609375,False,False,1
753,layer3.conv2,element,2,"(8, 66, 7)",0,0.0,False,0.865,0.0,False,,112,128.0,192.0,0.5849623680114746,0.5,False,False,1
754,layer3.conv2,element,4,"(62, 11, 6)",0,0.0,False,0.865,0.0,False,,89,18.0,4.5,2.000000238418579,0.75,False,False,1
755,layer3.conv2,element,4,"(28, 1, 6)",0,0.0,False,0.865,0.0,False,,240,-128.0,-32.0,2.0,0.75,False,False,1
756,layer3.conv2,element,7,"(19, 15, 2)",0,0.0,False,0.865,0.0,False,,104,64.0,-64.0,0.0,2.0,True,False,1
757,layer3.conv2,element,5,"(38, 40, 1)",0,0.0,False,0.865,0.0,False,,119,240.0,15.0,3.999999761581421,0.9375,False,False,1
758,layer3.conv2,element,6,"(50, 61, 5)",0,0.0,False,0.865,0.0,False,,218,-20.0,-0.078125,8.0,0.99609375,False,False,1
759,layer3.conv2,element,0,"(59, 63, 1)",0,0.0,False,0.865,0.0,False,,242,-160.0,-176.0,0.13750362396240234,0.10000000149011612,False,False,1
760,layer3.conv2,element,6,"(43, 45, 5)",0,0.0,False,0.865,0.0,False,,242,-160.0,-0.625,8.0,0.99609375,False,False,1
761,layer3.conv2,element,3,"(9, 24, 2)",0,0.0,False,0.865,0.0,False,,100,48.0,96.0,1.0,1.0,False,False,1
762,layer3.conv2,element,0,"(26, 55, 2)",0,0.0,False,0.865,0.0,False,,233,-72.0,-64.0,0.16992521286010742,0.1111111119389534,False,False,1
763,layer3.conv2,element,0,"(45, 42, 4)",0,0.0,False,0.865,0.0,False,,114,160.0,176.0,0.13750362396240234,0.10000000149011612,False,False,1
764,layer3.conv2,element,5,"(52, 51, 1)",0,0.0,False,0.865,0.0,False,,108,96.0,6.0,3.999999761581421,0.9375,False,False,1
765,layer3.conv2,element,7,"(30, 30, 7)",0,0.0,False,0.865,0.0,False,,99,44.0,-44.0,0.0,2.0,True,False,1
766,layer3.conv2,element,1,"(54, 36, 6)",0,0.0,False,0.865,0.0,False,,109,104.0,120.0,0.2064504623413086,0.1538461595773697,False,False,1
767,layer3.conv2,element,2,"(8, 30, 7)",0,0.0,False,0.865,0.0,False,,116,192.0,128.0,0.5849623680114746,0.3333333432674408,False,False,1
768,layer3.conv2,element,2,"(21, 71, 1)",0,0.0,False,0.865,0.0,False,,118,224.0,160.0,0.4854269027709961,0.2857142984867096,False,False,1
769,layer3.conv2,element,7,"(62, 18, 0)",0,0.0,False,0.865,0.0,False,,121,288.0,-288.0,0.0,2.0,True,False,1
770,layer3.conv2,element,2,"(12, 41, 2)",0,0.0,False,0.865,0.0,False,,115,176.0,240.0,0.44745874404907227,0.3636363744735718,False,False,1
771,layer3.conv2,element,5,"(44, 38, 0)",0,0.0,False,0.865,0.0,False,,212,-12.0,-192.0,3.999999761581421,15.0,False,False,1
772,layer3.conv2,element,4,"(13, 37, 2)",0,0.0,False,0.865,0.0,False,,233,-72.0,-288.0,1.9999995231628418,3.0,False,False,1
773,layer3.conv2,element,3,"(8, 17, 6)",0,0.0,False,0.865,0.0,False,,246,-224.0,-448.0,1.0,1.0,False,False,1
774,layer3.conv2,element,5,"(10, 14, 6)",0,0.0,False,0.865,0.0,False,,241,-144.0,-9.0,4.0,0.9375,False,False,1
775,layer3.conv2,element,1,"(57, 69, 5)",0,0.0,False,0.865,0.0,False,,107,88.0,72.0,0.2895064353942871,0.1818181872367859,False,False,1
776,layer3.conv2,element,7,"(62, 53, 6)",0,0.0,False,0.865,0.0,False,,114,160.0,-160.0,0.0,2.0,True,False,1
777,layer3.conv2,element,7,"(6, 43, 0)",0,0.0,False,0.865,0.0,False,,116,192.0,-192.0,0.0,2.0,True,False,1
778,layer3.conv2,element,0,"(45, 23, 6)",0,0.0,False,0.865,0.0,False,,121,288.0,256.0,0.16992473602294922,0.1111111119389534,False,False,1
779,layer3.conv2,element,3,"(5, 66, 7)",0,0.0,False,0.865,0.0,False,,81,9.0,18.0,1.000000238418579,1.0,False,False,1
780,layer3.conv2,element,1,"(52, 32, 1)",0,0.0,False,0.865,0.0,False,,236,-96.0,-112.0,0.22239255905151367,0.1666666716337204,False,False,1
781,layer3.conv2,element,3,"(21, 15, 6)",0,0.0,False,0.865,0.0,False,,243,-176.0,-352.0,1.0,1.0,False,False,1
782,layer3.conv2,element,2,"(3, 0, 6)",0,0.0,False,0.865,0.0,False,,87,15.0,11.0,0.44745898246765137,0.2666666805744171,False,False,1
783,layer3.conv2,element,6,"(60, 2, 0)",2,0.01,True,0.855,0.010000000000000009,False,,120,256.0,1.0,8.0,0.99609375,False,False,1
784,layer3.conv2,element,6,"(58, 63, 7)",1,0.005,True,0.86,0.0050000000000000044,False,,118,224.0,0.875,8.0,0.99609375,False,False,1
785,layer3.conv2,element,2,"(2, 8, 1)",0,0.0,False,0.865,0.0,False,,64,2.0,3.0,0.5849624872207642,0.5,False,False,1
786,layer3.conv2,element,4,"(24, 68, 3)",0,0.0,False,0.865,0.0,False,,246,-224.0,-56.0,2.0,0.75,False,False,1
787,layer3.conv2,element,3,"(58, 55, 0)",0,0.0,False,0.865,0.0,False,,224,-32.0,-64.0,1.0,1.0,False,False,1
788,layer3.conv2,element,4,"(22, 31, 0)",1,0.005,True,0.86,0.0050000000000000044,False,,230,-56.0,-224.0,2.0,3.0,False,False,1
789,layer3.conv2,element,7,"(39, 10, 2)",0,0.0,False,0.865,0.0,False,,107,88.0,-88.0,0.0,2.0,True,False,1
790,layer3.conv2,element,6,"(55, 47, 5)",0,0.0,False,0.865,0.0,False,,116,192.0,0.75,8.0,0.99609375,False,False,1
791,layer3.conv2,element,0,"(4, 20, 7)",0,0.0,False,0.865,0.0,False,,250,-320.0,-352.0,0.13750362396240234,0.10000000149011612,False,False,1
792,layer3.conv2,element,5,"(31, 33, 4)",0,0.0,False,0.865,0.0,False,,250,-320.0,-20.0,4.0,0.9375,False,False,1
793,layer3.conv2,element,6,"(36, 28, 0)",1,0.005,True,0.86,0.0050000000000000044,False,,118,224.0,0.875,8.0,0.99609375,False,False,1
794,layer3.conv2,element,2,"(59, 10, 5)",0,0.0,False,0.865,0.0,False,,230,-56.0,-40.0,0.4854269027709961,0.2857142984867096,False,False,1
795,layer3.conv2,element,5,"(29, 26, 0)",0,0.0,False,0.865,0.0,False,,234,-80.0,-5.0,4.0,0.9375,False,False,1
796,layer3.conv2,element,0,"(53, 42, 7)",0,0.0,False,0.865,0.0,False,,122,320.0,352.0,0.13750362396240234,0.10000000149011612,False,False,1
797,layer3.conv2,element,0,"(36, 6, 6)",0,0.0,False,0.865,0.0,False,,206,-7.0,-7.5,0.09953570365905762,0.0714285746216774,False,False,1
798,layer3.conv2,element,3,"(27, 49, 2)",0,0.0,False,0.865,0.0,False,,84,12.0,24.0,0.9999997615814209,1.0,False,False,1
799,layer3.conv2,element,3,"(47, 13, 0)",0,0.0,False,0.865,0.0,False,,252,-384.0,-192.0,1.0000004768371582,0.5,False,False,1
800,layer3.conv2,element,7,"(54, 13, 0)",0,0.0,False,0.865,0.0,False,,118,224.0,-224.0,0.0,2.0,True,False,1
801,layer3.conv2,element,6,"(43, 31, 0)",2,0.01,True,0.865,0.0,False,,114,160.0,0.625,8.0,0.99609375,False,False,1
802,layer3.conv2,element,4,"(39, 43, 6)",0,0.0,False,0.865,0.0,False,,122,320.0,80.0,2.0,0.75,False,False,1
803,layer3.conv2,element,4,"(63, 59, 1)",0,0.0,False,0.865,0.0,False,,106,80.0,320.0,2.0,3.0,False,False,1
804,layer3.conv2,element,0,"(38, 40, 0)",0,0.0,False,0.865,0.0,False,,241,-144.0,-128.0,0.16992521286010742,0.1111111119389534,False,False,1
805,layer3.conv2,element,1,"(10, 1, 7)",0,0.0,False,0.865,0.0,False,,245,-208.0,-240.0,0.2064504623413086,0.1538461595773697,False,False,1
806,layer3.conv2,element,3,"(58, 60, 3)",200,1.0,True,0.0,0.865,True,,247,-240.0,,inf,inf,False,True,1
807,layer3.conv2,element,3,"(52, 1, 5)",0,0.0,False,0.865,0.0,False,,100,48.0,96.0,1.0,1.0,False,False,1
808,layer3.conv2,element,3,"(23, 49, 3)",1,0.005,True,0.86,0.0050000000000000044,False,,238,-112.0,-56.0,1.0,0.5,False,False,1
809,layer3.conv2,element,4,"(26, 22, 2)",1,0.005,True,0.86,0.0050000000000000044,False,,243,-176.0,-44.0,2.0,0.75,False,False,1
810,layer3.conv2,element,4,"(42, 41, 5)",0,0.0,False,0.865,0.0,False,,246,-224.0,-56.0,2.0,0.75,False,False,1
811,layer3.conv2,element,3,"(50, 9, 3)",0,0.0,False,0.865,0.0,False,,242,-160.0,-320.0,1.0,1.0,False,False,1
812,layer3.conv2,element,4,"(45, 1, 4)",0,0.0,False,0.865,0.0,False,,91,22.0,5.5,2.0,0.75,False,False,1
813,layer3.conv2,element,0,"(57, 5, 2)",0,0.0,False,0.865,0.0,False,,113,144.0,128.0,0.16992521286010742,0.1111111119389534,False,False,1
814,layer3.conv2,element,7,"(4, 36, 7)",0,0.0,False,0.865,0.0,False,,241,-144.0,144.0,0.0,2.0,True,False,1
815,layer3.conv2,element,4,"(63, 35, 1)",0,0.0,False,0.865,0.0,False,,244,-192.0,-48.0,2.0,0.75,False,False,1
816,layer3.conv2,element,2,"(31, 14, 6)",200,1.0,True,0.0,0.865,True,,123,352.0,,inf,inf,False,True,1
817,layer3.conv2,element,3,"(17, 1, 7)",0,0.0,False,0.865,0.0,False,,124,384.0,192.0,1.0000004768371582,0.5,False,False,1
818,layer3.conv2,element,3,"(13, 60, 0)",0,0.0,False,0.865,0.0,False,,250,-320.0,-160.0,1.0,0.5,False,False,1
819,layer3.conv2,element,2,"(28, 71, 1)",0,0.0,False,0.865,0.0,False,,105,72.0,104.0,0.5305147171020508,0.4444444477558136,False,False,1
820,layer3.conv2,element,4,"(19, 22, 5)",0,0.0,False,0.865,0.0,False,,214,-14.0,-3.5,2.0,0.75,False,False,1
821,layer3.conv2,element,7,"(60, 24, 2)",0,0.0,False,0.865,0.0,False,,250,-320.0,320.0,0.0,2.0,True,False,1
822,layer3.conv2,element,7,"(31, 60, 7)",0,0.0,False,0.865,0.0,False,,227,-44.0,44.0,0.0,2.0,True,False,1
823,layer3.conv2,element,1,"(60, 37, 7)",0,0.0,False,0.865,0.0,False,,80,8.0,10.0,0.3219280242919922,0.25,False,False,1
824,layer3.conv2,element,5,"(43, 4, 6)",1,0.005,True,0.86,0.0050000000000000044,False,,120,256.0,16.0,4.0,0.9375,False,False,1
825,layer3.conv2,element,6,"(23, 62, 1)",0,0.0,False,0.865,0.0,False,,122,320.0,1.25,8.0,0.99609375,False,False,1
826,layer3.conv2,element,3,"(25, 43, 5)",0,0.0,False,0.865,0.0,False,,222,-28.0,-14.0,1.0,0.5,False,False,1
827,layer3.conv2,element,5,"(60, 12, 3)",0,0.0,False,0.865,0.0,False,,94,28.0,448.0,4.0,15.0,False,False,1
828,layer3.conv2,element,6,"(42, 8, 2)",0,0.0,False,0.865,0.0,False,,98,40.0,0.15625,8.0,0.99609375,False,False,1
829,layer3.conv2,element,0,"(25, 70, 2)",0,0.0,False,0.865,0.0,False,,244,-192.0,-208.0,0.1154775619506836,0.0833333358168602,False,False,1
830,layer3.conv2,element,3,"(47, 64, 6)",0,0.0,False,0.865,0.0,False,,211,-11.0,-22.0,1.0,1.0,False,False,1
831,layer3.conv2,element,0,"(23, 70, 7)",0,0.0,False,0.865,0.0,False,,116,192.0,208.0,0.1154775619506836,0.0833333358168602,False,False,1
832,layer3.conv2,element,7,"(13, 66, 0)",0,0.0,False,0.865,0.0,False,,87,15.0,-15.0,0.0,2.0,True,False,1
833,layer3.conv2,element,4,"(48, 30, 4)",0,0.0,False,0.865,0.0,False,,234,-80.0,-320.0,2.0,3.0,False,False,1
834,layer3.conv2,element,2,"(5, 31, 5)",0,0.0,False,0.865,0.0,False,,249,-288.0,-416.0,0.5305147171020508,0.4444444477558136,False,False,1
835,layer3.conv2,element,0,"(30, 11, 2)",0,0.0,False,0.865,0.0,False,,120,256.0,288.0,0.16992473602294922,0.125,False,False,1
836,layer3.conv2,element,1,"(26, 24, 7)",0,0.0,False,0.865,0.0,False,,219,-22.0,-18.0,0.2895064353942871,0.1818181872367859,False,False,1
837,layer3.conv2,element,2,"(28, 49, 2)",0,0.0,False,0.865,0.0,False,,100,48.0,32.0,0.5849623680114746,0.3333333432674408,False,False,1
838,layer3.conv2,element,6,"(13, 44, 5)",1,0.005,True,0.87,-0.0050000000000000044,False,,252,-384.0,-1.5,8.0,0.99609375,False,False,1
839,layer3.conv2,element,7,"(24, 51, 1)",0,0.0,False,0.865,0.0,False,,68,3.0,-3.0,0.0,2.0,True,False,1
840,layer3.conv2,element,2,"(7, 64, 1)",0,0.0,False,0.865,0.0,False,,248,-256.0,-384.0,0.5849628448486328,0.5,False,False,1
841,layer3.conv2,element,2,"(27, 50, 2)",0,0.0,False,0.865,0.0,False,,238,-112.0,-80.0,0.4854269027709961,0.2857142984867096,False,False,1
842,layer3.conv2,element,6,"(47, 10, 2)",0,0.0,False,0.865,0.0,False,,248,-256.0,-1.0,8.0,0.99609375,False,False,1
843,layer3.conv2,element,0,"(8, 68, 2)",0,0.0,False,0.865,0.0,False,,118,224.0,240.0,0.09953546524047852,0.0714285746216774,False,False,1
844,layer3.conv2,element,4,"(9, 46, 4)",1,0.005,True,0.86,0.0050000000000000044,False,,122,320.0,80.0,2.0,0.75,False,False,1
845,layer3.conv2,element,4,"(3, 65, 2)",0,0.0,False,0.865,0.0,False,,125,416.0,104.0,1.9999995231628418,0.75,False,False,1
846,layer3.conv2,element,4,"(53, 18, 6)",0,0.0,False,0.865,0.0,False,,229,-52.0,-208.0,2.0,3.0,False,False,1
847,layer3.conv2,element,6,"(48, 18, 3)",0,0.0,False,0.865,0.0,False,,121,288.0,1.125,7.999999523162842,0.99609375,False,False,1
848,layer3.conv2,element,0,"(2, 57, 3)",0,0.0,False,0.865,0.0,False,,243,-176.0,-160.0,0.13750362396240234,0.09090909361839294,False,False,1
849,layer3.conv2,element,2,"(36, 9, 1)",0,0.0,False,0.865,0.0,False,,105,72.0,104.0,0.5305147171020508,0.4444444477558136,False,False,1
850,layer3.conv2,element,6,"(29, 71, 6)",0,0.0,False,0.865,0.0,False,,104,64.0,0.25,8.0,0.99609375,False,False,1
851,layer3.conv2,element,2,"(43, 0, 0)",0,0.0,False,0.865,0.0,False,,246,-224.0,-160.0,0.4854269027709961,0.2857142984867096,False,False,1
852,layer3.conv2,element,0,"(23, 67, 6)",0,0.0,False,0.865,0.0,False,,96,32.0,36.0,0.16992521286010742,0.125,False,False,1
853,layer3.conv2,element,3,"(51, 25, 1)",0,0.0,False,0.865,0.0,False,,229,-52.0,-104.0,1.0,1.0,False,False,1
854,layer3.conv2,element,7,"(32, 33, 0)",0,0.0,False,0.865,0.0,False,,99,44.0,-44.0,0.0,2.0,True,False,1
855,layer3.conv2,element,6,"(14, 52, 2)",0,0.0,False,0.865,0.0,False,,102,56.0,0.21875,8.0,0.99609375,False,False,1
856,layer3.conv2,element,7,"(32, 11, 7)",0,0.0,False,0.865,0.0,False,,87,15.0,-15.0,0.0,2.0,True,False,1
857,layer3.conv2,element,2,"(14, 69, 1)",0,0.0,False,0.865,0.0,False,,113,144.0,208.0,0.5305147171020508,0.4444444477558136,False,False,1
858,layer3.conv2,element,2,"(32, 10, 4)",0,0.0,False,0.865,0.0,False,,232,-64.0,-96.0,0.5849623680114746,0.5,False,False,1
859,layer3.conv2,element,1,"(17, 56, 4)",0,0.0,False,0.865,0.0,False,,245,-208.0,-240.0,0.2064504623413086,0.1538461595773697,False,False,1
860,layer3.conv2,element,1,"(27, 52, 4)",0,0.0,False,0.865,0.0,False,,115,176.0,144.0,0.2895064353942871,0.1818181872367859,False,False,1
861,layer3.conv2,element,2,"(19, 32, 3)",200,1.0,True,0.0,0.865,True,,251,-352.0,,inf,inf,False,True,1
862,layer3.conv2,element,7,"(33, 34, 3)",1,0.005,True,0.86,0.0050000000000000044,False,,235,-88.0,88.0,0.0,2.0,True,False,1
863,layer3.conv2,element,5,"(48, 49, 2)",0,0.0,False,0.865,0.0,False,,241,-144.0,-9.0,4.0,0.9375,False,False,1
864,layer3.conv2,element,3,"(44, 3, 2)",0,0.0,False,0.865,0.0,False,,101,52.0,104.0,1.0,1.0,False,False,1
865,layer3.conv2,element,3,"(23, 68, 1)",0,0.0,False,0.865,0.0,False,,108,96.0,48.0,1.0,0.5,False,False,1
866,layer3.conv2,element,0,"(31, 67, 4)",0,0.0,False,0.865,0.0,False,,93,26.0,24.0,0.1154775619506836,0.07692307978868484,False,False,1
867,layer3.conv2,element,3,"(20, 49, 2)",1,0.005,True,0.86,0.0050000000000000044,False,,122,320.0,160.0,1.0,0.5,False,False,1
868,layer3.conv2,element,3,"(19, 66, 7)",200,1.0,True,0.0,0.865,True,,247,-240.0,,inf,inf,False,True,1
869,layer3.conv2,element,6,"(40, 52, 0)",0,0.0,False,0.865,0.0,False,,121,288.0,1.125,7.999999523162842,0.99609375,False,False,1
870,layer3.conv2,element,1,"(50, 7, 4)",0,0.0,False,0.865,0.0,False,,100,48.0,56.0,0.22239255905151367,0.1666666716337204,False,False,1
871,layer3.conv2,element,6,"(11, 67, 5)",0,0.0,False,0.865,0.0,False,,235,-88.0,-0.34375,8.0,0.99609375,False,False,1
872,layer3.conv2,element,3,"(16, 25, 4)",0,0.0,False,0.865,0.0,False,,242,-160.0,-320.0,1.0,1.0,False,False,1
873,layer3.conv2,element,0,"(6, 58, 3)",200,1.0,True,0.0,0.865,True,,126,448.0,,inf,inf,False,True,1
874,layer3.conv2,element,5,"(63, 34, 6)",2,0.01,True,0.855,0.010000000000000009,False,,116,192.0,12.0,3.999999761581421,0.9375,False,False,1
875,layer3.conv2,element,4,"(44, 44, 3)",0,0.0,False,0.865,0.0,False,,235,-88.0,-352.0,2.0,3.0,False,False,1
876,layer3.conv2,element,7,"(10, 9, 3)",0,0.0,False,0.865,0.0,False,,233,-72.0,72.0,0.0,2.0,True,False,1
877,layer3.conv2,element,4,"(48, 29, 5)",0,0.0,False,0.865,0.0,False,,219,-22.0,-5.5,2.0,0.75,False,False,1
878,layer3.conv2,element,6,"(19, 41, 6)",0,0.0,False,0.865,0.0,False,,234,-80.0,-0.3125,8.0,0.99609375,False,False,1
879,layer3.conv2,element,1,"(18, 69, 5)",0,0.0,False,0.865,0.0,False,,105,72.0,88.0,0.2895064353942871,0.2222222238779068,False,False,1
880,layer3.conv2,element,1,"(31, 19, 1)",0,0.0,False,0.865,0.0,False,,98,40.0,32.0,0.3219280242919922,0.20000000298023224,False,False,1
881,layer3.conv2,element,5,"(40, 50, 7)",0,0.0,False,0.865,0.0,False,,110,112.0,7.0,4.0,0.9375,False,False,1
882,layer3.conv2,element,3,"(42, 10, 7)",0,0.0,False,0.865,0.0,False,,111,120.0,60.0,1.0,0.5,False,False,1
883,layer3.conv2,element,6,"(2, 13, 0)",0,0.0,False,0.865,0.0,False,,120,256.0,1.0,8.0,0.99609375,False,False,1
884,layer3.conv2,element,3,"(47, 31, 5)",0,0.0,False,0.865,0.0,False,,115,176.0,352.0,1.0,1.0,False,False,1
885,layer3.conv2,element,6,"(25, 63, 0)",0,0.0,False,0.865,0.0,False,,117,208.0,0.8125,8.0,0.99609375,False,False,1
886,layer3.conv2,element,7,"(58, 43, 4)",0,0.0,False,0.865,0.0,False,,56,1.0,-1.0,0.0,2.0,True,False,1
887,layer3.conv2,element,7,"(36, 71, 1)",1,0.005,True,0.86,0.0050000000000000044,False,,114,160.0,-160.0,0.0,2.0,True,False,1
888,layer3.conv2,element,0,"(59, 65, 4)",0,0.0,False,0.865,0.0,False,,99,44.0,40.0,0.13750362396240234,0.09090909361839294,False,False,1
889,layer3.conv2,element,7,"(16, 15, 6)",0,0.0,False,0.865,0.0,False,,241,-144.0,144.0,0.0,2.0,True,False,1
890,layer3.conv2,element,4,"(42, 33, 2)",0,0.0,False,0.865,0.0,False,,234,-80.0,-320.0,2.0,3.0,False,False,1
891,layer3.conv2,element,2,"(22, 20, 4)",0,0.0,False,0.865,0.0,False,,241,-144.0,-208.0,0.5305147171020508,0.4444444477558136,False,False,1
892,layer3.conv2,element,7,"(54, 69, 0)",0,0.0,False,0.865,0.0,False,,240,-128.0,128.0,0.0,2.0,True,False,1
893,layer3.conv2,element,1,"(39, 0, 6)",0,0.0,False,0.865,0.0,False,,104,64.0,80.0,0.3219280242919922,0.25,False,False,1
894,layer3.conv2,element,3,"(48, 10, 3)",0,0.0,False,0.865,0.0,False,,123,352.0,176.0,1.0,0.5,False,False,1
895,layer3.conv2,element,6,"(37, 54, 1)",1,0.005,True,0.86,0.0050000000000000044,False,,250,-320.0,-1.25,8.0,0.99609375,False,False,1
896,layer3.conv2,element,2,"(48, 62, 6)",0,0.0,False,0.865,0.0,False,,209,-9.0,-13.0,0.5305147171020508,0.4444444477558136,False,False,1
897,layer3.conv2,element,7,"(9, 62, 4)",0,0.0,False,0.865,0.0,False,,244,-192.0,192.0,0.0,2.0,True,False,1
898,layer3.conv2,element,4,"(14, 44, 2)",0,0.0,False,0.865,0.0,False,,113,144.0,36.0,2.0,0.75,False,False,1
899,layer3.conv2,element,4,"(45, 15, 7)",0,0.0,False,0.865,0.0,False,,238,-112.0,-448.0,2.0,3.0,False,False,1
900,layer3.conv2,element,2,"(11, 57, 0)",0,0.0,False,0.865,0.0,False,,118,224.0,160.0,0.4854269027709961,0.2857142984867096,False,False,1
901,layer3.conv2,element,1,"(5, 8, 6)",0,0.0,False,0.865,0.0,False,,122,320.0,256.0,0.3219280242919922,0.20000000298023224,False,False,1
902,layer3.conv2,element,7,"(35, 55, 1)",2,0.01,True,0.855,0.010000000000000009,False,,113,144.0,-144.0,0.0,2.0,True,False,1
903,layer3.conv2,element,0,"(62, 4, 3)",0,0.0,False,0.865,0.0,False,,252,-384.0,-416.0,0.11547660827636719,0.0833333358168602,False,False,1
904,layer3.conv2,element,0,"(19, 61, 2)",0,0.0,False,0.865,0.0,False,,113,144.0,128.0,0.16992521286010742,0.1111111119389534,False,False,1
905,layer3.conv2,element,0,"(12, 68, 3)",0,0.0,False,0.865,0.0,False,,117,208.0,192.0,0.1154775619506836,0.07692307978868484,False,False,1
906,layer3.conv2,element,1,"(46, 30, 1)",0,0.0,False,0.865,0.0,False,,118,224.0,192.0,0.22239255905151367,0.1428571492433548,False,False,1
907,layer3.conv2,element,5,"(16, 16, 2)",0,0.0,False,0.865,0.0,False,,244,-192.0,-12.0,3.999999761581421,0.9375,False,False,1
908,layer3.conv2,element,0,"(49, 45, 3)",0,0.0,False,0.865,0.0,False,,251,-352.0,-320.0,0.13750362396240234,0.09090909361839294,False,False,1
909,layer3.conv2,element,1,"(12, 58, 7)",0,0.0,False,0.865,0.0,False,,237,-104.0,-120.0,0.2064504623413086,0.1538461595773697,False,False,1
910,layer3.conv2,element,5,"(12, 6, 6)",0,0.0,False,0.865,0.0,False,,111,120.0,7.5,3.999999761581421,0.9375,False,False,1
911,layer3.conv2,element,0,"(63, 32, 6)",0,0.0,False,0.865,0.0,False,,209,-9.0,-8.0,0.16992497444152832,0.1111111119389534,False,False,1
912,layer3.conv2,element,2,"(38, 22, 3)",0,0.0,False,0.865,0.0,False,,114,160.0,224.0,0.4854269027709961,0.4000000059604645,False,False,1
913,layer3.conv2,element,6,"(18, 24, 5)",0,0.0,False,0.865,0.0,False,,232,-64.0,-0.25,8.0,0.99609375,False,False,1
914,layer3.conv2,element,7,"(28, 61, 6)",0,0.0,False,0.865,0.0,False,,246,-224.0,224.0,0.0,2.0,True,False,1
915,layer3.conv2,element,3,"(38, 53, 1)",0,0.0,False,0.865,0.0,False,,115,176.0,352.0,1.0,1.0,False,False,1
916,layer3.conv2,element,7,"(2, 68, 7)",1,0.005,True,0.86,0.0050000000000000044,False,,109,104.0,-104.0,0.0,2.0,True,False,1
917,layer3.conv2,element,7,"(63, 28, 6)",0,0.0,False,0.865,0.0,False,,114,160.0,-160.0,0.0,2.0,True,False,1
918,layer3.conv2,element,7,"(30, 46, 0)",0,0.0,False,0.865,0.0,False,,224,-32.0,32.0,0.0,2.0,True,False,1
919,layer3.conv2,element,1,"(60, 57, 7)",0,0.0,False,0.865,0.0,False,,114,160.0,128.0,0.3219280242919922,0.20000000298023224,False,False,1
920,layer3.conv2,element,2,"(50, 42, 7)",0,0.0,False,0.865,0.0,False,,119,240.0,176.0,0.44745874404907227,0.2666666805744171,False,False,1
921,layer3.conv2,element,5,"(2, 51, 1)",0,0.0,False,0.865,0.0,False,,97,36.0,2.25,4.0,0.9375,False,False,1
922,layer3.conv2,element,0,"(51, 16, 7)",0,0.0,False,0.865,0.0,False,,248,-256.0,-288.0,0.16992473602294922,0.125,False,False,1
923,layer3.conv2,element,2,"(33, 25, 4)",1,0.005,True,0.86,0.0050000000000000044,False,,121,288.0,416.0,0.5305147171020508,0.4444444477558136,False,False,1
924,layer3.conv2,element,3,"(56, 32, 1)",0,0.0,False,0.865,0.0,False,,97,36.0,72.0,1.0,1.0,False,False,1
925,layer3.conv2,element,7,"(38, 34, 6)",0,0.0,False,0.865,0.0,False,,113,144.0,-144.0,0.0,2.0,True,False,1
926,layer3.conv2,element,7,"(17, 61, 5)",1,0.005,True,0.86,0.0050000000000000044,False,,119,240.0,-240.0,0.0,2.0,True,False,1
927,layer3.conv2,element,2,"(44, 68, 5)",0,0.0,False,0.865,0.0,False,,101,52.0,36.0,0.5305147171020508,0.3076923191547394,False,False,1
928,layer3.conv2,element,6,"(18, 21, 2)",0,0.0,False,0.865,0.0,False,,242,-160.0,-0.625,8.0,0.99609375,False,False,1
929,layer3.conv2,element,4,"(21, 35, 6)",0,0.0,False,0.865,0.0,False,,120,256.0,64.0,2.0,0.75,False,False,1
930,layer3.conv2,element,0,"(37, 48, 3)",0,0.0,False,0.865,0.0,False,,246,-224.0,-240.0,0.09953546524047852,0.0714285746216774,False,False,1
931,layer3.conv2,element,3,"(20, 71, 0)",0,0.0,False,0.865,0.0,False,,243,-176.0,-352.0,1.0,1.0,False,False,1
932,layer3.conv2,element,5,"(59, 58, 3)",0,0.0,False,0.865,0.0,False,,75,5.5,88.0,4.0,15.0,False,False,1
933,layer3.conv2,element,5,"(0, 19, 5)",0,0.0,False,0.865,0.0,False,,228,-48.0,-3.0,4.0,0.9375,False,False,1
934,layer3.conv2,element,7,"(24, 44, 1)",1,0.005,True,0.86,0.0050000000000000044,False,,118,224.0,-224.0,0.0,2.0,True,False,1
935,layer3.conv2,element,5,"(2, 18, 2)",0,0.0,False,0.865,0.0,False,,123,352.0,22.0,4.0,0.9375,False,False,1
936,layer3.conv2,element,7,"(46, 3, 2)",0,0.0,False,0.865,0.0,False,,249,-288.0,288.0,0.0,2.0,True,False,1
937,layer3.conv2,element,3,"(35, 14, 5)",0,0.0,False,0.865,0.0,False,,97,36.0,72.0,1.0,1.0,False,False,1
938,layer3.conv2,element,5,"(9, 37, 0)",0,0.0,False,0.865,0.0,False,,122,320.0,20.0,4.0,0.9375,False,False,1
939,layer3.conv2,element,4,"(4, 61, 5)",0,0.0,False,0.865,0.0,False,,123,352.0,88.0,2.0,0.75,False,False,1
940,layer3.conv2,element,6,"(47, 51, 0)",0,0.0,False,0.865,0.0,False,,236,-96.0,-0.375,8.0,0.99609375,False,False,1
941,layer3.conv2,element,7,"(12, 69, 0)",1,0.005,True,0.87,-0.0050000000000000044,False,,114,160.0,-160.0,0.0,2.0,True,False,1
942,layer3.conv2,element,6,"(53, 64, 2)",0,0.0,False,0.865,0.0,False,,120,256.0,1.0,8.0,0.99609375,False,False,1
943,layer3.conv2,element,7,"(21, 23, 5)",0,0.0,False,0.865,0.0,False,,233,-72.0,72.0,0.0,2.0,True,False,1
944,layer3.conv2,element,2,"(35, 9, 6)",0,0.0,False,0.865,0.0,False,,227,-44.0,-60.0,0.44745874404907227,0.3636363744735718,False,False,1
945,layer3.conv2,element,7,"(4, 36, 5)",0,0.0,False,0.865,0.0,False,,59,1.375,-1.375,0.0,2.0,True,False,1
946,layer3.conv2,element,0,"(32, 35, 7)",0,0.0,False,0.865,0.0,False,,241,-144.0,-128.0,0.16992521286010742,0.1111111119389534,False,False,1
947,layer3.conv2,element,2,"(1, 70, 1)",0,0.0,False,0.865,0.0,False,,102,56.0,40.0,0.4854269027709961,0.2857142984867096,False,False,1
948,layer3.conv2,element,5,"(14, 20, 6)",0,0.0,False,0.865,0.0,False,,243,-176.0,-11.0,4.0,0.9375,False,False,1
949,layer3.conv2,element,4,"(59, 23, 1)",0,0.0,False,0.865,0.0,False,,238,-112.0,-448.0,2.0,3.0,False,False,1
950,layer3.conv2,element,1,"(62, 40, 0)",0,0.0,False,0.865,0.0,False,,244,-192.0,-224.0,0.22239255905151367,0.1666666716337204,False,False,1
951,layer3.conv2,element,5,"(27, 61, 3)",0,0.0,False,0.865,0.0,False,,100,48.0,3.0,4.0,0.9375,False,False,1
952,layer3.conv2,element,3,"(58, 9, 2)",0,0.0,False,0.865,0.0,False,,108,96.0,48.0,1.0,0.5,False,False,1
953,layer3.conv2,element,6,"(13, 8, 0)",0,0.0,False,0.865,0.0,False,,228,-48.0,-0.1875,8.0,0.99609375,False,False,1
954,layer3.conv2,element,7,"(37, 40, 5)",0,0.0,False,0.865,0.0,False,,243,-176.0,176.0,0.0,2.0,True,False,1
955,layer3.conv2,element,1,"(45, 24, 4)",0,0.0,False,0.865,0.0,False,,99,44.0,36.0,0.2895064353942871,0.1818181872367859,False,False,1
956,layer3.conv2,element,4,"(56, 70, 1)",0,0.0,False,0.865,0.0,False,,93,26.0,6.5,2.000000238418579,0.75,False,False,1
957,layer3.conv2,element,0,"(0, 43, 4)",0,0.0,False,0.865,0.0,False,,241,-144.0,-128.0,0.16992521286010742,0.1111111119389534,False,False,1
958,layer3.conv2,element,4,"(38, 4, 5)",0,0.0,False,0.865,0.0,False,,242,-160.0,-40.0,2.0,0.75,False,False,1
959,layer3.conv2,element,6,"(15, 49, 0)",0,0.0,False,0.865,0.0,False,,104,64.0,0.25,8.0,0.99609375,False,False,1
960,layer3.conv2,element,7,"(24, 54, 7)",0,0.0,False,0.865,0.0,False,,248,-256.0,256.0,0.0,2.0,True,False,1
961,layer3.conv2,element,6,"(61, 35, 1)",0,0.0,False,0.865,0.0,False,,238,-112.0,-0.4375,8.0,0.99609375,False,False,1
962,layer3.conv2,element,2,"(41, 58, 4)",0,0.0,False,0.865,0.0,False,,235,-88.0,-120.0,0.44745874404907227,0.3636363744735718,False,False,1
963,layer3.conv2,element,3,"(57, 32, 4)",0,0.0,False,0.865,0.0,False,,227,-44.0,-88.0,1.0,1.0,False,False,1
964,layer3.conv2,element,7,"(12, 14, 0)",1,0.005,True,0.86,0.0050000000000000044,False,,245,-208.0,208.0,0.0,2.0,True,False,1
965,layer3.conv2,element,6,"(40, 50, 2)",0,0.0,False,0.865,0.0,False,,105,72.0,0.28125,8.0,0.99609375,False,False,1
966,layer3.conv2,element,7,"(59, 20, 5)",0,0.0,False,0.865,0.0,False,,234,-80.0,80.0,0.0,2.0,True,False,1
967,layer3.conv2,element,1,"(5, 69, 3)",0,0.0,False,0.865,0.0,False,,245,-208.0,-240.0,0.2064504623413086,0.1538461595773697,False,False,1
968,layer3.conv2,element,2,"(55, 63, 6)",0,0.0,False,0.865,0.0,False,,118,224.0,160.0,0.4854269027709961,0.2857142984867096,False,False,1
969,layer3.conv2,element,6,"(20, 25, 4)",1,0.005,True,0.86,0.0050000000000000044,False,,109,104.0,0.40625,8.0,0.99609375,False,False,1
970,layer3.conv2,element,2,"(26, 68, 6)",0,0.0,False,0.865,0.0,False,,126,448.0,320.0,0.4854269027709961,0.2857142984867096,False,False,1
971,layer3.conv2,element,6,"(1, 56, 5)",0,0.0,False,0.865,0.0,False,,118,224.0,0.875,8.0,0.99609375,False,False,1
972,layer3.conv2,element,1,"(53, 46, 6)",0,0.0,False,0.865,0.0,False,,239,-120.0,-104.0,0.2064504623413086,0.13333334028720856,False,False,1
973,layer3.conv2,element,0,"(14, 2, 0)",0,0.0,False,0.865,0.0,False,,121,288.0,256.0,0.16992473602294922,0.1111111119389534,False,False,1
974,layer3.conv2,element,7,"(63, 32, 3)",1,0.005,True,0.86,0.0050000000000000044,False,,111,120.0,-120.0,0.0,2.0,True,False,1
975,layer3.conv2,element,2,"(1, 45, 1)",1,0.005,True,0.87,-0.0050000000000000044,False,,121,288.0,416.0,0.5305147171020508,0.4444444477558136,False,False,1
976,layer3.conv2,element,1,"(7, 0, 2)",0,0.0,False,0.865,0.0,False,,104,64.0,80.0,0.3219280242919922,0.25,False,False,1
977,layer3.conv2,element,2,"(8, 5, 2)",0,0.0,False,0.865,0.0,False,,109,104.0,72.0,0.5305147171020508,0.3076923191547394,False,False,1
978,layer3.conv2,element,0,"(43, 30, 6)",0,0.0,False,0.865,0.0,False,,77,6.5,6.0,0.11547708511352539,0.07692307978868484,False,False,1
979,layer3.conv2,element,6,"(40, 37, 6)",0,0.0,False,0.865,0.0,False,,84,12.0,0.046875,8.0,0.99609375,False,False,1
980,layer3.conv2,element,7,"(13, 9, 0)",0,0.0,False,0.865,0.0,False,,228,-48.0,48.0,0.0,2.0,True,False,1
981,layer3.conv2,element,0,"(6, 30, 6)",0,0.0,False,0.865,0.0,False,,119,240.0,224.0,0.09953546524047852,0.06666667014360428,False,False,1
982,layer3.conv2,element,4,"(16, 55, 4)",0,0.0,False,0.865,0.0,False,,230,-56.0,-224.0,2.0,3.0,False,False,1
983,layer3.conv2,element,2,"(9, 69, 6)",0,0.0,False,0.865,0.0,False,,101,52.0,36.0,0.5305147171020508,0.3076923191547394,False,False,1
984,layer3.conv2,element,5,"(45, 59, 5)",0,0.0,False,0.865,0.0,False,,224,-32.0,-2.0,4.0,0.9375,False,False,1
985,layer3.conv2,element,5,"(57, 56, 1)",1,0.005,True,0.86,0.0050000000000000044,False,,252,-384.0,-24.0,4.000000476837158,0.9375,False,False,1
986,layer3.conv2,element,5,"(27, 29, 7)",2,0.01,True,0.855,0.010000000000000009,False,,218,-20.0,-320.0,4.0,15.0,False,False,1
987,layer3.conv2,element,0,"(21, 33, 6)",0,0.0,False,0.865,0.0,False,,248,-256.0,-288.0,0.16992473602294922,0.125,False,False,1
988,layer3.conv2,element,0,"(33, 35, 3)",0,0.0,False,0.865,0.0,False,,238,-112.0,-120.0,0.09953546524047852,0.0714285746216774,False,False,1
989,layer3.conv2,element,7,"(21, 22, 3)",0,0.0,False,0.865,0.0,False,,248,-256.0,256.0,0.0,2.0,True,False,1
990,layer3.conv2,element,0,"(11, 44, 0)",0,0.0,False,0.865,0.0,False,,251,-352.0,-320.0,0.13750362396240234,0.09090909361839294,False,False,1
991,layer3.conv2,element,4,"(5, 38, 6)",0,0.0,False,0.865,0.0,False,,107,88.0,352.0,2.0,3.0,False,False,1
992,layer3.conv2,element,3,"(41, 48, 6)",1,0.005,True,0.86,0.0050000000000000044,False,,100,48.0,96.0,1.0,1.0,False,False,1
993,layer3.conv2,element,3,"(50, 67, 5)",0,0.0,False,0.865,0.0,False,,213,-13.0,-26.0,1.000000238418579,1.0,False,False,1
994,layer3.conv2,element,0,"(33, 19, 5)",0,0.0,False,0.865,0.0,False,,241,-144.0,-128.0,0.16992521286010742,0.1111111119389534,False,False,1
995,layer3.conv2,element,1,"(43, 20, 5)",0,0.0,False,0.865,0.0,False,,109,104.0,120.0,0.2064504623413086,0.1538461595773697,False,False,1
996,layer3.conv2,element,4,"(7, 31, 4)",0,0.0,False,0.865,0.0,False,,113,144.0,36.0,2.0,0.75,False,False,1
997,layer3.conv2,element,0,"(35, 1, 1)",0,0.0,False,0.865,0.0,False,,249,-288.0,-256.0,0.16992473602294922,0.1111111119389534,False,False,1
998,layer3.conv2,element,5,"(43, 1, 1)",0,0.0,False,0.865,0.0,False,,114,160.0,10.0,4.0,0.9375,False,False,1
999,layer3.conv2,element,6,"(39, 39, 2)",1,0.005,True,0.87,-0.0050000000000000044,False,,124,384.0,1.5,8.0,0.99609375,False,False,1
1000,layer3.conv2,element,5,"(1, 41, 6)",0,0.0,False,0.865,0.0,False,,109,104.0,6.5,4.0,0.9375,False,False,1
1001,layer3.conv2,element,6,"(6, 30, 4)",1,0.005,True,0.86,0.0050000000000000044,False,,228,-48.0,-0.1875,8.0,0.99609375,False,False,1
1002,layer3.conv2,element,4,"(63, 4, 5)",1,0.005,True,0.86,0.0050000000000000044,False,,116,192.0,48.0,2.0,0.75,False,False,1
1003,layer3.conv2,element,5,"(16, 47, 3)",0,0.0,False,0.865,0.0,False,,126,448.0,28.0,4.0,0.9375,False,False,1
1004,layer3.conv2,element,0,"(14, 58, 7)",0,0.0,False,0.865,0.0,False,,226,-40.0,-44.0,0.13750362396240234,0.10000000149011612,False,False,1
1005,layer3.conv2,element,4,"(37, 25, 3)",0,0.0,False,0.865,0.0,False,,250,-320.0,-80.0,2.0,0.75,False,False,1
1006,layer3.conv2,element,1,"(46, 66, 4)",0,0.0,False,0.865,0.0,False,,109,104.0,120.0,0.2064504623413086,0.1538461595773697,False,False,1
1007,layer3.conv2,element,1,"(60, 67, 7)",0,0.0,False,0.865,0.0,False,,67,2.75,2.25,0.2895066738128662,0.1818181872367859,False,False,1
1008,layer3.conv2,element,7,"(47, 42, 2)",0,0.0,False,0.865,0.0,False,,240,-128.0,128.0,0.0,2.0,True,False,1
1009,layer3.conv2,element,6,"(52, 21, 2)",0,0.0,False,0.865,0.0,False,,94,28.0,0.109375,8.0,0.99609375,False,False,1
1010,layer3.conv2,element,0,"(58, 50, 2)",0,0.0,False,0.865,0.0,False,,231,-60.0,-56.0,0.09953546524047852,0.06666667014360428,False,False,1
1011,layer3.conv2,element,7,"(41, 0, 3)",1,0.005,True,0.86,0.0050000000000000044,False,,253,-416.0,416.0,0.0,2.0,True,False,1
1012,layer3.conv2,element,4,"(38, 53, 6)",0,0.0,False,0.865,0.0,False,,240,-128.0,-32.0,2.0,0.75,False,False,1
1013,layer3.conv2,element,4,"(33, 14, 5)",0,0.0,False,0.865,0.0,False,,235,-88.0,-352.0,2.0,3.0,False,False,1
1014,layer3.conv2,element,0,"(13, 10, 3)",0,0.0,False,0.865,0.0,False,,242,-160.0,-176.0,0.13750362396240234,0.10000000149011612,False,False,1
1015,layer3.conv2,element,7,"(0, 69, 5)",0,0.0,False,0.865,0.0,False,,228,-48.0,48.0,0.0,2.0,True,False,1
1016,layer3.conv2,element,7,"(7, 61, 0)",0,0.0,False,0.865,0.0,False,,90,20.0,-20.0,0.0,2.0,True,False,1
1017,layer3.conv2,element,6,"(57, 0, 3)",0,0.0,False,0.865,0.0,False,,91,22.0,0.0859375,8.0,0.99609375,False,False,1
1018,layer3.conv2,element,1,"(19, 42, 6)",0,0.0,False,0.865,0.0,False,,110,112.0,96.0,0.22239255905151367,0.1428571492433548,False,False,1
1019,layer3.conv2,element,4,"(4, 20, 0)",0,0.0,False,0.865,0.0,False,,104,64.0,256.0,2.0,3.0,False,False,1
1020,layer3.conv2,element,3,"(8, 67, 6)",0,0.0,False,0.865,0.0,False,,69,3.25,6.5,1.0,1.0,False,False,1
1021,layer3.conv2,element,3,"(8, 18, 6)",200,1.0,True,0.0,0.865,True,,119,240.0,,inf,inf,False,True,1
1022,layer3.conv2,element,4,"(24, 0, 0)",0,0.0,False,0.865,0.0,False,,120,256.0,64.0,2.0,0.75,False,False,1
1023,layer3.conv2,element,5,"(44, 25, 5)",0,0.0,False,0.865,0.0,False,,120,256.0,16.0,4.0,0.9375,False,False,1
1024,layer3.conv2,element,5,"(51, 41, 2)",0,0.0,False,0.865,0.0,False,,249,-288.0,-18.0,3.999999523162842,0.9375,False,False,1
1025,layer3.conv2,element,1,"(51, 70, 2)",0,0.0,False,0.865,0.0,False,,106,80.0,64.0,0.3219280242919922,0.20000000298023224,False,False,1
1026,layer3.conv2,element,7,"(61, 24, 6)",2,0.01,True,0.875,-0.010000000000000009,False,,250,-320.0,320.0,0.0,2.0,True,False,1
1027,layer3.conv2,element,3,"(50, 24, 3)",200,1.0,True,0.0,0.865,True,,119,240.0,,inf,inf,False,True,1
1028,layer3.conv2,element,5,"(16, 65, 0)",0,0.0,False,0.865,0.0,False,,224,-32.0,-2.0,4.0,0.9375,False,False,1
1029,layer3.conv2,element,6,"(28, 68, 5)",0,0.0,False,0.865,0.0,False,,103,60.0,0.234375,8.0,0.99609375,False,False,1
1030,layer3.conv2,element,2,"(41, 31, 6)",0,0.0,False,0.865,0.0,False,,114,160.0,224.0,0.4854269027709961,0.4000000059604645,False,False,1
1031,layer3.conv2,element,6,"(11, 23, 6)",0,0.0,False,0.865,0.0,False,,125,416.0,1.625,8.0,0.99609375,False,False,1
1032,layer3.conv2,element,0,"(43, 69, 5)",0,0.0,False,0.865,0.0,False,,229,-52.0,-48.0,0.1154775619506836,0.07692307978868484,False,False,1
1033,layer3.conv2,element,2,"(2, 18, 5)",0,0.0,False,0.865,0.0,False,,121,288.0,416.0,0.5305147171020508,0.4444444477558136,False,False,1
1034,layer3.conv2,element,5,"(14, 28, 3)",1,0.005,True,0.87,-0.0050000000000000044,False,,251,-352.0,-22.0,4.0,0.9375,False,False,1
1035,layer3.conv2,element,6,"(54, 35, 1)",0,0.0,False,0.865,0.0,False,,243,-176.0,-0.6875,8.0,0.99609375,False,False,1
1036,layer3.conv2,element,7,"(20, 28, 7)",1,0.005,True,0.86,0.0050000000000000044,False,,114,160.0,-160.0,0.0,2.0,True,False,1
1037,layer3.conv2,element,3,"(62, 41, 1)",0,0.0,False,0.865,0.0,False,,122,320.0,160.0,1.0,0.5,False,False,1
1038,layer3.conv2,element,0,"(53, 51, 7)",0,0.0,False,0.865,0.0,False,,249,-288.0,-256.0,0.16992473602294922,0.1111111119389534,False,False,1
1039,layer3.conv2,element,3,"(15, 44, 7)",0,0.0,False,0.865,0.0,False,,121,288.0,144.0,0.9999995231628418,0.5,False,False,1
1040,layer3.conv2,element,6,"(58, 66, 5)",0,0.0,False,0.865,0.0,False,,248,-256.0,-1.0,8.0,0.99609375,False,False,1
1041,layer3.conv2,element,0,"(55, 30, 7)",0,0.0,False,0.865,0.0,False,,196,-3.0,-3.25,0.11547720432281494,0.0833333358168602,False,False,1
1042,layer3.conv2,element,1,"(62, 65, 5)",0,0.0,False,0.865,0.0,False,,120,256.0,320.0,0.3219280242919922,0.25,False,False,1
1043,layer3.conv2,element,3,"(25, 54, 6)",0,0.0,False,0.865,0.0,False,,113,144.0,288.0,0.9999995231628418,1.0,False,False,1
1044,layer3.conv2,element,3,"(58, 5, 2)",0,0.0,False,0.865,0.0,False,,248,-256.0,-128.0,1.0,0.5,False,False,1
1045,layer3.conv2,element,3,"(19, 66, 5)",0,0.0,False,0.865,0.0,False,,234,-80.0,-40.0,1.0,0.5,False,False,1
1046,layer3.conv2,element,4,"(22, 55, 7)",0,0.0,False,0.865,0.0,False,,240,-128.0,-32.0,2.0,0.75,False,False,1
1047,layer3.conv2,element,4,"(32, 23, 6)",0,0.0,False,0.865,0.0,False,,121,288.0,72.0,1.9999995231628418,0.75,False,False,1
1048,layer3.conv2,element,4,"(23, 9, 5)",0,0.0,False,0.865,0.0,False,,226,-40.0,-160.0,2.0,3.0,False,False,1
1049,layer3.conv2,element,3,"(0, 37, 5)",0,0.0,False,0.865,0.0,False,,246,-224.0,-448.0,1.0,1.0,False,False,1
1050,layer3.conv2,element,7,"(45, 69, 2)",0,0.0,False,0.865,0.0,False,,116,192.0,-192.0,0.0,2.0,True,False,1
1051,layer3.conv2,element,3,"(28, 24, 0)",0,0.0,False,0.865,0.0,False,,215,-15.0,-30.0,0.9999997615814209,1.0,False,False,1
1052,layer3.conv2,element,5,"(52, 22, 5)",1,0.005,True,0.87,-0.0050000000000000044,False,,125,416.0,26.0,3.999999523162842,0.9375,False,False,1
1053,layer3.conv2,element,5,"(12, 55, 4)",1,0.005,True,0.86,0.0050000000000000044,False,,243,-176.0,-11.0,4.0,0.9375,False,False,1
1054,layer3.conv2,element,3,"(14, 37, 0)",0,0.0,False,0.865,0.0,False,,103,60.0,120.0,1.0,1.0,False,False,1
1055,layer3.conv2,element,5,"(45, 43, 0)",1,0.005,True,0.87,-0.0050000000000000044,False,,252,-384.0,-24.0,4.000000476837158,0.9375,False,False,1
1056,layer3.conv2,element,5,"(44, 50, 3)",0,0.0,False,0.865,0.0,False,,242,-160.0,-10.0,4.0,0.9375,False,False,1
1057,layer3.conv2,element,3,"(32, 11, 6)",1,0.005,True,0.86,0.0050000000000000044,False,,236,-96.0,-48.0,1.0,0.5,False,False,1
1058,layer3.conv2,element,3,"(38, 37, 3)",0,0.0,False,0.865,0.0,False,,68,3.0,6.0,1.0000001192092896,1.0,False,False,1
1059,layer3.conv2,element,4,"(55, 43, 5)",0,0.0,False,0.865,0.0,False,,240,-128.0,-32.0,2.0,0.75,False,False,1
1060,layer3.conv2,element,3,"(56, 19, 1)",0,0.0,False,0.865,0.0,False,,94,28.0,14.0,1.0,0.5,False,False,1
1061,layer3.conv2,element,6,"(57, 27, 6)",1,0.005,True,0.86,0.0050000000000000044,False,,241,-144.0,-0.5625,8.0,0.99609375,False,False,1
1062,layer3.conv2,element,2,"(63, 37, 6)",0,0.0,False,0.865,0.0,False,,105,72.0,104.0,0.5305147171020508,0.4444444477558136,False,False,1
1063,layer3.conv2,element,0,"(20, 19, 5)",0,0.0,False,0.865,0.0,False,,115,176.0,160.0,0.13750362396240234,0.09090909361839294,False,False,1
1064,layer3.conv2,element,3,"(51, 0, 3)",0,0.0,False,0.865,0.0,False,,115,176.0,352.0,1.0,1.0,False,False,1
1065,layer3.conv2,element,7,"(17, 68, 0)",0,0.0,False,0.865,0.0,False,,235,-88.0,88.0,0.0,2.0,True,False,1
1066,layer3.conv2,element,2,"(55, 40, 4)",0,0.0,False,0.865,0.0,False,,126,448.0,320.0,0.4854269027709961,0.2857142984867096,False,False,1
1067,layer3.conv2,element,2,"(60, 7, 4)",0,0.0,False,0.865,0.0,False,,235,-88.0,-120.0,0.44745874404907227,0.3636363744735718,False,False,1
1068,layer3.conv2,element,1,"(28, 8, 6)",0,0.0,False,0.865,0.0,False,,224,-32.0,-40.0,0.3219280242919922,0.25,False,False,1
1069,layer3.conv2,element,7,"(32, 18, 3)",0,0.0,False,0.865,0.0,False,,118,224.0,-224.0,0.0,2.0,True,False,1
1070,layer3.conv2,element,1,"(7, 38, 3)",0,0.0,False,0.865,0.0,False,,124,384.0,448.0,0.22239208221435547,0.1666666716337204,False,False,1
1071,layer3.conv2,element,3,"(6, 12, 5)",0,0.0,False,0.865,0.0,False,,104,64.0,32.0,1.0,0.5,False,False,1
1072,layer3.conv2,element,3,"(12, 47, 5)",0,0.0,False,0.865,0.0,False,,107,88.0,44.0,1.0,0.5,False,False,1
1073,layer3.conv2,element,4,"(2, 67, 3)",0,0.0,False,0.865,0.0,False,,120,256.0,64.0,2.0,0.75,False,False,1
1074,layer3.conv2,element,2,"(25, 42, 0)",0,0.0,False,0.865,0.0,False,,249,-288.0,-416.0,0.5305147171020508,0.4444444477558136,False,False,1
1075,layer3.conv2,element,6,"(63, 27, 7)",0,0.0,False,0.865,0.0,False,,232,-64.0,-0.25,8.0,0.99609375,False,False,1
1076,layer3.conv2,element,6,"(45, 18, 1)",0,0.0,False,0.865,0.0,False,,106,80.0,0.3125,8.0,0.99609375,False,False,1
1077,layer3.conv2,element,3,"(37, 4, 6)",0,0.0,False,0.865,0.0,False,,169,-0.28125,-0.140625,1.0,0.5,False,False,1
1078,layer3.conv2,element,6,"(46, 48, 6)",0,0.0,False,0.865,0.0,False,,230,-56.0,-0.21875,8.0,0.99609375,False,False,1
1079,layer3.conv2,element,0,"(3, 35, 0)",0,0.0,False,0.865,0.0,False,,249,-288.0,-256.0,0.16992473602294922,0.1111111119389534,False,False,1
1080,layer3.conv2,element,2,"(41, 70, 0)",0,0.0,False,0.865,0.0,False,,236,-96.0,-64.0,0.5849623680114746,0.3333333432674408,False,False,1
1081,layer3.conv2,element,7,"(32, 51, 6)",0,0.0,False,0.865,0.0,False,,122,320.0,-320.0,0.0,2.0,True,False,1
1082,layer3.conv2,element,4,"(7, 23, 0)",0,0.0,False,0.865,0.0,False,,186,-1.25,-0.3125,2.0,0.75,False,False,1
1083,layer3.conv2,element,1,"(32, 18, 7)",0,0.0,False,0.865,0.0,False,,252,-384.0,-448.0,0.22239208221435547,0.1666666716337204,False,False,1
1084,layer3.conv2,element,7,"(42, 37, 6)",1,0.005,True,0.86,0.0050000000000000044,False,,243,-176.0,176.0,0.0,2.0,True,False,1
1085,layer3.conv2,element,7,"(27, 62, 2)",0,0.0,False,0.865,0.0,False,,240,-128.0,128.0,0.0,2.0,True,False,1
1086,layer3.conv2,element,2,"(59, 1, 2)",0,0.0,False,0.865,0.0,False,,244,-192.0,-128.0,0.5849623680114746,0.3333333432674408,False,False,1
1087,layer3.conv2,element,1,"(60, 63, 4)",0,0.0,False,0.865,0.0,False,,232,-64.0,-80.0,0.3219280242919922,0.25,False,False,1
1088,layer3.conv2,element,4,"(23, 9, 0)",0,0.0,False,0.865,0.0,False,,233,-72.0,-288.0,1.9999995231628418,3.0,False,False,1
1089,layer3.conv2,element,4,"(60, 51, 7)",1,0.005,True,0.86,0.0050000000000000044,False,,225,-36.0,-144.0,2.0,3.0,False,False,1
1090,layer3.conv2,element,3,"(15, 39, 6)",0,0.0,False,0.865,0.0,False,,232,-64.0,-32.0,1.0,0.5,False,False,1
1091,layer3.conv2,element,5,"(7, 71, 6)",1,0.005,True,0.86,0.0050000000000000044,False,,235,-88.0,-5.5,4.0,0.9375,False,False,1
1092,layer3.conv2,element,5,"(41, 37, 4)",1,0.005,True,0.86,0.0050000000000000044,False,,235,-88.0,-5.5,4.0,0.9375,False,False,1
1093,layer3.conv2,element,6,"(9, 51, 1)",0,0.0,False,0.865,0.0,False,,222,-28.0,-0.109375,8.0,0.99609375,False,False,1
1094,layer3.conv2,element,7,"(20, 33, 5)",2,0.01,True,0.855,0.010000000000000009,False,,115,176.0,-176.0,0.0,2.0,True,False,1
1095,layer3.conv2,element,6,"(26, 5, 5)",0,0.0,False,0.865,0.0,False,,100,48.0,0.1875,8.0,0.99609375,False,False,1
1096,layer3.conv2,element,1,"(43, 71, 1)",0,0.0,False,0.865,0.0,False,,244,-192.0,-224.0,0.22239255905151367,0.1666666716337204,False,False,1
1097,layer3.conv2,element,0,"(53, 27, 1)",0,0.0,False,0.865,0.0,False,,114,160.0,176.0,0.13750362396240234,0.10000000149011612,False,False,1
1098,layer3.conv2,element,7,"(57, 10, 3)",0,0.0,False,0.865,0.0,False,,249,-288.0,288.0,0.0,2.0,True,False,1
1099,layer3.conv2,element,6,"(39, 66, 2)",0,0.0,False,0.865,0.0,False,,96,32.0,0.125,8.0,0.99609375,False,False,1
1100,layer3.conv2,element,5,"(61, 48, 6)",0,0.0,False,0.865,0.0,False,,233,-72.0,-4.5,4.0,0.9375,False,False,1
1101,layer3.conv2,element,2,"(46, 51, 0)",0,0.0,False,0.865,0.0,False,,106,80.0,112.0,0.4854269027709961,0.4000000059604645,False,False,1
1102,layer3.conv2,element,6,"(55, 66, 5)",0,0.0,False,0.865,0.0,False,,76,6.0,0.0234375,8.0,0.99609375,False,False,1
1103,layer3.conv2,element,0,"(36, 62, 3)",0,0.0,False,0.865,0.0,False,,115,176.0,160.0,0.13750362396240234,0.09090909361839294,False,False,1
1104,layer3.conv2,element,5,"(7, 39, 2)",0,0.0,False,0.865,0.0,False,,238,-112.0,-7.0,4.0,0.9375,False,False,1
1105,layer3.conv2,element,3,"(13, 31, 7)",0,0.0,False,0.865,0.0,False,,238,-112.0,-56.0,1.0,0.5,False,False,1
1106,layer3.conv2,element,6,"(26, 33, 5)",0,0.0,False,0.865,0.0,False,,230,-56.0,-0.21875,8.0,0.99609375,False,False,1
1107,layer3.conv2,element,5,"(52, 24, 2)",0,0.0,False,0.865,0.0,False,,122,320.0,20.0,4.0,0.9375,False,False,1
1108,layer3.conv2,element,2,"(26, 38, 0)",0,0.0,False,0.865,0.0,False,,116,192.0,128.0,0.5849623680114746,0.3333333432674408,False,False,1
1109,layer3.conv2,element,6,"(0, 64, 4)",0,0.0,False,0.865,0.0,False,,225,-36.0,-0.140625,8.0,0.99609375,False,False,1
1110,layer3.conv2,element,5,"(27, 49, 4)",0,0.0,False,0.865,0.0,False,,229,-52.0,-3.25,4.0,0.9375,False,False,1
1111,layer3.conv2,element,2,"(44, 50, 4)",0,0.0,False,0.865,0.0,False,,241,-144.0,-208.0,0.5305147171020508,0.4444444477558136,False,False,1
1112,layer3.conv2,element,2,"(63, 27, 7)",0,0.0,False,0.865,0.0,False,,232,-64.0,-96.0,0.5849623680114746,0.5,False,False,1
1113,layer3.conv2,element,3,"(12, 31, 4)",0,0.0,False,0.865,0.0,False,,236,-96.0,-48.0,1.0,0.5,False,False,1
1114,layer3.conv2,element,4,"(19, 60, 6)",0,0.0,False,0.865,0.0,False,,240,-128.0,-32.0,2.0,0.75,False,False,1
1115,layer3.conv2,element,2,"(30, 10, 6)",0,0.0,False,0.865,0.0,False,,242,-160.0,-224.0,0.4854269027709961,0.4000000059604645,False,False,1
1116,layer3.conv2,element,5,"(31, 19, 0)",0,0.0,False,0.865,0.0,False,,105,72.0,4.5,4.0,0.9375,False,False,1
1117,layer3.conv2,element,4,"(62, 29, 3)",0,0.0,False,0.865,0.0,False,,249,-288.0,-72.0,1.9999995231628418,0.75,False,False,1
1118,layer3.conv2,element,1,"(25, 38, 3)",0,0.0,False,0.865,0.0,False,,124,384.0,448.0,0.22239208221435547,0.1666666716337204,False,False,1
1119,layer3.conv2,element,5,"(34, 35, 7)",0,0.0,False,0.865,0.0,False,,108,96.0,6.0,3.999999761581421,0.9375,False,False,1
1120,layer3.conv2,element,0,"(16, 6, 5)",0,0.0,False,0.865,0.0,False,,115,176.0,160.0,0.13750362396240234,0.09090909361839294,False,False,1
1121,layer3.conv2,element,7,"(3, 46, 3)",0,0.0,False,0.865,0.0,False,,90,20.0,-20.0,0.0,2.0,True,False,1
1122,layer3.conv2,element,6,"(25, 8, 5)",0,0.0,False,0.865,0.0,False,,241,-144.0,-0.5625,8.0,0.99609375,False,False,1
1123,layer3.conv2,element,0,"(27, 31, 6)",0,0.0,False,0.865,0.0,False,,246,-224.0,-240.0,0.09953546524047852,0.0714285746216774,False,False,1
1124,layer3.conv2,element,6,"(11, 3, 5)",0,0.0,False,0.865,0.0,False,,232,-64.0,-0.25,8.0,0.99609375,False,False,1
1125,layer3.conv2,element,2,"(42, 18, 4)",0,0.0,False,0.865,0.0,False,,233,-72.0,-104.0,0.5305147171020508,0.4444444477558136,False,False,1
1126,layer3.conv2,element,5,"(21, 11, 2)",0,0.0,False,0.865,0.0,False,,97,36.0,2.25,4.0,0.9375,False,False,1
1127,layer3.conv2,element,1,"(3, 45, 2)",0,0.0,False,0.865,0.0,False,,112,128.0,160.0,0.3219280242919922,0.25,False,False,1
1128,layer3.conv2,element,2,"(34, 18, 2)",200,1.0,True,0.0,0.865,True,,123,352.0,,inf,inf,False,True,1
1129,layer3.conv2,element,0,"(16, 12, 1)",0,0.0,False,0.865,0.0,False,,121,288.0,256.0,0.16992473602294922,0.1111111119389534,False,False,1
1130,layer3.conv2,element,5,"(46, 41, 0)",0,0.0,False,0.865,0.0,False,,236,-96.0,-6.0,3.999999761581421,0.9375,False,False,1
1131,layer3.conv2,element,4,"(1, 12, 3)",200,1.0,True,0.0,0.865,True,,111,120.0,,inf,inf,False,True,1
1132,layer3.conv2,element,0,"(49, 14, 1)",0,0.0,False,0.865,0.0,False,,249,-288.0,-256.0,0.16992473602294922,0.1111111119389534,False,False,1
1133,layer3.conv2,element,2,"(34, 40, 5)",0,0.0,False,0.865,0.0,False,,250,-320.0,-448.0,0.4854269027709961,0.4000000059604645,False,False,1
1134,layer3.conv2,element,5,"(46, 53, 7)",0,0.0,False,0.865,0.0,False,,233,-72.0,-4.5,4.0,0.9375,False,False,1
1135,layer3.conv2,element,6,"(24, 29, 6)",0,0.0,False,0.865,0.0,False,,227,-44.0,-0.171875,8.0,0.99609375,False,False,1
1136,layer3.conv2,element,4,"(56, 32, 5)",0,0.0,False,0.865,0.0,False,,115,176.0,44.0,2.0,0.75,False,False,1
1137,layer3.conv2,element,1,"(32, 17, 0)",0,0.0,False,0.865,0.0,False,,85,13.0,15.0,0.2064509391784668,0.1538461595773697,False,False,1
1138,layer3.conv2,element,4,"(63, 60, 6)",1,0.005,True,0.86,0.0050000000000000044,False,,115,176.0,44.0,2.0,0.75,False,False,1
1139,layer3.conv2,element,1,"(18, 67, 1)",0,0.0,False,0.865,0.0,False,,99,44.0,36.0,0.2895064353942871,0.1818181872367859,False,False,1
1140,layer3.conv2,element,3,"(54, 58, 3)",0,0.0,False,0.865,0.0,False,,252,-384.0,-192.0,1.0000004768371582,0.5,False,False,1
1141,layer3.conv2,element,3,"(42, 2, 4)",1,0.005,True,0.86,0.0050000000000000044,False,,115,176.0,352.0,1.0,1.0,False,False,1
1142,layer3.conv2,element,1,"(59, 16, 5)",0,0.0,False,0.865,0.0,False,,86,14.0,12.0,0.22239232063293457,0.1428571492433548,False,False,1
1143,layer3.conv2,element,6,"(11, 5, 4)",0,0.0,False,0.865,0.0,False,,234,-80.0,-0.3125,8.0,0.99609375,False,False,1
1144,layer3.conv2,element,5,"(32, 61, 6)",0,0.0,False,0.865,0.0,False,,233,-72.0,-4.5,4.0,0.9375,False,False,1
1145,layer3.conv2,element,0,"(58, 1, 6)",0,0.0,False,0.865,0.0,False,,220,-24.0,-26.0,0.1154775619506836,0.0833333358168602,False,False,1
1146,layer3.conv2,element,3,"(15, 46, 7)",0,0.0,False,0.865,0.0,False,,229,-52.0,-104.0,1.0,1.0,False,False,1
1147,layer3.conv2,element,0,"(61, 32, 0)",0,0.0,False,0.865,0.0,False,,250,-320.0,-352.0,0.13750362396240234,0.10000000149011612,False,False,1
1148,layer3.conv2,element,5,"(61, 65, 3)",0,0.0,False,0.865,0.0,False,,115,176.0,11.0,4.0,0.9375,False,False,1
1149,layer3.conv2,element,3,"(31, 39, 5)",0,0.0,False,0.865,0.0,False,,111,120.0,60.0,1.0,0.5,False,False,1
1150,layer3.conv2,element,2,"(46, 44, 4)",0,0.0,False,0.865,0.0,False,,81,9.0,13.0,0.5305147171020508,0.4444444477558136,False,False,1
1151,layer3.conv2,element,1,"(29, 56, 4)",0,0.0,False,0.865,0.0,False,,252,-384.0,-448.0,0.22239208221435547,0.1666666716337204,False,False,1
1152,layer3.conv2,element,0,"(42, 4, 5)",0,0.0,False,0.865,0.0,False,,247,-240.0,-224.0,0.09953546524047852,0.06666667014360428,False,False,1
1153,layer3.conv2,element,1,"(55, 1, 0)",0,0.0,False,0.865,0.0,False,,241,-144.0,-176.0,0.2895064353942871,0.2222222238779068,False,False,1
1154,layer3.conv2,element,4,"(47, 29, 3)",1,0.005,True,0.86,0.0050000000000000044,False,,120,256.0,64.0,2.0,0.75,False,False,1
1155,layer3.conv2,element,5,"(18, 39, 4)",0,0.0,False,0.865,0.0,False,,244,-192.0,-12.0,3.999999761581421,0.9375,False,False,1
1156,layer3.conv2,element,4,"(37, 6, 5)",0,0.0,False,0.865,0.0,False,,245,-208.0,-52.0,2.0,0.75,False,False,1
1157,layer3.conv2,element,1,"(51, 28, 5)",0,0.0,False,0.865,0.0,False,,225,-36.0,-44.0,0.2895064353942871,0.2222222238779068,False,False,1
1158,layer3.conv2,element,7,"(37, 16, 1)",1,0.005,True,0.87,-0.0050000000000000044,False,,117,208.0,-208.0,0.0,2.0,True,False,1
1159,layer3.conv2,element,5,"(18, 27, 7)",1,0.005,True,0.86,0.0050000000000000044,False,,100,48.0,3.0,4.0,0.9375,False,False,1
1160,layer3.conv2,element,7,"(48, 8, 3)",0,0.0,False,0.865,0.0,False,,102,56.0,-56.0,0.0,2.0,True,False,1
1161,layer3.conv2,element,0,"(46, 5, 4)",0,0.0,False,0.865,0.0,False,,109,104.0,96.0,0.1154775619506836,0.07692307978868484,False,False,1
1162,layer3.conv2,element,0,"(40, 46, 1)",0,0.0,False,0.865,0.0,False,,236,-96.0,-104.0,0.1154775619506836,0.0833333358168602,False,False,1
1163,layer3.conv2,element,0,"(21, 27, 0)",0,0.0,False,0.865,0.0,False,,251,-352.0,-320.0,0.13750362396240234,0.09090909361839294,False,False,1
1164,layer3.conv2,element,6,"(36, 1, 0)",0,0.0,False,0.865,0.0,False,,109,104.0,0.40625,8.0,0.99609375,False,False,1
1165,layer3.conv2,element,2,"(38, 40, 6)",0,0.0,False,0.865,0.0,False,,219,-22.0,-30.0,0.44745874404907227,0.3636363744735718,False,False,1
1166,layer3.conv2,element,2,"(13, 49, 1)",0,0.0,False,0.865,0.0,False,,110,112.0,80.0,0.4854269027709961,0.2857142984867096,False,False,1
1167,layer3.conv2,element,4,"(59, 18, 3)",0,0.0,False,0.865,0.0,False,,113,144.0,36.0,2.0,0.75,False,False,1
1168,layer3.conv2,element,5,"(38, 1, 2)",0,0.0,False,0.865,0.0,False,,230,-56.0,-3.5,4.0,0.9375,False,False,1
1169,layer3.conv2,element,3,"(3, 34, 2)",0,0.0,False,0.865,0.0,False,,233,-72.0,-36.0,1.0,0.5,False,False,1
1170,layer3.conv2,element,3,"(17, 21, 4)",0,0.0,False,0.865,0.0,False,,236,-96.0,-48.0,1.0,0.5,False,False,1
1171,layer3.conv2,element,3,"(51, 47, 6)",0,0.0,False,0.865,0.0,False,,122,320.0,160.0,1.0,0.5,False,False,1
1172,layer3.conv2,element,2,"(44, 26, 4)",0,0.0,False,0.865,0.0,False,,212,-12.0,-8.0,0.5849626064300537,0.3333333432674408,False,False,1
1173,layer3.conv2,element,3,"(34, 48, 6)",0,0.0,False,0.865,0.0,False,,109,104.0,52.0,1.0,0.5,False,False,1
1174,layer3.conv2,element,3,"(31, 46, 0)",0,0.0,False,0.865,0.0,False,,249,-288.0,-144.0,0.9999995231628418,0.5,False,False,1
1175,layer3.conv2,element,2,"(24, 18, 5)",0,0.0,False,0.865,0.0,False,,248,-256.0,-384.0,0.5849628448486328,0.5,False,False,1
1176,layer3.conv2,element,4,"(60, 22, 0)",0,0.0,False,0.865,0.0,False,,222,-28.0,-7.0,2.0,0.75,False,False,1
1177,layer3.conv2,element,5,"(22, 30, 0)",0,0.0,False,0.865,0.0,False,,248,-256.0,-16.0,4.0,0.9375,False,False,1
1178,layer3.conv2,element,5,"(53, 14, 0)",1,0.005,True,0.86,0.0050000000000000044,False,,84,12.0,192.0,3.999999761581421,15.0,False,False,1
1179,layer3.conv2,element,0,"(4, 31, 6)",0,0.0,False,0.865,0.0,False,,230,-56.0,-60.0,0.09953546524047852,0.0714285746216774,False,False,1
1180,layer3.conv2,element,5,"(34, 11, 2)",1,0.005,True,0.86,0.0050000000000000044,False,,115,176.0,11.0,4.0,0.9375,False,False,1
1181,layer3.conv2,element,2,"(16, 38, 4)",0,0.0,False,0.865,0.0,False,,245,-208.0,-144.0,0.5305147171020508,0.3076923191547394,False,False,1
1182,layer3.conv2,element,5,"(27, 1, 7)",0,0.0,False,0.865,0.0,False,,234,-80.0,-5.0,4.0,0.9375,False,False,1
1183,layer3.conv2,element,7,"(39, 63, 3)",0,0.0,False,0.865,0.0,False,,118,224.0,-224.0,0.0,2.0,True,False,1
1184,layer3.conv2,element,3,"(4, 22, 4)",0,0.0,False,0.865,0.0,False,,199,-3.75,-7.5,1.0,1.0,False,False,1
1185,layer3.conv2,element,0,"(6, 17, 5)",0,0.0,False,0.865,0.0,False,,113,144.0,128.0,0.16992521286010742,0.1111111119389534,False,False,1
1186,layer3.conv2,element,5,"(37, 7, 1)",0,0.0,False,0.865,0.0,False,,243,-176.0,-11.0,4.0,0.9375,False,False,1
1187,layer3.conv2,element,2,"(42, 60, 5)",0,0.0,False,0.865,0.0,False,,88,16.0,24.0,0.5849623680114746,0.5,False,False,1
1188,layer3.conv2,element,2,"(3, 68, 1)",0,0.0,False,0.865,0.0,False,,219,-22.0,-30.0,0.44745874404907227,0.3636363744735718,False,False,1
1189,layer3.conv2,element,4,"(61, 42, 0)",0,0.0,False,0.865,0.0,False,,233,-72.0,-288.0,1.9999995231628418,3.0,False,False,1
1190,layer3.conv2,element,4,"(28, 1, 2)",0,0.0,False,0.865,0.0,False,,241,-144.0,-36.0,2.0,0.75,False,False,1
1191,layer3.conv2,element,0,"(62, 55, 3)",0,0.0,False,0.865,0.0,False,,246,-224.0,-240.0,0.09953546524047852,0.0714285746216774,False,False,1
1192,layer3.conv2,element,3,"(8, 52, 2)",0,0.0,False,0.865,0.0,False,,99,44.0,88.0,1.0,1.0,False,False,1
1193,layer3.conv2,element,3,"(56, 65, 4)",0,0.0,False,0.865,0.0,False,,253,-416.0,-208.0,0.9999995231628418,0.5,False,False,1
1194,layer3.conv2,element,4,"(41, 18, 3)",0,0.0,False,0.865,0.0,False,,116,192.0,48.0,2.0,0.75,False,False,1
1195,layer3.conv2,element,5,"(51, 44, 6)",0,0.0,False,0.865,0.0,False,,104,64.0,4.0,4.0,0.9375,False,False,1
1196,layer3.conv2,element,0,"(51, 51, 4)",0,0.0,False,0.865,0.0,False,,103,60.0,56.0,0.09953546524047852,0.06666667014360428,False,False,1
1197,layer3.conv2,element,0,"(11, 28, 0)",0,0.0,False,0.865,0.0,False,,116,192.0,208.0,0.1154775619506836,0.0833333358168602,False,False,1
1198,layer3.conv2,element,3,"(10, 54, 2)",0,0.0,False,0.865,0.0,False,,123,352.0,176.0,1.0,0.5,False,False,1
1199,layer3.conv2,element,6,"(62, 6, 3)",0,0.0,False,0.865,0.0,False,,36,0.1875,48.0,8.0,255.0,False,False,1
1200,layer3.conv2,element,1,"(27, 49, 5)",0,0.0,False,0.865,0.0,False,,229,-52.0,-60.0,0.2064504623413086,0.1538461595773697,False,False,1
1201,layer3.conv2,element,0,"(12, 70, 1)",0,0.0,False,0.865,0.0,False,,115,176.0,160.0,0.13750362396240234,0.09090909361839294,False,False,1
1202,layer3.conv2,element,3,"(40, 27, 1)",0,0.0,False,0.865,0.0,False,,92,24.0,12.0,0.9999997615814209,0.5,False,False,1
1203,layer3.conv2,element,2,"(55, 44, 4)",0,0.0,False,0.865,0.0,False,,116,192.0,128.0,0.5849623680114746,0.3333333432674408,False,False,1
1204,layer3.conv2,element,0,"(17, 37, 2)",0,0.0,False,0.865,0.0,False,,244,-192.0,-208.0,0.1154775619506836,0.0833333358168602,False,False,1
1205,layer3.conv2,element,7,"(56, 13, 1)",0,0.0,False,0.865,0.0,False,,240,-128.0,128.0,0.0,2.0,True,False,1
1206,layer3.conv2,element,5,"(4, 8, 7)",0,0.0,False,0.865,0.0,False,,245,-208.0,-13.0,4.0,0.9375,False,False,1
1207,layer3.conv2,element,6,"(39, 57, 6)",0,0.0,False,0.865,0.0,False,,104,64.0,0.25,8.0,0.99609375,False,False,1
1208,layer3.conv2,element,7,"(24, 2, 5)",0,0.0,False,0.865,0.0,False,,108,96.0,-96.0,0.0,2.0,True,False,1
1209,layer3.conv2,element,5,"(33, 26, 1)",0,0.0,False,0.865,0.0,False,,113,144.0,9.0,4.0,0.9375,False,False,1
1210,layer3.conv2,element,2,"(38, 56, 4)",0,0.0,False,0.865,0.0,False,,250,-320.0,-448.0,0.4854269027709961,0.4000000059604645,False,False,1
1211,layer3.conv2,element,0,"(12, 59, 4)",0,0.0,False,0.865,0.0,False,,252,-384.0,-416.0,0.11547660827636719,0.0833333358168602,False,False,1
1212,layer3.conv2,element,0,"(3, 12, 2)",0,0.0,False,0.865,0.0,False,,108,96.0,104.0,0.1154775619506836,0.0833333358168602,False,False,1
1213,layer3.conv2,element,2,"(33, 17, 5)",0,0.0,False,0.865,0.0,False,,223,-30.0,-22.0,0.44745874404907227,0.2666666805744171,False,False,1
1214,layer3.conv2,element,4,"(61, 1, 2)",0,0.0,False,0.865,0.0,False,,182,-0.875,-0.21875,2.0,0.75,False,False,1
1215,layer3.conv2,element,5,"(18, 43, 1)",0,0.0,False,0.865,0.0,False,,116,192.0,12.0,3.999999761581421,0.9375,False,False,1
1216,layer3.conv2,element,1,"(35, 58, 3)",0,0.0,False,0.865,0.0,False,,121,288.0,352.0,0.2895069122314453,0.2222222238779068,False,False,1
1217,layer3.conv2,element,2,"(8, 4, 0)",0,0.0,False,0.865,0.0,False,,115,176.0,240.0,0.44745874404907227,0.3636363744735718,False,False,1
1218,layer3.conv2,element,7,"(22, 1, 7)",1,0.005,True,0.86,0.0050000000000000044,False,,121,288.0,-288.0,0.0,2.0,True,False,1
1219,layer3.conv2,element,2,"(8, 14, 5)",0,0.0,False,0.865,0.0,False,,250,-320.0,-448.0,0.4854269027709961,0.4000000059604645,False,False,1
1220,layer3.conv2,element,0,"(7, 14, 2)",0,0.0,False,0.865,0.0,False,,89,18.0,16.0,0.16992521286010742,0.1111111119389534,False,False,1
1221,layer3.conv2,element,1,"(51, 19, 6)",0,0.0,False,0.865,0.0,False,,241,-144.0,-176.0,0.2895064353942871,0.2222222238779068,False,False,1
1222,layer3.conv2,element,2,"(57, 60, 0)",0,0.0,False,0.865,0.0,False,,109,104.0,72.0,0.5305147171020508,0.3076923191547394,False,False,1
1223,layer3.conv2,element,3,"(59, 2, 3)",0,0.0,False,0.865,0.0,False,,233,-72.0,-36.0,1.0,0.5,False,False,1
1224,layer3.conv2,element,3,"(46, 49, 5)",0,0.0,False,0.865,0.0,False,,124,384.0,192.0,1.0000004768371582,0.5,False,False,1
1225,layer3.conv2,element,0,"(9, 5, 5)",0,0.0,False,0.865,0.0,False,,241,-144.0,-128.0,0.16992521286010742,0.1111111119389534,False,False,1
1226,layer3.conv2,element,0,"(59, 16, 7)",0,0.0,False,0.865,0.0,False,,113,144.0,128.0,0.16992521286010742,0.1111111119389534,False,False,1
1227,layer3.conv2,element,1,"(0, 61, 0)",0,0.0,False,0.865,0.0,False,,109,104.0,120.0,0.2064504623413086,0.1538461595773697,False,False,1
1228,layer3.conv2,element,2,"(17, 19, 1)",0,0.0,False,0.865,0.0,False,,115,176.0,240.0,0.44745874404907227,0.3636363744735718,False,False,1
1229,layer3.conv2,element,7,"(16, 62, 6)",0,0.0,False,0.865,0.0,False,,242,-160.0,160.0,0.0,2.0,True,False,1
1230,layer3.conv2,element,2,"(47, 44, 5)",0,0.0,False,0.865,0.0,False,,227,-44.0,-60.0,0.44745874404907227,0.3636363744735718,False,False,1
1231,layer3.conv2,element,2,"(8, 43, 3)",0,0.0,False,0.865,0.0,False,,112,128.0,192.0,0.5849623680114746,0.5,False,False,1
1232,layer3.conv2,element,5,"(61, 69, 0)",0,0.0,False,0.865,0.0,False,,124,384.0,24.0,4.000000476837158,0.9375,False,False,1
1233,layer3.conv2,element,2,"(12, 5, 1)",0,0.0,False,0.865,0.0,False,,110,112.0,80.0,0.4854269027709961,0.2857142984867096,False,False,1
1234,layer3.conv2,element,7,"(55, 12, 4)",0,0.0,False,0.865,0.0,False,,248,-256.0,256.0,0.0,2.0,True,False,1
1235,layer3.conv2,element,3,"(37, 23, 7)",0,0.0,False,0.865,0.0,False,,100,48.0,96.0,1.0,1.0,False,False,1
1236,layer3.conv2,element,2,"(16, 0, 0)",0,0.0,False,0.865,0.0,False,,109,104.0,72.0,0.5305147171020508,0.3076923191547394,False,False,1
1237,layer3.conv2,element,6,"(27, 1, 7)",0,0.0,False,0.865,0.0,False,,234,-80.0,-0.3125,8.0,0.99609375,False,False,1
1238,layer3.conv2,element,6,"(7, 24, 6)",0,0.0,False,0.865,0.0,False,,114,160.0,0.625,8.0,0.99609375,False,False,1
1239,layer3.conv2,element,5,"(27, 33, 7)",0,0.0,False,0.865,0.0,False,,113,144.0,9.0,4.0,0.9375,False,False,1
1240,layer3.conv2,element,1,"(44, 22, 3)",0,0.0,False,0.865,0.0,False,,92,24.0,28.0,0.22239255905151367,0.1666666716337204,False,False,1
1241,layer3.conv2,element,2,"(13, 11, 3)",0,0.0,False,0.865,0.0,False,,105,72.0,104.0,0.5305147171020508,0.4444444477558136,False,False,1
1242,layer3.conv2,element,4,"(61, 42, 2)",0,0.0,False,0.865,0.0,False,,222,-28.0,-7.0,2.0,0.75,False,False,1
1243,layer3.conv2,element,2,"(42, 38, 3)",0,0.0,False,0.865,0.0,False,,92,24.0,16.0,0.5849623680114746,0.3333333432674408,False,False,1
1244,layer3.conv2,element,3,"(23, 38, 2)",1,0.005,True,0.86,0.0050000000000000044,False,,117,208.0,416.0,0.9999995231628418,1.0,False,False,1
1245,layer3.conv2,element,2,"(18, 38, 0)",0,0.0,False,0.865,0.0,False,,105,72.0,104.0,0.5305147171020508,0.4444444477558136,False,False,1
1246,layer3.conv2,element,2,"(49, 48, 2)",0,0.0,False,0.865,0.0,False,,236,-96.0,-64.0,0.5849623680114746,0.3333333432674408,False,False,1
1247,layer3.conv2,element,3,"(25, 39, 2)",0,0.0,False,0.865,0.0,False,,114,160.0,320.0,1.0,1.0,False,False,1
1248,layer3.conv2,element,6,"(60, 21, 7)",0,0.0,False,0.865,0.0,False,,113,144.0,0.5625,8.0,0.99609375,False,False,1
1249,layer3.conv2,element,2,"(29, 47, 3)",0,0.0,False,0.865,0.0,False,,121,288.0,416.0,0.5305147171020508,0.4444444477558136,False,False,1
1250,layer3.conv2,element,5,"(44, 59, 2)",0,0.0,False,0.865,0.0,False,,109,104.0,6.5,4.0,0.9375,False,False,1
1251,layer3.conv2,element,7,"(57, 63, 4)",0,0.0,False,0.865,0.0,False,,246,-224.0,224.0,0.0,2.0,True,False,1
1252,layer3.conv2,element,1,"(60, 59, 0)",0,0.0,False,0.865,0.0,False,,217,-18.0,-22.0,0.2895064353942871,0.2222222238779068,False,False,1
1253,layer3.conv2,element,7,"(15, 55, 1)",0,0.0,False,0.865,0.0,False,,198,-3.5,3.5,0.0,2.0,True,False,1
1254,layer3.conv2,element,2,"(27, 51, 5)",0,0.0,False,0.865,0.0,False,,242,-160.0,-224.0,0.4854269027709961,0.4000000059604645,False,False,1
1255,layer3.conv2,element,0,"(45, 71, 4)",0,0.0,False,0.865,0.0,False,,81,9.0,8.0,0.16992497444152832,0.1111111119389534,False,False,1
1256,layer3.conv2,element,6,"(26, 19, 6)",0,0.0,False,0.865,0.0,False,,248,-256.0,-1.0,8.0,0.99609375,False,False,1
1257,layer3.conv2,element,0,"(19, 57, 4)",0,0.0,False,0.865,0.0,False,,122,320.0,352.0,0.13750362396240234,0.10000000149011612,False,False,1
1258,layer3.conv2,element,7,"(39, 47, 5)",0,0.0,False,0.865,0.0,False,,226,-40.0,40.0,0.0,2.0,True,False,1
1259,layer3.conv2,element,1,"(57, 17, 4)",0,0.0,False,0.865,0.0,False,,248,-256.0,-320.0,0.3219280242919922,0.25,False,False,1
1260,layer3.conv2,element,4,"(29, 55, 3)",0,0.0,False,0.865,0.0,False,,242,-160.0,-40.0,2.0,0.75,False,False,1
1261,layer3.conv2,element,1,"(25, 15, 7)",0,0.0,False,0.865,0.0,False,,218,-20.0,-16.0,0.3219280242919922,0.20000000298023224,False,False,1
1262,layer3.conv2,element,6,"(48, 54, 5)",0,0.0,False,0.865,0.0,False,,120,256.0,1.0,8.0,0.99609375,False,False,1
1263,layer3.conv2,element,5,"(32, 23, 6)",0,0.0,False,0.865,0.0,False,,121,288.0,18.0,3.999999523162842,0.9375,False,False,1
1264,layer3.conv2,element,7,"(19, 60, 7)",0,0.0,False,0.865,0.0,False,,94,28.0,-28.0,0.0,2.0,True,False,1
1265,layer3.conv2,element,6,"(56, 10, 1)",0,0.0,False,0.865,0.0,False,,212,-12.0,-0.046875,8.0,0.99609375,False,False,1
1266,layer3.conv2,element,5,"(38, 71, 7)",0,0.0,False,0.865,0.0,False,,117,208.0,13.0,4.0,0.9375,False,False,1
1267,layer3.conv2,element,7,"(43, 4, 0)",0,0.0,False,0.865,0.0,False,,96,32.0,-32.0,0.0,2.0,True,False,1
1268,layer3.conv2,element,5,"(52, 3, 2)",0,0.0,False,0.865,0.0,False,,113,144.0,9.0,4.0,0.9375,False,False,1
1269,layer3.conv2,element,1,"(6, 2, 6)",0,0.0,False,0.865,0.0,False,,195,-2.75,-2.25,0.2895066738128662,0.1818181872367859,False,False,1
1270,layer3.conv2,element,1,"(54, 33, 6)",0,0.0,False,0.865,0.0,False,,200,-4.0,-5.0,0.3219280242919922,0.25,False,False,1
1271,layer3.conv2,element,5,"(8, 54, 4)",0,0.0,False,0.865,0.0,False,,229,-52.0,-3.25,4.0,0.9375,False,False,1
1272,layer3.conv2,element,2,"(0, 52, 6)",0,0.0,False,0.865,0.0,False,,122,320.0,448.0,0.4854269027709961,0.4000000059604645,False,False,1
1273,layer3.conv2,element,6,"(63, 29, 2)",0,0.0,False,0.865,0.0,False,,105,72.0,0.28125,8.0,0.99609375,False,False,1
1274,layer3.conv2,element,4,"(17, 58, 5)",0,0.0,False,0.865,0.0,False,,104,64.0,256.0,2.0,3.0,False,False,1
1275,layer3.conv2,element,0,"(1, 62, 0)",0,0.0,False,0.865,0.0,False,,239,-120.0,-112.0,0.09953546524047852,0.06666667014360428,False,False,1
1276,layer3.conv2,element,7,"(44, 67, 6)",0,0.0,False,0.865,0.0,False,,125,416.0,-416.0,0.0,2.0,True,False,1
1277,layer3.conv2,element,7,"(19, 18, 3)",0,0.0,False,0.865,0.0,False,,100,48.0,-48.0,0.0,2.0,True,False,1
1278,layer3.conv2,element,2,"(26, 51, 3)",0,0.0,False,0.865,0.0,False,,109,104.0,72.0,0.5305147171020508,0.3076923191547394,False,False,1
1279,layer3.conv2,element,2,"(61, 26, 4)",0,0.0,False,0.865,0.0,False,,117,208.0,144.0,0.5305147171020508,0.3076923191547394,False,False,1
1280,layer3.conv2,element,3,"(36, 34, 7)",0,0.0,False,0.865,0.0,False,,100,48.0,96.0,1.0,1.0,False,False,1
1281,layer3.conv2,element,6,"(0, 69, 4)",0,0.0,False,0.865,0.0,False,,218,-20.0,-0.078125,8.0,0.99609375,False,False,1
1282,layer3.conv2,element,0,"(43, 28, 3)",0,0.0,False,0.865,0.0,False,,241,-144.0,-128.0,0.16992521286010742,0.1111111119389534,False,False,1
1283,layer3.conv2,element,1,"(10, 23, 5)",0,0.0,False,0.865,0.0,False,,81,9.0,11.0,0.2895066738128662,0.2222222238779068,False,False,1
1284,layer3.conv2,element,5,"(20, 43, 6)",0,0.0,False,0.865,0.0,False,,208,-8.0,-128.0,4.0,15.0,False,False,1
1285,layer3.conv2,element,3,"(13, 47, 1)",0,0.0,False,0.865,0.0,False,,122,320.0,160.0,1.0,0.5,False,False,1
1286,layer3.conv2,element,3,"(58, 36, 4)",0,0.0,False,0.865,0.0,False,,249,-288.0,-144.0,0.9999995231628418,0.5,False,False,1
1287,layer3.conv2,element,7,"(5, 38, 0)",0,0.0,False,0.865,0.0,False,,237,-104.0,104.0,0.0,2.0,True,False,1
1288,layer3.conv2,element,6,"(34, 43, 6)",0,0.0,False,0.865,0.0,False,,125,416.0,1.625,8.0,0.99609375,False,False,1
1289,layer3.conv2,element,0,"(30, 14, 6)",0,0.0,False,0.865,0.0,False,,237,-104.0,-96.0,0.1154775619506836,0.07692307978868484,False,False,1
1290,layer3.conv2,element,1,"(35, 23, 0)",0,0.0,False,0.865,0.0,False,,247,-240.0,-208.0,0.2064504623413086,0.13333334028720856,False,False,1
1291,layer3.conv2,element,2,"(37, 65, 7)",0,0.0,False,0.865,0.0,False,,111,120.0,88.0,0.44745874404907227,0.2666666805744171,False,False,1
1292,layer3.conv2,element,5,"(6, 40, 5)",0,0.0,False,0.865,0.0,False,,116,192.0,12.0,3.999999761581421,0.9375,False,False,1
1293,layer3.conv2,element,3,"(20, 26, 6)",0,0.0,False,0.865,0.0,False,,237,-104.0,-52.0,1.0,0.5,False,False,1
1294,layer3.conv2,element,5,"(36, 20, 3)",0,0.0,False,0.865,0.0,False,,116,192.0,12.0,3.999999761581421,0.9375,False,False,1
1295,layer3.conv2,element,1,"(6, 68, 5)",0,0.0,False,0.865,0.0,False,,233,-72.0,-88.0,0.2895064353942871,0.2222222238779068,False,False,1
1296,layer3.conv2,element,3,"(51, 60, 4)",0,0.0,False,0.865,0.0,False,,120,256.0,128.0,1.0,0.5,False,False,1
1297,layer3.conv2,element,2,"(51, 64, 7)",200,1.0,True,0.0,0.865,True,,251,-352.0,,inf,inf,False,True,1
1298,layer3.conv2,element,1,"(33, 58, 5)",0,0.0,False,0.865,0.0,False,,235,-88.0,-72.0,0.2895064353942871,0.1818181872367859,False,False,1
1299,layer3.conv2,element,1,"(51, 35, 0)",0,0.0,False,0.865,0.0,False,,247,-240.0,-208.0,0.2064504623413086,0.13333334028720856,False,False,1
1300,layer3.conv2,element,3,"(27, 33, 0)",0,0.0,False,0.865,0.0,False,,252,-384.0,-192.0,1.0000004768371582,0.5,False,False,1
1301,layer3.conv2,element,5,"(35, 70, 1)",0,0.0,False,0.865,0.0,False,,244,-192.0,-12.0,3.999999761581421,0.9375,False,False,1
1302,layer3.conv2,element,5,"(29, 58, 4)",0,0.0,False,0.865,0.0,False,,115,176.0,11.0,4.0,0.9375,False,False,1
1303,layer3.conv2,element,6,"(8, 58, 5)",200,1.0,True,0.0,0.865,True,,191,-1.875,,inf,inf,False,True,1
1304,layer3.conv2,element,1,"(11, 17, 2)",0,0.0,False,0.865,0.0,False,,124,384.0,448.0,0.22239208221435547,0.1666666716337204,False,False,1
1305,layer3.conv2,element,4,"(34, 49, 1)",0,0.0,False,0.865,0.0,False,,241,-144.0,-36.0,2.0,0.75,False,False,1
1306,layer3.conv2,element,0,"(4, 70, 4)",0,0.0,False,0.865,0.0,False,,249,-288.0,-256.0,0.16992473602294922,0.1111111119389534,False,False,1
1307,layer3.conv2,element,1,"(40, 20, 6)",0,0.0,False,0.865,0.0,False,,104,64.0,80.0,0.3219280242919922,0.25,False,False,1
1308,layer3.conv2,element,3,"(20, 42, 3)",0,0.0,False,0.865,0.0,False,,239,-120.0,-60.0,1.0,0.5,False,False,1
1309,layer3.conv2,element,5,"(27, 29, 4)",1,0.005,True,0.86,0.0050000000000000044,False,,193,-2.25,-36.0,4.0,15.0,False,False,1
1310,layer3.conv2,element,1,"(57, 31, 2)",0,0.0,False,0.865,0.0,False,,238,-112.0,-96.0,0.22239255905151367,0.1428571492433548,False,False,1
1311,layer3.conv2,element,1,"(55, 20, 5)",0,0.0,False,0.865,0.0,False,,243,-176.0,-144.0,0.2895064353942871,0.1818181872367859,False,False,1
1312,layer3.conv2,element,6,"(30, 2, 3)",0,0.0,False,0.865,0.0,False,,103,60.0,0.234375,8.0,0.99609375,False,False,1
1313,layer3.conv2,element,4,"(24, 69, 2)",0,0.0,False,0.865,0.0,False,,77,6.5,26.0,2.000000238418579,3.0,False,False,1
1314,layer3.conv2,element,6,"(52, 2, 1)",0,0.0,False,0.865,0.0,False,,101,52.0,0.203125,8.0,0.99609375,False,False,1
1315,layer3.conv2,element,0,"(32, 50, 1)",0,0.0,False,0.865,0.0,False,,105,72.0,64.0,0.16992521286010742,0.1111111119389534,False,False,1
1316,layer3.conv2,element,7,"(47, 11, 5)",1,0.005,True,0.86,0.0050000000000000044,False,,110,112.0,-112.0,0.0,2.0,True,False,1
1317,layer3.conv2,element,6,"(7, 21, 7)",0,0.0,False,0.865,0.0,False,,110,112.0,0.4375,8.0,0.99609375,False,False,1
1318,layer3.conv2,element,6,"(45, 38, 5)",0,0.0,False,0.865,0.0,False,,118,224.0,0.875,8.0,0.99609375,False,False,1
1319,layer3.conv2,element,0,"(36, 4, 6)",0,0.0,False,0.865,0.0,False,,120,256.0,288.0,0.16992473602294922,0.125,False,False,1
1320,layer3.conv2,element,5,"(13, 38, 4)",1,0.005,True,0.86,0.0050000000000000044,False,,122,320.0,20.0,4.0,0.9375,False,False,1
1321,layer3.conv2,element,4,"(49, 3, 6)",0,0.0,False,0.865,0.0,False,,245,-208.0,-52.0,2.0,0.75,False,False,1
1322,layer3.conv2,element,1,"(34, 25, 0)",0,0.0,False,0.865,0.0,False,,221,-26.0,-30.0,0.2064504623413086,0.1538461595773697,False,False,1
1323,layer3.conv2,element,7,"(46, 57, 5)",1,0.005,True,0.86,0.0050000000000000044,False,,126,448.0,-448.0,0.0,2.0,True,False,1
1324,layer3.conv2,element,6,"(53, 1, 0)",0,0.0,False,0.865,0.0,False,,240,-128.0,-0.5,8.0,0.99609375,False,False,1
1325,layer3.conv2,element,6,"(16, 32, 1)",0,0.0,False,0.865,0.0,False,,109,104.0,0.40625,8.0,0.99609375,False,False,1
1326,layer3.conv2,element,5,"(51, 60, 5)",0,0.0,False,0.865,0.0,False,,248,-256.0,-16.0,4.0,0.9375,False,False,1
1327,layer3.conv2,element,1,"(63, 34, 4)",0,0.0,False,0.865,0.0,False,,240,-128.0,-160.0,0.3219280242919922,0.25,False,False,1
1328,layer3.conv2,element,5,"(33, 6, 7)",0,0.0,False,0.865,0.0,False,,122,320.0,20.0,4.0,0.9375,False,False,1
1329,layer3.conv2,element,3,"(46, 5, 3)",0,0.0,False,0.865,0.0,False,,241,-144.0,-288.0,0.9999995231628418,1.0,False,False,1
1330,layer3.conv2,element,5,"(49, 26, 5)",0,0.0,False,0.865,0.0,False,,250,-320.0,-20.0,4.0,0.9375,False,False,1
1331,layer3.conv2,element,4,"(27, 8, 5)",0,0.0,False,0.865,0.0,False,,97,36.0,144.0,2.0,3.0,False,False,1
1332,layer3.conv2,element,6,"(51, 38, 0)",0,0.0,False,0.865,0.0,False,,105,72.0,0.28125,8.0,0.99609375,False,False,1
1333,layer3.conv2,element,4,"(26, 39, 7)",0,0.0,False,0.865,0.0,False,,244,-192.0,-48.0,2.0,0.75,False,False,1
1334,layer3.conv2,element,2,"(56, 46, 2)",0,0.0,False,0.865,0.0,False,,234,-80.0,-112.0,0.4854269027709961,0.4000000059604645,False,False,1
1335,layer3.conv2,element,5,"(49, 63, 1)",0,0.0,False,0.865,0.0,False,,178,-0.625,-0.0390625,4.0,0.9375,False,False,1
1336,layer3.conv2,element,5,"(34, 33, 4)",0,0.0,False,0.865,0.0,False,,232,-64.0,-4.0,4.0,0.9375,False,False,1
1337,layer3.conv2,element,2,"(11, 17, 4)",0,0.0,False,0.865,0.0,False,,115,176.0,240.0,0.44745874404907227,0.3636363744735718,False,False,1
1338,layer3.conv2,element,4,"(52, 69, 2)",0,0.0,False,0.865,0.0,False,,113,144.0,36.0,2.0,0.75,False,False,1
1339,layer3.conv2,element,5,"(40, 67, 3)",0,0.0,False,0.865,0.0,False,,122,320.0,20.0,4.0,0.9375,False,False,1
1340,layer3.conv2,element,2,"(36, 40, 4)",0,0.0,False,0.865,0.0,False,,93,26.0,18.0,0.5305147171020508,0.3076923191547394,False,False,1
1341,layer3.conv2,element,1,"(46, 0, 3)",0,0.0,False,0.865,0.0,False,,113,144.0,176.0,0.2895064353942871,0.2222222238779068,False,False,1
1342,layer3.conv2,element,2,"(63, 45, 3)",0,0.0,False,0.865,0.0,False,,249,-288.0,-416.0,0.5305147171020508,0.4444444477558136,False,False,1
1343,layer3.conv2,element,6,"(33, 3, 2)",0,0.0,False,0.865,0.0,False,,120,256.0,1.0,8.0,0.99609375,False,False,1
1344,layer3.conv2,element,1,"(24, 50, 1)",0,0.0,False,0.865,0.0,False,,243,-176.0,-144.0,0.2895064353942871,0.1818181872367859,False,False,1
1345,layer3.conv2,element,3,"(55, 63, 5)",0,0.0,False,0.865,0.0,False,,212,-12.0,-24.0,0.9999997615814209,1.0,False,False,1
1346,layer3.conv2,element,3,"(41, 39, 6)",0,0.0,False,0.865,0.0,False,,111,120.0,60.0,1.0,0.5,False,False,1
1347,layer3.conv2,element,6,"(29, 71, 3)",1,0.005,True,0.86,0.0050000000000000044,False,,122,320.0,1.25,8.0,0.99609375,False,False,1
1348,layer3.conv2,element,2,"(11, 45, 6)",0,0.0,False,0.865,0.0,False,,117,208.0,144.0,0.5305147171020508,0.3076923191547394,False,False,1
1349,layer3.conv2,element,7,"(29, 54, 1)",0,0.0,False,0.865,0.0,False,,235,-88.0,88.0,0.0,2.0,True,False,1
1350,layer3.conv2,element,3,"(59, 66, 7)",0,0.0,False,0.865,0.0,False,,244,-192.0,-384.0,1.0000004768371582,1.0,False,False,1
1351,layer3.conv2,element,3,"(18, 15, 6)",0,0.0,False,0.865,0.0,False,,227,-44.0,-88.0,1.0,1.0,False,False,1
1352,layer3.conv2,element,6,"(61, 28, 0)",0,0.0,False,0.865,0.0,False,,246,-224.0,-0.875,8.0,0.99609375,False,False,1
1353,layer3.conv2,element,3,"(58, 60, 3)",200,1.0,True,0.0,0.865,True,,247,-240.0,,inf,inf,False,True,1
1354,layer3.conv2,element,5,"(54, 10, 3)",0,0.0,False,0.865,0.0,False,,124,384.0,24.0,4.000000476837158,0.9375,False,False,1
1355,layer3.conv2,element,2,"(20, 17, 2)",0,0.0,False,0.865,0.0,False,,243,-176.0,-240.0,0.44745874404907227,0.3636363744735718,False,False,1
1356,layer3.conv2,element,5,"(50, 61, 0)",0,0.0,False,0.865,0.0,False,,250,-320.0,-20.0,4.0,0.9375,False,False,1
1357,layer3.conv2,element,4,"(44, 35, 6)",200,1.0,True,0.0,0.865,True,,111,120.0,,inf,inf,False,True,1
1358,layer3.conv2,element,7,"(57, 32, 6)",1,0.005,True,0.86,0.0050000000000000044,False,,249,-288.0,288.0,0.0,2.0,True,False,1
1359,layer3.conv2,element,3,"(26, 14, 2)",1,0.005,True,0.86,0.0050000000000000044,False,,114,160.0,320.0,1.0,1.0,False,False,1
1360,layer3.conv2,element,1,"(39, 43, 2)",0,0.0,False,0.865,0.0,False,,89,18.0,22.0,0.2895064353942871,0.2222222238779068,False,False,1
1361,layer3.conv2,element,1,"(59, 62, 3)",0,0.0,False,0.865,0.0,False,,105,72.0,88.0,0.2895064353942871,0.2222222238779068,False,False,1
1362,layer3.conv2,element,4,"(58, 33, 4)",0,0.0,False,0.865,0.0,False,,107,88.0,352.0,2.0,3.0,False,False,1
1363,layer3.conv2,element,4,"(60, 48, 1)",1,0.005,True,0.86,0.0050000000000000044,False,,235,-88.0,-352.0,2.0,3.0,False,False,1
1364,layer3.conv2,element,0,"(6, 35, 7)",0,0.0,False,0.865,0.0,False,,243,-176.0,-160.0,0.13750362396240234,0.09090909361839294,False,False,1
1365,layer3.conv2,element,0,"(1, 66, 3)",0,0.0,False,0.865,0.0,False,,95,30.0,28.0,0.09953546524047852,0.06666667014360428,False,False,1
1366,layer3.conv2,element,3,"(6, 3, 6)",1,0.005,True,0.86,0.0050000000000000044,False,,248,-256.0,-128.0,1.0,0.5,False,False,1
1367,layer3.conv2,element,0,"(63, 46, 6)",0,0.0,False,0.865,0.0,False,,102,56.0,60.0,0.09953546524047852,0.0714285746216774,False,False,1
1368,layer3.conv2,element,7,"(26, 46, 5)",0,0.0,False,0.865,0.0,False,,229,-52.0,52.0,0.0,2.0,True,False,1
1369,layer3.conv2,element,6,"(38, 51, 4)",0,0.0,False,0.865,0.0,False,,95,30.0,0.1171875,8.0,0.99609375,False,False,1
1370,layer3.conv2,element,0,"(26, 48, 1)",0,0.0,False,0.865,0.0,False,,236,-96.0,-104.0,0.1154775619506836,0.0833333358168602,False,False,1
1371,layer3.conv2,element,6,"(4, 52, 2)",0,0.0,False,0.865,0.0,False,,124,384.0,1.5,8.0,0.99609375,False,False,1
1372,layer3.conv2,element,6,"(58, 23, 3)",0,0.0,False,0.865,0.0,False,,209,-9.0,-0.03515625,8.0,0.99609375,False,False,1
1373,layer3.conv2,element,5,"(31, 58, 2)",0,0.0,False,0.865,0.0,False,,233,-72.0,-4.5,4.0,0.9375,False,False,1
1374,layer3.conv2,element,6,"(19, 36, 3)",0,0.0,False,0.865,0.0,False,,114,160.0,0.625,8.0,0.99609375,False,False,1
1375,layer3.conv2,element,5,"(3, 11, 7)",1,0.005,True,0.86,0.0050000000000000044,False,,245,-208.0,-13.0,4.0,0.9375,False,False,1
1376,layer3.conv2,element,4,"(7, 31, 7)",0,0.0,False,0.865,0.0,False,,76,6.0,24.0,1.999999761581421,3.0,False,False,1
1377,layer3.conv2,element,5,"(35, 9, 2)",0,0.0,False,0.865,0.0,False,,247,-240.0,-15.0,3.999999761581421,0.9375,False,False,1
1378,layer3.conv2,element,6,"(49, 12, 1)",0,0.0,False,0.865,0.0,False,,249,-288.0,-1.125,7.999999523162842,0.99609375,False,False,1
1379,layer3.conv2,element,4,"(11, 62, 4)",0,0.0,False,0.865,0.0,False,,113,144.0,36.0,2.0,0.75,False,False,1
1380,layer3.conv2,element,3,"(33, 68, 0)",0,0.0,False,0.865,0.0,False,,241,-144.0,-288.0,0.9999995231628418,1.0,False,False,1
1381,layer3.conv2,element,4,"(23, 39, 3)",200,1.0,True,0.0,0.865,True,,111,120.0,,inf,inf,False,True,1
1382,layer3.conv2,element,2,"(41, 59, 0)",0,0.0,False,0.865,0.0,False,,233,-72.0,-104.0,0.5305147171020508,0.4444444477558136,False,False,1
1383,layer3.conv2,element,3,"(19, 36, 0)",0,0.0,False,0.865,0.0,False,,110,112.0,56.0,1.0,0.5,False,False,1
1384,layer3.conv2,element,4,"(56, 42, 7)",0,0.0,False,0.865,0.0,False,,227,-44.0,-176.0,2.0,3.0,False,False,1
1385,layer3.conv2,element,5,"(38, 38, 7)",0,0.0,False,0.865,0.0,False,,114,160.0,10.0,4.0,0.9375,False,False,1
1386,layer3.conv2,element,1,"(11, 18, 3)",0,0.0,False,0.865,0.0,False,,120,256.0,320.0,0.3219280242919922,0.25,False,False,1
1387,layer3.conv2,element,3,"(52, 45, 3)",0,0.0,False,0.865,0.0,False,,233,-72.0,-36.0,1.0,0.5,False,False,1
1388,layer3.conv2,element,2,"(41, 17, 7)",200,1.0,True,0.0,0.865,True,,251,-352.0,,inf,inf,False,True,1
1389,layer3.conv2,element,1,"(59, 67, 4)",0,0.0,False,0.865,0.0,False,,252,-384.0,-448.0,0.22239208221435547,0.1666666716337204,False,False,1
1390,layer3.conv2,element,2,"(59, 3, 5)",0,0.0,False,0.865,0.0,False,,105,72.0,104.0,0.5305147171020508,0.4444444477558136,False,False,1
1391,layer3.conv2,element,2,"(21, 3, 3)",0,0.0,False,0.865,0.0,False,,106,80.0,112.0,0.4854269027709961,0.4000000059604645,False,False,1
1392,layer3.conv2,element,7,"(44, 22, 7)",0,0.0,False,0.865,0.0,False,,226,-40.0,40.0,0.0,2.0,True,False,1
1393,layer3.conv2,element,3,"(36, 33, 1)",0,0.0,False,0.865,0.0,False,,248,-256.0,-128.0,1.0,0.5,False,False,1
1394,layer3.conv2,element,2,"(27, 56, 4)",1,0.005,True,0.86,0.0050000000000000044,False,,124,384.0,256.0,0.5849628448486328,0.3333333432674408,False,False,1
1395,layer3.conv2,element,3,"(0, 27, 1)",0,0.0,False,0.865,0.0,False,,114,160.0,320.0,1.0,1.0,False,False,1
1396,layer3.conv2,element,1,"(52, 5, 5)",0,0.0,False,0.865,0.0,False,,234,-80.0,-64.0,0.3219280242919922,0.20000000298023224,False,False,1
1397,layer3.conv2,element,7,"(23, 58, 7)",0,0.0,False,0.865,0.0,False,,105,72.0,-72.0,0.0,2.0,True,False,1
1398,layer3.conv2,element,7,"(4, 27, 7)",0,0.0,False,0.865,0.0,False,,93,26.0,-26.0,0.0,2.0,True,False,1
1399,layer3.conv2,element,3,"(61, 34, 7)",0,0.0,False,0.865,0.0,False,,238,-112.0,-56.0,1.0,0.5,False,False,1
1400,layer3.conv2,element,1,"(25, 45, 2)",0,0.0,False,0.865,0.0,False,,241,-144.0,-176.0,0.2895064353942871,0.2222222238779068,False,False,1
1401,layer3.conv2,element,0,"(7, 43, 4)",0,0.0,False,0.865,0.0,False,,252,-384.0,-416.0,0.11547660827636719,0.0833333358168602,False,False,1
1402,layer3.conv2,element,7,"(27, 68, 0)",0,0.0,False,0.865,0.0,False,,243,-176.0,176.0,0.0,2.0,True,False,1
1403,layer3.conv2,element,6,"(55, 48, 1)",1,0.005,True,0.86,0.0050000000000000044,False,,240,-128.0,-0.5,8.0,0.99609375,False,False,1
1404,layer3.conv2,element,6,"(47, 68, 7)",0,0.0,False,0.865,0.0,False,,106,80.0,0.3125,8.0,0.99609375,False,False,1
1405,layer3.conv2,element,4,"(41, 54, 5)",0,0.0,False,0.865,0.0,False,,81,9.0,2.25,2.0,0.75,False,False,1
1406,layer3.conv2,element,5,"(19, 1, 7)",0,0.0,False,0.865,0.0,False,,245,-208.0,-13.0,4.0,0.9375,False,False,1
1407,layer3.conv2,element,6,"(18, 58, 2)",1,0.005,True,0.86,0.0050000000000000044,False,,120,256.0,1.0,8.0,0.99609375,False,False,1
1408,layer3.conv2,element,3,"(16, 57, 3)",0,0.0,False,0.865,0.0,False,,117,208.0,416.0,0.9999995231628418,1.0,False,False,1
1409,layer3.conv2,element,6,"(49, 57, 6)",0,0.0,False,0.865,0.0,False,,224,-32.0,-0.125,8.0,0.99609375,False,False,1
1410,layer3.conv2,element,1,"(51, 37, 6)",0,0.0,False,0.865,0.0,False,,226,-40.0,-32.0,0.3219280242919922,0.20000000298023224,False,False,1
1411,layer3.conv2,element,3,"(18, 37, 0)",0,0.0,False,0.865,0.0,False,,108,96.0,48.0,1.0,0.5,False,False,1
1412,layer3.conv2,element,0,"(19, 19, 6)",0,0.0,False,0.865,0.0,False,,120,256.0,288.0,0.16992473602294922,0.125,False,False,1
1413,layer3.conv2,element,6,"(57, 19, 2)",0,0.0,False,0.865,0.0,False,,113,144.0,0.5625,8.0,0.99609375,False,False,1
1414,layer3.conv2,element,0,"(62, 27, 2)",0,0.0,False,0.865,0.0,False,,111,120.0,112.0,0.09953546524047852,0.06666667014360428,False,False,1
1415,layer3.conv2,element,4,"(5, 21, 2)",0,0.0,False,0.865,0.0,False,,106,80.0,320.0,2.0,3.0,False,False,1
1416,layer3.conv2,element,2,"(16, 28, 3)",0,0.0,False,0.865,0.0,False,,246,-224.0,-160.0,0.4854269027709961,0.2857142984867096,False,False,1
1417,layer3.conv2,element,7,"(7, 44, 2)",0,0.0,False,0.865,0.0,False,,116,192.0,-192.0,0.0,2.0,True,False,1
1418,layer3.conv2,element,3,"(22, 67, 0)",200,1.0,True,0.0,0.865,True,,247,-240.0,,inf,inf,False,True,1
1419,layer3.conv2,element,1,"(48, 0, 0)",0,0.0,False,0.865,0.0,False,,247,-240.0,-208.0,0.2064504623413086,0.13333334028720856,False,False,1
1420,layer3.conv2,element,7,"(37, 39, 5)",0,0.0,False,0.865,0.0,False,,251,-352.0,352.0,0.0,2.0,True,False,1
1421,layer3.conv2,element,4,"(28, 53, 6)",0,0.0,False,0.865,0.0,False,,110,112.0,448.0,2.0,3.0,False,False,1
1422,layer3.conv2,element,4,"(13, 20, 6)",0,0.0,False,0.865,0.0,False,,242,-160.0,-40.0,2.0,0.75,False,False,1
1423,layer3.conv2,element,5,"(9, 31, 4)",0,0.0,False,0.865,0.0,False,,242,-160.0,-10.0,4.0,0.9375,False,False,1
1424,layer3.conv2,element,7,"(48, 47, 7)",0,0.0,False,0.865,0.0,False,,117,208.0,-208.0,0.0,2.0,True,False,1
1425,layer3.conv2,element,0,"(32, 61, 7)",1,0.005,True,0.86,0.0050000000000000044,False,,122,320.0,352.0,0.13750362396240234,0.10000000149011612,False,False,1
1426,layer3.conv2,element,5,"(1, 22, 7)",0,0.0,False,0.865,0.0,False,,115,176.0,11.0,4.0,0.9375,False,False,1
1427,layer3.conv2,element,3,"(19, 0, 3)",0,0.0,False,0.865,0.0,False,,223,-30.0,-15.0,0.9999997615814209,0.5,False,False,1
1428,layer3.conv2,element,1,"(43, 32, 6)",0,0.0,False,0.865,0.0,False,,103,60.0,52.0,0.2064504623413086,0.13333334028720856,False,False,1
1429,layer3.conv2,element,7,"(35, 11, 1)",0,0.0,False,0.865,0.0,False,,208,-8.0,8.0,0.0,2.0,True,False,1
1430,layer3.conv2,element,4,"(46, 47, 4)",0,0.0,False,0.865,0.0,False,,247,-240.0,-60.0,2.0,0.75,False,False,1
1431,layer3.conv2,element,7,"(47, 43, 0)",0,0.0,False,0.865,0.0,False,,107,88.0,-88.0,0.0,2.0,True,False,1
1432,layer3.conv2,element,1,"(7, 8, 7)",0,0.0,False,0.865,0.0,False,,117,208.0,240.0,0.2064504623413086,0.1538461595773697,False,False,1
1433,layer3.conv2,element,5,"(54, 60, 2)",0,0.0,False,0.865,0.0,False,,195,-2.75,-44.0,4.0,15.0,False,False,1
1434,layer3.conv2,element,0,"(38, 16, 7)",0,0.0,False,0.865,0.0,False,,71,3.75,3.5,0.09953570365905762,0.06666667014360428,False,False,1
1435,layer3.conv2,element,7,"(3, 55, 6)",0,0.0,False,0.865,0.0,False,,116,192.0,-192.0,0.0,2.0,True,False,1
1436,layer3.conv2,element,7,"(61, 15, 7)",0,0.0,False,0.865,0.0,False,,235,-88.0,88.0,0.0,2.0,True,False,1
1437,layer3.conv2,element,7,"(37, 65, 4)",0,0.0,False,0.865,0.0,False,,73,4.5,-4.5,0.0,2.0,True,False,1
1438,layer3.conv2,element,2,"(15, 18, 0)",1,0.005,True,0.86,0.0050000000000000044,False,,238,-112.0,-80.0,0.4854269027709961,0.2857142984867096,False,False,1
1439,layer3.conv2,element,5,"(62, 68, 5)",0,0.0,False,0.865,0.0,False,,98,40.0,2.5,4.0,0.9375,False,False,1
1440,layer3.conv2,element,1,"(2, 11, 0)",0,0.0,False,0.865,0.0,False,,251,-352.0,-288.0,0.2895069122314453,0.1818181872367859,False,False,1
1441,layer3.conv2,element,6,"(29, 30, 5)",0,0.0,False,0.865,0.0,False,,226,-40.0,-0.15625,8.0,0.99609375,False,False,1
1442,layer3.conv2,element,0,"(2, 40, 1)",0,0.0,False,0.865,0.0,False,,246,-224.0,-240.0,0.09953546524047852,0.0714285746216774,False,False,1
1443,layer3.conv2,element,5,"(49, 18, 1)",0,0.0,False,0.865,0.0,False,,253,-416.0,-26.0,3.999999523162842,0.9375,False,False,1
1444,layer3.conv2,element,5,"(49, 41, 2)",0,0.0,False,0.865,0.0,False,,240,-128.0,-8.0,4.0,0.9375,False,False,1
1445,layer3.conv2,element,2,"(6, 16, 1)",0,0.0,False,0.865,0.0,False,,234,-80.0,-112.0,0.4854269027709961,0.4000000059604645,False,False,1
1446,layer3.conv2,element,3,"(18, 48, 2)",200,1.0,True,0.0,0.865,True,,247,-240.0,,inf,inf,False,True,1
1447,layer3.shortcut.0,element,1,"(30, 1, 4)",0,0.0,False,0.865,0.0,False,,90,20.0,16.0,0.3219280242919922,0.20000000298023224,False,False,1
1448,layer3.shortcut.0,element,2,"(0, 2, 7)",0,0.0,False,0.865,0.0,False,,112,128.0,192.0,0.5849623680114746,0.5,False,False,1
1449,layer3.shortcut.0,element,7,"(3, 1, 3)",3,0.015,True,0.865,0.0,False,,246,-224.0,224.0,0.0,2.0,True,False,1
1450,layer3.shortcut.0,element,3,"(45, 3, 0)",0,0.0,False,0.865,0.0,False,,106,80.0,40.0,1.0,0.5,False,False,1
1451,layer3.shortcut.0,element,4,"(43, 3, 6)",0,0.0,False,0.865,0.0,False,,107,88.0,352.0,2.0,3.0,False,False,1
1452,layer3.shortcut.0,element,3,"(16, 1, 5)",0,0.0,False,0.865,0.0,False,,237,-104.0,-52.0,1.0,0.5,False,False,1
1453,layer3.shortcut.0,element,0,"(28, 2, 2)",0,0.0,False,0.865,0.0,False,,225,-36.0,-32.0,0.16992521286010742,0.1111111119389534,False,False,1
1454,layer3.shortcut.0,element,2,"(49, 3, 6)",0,0.0,False,0.865,0.0,False,,112,128.0,192.0,0.5849623680114746,0.5,False,False,1
1455,layer3.shortcut.0,element,1,"(43, 1, 6)",0,0.0,False,0.865,0.0,False,,89,18.0,22.0,0.2895064353942871,0.2222222238779068,False,False,1
1456,layer3.shortcut.0,element,3,"(31, 1, 0)",0,0.0,False,0.865,0.0,False,,232,-64.0,-32.0,1.0,0.5,False,False,1
1457,layer3.shortcut.0,element,0,"(55, 1, 1)",0,0.0,False,0.865,0.0,False,,195,-2.75,-2.5,0.1375035047531128,0.09090909361839294,False,False,1
1458,layer3.shortcut.0,element,6,"(34, 1, 0)",1,0.005,True,0.86,0.0050000000000000044,False,,123,352.0,1.375,8.0,0.99609375,False,False,1
1459,layer3.shortcut.0,element,4,"(0, 1, 3)",0,0.0,False,0.865,0.0,False,,106,80.0,320.0,2.0,3.0,False,False,1
1460,layer3.shortcut.0,element,0,"(29, 1, 0)",0,0.0,False,0.865,0.0,False,,102,56.0,60.0,0.09953546524047852,0.0714285746216774,False,False,1
1461,layer3.shortcut.0,element,7,"(15, 2, 1)",1,0.005,True,0.86,0.0050000000000000044,False,,234,-80.0,80.0,0.0,2.0,True,False,1
1462,layer3.shortcut.0,element,2,"(43, 1, 0)",0,0.0,False,0.865,0.0,False,,239,-120.0,-88.0,0.44745874404907227,0.2666666805744171,False,False,1
1463,layer3.shortcut.0,element,2,"(6, 2, 6)",1,0.005,True,0.86,0.0050000000000000044,False,,252,-384.0,-256.0,0.5849628448486328,0.3333333432674408,False,False,1
1464,layer3.shortcut.0,element,3,"(63, 1, 3)",0,0.0,False,0.865,0.0,False,,240,-128.0,-256.0,1.0,1.0,False,False,1
1465,layer3.shortcut.0,element,4,"(38, 3, 4)",0,0.0,False,0.865,0.0,False,,215,-15.0,-3.75,2.0,0.75,False,False,1
1466,layer3.shortcut.0,element,5,"(51, 0, 2)",0,0.0,False,0.865,0.0,False,,104,64.0,4.0,4.0,0.9375,False,False,1
1467,layer3.shortcut.0,element,4,"(29, 1, 6)",0,0.0,False,0.865,0.0,False,,110,112.0,448.0,2.0,3.0,False,False,1
1468,layer3.shortcut.0,element,5,"(4, 1, 5)",0,0.0,False,0.865,0.0,False,,107,88.0,5.5,4.0,0.9375,False,False,1
1469,layer3.shortcut.0,element,2,"(27, 3, 4)",0,0.0,False,0.865,0.0,False,,105,72.0,104.0,0.5305147171020508,0.4444444477558136,False,False,1
1470,layer3.shortcut.0,element,5,"(31, 2, 5)",0,0.0,False,0.865,0.0,False,,238,-112.0,-7.0,4.0,0.9375,False,False,1
1471,layer3.shortcut.0,element,6,"(26, 3, 1)",0,0.0,False,0.865,0.0,False,,235,-88.0,-0.34375,8.0,0.99609375,False,False,1
1472,layer3.shortcut.0,element,0,"(14, 3, 7)",0,0.0,False,0.865,0.0,False,,118,224.0,240.0,0.09953546524047852,0.0714285746216774,False,False,1
1473,layer3.shortcut.0,element,0,"(13, 1, 0)",0,0.0,False,0.865,0.0,False,,249,-288.0,-256.0,0.16992473602294922,0.1111111119389534,False,False,1
1474,layer3.shortcut.0,element,1,"(6, 2, 1)",0,0.0,False,0.865,0.0,False,,98,40.0,32.0,0.3219280242919922,0.20000000298023224,False,False,1
1475,layer3.shortcut.0,element,2,"(31, 3, 3)",0,0.0,False,0.865,0.0,False,,227,-44.0,-60.0,0.44745874404907227,0.3636363744735718,False,False,1
1476,layer3.shortcut.0,element,2,"(12, 1, 7)",1,0.005,True,0.86,0.0050000000000000044,False,,252,-384.0,-256.0,0.5849628448486328,0.3333333432674408,False,False,1
1477,layer3.shortcut.0,element,6,"(40, 0, 1)",0,0.0,False,0.865,0.0,False,,237,-104.0,-0.40625,8.0,0.99609375,False,False,1
1478,layer3.shortcut.0,element,2,"(15, 3, 4)",0,0.0,False,0.865,0.0,False,,230,-56.0,-40.0,0.4854269027709961,0.2857142984867096,False,False,1
1479,layer3.shortcut.0,element,7,"(27, 3, 3)",0,0.0,False,0.865,0.0,False,,232,-64.0,64.0,0.0,2.0,True,False,1
1480,layer3.shortcut.0,element,6,"(61, 1, 5)",0,0.0,False,0.865,0.0,False,,227,-44.0,-0.171875,8.0,0.99609375,False,False,1
1481,layer3.shortcut.0,element,7,"(33, 2, 1)",1,0.005,True,0.86,0.0050000000000000044,False,,249,-288.0,288.0,0.0,2.0,True,False,1
1482,layer3.shortcut.0,element,7,"(47, 2, 5)",0,0.0,False,0.865,0.0,False,,234,-80.0,80.0,0.0,2.0,True,False,1
1483,layer3.shortcut.0,element,0,"(43, 2, 4)",0,0.0,False,0.865,0.0,False,,121,288.0,256.0,0.16992473602294922,0.1111111119389534,False,False,1
1484,layer3.shortcut.0,element,5,"(54, 2, 2)",0,0.0,False,0.865,0.0,False,,111,120.0,7.5,3.999999761581421,0.9375,False,False,1
1485,layer3.shortcut.0,element,6,"(3, 2, 2)",0,0.0,False,0.865,0.0,False,,124,384.0,1.5,8.0,0.99609375,False,False,1
1486,layer3.shortcut.0,element,0,"(44, 2, 7)",0,0.0,False,0.865,0.0,False,,77,6.5,6.0,0.11547708511352539,0.07692307978868484,False,False,1
1487,fc,element,5,"(1, 5, 1)",0,0.0,False,0.865,0.0,False,,242,-160.0,-10.0,4.0,0.9375,False,False,1
1488,fc,element,2,"(2, 7, 6)",0,0.0,False,0.865,0.0,False,,103,60.0,44.0,0.44745874404907227,0.2666666805744171,False,False,1
1489,fc,element,6,"(2, 0, 4)",0,0.0,False,0.865,0.0,False,,235,-88.0,-0.34375,8.0,0.99609375,False,False,1
1490,fc,element,2,"(8, 0, 1)",0,0.0,False,0.865,0.0,False,,118,224.0,160.0,0.4854269027709961,0.2857142984867096,False,False,1
1491,fc,element,2,"(1, 2, 5)",0,0.0,False,0.865,0.0,False,,235,-88.0,-120.0,0.44745874404907227,0.3636363744735718,False,False,1
1492,fc,element,7,"(9, 1, 7)",1,0.005,True,0.87,-0.0050000000000000044,False,,242,-160.0,160.0,0.0,2.0,True,False,1
1493,fc,element,1,"(3, 4, 4)",0,0.0,False,0.865,0.0,False,,113,144.0,176.0,0.2895064353942871,0.2222222238779068,False,False,1
1494,fc,element,7,"(5, 7, 4)",1,0.005,True,0.86,0.0050000000000000044,False,,222,-28.0,28.0,0.0,2.0,True,False,1
1495,fc,element,0,"(4, 0, 5)",0,0.0,False,0.865,0.0,False,,118,224.0,240.0,0.09953546524047852,0.0714285746216774,False,False,1
1496,fc,element,0,"(3, 3, 7)",1,0.005,True,0.86,0.0050000000000000044,False,,117,208.0,192.0,0.1154775619506836,0.07692307978868484,False,False,1
1497,fc,element,1,"(8, 5, 1)",0,0.0,False,0.865,0.0,False,,219,-22.0,-18.0,0.2895064353942871,0.1818181872367859,False,False,1
1498,fc,element,4,"(3, 4, 3)",8,0.04,True,0.86,0.0050000000000000044,False,,124,384.0,96.0,2.000000476837158,0.75,False,False,1
1499,fc,element,6,"(9, 6, 2)",1,0.005,True,0.86,0.0050000000000000044,False,,122,320.0,1.25,8.0,0.99609375,False,False,1
