i,tensor,site,bit,index,changed,change_rate,sdc,accuracy,acc_drop,nonfinite,weight,code,value_before,value_after,log_severity,rel_error,sign_flip,to_nonfinite,blast_radius
0,stages.0.0.0,element,5,"(8, 6, 21)",0,0.0,False,0.93,0.0,False,,233,-72.0,-4.5,4.0,0.9375,False,False,1
1,stages.0.0.0,element,3,"(24, 3, 11)",0,0.0,False,0.93,0.0,False,,210,-10.0,-20.0,1.0,1.0,False,False,1
2,stages.0.0.0,element,0,"(45, 0, 46)",0,0.0,False,0.93,0.0,False,,229,-52.0,-48.0,0.1154775619506836,0.07692307978868484,False,False,1
3,stages.0.0.0,element,1,"(40, 4, 30)",0,0.0,False,0.93,0.0,False,,92,24.0,28.0,0.22239255905151367,0.1666666716337204,False,False,1
4,stages.0.0.0,element,4,"(33, 6, 39)",0,0.0,False,0.93,0.0,False,,236,-96.0,-384.0,2.000000476837158,3.0,False,False,1
5,stages.0.0.0,element,5,"(30, 4, 49)",0,0.0,False,0.93,0.0,False,,204,-6.0,-96.0,3.999999761581421,15.0,False,False,1
6,stages.0.0.0,element,4,"(2, 0, 9)",0,0.0,False,0.93,0.0,False,,72,4.0,16.0,2.0,3.0,False,False,1
7,stages.0.1.0,element,0,"(29, 2, 54)",0,0.0,False,0.93,0.0,False,,223,-30.0,-28.0,0.09953546524047852,0.06666667014360428,False,False,1
8,stages.0.1.0,element,0,"(41, 5, 36)",0,0.0,False,0.93,0.0,False,,32,0.125,0.140625,0.16992497444152832,0.125,False,False,1
9,stages.0.1.0,element,5,"(32, 6, 17)",0,0.0,False,0.93,0.0,False,,219,-22.0,-352.0,4.0,15.0,False,False,1
10,stages.0.1.0,element,3,"(17, 2, 19)",0,0.0,False,0.93,0.0,False,,77,6.5,3.25,1.0,0.5,False,False,1
11,stages.0.1.0,element,4,"(30, 5, 58)",0,0.0,False,0.93,0.0,False,,240,-128.0,-32.0,2.0,0.75,False,False,1
12,stages.0.1.0,element,2,"(28, 4, 51)",0,0.0,False,0.93,0.0,False,,43,0.34375,0.46875,0.44745898246765137,0.3636363744735718,False,False,1
13,stages.1.0.0,element,7,"(21, 4, 30)",0,0.0,False,0.93,0.0,False,,231,-60.0,60.0,0.0,2.0,True,False,1
14,stages.1.0.0,element,3,"(14, 2, 53)",0,0.0,False,0.93,0.0,False,,69,3.25,6.5,1.0,1.0,False,False,1
15,stages.1.0.0,element,4,"(36, 4, 17)",0,0.0,False,0.93,0.0,False,,244,-192.0,-48.0,2.0,0.75,False,False,1
16,stages.1.0.0,element,3,"(78, 2, 31)",0,0.0,False,0.93,0.0,False,,202,-5.0,-2.5,0.9999998807907104,0.5,False,False,1
17,stages.1.0.0,element,4,"(38, 3, 22)",0,0.0,False,0.93,0.0,False,,88,16.0,4.0,2.0,0.75,False,False,1
18,stages.1.0.0,element,3,"(36, 2, 56)",0,0.0,False,0.93,0.0,False,,111,120.0,60.0,1.0,0.5,False,False,1
19,stages.1.0.0,element,5,"(55, 1, 38)",0,0.0,False,0.93,0.0,False,,206,-7.0,-112.0,4.0,15.0,False,False,1
20,stages.1.1.0,element,1,"(52, 7, 6)",0,0.0,False,0.93,0.0,False,,229,-52.0,-60.0,0.2064504623413086,0.1538461595773697,False,False,1
21,stages.1.1.0,element,0,"(64, 12, 43)",0,0.0,False,0.93,0.0,False,,100,48.0,52.0,0.1154775619506836,0.0833333358168602,False,False,1
22,stages.1.1.0,element,5,"(91, 11, 29)",0,0.0,False,0.93,0.0,False,,248,-256.0,-16.0,4.0,0.9375,False,False,1
23,stages.1.1.0,element,0,"(14, 6, 26)",0,0.0,False,0.93,0.0,False,,94,28.0,30.0,0.09953546524047852,0.0714285746216774,False,False,1
24,stages.1.1.0,element,2,"(53, 12, 24)",0,0.0,False,0.93,0.0,False,,229,-52.0,-36.0,0.5305147171020508,0.3076923191547394,False,False,1
25,stages.1.1.0,element,3,"(42, 3, 41)",0,0.0,False,0.93,0.0,False,,78,7.0,3.5,1.0,0.5,False,False,1
26,stages.1.1.0,element,6,"(34, 4, 61)",0,0.0,False,0.93,0.0,False,,218,-20.0,-0.078125,8.0,0.99609375,False,False,1
27,stages.1.1.0,element,0,"(22, 13, 30)",0,0.0,False,0.93,0.0,False,,113,144.0,128.0,0.16992521286010742,0.1111111119389534,False,False,1
28,stages.1.1.0,element,5,"(5, 0, 14)",0,0.0,False,0.93,0.0,False,,78,7.0,112.0,4.0,15.0,False,False,1
29,stages.1.1.0,element,4,"(38, 8, 40)",0,0.0,False,0.93,0.0,False,,227,-44.0,-176.0,2.0,3.0,False,False,1
30,stages.1.1.0,element,1,"(79, 4, 12)",0,0.0,False,0.93,0.0,False,,94,28.0,24.0,0.22239255905151367,0.1428571492433548,False,False,1
31,stages.1.1.0,element,6,"(9, 3, 53)",0,0.0,False,0.93,0.0,False,,66,2.5,0.00390625,9.321928024291992,0.9984375238418579,False,False,1
32,stages.1.1.0,element,6,"(38, 13, 20)",0,0.0,False,0.93,0.0,False,,219,-22.0,-0.0859375,8.0,0.99609375,False,False,1
33,stages.1.1.0,element,3,"(92, 12, 19)",0,0.0,False,0.93,0.0,False,,91,22.0,11.0,1.0,0.5,False,False,1
34,stages.1.1.0,element,7,"(91, 4, 38)",0,0.0,False,0.93,0.0,False,,229,-52.0,52.0,0.0,2.0,True,False,1
35,stages.1.2.0,element,3,"(58, 3, 31)",0,0.0,False,0.93,0.0,False,,227,-44.0,-88.0,1.0,1.0,False,False,1
36,stages.1.2.0,element,1,"(86, 10, 30)",0,0.0,False,0.93,0.0,False,,105,72.0,88.0,0.2895064353942871,0.2222222238779068,False,False,1
37,stages.1.2.0,element,1,"(92, 2, 58)",0,0.0,False,0.93,0.0,False,,218,-20.0,-16.0,0.3219280242919922,0.20000000298023224,False,False,1
38,stages.1.2.0,element,5,"(54, 9, 22)",0,0.0,False,0.93,0.0,False,,229,-52.0,-3.25,4.0,0.9375,False,False,1
39,stages.1.2.0,element,0,"(26, 12, 63)",0,0.0,False,0.93,0.0,False,,76,6.0,6.5,0.11547708511352539,0.0833333358168602,False,False,1
40,stages.1.2.0,element,7,"(13, 13, 1)",0,0.0,False,0.93,0.0,False,,95,30.0,-30.0,0.0,2.0,True,False,1
41,stages.1.2.0,element,7,"(54, 0, 28)",0,0.0,False,0.93,0.0,False,,82,10.0,-10.0,0.0,2.0,True,False,1
42,stages.1.2.0,element,4,"(18, 6, 27)",0,0.0,False,0.93,0.0,False,,228,-48.0,-192.0,2.0,3.0,False,False,1
43,stages.1.2.0,element,3,"(72, 0, 18)",0,0.0,False,0.93,0.0,False,,212,-12.0,-24.0,0.9999997615814209,1.0,False,False,1
44,stages.1.2.0,element,6,"(89, 1, 4)",0,0.0,False,0.93,0.0,False,,81,9.0,0.03515625,8.0,0.99609375,False,False,1
45,stages.1.2.0,element,4,"(23, 7, 38)",0,0.0,False,0.93,0.0,False,,82,10.0,2.5,1.9999998807907104,0.75,False,False,1
46,stages.1.2.0,element,3,"(53, 0, 20)",0,0.0,False,0.93,0.0,False,,212,-12.0,-24.0,0.9999997615814209,1.0,False,False,1
47,stages.1.2.0,element,2,"(4, 9, 46)",0,0.0,False,0.93,0.0,False,,115,176.0,240.0,0.44745874404907227,0.3636363744735718,False,False,1
48,stages.1.2.0,element,3,"(17, 4, 31)",0,0.0,False,0.93,0.0,False,,196,-3.0,-6.0,1.0000001192092896,1.0,False,False,1
49,stages.1.2.0,element,6,"(36, 2, 52)",1,0.005,True,0.935,-0.0050000000000000044,False,,90,20.0,0.078125,8.0,0.99609375,False,False,1
50,stages.1.2.0,element,0,"(84, 11, 47)",0,0.0,False,0.93,0.0,False,,200,-4.0,-4.5,0.16992497444152832,0.125,False,False,1
51,stages.1.2.0,element,0,"(93, 0, 62)",0,0.0,False,0.93,0.0,False,,198,-3.5,-3.75,0.09953570365905762,0.0714285746216774,False,False,1
52,stages.1.2.0,element,5,"(61, 7, 62)",0,0.0,False,0.93,0.0,False,,227,-44.0,-2.75,4.0,0.9375,False,False,1
53,stages.1.2.0,element,2,"(56, 0, 9)",0,0.0,False,0.93,0.0,False,,83,11.0,15.0,0.44745898246765137,0.3636363744735718,False,False,1
54,stages.1.2.0,element,6,"(54, 9, 20)",0,0.0,False,0.93,0.0,False,,98,40.0,0.15625,8.0,0.99609375,False,False,1
55,stages.1.2.0,element,0,"(5, 11, 3)",0,0.0,False,0.93,0.0,False,,77,6.5,6.0,0.11547708511352539,0.07692307978868484,False,False,1
56,stages.1.2.0,element,7,"(36, 1, 42)",1,0.005,True,0.935,-0.0050000000000000044,False,,108,96.0,-96.0,0.0,2.0,True,False,1
57,stages.1.2.0,element,0,"(94, 5, 24)",0,0.0,False,0.93,0.0,False,,238,-112.0,-120.0,0.09953546524047852,0.0714285746216774,False,False,1
58,stages.1.3.0,element,3,"(39, 12, 24)",0,0.0,False,0.93,0.0,False,,224,-32.0,-64.0,1.0,1.0,False,False,1
59,stages.1.3.0,element,6,"(92, 11, 27)",0,0.0,False,0.93,0.0,False,,227,-44.0,-0.171875,8.0,0.99609375,False,False,1
60,stages.1.3.0,element,5,"(10, 5, 39)",0,0.0,False,0.93,0.0,False,,89,18.0,288.0,3.999999523162842,15.0,False,False,1
61,stages.1.3.0,element,2,"(63, 1, 61)",0,0.0,False,0.93,0.0,False,,221,-26.0,-18.0,0.5305147171020508,0.3076923191547394,False,False,1
62,stages.1.3.0,element,0,"(69, 11, 53)",0,0.0,False,0.93,0.0,False,,229,-52.0,-48.0,0.1154775619506836,0.07692307978868484,False,False,1
63,stages.1.3.0,element,4,"(41, 1, 30)",0,0.0,False,0.93,0.0,False,,245,-208.0,-52.0,2.0,0.75,False,False,1
64,stages.1.3.0,element,2,"(7, 7, 58)",0,0.0,False,0.93,0.0,False,,225,-36.0,-52.0,0.5305147171020508,0.4444444477558136,False,False,1
65,stages.1.3.0,element,5,"(50, 3, 49)",0,0.0,False,0.93,0.0,False,,230,-56.0,-3.5,4.0,0.9375,False,False,1
66,stages.2.0.0,element,6,"(165, 11, 33)",0,0.0,False,0.93,0.0,False,,219,-22.0,-0.0859375,8.0,0.99609375,False,False,1
67,stages.2.0.0,element,5,"(68, 3, 14)",0,0.0,False,0.93,0.0,False,,236,-96.0,-6.0,3.999999761581421,0.9375,False,False,1
68,stages.2.0.0,element,3,"(173, 6, 3)",0,0.0,False,0.93,0.0,False,,96,32.0,64.0,1.0,1.0,False,False,1
69,stages.2.0.0,element,6,"(99, 9, 0)",0,0.0,False,0.93,0.0,False,,74,5.0,0.01953125,8.0,0.99609375,False,False,1
70,stages.2.0.0,element,7,"(101, 12, 26)",0,0.0,False,0.93,0.0,False,,201,-4.5,4.5,0.0,2.0,True,False,1
71,stages.2.0.0,element,4,"(146, 12, 33)",0,0.0,False,0.93,0.0,False,,175,-0.46875,-1.875,2.0,3.0,False,False,1
72,stages.2.0.0,element,0,"(151, 6, 58)",0,0.0,False,0.93,0.0,False,,90,20.0,22.0,0.13750362396240234,0.10000000149011612,False,False,1
73,stages.2.0.0,element,5,"(174, 7, 37)",1,0.005,True,0.935,-0.0050000000000000044,False,,222,-28.0,-448.0,4.0,15.0,False,False,1
74,stages.2.0.0,element,1,"(191, 11, 24)",0,0.0,False,0.93,0.0,False,,113,144.0,176.0,0.2895064353942871,0.2222222238779068,False,False,1
75,stages.2.0.0,element,1,"(29, 0, 3)",0,0.0,False,0.93,0.0,False,,225,-36.0,-44.0,0.2895064353942871,0.2222222238779068,False,False,1
76,stages.2.0.0,element,1,"(79, 2, 61)",0,0.0,False,0.93,0.0,False,,176,-0.5,-0.625,0.32192808389663696,0.25,False,False,1
77,stages.2.0.0,element,1,"(179, 2, 59)",0,0.0,False,0.93,0.0,False,,105,72.0,88.0,0.2895064353942871,0.2222222238779068,False,False,1
78,stages.2.0.0,element,7,"(59, 0, 60)",0,0.0,False,0.93,0.0,False,,99,44.0,-44.0,0.0,2.0,True,False,1
79,stages.2.0.0,element,2,"(0, 13, 27)",200,1.0,True,0.0,0.93,True,,251,-352.0,,inf,inf,False,True,1
80,stages.2.0.0,element,0,"(110, 8, 12)",0,0.0,False,0.93,0.0,False,,81,9.0,8.0,0.16992497444152832,0.1111111119389534,False,False,1
81,stages.2.0.0,element,1,"(144, 7, 45)",0,0.0,False,0.93,0.0,False,,198,-3.5,-3.0,0.22239243984222412,0.1428571492433548,False,False,1
82,stages.2.0.0,element,3,"(142, 9, 8)",0,0.0,False,0.93,0.0,False,,210,-10.0,-20.0,1.0,1.0,False,False,1
83,stages.2.0.0,element,2,"(155, 8, 24)",0,0.0,False,0.93,0.0,False,,226,-40.0,-56.0,0.4854269027709961,0.4000000059604645,False,False,1
84,stages.2.0.0,element,2,"(123, 8, 22)",0,0.0,False,0.93,0.0,False,,74,5.0,7.0,0.4854269027709961,0.4000000059604645,False,False,1
85,stages.2.0.0,element,7,"(26, 3, 31)",0,0.0,False,0.93,0.0,False,,94,28.0,-28.0,0.0,2.0,True,False,1
86,stages.2.0.0,element,6,"(162, 8, 48)",0,0.0,False,0.93,0.0,False,,235,-88.0,-0.34375,8.0,0.99609375,False,False,1
87,stages.2.0.0,element,4,"(80, 5, 51)",0,0.0,False,0.93,0.0,False,,107,88.0,352.0,2.0,3.0,False,False,1
88,stages.2.0.0,element,7,"(162, 9, 30)",0,0.0,False,0.93,0.0,False,,105,72.0,-72.0,0.0,2.0,True,False,1
89,stages.2.0.0,element,2,"(156, 7, 9)",0,0.0,False,0.93,0.0,False,,99,44.0,60.0,0.44745874404907227,0.3636363744735718,False,False,1
90,stages.2.0.0,element,1,"(186, 4, 20)",0,0.0,False,0.93,0.0,False,,220,-24.0,-28.0,0.22239255905151367,0.1666666716337204,False,False,1
91,stages.2.0.0,element,2,"(2, 9, 63)",0,0.0,False,0.93,0.0,False,,106,80.0,112.0,0.4854269027709961,0.4000000059604645,False,False,1
92,stages.2.1.0,element,5,"(17, 3, 61)",0,0.0,False,0.93,0.0,False,,227,-44.0,-2.75,4.0,0.9375,False,False,1
93,stages.2.1.0,element,0,"(182, 21, 23)",0,0.0,False,0.93,0.0,False,,77,6.5,6.0,0.11547708511352539,0.07692307978868484,False,False,1
94,stages.2.1.0,element,5,"(42, 1, 13)",0,0.0,False,0.93,0.0,False,,100,48.0,3.0,4.0,0.9375,False,False,1
95,stages.2.1.0,element,3,"(85, 9, 11)",0,0.0,False,0.93,0.0,False,,235,-88.0,-44.0,1.0,0.5,False,False,1
96,stages.2.1.0,element,0,"(38, 22, 12)",0,0.0,False,0.93,0.0,False,,217,-18.0,-16.0,0.16992521286010742,0.1111111119389534,False,False,1
97,stages.2.1.0,element,6,"(188, 6, 23)",0,0.0,False,0.93,0.0,False,,97,36.0,0.140625,8.0,0.99609375,False,False,1
98,stages.2.1.0,element,5,"(30, 9, 25)",0,0.0,False,0.93,0.0,False,,210,-10.0,-160.0,4.0,15.0,False,False,1
99,stages.2.1.0,element,6,"(98, 26, 30)",0,0.0,False,0.93,0.0,False,,100,48.0,0.1875,8.0,0.99609375,False,False,1
100,stages.2.1.0,element,7,"(182, 13, 41)",0,0.0,False,0.93,0.0,False,,228,-48.0,48.0,0.0,2.0,True,False,1
101,stages.2.1.0,element,5,"(100, 1, 46)",0,0.0,False,0.93,0.0,False,,233,-72.0,-4.5,4.0,0.9375,False,False,1
102,stages.2.1.0,element,6,"(172, 16, 5)",0,0.0,False,0.93,0.0,False,,97,36.0,0.140625,8.0,0.99609375,False,False,1
103,stages.2.1.0,element,0,"(172, 3, 42)",0,0.0,False,0.93,0.0,False,,202,-5.0,-5.5,0.13750362396240234,0.10000000149011612,False,False,1
104,stages.2.1.0,element,7,"(147, 12, 3)",0,0.0,False,0.93,0.0,False,,210,-10.0,10.0,0.0,2.0,True,False,1
105,stages.2.1.0,element,7,"(142, 16, 32)",1,0.005,True,0.935,-0.0050000000000000044,False,,96,32.0,-32.0,0.0,2.0,True,False,1
106,stages.2.1.0,element,5,"(110, 19, 10)",1,0.005,True,0.935,-0.0050000000000000044,False,,216,-16.0,-256.0,4.0,15.0,False,False,1
107,stages.2.1.0,element,6,"(111, 13, 6)",0,0.0,False,0.93,0.0,False,,84,12.0,0.046875,8.0,0.99609375,False,False,1
108,stages.2.1.0,element,5,"(159, 16, 48)",0,0.0,False,0.93,0.0,False,,96,32.0,2.0,4.0,0.9375,False,False,1
109,stages.2.1.0,element,7,"(81, 24, 48)",0,0.0,False,0.93,0.0,False,,83,11.0,-11.0,0.0,2.0,True,False,1
110,stages.2.1.0,element,7,"(181, 15, 52)",0,0.0,False,0.93,0.0,False,,246,-224.0,224.0,0.0,2.0,True,False,1
111,stages.2.1.0,element,4,"(168, 16, 33)",1,0.005,True,0.935,-0.0050000000000000044,False,,238,-112.0,-448.0,2.0,3.0,False,False,1
112,stages.2.1.0,element,6,"(71, 23, 56)",0,0.0,False,0.93,0.0,False,,220,-24.0,-0.09375,8.0,0.99609375,False,False,1
113,stages.2.1.0,element,7,"(79, 0, 62)",0,0.0,False,0.93,0.0,False,,100,48.0,-48.0,0.0,2.0,True,False,1
114,stages.2.1.0,element,2,"(137, 4, 25)",0,0.0,False,0.93,0.0,False,,237,-104.0,-72.0,0.5305147171020508,0.3076923191547394,False,False,1
115,stages.2.1.0,element,0,"(177, 4, 37)",0,0.0,False,0.93,0.0,False,,74,5.0,5.5,0.13750362396240234,0.10000000149011612,False,False,1
116,stages.2.1.0,element,1,"(18, 14, 22)",0,0.0,False,0.93,0.0,False,,194,-2.5,-2.0,0.32192814350128174,0.20000000298023224,False,False,1
117,stages.2.1.0,element,0,"(13, 5, 14)",0,0.0,False,0.93,0.0,False,,82,10.0,11.0,0.13750362396240234,0.10000000149011612,False,False,1
118,stages.2.1.0,element,3,"(47, 17, 17)",0,0.0,False,0.93,0.0,False,,230,-56.0,-112.0,1.0,1.0,False,False,1
119,stages.2.1.0,element,0,"(82, 15, 6)",0,0.0,False,0.93,0.0,False,,232,-64.0,-72.0,0.16992521286010742,0.125,False,False,1
120,stages.2.1.0,element,2,"(31, 6, 39)",0,0.0,False,0.93,0.0,False,,100,48.0,32.0,0.5849623680114746,0.3333333432674408,False,False,1
121,stages.2.1.0,element,2,"(99, 20, 10)",0,0.0,False,0.93,0.0,False,,209,-9.0,-13.0,0.5305147171020508,0.4444444477558136,False,False,1
122,stages.2.1.0,element,5,"(103, 25, 5)",0,0.0,False,0.93,0.0,False,,104,64.0,4.0,4.0,0.9375,False,False,1
123,stages.2.1.0,element,1,"(182, 15, 42)",0,0.0,False,0.93,0.0,False,,226,-40.0,-32.0,0.3219280242919922,0.20000000298023224,False,False,1
124,stages.2.1.0,element,7,"(143, 5, 5)",0,0.0,False,0.93,0.0,False,,213,-13.0,13.0,0.0,2.0,True,False,1
125,stages.2.1.0,element,1,"(48, 5, 11)",0,0.0,False,0.93,0.0,False,,157,-0.1015625,-0.1171875,0.2064509391784668,0.1538461595773697,False,False,1
126,stages.2.1.0,element,7,"(151, 0, 9)",0,0.0,False,0.93,0.0,False,,229,-52.0,52.0,0.0,2.0,True,False,1
127,stages.2.1.0,element,4,"(154, 20, 32)",0,0.0,False,0.93,0.0,False,,208,-8.0,-2.0,2.0,0.75,False,False,1
128,stages.2.1.0,element,1,"(130, 14, 16)",0,0.0,False,0.93,0.0,False,,99,44.0,36.0,0.2895064353942871,0.1818181872367859,False,False,1
129,stages.2.1.0,element,0,"(129, 23, 52)",0,0.0,False,0.93,0.0,False,,232,-64.0,-72.0,0.16992521286010742,0.125,False,False,1
130,stages.2.1.0,element,2,"(59, 14, 5)",0,0.0,False,0.93,0.0,False,,225,-36.0,-52.0,0.5305147171020508,0.4444444477558136,False,False,1
131,stages.2.1.0,element,4,"(137, 18, 23)",0,0.0,False,0.93,0.0,False,,233,-72.0,-288.0,1.9999995231628418,3.0,False,False,1
132,stages.2.1.0,element,0,"(25, 23, 53)",0,0.0,False,0.93,0.0,False,,239,-120.0,-112.0,0.09953546524047852,0.06666667014360428,False,False,1
133,stages.2.1.0,element,1,"(120, 23, 61)",0,0.0,False,0.93,0.0,False,,209,-9.0,-11.0,0.2895066738128662,0.2222222238779068,False,False,1
134,stages.2.1.0,element,0,"(176, 22, 55)",0,0.0,False,0.93,0.0,False,,95,30.0,28.0,0.09953546524047852,0.06666667014360428,False,False,1
135,stages.2.1.0,element,5,"(186, 14, 36)",0,0.0,False,0.93,0.0,False,,230,-56.0,-3.5,4.0,0.9375,False,False,1
136,stages.2.1.0,element,0,"(57, 6, 55)",0,0.0,False,0.93,0.0,False,,237,-104.0,-96.0,0.1154775619506836,0.07692307978868484,False,False,1
137,stages.2.1.0,element,0,"(63, 23, 39)",0,0.0,False,0.93,0.0,False,,102,56.0,60.0,0.09953546524047852,0.0714285746216774,False,False,1
138,stages.2.1.0,element,3,"(118, 22, 55)",0,0.0,False,0.93,0.0,False,,100,48.0,96.0,1.0,1.0,False,False,1
139,stages.2.1.0,element,2,"(76, 12, 42)",0,0.0,False,0.93,0.0,False,,105,72.0,104.0,0.5305147171020508,0.4444444477558136,False,False,1
140,stages.2.1.0,element,4,"(140, 10, 4)",0,0.0,False,0.93,0.0,False,,231,-60.0,-240.0,2.0,3.0,False,False,1
141,stages.2.1.0,element,7,"(38, 25, 57)",1,0.005,True,0.935,-0.0050000000000000044,False,,228,-48.0,48.0,0.0,2.0,True,False,1
142,stages.2.1.0,element,6,"(32, 11, 63)",0,0.0,False,0.93,0.0,False,,89,18.0,0.0703125,8.0,0.99609375,False,False,1
143,stages.2.1.0,element,4,"(9, 19, 54)",0,0.0,False,0.93,0.0,False,,243,-176.0,-44.0,2.0,0.75,False,False,1
144,stages.2.1.0,element,5,"(90, 3, 48)",0,0.0,False,0.93,0.0,False,,101,52.0,3.25,4.0,0.9375,False,False,1
145,stages.2.1.0,element,6,"(40, 23, 45)",0,0.0,False,0.93,0.0,False,,228,-48.0,-0.1875,8.0,0.99609375,False,False,1
146,stages.2.1.0,element,3,"(57, 13, 53)",0,0.0,False,0.93,0.0,False,,233,-72.0,-36.0,1.0,0.5,False,False,1
147,stages.2.1.0,element,5,"(175, 20, 49)",0,0.0,False,0.93,0.0,False,,78,7.0,112.0,4.0,15.0,False,False,1
148,stages.2.1.0,element,1,"(156, 9, 16)",0,0.0,False,0.93,0.0,False,,93,26.0,30.0,0.2064504623413086,0.1538461595773697,False,False,1
149,stages.2.1.0,element,4,"(161, 8, 27)",0,0.0,False,0.93,0.0,False,,190,-1.75,-0.4375,2.0,0.75,False,False,1
150,stages.2.1.0,element,1,"(113, 24, 28)",0,0.0,False,0.93,0.0,False,,100,48.0,56.0,0.22239255905151367,0.1666666716337204,False,False,1
151,stages.2.1.0,element,1,"(21, 15, 45)",0,0.0,False,0.93,0.0,False,,227,-44.0,-36.0,0.2895064353942871,0.1818181872367859,False,False,1
152,stages.2.1.0,element,6,"(143, 9, 54)",0,0.0,False,0.93,0.0,False,,198,-3.5,-0.01171875,8.222393035888672,0.9966517686843872,False,False,1
153,stages.2.1.0,element,4,"(115, 24, 63)",0,0.0,False,0.93,0.0,False,,92,24.0,6.0,1.999999761581421,0.75,False,False,1
154,stages.2.1.0,element,3,"(174, 13, 3)",0,0.0,False,0.93,0.0,False,,200,-4.0,-2.0,1.0,0.5,False,False,1
155,stages.2.1.0,element,0,"(92, 0, 9)",0,0.0,False,0.93,0.0,False,,210,-10.0,-11.0,0.13750362396240234,0.10000000149011612,False,False,1
156,stages.2.1.0,element,1,"(33, 6, 39)",0,0.0,False,0.93,0.0,False,,103,60.0,52.0,0.2064504623413086,0.13333334028720856,False,False,1
157,stages.2.1.0,element,6,"(114, 4, 54)",0,0.0,False,0.93,0.0,False,,113,144.0,0.5625,8.0,0.99609375,False,False,1
158,stages.2.1.0,element,3,"(87, 15, 30)",0,0.0,False,0.93,0.0,False,,105,72.0,36.0,1.0,0.5,False,False,1
159,stages.2.1.0,element,7,"(126, 15, 43)",0,0.0,False,0.93,0.0,False,,114,160.0,-160.0,0.0,2.0,True,False,1
160,stages.2.1.0,element,7,"(72, 3, 45)",1,0.005,True,0.935,-0.0050000000000000044,False,,108,96.0,-96.0,0.0,2.0,True,False,1
161,stages.2.1.0,element,6,"(58, 23, 46)",0,0.0,False,0.93,0.0,False,,225,-36.0,-0.140625,8.0,0.99609375,False,False,1
162,stages.2.1.0,element,0,"(24, 0, 18)",0,0.0,False,0.93,0.0,False,,233,-72.0,-64.0,0.16992521286010742,0.1111111119389534,False,False,1
163,stages.2.1.0,element,0,"(184, 15, 41)",0,0.0,False,0.93,0.0,False,,242,-160.0,-176.0,0.13750362396240234,0.10000000149011612,False,False,1
164,stages.2.1.0,element,4,"(144, 26, 3)",0,0.0,False,0.93,0.0,False,,234,-80.0,-320.0,2.0,3.0,False,False,1
165,stages.2.1.0,element,2,"(89, 11, 58)",0,0.0,False,0.93,0.0,False,,59,1.375,1.875,0.447458952665329,0.3636363744735718,False,False,1
166,stages.2.1.0,element,6,"(45, 0, 14)",0,0.0,False,0.93,0.0,False,,92,24.0,0.09375,8.0,0.99609375,False,False,1
167,stages.2.1.0,element,2,"(120, 16, 4)",0,0.0,False,0.93,0.0,False,,59,1.375,1.875,0.447458952665329,0.3636363744735718,False,False,1
168,stages.2.1.0,element,1,"(79, 3, 37)",0,0.0,False,0.93,0.0,False,,216,-16.0,-20.0,0.3219280242919922,0.25,False,False,1
169,stages.2.1.0,element,0,"(121, 26, 0)",0,0.0,False,0.93,0.0,False,,57,1.125,1.0,0.1699250042438507,0.1111111119389534,False,False,1
170,stages.2.1.0,element,2,"(17, 9, 7)",0,0.0,False,0.93,0.0,False,,226,-40.0,-56.0,0.4854269027709961,0.4000000059604645,False,False,1
171,stages.2.1.0,element,5,"(35, 8, 18)",0,0.0,False,0.93,0.0,False,,76,6.0,96.0,3.999999761581421,15.0,False,False,1
172,stages.2.2.0,element,4,"(24, 6, 25)",0,0.0,False,0.93,0.0,False,,101,52.0,208.0,2.0,3.0,False,False,1
173,stages.2.2.0,element,2,"(153, 3, 1)",0,0.0,False,0.93,0.0,False,,68,3.0,2.0,0.5849624872207642,0.3333333432674408,False,False,1
174,stages.2.2.0,element,1,"(58, 2, 49)",0,0.0,False,0.93,0.0,False,,96,32.0,40.0,0.3219280242919922,0.25,False,False,1
175,stages.2.2.0,element,5,"(60, 6, 21)",0,0.0,False,0.93,0.0,False,,211,-11.0,-176.0,4.0,15.0,False,False,1
176,stages.2.2.0,element,1,"(127, 6, 43)",0,0.0,False,0.93,0.0,False,,243,-176.0,-144.0,0.2895064353942871,0.1818181872367859,False,False,1
177,stages.2.2.0,element,1,"(165, 17, 51)",0,0.0,False,0.93,0.0,False,,96,32.0,40.0,0.3219280242919922,0.25,False,False,1
178,stages.2.2.0,element,2,"(83, 16, 63)",0,0.0,False,0.93,0.0,False,,98,40.0,56.0,0.4854269027709961,0.4000000059604645,False,False,1
179,stages.2.2.0,element,6,"(153, 1, 19)",0,0.0,False,0.93,0.0,False,,243,-176.0,-0.6875,8.0,0.99609375,False,False,1
180,stages.2.2.0,element,3,"(58, 15, 3)",0,0.0,False,0.93,0.0,False,,194,-2.5,-5.0,0.9999998807907104,1.0,False,False,1
181,stages.2.2.0,element,4,"(24, 21, 28)",1,0.005,True,0.935,-0.0050000000000000044,False,,249,-288.0,-72.0,1.9999995231628418,0.75,False,False,1
182,stages.2.2.0,element,0,"(159, 2, 1)",0,0.0,False,0.93,0.0,False,,89,18.0,16.0,0.16992521286010742,0.1111111119389534,False,False,1
183,stages.2.2.0,element,2,"(147, 6, 25)",0,0.0,False,0.93,0.0,False,,250,-320.0,-448.0,0.4854269027709961,0.4000000059604645,False,False,1
184,stages.2.2.0,element,6,"(144, 3, 45)",0,0.0,False,0.93,0.0,False,,102,56.0,0.21875,8.0,0.99609375,False,False,1
185,stages.2.2.0,element,6,"(169, 12, 32)",0,0.0,False,0.93,0.0,False,,224,-32.0,-0.125,8.0,0.99609375,False,False,1
186,stages.2.2.0,element,4,"(95, 17, 38)",0,0.0,False,0.93,0.0,False,,106,80.0,320.0,2.0,3.0,False,False,1
187,stages.2.2.0,element,7,"(37, 23, 45)",0,0.0,False,0.93,0.0,False,,90,20.0,-20.0,0.0,2.0,True,False,1
188,stages.2.2.0,element,2,"(112, 8, 48)",0,0.0,False,0.93,0.0,False,,215,-15.0,-11.0,0.44745898246765137,0.2666666805744171,False,False,1
189,stages.2.2.0,element,1,"(110, 3, 48)",0,0.0,False,0.93,0.0,False,,233,-72.0,-88.0,0.2895064353942871,0.2222222238779068,False,False,1
190,stages.2.2.0,element,0,"(74, 3, 15)",0,0.0,False,0.93,0.0,False,,227,-44.0,-40.0,0.13750362396240234,0.09090909361839294,False,False,1
191,stages.2.2.0,element,1,"(122, 17, 17)",0,0.0,False,0.93,0.0,False,,165,-0.203125,-0.234375,0.2064509391784668,0.1538461595773697,False,False,1
192,stages.2.2.0,element,6,"(50, 14, 13)",0,0.0,False,0.93,0.0,False,,90,20.0,0.078125,8.0,0.99609375,False,False,1
193,stages.2.2.0,element,7,"(116, 26, 50)",0,0.0,False,0.93,0.0,False,,239,-120.0,120.0,0.0,2.0,True,False,1
194,stages.2.2.0,element,1,"(152, 11, 5)",0,0.0,False,0.93,0.0,False,,222,-28.0,-24.0,0.22239255905151367,0.1428571492433548,False,False,1
195,stages.2.2.0,element,4,"(18, 12, 60)",0,0.0,False,0.93,0.0,False,,221,-26.0,-6.5,2.000000238418579,0.75,False,False,1
196,stages.2.2.0,element,1,"(87, 2, 51)",0,0.0,False,0.93,0.0,False,,217,-18.0,-22.0,0.2895064353942871,0.2222222238779068,False,False,1
197,stages.2.2.0,element,6,"(126, 25, 39)",0,0.0,False,0.93,0.0,False,,104,64.0,0.25,8.0,0.99609375,False,False,1
198,stages.2.2.0,element,1,"(9, 22, 32)",0,0.0,False,0.93,0.0,False,,73,4.5,5.5,0.2895066738128662,0.2222222238779068,False,False,1
199,stages.2.2.0,element,5,"(121, 9, 3)",0,0.0,False,0.93,0.0,False,,81,9.0,144.0,4.0,15.0,False,False,1
200,stages.2.2.0,element,0,"(175, 6, 1)",0,0.0,False,0.93,0.0,False,,93,26.0,24.0,0.1154775619506836,0.07692307978868484,False,False,1
201,stages.2.2.0,element,5,"(158, 5, 1)",0,0.0,False,0.93,0.0,False,,214,-14.0,-224.0,4.0,15.0,False,False,1
202,stages.2.2.0,element,7,"(131, 16, 23)",0,0.0,False,0.93,0.0,False,,113,144.0,-144.0,0.0,2.0,True,False,1
203,stages.2.2.0,element,5,"(154, 7, 26)",0,0.0,False,0.93,0.0,False,,101,52.0,3.25,4.0,0.9375,False,False,1
204,stages.2.2.0,element,2,"(69, 11, 62)",0,0.0,False,0.93,0.0,False,,228,-48.0,-32.0,0.5849623680114746,0.3333333432674408,False,False,1
205,stages.2.2.0,element,6,"(62, 22, 2)",0,0.0,False,0.93,0.0,False,,80,8.0,0.03125,8.0,0.99609375,False,False,1
206,stages.2.2.0,element,2,"(16, 1, 15)",0,0.0,False,0.93,0.0,False,,94,28.0,20.0,0.4854269027709961,0.2857142984867096,False,False,1
207,stages.2.2.0,element,6,"(138, 17, 5)",0,0.0,False,0.93,0.0,False,,114,160.0,0.625,8.0,0.99609375,False,False,1
208,stages.2.2.0,element,6,"(60, 9, 55)",0,0.0,False,0.93,0.0,False,,109,104.0,0.40625,8.0,0.99609375,False,False,1
209,stages.2.2.0,element,3,"(166, 13, 60)",0,0.0,False,0.93,0.0,False,,229,-52.0,-104.0,1.0,1.0,False,False,1
210,stages.2.2.0,element,4,"(89, 12, 33)",0,0.0,False,0.93,0.0,False,,212,-12.0,-3.0,2.0,0.75,False,False,1
211,stages.2.2.0,element,6,"(171, 12, 2)",0,0.0,False,0.93,0.0,False,,80,8.0,0.03125,8.0,0.99609375,False,False,1
212,stages.2.2.0,element,1,"(26, 14, 34)",0,0.0,False,0.93,0.0,False,,217,-18.0,-22.0,0.2895064353942871,0.2222222238779068,False,False,1
213,stages.2.2.0,element,0,"(31, 0, 17)",0,0.0,False,0.93,0.0,False,,112,128.0,144.0,0.16992521286010742,0.125,False,False,1
214,stages.2.2.0,element,3,"(66, 16, 32)",0,0.0,False,0.93,0.0,False,,231,-60.0,-120.0,1.0,1.0,False,False,1
215,stages.2.2.0,element,1,"(5, 3, 27)",0,0.0,False,0.93,0.0,False,,218,-20.0,-16.0,0.3219280242919922,0.20000000298023224,False,False,1
216,stages.2.2.0,element,7,"(94, 11, 45)",0,0.0,False,0.93,0.0,False,,214,-14.0,14.0,0.0,2.0,True,False,1
217,stages.2.2.0,element,6,"(124, 25, 50)",0,0.0,False,0.93,0.0,False,,217,-18.0,-0.0703125,8.0,0.99609375,False,False,1
218,stages.2.2.0,element,3,"(127, 0, 60)",0,0.0,False,0.93,0.0,False,,87,15.0,30.0,0.9999997615814209,1.0,False,False,1
219,stages.2.2.0,element,2,"(41, 5, 56)",0,0.0,False,0.93,0.0,False,,55,0.9375,0.6875,0.447458952665329,0.2666666805744171,False,False,1
220,stages.2.2.0,element,5,"(31, 14, 26)",0,0.0,False,0.93,0.0,False,,249,-288.0,-18.0,3.999999523162842,0.9375,False,False,1
221,stages.2.2.0,element,3,"(108, 6, 17)",0,0.0,False,0.93,0.0,False,,218,-20.0,-10.0,1.0,0.5,False,False,1
222,stages.2.2.0,element,0,"(121, 14, 43)",0,0.0,False,0.93,0.0,False,,214,-14.0,-15.0,0.09953570365905762,0.0714285746216774,False,False,1
223,stages.2.2.0,element,5,"(181, 10, 55)",0,0.0,False,0.93,0.0,False,,222,-28.0,-448.0,4.0,15.0,False,False,1
224,stages.2.2.0,element,5,"(171, 26, 48)",0,0.0,False,0.93,0.0,False,,236,-96.0,-6.0,3.999999761581421,0.9375,False,False,1
225,stages.2.2.0,element,0,"(72, 22, 25)",0,0.0,False,0.93,0.0,False,,213,-13.0,-12.0,0.11547708511352539,0.07692307978868484,False,False,1
226,stages.2.2.0,element,6,"(31, 1, 16)",0,0.0,False,0.93,0.0,False,,105,72.0,0.28125,8.0,0.99609375,False,False,1
227,stages.2.2.0,element,4,"(48, 14, 24)",0,0.0,False,0.93,0.0,False,,87,15.0,3.75,2.0,0.75,False,False,1
228,stages.2.2.0,element,6,"(169, 6, 62)",0,0.0,False,0.93,0.0,False,,110,112.0,0.4375,8.0,0.99609375,False,False,1
229,stages.2.2.0,element,6,"(87, 17, 35)",0,0.0,False,0.93,0.0,False,,183,-0.9375,-240.0,8.0,255.0,False,False,1
230,stages.2.2.0,element,5,"(190, 16, 63)",0,0.0,False,0.93,0.0,False,,89,18.0,288.0,3.999999523162842,15.0,False,False,1
231,stages.2.2.0,element,2,"(126, 5, 9)",0,0.0,False,0.93,0.0,False,,230,-56.0,-40.0,0.4854269027709961,0.2857142984867096,False,False,1
232,stages.2.2.0,element,2,"(114, 7, 4)",0,0.0,False,0.93,0.0,False,,75,5.5,7.5,0.44745898246765137,0.3636363744735718,False,False,1
233,stages.2.2.0,element,5,"(19, 11, 6)",0,0.0,False,0.93,0.0,False,,219,-22.0,-352.0,4.0,15.0,False,False,1
234,stages.2.2.0,element,0,"(113, 11, 20)",0,0.0,False,0.93,0.0,False,,249,-288.0,-256.0,0.16992473602294922,0.1111111119389534,False,False,1
235,stages.2.2.0,element,1,"(73, 1, 60)",0,0.0,False,0.93,0.0,False,,228,-48.0,-56.0,0.22239255905151367,0.1666666716337204,False,False,1
236,stages.2.2.0,element,4,"(161, 26, 45)",0,0.0,False,0.93,0.0,False,,94,28.0,7.0,2.0,0.75,False,False,1
237,stages.2.2.0,element,7,"(25, 18, 13)",0,0.0,False,0.93,0.0,False,,228,-48.0,48.0,0.0,2.0,True,False,1
238,stages.2.2.0,element,6,"(36, 23, 17)",0,0.0,False,0.93,0.0,False,,236,-96.0,-0.375,8.0,0.99609375,False,False,1
239,stages.2.2.0,element,6,"(127, 5, 7)",0,0.0,False,0.93,0.0,False,,209,-9.0,-0.03515625,8.0,0.99609375,False,False,1
240,stages.2.2.0,element,1,"(130, 16, 63)",0,0.0,False,0.93,0.0,False,,104,64.0,80.0,0.3219280242919922,0.25,False,False,1
241,stages.2.2.0,element,2,"(159, 12, 37)",0,0.0,False,0.93,0.0,False,,243,-176.0,-240.0,0.44745874404907227,0.3636363744735718,False,False,1
242,stages.2.2.0,element,2,"(100, 19, 51)",0,0.0,False,0.93,0.0,False,,206,-7.0,-5.0,0.4854269027709961,0.2857142984867096,False,False,1
243,stages.2.2.0,element,5,"(72, 9, 39)",0,0.0,False,0.93,0.0,False,,219,-22.0,-352.0,4.0,15.0,False,False,1
244,stages.2.2.0,element,4,"(58, 20, 11)",0,0.0,False,0.93,0.0,False,,209,-9.0,-2.25,2.0,0.75,False,False,1
245,stages.2.2.0,element,1,"(71, 10, 1)",0,0.0,False,0.93,0.0,False,,202,-5.0,-4.0,0.3219280242919922,0.20000000298023224,False,False,1
246,stages.2.2.0,element,5,"(127, 7, 29)",0,0.0,False,0.93,0.0,False,,102,56.0,3.5,4.0,0.9375,False,False,1
247,stages.2.3.0,element,0,"(122, 14, 38)",0,0.0,False,0.93,0.0,False,,230,-56.0,-60.0,0.09953546524047852,0.0714285746216774,False,False,1
248,stages.2.3.0,element,5,"(172, 3, 57)",0,0.0,False,0.93,0.0,False,,61,1.625,0.1015625,4.0,0.9375,False,False,1
249,stages.2.3.0,element,7,"(107, 7, 8)",0,0.0,False,0.93,0.0,False,,108,96.0,-96.0,0.0,2.0,True,False,1
250,stages.2.3.0,element,0,"(24, 3, 54)",0,0.0,False,0.93,0.0,False,,54,0.875,0.9375,0.09953566640615463,0.0714285746216774,False,False,1
251,stages.2.3.0,element,0,"(170, 16, 19)",0,0.0,False,0.93,0.0,False,,176,-0.5,-0.5625,0.16992497444152832,0.125,False,False,1
252,stages.2.3.0,element,1,"(35, 10, 16)",0,0.0,False,0.93,0.0,False,,97,36.0,44.0,0.2895064353942871,0.2222222238779068,False,False,1
253,stages.2.3.0,element,1,"(10, 14, 58)",0,0.0,False,0.93,0.0,False,,102,56.0,48.0,0.22239255905151367,0.1428571492433548,False,False,1
254,stages.2.3.0,element,4,"(153, 13, 51)",0,0.0,False,0.93,0.0,False,,196,-3.0,-12.0,2.0,3.0,False,False,1
255,stages.2.3.0,element,4,"(86, 14, 15)",0,0.0,False,0.93,0.0,False,,184,-1.0,-0.25,2.0,0.75,False,False,1
256,stages.2.3.0,element,7,"(123, 20, 12)",0,0.0,False,0.93,0.0,False,,203,-5.5,5.5,0.0,2.0,True,False,1
257,stages.2.3.0,element,3,"(24, 24, 13)",0,0.0,False,0.93,0.0,False,,222,-28.0,-14.0,1.0,0.5,False,False,1
258,stages.2.3.0,element,7,"(138, 11, 33)",0,0.0,False,0.93,0.0,False,,75,5.5,-5.5,0.0,2.0,True,False,1
259,stages.2.3.0,element,6,"(77, 22, 8)",0,0.0,False,0.93,0.0,False,,105,72.0,0.28125,8.0,0.99609375,False,False,1
260,stages.2.3.0,element,6,"(191, 10, 16)",0,0.0,False,0.93,0.0,False,,100,48.0,0.1875,8.0,0.99609375,False,False,1
261,stages.2.3.0,element,1,"(122, 2, 54)",0,0.0,False,0.93,0.0,False,,215,-15.0,-13.0,0.2064509391784668,0.13333334028720856,False,False,1
262,stages.2.3.0,element,3,"(180, 8, 45)",0,0.0,False,0.93,0.0,False,,225,-36.0,-72.0,1.0,1.0,False,False,1
263,stages.2.3.0,element,7,"(152, 6, 0)",0,0.0,False,0.93,0.0,False,,103,60.0,-60.0,0.0,2.0,True,False,1
264,stages.2.3.0,element,6,"(161, 23, 15)",0,0.0,False,0.93,0.0,False,,82,10.0,0.0390625,8.0,0.99609375,False,False,1
265,stages.2.3.0,element,1,"(16, 24, 11)",0,0.0,False,0.93,0.0,False,,220,-24.0,-28.0,0.22239255905151367,0.1666666716337204,False,False,1
266,stages.2.3.0,element,6,"(149, 5, 36)",0,0.0,False,0.93,0.0,False,,214,-14.0,-0.0546875,8.0,0.99609375,False,False,1
267,stages.2.3.0,element,6,"(115, 22, 10)",0,0.0,False,0.93,0.0,False,,215,-15.0,-0.05859375,8.0,0.99609375,False,False,1
268,stages.2.3.0,element,1,"(75, 22, 49)",0,0.0,False,0.93,0.0,False,,212,-12.0,-14.0,0.22239232063293457,0.1666666716337204,False,False,1
269,stages.2.3.0,element,0,"(59, 26, 5)",0,0.0,False,0.93,0.0,False,,112,128.0,144.0,0.16992521286010742,0.125,False,False,1
270,stages.2.3.0,element,2,"(123, 3, 8)",0,0.0,False,0.93,0.0,False,,225,-36.0,-52.0,0.5305147171020508,0.4444444477558136,False,False,1
271,stages.2.3.0,element,3,"(37, 26, 14)",0,0.0,False,0.93,0.0,False,,212,-12.0,-24.0,0.9999997615814209,1.0,False,False,1
272,stages.2.3.0,element,1,"(35, 11, 10)",0,0.0,False,0.93,0.0,False,,223,-30.0,-26.0,0.2064504623413086,0.13333334028720856,False,False,1
273,stages.2.3.0,element,0,"(167, 22, 11)",0,0.0,False,0.93,0.0,False,,234,-80.0,-88.0,0.13750362396240234,0.10000000149011612,False,False,1
274,stages.2.3.0,element,0,"(145, 22, 14)",0,0.0,False,0.93,0.0,False,,64,2.0,2.25,0.16992497444152832,0.125,False,False,1
275,stages.2.3.0,element,2,"(113, 12, 43)",0,0.0,False,0.93,0.0,False,,226,-40.0,-56.0,0.4854269027709961,0.4000000059604645,False,False,1
276,stages.2.3.0,element,3,"(145, 12, 55)",0,0.0,False,0.93,0.0,False,,120,256.0,128.0,1.0,0.5,False,False,1
277,stages.2.3.0,element,2,"(61, 24, 37)",0,0.0,False,0.93,0.0,False,,74,5.0,7.0,0.4854269027709961,0.4000000059604645,False,False,1
278,stages.2.3.0,element,3,"(138, 13, 12)",0,0.0,False,0.93,0.0,False,,100,48.0,96.0,1.0,1.0,False,False,1
279,stages.2.3.0,element,5,"(39, 13, 29)",0,0.0,False,0.93,0.0,False,,221,-26.0,-416.0,3.999999523162842,15.0,False,False,1
280,stages.2.3.0,element,1,"(85, 10, 53)",0,0.0,False,0.93,0.0,False,,225,-36.0,-44.0,0.2895064353942871,0.2222222238779068,False,False,1
281,stages.2.3.0,element,3,"(28, 6, 37)",0,0.0,False,0.93,0.0,False,,203,-5.5,-2.75,1.0,0.5,False,False,1
282,stages.2.3.0,element,5,"(72, 16, 31)",1,0.005,True,0.935,-0.0050000000000000044,False,,93,26.0,416.0,3.999999523162842,15.0,False,False,1
283,stages.2.3.0,element,0,"(65, 9, 16)",0,0.0,False,0.93,0.0,False,,69,3.25,3.0,0.11547720432281494,0.07692307978868484,False,False,1
284,stages.2.3.0,element,7,"(80, 16, 5)",1,0.005,True,0.935,-0.0050000000000000044,False,,93,26.0,-26.0,0.0,2.0,True,False,1
285,stages.2.3.0,element,7,"(91, 12, 61)",0,0.0,False,0.93,0.0,False,,203,-5.5,5.5,0.0,2.0,True,False,1
286,stages.2.3.0,element,2,"(6, 10, 53)",0,0.0,False,0.93,0.0,False,,212,-12.0,-8.0,0.5849626064300537,0.3333333432674408,False,False,1
287,stages.2.3.0,element,7,"(65, 19, 22)",0,0.0,False,0.93,0.0,False,,214,-14.0,14.0,0.0,2.0,True,False,1
288,stages.2.3.0,element,2,"(162, 2, 61)",0,0.0,False,0.93,0.0,False,,225,-36.0,-52.0,0.5305147171020508,0.4444444477558136,False,False,1
289,stages.2.3.0,element,7,"(83, 5, 3)",0,0.0,False,0.93,0.0,False,,111,120.0,-120.0,0.0,2.0,True,False,1
290,stages.2.3.0,element,5,"(104, 3, 41)",0,0.0,False,0.93,0.0,False,,83,11.0,176.0,4.0,15.0,False,False,1
291,stages.2.3.0,element,1,"(19, 20, 16)",0,0.0,False,0.93,0.0,False,,218,-20.0,-16.0,0.3219280242919922,0.20000000298023224,False,False,1
292,stages.2.3.0,element,0,"(74, 10, 57)",0,0.0,False,0.93,0.0,False,,79,7.5,7.0,0.09953570365905762,0.06666667014360428,False,False,1
293,stages.2.3.0,element,3,"(186, 5, 28)",0,0.0,False,0.93,0.0,False,,95,30.0,15.0,0.9999997615814209,0.5,False,False,1
294,stages.2.3.0,element,5,"(105, 5, 62)",1,0.005,True,0.935,-0.0050000000000000044,False,,230,-56.0,-3.5,4.0,0.9375,False,False,1
295,stages.2.3.0,element,1,"(3, 23, 60)",0,0.0,False,0.93,0.0,False,,93,26.0,30.0,0.2064504623413086,0.1538461595773697,False,False,1
296,stages.2.3.0,element,4,"(138, 14, 62)",0,0.0,False,0.93,0.0,False,,237,-104.0,-416.0,1.9999995231628418,3.0,False,False,1
297,stages.2.3.0,element,0,"(147, 21, 53)",0,0.0,False,0.93,0.0,False,,66,2.5,2.75,0.1375035047531128,0.10000000149011612,False,False,1
298,stages.2.3.0,element,3,"(73, 6, 31)",0,0.0,False,0.93,0.0,False,,100,48.0,96.0,1.0,1.0,False,False,1
299,stages.2.3.0,element,0,"(6, 3, 30)",0,0.0,False,0.93,0.0,False,,211,-11.0,-10.0,0.13750362396240234,0.09090909361839294,False,False,1
300,stages.2.3.0,element,7,"(159, 13, 2)",0,0.0,False,0.93,0.0,False,,224,-32.0,32.0,0.0,2.0,True,False,1
301,stages.2.3.0,element,4,"(48, 12, 15)",0,0.0,False,0.93,0.0,False,,81,9.0,2.25,2.0,0.75,False,False,1
302,stages.2.3.0,element,6,"(176, 14, 31)",0,0.0,False,0.93,0.0,False,,222,-28.0,-0.109375,8.0,0.99609375,False,False,1
303,stages.2.3.0,element,0,"(69, 20, 44)",0,0.0,False,0.93,0.0,False,,193,-2.25,-2.0,0.16992497444152832,0.1111111119389534,False,False,1
304,stages.2.3.0,element,1,"(74, 10, 28)",0,0.0,False,0.93,0.0,False,,201,-4.5,-5.5,0.2895066738128662,0.2222222238779068,False,False,1
305,stages.2.3.0,element,1,"(152, 9, 13)",0,0.0,False,0.93,0.0,False,,218,-20.0,-16.0,0.3219280242919922,0.20000000298023224,False,False,1
306,stages.2.3.0,element,4,"(26, 12, 28)",0,0.0,False,0.93,0.0,False,,248,-256.0,-64.0,2.0,0.75,False,False,1
307,stages.2.3.0,element,6,"(5, 18, 15)",0,0.0,False,0.93,0.0,False,,212,-12.0,-0.046875,8.0,0.99609375,False,False,1
308,stages.2.3.0,element,4,"(145, 26, 49)",0,0.0,False,0.93,0.0,False,,66,2.5,10.0,1.9999998807907104,3.0,False,False,1
309,stages.2.3.0,element,3,"(177, 20, 17)",0,0.0,False,0.93,0.0,False,,96,32.0,64.0,1.0,1.0,False,False,1
310,stages.2.3.0,element,7,"(190, 17, 28)",0,0.0,False,0.93,0.0,False,,98,40.0,-40.0,0.0,2.0,True,False,1
311,stages.2.3.0,element,1,"(24, 18, 59)",0,0.0,False,0.93,0.0,False,,96,32.0,40.0,0.3219280242919922,0.25,False,False,1
312,stages.2.3.0,element,1,"(28, 11, 10)",0,0.0,False,0.93,0.0,False,,225,-36.0,-44.0,0.2895064353942871,0.2222222238779068,False,False,1
313,stages.2.3.0,element,5,"(65, 0, 46)",0,0.0,False,0.93,0.0,False,,107,88.0,5.5,4.0,0.9375,False,False,1
314,stages.2.3.0,element,6,"(136, 22, 32)",0,0.0,False,0.93,0.0,False,,105,72.0,0.28125,8.0,0.99609375,False,False,1
315,stages.2.3.0,element,2,"(175, 3, 50)",0,0.0,False,0.93,0.0,False,,108,96.0,64.0,0.5849623680114746,0.3333333432674408,False,False,1
316,stages.2.3.0,element,2,"(158, 12, 30)",0,0.0,False,0.93,0.0,False,,100,48.0,32.0,0.5849623680114746,0.3333333432674408,False,False,1
317,stages.2.3.0,element,4,"(71, 24, 20)",0,0.0,False,0.93,0.0,False,,105,72.0,288.0,1.9999995231628418,3.0,False,False,1
318,stages.2.3.0,element,6,"(176, 20, 15)",0,0.0,False,0.93,0.0,False,,91,22.0,0.0859375,8.0,0.99609375,False,False,1
319,stages.2.3.0,element,2,"(49, 6, 14)",0,0.0,False,0.93,0.0,False,,196,-3.0,-2.0,0.5849624872207642,0.3333333432674408,False,False,1
320,stages.2.3.0,element,6,"(23, 18, 38)",0,0.0,False,0.93,0.0,False,,103,60.0,0.234375,8.0,0.99609375,False,False,1
321,stages.2.3.0,element,4,"(83, 12, 52)",0,0.0,False,0.93,0.0,False,,241,-144.0,-36.0,2.0,0.75,False,False,1
322,stages.2.4.0,element,2,"(135, 10, 0)",0,0.0,False,0.93,0.0,False,,97,36.0,52.0,0.5305147171020508,0.4444444477558136,False,False,1
323,stages.2.4.0,element,4,"(120, 18, 20)",0,0.0,False,0.93,0.0,False,,108,96.0,384.0,2.000000476837158,3.0,False,False,1
324,stages.2.4.0,element,2,"(92, 8, 0)",0,0.0,False,0.93,0.0,False,,236,-96.0,-64.0,0.5849623680114746,0.3333333432674408,False,False,1
325,stages.2.4.0,element,0,"(102, 25, 44)",0,0.0,False,0.93,0.0,False,,66,2.5,2.75,0.1375035047531128,0.10000000149011612,False,False,1
326,stages.2.4.0,element,1,"(191, 0, 27)",0,0.0,False,0.93,0.0,False,,101,52.0,60.0,0.2064504623413086,0.1538461595773697,False,False,1
327,stages.2.4.0,element,7,"(75, 25, 51)",1,0.005,True,0.935,-0.0050000000000000044,False,,120,256.0,-256.0,0.0,2.0,True,False,1
328,stages.2.4.0,element,3,"(181, 11, 39)",0,0.0,False,0.93,0.0,False,,193,-2.25,-4.5,1.0,1.0,False,False,1
329,stages.2.4.0,element,4,"(151, 22, 37)",0,0.0,False,0.93,0.0,False,,53,0.8125,0.203125,2.0,0.75,False,False,1
330,stages.2.4.0,element,3,"(35, 0, 28)",0,0.0,False,0.93,0.0,False,,231,-60.0,-120.0,1.0,1.0,False,False,1
331,stages.2.4.0,element,6,"(167, 18, 57)",0,0.0,False,0.93,0.0,False,,97,36.0,0.140625,8.0,0.99609375,False,False,1
332,stages.2.4.0,element,0,"(73, 14, 43)",0,0.0,False,0.93,0.0,False,,94,28.0,30.0,0.09953546524047852,0.0714285746216774,False,False,1
333,stages.2.4.0,element,2,"(34, 11, 55)",0,0.0,False,0.93,0.0,False,,92,24.0,16.0,0.5849623680114746,0.3333333432674408,False,False,1
334,stages.2.4.0,element,4,"(48, 15, 3)",0,0.0,False,0.93,0.0,False,,91,22.0,5.5,2.0,0.75,False,False,1
335,stages.2.4.0,element,6,"(26, 4, 39)",0,0.0,False,0.93,0.0,False,,83,11.0,0.04296875,8.0,0.99609375,False,False,1
336,stages.2.4.0,element,3,"(65, 4, 46)",0,0.0,False,0.93,0.0,False,,200,-4.0,-2.0,1.0,0.5,False,False,1
337,stages.2.4.0,element,5,"(21, 19, 50)",0,0.0,False,0.93,0.0,False,,219,-22.0,-352.0,4.0,15.0,False,False,1
338,stages.2.4.0,element,6,"(104, 12, 22)",0,0.0,False,0.93,0.0,False,,115,176.0,0.6875,8.0,0.99609375,False,False,1
339,stages.2.4.0,element,5,"(188, 2, 14)",0,0.0,False,0.93,0.0,False,,236,-96.0,-6.0,3.999999761581421,0.9375,False,False,1
340,stages.2.4.0,element,6,"(185, 3, 25)",0,0.0,False,0.93,0.0,False,,81,9.0,0.03515625,8.0,0.99609375,False,False,1
341,stages.2.4.0,element,7,"(180, 21, 13)",0,0.0,False,0.93,0.0,False,,93,26.0,-26.0,0.0,2.0,True,False,1
342,stages.2.4.0,element,1,"(46, 21, 23)",0,0.0,False,0.93,0.0,False,,65,2.25,2.75,0.2895066738128662,0.2222222238779068,False,False,1
343,stages.2.4.0,element,3,"(44, 7, 49)",0,0.0,False,0.93,0.0,False,,91,22.0,11.0,1.0,0.5,False,False,1
344,stages.2.4.0,element,1,"(130, 5, 30)",0,0.0,False,0.93,0.0,False,,222,-28.0,-24.0,0.22239255905151367,0.1428571492433548,False,False,1
345,stages.2.4.0,element,3,"(186, 6, 0)",0,0.0,False,0.93,0.0,False,,91,22.0,11.0,1.0,0.5,False,False,1
346,stages.2.4.0,element,0,"(158, 16, 10)",0,0.0,False,0.93,0.0,False,,90,20.0,22.0,0.13750362396240234,0.10000000149011612,False,False,1
347,stages.2.4.0,element,5,"(39, 24, 20)",0,0.0,False,0.93,0.0,False,,214,-14.0,-224.0,4.0,15.0,False,False,1
348,stages.2.4.0,element,1,"(141, 10, 28)",0,0.0,False,0.93,0.0,False,,232,-64.0,-80.0,0.3219280242919922,0.25,False,False,1
349,stages.2.4.0,element,6,"(97, 6, 36)",0,0.0,False,0.93,0.0,False,,213,-13.0,-0.05078125,8.0,0.99609375,False,False,1
350,stages.2.4.0,element,5,"(84, 25, 3)",0,0.0,False,0.93,0.0,False,,100,48.0,3.0,4.0,0.9375,False,False,1
351,stages.2.4.0,element,2,"(95, 13, 28)",0,0.0,False,0.93,0.0,False,,42,0.3125,0.4375,0.48542678356170654,0.4000000059604645,False,False,1
352,stages.2.4.0,element,3,"(104, 19, 47)",0,0.0,False,0.93,0.0,False,,227,-44.0,-88.0,1.0,1.0,False,False,1
353,stages.2.4.0,element,5,"(175, 18, 8)",0,0.0,False,0.93,0.0,False,,227,-44.0,-2.75,4.0,0.9375,False,False,1
354,stages.2.4.0,element,3,"(152, 2, 59)",0,0.0,False,0.93,0.0,False,,232,-64.0,-32.0,1.0,0.5,False,False,1
355,stages.2.4.0,element,1,"(7, 21, 6)",0,0.0,False,0.93,0.0,False,,231,-60.0,-52.0,0.2064504623413086,0.13333334028720856,False,False,1
356,stages.2.4.0,element,0,"(146, 11, 31)",0,0.0,False,0.93,0.0,False,,217,-18.0,-16.0,0.16992521286010742,0.1111111119389534,False,False,1
357,stages.2.4.0,element,4,"(60, 14, 49)",0,0.0,False,0.93,0.0,False,,212,-12.0,-3.0,2.0,0.75,False,False,1
358,stages.2.4.0,element,4,"(64, 22, 60)",0,0.0,False,0.93,0.0,False,,223,-30.0,-7.5,1.999999761581421,0.75,False,False,1
359,stages.2.4.0,element,6,"(115, 5, 17)",1,0.005,True,0.935,-0.0050000000000000044,False,,236,-96.0,-0.375,8.0,0.99609375,False,False,1
360,stages.2.4.0,element,1,"(188, 26, 21)",0,0.0,False,0.93,0.0,False,,68,3.0,3.5,0.22239243984222412,0.1666666716337204,False,False,1
361,stages.2.4.0,element,0,"(12, 20, 13)",0,0.0,False,0.93,0.0,False,,220,-24.0,-26.0,0.1154775619506836,0.0833333358168602,False,False,1
362,stages.2.4.0,element,5,"(98, 17, 38)",0,0.0,False,0.93,0.0,False,,236,-96.0,-6.0,3.999999761581421,0.9375,False,False,1
363,stages.2.4.0,element,5,"(45, 11, 17)",0,0.0,False,0.93,0.0,False,,225,-36.0,-2.25,4.0,0.9375,False,False,1
364,stages.2.4.0,element,6,"(175, 11, 50)",0,0.0,False,0.93,0.0,False,,229,-52.0,-0.203125,8.0,0.99609375,False,False,1
365,stages.2.4.0,element,0,"(89, 7, 56)",0,0.0,False,0.93,0.0,False,,234,-80.0,-88.0,0.13750362396240234,0.10000000149011612,False,False,1
366,stages.2.4.0,element,5,"(164, 4, 62)",0,0.0,False,0.93,0.0,False,,79,7.5,120.0,3.999999761581421,15.0,False,False,1
367,stages.2.4.0,element,7,"(169, 3, 23)",0,0.0,False,0.93,0.0,False,,98,40.0,-40.0,0.0,2.0,True,False,1
368,stages.2.4.0,element,6,"(19, 5, 26)",0,0.0,False,0.93,0.0,False,,239,-120.0,-0.46875,8.0,0.99609375,False,False,1
369,stages.2.4.0,element,3,"(146, 2, 52)",0,0.0,False,0.93,0.0,False,,232,-64.0,-32.0,1.0,0.5,False,False,1
370,stages.2.4.0,element,3,"(151, 20, 28)",0,0.0,False,0.93,0.0,False,,226,-40.0,-80.0,1.0,1.0,False,False,1
371,stages.2.4.0,element,3,"(159, 4, 27)",0,0.0,False,0.93,0.0,False,,253,-416.0,-208.0,0.9999995231628418,0.5,False,False,1
372,stages.2.4.0,element,0,"(189, 16, 31)",0,0.0,False,0.93,0.0,False,,238,-112.0,-120.0,0.09953546524047852,0.0714285746216774,False,False,1
373,stages.2.4.0,element,5,"(146, 3, 24)",0,0.0,False,0.93,0.0,False,,66,2.5,40.0,4.0,15.0,False,False,1
374,stages.2.4.0,element,4,"(160, 1, 10)",0,0.0,False,0.93,0.0,False,,208,-8.0,-2.0,2.0,0.75,False,False,1
375,stages.2.4.0,element,4,"(135, 23, 52)",0,0.0,False,0.93,0.0,False,,92,24.0,6.0,1.999999761581421,0.75,False,False,1
376,stages.2.4.0,element,7,"(56, 19, 26)",0,0.0,False,0.93,0.0,False,,223,-30.0,30.0,0.0,2.0,True,False,1
377,stages.2.4.0,element,5,"(163, 3, 51)",0,0.0,False,0.93,0.0,False,,105,72.0,4.5,4.0,0.9375,False,False,1
378,stages.2.4.0,element,7,"(134, 12, 50)",0,0.0,False,0.93,0.0,False,,218,-20.0,20.0,0.0,2.0,True,False,1
379,stages.2.4.0,element,0,"(130, 22, 49)",0,0.0,False,0.93,0.0,False,,89,18.0,16.0,0.16992521286010742,0.1111111119389534,False,False,1
380,stages.2.4.0,element,7,"(186, 22, 50)",0,0.0,False,0.93,0.0,False,,102,56.0,-56.0,0.0,2.0,True,False,1
381,stages.2.4.0,element,4,"(141, 6, 49)",0,0.0,False,0.93,0.0,False,,228,-48.0,-192.0,2.0,3.0,False,False,1
382,stages.2.4.0,element,3,"(65, 2, 4)",0,0.0,False,0.93,0.0,False,,94,28.0,14.0,1.0,0.5,False,False,1
383,stages.2.4.0,element,4,"(57, 24, 46)",0,0.0,False,0.93,0.0,False,,216,-16.0,-4.0,2.0,0.75,False,False,1
384,stages.2.4.0,element,0,"(62, 25, 51)",0,0.0,False,0.93,0.0,False,,235,-88.0,-80.0,0.13750362396240234,0.09090909361839294,False,False,1
385,stages.2.4.0,element,7,"(32, 5, 3)",0,0.0,False,0.93,0.0,False,,214,-14.0,14.0,0.0,2.0,True,False,1
386,stages.2.4.0,element,5,"(15, 15, 57)",0,0.0,False,0.93,0.0,False,,237,-104.0,-6.5,4.0,0.9375,False,False,1
387,stages.2.4.0,element,0,"(145, 6, 52)",0,0.0,False,0.93,0.0,False,,115,176.0,160.0,0.13750362396240234,0.09090909361839294,False,False,1
388,stages.2.4.0,element,7,"(150, 11, 35)",0,0.0,False,0.93,0.0,False,,227,-44.0,44.0,0.0,2.0,True,False,1
389,stages.2.4.0,element,3,"(31, 22, 44)",0,0.0,False,0.93,0.0,False,,227,-44.0,-88.0,1.0,1.0,False,False,1
390,stages.2.4.0,element,0,"(75, 18, 0)",0,0.0,False,0.93,0.0,False,,233,-72.0,-64.0,0.16992521286010742,0.1111111119389534,False,False,1
391,stages.2.4.0,element,5,"(176, 14, 29)",0,0.0,False,0.93,0.0,False,,99,44.0,2.75,4.0,0.9375,False,False,1
392,stages.2.4.0,element,0,"(160, 19, 63)",0,0.0,False,0.93,0.0,False,,214,-14.0,-15.0,0.09953570365905762,0.0714285746216774,False,False,1
393,stages.2.4.0,element,4,"(114, 14, 63)",0,0.0,False,0.93,0.0,False,,229,-52.0,-208.0,2.0,3.0,False,False,1
394,stages.2.4.0,element,6,"(186, 13, 1)",0,0.0,False,0.93,0.0,False,,103,60.0,0.234375,8.0,0.99609375,False,False,1
395,stages.2.4.0,element,0,"(63, 6, 50)",0,0.0,False,0.93,0.0,False,,96,32.0,36.0,0.16992521286010742,0.125,False,False,1
396,stages.2.4.0,element,6,"(162, 1, 36)",0,0.0,False,0.93,0.0,False,,223,-30.0,-0.1171875,8.0,0.99609375,False,False,1
397,stages.2.4.0,element,4,"(179, 22, 35)",0,0.0,False,0.93,0.0,False,,105,72.0,288.0,1.9999995231628418,3.0,False,False,1
398,stages.2.4.0,element,2,"(113, 21, 12)",0,0.0,False,0.93,0.0,False,,99,44.0,60.0,0.44745874404907227,0.3636363744735718,False,False,1
399,stages.2.4.0,element,1,"(29, 21, 12)",0,0.0,False,0.93,0.0,False,,211,-11.0,-9.0,0.2895066738128662,0.1818181872367859,False,False,1
400,stages.2.5.0,element,6,"(2, 5, 6)",0,0.0,False,0.93,0.0,False,,100,48.0,0.1875,8.0,0.99609375,False,False,1
401,stages.2.5.0,element,5,"(37, 14, 46)",0,0.0,False,0.93,0.0,False,,207,-7.5,-120.0,3.999999761581421,15.0,False,False,1
402,stages.2.5.0,element,6,"(54, 16, 46)",0,0.0,False,0.93,0.0,False,,80,8.0,0.03125,8.0,0.99609375,False,False,1
403,stages.2.5.0,element,5,"(168, 19, 8)",0,0.0,False,0.93,0.0,False,,212,-12.0,-192.0,3.999999761581421,15.0,False,False,1
404,stages.2.5.0,element,2,"(98, 16, 52)",0,0.0,False,0.93,0.0,False,,228,-48.0,-32.0,0.5849623680114746,0.3333333432674408,False,False,1
405,stages.2.5.0,element,4,"(37, 26, 39)",0,0.0,False,0.93,0.0,False,,214,-14.0,-3.5,2.0,0.75,False,False,1
406,stages.2.5.0,element,3,"(142, 17, 59)",0,0.0,False,0.93,0.0,False,,231,-60.0,-120.0,1.0,1.0,False,False,1
407,stages.2.5.0,element,3,"(87, 6, 2)",0,0.0,False,0.93,0.0,False,,113,144.0,288.0,0.9999995231628418,1.0,False,False,1
408,stages.2.5.0,element,0,"(160, 9, 37)",0,0.0,False,0.93,0.0,False,,85,13.0,12.0,0.11547708511352539,0.07692307978868484,False,False,1
409,stages.2.5.0,element,1,"(144, 1, 31)",0,0.0,False,0.93,0.0,False,,217,-18.0,-22.0,0.2895064353942871,0.2222222238779068,False,False,1
410,stages.2.5.0,element,2,"(179, 4, 61)",0,0.0,False,0.93,0.0,False,,106,80.0,112.0,0.4854269027709961,0.4000000059604645,False,False,1
411,stages.2.5.0,element,2,"(135, 21, 46)",1,0.005,True,0.935,-0.0050000000000000044,False,,120,256.0,384.0,0.5849628448486328,0.5,False,False,1
412,stages.2.5.0,element,5,"(20, 23, 14)",0,0.0,False,0.93,0.0,False,,115,176.0,11.0,4.0,0.9375,False,False,1
413,stages.2.5.0,element,2,"(106, 7, 8)",0,0.0,False,0.93,0.0,False,,232,-64.0,-96.0,0.5849623680114746,0.5,False,False,1
414,stages.2.5.0,element,1,"(81, 14, 54)",0,0.0,False,0.93,0.0,False,,183,-0.9375,-0.8125,0.20645087957382202,0.13333334028720856,False,False,1
415,stages.2.5.0,element,3,"(154, 25, 46)",0,0.0,False,0.93,0.0,False,,93,26.0,13.0,1.000000238418579,0.5,False,False,1
416,stages.2.5.0,element,4,"(29, 15, 21)",0,0.0,False,0.93,0.0,False,,234,-80.0,-320.0,2.0,3.0,False,False,1
417,stages.2.5.0,element,7,"(89, 11, 50)",0,0.0,False,0.93,0.0,False,,94,28.0,-28.0,0.0,2.0,True,False,1
418,stages.2.5.0,element,4,"(158, 14, 4)",0,0.0,False,0.93,0.0,False,,227,-44.0,-176.0,2.0,3.0,False,False,1
419,stages.2.5.0,element,2,"(119, 3, 4)",0,0.0,False,0.93,0.0,False,,99,44.0,60.0,0.44745874404907227,0.3636363744735718,False,False,1
420,stages.2.5.0,element,2,"(7, 8, 3)",0,0.0,False,0.93,0.0,False,,80,8.0,12.0,0.5849626064300537,0.5,False,False,1
421,stages.2.5.0,element,3,"(157, 6, 16)",0,0.0,False,0.93,0.0,False,,121,288.0,144.0,0.9999995231628418,0.5,False,False,1
422,stages.2.5.0,element,7,"(70, 11, 35)",0,0.0,False,0.93,0.0,False,,84,12.0,-12.0,0.0,2.0,True,False,1
423,stages.2.5.0,element,2,"(130, 5, 14)",0,0.0,False,0.93,0.0,False,,223,-30.0,-22.0,0.44745874404907227,0.2666666805744171,False,False,1
424,stages.2.5.0,element,1,"(125, 11, 40)",0,0.0,False,0.93,0.0,False,,90,20.0,16.0,0.3219280242919922,0.20000000298023224,False,False,1
425,stages.2.5.0,element,4,"(123, 6, 15)",0,0.0,False,0.93,0.0,False,,229,-52.0,-208.0,2.0,3.0,False,False,1
426,stages.2.5.0,element,6,"(80, 2, 26)",0,0.0,False,0.93,0.0,False,,206,-7.0,-0.02734375,8.0,0.99609375,False,False,1
427,stages.2.5.0,element,7,"(77, 26, 23)",0,0.0,False,0.93,0.0,False,,238,-112.0,112.0,0.0,2.0,True,False,1
428,stages.2.5.0,element,2,"(19, 8, 38)",0,0.0,False,0.93,0.0,False,,228,-48.0,-32.0,0.5849623680114746,0.3333333432674408,False,False,1
429,stages.2.5.0,element,7,"(107, 5, 22)",0,0.0,False,0.93,0.0,False,,101,52.0,-52.0,0.0,2.0,True,False,1
430,stages.2.5.0,element,6,"(55, 23, 10)",1,0.005,True,0.935,-0.0050000000000000044,False,,235,-88.0,-0.34375,8.0,0.99609375,False,False,1
431,stages.2.5.0,element,3,"(76, 1, 18)",0,0.0,False,0.93,0.0,False,,92,24.0,12.0,0.9999997615814209,0.5,False,False,1
432,stages.2.5.0,element,2,"(32, 3, 30)",0,0.0,False,0.93,0.0,False,,90,20.0,28.0,0.4854269027709961,0.4000000059604645,False,False,1
433,stages.2.5.0,element,2,"(142, 24, 26)",0,0.0,False,0.93,0.0,False,,214,-14.0,-10.0,0.4854269027709961,0.2857142984867096,False,False,1
434,stages.2.5.0,element,2,"(177, 5, 13)",0,0.0,False,0.93,0.0,False,,239,-120.0,-88.0,0.44745874404907227,0.2666666805744171,False,False,1
435,stages.2.5.0,element,7,"(73, 1, 9)",0,0.0,False,0.93,0.0,False,,90,20.0,-20.0,0.0,2.0,True,False,1
436,stages.2.5.0,element,2,"(81, 9, 57)",0,0.0,False,0.93,0.0,False,,81,9.0,13.0,0.5305147171020508,0.4444444477558136,False,False,1
437,stages.2.5.0,element,3,"(89, 15, 61)",0,0.0,False,0.93,0.0,False,,110,112.0,56.0,1.0,0.5,False,False,1
438,stages.2.5.0,element,7,"(13, 22, 49)",0,0.0,False,0.93,0.0,False,,97,36.0,-36.0,0.0,2.0,True,False,1
439,stages.2.5.0,element,5,"(145, 1, 18)",0,0.0,False,0.93,0.0,False,,55,0.9375,0.05859375,4.0,0.9375,False,False,1
440,stages.2.5.0,element,1,"(169, 3, 53)",0,0.0,False,0.93,0.0,False,,96,32.0,40.0,0.3219280242919922,0.25,False,False,1
441,stages.2.5.0,element,0,"(96, 18, 60)",0,0.0,False,0.93,0.0,False,,234,-80.0,-88.0,0.13750362396240234,0.10000000149011612,False,False,1
442,stages.2.5.0,element,1,"(11, 23, 38)",0,0.0,False,0.93,0.0,False,,236,-96.0,-112.0,0.22239255905151367,0.1666666716337204,False,False,1
443,stages.2.5.0,element,6,"(64, 24, 23)",0,0.0,False,0.93,0.0,False,,97,36.0,0.140625,8.0,0.99609375,False,False,1
444,stages.2.5.0,element,1,"(30, 6, 62)",0,0.0,False,0.93,0.0,False,,99,44.0,36.0,0.2895064353942871,0.1818181872367859,False,False,1
445,stages.2.5.0,element,2,"(158, 20, 14)",0,0.0,False,0.93,0.0,False,,105,72.0,104.0,0.5305147171020508,0.4444444477558136,False,False,1
446,stages.2.5.0,element,4,"(153, 16, 59)",0,0.0,False,0.93,0.0,False,,224,-32.0,-128.0,2.0,3.0,False,False,1
447,stages.2.5.0,element,3,"(73, 3, 58)",0,0.0,False,0.93,0.0,False,,112,128.0,256.0,1.0,1.0,False,False,1
448,stages.2.5.0,element,0,"(72, 7, 23)",0,0.0,False,0.93,0.0,False,,104,64.0,72.0,0.16992521286010742,0.125,False,False,1
449,stages.2.5.0,element,1,"(162, 5, 4)",0,0.0,False,0.93,0.0,False,,102,56.0,48.0,0.22239255905151367,0.1428571492433548,False,False,1
450,stages.2.5.0,element,7,"(17, 1, 34)",0,0.0,False,0.93,0.0,False,,101,52.0,-52.0,0.0,2.0,True,False,1
451,stages.2.5.0,element,3,"(150, 20, 43)",0,0.0,False,0.93,0.0,False,,220,-24.0,-12.0,0.9999997615814209,0.5,False,False,1
452,stages.2.5.0,element,2,"(184, 21, 0)",0,0.0,False,0.93,0.0,False,,228,-48.0,-32.0,0.5849623680114746,0.3333333432674408,False,False,1
453,stages.2.5.0,element,6,"(85, 23, 47)",0,0.0,False,0.93,0.0,False,,218,-20.0,-0.078125,8.0,0.99609375,False,False,1
454,stages.2.5.0,element,3,"(144, 22, 24)",0,0.0,False,0.93,0.0,False,,103,60.0,120.0,1.0,1.0,False,False,1
455,stages.2.5.0,element,6,"(136, 23, 40)",0,0.0,False,0.93,0.0,False,,94,28.0,0.109375,8.0,0.99609375,False,False,1
456,stages.2.5.0,element,1,"(172, 3, 60)",0,0.0,False,0.93,0.0,False,,104,64.0,80.0,0.3219280242919922,0.25,False,False,1
457,stages.2.5.0,element,3,"(6, 16, 17)",0,0.0,False,0.93,0.0,False,,232,-64.0,-32.0,1.0,0.5,False,False,1
458,stages.2.5.0,element,6,"(135, 12, 16)",0,0.0,False,0.93,0.0,False,,219,-22.0,-0.0859375,8.0,0.99609375,False,False,1
459,stages.2.5.0,element,6,"(74, 22, 45)",0,0.0,False,0.93,0.0,False,,240,-128.0,-0.5,8.0,0.99609375,False,False,1
460,stages.2.5.0,element,5,"(164, 26, 27)",0,0.0,False,0.93,0.0,False,,101,52.0,3.25,4.0,0.9375,False,False,1
461,stages.2.5.0,element,3,"(165, 4, 62)",0,0.0,False,0.93,0.0,False,,241,-144.0,-288.0,0.9999995231628418,1.0,False,False,1
462,stages.2.5.0,element,6,"(54, 25, 44)",0,0.0,False,0.93,0.0,False,,218,-20.0,-0.078125,8.0,0.99609375,False,False,1
463,stages.2.5.0,element,2,"(111, 7, 21)",0,0.0,False,0.93,0.0,False,,66,2.5,3.5,0.48542678356170654,0.4000000059604645,False,False,1
464,stages.2.5.0,element,5,"(94, 21, 12)",200,1.0,True,0.0,0.93,True,,223,-30.0,,inf,inf,False,True,1
465,stages.2.5.0,element,4,"(107, 2, 49)",0,0.0,False,0.93,0.0,False,,108,96.0,384.0,2.000000476837158,3.0,False,False,1
466,stages.2.6.0,element,6,"(57, 24, 21)",0,0.0,False,0.93,0.0,False,,68,3.0,0.0078125,8.584962844848633,0.9973958134651184,False,False,1
467,stages.2.6.0,element,3,"(38, 17, 48)",0,0.0,False,0.93,0.0,False,,107,88.0,44.0,1.0,0.5,False,False,1
468,stages.2.6.0,element,6,"(102, 2, 48)",0,0.0,False,0.93,0.0,False,,232,-64.0,-0.25,8.0,0.99609375,False,False,1
469,stages.2.6.0,element,0,"(60, 21, 3)",0,0.0,False,0.93,0.0,False,,226,-40.0,-44.0,0.13750362396240234,0.10000000149011612,False,False,1
470,stages.2.6.0,element,2,"(99, 6, 63)",0,0.0,False,0.93,0.0,False,,233,-72.0,-104.0,0.5305147171020508,0.4444444477558136,False,False,1
471,stages.2.6.0,element,1,"(135, 17, 41)",0,0.0,False,0.93,0.0,False,,101,52.0,60.0,0.2064504623413086,0.1538461595773697,False,False,1
472,stages.2.6.0,element,2,"(154, 0, 38)",0,0.0,False,0.93,0.0,False,,88,16.0,24.0,0.5849623680114746,0.5,False,False,1
473,stages.2.6.0,element,7,"(147, 25, 22)",1,0.005,True,0.935,-0.0050000000000000044,False,,242,-160.0,160.0,0.0,2.0,True,False,1
474,stages.2.6.0,element,3,"(97, 26, 12)",0,0.0,False,0.93,0.0,False,,98,40.0,80.0,1.0,1.0,False,False,1
475,stages.2.6.0,element,0,"(10, 23, 62)",0,0.0,False,0.93,0.0,False,,121,288.0,256.0,0.16992473602294922,0.1111111119389534,False,False,1
476,stages.2.6.0,element,3,"(34, 17, 35)",0,0.0,False,0.93,0.0,False,,96,32.0,64.0,1.0,1.0,False,False,1
477,stages.2.6.0,element,0,"(140, 18, 62)",0,0.0,False,0.93,0.0,False,,226,-40.0,-44.0,0.13750362396240234,0.10000000149011612,False,False,1
478,stages.2.6.0,element,1,"(114, 7, 34)",0,0.0,False,0.93,0.0,False,,113,144.0,176.0,0.2895064353942871,0.2222222238779068,False,False,1
479,stages.2.6.0,element,3,"(156, 25, 35)",0,0.0,False,0.93,0.0,False,,65,2.25,4.5,1.0,1.0,False,False,1
480,stages.2.6.0,element,3,"(94, 5, 45)",0,0.0,False,0.93,0.0,False,,226,-40.0,-80.0,1.0,1.0,False,False,1
481,stages.2.6.0,element,1,"(85, 12, 56)",0,0.0,False,0.93,0.0,False,,76,6.0,7.0,0.22239232063293457,0.1666666716337204,False,False,1
482,stages.2.6.0,element,5,"(47, 0, 7)",0,0.0,False,0.93,0.0,False,,228,-48.0,-3.0,4.0,0.9375,False,False,1
483,stages.2.6.0,element,3,"(11, 26, 48)",0,0.0,False,0.93,0.0,False,,74,5.0,2.5,0.9999998807907104,0.5,False,False,1
484,stages.2.6.0,element,1,"(27, 15, 2)",0,0.0,False,0.93,0.0,False,,228,-48.0,-56.0,0.22239255905151367,0.1666666716337204,False,False,1
485,stages.2.6.0,element,6,"(131, 3, 14)",0,0.0,False,0.93,0.0,False,,85,13.0,0.05078125,8.0,0.99609375,False,False,1
486,stages.2.6.0,element,1,"(111, 7, 28)",0,0.0,False,0.93,0.0,False,,213,-13.0,-15.0,0.2064509391784668,0.1538461595773697,False,False,1
487,stages.2.6.0,element,2,"(47, 7, 7)",0,0.0,False,0.93,0.0,False,,95,30.0,22.0,0.44745874404907227,0.2666666805744171,False,False,1
488,stages.2.6.0,element,1,"(69, 18, 0)",0,0.0,False,0.93,0.0,False,,210,-10.0,-8.0,0.3219280242919922,0.20000000298023224,False,False,1
489,stages.2.6.0,element,7,"(123, 14, 10)",0,0.0,False,0.93,0.0,False,,96,32.0,-32.0,0.0,2.0,True,False,1
490,stages.2.6.0,element,2,"(73, 11, 21)",0,0.0,False,0.93,0.0,False,,100,48.0,32.0,0.5849623680114746,0.3333333432674408,False,False,1
491,stages.2.6.0,element,6,"(72, 8, 26)",0,0.0,False,0.93,0.0,False,,217,-18.0,-0.0703125,8.0,0.99609375,False,False,1
492,stages.2.6.0,element,7,"(51, 23, 58)",0,0.0,False,0.93,0.0,False,,226,-40.0,40.0,0.0,2.0,True,False,1
493,stages.2.6.0,element,1,"(122, 9, 3)",0,0.0,False,0.93,0.0,False,,97,36.0,44.0,0.2895064353942871,0.2222222238779068,False,False,1
494,stages.2.6.0,element,0,"(170, 25, 44)",0,0.0,False,0.93,0.0,False,,232,-64.0,-72.0,0.16992521286010742,0.125,False,False,1
495,stages.2.6.0,element,0,"(49, 15, 10)",0,0.0,False,0.93,0.0,False,,228,-48.0,-52.0,0.1154775619506836,0.0833333358168602,False,False,1
496,stages.2.6.0,element,1,"(55, 24, 51)",0,0.0,False,0.93,0.0,False,,111,120.0,104.0,0.2064504623413086,0.13333334028720856,False,False,1
497,stages.2.6.0,element,3,"(91, 13, 23)",0,0.0,False,0.93,0.0,False,,238,-112.0,-56.0,1.0,0.5,False,False,1
498,stages.2.6.0,element,1,"(36, 15, 21)",0,0.0,False,0.93,0.0,False,,202,-5.0,-4.0,0.3219280242919922,0.20000000298023224,False,False,1
499,stages.2.6.0,element,7,"(100, 19, 58)",0,0.0,False,0.93,0.0,False,,95,30.0,-30.0,0.0,2.0,True,False,1
500,stages.2.6.0,element,3,"(169, 25, 37)",0,0.0,False,0.93,0.0,False,,81,9.0,18.0,1.000000238418579,1.0,False,False,1
501,stages.2.6.0,element,6,"(121, 4, 11)",0,0.0,False,0.93,0.0,False,,230,-56.0,-0.21875,8.0,0.99609375,False,False,1
502,stages.2.6.0,element,0,"(31, 15, 21)",0,0.0,False,0.93,0.0,False,,217,-18.0,-16.0,0.16992521286010742,0.1111111119389534,False,False,1
503,stages.2.6.0,element,1,"(39, 0, 14)",0,0.0,False,0.93,0.0,False,,98,40.0,32.0,0.3219280242919922,0.20000000298023224,False,False,1
504,stages.2.6.0,element,3,"(14, 17, 46)",0,0.0,False,0.93,0.0,False,,216,-16.0,-8.0,1.0,0.5,False,False,1
505,stages.2.6.0,element,1,"(184, 19, 17)",0,0.0,False,0.93,0.0,False,,98,40.0,32.0,0.3219280242919922,0.20000000298023224,False,False,1
506,stages.2.6.0,element,1,"(66, 12, 7)",0,0.0,False,0.93,0.0,False,,89,18.0,22.0,0.2895064353942871,0.2222222238779068,False,False,1
507,stages.2.6.0,element,0,"(55, 13, 57)",0,0.0,False,0.93,0.0,False,,97,36.0,32.0,0.16992521286010742,0.1111111119389534,False,False,1
508,stages.2.6.0,element,2,"(164, 24, 47)",0,0.0,False,0.93,0.0,False,,68,3.0,2.0,0.5849624872207642,0.3333333432674408,False,False,1
509,stages.2.6.0,element,6,"(58, 20, 26)",0,0.0,False,0.93,0.0,False,,205,-6.5,-0.025390625,8.0,0.99609375,False,False,1
510,stages.2.6.0,element,6,"(44, 18, 3)",0,0.0,False,0.93,0.0,False,,106,80.0,0.3125,8.0,0.99609375,False,False,1
511,stages.2.6.0,element,4,"(49, 5, 46)",0,0.0,False,0.93,0.0,False,,225,-36.0,-144.0,2.0,3.0,False,False,1
512,stages.2.6.0,element,1,"(76, 2, 39)",0,0.0,False,0.93,0.0,False,,212,-12.0,-14.0,0.22239232063293457,0.1666666716337204,False,False,1
513,stages.2.6.0,element,3,"(12, 25, 51)",0,0.0,False,0.93,0.0,False,,122,320.0,160.0,1.0,0.5,False,False,1
514,stages.2.6.0,element,4,"(123, 2, 1)",0,0.0,False,0.93,0.0,False,,219,-22.0,-5.5,2.0,0.75,False,False,1
515,stages.2.6.0,element,1,"(81, 5, 27)",0,0.0,False,0.93,0.0,False,,220,-24.0,-28.0,0.22239255905151367,0.1666666716337204,False,False,1
516,stages.2.6.0,element,3,"(186, 9, 26)",0,0.0,False,0.93,0.0,False,,88,16.0,8.0,1.0,0.5,False,False,1
517,stages.2.6.0,element,6,"(148, 5, 12)",0,0.0,False,0.93,0.0,False,,233,-72.0,-0.28125,8.0,0.99609375,False,False,1
518,stages.2.6.0,element,3,"(73, 21, 22)",0,0.0,False,0.93,0.0,False,,230,-56.0,-112.0,1.0,1.0,False,False,1
519,stages.2.6.0,element,3,"(136, 6, 25)",200,1.0,True,0.0,0.93,True,,247,-240.0,,inf,inf,False,True,1
520,stages.2.6.0,element,6,"(154, 23, 44)",1,0.005,True,0.935,-0.0050000000000000044,False,,112,128.0,0.5,8.0,0.99609375,False,False,1
521,stages.2.6.0,element,5,"(37, 14, 54)",0,0.0,False,0.93,0.0,False,,238,-112.0,-7.0,4.0,0.9375,False,False,1
522,stages.2.6.0,element,1,"(30, 18, 0)",0,0.0,False,0.93,0.0,False,,90,20.0,16.0,0.3219280242919922,0.20000000298023224,False,False,1
523,stages.2.6.0,element,4,"(26, 7, 54)",0,0.0,False,0.93,0.0,False,,62,1.75,0.4375,2.0,0.75,False,False,1
524,stages.2.6.0,element,7,"(8, 19, 16)",0,0.0,False,0.93,0.0,False,,172,-0.375,0.375,0.0,2.0,True,False,1
525,stages.2.6.0,element,1,"(61, 19, 18)",0,0.0,False,0.93,0.0,False,,80,8.0,10.0,0.3219280242919922,0.25,False,False,1
526,stages.2.6.0,element,7,"(152, 11, 12)",0,0.0,False,0.93,0.0,False,,223,-30.0,30.0,0.0,2.0,True,False,1
527,stages.2.6.0,element,4,"(147, 13, 40)",0,0.0,False,0.93,0.0,False,,217,-18.0,-4.5,2.000000238418579,0.75,False,False,1
528,stages.2.6.0,element,5,"(72, 15, 19)",0,0.0,False,0.93,0.0,False,,61,1.625,0.1015625,4.0,0.9375,False,False,1
529,stages.2.6.0,element,2,"(93, 19, 12)",0,0.0,False,0.93,0.0,False,,115,176.0,240.0,0.44745874404907227,0.3636363744735718,False,False,1
530,stages.2.6.0,element,0,"(147, 8, 25)",0,0.0,False,0.93,0.0,False,,103,60.0,56.0,0.09953546524047852,0.06666667014360428,False,False,1
531,stages.2.6.0,element,0,"(177, 6, 50)",0,0.0,False,0.93,0.0,False,,228,-48.0,-52.0,0.1154775619506836,0.0833333358168602,False,False,1
532,stages.2.6.0,element,5,"(54, 1, 23)",0,0.0,False,0.93,0.0,False,,222,-28.0,-448.0,4.0,15.0,False,False,1
533,stages.2.6.0,element,7,"(126, 0, 44)",0,0.0,False,0.93,0.0,False,,230,-56.0,56.0,0.0,2.0,True,False,1
534,stages.2.6.0,element,4,"(114, 0, 4)",0,0.0,False,0.93,0.0,False,,244,-192.0,-48.0,2.0,0.75,False,False,1
535,stages.2.6.0,element,2,"(119, 5, 49)",0,0.0,False,0.93,0.0,False,,79,7.5,5.5,0.44745898246765137,0.2666666805744171,False,False,1
536,stages.2.6.0,element,6,"(154, 3, 0)",0,0.0,False,0.93,0.0,False,,225,-36.0,-0.140625,8.0,0.99609375,False,False,1
537,stages.2.7.0,element,4,"(181, 14, 14)",0,0.0,False,0.93,0.0,False,,108,96.0,384.0,2.000000476837158,3.0,False,False,1
538,stages.2.7.0,element,7,"(41, 1, 32)",0,0.0,False,0.93,0.0,False,,83,11.0,-11.0,0.0,2.0,True,False,1
539,stages.2.7.0,element,0,"(19, 25, 14)",0,0.0,False,0.93,0.0,False,,224,-32.0,-36.0,0.16992521286010742,0.125,False,False,1
540,stages.2.7.0,element,2,"(183, 1, 12)",0,0.0,False,0.93,0.0,False,,90,20.0,28.0,0.4854269027709961,0.4000000059604645,False,False,1
541,stages.2.7.0,element,3,"(8, 18, 3)",0,0.0,False,0.93,0.0,False,,101,52.0,104.0,1.0,1.0,False,False,1
542,stages.2.7.0,element,7,"(170, 4, 2)",0,0.0,False,0.93,0.0,False,,196,-3.0,3.0,0.0,2.0,True,False,1
543,stages.2.7.0,element,5,"(27, 17, 35)",0,0.0,False,0.93,0.0,False,,93,26.0,416.0,3.999999523162842,15.0,False,False,1
544,stages.2.7.0,element,5,"(21, 25, 52)",0,0.0,False,0.93,0.0,False,,228,-48.0,-3.0,4.0,0.9375,False,False,1
545,stages.2.7.0,element,3,"(53, 2, 50)",0,0.0,False,0.93,0.0,False,,106,80.0,40.0,1.0,0.5,False,False,1
546,stages.2.7.0,element,6,"(60, 14, 0)",0,0.0,False,0.93,0.0,False,,95,30.0,0.1171875,8.0,0.99609375,False,False,1
547,stages.2.7.0,element,1,"(63, 13, 23)",0,0.0,False,0.93,0.0,False,,112,128.0,160.0,0.3219280242919922,0.25,False,False,1
548,stages.2.7.0,element,3,"(6, 6, 12)",0,0.0,False,0.93,0.0,False,,98,40.0,80.0,1.0,1.0,False,False,1
549,stages.2.7.0,element,2,"(163, 26, 17)",0,0.0,False,0.93,0.0,False,,75,5.5,7.5,0.44745898246765137,0.3636363744735718,False,False,1
550,stages.2.7.0,element,0,"(159, 14, 40)",0,0.0,False,0.93,0.0,False,,65,2.25,2.0,0.16992497444152832,0.1111111119389534,False,False,1
551,stages.2.7.0,element,0,"(130, 16, 18)",0,0.0,False,0.93,0.0,False,,215,-15.0,-14.0,0.09953570365905762,0.06666667014360428,False,False,1
552,stages.2.7.0,element,6,"(175, 18, 54)",0,0.0,False,0.93,0.0,False,,215,-15.0,-0.05859375,8.0,0.99609375,False,False,1
553,stages.2.7.0,element,7,"(180, 1, 16)",0,0.0,False,0.93,0.0,False,,92,24.0,-24.0,0.0,2.0,True,False,1
554,stages.2.7.0,element,1,"(190, 1, 10)",0,0.0,False,0.93,0.0,False,,92,24.0,28.0,0.22239255905151367,0.1666666716337204,False,False,1
555,stages.2.7.0,element,0,"(72, 2, 48)",0,0.0,False,0.93,0.0,False,,205,-6.5,-6.0,0.11547708511352539,0.07692307978868484,False,False,1
556,stages.2.7.0,element,1,"(117, 13, 14)",0,0.0,False,0.93,0.0,False,,227,-44.0,-36.0,0.2895064353942871,0.1818181872367859,False,False,1
557,stages.2.7.0,element,0,"(146, 14, 5)",0,0.0,False,0.93,0.0,False,,83,11.0,10.0,0.13750362396240234,0.09090909361839294,False,False,1
558,stages.2.7.0,element,6,"(127, 23, 30)",0,0.0,False,0.93,0.0,False,,224,-32.0,-0.125,8.0,0.99609375,False,False,1
559,stages.2.7.0,element,0,"(151, 24, 49)",0,0.0,False,0.93,0.0,False,,223,-30.0,-28.0,0.09953546524047852,0.06666667014360428,False,False,1
560,stages.2.7.0,element,5,"(130, 6, 54)",0,0.0,False,0.93,0.0,False,,71,3.75,60.0,3.999999761581421,15.0,False,False,1
561,stages.2.7.0,element,6,"(74, 8, 57)",0,0.0,False,0.93,0.0,False,,80,8.0,0.03125,8.0,0.99609375,False,False,1
562,stages.2.7.0,element,1,"(109, 12, 41)",0,0.0,False,0.93,0.0,False,,220,-24.0,-28.0,0.22239255905151367,0.1666666716337204,False,False,1
563,stages.2.7.0,element,1,"(38, 6, 10)",0,0.0,False,0.93,0.0,False,,197,-3.25,-3.75,0.2064509391784668,0.1538461595773697,False,False,1
564,stages.2.7.0,element,2,"(182, 23, 23)",0,0.0,False,0.93,0.0,False,,220,-24.0,-16.0,0.5849623680114746,0.3333333432674408,False,False,1
565,stages.2.7.0,element,6,"(171, 23, 54)",0,0.0,False,0.93,0.0,False,,224,-32.0,-0.125,8.0,0.99609375,False,False,1
566,stages.2.7.0,element,7,"(116, 19, 9)",0,0.0,False,0.93,0.0,False,,109,104.0,-104.0,0.0,2.0,True,False,1
567,stages.2.7.0,element,6,"(147, 8, 54)",0,0.0,False,0.93,0.0,False,,72,4.0,0.015625,8.0,0.99609375,False,False,1
568,stages.2.7.0,element,2,"(64, 12, 25)",0,0.0,False,0.93,0.0,False,,79,7.5,5.5,0.44745898246765137,0.2666666805744171,False,False,1
569,stages.2.7.0,element,5,"(73, 7, 3)",0,0.0,False,0.93,0.0,False,,224,-32.0,-2.0,4.0,0.9375,False,False,1
570,stages.2.7.0,element,5,"(98, 12, 48)",0,0.0,False,0.93,0.0,False,,107,88.0,5.5,4.0,0.9375,False,False,1
571,stages.2.7.0,element,3,"(50, 19, 12)",0,0.0,False,0.93,0.0,False,,116,192.0,384.0,1.0000004768371582,1.0,False,False,1
572,stages.2.7.0,element,1,"(3, 15, 47)",0,0.0,False,0.93,0.0,False,,106,80.0,64.0,0.3219280242919922,0.20000000298023224,False,False,1
573,stages.2.7.0,element,2,"(75, 25, 23)",0,0.0,False,0.93,0.0,False,,231,-60.0,-44.0,0.44745874404907227,0.2666666805744171,False,False,1
574,stages.2.7.0,element,6,"(139, 0, 55)",0,0.0,False,0.93,0.0,False,,82,10.0,0.0390625,8.0,0.99609375,False,False,1
575,stages.2.7.0,element,4,"(50, 1, 12)",0,0.0,False,0.93,0.0,False,,249,-288.0,-72.0,1.9999995231628418,0.75,False,False,1
576,stages.2.7.0,element,0,"(133, 6, 18)",0,0.0,False,0.93,0.0,False,,210,-10.0,-11.0,0.13750362396240234,0.10000000149011612,False,False,1
577,stages.2.7.0,element,7,"(115, 0, 10)",0,0.0,False,0.93,0.0,False,,77,6.5,-6.5,0.0,2.0,True,False,1
578,stages.2.7.0,element,4,"(80, 22, 46)",0,0.0,False,0.93,0.0,False,,104,64.0,256.0,2.0,3.0,False,False,1
579,stages.2.7.0,element,2,"(139, 8, 18)",0,0.0,False,0.93,0.0,False,,90,20.0,28.0,0.4854269027709961,0.4000000059604645,False,False,1
580,stages.2.7.0,element,0,"(163, 13, 4)",0,0.0,False,0.93,0.0,False,,99,44.0,40.0,0.13750362396240234,0.09090909361839294,False,False,1
581,stages.2.7.0,element,4,"(182, 19, 5)",0,0.0,False,0.93,0.0,False,,202,-5.0,-20.0,2.0,3.0,False,False,1
582,stages.2.7.0,element,4,"(145, 1, 41)",0,0.0,False,0.93,0.0,False,,100,48.0,192.0,2.0,3.0,False,False,1
583,stages.2.7.0,element,1,"(17, 15, 6)",0,0.0,False,0.93,0.0,False,,224,-32.0,-40.0,0.3219280242919922,0.25,False,False,1
584,stages.2.7.0,element,6,"(64, 17, 23)",0,0.0,False,0.93,0.0,False,,98,40.0,0.15625,8.0,0.99609375,False,False,1
585,stages.2.7.0,element,4,"(101, 10, 58)",0,0.0,False,0.93,0.0,False,,72,4.0,16.0,2.0,3.0,False,False,1
586,stages.2.7.0,element,0,"(14, 23, 47)",0,0.0,False,0.93,0.0,False,,238,-112.0,-120.0,0.09953546524047852,0.0714285746216774,False,False,1
587,stages.2.7.0,element,1,"(80, 8, 3)",0,0.0,False,0.93,0.0,False,,230,-56.0,-48.0,0.22239255905151367,0.1428571492433548,False,False,1
588,stages.2.7.0,element,2,"(25, 10, 28)",0,0.0,False,0.93,0.0,False,,108,96.0,64.0,0.5849623680114746,0.3333333432674408,False,False,1
589,stages.2.7.0,element,5,"(106, 9, 62)",0,0.0,False,0.93,0.0,False,,230,-56.0,-3.5,4.0,0.9375,False,False,1
590,stages.2.7.0,element,6,"(35, 10, 17)",0,0.0,False,0.93,0.0,False,,94,28.0,0.109375,8.0,0.99609375,False,False,1
591,stages.2.7.0,element,6,"(52, 1, 9)",0,0.0,False,0.93,0.0,False,,81,9.0,0.03515625,8.0,0.99609375,False,False,1
592,stages.2.7.0,element,4,"(58, 9, 32)",0,0.0,False,0.93,0.0,False,,78,7.0,28.0,2.0,3.0,False,False,1
593,stages.2.7.0,element,7,"(186, 23, 13)",0,0.0,False,0.93,0.0,False,,218,-20.0,20.0,0.0,2.0,True,False,1
594,stages.2.7.0,element,2,"(85, 24, 58)",0,0.0,False,0.93,0.0,False,,45,0.40625,0.28125,0.5305147171020508,0.3076923191547394,False,False,1
595,stages.2.8.0,element,5,"(111, 25, 1)",0,0.0,False,0.93,0.0,False,,227,-44.0,-2.75,4.0,0.9375,False,False,1
596,stages.2.8.0,element,7,"(120, 20, 15)",0,0.0,False,0.93,0.0,False,,220,-24.0,24.0,0.0,2.0,True,False,1
597,stages.2.8.0,element,7,"(70, 15, 45)",0,0.0,False,0.93,0.0,False,,77,6.5,-6.5,0.0,2.0,True,False,1
598,stages.2.8.0,element,4,"(87, 8, 13)",0,0.0,False,0.93,0.0,False,,80,8.0,2.0,2.0,0.75,False,False,1
599,stages.2.8.0,element,2,"(135, 12, 48)",0,0.0,False,0.93,0.0,False,,239,-120.0,-88.0,0.44745874404907227,0.2666666805744171,False,False,1
600,stages.2.8.0,element,0,"(165, 15, 29)",0,0.0,False,0.93,0.0,False,,81,9.0,8.0,0.16992497444152832,0.1111111119389534,False,False,1
601,stages.2.8.0,element,4,"(176, 26, 40)",0,0.0,False,0.93,0.0,False,,100,48.0,192.0,2.0,3.0,False,False,1
602,stages.2.8.0,element,4,"(56, 6, 38)",0,0.0,False,0.93,0.0,False,,98,40.0,160.0,2.0,3.0,False,False,1
603,stages.2.8.0,element,4,"(137, 20, 58)",0,0.0,False,0.93,0.0,False,,217,-18.0,-4.5,2.000000238418579,0.75,False,False,1
604,stages.2.8.0,element,4,"(145, 13, 4)",0,0.0,False,0.93,0.0,False,,90,20.0,5.0,2.0,0.75,False,False,1
605,stages.2.8.0,element,0,"(179, 26, 2)",0,0.0,False,0.93,0.0,False,,96,32.0,36.0,0.16992521286010742,0.125,False,False,1
606,stages.2.8.0,element,3,"(122, 1, 21)",0,0.0,False,0.93,0.0,False,,251,-352.0,-176.0,1.0,0.5,False,False,1
607,stages.2.8.0,element,0,"(38, 17, 10)",0,0.0,False,0.93,0.0,False,,105,72.0,64.0,0.16992521286010742,0.1111111119389534,False,False,1
608,stages.2.8.0,element,6,"(142, 4, 24)",0,0.0,False,0.93,0.0,False,,229,-52.0,-0.203125,8.0,0.99609375,False,False,1
609,stages.2.8.0,element,7,"(32, 20, 32)",0,0.0,False,0.93,0.0,False,,227,-44.0,44.0,0.0,2.0,True,False,1
610,stages.2.8.0,element,6,"(72, 16, 58)",0,0.0,False,0.93,0.0,False,,92,24.0,0.09375,8.0,0.99609375,False,False,1
611,stages.2.8.0,element,3,"(93, 24, 40)",0,0.0,False,0.93,0.0,False,,113,144.0,288.0,0.9999995231628418,1.0,False,False,1
612,stages.2.8.0,element,6,"(139, 4, 63)",0,0.0,False,0.93,0.0,False,,229,-52.0,-0.203125,8.0,0.99609375,False,False,1
613,stages.2.8.0,element,6,"(32, 6, 20)",0,0.0,False,0.93,0.0,False,,223,-30.0,-0.1171875,8.0,0.99609375,False,False,1
614,stages.2.8.0,element,2,"(134, 2, 41)",0,0.0,False,0.93,0.0,False,,202,-5.0,-7.0,0.4854269027709961,0.4000000059604645,False,False,1
615,stages.2.8.0,element,0,"(27, 18, 59)",0,0.0,False,0.93,0.0,False,,101,52.0,48.0,0.1154775619506836,0.07692307978868484,False,False,1
616,stages.2.8.0,element,6,"(74, 10, 47)",0,0.0,False,0.93,0.0,False,,190,-1.75,-448.0,8.0,255.0,False,False,1
617,stages.2.8.0,element,4,"(23, 9, 23)",0,0.0,False,0.93,0.0,False,,92,24.0,6.0,1.999999761581421,0.75,False,False,1
618,stages.2.8.0,element,3,"(5, 2, 8)",0,0.0,False,0.93,0.0,False,,88,16.0,8.0,1.0,0.5,False,False,1
619,stages.2.8.0,element,6,"(62, 14, 53)",0,0.0,False,0.93,0.0,False,,248,-256.0,-1.0,8.0,0.99609375,False,False,1
620,stages.2.8.0,element,7,"(184, 23, 47)",0,0.0,False,0.93,0.0,False,,205,-6.5,6.5,0.0,2.0,True,False,1
621,stages.2.8.0,element,6,"(107, 19, 40)",0,0.0,False,0.93,0.0,False,,88,16.0,0.0625,8.0,0.99609375,False,False,1
622,stages.2.8.0,element,0,"(137, 0, 19)",0,0.0,False,0.93,0.0,False,,105,72.0,64.0,0.16992521286010742,0.1111111119389534,False,False,1
623,stages.2.8.0,element,0,"(43, 25, 52)",0,0.0,False,0.93,0.0,False,,222,-28.0,-30.0,0.09953546524047852,0.0714285746216774,False,False,1
624,stages.2.8.0,element,3,"(39, 8, 23)",0,0.0,False,0.93,0.0,False,,121,288.0,144.0,0.9999995231628418,0.5,False,False,1
625,stages.2.8.0,element,4,"(173, 24, 3)",0,0.0,False,0.93,0.0,False,,193,-2.25,-9.0,2.0,3.0,False,False,1
626,stages.2.8.0,element,1,"(140, 8, 32)",0,0.0,False,0.93,0.0,False,,107,88.0,72.0,0.2895064353942871,0.1818181872367859,False,False,1
627,stages.2.8.0,element,2,"(93, 22, 51)",0,0.0,False,0.93,0.0,False,,213,-13.0,-9.0,0.5305147171020508,0.3076923191547394,False,False,1
628,stages.2.8.0,element,4,"(53, 13, 44)",0,0.0,False,0.93,0.0,False,,84,12.0,3.0,2.0,0.75,False,False,1
629,stages.2.8.0,element,6,"(165, 13, 61)",0,0.0,False,0.93,0.0,False,,226,-40.0,-0.15625,8.0,0.99609375,False,False,1
630,stages.2.8.0,element,6,"(90, 2, 49)",0,0.0,False,0.93,0.0,False,,99,44.0,0.171875,8.0,0.99609375,False,False,1
631,stages.2.8.0,element,0,"(10, 3, 36)",0,0.0,False,0.93,0.0,False,,221,-26.0,-24.0,0.1154775619506836,0.07692307978868484,False,False,1
632,stages.2.8.0,element,3,"(165, 2, 42)",0,0.0,False,0.93,0.0,False,,101,52.0,104.0,1.0,1.0,False,False,1
633,stages.2.8.0,element,2,"(80, 5, 6)",0,0.0,False,0.93,0.0,False,,234,-80.0,-112.0,0.4854269027709961,0.4000000059604645,False,False,1
634,stages.2.8.0,element,2,"(86, 0, 51)",0,0.0,False,0.93,0.0,False,,212,-12.0,-8.0,0.5849626064300537,0.3333333432674408,False,False,1
635,stages.2.8.0,element,6,"(73, 8, 48)",0,0.0,False,0.93,0.0,False,,221,-26.0,-0.1015625,8.0,0.99609375,False,False,1
636,stages.2.8.0,element,3,"(55, 8, 1)",0,0.0,False,0.93,0.0,False,,234,-80.0,-40.0,1.0,0.5,False,False,1
637,stages.2.8.0,element,3,"(115, 9, 59)",0,0.0,False,0.93,0.0,False,,100,48.0,96.0,1.0,1.0,False,False,1
638,stages.2.8.0,element,7,"(58, 17, 42)",0,0.0,False,0.93,0.0,False,,226,-40.0,40.0,0.0,2.0,True,False,1
639,stages.2.8.0,element,3,"(97, 20, 22)",0,0.0,False,0.93,0.0,False,,86,14.0,28.0,1.0,1.0,False,False,1
640,stages.2.8.0,element,6,"(14, 21, 16)",0,0.0,False,0.93,0.0,False,,102,56.0,0.21875,8.0,0.99609375,False,False,1
641,stages.2.8.0,element,7,"(160, 0, 45)",0,0.0,False,0.93,0.0,False,,88,16.0,-16.0,0.0,2.0,True,False,1
642,stages.2.8.0,element,7,"(42, 3, 58)",0,0.0,False,0.93,0.0,False,,95,30.0,-30.0,0.0,2.0,True,False,1
643,stages.2.8.0,element,2,"(116, 5, 1)",0,0.0,False,0.93,0.0,False,,77,6.5,4.5,0.5305147171020508,0.3076923191547394,False,False,1
644,stages.2.8.0,element,3,"(52, 1, 26)",0,0.0,False,0.93,0.0,False,,233,-72.0,-36.0,1.0,0.5,False,False,1
645,stages.2.8.0,element,0,"(35, 14, 29)",0,0.0,False,0.93,0.0,False,,73,4.5,4.0,0.16992497444152832,0.1111111119389534,False,False,1
646,stages.2.8.0,element,5,"(33, 5, 43)",0,0.0,False,0.93,0.0,False,,74,5.0,80.0,4.0,15.0,False,False,1
647,stages.2.8.0,element,3,"(135, 17, 16)",0,0.0,False,0.93,0.0,False,,110,112.0,56.0,1.0,0.5,False,False,1
648,stages.2.8.0,element,0,"(12, 2, 59)",0,0.0,False,0.93,0.0,False,,228,-48.0,-52.0,0.1154775619506836,0.0833333358168602,False,False,1
649,stages.2.8.0,element,1,"(152, 25, 5)",0,0.0,False,0.93,0.0,False,,236,-96.0,-112.0,0.22239255905151367,0.1666666716337204,False,False,1
650,stages.2.8.0,element,1,"(89, 11, 41)",0,0.0,False,0.93,0.0,False,,76,6.0,7.0,0.22239232063293457,0.1666666716337204,False,False,1
651,stages.2.8.0,element,0,"(87, 5, 6)",0,0.0,False,0.93,0.0,False,,230,-56.0,-60.0,0.09953546524047852,0.0714285746216774,False,False,1
652,stages.2.8.0,element,0,"(41, 4, 27)",0,0.0,False,0.93,0.0,False,,119,240.0,224.0,0.09953546524047852,0.06666667014360428,False,False,1
653,stages.2.8.0,element,4,"(68, 15, 1)",0,0.0,False,0.93,0.0,False,,220,-24.0,-6.0,1.999999761581421,0.75,False,False,1
654,stages.2.9.0,element,3,"(44, 24, 28)",0,0.0,False,0.93,0.0,False,,224,-32.0,-64.0,1.0,1.0,False,False,1
655,stages.2.9.0,element,7,"(183, 2, 21)",0,0.0,False,0.93,0.0,False,,217,-18.0,18.0,0.0,2.0,True,False,1
656,stages.2.9.0,element,4,"(109, 20, 56)",0,0.0,False,0.93,0.0,False,,250,-320.0,-80.0,2.0,0.75,False,False,1
657,stages.2.9.0,element,4,"(111, 6, 41)",0,0.0,False,0.93,0.0,False,,230,-56.0,-224.0,2.0,3.0,False,False,1
658,stages.2.9.0,element,5,"(100, 16, 10)",0,0.0,False,0.93,0.0,False,,225,-36.0,-2.25,4.0,0.9375,False,False,1
659,stages.2.9.0,element,3,"(124, 6, 41)",0,0.0,False,0.93,0.0,False,,99,44.0,88.0,1.0,1.0,False,False,1
660,stages.2.9.0,element,3,"(150, 4, 48)",0,0.0,False,0.93,0.0,False,,211,-11.0,-22.0,1.0,1.0,False,False,1
661,stages.2.9.0,element,5,"(62, 3, 44)",0,0.0,False,0.93,0.0,False,,97,36.0,2.25,4.0,0.9375,False,False,1
662,stages.2.9.0,element,1,"(117, 22, 0)",0,0.0,False,0.93,0.0,False,,121,288.0,352.0,0.2895069122314453,0.2222222238779068,False,False,1
663,stages.2.9.0,element,7,"(109, 17, 44)",0,0.0,False,0.93,0.0,False,,92,24.0,-24.0,0.0,2.0,True,False,1
664,stages.2.9.0,element,2,"(131, 17, 55)",0,0.0,False,0.93,0.0,False,,76,6.0,4.0,0.5849626064300537,0.3333333432674408,False,False,1
665,stages.2.9.0,element,4,"(144, 11, 40)",0,0.0,False,0.93,0.0,False,,232,-64.0,-256.0,2.0,3.0,False,False,1
666,stages.2.9.0,element,7,"(146, 18, 54)",0,0.0,False,0.93,0.0,False,,202,-5.0,5.0,0.0,2.0,True,False,1
667,stages.2.9.0,element,6,"(113, 3, 54)",0,0.0,False,0.93,0.0,False,,212,-12.0,-0.046875,8.0,0.99609375,False,False,1
668,stages.2.9.0,element,6,"(13, 18, 44)",0,0.0,False,0.93,0.0,False,,96,32.0,0.125,8.0,0.99609375,False,False,1
669,stages.2.9.0,element,6,"(154, 3, 38)",0,0.0,False,0.93,0.0,False,,78,7.0,0.02734375,8.0,0.99609375,False,False,1
670,stages.2.9.0,element,0,"(185, 25, 15)",0,0.0,False,0.93,0.0,False,,244,-192.0,-208.0,0.1154775619506836,0.0833333358168602,False,False,1
671,stages.2.9.0,element,3,"(105, 18, 40)",1,0.005,True,0.935,-0.0050000000000000044,False,,113,144.0,288.0,0.9999995231628418,1.0,False,False,1
672,stages.2.9.0,element,6,"(84, 12, 13)",0,0.0,False,0.93,0.0,False,,105,72.0,0.28125,8.0,0.99609375,False,False,1
673,stages.2.9.0,element,2,"(38, 1, 11)",0,0.0,False,0.93,0.0,False,,83,11.0,15.0,0.44745898246765137,0.3636363744735718,False,False,1
674,stages.2.9.0,element,2,"(88, 3, 36)",0,0.0,False,0.93,0.0,False,,90,20.0,28.0,0.4854269027709961,0.4000000059604645,False,False,1
675,stages.2.9.0,element,7,"(111, 23, 54)",0,0.0,False,0.93,0.0,False,,230,-56.0,56.0,0.0,2.0,True,False,1
676,stages.2.9.0,element,6,"(148, 22, 2)",0,0.0,False,0.93,0.0,False,,87,15.0,0.05859375,8.0,0.99609375,False,False,1
677,stages.2.9.0,element,2,"(94, 7, 0)",0,0.0,False,0.93,0.0,False,,224,-32.0,-48.0,0.5849623680114746,0.5,False,False,1
678,stages.2.9.0,element,0,"(34, 22, 53)",0,0.0,False,0.93,0.0,False,,223,-30.0,-28.0,0.09953546524047852,0.06666667014360428,False,False,1
679,stages.2.9.0,element,3,"(31, 23, 13)",0,0.0,False,0.93,0.0,False,,228,-48.0,-96.0,1.0,1.0,False,False,1
680,stages.2.9.0,element,6,"(102, 15, 39)",0,0.0,False,0.93,0.0,False,,91,22.0,0.0859375,8.0,0.99609375,False,False,1
681,stages.2.9.0,element,4,"(118, 23, 48)",0,0.0,False,0.93,0.0,False,,228,-48.0,-192.0,2.0,3.0,False,False,1
682,stages.2.9.0,element,1,"(169, 12, 25)",0,0.0,False,0.93,0.0,False,,247,-240.0,-208.0,0.2064504623413086,0.13333334028720856,False,False,1
683,stages.2.9.0,element,3,"(156, 23, 7)",0,0.0,False,0.93,0.0,False,,96,32.0,64.0,1.0,1.0,False,False,1
684,stages.2.9.0,element,3,"(111, 5, 29)",0,0.0,False,0.93,0.0,False,,217,-18.0,-9.0,1.000000238418579,0.5,False,False,1
685,stages.2.9.0,element,4,"(25, 25, 18)",0,0.0,False,0.93,0.0,False,,201,-4.5,-18.0,2.000000238418579,3.0,False,False,1
686,stages.2.9.0,element,5,"(158, 14, 52)",0,0.0,False,0.93,0.0,False,,101,52.0,3.25,4.0,0.9375,False,False,1
687,stages.2.9.0,element,1,"(104, 16, 63)",0,0.0,False,0.93,0.0,False,,73,4.5,5.5,0.2895066738128662,0.2222222238779068,False,False,1
688,stages.2.9.0,element,4,"(161, 23, 43)",0,0.0,False,0.93,0.0,False,,217,-18.0,-4.5,2.000000238418579,0.75,False,False,1
689,stages.2.9.0,element,3,"(140, 23, 27)",0,0.0,False,0.93,0.0,False,,212,-12.0,-24.0,0.9999997615814209,1.0,False,False,1
690,stages.2.9.0,element,1,"(60, 20, 51)",0,0.0,False,0.93,0.0,False,,101,52.0,60.0,0.2064504623413086,0.1538461595773697,False,False,1
691,stages.2.9.0,element,3,"(77, 10, 15)",0,0.0,False,0.93,0.0,False,,64,2.0,4.0,1.0,1.0,False,False,1
692,stages.2.9.0,element,1,"(79, 3, 39)",0,0.0,False,0.93,0.0,False,,74,5.0,4.0,0.3219280242919922,0.20000000298023224,False,False,1
693,stages.2.9.0,element,1,"(51, 22, 58)",0,0.0,False,0.93,0.0,False,,85,13.0,15.0,0.2064509391784668,0.1538461595773697,False,False,1
694,stages.2.9.0,element,2,"(147, 20, 29)",0,0.0,False,0.93,0.0,False,,224,-32.0,-48.0,0.5849623680114746,0.5,False,False,1
695,stages.2.9.0,element,7,"(71, 12, 57)",0,0.0,False,0.93,0.0,False,,82,10.0,-10.0,0.0,2.0,True,False,1
696,stages.2.9.0,element,0,"(133, 22, 24)",0,0.0,False,0.93,0.0,False,,233,-72.0,-64.0,0.16992521286010742,0.1111111119389534,False,False,1
697,stages.2.9.0,element,6,"(104, 0, 10)",0,0.0,False,0.93,0.0,False,,94,28.0,0.109375,8.0,0.99609375,False,False,1
698,stages.2.9.0,element,1,"(78, 12, 36)",0,0.0,False,0.93,0.0,False,,106,80.0,64.0,0.3219280242919922,0.20000000298023224,False,False,1
699,stages.2.9.0,element,7,"(131, 22, 41)",0,0.0,False,0.93,0.0,False,,96,32.0,-32.0,0.0,2.0,True,False,1
700,stages.2.9.0,element,1,"(33, 13, 61)",0,0.0,False,0.93,0.0,False,,220,-24.0,-28.0,0.22239255905151367,0.1666666716337204,False,False,1
701,stages.2.9.0,element,4,"(107, 9, 48)",0,0.0,False,0.93,0.0,False,,212,-12.0,-3.0,2.0,0.75,False,False,1
702,stages.2.9.0,element,3,"(28, 4, 53)",0,0.0,False,0.93,0.0,False,,53,0.8125,1.625,1.0,1.0,False,False,1
703,stages.2.9.0,element,1,"(20, 14, 52)",0,0.0,False,0.93,0.0,False,,73,4.5,5.5,0.2895066738128662,0.2222222238779068,False,False,1
704,stages.2.9.0,element,2,"(159, 7, 63)",0,0.0,False,0.93,0.0,False,,217,-18.0,-26.0,0.5305147171020508,0.4444444477558136,False,False,1
705,stages.2.9.0,element,3,"(157, 0, 59)",0,0.0,False,0.93,0.0,False,,71,3.75,7.5,1.0,1.0,False,False,1
706,stages.2.9.0,element,4,"(129, 14, 4)",0,0.0,False,0.93,0.0,False,,29,0.1015625,0.025390625,1.999999761581421,0.75,False,False,1
707,stages.2.9.0,element,5,"(177, 10, 18)",0,0.0,False,0.93,0.0,False,,100,48.0,3.0,4.0,0.9375,False,False,1
708,stages.2.9.0,element,2,"(116, 12, 8)",0,0.0,False,0.93,0.0,False,,210,-10.0,-14.0,0.4854269027709961,0.4000000059604645,False,False,1
709,stages.2.9.0,element,3,"(19, 12, 6)",0,0.0,False,0.93,0.0,False,,92,24.0,12.0,0.9999997615814209,0.5,False,False,1
710,stages.2.9.0,element,0,"(73, 19, 50)",0,0.0,False,0.93,0.0,False,,101,52.0,48.0,0.1154775619506836,0.07692307978868484,False,False,1
711,stages.2.9.0,element,2,"(47, 24, 32)",0,0.0,False,0.93,0.0,False,,96,32.0,48.0,0.5849623680114746,0.5,False,False,1
712,stages.2.9.0,element,2,"(138, 14, 14)",0,0.0,False,0.93,0.0,False,,81,9.0,13.0,0.5305147171020508,0.4444444477558136,False,False,1
713,stages.2.9.0,element,6,"(33, 9, 23)",0,0.0,False,0.93,0.0,False,,97,36.0,0.140625,8.0,0.99609375,False,False,1
714,stages.2.9.0,element,6,"(115, 24, 49)",0,0.0,False,0.93,0.0,False,,214,-14.0,-0.0546875,8.0,0.99609375,False,False,1
715,stages.2.9.0,element,6,"(163, 1, 1)",0,0.0,False,0.93,0.0,False,,228,-48.0,-0.1875,8.0,0.99609375,False,False,1
716,stages.2.9.0,element,2,"(35, 4, 57)",0,0.0,False,0.93,0.0,False,,169,-0.28125,-0.40625,0.5305147171020508,0.4444444477558136,False,False,1
717,stages.2.9.0,element,1,"(174, 20, 56)",0,0.0,False,0.93,0.0,False,,234,-80.0,-64.0,0.3219280242919922,0.20000000298023224,False,False,1
718,stages.2.9.0,element,3,"(135, 4, 3)",0,0.0,False,0.93,0.0,False,,198,-3.5,-7.0,1.0,1.0,False,False,1
719,stages.2.9.0,element,3,"(8, 13, 32)",0,0.0,False,0.93,0.0,False,,83,11.0,22.0,1.0,1.0,False,False,1
720,stages.2.9.0,element,6,"(102, 11, 62)",0,0.0,False,0.93,0.0,False,,224,-32.0,-0.125,8.0,0.99609375,False,False,1
721,stages.2.9.0,element,6,"(63, 22, 16)",0,0.0,False,0.93,0.0,False,,231,-60.0,-0.234375,8.0,0.99609375,False,False,1
722,stages.2.9.0,element,3,"(134, 6, 39)",0,0.0,False,0.93,0.0,False,,225,-36.0,-72.0,1.0,1.0,False,False,1
723,stages.2.9.0,element,1,"(36, 25, 57)",0,0.0,False,0.93,0.0,False,,78,7.0,6.0,0.22239232063293457,0.1428571492433548,False,False,1
724,stages.2.9.0,element,7,"(94, 12, 48)",0,0.0,False,0.93,0.0,False,,108,96.0,-96.0,0.0,2.0,True,False,1
725,stages.2.9.0,element,4,"(90, 4, 3)",0,0.0,False,0.93,0.0,False,,78,7.0,28.0,2.0,3.0,False,False,1
726,stages.2.9.0,element,7,"(95, 18, 18)",0,0.0,False,0.93,0.0,False,,81,9.0,-9.0,0.0,2.0,True,False,1
727,stages.2.9.0,element,3,"(176, 25, 33)",0,0.0,False,0.93,0.0,False,,241,-144.0,-288.0,0.9999995231628418,1.0,False,False,1
728,stages.2.9.0,element,2,"(180, 24, 61)",0,0.0,False,0.93,0.0,False,,226,-40.0,-56.0,0.4854269027709961,0.4000000059604645,False,False,1
729,stages.2.9.0,element,0,"(13, 12, 49)",0,0.0,False,0.93,0.0,False,,211,-11.0,-10.0,0.13750362396240234,0.09090909361839294,False,False,1
730,stages.2.9.0,element,5,"(151, 0, 55)",0,0.0,False,0.93,0.0,False,,96,32.0,2.0,4.0,0.9375,False,False,1
731,stages.2.9.0,element,3,"(32, 23, 58)",0,0.0,False,0.93,0.0,False,,200,-4.0,-2.0,1.0,0.5,False,False,1
732,stages.2.9.0,element,2,"(30, 3, 13)",0,0.0,False,0.93,0.0,False,,93,26.0,18.0,0.5305147171020508,0.3076923191547394,False,False,1
733,stages.2.10.0,element,3,"(85, 20, 48)",0,0.0,False,0.93,0.0,False,,220,-24.0,-12.0,0.9999997615814209,0.5,False,False,1
734,stages.2.10.0,element,2,"(26, 21, 18)",0,0.0,False,0.93,0.0,False,,228,-48.0,-32.0,0.5849623680114746,0.3333333432674408,False,False,1
735,stages.2.10.0,element,7,"(186, 13, 20)",0,0.0,False,0.93,0.0,False,,108,96.0,-96.0,0.0,2.0,True,False,1
736,stages.2.10.0,element,3,"(84, 1, 62)",0,0.0,False,0.93,0.0,False,,87,15.0,30.0,0.9999997615814209,1.0,False,False,1
737,stages.2.10.0,element,7,"(57, 17, 11)",0,0.0,False,0.93,0.0,False,,209,-9.0,9.0,0.0,2.0,True,False,1
738,stages.2.10.0,element,5,"(115, 18, 13)",0,0.0,False,0.93,0.0,False,,206,-7.0,-112.0,4.0,15.0,False,False,1
739,stages.2.10.0,element,2,"(152, 15, 29)",0,0.0,False,0.93,0.0,False,,222,-28.0,-20.0,0.4854269027709961,0.2857142984867096,False,False,1
740,stages.2.10.0,element,3,"(179, 17, 6)",0,0.0,False,0.93,0.0,False,,99,44.0,88.0,1.0,1.0,False,False,1
741,stages.2.10.0,element,7,"(130, 24, 22)",0,0.0,False,0.93,0.0,False,,196,-3.0,3.0,0.0,2.0,True,False,1
742,stages.2.10.0,element,5,"(28, 0, 22)",0,0.0,False,0.93,0.0,False,,240,-128.0,-8.0,4.0,0.9375,False,False,1
743,stages.2.10.0,element,3,"(80, 8, 12)",0,0.0,False,0.93,0.0,False,,225,-36.0,-72.0,1.0,1.0,False,False,1
744,stages.2.10.0,element,5,"(136, 20, 56)",1,0.005,True,0.935,-0.0050000000000000044,False,,245,-208.0,-13.0,4.0,0.9375,False,False,1
745,stages.2.10.0,element,2,"(158, 3, 39)",0,0.0,False,0.93,0.0,False,,90,20.0,28.0,0.4854269027709961,0.4000000059604645,False,False,1
746,stages.2.10.0,element,1,"(91, 7, 51)",0,0.0,False,0.93,0.0,False,,226,-40.0,-32.0,0.3219280242919922,0.20000000298023224,False,False,1
747,stages.2.10.0,element,6,"(163, 14, 27)",0,0.0,False,0.93,0.0,False,,194,-2.5,-0.00390625,9.321928024291992,0.9984375238418579,False,False,1
748,stages.2.10.0,element,0,"(25, 7, 49)",0,0.0,False,0.93,0.0,False,,94,28.0,30.0,0.09953546524047852,0.0714285746216774,False,False,1
749,stages.2.10.0,element,3,"(65, 26, 9)",0,0.0,False,0.93,0.0,False,,227,-44.0,-88.0,1.0,1.0,False,False,1
750,stages.2.10.0,element,3,"(186, 20, 16)",0,0.0,False,0.93,0.0,False,,178,-0.625,-1.25,1.0,1.0,False,False,1
751,stages.2.10.0,element,3,"(37, 19, 34)",0,0.0,False,0.93,0.0,False,,93,26.0,13.0,1.000000238418579,0.5,False,False,1
752,stages.2.10.0,element,1,"(133, 15, 55)",0,0.0,False,0.93,0.0,False,,222,-28.0,-24.0,0.22239255905151367,0.1428571492433548,False,False,1
753,stages.2.10.0,element,3,"(40, 14, 62)",0,0.0,False,0.93,0.0,False,,117,208.0,416.0,0.9999995231628418,1.0,False,False,1
754,stages.2.10.0,element,0,"(24, 20, 0)",0,0.0,False,0.93,0.0,False,,90,20.0,22.0,0.13750362396240234,0.10000000149011612,False,False,1
755,stages.2.10.0,element,3,"(30, 16, 46)",0,0.0,False,0.93,0.0,False,,208,-8.0,-16.0,1.0,1.0,False,False,1
756,stages.2.10.0,element,5,"(173, 24, 27)",0,0.0,False,0.93,0.0,False,,54,0.875,0.0546875,4.0,0.9375,False,False,1
757,stages.2.10.0,element,1,"(188, 6, 32)",0,0.0,False,0.93,0.0,False,,89,18.0,22.0,0.2895064353942871,0.2222222238779068,False,False,1
758,stages.2.10.0,element,1,"(19, 21, 28)",0,0.0,False,0.93,0.0,False,,122,320.0,256.0,0.3219280242919922,0.20000000298023224,False,False,1
759,stages.2.10.0,element,0,"(135, 26, 53)",0,0.0,False,0.93,0.0,False,,225,-36.0,-32.0,0.16992521286010742,0.1111111119389534,False,False,1
760,stages.2.10.0,element,6,"(17, 21, 22)",0,0.0,False,0.93,0.0,False,,217,-18.0,-0.0703125,8.0,0.99609375,False,False,1
761,stages.2.10.0,element,6,"(157, 9, 10)",0,0.0,False,0.93,0.0,False,,213,-13.0,-0.05078125,8.0,0.99609375,False,False,1
762,stages.2.10.0,element,0,"(63, 17, 48)",0,0.0,False,0.93,0.0,False,,180,-0.75,-0.8125,0.11547723412513733,0.0833333358168602,False,False,1
763,stages.2.10.0,element,4,"(9, 0, 60)",0,0.0,False,0.93,0.0,False,,225,-36.0,-144.0,2.0,3.0,False,False,1
764,stages.2.10.0,element,3,"(180, 2, 24)",0,0.0,False,0.93,0.0,False,,82,10.0,20.0,1.0,1.0,False,False,1
765,stages.2.10.0,element,5,"(176, 17, 55)",0,0.0,False,0.93,0.0,False,,230,-56.0,-3.5,4.0,0.9375,False,False,1
766,stages.2.10.0,element,2,"(6, 9, 12)",0,0.0,False,0.93,0.0,False,,84,12.0,8.0,0.5849626064300537,0.3333333432674408,False,False,1
767,stages.2.10.0,element,6,"(74, 23, 1)",0,0.0,False,0.93,0.0,False,,226,-40.0,-0.15625,8.0,0.99609375,False,False,1
768,stages.2.10.0,element,4,"(176, 7, 63)",0,0.0,False,0.93,0.0,False,,105,72.0,288.0,1.9999995231628418,3.0,False,False,1
769,stages.2.10.0,element,1,"(67, 7, 63)",0,0.0,False,0.93,0.0,False,,218,-20.0,-16.0,0.3219280242919922,0.20000000298023224,False,False,1
770,stages.2.10.0,element,4,"(117, 11, 38)",0,0.0,False,0.93,0.0,False,,246,-224.0,-56.0,2.0,0.75,False,False,1
771,stages.2.10.0,element,1,"(166, 26, 45)",0,0.0,False,0.93,0.0,False,,228,-48.0,-56.0,0.22239255905151367,0.1666666716337204,False,False,1
772,stages.2.10.0,element,4,"(12, 23, 38)",0,0.0,False,0.93,0.0,False,,50,0.625,0.15625,2.0,0.75,False,False,1
773,stages.2.10.0,element,2,"(94, 10, 51)",0,0.0,False,0.93,0.0,False,,218,-20.0,-28.0,0.4854269027709961,0.4000000059604645,False,False,1
774,stages.2.10.0,element,3,"(109, 4, 37)",0,0.0,False,0.93,0.0,False,,93,26.0,13.0,1.000000238418579,0.5,False,False,1
775,stages.2.10.0,element,2,"(177, 12, 2)",0,0.0,False,0.93,0.0,False,,90,20.0,28.0,0.4854269027709961,0.4000000059604645,False,False,1
776,stages.2.10.0,element,4,"(88, 2, 23)",0,0.0,False,0.93,0.0,False,,221,-26.0,-6.5,2.000000238418579,0.75,False,False,1
777,stages.2.10.0,element,6,"(160, 21, 16)",0,0.0,False,0.93,0.0,False,,96,32.0,0.125,8.0,0.99609375,False,False,1
778,stages.2.10.0,element,5,"(108, 7, 44)",0,0.0,False,0.93,0.0,False,,89,18.0,288.0,3.999999523162842,15.0,False,False,1
779,stages.2.10.0,element,2,"(83, 1, 33)",0,0.0,False,0.93,0.0,False,,91,22.0,30.0,0.44745874404907227,0.3636363744735718,False,False,1
780,stages.2.10.0,element,3,"(141, 14, 42)",0,0.0,False,0.93,0.0,False,,82,10.0,20.0,1.0,1.0,False,False,1
781,stages.2.10.0,element,2,"(162, 14, 47)",0,0.0,False,0.93,0.0,False,,238,-112.0,-80.0,0.4854269027709961,0.2857142984867096,False,False,1
782,stages.2.10.0,element,2,"(130, 7, 61)",0,0.0,False,0.93,0.0,False,,45,0.40625,0.28125,0.5305147171020508,0.3076923191547394,False,False,1
783,stages.2.10.0,element,5,"(118, 22, 18)",0,0.0,False,0.93,0.0,False,,116,192.0,12.0,3.999999761581421,0.9375,False,False,1
784,stages.2.10.0,element,6,"(191, 12, 40)",0,0.0,False,0.93,0.0,False,,225,-36.0,-0.140625,8.0,0.99609375,False,False,1
785,stages.2.10.0,element,1,"(115, 18, 1)",0,0.0,False,0.93,0.0,False,,76,6.0,7.0,0.22239232063293457,0.1666666716337204,False,False,1
786,stages.2.10.0,element,2,"(30, 2, 11)",0,0.0,False,0.93,0.0,False,,230,-56.0,-40.0,0.4854269027709961,0.2857142984867096,False,False,1
787,stages.2.10.0,element,0,"(176, 14, 2)",0,0.0,False,0.93,0.0,False,,237,-104.0,-96.0,0.1154775619506836,0.07692307978868484,False,False,1
788,stages.2.10.0,element,7,"(156, 1, 53)",0,0.0,False,0.93,0.0,False,,226,-40.0,40.0,0.0,2.0,True,False,1
789,stages.2.10.0,element,5,"(71, 1, 37)",0,0.0,False,0.93,0.0,False,,82,10.0,160.0,4.0,15.0,False,False,1
790,stages.2.10.0,element,1,"(78, 25, 6)",0,0.0,False,0.93,0.0,False,,250,-320.0,-256.0,0.3219280242919922,0.20000000298023224,False,False,1
791,stages.2.10.0,element,6,"(127, 19, 55)",0,0.0,False,0.93,0.0,False,,71,3.75,0.013671875,8.099535942077637,0.9963541626930237,False,False,1
792,stages.2.10.0,element,2,"(150, 10, 42)",0,0.0,False,0.93,0.0,False,,191,-1.875,-1.375,0.447458952665329,0.2666666805744171,False,False,1
793,stages.2.10.0,element,2,"(135, 1, 47)",0,0.0,False,0.93,0.0,False,,105,72.0,104.0,0.5305147171020508,0.4444444477558136,False,False,1
794,stages.2.10.0,element,3,"(171, 5, 62)",0,0.0,False,0.93,0.0,False,,244,-192.0,-384.0,1.0000004768371582,1.0,False,False,1
795,stages.2.10.0,element,5,"(13, 14, 38)",0,0.0,False,0.93,0.0,False,,97,36.0,2.25,4.0,0.9375,False,False,1
796,stages.2.10.0,element,5,"(190, 12, 33)",0,0.0,False,0.93,0.0,False,,209,-9.0,-144.0,4.0,15.0,False,False,1
797,stages.2.10.0,element,0,"(93, 16, 45)",0,0.0,False,0.93,0.0,False,,98,40.0,44.0,0.13750362396240234,0.10000000149011612,False,False,1
798,stages.2.10.0,element,5,"(51, 2, 10)",0,0.0,False,0.93,0.0,False,,215,-15.0,-240.0,3.999999761581421,15.0,False,False,1
799,stages.2.10.0,element,3,"(41, 13, 34)",0,0.0,False,0.93,0.0,False,,88,16.0,8.0,1.0,0.5,False,False,1
800,stages.2.11.0,element,4,"(175, 21, 60)",0,0.0,False,0.93,0.0,False,,212,-12.0,-3.0,2.0,0.75,False,False,1
801,stages.2.11.0,element,1,"(110, 26, 8)",0,0.0,False,0.93,0.0,False,,228,-48.0,-56.0,0.22239255905151367,0.1666666716337204,False,False,1
802,stages.2.11.0,element,3,"(179, 19, 52)",0,0.0,False,0.93,0.0,False,,202,-5.0,-2.5,0.9999998807907104,0.5,False,False,1
803,stages.2.11.0,element,7,"(48, 17, 46)",0,0.0,False,0.93,0.0,False,,210,-10.0,10.0,0.0,2.0,True,False,1
804,stages.2.11.0,element,5,"(127, 10, 33)",0,0.0,False,0.93,0.0,False,,75,5.5,88.0,4.0,15.0,False,False,1
805,stages.2.11.0,element,7,"(66, 23, 9)",0,0.0,False,0.93,0.0,False,,221,-26.0,26.0,0.0,2.0,True,False,1
806,stages.2.11.0,element,1,"(164, 23, 41)",0,0.0,False,0.93,0.0,False,,62,1.75,1.5,0.22239243984222412,0.1428571492433548,False,False,1
807,stages.2.11.0,element,5,"(117, 0, 57)",0,0.0,False,0.93,0.0,False,,100,48.0,3.0,4.0,0.9375,False,False,1
808,stages.2.11.0,element,7,"(144, 11, 47)",0,0.0,False,0.93,0.0,False,,115,176.0,-176.0,0.0,2.0,True,False,1
809,stages.2.11.0,element,0,"(113, 7, 1)",0,0.0,False,0.93,0.0,False,,105,72.0,64.0,0.16992521286010742,0.1111111119389534,False,False,1
810,stages.2.11.0,element,6,"(146, 16, 44)",0,0.0,False,0.93,0.0,False,,92,24.0,0.09375,8.0,0.99609375,False,False,1
811,stages.2.11.0,element,2,"(29, 16, 20)",0,0.0,False,0.93,0.0,False,,100,48.0,32.0,0.5849623680114746,0.3333333432674408,False,False,1
812,stages.2.11.0,element,3,"(43, 22, 55)",0,0.0,False,0.93,0.0,False,,79,7.5,3.75,1.0,0.5,False,False,1
813,stages.2.11.0,element,0,"(135, 17, 58)",0,0.0,False,0.93,0.0,False,,99,44.0,40.0,0.13750362396240234,0.09090909361839294,False,False,1
814,stages.2.11.0,element,6,"(35, 10, 13)",0,0.0,False,0.93,0.0,False,,89,18.0,0.0703125,8.0,0.99609375,False,False,1
815,stages.2.11.0,element,1,"(15, 9, 55)",0,0.0,False,0.93,0.0,False,,106,80.0,64.0,0.3219280242919922,0.20000000298023224,False,False,1
816,stages.2.11.0,element,7,"(107, 8, 4)",0,0.0,False,0.93,0.0,False,,97,36.0,-36.0,0.0,2.0,True,False,1
817,stages.2.11.0,element,0,"(186, 5, 3)",0,0.0,False,0.93,0.0,False,,224,-32.0,-36.0,0.16992521286010742,0.125,False,False,1
818,stages.2.11.0,element,0,"(59, 15, 1)",0,0.0,False,0.93,0.0,False,,197,-3.25,-3.0,0.11547720432281494,0.07692307978868484,False,False,1
819,stages.2.11.0,element,1,"(38, 23, 2)",0,0.0,False,0.93,0.0,False,,190,-1.75,-1.5,0.22239243984222412,0.1428571492433548,False,False,1
820,stages.2.11.0,element,5,"(139, 6, 61)",0,0.0,False,0.93,0.0,False,,243,-176.0,-11.0,4.0,0.9375,False,False,1
821,stages.2.11.0,element,5,"(48, 18, 25)",0,0.0,False,0.93,0.0,False,,89,18.0,288.0,3.999999523162842,15.0,False,False,1
822,stages.2.11.0,element,1,"(148, 24, 4)",0,0.0,False,0.93,0.0,False,,82,10.0,8.0,0.3219280242919922,0.20000000298023224,False,False,1
823,stages.2.11.0,element,0,"(38, 12, 22)",0,0.0,False,0.93,0.0,False,,224,-32.0,-36.0,0.16992521286010742,0.125,False,False,1
824,stages.2.11.0,element,2,"(36, 7, 45)",0,0.0,False,0.93,0.0,False,,224,-32.0,-48.0,0.5849623680114746,0.5,False,False,1
825,stages.2.11.0,element,1,"(190, 9, 59)",0,0.0,False,0.93,0.0,False,,109,104.0,120.0,0.2064504623413086,0.1538461595773697,False,False,1
826,stages.2.11.0,element,5,"(114, 25, 19)",0,0.0,False,0.93,0.0,False,,101,52.0,3.25,4.0,0.9375,False,False,1
827,stages.2.11.0,element,7,"(55, 0, 45)",0,0.0,False,0.93,0.0,False,,95,30.0,-30.0,0.0,2.0,True,False,1
828,stages.2.11.0,element,3,"(86, 15, 37)",0,0.0,False,0.93,0.0,False,,95,30.0,15.0,0.9999997615814209,0.5,False,False,1
829,stages.2.11.0,element,2,"(116, 5, 53)",0,0.0,False,0.93,0.0,False,,106,80.0,112.0,0.4854269027709961,0.4000000059604645,False,False,1
830,stages.2.11.0,element,4,"(8, 23, 38)",0,0.0,False,0.93,0.0,False,,234,-80.0,-320.0,2.0,3.0,False,False,1
831,stages.2.11.0,element,2,"(190, 5, 28)",0,0.0,False,0.93,0.0,False,,218,-20.0,-28.0,0.4854269027709961,0.4000000059604645,False,False,1
832,stages.2.11.0,element,1,"(91, 24, 52)",0,0.0,False,0.93,0.0,False,,121,288.0,352.0,0.2895069122314453,0.2222222238779068,False,False,1
833,stages.2.11.0,element,0,"(182, 11, 9)",0,0.0,False,0.93,0.0,False,,223,-30.0,-28.0,0.09953546524047852,0.06666667014360428,False,False,1
834,stages.2.11.0,element,5,"(151, 21, 17)",0,0.0,False,0.93,0.0,False,,198,-3.5,-56.0,4.0,15.0,False,False,1
835,stages.2.11.0,element,6,"(8, 3, 34)",0,0.0,False,0.93,0.0,False,,93,26.0,0.1015625,8.0,0.99609375,False,False,1
836,stages.2.11.0,element,4,"(153, 19, 0)",0,0.0,False,0.93,0.0,False,,73,4.5,18.0,2.000000238418579,3.0,False,False,1
837,stages.2.11.0,element,5,"(100, 1, 52)",0,0.0,False,0.93,0.0,False,,68,3.0,48.0,4.0,15.0,False,False,1
838,stages.2.11.0,element,0,"(169, 9, 15)",0,0.0,False,0.93,0.0,False,,189,-1.625,-1.5,0.11547720432281494,0.07692307978868484,False,False,1
839,stages.2.11.0,element,4,"(115, 12, 10)",0,0.0,False,0.93,0.0,False,,104,64.0,256.0,2.0,3.0,False,False,1
840,stages.2.11.0,element,5,"(53, 15, 22)",1,0.005,True,0.935,-0.0050000000000000044,False,,90,20.0,320.0,4.0,15.0,False,False,1
841,stages.2.11.0,element,4,"(134, 23, 13)",0,0.0,False,0.93,0.0,False,,219,-22.0,-5.5,2.0,0.75,False,False,1
842,stages.2.11.0,element,0,"(54, 23, 59)",0,0.0,False,0.93,0.0,False,,69,3.25,3.0,0.11547720432281494,0.07692307978868484,False,False,1
843,stages.2.11.0,element,0,"(64, 13, 22)",0,0.0,False,0.93,0.0,False,,218,-20.0,-22.0,0.13750362396240234,0.10000000149011612,False,False,1
844,stages.2.11.0,element,7,"(113, 0, 28)",0,0.0,False,0.93,0.0,False,,105,72.0,-72.0,0.0,2.0,True,False,1
845,stages.2.11.0,element,2,"(62, 25, 56)",0,0.0,False,0.93,0.0,False,,84,12.0,8.0,0.5849626064300537,0.3333333432674408,False,False,1
846,stages.2.11.0,element,1,"(179, 11, 47)",0,0.0,False,0.93,0.0,False,,108,96.0,112.0,0.22239255905151367,0.1666666716337204,False,False,1
847,stages.2.11.0,element,4,"(0, 22, 13)",0,0.0,False,0.93,0.0,False,,172,-0.375,-1.5,2.0,3.0,False,False,1
848,stages.2.11.0,element,5,"(73, 22, 48)",0,0.0,False,0.93,0.0,False,,201,-4.5,-72.0,4.0,15.0,False,False,1
849,stages.2.11.0,element,7,"(6, 20, 42)",0,0.0,False,0.93,0.0,False,,102,56.0,-56.0,0.0,2.0,True,False,1
850,stages.2.11.0,element,5,"(138, 3, 49)",0,0.0,False,0.93,0.0,False,,78,7.0,112.0,4.0,15.0,False,False,1
851,stages.2.11.0,element,6,"(105, 16, 31)",0,0.0,False,0.93,0.0,False,,97,36.0,0.140625,8.0,0.99609375,False,False,1
852,stages.2.11.0,element,7,"(28, 14, 42)",0,0.0,False,0.93,0.0,False,,230,-56.0,56.0,0.0,2.0,True,False,1
853,stages.2.11.0,element,5,"(14, 15, 25)",0,0.0,False,0.93,0.0,False,,225,-36.0,-2.25,4.0,0.9375,False,False,1
854,stages.2.11.0,element,4,"(143, 3, 26)",1,0.005,True,0.935,-0.0050000000000000044,False,,106,80.0,320.0,2.0,3.0,False,False,1
855,stages.2.11.0,element,4,"(38, 23, 42)",0,0.0,False,0.93,0.0,False,,96,32.0,128.0,2.0,3.0,False,False,1
856,stages.2.11.0,element,1,"(161, 18, 18)",0,0.0,False,0.93,0.0,False,,225,-36.0,-44.0,0.2895064353942871,0.2222222238779068,False,False,1
857,stages.2.11.0,element,0,"(63, 26, 43)",0,0.0,False,0.93,0.0,False,,210,-10.0,-11.0,0.13750362396240234,0.10000000149011612,False,False,1
858,stages.2.11.0,element,0,"(105, 11, 6)",0,0.0,False,0.93,0.0,False,,209,-9.0,-8.0,0.16992497444152832,0.1111111119389534,False,False,1
859,stages.2.11.0,element,7,"(13, 14, 20)",0,0.0,False,0.93,0.0,False,,101,52.0,-52.0,0.0,2.0,True,False,1
860,stages.2.11.0,element,2,"(97, 13, 29)",0,0.0,False,0.93,0.0,False,,194,-2.5,-3.5,0.48542678356170654,0.4000000059604645,False,False,1
861,stages.2.11.0,element,0,"(5, 24, 62)",0,0.0,False,0.93,0.0,False,,78,7.0,7.5,0.09953570365905762,0.0714285746216774,False,False,1
862,stages.2.11.0,element,1,"(42, 23, 26)",0,0.0,False,0.93,0.0,False,,242,-160.0,-128.0,0.3219280242919922,0.20000000298023224,False,False,1
863,stages.2.11.0,element,1,"(177, 26, 9)",0,0.0,False,0.93,0.0,False,,217,-18.0,-22.0,0.2895064353942871,0.2222222238779068,False,False,1
864,stages.2.11.0,element,3,"(187, 18, 8)",0,0.0,False,0.93,0.0,False,,109,104.0,52.0,1.0,0.5,False,False,1
865,stages.2.11.0,element,5,"(83, 15, 7)",200,1.0,True,0.0,0.93,True,,95,30.0,,inf,inf,False,True,1
866,stages.2.11.0,element,6,"(174, 10, 31)",0,0.0,False,0.93,0.0,False,,224,-32.0,-0.125,8.0,0.99609375,False,False,1
867,stages.2.11.0,element,6,"(39, 9, 7)",0,0.0,False,0.93,0.0,False,,100,48.0,0.1875,8.0,0.99609375,False,False,1
868,stages.2.11.0,element,7,"(112, 18, 52)",0,0.0,False,0.93,0.0,False,,79,7.5,-7.5,0.0,2.0,True,False,1
869,stages.2.11.0,element,6,"(136, 0, 39)",0,0.0,False,0.93,0.0,False,,75,5.5,0.021484375,8.0,0.99609375,False,False,1
870,stages.2.11.0,element,2,"(170, 24, 63)",0,0.0,False,0.93,0.0,False,,231,-60.0,-44.0,0.44745874404907227,0.2666666805744171,False,False,1
871,stages.2.11.0,element,3,"(1, 21, 61)",0,0.0,False,0.93,0.0,False,,75,5.5,2.75,1.0,0.5,False,False,1
872,stages.2.12.0,element,0,"(124, 8, 50)",0,0.0,False,0.93,0.0,False,,110,112.0,120.0,0.09953546524047852,0.0714285746216774,False,False,1
873,stages.2.12.0,element,5,"(33, 26, 54)",0,0.0,False,0.93,0.0,False,,196,-3.0,-48.0,4.0,15.0,False,False,1
874,stages.2.12.0,element,1,"(131, 24, 27)",0,0.0,False,0.93,0.0,False,,207,-7.5,-6.5,0.2064509391784668,0.13333334028720856,False,False,1
875,stages.2.12.0,element,2,"(6, 21, 0)",0,0.0,False,0.93,0.0,False,,209,-9.0,-13.0,0.5305147171020508,0.4444444477558136,False,False,1
876,stages.2.12.0,element,3,"(43, 4, 62)",0,0.0,False,0.93,0.0,False,,227,-44.0,-88.0,1.0,1.0,False,False,1
877,stages.2.12.0,element,5,"(163, 12, 35)",0,0.0,False,0.93,0.0,False,,221,-26.0,-416.0,3.999999523162842,15.0,False,False,1
878,stages.2.12.0,element,6,"(61, 5, 38)",0,0.0,False,0.93,0.0,False,,239,-120.0,-0.46875,8.0,0.99609375,False,False,1
879,stages.2.12.0,element,7,"(187, 19, 24)",0,0.0,False,0.93,0.0,False,,107,88.0,-88.0,0.0,2.0,True,False,1
880,stages.2.12.0,element,4,"(161, 4, 26)",0,0.0,False,0.93,0.0,False,,104,64.0,256.0,2.0,3.0,False,False,1
881,stages.2.12.0,element,7,"(46, 23, 38)",0,0.0,False,0.93,0.0,False,,61,1.625,-1.625,0.0,2.0,True,False,1
882,stages.2.12.0,element,5,"(176, 21, 2)",0,0.0,False,0.93,0.0,False,,117,208.0,13.0,4.0,0.9375,False,False,1
883,stages.2.12.0,element,6,"(166, 7, 47)",0,0.0,False,0.93,0.0,False,,230,-56.0,-0.21875,8.0,0.99609375,False,False,1
884,stages.2.12.0,element,4,"(188, 19, 53)",0,0.0,False,0.93,0.0,False,,103,60.0,240.0,2.0,3.0,False,False,1
885,stages.2.12.0,element,0,"(77, 7, 46)",0,0.0,False,0.93,0.0,False,,220,-24.0,-26.0,0.1154775619506836,0.0833333358168602,False,False,1
886,stages.2.12.0,element,1,"(174, 5, 62)",0,0.0,False,0.93,0.0,False,,93,26.0,30.0,0.2064504623413086,0.1538461595773697,False,False,1
887,stages.2.12.0,element,3,"(59, 21, 0)",0,0.0,False,0.93,0.0,False,,90,20.0,10.0,1.0,0.5,False,False,1
888,stages.2.12.0,element,6,"(68, 8, 57)",0,0.0,False,0.93,0.0,False,,85,13.0,0.05078125,8.0,0.99609375,False,False,1
889,stages.2.12.0,element,3,"(96, 26, 46)",0,0.0,False,0.93,0.0,False,,212,-12.0,-24.0,0.9999997615814209,1.0,False,False,1
890,stages.2.12.0,element,0,"(69, 10, 55)",0,0.0,False,0.93,0.0,False,,210,-10.0,-11.0,0.13750362396240234,0.10000000149011612,False,False,1
891,stages.2.12.0,element,3,"(1, 15, 22)",0,0.0,False,0.93,0.0,False,,96,32.0,64.0,1.0,1.0,False,False,1
892,stages.2.12.0,element,5,"(137, 23, 60)",0,0.0,False,0.93,0.0,False,,94,28.0,448.0,4.0,15.0,False,False,1
893,stages.2.12.0,element,7,"(85, 0, 2)",0,0.0,False,0.93,0.0,False,,67,2.75,-2.75,0.0,2.0,True,False,1
894,stages.2.12.0,element,1,"(156, 25, 31)",0,0.0,False,0.93,0.0,False,,62,1.75,1.5,0.22239243984222412,0.1428571492433548,False,False,1
895,stages.2.12.0,element,2,"(38, 8, 31)",0,0.0,False,0.93,0.0,False,,95,30.0,22.0,0.44745874404907227,0.2666666805744171,False,False,1
896,stages.2.12.0,element,3,"(43, 14, 46)",0,0.0,False,0.93,0.0,False,,226,-40.0,-80.0,1.0,1.0,False,False,1
897,stages.2.12.0,element,3,"(136, 21, 24)",0,0.0,False,0.93,0.0,False,,211,-11.0,-22.0,1.0,1.0,False,False,1
898,stages.2.12.0,element,7,"(134, 2, 49)",0,0.0,False,0.93,0.0,False,,94,28.0,-28.0,0.0,2.0,True,False,1
899,stages.2.12.0,element,3,"(96, 13, 21)",0,0.0,False,0.93,0.0,False,,189,-1.625,-0.8125,1.0,0.5,False,False,1
900,stages.2.12.0,element,4,"(115, 15, 7)",0,0.0,False,0.93,0.0,False,,121,288.0,72.0,1.9999995231628418,0.75,False,False,1
901,stages.2.12.0,element,2,"(166, 22, 8)",0,0.0,False,0.93,0.0,False,,103,60.0,44.0,0.44745874404907227,0.2666666805744171,False,False,1
902,stages.2.12.0,element,0,"(168, 21, 34)",0,0.0,False,0.93,0.0,False,,106,80.0,88.0,0.13750362396240234,0.10000000149011612,False,False,1
903,stages.2.12.0,element,3,"(172, 4, 14)",0,0.0,False,0.93,0.0,False,,219,-22.0,-11.0,1.0,0.5,False,False,1
904,stages.2.12.0,element,3,"(190, 15, 32)",0,0.0,False,0.93,0.0,False,,217,-18.0,-9.0,1.000000238418579,0.5,False,False,1
905,stages.2.12.0,element,1,"(60, 22, 5)",0,0.0,False,0.93,0.0,False,,231,-60.0,-52.0,0.2064504623413086,0.13333334028720856,False,False,1
906,stages.2.12.0,element,5,"(153, 0, 33)",0,0.0,False,0.93,0.0,False,,211,-11.0,-176.0,4.0,15.0,False,False,1
907,stages.2.12.0,element,2,"(53, 22, 32)",0,0.0,False,0.93,0.0,False,,211,-11.0,-15.0,0.44745898246765137,0.3636363744735718,False,False,1
908,stages.2.12.0,element,0,"(166, 18, 36)",0,0.0,False,0.93,0.0,False,,212,-12.0,-13.0,0.11547708511352539,0.0833333358168602,False,False,1
909,stages.2.12.0,element,4,"(180, 8, 28)",0,0.0,False,0.93,0.0,False,,85,13.0,3.25,2.0,0.75,False,False,1
910,stages.2.12.0,element,2,"(84, 9, 55)",0,0.0,False,0.93,0.0,False,,88,16.0,24.0,0.5849623680114746,0.5,False,False,1
911,stages.2.12.0,element,5,"(96, 20, 46)",0,0.0,False,0.93,0.0,False,,218,-20.0,-320.0,4.0,15.0,False,False,1
912,stages.2.12.0,element,0,"(22, 16, 14)",0,0.0,False,0.93,0.0,False,,211,-11.0,-10.0,0.13750362396240234,0.09090909361839294,False,False,1
913,stages.2.12.0,element,6,"(18, 14, 21)",0,0.0,False,0.93,0.0,False,,218,-20.0,-0.078125,8.0,0.99609375,False,False,1
914,stages.2.12.0,element,4,"(37, 26, 39)",0,0.0,False,0.93,0.0,False,,221,-26.0,-6.5,2.000000238418579,0.75,False,False,1
915,stages.2.12.0,element,5,"(8, 21, 55)",0,0.0,False,0.93,0.0,False,,120,256.0,16.0,4.0,0.9375,False,False,1
916,stages.2.12.0,element,3,"(76, 20, 20)",0,0.0,False,0.93,0.0,False,,214,-14.0,-28.0,1.0,1.0,False,False,1
917,stages.2.12.0,element,7,"(190, 4, 23)",0,0.0,False,0.93,0.0,False,,91,22.0,-22.0,0.0,2.0,True,False,1
918,stages.2.12.0,element,4,"(135, 20, 30)",0,0.0,False,0.93,0.0,False,,214,-14.0,-3.5,2.0,0.75,False,False,1
919,stages.2.12.0,element,7,"(111, 5, 24)",0,0.0,False,0.93,0.0,False,,222,-28.0,28.0,0.0,2.0,True,False,1
920,stages.2.12.0,element,2,"(140, 0, 60)",0,0.0,False,0.93,0.0,False,,85,13.0,9.0,0.5305147171020508,0.3076923191547394,False,False,1
921,stages.2.12.0,element,6,"(10, 12, 31)",0,0.0,False,0.93,0.0,False,,218,-20.0,-0.078125,8.0,0.99609375,False,False,1
922,stages.2.12.0,element,5,"(125, 24, 55)",0,0.0,False,0.93,0.0,False,,235,-88.0,-5.5,4.0,0.9375,False,False,1
923,stages.2.12.0,element,7,"(98, 4, 22)",0,0.0,False,0.93,0.0,False,,201,-4.5,4.5,0.0,2.0,True,False,1
924,stages.2.12.0,element,1,"(21, 25, 61)",0,0.0,False,0.93,0.0,False,,90,20.0,16.0,0.3219280242919922,0.20000000298023224,False,False,1
925,stages.2.12.0,element,4,"(96, 21, 17)",0,0.0,False,0.93,0.0,False,,228,-48.0,-192.0,2.0,3.0,False,False,1
926,stages.2.12.0,element,7,"(127, 15, 37)",0,0.0,False,0.93,0.0,False,,94,28.0,-28.0,0.0,2.0,True,False,1
927,stages.2.12.0,element,1,"(83, 16, 3)",0,0.0,False,0.93,0.0,False,,208,-8.0,-10.0,0.3219280242919922,0.25,False,False,1
928,stages.2.12.0,element,7,"(177, 1, 34)",0,0.0,False,0.93,0.0,False,,77,6.5,-6.5,0.0,2.0,True,False,1
929,stages.2.12.0,element,7,"(182, 17, 28)",0,0.0,False,0.93,0.0,False,,59,1.375,-1.375,0.0,2.0,True,False,1
930,stages.2.12.0,element,3,"(69, 10, 12)",0,0.0,False,0.93,0.0,False,,79,7.5,3.75,1.0,0.5,False,False,1
931,stages.2.12.0,element,5,"(182, 4, 27)",0,0.0,False,0.93,0.0,False,,96,32.0,2.0,4.0,0.9375,False,False,1
932,stages.2.12.0,element,3,"(46, 17, 47)",0,0.0,False,0.93,0.0,False,,220,-24.0,-12.0,0.9999997615814209,0.5,False,False,1
933,stages.2.13.0,element,7,"(126, 5, 20)",0,0.0,False,0.93,0.0,False,,188,-1.5,1.5,0.0,2.0,True,False,1
934,stages.2.13.0,element,0,"(165, 1, 16)",0,0.0,False,0.93,0.0,False,,105,72.0,64.0,0.16992521286010742,0.1111111119389534,False,False,1
935,stages.2.13.0,element,2,"(142, 6, 10)",0,0.0,False,0.93,0.0,False,,101,52.0,36.0,0.5305147171020508,0.3076923191547394,False,False,1
936,stages.2.13.0,element,2,"(55, 17, 33)",0,0.0,False,0.93,0.0,False,,179,-0.6875,-0.9375,0.447458952665329,0.3636363744735718,False,False,1
937,stages.2.13.0,element,5,"(111, 7, 34)",0,0.0,False,0.93,0.0,False,,97,36.0,2.25,4.0,0.9375,False,False,1
938,stages.2.13.0,element,1,"(154, 5, 19)",0,0.0,False,0.93,0.0,False,,222,-28.0,-24.0,0.22239255905151367,0.1428571492433548,False,False,1
939,stages.2.13.0,element,7,"(111, 18, 13)",0,0.0,False,0.93,0.0,False,,103,60.0,-60.0,0.0,2.0,True,False,1
940,stages.2.13.0,element,1,"(55, 4, 25)",0,0.0,False,0.93,0.0,False,,212,-12.0,-14.0,0.22239232063293457,0.1666666716337204,False,False,1
941,stages.2.13.0,element,6,"(144, 9, 32)",0,0.0,False,0.93,0.0,False,,219,-22.0,-0.0859375,8.0,0.99609375,False,False,1
942,stages.2.13.0,element,4,"(138, 6, 19)",0,0.0,False,0.93,0.0,False,,64,2.0,8.0,2.0,3.0,False,False,1
943,stages.2.13.0,element,2,"(121, 24, 62)",0,0.0,False,0.93,0.0,False,,223,-30.0,-22.0,0.44745874404907227,0.2666666805744171,False,False,1
944,stages.2.13.0,element,3,"(64, 3, 32)",0,0.0,False,0.93,0.0,False,,225,-36.0,-72.0,1.0,1.0,False,False,1
945,stages.2.13.0,element,0,"(108, 1, 8)",0,0.0,False,0.93,0.0,False,,222,-28.0,-30.0,0.09953546524047852,0.0714285746216774,False,False,1
946,stages.2.13.0,element,3,"(115, 18, 56)",0,0.0,False,0.93,0.0,False,,89,18.0,9.0,1.000000238418579,0.5,False,False,1
947,stages.2.13.0,element,5,"(41, 1, 19)",0,0.0,False,0.93,0.0,False,,94,28.0,448.0,4.0,15.0,False,False,1
948,stages.2.13.0,element,1,"(177, 20, 44)",0,0.0,False,0.93,0.0,False,,219,-22.0,-18.0,0.2895064353942871,0.1818181872367859,False,False,1
949,stages.2.13.0,element,7,"(114, 1, 29)",0,0.0,False,0.93,0.0,False,,73,4.5,-4.5,0.0,2.0,True,False,1
950,stages.2.13.0,element,5,"(10, 11, 39)",0,0.0,False,0.93,0.0,False,,91,22.0,352.0,4.0,15.0,False,False,1
951,stages.2.13.0,element,2,"(51, 24, 14)",0,0.0,False,0.93,0.0,False,,89,18.0,26.0,0.5305147171020508,0.4444444477558136,False,False,1
952,stages.2.13.0,element,2,"(154, 26, 51)",0,0.0,False,0.93,0.0,False,,207,-7.5,-5.5,0.44745898246765137,0.2666666805744171,False,False,1
953,stages.2.13.0,element,6,"(133, 2, 55)",0,0.0,False,0.93,0.0,False,,73,4.5,0.017578125,8.0,0.99609375,False,False,1
954,stages.2.13.0,element,3,"(104, 0, 59)",0,0.0,False,0.93,0.0,False,,233,-72.0,-36.0,1.0,0.5,False,False,1
955,stages.2.13.0,element,7,"(94, 24, 52)",0,0.0,False,0.93,0.0,False,,248,-256.0,256.0,0.0,2.0,True,False,1
956,stages.2.13.0,element,3,"(72, 21, 5)",0,0.0,False,0.93,0.0,False,,201,-4.5,-2.25,1.0,0.5,False,False,1
957,stages.2.13.0,element,5,"(180, 24, 50)",0,0.0,False,0.93,0.0,False,,104,64.0,4.0,4.0,0.9375,False,False,1
958,stages.2.13.0,element,7,"(67, 6, 52)",0,0.0,False,0.93,0.0,False,,242,-160.0,160.0,0.0,2.0,True,False,1
959,stages.2.13.0,element,7,"(159, 15, 52)",0,0.0,False,0.93,0.0,False,,114,160.0,-160.0,0.0,2.0,True,False,1
960,stages.2.13.0,element,1,"(13, 8, 53)",0,0.0,False,0.93,0.0,False,,64,2.0,2.5,0.32192814350128174,0.25,False,False,1
961,stages.2.13.0,element,3,"(102, 12, 46)",0,0.0,False,0.93,0.0,False,,115,176.0,352.0,1.0,1.0,False,False,1
962,stages.2.13.0,element,5,"(49, 16, 27)",0,0.0,False,0.93,0.0,False,,225,-36.0,-2.25,4.0,0.9375,False,False,1
963,stages.2.13.0,element,3,"(81, 2, 8)",0,0.0,False,0.93,0.0,False,,194,-2.5,-5.0,0.9999998807907104,1.0,False,False,1
964,stages.2.13.0,element,2,"(119, 17, 21)",0,0.0,False,0.93,0.0,False,,109,104.0,72.0,0.5305147171020508,0.3076923191547394,False,False,1
965,stages.2.13.0,element,4,"(12, 25, 26)",0,0.0,False,0.93,0.0,False,,210,-10.0,-2.5,1.9999998807907104,0.75,False,False,1
966,stages.2.13.0,element,7,"(18, 19, 58)",0,0.0,False,0.93,0.0,False,,74,5.0,-5.0,0.0,2.0,True,False,1
967,stages.2.13.0,element,3,"(111, 8, 8)",0,0.0,False,0.93,0.0,False,,79,7.5,3.75,1.0,0.5,False,False,1
968,stages.2.13.0,element,3,"(128, 14, 13)",0,0.0,False,0.93,0.0,False,,95,30.0,15.0,0.9999997615814209,0.5,False,False,1
969,stages.2.13.0,element,6,"(11, 22, 48)",0,0.0,False,0.93,0.0,False,,241,-144.0,-0.5625,8.0,0.99609375,False,False,1
970,stages.2.13.0,element,4,"(184, 20, 20)",0,0.0,False,0.93,0.0,False,,106,80.0,320.0,2.0,3.0,False,False,1
971,stages.2.13.0,element,2,"(84, 1, 32)",0,0.0,False,0.93,0.0,False,,197,-3.25,-2.25,0.5305147171020508,0.3076923191547394,False,False,1
972,stages.2.13.0,element,7,"(188, 8, 21)",0,0.0,False,0.93,0.0,False,,195,-2.75,2.75,0.0,2.0,True,False,1
973,stages.2.13.0,element,4,"(26, 4, 57)",0,0.0,False,0.93,0.0,False,,106,80.0,320.0,2.0,3.0,False,False,1
974,stages.2.13.0,element,5,"(170, 19, 52)",0,0.0,False,0.93,0.0,False,,98,40.0,2.5,4.0,0.9375,False,False,1
975,stages.2.13.0,element,6,"(123, 20, 43)",0,0.0,False,0.93,0.0,False,,234,-80.0,-0.3125,8.0,0.99609375,False,False,1
976,stages.2.13.0,element,0,"(154, 23, 30)",0,0.0,False,0.93,0.0,False,,62,1.75,1.875,0.09953564405441284,0.0714285746216774,False,False,1
977,stages.2.13.0,element,6,"(155, 3, 61)",0,0.0,False,0.93,0.0,False,,92,24.0,0.09375,8.0,0.99609375,False,False,1
978,stages.2.13.0,element,1,"(34, 4, 32)",0,0.0,False,0.93,0.0,False,,200,-4.0,-5.0,0.3219280242919922,0.25,False,False,1
979,stages.2.13.0,element,0,"(32, 7, 6)",0,0.0,False,0.93,0.0,False,,123,352.0,320.0,0.13750362396240234,0.09090909361839294,False,False,1
980,stages.2.13.0,element,7,"(186, 7, 18)",0,0.0,False,0.93,0.0,False,,192,-2.0,2.0,0.0,2.0,True,False,1
981,stages.2.13.0,element,2,"(83, 1, 55)",0,0.0,False,0.93,0.0,False,,227,-44.0,-60.0,0.44745874404907227,0.3636363744735718,False,False,1
982,stages.2.13.0,element,0,"(38, 24, 58)",0,0.0,False,0.93,0.0,False,,233,-72.0,-64.0,0.16992521286010742,0.1111111119389534,False,False,1
983,stages.2.13.0,element,5,"(121, 3, 37)",0,0.0,False,0.93,0.0,False,,226,-40.0,-2.5,4.0,0.9375,False,False,1
984,stages.2.13.0,element,2,"(166, 23, 9)",0,0.0,False,0.93,0.0,False,,181,-0.8125,-0.5625,0.5305147171020508,0.3076923191547394,False,False,1
985,stages.2.13.0,element,3,"(52, 15, 1)",0,0.0,False,0.93,0.0,False,,222,-28.0,-14.0,1.0,0.5,False,False,1
986,stages.2.13.0,element,7,"(168, 14, 57)",0,0.0,False,0.93,0.0,False,,218,-20.0,20.0,0.0,2.0,True,False,1
987,stages.2.13.0,element,4,"(12, 10, 3)",0,0.0,False,0.93,0.0,False,,195,-2.75,-11.0,2.0,3.0,False,False,1
988,stages.2.13.0,element,0,"(119, 10, 62)",0,0.0,False,0.93,0.0,False,,79,7.5,7.0,0.09953570365905762,0.06666667014360428,False,False,1
989,stages.2.13.0,element,5,"(72, 3, 2)",0,0.0,False,0.93,0.0,False,,225,-36.0,-2.25,4.0,0.9375,False,False,1
990,stages.2.13.0,element,1,"(100, 2, 29)",0,0.0,False,0.93,0.0,False,,224,-32.0,-40.0,0.3219280242919922,0.25,False,False,1
991,stages.2.13.0,element,2,"(116, 9, 40)",0,0.0,False,0.93,0.0,False,,114,160.0,224.0,0.4854269027709961,0.4000000059604645,False,False,1
992,stages.2.13.0,element,1,"(38, 13, 0)",0,0.0,False,0.93,0.0,False,,223,-30.0,-26.0,0.2064504623413086,0.13333334028720856,False,False,1
993,stages.2.13.0,element,7,"(9, 13, 50)",0,0.0,False,0.93,0.0,False,,89,18.0,-18.0,0.0,2.0,True,False,1
994,stages.2.13.0,element,0,"(99, 19, 59)",0,0.0,False,0.93,0.0,False,,219,-22.0,-20.0,0.13750362396240234,0.09090909361839294,False,False,1
995,stages.2.13.0,element,4,"(183, 1, 30)",0,0.0,False,0.93,0.0,False,,77,6.5,26.0,2.000000238418579,3.0,False,False,1
996,stages.2.13.0,element,3,"(55, 21, 36)",0,0.0,False,0.93,0.0,False,,201,-4.5,-2.25,1.0,0.5,False,False,1
997,stages.2.13.0,element,4,"(107, 11, 49)",0,0.0,False,0.93,0.0,False,,93,26.0,6.5,2.000000238418579,0.75,False,False,1
998,stages.2.13.0,element,4,"(24, 4, 36)",0,0.0,False,0.93,0.0,False,,244,-192.0,-48.0,2.0,0.75,False,False,1
999,stages.2.13.0,element,0,"(66, 2, 15)",0,0.0,False,0.93,0.0,False,,89,18.0,16.0,0.16992521286010742,0.1111111119389534,False,False,1
1000,stages.2.13.0,element,2,"(24, 16, 34)",0,0.0,False,0.93,0.0,False,,58,1.25,1.75,0.4854268431663513,0.4000000059604645,False,False,1
1001,stages.2.13.0,element,4,"(21, 16, 6)",0,0.0,False,0.93,0.0,False,,96,32.0,128.0,2.0,3.0,False,False,1
1002,stages.2.13.0,element,0,"(153, 22, 17)",0,0.0,False,0.93,0.0,False,,92,24.0,26.0,0.1154775619506836,0.0833333358168602,False,False,1
1003,stages.2.13.0,element,6,"(173, 13, 39)",0,0.0,False,0.93,0.0,False,,229,-52.0,-0.203125,8.0,0.99609375,False,False,1
1004,stages.2.13.0,element,6,"(177, 2, 47)",0,0.0,False,0.93,0.0,False,,124,384.0,1.5,8.0,0.99609375,False,False,1
1005,stages.2.13.0,element,4,"(140, 1, 60)",0,0.0,False,0.93,0.0,False,,221,-26.0,-6.5,2.000000238418579,0.75,False,False,1
1006,stages.2.13.0,element,6,"(27, 6, 28)",0,0.0,False,0.93,0.0,False,,105,72.0,0.28125,8.0,0.99609375,False,False,1
1007,stages.3.0.0,element,6,"(549, 4, 45)",0,0.0,False,0.93,0.0,False,,218,-20.0,-0.078125,8.0,0.99609375,False,False,1
1008,stages.3.0.0,element,7,"(719, 13, 11)",0,0.0,False,0.93,0.0,False,,217,-18.0,18.0,0.0,2.0,True,False,1
1009,stages.3.0.0,element,6,"(596, 7, 2)",0,0.0,False,0.93,0.0,False,,88,16.0,0.0625,8.0,0.99609375,False,False,1
1010,stages.3.0.0,element,1,"(176, 8, 23)",0,0.0,False,0.93,0.0,False,,240,-128.0,-160.0,0.3219280242919922,0.25,False,False,1
1011,stages.3.0.0,element,0,"(224, 22, 8)",0,0.0,False,0.93,0.0,False,,96,32.0,36.0,0.16992521286010742,0.125,False,False,1
1012,stages.3.0.0,element,7,"(693, 17, 29)",0,0.0,False,0.93,0.0,False,,83,11.0,-11.0,0.0,2.0,True,False,1
1013,stages.3.0.0,element,6,"(99, 16, 7)",0,0.0,False,0.93,0.0,False,,96,32.0,0.125,8.0,0.99609375,False,False,1
1014,stages.3.0.0,element,5,"(805, 21, 22)",0,0.0,False,0.93,0.0,False,,235,-88.0,-5.5,4.0,0.9375,False,False,1
1015,stages.3.0.0,element,2,"(411, 21, 31)",0,0.0,False,0.93,0.0,False,,81,9.0,13.0,0.5305147171020508,0.4444444477558136,False,False,1
1016,stages.3.0.0,element,6,"(548, 5, 50)",0,0.0,False,0.93,0.0,False,,97,36.0,0.140625,8.0,0.99609375,False,False,1
1017,stages.3.0.0,element,0,"(1148, 18, 50)",0,0.0,False,0.93,0.0,False,,51,0.6875,0.625,0.13750356435775757,0.09090909361839294,False,False,1
1018,stages.3.0.0,element,5,"(1105, 20, 7)",0,0.0,False,0.93,0.0,False,,215,-15.0,-240.0,3.999999761581421,15.0,False,False,1
1019,stages.3.0.0,element,3,"(600, 18, 2)",0,0.0,False,0.93,0.0,False,,227,-44.0,-88.0,1.0,1.0,False,False,1
1020,stages.3.0.0,element,6,"(499, 6, 62)",0,0.0,False,0.93,0.0,False,,236,-96.0,-0.375,8.0,0.99609375,False,False,1
1021,stages.3.0.0,element,5,"(1040, 16, 34)",0,0.0,False,0.93,0.0,False,,224,-32.0,-2.0,4.0,0.9375,False,False,1
1022,stages.3.0.0,element,2,"(653, 25, 16)",0,0.0,False,0.93,0.0,False,,96,32.0,48.0,0.5849623680114746,0.5,False,False,1
1023,stages.3.0.0,element,6,"(943, 6, 43)",0,0.0,False,0.93,0.0,False,,238,-112.0,-0.4375,8.0,0.99609375,False,False,1
1024,stages.3.0.0,element,5,"(146, 2, 50)",0,0.0,False,0.93,0.0,False,,240,-128.0,-8.0,4.0,0.9375,False,False,1
1025,stages.3.0.0,element,2,"(910, 19, 52)",0,0.0,False,0.93,0.0,False,,86,14.0,10.0,0.4854269027709961,0.2857142984867096,False,False,1
1026,stages.3.0.0,element,2,"(721, 9, 20)",0,0.0,False,0.93,0.0,False,,232,-64.0,-96.0,0.5849623680114746,0.5,False,False,1
1027,stages.3.0.0,element,3,"(270, 19, 5)",0,0.0,False,0.93,0.0,False,,51,0.6875,1.375,1.0,1.0,False,False,1
1028,stages.3.0.0,element,4,"(981, 1, 28)",0,0.0,False,0.93,0.0,False,,101,52.0,208.0,2.0,3.0,False,False,1
1029,stages.3.0.0,element,2,"(686, 25, 40)",0,0.0,False,0.93,0.0,False,,107,88.0,120.0,0.44745874404907227,0.3636363744735718,False,False,1
1030,stages.3.0.0,element,5,"(936, 0, 18)",0,0.0,False,0.93,0.0,False,,233,-72.0,-4.5,4.0,0.9375,False,False,1
1031,stages.3.0.0,element,4,"(1060, 8, 8)",0,0.0,False,0.93,0.0,False,,53,0.8125,0.203125,2.0,0.75,False,False,1
1032,stages.3.0.0,element,1,"(328, 25, 16)",0,0.0,False,0.93,0.0,False,,228,-48.0,-56.0,0.22239255905151367,0.1666666716337204,False,False,1
1033,stages.3.0.0,element,5,"(1036, 23, 17)",0,0.0,False,0.93,0.0,False,,249,-288.0,-18.0,3.999999523162842,0.9375,False,False,1
1034,stages.3.0.0,element,0,"(1269, 15, 57)",0,0.0,False,0.93,0.0,False,,220,-24.0,-26.0,0.1154775619506836,0.0833333358168602,False,False,1
1035,stages.3.0.0,element,7,"(661, 24, 47)",0,0.0,False,0.93,0.0,False,,225,-36.0,36.0,0.0,2.0,True,False,1
1036,stages.3.0.0,element,6,"(921, 13, 59)",0,0.0,False,0.93,0.0,False,,83,11.0,0.04296875,8.0,0.99609375,False,False,1
1037,stages.3.0.0,element,0,"(987, 10, 50)",0,0.0,False,0.93,0.0,False,,204,-6.0,-6.5,0.11547708511352539,0.0833333358168602,False,False,1
1038,stages.3.0.0,element,6,"(542, 10, 56)",0,0.0,False,0.93,0.0,False,,217,-18.0,-0.0703125,8.0,0.99609375,False,False,1
1039,stages.3.0.0,element,2,"(1030, 15, 34)",0,0.0,False,0.93,0.0,False,,118,224.0,160.0,0.4854269027709961,0.2857142984867096,False,False,1
1040,stages.3.0.0,element,5,"(531, 2, 15)",0,0.0,False,0.93,0.0,False,,199,-3.75,-60.0,3.999999761581421,15.0,False,False,1
1041,stages.3.0.0,element,1,"(1132, 22, 58)",0,0.0,False,0.93,0.0,False,,100,48.0,56.0,0.22239255905151367,0.1666666716337204,False,False,1
1042,stages.3.0.0,element,2,"(997, 14, 30)",0,0.0,False,0.93,0.0,False,,102,56.0,40.0,0.4854269027709961,0.2857142984867096,False,False,1
1043,stages.3.0.0,element,0,"(689, 8, 42)",0,0.0,False,0.93,0.0,False,,210,-10.0,-11.0,0.13750362396240234,0.10000000149011612,False,False,1
1044,stages.3.0.0,element,5,"(224, 23, 37)",0,0.0,False,0.93,0.0,False,,101,52.0,3.25,4.0,0.9375,False,False,1
1045,stages.3.0.0,element,4,"(1059, 7, 19)",0,0.0,False,0.93,0.0,False,,99,44.0,176.0,2.0,3.0,False,False,1
1046,stages.3.0.0,element,0,"(818, 19, 33)",0,0.0,False,0.93,0.0,False,,217,-18.0,-16.0,0.16992521286010742,0.1111111119389534,False,False,1
1047,stages.3.0.0,element,2,"(731, 7, 32)",0,0.0,False,0.93,0.0,False,,192,-2.0,-3.0,0.5849624872207642,0.5,False,False,1
1048,stages.3.0.0,element,5,"(920, 3, 5)",0,0.0,False,0.93,0.0,False,,201,-4.5,-72.0,4.0,15.0,False,False,1
1049,stages.3.0.0,element,6,"(1272, 16, 24)",0,0.0,False,0.93,0.0,False,,97,36.0,0.140625,8.0,0.99609375,False,False,1
1050,stages.3.0.0,element,4,"(660, 24, 45)",0,0.0,False,0.93,0.0,False,,229,-52.0,-208.0,2.0,3.0,False,False,1
1051,stages.3.0.0,element,1,"(493, 25, 23)",0,0.0,False,0.93,0.0,False,,233,-72.0,-88.0,0.2895064353942871,0.2222222238779068,False,False,1
1052,stages.3.0.0,element,4,"(1117, 18, 47)",0,0.0,False,0.93,0.0,False,,227,-44.0,-176.0,2.0,3.0,False,False,1
1053,stages.3.0.0,element,1,"(831, 1, 45)",0,0.0,False,0.93,0.0,False,,100,48.0,56.0,0.22239255905151367,0.1666666716337204,False,False,1
1054,stages.3.0.0,element,3,"(599, 23, 3)",0,0.0,False,0.93,0.0,False,,216,-16.0,-8.0,1.0,0.5,False,False,1
1055,stages.3.0.0,element,3,"(232, 19, 62)",0,0.0,False,0.93,0.0,False,,74,5.0,2.5,0.9999998807907104,0.5,False,False,1
1056,stages.3.0.0,element,1,"(595, 1, 44)",0,0.0,False,0.93,0.0,False,,187,-1.375,-1.125,0.28950661420822144,0.1818181872367859,False,False,1
1057,stages.3.0.0,element,6,"(1198, 16, 4)",0,0.0,False,0.93,0.0,False,,207,-7.5,-0.029296875,8.0,0.99609375,False,False,1
1058,stages.3.0.0,element,5,"(364, 10, 33)",0,0.0,False,0.93,0.0,False,,94,28.0,448.0,4.0,15.0,False,False,1
1059,stages.3.0.0,element,0,"(1227, 21, 26)",0,0.0,False,0.93,0.0,False,,226,-40.0,-44.0,0.13750362396240234,0.10000000149011612,False,False,1
1060,stages.3.0.0,element,3,"(1176, 21, 30)",0,0.0,False,0.93,0.0,False,,208,-8.0,-16.0,1.0,1.0,False,False,1
1061,stages.3.0.0,element,0,"(1082, 24, 35)",0,0.0,False,0.93,0.0,False,,213,-13.0,-12.0,0.11547708511352539,0.07692307978868484,False,False,1
1062,stages.3.0.0,element,5,"(404, 22, 18)",0,0.0,False,0.93,0.0,False,,111,120.0,7.5,3.999999761581421,0.9375,False,False,1
1063,stages.3.0.0,element,3,"(1016, 26, 23)",0,0.0,False,0.93,0.0,False,,115,176.0,352.0,1.0,1.0,False,False,1
1064,stages.3.0.0,element,2,"(889, 25, 36)",0,0.0,False,0.93,0.0,False,,220,-24.0,-16.0,0.5849623680114746,0.3333333432674408,False,False,1
1065,stages.3.0.0,element,1,"(1149, 2, 49)",0,0.0,False,0.93,0.0,False,,229,-52.0,-60.0,0.2064504623413086,0.1538461595773697,False,False,1
1066,stages.3.0.0,element,0,"(523, 26, 15)",0,0.0,False,0.93,0.0,False,,216,-16.0,-18.0,0.16992521286010742,0.125,False,False,1
1067,stages.3.0.0,element,1,"(792, 0, 39)",0,0.0,False,0.93,0.0,False,,98,40.0,32.0,0.3219280242919922,0.20000000298023224,False,False,1
1068,stages.3.0.0,element,4,"(1197, 9, 16)",0,0.0,False,0.93,0.0,False,,228,-48.0,-192.0,2.0,3.0,False,False,1
1069,stages.3.0.0,element,5,"(1169, 8, 22)",0,0.0,False,0.93,0.0,False,,204,-6.0,-96.0,3.999999761581421,15.0,False,False,1
1070,stages.3.0.0,element,4,"(1213, 10, 30)",0,0.0,False,0.93,0.0,False,,246,-224.0,-56.0,2.0,0.75,False,False,1
1071,stages.3.0.0,element,1,"(129, 26, 20)",0,0.0,False,0.93,0.0,False,,210,-10.0,-8.0,0.3219280242919922,0.20000000298023224,False,False,1
1072,stages.3.0.0,element,7,"(38, 12, 1)",0,0.0,False,0.93,0.0,False,,91,22.0,-22.0,0.0,2.0,True,False,1
1073,stages.3.0.0,element,5,"(121, 1, 45)",0,0.0,False,0.93,0.0,False,,76,6.0,96.0,3.999999761581421,15.0,False,False,1
1074,stages.3.0.0,element,7,"(1273, 0, 5)",0,0.0,False,0.93,0.0,False,,218,-20.0,20.0,0.0,2.0,True,False,1
1075,stages.3.0.0,element,0,"(532, 26, 24)",0,0.0,False,0.93,0.0,False,,95,30.0,28.0,0.09953546524047852,0.06666667014360428,False,False,1
1076,stages.3.0.0,element,0,"(774, 8, 37)",0,0.0,False,0.93,0.0,False,,218,-20.0,-22.0,0.13750362396240234,0.10000000149011612,False,False,1
1077,stages.3.0.0,element,0,"(533, 10, 35)",0,0.0,False,0.93,0.0,False,,96,32.0,36.0,0.16992521286010742,0.125,False,False,1
1078,stages.3.0.0,element,6,"(94, 14, 24)",0,0.0,False,0.93,0.0,False,,68,3.0,0.0078125,8.584962844848633,0.9973958134651184,False,False,1
1079,stages.3.0.0,element,2,"(1166, 13, 46)",0,0.0,False,0.93,0.0,False,,232,-64.0,-96.0,0.5849623680114746,0.5,False,False,1
1080,stages.3.0.0,element,2,"(636, 5, 24)",0,0.0,False,0.93,0.0,False,,99,44.0,60.0,0.44745874404907227,0.3636363744735718,False,False,1
1081,stages.3.0.0,element,4,"(390, 3, 46)",0,0.0,False,0.93,0.0,False,,109,104.0,416.0,1.9999995231628418,3.0,False,False,1
1082,stages.3.0.0,element,5,"(63, 8, 48)",0,0.0,False,0.93,0.0,False,,85,13.0,208.0,4.0,15.0,False,False,1
1083,stages.3.0.0,element,3,"(148, 23, 17)",0,0.0,False,0.93,0.0,False,,234,-80.0,-40.0,1.0,0.5,False,False,1
1084,stages.3.0.0,element,3,"(702, 15, 49)",0,0.0,False,0.93,0.0,False,,88,16.0,8.0,1.0,0.5,False,False,1
1085,stages.3.0.0,element,3,"(983, 9, 62)",0,0.0,False,0.93,0.0,False,,99,44.0,88.0,1.0,1.0,False,False,1
1086,stages.3.0.0,element,2,"(237, 10, 19)",0,0.0,False,0.93,0.0,False,,96,32.0,48.0,0.5849623680114746,0.5,False,False,1
1087,stages.3.0.0,element,3,"(678, 24, 16)",0,0.0,False,0.93,0.0,False,,114,160.0,320.0,1.0,1.0,False,False,1
1088,stages.3.0.0,element,3,"(470, 26, 1)",0,0.0,False,0.93,0.0,False,,200,-4.0,-2.0,1.0,0.5,False,False,1
1089,stages.3.0.0,element,2,"(836, 11, 12)",0,0.0,False,0.93,0.0,False,,206,-7.0,-5.0,0.4854269027709961,0.2857142984867096,False,False,1
1090,stages.3.0.0,element,4,"(390, 0, 27)",0,0.0,False,0.93,0.0,False,,84,12.0,3.0,2.0,0.75,False,False,1
1091,stages.3.0.0,element,5,"(1131, 25, 6)",0,0.0,False,0.93,0.0,False,,66,2.5,40.0,4.0,15.0,False,False,1
1092,stages.3.0.0,element,5,"(770, 22, 28)",0,0.0,False,0.93,0.0,False,,82,10.0,160.0,4.0,15.0,False,False,1
1093,stages.3.0.0,element,0,"(225, 2, 52)",0,0.0,False,0.93,0.0,False,,218,-20.0,-22.0,0.13750362396240234,0.10000000149011612,False,False,1
1094,stages.3.0.0,element,5,"(1052, 16, 53)",0,0.0,False,0.93,0.0,False,,218,-20.0,-320.0,4.0,15.0,False,False,1
1095,stages.3.0.0,element,2,"(824, 26, 4)",0,0.0,False,0.93,0.0,False,,219,-22.0,-30.0,0.44745874404907227,0.3636363744735718,False,False,1
1096,stages.3.0.0,element,5,"(1198, 20, 45)",0,0.0,False,0.93,0.0,False,,91,22.0,352.0,4.0,15.0,False,False,1
1097,stages.3.0.0,element,7,"(1181, 0, 25)",0,0.0,False,0.93,0.0,False,,194,-2.5,2.5,0.0,2.0,True,False,1
1098,stages.3.0.0,element,3,"(420, 25, 21)",0,0.0,False,0.93,0.0,False,,86,14.0,28.0,1.0,1.0,False,False,1
1099,stages.3.0.0,element,0,"(886, 9, 37)",0,0.0,False,0.93,0.0,False,,202,-5.0,-5.5,0.13750362396240234,0.10000000149011612,False,False,1
1100,stages.3.0.0,element,5,"(729, 5, 31)",0,0.0,False,0.93,0.0,False,,213,-13.0,-208.0,4.0,15.0,False,False,1
1101,stages.3.0.0,element,2,"(555, 19, 16)",0,0.0,False,0.93,0.0,False,,97,36.0,52.0,0.5305147171020508,0.4444444477558136,False,False,1
1102,stages.3.0.0,element,2,"(7, 14, 56)",0,0.0,False,0.93,0.0,False,,211,-11.0,-15.0,0.44745898246765137,0.3636363744735718,False,False,1
1103,stages.3.0.0,element,4,"(1041, 15, 45)",0,0.0,False,0.93,0.0,False,,85,13.0,3.25,2.0,0.75,False,False,1
1104,stages.3.0.0,element,4,"(476, 9, 62)",0,0.0,False,0.93,0.0,False,,178,-0.625,-0.15625,2.0,0.75,False,False,1
1105,stages.3.0.0,element,0,"(87, 20, 33)",0,0.0,False,0.93,0.0,False,,211,-11.0,-10.0,0.13750362396240234,0.09090909361839294,False,False,1
1106,stages.3.0.0,element,3,"(1229, 18, 59)",0,0.0,False,0.93,0.0,False,,76,6.0,3.0,1.0000001192092896,0.5,False,False,1
1107,stages.3.0.0,element,3,"(512, 16, 6)",0,0.0,False,0.93,0.0,False,,226,-40.0,-80.0,1.0,1.0,False,False,1
1108,stages.3.0.0,element,4,"(152, 3, 3)",0,0.0,False,0.93,0.0,False,,225,-36.0,-144.0,2.0,3.0,False,False,1
1109,stages.3.0.0,element,5,"(558, 24, 58)",0,0.0,False,0.93,0.0,False,,85,13.0,208.0,4.0,15.0,False,False,1
1110,stages.3.0.0,element,0,"(1113, 10, 15)",0,0.0,False,0.93,0.0,False,,204,-6.0,-6.5,0.11547708511352539,0.0833333358168602,False,False,1
1111,stages.3.0.0,element,0,"(959, 3, 45)",0,0.0,False,0.93,0.0,False,,198,-3.5,-3.75,0.09953570365905762,0.0714285746216774,False,False,1
1112,stages.3.0.0,element,3,"(835, 5, 37)",0,0.0,False,0.93,0.0,False,,220,-24.0,-12.0,0.9999997615814209,0.5,False,False,1
1113,stages.3.0.0,element,6,"(380, 14, 15)",0,0.0,False,0.93,0.0,False,,103,60.0,0.234375,8.0,0.99609375,False,False,1
1114,stages.3.0.0,element,1,"(376, 4, 61)",0,0.0,False,0.93,0.0,False,,94,28.0,24.0,0.22239255905151367,0.1428571492433548,False,False,1
1115,stages.3.0.0,element,0,"(335, 25, 41)",0,0.0,False,0.93,0.0,False,,94,28.0,30.0,0.09953546524047852,0.0714285746216774,False,False,1
1116,stages.3.0.0,element,3,"(996, 1, 15)",0,0.0,False,0.93,0.0,False,,231,-60.0,-120.0,1.0,1.0,False,False,1
1117,stages.3.0.0,element,2,"(1030, 13, 23)",0,0.0,False,0.93,0.0,False,,214,-14.0,-10.0,0.4854269027709961,0.2857142984867096,False,False,1
1118,stages.3.0.0,element,0,"(370, 7, 36)",0,0.0,False,0.93,0.0,False,,223,-30.0,-28.0,0.09953546524047852,0.06666667014360428,False,False,1
1119,stages.3.0.0,element,7,"(385, 13, 14)",0,0.0,False,0.93,0.0,False,,225,-36.0,36.0,0.0,2.0,True,False,1
1120,stages.3.0.0,element,5,"(1145, 9, 51)",0,0.0,False,0.93,0.0,False,,224,-32.0,-2.0,4.0,0.9375,False,False,1
1121,stages.3.0.0,element,6,"(1247, 15, 61)",0,0.0,False,0.93,0.0,False,,97,36.0,0.140625,8.0,0.99609375,False,False,1
1122,stages.3.0.0,element,7,"(105, 25, 10)",0,0.0,False,0.93,0.0,False,,89,18.0,-18.0,0.0,2.0,True,False,1
1123,stages.3.0.0,element,5,"(327, 24, 28)",0,0.0,False,0.93,0.0,False,,218,-20.0,-320.0,4.0,15.0,False,False,1
1124,stages.3.0.0,element,2,"(152, 8, 25)",0,0.0,False,0.93,0.0,False,,80,8.0,12.0,0.5849626064300537,0.5,False,False,1
1125,stages.3.0.0,element,0,"(458, 16, 45)",0,0.0,False,0.93,0.0,False,,73,4.5,4.0,0.16992497444152832,0.1111111119389534,False,False,1
1126,stages.3.0.0,element,0,"(960, 0, 26)",0,0.0,False,0.93,0.0,False,,235,-88.0,-80.0,0.13750362396240234,0.09090909361839294,False,False,1
1127,stages.3.0.0,element,2,"(751, 1, 4)",0,0.0,False,0.93,0.0,False,,223,-30.0,-22.0,0.44745874404907227,0.2666666805744171,False,False,1
1128,stages.3.0.0,element,4,"(574, 25, 38)",0,0.0,False,0.93,0.0,False,,214,-14.0,-3.5,2.0,0.75,False,False,1
1129,stages.3.0.0,element,5,"(265, 21, 25)",0,0.0,False,0.93,0.0,False,,229,-52.0,-3.25,4.0,0.9375,False,False,1
1130,stages.3.0.0,element,1,"(188, 20, 21)",0,0.0,False,0.93,0.0,False,,218,-20.0,-16.0,0.3219280242919922,0.20000000298023224,False,False,1
1131,stages.3.0.0,element,2,"(973, 8, 63)",0,0.0,False,0.93,0.0,False,,40,0.25,0.375,0.5849624872207642,0.5,False,False,1
1132,stages.3.0.0,element,7,"(657, 5, 17)",0,0.0,False,0.93,0.0,False,,244,-192.0,192.0,0.0,2.0,True,False,1
1133,stages.3.0.0,element,2,"(26, 9, 56)",0,0.0,False,0.93,0.0,False,,211,-11.0,-15.0,0.44745898246765137,0.3636363744735718,False,False,1
1134,stages.3.0.0,element,0,"(380, 3, 16)",0,0.0,False,0.93,0.0,False,,101,52.0,48.0,0.1154775619506836,0.07692307978868484,False,False,1
1135,stages.3.0.0,element,1,"(869, 2, 42)",0,0.0,False,0.93,0.0,False,,217,-18.0,-22.0,0.2895064353942871,0.2222222238779068,False,False,1
1136,stages.3.0.0,element,2,"(703, 3, 21)",0,0.0,False,0.93,0.0,False,,220,-24.0,-16.0,0.5849623680114746,0.3333333432674408,False,False,1
1137,stages.3.0.0,element,3,"(933, 5, 16)",0,0.0,False,0.93,0.0,False,,217,-18.0,-9.0,1.000000238418579,0.5,False,False,1
1138,stages.3.0.0,element,3,"(951, 25, 48)",0,0.0,False,0.93,0.0,False,,218,-20.0,-10.0,1.0,0.5,False,False,1
1139,stages.3.0.0,element,0,"(142, 13, 21)",0,0.0,False,0.93,0.0,False,,205,-6.5,-6.0,0.11547708511352539,0.07692307978868484,False,False,1
1140,stages.3.0.0,element,0,"(1096, 20, 23)",0,0.0,False,0.93,0.0,False,,99,44.0,40.0,0.13750362396240234,0.09090909361839294,False,False,1
1141,stages.3.0.0,element,1,"(764, 19, 29)",0,0.0,False,0.93,0.0,False,,194,-2.5,-2.0,0.32192814350128174,0.20000000298023224,False,False,1
1142,stages.3.0.0,element,2,"(75, 14, 2)",0,0.0,False,0.93,0.0,False,,93,26.0,18.0,0.5305147171020508,0.3076923191547394,False,False,1
1143,stages.3.0.0,element,7,"(1224, 11, 10)",0,0.0,False,0.93,0.0,False,,104,64.0,-64.0,0.0,2.0,True,False,1
1144,stages.3.0.0,element,2,"(758, 5, 49)",0,0.0,False,0.93,0.0,False,,93,26.0,18.0,0.5305147171020508,0.3076923191547394,False,False,1
1145,stages.3.0.0,element,2,"(305, 0, 42)",0,0.0,False,0.93,0.0,False,,229,-52.0,-36.0,0.5305147171020508,0.3076923191547394,False,False,1
1146,stages.3.0.0,element,5,"(1259, 2, 31)",0,0.0,False,0.93,0.0,False,,229,-52.0,-3.25,4.0,0.9375,False,False,1
1147,stages.3.0.0,element,2,"(43, 2, 0)",0,0.0,False,0.93,0.0,False,,206,-7.0,-5.0,0.4854269027709961,0.2857142984867096,False,False,1
1148,stages.3.0.0,element,7,"(588, 14, 38)",0,0.0,False,0.93,0.0,False,,65,2.25,-2.25,0.0,2.0,True,False,1
1149,stages.3.0.0,element,3,"(51, 4, 24)",0,0.0,False,0.93,0.0,False,,223,-30.0,-15.0,0.9999997615814209,0.5,False,False,1
1150,stages.3.0.0,element,2,"(985, 1, 13)",0,0.0,False,0.93,0.0,False,,229,-52.0,-36.0,0.5305147171020508,0.3076923191547394,False,False,1
1151,stages.3.0.0,element,6,"(991, 12, 63)",0,0.0,False,0.93,0.0,False,,201,-4.5,-0.017578125,8.0,0.99609375,False,False,1
1152,stages.3.0.0,element,6,"(124, 13, 21)",0,0.0,False,0.93,0.0,False,,212,-12.0,-0.046875,8.0,0.99609375,False,False,1
1153,stages.3.0.0,element,5,"(373, 11, 30)",0,0.0,False,0.93,0.0,False,,216,-16.0,-256.0,4.0,15.0,False,False,1
1154,stages.3.0.0,element,1,"(1118, 2, 27)",0,0.0,False,0.93,0.0,False,,160,-0.125,-0.15625,0.3219280242919922,0.25,False,False,1
1155,stages.3.0.0,element,2,"(335, 13, 3)",0,0.0,False,0.93,0.0,False,,76,6.0,4.0,0.5849626064300537,0.3333333432674408,False,False,1
1156,stages.3.0.0,element,4,"(745, 0, 47)",0,0.0,False,0.93,0.0,False,,208,-8.0,-2.0,2.0,0.75,False,False,1
1157,stages.3.0.0,element,2,"(696, 13, 51)",0,0.0,False,0.93,0.0,False,,217,-18.0,-26.0,0.5305147171020508,0.4444444477558136,False,False,1
1158,stages.3.0.0,element,3,"(1136, 26, 24)",0,0.0,False,0.93,0.0,False,,90,20.0,10.0,1.0,0.5,False,False,1
1159,stages.3.0.0,element,2,"(953, 14, 57)",0,0.0,False,0.93,0.0,False,,229,-52.0,-36.0,0.5305147171020508,0.3076923191547394,False,False,1
1160,stages.3.0.0,element,2,"(1007, 13, 50)",0,0.0,False,0.93,0.0,False,,25,0.0703125,0.1015625,0.5305147171020508,0.4444444477558136,False,False,1
1161,stages.3.0.0,element,3,"(114, 24, 46)",0,0.0,False,0.93,0.0,False,,86,14.0,28.0,1.0,1.0,False,False,1
1162,stages.3.0.0,element,6,"(1112, 16, 59)",0,0.0,False,0.93,0.0,False,,230,-56.0,-0.21875,8.0,0.99609375,False,False,1
1163,stages.3.0.0,element,2,"(580, 12, 27)",0,0.0,False,0.93,0.0,False,,243,-176.0,-240.0,0.44745874404907227,0.3636363744735718,False,False,1
1164,stages.3.0.0,element,5,"(73, 9, 9)",0,0.0,False,0.93,0.0,False,,204,-6.0,-96.0,3.999999761581421,15.0,False,False,1
1165,stages.3.0.0,element,7,"(122, 12, 6)",0,0.0,False,0.93,0.0,False,,87,15.0,-15.0,0.0,2.0,True,False,1
1166,stages.3.0.0,element,1,"(915, 23, 32)",0,0.0,False,0.93,0.0,False,,81,9.0,11.0,0.2895066738128662,0.2222222238779068,False,False,1
1167,stages.3.0.0,element,7,"(1137, 19, 53)",0,0.0,False,0.93,0.0,False,,41,0.28125,-0.28125,0.0,2.0,True,False,1
1168,stages.3.0.0,element,2,"(252, 3, 42)",0,0.0,False,0.93,0.0,False,,202,-5.0,-7.0,0.4854269027709961,0.4000000059604645,False,False,1
1169,stages.3.0.0,element,0,"(376, 3, 35)",0,0.0,False,0.93,0.0,False,,226,-40.0,-44.0,0.13750362396240234,0.10000000149011612,False,False,1
1170,stages.3.0.0,element,6,"(340, 6, 25)",0,0.0,False,0.93,0.0,False,,118,224.0,0.875,8.0,0.99609375,False,False,1
1171,stages.3.0.0,element,0,"(1140, 26, 47)",0,0.0,False,0.93,0.0,False,,226,-40.0,-44.0,0.13750362396240234,0.10000000149011612,False,False,1
1172,stages.3.0.0,element,7,"(415, 19, 31)",0,0.0,False,0.93,0.0,False,,75,5.5,-5.5,0.0,2.0,True,False,1
1173,stages.3.0.0,element,1,"(832, 11, 60)",0,0.0,False,0.93,0.0,False,,233,-72.0,-88.0,0.2895064353942871,0.2222222238779068,False,False,1
1174,stages.3.0.0,element,4,"(756, 23, 53)",0,0.0,False,0.93,0.0,False,,233,-72.0,-288.0,1.9999995231628418,3.0,False,False,1
1175,stages.3.0.0,element,1,"(524, 16, 29)",0,0.0,False,0.93,0.0,False,,87,15.0,13.0,0.2064509391784668,0.13333334028720856,False,False,1
1176,stages.3.0.0,element,6,"(803, 17, 55)",0,0.0,False,0.93,0.0,False,,82,10.0,0.0390625,8.0,0.99609375,False,False,1
1177,stages.3.0.0,element,5,"(263, 24, 8)",0,0.0,False,0.93,0.0,False,,203,-5.5,-88.0,4.0,15.0,False,False,1
1178,stages.3.0.0,element,7,"(1192, 6, 41)",0,0.0,False,0.93,0.0,False,,82,10.0,-10.0,0.0,2.0,True,False,1
1179,stages.3.0.0,element,6,"(1172, 5, 57)",0,0.0,False,0.93,0.0,False,,228,-48.0,-0.1875,8.0,0.99609375,False,False,1
1180,stages.3.0.0,element,5,"(16, 7, 35)",0,0.0,False,0.93,0.0,False,,86,14.0,224.0,4.0,15.0,False,False,1
1181,stages.3.0.0,element,7,"(617, 21, 32)",0,0.0,False,0.93,0.0,False,,229,-52.0,52.0,0.0,2.0,True,False,1
1182,stages.3.0.0,element,5,"(247, 16, 14)",0,0.0,False,0.93,0.0,False,,89,18.0,288.0,3.999999523162842,15.0,False,False,1
1183,stages.3.0.0,element,1,"(574, 8, 3)",0,0.0,False,0.93,0.0,False,,73,4.5,5.5,0.2895066738128662,0.2222222238779068,False,False,1
1184,stages.3.0.0,element,1,"(463, 9, 51)",0,0.0,False,0.93,0.0,False,,108,96.0,112.0,0.22239255905151367,0.1666666716337204,False,False,1
1185,stages.3.0.0,element,5,"(1119, 14, 57)",0,0.0,False,0.93,0.0,False,,227,-44.0,-2.75,4.0,0.9375,False,False,1
1186,stages.3.0.0,element,2,"(1047, 1, 20)",0,0.0,False,0.93,0.0,False,,179,-0.6875,-0.9375,0.447458952665329,0.3636363744735718,False,False,1
1187,stages.3.0.0,element,6,"(367, 26, 27)",0,0.0,False,0.93,0.0,False,,209,-9.0,-0.03515625,8.0,0.99609375,False,False,1
1188,stages.3.0.0,element,4,"(703, 23, 54)",0,0.0,False,0.93,0.0,False,,66,2.5,10.0,1.9999998807907104,3.0,False,False,1
1189,stages.3.0.0,element,0,"(501, 18, 59)",0,0.0,False,0.93,0.0,False,,103,60.0,56.0,0.09953546524047852,0.06666667014360428,False,False,1
1190,stages.3.0.0,element,7,"(655, 9, 25)",0,0.0,False,0.93,0.0,False,,81,9.0,-9.0,0.0,2.0,True,False,1
1191,stages.3.0.0,element,7,"(1157, 9, 10)",0,0.0,False,0.93,0.0,False,,217,-18.0,18.0,0.0,2.0,True,False,1
1192,stages.3.0.0,element,2,"(973, 1, 1)",0,0.0,False,0.93,0.0,False,,232,-64.0,-96.0,0.5849623680114746,0.5,False,False,1
1193,stages.3.0.0,element,2,"(67, 5, 24)",0,0.0,False,0.93,0.0,False,,95,30.0,22.0,0.44745874404907227,0.2666666805744171,False,False,1
1194,stages.3.0.0,element,3,"(838, 12, 54)",0,0.0,False,0.93,0.0,False,,103,60.0,120.0,1.0,1.0,False,False,1
1195,stages.3.0.0,element,6,"(986, 24, 6)",0,0.0,False,0.93,0.0,False,,204,-6.0,-0.0234375,8.0,0.99609375,False,False,1
1196,stages.3.0.0,element,0,"(371, 0, 26)",0,0.0,False,0.93,0.0,False,,218,-20.0,-22.0,0.13750362396240234,0.10000000149011612,False,False,1
1197,stages.3.0.0,element,1,"(947, 12, 55)",0,0.0,False,0.93,0.0,False,,235,-88.0,-72.0,0.2895064353942871,0.1818181872367859,False,False,1
1198,stages.3.0.0,element,5,"(111, 13, 47)",0,0.0,False,0.93,0.0,False,,101,52.0,3.25,4.0,0.9375,False,False,1
1199,stages.3.0.0,element,3,"(119, 22, 7)",0,0.0,False,0.93,0.0,False,,239,-120.0,-60.0,1.0,0.5,False,False,1
1200,stages.3.0.0,element,3,"(591, 20, 20)",0,0.0,False,0.93,0.0,False,,240,-128.0,-256.0,1.0,1.0,False,False,1
1201,stages.3.0.0,element,7,"(528, 19, 53)",0,0.0,False,0.93,0.0,False,,97,36.0,-36.0,0.0,2.0,True,False,1
1202,stages.3.0.0,element,6,"(1126, 16, 35)",0,0.0,False,0.93,0.0,False,,47,0.46875,120.0,8.0,255.0,False,False,1
1203,stages.3.0.0,element,0,"(1056, 14, 13)",0,0.0,False,0.93,0.0,False,,99,44.0,40.0,0.13750362396240234,0.09090909361839294,False,False,1
1204,stages.3.0.0,element,1,"(765, 16, 48)",0,0.0,False,0.93,0.0,False,,75,5.5,4.5,0.2895066738128662,0.1818181872367859,False,False,1
1205,stages.3.0.0,element,2,"(695, 18, 16)",0,0.0,False,0.93,0.0,False,,202,-5.0,-7.0,0.4854269027709961,0.4000000059604645,False,False,1
1206,stages.3.0.0,element,5,"(68, 5, 42)",0,0.0,False,0.93,0.0,False,,218,-20.0,-320.0,4.0,15.0,False,False,1
1207,stages.3.0.0,element,3,"(242, 11, 9)",0,0.0,False,0.93,0.0,False,,94,28.0,14.0,1.0,0.5,False,False,1
1208,stages.3.0.0,element,5,"(563, 8, 4)",0,0.0,False,0.93,0.0,False,,208,-8.0,-128.0,4.0,15.0,False,False,1
1209,stages.3.0.0,element,1,"(543, 25, 36)",0,0.0,False,0.93,0.0,False,,212,-12.0,-14.0,0.22239232063293457,0.1666666716337204,False,False,1
1210,stages.3.0.0,element,3,"(492, 8, 12)",0,0.0,False,0.93,0.0,False,,241,-144.0,-288.0,0.9999995231628418,1.0,False,False,1
1211,stages.3.0.0,element,2,"(640, 4, 3)",0,0.0,False,0.93,0.0,False,,216,-16.0,-24.0,0.5849623680114746,0.5,False,False,1
1212,stages.3.0.0,element,1,"(745, 13, 38)",0,0.0,False,0.93,0.0,False,,92,24.0,28.0,0.22239255905151367,0.1666666716337204,False,False,1
1213,stages.3.0.0,element,1,"(499, 18, 11)",0,0.0,False,0.93,0.0,False,,218,-20.0,-16.0,0.3219280242919922,0.20000000298023224,False,False,1
1214,stages.3.0.0,element,3,"(751, 14, 6)",0,0.0,False,0.93,0.0,False,,107,88.0,44.0,1.0,0.5,False,False,1
1215,stages.3.0.0,element,5,"(137, 16, 2)",0,0.0,False,0.93,0.0,False,,222,-28.0,-448.0,4.0,15.0,False,False,1
1216,stages.3.0.0,element,5,"(1217, 19, 2)",0,0.0,False,0.93,0.0,False,,186,-1.25,-0.078125,4.0,0.9375,False,False,1
1217,stages.3.0.0,element,6,"(663, 11, 24)",0,0.0,False,0.93,0.0,False,,188,-1.5,-384.0,8.0,255.0,False,False,1
1218,stages.3.0.0,element,1,"(432, 20, 33)",0,0.0,False,0.93,0.0,False,,226,-40.0,-32.0,0.3219280242919922,0.20000000298023224,False,False,1
1219,stages.3.0.0,element,4,"(567, 24, 13)",0,0.0,False,0.93,0.0,False,,80,8.0,2.0,2.0,0.75,False,False,1
1220,stages.3.0.0,element,0,"(522, 9, 49)",0,0.0,False,0.93,0.0,False,,249,-288.0,-256.0,0.16992473602294922,0.1111111119389534,False,False,1
1221,stages.3.0.0,element,1,"(366, 0, 11)",0,0.0,False,0.93,0.0,False,,194,-2.5,-2.0,0.32192814350128174,0.20000000298023224,False,False,1
1222,stages.3.0.0,element,3,"(785, 8, 2)",0,0.0,False,0.93,0.0,False,,89,18.0,9.0,1.000000238418579,0.5,False,False,1
1223,stages.3.0.0,element,5,"(1135, 18, 32)",0,0.0,False,0.93,0.0,False,,94,28.0,448.0,4.0,15.0,False,False,1
1224,stages.3.0.0,element,1,"(1134, 15, 42)",0,0.0,False,0.93,0.0,False,,119,240.0,208.0,0.2064504623413086,0.13333334028720856,False,False,1
1225,stages.3.0.0,element,1,"(213, 14, 60)",0,0.0,False,0.93,0.0,False,,238,-112.0,-96.0,0.22239255905151367,0.1428571492433548,False,False,1
1226,stages.3.0.0,element,6,"(903, 23, 21)",0,0.0,False,0.93,0.0,False,,80,8.0,0.03125,8.0,0.99609375,False,False,1
1227,stages.3.0.0,element,4,"(965, 9, 33)",0,0.0,False,0.93,0.0,False,,226,-40.0,-160.0,2.0,3.0,False,False,1
1228,stages.3.0.0,element,6,"(602, 19, 51)",0,0.0,False,0.93,0.0,False,,222,-28.0,-0.109375,8.0,0.99609375,False,False,1
1229,stages.3.0.0,element,0,"(880, 23, 60)",0,0.0,False,0.93,0.0,False,,202,-5.0,-5.5,0.13750362396240234,0.10000000149011612,False,False,1
1230,stages.3.0.0,element,7,"(1042, 17, 25)",0,0.0,False,0.93,0.0,False,,219,-22.0,22.0,0.0,2.0,True,False,1
1231,stages.3.0.0,element,6,"(133, 25, 24)",0,0.0,False,0.93,0.0,False,,66,2.5,0.00390625,9.321928024291992,0.9984375238418579,False,False,1
1232,stages.3.0.0,element,6,"(621, 5, 11)",0,0.0,False,0.93,0.0,False,,217,-18.0,-0.0703125,8.0,0.99609375,False,False,1
1233,stages.3.0.0,element,0,"(40, 11, 61)",0,0.0,False,0.93,0.0,False,,99,44.0,40.0,0.13750362396240234,0.09090909361839294,False,False,1
1234,stages.3.0.0,element,5,"(1233, 8, 22)",0,0.0,False,0.93,0.0,False,,214,-14.0,-224.0,4.0,15.0,False,False,1
1235,stages.3.0.0,element,4,"(676, 2, 57)",0,0.0,False,0.93,0.0,False,,97,36.0,144.0,2.0,3.0,False,False,1
1236,stages.3.0.0,element,1,"(361, 16, 11)",0,0.0,False,0.93,0.0,False,,104,64.0,80.0,0.3219280242919922,0.25,False,False,1
1237,stages.3.0.0,element,7,"(81, 17, 43)",0,0.0,False,0.93,0.0,False,,97,36.0,-36.0,0.0,2.0,True,False,1
1238,stages.3.0.0,element,6,"(163, 1, 42)",0,0.0,False,0.93,0.0,False,,214,-14.0,-0.0546875,8.0,0.99609375,False,False,1
1239,stages.3.0.0,element,6,"(360, 16, 26)",0,0.0,False,0.93,0.0,False,,113,144.0,0.5625,8.0,0.99609375,False,False,1
1240,stages.3.0.0,element,5,"(1062, 24, 39)",0,0.0,False,0.93,0.0,False,,222,-28.0,-448.0,4.0,15.0,False,False,1
1241,stages.3.0.0,element,1,"(1256, 25, 46)",0,0.0,False,0.93,0.0,False,,96,32.0,40.0,0.3219280242919922,0.25,False,False,1
1242,stages.3.0.0,element,5,"(380, 14, 41)",0,0.0,False,0.93,0.0,False,,100,48.0,3.0,4.0,0.9375,False,False,1
1243,stages.3.0.0,element,3,"(435, 3, 62)",0,0.0,False,0.93,0.0,False,,219,-22.0,-11.0,1.0,0.5,False,False,1
1244,stages.3.0.0,element,5,"(1084, 18, 0)",0,0.0,False,0.93,0.0,False,,204,-6.0,-96.0,3.999999761581421,15.0,False,False,1
1245,stages.3.0.0,element,4,"(129, 0, 20)",0,0.0,False,0.93,0.0,False,,73,4.5,18.0,2.000000238418579,3.0,False,False,1
1246,stages.3.0.0,element,6,"(780, 1, 1)",0,0.0,False,0.93,0.0,False,,58,1.25,320.0,8.0,255.0,False,False,1
1247,stages.3.0.0,element,4,"(767, 21, 6)",0,0.0,False,0.93,0.0,False,,106,80.0,320.0,2.0,3.0,False,False,1
1248,stages.3.0.0,element,2,"(651, 12, 40)",0,0.0,False,0.93,0.0,False,,201,-4.5,-6.5,0.5305147171020508,0.4444444477558136,False,False,1
1249,stages.3.0.0,element,5,"(1069, 4, 7)",0,0.0,False,0.93,0.0,False,,93,26.0,416.0,3.999999523162842,15.0,False,False,1
1250,stages.3.0.0,element,5,"(111, 10, 52)",0,0.0,False,0.93,0.0,False,,78,7.0,112.0,4.0,15.0,False,False,1
1251,stages.3.0.0,element,2,"(364, 12, 3)",0,0.0,False,0.93,0.0,False,,240,-128.0,-192.0,0.5849623680114746,0.5,False,False,1
1252,stages.3.0.0,element,4,"(1006, 13, 4)",0,0.0,False,0.93,0.0,False,,87,15.0,3.75,2.0,0.75,False,False,1
1253,stages.3.0.0,element,5,"(386, 19, 32)",0,0.0,False,0.93,0.0,False,,228,-48.0,-3.0,4.0,0.9375,False,False,1
1254,stages.3.0.0,element,2,"(84, 10, 22)",0,0.0,False,0.93,0.0,False,,201,-4.5,-6.5,0.5305147171020508,0.4444444477558136,False,False,1
1255,stages.3.0.0,element,1,"(585, 9, 10)",0,0.0,False,0.93,0.0,False,,213,-13.0,-15.0,0.2064509391784668,0.1538461595773697,False,False,1
1256,stages.3.0.0,element,2,"(1235, 10, 39)",0,0.0,False,0.93,0.0,False,,111,120.0,88.0,0.44745874404907227,0.2666666805744171,False,False,1
1257,stages.3.0.0,element,6,"(1011, 14, 16)",0,0.0,False,0.93,0.0,False,,210,-10.0,-0.0390625,8.0,0.99609375,False,False,1
1258,stages.3.0.0,element,1,"(1122, 14, 15)",0,0.0,False,0.93,0.0,False,,214,-14.0,-12.0,0.22239232063293457,0.1428571492433548,False,False,1
1259,stages.3.0.0,element,3,"(364, 22, 49)",0,0.0,False,0.93,0.0,False,,66,2.5,5.0,0.9999998807907104,1.0,False,False,1
1260,stages.3.0.0,element,3,"(387, 21, 38)",0,0.0,False,0.93,0.0,False,,107,88.0,44.0,1.0,0.5,False,False,1
1261,stages.3.0.0,element,6,"(197, 23, 35)",0,0.0,False,0.93,0.0,False,,106,80.0,0.3125,8.0,0.99609375,False,False,1
1262,stages.3.0.0,element,2,"(163, 18, 3)",0,0.0,False,0.93,0.0,False,,66,2.5,3.5,0.48542678356170654,0.4000000059604645,False,False,1
1263,stages.3.0.0,element,7,"(356, 12, 11)",0,0.0,False,0.93,0.0,False,,226,-40.0,40.0,0.0,2.0,True,False,1
1264,stages.3.0.0,element,3,"(1133, 17, 58)",0,0.0,False,0.93,0.0,False,,213,-13.0,-26.0,1.000000238418579,1.0,False,False,1
1265,stages.3.0.0,element,3,"(864, 20, 4)",0,0.0,False,0.93,0.0,False,,60,1.5,0.75,1.0,0.5,False,False,1
1266,stages.3.0.0,element,6,"(614, 5, 40)",0,0.0,False,0.93,0.0,False,,225,-36.0,-0.140625,8.0,0.99609375,False,False,1
1267,stages.3.0.0,element,3,"(603, 0, 27)",0,0.0,False,0.93,0.0,False,,84,12.0,24.0,0.9999997615814209,1.0,False,False,1
1268,stages.3.0.0,element,5,"(159, 22, 40)",0,0.0,False,0.93,0.0,False,,101,52.0,3.25,4.0,0.9375,False,False,1
1269,stages.3.0.0,element,2,"(627, 13, 34)",0,0.0,False,0.93,0.0,False,,75,5.5,7.5,0.44745898246765137,0.3636363744735718,False,False,1
1270,stages.3.0.0,element,5,"(638, 2, 59)",0,0.0,False,0.93,0.0,False,,228,-48.0,-3.0,4.0,0.9375,False,False,1
1271,stages.3.0.0,element,4,"(980, 3, 17)",0,0.0,False,0.93,0.0,False,,212,-12.0,-3.0,2.0,0.75,False,False,1
1272,stages.3.0.0,element,7,"(315, 25, 4)",0,0.0,False,0.93,0.0,False,,87,15.0,-15.0,0.0,2.0,True,False,1
1273,stages.3.0.0,element,3,"(1105, 10, 34)",0,0.0,False,0.93,0.0,False,,202,-5.0,-2.5,0.9999998807907104,0.5,False,False,1
1274,stages.3.0.0,element,1,"(522, 0, 50)",0,0.0,False,0.93,0.0,False,,95,30.0,26.0,0.2064504623413086,0.13333334028720856,False,False,1
1275,stages.3.0.0,element,1,"(75, 22, 4)",0,0.0,False,0.93,0.0,False,,87,15.0,13.0,0.2064509391784668,0.13333334028720856,False,False,1
1276,stages.3.0.0,element,4,"(819, 13, 46)",0,0.0,False,0.93,0.0,False,,213,-13.0,-3.25,2.0,0.75,False,False,1
1277,stages.3.0.0,element,4,"(774, 17, 12)",0,0.0,False,0.93,0.0,False,,222,-28.0,-7.0,2.0,0.75,False,False,1
1278,stages.3.0.0,element,0,"(1171, 18, 0)",0,0.0,False,0.93,0.0,False,,97,36.0,32.0,0.16992521286010742,0.1111111119389534,False,False,1
1279,stages.3.0.0,element,0,"(706, 25, 4)",0,0.0,False,0.93,0.0,False,,102,56.0,60.0,0.09953546524047852,0.0714285746216774,False,False,1
1280,stages.3.0.0,element,3,"(1025, 5, 8)",200,1.0,True,0.0,0.93,True,,119,240.0,,inf,inf,False,True,1
1281,stages.3.0.0,element,0,"(306, 18, 22)",0,0.0,False,0.93,0.0,False,,123,352.0,320.0,0.13750362396240234,0.09090909361839294,False,False,1
1282,stages.3.0.0,element,7,"(206, 2, 29)",0,0.0,False,0.93,0.0,False,,252,-384.0,384.0,0.0,2.0,True,False,1
1283,stages.3.0.0,element,6,"(823, 8, 35)",0,0.0,False,0.93,0.0,False,,216,-16.0,-0.0625,8.0,0.99609375,False,False,1
1284,stages.3.0.0,element,0,"(610, 26, 46)",0,0.0,False,0.93,0.0,False,,86,14.0,15.0,0.09953570365905762,0.0714285746216774,False,False,1
1285,stages.3.0.0,element,6,"(1014, 2, 0)",0,0.0,False,0.93,0.0,False,,226,-40.0,-0.15625,8.0,0.99609375,False,False,1
1286,stages.3.0.0,element,6,"(629, 18, 2)",0,0.0,False,0.93,0.0,False,,237,-104.0,-0.40625,8.0,0.99609375,False,False,1
1287,stages.3.0.0,element,5,"(1019, 3, 15)",0,0.0,False,0.93,0.0,False,,233,-72.0,-4.5,4.0,0.9375,False,False,1
1288,stages.3.0.0,element,6,"(1266, 14, 33)",0,0.0,False,0.93,0.0,False,,102,56.0,0.21875,8.0,0.99609375,False,False,1
1289,stages.3.0.0,element,5,"(1239, 13, 37)",0,0.0,False,0.93,0.0,False,,96,32.0,2.0,4.0,0.9375,False,False,1
1290,stages.3.0.0,element,4,"(111, 6, 12)",0,0.0,False,0.93,0.0,False,,219,-22.0,-5.5,2.0,0.75,False,False,1
1291,stages.3.0.0,element,5,"(1241, 11, 40)",0,0.0,False,0.93,0.0,False,,91,22.0,352.0,4.0,15.0,False,False,1
1292,stages.3.0.0,element,6,"(653, 21, 8)",0,0.0,False,0.93,0.0,False,,224,-32.0,-0.125,8.0,0.99609375,False,False,1
1293,stages.3.0.0,element,4,"(478, 22, 34)",0,0.0,False,0.93,0.0,False,,96,32.0,128.0,2.0,3.0,False,False,1
1294,stages.3.0.0,element,3,"(1170, 10, 24)",0,0.0,False,0.93,0.0,False,,94,28.0,14.0,1.0,0.5,False,False,1
1295,stages.3.0.0,element,4,"(216, 9, 48)",0,0.0,False,0.93,0.0,False,,212,-12.0,-3.0,2.0,0.75,False,False,1
1296,stages.3.0.0,element,2,"(510, 14, 14)",0,0.0,False,0.93,0.0,False,,85,13.0,9.0,0.5305147171020508,0.3076923191547394,False,False,1
1297,stages.3.0.0,element,3,"(1066, 9, 4)",0,0.0,False,0.93,0.0,False,,230,-56.0,-112.0,1.0,1.0,False,False,1
1298,stages.3.0.0,element,4,"(334, 26, 61)",0,0.0,False,0.93,0.0,False,,221,-26.0,-6.5,2.000000238418579,0.75,False,False,1
1299,stages.3.0.0,element,5,"(1196, 22, 57)",0,0.0,False,0.93,0.0,False,,82,10.0,160.0,4.0,15.0,False,False,1
1300,stages.3.0.0,element,1,"(711, 16, 3)",0,0.0,False,0.93,0.0,False,,98,40.0,32.0,0.3219280242919922,0.20000000298023224,False,False,1
1301,stages.3.0.0,element,3,"(655, 16, 28)",0,0.0,False,0.93,0.0,False,,196,-3.0,-6.0,1.0000001192092896,1.0,False,False,1
1302,stages.3.0.0,element,2,"(409, 19, 16)",0,0.0,False,0.93,0.0,False,,225,-36.0,-52.0,0.5305147171020508,0.4444444477558136,False,False,1
1303,stages.3.0.0,element,1,"(161, 5, 6)",0,0.0,False,0.93,0.0,False,,215,-15.0,-13.0,0.2064509391784668,0.13333334028720856,False,False,1
1304,stages.3.0.0,element,2,"(1186, 17, 54)",0,0.0,False,0.93,0.0,False,,90,20.0,28.0,0.4854269027709961,0.4000000059604645,False,False,1
1305,stages.3.0.0,element,2,"(4, 26, 17)",0,0.0,False,0.93,0.0,False,,83,11.0,15.0,0.44745898246765137,0.3636363744735718,False,False,1
1306,stages.3.0.0,element,7,"(108, 14, 41)",0,0.0,False,0.93,0.0,False,,204,-6.0,6.0,0.0,2.0,True,False,1
1307,stages.3.0.0,element,3,"(96, 0, 5)",0,0.0,False,0.93,0.0,False,,209,-9.0,-18.0,1.000000238418579,1.0,False,False,1
1308,stages.3.0.0,element,2,"(264, 15, 52)",0,0.0,False,0.93,0.0,False,,237,-104.0,-72.0,0.5305147171020508,0.3076923191547394,False,False,1
1309,stages.3.0.0,element,3,"(940, 5, 36)",0,0.0,False,0.93,0.0,False,,225,-36.0,-72.0,1.0,1.0,False,False,1
1310,stages.3.0.0,element,1,"(107, 9, 37)",0,0.0,False,0.93,0.0,False,,74,5.0,4.0,0.3219280242919922,0.20000000298023224,False,False,1
1311,stages.3.0.0,element,7,"(189, 17, 1)",0,0.0,False,0.93,0.0,False,,168,-0.25,0.25,0.0,2.0,True,False,1
1312,stages.3.0.0,element,7,"(911, 5, 57)",0,0.0,False,0.93,0.0,False,,208,-8.0,8.0,0.0,2.0,True,False,1
1313,stages.3.0.0,element,3,"(43, 3, 30)",0,0.0,False,0.93,0.0,False,,83,11.0,22.0,1.0,1.0,False,False,1
1314,stages.3.0.0,element,1,"(375, 5, 62)",0,0.0,False,0.93,0.0,False,,108,96.0,112.0,0.22239255905151367,0.1666666716337204,False,False,1
1315,stages.3.0.0,element,0,"(1060, 5, 6)",0,0.0,False,0.93,0.0,False,,233,-72.0,-64.0,0.16992521286010742,0.1111111119389534,False,False,1
1316,stages.3.0.0,element,7,"(1152, 5, 53)",0,0.0,False,0.93,0.0,False,,122,320.0,-320.0,0.0,2.0,True,False,1
1317,stages.3.0.0,element,6,"(634, 14, 1)",0,0.0,False,0.93,0.0,False,,100,48.0,0.1875,8.0,0.99609375,False,False,1
1318,stages.3.0.0,element,6,"(1143, 22, 57)",0,0.0,False,0.93,0.0,False,,81,9.0,0.03515625,8.0,0.99609375,False,False,1
1319,stages.3.0.0,element,4,"(1136, 24, 24)",0,0.0,False,0.93,0.0,False,,105,72.0,288.0,1.9999995231628418,3.0,False,False,1
1320,stages.3.0.0,element,5,"(1198, 15, 33)",0,0.0,False,0.93,0.0,False,,98,40.0,2.5,4.0,0.9375,False,False,1
1321,stages.3.0.0,element,6,"(316, 13, 51)",0,0.0,False,0.93,0.0,False,,82,10.0,0.0390625,8.0,0.99609375,False,False,1
1322,stages.3.0.0,element,3,"(327, 22, 51)",0,0.0,False,0.93,0.0,False,,108,96.0,48.0,1.0,0.5,False,False,1
1323,stages.3.0.0,element,6,"(844, 11, 44)",0,0.0,False,0.93,0.0,False,,186,-1.25,-320.0,8.0,255.0,False,False,1
1324,stages.3.0.0,element,1,"(0, 22, 44)",0,0.0,False,0.93,0.0,False,,229,-52.0,-60.0,0.2064504623413086,0.1538461595773697,False,False,1
1325,stages.3.0.0,element,3,"(339, 10, 7)",0,0.0,False,0.93,0.0,False,,82,10.0,20.0,1.0,1.0,False,False,1
1326,stages.3.0.0,element,0,"(496, 3, 41)",0,0.0,False,0.93,0.0,False,,225,-36.0,-32.0,0.16992521286010742,0.1111111119389534,False,False,1
1327,stages.3.0.0,element,6,"(1138, 12, 57)",0,0.0,False,0.93,0.0,False,,225,-36.0,-0.140625,8.0,0.99609375,False,False,1
1328,stages.3.0.0,element,0,"(1232, 2, 11)",0,0.0,False,0.93,0.0,False,,248,-256.0,-288.0,0.16992473602294922,0.125,False,False,1
1329,stages.3.0.0,element,4,"(437, 19, 8)",0,0.0,False,0.93,0.0,False,,223,-30.0,-7.5,1.999999761581421,0.75,False,False,1
1330,stages.3.0.0,element,2,"(977, 15, 58)",0,0.0,False,0.93,0.0,False,,221,-26.0,-18.0,0.5305147171020508,0.3076923191547394,False,False,1
1331,stages.3.0.0,element,7,"(697, 9, 17)",0,0.0,False,0.93,0.0,False,,205,-6.5,6.5,0.0,2.0,True,False,1
1332,stages.3.0.0,element,3,"(76, 9, 54)",0,0.0,False,0.93,0.0,False,,107,88.0,44.0,1.0,0.5,False,False,1
1333,stages.3.0.0,element,1,"(509, 11, 54)",0,0.0,False,0.93,0.0,False,,193,-2.25,-2.75,0.2895066738128662,0.2222222238779068,False,False,1
1334,stages.3.0.0,element,7,"(899, 7, 57)",0,0.0,False,0.93,0.0,False,,65,2.25,-2.25,0.0,2.0,True,False,1
1335,stages.3.0.0,element,4,"(903, 12, 56)",0,0.0,False,0.93,0.0,False,,94,28.0,7.0,2.0,0.75,False,False,1
1336,stages.3.0.0,element,4,"(1173, 22, 45)",0,0.0,False,0.93,0.0,False,,236,-96.0,-384.0,2.000000476837158,3.0,False,False,1
1337,stages.3.0.0,element,5,"(803, 18, 41)",0,0.0,False,0.93,0.0,False,,210,-10.0,-160.0,4.0,15.0,False,False,1
1338,stages.3.0.0,element,7,"(1238, 18, 25)",0,0.0,False,0.93,0.0,False,,212,-12.0,12.0,0.0,2.0,True,False,1
1339,stages.3.0.0,element,0,"(579, 4, 31)",0,0.0,False,0.93,0.0,False,,228,-48.0,-52.0,0.1154775619506836,0.0833333358168602,False,False,1
1340,stages.3.0.0,element,5,"(916, 12, 36)",0,0.0,False,0.93,0.0,False,,219,-22.0,-352.0,4.0,15.0,False,False,1
1341,stages.3.0.0,element,3,"(792, 17, 61)",0,0.0,False,0.93,0.0,False,,81,9.0,18.0,1.000000238418579,1.0,False,False,1
1342,stages.3.0.0,element,1,"(1104, 17, 7)",0,0.0,False,0.93,0.0,False,,205,-6.5,-7.5,0.2064509391784668,0.1538461595773697,False,False,1
1343,stages.3.0.0,element,7,"(1189, 24, 60)",0,0.0,False,0.93,0.0,False,,92,24.0,-24.0,0.0,2.0,True,False,1
1344,stages.3.0.0,element,4,"(1077, 10, 14)",0,0.0,False,0.93,0.0,False,,204,-6.0,-24.0,1.999999761581421,3.0,False,False,1
1345,stages.3.0.0,element,7,"(1223, 5, 57)",0,0.0,False,0.93,0.0,False,,216,-16.0,16.0,0.0,2.0,True,False,1
1346,stages.3.0.0,element,1,"(458, 18, 9)",0,0.0,False,0.93,0.0,False,,72,4.0,5.0,0.3219280242919922,0.25,False,False,1
1347,stages.3.0.0,element,5,"(1271, 1, 58)",0,0.0,False,0.93,0.0,False,,204,-6.0,-96.0,3.999999761581421,15.0,False,False,1
1348,stages.3.0.0,element,0,"(126, 20, 61)",0,0.0,False,0.93,0.0,False,,210,-10.0,-11.0,0.13750362396240234,0.10000000149011612,False,False,1
1349,stages.3.0.0,element,7,"(470, 10, 55)",0,0.0,False,0.93,0.0,False,,190,-1.75,1.75,0.0,2.0,True,False,1
1350,stages.3.0.0,element,7,"(931, 4, 10)",0,0.0,False,0.93,0.0,False,,227,-44.0,44.0,0.0,2.0,True,False,1
1351,stages.3.0.0,element,7,"(793, 0, 1)",0,0.0,False,0.93,0.0,False,,78,7.0,-7.0,0.0,2.0,True,False,1
1352,stages.3.0.0,element,2,"(175, 6, 46)",0,0.0,False,0.93,0.0,False,,235,-88.0,-120.0,0.44745874404907227,0.3636363744735718,False,False,1
1353,stages.3.0.0,element,5,"(871, 1, 7)",0,0.0,False,0.93,0.0,False,,185,-1.125,-0.0703125,4.0,0.9375,False,False,1
1354,stages.3.0.0,element,1,"(491, 20, 58)",0,0.0,False,0.93,0.0,False,,219,-22.0,-18.0,0.2895064353942871,0.1818181872367859,False,False,1
1355,stages.3.0.0,element,6,"(1018, 7, 63)",0,0.0,False,0.93,0.0,False,,221,-26.0,-0.1015625,8.0,0.99609375,False,False,1
1356,stages.3.0.0,element,0,"(1274, 14, 40)",0,0.0,False,0.93,0.0,False,,97,36.0,32.0,0.16992521286010742,0.1111111119389534,False,False,1
1357,stages.3.0.0,element,5,"(258, 23, 59)",0,0.0,False,0.93,0.0,False,,105,72.0,4.5,4.0,0.9375,False,False,1
1358,stages.3.0.0,element,5,"(716, 14, 12)",0,0.0,False,0.93,0.0,False,,72,4.0,64.0,4.0,15.0,False,False,1
1359,stages.3.0.0,element,2,"(35, 17, 55)",0,0.0,False,0.93,0.0,False,,225,-36.0,-52.0,0.5305147171020508,0.4444444477558136,False,False,1
1360,stages.3.0.0,element,3,"(667, 22, 21)",0,0.0,False,0.93,0.0,False,,85,13.0,26.0,1.000000238418579,1.0,False,False,1
1361,stages.3.0.0,element,3,"(1077, 21, 61)",0,0.0,False,0.93,0.0,False,,46,0.4375,0.21875,1.0,0.5,False,False,1
1362,stages.3.0.0,element,0,"(1213, 7, 46)",0,0.0,False,0.93,0.0,False,,216,-16.0,-18.0,0.16992521286010742,0.125,False,False,1
1363,stages.3.0.0,element,0,"(1013, 22, 28)",0,0.0,False,0.93,0.0,False,,222,-28.0,-30.0,0.09953546524047852,0.0714285746216774,False,False,1
1364,stages.3.0.0,element,5,"(363, 15, 27)",0,0.0,False,0.93,0.0,False,,200,-4.0,-64.0,4.0,15.0,False,False,1
1365,stages.3.0.0,element,5,"(480, 18, 24)",0,0.0,False,0.93,0.0,False,,193,-2.25,-36.0,4.0,15.0,False,False,1
1366,stages.3.0.0,element,2,"(1279, 7, 21)",0,0.0,False,0.93,0.0,False,,88,16.0,24.0,0.5849623680114746,0.5,False,False,1
1367,stages.3.0.0,element,3,"(1012, 9, 60)",0,0.0,False,0.93,0.0,False,,218,-20.0,-10.0,1.0,0.5,False,False,1
1368,stages.3.0.0,element,6,"(1167, 9, 1)",0,0.0,False,0.93,0.0,False,,72,4.0,0.015625,8.0,0.99609375,False,False,1
1369,stages.3.0.0,element,5,"(315, 6, 30)",0,0.0,False,0.93,0.0,False,,66,2.5,40.0,4.0,15.0,False,False,1
1370,stages.3.0.0,element,3,"(465, 21, 33)",0,0.0,False,0.93,0.0,False,,218,-20.0,-10.0,1.0,0.5,False,False,1
1371,stages.3.0.0,element,6,"(1055, 20, 6)",0,0.0,False,0.93,0.0,False,,220,-24.0,-0.09375,8.0,0.99609375,False,False,1
1372,stages.3.0.0,element,4,"(418, 23, 26)",0,0.0,False,0.93,0.0,False,,218,-20.0,-5.0,2.0,0.75,False,False,1
1373,stages.3.0.0,element,0,"(965, 17, 58)",0,0.0,False,0.93,0.0,False,,92,24.0,26.0,0.1154775619506836,0.0833333358168602,False,False,1
1374,stages.3.0.0,element,3,"(162, 0, 1)",0,0.0,False,0.93,0.0,False,,99,44.0,88.0,1.0,1.0,False,False,1
1375,stages.3.0.0,element,1,"(80, 5, 1)",0,0.0,False,0.93,0.0,False,,233,-72.0,-88.0,0.2895064353942871,0.2222222238779068,False,False,1
1376,stages.3.0.0,element,5,"(1172, 0, 33)",0,0.0,False,0.93,0.0,False,,90,20.0,320.0,4.0,15.0,False,False,1
1377,stages.3.0.0,element,0,"(387, 24, 46)",0,0.0,False,0.93,0.0,False,,100,48.0,52.0,0.1154775619506836,0.0833333358168602,False,False,1
1378,stages.3.0.0,element,7,"(237, 22, 37)",0,0.0,False,0.93,0.0,False,,231,-60.0,60.0,0.0,2.0,True,False,1
1379,stages.3.0.0,element,4,"(326, 4, 51)",0,0.0,False,0.93,0.0,False,,98,40.0,160.0,2.0,3.0,False,False,1
1380,stages.3.0.0,element,6,"(11, 13, 19)",0,0.0,False,0.93,0.0,False,,96,32.0,0.125,8.0,0.99609375,False,False,1
1381,stages.3.0.0,element,3,"(973, 4, 62)",0,0.0,False,0.93,0.0,False,,220,-24.0,-12.0,0.9999997615814209,0.5,False,False,1
1382,stages.3.0.0,element,0,"(1139, 8, 2)",0,0.0,False,0.93,0.0,False,,109,104.0,96.0,0.1154775619506836,0.07692307978868484,False,False,1
1383,stages.3.0.0,element,3,"(21, 15, 29)",0,0.0,False,0.93,0.0,False,,218,-20.0,-10.0,1.0,0.5,False,False,1
1384,stages.3.0.0,element,3,"(765, 15, 54)",0,0.0,False,0.93,0.0,False,,65,2.25,4.5,1.0,1.0,False,False,1
1385,stages.3.0.0,element,3,"(466, 21, 16)",0,0.0,False,0.93,0.0,False,,100,48.0,96.0,1.0,1.0,False,False,1
1386,stages.3.0.0,element,1,"(859, 26, 5)",0,0.0,False,0.93,0.0,False,,107,88.0,72.0,0.2895064353942871,0.1818181872367859,False,False,1
1387,stages.3.0.0,element,1,"(897, 1, 4)",0,0.0,False,0.93,0.0,False,,224,-32.0,-40.0,0.3219280242919922,0.25,False,False,1
1388,stages.3.0.0,element,0,"(938, 11, 22)",0,0.0,False,0.93,0.0,False,,197,-3.25,-3.0,0.11547720432281494,0.07692307978868484,False,False,1
1389,stages.3.0.0,element,3,"(58, 19, 24)",0,0.0,False,0.93,0.0,False,,233,-72.0,-36.0,1.0,0.5,False,False,1
1390,stages.3.0.0,element,1,"(54, 16, 24)",0,0.0,False,0.93,0.0,False,,113,144.0,176.0,0.2895064353942871,0.2222222238779068,False,False,1
1391,stages.3.0.0,element,5,"(1209, 23, 25)",0,0.0,False,0.93,0.0,False,,212,-12.0,-192.0,3.999999761581421,15.0,False,False,1
1392,stages.3.0.0,element,1,"(117, 15, 32)",0,0.0,False,0.93,0.0,False,,222,-28.0,-24.0,0.22239255905151367,0.1428571492433548,False,False,1
1393,stages.3.0.0,element,3,"(648, 24, 51)",0,0.0,False,0.93,0.0,False,,104,64.0,32.0,1.0,0.5,False,False,1
1394,stages.3.0.0,element,7,"(639, 21, 23)",0,0.0,False,0.93,0.0,False,,89,18.0,-18.0,0.0,2.0,True,False,1
1395,stages.3.0.0,element,4,"(485, 1, 0)",0,0.0,False,0.93,0.0,False,,230,-56.0,-224.0,2.0,3.0,False,False,1
1396,stages.3.0.0,element,5,"(64, 9, 1)",0,0.0,False,0.93,0.0,False,,84,12.0,192.0,3.999999761581421,15.0,False,False,1
1397,stages.3.0.0,element,5,"(214, 4, 23)",0,0.0,False,0.93,0.0,False,,228,-48.0,-3.0,4.0,0.9375,False,False,1
1398,stages.3.0.0,element,6,"(645, 14, 22)",0,0.0,False,0.93,0.0,False,,230,-56.0,-0.21875,8.0,0.99609375,False,False,1
1399,stages.3.0.0,element,0,"(140, 16, 41)",0,0.0,False,0.93,0.0,False,,92,24.0,26.0,0.1154775619506836,0.0833333358168602,False,False,1
1400,stages.3.0.0,element,5,"(942, 13, 55)",0,0.0,False,0.93,0.0,False,,99,44.0,2.75,4.0,0.9375,False,False,1
1401,stages.3.0.0,element,1,"(1100, 26, 51)",0,0.0,False,0.93,0.0,False,,210,-10.0,-8.0,0.3219280242919922,0.20000000298023224,False,False,1
1402,stages.3.0.0,element,2,"(841, 13, 3)",0,0.0,False,0.93,0.0,False,,168,-0.25,-0.375,0.5849624872207642,0.5,False,False,1
1403,stages.3.0.0,element,7,"(1062, 1, 36)",0,0.0,False,0.93,0.0,False,,90,20.0,-20.0,0.0,2.0,True,False,1
1404,stages.3.0.0,element,3,"(789, 8, 21)",0,0.0,False,0.93,0.0,False,,225,-36.0,-72.0,1.0,1.0,False,False,1
1405,stages.3.0.0,element,4,"(886, 15, 31)",0,0.0,False,0.93,0.0,False,,65,2.25,9.0,2.0,3.0,False,False,1
1406,stages.3.0.0,element,3,"(59, 10, 50)",0,0.0,False,0.93,0.0,False,,214,-14.0,-28.0,1.0,1.0,False,False,1
1407,stages.3.0.0,element,0,"(698, 3, 45)",0,0.0,False,0.93,0.0,False,,91,22.0,20.0,0.13750362396240234,0.09090909361839294,False,False,1
1408,stages.3.0.0,element,2,"(302, 24, 50)",0,0.0,False,0.93,0.0,False,,226,-40.0,-56.0,0.4854269027709961,0.4000000059604645,False,False,1
1409,stages.3.0.0,element,1,"(237, 7, 6)",0,0.0,False,0.93,0.0,False,,233,-72.0,-88.0,0.2895064353942871,0.2222222238779068,False,False,1
1410,stages.3.0.0,element,3,"(1148, 21, 26)",0,0.0,False,0.93,0.0,False,,85,13.0,26.0,1.000000238418579,1.0,False,False,1
1411,stages.3.0.0,element,0,"(1058, 13, 24)",0,0.0,False,0.93,0.0,False,,205,-6.5,-6.0,0.11547708511352539,0.07692307978868484,False,False,1
1412,stages.3.0.0,element,6,"(157, 19, 32)",0,0.0,False,0.93,0.0,False,,200,-4.0,-0.015625,8.0,0.99609375,False,False,1
1413,stages.3.0.0,element,4,"(1262, 19, 47)",0,0.0,False,0.93,0.0,False,,74,5.0,20.0,2.0,3.0,False,False,1
1414,stages.3.0.0,element,0,"(682, 14, 13)",0,0.0,False,0.93,0.0,False,,100,48.0,52.0,0.1154775619506836,0.0833333358168602,False,False,1
1415,stages.3.0.0,element,7,"(795, 0, 46)",0,0.0,False,0.93,0.0,False,,99,44.0,-44.0,0.0,2.0,True,False,1
1416,stages.3.0.0,element,2,"(64, 1, 43)",0,0.0,False,0.93,0.0,False,,107,88.0,120.0,0.44745874404907227,0.3636363744735718,False,False,1
1417,stages.3.0.0,element,2,"(1131, 5, 44)",0,0.0,False,0.93,0.0,False,,94,28.0,20.0,0.4854269027709961,0.2857142984867096,False,False,1
1418,stages.3.0.0,element,3,"(1202, 4, 53)",0,0.0,False,0.93,0.0,False,,62,1.75,0.875,1.0,0.5,False,False,1
1419,stages.3.0.0,element,4,"(982, 8, 7)",0,0.0,False,0.93,0.0,False,,91,22.0,5.5,2.0,0.75,False,False,1
1420,stages.3.0.0,element,5,"(219, 16, 14)",0,0.0,False,0.93,0.0,False,,224,-32.0,-2.0,4.0,0.9375,False,False,1
1421,stages.3.0.0,element,4,"(673, 14, 12)",0,0.0,False,0.93,0.0,False,,108,96.0,384.0,2.000000476837158,3.0,False,False,1
1422,stages.3.0.0,element,5,"(524, 22, 22)",0,0.0,False,0.93,0.0,False,,206,-7.0,-112.0,4.0,15.0,False,False,1
1423,stages.3.0.0,element,2,"(501, 23, 9)",0,0.0,False,0.93,0.0,False,,216,-16.0,-24.0,0.5849623680114746,0.5,False,False,1
1424,stages.3.0.0,element,5,"(699, 23, 48)",0,0.0,False,0.93,0.0,False,,210,-10.0,-160.0,4.0,15.0,False,False,1
1425,stages.3.0.0,element,6,"(915, 1, 19)",0,0.0,False,0.93,0.0,False,,88,16.0,0.0625,8.0,0.99609375,False,False,1
1426,stages.3.0.0,element,0,"(919, 23, 38)",0,0.0,False,0.93,0.0,False,,92,24.0,26.0,0.1154775619506836,0.0833333358168602,False,False,1
1427,stages.3.0.0,element,0,"(309, 14, 3)",0,0.0,False,0.93,0.0,False,,104,64.0,72.0,0.16992521286010742,0.125,False,False,1
1428,stages.3.0.0,element,1,"(1199, 25, 22)",0,0.0,False,0.93,0.0,False,,92,24.0,28.0,0.22239255905151367,0.1666666716337204,False,False,1
1429,stages.3.0.0,element,2,"(559, 19, 35)",0,0.0,False,0.93,0.0,False,,217,-18.0,-26.0,0.5305147171020508,0.4444444477558136,False,False,1
1430,stages.3.0.0,element,2,"(942, 14, 45)",0,0.0,False,0.93,0.0,False,,105,72.0,104.0,0.5305147171020508,0.4444444477558136,False,False,1
1431,stages.3.0.0,element,6,"(1109, 22, 45)",0,0.0,False,0.93,0.0,False,,115,176.0,0.6875,8.0,0.99609375,False,False,1
1432,stages.3.0.0,element,2,"(444, 17, 3)",0,0.0,False,0.93,0.0,False,,231,-60.0,-44.0,0.44745874404907227,0.2666666805744171,False,False,1
1433,stages.3.0.0,element,7,"(1097, 19, 15)",0,0.0,False,0.93,0.0,False,,81,9.0,-9.0,0.0,2.0,True,False,1
1434,stages.3.0.0,element,6,"(96, 11, 47)",0,0.0,False,0.93,0.0,False,,223,-30.0,-0.1171875,8.0,0.99609375,False,False,1
1435,stages.3.0.0,element,7,"(382, 2, 34)",0,0.0,False,0.93,0.0,False,,232,-64.0,64.0,0.0,2.0,True,False,1
1436,stages.3.0.0,element,7,"(905, 12, 58)",0,0.0,False,0.93,0.0,False,,81,9.0,-9.0,0.0,2.0,True,False,1
1437,stages.3.0.0,element,0,"(965, 26, 15)",0,0.0,False,0.93,0.0,False,,203,-5.5,-5.0,0.13750362396240234,0.09090909361839294,False,False,1
1438,stages.3.0.0,element,5,"(1244, 21, 61)",0,0.0,False,0.93,0.0,False,,211,-11.0,-176.0,4.0,15.0,False,False,1
1439,stages.3.0.0,element,6,"(539, 23, 28)",0,0.0,False,0.93,0.0,False,,220,-24.0,-0.09375,8.0,0.99609375,False,False,1
1440,stages.3.0.0,element,0,"(21, 21, 4)",0,0.0,False,0.93,0.0,False,,106,80.0,88.0,0.13750362396240234,0.10000000149011612,False,False,1
1441,stages.3.0.0,element,1,"(568, 12, 31)",0,0.0,False,0.93,0.0,False,,189,-1.625,-1.875,0.20645087957382202,0.1538461595773697,False,False,1
1442,stages.3.0.0,element,2,"(991, 15, 59)",0,0.0,False,0.93,0.0,False,,204,-6.0,-4.0,0.5849626064300537,0.3333333432674408,False,False,1
1443,stages.3.0.0,element,1,"(148, 0, 43)",0,0.0,False,0.93,0.0,False,,99,44.0,36.0,0.2895064353942871,0.1818181872367859,False,False,1
1444,stages.3.0.0,element,6,"(225, 12, 29)",0,0.0,False,0.93,0.0,False,,93,26.0,0.1015625,8.0,0.99609375,False,False,1
1445,stages.3.0.0,element,1,"(528, 26, 6)",0,0.0,False,0.93,0.0,False,,205,-6.5,-7.5,0.2064509391784668,0.1538461595773697,False,False,1
1446,stages.3.0.0,element,7,"(588, 19, 63)",0,0.0,False,0.93,0.0,False,,110,112.0,-112.0,0.0,2.0,True,False,1
1447,stages.3.0.0,element,2,"(559, 26, 31)",0,0.0,False,0.93,0.0,False,,94,28.0,20.0,0.4854269027709961,0.2857142984867096,False,False,1
1448,stages.3.0.0,element,4,"(668, 26, 20)",0,0.0,False,0.93,0.0,False,,82,10.0,2.5,1.9999998807907104,0.75,False,False,1
1449,stages.3.0.0,element,3,"(784, 18, 28)",0,0.0,False,0.93,0.0,False,,227,-44.0,-88.0,1.0,1.0,False,False,1
1450,stages.3.0.0,element,2,"(786, 12, 36)",0,0.0,False,0.93,0.0,False,,218,-20.0,-28.0,0.4854269027709961,0.4000000059604645,False,False,1
1451,stages.3.0.0,element,6,"(526, 6, 21)",0,0.0,False,0.93,0.0,False,,231,-60.0,-0.234375,8.0,0.99609375,False,False,1
1452,stages.3.0.0,element,2,"(1266, 16, 25)",0,0.0,False,0.93,0.0,False,,87,15.0,11.0,0.44745898246765137,0.2666666805744171,False,False,1
1453,stages.3.0.0,element,7,"(626, 9, 1)",0,0.0,False,0.93,0.0,False,,238,-112.0,112.0,0.0,2.0,True,False,1
1454,stages.3.0.0,element,5,"(879, 23, 39)",0,0.0,False,0.93,0.0,False,,203,-5.5,-88.0,4.0,15.0,False,False,1
1455,stages.3.0.0,element,2,"(852, 10, 44)",0,0.0,False,0.93,0.0,False,,206,-7.0,-5.0,0.4854269027709961,0.2857142984867096,False,False,1
1456,stages.3.0.0,element,6,"(502, 6, 58)",0,0.0,False,0.93,0.0,False,,199,-3.75,-0.013671875,8.099535942077637,0.9963541626930237,False,False,1
1457,stages.3.0.0,element,2,"(820, 6, 52)",0,0.0,False,0.93,0.0,False,,250,-320.0,-448.0,0.4854269027709961,0.4000000059604645,False,False,1
1458,stages.3.0.0,element,2,"(915, 6, 7)",0,0.0,False,0.93,0.0,False,,102,56.0,40.0,0.4854269027709961,0.2857142984867096,False,False,1
1459,stages.3.0.0,element,7,"(616, 5, 59)",0,0.0,False,0.93,0.0,False,,209,-9.0,9.0,0.0,2.0,True,False,1
1460,stages.3.0.0,element,1,"(597, 11, 14)",0,0.0,False,0.93,0.0,False,,73,4.5,5.5,0.2895066738128662,0.2222222238779068,False,False,1
1461,stages.3.0.0,element,7,"(764, 23, 58)",0,0.0,False,0.93,0.0,False,,225,-36.0,36.0,0.0,2.0,True,False,1
1462,stages.3.0.0,element,0,"(528, 21, 27)",0,0.0,False,0.93,0.0,False,,215,-15.0,-14.0,0.09953570365905762,0.06666667014360428,False,False,1
1463,stages.3.0.0,element,0,"(969, 18, 33)",0,0.0,False,0.93,0.0,False,,226,-40.0,-44.0,0.13750362396240234,0.10000000149011612,False,False,1
1464,stages.3.0.0,element,1,"(468, 0, 62)",0,0.0,False,0.93,0.0,False,,99,44.0,36.0,0.2895064353942871,0.1818181872367859,False,False,1
1465,stages.3.0.0,element,4,"(120, 14, 3)",0,0.0,False,0.93,0.0,False,,80,8.0,2.0,2.0,0.75,False,False,1
1466,stages.3.0.0,element,6,"(631, 15, 7)",0,0.0,False,0.93,0.0,False,,242,-160.0,-0.625,8.0,0.99609375,False,False,1
1467,stages.3.0.0,element,6,"(1154, 23, 60)",0,0.0,False,0.93,0.0,False,,107,88.0,0.34375,8.0,0.99609375,False,False,1
1468,stages.3.0.0,element,4,"(359, 24, 41)",0,0.0,False,0.93,0.0,False,,96,32.0,128.0,2.0,3.0,False,False,1
1469,stages.3.0.0,element,5,"(397, 22, 7)",0,0.0,False,0.93,0.0,False,,224,-32.0,-2.0,4.0,0.9375,False,False,1
1470,stages.3.0.0,element,7,"(309, 23, 63)",0,0.0,False,0.93,0.0,False,,75,5.5,-5.5,0.0,2.0,True,False,1
1471,stages.3.0.0,element,7,"(1189, 1, 42)",0,0.0,False,0.93,0.0,False,,85,13.0,-13.0,0.0,2.0,True,False,1
1472,stages.3.0.0,element,0,"(190, 1, 0)",0,0.0,False,0.93,0.0,False,,233,-72.0,-64.0,0.16992521286010742,0.1111111119389534,False,False,1
1473,stages.3.0.0,element,4,"(566, 21, 21)",0,0.0,False,0.93,0.0,False,,89,18.0,4.5,2.000000238418579,0.75,False,False,1
1474,stages.3.0.0,element,2,"(563, 13, 10)",0,0.0,False,0.93,0.0,False,,212,-12.0,-8.0,0.5849626064300537,0.3333333432674408,False,False,1
1475,stages.3.0.0,element,1,"(722, 0, 11)",0,0.0,False,0.93,0.0,False,,216,-16.0,-20.0,0.3219280242919922,0.25,False,False,1
1476,stages.3.0.0,element,6,"(375, 10, 7)",0,0.0,False,0.93,0.0,False,,81,9.0,0.03515625,8.0,0.99609375,False,False,1
1477,stages.3.0.0,element,4,"(976, 18, 5)",0,0.0,False,0.93,0.0,False,,59,1.375,0.34375,2.0,0.75,False,False,1
1478,stages.3.0.0,element,5,"(1071, 7, 44)",0,0.0,False,0.93,0.0,False,,91,22.0,352.0,4.0,15.0,False,False,1
1479,stages.3.0.0,element,4,"(557, 25, 32)",0,0.0,False,0.93,0.0,False,,215,-15.0,-3.75,2.0,0.75,False,False,1
1480,stages.3.0.0,element,0,"(1085, 8, 14)",0,0.0,False,0.93,0.0,False,,115,176.0,160.0,0.13750362396240234,0.09090909361839294,False,False,1
1481,stages.3.0.0,element,6,"(155, 2, 41)",0,0.0,False,0.93,0.0,False,,70,3.5,0.01171875,8.222393035888672,0.9966517686843872,False,False,1
1482,stages.3.0.0,element,3,"(440, 4, 24)",0,0.0,False,0.93,0.0,False,,106,80.0,40.0,1.0,0.5,False,False,1
1483,stages.3.0.0,element,1,"(1133, 13, 42)",0,0.0,False,0.93,0.0,False,,78,7.0,6.0,0.22239232063293457,0.1428571492433548,False,False,1
1484,stages.3.0.0,element,5,"(792, 13, 35)",0,0.0,False,0.93,0.0,False,,195,-2.75,-44.0,4.0,15.0,False,False,1
1485,stages.3.0.0,element,2,"(219, 3, 33)",0,0.0,False,0.93,0.0,False,,227,-44.0,-60.0,0.44745874404907227,0.3636363744735718,False,False,1
1486,stages.3.0.0,element,5,"(1154, 25, 10)",0,0.0,False,0.93,0.0,False,,191,-1.875,-0.1171875,4.0,0.9375,False,False,1
1487,stages.3.0.0,element,4,"(1123, 5, 54)",0,0.0,False,0.93,0.0,False,,75,5.5,22.0,2.0,3.0,False,False,1
1488,stages.3.0.0,element,3,"(459, 19, 40)",0,0.0,False,0.93,0.0,False,,235,-88.0,-44.0,1.0,0.5,False,False,1
1489,stages.3.0.0,element,0,"(239, 19, 54)",0,0.0,False,0.93,0.0,False,,91,22.0,20.0,0.13750362396240234,0.09090909361839294,False,False,1
1490,stages.3.0.0,element,1,"(710, 0, 62)",0,0.0,False,0.93,0.0,False,,214,-14.0,-12.0,0.22239232063293457,0.1428571492433548,False,False,1
1491,stages.3.0.0,element,6,"(750, 2, 60)",0,0.0,False,0.93,0.0,False,,220,-24.0,-0.09375,8.0,0.99609375,False,False,1
1492,stages.3.0.0,element,7,"(567, 20, 24)",0,0.0,False,0.93,0.0,False,,216,-16.0,16.0,0.0,2.0,True,False,1
1493,stages.3.0.0,element,4,"(911, 23, 45)",0,0.0,False,0.93,0.0,False,,97,36.0,144.0,2.0,3.0,False,False,1
1494,stages.3.0.0,element,3,"(832, 9, 10)",0,0.0,False,0.93,0.0,False,,204,-6.0,-3.0,1.0000001192092896,0.5,False,False,1
1495,fc,element,0,"(1, 15, 58)",0,0.0,False,0.93,0.0,False,,107,88.0,80.0,0.13750362396240234,0.09090909361839294,False,False,1
1496,fc,element,7,"(7, 3, 29)",0,0.0,False,0.93,0.0,False,,230,-56.0,56.0,0.0,2.0,True,False,1
1497,fc,element,1,"(6, 9, 38)",0,0.0,False,0.93,0.0,False,,232,-64.0,-80.0,0.3219280242919922,0.25,False,False,1
1498,fc,element,5,"(5, 6, 61)",0,0.0,False,0.93,0.0,False,,88,16.0,256.0,4.0,15.0,False,False,1
1499,fc,element,0,"(2, 13, 43)",0,0.0,False,0.93,0.0,False,,231,-60.0,-56.0,0.09953546524047852,0.06666667014360428,False,False,1
