image,tensor,site,bit,corrupted,nonfinite,block_size,fmt
94,blocks.2.attn.qkv,element,1,False,False,32,e4m3
94,blocks.1.mlp.2,element,0,False,False,32,e4m3
94,blocks.4.mlp.2,element,3,False,False,32,e4m3
94,blocks.2.mlp.2,element,3,False,False,32,e4m3
94,blocks.0.mlp.2,element,0,False,False,32,e4m3
94,blocks.0.mlp.2,element,3,False,False,32,e4m3
94,blocks.5.mlp.2,element,3,False,False,32,e4m3
94,blocks.3.mlp.2,element,5,True,True,32,e4m3
94,blocks.3.mlp.2,element,1,False,False,32,e4m3
94,blocks.2.attn.qkv,element,0,False,False,32,e4m3
94,blocks.2.mlp.2,element,0,False,False,32,e4m3
94,blocks.2.attn.qkv,element,7,False,False,32,e4m3
94,blocks.0.mlp.2,element,5,False,False,32,e4m3
94,blocks.0.mlp.2,element,6,False,False,32,e4m3
94,blocks.3.mlp.0,element,6,False,False,32,e4m3
94,blocks.4.mlp.2,element,0,False,False,32,e4m3
94,blocks.3.mlp.2,element,2,False,False,32,e4m3
94,blocks.5.mlp.2,element,2,False,False,32,e4m3
94,blocks.0.mlp.0,element,4,False,False,32,e4m3
94,blocks.5.mlp.0,element,1,False,False,32,e4m3
94,blocks.4.mlp.2,element,3,False,False,32,e4m3
94,blocks.2.mlp.2,element,0,False,False,32,e4m3
94,blocks.5.mlp.2,element,0,False,False,32,e4m3
94,blocks.1.mlp.2,element,1,False,False,32,e4m3
94,blocks.2.mlp.0,element,7,False,False,32,e4m3
94,blocks.4.attn.proj,element,5,False,False,32,e4m3
94,blocks.5.mlp.2,element,2,False,False,32,e4m3
94,blocks.5.attn.qkv,element,4,False,False,32,e4m3
94,blocks.3.mlp.2,element,3,False,False,32,e4m3
94,blocks.0.attn.proj,element,1,False,False,32,e4m3
94,blocks.0.mlp.2,element,7,False,False,32,e4m3
94,blocks.4.mlp.2,element,6,False,False,32,e4m3
94,blocks.4.mlp.2,element,6,False,False,32,e4m3
94,blocks.2.mlp.2,element,1,False,False,32,e4m3
94,blocks.2.mlp.2,element,0,False,False,32,e4m3
94,blocks.5.mlp.2,element,7,False,False,32,e4m3
94,blocks.2.mlp.0,element,6,False,False,32,e4m3
94,blocks.5.mlp.2,element,1,False,False,32,e4m3
94,blocks.2.attn.proj,element,4,False,False,32,e4m3
94,blocks.0.attn.qkv,element,2,False,False,32,e4m3
9,blocks.4.mlp.0,element,1,False,False,32,e4m3
9,blocks.0.mlp.0,element,6,False,False,32,e4m3
9,blocks.2.mlp.2,element,5,False,False,32,e4m3
9,blocks.5.attn.qkv,element,3,False,False,32,e4m3
9,blocks.1.mlp.2,element,0,False,False,32,e4m3
9,blocks.4.attn.qkv,element,5,False,False,32,e4m3
9,blocks.5.mlp.2,element,5,False,False,32,e4m3
9,blocks.3.mlp.2,element,4,False,False,32,e4m3
9,blocks.5.mlp.2,element,5,False,False,32,e4m3
9,blocks.1.attn.proj,element,7,False,False,32,e4m3
9,blocks.1.mlp.0,element,5,False,False,32,e4m3
9,blocks.5.mlp.2,element,7,False,False,32,e4m3
9,blocks.3.mlp.2,element,0,False,False,32,e4m3
9,blocks.4.mlp.2,element,5,False,False,32,e4m3
9,blocks.3.mlp.0,element,6,False,False,32,e4m3
9,blocks.3.mlp.2,element,6,False,False,32,e4m3
9,blocks.3.attn.qkv,element,1,False,False,32,e4m3
9,blocks.4.mlp.0,element,6,False,False,32,e4m3
9,blocks.1.mlp.0,element,6,False,False,32,e4m3
9,blocks.1.mlp.2,element,4,False,False,32,e4m3
9,blocks.3.attn.proj,element,1,False,False,32,e4m3
9,blocks.2.attn.qkv,element,4,False,False,32,e4m3
9,blocks.3.mlp.2,element,6,False,False,32,e4m3
9,blocks.5.mlp.2,element,5,False,False,32,e4m3
9,blocks.2.mlp.2,element,3,False,False,32,e4m3
9,blocks.2.attn.proj,element,4,False,False,32,e4m3
9,blocks.4.mlp.0,element,2,False,False,32,e4m3
9,blocks.2.mlp.2,element,0,False,False,32,e4m3
9,blocks.2.mlp.0,element,7,False,False,32,e4m3
9,blocks.1.attn.qkv,element,1,False,False,32,e4m3
9,blocks.4.mlp.2,element,7,False,False,32,e4m3
9,blocks.1.mlp.2,element,3,False,False,32,e4m3
9,blocks.5.attn.qkv,scale,5,False,False,32,e4m3
9,blocks.3.mlp.2,element,3,False,False,32,e4m3
9,blocks.5.mlp.2,element,5,False,False,32,e4m3
9,blocks.3.attn.qkv,element,6,False,False,32,e4m3
9,blocks.1.mlp.2,element,3,False,False,32,e4m3
9,blocks.2.attn.proj,element,4,False,False,32,e4m3
9,blocks.5.mlp.2,element,0,False,False,32,e4m3
9,blocks.5.attn.qkv,element,5,False,False,32,e4m3
7,blocks.5.attn.proj,element,7,False,False,32,e4m3
7,blocks.3.mlp.2,element,2,False,False,32,e4m3
7,blocks.4.mlp.2,element,4,False,False,32,e4m3
7,blocks.2.mlp.2,element,2,False,False,32,e4m3
7,blocks.5.mlp.2,element,0,False,False,32,e4m3
7,blocks.3.attn.qkv,element,2,False,False,32,e4m3
7,blocks.4.mlp.2,element,2,False,False,32,e4m3
7,blocks.3.attn.qkv,element,6,False,False,32,e4m3
7,blocks.3.attn.proj,element,1,False,False,32,e4m3
7,blocks.1.mlp.2,element,7,False,False,32,e4m3
7,blocks.5.attn.proj,element,6,False,False,32,e4m3
7,blocks.3.mlp.0,element,1,False,False,32,e4m3
7,blocks.1.mlp.2,element,3,False,False,32,e4m3
7,blocks.0.mlp.2,element,6,False,False,32,e4m3
7,blocks.0.mlp.0,element,1,False,False,32,e4m3
7,blocks.5.mlp.2,element,6,False,False,32,e4m3
7,blocks.2.mlp.0,element,2,False,False,32,e4m3
7,blocks.2.mlp.2,scale,2,False,False,32,e4m3
7,blocks.4.mlp.2,element,3,False,False,32,e4m3
7,blocks.3.mlp.2,element,2,False,False,32,e4m3
7,blocks.1.mlp.2,element,5,False,False,32,e4m3
7,blocks.0.attn.proj,element,2,False,False,32,e4m3
7,blocks.3.mlp.2,element,0,False,False,32,e4m3
7,blocks.1.attn.proj,element,4,False,False,32,e4m3
7,blocks.0.mlp.2,element,5,False,False,32,e4m3
7,blocks.3.attn.qkv,element,1,False,False,32,e4m3
7,blocks.4.mlp.2,element,4,False,False,32,e4m3
7,blocks.1.mlp.2,element,3,False,False,32,e4m3
7,blocks.0.mlp.2,element,1,False,False,32,e4m3
7,blocks.5.mlp.2,element,0,False,False,32,e4m3
7,blocks.3.mlp.2,scale,7,True,True,32,e4m3
7,blocks.1.mlp.2,element,4,False,False,32,e4m3
7,blocks.3.mlp.2,element,7,False,False,32,e4m3
7,blocks.2.attn.proj,element,5,False,False,32,e4m3
7,blocks.5.mlp.2,element,6,False,False,32,e4m3
7,blocks.1.mlp.2,element,0,False,False,32,e4m3
7,blocks.1.mlp.2,element,7,False,False,32,e4m3
7,blocks.4.attn.qkv,element,1,False,False,32,e4m3
7,blocks.1.mlp.2,element,5,False,False,32,e4m3
7,blocks.4.mlp.2,element,6,False,False,32,e4m3
98,blocks.3.mlp.2,element,3,False,False,32,e4m3
98,blocks.4.mlp.2,element,7,False,False,32,e4m3
98,blocks.0.attn.proj,element,3,False,False,32,e4m3
98,blocks.0.mlp.2,element,6,False,False,32,e4m3
98,blocks.2.mlp.0,element,5,False,False,32,e4m3
98,blocks.2.mlp.2,element,0,False,False,32,e4m3
98,blocks.0.mlp.0,element,4,False,False,32,e4m3
98,blocks.5.mlp.2,scale,1,False,False,32,e4m3
98,blocks.4.attn.qkv,element,3,False,False,32,e4m3
98,blocks.2.mlp.2,element,6,False,False,32,e4m3
98,blocks.5.attn.proj,element,5,False,False,32,e4m3
98,blocks.1.mlp.2,element,7,False,False,32,e4m3
98,blocks.5.mlp.2,element,0,False,False,32,e4m3
98,blocks.2.attn.qkv,element,1,False,False,32,e4m3
98,blocks.5.mlp.2,element,4,False,False,32,e4m3
98,blocks.5.mlp.2,element,4,False,False,32,e4m3
98,blocks.2.mlp.2,element,4,False,False,32,e4m3
98,blocks.1.mlp.2,element,5,False,False,32,e4m3
98,blocks.2.mlp.2,scale,3,False,False,32,e4m3
98,blocks.1.mlp.2,element,3,False,False,32,e4m3
98,blocks.5.attn.qkv,element,2,False,False,32,e4m3
98,blocks.3.attn.proj,element,5,False,False,32,e4m3
98,blocks.3.mlp.2,element,2,True,True,32,e4m3
98,blocks.4.attn.proj,scale,0,False,False,32,e4m3
98,blocks.3.mlp.2,element,1,False,False,32,e4m3
98,blocks.3.mlp.2,element,3,False,False,32,e4m3
98,blocks.0.mlp.0,element,3,False,False,32,e4m3
98,blocks.3.mlp.0,element,1,False,False,32,e4m3
98,blocks.1.attn.proj,element,2,False,False,32,e4m3
98,blocks.2.mlp.0,element,5,False,False,32,e4m3
98,blocks.3.mlp.2,element,6,False,False,32,e4m3
98,blocks.0.mlp.2,element,3,False,False,32,e4m3
98,blocks.4.attn.proj,element,1,False,False,32,e4m3
98,blocks.2.mlp.0,element,3,False,False,32,e4m3
98,blocks.3.attn.qkv,element,5,False,False,32,e4m3
98,blocks.5.mlp.0,element,2,False,False,32,e4m3
98,blocks.4.mlp.2,element,1,False,False,32,e4m3
98,blocks.3.mlp.2,element,4,False,False,32,e4m3
98,blocks.1.mlp.0,element,4,False,False,32,e4m3
98,blocks.2.mlp.2,element,2,False,False,32,e4m3
22,blocks.2.mlp.2,element,2,False,False,32,e4m3
22,blocks.4.attn.proj,element,0,False,False,32,e4m3
22,blocks.3.attn.proj,element,0,False,False,32,e4m3
22,blocks.5.attn.qkv,element,0,False,False,32,e4m3
22,blocks.5.mlp.2,element,1,False,False,32,e4m3
22,blocks.5.mlp.0,element,2,False,False,32,e4m3
22,blocks.4.mlp.2,element,2,False,False,32,e4m3
22,blocks.3.attn.qkv,element,4,False,False,32,e4m3
22,blocks.4.mlp.0,element,3,False,False,32,e4m3
22,blocks.1.mlp.2,element,7,False,False,32,e4m3
22,blocks.0.mlp.2,element,2,False,False,32,e4m3
22,blocks.0.attn.qkv,element,3,False,False,32,e4m3
22,blocks.3.mlp.2,element,3,False,False,32,e4m3
22,blocks.5.attn.proj,element,6,False,False,32,e4m3
22,blocks.1.mlp.0,element,0,False,False,32,e4m3
22,blocks.5.mlp.2,element,6,False,False,32,e4m3
22,blocks.3.mlp.2,element,5,False,False,32,e4m3
22,blocks.4.mlp.2,element,4,False,False,32,e4m3
22,blocks.0.attn.qkv,element,0,False,False,32,e4m3
22,blocks.4.attn.proj,element,0,False,False,32,e4m3
22,blocks.1.mlp.2,element,0,False,False,32,e4m3
22,blocks.1.mlp.2,element,6,False,False,32,e4m3
22,blocks.5.mlp.2,element,7,False,False,32,e4m3
22,blocks.4.mlp.0,element,5,False,False,32,e4m3
22,blocks.3.mlp.2,element,2,False,False,32,e4m3
22,blocks.4.attn.qkv,element,7,False,False,32,e4m3
22,blocks.3.mlp.2,element,5,False,False,32,e4m3
22,blocks.4.mlp.2,element,1,False,False,32,e4m3
22,blocks.1.mlp.2,element,2,False,False,32,e4m3
22,blocks.3.attn.qkv,scale,3,True,False,32,e4m3
22,blocks.2.attn.qkv,element,0,False,False,32,e4m3
22,blocks.4.mlp.2,element,3,False,False,32,e4m3
22,blocks.3.attn.proj,element,2,False,False,32,e4m3
22,blocks.2.mlp.2,element,4,False,False,32,e4m3
22,blocks.5.mlp.2,element,1,False,False,32,e4m3
22,blocks.4.attn.qkv,element,3,False,False,32,e4m3
22,blocks.0.mlp.2,element,3,False,False,32,e4m3
22,blocks.0.attn.proj,element,4,False,False,32,e4m3
22,blocks.1.mlp.2,element,5,False,False,32,e4m3
22,blocks.0.mlp.2,element,3,False,False,32,e4m3
86,blocks.4.mlp.2,scale,6,False,False,32,e4m3
86,blocks.5.attn.qkv,element,0,False,False,32,e4m3
86,blocks.2.mlp.0,element,2,False,False,32,e4m3
86,blocks.5.attn.proj,element,7,False,False,32,e4m3
86,blocks.5.mlp.2,element,2,False,False,32,e4m3
86,blocks.3.mlp.0,element,5,False,False,32,e4m3
86,patch_embed.proj,element,5,False,False,32,e4m3
86,blocks.5.mlp.2,element,3,False,False,32,e4m3
86,blocks.0.attn.proj,element,5,False,False,32,e4m3
86,blocks.0.mlp.2,element,3,False,False,32,e4m3
86,blocks.5.mlp.0,element,5,False,False,32,e4m3
86,blocks.4.mlp.2,element,5,False,False,32,e4m3
86,blocks.4.mlp.2,element,6,False,False,32,e4m3
86,blocks.2.attn.proj,element,0,False,False,32,e4m3
86,blocks.2.mlp.2,element,7,False,False,32,e4m3
86,patch_embed.proj,element,2,False,False,32,e4m3
86,blocks.5.attn.proj,element,7,False,False,32,e4m3
86,blocks.1.mlp.2,element,3,False,False,32,e4m3
86,blocks.1.mlp.2,element,3,False,False,32,e4m3
86,blocks.5.mlp.2,element,6,False,False,32,e4m3
86,blocks.3.mlp.2,element,0,False,False,32,e4m3
86,blocks.2.attn.qkv,element,2,False,False,32,e4m3
86,blocks.3.attn.proj,element,2,False,False,32,e4m3
86,blocks.5.mlp.2,element,5,False,False,32,e4m3
86,blocks.5.mlp.2,element,5,False,False,32,e4m3
86,blocks.0.attn.proj,element,1,False,False,32,e4m3
86,blocks.0.mlp.0,element,0,False,False,32,e4m3
86,blocks.4.mlp.2,element,6,False,False,32,e4m3
86,blocks.3.attn.qkv,element,6,False,False,32,e4m3
86,blocks.4.attn.qkv,element,1,False,False,32,e4m3
86,blocks.3.mlp.2,element,7,False,False,32,e4m3
86,blocks.1.attn.proj,element,3,False,False,32,e4m3
86,blocks.0.mlp.2,element,1,False,False,32,e4m3
86,blocks.0.mlp.2,element,7,False,False,32,e4m3
86,blocks.5.mlp.0,element,2,False,False,32,e4m3
86,patch_embed.proj,scale,5,False,False,32,e4m3
86,blocks.3.mlp.2,element,6,False,False,32,e4m3
86,blocks.1.attn.proj,element,2,False,False,32,e4m3
86,blocks.1.mlp.2,element,4,False,False,32,e4m3
86,blocks.4.mlp.2,element,7,False,False,32,e4m3
99,blocks.1.attn.qkv,element,4,False,False,32,e4m3
99,blocks.2.mlp.0,element,2,False,False,32,e4m3
99,blocks.3.attn.proj,element,5,False,False,32,e4m3
99,blocks.5.attn.proj,scale,1,False,False,32,e4m3
99,blocks.2.mlp.2,element,5,False,False,32,e4m3
99,blocks.2.attn.qkv,element,4,False,False,32,e4m3
99,blocks.1.mlp.2,element,7,False,False,32,e4m3
99,blocks.4.mlp.0,element,3,False,False,32,e4m3
99,blocks.2.mlp.2,element,3,False,False,32,e4m3
99,blocks.1.attn.proj,element,0,False,False,32,e4m3
99,blocks.1.mlp.2,element,3,False,False,32,e4m3
99,blocks.1.attn.proj,element,1,False,False,32,e4m3
99,blocks.0.mlp.0,element,5,False,False,32,e4m3
99,blocks.0.mlp.0,element,2,False,False,32,e4m3
99,blocks.0.mlp.2,element,7,False,False,32,e4m3
99,blocks.2.attn.qkv,element,2,False,False,32,e4m3
99,blocks.3.mlp.0,element,7,False,False,32,e4m3
99,blocks.0.attn.proj,element,5,False,False,32,e4m3
99,blocks.1.mlp.0,element,4,False,False,32,e4m3
99,blocks.5.mlp.2,element,7,False,False,32,e4m3
99,blocks.4.attn.qkv,element,7,False,False,32,e4m3
99,blocks.5.mlp.2,element,2,False,False,32,e4m3
99,blocks.5.mlp.2,element,3,False,False,32,e4m3
99,blocks.3.mlp.2,element,6,False,False,32,e4m3
99,blocks.2.attn.qkv,element,5,False,False,32,e4m3
99,blocks.4.attn.proj,element,5,False,False,32,e4m3
99,blocks.1.mlp.2,element,2,False,False,32,e4m3
99,blocks.1.mlp.0,element,7,False,False,32,e4m3
99,blocks.5.mlp.2,element,7,False,False,32,e4m3
99,blocks.5.mlp.2,element,3,False,False,32,e4m3
99,blocks.1.attn.proj,element,7,False,False,32,e4m3
99,blocks.3.mlp.2,element,5,False,False,32,e4m3
99,blocks.2.mlp.2,element,1,False,False,32,e4m3
99,blocks.1.mlp.2,element,0,False,False,32,e4m3
99,blocks.2.mlp.2,element,1,False,False,32,e4m3
99,blocks.5.mlp.2,element,6,False,False,32,e4m3
99,blocks.2.attn.qkv,element,7,False,False,32,e4m3
99,blocks.4.mlp.0,scale,5,False,False,32,e4m3
99,blocks.5.mlp.2,scale,4,False,False,32,e4m3
99,blocks.5.mlp.2,element,1,False,False,32,e4m3
60,blocks.5.attn.proj,element,5,False,False,32,e4m3
60,blocks.2.attn.proj,element,7,False,False,32,e4m3
60,blocks.2.attn.proj,element,6,False,False,32,e4m3
60,blocks.1.mlp.2,element,0,False,False,32,e4m3
60,blocks.3.mlp.2,element,6,False,False,32,e4m3
60,blocks.1.mlp.2,element,6,False,False,32,e4m3
60,blocks.3.mlp.2,element,7,False,False,32,e4m3
60,blocks.3.mlp.2,element,7,False,False,32,e4m3
60,blocks.4.mlp.2,element,1,False,False,32,e4m3
60,blocks.2.mlp.0,element,2,False,False,32,e4m3
60,blocks.4.mlp.2,element,3,False,False,32,e4m3
60,blocks.2.attn.proj,element,7,False,False,32,e4m3
60,blocks.0.attn.proj,element,0,False,False,32,e4m3
60,blocks.5.mlp.0,element,4,False,False,32,e4m3
60,blocks.2.mlp.2,element,4,False,False,32,e4m3
60,blocks.1.attn.proj,element,4,False,False,32,e4m3
60,blocks.0.mlp.2,element,2,False,False,32,e4m3
60,blocks.4.mlp.2,element,0,False,False,32,e4m3
60,blocks.4.mlp.2,element,0,False,False,32,e4m3
60,blocks.3.mlp.0,element,0,False,False,32,e4m3
60,blocks.5.mlp.2,element,6,False,False,32,e4m3
60,blocks.0.mlp.2,element,5,False,False,32,e4m3
60,blocks.2.mlp.2,element,2,False,False,32,e4m3
60,blocks.2.mlp.2,element,7,False,False,32,e4m3
60,blocks.5.attn.proj,element,6,False,False,32,e4m3
60,blocks.1.mlp.2,scale,3,False,False,32,e4m3
60,blocks.2.attn.qkv,scale,1,False,False,32,e4m3
60,blocks.3.attn.qkv,element,7,False,False,32,e4m3
60,blocks.4.attn.proj,element,3,False,False,32,e4m3
60,blocks.2.mlp.2,element,4,False,False,32,e4m3
60,patch_embed.proj,element,3,False,False,32,e4m3
60,blocks.5.mlp.0,element,4,False,False,32,e4m3
60,blocks.1.mlp.0,element,5,False,False,32,e4m3
60,blocks.2.attn.qkv,element,0,False,False,32,e4m3
60,blocks.5.attn.proj,element,1,False,False,32,e4m3
60,blocks.4.mlp.0,element,1,False,False,32,e4m3
60,blocks.4.mlp.2,element,5,False,False,32,e4m3
60,blocks.2.mlp.2,element,7,False,False,32,e4m3
60,blocks.1.attn.qkv,element,3,False,False,32,e4m3
60,blocks.5.attn.qkv,element,0,False,False,32,e4m3
85,blocks.0.attn.proj,element,4,False,False,32,e4m3
85,blocks.1.mlp.2,element,7,False,False,32,e4m3
85,blocks.3.attn.qkv,element,4,False,False,32,e4m3
85,blocks.0.mlp.2,element,7,False,False,32,e4m3
85,blocks.4.mlp.2,element,4,False,False,32,e4m3
85,blocks.4.mlp.2,element,3,False,False,32,e4m3
85,blocks.2.attn.proj,element,3,False,False,32,e4m3
85,blocks.2.attn.proj,element,3,False,False,32,e4m3
85,blocks.2.mlp.2,element,4,False,False,32,e4m3
85,blocks.3.mlp.2,element,2,False,False,32,e4m3
85,blocks.5.mlp.2,element,4,False,False,32,e4m3
85,blocks.2.mlp.2,element,3,False,False,32,e4m3
85,blocks.4.mlp.2,element,1,False,False,32,e4m3
85,blocks.0.mlp.2,element,3,False,False,32,e4m3
85,blocks.1.mlp.2,element,7,False,False,32,e4m3
85,blocks.5.attn.proj,element,3,False,False,32,e4m3
85,blocks.1.mlp.2,element,2,False,False,32,e4m3
85,blocks.0.mlp.2,element,6,False,False,32,e4m3
85,blocks.1.mlp.2,element,7,False,False,32,e4m3
85,blocks.0.mlp.2,element,4,False,False,32,e4m3
85,blocks.0.mlp.0,element,4,False,False,32,e4m3
85,blocks.5.attn.proj,scale,7,False,False,32,e4m3
85,blocks.4.attn.proj,element,2,False,False,32,e4m3
85,blocks.5.mlp.2,element,2,False,False,32,e4m3
85,blocks.0.mlp.0,element,6,False,False,32,e4m3
85,blocks.2.mlp.2,element,1,False,False,32,e4m3
85,blocks.5.mlp.2,element,1,False,False,32,e4m3
85,blocks.2.mlp.2,element,0,False,False,32,e4m3
85,blocks.4.attn.proj,element,7,False,False,32,e4m3
85,blocks.3.attn.qkv,element,1,False,False,32,e4m3
85,blocks.4.mlp.0,element,5,False,False,32,e4m3
85,blocks.3.mlp.2,element,2,False,False,32,e4m3
85,blocks.0.mlp.0,element,1,False,False,32,e4m3
85,blocks.5.mlp.2,element,0,False,False,32,e4m3
85,blocks.1.mlp.2,element,6,False,False,32,e4m3
85,blocks.4.attn.qkv,element,4,False,False,32,e4m3
85,blocks.4.mlp.2,element,0,False,False,32,e4m3
85,blocks.3.mlp.2,element,2,False,False,32,e4m3
85,blocks.0.mlp.2,element,7,False,False,32,e4m3
85,blocks.3.mlp.2,element,6,False,False,32,e4m3
6,blocks.5.attn.qkv,element,0,False,False,32,e4m3
6,blocks.2.attn.proj,element,5,False,False,32,e4m3
6,blocks.4.mlp.2,element,7,False,False,32,e4m3
6,blocks.2.mlp.2,element,7,False,False,32,e4m3
6,blocks.1.mlp.2,element,7,False,False,32,e4m3
6,blocks.4.mlp.2,element,6,False,False,32,e4m3
6,blocks.2.mlp.2,element,1,False,False,32,e4m3
6,blocks.5.attn.qkv,element,5,False,False,32,e4m3
6,blocks.4.mlp.2,element,6,False,False,32,e4m3
6,blocks.4.mlp.2,element,5,False,False,32,e4m3
6,blocks.1.mlp.2,element,1,False,False,32,e4m3
6,blocks.5.mlp.0,element,0,False,False,32,e4m3
6,blocks.0.attn.qkv,element,0,False,False,32,e4m3
6,blocks.4.mlp.2,element,7,False,False,32,e4m3
6,blocks.2.mlp.2,element,7,False,False,32,e4m3
6,blocks.4.attn.qkv,element,7,False,False,32,e4m3
6,blocks.1.mlp.2,element,6,False,False,32,e4m3
6,blocks.2.mlp.2,element,4,False,False,32,e4m3
6,blocks.3.attn.qkv,element,0,False,False,32,e4m3
6,blocks.1.mlp.2,element,1,False,False,32,e4m3
6,blocks.0.attn.proj,element,7,False,False,32,e4m3
6,blocks.4.attn.qkv,element,5,False,False,32,e4m3
6,blocks.0.mlp.2,element,3,False,False,32,e4m3
6,blocks.1.attn.proj,element,2,False,False,32,e4m3
6,blocks.0.mlp.2,element,4,False,False,32,e4m3
6,blocks.0.attn.proj,element,1,False,False,32,e4m3
6,blocks.1.mlp.0,element,1,False,False,32,e4m3
6,blocks.4.attn.qkv,element,5,False,False,32,e4m3
6,blocks.2.mlp.2,element,1,False,False,32,e4m3
6,blocks.2.attn.proj,element,6,False,False,32,e4m3
6,blocks.3.mlp.2,element,2,False,False,32,e4m3
6,blocks.4.mlp.0,element,1,False,False,32,e4m3
6,blocks.4.mlp.0,element,7,False,False,32,e4m3
6,blocks.2.mlp.2,element,7,False,False,32,e4m3
6,blocks.1.attn.proj,element,7,False,False,32,e4m3
6,blocks.4.attn.qkv,element,3,False,False,32,e4m3
6,blocks.2.mlp.2,element,1,False,False,32,e4m3
6,blocks.0.attn.proj,element,5,False,False,32,e4m3
6,blocks.3.attn.qkv,element,4,False,False,32,e4m3
6,blocks.1.mlp.0,element,0,False,False,32,e4m3
11,blocks.3.mlp.2,element,2,False,False,32,e4m3
11,blocks.3.attn.proj,element,7,False,False,32,e4m3
11,blocks.5.mlp.2,element,7,False,False,32,e4m3
11,blocks.3.mlp.2,element,6,False,False,32,e4m3
11,blocks.1.mlp.2,element,4,False,False,32,e4m3
11,blocks.2.mlp.0,element,0,False,False,32,e4m3
11,blocks.1.mlp.2,element,0,False,False,32,e4m3
11,blocks.4.mlp.2,element,3,False,False,32,e4m3
11,blocks.2.mlp.2,element,7,False,False,32,e4m3
11,blocks.2.attn.qkv,element,6,False,False,32,e4m3
11,blocks.4.mlp.2,element,7,False,False,32,e4m3
11,blocks.1.attn.qkv,element,4,False,False,32,e4m3
11,blocks.1.attn.qkv,element,7,False,False,32,e4m3
11,blocks.4.attn.qkv,element,0,False,False,32,e4m3
11,blocks.5.attn.qkv,element,3,False,False,32,e4m3
11,blocks.4.mlp.2,element,5,False,False,32,e4m3
11,blocks.0.mlp.2,element,6,False,False,32,e4m3
11,blocks.0.mlp.2,element,3,False,False,32,e4m3
11,blocks.4.mlp.2,element,3,False,False,32,e4m3
11,blocks.4.mlp.0,element,1,False,False,32,e4m3
11,blocks.1.mlp.2,element,7,False,False,32,e4m3
11,blocks.5.mlp.2,element,2,False,False,32,e4m3
11,blocks.4.mlp.2,element,3,False,False,32,e4m3
11,blocks.1.mlp.2,element,2,False,False,32,e4m3
11,blocks.4.mlp.2,element,5,False,False,32,e4m3
11,blocks.0.mlp.2,element,7,False,False,32,e4m3
11,blocks.4.attn.proj,element,7,False,False,32,e4m3
11,blocks.4.mlp.2,element,4,False,False,32,e4m3
11,blocks.4.mlp.0,element,3,False,False,32,e4m3
11,blocks.4.mlp.2,element,0,False,False,32,e4m3
11,blocks.3.mlp.2,element,7,False,False,32,e4m3
11,blocks.3.attn.proj,element,1,False,False,32,e4m3
11,blocks.5.attn.qkv,element,7,False,False,32,e4m3
11,blocks.0.attn.qkv,element,7,False,False,32,e4m3
11,blocks.0.attn.qkv,element,0,False,False,32,e4m3
11,blocks.0.mlp.2,element,4,False,False,32,e4m3
11,blocks.0.attn.proj,element,4,False,False,32,e4m3
11,blocks.1.attn.qkv,element,6,False,False,32,e4m3
11,blocks.4.mlp.2,element,7,False,False,32,e4m3
11,blocks.5.attn.qkv,element,7,False,False,32,e4m3
23,blocks.2.mlp.2,element,5,False,False,32,e4m3
23,blocks.2.mlp.2,element,6,False,False,32,e4m3
23,blocks.5.mlp.2,element,1,False,False,32,e4m3
23,blocks.1.mlp.0,element,1,False,False,32,e4m3
23,blocks.1.attn.proj,element,0,False,False,32,e4m3
23,blocks.5.mlp.2,element,3,False,False,32,e4m3
23,blocks.4.mlp.2,element,2,False,False,32,e4m3
23,blocks.1.mlp.2,element,1,False,False,32,e4m3
23,blocks.3.attn.qkv,element,2,False,False,32,e4m3
23,blocks.2.attn.qkv,element,2,False,False,32,e4m3
23,blocks.4.mlp.2,element,1,False,False,32,e4m3
23,blocks.0.attn.proj,element,7,False,False,32,e4m3
23,blocks.2.mlp.2,element,0,False,False,32,e4m3
23,blocks.3.mlp.0,element,6,False,False,32,e4m3
23,blocks.2.mlp.2,element,2,False,False,32,e4m3
23,blocks.1.attn.qkv,element,6,False,False,32,e4m3
23,blocks.5.mlp.2,element,7,False,False,32,e4m3
23,blocks.0.mlp.0,element,4,False,False,32,e4m3
23,blocks.5.mlp.2,scale,1,False,False,32,e4m3
23,blocks.1.attn.qkv,element,1,False,False,32,e4m3
23,blocks.4.mlp.2,element,3,False,False,32,e4m3
23,blocks.2.attn.qkv,element,2,False,False,32,e4m3
23,blocks.0.mlp.2,element,3,False,False,32,e4m3
23,blocks.3.attn.qkv,element,0,False,False,32,e4m3
23,blocks.3.mlp.2,element,5,False,False,32,e4m3
23,blocks.1.attn.qkv,element,7,False,False,32,e4m3
23,blocks.5.mlp.2,element,4,False,False,32,e4m3
23,blocks.1.attn.proj,element,3,False,False,32,e4m3
23,blocks.5.mlp.2,element,1,False,False,32,e4m3
23,blocks.4.mlp.0,element,6,False,False,32,e4m3
23,blocks.2.mlp.0,element,1,False,False,32,e4m3
23,blocks.0.attn.qkv,element,6,False,False,32,e4m3
23,blocks.1.mlp.2,element,2,False,False,32,e4m3
23,blocks.2.mlp.2,element,7,False,False,32,e4m3
23,blocks.4.mlp.2,element,3,False,False,32,e4m3
23,blocks.4.mlp.2,element,6,False,False,32,e4m3
23,blocks.2.mlp.2,element,0,False,False,32,e4m3
23,blocks.1.mlp.2,element,6,False,False,32,e4m3
23,blocks.4.mlp.2,element,1,False,False,32,e4m3
23,blocks.0.attn.qkv,element,4,False,False,32,e4m3
29,blocks.5.mlp.2,element,5,False,False,32,e4m3
29,blocks.2.mlp.2,element,0,False,False,32,e4m3
29,blocks.1.attn.qkv,element,4,False,False,32,e4m3
29,blocks.0.mlp.2,element,1,False,False,32,e4m3
29,blocks.1.mlp.2,element,2,False,False,32,e4m3
29,blocks.4.mlp.2,element,2,False,False,32,e4m3
29,blocks.2.mlp.2,element,7,False,False,32,e4m3
29,blocks.5.mlp.2,element,1,False,False,32,e4m3
29,blocks.5.mlp.2,element,5,False,False,32,e4m3
29,blocks.3.mlp.2,element,1,False,False,32,e4m3
29,blocks.3.mlp.2,element,2,False,False,32,e4m3
29,blocks.3.attn.proj,element,2,False,False,32,e4m3
29,blocks.0.attn.qkv,element,6,False,False,32,e4m3
29,blocks.3.mlp.0,element,6,False,False,32,e4m3
29,blocks.1.mlp.0,element,6,False,False,32,e4m3
29,blocks.5.mlp.2,element,3,False,False,32,e4m3
29,blocks.1.mlp.2,element,2,False,False,32,e4m3
29,blocks.5.attn.proj,element,4,False,False,32,e4m3
29,blocks.0.mlp.2,element,0,False,False,32,e4m3
29,blocks.0.mlp.2,element,4,False,False,32,e4m3
29,blocks.4.mlp.2,scale,3,False,False,32,e4m3
29,blocks.1.mlp.2,element,0,False,False,32,e4m3
29,blocks.2.mlp.2,element,3,False,False,32,e4m3
29,blocks.1.mlp.2,element,0,False,False,32,e4m3
29,blocks.1.mlp.2,element,3,False,False,32,e4m3
29,blocks.1.mlp.2,element,3,False,False,32,e4m3
29,blocks.1.mlp.2,element,7,False,False,32,e4m3
29,blocks.0.attn.qkv,element,1,False,False,32,e4m3
29,blocks.2.mlp.2,element,0,False,False,32,e4m3
29,blocks.0.attn.proj,element,2,False,False,32,e4m3
29,blocks.2.mlp.2,element,3,False,False,32,e4m3
29,blocks.5.attn.qkv,element,6,False,False,32,e4m3
29,blocks.2.mlp.2,element,1,False,False,32,e4m3
29,blocks.4.mlp.0,element,7,False,False,32,e4m3
29,blocks.4.mlp.2,element,1,False,False,32,e4m3
29,blocks.4.mlp.2,element,1,False,False,32,e4m3
29,blocks.3.attn.qkv,element,0,False,False,32,e4m3
29,blocks.1.mlp.2,element,5,False,False,32,e4m3
29,blocks.3.mlp.2,element,3,False,False,32,e4m3
29,blocks.1.mlp.2,element,1,False,False,32,e4m3
51,blocks.0.mlp.2,element,7,False,False,32,e4m3
51,blocks.0.attn.qkv,element,7,False,False,32,e4m3
51,blocks.4.attn.proj,element,2,False,False,32,e4m3
51,blocks.5.mlp.2,element,1,False,False,32,e4m3
51,blocks.3.mlp.2,element,1,False,False,32,e4m3
51,blocks.2.attn.proj,element,0,False,False,32,e4m3
51,blocks.2.mlp.2,element,0,False,False,32,e4m3
51,blocks.3.mlp.2,element,1,False,False,32,e4m3
51,blocks.1.mlp.2,element,6,False,False,32,e4m3
51,blocks.3.attn.qkv,element,3,False,False,32,e4m3
51,blocks.5.mlp.2,element,1,False,False,32,e4m3
51,blocks.2.mlp.0,element,0,False,False,32,e4m3
51,blocks.1.mlp.2,scale,6,False,False,32,e4m3
51,blocks.5.mlp.0,element,5,False,False,32,e4m3
51,blocks.4.mlp.0,element,2,False,False,32,e4m3
51,blocks.4.attn.qkv,element,7,False,False,32,e4m3
51,blocks.3.attn.qkv,element,0,False,False,32,e4m3
51,blocks.0.attn.proj,element,0,False,False,32,e4m3
51,blocks.0.mlp.0,element,1,False,False,32,e4m3
51,blocks.1.mlp.2,element,1,False,False,32,e4m3
51,blocks.3.attn.qkv,element,0,False,False,32,e4m3
51,blocks.0.attn.proj,element,2,False,False,32,e4m3
51,blocks.4.attn.proj,element,7,False,False,32,e4m3
51,blocks.2.mlp.2,element,0,False,False,32,e4m3
51,blocks.5.mlp.2,element,0,False,False,32,e4m3
51,blocks.4.attn.qkv,element,1,False,False,32,e4m3
51,blocks.5.mlp.2,element,7,False,False,32,e4m3
51,blocks.1.mlp.0,element,4,False,False,32,e4m3
51,blocks.3.mlp.0,element,6,False,False,32,e4m3
51,blocks.4.attn.proj,element,7,False,False,32,e4m3
51,blocks.5.mlp.2,element,2,False,False,32,e4m3
51,blocks.4.mlp.2,element,2,False,False,32,e4m3
51,blocks.2.mlp.0,element,3,False,False,32,e4m3
51,blocks.0.attn.qkv,element,4,False,False,32,e4m3
51,blocks.5.attn.proj,element,7,False,False,32,e4m3
51,blocks.5.attn.qkv,element,4,False,False,32,e4m3
51,blocks.3.mlp.0,element,1,False,False,32,e4m3
51,blocks.4.mlp.2,element,0,False,False,32,e4m3
51,blocks.2.attn.proj,element,4,False,False,32,e4m3
51,blocks.0.mlp.2,element,4,False,False,32,e4m3
36,blocks.4.mlp.2,element,0,False,False,32,e4m3
36,blocks.4.attn.qkv,element,3,False,False,32,e4m3
36,blocks.5.mlp.2,element,5,False,False,32,e4m3
36,blocks.2.mlp.2,element,7,False,False,32,e4m3
36,blocks.1.mlp.2,element,5,False,False,32,e4m3
36,blocks.0.mlp.2,element,3,False,False,32,e4m3
36,blocks.2.mlp.2,element,1,False,False,32,e4m3
36,blocks.3.mlp.2,element,5,False,False,32,e4m3
36,blocks.0.mlp.0,element,3,False,False,32,e4m3
36,blocks.5.mlp.2,scale,5,False,False,32,e4m3
36,blocks.3.mlp.2,element,4,False,False,32,e4m3
36,blocks.1.mlp.2,element,7,False,False,32,e4m3
36,blocks.1.mlp.2,element,2,False,False,32,e4m3
36,blocks.4.mlp.2,element,4,False,False,32,e4m3
36,blocks.2.attn.qkv,element,7,False,False,32,e4m3
36,blocks.0.mlp.2,element,7,False,False,32,e4m3
36,blocks.2.attn.qkv,element,2,False,False,32,e4m3
36,blocks.0.mlp.0,element,6,False,False,32,e4m3
36,blocks.1.mlp.2,element,0,False,False,32,e4m3
36,blocks.0.mlp.2,element,0,False,False,32,e4m3
36,blocks.4.attn.proj,element,3,False,False,32,e4m3
36,blocks.1.mlp.2,element,1,False,False,32,e4m3
36,blocks.3.attn.qkv,element,7,False,False,32,e4m3
36,blocks.0.attn.qkv,element,2,False,False,32,e4m3
36,blocks.3.mlp.2,scale,6,False,False,32,e4m3
36,blocks.5.mlp.2,scale,0,False,False,32,e4m3
36,blocks.1.mlp.2,element,5,False,False,32,e4m3
36,blocks.4.mlp.2,element,1,False,False,32,e4m3
36,blocks.0.mlp.2,element,1,False,False,32,e4m3
36,blocks.1.attn.qkv,element,7,False,False,32,e4m3
36,blocks.3.attn.proj,element,1,False,False,32,e4m3
36,blocks.1.mlp.2,element,5,False,False,32,e4m3
36,blocks.4.mlp.2,element,0,False,False,32,e4m3
36,blocks.3.mlp.2,element,5,False,False,32,e4m3
36,blocks.0.mlp.2,element,0,False,False,32,e4m3
36,blocks.1.mlp.2,element,7,False,False,32,e4m3
36,blocks.4.mlp.2,element,6,False,False,32,e4m3
36,blocks.2.attn.qkv,element,1,False,False,32,e4m3
36,blocks.4.attn.qkv,element,7,False,False,32,e4m3
36,blocks.0.mlp.2,element,5,False,False,32,e4m3
72,blocks.4.mlp.0,element,3,False,False,32,e4m3
72,blocks.1.attn.proj,element,3,False,False,32,e4m3
72,blocks.4.mlp.0,element,5,False,False,32,e4m3
72,blocks.1.mlp.2,element,7,False,False,32,e4m3
72,blocks.3.attn.qkv,element,7,False,False,32,e4m3
72,blocks.1.mlp.2,element,7,False,False,32,e4m3
72,blocks.5.mlp.0,element,0,False,False,32,e4m3
72,blocks.3.attn.proj,element,0,False,False,32,e4m3
72,blocks.5.attn.proj,element,1,False,False,32,e4m3
72,blocks.0.mlp.0,element,7,False,False,32,e4m3
72,blocks.1.mlp.2,element,5,False,False,32,e4m3
72,blocks.5.mlp.2,element,2,False,False,32,e4m3
72,blocks.4.mlp.2,element,4,False,False,32,e4m3
72,blocks.4.mlp.0,element,2,False,False,32,e4m3
72,blocks.0.attn.proj,element,7,False,False,32,e4m3
72,blocks.1.mlp.2,element,5,False,False,32,e4m3
72,blocks.2.mlp.2,element,0,False,False,32,e4m3
72,blocks.0.mlp.2,element,0,False,False,32,e4m3
72,blocks.5.mlp.2,element,2,False,False,32,e4m3
72,blocks.0.mlp.2,element,6,False,False,32,e4m3
72,blocks.2.mlp.2,element,5,False,False,32,e4m3
72,blocks.0.attn.proj,element,0,False,False,32,e4m3
72,blocks.4.mlp.2,element,4,False,False,32,e4m3
72,blocks.3.attn.qkv,element,5,False,False,32,e4m3
72,blocks.1.mlp.0,element,4,False,False,32,e4m3
72,blocks.3.mlp.2,element,0,False,False,32,e4m3
72,blocks.1.mlp.0,element,6,False,False,32,e4m3
72,blocks.0.attn.qkv,element,0,False,False,32,e4m3
72,blocks.2.attn.qkv,element,0,False,False,32,e4m3
72,blocks.5.mlp.2,element,5,False,False,32,e4m3
72,blocks.1.attn.qkv,element,1,False,False,32,e4m3
72,blocks.3.mlp.0,element,2,False,False,32,e4m3
72,blocks.3.mlp.0,element,6,False,False,32,e4m3
72,blocks.1.mlp.2,element,1,False,False,32,e4m3
72,blocks.4.mlp.2,element,5,False,False,32,e4m3
72,blocks.4.mlp.2,element,0,False,False,32,e4m3
72,blocks.5.attn.proj,element,3,False,False,32,e4m3
72,blocks.3.attn.proj,element,7,False,False,32,e4m3
72,blocks.3.mlp.2,element,6,False,False,32,e4m3
72,blocks.5.mlp.0,element,2,False,False,32,e4m3
68,blocks.2.mlp.2,element,3,False,False,32,e4m3
68,blocks.5.mlp.0,element,1,False,False,32,e4m3
68,blocks.2.mlp.2,element,6,False,False,32,e4m3
68,blocks.3.mlp.0,element,7,False,False,32,e4m3
68,blocks.1.mlp.2,element,0,False,False,32,e4m3
68,blocks.4.mlp.2,element,3,False,False,32,e4m3
68,blocks.1.mlp.2,element,2,False,False,32,e4m3
68,blocks.1.mlp.0,element,1,False,False,32,e4m3
68,blocks.4.mlp.2,element,4,False,False,32,e4m3
68,blocks.0.mlp.0,element,3,False,False,32,e4m3
68,blocks.3.mlp.2,element,5,False,False,32,e4m3
68,blocks.4.mlp.2,element,0,False,False,32,e4m3
68,blocks.1.attn.qkv,element,4,False,False,32,e4m3
68,blocks.0.mlp.2,element,2,False,False,32,e4m3
68,blocks.0.mlp.2,element,6,False,False,32,e4m3
68,blocks.1.mlp.2,element,0,False,False,32,e4m3
68,blocks.2.mlp.2,element,5,False,False,32,e4m3
68,blocks.5.attn.qkv,element,7,False,False,32,e4m3
68,blocks.0.mlp.2,element,7,False,False,32,e4m3
68,blocks.5.mlp.0,element,7,False,False,32,e4m3
68,blocks.4.attn.proj,element,3,False,False,32,e4m3
68,blocks.1.attn.qkv,element,1,False,False,32,e4m3
68,blocks.5.mlp.0,element,5,False,False,32,e4m3
68,blocks.5.attn.qkv,element,1,False,False,32,e4m3
68,blocks.2.mlp.2,element,7,False,False,32,e4m3
68,blocks.4.mlp.2,element,4,False,False,32,e4m3
68,blocks.5.attn.proj,scale,2,False,False,32,e4m3
68,blocks.4.mlp.2,element,1,False,False,32,e4m3
68,blocks.2.attn.proj,element,6,False,False,32,e4m3
68,blocks.1.mlp.2,element,7,False,False,32,e4m3
68,blocks.5.attn.proj,element,3,False,False,32,e4m3
68,blocks.3.mlp.2,element,6,False,False,32,e4m3
68,blocks.5.mlp.2,element,1,False,False,32,e4m3
68,blocks.2.mlp.0,element,3,False,False,32,e4m3
68,blocks.5.attn.qkv,element,4,False,False,32,e4m3
68,blocks.3.attn.qkv,element,0,False,False,32,e4m3
68,blocks.2.attn.proj,element,5,False,False,32,e4m3
68,blocks.1.mlp.2,element,4,False,False,32,e4m3
68,blocks.4.attn.qkv,element,4,True,True,32,e4m3
68,blocks.3.mlp.2,element,5,False,False,32,e4m3
44,blocks.5.attn.proj,element,3,False,False,32,e4m3
44,blocks.5.attn.proj,element,6,False,False,32,e4m3
44,blocks.2.mlp.2,element,4,False,False,32,e4m3
44,blocks.3.mlp.2,element,2,False,False,32,e4m3
44,blocks.1.mlp.2,element,5,False,False,32,e4m3
44,blocks.4.mlp.2,element,5,False,False,32,e4m3
44,blocks.2.mlp.2,element,1,False,False,32,e4m3
44,blocks.1.mlp.2,element,0,False,False,32,e4m3
44,blocks.5.mlp.2,element,0,False,False,32,e4m3
44,blocks.4.mlp.0,element,0,False,False,32,e4m3
44,blocks.1.mlp.2,element,3,False,False,32,e4m3
44,blocks.4.mlp.2,element,7,False,False,32,e4m3
44,blocks.1.attn.qkv,element,6,False,False,32,e4m3
44,blocks.1.attn.proj,element,5,False,False,32,e4m3
44,blocks.2.attn.qkv,element,6,False,False,32,e4m3
44,blocks.0.mlp.2,element,1,False,False,32,e4m3
44,blocks.0.attn.qkv,element,1,False,False,32,e4m3
44,blocks.4.mlp.2,element,7,False,False,32,e4m3
44,blocks.2.attn.proj,element,5,False,False,32,e4m3
44,blocks.0.attn.qkv,element,5,False,False,32,e4m3
44,blocks.1.mlp.0,element,3,False,False,32,e4m3
44,blocks.4.attn.proj,element,4,False,False,32,e4m3
44,blocks.3.mlp.2,element,2,False,False,32,e4m3
44,blocks.1.mlp.2,element,4,False,False,32,e4m3
44,blocks.5.attn.qkv,element,0,False,False,32,e4m3
44,blocks.1.mlp.2,element,7,False,False,32,e4m3
44,blocks.3.mlp.2,element,2,False,False,32,e4m3
44,blocks.5.attn.proj,element,7,False,False,32,e4m3
44,blocks.5.mlp.2,element,2,False,False,32,e4m3
44,blocks.1.mlp.2,element,5,False,False,32,e4m3
44,blocks.3.mlp.2,element,2,False,False,32,e4m3
44,blocks.0.mlp.2,element,7,False,False,32,e4m3
44,blocks.1.mlp.2,element,7,False,False,32,e4m3
44,blocks.2.mlp.2,element,7,False,False,32,e4m3
44,blocks.1.attn.proj,element,2,False,False,32,e4m3
44,blocks.0.mlp.2,element,3,False,False,32,e4m3
44,blocks.2.attn.qkv,element,5,False,False,32,e4m3
44,blocks.3.mlp.2,element,7,False,False,32,e4m3
44,blocks.0.mlp.0,element,2,False,False,32,e4m3
44,blocks.0.attn.qkv,element,7,False,False,32,e4m3
71,blocks.3.attn.proj,element,1,False,False,32,e4m3
71,blocks.3.mlp.2,element,6,False,False,32,e4m3
71,blocks.0.attn.proj,element,1,False,False,32,e4m3
71,blocks.4.attn.qkv,element,3,False,False,32,e4m3
71,blocks.5.mlp.0,element,1,False,False,32,e4m3
71,blocks.0.attn.qkv,element,4,False,False,32,e4m3
71,blocks.2.mlp.0,element,6,False,False,32,e4m3
71,blocks.4.mlp.2,element,2,False,False,32,e4m3
71,blocks.3.attn.proj,element,1,False,False,32,e4m3
71,blocks.2.mlp.2,scale,1,False,False,32,e4m3
71,blocks.2.mlp.2,element,2,False,False,32,e4m3
71,blocks.5.mlp.2,element,6,False,False,32,e4m3
71,blocks.1.mlp.2,element,4,False,False,32,e4m3
71,blocks.2.mlp.2,element,4,False,False,32,e4m3
71,blocks.0.mlp.2,element,6,False,False,32,e4m3
71,blocks.4.attn.qkv,scale,2,False,False,32,e4m3
71,blocks.0.attn.qkv,element,0,False,False,32,e4m3
71,blocks.4.mlp.2,scale,4,False,False,32,e4m3
71,blocks.1.mlp.2,element,4,False,False,32,e4m3
71,blocks.1.attn.proj,element,2,False,False,32,e4m3
71,blocks.2.mlp.2,element,0,False,False,32,e4m3
71,blocks.1.mlp.2,element,0,False,False,32,e4m3
71,blocks.1.attn.proj,scale,4,False,False,32,e4m3
71,blocks.2.attn.qkv,element,0,False,False,32,e4m3
71,blocks.0.attn.qkv,element,1,False,False,32,e4m3
71,blocks.5.attn.qkv,element,1,False,False,32,e4m3
71,blocks.1.mlp.2,element,5,False,False,32,e4m3
71,blocks.4.attn.proj,element,4,False,False,32,e4m3
71,blocks.2.mlp.2,element,3,False,False,32,e4m3
71,blocks.4.attn.proj,element,4,False,False,32,e4m3
71,blocks.3.mlp.0,element,4,False,False,32,e4m3
71,blocks.0.mlp.2,element,3,False,False,32,e4m3
71,blocks.4.mlp.2,element,4,False,False,32,e4m3
71,blocks.0.mlp.2,element,0,False,False,32,e4m3
71,blocks.3.mlp.2,element,7,False,False,32,e4m3
71,blocks.2.attn.qkv,element,7,False,False,32,e4m3
71,blocks.5.attn.proj,element,0,False,False,32,e4m3
71,blocks.5.mlp.0,element,1,False,False,32,e4m3
71,blocks.1.attn.proj,element,1,False,False,32,e4m3
71,blocks.3.mlp.2,element,5,False,False,32,e4m3
1,blocks.5.mlp.2,element,6,False,False,32,e4m3
1,blocks.2.mlp.2,element,3,False,False,32,e4m3
1,blocks.0.mlp.0,element,4,False,False,32,e4m3
1,blocks.4.mlp.2,element,6,False,False,32,e4m3
1,blocks.3.mlp.0,element,1,False,False,32,e4m3
1,blocks.0.attn.proj,element,2,False,False,32,e4m3
1,blocks.4.mlp.2,element,4,False,False,32,e4m3
1,blocks.1.attn.proj,element,7,False,False,32,e4m3
1,blocks.0.mlp.2,element,1,False,False,32,e4m3
1,blocks.0.mlp.2,element,2,False,False,32,e4m3
1,blocks.1.attn.qkv,element,0,False,False,32,e4m3
1,blocks.0.mlp.2,element,6,False,False,32,e4m3
1,blocks.3.mlp.2,element,1,False,False,32,e4m3
1,blocks.0.attn.qkv,element,1,False,False,32,e4m3
1,blocks.1.mlp.2,element,4,False,False,32,e4m3
1,blocks.3.attn.qkv,element,2,False,False,32,e4m3
1,blocks.3.mlp.2,element,0,False,False,32,e4m3
1,blocks.3.mlp.2,element,5,False,False,32,e4m3
1,patch_embed.proj,element,6,False,False,32,e4m3
1,blocks.1.mlp.2,element,5,False,False,32,e4m3
1,blocks.5.mlp.2,element,0,False,False,32,e4m3
1,blocks.5.attn.qkv,element,2,False,False,32,e4m3
1,blocks.2.mlp.2,element,2,False,False,32,e4m3
1,blocks.0.mlp.2,element,1,False,False,32,e4m3
1,blocks.4.mlp.0,element,1,True,True,32,e4m3
1,blocks.3.mlp.0,element,1,False,False,32,e4m3
1,blocks.5.mlp.0,element,4,False,False,32,e4m3
1,blocks.4.mlp.2,element,3,False,False,32,e4m3
1,blocks.0.mlp.2,element,0,False,False,32,e4m3
1,blocks.4.mlp.2,element,0,False,False,32,e4m3
1,blocks.4.mlp.0,element,6,False,False,32,e4m3
1,blocks.0.mlp.0,element,0,False,False,32,e4m3
1,blocks.4.mlp.2,element,4,False,False,32,e4m3
1,blocks.1.attn.qkv,element,4,False,False,32,e4m3
1,blocks.5.mlp.2,element,1,False,False,32,e4m3
1,blocks.5.attn.qkv,element,1,False,False,32,e4m3
1,blocks.3.attn.qkv,element,2,False,False,32,e4m3
1,blocks.4.attn.qkv,element,7,False,False,32,e4m3
1,blocks.5.mlp.2,element,3,False,False,32,e4m3
1,blocks.0.mlp.0,element,5,False,False,32,e4m3
53,blocks.4.mlp.2,element,2,False,False,32,e4m3
53,blocks.5.mlp.0,element,5,False,False,32,e4m3
53,blocks.1.mlp.2,element,4,False,False,32,e4m3
53,blocks.4.attn.proj,element,2,False,False,32,e4m3
53,blocks.2.mlp.2,element,0,False,False,32,e4m3
53,blocks.0.mlp.2,element,2,False,False,32,e4m3
53,blocks.5.mlp.2,element,3,False,False,32,e4m3
53,blocks.0.mlp.2,element,4,False,False,32,e4m3
53,blocks.5.attn.qkv,element,7,False,False,32,e4m3
53,blocks.1.mlp.0,element,1,False,False,32,e4m3
53,blocks.4.attn.qkv,element,5,False,False,32,e4m3
53,blocks.1.mlp.2,element,2,False,False,32,e4m3
53,blocks.0.attn.qkv,element,0,False,False,32,e4m3
53,blocks.2.mlp.2,element,7,False,False,32,e4m3
53,blocks.1.attn.qkv,element,7,False,False,32,e4m3
53,blocks.2.mlp.2,scale,2,False,False,32,e4m3
53,blocks.4.mlp.2,element,3,False,False,32,e4m3
53,blocks.2.mlp.2,element,2,False,False,32,e4m3
53,blocks.0.mlp.2,element,6,False,False,32,e4m3
53,blocks.5.mlp.2,element,1,False,False,32,e4m3
53,blocks.0.mlp.2,element,5,False,False,32,e4m3
53,blocks.0.mlp.2,element,7,False,False,32,e4m3
53,blocks.5.mlp.0,element,7,False,False,32,e4m3
53,blocks.3.mlp.2,element,4,True,True,32,e4m3
53,blocks.5.mlp.2,element,5,False,False,32,e4m3
53,blocks.1.mlp.2,element,1,False,False,32,e4m3
53,blocks.3.mlp.2,element,7,False,False,32,e4m3
53,blocks.5.mlp.2,element,4,False,False,32,e4m3
53,blocks.2.mlp.2,element,7,False,False,32,e4m3
53,blocks.1.mlp.2,element,3,False,False,32,e4m3
53,blocks.2.attn.proj,element,0,False,False,32,e4m3
53,blocks.5.mlp.2,element,0,False,False,32,e4m3
53,blocks.3.mlp.2,element,0,False,False,32,e4m3
53,blocks.0.mlp.2,element,5,False,False,32,e4m3
53,blocks.1.mlp.2,element,4,False,False,32,e4m3
53,blocks.4.mlp.2,element,3,False,False,32,e4m3
53,blocks.2.mlp.2,element,0,False,False,32,e4m3
53,blocks.5.mlp.2,element,0,False,False,32,e4m3
53,blocks.0.mlp.0,element,3,False,False,32,e4m3
53,blocks.1.mlp.2,element,7,False,False,32,e4m3
79,blocks.2.mlp.0,element,4,False,False,32,e4m3
79,blocks.1.attn.qkv,element,2,False,False,32,e4m3
79,blocks.3.attn.qkv,element,0,False,False,32,e4m3
79,blocks.3.mlp.0,element,7,False,False,32,e4m3
79,blocks.0.mlp.0,element,5,False,False,32,e4m3
79,blocks.5.attn.proj,element,1,False,False,32,e4m3
79,blocks.0.mlp.2,element,4,False,False,32,e4m3
79,blocks.5.attn.qkv,element,0,False,False,32,e4m3
79,blocks.5.mlp.2,element,6,False,False,32,e4m3
79,blocks.1.mlp.0,element,0,False,False,32,e4m3
79,blocks.4.attn.qkv,element,5,False,False,32,e4m3
79,blocks.5.mlp.2,element,7,False,False,32,e4m3
79,blocks.5.mlp.2,element,2,False,False,32,e4m3
79,blocks.3.attn.qkv,element,7,False,False,32,e4m3
79,blocks.2.attn.qkv,element,6,False,False,32,e4m3
79,blocks.2.mlp.0,element,1,False,False,32,e4m3
79,blocks.2.mlp.2,element,4,False,False,32,e4m3
79,blocks.0.mlp.2,element,3,False,False,32,e4m3
79,blocks.5.mlp.0,scale,3,False,False,32,e4m3
79,blocks.3.mlp.2,element,6,False,False,32,e4m3
79,blocks.3.mlp.2,element,7,False,False,32,e4m3
79,blocks.2.mlp.2,element,4,False,False,32,e4m3
79,blocks.4.mlp.2,element,1,False,False,32,e4m3
79,blocks.3.mlp.2,element,3,False,False,32,e4m3
79,blocks.3.attn.qkv,element,6,False,False,32,e4m3
79,blocks.3.attn.qkv,element,1,False,False,32,e4m3
79,blocks.2.mlp.2,element,4,False,False,32,e4m3
79,blocks.5.mlp.2,element,6,False,False,32,e4m3
79,blocks.3.mlp.2,element,0,False,False,32,e4m3
79,blocks.3.mlp.0,element,6,False,False,32,e4m3
79,blocks.1.mlp.2,element,6,False,False,32,e4m3
79,blocks.1.mlp.2,element,0,False,False,32,e4m3
79,blocks.4.mlp.0,element,5,False,False,32,e4m3
79,blocks.0.attn.proj,element,6,False,False,32,e4m3
79,blocks.3.attn.qkv,element,5,False,False,32,e4m3
79,blocks.3.mlp.2,element,4,False,False,32,e4m3
79,blocks.4.attn.proj,element,6,False,False,32,e4m3
79,blocks.2.mlp.2,element,4,False,False,32,e4m3
79,blocks.0.attn.proj,element,0,False,False,32,e4m3
79,blocks.4.attn.proj,element,3,True,True,32,e4m3
21,blocks.2.mlp.2,element,6,False,False,32,e4m3
21,blocks.2.mlp.2,element,2,False,False,32,e4m3
21,blocks.5.attn.proj,element,1,False,False,32,e4m3
21,blocks.5.attn.proj,element,3,False,False,32,e4m3
21,blocks.1.mlp.0,element,1,False,False,32,e4m3
21,blocks.1.mlp.2,element,6,False,False,32,e4m3
21,blocks.3.mlp.2,element,2,False,False,32,e4m3
21,blocks.5.mlp.0,element,1,False,False,32,e4m3
21,blocks.3.mlp.2,element,3,False,False,32,e4m3
21,blocks.0.attn.proj,element,7,False,False,32,e4m3
21,blocks.5.mlp.2,element,6,False,False,32,e4m3
21,blocks.3.mlp.2,element,0,False,False,32,e4m3
21,blocks.0.mlp.2,element,6,False,False,32,e4m3
21,blocks.3.attn.proj,element,5,False,False,32,e4m3
21,blocks.4.mlp.2,element,3,False,False,32,e4m3
21,blocks.0.attn.proj,element,1,False,False,32,e4m3
21,blocks.2.mlp.0,element,6,False,False,32,e4m3
21,blocks.0.mlp.2,element,5,False,False,32,e4m3
21,blocks.4.mlp.0,element,1,False,False,32,e4m3
21,blocks.2.mlp.2,element,4,False,False,32,e4m3
21,blocks.5.mlp.2,element,3,False,False,32,e4m3
21,blocks.3.attn.qkv,element,6,False,False,32,e4m3
21,blocks.5.mlp.0,element,1,False,False,32,e4m3
21,blocks.2.mlp.0,element,6,False,False,32,e4m3
21,blocks.3.attn.qkv,element,3,False,False,32,e4m3
21,blocks.0.attn.proj,element,6,False,False,32,e4m3
21,blocks.3.mlp.2,element,3,False,False,32,e4m3
21,blocks.3.mlp.0,element,7,False,False,32,e4m3
21,blocks.1.attn.proj,element,0,False,False,32,e4m3
21,blocks.4.mlp.2,element,5,False,False,32,e4m3
21,blocks.2.attn.qkv,element,7,False,False,32,e4m3
21,blocks.5.mlp.0,element,2,False,False,32,e4m3
21,blocks.4.mlp.0,element,6,False,False,32,e4m3
21,blocks.0.mlp.2,element,1,False,False,32,e4m3
21,blocks.5.mlp.0,element,2,False,False,32,e4m3
21,blocks.5.mlp.2,element,2,False,False,32,e4m3
21,blocks.5.mlp.0,element,2,False,False,32,e4m3
21,blocks.0.mlp.2,element,7,False,False,32,e4m3
21,blocks.5.mlp.2,element,2,False,False,32,e4m3
21,blocks.4.attn.proj,element,0,False,False,32,e4m3
67,blocks.0.mlp.2,element,7,False,False,32,e4m3
67,blocks.3.mlp.2,element,5,False,False,32,e4m3
67,blocks.4.mlp.2,element,5,False,False,32,e4m3
67,blocks.3.mlp.0,element,3,False,False,32,e4m3
67,blocks.3.attn.qkv,element,5,False,False,32,e4m3
67,blocks.3.mlp.2,element,2,False,False,32,e4m3
67,blocks.4.mlp.2,element,0,False,False,32,e4m3
67,blocks.0.mlp.2,element,3,False,False,32,e4m3
67,blocks.5.attn.qkv,element,2,False,False,32,e4m3
67,patch_embed.proj,element,0,False,False,32,e4m3
67,blocks.3.attn.proj,element,5,False,False,32,e4m3
67,blocks.3.attn.proj,element,6,False,False,32,e4m3
67,blocks.0.mlp.2,element,5,False,False,32,e4m3
67,blocks.0.attn.proj,element,5,False,False,32,e4m3
67,blocks.4.attn.proj,element,0,False,False,32,e4m3
67,blocks.2.mlp.0,element,2,False,False,32,e4m3
67,blocks.3.mlp.2,element,5,False,False,32,e4m3
67,blocks.0.attn.proj,element,4,False,False,32,e4m3
67,blocks.4.mlp.2,element,5,False,False,32,e4m3
67,blocks.2.mlp.2,element,2,False,False,32,e4m3
67,blocks.4.attn.qkv,element,3,False,False,32,e4m3
67,blocks.2.mlp.0,element,5,False,False,32,e4m3
67,blocks.5.mlp.0,scale,0,False,False,32,e4m3
67,blocks.4.attn.proj,element,7,False,False,32,e4m3
67,blocks.0.attn.proj,element,2,False,False,32,e4m3
67,blocks.1.attn.proj,element,6,False,False,32,e4m3
67,blocks.5.mlp.0,element,4,False,False,32,e4m3
67,blocks.4.mlp.2,element,5,False,False,32,e4m3
67,blocks.2.attn.proj,element,4,False,False,32,e4m3
67,blocks.5.mlp.2,element,5,False,False,32,e4m3
67,blocks.5.mlp.2,element,5,False,False,32,e4m3
67,blocks.4.mlp.0,element,4,False,False,32,e4m3
67,blocks.5.attn.proj,element,2,False,False,32,e4m3
67,blocks.3.mlp.2,element,7,False,False,32,e4m3
67,blocks.2.mlp.2,element,2,False,False,32,e4m3
67,blocks.5.mlp.2,element,0,False,False,32,e4m3
67,blocks.1.mlp.2,element,2,False,False,32,e4m3
67,blocks.3.mlp.2,element,2,False,False,32,e4m3
67,blocks.1.mlp.2,element,1,False,False,32,e4m3
67,blocks.0.mlp.2,element,0,False,False,32,e4m3
18,blocks.4.mlp.2,scale,0,False,False,32,e4m3
18,blocks.5.mlp.2,element,7,False,False,32,e4m3
18,blocks.1.attn.qkv,element,2,False,False,32,e4m3
18,blocks.2.mlp.2,element,1,False,False,32,e4m3
18,blocks.3.attn.proj,element,0,False,False,32,e4m3
18,blocks.0.attn.proj,element,4,False,False,32,e4m3
18,blocks.5.attn.proj,element,3,False,False,32,e4m3
18,blocks.4.mlp.0,element,7,False,False,32,e4m3
18,blocks.4.attn.proj,element,6,False,False,32,e4m3
18,blocks.1.attn.qkv,element,5,False,False,32,e4m3
18,blocks.0.mlp.2,element,2,False,False,32,e4m3
18,blocks.3.mlp.2,element,1,False,False,32,e4m3
18,blocks.2.mlp.0,element,6,False,False,32,e4m3
18,blocks.0.mlp.2,element,4,False,False,32,e4m3
18,blocks.1.mlp.0,element,0,False,False,32,e4m3
18,blocks.2.attn.proj,element,5,False,False,32,e4m3
18,blocks.2.mlp.2,element,4,False,False,32,e4m3
18,blocks.5.attn.qkv,element,6,False,False,32,e4m3
18,blocks.4.mlp.2,element,7,False,False,32,e4m3
18,blocks.4.mlp.0,element,5,False,False,32,e4m3
18,blocks.5.mlp.2,element,7,False,False,32,e4m3
18,blocks.1.mlp.2,element,3,False,False,32,e4m3
18,blocks.5.mlp.2,element,5,False,False,32,e4m3
18,blocks.4.attn.qkv,element,1,False,False,32,e4m3
18,blocks.2.attn.proj,element,5,False,False,32,e4m3
18,blocks.3.mlp.0,element,3,False,False,32,e4m3
18,blocks.2.attn.qkv,element,0,False,False,32,e4m3
18,blocks.5.mlp.0,element,3,False,False,32,e4m3
18,blocks.0.attn.qkv,scale,0,False,False,32,e4m3
18,blocks.5.attn.qkv,element,4,False,False,32,e4m3
18,blocks.4.mlp.0,element,6,False,False,32,e4m3
18,blocks.3.mlp.0,element,5,False,False,32,e4m3
18,blocks.0.attn.proj,element,0,False,False,32,e4m3
18,blocks.4.mlp.2,element,7,False,False,32,e4m3
18,blocks.0.mlp.2,element,5,False,False,32,e4m3
18,blocks.0.mlp.2,element,6,False,False,32,e4m3
18,blocks.0.mlp.2,element,4,False,False,32,e4m3
18,blocks.5.mlp.0,element,3,False,False,32,e4m3
18,blocks.4.mlp.2,element,1,False,False,32,e4m3
18,blocks.1.mlp.0,element,6,False,False,32,e4m3
5,blocks.2.attn.qkv,element,0,False,False,32,e4m3
5,blocks.3.mlp.0,element,6,False,False,32,e4m3
5,blocks.5.mlp.2,element,5,False,False,32,e4m3
5,blocks.1.mlp.0,element,1,False,False,32,e4m3
5,blocks.1.mlp.2,element,4,False,False,32,e4m3
5,blocks.1.attn.proj,element,5,False,False,32,e4m3
5,blocks.5.mlp.0,element,0,False,False,32,e4m3
5,blocks.2.mlp.0,element,1,False,False,32,e4m3
5,blocks.2.mlp.2,element,4,False,False,32,e4m3
5,blocks.4.mlp.2,element,2,False,False,32,e4m3
5,blocks.3.attn.qkv,element,2,False,False,32,e4m3
5,blocks.5.attn.qkv,element,5,False,False,32,e4m3
5,blocks.0.mlp.2,element,1,False,False,32,e4m3
5,blocks.0.mlp.2,element,2,False,False,32,e4m3
5,blocks.2.mlp.2,element,6,False,False,32,e4m3
5,blocks.2.attn.proj,scale,3,False,False,32,e4m3
5,blocks.4.mlp.2,element,2,False,False,32,e4m3
5,blocks.0.mlp.2,element,7,False,False,32,e4m3
5,blocks.2.mlp.2,element,7,False,False,32,e4m3
5,blocks.3.mlp.2,element,6,False,False,32,e4m3
5,blocks.0.mlp.2,element,7,False,False,32,e4m3
5,blocks.1.mlp.2,element,5,False,False,32,e4m3
5,blocks.1.mlp.2,element,6,False,False,32,e4m3
5,blocks.4.mlp.0,element,2,False,False,32,e4m3
5,blocks.4.attn.proj,element,1,False,False,32,e4m3
5,blocks.4.mlp.2,element,1,False,False,32,e4m3
5,blocks.1.mlp.2,element,0,False,False,32,e4m3
5,blocks.1.mlp.2,element,5,False,False,32,e4m3
5,blocks.0.attn.proj,element,2,False,False,32,e4m3
5,blocks.0.attn.qkv,element,5,False,False,32,e4m3
5,blocks.3.attn.qkv,element,7,False,False,32,e4m3
5,blocks.2.mlp.2,element,0,False,False,32,e4m3
5,blocks.2.attn.qkv,element,6,False,False,32,e4m3
5,blocks.2.attn.proj,element,0,False,False,32,e4m3
5,blocks.3.attn.proj,element,6,False,False,32,e4m3
5,blocks.0.mlp.0,element,4,False,False,32,e4m3
5,blocks.4.mlp.2,element,4,False,False,32,e4m3
5,blocks.0.mlp.2,element,3,False,False,32,e4m3
5,blocks.4.attn.qkv,element,5,False,False,32,e4m3
5,blocks.0.mlp.2,element,3,False,False,32,e4m3
0,blocks.1.mlp.2,element,5,False,False,32,e4m3
0,blocks.3.attn.proj,element,2,False,False,32,e4m3
0,blocks.3.mlp.2,element,1,False,False,32,e4m3
0,blocks.2.attn.qkv,element,3,False,False,32,e4m3
0,blocks.2.mlp.0,scale,0,False,False,32,e4m3
0,blocks.4.mlp.0,element,2,False,False,32,e4m3
0,blocks.1.mlp.0,element,3,False,False,32,e4m3
0,blocks.3.mlp.2,element,3,False,False,32,e4m3
0,blocks.1.attn.proj,element,2,False,False,32,e4m3
0,blocks.3.attn.proj,element,7,False,False,32,e4m3
0,blocks.3.attn.qkv,element,4,False,False,32,e4m3
0,blocks.4.mlp.2,element,0,False,False,32,e4m3
0,blocks.3.mlp.2,element,2,False,False,32,e4m3
0,blocks.0.mlp.2,element,2,False,False,32,e4m3
0,blocks.1.mlp.2,element,4,False,False,32,e4m3
0,blocks.2.mlp.2,element,2,False,False,32,e4m3
0,blocks.0.mlp.2,element,1,False,False,32,e4m3
0,blocks.5.mlp.2,element,4,False,False,32,e4m3
0,blocks.5.mlp.2,element,2,False,False,32,e4m3
0,blocks.0.attn.proj,element,6,False,False,32,e4m3
0,blocks.4.attn.proj,element,6,False,False,32,e4m3
0,blocks.0.mlp.0,element,4,False,False,32,e4m3
0,blocks.2.attn.qkv,element,0,False,False,32,e4m3
0,blocks.5.mlp.0,element,1,False,False,32,e4m3
0,blocks.2.mlp.2,element,3,False,False,32,e4m3
0,blocks.2.mlp.2,element,6,False,False,32,e4m3
0,blocks.5.mlp.2,element,4,False,False,32,e4m3
0,blocks.5.mlp.2,element,0,False,False,32,e4m3
0,blocks.4.mlp.2,element,0,False,False,32,e4m3
0,blocks.2.mlp.2,element,5,False,False,32,e4m3
0,blocks.3.attn.proj,element,0,False,False,32,e4m3
0,blocks.3.mlp.2,element,4,False,False,32,e4m3
0,blocks.0.mlp.2,element,4,False,False,32,e4m3
0,blocks.2.mlp.2,element,4,False,False,32,e4m3
0,blocks.2.mlp.2,element,0,False,False,32,e4m3
0,blocks.3.mlp.2,element,3,False,False,32,e4m3
0,blocks.5.mlp.2,element,4,False,False,32,e4m3
0,blocks.3.mlp.0,element,3,False,False,32,e4m3
0,blocks.1.mlp.2,element,1,False,False,32,e4m3
0,blocks.4.mlp.0,element,4,False,False,32,e4m3
69,blocks.3.mlp.2,element,2,False,False,32,e4m3
69,blocks.1.mlp.2,element,7,False,False,32,e4m3
69,blocks.1.mlp.2,element,3,False,False,32,e4m3
69,blocks.4.mlp.2,element,5,False,False,32,e4m3
69,blocks.3.mlp.0,element,3,False,False,32,e4m3
69,blocks.3.attn.qkv,element,3,False,False,32,e4m3
69,blocks.2.mlp.2,element,7,False,False,32,e4m3
69,blocks.5.attn.qkv,element,1,False,False,32,e4m3
69,blocks.0.mlp.2,element,6,False,False,32,e4m3
69,blocks.3.attn.qkv,element,3,True,True,32,e4m3
69,blocks.0.mlp.2,element,2,False,False,32,e4m3
69,blocks.5.attn.qkv,element,1,False,False,32,e4m3
69,blocks.3.mlp.0,element,2,False,False,32,e4m3
69,blocks.4.attn.qkv,element,7,False,False,32,e4m3
69,blocks.1.mlp.2,element,1,False,False,32,e4m3
69,blocks.2.mlp.0,element,3,False,False,32,e4m3
69,blocks.1.attn.qkv,element,1,False,False,32,e4m3
69,blocks.3.mlp.2,element,7,False,False,32,e4m3
69,blocks.3.mlp.2,element,1,False,False,32,e4m3
69,blocks.5.mlp.2,element,4,False,False,32,e4m3
69,blocks.0.mlp.2,element,0,False,False,32,e4m3
69,blocks.4.mlp.2,scale,6,False,False,32,e4m3
69,blocks.4.attn.qkv,element,2,False,False,32,e4m3
69,blocks.1.attn.qkv,element,6,False,False,32,e4m3
69,blocks.0.mlp.2,element,2,False,False,32,e4m3
69,blocks.5.mlp.2,element,6,False,False,32,e4m3
69,blocks.4.mlp.2,element,4,False,False,32,e4m3
69,blocks.5.attn.qkv,element,2,False,False,32,e4m3
69,blocks.3.mlp.2,element,6,False,False,32,e4m3
69,blocks.0.mlp.2,element,6,False,False,32,e4m3
69,blocks.1.mlp.2,element,0,False,False,32,e4m3
69,blocks.0.attn.qkv,element,0,False,False,32,e4m3
69,blocks.5.mlp.0,element,4,False,False,32,e4m3
69,blocks.3.mlp.2,element,6,False,False,32,e4m3
69,blocks.1.attn.proj,element,7,False,False,32,e4m3
69,blocks.2.mlp.2,element,5,False,False,32,e4m3
69,blocks.4.mlp.2,element,1,False,False,32,e4m3
69,blocks.5.mlp.2,element,4,False,False,32,e4m3
69,blocks.4.mlp.2,element,5,False,False,32,e4m3
69,blocks.0.attn.qkv,element,5,False,False,32,e4m3
31,blocks.2.mlp.0,element,1,False,False,32,e4m3
31,blocks.3.mlp.2,element,0,False,False,32,e4m3
31,blocks.4.attn.qkv,element,0,False,False,32,e4m3
31,blocks.0.mlp.2,element,2,False,False,32,e4m3
31,blocks.3.mlp.2,element,3,False,False,32,e4m3
31,blocks.2.mlp.2,scale,1,False,False,32,e4m3
31,blocks.5.attn.proj,element,5,False,False,32,e4m3
31,blocks.3.mlp.0,element,4,False,False,32,e4m3
31,blocks.4.mlp.2,element,1,False,False,32,e4m3
31,blocks.5.mlp.2,element,3,False,False,32,e4m3
31,patch_embed.proj,element,6,False,False,32,e4m3
31,blocks.5.attn.proj,element,2,False,False,32,e4m3
31,blocks.5.mlp.2,element,3,False,False,32,e4m3
31,blocks.5.mlp.2,element,3,False,False,32,e4m3
31,blocks.0.attn.qkv,element,4,False,False,32,e4m3
31,blocks.3.attn.qkv,element,1,False,False,32,e4m3
31,blocks.3.attn.qkv,element,7,False,False,32,e4m3
31,blocks.5.mlp.2,element,2,False,False,32,e4m3
31,blocks.4.mlp.2,element,4,False,False,32,e4m3
31,blocks.2.mlp.2,element,2,False,False,32,e4m3
31,blocks.0.attn.qkv,element,5,False,False,32,e4m3
31,blocks.5.mlp.2,element,0,False,False,32,e4m3
31,blocks.2.mlp.2,element,3,False,False,32,e4m3
31,blocks.4.mlp.2,element,7,False,False,32,e4m3
31,blocks.3.mlp.2,element,2,False,False,32,e4m3
31,blocks.1.attn.qkv,element,6,False,False,32,e4m3
31,blocks.1.mlp.2,element,7,False,False,32,e4m3
31,blocks.5.mlp.2,element,6,False,False,32,e4m3
31,blocks.3.attn.proj,element,7,False,False,32,e4m3
31,blocks.3.mlp.2,element,4,False,False,32,e4m3
31,blocks.5.mlp.2,element,4,False,False,32,e4m3
31,blocks.1.mlp.0,element,6,False,False,32,e4m3
31,blocks.3.attn.proj,element,7,False,False,32,e4m3
31,blocks.1.attn.proj,element,3,False,False,32,e4m3
31,blocks.2.mlp.0,element,3,False,False,32,e4m3
31,blocks.2.mlp.2,element,7,False,False,32,e4m3
31,blocks.5.mlp.2,element,3,False,False,32,e4m3
31,blocks.4.mlp.0,element,3,False,False,32,e4m3
31,blocks.4.mlp.0,element,6,False,False,32,e4m3
31,blocks.1.mlp.2,element,7,False,False,32,e4m3
93,blocks.4.mlp.2,element,5,False,False,32,e4m3
93,blocks.4.mlp.0,element,2,False,False,32,e4m3
93,blocks.0.mlp.2,element,7,False,False,32,e4m3
93,blocks.0.attn.proj,element,1,False,False,32,e4m3
93,blocks.5.attn.qkv,element,6,False,False,32,e4m3
93,blocks.2.mlp.0,element,2,False,False,32,e4m3
93,blocks.2.mlp.2,element,6,False,False,32,e4m3
93,blocks.3.mlp.2,element,6,False,False,32,e4m3
93,blocks.2.attn.qkv,element,7,False,False,32,e4m3
93,blocks.4.mlp.2,element,7,False,False,32,e4m3
93,blocks.1.mlp.0,element,2,False,False,32,e4m3
93,blocks.4.mlp.2,element,0,False,False,32,e4m3
93,blocks.5.mlp.2,element,5,False,False,32,e4m3
93,blocks.5.attn.qkv,element,5,False,False,32,e4m3
93,blocks.4.mlp.2,element,6,False,False,32,e4m3
93,blocks.2.mlp.2,element,2,False,False,32,e4m3
93,blocks.1.mlp.2,scale,7,True,True,32,e4m3
93,blocks.3.attn.qkv,element,0,False,False,32,e4m3
93,blocks.0.mlp.2,element,4,False,False,32,e4m3
93,blocks.1.mlp.2,element,0,False,False,32,e4m3
93,blocks.0.mlp.2,element,0,False,False,32,e4m3
93,blocks.3.attn.proj,element,7,False,False,32,e4m3
93,blocks.2.mlp.2,element,5,False,False,32,e4m3
93,blocks.0.mlp.2,element,3,False,False,32,e4m3
93,blocks.0.mlp.2,element,0,False,False,32,e4m3
93,blocks.2.mlp.2,element,5,False,False,32,e4m3
93,blocks.0.mlp.2,element,0,False,False,32,e4m3
93,blocks.3.attn.proj,element,6,False,False,32,e4m3
93,blocks.5.mlp.2,element,4,False,False,32,e4m3
93,blocks.1.mlp.2,element,6,False,False,32,e4m3
93,blocks.1.attn.qkv,element,3,False,False,32,e4m3
93,blocks.5.mlp.2,element,2,False,False,32,e4m3
93,blocks.5.mlp.2,element,6,False,False,32,e4m3
93,blocks.1.mlp.0,scale,0,False,False,32,e4m3
93,blocks.1.attn.qkv,element,7,False,False,32,e4m3
93,blocks.3.mlp.0,element,0,False,False,32,e4m3
93,blocks.2.attn.qkv,element,0,False,False,32,e4m3
93,blocks.5.mlp.2,element,6,False,False,32,e4m3
93,blocks.2.mlp.2,element,4,False,False,32,e4m3
93,blocks.0.attn.qkv,element,6,False,False,32,e4m3
97,blocks.1.mlp.2,element,6,False,False,32,e4m3
97,blocks.4.mlp.2,element,5,False,False,32,e4m3
97,blocks.5.mlp.0,element,3,False,False,32,e4m3
97,blocks.1.attn.proj,element,1,True,True,32,e4m3
97,blocks.0.mlp.2,element,2,False,False,32,e4m3
97,blocks.5.mlp.0,element,0,False,False,32,e4m3
97,blocks.4.attn.proj,element,4,False,False,32,e4m3
97,blocks.4.mlp.2,element,3,False,False,32,e4m3
97,blocks.5.attn.proj,element,2,False,False,32,e4m3
97,blocks.4.mlp.0,element,5,False,False,32,e4m3
97,blocks.5.mlp.2,element,2,False,False,32,e4m3
97,blocks.1.mlp.2,element,1,False,False,32,e4m3
97,blocks.5.attn.proj,element,1,False,False,32,e4m3
97,blocks.0.attn.proj,element,0,False,False,32,e4m3
97,blocks.1.mlp.2,element,0,False,False,32,e4m3
97,blocks.1.mlp.2,element,0,False,False,32,e4m3
97,patch_embed.proj,scale,1,False,False,32,e4m3
97,blocks.1.mlp.0,element,3,False,False,32,e4m3
97,blocks.5.attn.proj,element,6,False,False,32,e4m3
97,blocks.4.mlp.2,element,1,False,False,32,e4m3
97,blocks.2.mlp.2,element,7,False,False,32,e4m3
97,blocks.3.attn.qkv,element,6,False,False,32,e4m3
97,blocks.4.mlp.0,element,1,False,False,32,e4m3
97,blocks.4.attn.qkv,element,6,False,False,32,e4m3
97,blocks.3.attn.qkv,element,0,False,False,32,e4m3
97,blocks.4.mlp.0,element,5,False,False,32,e4m3
97,blocks.3.mlp.2,element,7,False,False,32,e4m3
97,blocks.1.attn.proj,element,4,False,False,32,e4m3
97,blocks.5.mlp.2,element,2,False,False,32,e4m3
97,blocks.2.attn.proj,element,6,False,False,32,e4m3
97,blocks.2.mlp.0,scale,0,False,False,32,e4m3
97,blocks.0.mlp.2,scale,5,False,False,32,e4m3
97,blocks.1.attn.proj,element,1,False,False,32,e4m3
97,blocks.2.mlp.0,element,0,False,False,32,e4m3
97,blocks.5.mlp.2,element,0,False,False,32,e4m3
97,blocks.4.mlp.2,element,0,False,False,32,e4m3
97,blocks.3.mlp.2,element,4,False,False,32,e4m3
97,blocks.3.mlp.2,element,6,False,False,32,e4m3
97,blocks.4.attn.proj,element,6,False,False,32,e4m3
97,blocks.2.mlp.2,element,3,False,False,32,e4m3
27,blocks.0.mlp.2,element,1,False,False,32,e4m3
27,blocks.0.mlp.2,element,4,False,False,32,e4m3
27,blocks.3.attn.qkv,element,6,False,False,32,e4m3
27,blocks.1.mlp.2,element,5,False,False,32,e4m3
27,blocks.4.mlp.2,element,5,False,False,32,e4m3
27,blocks.2.mlp.2,element,6,False,False,32,e4m3
27,blocks.1.attn.proj,element,4,False,False,32,e4m3
27,blocks.0.mlp.2,element,4,False,False,32,e4m3
27,blocks.3.mlp.2,element,1,False,False,32,e4m3
27,blocks.2.mlp.2,element,1,False,False,32,e4m3
27,blocks.1.attn.qkv,element,5,False,False,32,e4m3
27,blocks.0.attn.qkv,element,5,False,False,32,e4m3
27,blocks.3.mlp.2,element,7,False,False,32,e4m3
27,blocks.2.mlp.2,element,5,False,False,32,e4m3
27,blocks.4.attn.proj,element,1,False,False,32,e4m3
27,blocks.4.attn.proj,element,5,False,False,32,e4m3
27,blocks.0.mlp.2,element,6,False,False,32,e4m3
27,blocks.2.mlp.2,element,0,False,False,32,e4m3
27,blocks.3.attn.proj,element,4,False,False,32,e4m3
27,blocks.3.attn.qkv,element,5,False,False,32,e4m3
27,blocks.1.mlp.2,element,6,False,False,32,e4m3
27,blocks.2.attn.proj,element,4,False,False,32,e4m3
27,blocks.2.mlp.0,element,5,False,False,32,e4m3
27,blocks.1.mlp.2,element,3,False,False,32,e4m3
27,blocks.2.mlp.2,element,6,False,False,32,e4m3
27,blocks.0.mlp.2,element,3,False,False,32,e4m3
27,blocks.0.mlp.2,element,3,False,False,32,e4m3
27,blocks.2.mlp.0,scale,4,False,False,32,e4m3
27,blocks.3.mlp.2,element,5,False,False,32,e4m3
27,blocks.1.attn.qkv,element,5,False,False,32,e4m3
27,blocks.0.mlp.2,element,7,False,False,32,e4m3
27,blocks.0.mlp.2,element,7,False,False,32,e4m3
27,blocks.2.mlp.2,element,1,False,False,32,e4m3
27,blocks.4.attn.qkv,element,7,False,False,32,e4m3
27,blocks.3.attn.proj,element,6,False,False,32,e4m3
27,blocks.0.attn.proj,element,3,False,False,32,e4m3
27,blocks.5.mlp.0,element,1,False,False,32,e4m3
27,blocks.2.attn.proj,element,7,False,False,32,e4m3
27,blocks.5.mlp.2,element,0,False,False,32,e4m3
27,patch_embed.proj,element,6,False,False,32,e4m3
58,blocks.2.mlp.2,element,0,False,False,32,e4m3
58,blocks.5.mlp.0,element,6,False,False,32,e4m3
58,blocks.1.mlp.2,element,3,False,False,32,e4m3
58,blocks.3.mlp.2,element,3,False,False,32,e4m3
58,blocks.1.mlp.2,element,6,False,False,32,e4m3
58,blocks.3.mlp.2,element,4,False,False,32,e4m3
58,blocks.0.mlp.2,element,0,False,False,32,e4m3
58,blocks.2.mlp.2,element,4,False,False,32,e4m3
58,blocks.1.mlp.2,element,1,False,False,32,e4m3
58,blocks.4.mlp.2,element,0,False,False,32,e4m3
58,blocks.2.mlp.2,element,5,False,False,32,e4m3
58,blocks.0.mlp.2,element,7,False,False,32,e4m3
58,blocks.5.mlp.2,element,4,False,False,32,e4m3
58,blocks.4.mlp.2,element,3,False,False,32,e4m3
58,blocks.0.attn.proj,element,6,False,False,32,e4m3
58,blocks.0.mlp.2,element,7,False,False,32,e4m3
58,blocks.5.attn.proj,element,7,False,False,32,e4m3
58,blocks.0.mlp.2,element,2,False,False,32,e4m3
58,blocks.0.mlp.2,element,5,False,False,32,e4m3
58,blocks.4.mlp.2,element,2,False,False,32,e4m3
58,blocks.3.mlp.2,element,2,False,False,32,e4m3
58,blocks.4.attn.proj,element,3,False,False,32,e4m3
58,blocks.3.mlp.0,element,1,False,False,32,e4m3
58,blocks.0.mlp.2,element,5,False,False,32,e4m3
58,blocks.2.mlp.2,element,6,False,False,32,e4m3
58,blocks.0.attn.qkv,element,6,False,False,32,e4m3
58,blocks.0.attn.qkv,element,7,False,False,32,e4m3
58,blocks.2.mlp.2,element,4,False,False,32,e4m3
58,blocks.0.mlp.2,element,5,False,False,32,e4m3
58,blocks.1.mlp.2,element,5,False,False,32,e4m3
58,blocks.1.mlp.2,element,0,False,False,32,e4m3
58,blocks.5.mlp.0,element,1,False,False,32,e4m3
58,blocks.0.mlp.2,element,2,False,False,32,e4m3
58,blocks.3.mlp.2,element,4,False,False,32,e4m3
58,blocks.3.attn.proj,element,3,False,False,32,e4m3
58,blocks.1.mlp.2,element,3,False,False,32,e4m3
58,blocks.4.attn.proj,element,4,False,False,32,e4m3
58,blocks.4.mlp.0,element,4,False,False,32,e4m3
58,blocks.0.mlp.2,element,0,False,False,32,e4m3
58,blocks.1.mlp.2,element,7,False,False,32,e4m3
70,blocks.5.attn.qkv,element,1,False,False,32,e4m3
70,blocks.0.attn.qkv,element,3,False,False,32,e4m3
70,blocks.3.attn.qkv,scale,2,False,False,32,e4m3
70,blocks.5.mlp.2,element,2,False,False,32,e4m3
70,blocks.3.attn.proj,element,0,False,False,32,e4m3
70,blocks.0.mlp.2,element,5,False,False,32,e4m3
70,blocks.5.mlp.2,element,7,False,False,32,e4m3
70,blocks.5.attn.proj,element,5,False,False,32,e4m3
70,blocks.5.attn.proj,scale,4,False,False,32,e4m3
70,blocks.0.attn.proj,element,0,False,False,32,e4m3
70,blocks.2.mlp.2,element,4,False,False,32,e4m3
70,blocks.0.mlp.2,element,7,False,False,32,e4m3
70,blocks.2.mlp.2,element,1,False,False,32,e4m3
70,blocks.1.mlp.2,element,7,False,False,32,e4m3
70,blocks.3.mlp.2,element,0,False,False,32,e4m3
70,blocks.3.attn.proj,element,4,False,False,32,e4m3
70,blocks.2.attn.qkv,element,2,False,False,32,e4m3
70,blocks.4.attn.proj,element,2,False,False,32,e4m3
70,blocks.4.mlp.2,element,0,False,False,32,e4m3
70,blocks.1.attn.qkv,scale,7,True,True,32,e4m3
70,blocks.4.mlp.2,element,7,False,False,32,e4m3
70,blocks.0.mlp.0,element,6,False,False,32,e4m3
70,blocks.0.mlp.2,element,1,False,False,32,e4m3
70,blocks.4.mlp.2,element,4,False,False,32,e4m3
70,blocks.0.mlp.0,element,1,False,False,32,e4m3
70,blocks.5.attn.proj,element,1,False,False,32,e4m3
70,blocks.2.mlp.2,element,0,False,False,32,e4m3
70,blocks.2.attn.qkv,element,5,False,False,32,e4m3
70,blocks.5.mlp.2,element,0,False,False,32,e4m3
70,blocks.4.mlp.2,element,1,False,False,32,e4m3
70,blocks.2.attn.proj,element,6,False,False,32,e4m3
70,blocks.5.mlp.2,element,5,False,False,32,e4m3
70,blocks.3.mlp.2,element,5,False,False,32,e4m3
70,blocks.1.mlp.2,element,3,False,False,32,e4m3
70,blocks.3.mlp.2,element,6,False,False,32,e4m3
70,blocks.4.mlp.2,element,3,False,False,32,e4m3
70,blocks.3.attn.proj,element,4,False,False,32,e4m3
70,blocks.4.attn.qkv,element,7,False,False,32,e4m3
70,blocks.0.mlp.2,element,6,False,False,32,e4m3
70,blocks.1.mlp.2,element,5,False,False,32,e4m3
77,blocks.1.mlp.2,element,5,False,False,32,e4m3
77,blocks.4.attn.qkv,element,2,False,False,32,e4m3
77,blocks.3.attn.qkv,element,5,False,False,32,e4m3
77,blocks.1.mlp.2,element,5,False,False,32,e4m3
77,blocks.0.mlp.2,element,0,False,False,32,e4m3
77,blocks.2.mlp.2,element,1,False,False,32,e4m3
77,blocks.2.mlp.2,element,1,False,False,32,e4m3
77,blocks.3.mlp.2,element,1,False,False,32,e4m3
77,blocks.5.attn.proj,element,4,False,False,32,e4m3
77,blocks.3.mlp.2,element,2,False,False,32,e4m3
77,blocks.4.mlp.2,element,2,False,False,32,e4m3
77,blocks.2.mlp.2,element,4,False,False,32,e4m3
77,blocks.2.mlp.2,element,7,False,False,32,e4m3
77,blocks.0.mlp.2,element,0,False,False,32,e4m3
77,blocks.4.attn.qkv,element,4,False,False,32,e4m3
77,blocks.1.mlp.2,element,4,False,False,32,e4m3
77,blocks.4.attn.qkv,element,1,False,False,32,e4m3
77,blocks.2.mlp.2,element,5,False,False,32,e4m3
77,blocks.5.mlp.2,element,1,False,False,32,e4m3
77,blocks.5.mlp.0,element,7,False,False,32,e4m3
77,blocks.5.mlp.2,element,3,False,False,32,e4m3
77,blocks.2.attn.proj,element,6,False,False,32,e4m3
77,blocks.4.attn.qkv,element,6,False,False,32,e4m3
77,blocks.2.mlp.0,element,4,False,False,32,e4m3
77,blocks.3.mlp.0,scale,0,False,False,32,e4m3
77,blocks.0.attn.qkv,element,5,False,False,32,e4m3
77,blocks.4.attn.proj,element,3,False,False,32,e4m3
77,blocks.5.mlp.2,element,7,False,False,32,e4m3
77,blocks.1.mlp.2,element,5,False,False,32,e4m3
77,blocks.1.mlp.2,element,1,False,False,32,e4m3
77,blocks.0.mlp.2,element,1,False,False,32,e4m3
77,blocks.3.attn.proj,element,5,False,False,32,e4m3
77,blocks.2.mlp.0,element,7,False,False,32,e4m3
77,blocks.5.attn.proj,element,3,False,False,32,e4m3
77,blocks.1.mlp.0,element,1,False,False,32,e4m3
77,blocks.3.attn.qkv,element,3,False,False,32,e4m3
77,blocks.4.attn.proj,element,5,False,False,32,e4m3
77,blocks.2.mlp.0,element,7,False,False,32,e4m3
77,blocks.5.mlp.2,element,2,False,False,32,e4m3
77,blocks.4.attn.proj,element,1,False,False,32,e4m3
63,blocks.5.mlp.2,element,3,False,False,32,e4m3
63,blocks.2.mlp.2,element,0,False,False,32,e4m3
63,blocks.2.attn.proj,element,3,False,False,32,e4m3
63,blocks.3.mlp.2,element,4,False,False,32,e4m3
63,blocks.3.mlp.2,element,6,False,False,32,e4m3
63,blocks.5.mlp.2,scale,5,False,False,32,e4m3
63,blocks.3.mlp.2,element,6,False,False,32,e4m3
63,blocks.3.mlp.2,element,0,False,False,32,e4m3
63,blocks.1.mlp.2,element,2,False,False,32,e4m3
63,blocks.3.mlp.0,element,6,False,False,32,e4m3
63,patch_embed.proj,element,3,False,False,32,e4m3
63,blocks.2.mlp.2,element,4,False,False,32,e4m3
63,blocks.0.attn.qkv,element,0,False,False,32,e4m3
63,blocks.4.attn.proj,element,0,True,True,32,e4m3
63,blocks.2.attn.proj,element,2,False,False,32,e4m3
63,blocks.5.mlp.0,element,1,False,False,32,e4m3
63,blocks.2.mlp.2,element,0,False,False,32,e4m3
63,blocks.1.mlp.2,element,6,False,False,32,e4m3
63,blocks.2.attn.qkv,element,1,False,False,32,e4m3
63,blocks.4.mlp.2,element,4,False,False,32,e4m3
63,blocks.2.attn.qkv,element,7,False,False,32,e4m3
63,blocks.3.mlp.2,element,6,False,False,32,e4m3
63,blocks.4.mlp.2,element,1,False,False,32,e4m3
63,blocks.1.mlp.2,element,7,False,False,32,e4m3
63,blocks.2.attn.proj,element,2,False,False,32,e4m3
63,blocks.3.attn.proj,element,6,False,False,32,e4m3
63,blocks.3.mlp.0,element,4,False,False,32,e4m3
63,blocks.3.mlp.2,element,5,False,False,32,e4m3
63,blocks.2.attn.proj,element,3,False,False,32,e4m3
63,blocks.2.mlp.2,element,0,False,False,32,e4m3
63,blocks.3.attn.qkv,element,3,False,False,32,e4m3
63,blocks.1.mlp.2,element,2,False,False,32,e4m3
63,blocks.1.attn.qkv,element,4,False,False,32,e4m3
63,blocks.3.mlp.2,element,6,False,False,32,e4m3
63,blocks.0.mlp.0,element,4,True,True,32,e4m3
63,blocks.1.mlp.2,element,0,False,False,32,e4m3
63,blocks.2.attn.proj,element,2,False,False,32,e4m3
63,blocks.3.mlp.2,element,3,False,False,32,e4m3
63,blocks.1.mlp.2,element,3,False,False,32,e4m3
63,blocks.0.mlp.0,element,5,False,False,32,e4m3
46,blocks.3.mlp.0,element,5,False,False,32,e4m3
46,blocks.3.mlp.2,element,4,False,False,32,e4m3
46,blocks.0.attn.qkv,element,1,False,False,32,e4m3
46,blocks.1.attn.qkv,element,2,False,False,32,e4m3
46,blocks.0.attn.proj,element,3,False,False,32,e4m3
46,blocks.5.mlp.2,element,4,False,False,32,e4m3
46,blocks.1.mlp.2,element,5,False,False,32,e4m3
46,blocks.2.mlp.2,element,1,False,False,32,e4m3
46,blocks.0.mlp.2,element,6,False,False,32,e4m3
46,blocks.5.mlp.2,element,4,False,False,32,e4m3
46,blocks.5.attn.proj,element,5,False,False,32,e4m3
46,blocks.0.mlp.2,element,1,False,False,32,e4m3
46,blocks.3.attn.proj,element,1,False,False,32,e4m3
46,blocks.0.attn.proj,element,4,False,False,32,e4m3
46,blocks.1.mlp.2,element,6,False,False,32,e4m3
46,blocks.3.attn.qkv,element,0,False,False,32,e4m3
46,blocks.5.mlp.0,element,7,False,False,32,e4m3
46,blocks.0.attn.proj,element,3,False,False,32,e4m3
46,blocks.5.mlp.2,element,2,False,False,32,e4m3
46,blocks.3.mlp.2,element,7,False,False,32,e4m3
46,blocks.4.mlp.2,element,7,False,False,32,e4m3
46,blocks.3.mlp.2,scale,3,False,False,32,e4m3
46,blocks.0.mlp.2,element,1,False,False,32,e4m3
46,blocks.1.attn.qkv,element,2,False,False,32,e4m3
46,blocks.2.mlp.2,element,6,False,False,32,e4m3
46,blocks.3.mlp.0,element,1,False,False,32,e4m3
46,blocks.5.mlp.2,element,1,False,False,32,e4m3
46,blocks.0.attn.qkv,element,7,False,False,32,e4m3
46,blocks.2.mlp.2,element,6,False,False,32,e4m3
46,blocks.5.mlp.2,element,3,False,False,32,e4m3
46,blocks.2.attn.proj,element,4,False,False,32,e4m3
46,blocks.3.mlp.2,element,0,False,False,32,e4m3
46,blocks.2.mlp.0,element,5,False,False,32,e4m3
46,patch_embed.proj,scale,0,False,False,32,e4m3
46,blocks.3.mlp.0,element,1,False,False,32,e4m3
46,blocks.3.mlp.2,element,1,False,False,32,e4m3
46,blocks.0.attn.qkv,element,3,False,False,32,e4m3
46,blocks.0.mlp.2,element,7,False,False,32,e4m3
46,blocks.2.mlp.2,element,1,False,False,32,e4m3
46,blocks.1.mlp.2,element,4,False,False,32,e4m3
4,blocks.1.attn.proj,element,0,False,False,32,e4m3
4,blocks.3.mlp.2,element,3,False,False,32,e4m3
4,blocks.1.mlp.2,element,3,False,False,32,e4m3
4,blocks.1.mlp.2,element,3,False,False,32,e4m3
4,blocks.4.mlp.2,element,6,False,False,32,e4m3
4,blocks.3.attn.qkv,element,1,False,False,32,e4m3
4,blocks.4.mlp.2,element,5,False,False,32,e4m3
4,blocks.1.mlp.2,element,6,False,False,32,e4m3
4,blocks.0.mlp.2,element,7,False,False,32,e4m3
4,blocks.3.mlp.2,element,5,False,False,32,e4m3
4,blocks.0.mlp.2,element,1,False,False,32,e4m3
4,blocks.4.mlp.2,element,1,False,False,32,e4m3
4,blocks.1.mlp.2,element,3,False,False,32,e4m3
4,blocks.3.mlp.2,element,5,False,False,32,e4m3
4,blocks.0.attn.qkv,element,4,False,False,32,e4m3
4,blocks.3.mlp.0,element,6,False,False,32,e4m3
4,blocks.0.attn.qkv,element,1,True,True,32,e4m3
4,blocks.5.mlp.2,element,3,False,False,32,e4m3
4,blocks.1.attn.qkv,scale,0,False,False,32,e4m3
4,blocks.2.mlp.2,element,1,False,False,32,e4m3
4,blocks.3.attn.proj,element,1,False,False,32,e4m3
4,blocks.3.mlp.2,element,2,False,False,32,e4m3
4,blocks.5.attn.qkv,element,1,False,False,32,e4m3
4,blocks.1.mlp.2,element,0,False,False,32,e4m3
4,blocks.5.attn.qkv,element,3,False,False,32,e4m3
4,blocks.1.mlp.2,element,6,False,False,32,e4m3
4,blocks.2.attn.proj,scale,3,False,False,32,e4m3
4,blocks.0.mlp.2,element,7,False,False,32,e4m3
4,blocks.0.mlp.2,element,7,False,False,32,e4m3
4,blocks.4.attn.qkv,element,5,False,False,32,e4m3
4,blocks.4.mlp.0,element,7,False,False,32,e4m3
4,blocks.4.mlp.0,element,5,False,False,32,e4m3
4,blocks.2.mlp.0,element,3,False,False,32,e4m3
4,blocks.5.attn.qkv,element,4,False,False,32,e4m3
4,blocks.5.mlp.2,element,5,False,False,32,e4m3
4,blocks.0.mlp.2,element,1,False,False,32,e4m3
4,blocks.3.mlp.2,element,7,False,False,32,e4m3
4,patch_embed.proj,element,7,False,False,32,e4m3
4,blocks.5.mlp.2,element,1,False,False,32,e4m3
4,blocks.2.mlp.2,element,6,False,False,32,e4m3
19,blocks.4.mlp.0,element,6,False,False,32,e4m3
19,blocks.3.mlp.2,element,2,False,False,32,e4m3
19,blocks.3.mlp.2,element,3,False,False,32,e4m3
19,blocks.5.mlp.2,element,7,False,False,32,e4m3
19,blocks.0.mlp.0,element,6,False,False,32,e4m3
19,blocks.5.mlp.2,element,7,False,False,32,e4m3
19,blocks.0.mlp.0,element,7,False,False,32,e4m3
19,blocks.2.mlp.2,element,5,False,False,32,e4m3
19,blocks.0.mlp.0,element,1,False,False,32,e4m3
19,blocks.3.mlp.2,element,3,False,False,32,e4m3
19,blocks.3.mlp.2,element,0,False,False,32,e4m3
19,blocks.5.mlp.2,element,0,False,False,32,e4m3
19,blocks.3.mlp.2,element,4,False,False,32,e4m3
19,blocks.1.mlp.2,element,2,False,False,32,e4m3
19,blocks.3.mlp.2,element,6,False,False,32,e4m3
19,blocks.0.mlp.0,element,6,False,False,32,e4m3
19,blocks.5.mlp.2,element,0,False,False,32,e4m3
19,blocks.1.mlp.0,element,0,False,False,32,e4m3
19,blocks.2.mlp.2,element,7,False,False,32,e4m3
19,blocks.0.attn.qkv,element,3,False,False,32,e4m3
19,blocks.4.mlp.2,element,5,False,False,32,e4m3
19,blocks.1.attn.proj,element,1,False,False,32,e4m3
19,blocks.1.mlp.2,element,3,False,False,32,e4m3
19,blocks.1.mlp.0,element,0,False,False,32,e4m3
19,blocks.1.attn.qkv,element,0,False,False,32,e4m3
19,blocks.5.mlp.2,element,1,False,False,32,e4m3
19,blocks.4.mlp.2,element,3,False,False,32,e4m3
19,blocks.5.mlp.2,element,3,False,False,32,e4m3
19,blocks.4.mlp.2,scale,3,False,False,32,e4m3
19,blocks.5.mlp.2,element,4,False,False,32,e4m3
19,blocks.5.mlp.0,element,1,False,False,32,e4m3
19,blocks.5.mlp.2,element,4,False,False,32,e4m3
19,blocks.1.mlp.2,element,3,False,False,32,e4m3
19,blocks.0.mlp.2,element,0,False,False,32,e4m3
19,blocks.4.mlp.2,element,0,False,False,32,e4m3
19,blocks.1.mlp.2,element,0,False,False,32,e4m3
19,blocks.4.mlp.2,element,4,False,False,32,e4m3
19,blocks.4.mlp.0,element,2,False,False,32,e4m3
19,blocks.2.mlp.0,element,2,False,False,32,e4m3
19,blocks.0.attn.qkv,element,2,False,False,32,e4m3
34,blocks.4.mlp.2,element,1,False,False,32,e4m3
34,blocks.1.mlp.0,element,4,False,False,32,e4m3
34,blocks.2.mlp.2,element,0,False,False,32,e4m3
34,blocks.4.mlp.2,element,7,False,False,32,e4m3
34,blocks.1.mlp.2,element,7,False,False,32,e4m3
34,blocks.4.mlp.2,element,4,False,False,32,e4m3
34,blocks.3.attn.proj,element,7,False,False,32,e4m3
34,blocks.2.mlp.2,element,6,False,False,32,e4m3
34,blocks.3.mlp.2,element,4,False,False,32,e4m3
34,blocks.1.mlp.2,element,0,False,False,32,e4m3
34,blocks.0.mlp.2,element,4,False,False,32,e4m3
34,blocks.5.attn.qkv,element,5,False,False,32,e4m3
34,blocks.4.mlp.2,element,1,False,False,32,e4m3
34,blocks.1.attn.qkv,element,7,False,False,32,e4m3
34,blocks.3.mlp.2,element,4,False,False,32,e4m3
34,blocks.3.mlp.2,element,6,False,False,32,e4m3
34,blocks.4.mlp.2,element,1,False,False,32,e4m3
34,blocks.0.mlp.2,element,4,True,True,32,e4m3
34,blocks.5.attn.qkv,element,0,False,False,32,e4m3
34,blocks.4.attn.qkv,element,7,False,False,32,e4m3
34,blocks.1.mlp.2,element,3,False,False,32,e4m3
34,blocks.2.mlp.2,element,4,False,False,32,e4m3
34,blocks.3.mlp.2,element,2,True,True,32,e4m3
34,blocks.1.mlp.2,element,1,False,False,32,e4m3
34,blocks.0.mlp.2,element,3,False,False,32,e4m3
34,blocks.1.mlp.2,element,7,False,False,32,e4m3
34,blocks.4.mlp.0,scale,5,False,False,32,e4m3
34,blocks.2.mlp.2,element,3,False,False,32,e4m3
34,blocks.3.mlp.2,element,2,False,False,32,e4m3
34,blocks.4.attn.qkv,element,6,False,False,32,e4m3
34,blocks.1.attn.qkv,element,4,False,False,32,e4m3
34,blocks.2.mlp.2,element,0,False,False,32,e4m3
34,blocks.2.mlp.2,element,7,False,False,32,e4m3
34,blocks.1.mlp.2,element,6,False,False,32,e4m3
34,blocks.2.attn.proj,element,3,False,False,32,e4m3
34,blocks.2.mlp.2,element,2,False,False,32,e4m3
34,blocks.5.mlp.2,element,4,False,False,32,e4m3
34,blocks.5.mlp.2,element,3,False,False,32,e4m3
34,blocks.0.mlp.2,element,7,False,False,32,e4m3
34,blocks.1.attn.proj,element,4,False,False,32,e4m3
25,blocks.5.mlp.2,element,3,False,False,32,e4m3
25,blocks.2.mlp.2,element,1,False,False,32,e4m3
25,blocks.0.mlp.2,element,0,False,False,32,e4m3
25,blocks.2.attn.qkv,element,7,False,False,32,e4m3
25,blocks.3.mlp.2,element,1,False,False,32,e4m3
25,blocks.0.mlp.2,element,7,False,False,32,e4m3
25,blocks.4.mlp.2,element,6,False,False,32,e4m3
25,blocks.3.mlp.2,element,5,False,False,32,e4m3
25,blocks.4.attn.qkv,element,3,False,False,32,e4m3
25,patch_embed.proj,element,7,False,False,32,e4m3
25,blocks.3.mlp.2,element,0,False,False,32,e4m3
25,blocks.2.mlp.2,element,1,False,False,32,e4m3
25,blocks.0.mlp.2,element,3,False,False,32,e4m3
25,blocks.1.mlp.2,element,1,False,False,32,e4m3
25,blocks.2.mlp.2,element,7,False,False,32,e4m3
25,blocks.3.mlp.0,element,3,False,False,32,e4m3
25,blocks.5.mlp.2,element,0,False,False,32,e4m3
25,blocks.1.mlp.2,element,7,False,False,32,e4m3
25,blocks.1.mlp.2,element,2,False,False,32,e4m3
25,blocks.3.mlp.2,element,1,False,False,32,e4m3
25,blocks.3.attn.qkv,element,4,False,False,32,e4m3
25,blocks.0.attn.qkv,element,3,False,False,32,e4m3
25,blocks.3.mlp.2,element,6,False,False,32,e4m3
25,blocks.0.mlp.0,element,5,False,False,32,e4m3
25,blocks.3.mlp.2,element,6,False,False,32,e4m3
25,blocks.2.mlp.0,element,6,False,False,32,e4m3
25,blocks.4.mlp.2,element,3,False,False,32,e4m3
25,blocks.1.attn.proj,element,6,False,False,32,e4m3
25,blocks.0.attn.qkv,element,2,False,False,32,e4m3
25,blocks.1.mlp.2,element,2,False,False,32,e4m3
25,blocks.1.mlp.2,element,6,False,False,32,e4m3
25,blocks.1.mlp.0,element,7,False,False,32,e4m3
25,blocks.1.mlp.2,element,6,False,False,32,e4m3
25,blocks.5.attn.proj,element,3,False,False,32,e4m3
25,blocks.0.attn.qkv,element,5,False,False,32,e4m3
25,blocks.2.mlp.0,element,5,False,False,32,e4m3
25,blocks.5.attn.proj,element,6,False,False,32,e4m3
25,blocks.1.mlp.2,element,3,False,False,32,e4m3
25,blocks.5.mlp.2,element,1,False,False,32,e4m3
25,blocks.0.attn.qkv,element,4,False,False,32,e4m3
43,blocks.4.mlp.2,element,1,False,False,32,e4m3
43,blocks.2.mlp.0,element,1,False,False,32,e4m3
43,blocks.4.attn.proj,element,5,False,False,32,e4m3
43,blocks.5.attn.proj,element,3,False,False,32,e4m3
43,blocks.4.mlp.0,element,2,False,False,32,e4m3
43,blocks.1.attn.qkv,element,5,False,False,32,e4m3
43,blocks.5.mlp.0,element,1,False,False,32,e4m3
43,blocks.4.mlp.2,element,0,False,False,32,e4m3
43,blocks.0.mlp.2,element,4,False,False,32,e4m3
43,blocks.2.mlp.2,element,0,False,False,32,e4m3
43,blocks.2.mlp.2,element,4,False,False,32,e4m3
43,blocks.3.mlp.2,element,7,False,False,32,e4m3
43,blocks.4.mlp.2,element,5,False,False,32,e4m3
43,blocks.4.attn.proj,element,2,False,False,32,e4m3
43,blocks.5.mlp.2,element,2,False,False,32,e4m3
43,blocks.4.mlp.2,element,2,False,False,32,e4m3
43,blocks.0.mlp.0,element,5,False,False,32,e4m3
43,blocks.0.mlp.2,element,2,False,False,32,e4m3
43,blocks.0.mlp.2,element,7,False,False,32,e4m3
43,blocks.3.mlp.0,element,2,False,False,32,e4m3
43,blocks.4.mlp.2,element,3,False,False,32,e4m3
43,blocks.3.mlp.2,element,6,False,False,32,e4m3
43,blocks.2.attn.qkv,element,4,True,True,32,e4m3
43,blocks.5.mlp.2,element,3,False,False,32,e4m3
43,blocks.4.mlp.2,element,5,False,False,32,e4m3
43,blocks.5.mlp.2,element,5,False,False,32,e4m3
43,blocks.0.attn.proj,element,2,False,False,32,e4m3
43,blocks.4.mlp.2,element,5,False,False,32,e4m3
43,blocks.0.mlp.2,element,3,False,False,32,e4m3
43,blocks.2.mlp.2,element,5,False,False,32,e4m3
43,blocks.2.mlp.2,element,5,False,False,32,e4m3
43,blocks.2.attn.qkv,element,5,False,False,32,e4m3
43,blocks.0.attn.proj,element,6,False,False,32,e4m3
43,blocks.0.mlp.2,element,0,False,False,32,e4m3
43,blocks.4.mlp.2,element,3,False,False,32,e4m3
43,blocks.0.mlp.2,element,1,False,False,32,e4m3
43,blocks.3.mlp.2,element,7,False,False,32,e4m3
43,blocks.1.attn.qkv,scale,1,False,False,32,e4m3
43,blocks.4.mlp.0,element,5,False,False,32,e4m3
43,blocks.1.mlp.2,element,4,False,False,32,e4m3
30,blocks.0.attn.proj,element,1,False,False,32,e4m3
30,blocks.2.attn.proj,element,6,False,False,32,e4m3
30,blocks.0.mlp.0,element,5,False,False,32,e4m3
30,patch_embed.proj,element,1,False,False,32,e4m3
30,blocks.0.mlp.2,element,0,False,False,32,e4m3
30,blocks.0.mlp.2,scale,2,False,False,32,e4m3
30,blocks.4.mlp.0,element,6,False,False,32,e4m3
30,blocks.3.attn.qkv,element,7,False,False,32,e4m3
30,blocks.2.mlp.2,element,2,False,False,32,e4m3
30,blocks.3.mlp.2,element,0,False,False,32,e4m3
30,blocks.2.mlp.2,element,6,False,False,32,e4m3
30,blocks.1.mlp.0,element,2,False,False,32,e4m3
30,blocks.3.attn.qkv,element,7,False,False,32,e4m3
30,blocks.5.mlp.2,element,4,False,False,32,e4m3
30,blocks.5.mlp.0,element,7,False,False,32,e4m3
30,blocks.5.mlp.2,element,3,False,False,32,e4m3
30,blocks.1.attn.qkv,element,7,False,False,32,e4m3
30,blocks.3.mlp.2,element,3,False,False,32,e4m3
30,blocks.4.mlp.0,element,4,False,False,32,e4m3
30,blocks.2.mlp.0,element,5,False,False,32,e4m3
30,blocks.2.mlp.2,element,3,False,False,32,e4m3
30,blocks.0.attn.qkv,element,6,False,False,32,e4m3
30,blocks.4.attn.qkv,element,2,False,False,32,e4m3
30,blocks.2.mlp.2,element,4,False,False,32,e4m3
30,blocks.5.mlp.2,element,0,False,False,32,e4m3
30,blocks.2.mlp.0,element,5,False,False,32,e4m3
30,blocks.2.mlp.2,element,4,False,False,32,e4m3
30,blocks.3.mlp.2,scale,7,True,True,32,e4m3
30,blocks.2.mlp.2,element,4,False,False,32,e4m3
30,blocks.0.mlp.2,element,0,False,False,32,e4m3
30,blocks.5.mlp.2,element,7,False,False,32,e4m3
30,blocks.0.attn.qkv,scale,2,False,False,32,e4m3
30,blocks.2.mlp.0,element,7,False,False,32,e4m3
30,blocks.3.mlp.2,element,4,False,False,32,e4m3
30,blocks.4.attn.qkv,element,5,False,False,32,e4m3
30,blocks.3.attn.proj,element,3,False,False,32,e4m3
30,blocks.0.mlp.2,element,3,False,False,32,e4m3
30,blocks.3.attn.qkv,scale,0,False,False,32,e4m3
30,blocks.1.mlp.2,element,0,False,False,32,e4m3
30,blocks.0.mlp.2,element,5,False,False,32,e4m3
8,blocks.0.mlp.2,element,4,False,False,32,e4m3
8,blocks.2.attn.proj,element,7,False,False,32,e4m3
8,blocks.3.mlp.0,element,1,False,False,32,e4m3
8,blocks.2.mlp.2,element,0,False,False,32,e4m3
8,blocks.1.attn.proj,element,5,False,False,32,e4m3
8,blocks.3.attn.proj,element,6,False,False,32,e4m3
8,blocks.1.attn.proj,element,2,False,False,32,e4m3
8,blocks.3.mlp.2,element,7,False,False,32,e4m3
8,blocks.2.attn.proj,element,4,False,False,32,e4m3
8,blocks.0.mlp.2,element,7,False,False,32,e4m3
8,blocks.4.attn.proj,element,7,False,False,32,e4m3
8,blocks.2.attn.qkv,element,3,False,False,32,e4m3
8,blocks.2.mlp.2,element,5,False,False,32,e4m3
8,blocks.4.attn.qkv,element,5,False,False,32,e4m3
8,blocks.3.attn.qkv,element,0,False,False,32,e4m3
8,blocks.0.mlp.0,element,1,False,False,32,e4m3
8,blocks.3.mlp.2,element,1,False,False,32,e4m3
8,blocks.3.attn.qkv,element,5,False,False,32,e4m3
8,blocks.0.mlp.2,element,3,False,False,32,e4m3
8,blocks.3.mlp.0,element,3,False,False,32,e4m3
8,blocks.5.attn.proj,element,5,False,False,32,e4m3
8,blocks.1.mlp.2,element,0,False,False,32,e4m3
8,blocks.3.mlp.2,element,0,False,False,32,e4m3
8,blocks.0.attn.qkv,element,6,False,False,32,e4m3
8,blocks.5.mlp.2,element,7,False,False,32,e4m3
8,blocks.4.mlp.2,element,2,False,False,32,e4m3
8,blocks.4.mlp.2,element,5,False,False,32,e4m3
8,blocks.0.attn.proj,element,5,False,False,32,e4m3
8,blocks.4.mlp.2,element,6,False,False,32,e4m3
8,blocks.3.mlp.0,element,1,False,False,32,e4m3
8,patch_embed.proj,element,7,False,False,32,e4m3
8,blocks.3.attn.proj,element,3,False,False,32,e4m3
8,blocks.4.mlp.2,element,0,False,False,32,e4m3
8,blocks.2.mlp.2,element,3,False,False,32,e4m3
8,blocks.2.mlp.2,element,5,False,False,32,e4m3
8,blocks.1.mlp.2,element,0,False,False,32,e4m3
8,blocks.0.mlp.2,element,3,True,True,32,e4m3
8,blocks.4.mlp.0,element,4,False,False,32,e4m3
8,blocks.1.mlp.2,element,2,False,False,32,e4m3
8,blocks.4.mlp.2,element,3,False,False,32,e4m3
12,blocks.2.mlp.2,element,2,False,False,32,e4m3
12,blocks.3.mlp.2,element,1,False,False,32,e4m3
12,blocks.5.mlp.2,element,5,False,False,32,e4m3
12,blocks.4.mlp.2,element,3,False,False,32,e4m3
12,blocks.0.mlp.2,element,7,False,False,32,e4m3
12,blocks.1.mlp.2,element,4,False,False,32,e4m3
12,blocks.4.attn.qkv,scale,1,False,False,32,e4m3
12,blocks.5.mlp.2,element,5,False,False,32,e4m3
12,blocks.0.mlp.0,element,2,False,False,32,e4m3
12,blocks.5.mlp.0,element,0,False,False,32,e4m3
12,blocks.2.attn.proj,element,4,False,False,32,e4m3
12,blocks.1.mlp.2,element,4,False,False,32,e4m3
12,blocks.3.mlp.2,element,3,False,False,32,e4m3
12,blocks.5.mlp.2,element,6,False,False,32,e4m3
12,blocks.1.attn.proj,element,4,False,False,32,e4m3
12,blocks.1.mlp.2,element,5,False,False,32,e4m3
12,blocks.3.mlp.0,element,6,False,False,32,e4m3
12,blocks.2.attn.qkv,element,6,False,False,32,e4m3
12,blocks.2.mlp.2,element,1,False,False,32,e4m3
12,blocks.1.mlp.2,element,5,False,False,32,e4m3
12,blocks.5.mlp.2,element,6,False,False,32,e4m3
12,blocks.2.mlp.0,element,2,False,False,32,e4m3
12,blocks.5.mlp.2,element,4,False,False,32,e4m3
12,blocks.3.mlp.2,element,3,False,False,32,e4m3
12,blocks.3.mlp.2,element,1,False,False,32,e4m3
12,blocks.5.mlp.2,element,2,False,False,32,e4m3
12,blocks.0.mlp.2,element,3,False,False,32,e4m3
12,blocks.0.mlp.2,element,7,False,False,32,e4m3
12,blocks.0.mlp.2,element,5,False,False,32,e4m3
12,blocks.5.mlp.2,element,3,False,False,32,e4m3
12,blocks.2.mlp.2,element,3,False,False,32,e4m3
12,blocks.4.attn.proj,element,6,False,False,32,e4m3
12,blocks.3.attn.proj,element,7,False,False,32,e4m3
12,blocks.5.attn.qkv,element,1,False,False,32,e4m3
12,blocks.4.mlp.2,element,1,False,False,32,e4m3
12,blocks.2.mlp.0,element,2,False,False,32,e4m3
12,blocks.4.mlp.2,element,4,False,False,32,e4m3
12,blocks.1.mlp.2,element,3,False,False,32,e4m3
12,blocks.1.mlp.2,element,0,False,False,32,e4m3
12,blocks.0.mlp.2,element,7,False,False,32,e4m3
76,blocks.4.mlp.2,element,0,False,False,32,e4m3
76,blocks.4.attn.proj,element,3,False,False,32,e4m3
76,blocks.0.mlp.2,element,5,False,False,32,e4m3
76,blocks.0.attn.qkv,element,6,False,False,32,e4m3
76,blocks.5.mlp.2,element,1,False,False,32,e4m3
76,blocks.2.mlp.0,element,4,False,False,32,e4m3
76,blocks.5.mlp.2,element,6,False,False,32,e4m3
76,blocks.3.mlp.2,element,2,False,False,32,e4m3
76,blocks.3.mlp.2,element,7,False,False,32,e4m3
76,blocks.4.attn.qkv,element,1,False,False,32,e4m3
76,blocks.1.mlp.2,element,1,False,False,32,e4m3
76,blocks.4.attn.proj,element,5,False,False,32,e4m3
76,blocks.4.attn.qkv,element,6,False,False,32,e4m3
76,blocks.2.attn.proj,element,1,False,False,32,e4m3
76,blocks.5.mlp.2,element,5,False,False,32,e4m3
76,blocks.2.mlp.2,element,5,False,False,32,e4m3
76,blocks.3.mlp.2,element,6,False,False,32,e4m3
76,blocks.4.mlp.2,element,4,False,False,32,e4m3
76,blocks.4.mlp.0,element,5,False,False,32,e4m3
76,blocks.5.mlp.2,element,4,False,False,32,e4m3
76,blocks.2.attn.qkv,element,4,False,False,32,e4m3
76,patch_embed.proj,element,4,False,False,32,e4m3
76,blocks.4.mlp.0,element,1,False,False,32,e4m3
76,blocks.1.mlp.2,element,6,False,False,32,e4m3
76,blocks.4.mlp.2,element,0,False,False,32,e4m3
76,blocks.0.mlp.0,element,3,False,False,32,e4m3
76,blocks.1.mlp.2,element,3,False,False,32,e4m3
76,blocks.4.mlp.2,element,2,False,False,32,e4m3
76,blocks.0.mlp.2,element,4,False,False,32,e4m3
76,blocks.0.mlp.2,element,6,False,False,32,e4m3
76,blocks.3.mlp.2,element,3,False,False,32,e4m3
76,blocks.2.attn.qkv,element,1,False,False,32,e4m3
76,blocks.4.mlp.0,element,3,False,False,32,e4m3
76,blocks.5.attn.qkv,element,5,False,False,32,e4m3
76,blocks.0.attn.qkv,element,0,False,False,32,e4m3
76,blocks.5.mlp.2,element,3,False,False,32,e4m3
76,blocks.4.mlp.2,element,1,False,False,32,e4m3
76,blocks.5.mlp.2,element,5,False,False,32,e4m3
76,blocks.1.mlp.2,element,7,False,False,32,e4m3
76,blocks.2.attn.proj,element,6,False,False,32,e4m3
81,blocks.4.mlp.2,element,6,False,False,32,e4m3
81,blocks.3.attn.qkv,element,6,False,False,32,e4m3
81,blocks.0.attn.qkv,element,2,False,False,32,e4m3
81,blocks.3.mlp.0,element,5,False,False,32,e4m3
81,blocks.4.mlp.2,element,0,False,False,32,e4m3
81,blocks.2.mlp.2,element,0,False,False,32,e4m3
81,blocks.4.mlp.0,element,7,False,False,32,e4m3
81,blocks.4.attn.proj,element,6,False,False,32,e4m3
81,blocks.4.mlp.2,element,0,False,False,32,e4m3
81,blocks.5.mlp.2,element,1,False,False,32,e4m3
81,blocks.2.mlp.2,element,1,False,False,32,e4m3
81,blocks.4.attn.proj,element,1,False,False,32,e4m3
81,blocks.3.mlp.2,element,6,False,False,32,e4m3
81,blocks.0.mlp.0,element,1,False,False,32,e4m3
81,blocks.4.attn.proj,scale,5,False,False,32,e4m3
81,blocks.1.attn.qkv,element,2,False,False,32,e4m3
81,blocks.0.mlp.2,element,7,False,False,32,e4m3
81,blocks.1.mlp.2,element,6,False,False,32,e4m3
81,blocks.2.attn.qkv,element,5,False,False,32,e4m3
81,blocks.1.mlp.2,element,0,False,False,32,e4m3
81,blocks.2.mlp.2,element,4,False,False,32,e4m3
81,blocks.1.mlp.2,element,7,False,False,32,e4m3
81,blocks.0.attn.proj,element,4,False,False,32,e4m3
81,blocks.0.mlp.0,element,7,False,False,32,e4m3
81,blocks.1.mlp.2,element,7,False,False,32,e4m3
81,blocks.3.mlp.0,element,5,False,False,32,e4m3
81,blocks.0.mlp.2,element,4,False,False,32,e4m3
81,blocks.1.mlp.2,element,1,False,False,32,e4m3
81,blocks.5.attn.proj,element,3,False,False,32,e4m3
81,blocks.5.mlp.0,element,4,False,False,32,e4m3
81,blocks.2.mlp.2,element,2,False,False,32,e4m3
81,blocks.0.attn.proj,element,5,False,False,32,e4m3
81,blocks.3.mlp.0,element,7,False,False,32,e4m3
81,blocks.1.mlp.2,element,7,False,False,32,e4m3
81,blocks.0.attn.proj,element,3,False,False,32,e4m3
81,blocks.3.mlp.2,element,0,False,False,32,e4m3
81,blocks.0.mlp.2,element,5,False,False,32,e4m3
81,blocks.5.mlp.2,element,5,False,False,32,e4m3
81,blocks.1.mlp.2,element,3,False,False,32,e4m3
81,blocks.5.mlp.2,element,1,False,False,32,e4m3
52,blocks.3.mlp.2,element,6,False,False,32,e4m3
52,blocks.2.mlp.2,element,3,False,False,32,e4m3
52,blocks.4.mlp.0,element,1,False,False,32,e4m3
52,blocks.5.mlp.0,element,0,False,False,32,e4m3
52,blocks.4.mlp.2,element,5,False,False,32,e4m3
52,blocks.4.mlp.2,element,0,False,False,32,e4m3
52,blocks.0.mlp.2,element,3,False,False,32,e4m3
52,blocks.4.mlp.2,element,3,False,False,32,e4m3
52,blocks.3.mlp.2,element,7,False,False,32,e4m3
52,blocks.2.mlp.2,element,6,False,False,32,e4m3
52,blocks.1.attn.proj,element,6,False,False,32,e4m3
52,blocks.1.mlp.2,element,5,False,False,32,e4m3
52,blocks.5.attn.proj,element,6,False,False,32,e4m3
52,blocks.1.attn.qkv,element,6,False,False,32,e4m3
52,blocks.0.attn.proj,element,1,False,False,32,e4m3
52,blocks.1.mlp.0,element,0,False,False,32,e4m3
52,blocks.4.mlp.2,element,2,False,False,32,e4m3
52,blocks.0.attn.qkv,element,6,False,False,32,e4m3
52,blocks.2.attn.proj,element,7,False,False,32,e4m3
52,patch_embed.proj,element,3,False,False,32,e4m3
52,blocks.5.attn.proj,element,6,False,False,32,e4m3
52,blocks.5.mlp.0,element,0,False,False,32,e4m3
52,blocks.0.mlp.0,element,5,False,False,32,e4m3
52,blocks.1.attn.proj,element,3,False,False,32,e4m3
52,blocks.0.mlp.2,element,4,False,False,32,e4m3
52,blocks.5.mlp.0,element,0,False,False,32,e4m3
52,blocks.2.mlp.2,element,0,False,False,32,e4m3
52,blocks.1.mlp.0,element,0,False,False,32,e4m3
52,blocks.3.mlp.2,element,4,False,False,32,e4m3
52,blocks.3.mlp.2,element,0,False,False,32,e4m3
52,blocks.4.mlp.2,element,3,False,False,32,e4m3
52,blocks.1.attn.qkv,element,6,False,False,32,e4m3
52,blocks.5.mlp.2,element,4,False,False,32,e4m3
52,blocks.5.mlp.2,element,2,False,False,32,e4m3
52,blocks.0.attn.proj,element,5,False,False,32,e4m3
52,blocks.5.mlp.2,element,5,False,False,32,e4m3
52,blocks.0.mlp.2,element,0,False,False,32,e4m3
52,blocks.2.mlp.2,element,3,False,False,32,e4m3
52,blocks.3.mlp.2,element,7,False,False,32,e4m3
52,blocks.0.attn.qkv,element,6,False,False,32,e4m3
91,blocks.2.mlp.2,element,7,False,False,32,e4m3
91,blocks.0.mlp.2,element,5,False,False,32,e4m3
91,blocks.4.mlp.2,element,7,False,False,32,e4m3
91,blocks.3.mlp.2,element,2,False,False,32,e4m3
91,blocks.1.mlp.2,element,7,False,False,32,e4m3
91,blocks.3.mlp.2,element,3,False,False,32,e4m3
91,blocks.3.attn.proj,element,7,False,False,32,e4m3
91,blocks.4.attn.proj,element,0,False,False,32,e4m3
91,blocks.4.mlp.2,element,2,False,False,32,e4m3
91,blocks.3.mlp.2,element,3,False,False,32,e4m3
91,blocks.2.mlp.2,element,4,False,False,32,e4m3
91,blocks.3.attn.proj,element,1,False,False,32,e4m3
91,blocks.0.mlp.2,element,1,False,False,32,e4m3
91,blocks.1.mlp.2,element,1,False,False,32,e4m3
91,blocks.5.attn.proj,scale,0,False,False,32,e4m3
91,blocks.1.mlp.2,element,3,False,False,32,e4m3
91,blocks.3.mlp.2,element,3,False,False,32,e4m3
91,blocks.0.mlp.2,element,5,False,False,32,e4m3
91,blocks.4.attn.proj,element,4,False,False,32,e4m3
91,blocks.0.mlp.2,element,1,False,False,32,e4m3
91,blocks.3.attn.proj,element,7,False,False,32,e4m3
91,blocks.4.mlp.2,element,2,False,False,32,e4m3
91,blocks.5.mlp.2,element,0,False,False,32,e4m3
91,blocks.1.mlp.2,element,6,False,False,32,e4m3
91,blocks.0.mlp.2,element,6,False,False,32,e4m3
91,blocks.1.attn.proj,element,1,False,False,32,e4m3
91,blocks.1.mlp.2,element,7,False,False,32,e4m3
91,blocks.1.mlp.0,element,2,False,False,32,e4m3
91,blocks.0.mlp.2,element,5,False,False,32,e4m3
91,blocks.1.mlp.0,element,5,False,False,32,e4m3
91,blocks.5.attn.qkv,element,1,False,False,32,e4m3
91,blocks.2.mlp.2,element,4,False,False,32,e4m3
91,blocks.3.mlp.2,element,2,False,False,32,e4m3
91,blocks.1.attn.qkv,element,5,False,False,32,e4m3
91,blocks.4.mlp.2,element,7,False,False,32,e4m3
91,blocks.0.attn.qkv,element,1,False,False,32,e4m3
91,blocks.2.attn.proj,element,2,False,False,32,e4m3
91,blocks.2.mlp.2,scale,6,False,False,32,e4m3
91,blocks.3.attn.proj,element,2,False,False,32,e4m3
91,blocks.0.attn.proj,element,0,False,False,32,e4m3
2,blocks.0.attn.qkv,element,6,False,False,32,e4m3
2,blocks.4.mlp.2,element,5,False,False,32,e4m3
2,blocks.4.mlp.2,element,2,False,False,32,e4m3
2,blocks.3.mlp.2,element,4,False,False,32,e4m3
2,blocks.3.attn.qkv,element,2,False,False,32,e4m3
2,blocks.2.attn.proj,element,0,False,False,32,e4m3
2,blocks.2.mlp.2,element,3,False,False,32,e4m3
2,blocks.1.mlp.2,element,1,False,False,32,e4m3
2,blocks.2.mlp.2,element,4,False,False,32,e4m3
2,blocks.4.mlp.2,element,7,False,False,32,e4m3
2,blocks.4.attn.qkv,element,3,False,False,32,e4m3
2,blocks.3.attn.qkv,element,5,False,False,32,e4m3
2,blocks.5.attn.qkv,element,1,False,False,32,e4m3
2,blocks.2.mlp.0,element,0,False,False,32,e4m3
2,blocks.3.mlp.2,element,4,False,False,32,e4m3
2,blocks.2.attn.proj,element,1,False,False,32,e4m3
2,blocks.1.mlp.0,element,7,False,False,32,e4m3
2,blocks.2.mlp.2,element,7,False,False,32,e4m3
2,blocks.2.mlp.2,element,7,False,False,32,e4m3
2,blocks.2.mlp.2,element,1,False,False,32,e4m3
2,blocks.2.attn.proj,element,5,False,False,32,e4m3
2,blocks.0.attn.qkv,element,7,False,False,32,e4m3
2,blocks.2.mlp.2,element,6,False,False,32,e4m3
2,blocks.0.mlp.2,element,4,False,False,32,e4m3
2,blocks.4.mlp.2,element,5,False,False,32,e4m3
2,blocks.2.mlp.2,element,0,False,False,32,e4m3
2,blocks.2.attn.proj,element,3,False,False,32,e4m3
2,blocks.0.mlp.2,element,2,False,False,32,e4m3
2,blocks.0.attn.qkv,element,4,False,False,32,e4m3
2,blocks.1.mlp.2,element,5,False,False,32,e4m3
2,blocks.0.attn.qkv,element,2,False,False,32,e4m3
2,blocks.5.mlp.2,element,4,False,False,32,e4m3
2,blocks.0.attn.proj,scale,1,False,False,32,e4m3
2,blocks.5.mlp.2,element,3,False,False,32,e4m3
2,blocks.2.mlp.2,element,1,False,False,32,e4m3
2,blocks.4.mlp.2,element,6,False,False,32,e4m3
2,blocks.4.mlp.2,element,4,False,False,32,e4m3
2,blocks.4.attn.qkv,element,7,False,False,32,e4m3
2,blocks.4.mlp.0,element,5,False,False,32,e4m3
2,blocks.1.mlp.2,element,5,False,False,32,e4m3
49,blocks.0.attn.qkv,element,3,False,False,32,e4m3
49,blocks.2.attn.proj,element,1,False,False,32,e4m3
49,blocks.0.mlp.2,element,3,False,False,32,e4m3
49,blocks.2.mlp.2,element,1,False,False,32,e4m3
49,blocks.1.mlp.2,element,4,False,False,32,e4m3
49,blocks.3.attn.proj,element,4,False,False,32,e4m3
49,blocks.5.mlp.2,element,7,False,False,32,e4m3
49,blocks.0.mlp.2,element,4,False,False,32,e4m3
49,blocks.1.mlp.2,element,7,False,False,32,e4m3
49,blocks.3.mlp.2,element,5,False,False,32,e4m3
49,blocks.1.mlp.2,element,1,False,False,32,e4m3
49,blocks.4.mlp.0,element,7,False,False,32,e4m3
49,blocks.0.mlp.2,element,2,False,False,32,e4m3
49,blocks.2.attn.qkv,element,5,False,False,32,e4m3
49,blocks.4.mlp.2,element,0,True,True,32,e4m3
49,blocks.3.mlp.2,scale,7,True,True,32,e4m3
49,blocks.2.attn.qkv,element,7,False,False,32,e4m3
49,blocks.0.mlp.2,element,5,False,False,32,e4m3
49,blocks.1.mlp.2,element,1,False,False,32,e4m3
49,blocks.4.mlp.2,element,2,True,True,32,e4m3
49,blocks.5.mlp.2,element,7,False,False,32,e4m3
49,blocks.1.mlp.2,element,4,False,False,32,e4m3
49,blocks.5.attn.qkv,element,3,False,False,32,e4m3
49,blocks.5.mlp.2,element,4,False,False,32,e4m3
49,blocks.4.mlp.2,element,1,False,False,32,e4m3
49,blocks.3.attn.proj,element,7,False,False,32,e4m3
49,blocks.0.attn.proj,element,0,False,False,32,e4m3
49,blocks.0.mlp.0,element,2,False,False,32,e4m3
49,blocks.1.mlp.2,element,0,False,False,32,e4m3
49,blocks.2.mlp.2,element,1,False,False,32,e4m3
49,blocks.3.mlp.2,element,2,False,False,32,e4m3
49,blocks.1.mlp.2,element,5,False,False,32,e4m3
49,blocks.2.mlp.2,element,7,False,False,32,e4m3
49,blocks.3.attn.qkv,element,7,False,False,32,e4m3
49,blocks.1.mlp.2,element,1,False,False,32,e4m3
49,blocks.2.attn.qkv,element,1,False,False,32,e4m3
49,blocks.4.mlp.2,element,3,False,False,32,e4m3
49,blocks.2.mlp.0,element,5,False,False,32,e4m3
49,blocks.1.mlp.2,element,5,False,False,32,e4m3
49,blocks.4.mlp.0,element,6,False,False,32,e4m3
41,blocks.4.mlp.2,element,1,False,False,32,e4m3
41,blocks.3.mlp.0,element,3,False,False,32,e4m3
41,blocks.3.mlp.2,element,2,False,False,32,e4m3
41,blocks.3.mlp.2,element,6,False,False,32,e4m3
41,blocks.2.mlp.2,element,7,False,False,32,e4m3
41,blocks.1.mlp.2,element,0,False,False,32,e4m3
41,blocks.1.mlp.2,element,1,False,False,32,e4m3
41,blocks.1.attn.proj,element,0,False,False,32,e4m3
41,blocks.0.mlp.2,element,2,False,False,32,e4m3
41,blocks.2.mlp.2,element,7,False,False,32,e4m3
41,blocks.3.mlp.2,element,2,False,False,32,e4m3
41,blocks.4.attn.proj,element,4,False,False,32,e4m3
41,blocks.2.mlp.2,element,6,False,False,32,e4m3
41,blocks.0.mlp.2,element,7,False,False,32,e4m3
41,blocks.5.mlp.2,element,6,False,False,32,e4m3
41,blocks.3.mlp.2,element,2,False,False,32,e4m3
41,blocks.1.attn.qkv,element,2,False,False,32,e4m3
41,blocks.1.attn.proj,element,6,False,False,32,e4m3
41,blocks.2.mlp.2,element,0,False,False,32,e4m3
41,blocks.5.mlp.0,element,2,False,False,32,e4m3
41,blocks.3.mlp.2,element,2,False,False,32,e4m3
41,blocks.1.attn.proj,element,5,False,False,32,e4m3
41,blocks.4.mlp.0,element,4,True,True,32,e4m3
41,blocks.2.mlp.2,element,7,False,False,32,e4m3
41,blocks.4.attn.qkv,element,0,False,False,32,e4m3
41,blocks.1.mlp.2,element,7,False,False,32,e4m3
41,blocks.3.mlp.0,element,6,False,False,32,e4m3
41,blocks.4.attn.qkv,element,6,False,False,32,e4m3
41,blocks.4.mlp.0,element,4,False,False,32,e4m3
41,blocks.4.attn.proj,element,5,False,False,32,e4m3
41,blocks.4.attn.qkv,element,2,False,False,32,e4m3
41,blocks.1.mlp.0,element,4,False,False,32,e4m3
41,blocks.0.mlp.2,element,4,False,False,32,e4m3
41,blocks.4.attn.proj,element,5,False,False,32,e4m3
41,blocks.5.attn.proj,element,2,False,False,32,e4m3
41,blocks.0.attn.qkv,element,6,False,False,32,e4m3
41,blocks.2.mlp.2,element,3,False,False,32,e4m3
41,blocks.5.mlp.0,element,1,False,False,32,e4m3
41,blocks.5.attn.proj,element,0,False,False,32,e4m3
41,blocks.1.mlp.2,element,4,False,False,32,e4m3
17,blocks.1.mlp.2,element,2,False,False,32,e4m3
17,blocks.5.attn.qkv,scale,5,False,False,32,e4m3
17,blocks.4.mlp.2,element,6,False,False,32,e4m3
17,blocks.2.mlp.2,element,0,False,False,32,e4m3
17,blocks.2.mlp.2,element,1,False,False,32,e4m3
17,blocks.5.mlp.2,element,0,False,False,32,e4m3
17,blocks.4.attn.proj,element,2,False,False,32,e4m3
17,blocks.4.attn.qkv,element,0,False,False,32,e4m3
17,blocks.4.mlp.2,element,2,False,False,32,e4m3
17,blocks.4.mlp.2,element,4,False,False,32,e4m3
17,blocks.0.attn.proj,element,3,False,False,32,e4m3
17,blocks.3.attn.qkv,element,5,False,False,32,e4m3
17,blocks.2.attn.qkv,element,0,False,False,32,e4m3
17,blocks.0.attn.proj,element,3,False,False,32,e4m3
17,blocks.1.mlp.2,element,3,False,False,32,e4m3
17,blocks.3.mlp.0,element,2,False,False,32,e4m3
17,blocks.3.mlp.2,element,3,False,False,32,e4m3
17,blocks.0.mlp.2,element,6,False,False,32,e4m3
17,blocks.5.mlp.2,element,5,False,False,32,e4m3
17,blocks.4.attn.qkv,element,2,False,False,32,e4m3
17,blocks.5.mlp.2,element,0,False,False,32,e4m3
17,blocks.5.mlp.2,element,5,False,False,32,e4m3
17,blocks.5.mlp.2,element,4,False,False,32,e4m3
17,blocks.4.attn.proj,element,0,False,False,32,e4m3
17,blocks.5.mlp.2,element,0,False,False,32,e4m3
17,blocks.3.mlp.0,element,7,False,False,32,e4m3
17,blocks.0.mlp.2,element,7,False,False,32,e4m3
17,blocks.0.mlp.2,element,3,False,False,32,e4m3
17,blocks.4.mlp.2,element,5,False,False,32,e4m3
17,blocks.1.attn.proj,element,1,False,False,32,e4m3
17,blocks.1.mlp.2,element,3,False,False,32,e4m3
17,blocks.5.mlp.2,element,4,False,False,32,e4m3
17,blocks.5.mlp.2,element,2,False,False,32,e4m3
17,blocks.0.mlp.2,element,6,False,False,32,e4m3
17,blocks.4.mlp.2,element,5,False,False,32,e4m3
17,blocks.2.mlp.0,element,0,False,False,32,e4m3
17,blocks.4.mlp.2,element,2,False,False,32,e4m3
17,blocks.5.mlp.2,element,7,False,False,32,e4m3
17,blocks.5.attn.qkv,element,0,False,False,32,e4m3
17,blocks.3.attn.proj,element,3,False,False,32,e4m3
42,blocks.0.mlp.2,element,0,False,False,32,e4m3
42,blocks.5.mlp.2,element,7,False,False,32,e4m3
42,blocks.5.attn.qkv,element,3,False,False,32,e4m3
42,blocks.5.attn.proj,element,2,False,False,32,e4m3
42,blocks.3.mlp.0,element,3,False,False,32,e4m3
42,blocks.3.mlp.2,element,2,False,False,32,e4m3
42,blocks.4.attn.qkv,element,2,False,False,32,e4m3
42,blocks.5.mlp.0,element,3,False,False,32,e4m3
42,blocks.1.mlp.2,element,7,False,False,32,e4m3
42,blocks.2.mlp.2,element,6,False,False,32,e4m3
42,blocks.3.attn.proj,element,1,False,False,32,e4m3
42,blocks.4.mlp.2,element,3,False,False,32,e4m3
42,blocks.4.mlp.2,element,7,False,False,32,e4m3
42,blocks.0.attn.qkv,element,3,False,False,32,e4m3
42,patch_embed.proj,scale,3,False,False,32,e4m3
42,patch_embed.proj,element,2,True,True,32,e4m3
42,blocks.3.attn.qkv,element,1,False,False,32,e4m3
42,blocks.5.attn.qkv,element,3,False,False,32,e4m3
42,blocks.1.mlp.2,element,4,False,False,32,e4m3
42,blocks.2.mlp.0,element,1,False,False,32,e4m3
42,blocks.1.mlp.2,element,7,False,False,32,e4m3
42,blocks.5.mlp.2,element,0,False,False,32,e4m3
42,blocks.3.mlp.2,element,0,False,False,32,e4m3
42,blocks.3.mlp.0,scale,1,False,False,32,e4m3
42,blocks.3.mlp.0,element,3,False,False,32,e4m3
42,blocks.0.mlp.2,element,2,False,False,32,e4m3
42,blocks.5.mlp.2,element,5,False,False,32,e4m3
42,blocks.0.attn.qkv,element,3,False,False,32,e4m3
42,blocks.5.attn.qkv,element,1,False,False,32,e4m3
42,blocks.4.mlp.2,element,7,False,False,32,e4m3
42,blocks.0.attn.qkv,element,4,False,False,32,e4m3
42,blocks.1.mlp.2,element,5,False,False,32,e4m3
42,blocks.5.mlp.2,element,6,False,False,32,e4m3
42,blocks.3.mlp.2,element,4,False,False,32,e4m3
42,blocks.0.attn.qkv,scale,7,True,True,32,e4m3
42,blocks.2.mlp.2,element,6,False,False,32,e4m3
42,blocks.1.attn.proj,element,2,False,False,32,e4m3
42,blocks.0.mlp.2,element,4,False,False,32,e4m3
42,blocks.0.mlp.2,scale,5,False,False,32,e4m3
42,blocks.3.attn.proj,element,4,False,False,32,e4m3
83,blocks.4.mlp.2,element,2,False,False,32,e4m3
83,blocks.3.attn.qkv,element,2,False,False,32,e4m3
83,blocks.5.attn.qkv,element,4,False,False,32,e4m3
83,blocks.4.mlp.0,element,2,False,False,32,e4m3
83,blocks.4.mlp.2,element,3,False,False,32,e4m3
83,blocks.0.attn.qkv,element,5,False,False,32,e4m3
83,blocks.1.mlp.0,element,4,False,False,32,e4m3
83,blocks.3.mlp.2,element,6,False,False,32,e4m3
83,blocks.1.attn.qkv,element,6,False,False,32,e4m3
83,blocks.5.mlp.2,element,4,False,False,32,e4m3
83,blocks.4.attn.qkv,element,3,False,False,32,e4m3
83,blocks.1.attn.qkv,element,6,False,False,32,e4m3
83,blocks.4.mlp.0,element,4,False,False,32,e4m3
83,blocks.4.attn.qkv,element,2,False,False,32,e4m3
83,blocks.1.mlp.2,element,4,False,False,32,e4m3
83,blocks.2.mlp.2,element,0,False,False,32,e4m3
83,blocks.4.mlp.2,scale,5,False,False,32,e4m3
83,blocks.0.attn.qkv,scale,2,False,False,32,e4m3
83,blocks.4.mlp.0,element,4,False,False,32,e4m3
83,blocks.4.mlp.2,element,3,False,False,32,e4m3
83,blocks.5.mlp.2,element,0,False,False,32,e4m3
83,blocks.4.mlp.0,element,1,False,False,32,e4m3
83,blocks.4.attn.proj,element,2,False,False,32,e4m3
83,blocks.2.mlp.2,element,1,False,False,32,e4m3
83,blocks.5.mlp.2,element,1,False,False,32,e4m3
83,blocks.5.attn.proj,element,0,False,False,32,e4m3
83,blocks.0.mlp.2,element,6,False,False,32,e4m3
83,blocks.4.mlp.2,element,2,False,False,32,e4m3
83,blocks.4.mlp.2,element,6,False,False,32,e4m3
83,blocks.1.mlp.2,element,3,False,False,32,e4m3
83,blocks.1.attn.proj,element,4,False,False,32,e4m3
83,blocks.5.attn.proj,element,4,False,False,32,e4m3
83,blocks.5.attn.proj,element,3,False,False,32,e4m3
83,blocks.5.attn.proj,element,1,False,False,32,e4m3
83,blocks.3.mlp.2,element,2,False,False,32,e4m3
83,blocks.3.mlp.2,element,3,False,False,32,e4m3
83,blocks.5.mlp.2,element,0,False,False,32,e4m3
83,blocks.0.mlp.2,element,1,False,False,32,e4m3
83,blocks.1.mlp.2,element,4,False,False,32,e4m3
83,blocks.4.attn.qkv,element,1,False,False,32,e4m3
54,blocks.2.mlp.2,element,5,False,False,32,e4m3
54,blocks.3.mlp.2,element,7,False,False,32,e4m3
54,blocks.4.mlp.2,element,7,False,False,32,e4m3
54,blocks.1.mlp.2,element,6,False,False,32,e4m3
54,blocks.2.mlp.2,element,6,False,False,32,e4m3
54,blocks.5.attn.qkv,element,0,False,False,32,e4m3
54,blocks.1.mlp.2,scale,0,False,False,32,e4m3
54,blocks.5.mlp.2,element,1,False,False,32,e4m3
54,blocks.1.mlp.2,element,1,False,False,32,e4m3
54,blocks.5.mlp.2,element,3,False,False,32,e4m3
54,blocks.4.mlp.2,element,5,False,False,32,e4m3
54,blocks.3.mlp.2,element,1,False,False,32,e4m3
54,blocks.0.mlp.2,element,6,False,False,32,e4m3
54,blocks.3.mlp.2,element,2,False,False,32,e4m3
54,blocks.5.mlp.2,element,5,False,False,32,e4m3
54,blocks.1.mlp.2,element,4,False,False,32,e4m3
54,blocks.0.mlp.2,element,5,False,False,32,e4m3
54,blocks.4.mlp.2,element,6,False,False,32,e4m3
54,blocks.5.attn.qkv,element,7,False,False,32,e4m3
54,blocks.1.attn.proj,element,7,False,False,32,e4m3
54,blocks.3.mlp.2,element,2,False,False,32,e4m3
54,blocks.3.attn.qkv,element,6,False,False,32,e4m3
54,blocks.2.mlp.2,element,2,False,False,32,e4m3
54,blocks.3.mlp.2,element,0,False,False,32,e4m3
54,blocks.0.mlp.2,element,1,False,False,32,e4m3
54,blocks.5.mlp.0,element,5,False,False,32,e4m3
54,blocks.2.mlp.2,element,1,False,False,32,e4m3
54,blocks.4.mlp.2,element,3,False,False,32,e4m3
54,blocks.3.mlp.2,element,4,False,False,32,e4m3
54,blocks.4.attn.proj,element,0,False,False,32,e4m3
54,blocks.5.mlp.0,element,7,False,False,32,e4m3
54,blocks.3.mlp.2,element,5,False,False,32,e4m3
54,blocks.3.attn.qkv,element,3,False,False,32,e4m3
54,blocks.5.attn.proj,element,2,False,False,32,e4m3
54,blocks.5.attn.qkv,element,6,False,False,32,e4m3
54,blocks.3.mlp.2,element,0,False,False,32,e4m3
54,blocks.1.mlp.2,element,1,False,False,32,e4m3
54,blocks.5.mlp.2,element,7,False,False,32,e4m3
54,blocks.0.mlp.2,element,0,False,False,32,e4m3
54,blocks.5.mlp.2,element,0,False,False,32,e4m3
28,blocks.5.mlp.2,element,6,False,False,32,e4m3
28,blocks.5.mlp.2,element,7,False,False,32,e4m3
28,blocks.3.attn.proj,element,4,False,False,32,e4m3
28,blocks.3.attn.proj,element,7,False,False,32,e4m3
28,blocks.4.attn.proj,element,6,False,False,32,e4m3
28,blocks.5.mlp.2,element,7,False,False,32,e4m3
28,blocks.5.mlp.2,element,4,False,False,32,e4m3
28,blocks.5.mlp.2,element,6,False,False,32,e4m3
28,blocks.3.mlp.2,element,2,False,False,32,e4m3
28,blocks.0.attn.proj,element,3,False,False,32,e4m3
28,blocks.0.mlp.0,element,3,False,False,32,e4m3
28,blocks.1.mlp.0,element,7,False,False,32,e4m3
28,blocks.1.mlp.2,element,7,False,False,32,e4m3
28,blocks.4.mlp.2,element,7,False,False,32,e4m3
28,blocks.1.mlp.0,element,5,False,False,32,e4m3
28,blocks.0.attn.proj,element,7,False,False,32,e4m3
28,blocks.1.mlp.2,element,0,False,False,32,e4m3
28,blocks.0.attn.qkv,element,6,False,False,32,e4m3
28,blocks.5.mlp.2,element,5,False,False,32,e4m3
28,blocks.4.mlp.0,element,0,False,False,32,e4m3
28,blocks.2.mlp.2,element,5,False,False,32,e4m3
28,blocks.1.mlp.2,element,6,False,False,32,e4m3
28,blocks.4.mlp.2,element,6,False,False,32,e4m3
28,blocks.1.attn.proj,element,2,False,False,32,e4m3
28,blocks.0.mlp.2,element,7,False,False,32,e4m3
28,blocks.0.attn.qkv,element,7,False,False,32,e4m3
28,blocks.2.attn.qkv,element,1,False,False,32,e4m3
28,blocks.1.attn.qkv,element,7,False,False,32,e4m3
28,blocks.2.mlp.2,element,0,False,False,32,e4m3
28,blocks.4.mlp.2,element,0,False,False,32,e4m3
28,blocks.5.attn.qkv,element,4,False,False,32,e4m3
28,blocks.2.mlp.2,element,7,False,False,32,e4m3
28,blocks.3.attn.qkv,element,4,False,False,32,e4m3
28,blocks.4.mlp.2,element,6,False,False,32,e4m3
28,blocks.0.mlp.0,element,0,False,False,32,e4m3
28,blocks.4.mlp.2,element,1,False,False,32,e4m3
28,blocks.0.mlp.2,element,6,False,False,32,e4m3
28,blocks.2.attn.qkv,element,4,False,False,32,e4m3
28,blocks.4.mlp.2,element,6,False,False,32,e4m3
28,blocks.4.attn.qkv,element,6,False,False,32,e4m3
35,blocks.2.attn.proj,element,2,False,False,32,e4m3
35,blocks.1.attn.qkv,element,4,False,False,32,e4m3
35,blocks.1.mlp.2,element,1,False,False,32,e4m3
35,blocks.4.mlp.2,element,5,False,False,32,e4m3
35,blocks.2.mlp.2,element,2,False,False,32,e4m3
35,blocks.3.mlp.2,element,1,False,False,32,e4m3
35,blocks.2.mlp.0,element,0,False,False,32,e4m3
35,blocks.4.attn.proj,element,0,False,False,32,e4m3
35,blocks.0.mlp.2,element,1,False,False,32,e4m3
35,blocks.2.mlp.2,element,6,False,False,32,e4m3
35,blocks.0.mlp.2,element,5,False,False,32,e4m3
35,blocks.2.mlp.2,element,4,False,False,32,e4m3
35,blocks.5.mlp.0,element,4,False,False,32,e4m3
35,blocks.2.mlp.2,element,0,False,False,32,e4m3
35,blocks.3.mlp.2,element,6,False,False,32,e4m3
35,blocks.0.attn.proj,element,2,False,False,32,e4m3
35,blocks.0.mlp.2,element,4,False,False,32,e4m3
35,blocks.5.mlp.2,element,0,False,False,32,e4m3
35,blocks.3.mlp.2,scale,7,True,True,32,e4m3
35,blocks.2.attn.qkv,element,3,False,False,32,e4m3
35,blocks.4.attn.proj,element,7,False,False,32,e4m3
35,blocks.2.mlp.2,element,7,False,False,32,e4m3
35,blocks.5.mlp.2,element,6,False,False,32,e4m3
35,blocks.1.mlp.2,element,7,False,False,32,e4m3
35,blocks.5.mlp.2,element,1,False,False,32,e4m3
35,blocks.3.attn.proj,element,2,False,False,32,e4m3
35,blocks.1.attn.qkv,element,3,False,False,32,e4m3
35,blocks.2.mlp.2,element,2,False,False,32,e4m3
35,blocks.4.mlp.2,element,5,False,False,32,e4m3
35,blocks.2.mlp.2,element,3,False,False,32,e4m3
35,blocks.5.attn.qkv,scale,3,True,False,32,e4m3
35,blocks.1.mlp.0,element,5,False,False,32,e4m3
35,blocks.5.mlp.0,element,1,False,False,32,e4m3
35,blocks.1.attn.proj,element,2,False,False,32,e4m3
35,blocks.1.mlp.2,element,0,False,False,32,e4m3
35,blocks.4.mlp.2,element,5,False,False,32,e4m3
35,blocks.4.mlp.2,element,5,False,False,32,e4m3
35,blocks.3.mlp.2,element,5,False,False,32,e4m3
35,blocks.3.mlp.2,element,6,False,False,32,e4m3
35,blocks.2.mlp.2,element,3,False,False,32,e4m3
90,blocks.0.mlp.2,element,3,False,False,32,e4m3
90,blocks.5.attn.proj,element,5,False,False,32,e4m3
90,blocks.2.attn.qkv,element,3,False,False,32,e4m3
90,blocks.1.mlp.2,element,6,False,False,32,e4m3
90,blocks.3.attn.qkv,element,2,False,False,32,e4m3
90,blocks.5.mlp.2,element,6,False,False,32,e4m3
90,blocks.1.mlp.2,element,3,False,False,32,e4m3
90,blocks.4.attn.proj,element,7,False,False,32,e4m3
90,blocks.4.mlp.2,element,0,False,False,32,e4m3
90,blocks.3.attn.qkv,element,6,False,False,32,e4m3
90,blocks.4.attn.proj,element,2,False,False,32,e4m3
90,blocks.0.attn.qkv,element,1,False,False,32,e4m3
90,blocks.0.mlp.2,element,2,False,False,32,e4m3
90,blocks.3.mlp.2,element,0,False,False,32,e4m3
90,blocks.2.mlp.2,element,4,False,False,32,e4m3
90,blocks.1.mlp.2,element,3,False,False,32,e4m3
90,blocks.3.mlp.2,element,1,False,False,32,e4m3
90,blocks.3.mlp.2,element,5,False,False,32,e4m3
90,blocks.4.mlp.2,element,4,False,False,32,e4m3
90,blocks.3.mlp.0,element,5,False,False,32,e4m3
90,blocks.3.mlp.2,element,5,False,False,32,e4m3
90,blocks.1.attn.proj,element,4,False,False,32,e4m3
90,blocks.2.mlp.2,element,3,False,False,32,e4m3
90,blocks.2.mlp.2,scale,0,False,False,32,e4m3
90,blocks.2.attn.qkv,element,4,False,False,32,e4m3
90,patch_embed.proj,element,6,False,False,32,e4m3
90,blocks.3.mlp.0,element,4,True,True,32,e4m3
90,blocks.4.mlp.2,element,2,False,False,32,e4m3
90,blocks.3.mlp.2,element,5,False,False,32,e4m3
90,blocks.3.attn.proj,element,4,False,False,32,e4m3
90,blocks.1.mlp.2,element,2,False,False,32,e4m3
90,blocks.1.mlp.0,element,0,False,False,32,e4m3
90,blocks.4.mlp.2,element,5,False,False,32,e4m3
90,blocks.3.attn.qkv,element,2,False,False,32,e4m3
90,blocks.5.mlp.2,element,2,False,False,32,e4m3
90,blocks.5.mlp.2,element,4,False,False,32,e4m3
90,blocks.3.mlp.2,element,0,False,False,32,e4m3
90,blocks.5.mlp.2,element,5,False,False,32,e4m3
90,blocks.4.attn.qkv,element,0,False,False,32,e4m3
90,blocks.2.attn.proj,element,5,False,False,32,e4m3
96,blocks.2.mlp.2,element,6,False,False,32,e4m3
96,blocks.1.mlp.2,element,4,False,False,32,e4m3
96,blocks.5.mlp.2,element,1,False,False,32,e4m3
96,blocks.0.mlp.2,element,0,False,False,32,e4m3
96,blocks.2.mlp.2,element,2,False,False,32,e4m3
96,blocks.5.attn.qkv,element,4,False,False,32,e4m3
96,blocks.2.attn.proj,element,4,False,False,32,e4m3
96,blocks.4.mlp.2,element,4,False,False,32,e4m3
96,blocks.2.mlp.2,element,2,False,False,32,e4m3
96,blocks.3.attn.proj,element,7,False,False,32,e4m3
96,blocks.5.mlp.2,element,2,False,False,32,e4m3
96,blocks.3.mlp.2,element,5,False,False,32,e4m3
96,blocks.5.mlp.0,element,6,False,False,32,e4m3
96,blocks.3.mlp.2,element,7,False,False,32,e4m3
96,blocks.2.mlp.2,element,5,False,False,32,e4m3
96,blocks.1.mlp.2,element,4,False,False,32,e4m3
96,blocks.3.mlp.2,element,3,False,False,32,e4m3
96,blocks.0.mlp.2,element,1,False,False,32,e4m3
96,blocks.5.mlp.2,element,5,False,False,32,e4m3
96,blocks.4.mlp.2,element,1,False,False,32,e4m3
96,blocks.5.mlp.2,element,7,False,False,32,e4m3
96,blocks.3.mlp.2,element,0,False,False,32,e4m3
96,blocks.5.attn.qkv,element,0,False,False,32,e4m3
96,blocks.3.attn.qkv,element,2,False,False,32,e4m3
96,blocks.4.mlp.2,element,7,False,False,32,e4m3
96,blocks.1.mlp.2,element,1,False,False,32,e4m3
96,blocks.0.mlp.2,element,2,False,False,32,e4m3
96,blocks.0.mlp.2,element,1,False,False,32,e4m3
96,blocks.0.mlp.2,element,6,False,False,32,e4m3
96,blocks.1.mlp.2,element,0,False,False,32,e4m3
96,blocks.1.mlp.2,element,2,False,False,32,e4m3
96,blocks.1.mlp.2,element,3,False,False,32,e4m3
96,patch_embed.proj,element,1,False,False,32,e4m3
96,blocks.3.mlp.0,element,1,False,False,32,e4m3
96,blocks.5.mlp.0,element,5,False,False,32,e4m3
96,blocks.4.attn.proj,element,0,False,False,32,e4m3
96,blocks.3.mlp.2,element,6,False,False,32,e4m3
96,blocks.1.mlp.0,element,7,False,False,32,e4m3
96,blocks.5.mlp.2,element,0,False,False,32,e4m3
96,blocks.2.attn.qkv,element,3,False,False,32,e4m3
61,blocks.3.mlp.2,element,3,False,False,32,e4m3
61,blocks.2.mlp.2,element,6,False,False,32,e4m3
61,blocks.0.mlp.0,element,4,False,False,32,e4m3
61,blocks.3.mlp.2,element,3,False,False,32,e4m3
61,blocks.3.attn.qkv,element,7,False,False,32,e4m3
61,blocks.1.mlp.2,element,5,False,False,32,e4m3
61,blocks.4.mlp.2,element,1,False,False,32,e4m3
61,blocks.4.mlp.2,element,1,False,False,32,e4m3
61,blocks.1.mlp.0,element,7,False,False,32,e4m3
61,blocks.2.mlp.0,element,2,False,False,32,e4m3
61,blocks.0.mlp.2,element,4,False,False,32,e4m3
61,blocks.5.mlp.2,element,4,False,False,32,e4m3
61,blocks.1.attn.proj,element,5,False,False,32,e4m3
61,blocks.0.attn.qkv,element,6,False,False,32,e4m3
61,blocks.2.attn.qkv,element,0,False,False,32,e4m3
61,blocks.4.mlp.2,element,1,False,False,32,e4m3
61,blocks.0.attn.proj,element,0,False,False,32,e4m3
61,blocks.1.attn.proj,element,3,True,True,32,e4m3
61,blocks.3.mlp.2,element,2,False,False,32,e4m3
61,blocks.5.mlp.2,element,7,False,False,32,e4m3
61,blocks.1.attn.proj,element,7,False,False,32,e4m3
61,blocks.4.attn.proj,element,0,False,False,32,e4m3
61,blocks.4.attn.proj,element,2,False,False,32,e4m3
61,blocks.2.mlp.2,element,6,False,False,32,e4m3
61,blocks.1.mlp.2,element,5,False,False,32,e4m3
61,blocks.2.attn.proj,element,4,False,False,32,e4m3
61,blocks.0.mlp.2,element,0,True,True,32,e4m3
61,blocks.2.mlp.0,element,6,False,False,32,e4m3
61,blocks.2.attn.qkv,element,2,False,False,32,e4m3
61,blocks.0.mlp.0,element,1,False,False,32,e4m3
61,blocks.3.mlp.2,element,2,False,False,32,e4m3
61,blocks.3.mlp.0,scale,4,False,False,32,e4m3
61,blocks.5.mlp.2,element,3,False,False,32,e4m3
61,blocks.0.attn.proj,element,4,False,False,32,e4m3
61,patch_embed.proj,element,6,False,False,32,e4m3
61,blocks.5.mlp.2,element,0,False,False,32,e4m3
61,blocks.2.mlp.2,element,1,True,True,32,e4m3
61,blocks.3.mlp.2,element,5,False,False,32,e4m3
61,blocks.5.mlp.2,element,3,False,False,32,e4m3
61,blocks.0.mlp.0,element,0,False,False,32,e4m3
59,blocks.4.attn.qkv,element,0,False,False,32,e4m3
59,blocks.2.mlp.0,element,0,False,False,32,e4m3
59,blocks.4.mlp.0,element,1,False,False,32,e4m3
59,blocks.3.attn.qkv,element,3,False,False,32,e4m3
59,blocks.0.mlp.2,element,6,False,False,32,e4m3
59,blocks.2.mlp.2,scale,1,False,False,32,e4m3
59,blocks.0.mlp.2,element,3,False,False,32,e4m3
59,blocks.4.mlp.2,element,0,False,False,32,e4m3
59,blocks.0.mlp.0,element,6,False,False,32,e4m3
59,blocks.0.mlp.2,element,0,False,False,32,e4m3
59,blocks.0.mlp.2,element,3,False,False,32,e4m3
59,blocks.3.attn.qkv,element,7,False,False,32,e4m3
59,blocks.4.attn.proj,element,3,False,False,32,e4m3
59,blocks.3.mlp.0,element,7,False,False,32,e4m3
59,blocks.3.mlp.2,element,2,False,False,32,e4m3
59,blocks.1.mlp.2,element,3,False,False,32,e4m3
59,blocks.5.attn.qkv,element,5,False,False,32,e4m3
59,blocks.3.mlp.2,element,7,False,False,32,e4m3
59,blocks.5.mlp.2,element,6,False,False,32,e4m3
59,blocks.3.mlp.0,element,2,False,False,32,e4m3
59,blocks.0.mlp.2,element,1,False,False,32,e4m3
59,blocks.1.attn.qkv,element,1,False,False,32,e4m3
59,blocks.3.mlp.2,element,4,False,False,32,e4m3
59,blocks.4.mlp.2,element,5,False,False,32,e4m3
59,blocks.1.mlp.0,element,5,False,False,32,e4m3
59,blocks.2.attn.proj,element,5,False,False,32,e4m3
59,blocks.1.attn.proj,element,7,False,False,32,e4m3
59,blocks.0.mlp.2,element,1,False,False,32,e4m3
59,blocks.3.mlp.2,element,4,False,False,32,e4m3
59,blocks.5.mlp.2,element,5,False,False,32,e4m3
59,blocks.3.mlp.2,element,3,False,False,32,e4m3
59,blocks.2.mlp.0,element,4,False,False,32,e4m3
59,blocks.0.mlp.2,element,1,False,False,32,e4m3
59,blocks.0.mlp.2,element,1,False,False,32,e4m3
59,blocks.4.mlp.2,element,1,False,False,32,e4m3
59,blocks.3.mlp.2,element,5,False,False,32,e4m3
59,blocks.4.mlp.0,element,2,False,False,32,e4m3
59,blocks.2.mlp.2,element,2,False,False,32,e4m3
59,blocks.3.mlp.2,element,6,False,False,32,e4m3
59,blocks.1.mlp.2,element,1,False,False,32,e4m3
73,blocks.1.attn.proj,element,1,False,False,32,e4m3
73,blocks.3.mlp.2,element,3,False,False,32,e4m3
73,blocks.0.mlp.2,element,2,False,False,32,e4m3
73,blocks.5.attn.qkv,element,3,False,False,32,e4m3
73,blocks.2.mlp.0,element,3,False,False,32,e4m3
73,blocks.4.mlp.2,element,2,False,False,32,e4m3
73,blocks.3.mlp.2,element,6,False,False,32,e4m3
73,blocks.0.attn.proj,element,0,False,False,32,e4m3
73,blocks.1.mlp.2,element,5,False,False,32,e4m3
73,blocks.4.attn.proj,element,7,False,False,32,e4m3
73,blocks.3.attn.proj,element,5,False,False,32,e4m3
73,blocks.0.attn.proj,element,2,False,False,32,e4m3
73,blocks.1.mlp.2,element,2,True,True,32,e4m3
73,blocks.3.attn.proj,element,6,False,False,32,e4m3
73,blocks.0.mlp.2,element,7,False,False,32,e4m3
73,blocks.4.mlp.2,element,0,False,False,32,e4m3
73,blocks.0.mlp.2,element,0,False,False,32,e4m3
73,blocks.5.mlp.2,element,7,False,False,32,e4m3
73,blocks.3.mlp.0,element,0,False,False,32,e4m3
73,blocks.0.attn.proj,element,6,False,False,32,e4m3
73,blocks.4.mlp.0,element,2,False,False,32,e4m3
73,blocks.1.mlp.2,element,2,False,False,32,e4m3
73,blocks.5.mlp.2,element,4,False,False,32,e4m3
73,blocks.0.mlp.0,element,0,False,False,32,e4m3
73,blocks.3.mlp.0,element,1,False,False,32,e4m3
73,blocks.4.attn.qkv,element,3,False,False,32,e4m3
73,blocks.0.mlp.2,element,3,False,False,32,e4m3
73,blocks.5.mlp.2,element,6,False,False,32,e4m3
73,blocks.2.mlp.2,element,0,False,False,32,e4m3
73,blocks.3.mlp.2,scale,7,True,True,32,e4m3
73,blocks.5.mlp.2,element,7,False,False,32,e4m3
73,blocks.3.mlp.2,element,0,False,False,32,e4m3
73,blocks.2.mlp.0,element,0,False,False,32,e4m3
73,blocks.0.attn.qkv,element,2,True,False,32,e4m3
73,blocks.2.mlp.2,element,0,False,False,32,e4m3
73,blocks.4.mlp.2,element,2,False,False,32,e4m3
73,blocks.4.mlp.2,element,7,False,False,32,e4m3
73,blocks.2.mlp.2,element,6,False,False,32,e4m3
73,blocks.2.attn.proj,element,2,False,False,32,e4m3
73,blocks.1.mlp.2,element,6,False,False,32,e4m3
82,blocks.1.attn.proj,element,0,False,False,32,e4m3
82,blocks.4.mlp.0,element,4,False,False,32,e4m3
82,blocks.4.mlp.2,element,0,False,False,32,e4m3
82,blocks.5.mlp.0,element,1,False,False,32,e4m3
82,blocks.5.mlp.2,element,1,False,False,32,e4m3
82,blocks.5.mlp.2,element,7,False,False,32,e4m3
82,blocks.1.mlp.2,element,2,False,False,32,e4m3
82,blocks.3.mlp.2,element,3,False,False,32,e4m3
82,blocks.3.attn.proj,element,3,False,False,32,e4m3
82,blocks.3.mlp.2,element,7,False,False,32,e4m3
82,blocks.0.mlp.2,element,6,False,False,32,e4m3
82,blocks.1.attn.qkv,element,3,False,False,32,e4m3
82,blocks.4.mlp.2,element,1,False,False,32,e4m3
82,blocks.4.mlp.2,element,0,False,False,32,e4m3
82,blocks.1.mlp.2,element,0,False,False,32,e4m3
82,blocks.3.mlp.2,element,7,False,False,32,e4m3
82,blocks.3.attn.qkv,element,5,False,False,32,e4m3
82,blocks.4.attn.proj,element,7,False,False,32,e4m3
82,blocks.5.mlp.2,element,2,False,False,32,e4m3
82,blocks.5.attn.proj,element,6,False,False,32,e4m3
82,blocks.4.mlp.2,element,3,False,False,32,e4m3
82,blocks.0.attn.qkv,element,1,False,False,32,e4m3
82,blocks.2.mlp.2,element,0,False,False,32,e4m3
82,blocks.5.mlp.2,element,7,False,False,32,e4m3
82,blocks.4.mlp.2,element,3,False,False,32,e4m3
82,blocks.2.mlp.2,element,5,False,False,32,e4m3
82,blocks.2.mlp.0,element,3,False,False,32,e4m3
82,blocks.0.mlp.2,element,5,False,False,32,e4m3
82,blocks.0.mlp.2,element,5,False,False,32,e4m3
82,blocks.0.mlp.2,element,5,False,False,32,e4m3
82,blocks.3.mlp.0,element,5,False,False,32,e4m3
82,blocks.3.mlp.0,element,2,False,False,32,e4m3
82,blocks.2.attn.proj,element,3,False,False,32,e4m3
82,blocks.4.mlp.2,element,7,False,False,32,e4m3
82,blocks.0.mlp.2,element,7,False,False,32,e4m3
82,blocks.3.attn.proj,scale,5,False,False,32,e4m3
82,blocks.2.mlp.2,element,3,False,False,32,e4m3
82,blocks.2.mlp.2,element,4,False,False,32,e4m3
82,blocks.5.mlp.2,element,3,False,False,32,e4m3
82,blocks.3.attn.qkv,element,3,False,False,32,e4m3
38,blocks.0.attn.qkv,element,6,False,False,32,e4m3
38,blocks.3.mlp.2,element,5,False,False,32,e4m3
38,blocks.4.mlp.2,element,5,False,False,32,e4m3
38,blocks.0.mlp.2,element,4,False,False,32,e4m3
38,blocks.1.mlp.2,element,7,False,False,32,e4m3
38,blocks.5.attn.qkv,element,7,False,False,32,e4m3
38,blocks.2.mlp.0,scale,3,False,False,32,e4m3
38,blocks.2.mlp.2,element,4,False,False,32,e4m3
38,patch_embed.proj,element,1,False,False,32,e4m3
38,blocks.5.mlp.2,element,4,False,False,32,e4m3
38,blocks.5.mlp.2,element,7,False,False,32,e4m3
38,blocks.1.mlp.2,element,4,False,False,32,e4m3
38,blocks.4.mlp.0,element,2,False,False,32,e4m3
38,blocks.5.mlp.2,element,5,False,False,32,e4m3
38,blocks.4.mlp.2,element,5,False,False,32,e4m3
38,blocks.3.mlp.2,element,1,False,False,32,e4m3
38,blocks.5.mlp.2,element,4,False,False,32,e4m3
38,blocks.1.mlp.2,element,7,False,False,32,e4m3
38,blocks.5.mlp.2,element,4,False,False,32,e4m3
38,blocks.3.mlp.2,element,3,False,False,32,e4m3
38,blocks.0.mlp.2,element,4,False,False,32,e4m3
38,blocks.3.mlp.2,element,5,False,False,32,e4m3
38,blocks.2.mlp.2,element,7,False,False,32,e4m3
38,blocks.4.mlp.2,element,1,False,False,32,e4m3
38,blocks.0.mlp.0,element,4,False,False,32,e4m3
38,blocks.4.mlp.2,element,5,False,False,32,e4m3
38,blocks.4.mlp.2,element,7,False,False,32,e4m3
38,blocks.0.mlp.0,element,0,False,False,32,e4m3
38,blocks.0.mlp.2,element,3,False,False,32,e4m3
38,blocks.3.mlp.0,element,6,False,False,32,e4m3
38,patch_embed.proj,element,0,False,False,32,e4m3
38,blocks.0.attn.proj,element,4,False,False,32,e4m3
38,blocks.4.attn.qkv,element,0,False,False,32,e4m3
38,blocks.5.attn.proj,element,0,False,False,32,e4m3
38,blocks.3.mlp.2,element,2,False,False,32,e4m3
38,blocks.2.mlp.2,element,6,False,False,32,e4m3
38,blocks.5.mlp.2,element,4,False,False,32,e4m3
38,blocks.0.attn.proj,element,1,False,False,32,e4m3
38,blocks.1.mlp.2,element,3,False,False,32,e4m3
38,blocks.1.mlp.2,scale,7,True,True,32,e4m3
80,blocks.5.attn.qkv,element,1,False,False,32,e4m3
80,blocks.5.mlp.2,element,4,False,False,32,e4m3
80,blocks.3.mlp.2,element,0,False,False,32,e4m3
80,blocks.2.mlp.2,element,6,False,False,32,e4m3
80,blocks.2.mlp.2,scale,0,False,False,32,e4m3
80,blocks.5.mlp.2,element,6,False,False,32,e4m3
80,blocks.2.mlp.2,element,3,False,False,32,e4m3
80,blocks.4.mlp.2,element,6,False,False,32,e4m3
80,blocks.2.mlp.2,element,3,False,False,32,e4m3
80,blocks.3.attn.qkv,element,1,False,False,32,e4m3
80,blocks.1.mlp.2,element,0,False,False,32,e4m3
80,blocks.1.mlp.0,element,4,False,False,32,e4m3
80,blocks.4.mlp.2,element,2,False,False,32,e4m3
80,blocks.5.mlp.2,element,6,False,False,32,e4m3
80,blocks.4.mlp.0,element,6,False,False,32,e4m3
80,blocks.0.mlp.2,element,1,False,False,32,e4m3
80,blocks.5.mlp.2,element,7,False,False,32,e4m3
80,blocks.0.mlp.2,element,0,False,False,32,e4m3
80,blocks.0.attn.qkv,element,4,False,False,32,e4m3
80,blocks.4.mlp.2,element,0,False,False,32,e4m3
80,blocks.1.attn.qkv,element,2,False,False,32,e4m3
80,blocks.3.mlp.0,element,2,False,False,32,e4m3
80,blocks.2.attn.qkv,element,4,False,False,32,e4m3
80,blocks.4.mlp.2,element,7,False,False,32,e4m3
80,blocks.2.mlp.0,element,7,False,False,32,e4m3
80,blocks.3.mlp.2,element,4,False,False,32,e4m3
80,blocks.2.mlp.0,element,1,False,False,32,e4m3
80,blocks.4.attn.proj,element,1,False,False,32,e4m3
80,blocks.2.attn.qkv,element,0,False,False,32,e4m3
80,blocks.4.mlp.2,element,1,False,False,32,e4m3
80,blocks.1.attn.qkv,element,5,False,False,32,e4m3
80,blocks.2.attn.qkv,element,7,False,False,32,e4m3
80,blocks.4.mlp.2,element,7,False,False,32,e4m3
80,blocks.0.mlp.2,element,0,False,False,32,e4m3
80,blocks.4.attn.qkv,element,1,False,False,32,e4m3
80,blocks.2.mlp.2,scale,4,False,False,32,e4m3
80,blocks.1.mlp.2,element,5,True,True,32,e4m3
80,blocks.0.mlp.2,element,3,False,False,32,e4m3
80,blocks.1.attn.qkv,element,5,False,False,32,e4m3
80,blocks.4.mlp.0,element,3,False,False,32,e4m3
16,blocks.1.mlp.0,element,3,False,False,32,e4m3
16,blocks.2.mlp.2,element,4,False,False,32,e4m3
16,blocks.4.mlp.2,element,0,False,False,32,e4m3
16,blocks.1.attn.qkv,element,1,False,False,32,e4m3
16,blocks.3.mlp.2,element,4,False,False,32,e4m3
16,blocks.4.attn.qkv,element,2,False,False,32,e4m3
16,blocks.4.attn.proj,element,5,False,False,32,e4m3
16,blocks.5.mlp.2,element,6,False,False,32,e4m3
16,blocks.1.mlp.2,element,5,False,False,32,e4m3
16,blocks.5.attn.proj,element,6,False,False,32,e4m3
16,blocks.3.attn.qkv,element,1,False,False,32,e4m3
16,blocks.3.mlp.0,element,0,False,False,32,e4m3
16,blocks.1.mlp.0,element,4,False,False,32,e4m3
16,blocks.5.mlp.2,element,1,False,False,32,e4m3
16,blocks.5.attn.proj,element,5,False,False,32,e4m3
16,blocks.3.mlp.2,element,2,False,False,32,e4m3
16,blocks.3.mlp.2,scale,5,False,False,32,e4m3
16,blocks.2.attn.qkv,element,5,False,False,32,e4m3
16,blocks.4.mlp.2,element,4,False,False,32,e4m3
16,blocks.3.mlp.2,element,5,False,False,32,e4m3
16,blocks.0.attn.qkv,element,3,False,False,32,e4m3
16,blocks.1.mlp.2,element,2,False,False,32,e4m3
16,blocks.5.mlp.2,element,0,False,False,32,e4m3
16,blocks.1.attn.proj,element,2,False,False,32,e4m3
16,blocks.5.mlp.2,element,5,False,False,32,e4m3
16,blocks.2.attn.proj,element,7,False,False,32,e4m3
16,blocks.5.mlp.2,element,0,False,False,32,e4m3
16,blocks.2.mlp.0,element,4,False,False,32,e4m3
16,blocks.1.mlp.0,element,6,False,False,32,e4m3
16,blocks.1.mlp.2,element,7,False,False,32,e4m3
16,blocks.3.mlp.0,element,6,False,False,32,e4m3
16,blocks.5.attn.proj,element,1,False,False,32,e4m3
16,blocks.0.attn.proj,element,4,False,False,32,e4m3
16,blocks.0.mlp.0,element,3,False,False,32,e4m3
16,blocks.4.mlp.0,element,1,False,False,32,e4m3
16,blocks.3.mlp.2,element,4,False,False,32,e4m3
16,blocks.2.mlp.0,element,5,False,False,32,e4m3
16,blocks.5.attn.proj,element,1,False,False,32,e4m3
16,blocks.5.mlp.2,element,0,False,False,32,e4m3
16,blocks.1.mlp.2,element,3,False,False,32,e4m3
92,blocks.1.mlp.2,element,2,False,False,32,e4m3
92,blocks.3.mlp.2,element,4,False,False,32,e4m3
92,blocks.3.mlp.0,element,5,False,False,32,e4m3
92,blocks.1.attn.qkv,element,6,False,False,32,e4m3
92,blocks.3.mlp.2,element,1,False,False,32,e4m3
92,blocks.2.mlp.2,element,5,False,False,32,e4m3
92,blocks.5.mlp.2,element,2,False,False,32,e4m3
92,blocks.0.mlp.0,element,1,False,False,32,e4m3
92,blocks.4.mlp.2,element,1,False,False,32,e4m3
92,blocks.4.mlp.0,element,1,False,False,32,e4m3
92,blocks.5.mlp.2,element,4,False,False,32,e4m3
92,blocks.1.mlp.2,element,1,False,False,32,e4m3
92,blocks.5.mlp.2,element,5,False,False,32,e4m3
92,blocks.1.attn.proj,element,6,False,False,32,e4m3
92,blocks.4.mlp.2,element,5,False,False,32,e4m3
92,blocks.4.attn.proj,element,5,False,False,32,e4m3
92,blocks.5.attn.proj,element,1,False,False,32,e4m3
92,blocks.2.mlp.2,element,1,False,False,32,e4m3
92,blocks.0.mlp.2,element,2,False,False,32,e4m3
92,blocks.0.attn.proj,element,5,False,False,32,e4m3
92,blocks.5.mlp.0,element,4,False,False,32,e4m3
92,blocks.5.attn.qkv,element,4,False,False,32,e4m3
92,blocks.4.mlp.2,element,2,False,False,32,e4m3
92,blocks.1.mlp.2,element,5,False,False,32,e4m3
92,blocks.0.mlp.2,element,3,False,False,32,e4m3
92,blocks.5.mlp.2,element,4,False,False,32,e4m3
92,blocks.0.attn.qkv,element,3,False,False,32,e4m3
92,blocks.0.attn.proj,element,1,False,False,32,e4m3
92,blocks.0.mlp.2,element,1,False,False,32,e4m3
92,blocks.1.mlp.2,element,3,False,False,32,e4m3
92,blocks.1.attn.proj,element,0,False,False,32,e4m3
92,blocks.2.attn.qkv,element,2,False,False,32,e4m3
92,blocks.0.attn.qkv,element,0,False,False,32,e4m3
92,blocks.4.mlp.2,element,6,False,False,32,e4m3
92,blocks.4.mlp.2,element,5,False,False,32,e4m3
92,blocks.2.attn.qkv,element,4,False,False,32,e4m3
92,blocks.0.attn.qkv,element,5,False,False,32,e4m3
92,blocks.4.mlp.0,element,3,False,False,32,e4m3
92,blocks.4.attn.proj,element,5,False,False,32,e4m3
92,blocks.1.mlp.2,element,7,False,False,32,e4m3
32,blocks.5.mlp.2,element,2,False,False,32,e4m3
32,blocks.0.mlp.2,element,7,False,False,32,e4m3
32,blocks.1.mlp.2,element,7,False,False,32,e4m3
32,blocks.4.mlp.0,element,3,False,False,32,e4m3
32,blocks.2.mlp.2,element,2,False,False,32,e4m3
32,blocks.3.mlp.2,element,2,False,False,32,e4m3
32,blocks.0.mlp.2,element,3,False,False,32,e4m3
32,blocks.1.mlp.2,element,4,False,False,32,e4m3
32,blocks.3.mlp.2,element,5,False,False,32,e4m3
32,blocks.2.mlp.2,element,0,False,False,32,e4m3
32,blocks.4.attn.qkv,element,2,False,False,32,e4m3
32,blocks.3.mlp.2,element,5,False,False,32,e4m3
32,blocks.2.mlp.2,element,7,False,False,32,e4m3
32,blocks.4.mlp.2,element,6,False,False,32,e4m3
32,blocks.2.mlp.2,element,5,False,False,32,e4m3
32,blocks.1.attn.qkv,element,0,False,False,32,e4m3
32,blocks.5.mlp.2,element,3,False,False,32,e4m3
32,blocks.2.attn.proj,element,5,False,False,32,e4m3
32,blocks.3.mlp.2,element,3,False,False,32,e4m3
32,blocks.1.mlp.2,element,0,False,False,32,e4m3
32,blocks.3.mlp.2,element,7,False,False,32,e4m3
32,blocks.1.mlp.2,element,1,False,False,32,e4m3
32,blocks.3.attn.proj,element,0,False,False,32,e4m3
32,blocks.4.mlp.2,element,6,False,False,32,e4m3
32,blocks.3.attn.proj,element,3,False,False,32,e4m3
32,blocks.3.mlp.0,element,3,False,False,32,e4m3
32,blocks.0.mlp.2,element,5,False,False,32,e4m3
32,blocks.2.mlp.2,element,2,False,False,32,e4m3
32,blocks.5.mlp.2,element,5,False,False,32,e4m3
32,blocks.1.mlp.0,element,0,False,False,32,e4m3
32,blocks.0.attn.proj,element,0,False,False,32,e4m3
32,blocks.1.mlp.2,element,7,False,False,32,e4m3
32,blocks.5.mlp.2,element,0,False,False,32,e4m3
32,blocks.1.mlp.2,element,5,False,False,32,e4m3
32,blocks.5.mlp.2,element,5,False,False,32,e4m3
32,blocks.4.mlp.2,element,1,False,False,32,e4m3
32,blocks.0.mlp.2,element,0,False,False,32,e4m3
32,blocks.3.mlp.0,element,0,False,False,32,e4m3
32,blocks.3.mlp.2,element,1,False,False,32,e4m3
32,blocks.2.mlp.2,element,7,False,False,32,e4m3
64,blocks.3.mlp.0,element,6,False,False,32,e4m3
64,blocks.1.mlp.2,element,3,False,False,32,e4m3
64,blocks.4.mlp.2,element,5,False,False,32,e4m3
64,blocks.0.mlp.0,element,3,False,False,32,e4m3
64,blocks.0.mlp.2,element,2,False,False,32,e4m3
64,blocks.5.mlp.2,element,0,False,False,32,e4m3
64,blocks.3.mlp.2,scale,6,False,False,32,e4m3
64,blocks.3.mlp.0,element,5,False,False,32,e4m3
64,blocks.1.mlp.0,element,4,False,False,32,e4m3
64,patch_embed.proj,scale,2,False,False,32,e4m3
64,blocks.2.mlp.2,element,6,False,False,32,e4m3
64,blocks.3.attn.proj,element,6,False,False,32,e4m3
64,blocks.5.attn.qkv,element,0,False,False,32,e4m3
64,blocks.3.mlp.0,element,0,False,False,32,e4m3
64,blocks.1.mlp.2,element,5,False,False,32,e4m3
64,blocks.0.attn.proj,element,3,False,False,32,e4m3
64,blocks.1.attn.qkv,element,3,False,False,32,e4m3
64,blocks.3.mlp.0,element,3,False,False,32,e4m3
64,blocks.2.mlp.2,element,6,False,False,32,e4m3
64,blocks.2.mlp.2,element,0,False,False,32,e4m3
64,blocks.4.attn.qkv,element,4,False,False,32,e4m3
64,blocks.0.mlp.0,element,5,False,False,32,e4m3
64,blocks.4.attn.proj,element,4,False,False,32,e4m3
64,blocks.0.mlp.2,element,2,False,False,32,e4m3
64,blocks.0.mlp.0,element,0,False,False,32,e4m3
64,blocks.4.mlp.2,element,3,False,False,32,e4m3
64,blocks.3.mlp.2,element,1,False,False,32,e4m3
64,blocks.3.mlp.2,element,6,False,False,32,e4m3
64,blocks.3.mlp.2,element,5,False,False,32,e4m3
64,blocks.5.attn.proj,element,4,False,False,32,e4m3
64,blocks.4.mlp.2,element,0,False,False,32,e4m3
64,blocks.5.attn.proj,element,5,False,False,32,e4m3
64,blocks.5.mlp.2,element,2,False,False,32,e4m3
64,blocks.1.mlp.0,element,5,False,False,32,e4m3
64,blocks.0.mlp.2,element,7,False,False,32,e4m3
64,blocks.2.mlp.0,element,6,False,False,32,e4m3
64,blocks.5.mlp.2,element,7,False,False,32,e4m3
64,blocks.0.attn.proj,element,1,False,False,32,e4m3
64,blocks.4.attn.qkv,element,1,False,False,32,e4m3
64,blocks.3.attn.proj,element,0,False,False,32,e4m3
66,blocks.5.mlp.2,element,3,False,False,32,e4m3
66,blocks.1.mlp.2,element,5,False,False,32,e4m3
66,blocks.2.attn.proj,element,6,False,False,32,e4m3
66,blocks.1.mlp.2,element,5,False,False,32,e4m3
66,blocks.1.mlp.2,element,0,False,False,32,e4m3
66,blocks.4.mlp.2,element,6,False,False,32,e4m3
66,blocks.1.mlp.2,element,7,False,False,32,e4m3
66,blocks.0.mlp.2,element,4,False,False,32,e4m3
66,blocks.5.mlp.2,element,2,False,False,32,e4m3
66,blocks.3.mlp.2,element,5,False,False,32,e4m3
66,blocks.5.mlp.2,scale,0,False,False,32,e4m3
66,blocks.4.mlp.2,element,1,False,False,32,e4m3
66,blocks.3.mlp.0,scale,5,False,False,32,e4m3
66,blocks.1.mlp.2,scale,0,False,False,32,e4m3
66,blocks.2.mlp.0,element,7,False,False,32,e4m3
66,blocks.0.mlp.2,element,0,False,False,32,e4m3
66,blocks.5.mlp.0,element,0,False,False,32,e4m3
66,blocks.1.mlp.2,element,0,False,False,32,e4m3
66,blocks.0.mlp.2,element,5,False,False,32,e4m3
66,blocks.5.attn.proj,element,7,False,False,32,e4m3
66,blocks.4.mlp.2,element,3,False,False,32,e4m3
66,blocks.3.mlp.2,element,6,False,False,32,e4m3
66,blocks.4.mlp.0,element,7,False,False,32,e4m3
66,blocks.2.attn.proj,element,5,False,False,32,e4m3
66,blocks.3.attn.qkv,element,0,False,False,32,e4m3
66,blocks.1.mlp.2,element,7,False,False,32,e4m3
66,blocks.2.mlp.2,element,3,False,False,32,e4m3
66,blocks.3.mlp.2,element,1,False,False,32,e4m3
66,blocks.1.mlp.2,element,5,False,False,32,e4m3
66,blocks.0.mlp.2,scale,4,False,False,32,e4m3
66,blocks.1.mlp.2,element,5,False,False,32,e4m3
66,blocks.0.mlp.2,element,0,False,False,32,e4m3
66,blocks.5.mlp.2,element,3,False,False,32,e4m3
66,blocks.0.mlp.2,element,6,False,False,32,e4m3
66,blocks.0.mlp.2,element,1,False,False,32,e4m3
66,blocks.4.attn.qkv,element,6,False,False,32,e4m3
66,blocks.1.attn.proj,element,5,False,False,32,e4m3
66,blocks.2.attn.proj,element,3,False,False,32,e4m3
66,blocks.2.attn.qkv,element,3,False,False,32,e4m3
66,blocks.1.mlp.2,element,4,False,False,32,e4m3
40,blocks.5.mlp.2,element,3,False,False,32,e4m3
40,blocks.1.mlp.2,element,5,False,False,32,e4m3
40,blocks.3.mlp.0,element,0,False,False,32,e4m3
40,blocks.4.mlp.2,element,7,False,False,32,e4m3
40,blocks.3.mlp.2,element,3,False,False,32,e4m3
40,blocks.4.attn.qkv,element,0,False,False,32,e4m3
40,blocks.3.mlp.2,element,4,False,False,32,e4m3
40,blocks.1.attn.proj,element,1,False,False,32,e4m3
40,blocks.1.mlp.2,element,2,False,False,32,e4m3
40,blocks.3.mlp.2,element,2,False,False,32,e4m3
40,blocks.4.mlp.2,element,1,False,False,32,e4m3
40,blocks.4.mlp.2,element,0,False,False,32,e4m3
40,blocks.4.mlp.2,element,6,False,False,32,e4m3
40,blocks.4.attn.proj,element,3,False,False,32,e4m3
40,blocks.5.mlp.2,element,1,False,False,32,e4m3
40,blocks.0.mlp.0,scale,6,False,False,32,e4m3
40,blocks.5.attn.qkv,element,0,False,False,32,e4m3
40,blocks.4.attn.proj,element,5,False,False,32,e4m3
40,blocks.0.mlp.2,element,0,False,False,32,e4m3
40,blocks.2.attn.qkv,element,2,False,False,32,e4m3
40,blocks.5.mlp.2,element,2,False,False,32,e4m3
40,blocks.2.mlp.2,element,5,False,False,32,e4m3
40,blocks.4.mlp.0,element,5,False,False,32,e4m3
40,blocks.3.mlp.2,element,3,False,False,32,e4m3
40,blocks.2.mlp.2,element,3,False,False,32,e4m3
40,blocks.2.mlp.2,element,2,False,False,32,e4m3
40,blocks.4.mlp.2,element,1,False,False,32,e4m3
40,blocks.1.mlp.2,element,0,False,False,32,e4m3
40,blocks.0.mlp.0,element,2,False,False,32,e4m3
40,blocks.2.attn.qkv,element,7,False,False,32,e4m3
40,blocks.0.mlp.2,element,0,False,False,32,e4m3
40,blocks.4.mlp.2,element,2,False,False,32,e4m3
40,blocks.3.mlp.2,element,0,False,False,32,e4m3
40,blocks.0.mlp.2,element,3,False,False,32,e4m3
40,blocks.3.attn.qkv,element,0,False,False,32,e4m3
40,blocks.5.mlp.0,element,3,False,False,32,e4m3
40,blocks.2.mlp.2,element,3,False,False,32,e4m3
40,blocks.5.attn.qkv,element,1,False,False,32,e4m3
40,blocks.0.attn.qkv,element,0,False,False,32,e4m3
40,blocks.0.mlp.2,scale,1,False,False,32,e4m3
87,blocks.1.attn.qkv,element,0,False,False,32,e4m3
87,blocks.5.mlp.2,element,5,False,False,32,e4m3
87,blocks.0.mlp.2,element,0,False,False,32,e4m3
87,blocks.2.attn.proj,element,3,False,False,32,e4m3
87,blocks.5.mlp.2,element,6,False,False,32,e4m3
87,blocks.0.mlp.2,element,7,False,False,32,e4m3
87,blocks.5.mlp.2,scale,0,False,False,32,e4m3
87,blocks.0.mlp.2,element,0,False,False,32,e4m3
87,blocks.3.mlp.2,element,7,False,False,32,e4m3
87,blocks.2.mlp.2,element,6,False,False,32,e4m3
87,blocks.4.mlp.2,element,1,False,False,32,e4m3
87,blocks.5.mlp.2,element,4,False,False,32,e4m3
87,blocks.2.attn.proj,element,1,False,False,32,e4m3
87,blocks.4.mlp.2,element,6,False,False,32,e4m3
87,blocks.0.mlp.2,element,7,False,False,32,e4m3
87,blocks.4.attn.proj,element,5,False,False,32,e4m3
87,blocks.2.mlp.2,element,1,False,False,32,e4m3
87,blocks.4.mlp.2,element,3,False,False,32,e4m3
87,blocks.5.attn.proj,element,0,False,False,32,e4m3
87,blocks.4.mlp.2,element,3,False,False,32,e4m3
87,blocks.1.attn.proj,element,2,False,False,32,e4m3
87,blocks.4.mlp.2,element,3,False,False,32,e4m3
87,blocks.4.mlp.2,element,7,False,False,32,e4m3
87,blocks.2.mlp.2,element,4,False,False,32,e4m3
87,blocks.5.mlp.2,element,5,False,False,32,e4m3
87,blocks.4.mlp.2,element,1,False,False,32,e4m3
87,blocks.3.attn.proj,element,5,False,False,32,e4m3
87,blocks.2.mlp.0,scale,0,False,False,32,e4m3
87,blocks.3.mlp.2,element,1,False,False,32,e4m3
87,blocks.0.attn.proj,element,2,False,False,32,e4m3
87,blocks.4.mlp.2,element,6,False,False,32,e4m3
87,blocks.3.attn.qkv,element,7,False,False,32,e4m3
87,blocks.0.mlp.2,element,6,False,False,32,e4m3
87,blocks.2.mlp.2,element,6,False,False,32,e4m3
87,blocks.4.attn.qkv,element,5,False,False,32,e4m3
87,blocks.5.mlp.2,element,2,False,False,32,e4m3
87,blocks.3.attn.qkv,element,3,False,False,32,e4m3
87,blocks.2.attn.qkv,element,0,False,False,32,e4m3
87,blocks.4.attn.qkv,element,4,False,False,32,e4m3
87,blocks.0.mlp.2,element,2,False,False,32,e4m3
55,blocks.1.mlp.2,element,5,False,False,32,e4m3
55,blocks.5.attn.qkv,element,0,False,False,32,e4m3
55,blocks.0.mlp.2,element,5,False,False,32,e4m3
55,blocks.4.attn.proj,scale,2,False,False,32,e4m3
55,blocks.3.attn.proj,element,0,False,False,32,e4m3
55,blocks.2.attn.proj,scale,2,False,False,32,e4m3
55,blocks.2.mlp.2,element,6,False,False,32,e4m3
55,blocks.5.mlp.2,element,4,False,False,32,e4m3
55,blocks.2.mlp.2,element,7,False,False,32,e4m3
55,blocks.2.mlp.2,element,2,False,False,32,e4m3
55,blocks.2.attn.qkv,element,5,False,False,32,e4m3
55,blocks.5.attn.proj,element,4,False,False,32,e4m3
55,patch_embed.proj,element,2,False,False,32,e4m3
55,blocks.1.mlp.2,element,3,False,False,32,e4m3
55,blocks.2.mlp.0,element,4,False,False,32,e4m3
55,blocks.5.mlp.0,element,1,False,False,32,e4m3
55,blocks.4.mlp.2,element,2,False,False,32,e4m3
55,blocks.2.mlp.2,element,3,False,False,32,e4m3
55,blocks.5.mlp.2,element,7,False,False,32,e4m3
55,blocks.4.mlp.2,element,7,False,False,32,e4m3
55,blocks.3.mlp.0,scale,3,False,False,32,e4m3
55,blocks.4.mlp.2,element,0,False,False,32,e4m3
55,blocks.4.mlp.2,element,1,False,False,32,e4m3
55,blocks.5.mlp.2,element,0,False,False,32,e4m3
55,blocks.3.mlp.0,element,3,False,False,32,e4m3
55,blocks.2.attn.proj,element,0,False,False,32,e4m3
55,blocks.2.attn.qkv,element,6,False,False,32,e4m3
55,blocks.5.mlp.2,element,3,False,False,32,e4m3
55,blocks.5.mlp.2,element,7,False,False,32,e4m3
55,blocks.2.mlp.2,element,0,False,False,32,e4m3
55,blocks.3.mlp.2,element,1,False,False,32,e4m3
55,blocks.1.mlp.2,element,7,False,False,32,e4m3
55,blocks.4.mlp.2,element,7,False,False,32,e4m3
55,blocks.3.mlp.0,element,3,False,False,32,e4m3
55,blocks.0.attn.qkv,element,6,False,False,32,e4m3
55,blocks.5.mlp.2,element,4,False,False,32,e4m3
55,blocks.0.mlp.2,element,1,False,False,32,e4m3
55,blocks.5.attn.qkv,element,4,False,False,32,e4m3
55,blocks.5.mlp.2,element,6,False,False,32,e4m3
55,blocks.3.attn.proj,element,6,False,False,32,e4m3
88,blocks.5.attn.proj,element,1,False,False,32,e4m3
88,blocks.4.attn.proj,element,5,False,False,32,e4m3
88,blocks.1.mlp.2,element,7,False,False,32,e4m3
88,blocks.2.attn.proj,element,7,False,False,32,e4m3
88,blocks.0.mlp.2,element,5,False,False,32,e4m3
88,blocks.2.attn.qkv,element,4,False,False,32,e4m3
88,blocks.0.attn.proj,element,3,False,False,32,e4m3
88,blocks.4.mlp.2,element,5,False,False,32,e4m3
88,blocks.1.mlp.2,element,3,False,False,32,e4m3
88,blocks.0.mlp.2,element,3,False,False,32,e4m3
88,blocks.5.attn.proj,element,4,False,False,32,e4m3
88,blocks.5.mlp.2,element,2,False,False,32,e4m3
88,blocks.0.attn.proj,element,7,False,False,32,e4m3
88,blocks.0.attn.qkv,element,6,False,False,32,e4m3
88,blocks.2.mlp.2,element,3,False,False,32,e4m3
88,blocks.0.mlp.2,element,7,False,False,32,e4m3
88,blocks.5.attn.qkv,element,4,False,False,32,e4m3
88,blocks.3.attn.qkv,element,5,False,False,32,e4m3
88,blocks.4.attn.proj,element,5,False,False,32,e4m3
88,blocks.0.attn.proj,element,5,False,False,32,e4m3
88,blocks.3.mlp.2,element,7,False,False,32,e4m3
88,blocks.5.mlp.2,element,1,False,False,32,e4m3
88,blocks.4.attn.proj,element,7,False,False,32,e4m3
88,blocks.4.mlp.2,element,1,False,False,32,e4m3
88,blocks.2.mlp.2,element,1,False,False,32,e4m3
88,blocks.1.mlp.2,element,1,False,False,32,e4m3
88,blocks.3.mlp.0,element,5,False,False,32,e4m3
88,blocks.0.mlp.2,element,3,False,False,32,e4m3
88,blocks.1.attn.qkv,element,1,False,False,32,e4m3
88,blocks.2.mlp.2,element,6,False,False,32,e4m3
88,blocks.5.mlp.2,element,5,False,False,32,e4m3
88,blocks.1.attn.qkv,element,7,False,False,32,e4m3
88,blocks.1.attn.proj,element,4,False,False,32,e4m3
88,blocks.3.mlp.2,element,5,False,False,32,e4m3
88,blocks.0.mlp.0,element,3,False,False,32,e4m3
88,blocks.3.mlp.2,element,5,False,False,32,e4m3
88,blocks.0.mlp.2,element,7,False,False,32,e4m3
88,blocks.4.attn.proj,element,4,False,False,32,e4m3
88,blocks.2.mlp.2,element,5,False,False,32,e4m3
88,blocks.2.mlp.2,element,7,False,False,32,e4m3
56,blocks.2.mlp.0,element,5,False,False,32,e4m3
56,blocks.1.mlp.2,element,4,False,False,32,e4m3
56,blocks.5.mlp.2,element,6,False,False,32,e4m3
56,blocks.1.mlp.0,element,4,True,True,32,e4m3
56,blocks.3.attn.qkv,element,2,False,False,32,e4m3
56,blocks.5.mlp.2,element,0,False,False,32,e4m3
56,blocks.4.mlp.2,element,3,False,False,32,e4m3
56,blocks.1.mlp.2,element,6,False,False,32,e4m3
56,blocks.0.mlp.2,element,4,False,False,32,e4m3
56,blocks.4.attn.qkv,element,5,False,False,32,e4m3
56,blocks.1.attn.qkv,element,7,False,False,32,e4m3
56,blocks.4.attn.qkv,element,3,False,False,32,e4m3
56,blocks.5.attn.qkv,element,2,False,False,32,e4m3
56,blocks.0.mlp.2,element,7,False,False,32,e4m3
56,blocks.2.mlp.2,element,6,False,False,32,e4m3
56,blocks.0.mlp.2,element,0,False,False,32,e4m3
56,blocks.3.mlp.2,element,1,False,False,32,e4m3
56,blocks.4.mlp.2,element,1,False,False,32,e4m3
56,blocks.1.mlp.2,element,3,False,False,32,e4m3
56,blocks.2.mlp.2,element,3,False,False,32,e4m3
56,blocks.5.attn.proj,element,2,False,False,32,e4m3
56,blocks.4.mlp.0,element,2,False,False,32,e4m3
56,blocks.3.mlp.0,element,4,False,False,32,e4m3
56,blocks.5.mlp.2,element,0,False,False,32,e4m3
56,blocks.4.mlp.0,element,3,False,False,32,e4m3
56,blocks.4.mlp.2,element,5,False,False,32,e4m3
56,blocks.0.attn.qkv,element,5,False,False,32,e4m3
56,blocks.5.mlp.0,element,2,False,False,32,e4m3
56,blocks.4.mlp.2,element,2,False,False,32,e4m3
56,blocks.0.mlp.0,element,2,False,False,32,e4m3
56,blocks.2.mlp.2,element,4,False,False,32,e4m3
56,blocks.5.attn.qkv,element,6,False,False,32,e4m3
56,blocks.1.mlp.2,element,2,False,False,32,e4m3
56,blocks.4.mlp.2,element,4,False,False,32,e4m3
56,blocks.2.mlp.2,element,4,False,False,32,e4m3
56,blocks.3.mlp.0,element,3,False,False,32,e4m3
56,blocks.1.mlp.0,element,4,False,False,32,e4m3
56,blocks.2.mlp.2,element,6,False,False,32,e4m3
56,blocks.1.attn.proj,element,7,False,False,32,e4m3
56,blocks.0.mlp.2,element,4,False,False,32,e4m3
3,blocks.3.attn.proj,element,6,False,False,32,e4m3
3,blocks.3.mlp.2,element,5,False,False,32,e4m3
3,blocks.3.mlp.2,element,1,False,False,32,e4m3
3,blocks.3.attn.qkv,element,4,False,False,32,e4m3
3,blocks.4.attn.qkv,element,5,False,False,32,e4m3
3,blocks.1.mlp.0,element,4,False,False,32,e4m3
3,blocks.3.mlp.2,element,3,False,False,32,e4m3
3,blocks.5.mlp.0,element,6,False,False,32,e4m3
3,blocks.3.attn.proj,element,4,False,False,32,e4m3
3,blocks.2.mlp.2,scale,6,False,False,32,e4m3
3,blocks.2.attn.proj,element,3,True,True,32,e4m3
3,blocks.0.mlp.2,element,1,False,False,32,e4m3
3,blocks.1.mlp.2,element,3,False,False,32,e4m3
3,blocks.1.mlp.2,element,7,False,False,32,e4m3
3,blocks.1.attn.qkv,element,7,False,False,32,e4m3
3,blocks.1.attn.proj,element,7,False,False,32,e4m3
3,blocks.4.attn.qkv,element,3,False,False,32,e4m3
3,blocks.4.mlp.0,element,5,False,False,32,e4m3
3,blocks.5.attn.proj,element,6,False,False,32,e4m3
3,blocks.5.mlp.2,element,6,False,False,32,e4m3
3,blocks.0.mlp.2,element,5,False,False,32,e4m3
3,blocks.5.attn.qkv,element,0,False,False,32,e4m3
3,blocks.2.mlp.2,element,3,False,False,32,e4m3
3,blocks.5.mlp.0,element,6,False,False,32,e4m3
3,blocks.5.attn.qkv,element,0,False,False,32,e4m3
3,blocks.1.mlp.2,element,4,False,False,32,e4m3
3,blocks.2.mlp.2,element,3,False,False,32,e4m3
3,blocks.3.attn.qkv,element,1,False,False,32,e4m3
3,blocks.5.mlp.0,element,7,False,False,32,e4m3
3,blocks.4.attn.qkv,element,6,False,False,32,e4m3
3,blocks.5.mlp.2,element,3,False,False,32,e4m3
3,blocks.3.mlp.2,element,3,False,False,32,e4m3
3,blocks.5.attn.proj,element,0,False,False,32,e4m3
3,blocks.5.mlp.2,element,0,False,False,32,e4m3
3,blocks.1.mlp.2,element,7,False,False,32,e4m3
3,blocks.1.attn.qkv,element,3,False,False,32,e4m3
3,blocks.5.mlp.0,element,2,False,False,32,e4m3
3,blocks.3.mlp.2,element,4,False,False,32,e4m3
3,blocks.3.attn.qkv,element,6,False,False,32,e4m3
3,blocks.0.mlp.2,element,6,False,False,32,e4m3
95,blocks.0.mlp.2,element,6,False,False,32,e4m3
95,blocks.1.attn.proj,element,2,False,False,32,e4m3
95,blocks.4.mlp.2,element,7,False,False,32,e4m3
95,blocks.5.mlp.2,element,1,False,False,32,e4m3
95,blocks.2.mlp.2,element,0,False,False,32,e4m3
95,blocks.0.attn.qkv,element,1,False,False,32,e4m3
95,blocks.3.mlp.2,element,7,False,False,32,e4m3
95,blocks.0.mlp.2,element,6,False,False,32,e4m3
95,blocks.5.attn.qkv,element,5,False,False,32,e4m3
95,blocks.1.mlp.0,element,6,False,False,32,e4m3
95,blocks.2.attn.proj,element,3,False,False,32,e4m3
95,blocks.1.mlp.2,element,7,False,False,32,e4m3
95,blocks.2.mlp.0,element,4,False,False,32,e4m3
95,blocks.0.attn.qkv,element,5,False,False,32,e4m3
95,blocks.3.mlp.0,element,3,False,False,32,e4m3
95,blocks.4.mlp.2,element,4,False,False,32,e4m3
95,blocks.1.mlp.2,element,5,False,False,32,e4m3
95,blocks.1.mlp.2,element,7,False,False,32,e4m3
95,blocks.2.mlp.2,element,2,False,False,32,e4m3
95,blocks.5.mlp.2,element,1,False,False,32,e4m3
95,blocks.2.attn.proj,element,4,False,False,32,e4m3
95,blocks.2.mlp.2,element,5,False,False,32,e4m3
95,blocks.0.mlp.2,element,1,False,False,32,e4m3
95,blocks.4.mlp.2,element,3,False,False,32,e4m3
95,blocks.5.attn.proj,element,0,False,False,32,e4m3
95,blocks.4.mlp.0,element,5,False,False,32,e4m3
95,blocks.5.attn.proj,element,3,False,False,32,e4m3
95,blocks.2.mlp.0,element,4,False,False,32,e4m3
95,blocks.5.mlp.2,element,1,False,False,32,e4m3
95,blocks.4.mlp.2,element,4,False,False,32,e4m3
95,blocks.5.attn.proj,element,3,False,False,32,e4m3
95,blocks.1.attn.qkv,element,2,False,False,32,e4m3
95,blocks.5.mlp.0,element,0,False,False,32,e4m3
95,blocks.2.mlp.2,element,7,False,False,32,e4m3
95,blocks.3.mlp.2,element,7,False,False,32,e4m3
95,blocks.4.mlp.2,element,3,False,False,32,e4m3
95,blocks.4.mlp.0,element,3,False,False,32,e4m3
95,blocks.3.mlp.2,element,2,False,False,32,e4m3
95,blocks.0.attn.qkv,element,0,False,False,32,e4m3
95,blocks.3.mlp.2,element,2,False,False,32,e4m3
62,blocks.4.mlp.2,element,3,False,False,32,e4m3
62,blocks.1.attn.qkv,element,1,False,False,32,e4m3
62,blocks.2.mlp.2,element,2,False,False,32,e4m3
62,blocks.2.attn.proj,element,6,False,False,32,e4m3
62,blocks.5.mlp.2,element,6,False,False,32,e4m3
62,blocks.0.mlp.2,element,5,False,False,32,e4m3
62,blocks.3.mlp.2,element,0,False,False,32,e4m3
62,blocks.2.mlp.0,element,7,False,False,32,e4m3
62,blocks.2.mlp.2,scale,1,False,False,32,e4m3
62,blocks.0.mlp.2,element,3,False,False,32,e4m3
62,blocks.0.attn.qkv,element,0,False,False,32,e4m3
62,blocks.4.mlp.2,element,1,False,False,32,e4m3
62,blocks.0.mlp.2,element,7,False,False,32,e4m3
62,blocks.5.mlp.2,element,3,False,False,32,e4m3
62,blocks.0.attn.proj,element,3,False,False,32,e4m3
62,blocks.4.mlp.2,element,3,False,False,32,e4m3
62,blocks.5.mlp.2,element,2,False,False,32,e4m3
62,blocks.1.mlp.0,element,7,False,False,32,e4m3
62,blocks.2.mlp.2,element,1,False,False,32,e4m3
62,blocks.3.mlp.2,element,1,False,False,32,e4m3
62,blocks.3.mlp.2,element,2,False,False,32,e4m3
62,blocks.3.attn.proj,element,3,False,False,32,e4m3
62,blocks.5.mlp.2,element,1,False,False,32,e4m3
62,blocks.1.mlp.2,element,0,False,False,32,e4m3
62,blocks.0.mlp.0,element,3,False,False,32,e4m3
62,blocks.0.mlp.0,element,4,False,False,32,e4m3
62,blocks.3.mlp.2,element,1,False,False,32,e4m3
62,blocks.3.mlp.2,element,4,False,False,32,e4m3
62,blocks.0.mlp.2,element,6,False,False,32,e4m3
62,blocks.0.attn.proj,element,6,False,False,32,e4m3
62,blocks.0.mlp.2,element,1,False,False,32,e4m3
62,blocks.3.mlp.2,element,5,False,False,32,e4m3
62,blocks.5.mlp.0,element,6,False,False,32,e4m3
62,blocks.4.mlp.0,scale,3,False,False,32,e4m3
62,blocks.1.mlp.2,element,4,False,False,32,e4m3
62,blocks.4.mlp.2,element,0,False,False,32,e4m3
62,blocks.2.attn.qkv,element,7,False,False,32,e4m3
62,blocks.1.attn.proj,scale,7,True,True,32,e4m3
62,blocks.5.mlp.0,element,2,False,False,32,e4m3
62,blocks.1.mlp.2,element,5,False,False,32,e4m3
15,blocks.4.attn.qkv,element,6,False,False,32,e4m3
15,blocks.4.attn.qkv,element,3,False,False,32,e4m3
15,blocks.4.attn.qkv,element,6,False,False,32,e4m3
15,blocks.3.mlp.2,element,5,False,False,32,e4m3
15,blocks.3.attn.proj,element,0,False,False,32,e4m3
15,blocks.0.mlp.2,element,3,False,False,32,e4m3
15,blocks.3.attn.proj,scale,5,False,False,32,e4m3
15,blocks.3.mlp.2,element,3,False,False,32,e4m3
15,blocks.0.attn.proj,element,0,False,False,32,e4m3
15,blocks.4.mlp.0,element,1,False,False,32,e4m3
15,blocks.0.mlp.2,element,6,False,False,32,e4m3
15,blocks.4.mlp.2,element,7,False,False,32,e4m3
15,blocks.5.mlp.2,element,7,False,False,32,e4m3
15,blocks.4.mlp.2,element,2,False,False,32,e4m3
15,blocks.0.attn.qkv,element,7,False,False,32,e4m3
15,blocks.3.mlp.0,element,1,False,False,32,e4m3
15,blocks.2.attn.qkv,element,7,False,False,32,e4m3
15,blocks.3.mlp.2,element,0,False,False,32,e4m3
15,blocks.0.mlp.0,element,0,False,False,32,e4m3
15,blocks.4.attn.proj,element,2,False,False,32,e4m3
15,blocks.1.mlp.2,element,6,False,False,32,e4m3
15,blocks.3.mlp.2,element,0,False,False,32,e4m3
15,blocks.2.attn.proj,element,5,False,False,32,e4m3
15,blocks.4.mlp.2,element,0,False,False,32,e4m3
15,blocks.0.mlp.2,element,3,False,False,32,e4m3
15,blocks.0.mlp.2,element,7,False,False,32,e4m3
15,blocks.2.mlp.2,element,5,False,False,32,e4m3
15,blocks.2.mlp.2,element,6,False,False,32,e4m3
15,blocks.5.mlp.2,element,7,False,False,32,e4m3
15,blocks.5.attn.proj,element,6,False,False,32,e4m3
15,blocks.3.mlp.2,element,2,True,True,32,e4m3
15,blocks.1.attn.proj,element,3,False,False,32,e4m3
15,blocks.2.mlp.2,element,1,False,False,32,e4m3
15,blocks.1.attn.proj,element,5,False,False,32,e4m3
15,blocks.3.attn.qkv,element,5,False,False,32,e4m3
15,blocks.0.mlp.2,element,1,False,False,32,e4m3
15,blocks.2.mlp.2,element,6,False,False,32,e4m3
15,blocks.0.mlp.2,element,1,False,False,32,e4m3
15,blocks.1.mlp.2,element,1,False,False,32,e4m3
15,blocks.4.mlp.2,scale,6,False,False,32,e4m3
75,blocks.3.mlp.2,element,7,False,False,32,e4m3
75,blocks.3.attn.qkv,element,2,False,False,32,e4m3
75,blocks.0.attn.proj,element,2,False,False,32,e4m3
75,blocks.3.mlp.0,element,7,False,False,32,e4m3
75,blocks.5.mlp.2,scale,0,False,False,32,e4m3
75,blocks.5.attn.proj,element,2,False,False,32,e4m3
75,blocks.0.mlp.2,element,7,False,False,32,e4m3
75,blocks.4.mlp.2,element,2,False,False,32,e4m3
75,blocks.0.attn.proj,element,1,False,False,32,e4m3
75,blocks.1.mlp.2,element,0,False,False,32,e4m3
75,blocks.4.attn.qkv,element,1,False,False,32,e4m3
75,blocks.5.mlp.2,element,0,False,False,32,e4m3
75,blocks.2.mlp.2,element,2,False,False,32,e4m3
75,blocks.3.mlp.2,element,0,False,False,32,e4m3
75,blocks.4.mlp.2,element,2,False,False,32,e4m3
75,blocks.0.mlp.2,element,3,False,False,32,e4m3
75,blocks.0.mlp.2,element,2,False,False,32,e4m3
75,blocks.5.mlp.2,element,3,False,False,32,e4m3
75,blocks.3.mlp.0,element,1,False,False,32,e4m3
75,blocks.0.mlp.2,element,6,False,False,32,e4m3
75,blocks.0.mlp.2,element,1,False,False,32,e4m3
75,blocks.4.mlp.2,element,1,False,False,32,e4m3
75,blocks.4.mlp.0,element,3,False,False,32,e4m3
75,blocks.5.mlp.2,element,5,False,False,32,e4m3
75,blocks.2.attn.qkv,element,2,False,False,32,e4m3
75,blocks.1.mlp.2,element,7,False,False,32,e4m3
75,blocks.2.mlp.2,element,1,False,False,32,e4m3
75,blocks.3.mlp.2,element,1,False,False,32,e4m3
75,blocks.4.mlp.2,element,2,False,False,32,e4m3
75,blocks.1.mlp.2,element,1,False,False,32,e4m3
75,blocks.4.mlp.0,element,1,False,False,32,e4m3
75,blocks.0.mlp.2,element,1,False,False,32,e4m3
75,blocks.1.attn.proj,element,0,False,False,32,e4m3
75,blocks.5.mlp.2,element,7,False,False,32,e4m3
75,blocks.4.mlp.2,element,3,False,False,32,e4m3
75,blocks.3.attn.proj,element,4,True,True,32,e4m3
75,blocks.4.mlp.0,scale,2,False,False,32,e4m3
75,blocks.3.mlp.2,element,3,False,False,32,e4m3
75,blocks.1.attn.qkv,element,7,False,False,32,e4m3
75,blocks.4.mlp.2,element,6,False,False,32,e4m3
50,blocks.0.attn.qkv,element,4,False,False,32,e4m3
50,blocks.2.mlp.0,element,5,False,False,32,e4m3
50,blocks.4.attn.proj,element,3,False,False,32,e4m3
50,blocks.1.mlp.0,element,4,False,False,32,e4m3
50,blocks.4.attn.proj,element,1,False,False,32,e4m3
50,blocks.2.mlp.2,element,4,False,False,32,e4m3
50,blocks.2.mlp.2,element,0,False,False,32,e4m3
50,blocks.0.mlp.2,element,2,False,False,32,e4m3
50,blocks.2.mlp.2,element,2,False,False,32,e4m3
50,blocks.0.mlp.2,element,1,False,False,32,e4m3
50,blocks.5.attn.qkv,element,1,False,False,32,e4m3
50,blocks.4.mlp.2,element,5,False,False,32,e4m3
50,blocks.2.mlp.2,element,1,False,False,32,e4m3
50,blocks.4.mlp.2,element,6,False,False,32,e4m3
50,blocks.3.mlp.2,element,5,True,True,32,e4m3
50,blocks.2.mlp.2,element,5,False,False,32,e4m3
50,blocks.3.mlp.2,element,6,False,False,32,e4m3
50,blocks.5.mlp.0,element,2,False,False,32,e4m3
50,blocks.5.attn.proj,element,6,False,False,32,e4m3
50,blocks.3.mlp.0,element,0,False,False,32,e4m3
50,blocks.2.attn.qkv,element,3,False,False,32,e4m3
50,blocks.1.mlp.0,element,7,False,False,32,e4m3
50,blocks.3.mlp.0,element,1,False,False,32,e4m3
50,patch_embed.proj,scale,1,False,False,32,e4m3
50,blocks.2.mlp.2,element,6,False,False,32,e4m3
50,blocks.2.mlp.2,element,5,False,False,32,e4m3
50,blocks.2.mlp.2,element,0,False,False,32,e4m3
50,blocks.5.attn.proj,element,2,False,False,32,e4m3
50,blocks.2.mlp.2,element,6,False,False,32,e4m3
50,blocks.3.mlp.2,element,1,False,False,32,e4m3
50,blocks.5.mlp.2,element,7,False,False,32,e4m3
50,blocks.2.mlp.2,element,6,False,False,32,e4m3
50,blocks.0.attn.proj,element,4,False,False,32,e4m3
50,blocks.3.mlp.0,element,3,False,False,32,e4m3
50,blocks.1.attn.proj,element,0,False,False,32,e4m3
50,blocks.1.attn.proj,element,4,False,False,32,e4m3
50,blocks.0.mlp.2,element,3,False,False,32,e4m3
50,blocks.2.mlp.2,element,5,False,False,32,e4m3
50,blocks.0.mlp.2,element,3,False,False,32,e4m3
50,blocks.0.mlp.2,element,5,False,False,32,e4m3
10,blocks.4.mlp.2,element,1,False,False,32,e4m3
10,blocks.2.attn.proj,element,4,False,False,32,e4m3
10,blocks.1.mlp.2,element,0,False,False,32,e4m3
10,blocks.2.mlp.2,element,5,False,False,32,e4m3
10,blocks.3.attn.qkv,element,1,False,False,32,e4m3
10,blocks.3.mlp.0,element,2,False,False,32,e4m3
10,blocks.3.attn.proj,element,4,False,False,32,e4m3
10,blocks.4.attn.proj,element,3,False,False,32,e4m3
10,blocks.0.attn.proj,element,2,False,False,32,e4m3
10,blocks.2.attn.qkv,element,1,False,False,32,e4m3
10,blocks.5.mlp.0,element,6,False,False,32,e4m3
10,blocks.4.attn.proj,element,1,False,False,32,e4m3
10,blocks.3.attn.qkv,element,5,False,False,32,e4m3
10,blocks.4.mlp.2,element,3,False,False,32,e4m3
10,blocks.0.mlp.2,element,4,False,False,32,e4m3
10,blocks.1.attn.proj,scale,3,False,False,32,e4m3
10,blocks.5.attn.qkv,scale,6,False,False,32,e4m3
10,blocks.0.mlp.2,element,5,False,False,32,e4m3
10,blocks.2.mlp.0,element,5,False,False,32,e4m3
10,blocks.5.mlp.2,element,3,False,False,32,e4m3
10,blocks.4.attn.proj,element,1,False,False,32,e4m3
10,blocks.4.mlp.2,element,2,False,False,32,e4m3
10,blocks.4.mlp.2,element,7,False,False,32,e4m3
10,blocks.2.attn.qkv,element,2,False,False,32,e4m3
10,blocks.1.attn.qkv,element,0,False,False,32,e4m3
10,blocks.2.mlp.2,element,4,False,False,32,e4m3
10,blocks.0.attn.proj,element,7,False,False,32,e4m3
10,blocks.3.mlp.2,element,7,False,False,32,e4m3
10,blocks.3.mlp.2,element,0,False,False,32,e4m3
10,blocks.0.mlp.0,element,4,False,False,32,e4m3
10,blocks.4.mlp.2,element,7,False,False,32,e4m3
10,blocks.2.mlp.2,element,5,False,False,32,e4m3
10,blocks.3.attn.qkv,element,4,False,False,32,e4m3
10,blocks.4.mlp.2,element,5,False,False,32,e4m3
10,blocks.1.mlp.2,element,4,False,False,32,e4m3
10,blocks.0.attn.proj,element,4,False,False,32,e4m3
10,blocks.4.attn.proj,element,6,False,False,32,e4m3
10,blocks.2.attn.proj,element,4,False,False,32,e4m3
10,blocks.1.mlp.2,element,3,False,False,32,e4m3
10,blocks.3.mlp.2,element,0,False,False,32,e4m3
84,blocks.4.attn.proj,element,7,False,False,32,e4m3
84,blocks.4.mlp.2,element,0,False,False,32,e4m3
84,blocks.3.mlp.0,element,7,False,False,32,e4m3
84,blocks.5.mlp.0,element,3,False,False,32,e4m3
84,blocks.3.attn.proj,element,3,True,True,32,e4m3
84,blocks.2.mlp.0,element,0,False,False,32,e4m3
84,blocks.4.mlp.2,element,3,False,False,32,e4m3
84,blocks.5.attn.qkv,element,1,False,False,32,e4m3
84,blocks.3.mlp.2,element,3,False,False,32,e4m3
84,blocks.1.mlp.2,element,4,False,False,32,e4m3
84,blocks.0.mlp.2,element,4,False,False,32,e4m3
84,blocks.0.mlp.2,element,1,False,False,32,e4m3
84,blocks.0.mlp.2,element,6,False,False,32,e4m3
84,blocks.5.mlp.2,element,7,False,False,32,e4m3
84,blocks.1.attn.qkv,element,7,False,False,32,e4m3
84,blocks.0.mlp.0,element,4,False,False,32,e4m3
84,blocks.4.attn.proj,element,3,False,False,32,e4m3
84,blocks.1.mlp.0,element,5,False,False,32,e4m3
84,blocks.2.mlp.2,element,5,False,False,32,e4m3
84,blocks.5.attn.proj,element,7,False,False,32,e4m3
84,blocks.1.mlp.0,element,0,False,False,32,e4m3
84,blocks.3.mlp.2,scale,2,False,False,32,e4m3
84,blocks.3.attn.proj,element,4,False,False,32,e4m3
84,blocks.2.mlp.2,element,5,False,False,32,e4m3
84,blocks.4.mlp.2,element,3,False,False,32,e4m3
84,blocks.5.attn.proj,element,4,False,False,32,e4m3
84,blocks.3.mlp.2,element,4,False,False,32,e4m3
84,blocks.1.mlp.2,element,7,False,False,32,e4m3
84,blocks.3.mlp.0,element,4,False,False,32,e4m3
84,blocks.1.attn.proj,element,4,False,False,32,e4m3
84,blocks.5.attn.proj,element,1,False,False,32,e4m3
84,blocks.1.attn.proj,element,5,False,False,32,e4m3
84,blocks.5.attn.proj,element,6,False,False,32,e4m3
84,blocks.1.mlp.2,element,0,False,False,32,e4m3
84,blocks.5.mlp.2,element,7,False,False,32,e4m3
84,blocks.3.mlp.2,element,0,False,False,32,e4m3
84,blocks.3.mlp.2,element,7,False,False,32,e4m3
84,blocks.1.mlp.2,element,7,False,False,32,e4m3
84,blocks.2.mlp.2,element,6,False,False,32,e4m3
84,blocks.4.mlp.2,element,5,False,False,32,e4m3
33,blocks.2.mlp.2,element,0,False,False,32,e4m3
33,blocks.2.mlp.2,element,6,False,False,32,e4m3
33,blocks.1.mlp.2,element,5,False,False,32,e4m3
33,blocks.3.mlp.2,element,0,False,False,32,e4m3
33,blocks.1.mlp.2,element,4,False,False,32,e4m3
33,blocks.2.attn.qkv,element,5,False,False,32,e4m3
33,blocks.4.attn.qkv,element,3,False,False,32,e4m3
33,blocks.4.attn.proj,element,4,False,False,32,e4m3
33,blocks.0.mlp.2,element,6,False,False,32,e4m3
33,blocks.2.attn.proj,element,2,False,False,32,e4m3
33,blocks.0.mlp.2,element,4,False,False,32,e4m3
33,blocks.1.mlp.2,element,0,False,False,32,e4m3
33,blocks.1.mlp.2,element,4,False,False,32,e4m3
33,blocks.4.mlp.2,element,3,False,False,32,e4m3
33,blocks.1.mlp.2,element,7,False,False,32,e4m3
33,blocks.3.mlp.0,element,1,False,False,32,e4m3
33,blocks.4.attn.qkv,element,1,False,False,32,e4m3
33,blocks.4.mlp.2,element,2,False,False,32,e4m3
33,blocks.3.mlp.2,element,7,False,False,32,e4m3
33,blocks.0.mlp.2,element,5,False,False,32,e4m3
33,blocks.4.mlp.2,element,7,False,False,32,e4m3
33,blocks.5.mlp.2,element,3,False,False,32,e4m3
33,blocks.2.attn.qkv,element,1,False,False,32,e4m3
33,blocks.4.mlp.2,element,1,False,False,32,e4m3
33,blocks.0.mlp.0,element,5,False,False,32,e4m3
33,blocks.5.mlp.2,element,3,False,False,32,e4m3
33,blocks.2.attn.qkv,element,4,False,False,32,e4m3
33,blocks.2.mlp.2,element,7,False,False,32,e4m3
33,blocks.3.mlp.0,element,1,False,False,32,e4m3
33,blocks.1.attn.proj,element,3,False,False,32,e4m3
33,blocks.5.mlp.2,element,1,False,False,32,e4m3
33,blocks.4.mlp.2,element,1,False,False,32,e4m3
33,blocks.3.mlp.2,element,7,False,False,32,e4m3
33,blocks.0.attn.qkv,element,0,False,False,32,e4m3
33,blocks.4.mlp.2,element,7,False,False,32,e4m3
33,blocks.3.mlp.2,element,6,False,False,32,e4m3
33,blocks.3.attn.qkv,element,5,False,False,32,e4m3
33,blocks.5.attn.qkv,scale,1,False,False,32,e4m3
33,blocks.1.attn.proj,element,7,False,False,32,e4m3
33,blocks.4.mlp.2,element,3,False,False,32,e4m3
48,blocks.4.mlp.0,element,2,False,False,32,e4m3
48,blocks.1.mlp.0,element,7,False,False,32,e4m3
48,blocks.0.mlp.2,element,5,False,False,32,e4m3
48,blocks.3.mlp.2,element,4,False,False,32,e4m3
48,blocks.1.mlp.2,element,3,False,False,32,e4m3
48,blocks.1.attn.qkv,element,3,False,False,32,e4m3
48,blocks.4.mlp.2,element,4,False,False,32,e4m3
48,blocks.2.mlp.2,element,4,False,False,32,e4m3
48,blocks.0.mlp.2,element,7,False,False,32,e4m3
48,patch_embed.proj,element,0,True,True,32,e4m3
48,blocks.5.mlp.2,element,2,False,False,32,e4m3
48,blocks.1.mlp.0,element,0,False,False,32,e4m3
48,blocks.5.attn.proj,element,5,False,False,32,e4m3
48,blocks.0.mlp.2,element,0,False,False,32,e4m3
48,blocks.4.attn.qkv,element,5,False,False,32,e4m3
48,blocks.2.attn.proj,element,0,False,False,32,e4m3
48,blocks.4.mlp.0,element,6,False,False,32,e4m3
48,blocks.0.mlp.2,element,5,False,False,32,e4m3
48,blocks.5.mlp.2,element,6,False,False,32,e4m3
48,blocks.1.mlp.2,element,3,False,False,32,e4m3
48,blocks.3.mlp.2,element,2,False,False,32,e4m3
48,blocks.3.attn.qkv,element,3,False,False,32,e4m3
48,blocks.0.mlp.2,element,4,False,False,32,e4m3
48,blocks.4.mlp.2,element,0,False,False,32,e4m3
48,blocks.0.attn.proj,element,3,False,False,32,e4m3
48,blocks.1.mlp.2,element,7,False,False,32,e4m3
48,blocks.3.mlp.2,element,0,False,False,32,e4m3
48,blocks.5.attn.proj,scale,0,False,False,32,e4m3
48,blocks.3.mlp.2,element,3,False,False,32,e4m3
48,blocks.2.mlp.0,element,6,False,False,32,e4m3
48,blocks.1.mlp.2,element,2,False,False,32,e4m3
48,blocks.3.mlp.0,element,7,False,False,32,e4m3
48,blocks.4.attn.proj,element,2,False,False,32,e4m3
48,blocks.0.mlp.2,element,0,False,False,32,e4m3
48,blocks.2.attn.proj,element,1,False,False,32,e4m3
48,blocks.4.mlp.2,element,3,False,False,32,e4m3
48,blocks.5.mlp.2,element,3,False,False,32,e4m3
48,blocks.3.attn.qkv,scale,2,False,False,32,e4m3
48,blocks.4.mlp.0,element,4,False,False,32,e4m3
48,blocks.3.mlp.2,element,3,False,False,32,e4m3
45,blocks.5.mlp.2,element,4,False,False,32,e4m3
45,blocks.0.mlp.0,element,4,False,False,32,e4m3
45,blocks.0.mlp.2,element,2,False,False,32,e4m3
45,blocks.2.mlp.0,element,3,False,False,32,e4m3
45,blocks.4.attn.proj,element,0,False,False,32,e4m3
45,blocks.4.attn.proj,scale,4,False,False,32,e4m3
45,blocks.0.mlp.2,element,3,False,False,32,e4m3
45,blocks.3.mlp.2,element,1,False,False,32,e4m3
45,blocks.5.attn.qkv,element,6,False,False,32,e4m3
45,blocks.1.mlp.0,element,7,False,False,32,e4m3
45,blocks.3.attn.proj,element,0,False,False,32,e4m3
45,blocks.4.mlp.0,element,3,False,False,32,e4m3
45,blocks.2.attn.qkv,element,3,False,False,32,e4m3
45,blocks.2.mlp.2,element,3,False,False,32,e4m3
45,blocks.1.mlp.2,element,1,False,False,32,e4m3
45,blocks.1.mlp.0,element,4,False,False,32,e4m3
45,blocks.2.mlp.2,element,5,False,False,32,e4m3
45,blocks.5.attn.proj,scale,2,False,False,32,e4m3
45,blocks.3.mlp.0,element,6,False,False,32,e4m3
45,blocks.2.mlp.2,element,5,False,False,32,e4m3
45,blocks.2.mlp.2,element,6,False,False,32,e4m3
45,blocks.1.attn.qkv,element,0,False,False,32,e4m3
45,blocks.4.attn.qkv,element,4,False,False,32,e4m3
45,blocks.3.attn.qkv,element,4,False,False,32,e4m3
45,blocks.2.attn.qkv,element,0,False,False,32,e4m3
45,blocks.2.mlp.2,element,5,False,False,32,e4m3
45,blocks.1.attn.qkv,element,2,False,False,32,e4m3
45,blocks.1.mlp.2,element,4,False,False,32,e4m3
45,blocks.5.mlp.2,element,7,False,False,32,e4m3
45,blocks.3.mlp.2,element,5,False,False,32,e4m3
45,blocks.2.attn.qkv,element,7,False,False,32,e4m3
45,blocks.4.mlp.2,element,1,False,False,32,e4m3
45,blocks.0.mlp.2,element,0,False,False,32,e4m3
45,blocks.5.mlp.2,element,3,False,False,32,e4m3
45,blocks.3.attn.proj,element,7,False,False,32,e4m3
45,blocks.3.mlp.0,element,0,False,False,32,e4m3
45,blocks.4.attn.qkv,element,6,False,False,32,e4m3
45,blocks.5.attn.proj,element,2,False,False,32,e4m3
45,blocks.2.attn.qkv,element,4,False,False,32,e4m3
45,blocks.4.mlp.2,scale,0,False,False,32,e4m3
24,blocks.3.attn.proj,element,2,False,False,32,e4m3
24,blocks.4.attn.qkv,element,1,False,False,32,e4m3
24,blocks.0.mlp.2,element,7,False,False,32,e4m3
24,blocks.0.mlp.2,element,2,False,False,32,e4m3
24,blocks.2.mlp.2,element,2,False,False,32,e4m3
24,blocks.2.attn.qkv,element,4,False,False,32,e4m3
24,blocks.1.attn.qkv,element,3,False,False,32,e4m3
24,blocks.4.attn.proj,element,7,False,False,32,e4m3
24,blocks.3.attn.proj,element,6,False,False,32,e4m3
24,blocks.2.attn.proj,element,5,False,False,32,e4m3
24,blocks.0.mlp.2,element,4,False,False,32,e4m3
24,blocks.5.attn.proj,element,1,False,False,32,e4m3
24,blocks.3.mlp.2,element,3,False,False,32,e4m3
24,blocks.0.mlp.2,element,5,False,False,32,e4m3
24,blocks.2.mlp.2,element,1,False,False,32,e4m3
24,blocks.0.attn.qkv,element,0,False,False,32,e4m3
24,blocks.2.mlp.2,element,1,False,False,32,e4m3
24,blocks.5.mlp.0,element,0,False,False,32,e4m3
24,blocks.0.mlp.2,element,3,False,False,32,e4m3
24,blocks.4.mlp.2,element,2,False,False,32,e4m3
24,blocks.4.mlp.2,element,3,False,False,32,e4m3
24,blocks.5.mlp.2,element,4,False,False,32,e4m3
24,blocks.5.mlp.2,element,5,False,False,32,e4m3
24,blocks.2.mlp.2,element,2,False,False,32,e4m3
24,blocks.1.mlp.0,element,6,False,False,32,e4m3
24,blocks.2.mlp.0,element,6,False,False,32,e4m3
24,blocks.0.mlp.2,element,3,False,False,32,e4m3
24,blocks.0.mlp.2,element,2,False,False,32,e4m3
24,blocks.4.mlp.2,element,1,False,False,32,e4m3
24,blocks.2.mlp.0,element,3,False,False,32,e4m3
24,blocks.0.mlp.2,element,7,False,False,32,e4m3
24,blocks.4.mlp.2,element,2,False,False,32,e4m3
24,blocks.0.mlp.2,element,6,False,False,32,e4m3
24,blocks.5.mlp.2,element,4,False,False,32,e4m3
24,blocks.5.mlp.2,element,2,False,False,32,e4m3
24,blocks.2.mlp.0,element,5,False,False,32,e4m3
24,blocks.1.attn.qkv,scale,3,True,False,32,e4m3
24,blocks.5.mlp.2,element,3,False,False,32,e4m3
24,blocks.1.mlp.2,element,2,False,False,32,e4m3
24,blocks.4.attn.qkv,element,0,False,False,32,e4m3
13,blocks.0.attn.proj,element,3,False,False,32,e4m3
13,blocks.1.mlp.2,element,7,False,False,32,e4m3
13,blocks.2.attn.proj,element,7,False,False,32,e4m3
13,blocks.2.mlp.2,element,6,False,False,32,e4m3
13,blocks.0.attn.proj,element,0,False,False,32,e4m3
13,blocks.1.mlp.2,element,0,False,False,32,e4m3
13,blocks.3.mlp.0,element,0,False,False,32,e4m3
13,blocks.0.mlp.2,element,2,False,False,32,e4m3
13,blocks.5.attn.qkv,element,0,False,False,32,e4m3
13,blocks.4.attn.qkv,element,7,False,False,32,e4m3
13,blocks.2.attn.qkv,element,4,False,False,32,e4m3
13,blocks.4.mlp.0,element,6,False,False,32,e4m3
13,blocks.0.mlp.2,element,0,False,False,32,e4m3
13,blocks.1.mlp.2,element,4,False,False,32,e4m3
13,blocks.3.mlp.2,element,6,False,False,32,e4m3
13,blocks.4.attn.proj,element,1,False,False,32,e4m3
13,blocks.3.mlp.2,element,3,False,False,32,e4m3
13,blocks.0.mlp.0,element,2,False,False,32,e4m3
13,blocks.0.mlp.0,element,4,False,False,32,e4m3
13,blocks.5.mlp.2,element,6,False,False,32,e4m3
13,blocks.1.attn.qkv,element,7,False,False,32,e4m3
13,blocks.5.mlp.2,element,4,False,False,32,e4m3
13,blocks.2.attn.proj,element,0,False,False,32,e4m3
13,blocks.3.attn.proj,element,7,False,False,32,e4m3
13,blocks.2.attn.qkv,element,5,False,False,32,e4m3
13,blocks.4.mlp.2,element,5,False,False,32,e4m3
13,blocks.5.attn.proj,element,1,False,False,32,e4m3
13,blocks.0.mlp.2,element,5,False,False,32,e4m3
13,blocks.5.mlp.2,element,7,False,False,32,e4m3
13,blocks.3.mlp.2,element,3,False,False,32,e4m3
13,blocks.0.attn.proj,element,7,False,False,32,e4m3
13,blocks.0.mlp.2,element,2,False,False,32,e4m3
13,blocks.4.attn.proj,element,2,True,True,32,e4m3
13,blocks.3.attn.proj,element,3,False,False,32,e4m3
13,blocks.5.mlp.2,element,2,False,False,32,e4m3
13,blocks.1.mlp.2,element,1,False,False,32,e4m3
13,blocks.2.mlp.2,element,6,False,False,32,e4m3
13,blocks.1.mlp.2,element,0,False,False,32,e4m3
13,blocks.3.mlp.0,element,3,False,False,32,e4m3
13,blocks.3.mlp.2,element,3,False,False,32,e4m3
78,blocks.2.mlp.2,element,7,False,False,32,e4m3
78,blocks.5.attn.qkv,element,0,False,False,32,e4m3
78,blocks.4.mlp.2,element,1,False,False,32,e4m3
78,blocks.1.mlp.0,element,1,False,False,32,e4m3
78,blocks.5.mlp.2,element,1,False,False,32,e4m3
78,blocks.3.mlp.2,element,6,False,False,32,e4m3
78,blocks.4.mlp.2,element,6,False,False,32,e4m3
78,blocks.2.mlp.2,element,0,False,False,32,e4m3
78,blocks.0.mlp.2,element,0,False,False,32,e4m3
78,blocks.2.mlp.2,element,2,False,False,32,e4m3
78,blocks.2.mlp.2,element,6,False,False,32,e4m3
78,blocks.0.mlp.2,element,6,False,False,32,e4m3
78,blocks.5.mlp.2,element,6,False,False,32,e4m3
78,blocks.3.mlp.2,element,7,False,False,32,e4m3
78,blocks.5.attn.proj,element,5,False,False,32,e4m3
78,blocks.3.mlp.2,element,0,False,False,32,e4m3
78,blocks.2.mlp.2,element,4,False,False,32,e4m3
78,blocks.2.attn.qkv,element,0,False,False,32,e4m3
78,blocks.1.mlp.2,element,1,False,False,32,e4m3
78,blocks.0.mlp.2,element,1,False,False,32,e4m3
78,blocks.5.mlp.2,element,2,False,False,32,e4m3
78,blocks.4.mlp.0,element,2,False,False,32,e4m3
78,blocks.1.mlp.2,element,2,False,False,32,e4m3
78,blocks.1.mlp.2,element,1,False,False,32,e4m3
78,blocks.0.attn.qkv,element,3,False,False,32,e4m3
78,blocks.1.mlp.2,element,0,False,False,32,e4m3
78,blocks.0.mlp.2,element,0,False,False,32,e4m3
78,blocks.1.attn.proj,element,0,False,False,32,e4m3
78,blocks.1.mlp.0,element,5,False,False,32,e4m3
78,blocks.1.attn.proj,scale,4,False,False,32,e4m3
78,blocks.5.mlp.2,element,1,False,False,32,e4m3
78,blocks.1.mlp.0,element,5,False,False,32,e4m3
78,blocks.0.mlp.2,element,7,False,False,32,e4m3
78,blocks.0.mlp.2,element,7,False,False,32,e4m3
78,blocks.0.mlp.2,element,7,False,False,32,e4m3
78,blocks.4.attn.proj,element,1,False,False,32,e4m3
78,blocks.2.mlp.0,element,4,False,False,32,e4m3
78,blocks.3.mlp.2,element,7,False,False,32,e4m3
78,blocks.4.attn.proj,element,6,False,False,32,e4m3
78,blocks.0.attn.qkv,element,1,False,False,32,e4m3
57,blocks.4.mlp.2,element,6,False,False,32,e4m3
57,blocks.2.attn.proj,element,4,False,False,32,e4m3
57,blocks.3.attn.proj,element,6,False,False,32,e4m3
57,blocks.2.mlp.0,element,1,False,False,32,e4m3
57,blocks.5.mlp.2,element,1,False,False,32,e4m3
57,blocks.2.mlp.2,element,6,False,False,32,e4m3
57,blocks.0.mlp.0,element,4,False,False,32,e4m3
57,blocks.3.mlp.2,element,4,False,False,32,e4m3
57,blocks.0.mlp.2,element,1,False,False,32,e4m3
57,blocks.4.mlp.2,element,5,False,False,32,e4m3
57,blocks.1.mlp.0,element,6,False,False,32,e4m3
57,blocks.3.mlp.0,element,2,False,False,32,e4m3
57,blocks.1.attn.qkv,element,0,False,False,32,e4m3
57,blocks.5.mlp.2,element,4,False,False,32,e4m3
57,blocks.4.attn.proj,element,1,False,False,32,e4m3
57,blocks.4.mlp.2,element,2,True,True,32,e4m3
57,blocks.2.attn.proj,element,5,False,False,32,e4m3
57,blocks.2.attn.qkv,element,0,False,False,32,e4m3
57,blocks.0.mlp.2,element,0,False,False,32,e4m3
57,blocks.4.mlp.2,element,2,False,False,32,e4m3
57,blocks.4.attn.qkv,element,4,False,False,32,e4m3
57,blocks.4.attn.proj,element,5,False,False,32,e4m3
57,blocks.2.mlp.2,element,4,False,False,32,e4m3
57,blocks.5.mlp.2,element,0,False,False,32,e4m3
57,blocks.2.mlp.2,element,5,False,False,32,e4m3
57,blocks.2.attn.proj,element,2,False,False,32,e4m3
57,blocks.1.attn.qkv,element,0,False,False,32,e4m3
57,blocks.3.mlp.2,element,6,False,False,32,e4m3
57,blocks.1.mlp.2,element,5,False,False,32,e4m3
57,blocks.2.mlp.2,element,7,False,False,32,e4m3
57,blocks.1.mlp.2,element,4,True,True,32,e4m3
57,blocks.3.attn.qkv,element,7,False,False,32,e4m3
57,blocks.3.mlp.0,scale,4,False,False,32,e4m3
57,blocks.2.attn.qkv,element,4,True,True,32,e4m3
57,blocks.3.mlp.2,element,6,False,False,32,e4m3
57,patch_embed.proj,scale,1,False,False,32,e4m3
57,blocks.4.attn.proj,element,4,False,False,32,e4m3
57,blocks.0.attn.proj,element,6,False,False,32,e4m3
57,blocks.0.mlp.0,element,1,False,False,32,e4m3
57,blocks.3.mlp.2,element,0,False,False,32,e4m3
26,blocks.4.mlp.2,element,0,False,False,32,e4m3
26,blocks.3.mlp.2,element,0,False,False,32,e4m3
26,blocks.2.mlp.2,element,5,False,False,32,e4m3
26,blocks.5.attn.proj,element,0,False,False,32,e4m3
26,blocks.1.mlp.2,element,1,False,False,32,e4m3
26,blocks.1.mlp.2,element,3,False,False,32,e4m3
26,blocks.5.mlp.2,element,2,False,False,32,e4m3
26,blocks.3.attn.proj,element,6,False,False,32,e4m3
26,blocks.0.mlp.2,element,3,False,False,32,e4m3
26,blocks.5.attn.proj,element,1,False,False,32,e4m3
26,blocks.4.mlp.2,element,0,False,False,32,e4m3
26,blocks.0.mlp.0,element,0,False,False,32,e4m3
26,blocks.5.mlp.2,element,7,False,False,32,e4m3
26,blocks.1.attn.proj,element,4,False,False,32,e4m3
26,blocks.2.mlp.0,element,5,False,False,32,e4m3
26,blocks.5.mlp.2,element,0,False,False,32,e4m3
26,blocks.0.attn.qkv,element,0,False,False,32,e4m3
26,blocks.4.mlp.2,element,5,False,False,32,e4m3
26,blocks.1.mlp.2,element,5,False,False,32,e4m3
26,blocks.0.mlp.2,element,5,False,False,32,e4m3
26,blocks.0.mlp.2,element,3,False,False,32,e4m3
26,blocks.2.mlp.2,scale,4,False,False,32,e4m3
26,blocks.0.mlp.2,element,5,False,False,32,e4m3
26,blocks.1.mlp.2,element,0,False,False,32,e4m3
26,blocks.5.mlp.2,element,2,False,False,32,e4m3
26,blocks.5.attn.proj,element,1,False,False,32,e4m3
26,blocks.1.attn.proj,element,4,False,False,32,e4m3
26,blocks.2.mlp.2,element,2,False,False,32,e4m3
26,blocks.0.attn.qkv,element,5,False,False,32,e4m3
26,blocks.3.mlp.2,element,5,False,False,32,e4m3
26,blocks.1.attn.qkv,element,2,False,False,32,e4m3
26,blocks.1.mlp.2,element,2,False,False,32,e4m3
26,blocks.1.mlp.0,element,7,False,False,32,e4m3
26,blocks.4.mlp.2,element,3,False,False,32,e4m3
26,blocks.1.attn.qkv,element,0,False,False,32,e4m3
26,blocks.5.attn.qkv,element,7,False,False,32,e4m3
26,blocks.4.attn.qkv,element,5,False,False,32,e4m3
26,blocks.2.attn.qkv,element,5,False,False,32,e4m3
26,blocks.3.mlp.2,element,2,False,False,32,e4m3
26,blocks.2.attn.proj,element,3,False,False,32,e4m3
74,blocks.2.mlp.2,element,6,False,False,32,e4m3
74,blocks.0.mlp.2,element,1,False,False,32,e4m3
74,blocks.3.mlp.2,element,2,False,False,32,e4m3
74,blocks.3.attn.qkv,element,4,False,False,32,e4m3
74,blocks.4.mlp.2,element,4,False,False,32,e4m3
74,blocks.0.mlp.2,element,0,False,False,32,e4m3
74,blocks.2.mlp.2,element,2,False,False,32,e4m3
74,blocks.3.mlp.2,element,2,False,False,32,e4m3
74,blocks.4.mlp.2,element,0,False,False,32,e4m3
74,blocks.0.mlp.2,element,5,False,False,32,e4m3
74,blocks.4.mlp.2,element,1,False,False,32,e4m3
74,blocks.4.mlp.2,element,5,False,False,32,e4m3
74,blocks.1.mlp.2,element,6,False,False,32,e4m3
74,blocks.0.mlp.2,element,1,False,False,32,e4m3
74,blocks.3.mlp.0,element,5,False,False,32,e4m3
74,blocks.0.attn.proj,element,6,False,False,32,e4m3
74,blocks.3.attn.proj,element,6,False,False,32,e4m3
74,blocks.1.mlp.2,element,1,False,False,32,e4m3
74,blocks.4.mlp.2,element,1,False,False,32,e4m3
74,blocks.5.mlp.2,element,1,False,False,32,e4m3
74,blocks.4.mlp.2,element,1,False,False,32,e4m3
74,blocks.1.attn.qkv,element,3,False,False,32,e4m3
74,blocks.3.mlp.2,element,0,False,False,32,e4m3
74,blocks.3.mlp.2,scale,0,False,False,32,e4m3
74,blocks.4.mlp.2,element,6,False,False,32,e4m3
74,blocks.0.mlp.0,element,7,False,False,32,e4m3
74,blocks.3.mlp.2,element,2,False,False,32,e4m3
74,blocks.0.attn.qkv,element,4,False,False,32,e4m3
74,blocks.0.mlp.2,element,1,False,False,32,e4m3
74,blocks.0.mlp.2,element,2,False,False,32,e4m3
74,blocks.3.mlp.0,element,4,False,False,32,e4m3
74,blocks.3.mlp.2,element,7,False,False,32,e4m3
74,blocks.3.mlp.0,element,2,False,False,32,e4m3
74,blocks.1.mlp.2,element,3,False,False,32,e4m3
74,blocks.4.mlp.2,element,2,True,True,32,e4m3
74,blocks.1.mlp.2,element,7,False,False,32,e4m3
74,blocks.0.attn.qkv,element,4,False,False,32,e4m3
74,blocks.2.mlp.0,scale,1,False,False,32,e4m3
74,blocks.2.mlp.0,element,0,False,False,32,e4m3
74,blocks.0.mlp.2,element,5,False,False,32,e4m3
65,blocks.1.mlp.2,element,2,False,False,32,e4m3
65,blocks.3.mlp.0,element,7,False,False,32,e4m3
65,blocks.0.mlp.2,element,4,False,False,32,e4m3
65,blocks.1.mlp.2,element,0,False,False,32,e4m3
65,blocks.3.mlp.2,element,4,False,False,32,e4m3
65,blocks.1.mlp.2,element,3,False,False,32,e4m3
65,blocks.2.mlp.2,element,7,False,False,32,e4m3
65,blocks.0.mlp.2,element,4,False,False,32,e4m3
65,blocks.2.attn.proj,element,7,False,False,32,e4m3
65,blocks.3.mlp.2,element,2,False,False,32,e4m3
65,blocks.0.mlp.2,element,7,False,False,32,e4m3
65,blocks.3.attn.qkv,element,7,False,False,32,e4m3
65,blocks.3.mlp.2,element,7,False,False,32,e4m3
65,blocks.2.mlp.2,element,3,False,False,32,e4m3
65,blocks.1.mlp.2,element,1,False,False,32,e4m3
65,blocks.3.attn.qkv,element,3,False,False,32,e4m3
65,blocks.1.attn.proj,element,1,False,False,32,e4m3
65,blocks.4.attn.proj,element,0,False,False,32,e4m3
65,blocks.0.mlp.2,element,2,False,False,32,e4m3
65,blocks.0.mlp.0,element,0,False,False,32,e4m3
65,blocks.4.attn.qkv,element,3,False,False,32,e4m3
65,blocks.5.mlp.0,element,4,False,False,32,e4m3
65,blocks.2.mlp.2,element,6,False,False,32,e4m3
65,blocks.4.mlp.2,element,4,False,False,32,e4m3
65,blocks.2.attn.proj,element,5,False,False,32,e4m3
65,blocks.1.mlp.0,element,2,False,False,32,e4m3
65,blocks.0.attn.proj,element,5,False,False,32,e4m3
65,blocks.5.mlp.2,element,0,False,False,32,e4m3
65,blocks.2.attn.proj,element,7,False,False,32,e4m3
65,blocks.4.mlp.2,element,6,False,False,32,e4m3
65,blocks.4.mlp.2,element,1,False,False,32,e4m3
65,blocks.2.attn.proj,element,1,False,False,32,e4m3
65,blocks.1.mlp.2,element,3,False,False,32,e4m3
65,blocks.3.attn.qkv,element,4,False,False,32,e4m3
65,blocks.4.mlp.2,element,5,False,False,32,e4m3
65,blocks.5.mlp.2,scale,1,False,False,32,e4m3
65,blocks.0.mlp.2,element,6,False,False,32,e4m3
65,blocks.5.mlp.2,element,4,False,False,32,e4m3
65,blocks.2.mlp.2,element,1,False,False,32,e4m3
65,blocks.3.mlp.2,element,6,False,False,32,e4m3
20,blocks.2.mlp.0,element,1,False,False,32,e4m3
20,blocks.3.attn.qkv,element,2,False,False,32,e4m3
20,blocks.4.mlp.2,element,0,False,False,32,e4m3
20,blocks.1.mlp.2,element,7,False,False,32,e4m3
20,blocks.2.mlp.2,element,3,False,False,32,e4m3
20,blocks.4.mlp.2,element,6,False,False,32,e4m3
20,blocks.1.mlp.2,element,3,False,False,32,e4m3
20,blocks.5.mlp.0,element,7,False,False,32,e4m3
20,blocks.0.attn.qkv,element,2,False,False,32,e4m3
20,blocks.5.attn.proj,element,3,False,False,32,e4m3
20,blocks.4.mlp.2,element,7,False,False,32,e4m3
20,blocks.1.attn.qkv,element,1,False,False,32,e4m3
20,blocks.2.mlp.0,element,6,False,False,32,e4m3
20,blocks.4.attn.qkv,element,6,False,False,32,e4m3
20,blocks.0.mlp.2,element,6,False,False,32,e4m3
20,blocks.4.mlp.2,element,2,False,False,32,e4m3
20,blocks.3.attn.proj,element,6,False,False,32,e4m3
20,blocks.3.mlp.2,element,3,False,False,32,e4m3
20,blocks.4.attn.qkv,element,5,False,False,32,e4m3
20,blocks.4.attn.proj,element,1,False,False,32,e4m3
20,blocks.4.attn.qkv,element,0,False,False,32,e4m3
20,blocks.5.mlp.2,element,4,False,False,32,e4m3
20,blocks.0.mlp.2,element,5,False,False,32,e4m3
20,blocks.1.mlp.2,element,3,False,False,32,e4m3
20,blocks.2.attn.qkv,element,3,False,False,32,e4m3
20,blocks.2.mlp.2,element,7,False,False,32,e4m3
20,blocks.1.mlp.0,element,0,False,False,32,e4m3
20,blocks.2.mlp.2,element,0,False,False,32,e4m3
20,blocks.0.mlp.0,element,2,False,False,32,e4m3
20,blocks.5.mlp.0,element,2,False,False,32,e4m3
20,blocks.4.mlp.2,element,5,False,False,32,e4m3
20,blocks.1.mlp.2,element,2,False,False,32,e4m3
20,blocks.2.mlp.2,element,4,False,False,32,e4m3
20,blocks.2.mlp.2,element,5,False,False,32,e4m3
20,blocks.2.mlp.0,element,2,False,False,32,e4m3
20,blocks.4.mlp.2,element,5,False,False,32,e4m3
20,blocks.3.attn.proj,element,6,False,False,32,e4m3
20,blocks.4.mlp.2,element,6,False,False,32,e4m3
20,blocks.4.mlp.0,element,5,False,False,32,e4m3
20,blocks.3.mlp.0,element,0,False,False,32,e4m3
14,blocks.5.mlp.2,element,0,False,False,32,e4m3
14,blocks.1.mlp.2,element,7,False,False,32,e4m3
14,blocks.5.mlp.2,element,4,False,False,32,e4m3
14,blocks.3.mlp.2,element,2,False,False,32,e4m3
14,blocks.4.attn.qkv,element,3,False,False,32,e4m3
14,blocks.3.attn.proj,element,4,False,False,32,e4m3
14,blocks.3.mlp.2,element,2,True,True,32,e4m3
14,blocks.4.mlp.2,element,0,False,False,32,e4m3
14,blocks.5.mlp.0,element,4,False,False,32,e4m3
14,blocks.1.attn.proj,element,0,False,False,32,e4m3
14,blocks.2.mlp.2,element,1,False,False,32,e4m3
14,blocks.4.mlp.2,scale,5,False,False,32,e4m3
14,blocks.1.mlp.2,element,7,False,False,32,e4m3
14,blocks.5.mlp.2,element,1,False,False,32,e4m3
14,blocks.3.attn.proj,element,7,False,False,32,e4m3
14,blocks.5.mlp.0,element,4,False,False,32,e4m3
14,blocks.1.attn.proj,element,5,False,False,32,e4m3
14,blocks.5.attn.qkv,scale,4,False,False,32,e4m3
14,blocks.3.mlp.2,element,1,False,False,32,e4m3
14,blocks.0.mlp.2,element,2,True,True,32,e4m3
14,blocks.3.mlp.0,scale,2,False,False,32,e4m3
14,blocks.2.mlp.2,element,5,False,False,32,e4m3
14,blocks.3.attn.qkv,element,7,False,False,32,e4m3
14,blocks.1.mlp.2,element,7,False,False,32,e4m3
14,blocks.1.mlp.0,element,4,False,False,32,e4m3
14,blocks.0.mlp.2,element,0,False,False,32,e4m3
14,blocks.3.mlp.2,element,3,False,False,32,e4m3
14,blocks.4.attn.qkv,element,0,False,False,32,e4m3
14,blocks.1.attn.qkv,element,5,False,False,32,e4m3
14,blocks.2.mlp.2,element,0,False,False,32,e4m3
14,blocks.4.mlp.2,element,1,False,False,32,e4m3
14,blocks.2.attn.proj,element,3,False,False,32,e4m3
14,blocks.3.mlp.2,element,7,False,False,32,e4m3
14,blocks.2.mlp.2,element,1,False,False,32,e4m3
14,blocks.5.mlp.2,element,2,False,False,32,e4m3
14,blocks.4.attn.qkv,element,5,False,False,32,e4m3
14,blocks.2.attn.proj,element,1,False,False,32,e4m3
14,blocks.0.mlp.2,element,1,False,False,32,e4m3
14,blocks.3.attn.proj,element,2,False,False,32,e4m3
14,blocks.2.mlp.2,element,5,False,False,32,e4m3
37,blocks.2.mlp.0,element,6,False,False,32,e4m3
37,blocks.4.mlp.2,scale,6,False,False,32,e4m3
37,blocks.5.attn.proj,element,7,False,False,32,e4m3
37,blocks.0.mlp.2,element,3,False,False,32,e4m3
37,blocks.2.mlp.2,element,2,False,False,32,e4m3
37,blocks.1.mlp.2,element,5,False,False,32,e4m3
37,blocks.1.mlp.2,element,7,False,False,32,e4m3
37,blocks.2.mlp.2,element,0,False,False,32,e4m3
37,blocks.5.mlp.2,element,4,False,False,32,e4m3
37,blocks.5.attn.proj,element,1,False,False,32,e4m3
37,blocks.2.mlp.2,element,1,False,False,32,e4m3
37,blocks.2.mlp.2,element,4,False,False,32,e4m3
37,blocks.5.attn.qkv,element,1,False,False,32,e4m3
37,blocks.1.attn.qkv,element,5,False,False,32,e4m3
37,blocks.4.mlp.2,element,4,False,False,32,e4m3
37,blocks.1.mlp.0,element,0,True,True,32,e4m3
37,blocks.1.mlp.2,element,7,False,False,32,e4m3
37,blocks.2.mlp.2,element,2,False,False,32,e4m3
37,blocks.5.mlp.2,element,4,False,False,32,e4m3
37,blocks.2.attn.proj,element,3,False,False,32,e4m3
37,blocks.1.mlp.2,element,2,False,False,32,e4m3
37,blocks.2.attn.qkv,element,1,False,False,32,e4m3
37,blocks.2.attn.qkv,element,0,False,False,32,e4m3
37,blocks.4.mlp.2,element,0,False,False,32,e4m3
37,blocks.4.mlp.2,element,5,False,False,32,e4m3
37,blocks.3.mlp.2,element,3,False,False,32,e4m3
37,blocks.5.mlp.2,element,1,False,False,32,e4m3
37,blocks.5.attn.qkv,element,3,False,False,32,e4m3
37,blocks.2.mlp.2,element,0,False,False,32,e4m3
37,blocks.3.mlp.2,element,7,False,False,32,e4m3
37,blocks.1.mlp.2,element,4,False,False,32,e4m3
37,blocks.4.mlp.2,element,0,False,False,32,e4m3
37,blocks.1.mlp.2,element,2,False,False,32,e4m3
37,blocks.1.mlp.2,element,2,False,False,32,e4m3
37,blocks.4.attn.proj,element,7,False,False,32,e4m3
37,blocks.0.mlp.0,element,6,False,False,32,e4m3
37,blocks.5.mlp.2,element,4,False,False,32,e4m3
37,blocks.3.attn.qkv,element,7,False,False,32,e4m3
37,blocks.5.mlp.2,element,6,False,False,32,e4m3
37,blocks.2.mlp.2,element,6,False,False,32,e4m3
47,blocks.5.mlp.2,element,0,False,False,32,e4m3
47,blocks.3.attn.qkv,element,3,False,False,32,e4m3
47,blocks.3.mlp.2,scale,3,False,False,32,e4m3
47,blocks.0.attn.proj,element,2,False,False,32,e4m3
47,blocks.4.mlp.2,element,2,False,False,32,e4m3
47,blocks.0.mlp.0,element,7,False,False,32,e4m3
47,blocks.4.attn.qkv,element,6,False,False,32,e4m3
47,blocks.2.mlp.2,element,5,False,False,32,e4m3
47,blocks.3.mlp.2,element,3,False,False,32,e4m3
47,blocks.2.attn.proj,element,5,False,False,32,e4m3
47,blocks.1.mlp.2,element,5,False,False,32,e4m3
47,blocks.3.mlp.2,element,2,False,False,32,e4m3
47,blocks.0.mlp.2,element,2,False,False,32,e4m3
47,blocks.0.mlp.2,element,0,False,False,32,e4m3
47,blocks.5.attn.qkv,element,4,False,False,32,e4m3
47,blocks.5.mlp.2,element,1,False,False,32,e4m3
47,blocks.3.attn.qkv,element,4,False,False,32,e4m3
47,blocks.4.mlp.0,element,7,False,False,32,e4m3
47,blocks.0.attn.proj,element,6,False,False,32,e4m3
47,blocks.0.attn.qkv,element,3,False,False,32,e4m3
47,blocks.2.mlp.2,element,2,False,False,32,e4m3
47,blocks.1.mlp.2,element,0,False,False,32,e4m3
47,blocks.4.mlp.2,scale,1,False,False,32,e4m3
47,blocks.2.attn.proj,element,1,False,False,32,e4m3
47,blocks.3.mlp.2,element,0,False,False,32,e4m3
47,blocks.5.mlp.0,element,0,False,False,32,e4m3
47,blocks.5.mlp.2,element,5,False,False,32,e4m3
47,blocks.3.mlp.2,element,0,False,False,32,e4m3
47,blocks.1.attn.proj,element,5,False,False,32,e4m3
47,blocks.4.mlp.2,element,4,False,False,32,e4m3
47,blocks.3.mlp.0,element,2,False,False,32,e4m3
47,blocks.2.mlp.2,element,7,False,False,32,e4m3
47,blocks.5.attn.qkv,element,1,False,False,32,e4m3
47,blocks.0.mlp.2,element,0,False,False,32,e4m3
47,blocks.5.attn.qkv,element,6,False,False,32,e4m3
47,blocks.2.mlp.2,element,7,False,False,32,e4m3
47,blocks.0.attn.proj,element,7,False,False,32,e4m3
47,blocks.2.mlp.2,element,2,False,False,32,e4m3
47,blocks.5.mlp.0,element,7,False,False,32,e4m3
47,blocks.2.mlp.0,element,2,False,False,32,e4m3
89,blocks.0.mlp.0,element,1,False,False,32,e4m3
89,blocks.4.mlp.2,element,4,False,False,32,e4m3
89,blocks.1.mlp.2,scale,2,False,False,32,e4m3
89,blocks.3.attn.qkv,element,2,False,False,32,e4m3
89,blocks.3.mlp.2,element,1,False,False,32,e4m3
89,blocks.3.mlp.2,element,0,False,False,32,e4m3
89,blocks.4.attn.proj,element,2,False,False,32,e4m3
89,blocks.3.mlp.0,element,6,False,False,32,e4m3
89,blocks.0.mlp.0,element,1,False,False,32,e4m3
89,blocks.5.mlp.0,element,4,False,False,32,e4m3
89,blocks.1.attn.proj,element,0,False,False,32,e4m3
89,blocks.3.mlp.0,element,0,False,False,32,e4m3
89,blocks.0.mlp.2,element,6,False,False,32,e4m3
89,blocks.0.mlp.0,element,4,False,False,32,e4m3
89,blocks.3.mlp.2,element,3,False,False,32,e4m3
89,blocks.0.mlp.2,element,5,False,False,32,e4m3
89,blocks.1.attn.qkv,element,3,False,False,32,e4m3
89,blocks.1.mlp.2,element,2,False,False,32,e4m3
89,blocks.1.attn.proj,element,0,False,False,32,e4m3
89,blocks.2.mlp.2,element,4,False,False,32,e4m3
89,blocks.0.mlp.2,element,7,False,False,32,e4m3
89,blocks.4.mlp.0,element,3,False,False,32,e4m3
89,blocks.5.attn.proj,element,1,False,False,32,e4m3
89,blocks.3.attn.qkv,element,3,False,False,32,e4m3
89,blocks.2.mlp.0,element,0,False,False,32,e4m3
89,blocks.4.attn.proj,element,6,False,False,32,e4m3
89,blocks.4.mlp.2,element,2,False,False,32,e4m3
89,blocks.0.mlp.2,element,5,False,False,32,e4m3
89,blocks.0.attn.qkv,element,7,False,False,32,e4m3
89,blocks.1.attn.qkv,element,1,False,False,32,e4m3
89,blocks.4.attn.qkv,element,2,False,False,32,e4m3
89,blocks.3.mlp.2,element,5,False,False,32,e4m3
89,blocks.3.attn.qkv,element,5,False,False,32,e4m3
89,blocks.3.attn.proj,scale,2,False,False,32,e4m3
89,blocks.4.mlp.2,element,3,False,False,32,e4m3
89,blocks.0.attn.proj,element,3,False,False,32,e4m3
89,blocks.2.attn.proj,element,0,False,False,32,e4m3
89,blocks.0.mlp.2,element,3,False,False,32,e4m3
89,blocks.1.mlp.2,element,3,False,False,32,e4m3
89,blocks.2.mlp.2,element,5,True,True,32,e4m3
39,blocks.0.mlp.0,element,4,False,False,32,e4m3
39,blocks.0.mlp.2,element,5,False,False,32,e4m3
39,blocks.2.attn.proj,element,0,False,False,32,e4m3
39,blocks.2.mlp.0,element,3,False,False,32,e4m3
39,blocks.0.attn.qkv,element,1,False,False,32,e4m3
39,blocks.3.mlp.0,element,5,False,False,32,e4m3
39,blocks.4.mlp.2,element,4,True,True,32,e4m3
39,blocks.5.mlp.2,element,5,False,False,32,e4m3
39,blocks.3.mlp.2,element,2,False,False,32,e4m3
39,blocks.2.attn.qkv,element,3,False,False,32,e4m3
39,blocks.4.attn.qkv,element,4,False,False,32,e4m3
39,blocks.4.mlp.2,element,5,False,False,32,e4m3
39,blocks.1.mlp.2,element,4,False,False,32,e4m3
39,blocks.4.mlp.2,element,1,False,False,32,e4m3
39,blocks.3.mlp.2,element,5,False,False,32,e4m3
39,blocks.2.mlp.2,element,2,False,False,32,e4m3
39,blocks.0.mlp.0,element,1,False,False,32,e4m3
39,blocks.0.attn.qkv,element,1,False,False,32,e4m3
39,blocks.0.mlp.2,element,5,True,True,32,e4m3
39,blocks.3.mlp.2,element,1,False,False,32,e4m3
39,blocks.1.mlp.2,element,4,False,False,32,e4m3
39,blocks.3.attn.qkv,element,7,False,False,32,e4m3
39,blocks.2.mlp.2,element,2,False,False,32,e4m3
39,blocks.0.attn.qkv,element,1,False,False,32,e4m3
39,blocks.4.attn.proj,element,6,False,False,32,e4m3
39,blocks.3.mlp.2,element,1,False,False,32,e4m3
39,blocks.3.mlp.2,element,0,False,False,32,e4m3
39,blocks.4.mlp.2,element,5,False,False,32,e4m3
39,blocks.1.mlp.2,element,4,False,False,32,e4m3
39,blocks.2.mlp.2,element,5,False,False,32,e4m3
39,blocks.2.mlp.2,element,2,False,False,32,e4m3
39,blocks.0.mlp.2,element,3,False,False,32,e4m3
39,blocks.5.mlp.2,element,7,False,False,32,e4m3
39,blocks.4.mlp.2,element,6,False,False,32,e4m3
39,blocks.1.mlp.2,element,1,False,False,32,e4m3
39,blocks.1.mlp.2,element,3,False,False,32,e4m3
39,blocks.1.mlp.2,element,7,False,False,32,e4m3
39,blocks.0.attn.proj,element,1,False,False,32,e4m3
39,blocks.3.mlp.0,element,4,False,False,32,e4m3
39,blocks.4.mlp.2,element,2,False,False,32,e4m3
