image,tensor,site,bit,corrupted,nonfinite,block_size,fmt
94,layer2.shortcut.0,element,6,False,False,32,e5m2
94,layer3.shortcut.0,element,6,False,False,32,e5m2
94,layer2.conv1,element,5,False,False,32,e5m2
94,layer2.conv1,element,3,False,False,32,e5m2
94,layer1.conv2,element,3,False,False,32,e5m2
94,layer1.conv2,element,2,False,False,32,e5m2
94,layer1.conv1,element,6,False,False,32,e5m2
94,layer1.conv1,element,0,False,False,32,e5m2
94,layer2.shortcut.0,element,3,False,False,32,e5m2
94,layer2.conv1,element,0,False,False,32,e5m2
94,layer2.shortcut.0,element,7,False,False,32,e5m2
94,layer2.conv1,element,7,False,False,32,e5m2
94,layer2.conv1,element,3,False,False,32,e5m2
94,layer3.conv1,element,1,False,False,32,e5m2
94,layer2.conv2,element,4,False,False,32,e5m2
94,layer1.conv2,element,2,False,False,32,e5m2
94,layer1.conv1,element,7,False,False,32,e5m2
94,layer1.conv2,element,4,False,False,32,e5m2
94,layer3.conv1,element,5,False,False,32,e5m2
94,layer2.shortcut.0,element,6,False,False,32,e5m2
94,layer2.conv2,element,4,False,False,32,e5m2
94,layer3.shortcut.0,element,0,False,False,32,e5m2
94,layer1.conv2,element,3,False,False,32,e5m2
94,layer2.shortcut.0,element,1,False,False,32,e5m2
94,layer1.conv1,element,0,False,False,32,e5m2
94,layer1.conv1,element,6,False,False,32,e5m2
94,layer2.shortcut.0,scale,2,False,False,32,e5m2
94,layer1.conv2,element,6,False,False,32,e5m2
94,layer3.conv1,element,4,True,False,32,e5m2
94,layer1.conv1,element,5,False,False,32,e5m2
94,layer1.conv1,scale,6,False,False,32,e5m2
94,layer2.conv2,element,3,False,False,32,e5m2
94,layer3.shortcut.0,element,5,False,False,32,e5m2
94,layer2.conv1,element,4,True,False,32,e5m2
94,layer3.shortcut.0,element,7,False,False,32,e5m2
94,layer2.conv2,element,2,True,True,32,e5m2
94,layer1.conv1,element,5,False,False,32,e5m2
94,layer2.conv1,element,2,True,True,32,e5m2
94,layer3.conv2,element,7,False,False,32,e5m2
94,layer2.shortcut.0,element,1,False,False,32,e5m2
9,layer2.conv1,element,5,False,False,32,e5m2
9,layer1.conv2,element,7,False,False,32,e5m2
9,layer1.conv1,element,5,False,False,32,e5m2
9,layer2.shortcut.0,element,3,True,True,32,e5m2
9,layer2.shortcut.0,element,4,False,False,32,e5m2
9,layer1.conv1,element,0,False,False,32,e5m2
9,layer2.conv1,element,3,False,False,32,e5m2
9,layer3.shortcut.0,element,7,False,False,32,e5m2
9,layer1.conv2,element,0,False,False,32,e5m2
9,layer2.shortcut.0,element,4,False,False,32,e5m2
9,layer3.conv1,element,1,False,False,32,e5m2
9,layer2.shortcut.0,element,4,False,False,32,e5m2
9,layer1.conv1,element,1,False,False,32,e5m2
9,layer2.conv1,scale,1,False,False,32,e5m2
9,layer2.conv1,element,6,False,False,32,e5m2
9,layer1.conv1,element,1,False,False,32,e5m2
9,layer3.conv1,element,4,False,False,32,e5m2
9,layer2.conv1,element,2,True,True,32,e5m2
9,layer3.shortcut.0,element,7,False,False,32,e5m2
9,layer1.conv1,element,3,False,False,32,e5m2
9,layer2.conv2,element,0,False,False,32,e5m2
9,layer1.conv1,element,3,False,False,32,e5m2
9,layer2.shortcut.0,element,2,False,False,32,e5m2
9,layer3.conv1,element,2,False,False,32,e5m2
9,layer1.conv2,element,0,False,False,32,e5m2
9,layer1.conv2,element,5,False,False,32,e5m2
9,layer1.conv1,element,5,False,False,32,e5m2
9,layer1.conv2,element,7,False,False,32,e5m2
9,layer1.conv2,element,7,False,False,32,e5m2
9,layer1.conv2,element,0,False,False,32,e5m2
9,layer1.conv2,element,3,False,False,32,e5m2
9,layer2.shortcut.0,scale,7,False,False,32,e5m2
9,layer2.conv2,element,5,False,False,32,e5m2
9,layer2.conv2,element,5,False,False,32,e5m2
9,layer2.shortcut.0,element,4,False,False,32,e5m2
9,layer1.conv2,element,1,False,False,32,e5m2
9,layer3.conv2,element,4,False,False,32,e5m2
9,layer1.conv1,element,4,False,False,32,e5m2
9,layer1.conv2,element,7,False,False,32,e5m2
9,layer1.conv1,element,6,False,False,32,e5m2
7,layer1.conv1,element,1,False,False,32,e5m2
7,layer1.conv2,element,5,False,False,32,e5m2
7,layer2.conv1,element,6,False,False,32,e5m2
7,layer3.shortcut.0,scale,0,False,False,32,e5m2
7,layer3.shortcut.0,element,1,False,False,32,e5m2
7,layer2.conv2,element,0,False,False,32,e5m2
7,layer2.conv1,element,5,False,False,32,e5m2
7,layer1.conv2,element,6,False,False,32,e5m2
7,layer1.conv2,element,0,False,False,32,e5m2
7,layer1.conv1,element,7,False,False,32,e5m2
7,layer1.conv1,element,7,False,False,32,e5m2
7,layer2.conv1,element,0,False,False,32,e5m2
7,layer2.conv2,element,1,False,False,32,e5m2
7,layer3.conv1,element,7,False,False,32,e5m2
7,layer3.conv1,element,3,False,False,32,e5m2
7,layer1.conv1,element,0,False,False,32,e5m2
7,layer2.conv1,element,3,False,False,32,e5m2
7,layer2.conv1,element,5,False,False,32,e5m2
7,layer2.conv1,element,4,False,False,32,e5m2
7,layer2.conv2,element,7,False,False,32,e5m2
7,layer2.shortcut.0,element,6,False,False,32,e5m2
7,layer2.shortcut.0,element,1,False,False,32,e5m2
7,layer2.conv2,element,5,False,False,32,e5m2
7,layer2.shortcut.0,element,2,False,False,32,e5m2
7,layer3.conv1,element,0,False,False,32,e5m2
7,layer2.shortcut.0,element,3,False,False,32,e5m2
7,layer1.conv1,scale,4,False,False,32,e5m2
7,layer2.shortcut.0,element,3,False,False,32,e5m2
7,layer1.conv1,element,3,False,False,32,e5m2
7,layer2.conv2,element,5,False,False,32,e5m2
7,layer2.conv1,element,1,False,False,32,e5m2
7,layer1.conv1,element,6,False,False,32,e5m2
7,layer2.conv1,scale,1,False,False,32,e5m2
7,layer3.conv2,element,7,False,False,32,e5m2
7,layer3.shortcut.0,element,5,False,False,32,e5m2
7,layer2.shortcut.0,element,5,False,False,32,e5m2
7,layer1.conv2,scale,1,False,False,32,e5m2
7,layer3.conv2,element,7,False,False,32,e5m2
7,layer1.conv2,element,6,False,False,32,e5m2
7,layer1.conv2,element,5,False,False,32,e5m2
98,layer2.conv1,element,1,False,False,32,e5m2
98,layer2.shortcut.0,element,3,False,False,32,e5m2
98,conv1,element,1,False,False,32,e5m2
98,layer1.conv1,scale,1,False,False,32,e5m2
98,layer2.shortcut.0,element,2,False,False,32,e5m2
98,layer2.conv1,element,0,False,False,32,e5m2
98,layer2.shortcut.0,element,5,False,False,32,e5m2
98,conv1,element,6,False,False,32,e5m2
98,layer2.shortcut.0,element,3,False,False,32,e5m2
98,layer2.shortcut.0,element,2,True,True,32,e5m2
98,layer3.shortcut.0,element,5,False,False,32,e5m2
98,layer2.conv1,element,6,False,False,32,e5m2
98,layer2.conv1,element,7,False,False,32,e5m2
98,layer3.conv1,element,2,False,False,32,e5m2
98,layer2.conv1,element,6,False,False,32,e5m2
98,layer3.shortcut.0,element,5,False,False,32,e5m2
98,layer2.shortcut.0,element,3,False,False,32,e5m2
98,layer2.conv2,scale,7,True,True,32,e5m2
98,layer2.shortcut.0,element,4,False,False,32,e5m2
98,layer1.conv2,element,6,False,False,32,e5m2
98,conv1,element,4,False,False,32,e5m2
98,layer2.shortcut.0,element,2,False,False,32,e5m2
98,layer2.shortcut.0,element,2,False,False,32,e5m2
98,layer1.conv2,element,0,False,False,32,e5m2
98,layer1.conv1,element,0,False,False,32,e5m2
98,layer1.conv1,element,4,False,False,32,e5m2
98,layer1.conv2,element,6,False,False,32,e5m2
98,layer3.shortcut.0,element,1,False,False,32,e5m2
98,layer1.conv2,element,0,False,False,32,e5m2
98,layer1.conv1,element,7,False,False,32,e5m2
98,layer3.conv1,element,1,False,False,32,e5m2
98,layer1.conv2,element,1,False,False,32,e5m2
98,layer1.conv2,element,0,False,False,32,e5m2
98,layer2.shortcut.0,element,5,False,False,32,e5m2
98,layer2.conv2,element,4,False,False,32,e5m2
98,layer2.conv1,scale,4,False,False,32,e5m2
98,layer2.conv1,element,5,False,False,32,e5m2
98,layer2.conv1,element,5,False,False,32,e5m2
98,layer2.conv1,element,1,False,False,32,e5m2
98,layer3.conv2,element,6,False,False,32,e5m2
22,layer1.conv2,element,6,False,False,32,e5m2
22,layer2.shortcut.0,element,3,False,False,32,e5m2
22,layer3.shortcut.0,element,4,False,False,32,e5m2
22,layer1.conv2,element,5,False,False,32,e5m2
22,layer1.conv2,element,4,False,False,32,e5m2
22,layer3.conv2,element,0,False,False,32,e5m2
22,layer1.conv2,element,4,False,False,32,e5m2
22,layer2.conv2,element,5,False,False,32,e5m2
22,layer3.shortcut.0,element,1,False,False,32,e5m2
22,layer1.conv1,element,1,False,False,32,e5m2
22,layer1.conv2,element,0,False,False,32,e5m2
22,layer2.shortcut.0,element,1,False,False,32,e5m2
22,layer2.conv2,scale,3,True,False,32,e5m2
22,layer2.conv1,element,5,False,False,32,e5m2
22,layer1.conv1,element,3,False,False,32,e5m2
22,layer3.conv1,element,5,False,False,32,e5m2
22,layer2.conv2,element,7,False,False,32,e5m2
22,layer3.conv2,element,6,False,False,32,e5m2
22,conv1,element,0,False,False,32,e5m2
22,layer2.conv2,element,7,False,False,32,e5m2
22,layer2.conv1,element,2,True,True,32,e5m2
22,layer2.conv1,element,1,False,False,32,e5m2
22,layer3.shortcut.0,element,5,False,False,32,e5m2
22,layer2.conv1,element,0,False,False,32,e5m2
22,layer2.conv2,element,0,False,False,32,e5m2
22,layer2.conv1,element,1,False,False,32,e5m2
22,layer1.conv2,element,2,False,False,32,e5m2
22,layer3.shortcut.0,element,1,False,False,32,e5m2
22,layer1.conv1,element,6,False,False,32,e5m2
22,layer3.conv2,element,3,False,False,32,e5m2
22,layer3.conv2,element,6,False,False,32,e5m2
22,layer2.shortcut.0,element,3,False,False,32,e5m2
22,conv1,element,0,False,False,32,e5m2
22,layer1.conv1,element,0,False,False,32,e5m2
22,layer3.shortcut.0,element,4,False,False,32,e5m2
22,layer2.conv1,element,2,False,False,32,e5m2
22,conv1,scale,7,True,True,32,e5m2
22,layer2.conv2,element,1,False,False,32,e5m2
22,layer2.conv1,element,3,False,False,32,e5m2
22,layer1.conv1,element,0,False,False,32,e5m2
86,layer3.conv2,element,5,False,False,32,e5m2
86,layer2.conv1,element,4,True,True,32,e5m2
86,conv1,element,5,False,False,32,e5m2
86,layer2.conv2,element,7,False,False,32,e5m2
86,layer3.conv1,element,2,False,False,32,e5m2
86,layer2.conv1,element,4,False,False,32,e5m2
86,layer2.shortcut.0,element,5,False,False,32,e5m2
86,layer3.conv2,element,4,False,False,32,e5m2
86,layer2.conv2,element,6,False,False,32,e5m2
86,layer1.conv1,element,1,False,False,32,e5m2
86,layer2.conv1,element,6,False,False,32,e5m2
86,layer2.conv2,element,3,False,False,32,e5m2
86,conv1,element,0,False,False,32,e5m2
86,layer2.conv1,element,4,False,False,32,e5m2
86,layer1.conv1,element,4,False,False,32,e5m2
86,layer3.conv2,element,6,False,False,32,e5m2
86,layer2.shortcut.0,element,1,False,False,32,e5m2
86,layer3.conv2,element,2,False,False,32,e5m2
86,layer3.conv1,element,5,False,False,32,e5m2
86,layer2.conv2,element,6,False,False,32,e5m2
86,layer3.conv2,element,3,False,False,32,e5m2
86,layer3.conv1,element,6,False,False,32,e5m2
86,layer1.conv2,element,6,False,False,32,e5m2
86,layer3.conv2,element,0,False,False,32,e5m2
86,layer2.shortcut.0,element,4,False,False,32,e5m2
86,layer2.conv1,element,5,False,False,32,e5m2
86,layer1.conv1,element,7,False,False,32,e5m2
86,layer2.conv2,element,3,False,False,32,e5m2
86,layer2.conv1,element,2,False,False,32,e5m2
86,conv1,scale,6,False,False,32,e5m2
86,layer2.shortcut.0,element,5,False,False,32,e5m2
86,layer3.conv2,element,7,False,False,32,e5m2
86,layer1.conv1,element,4,False,False,32,e5m2
86,layer3.shortcut.0,element,0,False,False,32,e5m2
86,layer2.shortcut.0,scale,1,False,False,32,e5m2
86,layer2.shortcut.0,element,3,False,False,32,e5m2
86,layer1.conv2,element,4,False,False,32,e5m2
86,layer1.conv2,element,5,False,False,32,e5m2
86,layer2.conv1,element,4,False,False,32,e5m2
86,layer1.conv2,element,0,False,False,32,e5m2
99,layer1.conv1,element,5,False,False,32,e5m2
99,layer2.shortcut.0,element,5,False,False,32,e5m2
99,layer1.conv2,element,2,False,False,32,e5m2
99,layer3.conv2,element,0,False,False,32,e5m2
99,layer3.shortcut.0,element,7,False,False,32,e5m2
99,layer2.conv1,element,2,False,False,32,e5m2
99,layer1.conv1,element,5,False,False,32,e5m2
99,layer1.conv1,element,2,False,False,32,e5m2
99,layer2.shortcut.0,element,3,True,True,32,e5m2
99,layer3.conv1,element,2,False,False,32,e5m2
99,layer3.shortcut.0,element,1,False,False,32,e5m2
99,layer3.shortcut.0,element,1,False,False,32,e5m2
99,layer1.conv2,element,4,False,False,32,e5m2
99,layer1.conv1,scale,5,False,False,32,e5m2
99,layer1.conv1,element,0,False,False,32,e5m2
99,conv1,scale,2,False,False,32,e5m2
99,layer3.shortcut.0,element,1,False,False,32,e5m2
99,layer3.shortcut.0,element,7,False,False,32,e5m2
99,layer2.conv1,element,5,False,False,32,e5m2
99,layer2.shortcut.0,element,3,False,False,32,e5m2
99,layer3.shortcut.0,element,1,False,False,32,e5m2
99,conv1,element,3,False,False,32,e5m2
99,layer3.shortcut.0,element,6,False,False,32,e5m2
99,layer3.conv2,element,1,False,False,32,e5m2
99,layer1.conv1,element,6,False,False,32,e5m2
99,layer1.conv2,element,2,False,False,32,e5m2
99,layer1.conv1,element,1,False,False,32,e5m2
99,layer1.conv1,element,7,False,False,32,e5m2
99,layer2.shortcut.0,element,0,False,False,32,e5m2
99,layer2.shortcut.0,element,3,False,False,32,e5m2
99,layer3.conv1,element,1,False,False,32,e5m2
99,layer2.conv2,element,2,True,True,32,e5m2
99,layer3.conv1,element,3,False,False,32,e5m2
99,layer2.conv1,element,1,False,False,32,e5m2
99,layer1.conv2,element,3,False,False,32,e5m2
99,layer3.conv2,element,6,False,False,32,e5m2
99,layer2.conv1,element,3,False,False,32,e5m2
99,layer1.conv2,element,0,False,False,32,e5m2
99,layer1.conv1,element,1,False,False,32,e5m2
99,layer2.shortcut.0,element,2,False,False,32,e5m2
60,conv1,element,7,False,False,32,e5m2
60,layer1.conv1,element,5,False,False,32,e5m2
60,layer1.conv2,element,4,False,False,32,e5m2
60,layer3.conv1,element,5,False,False,32,e5m2
60,layer2.conv2,element,1,False,False,32,e5m2
60,layer1.conv2,element,5,False,False,32,e5m2
60,layer1.conv2,element,1,False,False,32,e5m2
60,layer2.conv1,element,3,False,False,32,e5m2
60,layer1.conv2,element,5,False,False,32,e5m2
60,layer2.conv1,element,1,False,False,32,e5m2
60,layer1.conv1,element,4,False,False,32,e5m2
60,layer1.conv1,scale,1,False,False,32,e5m2
60,layer1.conv2,element,1,False,False,32,e5m2
60,conv1,element,6,False,False,32,e5m2
60,layer1.conv1,element,6,False,False,32,e5m2
60,layer3.shortcut.0,element,7,False,False,32,e5m2
60,layer2.shortcut.0,scale,6,False,False,32,e5m2
60,layer2.conv1,element,5,False,False,32,e5m2
60,layer2.conv1,element,2,False,False,32,e5m2
60,layer1.conv2,element,0,False,False,32,e5m2
60,layer2.conv1,element,2,False,False,32,e5m2
60,layer3.shortcut.0,element,6,False,False,32,e5m2
60,layer2.conv1,element,6,False,False,32,e5m2
60,conv1,element,7,False,False,32,e5m2
60,layer1.conv2,element,2,False,False,32,e5m2
60,layer2.shortcut.0,element,5,False,False,32,e5m2
60,layer3.shortcut.0,element,5,False,False,32,e5m2
60,layer2.shortcut.0,element,5,False,False,32,e5m2
60,layer2.conv1,element,5,False,False,32,e5m2
60,layer2.conv1,element,6,False,False,32,e5m2
60,layer1.conv2,element,5,False,False,32,e5m2
60,layer2.shortcut.0,element,4,False,False,32,e5m2
60,layer2.conv1,element,4,False,False,32,e5m2
60,layer1.conv2,element,4,False,False,32,e5m2
60,layer1.conv2,element,0,False,False,32,e5m2
60,layer3.shortcut.0,element,3,False,False,32,e5m2
60,layer2.conv2,element,7,False,False,32,e5m2
60,layer3.shortcut.0,element,1,False,False,32,e5m2
60,layer2.shortcut.0,element,0,False,False,32,e5m2
60,layer2.conv1,element,0,False,False,32,e5m2
85,layer1.conv2,element,5,True,False,32,e5m2
85,layer1.conv2,element,1,False,False,32,e5m2
85,layer2.conv1,element,5,True,False,32,e5m2
85,layer1.conv2,element,3,False,False,32,e5m2
85,layer2.shortcut.0,element,4,False,False,32,e5m2
85,layer3.shortcut.0,element,4,False,False,32,e5m2
85,layer1.conv1,element,0,False,False,32,e5m2
85,layer1.conv2,element,6,False,False,32,e5m2
85,layer2.shortcut.0,element,0,False,False,32,e5m2
85,layer1.conv1,element,5,True,False,32,e5m2
85,layer1.conv2,element,2,False,False,32,e5m2
85,layer1.conv1,element,4,False,False,32,e5m2
85,layer2.conv2,element,7,False,False,32,e5m2
85,layer3.shortcut.0,element,6,False,False,32,e5m2
85,layer2.shortcut.0,element,7,False,False,32,e5m2
85,layer1.conv1,element,1,True,False,32,e5m2
85,layer3.shortcut.0,element,7,False,False,32,e5m2
85,layer3.conv1,element,5,False,False,32,e5m2
85,layer3.conv1,element,2,True,True,32,e5m2
85,layer1.conv1,element,0,False,False,32,e5m2
85,layer2.shortcut.0,element,4,False,False,32,e5m2
85,layer1.conv2,element,3,False,False,32,e5m2
85,layer1.conv1,element,2,False,False,32,e5m2
85,layer3.conv2,element,0,False,False,32,e5m2
85,layer1.conv1,element,5,False,False,32,e5m2
85,layer2.conv2,element,2,False,False,32,e5m2
85,layer3.conv1,element,4,False,False,32,e5m2
85,layer1.conv2,element,7,True,False,32,e5m2
85,layer1.conv2,element,0,False,False,32,e5m2
85,layer2.conv1,element,4,False,False,32,e5m2
85,layer2.conv1,element,2,False,False,32,e5m2
85,layer1.conv1,element,2,False,False,32,e5m2
85,layer2.shortcut.0,scale,4,False,False,32,e5m2
85,conv1,scale,7,True,True,32,e5m2
85,layer2.shortcut.0,element,1,False,False,32,e5m2
85,layer1.conv2,element,1,False,False,32,e5m2
85,layer3.conv1,element,4,True,True,32,e5m2
85,conv1,element,3,True,False,32,e5m2
85,layer3.conv1,scale,3,True,False,32,e5m2
85,layer3.conv1,element,0,True,False,32,e5m2
6,conv1,scale,7,True,True,32,e5m2
6,layer3.shortcut.0,element,0,False,False,32,e5m2
6,layer3.conv2,element,1,False,False,32,e5m2
6,layer2.conv2,element,4,False,False,32,e5m2
6,layer1.conv2,element,2,True,True,32,e5m2
6,layer2.conv1,element,4,False,False,32,e5m2
6,layer2.conv2,element,1,False,False,32,e5m2
6,layer2.conv1,element,2,False,False,32,e5m2
6,conv1,element,6,False,False,32,e5m2
6,conv1,scale,1,False,False,32,e5m2
6,layer1.conv1,element,2,False,False,32,e5m2
6,layer1.conv1,element,0,False,False,32,e5m2
6,layer2.conv1,element,3,False,False,32,e5m2
6,layer2.shortcut.0,element,5,False,False,32,e5m2
6,layer1.conv2,element,0,False,False,32,e5m2
6,layer1.conv1,element,6,False,False,32,e5m2
6,layer2.conv2,element,7,False,False,32,e5m2
6,layer1.conv1,element,6,False,False,32,e5m2
6,layer2.conv2,element,3,False,False,32,e5m2
6,layer1.conv2,element,3,True,True,32,e5m2
6,layer3.shortcut.0,element,2,False,False,32,e5m2
6,layer1.conv2,element,6,False,False,32,e5m2
6,conv1,element,0,False,False,32,e5m2
6,layer3.conv2,element,1,False,False,32,e5m2
6,layer1.conv2,element,4,False,False,32,e5m2
6,layer1.conv2,element,0,False,False,32,e5m2
6,layer1.conv2,element,2,True,True,32,e5m2
6,layer3.conv1,element,3,True,True,32,e5m2
6,layer3.shortcut.0,element,6,False,False,32,e5m2
6,layer2.conv1,element,6,False,False,32,e5m2
6,layer2.shortcut.0,element,6,False,False,32,e5m2
6,layer1.conv1,element,1,False,False,32,e5m2
6,layer2.conv1,element,5,False,False,32,e5m2
6,layer3.conv1,element,5,False,False,32,e5m2
6,layer2.conv2,element,5,False,False,32,e5m2
6,layer2.shortcut.0,element,0,False,False,32,e5m2
6,layer1.conv2,element,2,False,False,32,e5m2
6,layer1.conv1,element,3,False,False,32,e5m2
6,layer2.shortcut.0,element,6,False,False,32,e5m2
6,layer1.conv2,element,1,False,False,32,e5m2
11,layer1.conv2,element,2,False,False,32,e5m2
11,layer1.conv2,element,3,False,False,32,e5m2
11,layer2.shortcut.0,element,7,False,False,32,e5m2
11,layer2.conv1,element,5,False,False,32,e5m2
11,layer2.shortcut.0,element,2,False,False,32,e5m2
11,layer1.conv1,element,3,False,False,32,e5m2
11,layer2.conv1,element,4,False,False,32,e5m2
11,layer1.conv2,element,7,False,False,32,e5m2
11,layer1.conv1,element,6,False,False,32,e5m2
11,conv1,element,5,False,False,32,e5m2
11,layer2.conv1,element,6,False,False,32,e5m2
11,layer1.conv1,element,5,True,False,32,e5m2
11,layer2.conv1,element,1,False,False,32,e5m2
11,layer2.conv1,element,0,False,False,32,e5m2
11,conv1,element,3,False,False,32,e5m2
11,layer3.shortcut.0,element,1,False,False,32,e5m2
11,layer3.conv1,element,0,False,False,32,e5m2
11,layer2.shortcut.0,element,4,False,False,32,e5m2
11,layer2.shortcut.0,element,1,False,False,32,e5m2
11,layer2.conv2,element,6,False,False,32,e5m2
11,layer3.shortcut.0,element,6,False,False,32,e5m2
11,layer3.conv1,element,1,False,False,32,e5m2
11,layer3.conv2,element,6,False,False,32,e5m2
11,layer1.conv1,element,7,False,False,32,e5m2
11,layer2.conv1,element,5,False,False,32,e5m2
11,layer1.conv2,element,7,False,False,32,e5m2
11,layer2.conv1,element,3,False,False,32,e5m2
11,layer1.conv1,element,7,False,False,32,e5m2
11,layer2.shortcut.0,element,4,False,False,32,e5m2
11,layer1.conv2,element,5,False,False,32,e5m2
11,layer2.shortcut.0,element,7,False,False,32,e5m2
11,layer2.shortcut.0,element,7,False,False,32,e5m2
11,layer1.conv2,element,3,True,True,32,e5m2
11,layer1.conv2,element,5,False,False,32,e5m2
11,layer3.shortcut.0,element,3,False,False,32,e5m2
11,layer2.conv2,element,7,False,False,32,e5m2
11,conv1,element,1,False,False,32,e5m2
11,layer3.shortcut.0,element,4,False,False,32,e5m2
11,layer1.conv1,element,3,False,False,32,e5m2
11,layer1.conv1,element,7,False,False,32,e5m2
23,layer2.shortcut.0,element,3,False,False,32,e5m2
23,layer1.conv2,element,0,False,False,32,e5m2
23,layer1.conv1,element,7,False,False,32,e5m2
23,layer3.conv2,element,2,False,False,32,e5m2
23,layer2.shortcut.0,element,1,False,False,32,e5m2
23,layer2.conv2,element,6,False,False,32,e5m2
23,layer1.conv2,element,5,False,False,32,e5m2
23,layer1.conv1,element,6,False,False,32,e5m2
23,conv1,scale,5,False,False,32,e5m2
23,layer3.shortcut.0,element,0,False,False,32,e5m2
23,layer2.conv1,element,0,False,False,32,e5m2
23,layer2.shortcut.0,element,6,False,False,32,e5m2
23,layer3.conv1,element,7,False,False,32,e5m2
23,layer2.conv1,scale,4,False,False,32,e5m2
23,layer3.shortcut.0,element,7,False,False,32,e5m2
23,layer1.conv1,element,6,False,False,32,e5m2
23,layer1.conv2,scale,3,True,False,32,e5m2
23,layer1.conv2,element,5,False,False,32,e5m2
23,layer3.conv1,element,6,False,False,32,e5m2
23,layer2.shortcut.0,element,6,False,False,32,e5m2
23,layer2.shortcut.0,element,4,False,False,32,e5m2
23,layer2.conv1,element,4,False,False,32,e5m2
23,layer2.conv1,element,1,False,False,32,e5m2
23,layer2.shortcut.0,element,4,False,False,32,e5m2
23,layer3.shortcut.0,element,3,False,False,32,e5m2
23,layer2.conv1,element,0,False,False,32,e5m2
23,layer1.conv2,element,2,False,False,32,e5m2
23,layer2.shortcut.0,element,5,False,False,32,e5m2
23,layer3.shortcut.0,element,2,False,False,32,e5m2
23,layer1.conv1,element,2,True,True,32,e5m2
23,layer1.conv1,element,1,False,False,32,e5m2
23,layer1.conv1,element,6,False,False,32,e5m2
23,layer1.conv2,element,1,False,False,32,e5m2
23,layer2.shortcut.0,element,2,False,False,32,e5m2
23,layer1.conv1,element,6,False,False,32,e5m2
23,layer2.conv2,element,4,False,False,32,e5m2
23,layer1.conv2,element,1,False,False,32,e5m2
23,layer2.shortcut.0,element,1,False,False,32,e5m2
23,layer2.conv1,element,2,False,False,32,e5m2
23,layer2.conv2,element,4,True,True,32,e5m2
29,layer1.conv1,element,5,False,False,32,e5m2
29,layer2.shortcut.0,element,7,False,False,32,e5m2
29,layer1.conv1,element,7,False,False,32,e5m2
29,layer3.conv2,element,0,False,False,32,e5m2
29,layer2.shortcut.0,element,5,False,False,32,e5m2
29,layer3.shortcut.0,element,4,False,False,32,e5m2
29,layer2.shortcut.0,element,1,False,False,32,e5m2
29,layer1.conv2,element,5,False,False,32,e5m2
29,layer2.conv1,element,7,False,False,32,e5m2
29,layer1.conv1,element,1,False,False,32,e5m2
29,layer2.shortcut.0,element,2,False,False,32,e5m2
29,layer1.conv2,element,3,False,False,32,e5m2
29,layer1.conv1,scale,0,False,False,32,e5m2
29,layer2.shortcut.0,element,1,False,False,32,e5m2
29,layer1.conv2,element,5,False,False,32,e5m2
29,layer2.shortcut.0,element,0,False,False,32,e5m2
29,layer2.conv1,element,0,False,False,32,e5m2
29,layer2.shortcut.0,scale,2,False,False,32,e5m2
29,layer1.conv1,scale,6,False,False,32,e5m2
29,conv1,element,2,True,True,32,e5m2
29,layer3.conv1,element,0,False,False,32,e5m2
29,layer2.conv1,element,6,False,False,32,e5m2
29,layer1.conv2,element,4,False,False,32,e5m2
29,layer2.conv1,element,3,True,True,32,e5m2
29,layer1.conv2,element,7,False,False,32,e5m2
29,layer3.shortcut.0,element,6,False,False,32,e5m2
29,layer2.shortcut.0,element,2,False,False,32,e5m2
29,layer2.conv1,element,6,False,False,32,e5m2
29,layer1.conv1,element,1,False,False,32,e5m2
29,layer1.conv1,element,1,False,False,32,e5m2
29,layer3.shortcut.0,element,7,False,False,32,e5m2
29,layer2.shortcut.0,element,3,False,False,32,e5m2
29,layer1.conv1,element,5,False,False,32,e5m2
29,layer1.conv2,element,1,False,False,32,e5m2
29,layer3.conv1,element,0,False,False,32,e5m2
29,layer2.shortcut.0,element,0,False,False,32,e5m2
29,layer1.conv1,element,5,False,False,32,e5m2
29,layer1.conv2,element,6,False,False,32,e5m2
29,layer2.conv2,element,1,False,False,32,e5m2
29,layer2.shortcut.0,element,1,False,False,32,e5m2
51,layer3.conv1,element,7,False,False,32,e5m2
51,layer3.shortcut.0,scale,5,False,False,32,e5m2
51,layer2.conv1,element,7,False,False,32,e5m2
51,layer1.conv2,element,4,False,False,32,e5m2
51,layer1.conv2,element,7,False,False,32,e5m2
51,conv1,element,6,False,False,32,e5m2
51,layer3.shortcut.0,element,4,False,False,32,e5m2
51,layer1.conv2,element,7,False,False,32,e5m2
51,layer2.shortcut.0,element,2,False,False,32,e5m2
51,conv1,element,5,False,False,32,e5m2
51,layer2.shortcut.0,scale,5,False,False,32,e5m2
51,layer3.shortcut.0,element,2,False,False,32,e5m2
51,layer1.conv1,element,6,False,False,32,e5m2
51,layer1.conv1,element,4,False,False,32,e5m2
51,layer1.conv1,element,7,False,False,32,e5m2
51,layer2.shortcut.0,element,4,False,False,32,e5m2
51,layer2.conv1,element,7,False,False,32,e5m2
51,layer1.conv1,element,1,False,False,32,e5m2
51,layer2.shortcut.0,element,3,False,False,32,e5m2
51,layer2.conv2,element,6,False,False,32,e5m2
51,layer1.conv2,element,7,False,False,32,e5m2
51,layer2.conv1,scale,7,True,True,32,e5m2
51,layer1.conv1,element,5,False,False,32,e5m2
51,layer1.conv1,element,1,False,False,32,e5m2
51,layer1.conv2,element,1,False,False,32,e5m2
51,layer2.conv2,element,5,False,False,32,e5m2
51,conv1,element,6,False,False,32,e5m2
51,layer2.shortcut.0,element,6,False,False,32,e5m2
51,layer2.conv1,element,5,False,False,32,e5m2
51,layer1.conv2,element,5,False,False,32,e5m2
51,layer1.conv1,element,0,False,False,32,e5m2
51,layer3.shortcut.0,element,2,False,False,32,e5m2
51,layer2.conv2,element,6,False,False,32,e5m2
51,layer1.conv1,element,4,False,False,32,e5m2
51,layer1.conv2,element,6,False,False,32,e5m2
51,conv1,element,1,False,False,32,e5m2
51,layer2.conv1,element,6,False,False,32,e5m2
51,layer1.conv2,element,2,False,False,32,e5m2
51,layer3.shortcut.0,element,1,False,False,32,e5m2
51,layer2.conv2,element,6,False,False,32,e5m2
36,conv1,element,1,True,False,32,e5m2
36,layer2.conv1,element,1,False,False,32,e5m2
36,layer3.shortcut.0,element,7,False,False,32,e5m2
36,layer1.conv2,scale,6,False,False,32,e5m2
36,layer3.shortcut.0,element,7,False,False,32,e5m2
36,layer2.conv2,element,6,False,False,32,e5m2
36,layer2.shortcut.0,element,1,False,False,32,e5m2
36,layer1.conv2,element,4,False,False,32,e5m2
36,layer2.conv1,element,2,True,True,32,e5m2
36,layer3.shortcut.0,element,1,False,False,32,e5m2
36,layer2.conv1,element,1,False,False,32,e5m2
36,layer2.conv2,element,7,False,False,32,e5m2
36,layer3.conv1,element,2,True,True,32,e5m2
36,layer2.shortcut.0,element,1,False,False,32,e5m2
36,layer3.conv1,element,7,False,False,32,e5m2
36,layer1.conv2,element,7,False,False,32,e5m2
36,conv1,element,0,False,False,32,e5m2
36,layer3.conv1,element,5,False,False,32,e5m2
36,layer1.conv1,element,4,True,False,32,e5m2
36,conv1,element,2,True,True,32,e5m2
36,layer1.conv2,element,4,False,False,32,e5m2
36,layer2.shortcut.0,element,3,False,False,32,e5m2
36,conv1,element,4,False,False,32,e5m2
36,layer2.conv2,element,7,False,False,32,e5m2
36,layer1.conv1,element,2,False,False,32,e5m2
36,layer2.conv1,element,1,False,False,32,e5m2
36,layer3.shortcut.0,element,3,False,False,32,e5m2
36,layer1.conv1,element,5,False,False,32,e5m2
36,layer2.shortcut.0,element,5,False,False,32,e5m2
36,layer2.conv1,element,0,False,False,32,e5m2
36,layer3.shortcut.0,element,7,False,False,32,e5m2
36,layer3.conv1,element,4,False,False,32,e5m2
36,layer2.conv1,element,5,False,False,32,e5m2
36,layer3.conv1,element,1,False,False,32,e5m2
36,layer1.conv2,element,6,False,False,32,e5m2
36,layer2.conv1,element,2,False,False,32,e5m2
36,layer2.conv2,element,0,False,False,32,e5m2
36,layer2.shortcut.0,element,4,False,False,32,e5m2
36,layer2.shortcut.0,element,7,False,False,32,e5m2
36,layer1.conv2,element,4,True,False,32,e5m2
72,layer2.shortcut.0,element,5,False,False,32,e5m2
72,layer3.conv1,element,7,False,False,32,e5m2
72,layer2.shortcut.0,element,3,False,False,32,e5m2
72,layer2.conv2,element,5,False,False,32,e5m2
72,layer1.conv1,element,7,False,False,32,e5m2
72,layer2.conv1,element,1,False,False,32,e5m2
72,layer3.conv1,element,5,False,False,32,e5m2
72,layer2.conv2,element,6,False,False,32,e5m2
72,layer1.conv2,element,2,True,True,32,e5m2
72,layer3.conv2,element,3,False,False,32,e5m2
72,conv1,element,6,False,False,32,e5m2
72,layer1.conv2,element,1,False,False,32,e5m2
72,layer1.conv2,element,0,False,False,32,e5m2
72,layer1.conv1,element,6,False,False,32,e5m2
72,layer1.conv2,element,3,False,False,32,e5m2
72,layer1.conv2,element,5,False,False,32,e5m2
72,layer1.conv2,element,7,False,False,32,e5m2
72,layer1.conv1,element,0,False,False,32,e5m2
72,layer3.shortcut.0,element,7,False,False,32,e5m2
72,layer3.shortcut.0,element,4,False,False,32,e5m2
72,layer2.conv1,element,3,False,False,32,e5m2
72,layer2.conv1,element,6,False,False,32,e5m2
72,layer2.conv1,element,4,False,False,32,e5m2
72,layer1.conv1,element,1,False,False,32,e5m2
72,layer1.conv2,element,1,False,False,32,e5m2
72,layer1.conv2,element,4,True,True,32,e5m2
72,layer3.conv1,element,5,False,False,32,e5m2
72,layer2.conv1,element,7,False,False,32,e5m2
72,conv1,element,1,False,False,32,e5m2
72,layer1.conv2,element,3,False,False,32,e5m2
72,layer2.shortcut.0,element,3,False,False,32,e5m2
72,layer2.conv1,element,6,False,False,32,e5m2
72,conv1,element,5,False,False,32,e5m2
72,layer3.shortcut.0,element,7,False,False,32,e5m2
72,layer1.conv2,element,0,False,False,32,e5m2
72,layer1.conv1,scale,1,False,False,32,e5m2
72,layer2.conv1,element,3,False,False,32,e5m2
72,layer2.shortcut.0,element,0,False,False,32,e5m2
72,layer3.shortcut.0,element,0,False,False,32,e5m2
72,layer3.conv1,element,6,False,False,32,e5m2
68,layer1.conv2,element,6,False,False,32,e5m2
68,layer2.conv2,element,5,False,False,32,e5m2
68,layer1.conv1,element,1,False,False,32,e5m2
68,layer2.conv1,element,3,True,True,32,e5m2
68,layer2.conv1,element,4,False,False,32,e5m2
68,layer3.conv2,element,4,False,False,32,e5m2
68,layer2.shortcut.0,element,0,False,False,32,e5m2
68,layer3.conv1,element,5,False,False,32,e5m2
68,layer2.conv2,element,5,False,False,32,e5m2
68,conv1,element,2,False,False,32,e5m2
68,layer2.shortcut.0,element,4,False,False,32,e5m2
68,layer2.conv1,element,1,False,False,32,e5m2
68,layer1.conv2,element,3,False,False,32,e5m2
68,layer1.conv1,scale,1,True,False,32,e5m2
68,layer1.conv1,element,6,False,False,32,e5m2
68,layer2.shortcut.0,element,4,False,False,32,e5m2
68,layer2.shortcut.0,element,7,False,False,32,e5m2
68,layer1.conv2,element,1,False,False,32,e5m2
68,layer1.conv1,element,6,False,False,32,e5m2
68,layer3.shortcut.0,element,3,False,False,32,e5m2
68,layer3.shortcut.0,scale,5,False,False,32,e5m2
68,layer2.conv1,element,7,False,False,32,e5m2
68,layer3.conv1,element,7,False,False,32,e5m2
68,layer3.conv2,element,7,False,False,32,e5m2
68,layer2.shortcut.0,element,2,False,False,32,e5m2
68,layer2.shortcut.0,scale,3,True,False,32,e5m2
68,layer2.shortcut.0,element,1,False,False,32,e5m2
68,conv1,element,1,False,False,32,e5m2
68,layer1.conv2,element,2,False,False,32,e5m2
68,conv1,element,1,False,False,32,e5m2
68,layer2.shortcut.0,element,5,False,False,32,e5m2
68,layer3.conv2,element,6,False,False,32,e5m2
68,layer3.shortcut.0,element,6,False,False,32,e5m2
68,layer3.shortcut.0,element,1,False,False,32,e5m2
68,layer2.shortcut.0,element,3,False,False,32,e5m2
68,layer2.shortcut.0,element,2,False,False,32,e5m2
68,layer2.conv2,element,2,True,False,32,e5m2
68,layer1.conv1,element,1,False,False,32,e5m2
68,layer2.conv2,element,6,False,False,32,e5m2
68,layer1.conv2,element,0,True,False,32,e5m2
44,layer2.conv2,element,1,False,False,32,e5m2
44,layer2.conv1,element,0,False,False,32,e5m2
44,layer1.conv2,element,4,False,False,32,e5m2
44,layer1.conv1,element,0,False,False,32,e5m2
44,conv1,element,4,False,False,32,e5m2
44,layer3.conv1,element,6,False,False,32,e5m2
44,layer3.shortcut.0,element,4,False,False,32,e5m2
44,layer1.conv2,scale,0,False,False,32,e5m2
44,layer2.conv1,element,5,False,False,32,e5m2
44,layer2.shortcut.0,element,3,False,False,32,e5m2
44,layer1.conv1,element,4,False,False,32,e5m2
44,layer3.conv2,element,3,False,False,32,e5m2
44,layer3.conv1,element,2,False,False,32,e5m2
44,layer3.shortcut.0,element,2,False,False,32,e5m2
44,layer1.conv1,element,6,False,False,32,e5m2
44,layer2.shortcut.0,scale,3,True,False,32,e5m2
44,layer2.conv1,scale,3,True,False,32,e5m2
44,layer1.conv2,element,3,True,True,32,e5m2
44,layer1.conv2,element,6,False,False,32,e5m2
44,layer1.conv2,element,1,False,False,32,e5m2
44,layer1.conv2,element,4,False,False,32,e5m2
44,layer3.shortcut.0,element,5,False,False,32,e5m2
44,layer2.conv2,element,0,False,False,32,e5m2
44,layer3.conv2,element,3,False,False,32,e5m2
44,conv1,element,0,False,False,32,e5m2
44,layer2.conv1,element,0,False,False,32,e5m2
44,layer2.conv1,element,1,False,False,32,e5m2
44,conv1,element,5,False,False,32,e5m2
44,layer1.conv2,element,6,False,False,32,e5m2
44,layer2.conv1,element,7,False,False,32,e5m2
44,layer1.conv1,element,6,False,False,32,e5m2
44,layer2.conv2,element,2,False,False,32,e5m2
44,layer1.conv2,element,0,False,False,32,e5m2
44,layer3.conv1,element,1,False,False,32,e5m2
44,layer1.conv1,element,0,False,False,32,e5m2
44,layer3.shortcut.0,element,2,False,False,32,e5m2
44,layer1.conv1,element,5,False,False,32,e5m2
44,layer1.conv1,element,1,False,False,32,e5m2
44,layer2.shortcut.0,element,1,False,False,32,e5m2
44,layer2.conv1,element,2,False,False,32,e5m2
71,layer1.conv2,element,5,False,False,32,e5m2
71,layer2.conv1,element,0,False,False,32,e5m2
71,layer2.shortcut.0,element,2,False,False,32,e5m2
71,conv1,scale,7,True,True,32,e5m2
71,layer2.conv1,scale,3,True,False,32,e5m2
71,layer2.conv2,element,1,False,False,32,e5m2
71,layer1.conv1,element,0,False,False,32,e5m2
71,layer2.shortcut.0,element,5,False,False,32,e5m2
71,layer2.shortcut.0,element,4,False,False,32,e5m2
71,layer1.conv1,element,2,False,False,32,e5m2
71,layer2.conv1,element,1,False,False,32,e5m2
71,conv1,scale,1,False,False,32,e5m2
71,layer1.conv2,element,7,False,False,32,e5m2
71,layer1.conv1,element,4,False,False,32,e5m2
71,layer2.conv2,element,3,True,True,32,e5m2
71,layer2.conv2,element,3,False,False,32,e5m2
71,conv1,element,4,False,False,32,e5m2
71,conv1,scale,5,False,False,32,e5m2
71,layer2.shortcut.0,element,1,False,False,32,e5m2
71,layer2.shortcut.0,element,3,False,False,32,e5m2
71,layer1.conv1,element,6,False,False,32,e5m2
71,layer2.shortcut.0,element,6,False,False,32,e5m2
71,layer1.conv1,element,5,False,False,32,e5m2
71,layer3.conv1,element,5,False,False,32,e5m2
71,layer2.conv2,element,0,False,False,32,e5m2
71,layer2.conv1,element,1,False,False,32,e5m2
71,layer3.conv1,element,0,False,False,32,e5m2
71,layer2.conv1,element,1,False,False,32,e5m2
71,layer2.conv1,element,1,False,False,32,e5m2
71,layer1.conv1,element,5,False,False,32,e5m2
71,layer3.conv2,element,5,False,False,32,e5m2
71,layer1.conv1,element,0,False,False,32,e5m2
71,layer3.shortcut.0,element,0,False,False,32,e5m2
71,layer1.conv1,element,6,False,False,32,e5m2
71,layer2.conv1,element,0,False,False,32,e5m2
71,layer1.conv1,element,7,False,False,32,e5m2
71,layer2.conv2,element,0,False,False,32,e5m2
71,layer1.conv1,element,1,False,False,32,e5m2
71,layer1.conv2,element,0,False,False,32,e5m2
71,layer3.shortcut.0,element,2,False,False,32,e5m2
1,layer2.conv1,element,4,False,False,32,e5m2
1,layer1.conv2,element,7,False,False,32,e5m2
1,layer1.conv1,element,2,False,False,32,e5m2
1,layer1.conv1,scale,3,True,False,32,e5m2
1,layer2.conv1,element,2,False,False,32,e5m2
1,layer1.conv1,element,4,False,False,32,e5m2
1,layer3.conv2,element,7,False,False,32,e5m2
1,layer2.shortcut.0,element,5,False,False,32,e5m2
1,layer2.conv2,element,7,False,False,32,e5m2
1,layer2.conv1,element,4,False,False,32,e5m2
1,layer2.conv1,element,6,False,False,32,e5m2
1,layer1.conv1,element,5,False,False,32,e5m2
1,layer2.conv1,element,5,False,False,32,e5m2
1,layer1.conv1,element,0,False,False,32,e5m2
1,layer3.conv1,element,1,False,False,32,e5m2
1,layer2.shortcut.0,element,4,False,False,32,e5m2
1,conv1,element,0,False,False,32,e5m2
1,conv1,element,1,False,False,32,e5m2
1,layer2.shortcut.0,element,1,False,False,32,e5m2
1,layer3.conv2,element,1,False,False,32,e5m2
1,layer2.conv1,element,4,True,True,32,e5m2
1,layer3.conv1,element,1,False,False,32,e5m2
1,layer1.conv2,element,4,False,False,32,e5m2
1,layer3.conv2,scale,5,False,False,32,e5m2
1,layer2.shortcut.0,element,4,False,False,32,e5m2
1,layer1.conv2,element,0,False,False,32,e5m2
1,layer2.conv1,element,1,False,False,32,e5m2
1,layer2.conv1,element,5,False,False,32,e5m2
1,layer1.conv1,element,1,False,False,32,e5m2
1,layer1.conv2,element,1,False,False,32,e5m2
1,layer2.conv1,element,1,False,False,32,e5m2
1,layer2.shortcut.0,element,4,False,False,32,e5m2
1,layer1.conv2,element,3,True,True,32,e5m2
1,layer2.shortcut.0,element,1,False,False,32,e5m2
1,layer1.conv1,element,7,False,False,32,e5m2
1,layer1.conv2,element,4,False,False,32,e5m2
1,layer3.conv2,element,7,False,False,32,e5m2
1,layer2.conv1,element,7,False,False,32,e5m2
1,layer3.conv2,element,6,False,False,32,e5m2
1,layer1.conv1,element,5,False,False,32,e5m2
53,layer2.shortcut.0,element,2,False,False,32,e5m2
53,layer3.conv1,element,4,False,False,32,e5m2
53,layer3.conv2,element,4,False,False,32,e5m2
53,layer1.conv1,element,7,False,False,32,e5m2
53,layer1.conv2,element,5,False,False,32,e5m2
53,layer3.conv2,element,6,False,False,32,e5m2
53,conv1,scale,2,False,False,32,e5m2
53,layer1.conv1,element,1,False,False,32,e5m2
53,conv1,element,1,False,False,32,e5m2
53,layer2.shortcut.0,element,0,False,False,32,e5m2
53,layer1.conv2,element,0,False,False,32,e5m2
53,layer3.conv1,element,4,False,False,32,e5m2
53,layer1.conv1,element,0,False,False,32,e5m2
53,layer2.conv1,element,3,True,True,32,e5m2
53,layer2.shortcut.0,element,4,False,False,32,e5m2
53,layer3.conv1,element,2,False,False,32,e5m2
53,layer3.conv1,element,5,False,False,32,e5m2
53,layer2.shortcut.0,element,4,False,False,32,e5m2
53,layer2.shortcut.0,element,3,False,False,32,e5m2
53,layer3.conv1,element,1,False,False,32,e5m2
53,layer3.conv1,element,3,False,False,32,e5m2
53,layer2.conv2,element,0,False,False,32,e5m2
53,layer2.conv1,element,0,False,False,32,e5m2
53,layer2.shortcut.0,element,4,False,False,32,e5m2
53,layer1.conv2,element,6,False,False,32,e5m2
53,layer1.conv1,element,7,False,False,32,e5m2
53,layer3.conv1,element,0,False,False,32,e5m2
53,layer1.conv2,element,6,False,False,32,e5m2
53,layer3.conv2,element,6,False,False,32,e5m2
53,layer2.shortcut.0,element,1,False,False,32,e5m2
53,layer2.shortcut.0,element,7,False,False,32,e5m2
53,layer2.conv2,element,0,False,False,32,e5m2
53,layer2.shortcut.0,element,5,False,False,32,e5m2
53,layer2.conv1,element,7,False,False,32,e5m2
53,layer3.conv1,element,5,False,False,32,e5m2
53,layer1.conv2,element,5,False,False,32,e5m2
53,layer3.conv1,element,7,False,False,32,e5m2
53,layer2.conv1,element,6,False,False,32,e5m2
53,layer3.shortcut.0,element,3,False,False,32,e5m2
53,layer2.shortcut.0,element,4,False,False,32,e5m2
79,layer3.conv1,element,2,False,False,32,e5m2
79,layer1.conv1,element,0,False,False,32,e5m2
79,layer1.conv2,element,3,False,False,32,e5m2
79,conv1,element,6,False,False,32,e5m2
79,layer2.shortcut.0,element,0,False,False,32,e5m2
79,layer1.conv1,element,5,False,False,32,e5m2
79,layer2.shortcut.0,element,3,False,False,32,e5m2
79,layer2.shortcut.0,element,1,False,False,32,e5m2
79,layer1.conv1,element,3,False,False,32,e5m2
79,layer2.shortcut.0,element,5,False,False,32,e5m2
79,layer2.conv2,element,1,False,False,32,e5m2
79,layer2.conv1,element,5,False,False,32,e5m2
79,layer1.conv1,element,5,False,False,32,e5m2
79,layer3.conv2,element,0,False,False,32,e5m2
79,layer3.conv1,element,7,False,False,32,e5m2
79,layer3.shortcut.0,element,6,False,False,32,e5m2
79,layer2.conv1,element,6,False,False,32,e5m2
79,layer3.conv1,element,3,False,False,32,e5m2
79,layer1.conv1,element,6,False,False,32,e5m2
79,layer1.conv2,element,5,False,False,32,e5m2
79,conv1,element,0,False,False,32,e5m2
79,layer1.conv2,element,4,False,False,32,e5m2
79,layer1.conv2,element,2,True,True,32,e5m2
79,layer2.shortcut.0,element,7,False,False,32,e5m2
79,layer2.conv1,element,5,False,False,32,e5m2
79,layer2.conv1,element,1,False,False,32,e5m2
79,layer2.conv1,element,1,False,False,32,e5m2
79,layer2.conv2,element,7,False,False,32,e5m2
79,layer2.conv1,element,3,False,False,32,e5m2
79,layer1.conv2,element,4,False,False,32,e5m2
79,layer2.shortcut.0,element,4,True,True,32,e5m2
79,layer2.conv1,element,7,False,False,32,e5m2
79,layer2.shortcut.0,element,0,False,False,32,e5m2
79,layer1.conv2,element,0,False,False,32,e5m2
79,layer2.shortcut.0,scale,0,False,False,32,e5m2
79,layer2.conv1,scale,0,False,False,32,e5m2
79,conv1,element,0,False,False,32,e5m2
79,layer2.conv1,element,2,True,True,32,e5m2
79,layer1.conv1,element,4,False,False,32,e5m2
79,layer2.conv1,element,4,False,False,32,e5m2
21,layer2.shortcut.0,element,1,False,False,32,e5m2
21,layer2.conv2,element,4,False,False,32,e5m2
21,layer1.conv1,element,0,False,False,32,e5m2
21,conv1,scale,0,False,False,32,e5m2
21,layer1.conv1,element,2,False,False,32,e5m2
21,layer1.conv2,element,5,False,False,32,e5m2
21,layer1.conv1,element,6,False,False,32,e5m2
21,layer2.conv2,element,0,False,False,32,e5m2
21,layer1.conv1,element,7,False,False,32,e5m2
21,layer3.conv1,element,3,True,True,32,e5m2
21,layer2.shortcut.0,element,1,False,False,32,e5m2
21,layer1.conv2,element,1,False,False,32,e5m2
21,layer2.conv1,element,5,False,False,32,e5m2
21,conv1,element,0,False,False,32,e5m2
21,layer1.conv2,element,1,False,False,32,e5m2
21,layer1.conv2,element,0,False,False,32,e5m2
21,layer1.conv2,element,1,False,False,32,e5m2
21,layer2.conv2,element,3,False,False,32,e5m2
21,layer3.shortcut.0,element,4,False,False,32,e5m2
21,layer2.shortcut.0,element,4,False,False,32,e5m2
21,layer2.shortcut.0,element,1,False,False,32,e5m2
21,layer2.conv2,element,4,False,False,32,e5m2
21,layer1.conv2,element,6,False,False,32,e5m2
21,layer1.conv1,element,5,False,False,32,e5m2
21,layer3.conv1,element,0,False,False,32,e5m2
21,layer2.conv1,element,0,False,False,32,e5m2
21,layer1.conv2,element,2,True,True,32,e5m2
21,layer3.shortcut.0,element,0,False,False,32,e5m2
21,layer3.shortcut.0,element,7,False,False,32,e5m2
21,layer2.conv2,element,2,False,False,32,e5m2
21,layer3.conv1,element,1,False,False,32,e5m2
21,layer1.conv1,element,5,False,False,32,e5m2
21,layer1.conv1,element,0,False,False,32,e5m2
21,layer3.conv2,element,1,False,False,32,e5m2
21,layer1.conv1,element,0,False,False,32,e5m2
21,layer2.conv2,element,3,False,False,32,e5m2
21,layer2.conv2,element,2,False,False,32,e5m2
21,conv1,element,0,False,False,32,e5m2
21,layer1.conv2,element,7,False,False,32,e5m2
21,layer2.shortcut.0,element,1,False,False,32,e5m2
67,layer1.conv1,element,7,False,False,32,e5m2
67,layer1.conv1,element,0,False,False,32,e5m2
67,layer2.conv2,scale,5,False,False,32,e5m2
67,layer1.conv1,element,7,False,False,32,e5m2
67,layer1.conv1,element,7,False,False,32,e5m2
67,layer2.shortcut.0,element,6,False,False,32,e5m2
67,layer2.shortcut.0,element,4,False,False,32,e5m2
67,layer1.conv2,element,5,False,False,32,e5m2
67,layer2.conv1,scale,0,False,False,32,e5m2
67,layer2.conv2,element,6,False,False,32,e5m2
67,layer3.shortcut.0,element,4,False,False,32,e5m2
67,layer1.conv1,element,7,False,False,32,e5m2
67,layer2.conv1,scale,4,False,False,32,e5m2
67,layer2.shortcut.0,element,0,False,False,32,e5m2
67,layer3.conv1,element,2,False,False,32,e5m2
67,layer1.conv2,element,3,False,False,32,e5m2
67,layer3.conv2,element,6,False,False,32,e5m2
67,layer3.conv2,element,1,False,False,32,e5m2
67,layer1.conv2,element,1,False,False,32,e5m2
67,layer2.shortcut.0,scale,3,False,False,32,e5m2
67,layer3.conv2,element,5,False,False,32,e5m2
67,layer3.conv2,element,5,False,False,32,e5m2
67,layer2.shortcut.0,element,5,False,False,32,e5m2
67,layer1.conv1,element,4,True,True,32,e5m2
67,layer2.conv1,element,5,False,False,32,e5m2
67,layer2.shortcut.0,element,1,False,False,32,e5m2
67,layer2.conv1,element,4,False,False,32,e5m2
67,conv1,element,1,False,False,32,e5m2
67,layer2.conv1,element,3,False,False,32,e5m2
67,layer2.conv1,element,1,False,False,32,e5m2
67,layer2.conv1,element,2,False,False,32,e5m2
67,layer1.conv1,element,6,False,False,32,e5m2
67,layer2.shortcut.0,element,0,False,False,32,e5m2
67,layer1.conv2,element,4,False,False,32,e5m2
67,conv1,scale,2,False,False,32,e5m2
67,layer1.conv2,element,3,False,False,32,e5m2
67,layer2.shortcut.0,element,6,False,False,32,e5m2
67,layer2.conv1,element,0,False,False,32,e5m2
67,layer2.shortcut.0,element,2,False,False,32,e5m2
67,layer1.conv1,element,7,False,False,32,e5m2
18,layer2.conv1,element,2,False,False,32,e5m2
18,layer1.conv1,element,7,False,False,32,e5m2
18,layer3.shortcut.0,element,7,False,False,32,e5m2
18,layer2.shortcut.0,element,4,False,False,32,e5m2
18,layer1.conv1,element,6,False,False,32,e5m2
18,layer3.conv1,element,5,False,False,32,e5m2
18,layer3.conv1,element,3,False,False,32,e5m2
18,layer2.conv2,element,0,False,False,32,e5m2
18,layer3.shortcut.0,element,3,False,False,32,e5m2
18,layer1.conv2,element,1,False,False,32,e5m2
18,layer2.conv1,element,6,False,False,32,e5m2
18,layer3.conv2,element,5,False,False,32,e5m2
18,layer2.conv2,element,7,False,False,32,e5m2
18,layer2.conv1,element,2,False,False,32,e5m2
18,layer3.shortcut.0,element,3,False,False,32,e5m2
18,layer1.conv2,element,7,False,False,32,e5m2
18,layer1.conv1,element,6,False,False,32,e5m2
18,conv1,scale,6,True,False,32,e5m2
18,layer3.conv1,element,0,False,False,32,e5m2
18,layer1.conv2,element,6,False,False,32,e5m2
18,layer2.shortcut.0,element,7,False,False,32,e5m2
18,layer2.conv2,element,0,False,False,32,e5m2
18,layer1.conv1,element,6,False,False,32,e5m2
18,layer2.shortcut.0,element,2,False,False,32,e5m2
18,layer1.conv1,element,4,False,False,32,e5m2
18,layer1.conv1,element,5,False,False,32,e5m2
18,layer1.conv1,element,5,False,False,32,e5m2
18,layer2.conv2,element,7,False,False,32,e5m2
18,layer2.conv1,scale,6,False,False,32,e5m2
18,layer3.conv1,element,5,False,False,32,e5m2
18,layer1.conv1,element,3,False,False,32,e5m2
18,layer1.conv1,scale,4,False,False,32,e5m2
18,layer3.shortcut.0,element,0,False,False,32,e5m2
18,layer2.shortcut.0,scale,1,False,False,32,e5m2
18,layer1.conv2,element,5,False,False,32,e5m2
18,layer1.conv1,scale,4,False,False,32,e5m2
18,layer2.shortcut.0,element,6,False,False,32,e5m2
18,layer2.conv1,element,4,False,False,32,e5m2
18,layer1.conv1,element,0,False,False,32,e5m2
18,layer1.conv1,scale,3,True,False,32,e5m2
5,layer2.shortcut.0,element,6,False,False,32,e5m2
5,layer1.conv2,element,4,False,False,32,e5m2
5,layer2.shortcut.0,element,1,False,False,32,e5m2
5,layer2.conv1,element,4,False,False,32,e5m2
5,layer2.conv1,scale,6,False,False,32,e5m2
5,layer2.conv1,element,1,False,False,32,e5m2
5,layer3.conv1,element,3,False,False,32,e5m2
5,layer2.conv1,element,7,False,False,32,e5m2
5,layer3.conv1,element,1,False,False,32,e5m2
5,layer2.shortcut.0,element,5,False,False,32,e5m2
5,layer2.shortcut.0,element,0,False,False,32,e5m2
5,layer3.shortcut.0,element,4,False,False,32,e5m2
5,layer1.conv2,element,1,False,False,32,e5m2
5,layer2.conv1,element,1,False,False,32,e5m2
5,layer3.conv1,element,5,False,False,32,e5m2
5,layer3.shortcut.0,element,0,False,False,32,e5m2
5,layer1.conv2,element,3,False,False,32,e5m2
5,layer2.conv1,element,2,False,False,32,e5m2
5,layer2.shortcut.0,element,1,False,False,32,e5m2
5,layer1.conv1,element,3,False,False,32,e5m2
5,layer1.conv1,element,1,False,False,32,e5m2
5,layer3.conv1,element,2,False,False,32,e5m2
5,layer1.conv1,element,7,False,False,32,e5m2
5,layer2.conv1,element,7,False,False,32,e5m2
5,layer2.conv1,element,5,False,False,32,e5m2
5,layer2.conv1,element,5,False,False,32,e5m2
5,layer3.shortcut.0,element,5,False,False,32,e5m2
5,layer2.shortcut.0,element,4,False,False,32,e5m2
5,layer2.shortcut.0,element,1,False,False,32,e5m2
5,layer1.conv1,element,1,False,False,32,e5m2
5,layer2.shortcut.0,element,6,False,False,32,e5m2
5,layer1.conv2,element,5,False,False,32,e5m2
5,layer3.shortcut.0,element,4,False,False,32,e5m2
5,layer3.conv1,element,1,False,False,32,e5m2
5,layer1.conv1,element,6,False,False,32,e5m2
5,layer3.shortcut.0,element,4,False,False,32,e5m2
5,layer1.conv1,element,5,False,False,32,e5m2
5,layer1.conv2,element,5,False,False,32,e5m2
5,layer2.conv1,element,2,False,False,32,e5m2
5,layer2.conv1,scale,3,True,False,32,e5m2
0,layer2.conv1,element,6,False,False,32,e5m2
0,layer1.conv1,element,5,False,False,32,e5m2
0,layer2.conv1,element,3,False,False,32,e5m2
0,layer1.conv1,scale,0,False,False,32,e5m2
0,layer2.conv1,element,4,False,False,32,e5m2
0,layer2.shortcut.0,element,5,False,False,32,e5m2
0,layer2.conv1,element,3,False,False,32,e5m2
0,layer1.conv1,element,2,False,False,32,e5m2
0,layer1.conv2,element,0,False,False,32,e5m2
0,layer3.conv2,element,1,False,False,32,e5m2
0,layer2.conv1,element,5,False,False,32,e5m2
0,layer3.conv2,element,4,False,False,32,e5m2
0,layer2.conv1,element,6,False,False,32,e5m2
0,layer1.conv1,element,4,False,False,32,e5m2
0,layer2.shortcut.0,element,0,False,False,32,e5m2
0,layer1.conv2,element,7,False,False,32,e5m2
0,layer2.conv1,element,5,False,False,32,e5m2
0,layer3.conv1,element,4,False,False,32,e5m2
0,layer1.conv1,element,3,False,False,32,e5m2
0,layer2.conv2,element,3,False,False,32,e5m2
0,layer3.shortcut.0,element,5,False,False,32,e5m2
0,layer1.conv2,element,4,False,False,32,e5m2
0,layer2.conv2,element,0,False,False,32,e5m2
0,layer1.conv2,element,3,False,False,32,e5m2
0,layer2.conv2,element,7,False,False,32,e5m2
0,layer1.conv2,element,4,False,False,32,e5m2
0,layer2.shortcut.0,element,0,False,False,32,e5m2
0,layer2.conv1,element,2,False,False,32,e5m2
0,layer1.conv2,element,2,False,False,32,e5m2
0,layer3.conv1,element,2,False,False,32,e5m2
0,layer1.conv2,element,7,False,False,32,e5m2
0,layer2.conv1,element,0,False,False,32,e5m2
0,layer3.conv1,element,6,False,False,32,e5m2
0,layer3.conv2,element,2,False,False,32,e5m2
0,layer2.shortcut.0,element,6,False,False,32,e5m2
0,layer3.conv1,element,1,False,False,32,e5m2
0,layer2.conv1,element,7,False,False,32,e5m2
0,layer1.conv2,element,6,False,False,32,e5m2
0,layer1.conv2,element,4,False,False,32,e5m2
0,layer3.shortcut.0,element,4,False,False,32,e5m2
69,layer1.conv1,element,0,False,False,32,e5m2
69,conv1,element,3,False,False,32,e5m2
69,layer3.conv1,element,2,False,False,32,e5m2
69,layer3.shortcut.0,element,2,False,False,32,e5m2
69,layer3.conv1,element,3,False,False,32,e5m2
69,layer1.conv1,scale,4,False,False,32,e5m2
69,conv1,element,6,False,False,32,e5m2
69,layer1.conv1,element,6,False,False,32,e5m2
69,layer3.shortcut.0,element,4,False,False,32,e5m2
69,layer3.conv1,element,5,False,False,32,e5m2
69,layer2.shortcut.0,scale,3,True,False,32,e5m2
69,layer3.conv1,element,0,False,False,32,e5m2
69,layer3.conv1,element,6,False,False,32,e5m2
69,layer2.conv1,element,4,False,False,32,e5m2
69,layer1.conv2,element,2,False,False,32,e5m2
69,layer2.shortcut.0,element,5,False,False,32,e5m2
69,layer2.conv1,element,3,True,True,32,e5m2
69,layer1.conv1,element,3,False,False,32,e5m2
69,layer3.shortcut.0,element,5,False,False,32,e5m2
69,layer1.conv2,element,3,False,False,32,e5m2
69,conv1,scale,0,False,False,32,e5m2
69,layer1.conv2,element,5,False,False,32,e5m2
69,layer2.conv1,element,7,False,False,32,e5m2
69,layer2.shortcut.0,element,2,False,False,32,e5m2
69,layer1.conv1,element,6,False,False,32,e5m2
69,layer2.shortcut.0,element,3,False,False,32,e5m2
69,layer1.conv1,element,1,False,False,32,e5m2
69,layer1.conv1,element,0,False,False,32,e5m2
69,layer2.conv2,element,0,False,False,32,e5m2
69,layer3.shortcut.0,element,5,False,False,32,e5m2
69,layer2.conv1,element,5,False,False,32,e5m2
69,layer3.conv1,element,2,False,False,32,e5m2
69,layer2.conv2,element,2,True,True,32,e5m2
69,conv1,scale,2,False,False,32,e5m2
69,layer2.shortcut.0,element,2,False,False,32,e5m2
69,layer1.conv2,element,2,False,False,32,e5m2
69,conv1,element,4,False,False,32,e5m2
69,layer2.conv1,element,4,False,False,32,e5m2
69,layer2.shortcut.0,element,5,False,False,32,e5m2
69,layer1.conv1,element,6,False,False,32,e5m2
31,layer3.conv1,element,3,True,True,32,e5m2
31,layer3.shortcut.0,element,2,False,False,32,e5m2
31,layer1.conv2,scale,2,False,False,32,e5m2
31,layer2.shortcut.0,element,2,False,False,32,e5m2
31,layer2.conv1,element,2,True,True,32,e5m2
31,layer1.conv1,element,1,False,False,32,e5m2
31,layer3.shortcut.0,element,7,False,False,32,e5m2
31,layer1.conv2,element,7,False,False,32,e5m2
31,layer3.conv1,element,2,False,False,32,e5m2
31,layer1.conv2,element,1,False,False,32,e5m2
31,layer2.shortcut.0,element,0,False,False,32,e5m2
31,layer1.conv2,element,3,False,False,32,e5m2
31,conv1,scale,5,False,False,32,e5m2
31,layer2.conv1,element,3,True,True,32,e5m2
31,layer1.conv2,element,5,False,False,32,e5m2
31,layer2.shortcut.0,element,6,False,False,32,e5m2
31,layer3.conv1,element,3,False,False,32,e5m2
31,layer2.conv1,element,7,False,False,32,e5m2
31,layer1.conv1,element,3,True,False,32,e5m2
31,layer3.shortcut.0,element,1,False,False,32,e5m2
31,layer1.conv1,element,0,False,False,32,e5m2
31,layer1.conv1,element,5,False,False,32,e5m2
31,layer3.conv1,element,7,False,False,32,e5m2
31,layer2.shortcut.0,element,7,False,False,32,e5m2
31,layer3.shortcut.0,element,3,False,False,32,e5m2
31,layer2.conv1,element,0,False,False,32,e5m2
31,layer2.shortcut.0,element,4,False,False,32,e5m2
31,layer3.shortcut.0,element,0,False,False,32,e5m2
31,layer2.conv1,element,0,False,False,32,e5m2
31,layer3.shortcut.0,element,1,False,False,32,e5m2
31,layer2.conv1,element,0,False,False,32,e5m2
31,layer3.shortcut.0,element,4,False,False,32,e5m2
31,layer2.shortcut.0,element,7,False,False,32,e5m2
31,layer1.conv1,element,0,False,False,32,e5m2
31,layer1.conv2,element,4,False,False,32,e5m2
31,layer2.shortcut.0,scale,6,False,False,32,e5m2
31,layer2.conv1,element,7,False,False,32,e5m2
31,layer1.conv1,element,0,False,False,32,e5m2
31,layer1.conv2,element,3,False,False,32,e5m2
31,layer2.conv1,element,3,False,False,32,e5m2
93,layer1.conv2,element,3,True,False,32,e5m2
93,layer2.conv1,element,1,True,False,32,e5m2
93,layer2.conv2,element,0,False,False,32,e5m2
93,layer3.conv2,element,6,False,False,32,e5m2
93,layer1.conv2,scale,5,False,False,32,e5m2
93,layer1.conv2,element,6,True,False,32,e5m2
93,layer1.conv2,element,1,False,False,32,e5m2
93,layer2.conv1,scale,5,False,False,32,e5m2
93,layer2.shortcut.0,element,3,False,False,32,e5m2
93,layer2.shortcut.0,element,0,False,False,32,e5m2
93,layer1.conv2,element,0,False,False,32,e5m2
93,layer1.conv2,element,5,False,False,32,e5m2
93,layer2.shortcut.0,element,2,False,False,32,e5m2
93,layer3.shortcut.0,element,7,False,False,32,e5m2
93,layer1.conv2,element,6,True,False,32,e5m2
93,layer3.conv2,element,6,False,False,32,e5m2
93,layer2.conv2,element,2,False,False,32,e5m2
93,layer3.conv1,element,7,False,False,32,e5m2
93,layer1.conv1,element,5,False,False,32,e5m2
93,layer3.shortcut.0,element,0,False,False,32,e5m2
93,layer2.conv1,element,3,False,False,32,e5m2
93,layer1.conv1,element,7,False,False,32,e5m2
93,layer2.shortcut.0,element,2,False,False,32,e5m2
93,layer3.conv1,element,3,False,False,32,e5m2
93,layer3.conv1,scale,6,True,False,32,e5m2
93,layer2.conv1,element,7,False,False,32,e5m2
93,layer2.conv1,element,0,False,False,32,e5m2
93,layer3.shortcut.0,element,5,False,False,32,e5m2
93,layer1.conv1,element,2,False,False,32,e5m2
93,layer1.conv1,element,7,False,False,32,e5m2
93,layer1.conv2,element,6,False,False,32,e5m2
93,layer1.conv1,element,6,True,False,32,e5m2
93,layer1.conv2,element,5,False,False,32,e5m2
93,layer3.conv1,element,4,False,False,32,e5m2
93,layer2.shortcut.0,element,0,False,False,32,e5m2
93,layer2.conv1,element,2,True,True,32,e5m2
93,layer2.shortcut.0,element,5,False,False,32,e5m2
93,layer3.shortcut.0,element,0,False,False,32,e5m2
93,layer1.conv1,scale,6,True,False,32,e5m2
93,layer1.conv2,element,6,False,False,32,e5m2
97,conv1,element,0,False,False,32,e5m2
97,layer1.conv2,element,0,False,False,32,e5m2
97,layer1.conv2,element,7,False,False,32,e5m2
97,layer1.conv1,element,5,False,False,32,e5m2
97,conv1,scale,4,False,False,32,e5m2
97,layer1.conv1,element,5,False,False,32,e5m2
97,layer3.shortcut.0,element,5,False,False,32,e5m2
97,layer2.conv1,element,6,False,False,32,e5m2
97,layer2.conv2,element,3,False,False,32,e5m2
97,layer1.conv1,element,1,False,False,32,e5m2
97,layer3.shortcut.0,element,7,False,False,32,e5m2
97,layer1.conv2,element,3,False,False,32,e5m2
97,layer2.conv1,element,3,True,True,32,e5m2
97,layer3.shortcut.0,element,7,False,False,32,e5m2
97,layer1.conv2,scale,0,False,False,32,e5m2
97,layer3.conv1,element,2,False,False,32,e5m2
97,layer2.shortcut.0,element,6,False,False,32,e5m2
97,layer3.shortcut.0,element,6,False,False,32,e5m2
97,layer1.conv2,element,3,False,False,32,e5m2
97,layer2.shortcut.0,scale,4,False,False,32,e5m2
97,layer3.shortcut.0,element,0,False,False,32,e5m2
97,layer2.shortcut.0,element,4,False,False,32,e5m2
97,layer1.conv2,element,6,False,False,32,e5m2
97,layer3.conv2,element,7,False,False,32,e5m2
97,layer2.conv2,element,0,False,False,32,e5m2
97,layer2.conv1,element,7,False,False,32,e5m2
97,layer3.conv1,element,3,False,False,32,e5m2
97,layer2.shortcut.0,element,3,False,False,32,e5m2
97,layer2.conv2,element,2,False,False,32,e5m2
97,layer2.conv1,element,2,False,False,32,e5m2
97,layer3.conv2,element,4,False,False,32,e5m2
97,layer1.conv1,element,7,False,False,32,e5m2
97,layer1.conv2,element,3,False,False,32,e5m2
97,layer2.conv1,element,3,True,True,32,e5m2
97,layer1.conv1,element,0,False,False,32,e5m2
97,layer2.shortcut.0,element,0,False,False,32,e5m2
97,layer1.conv2,element,4,False,False,32,e5m2
97,layer2.shortcut.0,element,2,False,False,32,e5m2
97,layer2.conv1,element,0,False,False,32,e5m2
97,layer2.shortcut.0,element,7,False,False,32,e5m2
27,layer2.shortcut.0,element,1,False,False,32,e5m2
27,layer1.conv2,element,6,False,False,32,e5m2
27,layer3.shortcut.0,element,2,False,False,32,e5m2
27,layer1.conv1,element,1,False,False,32,e5m2
27,layer2.conv1,element,2,False,False,32,e5m2
27,layer2.conv1,element,7,True,False,32,e5m2
27,layer1.conv1,element,3,True,False,32,e5m2
27,layer2.conv1,element,5,False,False,32,e5m2
27,layer2.shortcut.0,element,3,False,False,32,e5m2
27,layer1.conv2,scale,1,False,False,32,e5m2
27,layer3.conv2,element,0,False,False,32,e5m2
27,layer1.conv1,element,0,True,False,32,e5m2
27,layer1.conv1,element,2,True,True,32,e5m2
27,layer1.conv1,element,6,False,False,32,e5m2
27,layer2.conv1,element,2,True,False,32,e5m2
27,layer2.conv1,element,3,True,True,32,e5m2
27,layer3.shortcut.0,element,7,False,False,32,e5m2
27,layer2.conv1,element,2,False,False,32,e5m2
27,layer2.conv1,element,5,False,False,32,e5m2
27,layer1.conv1,element,0,True,False,32,e5m2
27,layer3.conv1,element,3,False,False,32,e5m2
27,layer1.conv2,element,0,False,False,32,e5m2
27,layer3.shortcut.0,element,0,False,False,32,e5m2
27,layer2.conv1,element,2,True,True,32,e5m2
27,layer2.conv2,element,0,False,False,32,e5m2
27,layer2.conv2,element,2,False,False,32,e5m2
27,layer3.conv2,element,1,False,False,32,e5m2
27,layer1.conv2,element,3,True,False,32,e5m2
27,layer2.conv1,element,1,False,False,32,e5m2
27,layer1.conv1,element,7,False,False,32,e5m2
27,layer1.conv1,element,0,False,False,32,e5m2
27,layer2.conv1,element,7,False,False,32,e5m2
27,layer3.conv2,scale,4,True,False,32,e5m2
27,layer2.shortcut.0,element,0,False,False,32,e5m2
27,layer1.conv2,element,7,False,False,32,e5m2
27,layer2.conv2,element,3,True,True,32,e5m2
27,layer1.conv2,element,5,False,False,32,e5m2
27,layer2.conv2,element,7,False,False,32,e5m2
27,layer2.shortcut.0,element,7,False,False,32,e5m2
27,layer2.conv1,element,5,True,False,32,e5m2
58,layer1.conv1,element,2,False,False,32,e5m2
58,layer3.conv2,element,0,False,False,32,e5m2
58,layer1.conv2,element,7,False,False,32,e5m2
58,layer1.conv2,element,0,False,False,32,e5m2
58,layer3.conv1,element,2,False,False,32,e5m2
58,layer1.conv2,scale,2,False,False,32,e5m2
58,layer1.conv1,element,6,False,False,32,e5m2
58,layer2.conv1,element,6,False,False,32,e5m2
58,layer1.conv2,element,5,False,False,32,e5m2
58,layer2.shortcut.0,element,5,False,False,32,e5m2
58,layer2.conv2,element,2,False,False,32,e5m2
58,layer3.shortcut.0,element,4,False,False,32,e5m2
58,conv1,scale,7,True,True,32,e5m2
58,layer2.conv1,element,5,False,False,32,e5m2
58,layer1.conv2,element,4,False,False,32,e5m2
58,layer2.conv2,element,5,False,False,32,e5m2
58,layer3.conv2,element,7,False,False,32,e5m2
58,layer1.conv2,element,7,False,False,32,e5m2
58,layer2.shortcut.0,element,3,False,False,32,e5m2
58,layer2.conv2,element,3,True,True,32,e5m2
58,layer2.shortcut.0,element,5,False,False,32,e5m2
58,layer3.conv1,element,4,False,False,32,e5m2
58,layer2.conv1,element,0,False,False,32,e5m2
58,layer2.shortcut.0,element,5,False,False,32,e5m2
58,layer1.conv2,element,7,False,False,32,e5m2
58,layer2.conv2,element,3,False,False,32,e5m2
58,layer1.conv2,element,0,False,False,32,e5m2
58,layer2.conv1,element,0,False,False,32,e5m2
58,layer1.conv2,element,4,False,False,32,e5m2
58,layer2.conv1,element,3,False,False,32,e5m2
58,layer2.shortcut.0,element,0,False,False,32,e5m2
58,layer2.conv1,element,7,False,False,32,e5m2
58,layer1.conv1,element,2,False,False,32,e5m2
58,layer2.shortcut.0,element,5,False,False,32,e5m2
58,layer3.conv1,element,3,False,False,32,e5m2
58,layer2.conv1,scale,3,False,False,32,e5m2
58,layer2.shortcut.0,element,1,False,False,32,e5m2
58,conv1,element,4,False,False,32,e5m2
58,layer2.shortcut.0,element,6,False,False,32,e5m2
58,layer3.conv1,element,5,False,False,32,e5m2
70,layer2.conv1,element,2,False,False,32,e5m2
70,layer2.shortcut.0,element,5,False,False,32,e5m2
70,layer1.conv1,element,0,False,False,32,e5m2
70,layer1.conv1,element,3,False,False,32,e5m2
70,layer1.conv1,element,3,False,False,32,e5m2
70,layer2.conv1,element,2,False,False,32,e5m2
70,layer1.conv2,element,4,False,False,32,e5m2
70,layer1.conv2,scale,0,False,False,32,e5m2
70,conv1,element,6,False,False,32,e5m2
70,layer1.conv1,element,5,False,False,32,e5m2
70,layer3.conv1,element,5,False,False,32,e5m2
70,layer2.conv2,element,2,False,False,32,e5m2
70,conv1,element,4,False,False,32,e5m2
70,layer2.conv1,element,0,False,False,32,e5m2
70,layer1.conv2,element,1,False,False,32,e5m2
70,layer3.conv1,element,6,False,False,32,e5m2
70,conv1,element,4,False,False,32,e5m2
70,layer2.conv2,element,3,False,False,32,e5m2
70,layer1.conv1,element,5,False,False,32,e5m2
70,layer3.conv1,element,3,False,False,32,e5m2
70,layer3.conv1,element,1,False,False,32,e5m2
70,layer1.conv2,element,1,False,False,32,e5m2
70,layer3.shortcut.0,element,6,False,False,32,e5m2
70,layer2.shortcut.0,element,1,False,False,32,e5m2
70,layer1.conv2,element,2,False,False,32,e5m2
70,layer2.conv2,element,3,False,False,32,e5m2
70,layer1.conv2,element,1,False,False,32,e5m2
70,layer3.conv1,element,7,False,False,32,e5m2
70,layer1.conv1,element,4,False,False,32,e5m2
70,layer2.conv1,element,3,True,True,32,e5m2
70,layer3.conv2,element,6,False,False,32,e5m2
70,layer2.shortcut.0,element,7,False,False,32,e5m2
70,layer1.conv1,element,0,False,False,32,e5m2
70,layer2.conv1,element,2,False,False,32,e5m2
70,layer1.conv2,element,5,False,False,32,e5m2
70,layer2.conv1,element,1,False,False,32,e5m2
70,layer2.conv1,element,1,False,False,32,e5m2
70,layer1.conv2,element,1,False,False,32,e5m2
70,layer1.conv1,element,7,False,False,32,e5m2
70,layer2.conv1,element,0,False,False,32,e5m2
77,layer2.shortcut.0,element,3,False,False,32,e5m2
77,layer1.conv2,element,1,False,False,32,e5m2
77,layer2.conv1,element,3,True,True,32,e5m2
77,layer2.conv1,element,0,False,False,32,e5m2
77,layer1.conv2,element,0,False,False,32,e5m2
77,layer1.conv2,element,2,False,False,32,e5m2
77,layer2.conv1,element,0,False,False,32,e5m2
77,layer3.conv1,element,3,False,False,32,e5m2
77,layer1.conv2,element,2,False,False,32,e5m2
77,layer1.conv1,element,0,False,False,32,e5m2
77,conv1,element,5,False,False,32,e5m2
77,layer1.conv2,element,5,False,False,32,e5m2
77,layer3.shortcut.0,element,5,False,False,32,e5m2
77,layer2.conv1,element,7,False,False,32,e5m2
77,layer2.shortcut.0,element,2,False,False,32,e5m2
77,layer1.conv1,element,4,False,False,32,e5m2
77,layer1.conv2,element,7,False,False,32,e5m2
77,layer3.conv1,element,2,False,False,32,e5m2
77,layer3.conv1,element,2,False,False,32,e5m2
77,layer2.shortcut.0,element,3,True,True,32,e5m2
77,conv1,element,4,False,False,32,e5m2
77,layer2.conv2,element,3,False,False,32,e5m2
77,layer1.conv2,element,3,False,False,32,e5m2
77,conv1,scale,6,False,False,32,e5m2
77,layer1.conv2,element,6,False,False,32,e5m2
77,layer1.conv1,element,2,False,False,32,e5m2
77,layer2.conv2,scale,5,False,False,32,e5m2
77,layer2.shortcut.0,element,6,False,False,32,e5m2
77,layer2.conv1,element,5,False,False,32,e5m2
77,layer3.conv1,element,2,False,False,32,e5m2
77,layer1.conv1,element,0,False,False,32,e5m2
77,layer3.shortcut.0,element,5,False,False,32,e5m2
77,layer2.conv2,element,7,False,False,32,e5m2
77,layer3.conv1,element,3,False,False,32,e5m2
77,layer1.conv2,element,4,False,False,32,e5m2
77,layer1.conv1,scale,6,False,False,32,e5m2
77,layer3.conv2,element,7,False,False,32,e5m2
77,layer2.conv2,element,7,False,False,32,e5m2
77,layer1.conv2,element,5,False,False,32,e5m2
77,layer2.shortcut.0,element,0,False,False,32,e5m2
63,conv1,element,0,False,False,32,e5m2
63,layer3.shortcut.0,element,0,False,False,32,e5m2
63,layer2.shortcut.0,element,0,False,False,32,e5m2
63,layer2.shortcut.0,element,2,False,False,32,e5m2
63,layer1.conv2,element,1,False,False,32,e5m2
63,conv1,element,6,False,False,32,e5m2
63,layer1.conv1,element,4,False,False,32,e5m2
63,layer1.conv2,element,5,False,False,32,e5m2
63,layer2.shortcut.0,element,4,False,False,32,e5m2
63,layer2.conv2,element,2,False,False,32,e5m2
63,layer2.conv1,element,7,False,False,32,e5m2
63,layer2.conv1,element,2,True,True,32,e5m2
63,layer2.shortcut.0,element,5,False,False,32,e5m2
63,layer2.conv2,element,2,False,False,32,e5m2
63,layer2.shortcut.0,element,0,False,False,32,e5m2
63,layer2.shortcut.0,element,0,False,False,32,e5m2
63,layer1.conv1,element,4,False,False,32,e5m2
63,layer3.shortcut.0,element,2,False,False,32,e5m2
63,layer1.conv1,element,6,False,False,32,e5m2
63,layer3.shortcut.0,element,4,False,False,32,e5m2
63,layer1.conv2,element,5,False,False,32,e5m2
63,layer3.conv1,element,1,False,False,32,e5m2
63,layer1.conv2,element,6,False,False,32,e5m2
63,layer3.conv2,element,0,False,False,32,e5m2
63,layer2.shortcut.0,element,5,False,False,32,e5m2
63,layer3.conv1,element,6,False,False,32,e5m2
63,layer1.conv2,element,6,False,False,32,e5m2
63,layer2.conv1,element,1,False,False,32,e5m2
63,layer1.conv1,element,7,False,False,32,e5m2
63,layer3.conv2,element,7,False,False,32,e5m2
63,layer2.conv2,element,5,False,False,32,e5m2
63,layer1.conv1,element,3,False,False,32,e5m2
63,layer2.shortcut.0,element,0,False,False,32,e5m2
63,layer1.conv1,element,3,False,False,32,e5m2
63,layer2.conv1,element,0,False,False,32,e5m2
63,layer1.conv2,element,5,False,False,32,e5m2
63,layer2.shortcut.0,element,5,False,False,32,e5m2
63,conv1,element,0,False,False,32,e5m2
63,layer1.conv1,element,0,False,False,32,e5m2
63,layer2.shortcut.0,element,2,False,False,32,e5m2
46,layer1.conv2,element,0,False,False,32,e5m2
46,layer1.conv1,element,2,False,False,32,e5m2
46,layer1.conv1,element,6,False,False,32,e5m2
46,layer2.shortcut.0,element,2,False,False,32,e5m2
46,layer1.conv1,element,5,False,False,32,e5m2
46,layer2.conv2,element,2,False,False,32,e5m2
46,layer3.conv2,element,2,False,False,32,e5m2
46,layer3.shortcut.0,element,2,True,True,32,e5m2
46,layer2.shortcut.0,element,3,False,False,32,e5m2
46,layer1.conv2,scale,3,True,False,32,e5m2
46,layer1.conv1,element,6,False,False,32,e5m2
46,layer2.shortcut.0,element,0,False,False,32,e5m2
46,layer2.shortcut.0,element,0,False,False,32,e5m2
46,layer2.shortcut.0,element,7,False,False,32,e5m2
46,layer2.conv1,element,7,False,False,32,e5m2
46,layer1.conv2,element,3,False,False,32,e5m2
46,layer2.shortcut.0,element,4,False,False,32,e5m2
46,layer2.conv1,element,1,False,False,32,e5m2
46,layer2.shortcut.0,element,3,False,False,32,e5m2
46,layer1.conv2,element,4,False,False,32,e5m2
46,layer2.conv2,element,3,True,True,32,e5m2
46,layer1.conv2,element,1,False,False,32,e5m2
46,layer2.shortcut.0,element,1,False,False,32,e5m2
46,layer2.conv1,element,7,False,False,32,e5m2
46,layer1.conv2,element,2,True,True,32,e5m2
46,layer1.conv1,element,3,True,True,32,e5m2
46,layer1.conv2,element,1,False,False,32,e5m2
46,layer1.conv1,element,7,False,False,32,e5m2
46,layer2.conv1,element,4,False,False,32,e5m2
46,layer2.shortcut.0,scale,4,False,False,32,e5m2
46,layer1.conv2,element,5,False,False,32,e5m2
46,layer2.shortcut.0,element,0,False,False,32,e5m2
46,layer3.conv1,element,5,False,False,32,e5m2
46,layer1.conv1,element,0,False,False,32,e5m2
46,layer1.conv1,element,7,False,False,32,e5m2
46,layer2.conv2,element,2,False,False,32,e5m2
46,layer2.shortcut.0,element,0,False,False,32,e5m2
46,layer1.conv2,element,1,False,False,32,e5m2
46,layer1.conv1,element,0,False,False,32,e5m2
46,layer2.conv1,element,4,False,False,32,e5m2
4,layer3.shortcut.0,element,2,False,False,32,e5m2
4,layer2.shortcut.0,element,4,False,False,32,e5m2
4,layer1.conv2,element,7,False,False,32,e5m2
4,layer2.conv2,element,6,False,False,32,e5m2
4,layer2.shortcut.0,element,4,False,False,32,e5m2
4,layer1.conv2,element,5,False,False,32,e5m2
4,layer1.conv1,element,4,False,False,32,e5m2
4,layer2.conv2,element,1,False,False,32,e5m2
4,layer1.conv1,element,4,False,False,32,e5m2
4,layer2.conv1,element,6,False,False,32,e5m2
4,layer1.conv2,element,6,True,False,32,e5m2
4,layer3.conv1,element,3,False,False,32,e5m2
4,layer2.conv1,element,3,False,False,32,e5m2
4,layer3.shortcut.0,element,4,False,False,32,e5m2
4,layer2.conv1,element,1,False,False,32,e5m2
4,layer1.conv1,element,4,False,False,32,e5m2
4,layer1.conv1,element,7,False,False,32,e5m2
4,layer1.conv2,element,6,False,False,32,e5m2
4,layer1.conv2,element,5,True,False,32,e5m2
4,layer2.conv1,element,5,False,False,32,e5m2
4,layer3.conv1,element,5,False,False,32,e5m2
4,layer1.conv1,element,1,False,False,32,e5m2
4,layer3.shortcut.0,element,5,False,False,32,e5m2
4,layer3.conv2,element,2,False,False,32,e5m2
4,layer1.conv1,element,0,False,False,32,e5m2
4,layer2.conv1,element,5,False,False,32,e5m2
4,layer2.shortcut.0,element,5,False,False,32,e5m2
4,layer1.conv1,element,2,False,False,32,e5m2
4,layer2.conv2,element,6,False,False,32,e5m2
4,layer1.conv2,element,6,False,False,32,e5m2
4,layer2.shortcut.0,scale,5,False,False,32,e5m2
4,layer3.shortcut.0,element,4,False,False,32,e5m2
4,layer1.conv2,element,1,False,False,32,e5m2
4,layer3.shortcut.0,element,6,False,False,32,e5m2
4,layer2.conv1,element,7,False,False,32,e5m2
4,layer3.shortcut.0,element,6,False,False,32,e5m2
4,layer2.conv1,element,0,False,False,32,e5m2
4,layer3.conv2,element,4,False,False,32,e5m2
4,layer1.conv1,element,1,False,False,32,e5m2
4,layer1.conv1,element,6,False,False,32,e5m2
19,layer1.conv2,element,4,False,False,32,e5m2
19,layer2.shortcut.0,element,1,False,False,32,e5m2
19,layer2.conv1,element,5,False,False,32,e5m2
19,layer1.conv1,element,4,False,False,32,e5m2
19,layer3.conv1,element,4,False,False,32,e5m2
19,layer1.conv1,element,6,False,False,32,e5m2
19,layer1.conv1,element,4,False,False,32,e5m2
19,layer1.conv1,element,4,True,True,32,e5m2
19,layer1.conv2,element,1,False,False,32,e5m2
19,layer1.conv2,element,3,True,True,32,e5m2
19,conv1,element,5,False,False,32,e5m2
19,layer2.shortcut.0,element,4,False,False,32,e5m2
19,layer2.conv2,element,7,False,False,32,e5m2
19,layer2.shortcut.0,element,1,False,False,32,e5m2
19,layer2.conv1,element,6,False,False,32,e5m2
19,layer2.shortcut.0,scale,5,False,False,32,e5m2
19,layer1.conv1,element,2,True,True,32,e5m2
19,layer2.conv1,element,3,True,True,32,e5m2
19,layer2.shortcut.0,element,2,False,False,32,e5m2
19,layer1.conv1,element,6,False,False,32,e5m2
19,layer2.shortcut.0,element,0,False,False,32,e5m2
19,layer1.conv2,element,3,False,False,32,e5m2
19,layer3.shortcut.0,element,3,False,False,32,e5m2
19,layer2.shortcut.0,element,1,False,False,32,e5m2
19,layer1.conv1,element,4,True,True,32,e5m2
19,layer1.conv1,element,5,False,False,32,e5m2
19,layer2.shortcut.0,element,0,False,False,32,e5m2
19,layer3.conv1,scale,3,True,False,32,e5m2
19,layer2.shortcut.0,element,0,False,False,32,e5m2
19,layer3.conv1,element,6,False,False,32,e5m2
19,layer2.shortcut.0,element,0,False,False,32,e5m2
19,layer1.conv1,element,6,False,False,32,e5m2
19,layer3.shortcut.0,element,7,False,False,32,e5m2
19,layer3.conv2,element,3,False,False,32,e5m2
19,layer1.conv1,element,5,False,False,32,e5m2
19,conv1,scale,6,False,False,32,e5m2
19,layer2.conv1,element,0,False,False,32,e5m2
19,layer2.conv1,element,1,False,False,32,e5m2
19,layer1.conv1,element,6,False,False,32,e5m2
19,layer1.conv2,element,6,False,False,32,e5m2
34,layer1.conv2,element,6,False,False,32,e5m2
34,layer1.conv1,element,5,False,False,32,e5m2
34,layer2.conv1,element,0,False,False,32,e5m2
34,layer3.conv1,element,5,False,False,32,e5m2
34,layer1.conv1,element,4,True,True,32,e5m2
34,conv1,scale,0,False,False,32,e5m2
34,layer2.shortcut.0,element,5,False,False,32,e5m2
34,layer3.shortcut.0,element,3,False,False,32,e5m2
34,layer2.conv1,element,1,False,False,32,e5m2
34,layer2.conv1,element,7,False,False,32,e5m2
34,layer3.shortcut.0,element,5,False,False,32,e5m2
34,layer3.conv2,element,2,False,False,32,e5m2
34,layer1.conv1,element,2,False,False,32,e5m2
34,layer3.conv1,element,1,False,False,32,e5m2
34,layer2.conv1,element,7,False,False,32,e5m2
34,layer3.conv1,element,7,False,False,32,e5m2
34,layer1.conv2,element,3,True,True,32,e5m2
34,layer1.conv1,element,4,True,True,32,e5m2
34,layer1.conv2,element,7,False,False,32,e5m2
34,layer3.conv1,element,1,False,False,32,e5m2
34,layer2.conv1,element,7,False,False,32,e5m2
34,layer2.conv1,element,4,False,False,32,e5m2
34,layer1.conv2,element,5,False,False,32,e5m2
34,layer3.shortcut.0,element,3,True,True,32,e5m2
34,layer2.conv2,element,0,False,False,32,e5m2
34,layer1.conv2,element,3,False,False,32,e5m2
34,layer1.conv1,element,7,False,False,32,e5m2
34,layer2.conv1,element,7,False,False,32,e5m2
34,layer3.conv1,element,4,False,False,32,e5m2
34,layer1.conv2,element,7,False,False,32,e5m2
34,layer3.conv1,element,2,False,False,32,e5m2
34,layer2.conv1,element,2,False,False,32,e5m2
34,layer3.shortcut.0,element,4,False,False,32,e5m2
34,layer3.shortcut.0,element,3,True,True,32,e5m2
34,layer2.shortcut.0,element,4,False,False,32,e5m2
34,layer1.conv2,element,3,True,True,32,e5m2
34,layer2.conv1,element,1,False,False,32,e5m2
34,layer2.shortcut.0,element,0,False,False,32,e5m2
34,layer2.conv2,element,6,False,False,32,e5m2
34,layer2.conv1,element,4,True,True,32,e5m2
25,conv1,element,2,True,True,32,e5m2
25,layer2.conv2,element,5,False,False,32,e5m2
25,conv1,scale,0,False,False,32,e5m2
25,layer2.conv1,element,7,False,False,32,e5m2
25,layer1.conv1,element,1,False,False,32,e5m2
25,layer2.conv1,element,0,False,False,32,e5m2
25,layer1.conv2,element,6,False,False,32,e5m2
25,layer1.conv1,element,4,True,True,32,e5m2
25,layer3.conv1,element,1,False,False,32,e5m2
25,layer2.conv1,element,2,False,False,32,e5m2
25,layer2.shortcut.0,element,4,False,False,32,e5m2
25,layer2.conv1,element,5,False,False,32,e5m2
25,layer1.conv2,element,4,False,False,32,e5m2
25,layer3.conv2,element,5,False,False,32,e5m2
25,layer1.conv1,element,2,False,False,32,e5m2
25,conv1,scale,5,True,False,32,e5m2
25,layer3.conv1,element,4,False,False,32,e5m2
25,layer2.conv2,element,3,False,False,32,e5m2
25,layer3.shortcut.0,element,6,False,False,32,e5m2
25,layer2.conv2,element,2,False,False,32,e5m2
25,layer2.shortcut.0,element,6,False,False,32,e5m2
25,layer3.conv2,element,7,False,False,32,e5m2
25,layer2.conv2,element,0,False,False,32,e5m2
25,layer2.shortcut.0,element,3,False,False,32,e5m2
25,layer1.conv1,element,7,False,False,32,e5m2
25,layer1.conv1,element,0,False,False,32,e5m2
25,layer2.shortcut.0,scale,2,False,False,32,e5m2
25,layer3.shortcut.0,element,6,False,False,32,e5m2
25,conv1,element,2,True,True,32,e5m2
25,layer2.conv2,element,3,False,False,32,e5m2
25,layer1.conv1,element,6,False,False,32,e5m2
25,layer2.conv1,element,2,True,True,32,e5m2
25,layer1.conv2,scale,6,False,False,32,e5m2
25,layer2.shortcut.0,element,5,False,False,32,e5m2
25,layer2.shortcut.0,element,5,False,False,32,e5m2
25,layer1.conv1,element,4,False,False,32,e5m2
25,layer2.shortcut.0,element,0,False,False,32,e5m2
25,layer1.conv1,element,1,False,False,32,e5m2
25,layer1.conv1,element,0,False,False,32,e5m2
25,layer2.shortcut.0,element,7,False,False,32,e5m2
43,layer3.conv1,element,2,False,False,32,e5m2
43,layer2.shortcut.0,element,5,False,False,32,e5m2
43,layer2.conv1,element,4,False,False,32,e5m2
43,layer1.conv1,element,7,False,False,32,e5m2
43,layer1.conv1,element,6,False,False,32,e5m2
43,layer3.shortcut.0,element,1,False,False,32,e5m2
43,layer3.shortcut.0,element,4,False,False,32,e5m2
43,layer2.shortcut.0,element,4,False,False,32,e5m2
43,layer1.conv2,element,4,False,False,32,e5m2
43,layer3.shortcut.0,element,4,False,False,32,e5m2
43,layer2.conv1,element,4,False,False,32,e5m2
43,layer1.conv2,element,5,False,False,32,e5m2
43,layer2.conv1,element,2,False,False,32,e5m2
43,layer2.shortcut.0,element,7,False,False,32,e5m2
43,layer1.conv2,element,3,False,False,32,e5m2
43,layer3.conv2,element,2,False,False,32,e5m2
43,layer1.conv1,element,0,False,False,32,e5m2
43,layer2.shortcut.0,scale,7,False,False,32,e5m2
43,layer2.shortcut.0,element,7,False,False,32,e5m2
43,layer3.conv1,element,0,False,False,32,e5m2
43,layer1.conv2,element,1,False,False,32,e5m2
43,layer3.conv1,element,0,False,False,32,e5m2
43,layer1.conv2,element,6,False,False,32,e5m2
43,layer2.conv1,element,3,True,True,32,e5m2
43,layer1.conv1,element,4,False,False,32,e5m2
43,layer2.conv1,element,4,False,False,32,e5m2
43,layer2.shortcut.0,element,5,False,False,32,e5m2
43,layer2.conv1,element,5,False,False,32,e5m2
43,layer1.conv2,element,1,False,False,32,e5m2
43,layer1.conv1,element,5,False,False,32,e5m2
43,layer3.shortcut.0,element,5,False,False,32,e5m2
43,layer1.conv1,element,3,False,False,32,e5m2
43,layer3.shortcut.0,element,3,False,False,32,e5m2
43,layer2.shortcut.0,element,7,False,False,32,e5m2
43,conv1,element,3,False,False,32,e5m2
43,layer2.shortcut.0,element,5,False,False,32,e5m2
43,layer1.conv2,element,5,False,False,32,e5m2
43,layer2.shortcut.0,element,1,False,False,32,e5m2
43,layer3.shortcut.0,element,3,False,False,32,e5m2
43,layer2.conv1,element,0,False,False,32,e5m2
30,layer2.conv2,element,2,True,True,32,e5m2
30,layer1.conv1,element,6,False,False,32,e5m2
30,layer2.conv2,element,6,False,False,32,e5m2
30,layer3.shortcut.0,element,7,False,False,32,e5m2
30,layer2.conv1,element,1,False,False,32,e5m2
30,layer3.conv2,element,4,False,False,32,e5m2
30,layer3.conv2,element,5,False,False,32,e5m2
30,layer2.conv1,element,6,False,False,32,e5m2
30,layer2.conv1,element,6,False,False,32,e5m2
30,layer2.shortcut.0,element,2,False,False,32,e5m2
30,layer2.conv2,element,1,False,False,32,e5m2
30,layer2.conv1,element,7,False,False,32,e5m2
30,conv1,element,0,False,False,32,e5m2
30,layer1.conv1,element,4,False,False,32,e5m2
30,layer2.conv1,element,0,False,False,32,e5m2
30,layer2.conv1,scale,3,True,False,32,e5m2
30,layer3.shortcut.0,element,7,False,False,32,e5m2
30,layer2.shortcut.0,element,6,False,False,32,e5m2
30,layer2.conv1,element,2,False,False,32,e5m2
30,layer1.conv1,element,6,False,False,32,e5m2
30,layer3.conv2,element,4,False,False,32,e5m2
30,layer2.conv1,scale,3,True,False,32,e5m2
30,layer3.conv1,element,1,False,False,32,e5m2
30,layer3.conv1,element,0,False,False,32,e5m2
30,layer1.conv1,scale,4,False,False,32,e5m2
30,layer1.conv2,element,2,True,True,32,e5m2
30,layer2.conv1,scale,0,False,False,32,e5m2
30,layer2.conv1,element,5,False,False,32,e5m2
30,layer3.conv1,element,5,False,False,32,e5m2
30,layer2.conv1,element,1,False,False,32,e5m2
30,layer2.shortcut.0,element,3,False,False,32,e5m2
30,conv1,element,7,False,False,32,e5m2
30,layer2.shortcut.0,scale,3,False,False,32,e5m2
30,layer2.conv2,element,1,False,False,32,e5m2
30,layer3.shortcut.0,scale,0,False,False,32,e5m2
30,layer3.conv1,scale,7,True,True,32,e5m2
30,layer1.conv2,element,5,False,False,32,e5m2
30,layer3.conv1,element,4,False,False,32,e5m2
30,layer2.shortcut.0,element,5,False,False,32,e5m2
30,layer1.conv2,element,4,False,False,32,e5m2
8,layer1.conv1,element,6,False,False,32,e5m2
8,layer2.conv2,element,1,True,False,32,e5m2
8,layer2.shortcut.0,element,2,False,False,32,e5m2
8,layer2.conv1,element,7,True,False,32,e5m2
8,layer1.conv1,element,4,True,False,32,e5m2
8,layer2.conv1,element,5,True,False,32,e5m2
8,layer1.conv2,element,2,False,False,32,e5m2
8,layer1.conv2,element,5,False,False,32,e5m2
8,layer1.conv1,element,1,False,False,32,e5m2
8,layer2.conv1,element,2,False,False,32,e5m2
8,layer2.conv1,element,4,True,False,32,e5m2
8,layer2.shortcut.0,element,1,False,False,32,e5m2
8,layer2.shortcut.0,element,5,False,False,32,e5m2
8,layer1.conv1,element,1,False,False,32,e5m2
8,layer1.conv1,scale,7,True,True,32,e5m2
8,layer1.conv1,element,3,True,False,32,e5m2
8,layer2.shortcut.0,element,0,False,False,32,e5m2
8,layer1.conv2,element,4,False,False,32,e5m2
8,layer1.conv1,element,1,False,False,32,e5m2
8,layer2.shortcut.0,element,2,False,False,32,e5m2
8,layer1.conv1,element,5,True,False,32,e5m2
8,layer2.conv2,element,7,True,False,32,e5m2
8,layer1.conv2,scale,1,False,False,32,e5m2
8,layer1.conv2,element,5,False,False,32,e5m2
8,layer1.conv1,element,3,False,False,32,e5m2
8,layer1.conv1,element,3,False,False,32,e5m2
8,layer1.conv2,element,2,False,False,32,e5m2
8,layer2.conv2,element,4,False,False,32,e5m2
8,layer2.conv1,scale,5,False,False,32,e5m2
8,layer1.conv2,element,6,False,False,32,e5m2
8,layer1.conv1,element,1,False,False,32,e5m2
8,layer1.conv1,element,2,False,False,32,e5m2
8,layer1.conv2,element,3,True,True,32,e5m2
8,layer1.conv2,scale,7,True,True,32,e5m2
8,layer3.conv2,element,0,False,False,32,e5m2
8,layer2.conv1,element,7,False,False,32,e5m2
8,layer2.conv1,element,1,True,False,32,e5m2
8,layer2.conv1,element,5,False,False,32,e5m2
8,layer3.shortcut.0,element,6,False,False,32,e5m2
8,layer2.conv1,element,5,False,False,32,e5m2
12,layer2.conv1,element,0,False,False,32,e5m2
12,layer1.conv2,element,1,False,False,32,e5m2
12,layer1.conv1,scale,0,False,False,32,e5m2
12,conv1,element,7,False,False,32,e5m2
12,layer3.conv1,element,6,False,False,32,e5m2
12,layer3.conv2,element,6,False,False,32,e5m2
12,layer3.conv1,element,5,False,False,32,e5m2
12,layer3.shortcut.0,element,6,False,False,32,e5m2
12,layer1.conv2,element,6,False,False,32,e5m2
12,layer2.conv2,element,6,False,False,32,e5m2
12,layer1.conv2,element,5,False,False,32,e5m2
12,layer3.shortcut.0,element,4,False,False,32,e5m2
12,layer2.shortcut.0,element,6,False,False,32,e5m2
12,layer2.shortcut.0,element,6,False,False,32,e5m2
12,layer1.conv2,element,4,True,True,32,e5m2
12,layer2.shortcut.0,element,5,False,False,32,e5m2
12,layer1.conv2,element,0,False,False,32,e5m2
12,conv1,element,3,True,True,32,e5m2
12,layer1.conv2,element,5,False,False,32,e5m2
12,layer3.shortcut.0,element,2,True,True,32,e5m2
12,layer2.conv2,element,1,False,False,32,e5m2
12,layer2.shortcut.0,element,7,False,False,32,e5m2
12,layer1.conv1,element,4,True,True,32,e5m2
12,layer3.conv1,element,6,False,False,32,e5m2
12,layer3.shortcut.0,element,0,False,False,32,e5m2
12,layer1.conv2,element,7,False,False,32,e5m2
12,layer1.conv2,scale,0,False,False,32,e5m2
12,layer3.conv1,element,2,False,False,32,e5m2
12,layer2.conv1,element,4,False,False,32,e5m2
12,layer2.conv1,element,5,False,False,32,e5m2
12,layer3.shortcut.0,element,6,False,False,32,e5m2
12,layer3.shortcut.0,scale,7,True,True,32,e5m2
12,layer1.conv1,element,2,False,False,32,e5m2
12,layer3.shortcut.0,element,2,False,False,32,e5m2
12,layer2.conv1,element,6,False,False,32,e5m2
12,layer3.conv2,element,2,False,False,32,e5m2
12,layer1.conv1,element,5,False,False,32,e5m2
12,layer2.conv1,element,1,False,False,32,e5m2
12,layer3.conv1,element,1,False,False,32,e5m2
12,layer2.shortcut.0,element,4,False,False,32,e5m2
76,layer2.shortcut.0,element,2,False,False,32,e5m2
76,layer2.conv2,element,0,False,False,32,e5m2
76,layer1.conv2,element,2,False,False,32,e5m2
76,layer2.conv1,element,7,False,False,32,e5m2
76,layer2.shortcut.0,element,4,False,False,32,e5m2
76,layer1.conv1,element,4,False,False,32,e5m2
76,layer2.conv2,element,5,False,False,32,e5m2
76,layer1.conv1,element,6,False,False,32,e5m2
76,conv1,element,5,False,False,32,e5m2
76,layer2.conv1,element,3,False,False,32,e5m2
76,layer3.conv2,element,1,False,False,32,e5m2
76,layer1.conv1,element,3,False,False,32,e5m2
76,layer3.conv1,element,3,False,False,32,e5m2
76,layer2.shortcut.0,element,0,False,False,32,e5m2
76,layer1.conv1,element,1,False,False,32,e5m2
76,layer3.conv1,element,3,False,False,32,e5m2
76,layer1.conv1,element,7,False,False,32,e5m2
76,layer2.conv1,element,0,False,False,32,e5m2
76,layer2.conv1,element,2,False,False,32,e5m2
76,layer1.conv2,element,6,False,False,32,e5m2
76,layer1.conv2,element,2,False,False,32,e5m2
76,layer1.conv2,element,0,False,False,32,e5m2
76,layer2.conv1,element,6,False,False,32,e5m2
76,layer1.conv2,element,5,False,False,32,e5m2
76,layer2.conv1,element,6,False,False,32,e5m2
76,layer2.conv2,scale,0,False,False,32,e5m2
76,layer1.conv2,element,2,True,True,32,e5m2
76,layer1.conv1,element,6,False,False,32,e5m2
76,layer1.conv1,element,5,False,False,32,e5m2
76,layer2.conv1,element,4,False,False,32,e5m2
76,layer1.conv1,element,5,False,False,32,e5m2
76,layer2.conv1,element,6,False,False,32,e5m2
76,layer3.conv1,element,4,True,True,32,e5m2
76,layer2.conv2,element,5,False,False,32,e5m2
76,layer2.shortcut.0,element,5,False,False,32,e5m2
76,layer2.shortcut.0,element,0,False,False,32,e5m2
76,layer3.shortcut.0,element,7,False,False,32,e5m2
76,layer3.conv1,element,2,False,False,32,e5m2
76,layer2.conv1,element,2,False,False,32,e5m2
76,layer1.conv2,element,4,True,True,32,e5m2
81,layer3.shortcut.0,element,1,False,False,32,e5m2
81,layer2.shortcut.0,element,5,False,False,32,e5m2
81,layer2.shortcut.0,element,4,False,False,32,e5m2
81,layer2.conv1,element,3,False,False,32,e5m2
81,layer2.conv1,element,6,False,False,32,e5m2
81,layer2.shortcut.0,element,7,False,False,32,e5m2
81,layer2.conv1,element,4,False,False,32,e5m2
81,layer2.shortcut.0,element,6,False,False,32,e5m2
81,layer2.shortcut.0,element,1,False,False,32,e5m2
81,layer1.conv2,element,3,False,False,32,e5m2
81,layer1.conv1,element,7,False,False,32,e5m2
81,layer3.conv2,element,3,False,False,32,e5m2
81,conv1,scale,1,False,False,32,e5m2
81,layer2.shortcut.0,element,5,False,False,32,e5m2
81,layer2.shortcut.0,element,4,False,False,32,e5m2
81,layer2.conv1,element,3,True,True,32,e5m2
81,layer1.conv1,element,3,True,True,32,e5m2
81,layer2.conv1,element,5,False,False,32,e5m2
81,layer1.conv1,element,4,False,False,32,e5m2
81,layer1.conv1,element,1,False,False,32,e5m2
81,layer1.conv1,element,5,False,False,32,e5m2
81,layer3.conv1,element,7,False,False,32,e5m2
81,layer1.conv1,element,1,False,False,32,e5m2
81,layer2.shortcut.0,element,4,False,False,32,e5m2
81,layer2.shortcut.0,element,1,False,False,32,e5m2
81,layer3.shortcut.0,element,7,False,False,32,e5m2
81,layer3.shortcut.0,element,2,False,False,32,e5m2
81,layer1.conv2,element,6,False,False,32,e5m2
81,layer2.conv1,element,0,False,False,32,e5m2
81,layer1.conv2,scale,1,False,False,32,e5m2
81,layer1.conv2,element,5,False,False,32,e5m2
81,layer2.conv1,element,0,False,False,32,e5m2
81,layer1.conv2,element,0,False,False,32,e5m2
81,layer2.shortcut.0,element,4,False,False,32,e5m2
81,layer1.conv1,element,7,False,False,32,e5m2
81,layer2.shortcut.0,element,6,False,False,32,e5m2
81,layer2.conv1,element,0,False,False,32,e5m2
81,layer2.conv2,element,4,False,False,32,e5m2
81,layer1.conv2,element,0,False,False,32,e5m2
81,layer2.shortcut.0,element,3,False,False,32,e5m2
52,layer2.shortcut.0,element,4,False,False,32,e5m2
52,layer3.conv1,element,5,False,False,32,e5m2
52,layer3.conv2,element,7,False,False,32,e5m2
52,layer3.shortcut.0,element,1,False,False,32,e5m2
52,layer1.conv1,element,6,False,False,32,e5m2
52,layer1.conv2,element,3,False,False,32,e5m2
52,layer3.conv2,element,1,False,False,32,e5m2
52,layer2.conv2,element,3,False,False,32,e5m2
52,layer3.conv1,element,1,False,False,32,e5m2
52,layer2.shortcut.0,element,0,False,False,32,e5m2
52,layer1.conv2,element,1,False,False,32,e5m2
52,layer2.conv1,element,0,False,False,32,e5m2
52,layer3.conv2,element,5,False,False,32,e5m2
52,layer1.conv1,element,0,False,False,32,e5m2
52,layer2.conv1,element,4,False,False,32,e5m2
52,layer3.conv1,element,5,False,False,32,e5m2
52,layer2.conv1,element,1,False,False,32,e5m2
52,layer2.conv1,element,5,False,False,32,e5m2
52,conv1,element,4,False,False,32,e5m2
52,layer1.conv1,element,0,False,False,32,e5m2
52,layer2.conv1,element,1,False,False,32,e5m2
52,layer1.conv1,element,1,False,False,32,e5m2
52,layer1.conv2,element,4,False,False,32,e5m2
52,layer2.conv2,element,5,False,False,32,e5m2
52,layer2.conv1,element,1,False,False,32,e5m2
52,layer1.conv2,element,7,False,False,32,e5m2
52,layer2.conv1,element,0,False,False,32,e5m2
52,layer2.shortcut.0,element,4,False,False,32,e5m2
52,layer3.shortcut.0,element,7,False,False,32,e5m2
52,layer1.conv2,element,7,False,False,32,e5m2
52,layer3.conv2,element,4,False,False,32,e5m2
52,layer3.conv1,element,7,False,False,32,e5m2
52,layer3.conv1,element,1,False,False,32,e5m2
52,layer2.conv2,element,4,False,False,32,e5m2
52,layer1.conv2,element,4,False,False,32,e5m2
52,layer2.shortcut.0,element,0,False,False,32,e5m2
52,layer2.conv2,element,7,False,False,32,e5m2
52,layer3.shortcut.0,element,5,False,False,32,e5m2
52,layer2.shortcut.0,element,1,False,False,32,e5m2
52,layer1.conv1,element,6,False,False,32,e5m2
91,layer1.conv2,element,0,False,False,32,e5m2
91,layer3.shortcut.0,element,3,False,False,32,e5m2
91,layer1.conv2,element,4,False,False,32,e5m2
91,layer2.shortcut.0,element,2,False,False,32,e5m2
91,layer2.shortcut.0,element,7,False,False,32,e5m2
91,layer1.conv2,element,2,False,False,32,e5m2
91,layer2.conv1,element,0,False,False,32,e5m2
91,layer2.conv2,element,1,False,False,32,e5m2
91,layer3.shortcut.0,element,0,False,False,32,e5m2
91,layer3.conv1,element,1,False,False,32,e5m2
91,layer2.conv1,scale,4,False,False,32,e5m2
91,layer2.shortcut.0,element,6,False,False,32,e5m2
91,layer1.conv1,element,5,False,False,32,e5m2
91,layer2.shortcut.0,element,2,False,False,32,e5m2
91,layer3.conv1,element,2,False,False,32,e5m2
91,conv1,scale,5,False,False,32,e5m2
91,layer2.conv2,element,5,False,False,32,e5m2
91,layer3.shortcut.0,element,4,False,False,32,e5m2
91,layer1.conv1,element,0,False,False,32,e5m2
91,layer1.conv1,element,0,False,False,32,e5m2
91,layer1.conv1,element,0,False,False,32,e5m2
91,layer1.conv1,element,5,False,False,32,e5m2
91,layer1.conv2,element,4,False,False,32,e5m2
91,layer2.conv1,element,2,False,False,32,e5m2
91,layer3.conv1,element,3,False,False,32,e5m2
91,layer2.conv1,element,3,False,False,32,e5m2
91,conv1,element,7,False,False,32,e5m2
91,conv1,element,7,False,False,32,e5m2
91,layer1.conv1,element,0,False,False,32,e5m2
91,layer2.shortcut.0,element,6,False,False,32,e5m2
91,layer2.conv2,element,4,True,True,32,e5m2
91,layer1.conv1,element,6,False,False,32,e5m2
91,layer2.shortcut.0,scale,1,False,False,32,e5m2
91,layer1.conv2,scale,1,False,False,32,e5m2
91,layer2.conv1,element,4,False,False,32,e5m2
91,layer2.shortcut.0,scale,0,False,False,32,e5m2
91,layer1.conv1,element,7,False,False,32,e5m2
91,layer2.shortcut.0,element,3,False,False,32,e5m2
91,layer3.conv1,element,0,False,False,32,e5m2
91,layer2.shortcut.0,element,0,False,False,32,e5m2
2,layer2.conv1,element,2,False,False,32,e5m2
2,layer1.conv2,element,5,False,False,32,e5m2
2,layer2.conv2,element,6,False,False,32,e5m2
2,layer1.conv2,element,3,False,False,32,e5m2
2,layer1.conv1,scale,6,True,False,32,e5m2
2,conv1,scale,6,False,False,32,e5m2
2,layer3.shortcut.0,element,2,False,False,32,e5m2
2,layer3.conv1,element,4,False,False,32,e5m2
2,layer1.conv2,scale,6,False,False,32,e5m2
2,layer1.conv1,element,0,False,False,32,e5m2
2,layer2.shortcut.0,element,6,False,False,32,e5m2
2,layer2.conv1,element,3,False,False,32,e5m2
2,layer2.conv2,element,2,False,False,32,e5m2
2,layer2.shortcut.0,element,5,False,False,32,e5m2
2,layer1.conv2,element,4,False,False,32,e5m2
2,layer3.shortcut.0,element,3,False,False,32,e5m2
2,layer1.conv2,element,1,False,False,32,e5m2
2,layer1.conv1,element,1,False,False,32,e5m2
2,layer1.conv2,element,7,False,False,32,e5m2
2,layer2.conv1,element,6,False,False,32,e5m2
2,layer1.conv1,element,1,False,False,32,e5m2
2,layer1.conv2,element,2,False,False,32,e5m2
2,layer2.shortcut.0,element,3,False,False,32,e5m2
2,layer1.conv1,element,4,False,False,32,e5m2
2,layer2.conv1,element,0,False,False,32,e5m2
2,layer1.conv2,element,3,False,False,32,e5m2
2,layer2.conv1,element,7,False,False,32,e5m2
2,layer1.conv2,element,1,False,False,32,e5m2
2,layer3.conv1,element,6,False,False,32,e5m2
2,layer3.conv1,scale,0,False,False,32,e5m2
2,layer2.conv1,element,0,False,False,32,e5m2
2,layer1.conv2,element,3,False,False,32,e5m2
2,layer2.shortcut.0,element,7,False,False,32,e5m2
2,layer3.conv2,element,6,True,False,32,e5m2
2,layer1.conv2,element,0,False,False,32,e5m2
2,layer1.conv1,element,2,False,False,32,e5m2
2,layer1.conv1,element,2,False,False,32,e5m2
2,layer2.conv1,element,1,False,False,32,e5m2
2,layer2.conv1,element,7,False,False,32,e5m2
2,layer3.conv1,element,7,False,False,32,e5m2
49,layer1.conv1,element,1,False,False,32,e5m2
49,layer2.conv2,element,6,False,False,32,e5m2
49,layer2.shortcut.0,element,6,False,False,32,e5m2
49,layer3.conv2,element,6,False,False,32,e5m2
49,layer2.shortcut.0,element,0,False,False,32,e5m2
49,layer3.conv1,element,5,False,False,32,e5m2
49,layer2.conv1,element,1,False,False,32,e5m2
49,layer3.shortcut.0,element,1,False,False,32,e5m2
49,layer2.shortcut.0,element,1,False,False,32,e5m2
49,layer2.conv1,scale,2,False,False,32,e5m2
49,layer1.conv2,element,5,False,False,32,e5m2
49,layer1.conv2,element,1,False,False,32,e5m2
49,layer2.conv1,element,1,False,False,32,e5m2
49,conv1,element,7,False,False,32,e5m2
49,layer2.shortcut.0,element,1,False,False,32,e5m2
49,layer2.shortcut.0,element,1,False,False,32,e5m2
49,layer2.shortcut.0,element,2,False,False,32,e5m2
49,layer2.conv1,element,7,False,False,32,e5m2
49,conv1,element,4,False,False,32,e5m2
49,conv1,element,1,False,False,32,e5m2
49,layer2.shortcut.0,element,1,False,False,32,e5m2
49,layer3.shortcut.0,element,0,False,False,32,e5m2
49,layer2.shortcut.0,element,7,False,False,32,e5m2
49,layer1.conv2,element,3,False,False,32,e5m2
49,layer1.conv2,element,3,False,False,32,e5m2
49,layer2.conv2,element,5,False,False,32,e5m2
49,layer1.conv1,element,3,False,False,32,e5m2
49,layer1.conv2,element,4,False,False,32,e5m2
49,layer3.conv2,element,1,False,False,32,e5m2
49,layer1.conv1,element,0,False,False,32,e5m2
49,layer1.conv1,element,4,False,False,32,e5m2
49,layer1.conv1,element,3,False,False,32,e5m2
49,layer1.conv1,element,4,False,False,32,e5m2
49,layer2.conv1,element,6,False,False,32,e5m2
49,layer1.conv2,element,3,False,False,32,e5m2
49,layer1.conv2,element,0,False,False,32,e5m2
49,layer2.conv1,scale,2,False,False,32,e5m2
49,layer3.conv1,element,1,False,False,32,e5m2
49,layer2.shortcut.0,element,2,False,False,32,e5m2
49,layer2.conv2,element,4,False,False,32,e5m2
41,layer3.shortcut.0,element,5,False,False,32,e5m2
41,layer1.conv1,element,7,False,False,32,e5m2
41,layer1.conv1,element,6,False,False,32,e5m2
41,layer1.conv1,element,1,False,False,32,e5m2
41,layer1.conv1,element,3,False,False,32,e5m2
41,layer1.conv1,element,4,False,False,32,e5m2
41,layer1.conv1,element,5,False,False,32,e5m2
41,layer1.conv2,element,3,True,True,32,e5m2
41,layer2.conv2,element,1,False,False,32,e5m2
41,conv1,element,7,False,False,32,e5m2
41,layer1.conv2,element,2,False,False,32,e5m2
41,layer1.conv2,element,7,False,False,32,e5m2
41,layer2.conv2,element,7,False,False,32,e5m2
41,layer1.conv2,element,3,True,True,32,e5m2
41,layer2.conv1,element,0,False,False,32,e5m2
41,layer1.conv1,element,6,False,False,32,e5m2
41,layer1.conv2,element,7,False,False,32,e5m2
41,layer2.shortcut.0,element,0,False,False,32,e5m2
41,layer2.conv1,element,2,False,False,32,e5m2
41,layer1.conv2,element,4,True,True,32,e5m2
41,layer1.conv2,element,6,False,False,32,e5m2
41,layer1.conv1,element,0,False,False,32,e5m2
41,layer3.shortcut.0,element,1,False,False,32,e5m2
41,layer1.conv2,element,1,False,False,32,e5m2
41,layer1.conv1,element,2,False,False,32,e5m2
41,layer2.conv2,element,7,False,False,32,e5m2
41,layer1.conv1,element,1,False,False,32,e5m2
41,layer1.conv1,element,2,False,False,32,e5m2
41,layer2.conv1,element,6,False,False,32,e5m2
41,layer1.conv1,element,4,False,False,32,e5m2
41,layer2.shortcut.0,element,4,False,False,32,e5m2
41,layer2.conv1,element,3,False,False,32,e5m2
41,layer2.shortcut.0,scale,4,False,False,32,e5m2
41,layer2.conv1,element,7,False,False,32,e5m2
41,layer1.conv1,element,3,False,False,32,e5m2
41,layer3.conv2,element,6,False,False,32,e5m2
41,layer2.shortcut.0,element,2,False,False,32,e5m2
41,layer1.conv2,element,6,False,False,32,e5m2
41,layer2.conv1,element,3,False,False,32,e5m2
41,layer2.conv1,element,1,False,False,32,e5m2
17,layer2.shortcut.0,element,5,False,False,32,e5m2
17,layer2.shortcut.0,element,3,False,False,32,e5m2
17,layer1.conv2,element,0,False,False,32,e5m2
17,layer1.conv2,element,6,False,False,32,e5m2
17,layer1.conv2,element,0,False,False,32,e5m2
17,layer2.conv2,element,5,False,False,32,e5m2
17,layer1.conv2,element,2,False,False,32,e5m2
17,layer1.conv1,element,4,False,False,32,e5m2
17,layer2.conv2,element,7,False,False,32,e5m2
17,layer3.shortcut.0,element,7,False,False,32,e5m2
17,layer2.shortcut.0,element,1,False,False,32,e5m2
17,layer2.shortcut.0,element,0,False,False,32,e5m2
17,layer3.conv2,element,7,False,False,32,e5m2
17,layer2.conv1,element,3,False,False,32,e5m2
17,layer1.conv1,element,6,False,False,32,e5m2
17,layer3.conv2,element,4,False,False,32,e5m2
17,layer2.conv2,element,1,False,False,32,e5m2
17,layer3.conv1,element,0,False,False,32,e5m2
17,layer1.conv1,element,6,False,False,32,e5m2
17,layer2.conv2,element,5,False,False,32,e5m2
17,layer2.shortcut.0,element,7,False,False,32,e5m2
17,layer1.conv1,scale,7,True,True,32,e5m2
17,layer1.conv2,element,2,False,False,32,e5m2
17,conv1,scale,4,False,False,32,e5m2
17,layer1.conv1,element,0,False,False,32,e5m2
17,layer1.conv2,element,0,False,False,32,e5m2
17,layer3.shortcut.0,element,1,False,False,32,e5m2
17,layer1.conv1,element,6,False,False,32,e5m2
17,layer1.conv1,element,2,False,False,32,e5m2
17,layer1.conv1,element,6,False,False,32,e5m2
17,conv1,element,4,False,False,32,e5m2
17,layer3.conv1,element,7,False,False,32,e5m2
17,layer2.conv1,element,1,False,False,32,e5m2
17,layer2.shortcut.0,element,6,False,False,32,e5m2
17,layer2.conv1,element,2,True,True,32,e5m2
17,layer2.shortcut.0,element,6,False,False,32,e5m2
17,layer2.conv1,element,1,False,False,32,e5m2
17,layer2.conv1,element,0,False,False,32,e5m2
17,layer1.conv2,element,7,False,False,32,e5m2
17,conv1,scale,0,False,False,32,e5m2
42,layer1.conv2,element,0,False,False,32,e5m2
42,layer1.conv2,element,3,False,False,32,e5m2
42,layer2.conv1,element,0,False,False,32,e5m2
42,layer3.conv2,element,7,False,False,32,e5m2
42,layer2.conv1,element,0,False,False,32,e5m2
42,layer1.conv1,element,7,False,False,32,e5m2
42,layer2.conv2,element,5,False,False,32,e5m2
42,layer2.conv1,element,0,False,False,32,e5m2
42,layer2.conv1,element,4,False,False,32,e5m2
42,layer2.conv2,element,1,False,False,32,e5m2
42,conv1,element,3,False,False,32,e5m2
42,layer1.conv2,element,2,False,False,32,e5m2
42,layer2.conv2,element,0,False,False,32,e5m2
42,layer2.conv1,element,1,False,False,32,e5m2
42,layer2.conv1,element,3,False,False,32,e5m2
42,layer3.shortcut.0,element,2,False,False,32,e5m2
42,layer2.conv1,scale,1,False,False,32,e5m2
42,layer2.shortcut.0,element,7,False,False,32,e5m2
42,layer1.conv1,element,5,False,False,32,e5m2
42,layer1.conv1,element,0,False,False,32,e5m2
42,layer3.shortcut.0,element,1,False,False,32,e5m2
42,layer1.conv1,element,4,False,False,32,e5m2
42,layer2.conv1,element,7,False,False,32,e5m2
42,layer3.shortcut.0,element,3,False,False,32,e5m2
42,layer1.conv1,element,0,False,False,32,e5m2
42,layer2.shortcut.0,element,4,False,False,32,e5m2
42,layer3.conv2,element,4,False,False,32,e5m2
42,layer3.conv2,element,1,False,False,32,e5m2
42,layer2.conv2,element,5,False,False,32,e5m2
42,layer2.conv2,element,4,False,False,32,e5m2
42,layer1.conv1,element,4,False,False,32,e5m2
42,layer2.conv1,element,1,False,False,32,e5m2
42,layer1.conv2,element,6,False,False,32,e5m2
42,layer2.conv1,element,0,False,False,32,e5m2
42,layer3.conv1,element,7,False,False,32,e5m2
42,layer2.conv1,element,3,False,False,32,e5m2
42,layer2.conv1,element,3,False,False,32,e5m2
42,layer1.conv2,element,0,False,False,32,e5m2
42,layer2.conv1,element,2,False,False,32,e5m2
42,layer1.conv2,element,0,False,False,32,e5m2
83,layer3.conv2,element,1,False,False,32,e5m2
83,layer2.shortcut.0,element,0,False,False,32,e5m2
83,layer3.shortcut.0,element,6,False,False,32,e5m2
83,layer1.conv1,element,2,False,False,32,e5m2
83,layer1.conv2,element,3,False,False,32,e5m2
83,layer2.shortcut.0,element,7,False,False,32,e5m2
83,layer2.conv1,element,7,False,False,32,e5m2
83,layer1.conv1,element,3,False,False,32,e5m2
83,layer2.conv2,element,3,False,False,32,e5m2
83,layer2.shortcut.0,scale,5,False,False,32,e5m2
83,layer1.conv2,element,0,False,False,32,e5m2
83,layer2.shortcut.0,element,7,False,False,32,e5m2
83,layer2.conv1,element,4,False,False,32,e5m2
83,layer1.conv2,element,4,False,False,32,e5m2
83,layer2.shortcut.0,element,7,False,False,32,e5m2
83,layer2.shortcut.0,element,3,False,False,32,e5m2
83,layer2.shortcut.0,element,4,False,False,32,e5m2
83,layer2.conv1,element,4,False,False,32,e5m2
83,layer1.conv2,element,0,False,False,32,e5m2
83,layer1.conv1,element,2,False,False,32,e5m2
83,layer1.conv2,element,1,False,False,32,e5m2
83,layer1.conv2,element,5,False,False,32,e5m2
83,layer1.conv1,element,0,False,False,32,e5m2
83,layer2.conv2,element,4,False,False,32,e5m2
83,layer3.shortcut.0,element,7,False,False,32,e5m2
83,layer3.conv1,element,3,True,True,32,e5m2
83,layer3.shortcut.0,scale,0,False,False,32,e5m2
83,layer1.conv2,element,6,False,False,32,e5m2
83,layer1.conv2,element,7,False,False,32,e5m2
83,layer1.conv2,element,6,False,False,32,e5m2
83,conv1,scale,5,False,False,32,e5m2
83,layer2.conv1,element,3,False,False,32,e5m2
83,layer2.shortcut.0,element,1,False,False,32,e5m2
83,layer2.shortcut.0,element,6,False,False,32,e5m2
83,layer1.conv1,element,7,False,False,32,e5m2
83,layer1.conv1,element,3,False,False,32,e5m2
83,layer1.conv1,scale,0,False,False,32,e5m2
83,layer1.conv1,element,1,False,False,32,e5m2
83,layer2.shortcut.0,element,3,False,False,32,e5m2
83,layer3.conv2,element,1,False,False,32,e5m2
54,layer1.conv2,element,7,False,False,32,e5m2
54,layer1.conv2,element,0,False,False,32,e5m2
54,layer2.conv1,element,4,False,False,32,e5m2
54,layer1.conv2,element,7,False,False,32,e5m2
54,layer2.shortcut.0,element,1,False,False,32,e5m2
54,layer2.conv1,element,7,False,False,32,e5m2
54,conv1,element,3,True,False,32,e5m2
54,layer2.conv1,element,0,False,False,32,e5m2
54,layer1.conv1,element,6,False,False,32,e5m2
54,layer2.shortcut.0,element,1,False,False,32,e5m2
54,layer2.conv1,element,4,False,False,32,e5m2
54,layer2.shortcut.0,element,0,False,False,32,e5m2
54,layer3.shortcut.0,element,4,False,False,32,e5m2
54,layer2.shortcut.0,element,6,False,False,32,e5m2
54,layer1.conv1,element,4,False,False,32,e5m2
54,layer3.shortcut.0,element,2,False,False,32,e5m2
54,layer2.shortcut.0,element,2,False,False,32,e5m2
54,layer3.shortcut.0,element,0,False,False,32,e5m2
54,conv1,element,2,True,True,32,e5m2
54,layer2.conv1,element,0,False,False,32,e5m2
54,layer3.shortcut.0,element,5,False,False,32,e5m2
54,layer3.conv2,element,5,False,False,32,e5m2
54,layer2.conv1,element,5,False,False,32,e5m2
54,layer2.conv2,element,3,False,False,32,e5m2
54,layer2.conv1,element,2,False,False,32,e5m2
54,layer2.shortcut.0,element,6,False,False,32,e5m2
54,conv1,element,3,False,False,32,e5m2
54,layer3.conv2,element,5,False,False,32,e5m2
54,layer1.conv2,element,3,True,False,32,e5m2
54,layer3.conv2,element,5,False,False,32,e5m2
54,layer3.shortcut.0,scale,4,False,False,32,e5m2
54,layer2.conv1,element,5,False,False,32,e5m2
54,layer3.shortcut.0,element,6,False,False,32,e5m2
54,layer1.conv1,element,3,False,False,32,e5m2
54,layer2.conv1,element,4,False,False,32,e5m2
54,layer2.conv1,element,0,False,False,32,e5m2
54,layer1.conv1,element,5,False,False,32,e5m2
54,layer2.shortcut.0,element,6,False,False,32,e5m2
54,layer1.conv1,element,6,False,False,32,e5m2
54,layer2.conv1,element,6,False,False,32,e5m2
28,layer2.shortcut.0,element,5,False,False,32,e5m2
28,layer3.shortcut.0,element,6,False,False,32,e5m2
28,layer2.conv1,element,1,False,False,32,e5m2
28,layer1.conv1,scale,2,False,False,32,e5m2
28,layer3.conv1,element,7,False,False,32,e5m2
28,layer3.conv2,element,0,False,False,32,e5m2
28,layer1.conv2,element,0,False,False,32,e5m2
28,layer2.shortcut.0,element,3,False,False,32,e5m2
28,layer1.conv2,element,4,False,False,32,e5m2
28,layer2.conv2,element,3,False,False,32,e5m2
28,layer2.conv1,element,1,False,False,32,e5m2
28,layer3.conv1,element,7,False,False,32,e5m2
28,layer2.conv2,element,3,True,True,32,e5m2
28,layer2.conv2,element,5,True,True,32,e5m2
28,layer3.shortcut.0,element,4,False,False,32,e5m2
28,layer2.shortcut.0,element,2,False,False,32,e5m2
28,layer1.conv1,element,3,False,False,32,e5m2
28,layer2.conv1,element,3,True,True,32,e5m2
28,layer1.conv1,element,4,False,False,32,e5m2
28,layer3.conv1,element,3,False,False,32,e5m2
28,conv1,element,7,False,False,32,e5m2
28,layer3.conv1,element,0,False,False,32,e5m2
28,layer1.conv1,scale,1,False,False,32,e5m2
28,layer2.shortcut.0,element,3,False,False,32,e5m2
28,layer1.conv1,element,6,False,False,32,e5m2
28,layer1.conv1,element,4,True,True,32,e5m2
28,layer3.conv1,element,1,False,False,32,e5m2
28,layer1.conv1,element,0,False,False,32,e5m2
28,layer1.conv2,element,1,False,False,32,e5m2
28,layer1.conv2,element,4,False,False,32,e5m2
28,layer2.conv1,element,4,False,False,32,e5m2
28,conv1,element,2,True,True,32,e5m2
28,layer1.conv2,scale,6,False,False,32,e5m2
28,layer3.shortcut.0,element,4,False,False,32,e5m2
28,layer3.shortcut.0,element,5,False,False,32,e5m2
28,layer1.conv1,element,0,False,False,32,e5m2
28,layer1.conv2,element,5,False,False,32,e5m2
28,layer2.conv1,element,7,False,False,32,e5m2
28,layer2.shortcut.0,element,0,False,False,32,e5m2
28,layer2.shortcut.0,scale,2,False,False,32,e5m2
35,layer1.conv2,element,6,False,False,32,e5m2
35,layer2.conv1,scale,6,False,False,32,e5m2
35,layer2.conv1,element,2,False,False,32,e5m2
35,layer2.conv1,element,5,False,False,32,e5m2
35,layer2.conv1,element,0,False,False,32,e5m2
35,layer1.conv1,element,5,False,False,32,e5m2
35,layer2.shortcut.0,element,5,False,False,32,e5m2
35,layer1.conv1,element,3,False,False,32,e5m2
35,layer1.conv1,element,3,False,False,32,e5m2
35,layer1.conv2,element,2,False,False,32,e5m2
35,layer2.shortcut.0,element,3,False,False,32,e5m2
35,layer1.conv1,element,6,False,False,32,e5m2
35,layer2.conv2,element,7,False,False,32,e5m2
35,layer2.conv2,scale,2,True,False,32,e5m2
35,layer3.conv1,element,5,False,False,32,e5m2
35,layer2.shortcut.0,element,4,False,False,32,e5m2
35,conv1,element,4,False,False,32,e5m2
35,layer2.conv1,element,4,False,False,32,e5m2
35,layer3.conv2,element,4,False,False,32,e5m2
35,layer1.conv2,scale,7,True,True,32,e5m2
35,layer2.conv1,element,5,False,False,32,e5m2
35,layer1.conv2,element,1,False,False,32,e5m2
35,conv1,element,5,False,False,32,e5m2
35,layer2.shortcut.0,element,3,False,False,32,e5m2
35,layer2.shortcut.0,element,0,False,False,32,e5m2
35,layer1.conv1,element,4,False,False,32,e5m2
35,layer1.conv1,element,3,False,False,32,e5m2
35,layer1.conv2,element,4,False,False,32,e5m2
35,layer2.shortcut.0,element,5,False,False,32,e5m2
35,layer3.conv1,element,3,False,False,32,e5m2
35,layer1.conv1,element,4,False,False,32,e5m2
35,layer2.conv1,element,2,False,False,32,e5m2
35,layer1.conv2,element,5,False,False,32,e5m2
35,layer2.conv2,element,1,False,False,32,e5m2
35,layer1.conv2,element,7,False,False,32,e5m2
35,layer2.shortcut.0,element,3,False,False,32,e5m2
35,layer2.conv1,element,6,False,False,32,e5m2
35,layer3.conv2,element,1,False,False,32,e5m2
35,layer2.conv2,element,7,False,False,32,e5m2
35,layer3.conv1,element,2,False,False,32,e5m2
90,layer2.conv1,element,0,False,False,32,e5m2
90,layer2.conv1,scale,6,False,False,32,e5m2
90,layer3.conv2,element,0,False,False,32,e5m2
90,layer1.conv2,element,1,False,False,32,e5m2
90,layer2.shortcut.0,element,2,False,False,32,e5m2
90,layer1.conv2,element,1,False,False,32,e5m2
90,layer2.conv1,element,6,False,False,32,e5m2
90,layer2.conv2,element,5,False,False,32,e5m2
90,layer1.conv2,element,7,False,False,32,e5m2
90,layer2.conv2,element,7,False,False,32,e5m2
90,layer2.conv1,element,2,False,False,32,e5m2
90,layer2.shortcut.0,element,2,False,False,32,e5m2
90,layer1.conv2,element,3,False,False,32,e5m2
90,layer2.shortcut.0,element,3,False,False,32,e5m2
90,layer1.conv1,element,2,True,True,32,e5m2
90,layer2.conv1,element,5,False,False,32,e5m2
90,layer2.conv1,element,6,False,False,32,e5m2
90,layer1.conv1,element,0,False,False,32,e5m2
90,layer2.shortcut.0,element,4,False,False,32,e5m2
90,layer2.shortcut.0,element,1,False,False,32,e5m2
90,layer2.shortcut.0,element,7,False,False,32,e5m2
90,layer2.shortcut.0,element,4,False,False,32,e5m2
90,layer1.conv2,element,5,False,False,32,e5m2
90,layer2.shortcut.0,element,1,False,False,32,e5m2
90,layer1.conv1,element,5,False,False,32,e5m2
90,layer3.shortcut.0,scale,6,False,False,32,e5m2
90,layer3.conv2,element,1,False,False,32,e5m2
90,layer2.conv2,element,4,False,False,32,e5m2
90,layer1.conv2,element,2,False,False,32,e5m2
90,layer1.conv2,element,4,True,False,32,e5m2
90,layer2.shortcut.0,element,1,False,False,32,e5m2
90,layer2.shortcut.0,element,3,False,False,32,e5m2
90,layer1.conv2,element,7,False,False,32,e5m2
90,layer2.shortcut.0,element,3,False,False,32,e5m2
90,layer1.conv2,element,1,False,False,32,e5m2
90,layer3.conv1,element,5,False,False,32,e5m2
90,layer1.conv1,element,4,False,False,32,e5m2
90,layer1.conv2,element,7,False,False,32,e5m2
90,layer2.conv1,scale,4,False,False,32,e5m2
90,layer1.conv1,element,1,False,False,32,e5m2
96,layer1.conv2,element,6,False,False,32,e5m2
96,layer1.conv1,element,5,False,False,32,e5m2
96,layer2.conv1,element,6,False,False,32,e5m2
96,layer3.conv1,element,3,False,False,32,e5m2
96,layer2.conv2,element,5,False,False,32,e5m2
96,layer3.shortcut.0,element,5,False,False,32,e5m2
96,layer2.conv1,element,4,False,False,32,e5m2
96,layer1.conv1,element,3,False,False,32,e5m2
96,layer2.conv1,element,5,False,False,32,e5m2
96,layer2.conv1,element,2,False,False,32,e5m2
96,layer2.conv2,element,3,False,False,32,e5m2
96,layer2.shortcut.0,scale,7,True,True,32,e5m2
96,layer2.conv1,element,0,False,False,32,e5m2
96,layer2.shortcut.0,element,3,False,False,32,e5m2
96,layer2.conv1,element,2,False,False,32,e5m2
96,layer2.conv1,element,2,False,False,32,e5m2
96,layer1.conv1,element,4,False,False,32,e5m2
96,layer1.conv1,scale,7,True,True,32,e5m2
96,layer2.conv1,element,4,False,False,32,e5m2
96,layer3.conv1,element,2,False,False,32,e5m2
96,layer2.shortcut.0,element,1,False,False,32,e5m2
96,layer1.conv2,element,5,False,False,32,e5m2
96,layer2.conv1,element,0,False,False,32,e5m2
96,layer1.conv2,element,7,False,False,32,e5m2
96,layer1.conv1,element,6,False,False,32,e5m2
96,layer2.conv1,element,6,False,False,32,e5m2
96,conv1,scale,7,True,True,32,e5m2
96,layer1.conv2,element,2,False,False,32,e5m2
96,layer2.conv2,element,6,False,False,32,e5m2
96,layer1.conv2,element,6,False,False,32,e5m2
96,layer3.conv1,element,3,False,False,32,e5m2
96,layer1.conv2,element,2,False,False,32,e5m2
96,layer2.shortcut.0,element,7,False,False,32,e5m2
96,layer1.conv1,element,5,False,False,32,e5m2
96,layer3.shortcut.0,element,4,False,False,32,e5m2
96,layer3.shortcut.0,element,7,False,False,32,e5m2
96,layer1.conv2,element,6,False,False,32,e5m2
96,layer2.conv1,element,5,False,False,32,e5m2
96,layer2.shortcut.0,element,6,False,False,32,e5m2
96,layer2.shortcut.0,element,3,False,False,32,e5m2
61,layer2.shortcut.0,element,7,False,False,32,e5m2
61,layer2.conv2,element,7,False,False,32,e5m2
61,conv1,element,0,False,False,32,e5m2
61,layer3.shortcut.0,element,4,False,False,32,e5m2
61,layer2.conv1,element,2,True,True,32,e5m2
61,layer1.conv1,element,6,False,False,32,e5m2
61,layer1.conv1,element,0,False,False,32,e5m2
61,layer2.conv1,element,4,False,False,32,e5m2
61,layer1.conv2,element,4,False,False,32,e5m2
61,layer2.shortcut.0,element,2,False,False,32,e5m2
61,layer3.conv2,element,3,False,False,32,e5m2
61,layer2.shortcut.0,element,3,False,False,32,e5m2
61,layer1.conv1,element,0,False,False,32,e5m2
61,layer1.conv1,element,6,False,False,32,e5m2
61,layer2.conv1,element,6,False,False,32,e5m2
61,layer2.conv1,element,3,True,True,32,e5m2
61,layer2.conv1,element,5,False,False,32,e5m2
61,layer1.conv2,scale,0,False,False,32,e5m2
61,layer3.conv1,element,7,False,False,32,e5m2
61,layer1.conv1,element,5,False,False,32,e5m2
61,layer3.shortcut.0,element,3,False,False,32,e5m2
61,layer1.conv2,element,7,False,False,32,e5m2
61,layer2.shortcut.0,element,1,False,False,32,e5m2
61,layer1.conv2,element,1,False,False,32,e5m2
61,layer2.conv2,element,3,False,False,32,e5m2
61,layer1.conv1,element,5,False,False,32,e5m2
61,layer2.shortcut.0,element,4,False,False,32,e5m2
61,layer2.conv1,element,4,False,False,32,e5m2
61,layer2.conv1,element,0,False,False,32,e5m2
61,layer2.conv1,element,4,False,False,32,e5m2
61,layer1.conv1,element,5,False,False,32,e5m2
61,layer3.conv1,element,7,False,False,32,e5m2
61,layer1.conv2,element,1,False,False,32,e5m2
61,layer1.conv2,element,4,False,False,32,e5m2
61,layer3.conv1,element,0,False,False,32,e5m2
61,conv1,element,3,False,False,32,e5m2
61,layer3.conv1,element,0,False,False,32,e5m2
61,layer1.conv2,element,3,False,False,32,e5m2
61,layer3.conv1,scale,7,True,True,32,e5m2
61,layer1.conv2,scale,1,False,False,32,e5m2
59,layer2.shortcut.0,element,4,False,False,32,e5m2
59,layer1.conv1,element,0,False,False,32,e5m2
59,layer2.conv2,element,7,False,False,32,e5m2
59,layer3.shortcut.0,element,7,False,False,32,e5m2
59,layer1.conv1,element,5,False,False,32,e5m2
59,layer2.conv2,element,3,False,False,32,e5m2
59,layer2.conv1,element,3,True,True,32,e5m2
59,layer2.conv2,element,2,False,False,32,e5m2
59,layer2.conv1,element,7,False,False,32,e5m2
59,layer2.shortcut.0,element,1,False,False,32,e5m2
59,layer3.shortcut.0,element,6,False,False,32,e5m2
59,layer2.conv1,element,4,False,False,32,e5m2
59,layer3.shortcut.0,element,1,False,False,32,e5m2
59,layer1.conv1,element,1,False,False,32,e5m2
59,layer1.conv2,element,0,False,False,32,e5m2
59,layer1.conv2,element,1,False,False,32,e5m2
59,layer1.conv1,element,3,False,False,32,e5m2
59,layer2.shortcut.0,element,6,False,False,32,e5m2
59,layer3.conv2,element,1,False,False,32,e5m2
59,layer2.conv1,element,7,True,False,32,e5m2
59,layer3.conv2,element,2,False,False,32,e5m2
59,layer1.conv1,element,1,False,False,32,e5m2
59,layer1.conv2,element,5,False,False,32,e5m2
59,layer1.conv1,element,5,False,False,32,e5m2
59,layer2.shortcut.0,element,6,False,False,32,e5m2
59,layer1.conv1,element,2,False,False,32,e5m2
59,layer2.conv2,element,4,False,False,32,e5m2
59,layer2.conv2,element,3,False,False,32,e5m2
59,layer2.conv1,element,0,False,False,32,e5m2
59,layer1.conv2,element,7,False,False,32,e5m2
59,layer2.conv1,element,2,False,False,32,e5m2
59,layer3.conv2,element,5,False,False,32,e5m2
59,layer1.conv2,element,5,False,False,32,e5m2
59,layer3.conv1,element,3,False,False,32,e5m2
59,conv1,element,2,True,True,32,e5m2
59,layer1.conv1,element,5,False,False,32,e5m2
59,layer1.conv2,element,1,False,False,32,e5m2
59,layer2.shortcut.0,element,3,False,False,32,e5m2
59,layer1.conv2,element,6,False,False,32,e5m2
59,layer2.conv1,element,5,False,False,32,e5m2
73,layer1.conv2,element,2,False,False,32,e5m2
73,layer3.shortcut.0,element,7,False,False,32,e5m2
73,layer1.conv2,element,3,False,False,32,e5m2
73,layer1.conv1,element,3,False,False,32,e5m2
73,layer3.shortcut.0,element,7,False,False,32,e5m2
73,layer1.conv1,element,5,False,False,32,e5m2
73,layer2.shortcut.0,element,7,False,False,32,e5m2
73,layer1.conv1,element,7,False,False,32,e5m2
73,layer2.shortcut.0,element,0,False,False,32,e5m2
73,layer1.conv2,element,1,False,False,32,e5m2
73,layer3.shortcut.0,element,2,False,False,32,e5m2
73,layer2.shortcut.0,element,5,False,False,32,e5m2
73,layer2.conv1,element,3,True,True,32,e5m2
73,layer3.conv2,element,7,False,False,32,e5m2
73,conv1,element,1,False,False,32,e5m2
73,layer3.conv1,element,1,False,False,32,e5m2
73,layer1.conv2,element,5,False,False,32,e5m2
73,layer2.conv1,element,6,False,False,32,e5m2
73,layer2.shortcut.0,element,1,False,False,32,e5m2
73,layer1.conv1,element,0,False,False,32,e5m2
73,layer3.conv2,element,2,False,False,32,e5m2
73,layer2.conv1,element,3,False,False,32,e5m2
73,layer2.conv2,element,2,False,False,32,e5m2
73,layer3.conv2,element,3,False,False,32,e5m2
73,layer3.conv1,element,7,False,False,32,e5m2
73,layer1.conv1,element,6,False,False,32,e5m2
73,layer2.conv1,element,4,False,False,32,e5m2
73,layer1.conv2,element,6,False,False,32,e5m2
73,conv1,element,7,False,False,32,e5m2
73,layer1.conv1,element,7,False,False,32,e5m2
73,layer1.conv1,element,6,False,False,32,e5m2
73,layer2.conv2,element,5,False,False,32,e5m2
73,layer1.conv1,element,3,False,False,32,e5m2
73,layer2.conv1,element,5,False,False,32,e5m2
73,layer3.shortcut.0,element,5,False,False,32,e5m2
73,layer2.conv1,element,3,False,False,32,e5m2
73,layer3.shortcut.0,element,2,False,False,32,e5m2
73,layer2.shortcut.0,element,2,False,False,32,e5m2
73,layer2.conv2,element,2,False,False,32,e5m2
73,layer3.shortcut.0,element,0,False,False,32,e5m2
82,layer1.conv2,element,0,False,False,32,e5m2
82,layer3.shortcut.0,element,7,False,False,32,e5m2
82,layer1.conv2,element,2,True,True,32,e5m2
82,layer3.shortcut.0,element,6,False,False,32,e5m2
82,layer1.conv2,element,3,False,False,32,e5m2
82,layer2.conv1,element,6,False,False,32,e5m2
82,layer1.conv2,element,2,True,True,32,e5m2
82,layer3.conv2,element,6,False,False,32,e5m2
82,layer2.shortcut.0,element,1,False,False,32,e5m2
82,layer2.shortcut.0,element,6,False,False,32,e5m2
82,layer1.conv2,element,0,False,False,32,e5m2
82,layer1.conv1,element,0,False,False,32,e5m2
82,layer3.shortcut.0,element,5,False,False,32,e5m2
82,layer2.conv1,element,3,False,False,32,e5m2
82,layer1.conv2,element,2,False,False,32,e5m2
82,layer2.conv1,scale,6,False,False,32,e5m2
82,layer2.conv1,scale,7,True,True,32,e5m2
82,layer3.conv1,element,4,True,True,32,e5m2
82,conv1,element,5,True,False,32,e5m2
82,layer2.conv1,element,4,False,False,32,e5m2
82,layer1.conv1,element,5,False,False,32,e5m2
82,layer3.shortcut.0,element,1,False,False,32,e5m2
82,layer1.conv1,element,1,False,False,32,e5m2
82,layer2.conv2,element,3,True,True,32,e5m2
82,layer2.shortcut.0,element,7,False,False,32,e5m2
82,layer3.shortcut.0,element,5,False,False,32,e5m2
82,layer2.shortcut.0,element,7,False,False,32,e5m2
82,layer2.conv1,element,4,False,False,32,e5m2
82,layer2.shortcut.0,element,2,False,False,32,e5m2
82,layer1.conv2,element,6,False,False,32,e5m2
82,layer2.conv1,element,4,False,False,32,e5m2
82,layer2.conv2,element,7,False,False,32,e5m2
82,layer1.conv2,element,3,False,False,32,e5m2
82,layer1.conv1,element,5,False,False,32,e5m2
82,layer3.conv1,element,3,True,True,32,e5m2
82,layer2.shortcut.0,element,0,False,False,32,e5m2
82,layer1.conv2,element,2,False,False,32,e5m2
82,layer2.conv1,element,2,False,False,32,e5m2
82,layer1.conv1,element,3,False,False,32,e5m2
82,layer2.conv2,element,0,False,False,32,e5m2
38,layer3.conv1,element,0,False,False,32,e5m2
38,layer2.conv1,element,6,False,False,32,e5m2
38,conv1,element,2,True,True,32,e5m2
38,layer2.conv1,element,3,False,False,32,e5m2
38,layer3.conv1,element,6,False,False,32,e5m2
38,layer2.conv1,element,1,False,False,32,e5m2
38,layer2.shortcut.0,element,5,False,False,32,e5m2
38,layer2.shortcut.0,element,6,False,False,32,e5m2
38,layer3.conv1,element,0,False,False,32,e5m2
38,layer3.shortcut.0,element,1,False,False,32,e5m2
38,layer2.conv1,element,4,False,False,32,e5m2
38,layer2.shortcut.0,element,1,False,False,32,e5m2
38,layer2.shortcut.0,element,3,False,False,32,e5m2
38,layer1.conv2,element,7,False,False,32,e5m2
38,layer2.shortcut.0,element,2,False,False,32,e5m2
38,layer1.conv2,element,2,True,True,32,e5m2
38,layer1.conv2,element,5,False,False,32,e5m2
38,layer2.conv1,element,4,False,False,32,e5m2
38,layer2.conv1,element,0,False,False,32,e5m2
38,layer1.conv2,scale,0,False,False,32,e5m2
38,layer2.conv1,element,2,False,False,32,e5m2
38,layer1.conv2,element,2,False,False,32,e5m2
38,conv1,element,2,True,True,32,e5m2
38,layer1.conv2,element,1,False,False,32,e5m2
38,layer2.conv1,element,5,False,False,32,e5m2
38,layer2.conv2,element,5,False,False,32,e5m2
38,layer1.conv2,element,7,False,False,32,e5m2
38,layer2.conv1,element,5,False,False,32,e5m2
38,layer3.conv1,element,0,False,False,32,e5m2
38,layer3.conv2,element,3,False,False,32,e5m2
38,layer2.conv1,element,0,False,False,32,e5m2
38,layer1.conv1,element,1,False,False,32,e5m2
38,layer2.conv1,element,4,False,False,32,e5m2
38,layer2.conv1,element,3,True,True,32,e5m2
38,layer1.conv1,element,4,False,False,32,e5m2
38,layer2.shortcut.0,element,5,False,False,32,e5m2
38,layer1.conv2,element,4,False,False,32,e5m2
38,layer3.shortcut.0,element,3,False,False,32,e5m2
38,layer1.conv2,element,4,False,False,32,e5m2
38,layer3.shortcut.0,element,1,False,False,32,e5m2
80,layer2.shortcut.0,element,3,False,False,32,e5m2
80,layer1.conv1,element,1,False,False,32,e5m2
80,layer2.shortcut.0,element,2,False,False,32,e5m2
80,layer1.conv2,element,2,False,False,32,e5m2
80,layer1.conv1,element,5,False,False,32,e5m2
80,layer1.conv2,element,0,False,False,32,e5m2
80,layer3.conv1,element,1,False,False,32,e5m2
80,layer1.conv2,element,1,False,False,32,e5m2
80,layer1.conv1,element,4,False,False,32,e5m2
80,layer3.conv1,element,1,False,False,32,e5m2
80,layer2.conv1,element,4,False,False,32,e5m2
80,layer1.conv2,element,5,False,False,32,e5m2
80,layer3.conv1,element,5,False,False,32,e5m2
80,layer2.shortcut.0,element,0,False,False,32,e5m2
80,layer2.conv1,element,3,True,True,32,e5m2
80,layer1.conv2,element,0,False,False,32,e5m2
80,layer3.conv1,element,5,False,False,32,e5m2
80,layer2.conv2,element,0,False,False,32,e5m2
80,layer2.conv1,scale,4,False,False,32,e5m2
80,layer1.conv2,element,4,True,True,32,e5m2
80,layer3.conv2,element,0,False,False,32,e5m2
80,layer1.conv1,element,6,False,False,32,e5m2
80,layer2.shortcut.0,element,1,False,False,32,e5m2
80,layer1.conv1,element,3,False,False,32,e5m2
80,layer3.shortcut.0,element,0,False,False,32,e5m2
80,conv1,element,4,False,False,32,e5m2
80,layer2.shortcut.0,element,7,False,False,32,e5m2
80,layer1.conv1,element,1,False,False,32,e5m2
80,layer2.conv2,element,2,False,False,32,e5m2
80,layer1.conv1,element,0,False,False,32,e5m2
80,layer1.conv1,element,0,False,False,32,e5m2
80,layer2.conv1,element,7,False,False,32,e5m2
80,layer1.conv2,element,1,False,False,32,e5m2
80,layer2.conv1,element,6,False,False,32,e5m2
80,layer1.conv1,element,0,False,False,32,e5m2
80,layer2.shortcut.0,element,3,False,False,32,e5m2
80,conv1,element,0,False,False,32,e5m2
80,layer2.shortcut.0,element,7,False,False,32,e5m2
80,layer1.conv2,element,5,False,False,32,e5m2
80,layer2.conv1,element,1,False,False,32,e5m2
16,conv1,scale,7,True,True,32,e5m2
16,layer2.conv1,element,3,False,False,32,e5m2
16,layer2.conv1,element,5,False,False,32,e5m2
16,layer1.conv2,element,5,False,False,32,e5m2
16,layer2.shortcut.0,element,6,False,False,32,e5m2
16,layer1.conv2,element,4,False,False,32,e5m2
16,layer3.shortcut.0,element,4,False,False,32,e5m2
16,layer2.shortcut.0,element,5,False,False,32,e5m2
16,layer1.conv1,element,6,False,False,32,e5m2
16,layer1.conv2,element,7,False,False,32,e5m2
16,layer1.conv1,element,7,False,False,32,e5m2
16,layer2.shortcut.0,element,0,False,False,32,e5m2
16,layer3.conv1,element,0,False,False,32,e5m2
16,layer2.shortcut.0,element,6,False,False,32,e5m2
16,layer1.conv1,element,0,False,False,32,e5m2
16,layer2.conv2,element,2,False,False,32,e5m2
16,layer2.shortcut.0,element,7,False,False,32,e5m2
16,layer2.shortcut.0,element,7,False,False,32,e5m2
16,layer2.shortcut.0,element,2,False,False,32,e5m2
16,layer2.conv2,element,6,False,False,32,e5m2
16,layer1.conv2,element,7,False,False,32,e5m2
16,layer2.conv1,element,6,False,False,32,e5m2
16,layer2.conv2,element,2,False,False,32,e5m2
16,layer2.shortcut.0,element,4,False,False,32,e5m2
16,layer2.shortcut.0,element,2,False,False,32,e5m2
16,layer3.shortcut.0,element,3,False,False,32,e5m2
16,layer1.conv1,element,0,False,False,32,e5m2
16,layer2.conv2,element,3,False,False,32,e5m2
16,layer2.conv1,element,0,False,False,32,e5m2
16,layer1.conv1,element,4,False,False,32,e5m2
16,layer2.conv1,element,6,False,False,32,e5m2
16,layer2.conv2,element,2,False,False,32,e5m2
16,layer2.shortcut.0,scale,3,False,False,32,e5m2
16,layer2.conv1,element,4,False,False,32,e5m2
16,layer1.conv1,element,5,False,False,32,e5m2
16,layer2.conv2,element,1,False,False,32,e5m2
16,layer2.conv1,scale,5,False,False,32,e5m2
16,layer1.conv1,element,2,False,False,32,e5m2
16,layer1.conv1,element,2,True,True,32,e5m2
16,layer2.shortcut.0,element,7,False,False,32,e5m2
92,layer1.conv1,element,1,False,False,32,e5m2
92,layer1.conv1,element,2,True,True,32,e5m2
92,layer1.conv1,element,2,False,False,32,e5m2
92,layer1.conv2,scale,2,False,False,32,e5m2
92,layer1.conv2,element,2,False,False,32,e5m2
92,layer3.conv1,element,0,False,False,32,e5m2
92,layer3.shortcut.0,element,4,False,False,32,e5m2
92,layer1.conv2,element,5,False,False,32,e5m2
92,layer3.conv2,element,6,False,False,32,e5m2
92,layer2.shortcut.0,element,7,False,False,32,e5m2
92,layer2.conv1,element,6,False,False,32,e5m2
92,layer1.conv1,element,6,False,False,32,e5m2
92,conv1,scale,5,False,False,32,e5m2
92,layer1.conv2,element,2,False,False,32,e5m2
92,layer3.shortcut.0,element,6,False,False,32,e5m2
92,layer3.shortcut.0,element,0,False,False,32,e5m2
92,conv1,element,4,False,False,32,e5m2
92,layer1.conv1,element,5,False,False,32,e5m2
92,layer1.conv1,element,6,False,False,32,e5m2
92,layer2.shortcut.0,element,2,False,False,32,e5m2
92,layer1.conv1,scale,3,True,False,32,e5m2
92,layer1.conv2,element,6,False,False,32,e5m2
92,layer2.shortcut.0,element,4,False,False,32,e5m2
92,layer2.conv1,element,7,False,False,32,e5m2
92,layer2.shortcut.0,element,1,False,False,32,e5m2
92,layer2.shortcut.0,element,2,False,False,32,e5m2
92,conv1,element,7,False,False,32,e5m2
92,layer1.conv1,element,5,False,False,32,e5m2
92,layer2.conv1,element,5,False,False,32,e5m2
92,layer2.conv1,element,0,False,False,32,e5m2
92,layer1.conv2,element,6,False,False,32,e5m2
92,layer2.shortcut.0,element,1,False,False,32,e5m2
92,layer1.conv1,element,1,False,False,32,e5m2
92,layer2.shortcut.0,element,2,False,False,32,e5m2
92,conv1,element,5,False,False,32,e5m2
92,layer2.conv1,element,7,False,False,32,e5m2
92,layer2.conv2,element,1,False,False,32,e5m2
92,layer1.conv2,element,7,False,False,32,e5m2
92,layer2.conv1,element,2,True,True,32,e5m2
92,layer3.shortcut.0,scale,4,False,False,32,e5m2
32,layer1.conv2,element,2,False,False,32,e5m2
32,layer1.conv2,element,2,False,False,32,e5m2
32,layer1.conv1,element,2,False,False,32,e5m2
32,layer1.conv1,element,2,False,False,32,e5m2
32,layer1.conv2,element,1,False,False,32,e5m2
32,layer1.conv2,element,4,True,True,32,e5m2
32,layer3.conv2,element,7,False,False,32,e5m2
32,layer1.conv1,element,6,False,False,32,e5m2
32,layer1.conv2,element,1,False,False,32,e5m2
32,conv1,element,2,False,False,32,e5m2
32,layer3.shortcut.0,element,4,False,False,32,e5m2
32,layer2.conv1,element,3,False,False,32,e5m2
32,conv1,element,4,False,False,32,e5m2
32,layer3.conv1,element,7,False,False,32,e5m2
32,layer2.conv1,element,5,False,False,32,e5m2
32,layer2.shortcut.0,element,4,False,False,32,e5m2
32,conv1,element,6,False,False,32,e5m2
32,layer2.conv1,element,0,False,False,32,e5m2
32,layer1.conv1,element,5,False,False,32,e5m2
32,layer2.shortcut.0,element,4,False,False,32,e5m2
32,layer1.conv1,element,0,False,False,32,e5m2
32,layer2.conv1,element,0,False,False,32,e5m2
32,layer2.shortcut.0,element,3,False,False,32,e5m2
32,layer3.conv2,element,2,False,False,32,e5m2
32,layer1.conv2,element,0,False,False,32,e5m2
32,layer3.shortcut.0,element,4,False,False,32,e5m2
32,layer2.shortcut.0,scale,6,False,False,32,e5m2
32,layer1.conv2,element,3,False,False,32,e5m2
32,layer2.conv1,element,1,False,False,32,e5m2
32,layer2.conv1,element,5,False,False,32,e5m2
32,layer1.conv1,element,3,True,True,32,e5m2
32,layer1.conv2,element,7,False,False,32,e5m2
32,conv1,element,2,False,False,32,e5m2
32,layer1.conv2,element,3,False,False,32,e5m2
32,layer2.conv1,element,0,False,False,32,e5m2
32,layer2.conv2,element,0,False,False,32,e5m2
32,layer1.conv2,element,3,False,False,32,e5m2
32,layer2.conv1,element,5,False,False,32,e5m2
32,layer1.conv1,element,2,False,False,32,e5m2
32,layer3.conv2,element,5,False,False,32,e5m2
64,layer2.conv1,element,3,False,False,32,e5m2
64,layer2.shortcut.0,element,1,False,False,32,e5m2
64,layer3.conv1,element,7,False,False,32,e5m2
64,layer1.conv2,element,7,False,False,32,e5m2
64,layer1.conv2,element,7,False,False,32,e5m2
64,layer1.conv2,element,2,False,False,32,e5m2
64,layer1.conv1,element,7,False,False,32,e5m2
64,layer2.shortcut.0,element,7,False,False,32,e5m2
64,layer1.conv2,element,5,False,False,32,e5m2
64,layer1.conv2,scale,3,True,False,32,e5m2
64,layer2.shortcut.0,element,1,False,False,32,e5m2
64,layer2.conv1,element,4,False,False,32,e5m2
64,layer2.shortcut.0,scale,6,False,False,32,e5m2
64,layer1.conv2,element,5,False,False,32,e5m2
64,layer2.conv1,element,0,False,False,32,e5m2
64,layer2.conv2,element,4,False,False,32,e5m2
64,layer1.conv1,element,0,False,False,32,e5m2
64,layer3.shortcut.0,element,6,False,False,32,e5m2
64,conv1,element,3,True,False,32,e5m2
64,layer2.conv1,scale,4,False,False,32,e5m2
64,layer2.shortcut.0,element,4,False,False,32,e5m2
64,conv1,element,5,False,False,32,e5m2
64,conv1,scale,7,True,True,32,e5m2
64,layer3.conv1,element,1,False,False,32,e5m2
64,layer3.shortcut.0,element,5,False,False,32,e5m2
64,layer3.conv1,element,3,False,False,32,e5m2
64,layer3.conv2,element,6,False,False,32,e5m2
64,layer2.shortcut.0,element,3,False,False,32,e5m2
64,layer3.shortcut.0,element,3,False,False,32,e5m2
64,layer1.conv1,element,2,True,False,32,e5m2
64,layer2.shortcut.0,element,2,False,False,32,e5m2
64,layer1.conv1,element,0,False,False,32,e5m2
64,layer1.conv1,element,7,False,False,32,e5m2
64,layer2.shortcut.0,element,1,False,False,32,e5m2
64,layer2.shortcut.0,element,1,False,False,32,e5m2
64,layer1.conv1,element,3,False,False,32,e5m2
64,layer2.conv1,element,1,False,False,32,e5m2
64,layer2.conv2,element,0,False,False,32,e5m2
64,layer1.conv1,element,5,False,False,32,e5m2
64,layer1.conv1,element,6,False,False,32,e5m2
66,layer1.conv1,element,4,False,False,32,e5m2
66,layer2.conv2,scale,6,False,False,32,e5m2
66,layer1.conv1,element,3,False,False,32,e5m2
66,layer1.conv2,element,5,False,False,32,e5m2
66,layer1.conv2,element,4,False,False,32,e5m2
66,layer1.conv2,element,2,False,False,32,e5m2
66,layer3.conv1,element,3,False,False,32,e5m2
66,layer1.conv2,element,7,False,False,32,e5m2
66,layer2.conv1,scale,5,False,False,32,e5m2
66,layer2.shortcut.0,element,1,False,False,32,e5m2
66,layer3.conv1,element,6,False,False,32,e5m2
66,layer2.conv1,element,1,False,False,32,e5m2
66,layer1.conv1,element,6,False,False,32,e5m2
66,layer1.conv2,element,2,False,False,32,e5m2
66,layer1.conv2,element,3,False,False,32,e5m2
66,layer2.conv2,element,0,False,False,32,e5m2
66,layer2.conv2,element,6,False,False,32,e5m2
66,layer1.conv1,element,7,False,False,32,e5m2
66,layer2.conv2,element,4,False,False,32,e5m2
66,layer2.shortcut.0,element,3,False,False,32,e5m2
66,layer2.conv1,element,7,False,False,32,e5m2
66,layer1.conv1,element,7,True,False,32,e5m2
66,layer2.shortcut.0,element,1,False,False,32,e5m2
66,layer1.conv1,element,6,False,False,32,e5m2
66,layer1.conv1,element,1,False,False,32,e5m2
66,layer1.conv2,scale,0,False,False,32,e5m2
66,layer3.conv1,element,0,False,False,32,e5m2
66,layer1.conv1,element,6,False,False,32,e5m2
66,layer1.conv1,element,2,False,False,32,e5m2
66,layer2.conv1,element,7,False,False,32,e5m2
66,layer3.shortcut.0,element,1,False,False,32,e5m2
66,layer2.shortcut.0,element,6,False,False,32,e5m2
66,layer1.conv2,element,2,False,False,32,e5m2
66,layer2.conv1,element,1,False,False,32,e5m2
66,layer1.conv2,scale,7,True,True,32,e5m2
66,layer2.conv2,element,2,False,False,32,e5m2
66,layer2.conv1,scale,3,False,False,32,e5m2
66,layer1.conv1,element,4,False,False,32,e5m2
66,layer3.shortcut.0,element,6,False,False,32,e5m2
66,layer3.conv1,scale,3,True,False,32,e5m2
40,layer2.conv1,element,7,False,False,32,e5m2
40,layer3.conv1,element,6,False,False,32,e5m2
40,layer1.conv2,element,6,False,False,32,e5m2
40,layer1.conv2,element,0,False,False,32,e5m2
40,layer1.conv1,element,7,False,False,32,e5m2
40,layer1.conv2,element,6,False,False,32,e5m2
40,layer1.conv2,element,0,False,False,32,e5m2
40,layer2.shortcut.0,element,0,False,False,32,e5m2
40,layer2.conv1,element,5,False,False,32,e5m2
40,layer1.conv1,element,4,True,True,32,e5m2
40,conv1,element,2,False,False,32,e5m2
40,layer1.conv1,element,6,False,False,32,e5m2
40,layer1.conv2,element,5,False,False,32,e5m2
40,layer2.shortcut.0,element,4,False,False,32,e5m2
40,layer1.conv1,element,5,False,False,32,e5m2
40,layer2.shortcut.0,element,2,False,False,32,e5m2
40,layer2.conv1,element,6,False,False,32,e5m2
40,conv1,element,1,False,False,32,e5m2
40,layer1.conv1,element,7,False,False,32,e5m2
40,layer1.conv1,element,2,False,False,32,e5m2
40,layer1.conv2,element,4,False,False,32,e5m2
40,layer3.shortcut.0,element,0,False,False,32,e5m2
40,layer2.conv1,element,2,False,False,32,e5m2
40,layer2.shortcut.0,element,0,False,False,32,e5m2
40,layer1.conv1,element,0,False,False,32,e5m2
40,layer2.shortcut.0,element,7,False,False,32,e5m2
40,layer1.conv1,element,7,False,False,32,e5m2
40,layer3.conv1,element,1,False,False,32,e5m2
40,layer1.conv1,element,3,False,False,32,e5m2
40,layer2.shortcut.0,element,0,False,False,32,e5m2
40,layer1.conv2,element,4,False,False,32,e5m2
40,layer2.conv2,element,2,False,False,32,e5m2
40,layer3.conv1,element,1,False,False,32,e5m2
40,layer2.shortcut.0,element,4,False,False,32,e5m2
40,layer1.conv1,element,5,False,False,32,e5m2
40,layer1.conv1,element,1,False,False,32,e5m2
40,layer2.shortcut.0,element,1,False,False,32,e5m2
40,layer3.shortcut.0,element,2,False,False,32,e5m2
40,conv1,element,4,False,False,32,e5m2
40,layer1.conv1,element,3,True,True,32,e5m2
87,layer3.conv1,element,3,False,False,32,e5m2
87,layer1.conv2,element,6,False,False,32,e5m2
87,layer3.conv2,element,3,False,False,32,e5m2
87,conv1,scale,6,False,False,32,e5m2
87,layer2.shortcut.0,element,0,False,False,32,e5m2
87,layer3.shortcut.0,element,2,False,False,32,e5m2
87,layer2.conv2,element,6,False,False,32,e5m2
87,layer3.conv2,element,6,False,False,32,e5m2
87,layer2.conv1,element,6,False,False,32,e5m2
87,layer2.shortcut.0,element,3,False,False,32,e5m2
87,layer1.conv2,element,5,False,False,32,e5m2
87,layer1.conv2,element,1,False,False,32,e5m2
87,layer2.conv2,element,2,False,False,32,e5m2
87,layer2.shortcut.0,element,1,False,False,32,e5m2
87,layer1.conv2,element,5,False,False,32,e5m2
87,layer3.conv1,element,1,False,False,32,e5m2
87,conv1,element,1,False,False,32,e5m2
87,layer3.shortcut.0,element,2,False,False,32,e5m2
87,layer1.conv2,element,1,False,False,32,e5m2
87,layer3.conv1,element,3,False,False,32,e5m2
87,layer2.conv1,element,5,False,False,32,e5m2
87,layer1.conv1,element,5,False,False,32,e5m2
87,layer3.shortcut.0,element,0,False,False,32,e5m2
87,layer2.conv1,element,5,False,False,32,e5m2
87,layer2.shortcut.0,element,0,False,False,32,e5m2
87,layer2.shortcut.0,element,5,False,False,32,e5m2
87,layer2.conv1,element,1,False,False,32,e5m2
87,layer1.conv1,element,0,False,False,32,e5m2
87,layer1.conv2,element,0,False,False,32,e5m2
87,layer1.conv1,element,4,False,False,32,e5m2
87,layer3.conv1,element,2,False,False,32,e5m2
87,layer2.conv1,element,3,False,False,32,e5m2
87,layer3.conv1,element,0,False,False,32,e5m2
87,layer2.conv2,element,4,False,False,32,e5m2
87,layer1.conv2,element,7,False,False,32,e5m2
87,layer1.conv1,element,5,False,False,32,e5m2
87,layer3.conv2,element,6,False,False,32,e5m2
87,layer3.shortcut.0,element,3,False,False,32,e5m2
87,layer3.shortcut.0,element,3,False,False,32,e5m2
87,layer1.conv1,element,7,False,False,32,e5m2
55,conv1,scale,5,False,False,32,e5m2
55,layer1.conv1,element,6,False,False,32,e5m2
55,layer2.conv1,element,6,False,False,32,e5m2
55,layer1.conv2,element,3,False,False,32,e5m2
55,layer1.conv2,element,0,False,False,32,e5m2
55,layer2.shortcut.0,scale,4,False,False,32,e5m2
55,layer1.conv1,element,6,False,False,32,e5m2
55,layer1.conv2,element,4,False,False,32,e5m2
55,layer3.shortcut.0,element,3,False,False,32,e5m2
55,layer3.conv1,element,4,False,False,32,e5m2
55,layer2.shortcut.0,element,6,False,False,32,e5m2
55,layer2.conv2,element,2,False,False,32,e5m2
55,layer3.conv1,element,5,False,False,32,e5m2
55,layer2.conv1,element,0,False,False,32,e5m2
55,layer2.conv1,element,2,True,True,32,e5m2
55,layer1.conv1,scale,5,False,False,32,e5m2
55,layer2.conv2,element,5,False,False,32,e5m2
55,layer2.conv1,element,1,False,False,32,e5m2
55,layer2.shortcut.0,element,0,False,False,32,e5m2
55,layer1.conv1,element,3,False,False,32,e5m2
55,layer1.conv1,element,4,True,True,32,e5m2
55,layer2.shortcut.0,element,0,False,False,32,e5m2
55,layer2.shortcut.0,scale,2,False,False,32,e5m2
55,layer1.conv1,element,2,False,False,32,e5m2
55,layer2.shortcut.0,element,0,False,False,32,e5m2
55,layer3.shortcut.0,element,7,False,False,32,e5m2
55,layer1.conv2,scale,7,True,True,32,e5m2
55,layer1.conv1,scale,7,True,True,32,e5m2
55,layer1.conv2,element,5,False,False,32,e5m2
55,layer2.conv1,element,4,False,False,32,e5m2
55,layer1.conv2,element,5,False,False,32,e5m2
55,layer1.conv2,element,0,False,False,32,e5m2
55,layer1.conv2,element,2,False,False,32,e5m2
55,layer2.conv2,element,7,False,False,32,e5m2
55,layer2.shortcut.0,element,5,False,False,32,e5m2
55,layer3.conv1,element,4,False,False,32,e5m2
55,layer3.shortcut.0,element,2,False,False,32,e5m2
55,layer1.conv1,element,7,False,False,32,e5m2
55,layer2.shortcut.0,element,5,False,False,32,e5m2
55,layer2.shortcut.0,element,4,False,False,32,e5m2
88,layer2.shortcut.0,element,1,False,False,32,e5m2
88,layer1.conv1,element,5,False,False,32,e5m2
88,layer3.shortcut.0,element,6,False,False,32,e5m2
88,layer2.shortcut.0,element,7,False,False,32,e5m2
88,layer1.conv1,element,3,False,False,32,e5m2
88,layer2.conv2,element,3,True,True,32,e5m2
88,layer2.shortcut.0,element,2,False,False,32,e5m2
88,layer1.conv2,element,4,False,False,32,e5m2
88,layer1.conv2,element,1,False,False,32,e5m2
88,conv1,scale,3,False,False,32,e5m2
88,layer1.conv2,element,5,False,False,32,e5m2
88,layer2.conv1,element,1,False,False,32,e5m2
88,layer2.conv1,element,4,False,False,32,e5m2
88,layer2.conv2,element,0,False,False,32,e5m2
88,layer1.conv2,element,7,False,False,32,e5m2
88,fc,element,7,False,False,32,e5m2
88,layer1.conv1,element,3,False,False,32,e5m2
88,layer2.conv2,element,7,False,False,32,e5m2
88,layer2.shortcut.0,element,0,False,False,32,e5m2
88,layer1.conv1,element,1,False,False,32,e5m2
88,layer3.shortcut.0,element,0,False,False,32,e5m2
88,layer2.shortcut.0,element,7,False,False,32,e5m2
88,layer1.conv1,element,6,False,False,32,e5m2
88,layer1.conv1,element,6,False,False,32,e5m2
88,layer3.shortcut.0,element,0,False,False,32,e5m2
88,conv1,scale,2,True,False,32,e5m2
88,layer3.shortcut.0,element,3,False,False,32,e5m2
88,layer2.conv1,scale,3,False,False,32,e5m2
88,layer3.conv1,element,6,False,False,32,e5m2
88,layer1.conv2,scale,2,False,False,32,e5m2
88,layer3.conv1,element,6,False,False,32,e5m2
88,layer2.conv1,element,5,False,False,32,e5m2
88,layer3.shortcut.0,element,5,False,False,32,e5m2
88,layer2.conv1,element,2,False,False,32,e5m2
88,layer1.conv1,element,2,False,False,32,e5m2
88,layer2.shortcut.0,element,5,False,False,32,e5m2
88,layer1.conv2,element,1,False,False,32,e5m2
88,layer1.conv1,element,6,False,False,32,e5m2
88,layer1.conv1,element,0,False,False,32,e5m2
88,layer1.conv1,element,7,False,False,32,e5m2
56,layer2.conv1,scale,3,False,False,32,e5m2
56,conv1,element,4,False,False,32,e5m2
56,layer2.shortcut.0,scale,1,False,False,32,e5m2
56,layer2.conv1,element,4,False,False,32,e5m2
56,layer3.conv1,element,2,False,False,32,e5m2
56,layer2.shortcut.0,element,5,False,False,32,e5m2
56,layer2.conv2,element,3,False,False,32,e5m2
56,layer1.conv1,scale,5,True,False,32,e5m2
56,layer1.conv1,element,0,False,False,32,e5m2
56,layer3.conv1,element,6,False,False,32,e5m2
56,layer1.conv2,element,7,False,False,32,e5m2
56,layer2.shortcut.0,element,2,False,False,32,e5m2
56,layer2.shortcut.0,element,6,False,False,32,e5m2
56,layer3.conv1,element,5,False,False,32,e5m2
56,layer3.conv1,element,4,False,False,32,e5m2
56,layer2.conv1,element,2,False,False,32,e5m2
56,layer2.shortcut.0,element,3,False,False,32,e5m2
56,layer2.shortcut.0,element,5,False,False,32,e5m2
56,layer1.conv2,element,1,False,False,32,e5m2
56,layer3.conv1,element,3,False,False,32,e5m2
56,layer2.conv2,element,2,False,False,32,e5m2
56,layer2.shortcut.0,element,2,False,False,32,e5m2
56,layer2.shortcut.0,element,2,False,False,32,e5m2
56,layer2.conv2,element,6,False,False,32,e5m2
56,layer2.conv1,element,7,False,False,32,e5m2
56,layer3.shortcut.0,element,4,False,False,32,e5m2
56,layer2.conv2,element,3,False,False,32,e5m2
56,layer1.conv1,element,1,False,False,32,e5m2
56,layer2.conv1,element,2,True,True,32,e5m2
56,layer1.conv1,element,2,False,False,32,e5m2
56,layer1.conv1,element,7,False,False,32,e5m2
56,layer1.conv2,element,1,False,False,32,e5m2
56,layer2.conv2,element,2,False,False,32,e5m2
56,layer1.conv2,element,7,False,False,32,e5m2
56,layer2.conv2,element,1,False,False,32,e5m2
56,layer3.conv1,element,2,False,False,32,e5m2
56,layer2.conv1,element,2,False,False,32,e5m2
56,layer3.conv2,element,0,False,False,32,e5m2
56,layer3.conv1,element,7,False,False,32,e5m2
56,layer1.conv2,element,6,False,False,32,e5m2
3,conv1,element,4,False,False,32,e5m2
3,layer2.conv1,element,3,False,False,32,e5m2
3,layer2.conv1,element,6,False,False,32,e5m2
3,layer2.conv1,element,1,False,False,32,e5m2
3,layer2.shortcut.0,element,1,False,False,32,e5m2
3,layer2.shortcut.0,element,6,False,False,32,e5m2
3,layer2.conv1,element,2,False,False,32,e5m2
3,layer1.conv2,element,0,False,False,32,e5m2
3,layer2.shortcut.0,scale,5,False,False,32,e5m2
3,layer3.shortcut.0,element,1,False,False,32,e5m2
3,layer2.conv1,element,1,False,False,32,e5m2
3,layer1.conv2,element,7,False,False,32,e5m2
3,layer2.conv2,element,4,False,False,32,e5m2
3,layer1.conv1,element,5,False,False,32,e5m2
3,layer1.conv1,element,1,False,False,32,e5m2
3,layer1.conv1,element,1,False,False,32,e5m2
3,layer3.shortcut.0,element,5,False,False,32,e5m2
3,layer2.conv1,element,1,False,False,32,e5m2
3,layer3.conv1,element,5,False,False,32,e5m2
3,layer1.conv1,scale,3,True,False,32,e5m2
3,layer1.conv2,element,1,False,False,32,e5m2
3,layer3.shortcut.0,element,4,False,False,32,e5m2
3,layer1.conv2,element,7,False,False,32,e5m2
3,layer1.conv1,element,5,False,False,32,e5m2
3,layer2.conv1,element,3,False,False,32,e5m2
3,layer2.shortcut.0,element,1,False,False,32,e5m2
3,layer1.conv2,element,1,False,False,32,e5m2
3,layer2.conv2,element,5,False,False,32,e5m2
3,layer2.shortcut.0,element,6,False,False,32,e5m2
3,layer1.conv1,element,6,False,False,32,e5m2
3,layer1.conv2,element,2,False,False,32,e5m2
3,layer1.conv2,element,0,False,False,32,e5m2
3,layer2.conv2,element,6,False,False,32,e5m2
3,layer1.conv2,element,0,False,False,32,e5m2
3,layer1.conv1,element,4,False,False,32,e5m2
3,layer2.shortcut.0,element,7,False,False,32,e5m2
3,layer3.conv2,element,3,False,False,32,e5m2
3,layer1.conv1,element,4,True,True,32,e5m2
3,layer1.conv1,element,7,False,False,32,e5m2
3,layer3.conv1,element,5,False,False,32,e5m2
95,layer1.conv2,element,1,False,False,32,e5m2
95,layer2.conv1,element,5,False,False,32,e5m2
95,layer3.shortcut.0,element,0,False,False,32,e5m2
95,conv1,element,4,False,False,32,e5m2
95,conv1,element,0,False,False,32,e5m2
95,layer1.conv2,element,5,False,False,32,e5m2
95,layer2.shortcut.0,element,1,False,False,32,e5m2
95,layer2.conv1,scale,4,False,False,32,e5m2
95,layer3.conv1,element,5,False,False,32,e5m2
95,layer1.conv1,element,1,False,False,32,e5m2
95,layer1.conv2,element,6,False,False,32,e5m2
95,layer2.shortcut.0,element,4,False,False,32,e5m2
95,conv1,element,1,False,False,32,e5m2
95,layer2.conv1,element,4,False,False,32,e5m2
95,conv1,scale,1,False,False,32,e5m2
95,layer2.shortcut.0,element,6,False,False,32,e5m2
95,layer3.conv2,element,4,False,False,32,e5m2
95,layer1.conv2,element,4,False,False,32,e5m2
95,layer2.conv2,element,7,False,False,32,e5m2
95,layer2.conv1,element,1,False,False,32,e5m2
95,layer2.conv1,element,7,False,False,32,e5m2
95,layer2.conv2,element,4,False,False,32,e5m2
95,layer2.shortcut.0,element,7,False,False,32,e5m2
95,layer2.conv2,scale,5,False,False,32,e5m2
95,layer1.conv1,element,6,False,False,32,e5m2
95,layer1.conv2,element,6,False,False,32,e5m2
95,layer2.shortcut.0,element,4,False,False,32,e5m2
95,layer3.shortcut.0,element,4,False,False,32,e5m2
95,layer1.conv2,element,0,False,False,32,e5m2
95,layer2.conv2,element,4,False,False,32,e5m2
95,layer2.shortcut.0,element,2,False,False,32,e5m2
95,layer2.shortcut.0,element,3,False,False,32,e5m2
95,layer3.shortcut.0,element,6,False,False,32,e5m2
95,layer3.conv1,element,4,False,False,32,e5m2
95,layer1.conv2,element,3,False,False,32,e5m2
95,layer1.conv2,element,3,False,False,32,e5m2
95,layer2.conv1,element,6,False,False,32,e5m2
95,layer1.conv1,element,3,False,False,32,e5m2
95,layer2.shortcut.0,element,0,False,False,32,e5m2
95,layer2.conv2,element,5,False,False,32,e5m2
62,layer1.conv1,element,4,False,False,32,e5m2
62,layer1.conv2,element,0,False,False,32,e5m2
62,layer1.conv2,element,3,True,True,32,e5m2
62,layer1.conv2,element,7,False,False,32,e5m2
62,layer1.conv2,element,7,False,False,32,e5m2
62,layer2.conv1,element,2,False,False,32,e5m2
62,layer2.conv2,element,2,False,False,32,e5m2
62,layer1.conv1,element,2,True,True,32,e5m2
62,layer2.conv2,element,0,False,False,32,e5m2
62,layer1.conv2,element,6,False,False,32,e5m2
62,layer1.conv1,element,4,False,False,32,e5m2
62,layer2.shortcut.0,element,7,False,False,32,e5m2
62,conv1,element,7,False,False,32,e5m2
62,layer1.conv1,element,6,False,False,32,e5m2
62,layer2.shortcut.0,scale,5,False,False,32,e5m2
62,layer2.conv2,element,1,False,False,32,e5m2
62,layer2.shortcut.0,element,4,False,False,32,e5m2
62,layer1.conv1,element,7,False,False,32,e5m2
62,layer1.conv2,element,4,False,False,32,e5m2
62,layer2.shortcut.0,element,5,False,False,32,e5m2
62,layer1.conv2,element,2,False,False,32,e5m2
62,layer2.shortcut.0,element,6,False,False,32,e5m2
62,layer1.conv2,element,2,False,False,32,e5m2
62,conv1,element,7,False,False,32,e5m2
62,layer3.conv1,element,3,False,False,32,e5m2
62,layer3.conv2,element,5,False,False,32,e5m2
62,layer3.shortcut.0,element,1,False,False,32,e5m2
62,layer2.shortcut.0,element,6,False,False,32,e5m2
62,layer2.conv2,element,4,False,False,32,e5m2
62,layer2.shortcut.0,element,4,False,False,32,e5m2
62,layer3.conv2,element,6,False,False,32,e5m2
62,layer3.conv1,element,7,False,False,32,e5m2
62,layer2.conv2,element,4,False,False,32,e5m2
62,layer2.conv1,element,1,False,False,32,e5m2
62,layer1.conv2,element,4,False,False,32,e5m2
62,layer2.shortcut.0,element,3,False,False,32,e5m2
62,layer2.conv1,element,3,True,True,32,e5m2
62,layer2.shortcut.0,element,6,False,False,32,e5m2
62,layer2.conv2,element,6,False,False,32,e5m2
62,layer2.conv2,element,6,False,False,32,e5m2
15,layer3.conv1,element,6,False,False,32,e5m2
15,layer1.conv2,element,6,False,False,32,e5m2
15,layer2.conv1,element,0,False,False,32,e5m2
15,layer1.conv2,element,1,False,False,32,e5m2
15,layer1.conv2,element,6,False,False,32,e5m2
15,layer2.shortcut.0,element,6,False,False,32,e5m2
15,layer1.conv2,element,3,False,False,32,e5m2
15,layer3.conv1,element,3,False,False,32,e5m2
15,layer1.conv2,element,1,False,False,32,e5m2
15,layer1.conv2,element,0,False,False,32,e5m2
15,layer1.conv1,element,6,False,False,32,e5m2
15,layer2.conv1,element,4,False,False,32,e5m2
15,layer3.conv2,element,1,False,False,32,e5m2
15,layer3.shortcut.0,element,0,False,False,32,e5m2
15,layer2.shortcut.0,element,4,False,False,32,e5m2
15,layer1.conv1,element,0,False,False,32,e5m2
15,layer3.shortcut.0,element,4,False,False,32,e5m2
15,layer2.conv1,element,7,False,False,32,e5m2
15,layer1.conv2,element,0,False,False,32,e5m2
15,conv1,scale,1,False,False,32,e5m2
15,layer2.conv2,element,7,False,False,32,e5m2
15,layer3.conv1,element,5,False,False,32,e5m2
15,layer2.conv2,element,7,False,False,32,e5m2
15,layer1.conv1,element,5,False,False,32,e5m2
15,layer1.conv1,element,1,False,False,32,e5m2
15,layer2.conv1,element,1,False,False,32,e5m2
15,layer2.shortcut.0,element,3,False,False,32,e5m2
15,layer1.conv2,element,6,False,False,32,e5m2
15,layer2.conv2,element,4,False,False,32,e5m2
15,layer2.shortcut.0,element,1,False,False,32,e5m2
15,layer2.shortcut.0,element,0,False,False,32,e5m2
15,layer2.conv1,element,0,False,False,32,e5m2
15,layer2.conv1,element,0,False,False,32,e5m2
15,layer2.shortcut.0,element,4,False,False,32,e5m2
15,layer1.conv2,element,0,False,False,32,e5m2
15,layer1.conv1,element,4,False,False,32,e5m2
15,layer3.conv2,element,0,False,False,32,e5m2
15,layer2.conv1,element,7,False,False,32,e5m2
15,layer3.shortcut.0,element,2,False,False,32,e5m2
15,layer1.conv1,element,7,False,False,32,e5m2
75,layer2.conv1,element,3,False,False,32,e5m2
75,layer2.conv2,element,5,False,False,32,e5m2
75,layer2.shortcut.0,element,3,False,False,32,e5m2
75,layer2.shortcut.0,element,3,False,False,32,e5m2
75,layer2.shortcut.0,element,2,False,False,32,e5m2
75,layer2.conv2,element,5,False,False,32,e5m2
75,layer2.conv1,element,5,False,False,32,e5m2
75,layer2.shortcut.0,element,5,False,False,32,e5m2
75,layer2.conv1,element,1,False,False,32,e5m2
75,layer2.conv1,element,5,False,False,32,e5m2
75,layer2.conv1,element,0,False,False,32,e5m2
75,layer2.conv1,element,0,False,False,32,e5m2
75,layer2.conv1,element,2,False,False,32,e5m2
75,layer2.conv1,element,7,False,False,32,e5m2
75,layer3.conv2,element,7,False,False,32,e5m2
75,layer2.shortcut.0,element,6,False,False,32,e5m2
75,layer1.conv1,element,4,False,False,32,e5m2
75,layer3.shortcut.0,element,1,False,False,32,e5m2
75,layer1.conv1,element,4,False,False,32,e5m2
75,layer1.conv1,element,0,False,False,32,e5m2
75,layer2.shortcut.0,element,3,False,False,32,e5m2
75,layer2.conv1,scale,0,False,False,32,e5m2
75,conv1,element,5,False,False,32,e5m2
75,layer1.conv2,element,6,False,False,32,e5m2
75,layer1.conv2,element,7,False,False,32,e5m2
75,layer2.conv1,element,3,False,False,32,e5m2
75,layer2.shortcut.0,element,1,False,False,32,e5m2
75,layer2.shortcut.0,element,4,False,False,32,e5m2
75,layer3.conv1,element,6,False,False,32,e5m2
75,layer2.shortcut.0,element,6,False,False,32,e5m2
75,layer1.conv2,element,7,False,False,32,e5m2
75,layer1.conv1,element,4,True,True,32,e5m2
75,layer3.shortcut.0,element,4,False,False,32,e5m2
75,layer2.shortcut.0,element,6,False,False,32,e5m2
75,layer2.shortcut.0,element,6,False,False,32,e5m2
75,layer2.conv1,element,4,True,True,32,e5m2
75,layer2.conv2,scale,3,True,False,32,e5m2
75,layer3.shortcut.0,element,2,False,False,32,e5m2
75,layer1.conv1,element,4,False,False,32,e5m2
75,layer1.conv1,element,0,False,False,32,e5m2
50,layer2.conv1,scale,3,True,False,32,e5m2
50,layer1.conv1,element,1,False,False,32,e5m2
50,layer1.conv1,element,7,False,False,32,e5m2
50,layer2.shortcut.0,element,4,False,False,32,e5m2
50,layer1.conv1,element,4,False,False,32,e5m2
50,layer3.shortcut.0,element,6,False,False,32,e5m2
50,layer2.conv1,element,5,False,False,32,e5m2
50,layer1.conv1,element,7,False,False,32,e5m2
50,layer2.conv2,element,4,False,False,32,e5m2
50,layer1.conv2,element,2,False,False,32,e5m2
50,layer1.conv2,element,0,False,False,32,e5m2
50,layer3.shortcut.0,element,5,False,False,32,e5m2
50,layer2.shortcut.0,element,4,True,True,32,e5m2
50,layer2.shortcut.0,element,2,False,False,32,e5m2
50,layer2.conv1,element,4,False,False,32,e5m2
50,layer3.conv2,element,2,False,False,32,e5m2
50,layer1.conv2,element,2,False,False,32,e5m2
50,layer3.conv1,element,1,False,False,32,e5m2
50,layer1.conv2,element,2,False,False,32,e5m2
50,layer1.conv2,element,0,False,False,32,e5m2
50,layer1.conv2,element,4,False,False,32,e5m2
50,layer2.shortcut.0,element,4,False,False,32,e5m2
50,layer1.conv2,element,6,False,False,32,e5m2
50,layer3.conv1,element,4,True,True,32,e5m2
50,layer1.conv1,element,6,False,False,32,e5m2
50,layer2.conv1,element,5,False,False,32,e5m2
50,layer2.conv1,scale,2,False,False,32,e5m2
50,layer1.conv1,scale,4,False,False,32,e5m2
50,layer2.conv2,element,4,False,False,32,e5m2
50,layer2.shortcut.0,element,3,False,False,32,e5m2
50,layer3.conv1,element,1,False,False,32,e5m2
50,layer2.conv2,element,6,False,False,32,e5m2
50,layer3.shortcut.0,element,3,False,False,32,e5m2
50,layer2.shortcut.0,element,4,False,False,32,e5m2
50,layer1.conv1,element,2,False,False,32,e5m2
50,conv1,element,0,False,False,32,e5m2
50,layer2.conv2,element,7,False,False,32,e5m2
50,layer2.conv2,element,0,False,False,32,e5m2
50,layer1.conv2,element,0,False,False,32,e5m2
50,layer1.conv2,element,6,False,False,32,e5m2
10,layer2.shortcut.0,element,5,False,False,32,e5m2
10,layer1.conv2,element,0,False,False,32,e5m2
10,layer1.conv2,element,3,False,False,32,e5m2
10,layer2.shortcut.0,element,5,False,False,32,e5m2
10,layer1.conv2,element,6,False,False,32,e5m2
10,layer3.shortcut.0,element,7,False,False,32,e5m2
10,layer1.conv1,element,5,False,False,32,e5m2
10,layer2.shortcut.0,element,2,False,False,32,e5m2
10,layer2.conv1,element,5,False,False,32,e5m2
10,layer3.shortcut.0,element,0,False,False,32,e5m2
10,layer1.conv1,scale,5,False,False,32,e5m2
10,layer2.conv2,element,4,False,False,32,e5m2
10,layer2.conv1,element,4,False,False,32,e5m2
10,layer3.conv1,element,0,False,False,32,e5m2
10,layer2.conv1,element,4,False,False,32,e5m2
10,layer3.conv1,element,6,False,False,32,e5m2
10,layer1.conv2,element,0,False,False,32,e5m2
10,layer2.shortcut.0,element,1,False,False,32,e5m2
10,layer2.shortcut.0,element,5,False,False,32,e5m2
10,layer2.shortcut.0,element,7,False,False,32,e5m2
10,layer3.conv1,element,0,False,False,32,e5m2
10,layer2.conv1,element,0,False,False,32,e5m2
10,layer2.conv1,element,2,False,False,32,e5m2
10,layer1.conv1,element,2,False,False,32,e5m2
10,layer3.conv1,element,7,False,False,32,e5m2
10,layer2.conv1,element,3,True,True,32,e5m2
10,layer1.conv1,element,1,False,False,32,e5m2
10,layer2.shortcut.0,element,1,False,False,32,e5m2
10,layer1.conv1,element,3,False,False,32,e5m2
10,layer1.conv2,element,6,False,False,32,e5m2
10,layer1.conv2,element,0,False,False,32,e5m2
10,layer1.conv2,element,5,False,False,32,e5m2
10,layer2.shortcut.0,element,5,False,False,32,e5m2
10,layer1.conv1,element,5,False,False,32,e5m2
10,layer2.conv1,element,4,False,False,32,e5m2
10,layer3.shortcut.0,element,1,False,False,32,e5m2
10,layer3.conv1,element,3,False,False,32,e5m2
10,layer2.shortcut.0,element,2,False,False,32,e5m2
10,layer2.conv1,element,1,False,False,32,e5m2
10,layer3.conv1,element,4,False,False,32,e5m2
84,layer2.shortcut.0,element,2,False,False,32,e5m2
84,layer1.conv1,element,0,False,False,32,e5m2
84,layer1.conv1,scale,2,False,False,32,e5m2
84,layer2.conv1,element,4,False,False,32,e5m2
84,layer2.shortcut.0,element,7,False,False,32,e5m2
84,layer1.conv2,element,0,False,False,32,e5m2
84,layer3.conv2,element,0,False,False,32,e5m2
84,layer3.conv1,element,5,False,False,32,e5m2
84,layer1.conv2,element,1,False,False,32,e5m2
84,layer1.conv1,element,1,False,False,32,e5m2
84,layer2.conv1,element,6,False,False,32,e5m2
84,layer3.conv2,element,0,False,False,32,e5m2
84,layer2.shortcut.0,element,2,False,False,32,e5m2
84,layer1.conv1,element,2,False,False,32,e5m2
84,layer3.conv1,element,2,False,False,32,e5m2
84,layer1.conv2,element,5,False,False,32,e5m2
84,layer2.conv1,element,6,False,False,32,e5m2
84,layer2.conv1,element,7,False,False,32,e5m2
84,layer2.shortcut.0,element,6,False,False,32,e5m2
84,layer2.conv2,element,7,False,False,32,e5m2
84,layer1.conv1,element,1,False,False,32,e5m2
84,layer1.conv2,element,5,False,False,32,e5m2
84,layer2.conv1,element,3,False,False,32,e5m2
84,layer1.conv2,element,6,False,False,32,e5m2
84,layer2.shortcut.0,element,1,False,False,32,e5m2
84,layer2.shortcut.0,element,5,False,False,32,e5m2
84,layer2.shortcut.0,element,3,False,False,32,e5m2
84,layer1.conv2,element,7,False,False,32,e5m2
84,layer2.conv1,element,6,False,False,32,e5m2
84,layer1.conv2,element,7,False,False,32,e5m2
84,conv1,element,4,False,False,32,e5m2
84,layer1.conv1,element,3,False,False,32,e5m2
84,layer2.shortcut.0,element,5,False,False,32,e5m2
84,layer1.conv2,element,5,False,False,32,e5m2
84,layer1.conv2,element,1,False,False,32,e5m2
84,layer1.conv1,element,7,False,False,32,e5m2
84,layer2.conv2,element,3,False,False,32,e5m2
84,layer2.conv2,element,6,False,False,32,e5m2
84,layer1.conv2,element,4,False,False,32,e5m2
84,layer3.shortcut.0,element,0,False,False,32,e5m2
33,layer3.shortcut.0,element,0,False,False,32,e5m2
33,layer2.shortcut.0,element,1,False,False,32,e5m2
33,layer2.shortcut.0,element,7,False,False,32,e5m2
33,layer1.conv2,element,0,False,False,32,e5m2
33,layer2.conv1,element,6,False,False,32,e5m2
33,layer2.shortcut.0,element,6,False,False,32,e5m2
33,layer2.shortcut.0,element,7,False,False,32,e5m2
33,layer1.conv1,element,7,False,False,32,e5m2
33,layer3.shortcut.0,element,1,False,False,32,e5m2
33,layer3.conv1,element,4,False,False,32,e5m2
33,layer1.conv1,element,5,True,False,32,e5m2
33,layer1.conv1,element,0,True,False,32,e5m2
33,layer2.shortcut.0,element,3,True,True,32,e5m2
33,layer1.conv2,element,3,True,False,32,e5m2
33,layer1.conv1,element,1,True,False,32,e5m2
33,layer1.conv1,element,2,False,False,32,e5m2
33,layer3.conv1,element,3,False,False,32,e5m2
33,layer2.conv1,element,1,False,False,32,e5m2
33,layer3.shortcut.0,element,5,False,False,32,e5m2
33,layer2.conv1,element,1,False,False,32,e5m2
33,layer2.conv1,scale,7,True,True,32,e5m2
33,layer1.conv1,element,5,False,False,32,e5m2
33,layer1.conv1,element,2,False,False,32,e5m2
33,layer3.shortcut.0,element,0,False,False,32,e5m2
33,layer2.shortcut.0,element,2,False,False,32,e5m2
33,layer1.conv2,element,6,False,False,32,e5m2
33,layer2.shortcut.0,element,1,False,False,32,e5m2
33,layer2.shortcut.0,element,3,False,False,32,e5m2
33,layer1.conv1,element,3,True,True,32,e5m2
33,layer2.shortcut.0,element,4,False,False,32,e5m2
33,conv1,element,0,True,False,32,e5m2
33,layer2.shortcut.0,element,7,False,False,32,e5m2
33,layer1.conv2,element,0,False,False,32,e5m2
33,layer2.conv1,element,0,False,False,32,e5m2
33,layer3.conv1,element,6,False,False,32,e5m2
33,layer1.conv1,element,5,False,False,32,e5m2
33,layer1.conv2,element,3,True,False,32,e5m2
33,layer2.conv1,element,6,False,False,32,e5m2
33,layer3.conv2,element,3,False,False,32,e5m2
33,layer1.conv1,element,4,True,False,32,e5m2
48,layer2.shortcut.0,element,3,False,False,32,e5m2
48,layer3.conv2,element,0,False,False,32,e5m2
48,layer3.shortcut.0,element,2,False,False,32,e5m2
48,layer2.shortcut.0,element,2,False,False,32,e5m2
48,layer3.conv2,element,2,False,False,32,e5m2
48,layer2.conv2,element,4,False,False,32,e5m2
48,conv1,element,1,False,False,32,e5m2
48,layer3.conv1,element,5,False,False,32,e5m2
48,layer2.conv1,element,5,True,False,32,e5m2
48,layer1.conv1,element,0,True,False,32,e5m2
48,layer2.conv1,element,4,True,False,32,e5m2
48,conv1,element,1,True,False,32,e5m2
48,layer1.conv1,element,5,False,False,32,e5m2
48,layer1.conv1,element,6,False,False,32,e5m2
48,layer2.shortcut.0,element,4,False,False,32,e5m2
48,layer3.conv1,element,4,False,False,32,e5m2
48,layer1.conv2,element,2,True,True,32,e5m2
48,layer1.conv2,element,0,False,False,32,e5m2
48,layer2.conv1,element,1,True,False,32,e5m2
48,layer2.shortcut.0,element,6,False,False,32,e5m2
48,layer1.conv2,element,7,True,False,32,e5m2
48,layer2.shortcut.0,element,7,False,False,32,e5m2
48,layer2.shortcut.0,element,4,False,False,32,e5m2
48,layer1.conv1,element,1,True,False,32,e5m2
48,layer1.conv2,element,3,True,False,32,e5m2
48,layer3.conv2,element,5,False,False,32,e5m2
48,layer3.shortcut.0,element,4,False,False,32,e5m2
48,layer1.conv2,element,3,False,False,32,e5m2
48,layer1.conv2,element,3,False,False,32,e5m2
48,layer1.conv2,element,3,False,False,32,e5m2
48,layer1.conv1,element,5,False,False,32,e5m2
48,layer3.shortcut.0,element,2,False,False,32,e5m2
48,layer2.shortcut.0,element,1,False,False,32,e5m2
48,layer2.shortcut.0,element,7,False,False,32,e5m2
48,layer3.conv1,element,7,False,False,32,e5m2
48,layer1.conv2,element,7,False,False,32,e5m2
48,layer1.conv1,element,5,False,False,32,e5m2
48,layer1.conv1,element,3,True,True,32,e5m2
48,layer3.shortcut.0,element,3,False,False,32,e5m2
48,layer3.conv1,element,0,True,False,32,e5m2
45,layer1.conv2,element,6,False,False,32,e5m2
45,layer2.conv2,element,6,False,False,32,e5m2
45,layer1.conv2,element,2,False,False,32,e5m2
45,layer1.conv2,element,0,False,False,32,e5m2
45,layer1.conv2,element,4,False,False,32,e5m2
45,layer2.shortcut.0,element,1,False,False,32,e5m2
45,layer1.conv1,element,5,False,False,32,e5m2
45,layer1.conv1,element,1,False,False,32,e5m2
45,layer2.shortcut.0,element,6,False,False,32,e5m2
45,layer3.shortcut.0,element,7,False,False,32,e5m2
45,layer3.shortcut.0,element,0,False,False,32,e5m2
45,layer2.shortcut.0,element,3,False,False,32,e5m2
45,layer1.conv1,element,7,False,False,32,e5m2
45,layer2.conv1,element,1,False,False,32,e5m2
45,layer2.shortcut.0,scale,7,False,False,32,e5m2
45,layer2.conv1,element,4,False,False,32,e5m2
45,layer3.conv2,element,0,False,False,32,e5m2
45,layer2.shortcut.0,element,0,False,False,32,e5m2
45,layer2.conv2,element,7,False,False,32,e5m2
45,layer2.conv1,element,2,True,True,32,e5m2
45,layer1.conv2,element,4,False,False,32,e5m2
45,conv1,element,1,False,False,32,e5m2
45,layer1.conv1,scale,4,False,False,32,e5m2
45,layer1.conv1,element,3,False,False,32,e5m2
45,layer3.shortcut.0,element,2,False,False,32,e5m2
45,layer1.conv2,element,5,False,False,32,e5m2
45,layer2.conv1,element,3,False,False,32,e5m2
45,layer3.conv1,element,0,False,False,32,e5m2
45,conv1,element,2,False,False,32,e5m2
45,layer2.shortcut.0,element,0,False,False,32,e5m2
45,layer1.conv1,scale,5,False,False,32,e5m2
45,layer2.shortcut.0,element,6,False,False,32,e5m2
45,layer3.shortcut.0,element,3,False,False,32,e5m2
45,layer3.conv1,element,6,False,False,32,e5m2
45,layer2.shortcut.0,element,7,False,False,32,e5m2
45,layer3.conv1,element,3,True,True,32,e5m2
45,layer2.shortcut.0,element,0,False,False,32,e5m2
45,layer1.conv1,element,6,False,False,32,e5m2
45,layer2.conv1,element,1,False,False,32,e5m2
45,layer3.conv1,element,2,True,True,32,e5m2
24,layer3.conv1,element,1,False,False,32,e5m2
24,layer2.shortcut.0,scale,0,False,False,32,e5m2
24,layer1.conv2,element,4,False,False,32,e5m2
24,layer3.conv1,element,6,False,False,32,e5m2
24,conv1,scale,1,False,False,32,e5m2
24,layer2.conv1,element,4,False,False,32,e5m2
24,layer1.conv1,element,5,False,False,32,e5m2
24,layer2.conv2,element,6,False,False,32,e5m2
24,layer2.shortcut.0,element,5,False,False,32,e5m2
24,layer1.conv2,element,5,False,False,32,e5m2
24,layer1.conv2,element,4,False,False,32,e5m2
24,layer3.conv2,element,7,False,False,32,e5m2
24,layer1.conv1,element,7,False,False,32,e5m2
24,layer1.conv2,element,1,False,False,32,e5m2
24,layer1.conv1,element,3,False,False,32,e5m2
24,layer1.conv1,element,5,False,False,32,e5m2
24,layer2.conv1,element,2,True,True,32,e5m2
24,layer3.conv2,element,5,False,False,32,e5m2
24,layer1.conv2,element,4,False,False,32,e5m2
24,layer2.shortcut.0,element,5,False,False,32,e5m2
24,layer2.conv2,element,4,False,False,32,e5m2
24,layer1.conv1,element,5,False,False,32,e5m2
24,layer1.conv2,element,4,False,False,32,e5m2
24,conv1,element,3,False,False,32,e5m2
24,layer3.shortcut.0,scale,6,False,False,32,e5m2
24,layer1.conv1,element,3,False,False,32,e5m2
24,layer2.conv1,element,4,False,False,32,e5m2
24,layer1.conv2,element,3,False,False,32,e5m2
24,layer2.conv2,element,0,False,False,32,e5m2
24,layer2.shortcut.0,element,1,False,False,32,e5m2
24,layer3.shortcut.0,element,2,False,False,32,e5m2
24,conv1,element,7,False,False,32,e5m2
24,layer2.conv2,element,4,False,False,32,e5m2
24,layer1.conv1,element,0,False,False,32,e5m2
24,layer2.shortcut.0,element,7,False,False,32,e5m2
24,layer2.conv2,element,4,False,False,32,e5m2
24,layer3.shortcut.0,element,5,False,False,32,e5m2
24,layer1.conv1,element,1,False,False,32,e5m2
24,layer3.conv1,element,7,False,False,32,e5m2
24,layer3.conv1,element,7,False,False,32,e5m2
13,layer3.conv1,element,6,False,False,32,e5m2
13,layer3.shortcut.0,element,6,False,False,32,e5m2
13,layer3.conv2,element,2,False,False,32,e5m2
13,layer3.conv1,element,6,False,False,32,e5m2
13,layer2.shortcut.0,element,1,False,False,32,e5m2
13,layer2.shortcut.0,element,6,False,False,32,e5m2
13,layer1.conv1,element,7,False,False,32,e5m2
13,conv1,scale,3,True,False,32,e5m2
13,layer2.conv1,element,5,False,False,32,e5m2
13,layer3.shortcut.0,element,5,False,False,32,e5m2
13,layer3.conv2,element,3,False,False,32,e5m2
13,layer2.conv1,element,6,False,False,32,e5m2
13,layer2.conv2,element,1,False,False,32,e5m2
13,layer1.conv2,element,3,False,False,32,e5m2
13,layer2.conv2,element,0,False,False,32,e5m2
13,layer1.conv1,element,4,False,False,32,e5m2
13,layer3.conv1,element,3,True,True,32,e5m2
13,layer1.conv2,element,3,False,False,32,e5m2
13,layer2.shortcut.0,element,0,False,False,32,e5m2
13,layer1.conv2,element,2,False,False,32,e5m2
13,layer3.conv1,element,4,False,False,32,e5m2
13,layer1.conv2,element,2,False,False,32,e5m2
13,layer2.conv1,element,4,False,False,32,e5m2
13,layer1.conv2,element,1,False,False,32,e5m2
13,layer2.shortcut.0,element,1,False,False,32,e5m2
13,layer2.shortcut.0,element,7,False,False,32,e5m2
13,layer1.conv1,element,5,False,False,32,e5m2
13,layer1.conv2,element,3,False,False,32,e5m2
13,layer2.shortcut.0,scale,6,False,False,32,e5m2
13,layer2.conv1,element,1,False,False,32,e5m2
13,layer1.conv1,element,7,False,False,32,e5m2
13,layer1.conv2,element,7,False,False,32,e5m2
13,layer2.conv2,element,7,False,False,32,e5m2
13,layer1.conv1,element,2,True,True,32,e5m2
13,layer1.conv2,element,6,False,False,32,e5m2
13,layer1.conv2,element,1,False,False,32,e5m2
13,conv1,element,7,False,False,32,e5m2
13,layer2.shortcut.0,element,2,False,False,32,e5m2
13,layer2.conv2,element,6,False,False,32,e5m2
13,layer1.conv1,element,4,False,False,32,e5m2
78,layer2.shortcut.0,element,4,False,False,32,e5m2
78,layer3.conv2,element,0,False,False,32,e5m2
78,layer1.conv2,element,4,False,False,32,e5m2
78,layer2.conv2,element,2,False,False,32,e5m2
78,layer2.conv1,element,7,False,False,32,e5m2
78,layer1.conv1,element,4,False,False,32,e5m2
78,layer2.shortcut.0,element,4,False,False,32,e5m2
78,layer2.shortcut.0,element,7,False,False,32,e5m2
78,layer2.conv1,element,1,False,False,32,e5m2
78,layer2.conv1,element,6,False,False,32,e5m2
78,layer2.conv1,element,3,False,False,32,e5m2
78,layer2.shortcut.0,scale,5,False,False,32,e5m2
78,layer3.shortcut.0,element,5,False,False,32,e5m2
78,layer3.shortcut.0,element,7,False,False,32,e5m2
78,layer2.conv2,element,7,False,False,32,e5m2
78,conv1,element,4,False,False,32,e5m2
78,layer1.conv1,element,1,False,False,32,e5m2
78,layer3.conv1,element,5,False,False,32,e5m2
78,layer1.conv1,element,1,False,False,32,e5m2
78,layer1.conv2,element,0,False,False,32,e5m2
78,layer3.conv1,element,7,False,False,32,e5m2
78,layer2.shortcut.0,element,6,False,False,32,e5m2
78,conv1,element,0,False,False,32,e5m2
78,layer1.conv2,element,4,False,False,32,e5m2
78,layer2.shortcut.0,element,0,False,False,32,e5m2
78,layer3.conv1,element,4,False,False,32,e5m2
78,layer3.conv1,element,4,False,False,32,e5m2
78,layer2.shortcut.0,element,6,False,False,32,e5m2
78,conv1,element,5,False,False,32,e5m2
78,layer1.conv2,element,4,False,False,32,e5m2
78,layer1.conv2,element,1,False,False,32,e5m2
78,layer1.conv2,element,6,False,False,32,e5m2
78,conv1,element,5,False,False,32,e5m2
78,layer1.conv1,element,7,False,False,32,e5m2
78,layer2.conv2,element,4,False,False,32,e5m2
78,layer2.conv1,element,7,False,False,32,e5m2
78,layer2.shortcut.0,element,6,False,False,32,e5m2
78,layer1.conv2,element,7,False,False,32,e5m2
78,layer3.conv1,element,2,False,False,32,e5m2
78,layer1.conv1,element,0,False,False,32,e5m2
57,layer2.shortcut.0,element,6,False,False,32,e5m2
57,layer2.shortcut.0,element,0,False,False,32,e5m2
57,layer1.conv2,element,7,False,False,32,e5m2
57,layer3.shortcut.0,element,2,False,False,32,e5m2
57,layer3.shortcut.0,element,5,False,False,32,e5m2
57,layer3.conv1,element,6,False,False,32,e5m2
57,layer2.shortcut.0,element,3,True,False,32,e5m2
57,layer2.conv1,element,4,False,False,32,e5m2
57,layer2.conv2,element,3,False,False,32,e5m2
57,layer2.shortcut.0,element,6,False,False,32,e5m2
57,layer2.shortcut.0,element,6,False,False,32,e5m2
57,layer1.conv1,element,3,False,False,32,e5m2
57,layer1.conv1,element,7,False,False,32,e5m2
57,layer1.conv2,element,5,False,False,32,e5m2
57,layer2.shortcut.0,element,6,False,False,32,e5m2
57,layer2.shortcut.0,element,3,False,False,32,e5m2
57,layer1.conv2,element,1,False,False,32,e5m2
57,layer2.conv2,scale,5,False,False,32,e5m2
57,layer1.conv1,element,4,False,False,32,e5m2
57,layer1.conv1,element,2,False,False,32,e5m2
57,layer2.conv1,element,6,False,False,32,e5m2
57,layer2.conv1,element,6,False,False,32,e5m2
57,layer2.shortcut.0,element,6,False,False,32,e5m2
57,layer3.conv1,element,4,False,False,32,e5m2
57,layer2.shortcut.0,element,2,False,False,32,e5m2
57,layer3.conv1,element,1,False,False,32,e5m2
57,layer1.conv1,element,5,False,False,32,e5m2
57,layer2.conv1,element,5,True,False,32,e5m2
57,layer3.conv2,element,0,False,False,32,e5m2
57,layer2.conv1,element,1,False,False,32,e5m2
57,layer2.shortcut.0,element,2,False,False,32,e5m2
57,layer1.conv1,element,2,False,False,32,e5m2
57,layer1.conv1,element,1,False,False,32,e5m2
57,layer3.conv2,element,3,False,False,32,e5m2
57,layer1.conv2,element,5,False,False,32,e5m2
57,layer2.shortcut.0,element,3,False,False,32,e5m2
57,layer2.shortcut.0,element,7,False,False,32,e5m2
57,layer2.conv2,element,1,False,False,32,e5m2
57,layer1.conv2,element,2,False,False,32,e5m2
57,layer2.conv1,element,0,False,False,32,e5m2
26,layer2.conv2,element,5,False,False,32,e5m2
26,layer1.conv2,element,2,False,False,32,e5m2
26,layer1.conv1,element,3,False,False,32,e5m2
26,layer2.shortcut.0,element,5,False,False,32,e5m2
26,layer2.conv1,element,3,False,False,32,e5m2
26,layer3.conv2,element,4,False,False,32,e5m2
26,layer1.conv2,element,5,False,False,32,e5m2
26,layer2.conv1,element,3,False,False,32,e5m2
26,layer2.conv2,element,0,False,False,32,e5m2
26,layer3.conv1,element,6,False,False,32,e5m2
26,layer3.shortcut.0,element,7,False,False,32,e5m2
26,layer1.conv1,element,6,False,False,32,e5m2
26,layer1.conv1,element,2,False,False,32,e5m2
26,layer2.conv1,element,4,False,False,32,e5m2
26,layer2.conv1,element,5,False,False,32,e5m2
26,layer1.conv1,element,2,False,False,32,e5m2
26,layer2.conv1,element,1,False,False,32,e5m2
26,layer3.conv1,element,2,False,False,32,e5m2
26,layer2.shortcut.0,element,1,False,False,32,e5m2
26,layer1.conv1,element,3,False,False,32,e5m2
26,conv1,element,1,False,False,32,e5m2
26,layer3.shortcut.0,element,3,False,False,32,e5m2
26,layer1.conv2,element,3,True,True,32,e5m2
26,layer1.conv2,scale,2,True,False,32,e5m2
26,layer2.conv2,element,0,False,False,32,e5m2
26,layer2.conv2,element,0,False,False,32,e5m2
26,layer3.conv1,scale,2,False,False,32,e5m2
26,layer3.shortcut.0,element,1,False,False,32,e5m2
26,layer2.shortcut.0,element,2,False,False,32,e5m2
26,layer2.shortcut.0,element,4,False,False,32,e5m2
26,layer2.shortcut.0,element,4,False,False,32,e5m2
26,layer3.conv1,element,3,False,False,32,e5m2
26,layer3.shortcut.0,scale,0,False,False,32,e5m2
26,layer3.conv1,scale,4,False,False,32,e5m2
26,layer1.conv2,element,5,False,False,32,e5m2
26,layer1.conv1,element,0,False,False,32,e5m2
26,layer1.conv1,element,1,False,False,32,e5m2
26,layer1.conv1,element,0,False,False,32,e5m2
26,layer2.conv2,element,1,False,False,32,e5m2
26,layer2.conv1,element,0,False,False,32,e5m2
74,layer2.conv1,element,2,False,False,32,e5m2
74,layer2.conv1,element,4,False,False,32,e5m2
74,layer2.conv1,element,5,False,False,32,e5m2
74,layer1.conv2,element,1,False,False,32,e5m2
74,layer2.shortcut.0,element,6,False,False,32,e5m2
74,layer2.conv1,scale,6,False,False,32,e5m2
74,layer2.shortcut.0,element,2,False,False,32,e5m2
74,layer2.conv1,element,4,False,False,32,e5m2
74,layer3.conv2,element,0,False,False,32,e5m2
74,layer2.conv1,element,4,False,False,32,e5m2
74,layer1.conv1,element,3,True,True,32,e5m2
74,layer2.shortcut.0,element,1,False,False,32,e5m2
74,layer2.conv1,element,4,False,False,32,e5m2
74,layer2.shortcut.0,element,7,False,False,32,e5m2
74,layer2.shortcut.0,scale,1,False,False,32,e5m2
74,layer2.conv1,element,5,False,False,32,e5m2
74,layer3.conv1,element,3,False,False,32,e5m2
74,layer2.conv2,element,6,False,False,32,e5m2
74,layer2.shortcut.0,element,6,False,False,32,e5m2
74,layer1.conv2,element,7,False,False,32,e5m2
74,layer1.conv2,element,2,False,False,32,e5m2
74,layer2.conv2,element,5,False,False,32,e5m2
74,layer2.shortcut.0,element,0,False,False,32,e5m2
74,layer2.conv1,element,0,False,False,32,e5m2
74,layer2.conv1,element,2,False,False,32,e5m2
74,layer2.conv1,element,5,False,False,32,e5m2
74,layer3.conv1,element,6,False,False,32,e5m2
74,layer3.conv1,element,2,False,False,32,e5m2
74,layer2.conv1,element,1,False,False,32,e5m2
74,conv1,element,6,False,False,32,e5m2
74,layer2.conv1,element,2,False,False,32,e5m2
74,layer2.shortcut.0,scale,6,False,False,32,e5m2
74,layer1.conv1,element,7,False,False,32,e5m2
74,layer2.conv1,element,2,True,True,32,e5m2
74,layer1.conv2,element,1,False,False,32,e5m2
74,layer2.shortcut.0,element,0,False,False,32,e5m2
74,layer3.shortcut.0,element,2,False,False,32,e5m2
74,layer1.conv1,element,5,False,False,32,e5m2
74,layer3.conv2,element,0,False,False,32,e5m2
74,layer1.conv1,element,6,False,False,32,e5m2
65,layer2.shortcut.0,element,3,False,False,32,e5m2
65,layer2.conv1,element,5,False,False,32,e5m2
65,layer2.conv2,element,1,False,False,32,e5m2
65,layer2.conv2,element,5,False,False,32,e5m2
65,layer2.conv1,element,1,False,False,32,e5m2
65,layer1.conv1,element,2,False,False,32,e5m2
65,layer1.conv1,element,2,False,False,32,e5m2
65,layer2.shortcut.0,element,5,False,False,32,e5m2
65,conv1,element,0,False,False,32,e5m2
65,layer3.shortcut.0,element,6,False,False,32,e5m2
65,layer2.conv1,element,6,False,False,32,e5m2
65,layer2.shortcut.0,element,0,False,False,32,e5m2
65,layer2.conv1,scale,2,False,False,32,e5m2
65,layer2.conv2,element,1,False,False,32,e5m2
65,layer3.conv1,element,5,False,False,32,e5m2
65,conv1,element,2,False,False,32,e5m2
65,layer1.conv2,element,0,False,False,32,e5m2
65,layer3.conv1,element,1,False,False,32,e5m2
65,layer1.conv1,element,7,False,False,32,e5m2
65,conv1,element,3,False,False,32,e5m2
65,layer2.shortcut.0,element,3,False,False,32,e5m2
65,layer3.conv1,element,1,False,False,32,e5m2
65,layer1.conv1,element,1,False,False,32,e5m2
65,layer2.conv1,element,4,False,False,32,e5m2
65,layer3.shortcut.0,element,0,False,False,32,e5m2
65,layer2.conv2,element,3,False,False,32,e5m2
65,layer2.conv1,element,7,False,False,32,e5m2
65,layer1.conv2,element,7,False,False,32,e5m2
65,layer1.conv2,element,6,False,False,32,e5m2
65,layer3.conv2,element,6,False,False,32,e5m2
65,layer1.conv1,element,2,False,False,32,e5m2
65,layer3.conv1,element,0,False,False,32,e5m2
65,layer2.conv1,element,5,False,False,32,e5m2
65,layer2.conv2,element,6,False,False,32,e5m2
65,layer3.conv2,element,3,False,False,32,e5m2
65,layer1.conv1,element,4,False,False,32,e5m2
65,layer1.conv1,element,1,False,False,32,e5m2
65,layer1.conv2,element,5,False,False,32,e5m2
65,layer1.conv2,element,4,False,False,32,e5m2
65,layer2.conv1,element,2,False,False,32,e5m2
20,layer1.conv2,scale,5,False,False,32,e5m2
20,conv1,element,2,True,True,32,e5m2
20,layer2.shortcut.0,element,0,False,False,32,e5m2
20,layer2.conv1,element,6,False,False,32,e5m2
20,layer2.shortcut.0,element,4,False,False,32,e5m2
20,layer1.conv1,element,6,False,False,32,e5m2
20,layer2.conv1,element,0,False,False,32,e5m2
20,layer2.shortcut.0,element,0,False,False,32,e5m2
20,layer2.shortcut.0,element,5,False,False,32,e5m2
20,layer1.conv1,element,6,False,False,32,e5m2
20,layer2.shortcut.0,element,6,False,False,32,e5m2
20,layer1.conv1,scale,3,True,False,32,e5m2
20,layer1.conv1,element,6,False,False,32,e5m2
20,layer3.shortcut.0,element,1,False,False,32,e5m2
20,layer1.conv1,element,0,False,False,32,e5m2
20,layer1.conv2,element,3,False,False,32,e5m2
20,layer2.conv2,element,5,False,False,32,e5m2
20,layer3.shortcut.0,element,0,False,False,32,e5m2
20,layer2.conv1,element,6,False,False,32,e5m2
20,layer1.conv1,scale,5,False,False,32,e5m2
20,layer1.conv2,element,5,False,False,32,e5m2
20,layer2.conv2,element,1,False,False,32,e5m2
20,layer3.shortcut.0,element,6,False,False,32,e5m2
20,layer2.conv2,element,3,False,False,32,e5m2
20,layer3.conv2,element,1,False,False,32,e5m2
20,layer2.conv1,element,5,False,False,32,e5m2
20,layer3.shortcut.0,element,2,False,False,32,e5m2
20,layer1.conv2,element,3,True,True,32,e5m2
20,layer2.shortcut.0,element,0,False,False,32,e5m2
20,layer2.conv1,element,4,True,True,32,e5m2
20,layer3.shortcut.0,element,4,False,False,32,e5m2
20,layer1.conv1,element,7,True,False,32,e5m2
20,layer1.conv1,element,5,False,False,32,e5m2
20,layer3.shortcut.0,element,7,False,False,32,e5m2
20,layer1.conv1,element,0,False,False,32,e5m2
20,layer2.conv1,element,4,False,False,32,e5m2
20,conv1,scale,5,False,False,32,e5m2
20,layer3.conv1,element,7,False,False,32,e5m2
20,layer3.conv1,element,6,False,False,32,e5m2
20,layer2.shortcut.0,element,0,False,False,32,e5m2
14,layer2.conv2,element,3,False,False,32,e5m2
14,layer2.shortcut.0,element,3,False,False,32,e5m2
14,layer3.shortcut.0,element,1,False,False,32,e5m2
14,layer2.shortcut.0,element,3,False,False,32,e5m2
14,layer1.conv1,element,6,False,False,32,e5m2
14,layer2.shortcut.0,element,3,False,False,32,e5m2
14,layer3.conv2,element,3,False,False,32,e5m2
14,layer2.conv1,element,0,False,False,32,e5m2
14,layer2.conv1,element,3,False,False,32,e5m2
14,layer2.shortcut.0,element,3,False,False,32,e5m2
14,layer1.conv1,element,7,False,False,32,e5m2
14,layer2.conv1,element,7,False,False,32,e5m2
14,layer1.conv2,element,4,False,False,32,e5m2
14,layer1.conv2,element,6,False,False,32,e5m2
14,layer1.conv2,element,6,False,False,32,e5m2
14,layer2.shortcut.0,element,6,False,False,32,e5m2
14,layer2.conv2,element,1,False,False,32,e5m2
14,layer3.conv1,scale,6,False,False,32,e5m2
14,layer2.shortcut.0,scale,0,False,False,32,e5m2
14,layer3.conv2,element,0,False,False,32,e5m2
14,layer1.conv1,element,7,False,False,32,e5m2
14,layer3.conv2,element,0,False,False,32,e5m2
14,layer1.conv1,element,6,False,False,32,e5m2
14,layer3.conv1,element,6,False,False,32,e5m2
14,layer1.conv2,element,3,False,False,32,e5m2
14,layer1.conv1,scale,2,True,False,32,e5m2
14,layer2.conv1,element,6,False,False,32,e5m2
14,layer1.conv1,element,2,True,True,32,e5m2
14,layer2.shortcut.0,element,7,False,False,32,e5m2
14,layer1.conv2,element,5,False,False,32,e5m2
14,layer2.conv1,element,0,False,False,32,e5m2
14,layer1.conv2,scale,5,True,False,32,e5m2
14,layer2.conv2,element,7,False,False,32,e5m2
14,layer2.conv2,element,1,False,False,32,e5m2
14,layer3.conv1,element,7,False,False,32,e5m2
14,layer2.conv1,element,7,False,False,32,e5m2
14,layer1.conv2,element,1,False,False,32,e5m2
14,layer3.shortcut.0,element,6,False,False,32,e5m2
14,layer1.conv2,element,5,False,False,32,e5m2
14,layer1.conv1,scale,5,False,False,32,e5m2
37,layer2.shortcut.0,element,0,False,False,32,e5m2
37,layer3.conv1,element,3,True,True,32,e5m2
37,layer2.shortcut.0,element,0,False,False,32,e5m2
37,layer2.shortcut.0,element,4,False,False,32,e5m2
37,layer1.conv2,element,2,False,False,32,e5m2
37,layer1.conv1,element,0,True,False,32,e5m2
37,layer3.conv1,element,5,False,False,32,e5m2
37,layer1.conv2,element,3,False,False,32,e5m2
37,layer3.conv1,element,5,False,False,32,e5m2
37,layer2.conv1,element,3,False,False,32,e5m2
37,layer3.conv2,element,7,False,False,32,e5m2
37,layer2.shortcut.0,element,5,False,False,32,e5m2
37,layer1.conv2,element,2,False,False,32,e5m2
37,layer3.conv1,element,3,False,False,32,e5m2
37,layer2.shortcut.0,element,5,False,False,32,e5m2
37,layer2.conv1,element,4,False,False,32,e5m2
37,layer2.shortcut.0,element,6,False,False,32,e5m2
37,layer1.conv1,element,0,True,False,32,e5m2
37,layer2.conv2,element,3,True,True,32,e5m2
37,layer1.conv1,element,1,False,False,32,e5m2
37,layer3.conv1,element,6,True,False,32,e5m2
37,layer3.shortcut.0,element,1,False,False,32,e5m2
37,layer1.conv2,element,6,False,False,32,e5m2
37,layer1.conv2,element,4,False,False,32,e5m2
37,layer1.conv1,element,2,True,True,32,e5m2
37,layer2.conv2,element,6,False,False,32,e5m2
37,layer2.shortcut.0,element,2,False,False,32,e5m2
37,layer2.shortcut.0,element,6,False,False,32,e5m2
37,layer2.conv2,element,5,False,False,32,e5m2
37,layer2.conv1,element,5,True,False,32,e5m2
37,layer2.conv1,element,0,True,False,32,e5m2
37,layer1.conv2,element,5,False,False,32,e5m2
37,layer1.conv2,element,0,False,False,32,e5m2
37,layer2.shortcut.0,element,0,False,False,32,e5m2
37,layer2.conv1,element,1,True,False,32,e5m2
37,layer3.conv1,element,5,False,False,32,e5m2
37,layer3.conv1,element,0,False,False,32,e5m2
37,layer1.conv1,element,1,False,False,32,e5m2
37,layer2.shortcut.0,element,3,False,False,32,e5m2
37,layer2.conv1,element,5,False,False,32,e5m2
47,layer3.shortcut.0,element,2,False,False,32,e5m2
47,layer1.conv2,element,1,False,False,32,e5m2
47,layer1.conv2,scale,3,True,False,32,e5m2
47,layer1.conv2,element,7,False,False,32,e5m2
47,layer2.shortcut.0,element,0,False,False,32,e5m2
47,layer1.conv1,element,7,False,False,32,e5m2
47,layer1.conv1,element,7,False,False,32,e5m2
47,layer1.conv1,element,2,False,False,32,e5m2
47,layer1.conv2,element,6,False,False,32,e5m2
47,layer1.conv1,element,3,False,False,32,e5m2
47,layer2.conv2,element,4,False,False,32,e5m2
47,layer2.shortcut.0,element,4,False,False,32,e5m2
47,layer2.conv1,element,6,False,False,32,e5m2
47,conv1,scale,7,True,True,32,e5m2
47,layer1.conv1,element,7,False,False,32,e5m2
47,layer1.conv2,element,1,False,False,32,e5m2
47,layer2.shortcut.0,element,2,False,False,32,e5m2
47,layer2.conv1,element,1,False,False,32,e5m2
47,layer1.conv1,scale,5,False,False,32,e5m2
47,layer2.shortcut.0,element,1,False,False,32,e5m2
47,layer2.shortcut.0,element,4,False,False,32,e5m2
47,layer1.conv1,element,2,False,False,32,e5m2
47,layer1.conv2,element,5,False,False,32,e5m2
47,layer2.conv1,element,2,False,False,32,e5m2
47,layer2.shortcut.0,element,5,False,False,32,e5m2
47,layer3.conv1,element,6,False,False,32,e5m2
47,layer1.conv2,element,4,False,False,32,e5m2
47,layer3.shortcut.0,element,0,False,False,32,e5m2
47,layer1.conv2,element,7,False,False,32,e5m2
47,layer2.conv2,element,3,False,False,32,e5m2
47,layer2.conv1,element,3,True,True,32,e5m2
47,layer2.shortcut.0,element,0,False,False,32,e5m2
47,layer2.conv1,element,4,False,False,32,e5m2
47,conv1,element,4,False,False,32,e5m2
47,layer2.conv1,element,0,False,False,32,e5m2
47,layer3.shortcut.0,element,0,False,False,32,e5m2
47,layer2.conv2,element,1,False,False,32,e5m2
47,layer3.conv2,element,5,False,False,32,e5m2
47,layer2.conv2,element,6,False,False,32,e5m2
47,layer2.conv1,element,5,False,False,32,e5m2
89,layer1.conv1,element,2,False,False,32,e5m2
89,layer2.shortcut.0,scale,7,True,True,32,e5m2
89,layer1.conv2,element,2,False,False,32,e5m2
89,layer1.conv2,element,6,False,False,32,e5m2
89,layer3.conv1,element,6,False,False,32,e5m2
89,layer1.conv2,element,3,False,False,32,e5m2
89,conv1,element,3,False,False,32,e5m2
89,layer2.shortcut.0,element,3,False,False,32,e5m2
89,layer1.conv1,element,4,False,False,32,e5m2
89,layer1.conv2,element,0,False,False,32,e5m2
89,layer2.shortcut.0,element,0,False,False,32,e5m2
89,layer1.conv1,element,7,False,False,32,e5m2
89,layer3.conv1,element,3,False,False,32,e5m2
89,layer3.conv1,element,1,False,False,32,e5m2
89,layer2.shortcut.0,element,3,False,False,32,e5m2
89,layer1.conv1,element,6,False,False,32,e5m2
89,layer2.conv2,element,5,False,False,32,e5m2
89,layer2.conv2,element,3,False,False,32,e5m2
89,layer3.shortcut.0,element,7,False,False,32,e5m2
89,layer1.conv2,element,4,False,False,32,e5m2
89,layer3.conv1,element,0,False,False,32,e5m2
89,layer3.shortcut.0,scale,2,False,False,32,e5m2
89,conv1,scale,3,False,False,32,e5m2
89,layer1.conv2,element,0,False,False,32,e5m2
89,layer2.conv2,element,2,False,False,32,e5m2
89,layer2.conv2,element,3,False,False,32,e5m2
89,layer2.shortcut.0,element,0,False,False,32,e5m2
89,layer2.conv1,element,6,False,False,32,e5m2
89,layer3.conv1,element,5,False,False,32,e5m2
89,layer1.conv1,element,2,False,False,32,e5m2
89,layer1.conv2,element,4,False,False,32,e5m2
89,layer1.conv1,element,0,False,False,32,e5m2
89,layer2.shortcut.0,element,4,False,False,32,e5m2
89,layer2.conv1,element,6,False,False,32,e5m2
89,layer1.conv1,element,5,False,False,32,e5m2
89,layer1.conv2,element,5,False,False,32,e5m2
89,layer3.conv1,element,1,False,False,32,e5m2
89,layer3.shortcut.0,element,2,False,False,32,e5m2
89,layer1.conv1,element,7,False,False,32,e5m2
89,layer1.conv2,element,7,False,False,32,e5m2
39,layer1.conv1,element,3,False,False,32,e5m2
39,layer2.shortcut.0,element,1,False,False,32,e5m2
39,layer2.conv2,element,0,False,False,32,e5m2
39,layer1.conv2,element,3,False,False,32,e5m2
39,layer3.conv2,element,4,False,False,32,e5m2
39,layer3.shortcut.0,element,7,False,False,32,e5m2
39,layer2.conv2,element,3,False,False,32,e5m2
39,layer1.conv1,element,3,False,False,32,e5m2
39,layer1.conv2,element,0,False,False,32,e5m2
39,layer2.conv2,element,5,False,False,32,e5m2
39,layer3.shortcut.0,element,6,False,False,32,e5m2
39,layer3.conv1,element,2,False,False,32,e5m2
39,layer2.conv1,element,4,False,False,32,e5m2
39,layer2.conv2,scale,1,False,False,32,e5m2
39,layer3.conv1,element,6,False,False,32,e5m2
39,layer2.shortcut.0,element,2,False,False,32,e5m2
39,layer3.shortcut.0,element,7,False,False,32,e5m2
39,layer2.conv1,element,7,False,False,32,e5m2
39,layer1.conv1,element,2,False,False,32,e5m2
39,layer3.conv2,element,0,False,False,32,e5m2
39,layer2.conv1,element,7,False,False,32,e5m2
39,layer1.conv1,element,3,False,False,32,e5m2
39,layer1.conv1,element,5,False,False,32,e5m2
39,layer2.conv1,element,6,False,False,32,e5m2
39,layer2.shortcut.0,scale,3,False,False,32,e5m2
39,conv1,element,6,False,False,32,e5m2
39,layer1.conv1,element,2,False,False,32,e5m2
39,layer2.shortcut.0,element,1,False,False,32,e5m2
39,layer1.conv2,scale,0,False,False,32,e5m2
39,layer1.conv1,element,7,False,False,32,e5m2
39,layer2.conv2,element,1,False,False,32,e5m2
39,layer2.conv1,element,0,False,False,32,e5m2
39,layer1.conv2,element,4,False,False,32,e5m2
39,layer1.conv2,element,2,False,False,32,e5m2
39,layer1.conv2,element,4,False,False,32,e5m2
39,layer1.conv1,element,0,False,False,32,e5m2
39,layer2.conv1,element,3,False,False,32,e5m2
39,layer2.conv1,element,5,False,False,32,e5m2
39,layer3.conv2,element,1,False,False,32,e5m2
39,conv1,element,5,False,False,32,e5m2
