i,tensor,site,bit,index,changed,change_rate,sdc,accuracy,acc_drop,nonfinite,weight,code,value_before,value_after,log_severity,rel_error,sign_flip,to_nonfinite,blast_radius
0,blocks.2.attn.qkv,element,7,"(9, 4, 22)",0,0.0,False,0.47,0.0,False,,225,-36.0,36.0,0.0,2.0,True,False,1
1,blocks.5.mlp.2,element,5,"(149, 20, 18)",0,0.0,False,0.47,0.0,False,,116,192.0,12.0,3.999999761581421,0.9375,False,False,1
2,blocks.0.attn.qkv,element,0,"(438, 3, 23)",0,0.0,False,0.47,0.0,False,,236,-96.0,-104.0,0.1154775619506836,0.0833333358168602,False,False,1
3,blocks.3.mlp.2,element,7,"(130, 22, 17)",1,0.005,True,0.475,-0.0050000000000000044,False,,248,-256.0,256.0,0.0,2.0,True,False,1
4,blocks.3.mlp.2,scale,5,"(50, 6)",2,0.01,True,0.475,-0.0050000000000000044,False,,116,116.0,84.0,32.0,inf,False,False,32
5,blocks.3.mlp.0,element,1,"(377, 3, 15)",0,0.0,False,0.47,0.0,False,,106,80.0,64.0,0.3219280242919922,0.20000000298023224,False,False,1
6,blocks.2.attn.qkv,element,6,"(451, 2, 27)",0,0.0,False,0.47,0.0,False,,201,-4.5,-0.017578125,8.0,0.99609375,False,False,1
7,blocks.1.mlp.0,element,6,"(176, 5, 3)",0,0.0,False,0.47,0.0,False,,97,36.0,0.140625,8.0,0.99609375,False,False,1
8,blocks.2.attn.qkv,element,7,"(98, 4, 6)",0,0.0,False,0.47,0.0,False,,92,24.0,-24.0,0.0,2.0,True,False,1
9,blocks.4.mlp.0,element,7,"(616, 1, 19)",1,0.005,True,0.475,-0.0050000000000000044,False,,115,176.0,-176.0,0.0,2.0,True,False,1
10,blocks.3.mlp.2,element,7,"(107, 0, 27)",0,0.0,False,0.47,0.0,False,,89,18.0,-18.0,0.0,2.0,True,False,1
11,blocks.4.mlp.0,element,1,"(257, 1, 26)",0,0.0,False,0.47,0.0,False,,224,-32.0,-40.0,0.3219280242919922,0.25,False,False,1
12,blocks.4.mlp.2,element,4,"(8, 1, 23)",0,0.0,False,0.47,0.0,False,,252,-384.0,-96.0,2.000000476837158,0.75,False,False,1
13,blocks.0.attn.qkv,element,7,"(38, 0, 12)",0,0.0,False,0.47,0.0,False,,233,-72.0,72.0,0.0,2.0,True,False,1
14,blocks.2.mlp.2,element,7,"(161, 9, 16)",0,0.0,False,0.47,0.0,False,,219,-22.0,22.0,0.0,2.0,True,False,1
15,blocks.1.attn.qkv,element,0,"(483, 5, 1)",0,0.0,False,0.47,0.0,False,,253,-416.0,-384.0,0.11547660827636719,0.07692307978868484,False,False,1
16,blocks.4.attn.proj,element,6,"(40, 0, 26)",0,0.0,False,0.47,0.0,False,,250,-320.0,-1.25,8.0,0.99609375,False,False,1
17,blocks.4.attn.qkv,element,2,"(250, 1, 6)",0,0.0,False,0.47,0.0,False,,105,72.0,104.0,0.5305147171020508,0.4444444477558136,False,False,1
18,blocks.4.attn.qkv,element,4,"(474, 1, 25)",0,0.0,False,0.47,0.0,False,,230,-56.0,-224.0,2.0,3.0,False,False,1
19,blocks.2.mlp.2,element,0,"(126, 14, 16)",0,0.0,False,0.47,0.0,False,,118,224.0,240.0,0.09953546524047852,0.0714285746216774,False,False,1
20,blocks.2.mlp.2,element,7,"(89, 11, 1)",0,0.0,False,0.47,0.0,False,,224,-32.0,32.0,0.0,2.0,True,False,1
21,blocks.2.mlp.2,element,2,"(118, 0, 3)",0,0.0,False,0.47,0.0,False,,105,72.0,104.0,0.5305147171020508,0.4444444477558136,False,False,1
22,blocks.3.mlp.2,element,6,"(132, 13, 15)",2,0.01,True,0.475,-0.0050000000000000044,False,,115,176.0,0.6875,8.0,0.99609375,False,False,1
23,blocks.3.attn.qkv,element,7,"(141, 1, 24)",0,0.0,False,0.47,0.0,False,,120,256.0,-256.0,0.0,2.0,True,False,1
24,blocks.4.attn.qkv,element,5,"(427, 2, 8)",0,0.0,False,0.47,0.0,False,,106,80.0,5.0,4.0,0.9375,False,False,1
25,blocks.3.mlp.0,element,2,"(276, 1, 14)",0,0.0,False,0.47,0.0,False,,244,-192.0,-128.0,0.5849623680114746,0.3333333432674408,False,False,1
26,blocks.5.attn.qkv,element,5,"(574, 0, 20)",0,0.0,False,0.47,0.0,False,,108,96.0,6.0,3.999999761581421,0.9375,False,False,1
27,blocks.4.mlp.2,element,0,"(168, 14, 9)",0,0.0,False,0.47,0.0,False,,251,-352.0,-320.0,0.13750362396240234,0.09090909361839294,False,False,1
28,blocks.1.mlp.2,element,5,"(186, 8, 14)",0,0.0,False,0.47,0.0,False,,232,-64.0,-4.0,4.0,0.9375,False,False,1
29,blocks.2.mlp.2,element,4,"(188, 0, 15)",1,0.005,True,0.475,-0.0050000000000000044,False,,126,448.0,112.0,2.0,0.75,False,False,1
30,blocks.3.mlp.2,element,3,"(74, 11, 0)",0,0.0,False,0.47,0.0,False,,241,-144.0,-288.0,0.9999995231628418,1.0,False,False,1
31,blocks.1.mlp.0,element,1,"(501, 3, 8)",0,0.0,False,0.47,0.0,False,,240,-128.0,-160.0,0.3219280242919922,0.25,False,False,1
32,blocks.3.mlp.0,element,2,"(21, 0, 16)",0,0.0,False,0.47,0.0,False,,94,28.0,20.0,0.4854269027709961,0.2857142984867096,False,False,1
33,blocks.2.attn.qkv,element,1,"(314, 5, 27)",0,0.0,False,0.47,0.0,False,,246,-224.0,-192.0,0.22239255905151367,0.1428571492433548,False,False,1
34,blocks.1.mlp.2,element,6,"(33, 3, 31)",0,0.0,False,0.47,0.0,False,,95,30.0,0.1171875,8.0,0.99609375,False,False,1
35,blocks.5.attn.qkv,element,0,"(202, 4, 9)",0,0.0,False,0.47,0.0,False,,105,72.0,64.0,0.16992521286010742,0.1111111119389534,False,False,1
36,blocks.5.attn.proj,element,0,"(0, 2, 22)",0,0.0,False,0.47,0.0,False,,108,96.0,104.0,0.1154775619506836,0.0833333358168602,False,False,1
37,blocks.5.mlp.2,element,0,"(41, 17, 8)",0,0.0,False,0.47,0.0,False,,114,160.0,176.0,0.13750362396240234,0.10000000149011612,False,False,1
38,blocks.0.attn.qkv,element,4,"(212, 4, 21)",0,0.0,False,0.47,0.0,False,,114,160.0,40.0,2.0,0.75,False,False,1
39,blocks.1.attn.qkv,element,1,"(357, 5, 25)",0,0.0,False,0.47,0.0,False,,119,240.0,208.0,0.2064504623413086,0.13333334028720856,False,False,1
40,blocks.3.attn.qkv,element,3,"(361, 3, 4)",0,0.0,False,0.47,0.0,False,,107,88.0,44.0,1.0,0.5,False,False,1
41,blocks.0.mlp.2,element,7,"(138, 20, 24)",0,0.0,False,0.47,0.0,False,,116,192.0,-192.0,0.0,2.0,True,False,1
42,blocks.4.mlp.2,element,7,"(56, 4, 17)",0,0.0,False,0.47,0.0,False,,237,-104.0,104.0,0.0,2.0,True,False,1
43,blocks.4.mlp.0,element,7,"(222, 2, 27)",0,0.0,False,0.47,0.0,False,,208,-8.0,8.0,0.0,2.0,True,False,1
44,blocks.0.attn.proj,element,0,"(8, 1, 24)",0,0.0,False,0.47,0.0,False,,123,352.0,320.0,0.13750362396240234,0.09090909361839294,False,False,1
45,blocks.1.mlp.2,element,3,"(190, 19, 26)",0,0.0,False,0.47,0.0,False,,76,6.0,3.0,1.0000001192092896,0.5,False,False,1
46,blocks.3.mlp.0,element,0,"(34, 4, 11)",0,0.0,False,0.47,0.0,False,,234,-80.0,-88.0,0.13750362396240234,0.10000000149011612,False,False,1
47,blocks.1.mlp.0,element,5,"(139, 1, 26)",0,0.0,False,0.47,0.0,False,,198,-3.5,-56.0,4.0,15.0,False,False,1
48,head,scale,4,"(75, 5)",0,0.0,False,0.47,0.0,False,,116,116.0,100.0,16.0,inf,False,False,32
49,blocks.5.mlp.0,element,7,"(423, 2, 15)",1,0.005,True,0.475,-0.0050000000000000044,False,,97,36.0,-36.0,0.0,2.0,True,False,1
50,blocks.5.attn.proj,element,7,"(83, 4, 21)",0,0.0,False,0.47,0.0,False,,59,1.375,-1.375,0.0,2.0,True,False,1
51,blocks.2.attn.qkv,element,5,"(148, 4, 21)",0,0.0,False,0.47,0.0,False,,88,16.0,256.0,4.0,15.0,False,False,1
52,blocks.1.mlp.2,element,4,"(164, 5, 14)",0,0.0,False,0.47,0.0,False,,241,-144.0,-36.0,2.0,0.75,False,False,1
53,blocks.5.mlp.0,element,6,"(456, 0, 19)",0,0.0,False,0.47,0.0,False,,115,176.0,0.6875,8.0,0.99609375,False,False,1
54,blocks.5.mlp.0,scale,7,"(644, 2)",68,0.34,True,0.345,0.125,True,,116,116.0,244.0,128.0,inf,False,False,32
55,blocks.4.mlp.0,element,5,"(9, 4, 21)",0,0.0,False,0.47,0.0,False,,110,112.0,7.0,4.0,0.9375,False,False,1
56,blocks.5.mlp.2,element,3,"(28, 12, 10)",0,0.0,False,0.47,0.0,False,,226,-40.0,-80.0,1.0,1.0,False,False,1
57,blocks.1.attn.proj,element,7,"(139, 4, 19)",0,0.0,False,0.47,0.0,False,,224,-32.0,32.0,0.0,2.0,True,False,1
58,blocks.1.mlp.2,element,0,"(142, 11, 31)",0,0.0,False,0.47,0.0,False,,234,-80.0,-88.0,0.13750362396240234,0.10000000149011612,False,False,1
59,blocks.4.mlp.0,element,5,"(486, 3, 7)",0,0.0,False,0.47,0.0,False,,243,-176.0,-11.0,4.0,0.9375,False,False,1
60,blocks.4.mlp.0,element,2,"(172, 4, 14)",0,0.0,False,0.47,0.0,False,,238,-112.0,-80.0,0.4854269027709961,0.2857142984867096,False,False,1
61,blocks.0.attn.qkv,element,1,"(452, 2, 27)",0,0.0,False,0.47,0.0,False,,96,32.0,40.0,0.3219280242919922,0.25,False,False,1
62,blocks.1.mlp.0,element,3,"(250, 1, 21)",0,0.0,False,0.47,0.0,False,,233,-72.0,-36.0,1.0,0.5,False,False,1
63,blocks.1.mlp.2,element,1,"(184, 18, 14)",0,0.0,False,0.47,0.0,False,,234,-80.0,-64.0,0.3219280242919922,0.20000000298023224,False,False,1
64,blocks.0.mlp.0,element,1,"(557, 3, 31)",0,0.0,False,0.47,0.0,False,,99,44.0,36.0,0.2895064353942871,0.1818181872367859,False,False,1
65,blocks.4.mlp.0,element,2,"(328, 1, 27)",0,0.0,False,0.47,0.0,False,,112,128.0,192.0,0.5849623680114746,0.5,False,False,1
66,blocks.5.attn.qkv,element,6,"(322, 5, 13)",0,0.0,False,0.47,0.0,False,,106,80.0,0.3125,8.0,0.99609375,False,False,1
67,blocks.5.mlp.2,element,5,"(75, 13, 23)",0,0.0,False,0.47,0.0,False,,242,-160.0,-10.0,4.0,0.9375,False,False,1
68,blocks.3.attn.qkv,element,6,"(29, 4, 31)",0,0.0,False,0.47,0.0,False,,240,-128.0,-0.5,8.0,0.99609375,False,False,1
69,blocks.2.attn.proj,element,0,"(92, 2, 0)",0,0.0,False,0.47,0.0,False,,98,40.0,44.0,0.13750362396240234,0.10000000149011612,False,False,1
70,blocks.5.attn.proj,element,6,"(18, 3, 9)",0,0.0,False,0.47,0.0,False,,250,-320.0,-1.25,8.0,0.99609375,False,False,1
71,blocks.2.mlp.2,element,4,"(12, 23, 2)",0,0.0,False,0.47,0.0,False,,105,72.0,288.0,1.9999995231628418,3.0,False,False,1
72,blocks.2.mlp.0,element,7,"(481, 1, 17)",1,0.005,True,0.47,0.0,False,,103,60.0,-60.0,0.0,2.0,True,False,1
73,blocks.2.mlp.2,element,2,"(148, 17, 17)",0,0.0,False,0.47,0.0,False,,243,-176.0,-240.0,0.44745874404907227,0.3636363744735718,False,False,1
74,blocks.2.attn.qkv,element,2,"(140, 2, 30)",0,0.0,False,0.47,0.0,False,,118,224.0,160.0,0.4854269027709961,0.2857142984867096,False,False,1
75,blocks.2.mlp.2,element,7,"(187, 5, 15)",0,0.0,False,0.47,0.0,False,,116,192.0,-192.0,0.0,2.0,True,False,1
76,blocks.4.mlp.0,element,4,"(100, 3, 13)",0,0.0,False,0.47,0.0,False,,107,88.0,352.0,2.0,3.0,False,False,1
77,blocks.4.mlp.2,element,4,"(27, 23, 29)",0,0.0,False,0.47,0.0,False,,112,128.0,32.0,2.0,0.75,False,False,1
78,blocks.5.mlp.0,element,1,"(33, 4, 0)",0,0.0,False,0.47,0.0,False,,233,-72.0,-88.0,0.2895064353942871,0.2222222238779068,False,False,1
79,blocks.4.attn.proj,element,7,"(104, 4, 4)",0,0.0,False,0.47,0.0,False,,204,-6.0,6.0,0.0,2.0,True,False,1
80,blocks.4.attn.qkv,element,5,"(47, 3, 24)",0,0.0,False,0.47,0.0,False,,248,-256.0,-16.0,4.0,0.9375,False,False,1
81,blocks.0.mlp.0,element,6,"(269, 1, 11)",0,0.0,False,0.47,0.0,False,,217,-18.0,-0.0703125,8.0,0.99609375,False,False,1
82,blocks.1.mlp.2,element,6,"(31, 15, 22)",0,0.0,False,0.47,0.0,False,,113,144.0,0.5625,8.0,0.99609375,False,False,1
83,blocks.5.mlp.0,element,3,"(756, 2, 19)",0,0.0,False,0.47,0.0,False,,113,144.0,288.0,0.9999995231628418,1.0,False,False,1
84,blocks.5.mlp.2,element,0,"(170, 0, 11)",0,0.0,False,0.47,0.0,False,,104,64.0,72.0,0.16992521286010742,0.125,False,False,1
85,blocks.5.mlp.2,element,7,"(124, 14, 1)",0,0.0,False,0.47,0.0,False,,234,-80.0,80.0,0.0,2.0,True,False,1
86,blocks.0.attn.qkv,element,7,"(24, 0, 1)",0,0.0,False,0.47,0.0,False,,224,-32.0,32.0,0.0,2.0,True,False,1
87,blocks.5.attn.proj,element,1,"(13, 0, 20)",0,0.0,False,0.47,0.0,False,,251,-352.0,-288.0,0.2895069122314453,0.1818181872367859,False,False,1
88,blocks.0.mlp.2,element,3,"(168, 8, 29)",0,0.0,False,0.47,0.0,False,,113,144.0,288.0,0.9999995231628418,1.0,False,False,1
89,blocks.1.mlp.2,element,2,"(120, 18, 25)",0,0.0,False,0.47,0.0,False,,233,-72.0,-104.0,0.5305147171020508,0.4444444477558136,False,False,1
90,blocks.5.attn.proj,element,5,"(41, 1, 31)",0,0.0,False,0.47,0.0,False,,118,224.0,14.0,4.0,0.9375,False,False,1
91,blocks.1.mlp.0,element,7,"(113, 0, 2)",0,0.0,False,0.47,0.0,False,,248,-256.0,256.0,0.0,2.0,True,False,1
92,blocks.1.mlp.0,element,2,"(229, 1, 16)",0,0.0,False,0.47,0.0,False,,124,384.0,256.0,0.5849628448486328,0.3333333432674408,False,False,1
93,blocks.2.mlp.2,element,3,"(59, 0, 31)",0,0.0,False,0.47,0.0,False,,241,-144.0,-288.0,0.9999995231628418,1.0,False,False,1
94,blocks.1.attn.qkv,element,2,"(3, 4, 25)",0,0.0,False,0.47,0.0,False,,225,-36.0,-52.0,0.5305147171020508,0.4444444477558136,False,False,1
95,blocks.5.mlp.0,element,2,"(1, 0, 16)",0,0.0,False,0.47,0.0,False,,235,-88.0,-120.0,0.44745874404907227,0.3636363744735718,False,False,1
96,blocks.2.attn.qkv,element,4,"(312, 2, 14)",0,0.0,False,0.47,0.0,False,,121,288.0,72.0,1.9999995231628418,0.75,False,False,1
97,blocks.0.attn.qkv,element,6,"(446, 4, 25)",0,0.0,False,0.47,0.0,False,,244,-192.0,-0.75,8.0,0.99609375,False,False,1
98,blocks.2.attn.qkv,element,7,"(471, 0, 24)",1,0.005,True,0.47,0.0,False,,243,-176.0,176.0,0.0,2.0,True,False,1
99,blocks.1.mlp.0,element,4,"(36, 1, 9)",0,0.0,False,0.47,0.0,False,,109,104.0,416.0,1.9999995231628418,3.0,False,False,1
100,blocks.3.mlp.0,element,6,"(377, 5, 15)",0,0.0,False,0.47,0.0,False,,242,-160.0,-0.625,8.0,0.99609375,False,False,1
101,blocks.2.mlp.2,element,7,"(99, 3, 29)",0,0.0,False,0.47,0.0,False,,67,2.75,-2.75,0.0,2.0,True,False,1
102,blocks.4.attn.qkv,element,1,"(419, 4, 2)",0,0.0,False,0.47,0.0,False,,84,12.0,14.0,0.22239232063293457,0.1666666716337204,False,False,1
103,blocks.1.mlp.2,element,2,"(4, 3, 5)",0,0.0,False,0.47,0.0,False,,94,28.0,20.0,0.4854269027709961,0.2857142984867096,False,False,1
104,blocks.5.mlp.2,element,0,"(59, 5, 27)",0,0.0,False,0.47,0.0,False,,116,192.0,208.0,0.1154775619506836,0.0833333358168602,False,False,1
105,blocks.0.mlp.2,element,1,"(36, 15, 22)",0,0.0,False,0.47,0.0,False,,113,144.0,176.0,0.2895064353942871,0.2222222238779068,False,False,1
106,blocks.4.mlp.0,element,6,"(654, 2, 23)",0,0.0,False,0.47,0.0,False,,224,-32.0,-0.125,8.0,0.99609375,False,False,1
107,blocks.0.attn.qkv,element,2,"(35, 0, 29)",0,0.0,False,0.47,0.0,False,,106,80.0,112.0,0.4854269027709961,0.4000000059604645,False,False,1
108,blocks.2.mlp.2,element,6,"(72, 19, 8)",0,0.0,False,0.47,0.0,False,,239,-120.0,-0.46875,8.0,0.99609375,False,False,1
109,blocks.3.mlp.0,element,3,"(134, 0, 12)",1,0.005,True,0.475,-0.0050000000000000044,False,,244,-192.0,-384.0,1.0000004768371582,1.0,False,False,1
110,blocks.0.mlp.2,element,4,"(84, 10, 4)",0,0.0,False,0.47,0.0,False,,106,80.0,320.0,2.0,3.0,False,False,1
111,blocks.2.attn.qkv,element,4,"(95, 0, 5)",0,0.0,False,0.47,0.0,False,,248,-256.0,-64.0,2.0,0.75,False,False,1
112,blocks.1.attn.qkv,element,3,"(357, 2, 13)",0,0.0,False,0.47,0.0,False,,239,-120.0,-60.0,1.0,0.5,False,False,1
113,blocks.4.attn.qkv,element,1,"(288, 4, 13)",0,0.0,False,0.47,0.0,False,,110,112.0,96.0,0.22239255905151367,0.1428571492433548,False,False,1
114,blocks.2.mlp.0,element,0,"(594, 2, 14)",0,0.0,False,0.47,0.0,False,,99,44.0,40.0,0.13750362396240234,0.09090909361839294,False,False,1
115,blocks.3.mlp.2,element,3,"(27, 7, 13)",0,0.0,False,0.47,0.0,False,,115,176.0,352.0,1.0,1.0,False,False,1
116,blocks.4.attn.qkv,element,5,"(226, 4, 1)",0,0.0,False,0.47,0.0,False,,251,-352.0,-22.0,4.0,0.9375,False,False,1
117,blocks.4.attn.qkv,element,3,"(62, 2, 15)",0,0.0,False,0.47,0.0,False,,120,256.0,128.0,1.0,0.5,False,False,1
118,blocks.1.mlp.2,element,5,"(36, 6, 17)",0,0.0,False,0.47,0.0,False,,104,64.0,4.0,4.0,0.9375,False,False,1
119,blocks.0.attn.qkv,element,5,"(398, 3, 20)",0,0.0,False,0.47,0.0,False,,244,-192.0,-12.0,3.999999761581421,0.9375,False,False,1
120,blocks.2.mlp.0,element,1,"(3, 2, 10)",0,0.0,False,0.47,0.0,False,,242,-160.0,-128.0,0.3219280242919922,0.20000000298023224,False,False,1
121,blocks.2.attn.qkv,element,5,"(223, 1, 1)",0,0.0,False,0.47,0.0,False,,241,-144.0,-9.0,4.0,0.9375,False,False,1
122,blocks.0.attn.qkv,element,5,"(534, 1, 2)",0,0.0,False,0.47,0.0,False,,232,-64.0,-4.0,4.0,0.9375,False,False,1
123,blocks.2.attn.qkv,element,7,"(198, 2, 14)",0,0.0,False,0.47,0.0,False,,185,-1.125,1.125,0.0,2.0,True,False,1
124,blocks.4.mlp.0,element,4,"(556, 4, 29)",1,0.005,True,0.47,0.0,False,,110,112.0,448.0,2.0,3.0,False,False,1
125,blocks.4.mlp.0,element,2,"(606, 0, 6)",0,0.0,False,0.47,0.0,False,,109,104.0,72.0,0.5305147171020508,0.3076923191547394,False,False,1
126,blocks.2.mlp.2,element,2,"(161, 19, 1)",0,0.0,False,0.47,0.0,False,,198,-3.5,-2.5,0.48542678356170654,0.2857142984867096,False,False,1
127,blocks.2.attn.proj,element,7,"(13, 4, 18)",0,0.0,False,0.47,0.0,False,,104,64.0,-64.0,0.0,2.0,True,False,1
128,blocks.3.mlp.0,element,2,"(481, 2, 11)",0,0.0,False,0.47,0.0,False,,231,-60.0,-44.0,0.44745874404907227,0.2666666805744171,False,False,1
129,blocks.5.attn.qkv,element,2,"(439, 3, 26)",0,0.0,False,0.47,0.0,False,,111,120.0,88.0,0.44745874404907227,0.2666666805744171,False,False,1
130,blocks.3.attn.proj,element,0,"(11, 4, 13)",0,0.0,False,0.47,0.0,False,,247,-240.0,-224.0,0.09953546524047852,0.06666667014360428,False,False,1
131,blocks.2.attn.proj,element,2,"(136, 5, 17)",0,0.0,False,0.47,0.0,False,,180,-0.75,-0.5,0.5849624872207642,0.3333333432674408,False,False,1
132,blocks.1.attn.qkv,element,4,"(261, 5, 24)",0,0.0,False,0.47,0.0,False,,117,208.0,52.0,2.0,0.75,False,False,1
133,blocks.5.attn.proj,element,6,"(100, 4, 30)",0,0.0,False,0.47,0.0,False,,230,-56.0,-0.21875,8.0,0.99609375,False,False,1
134,blocks.0.mlp.0,element,2,"(663, 2, 10)",0,0.0,False,0.47,0.0,False,,234,-80.0,-112.0,0.4854269027709961,0.4000000059604645,False,False,1
135,blocks.5.mlp.2,element,4,"(143, 23, 7)",0,0.0,False,0.47,0.0,False,,112,128.0,32.0,2.0,0.75,False,False,1
136,blocks.3.mlp.2,element,7,"(139, 2, 28)",1,0.005,True,0.47,0.0,False,,110,112.0,-112.0,0.0,2.0,True,False,1
137,blocks.1.mlp.2,element,4,"(16, 11, 28)",0,0.0,False,0.47,0.0,False,,199,-3.75,-15.0,2.0,3.0,False,False,1
138,blocks.1.mlp.2,element,1,"(100, 8, 15)",0,0.0,False,0.47,0.0,False,,114,160.0,128.0,0.3219280242919922,0.20000000298023224,False,False,1
139,blocks.4.mlp.2,element,0,"(1, 20, 18)",0,0.0,False,0.47,0.0,False,,110,112.0,120.0,0.09953546524047852,0.0714285746216774,False,False,1
140,blocks.0.mlp.0,element,2,"(582, 1, 30)",0,0.0,False,0.47,0.0,False,,117,208.0,144.0,0.5305147171020508,0.3076923191547394,False,False,1
141,blocks.4.attn.qkv,element,6,"(344, 2, 24)",0,0.0,False,0.47,0.0,False,,93,26.0,0.1015625,8.0,0.99609375,False,False,1
142,head,element,4,"(35, 5, 15)",0,0.0,False,0.47,0.0,False,,227,-44.0,-176.0,2.0,3.0,False,False,1
143,blocks.1.mlp.2,element,5,"(20, 12, 10)",0,0.0,False,0.47,0.0,False,,104,64.0,4.0,4.0,0.9375,False,False,1
144,blocks.2.mlp.2,element,2,"(2, 21, 31)",200,1.0,True,0.0,0.47,True,,251,-352.0,,inf,inf,False,True,1
145,blocks.0.attn.qkv,element,2,"(310, 2, 17)",0,0.0,False,0.47,0.0,False,,239,-120.0,-88.0,0.44745874404907227,0.2666666805744171,False,False,1
146,blocks.5.mlp.0,element,2,"(114, 1, 11)",0,0.0,False,0.47,0.0,False,,109,104.0,72.0,0.5305147171020508,0.3076923191547394,False,False,1
147,blocks.5.mlp.2,element,1,"(105, 7, 2)",0,0.0,False,0.47,0.0,False,,239,-120.0,-104.0,0.2064504623413086,0.13333334028720856,False,False,1
148,blocks.4.attn.qkv,element,4,"(125, 0, 19)",0,0.0,False,0.47,0.0,False,,209,-9.0,-2.25,2.0,0.75,False,False,1
149,blocks.3.attn.qkv,element,4,"(264, 3, 3)",0,0.0,False,0.47,0.0,False,,89,18.0,4.5,2.000000238418579,0.75,False,False,1
150,blocks.4.attn.qkv,element,3,"(315, 4, 20)",0,0.0,False,0.47,0.0,False,,235,-88.0,-44.0,1.0,0.5,False,False,1
151,blocks.2.mlp.0,element,6,"(184, 2, 9)",2,0.01,True,0.475,-0.0050000000000000044,False,,250,-320.0,-1.25,8.0,0.99609375,False,False,1
152,blocks.1.mlp.0,element,4,"(621, 5, 12)",0,0.0,False,0.47,0.0,False,,221,-26.0,-6.5,2.000000238418579,0.75,False,False,1
153,blocks.2.mlp.2,element,5,"(156, 8, 5)",0,0.0,False,0.47,0.0,False,,89,18.0,288.0,3.999999523162842,15.0,False,False,1
154,blocks.5.mlp.0,element,2,"(445, 5, 16)",0,0.0,False,0.47,0.0,False,,232,-64.0,-96.0,0.5849623680114746,0.5,False,False,1
155,blocks.3.mlp.2,element,4,"(158, 13, 6)",0,0.0,False,0.47,0.0,False,,116,192.0,48.0,2.0,0.75,False,False,1
156,blocks.2.mlp.0,element,5,"(8, 2, 16)",0,0.0,False,0.47,0.0,False,,111,120.0,7.5,3.999999761581421,0.9375,False,False,1
157,blocks.4.mlp.0,element,6,"(603, 2, 31)",0,0.0,False,0.47,0.0,False,,224,-32.0,-0.125,8.0,0.99609375,False,False,1
158,blocks.0.mlp.0,element,6,"(766, 3, 2)",0,0.0,False,0.47,0.0,False,,111,120.0,0.46875,8.0,0.99609375,False,False,1
159,blocks.5.mlp.2,element,3,"(80, 21, 7)",0,0.0,False,0.47,0.0,False,,221,-26.0,-13.0,1.000000238418579,0.5,False,False,1
160,blocks.1.attn.qkv,element,0,"(427, 0, 20)",0,0.0,False,0.47,0.0,False,,111,120.0,112.0,0.09953546524047852,0.06666667014360428,False,False,1
161,blocks.4.attn.qkv,element,2,"(300, 1, 12)",0,0.0,False,0.47,0.0,False,,252,-384.0,-256.0,0.5849628448486328,0.3333333432674408,False,False,1
162,blocks.3.attn.qkv,element,5,"(209, 1, 15)",0,0.0,False,0.47,0.0,False,,243,-176.0,-11.0,4.0,0.9375,False,False,1
163,blocks.5.mlp.0,scale,3,"(432, 4)",70,0.35,True,0.325,0.14499999999999996,False,,116,116.0,124.0,8.0,inf,False,False,32
164,blocks.1.attn.qkv,element,5,"(128, 1, 2)",0,0.0,False,0.47,0.0,False,,232,-64.0,-4.0,4.0,0.9375,False,False,1
165,blocks.5.attn.qkv,element,1,"(478, 5, 4)",0,0.0,False,0.47,0.0,False,,225,-36.0,-44.0,0.2895064353942871,0.2222222238779068,False,False,1
166,blocks.3.mlp.2,element,1,"(151, 6, 25)",0,0.0,False,0.47,0.0,False,,115,176.0,144.0,0.2895064353942871,0.1818181872367859,False,False,1
167,blocks.2.attn.qkv,element,1,"(7, 4, 4)",0,0.0,False,0.47,0.0,False,,236,-96.0,-112.0,0.22239255905151367,0.1666666716337204,False,False,1
168,blocks.0.mlp.0,element,3,"(624, 3, 13)",0,0.0,False,0.47,0.0,False,,117,208.0,416.0,0.9999995231628418,1.0,False,False,1
169,blocks.2.mlp.2,element,7,"(187, 2, 16)",0,0.0,False,0.47,0.0,False,,209,-9.0,9.0,0.0,2.0,True,False,1
170,blocks.0.mlp.2,element,4,"(184, 10, 23)",0,0.0,False,0.47,0.0,False,,112,128.0,32.0,2.0,0.75,False,False,1
171,blocks.1.mlp.0,element,5,"(326, 0, 20)",1,0.005,True,0.475,-0.0050000000000000044,False,,119,240.0,15.0,3.999999761581421,0.9375,False,False,1
172,blocks.1.mlp.2,element,2,"(19, 1, 26)",0,0.0,False,0.47,0.0,False,,119,240.0,176.0,0.44745874404907227,0.2666666805744171,False,False,1
173,blocks.4.attn.qkv,element,4,"(542, 3, 0)",0,0.0,False,0.47,0.0,False,,104,64.0,256.0,2.0,3.0,False,False,1
174,blocks.2.mlp.0,element,5,"(705, 3, 5)",0,0.0,False,0.47,0.0,False,,100,48.0,3.0,4.0,0.9375,False,False,1
175,blocks.2.mlp.0,element,2,"(448, 1, 22)",0,0.0,False,0.47,0.0,False,,116,192.0,128.0,0.5849623680114746,0.3333333432674408,False,False,1
176,blocks.3.attn.qkv,element,2,"(19, 1, 28)",0,0.0,False,0.47,0.0,False,,235,-88.0,-120.0,0.44745874404907227,0.3636363744735718,False,False,1
177,blocks.1.mlp.0,element,6,"(343, 4, 0)",0,0.0,False,0.47,0.0,False,,90,20.0,0.078125,8.0,0.99609375,False,False,1
178,blocks.3.mlp.0,element,3,"(651, 3, 22)",0,0.0,False,0.47,0.0,False,,241,-144.0,-288.0,0.9999995231628418,1.0,False,False,1
179,blocks.4.mlp.0,element,0,"(674, 3, 7)",0,0.0,False,0.47,0.0,False,,218,-20.0,-22.0,0.13750362396240234,0.10000000149011612,False,False,1
180,blocks.4.mlp.2,element,0,"(45, 14, 22)",0,0.0,False,0.47,0.0,False,,242,-160.0,-176.0,0.13750362396240234,0.10000000149011612,False,False,1
181,blocks.1.attn.qkv,element,5,"(240, 0, 28)",1,0.005,True,0.475,-0.0050000000000000044,False,,239,-120.0,-7.5,3.999999761581421,0.9375,False,False,1
182,blocks.4.mlp.2,element,5,"(42, 23, 11)",0,0.0,False,0.47,0.0,False,,66,2.5,40.0,4.0,15.0,False,False,1
183,blocks.2.mlp.0,element,5,"(248, 5, 19)",0,0.0,False,0.47,0.0,False,,242,-160.0,-10.0,4.0,0.9375,False,False,1
184,blocks.4.mlp.2,element,2,"(165, 16, 20)",0,0.0,False,0.47,0.0,False,,235,-88.0,-120.0,0.44745874404907227,0.3636363744735718,False,False,1
185,blocks.5.mlp.0,element,2,"(598, 2, 1)",0,0.0,False,0.47,0.0,False,,238,-112.0,-80.0,0.4854269027709961,0.2857142984867096,False,False,1
186,blocks.4.mlp.2,element,0,"(139, 23, 24)",0,0.0,False,0.47,0.0,False,,249,-288.0,-256.0,0.16992473602294922,0.1111111119389534,False,False,1
187,head,element,3,"(66, 5, 14)",0,0.0,False,0.47,0.0,False,,98,40.0,80.0,1.0,1.0,False,False,1
188,blocks.1.mlp.2,element,1,"(106, 19, 26)",0,0.0,False,0.47,0.0,False,,233,-72.0,-88.0,0.2895064353942871,0.2222222238779068,False,False,1
189,blocks.4.mlp.2,element,5,"(124, 4, 3)",0,0.0,False,0.47,0.0,False,,107,88.0,5.5,4.0,0.9375,False,False,1
190,blocks.5.attn.qkv,element,5,"(409, 1, 29)",0,0.0,False,0.47,0.0,False,,118,224.0,14.0,4.0,0.9375,False,False,1
191,blocks.5.attn.qkv,scale,2,"(228, 0)",0,0.0,False,0.47,0.0,False,,116,116.0,112.0,4.0,inf,False,False,32
192,blocks.1.mlp.0,element,5,"(158, 5, 31)",0,0.0,False,0.47,0.0,False,,249,-288.0,-18.0,3.999999523162842,0.9375,False,False,1
193,blocks.5.mlp.2,element,7,"(143, 3, 7)",0,0.0,False,0.47,0.0,False,,69,3.25,-3.25,0.0,2.0,True,False,1
194,blocks.2.mlp.2,element,7,"(132, 3, 18)",2,0.01,True,0.47,0.0,False,,249,-288.0,288.0,0.0,2.0,True,False,1
195,blocks.5.attn.qkv,element,3,"(78, 5, 26)",0,0.0,False,0.47,0.0,False,,97,36.0,72.0,1.0,1.0,False,False,1
196,blocks.0.attn.qkv,element,3,"(73, 0, 8)",0,0.0,False,0.47,0.0,False,,241,-144.0,-288.0,0.9999995231628418,1.0,False,False,1
197,blocks.0.attn.qkv,element,3,"(283, 1, 24)",1,0.005,True,0.475,-0.0050000000000000044,False,,120,256.0,128.0,1.0,0.5,False,False,1
198,blocks.4.mlp.0,element,2,"(542, 4, 7)",0,0.0,False,0.47,0.0,False,,227,-44.0,-60.0,0.44745874404907227,0.3636363744735718,False,False,1
199,blocks.5.attn.qkv,element,2,"(318, 2, 18)",0,0.0,False,0.47,0.0,False,,126,448.0,320.0,0.4854269027709961,0.2857142984867096,False,False,1
200,blocks.1.attn.qkv,element,2,"(454, 4, 21)",0,0.0,False,0.47,0.0,False,,233,-72.0,-104.0,0.5305147171020508,0.4444444477558136,False,False,1
201,blocks.5.attn.qkv,element,5,"(249, 1, 17)",0,0.0,False,0.47,0.0,False,,80,8.0,128.0,4.0,15.0,False,False,1
202,blocks.0.attn.qkv,scale,2,"(365, 1)",0,0.0,False,0.47,0.0,False,,116,116.0,112.0,4.0,inf,False,False,32
203,blocks.1.attn.qkv,element,7,"(421, 4, 2)",0,0.0,False,0.47,0.0,False,,237,-104.0,104.0,0.0,2.0,True,False,1
204,blocks.1.attn.qkv,element,7,"(99, 4, 17)",0,0.0,False,0.47,0.0,False,,115,176.0,-176.0,0.0,2.0,True,False,1
205,blocks.1.mlp.2,element,0,"(17, 20, 16)",0,0.0,False,0.47,0.0,False,,247,-240.0,-224.0,0.09953546524047852,0.06666667014360428,False,False,1
206,blocks.3.attn.proj,element,2,"(102, 1, 17)",200,1.0,True,0.0,0.47,True,,123,352.0,,inf,inf,False,True,1
207,blocks.4.attn.qkv,element,3,"(291, 0, 28)",0,0.0,False,0.47,0.0,False,,107,88.0,44.0,1.0,0.5,False,False,1
208,blocks.0.mlp.0,element,4,"(453, 0, 17)",0,0.0,False,0.47,0.0,False,,227,-44.0,-176.0,2.0,3.0,False,False,1
209,blocks.0.mlp.0,scale,3,"(21, 2)",20,0.1,True,0.435,0.034999999999999976,False,,115,115.0,123.0,8.0,inf,False,False,32
210,blocks.4.attn.qkv,element,7,"(468, 5, 14)",1,0.005,True,0.47,0.0,False,,251,-352.0,352.0,0.0,2.0,True,False,1
211,blocks.2.mlp.2,element,0,"(150, 4, 23)",0,0.0,False,0.47,0.0,False,,116,192.0,208.0,0.1154775619506836,0.0833333358168602,False,False,1
212,blocks.5.mlp.2,element,0,"(121, 21, 12)",0,0.0,False,0.47,0.0,False,,235,-88.0,-80.0,0.13750362396240234,0.09090909361839294,False,False,1
213,blocks.1.mlp.0,scale,4,"(722, 4)",1,0.005,True,0.47,0.0,False,,116,116.0,100.0,16.0,inf,False,False,32
214,blocks.4.mlp.0,element,2,"(278, 5, 13)",0,0.0,False,0.47,0.0,False,,204,-6.0,-4.0,0.5849626064300537,0.3333333432674408,False,False,1
215,blocks.4.mlp.2,element,7,"(4, 11, 27)",0,0.0,False,0.47,0.0,False,,206,-7.0,7.0,0.0,2.0,True,False,1
216,blocks.5.mlp.0,element,2,"(197, 2, 9)",0,0.0,False,0.47,0.0,False,,107,88.0,120.0,0.44745874404907227,0.3636363744735718,False,False,1
217,blocks.4.mlp.0,element,1,"(112, 5, 8)",0,0.0,False,0.47,0.0,False,,244,-192.0,-224.0,0.22239255905151367,0.1666666716337204,False,False,1
218,blocks.4.attn.proj,element,3,"(81, 4, 31)",0,0.0,False,0.47,0.0,False,,244,-192.0,-384.0,1.0000004768371582,1.0,False,False,1
219,blocks.0.attn.qkv,element,3,"(404, 4, 11)",0,0.0,False,0.47,0.0,False,,233,-72.0,-36.0,1.0,0.5,False,False,1
220,blocks.4.attn.qkv,element,4,"(77, 2, 22)",0,0.0,False,0.47,0.0,False,,99,44.0,176.0,2.0,3.0,False,False,1
221,blocks.2.attn.qkv,element,7,"(48, 5, 3)",0,0.0,False,0.47,0.0,False,,250,-320.0,320.0,0.0,2.0,True,False,1
222,blocks.3.attn.qkv,element,3,"(17, 2, 13)",0,0.0,False,0.47,0.0,False,,85,13.0,26.0,1.000000238418579,1.0,False,False,1
223,blocks.1.mlp.0,element,0,"(594, 5, 19)",0,0.0,False,0.47,0.0,False,,230,-56.0,-60.0,0.09953546524047852,0.0714285746216774,False,False,1
224,blocks.3.mlp.0,element,7,"(129, 2, 21)",0,0.0,False,0.47,0.0,False,,232,-64.0,64.0,0.0,2.0,True,False,1
225,blocks.5.attn.qkv,element,6,"(178, 1, 3)",0,0.0,False,0.47,0.0,False,,120,256.0,1.0,8.0,0.99609375,False,False,1
226,blocks.0.mlp.2,element,5,"(97, 8, 10)",0,0.0,False,0.47,0.0,False,,238,-112.0,-7.0,4.0,0.9375,False,False,1
227,blocks.4.mlp.2,element,5,"(70, 1, 30)",1,0.005,True,0.475,-0.0050000000000000044,False,,123,352.0,22.0,4.0,0.9375,False,False,1
228,blocks.2.mlp.0,element,2,"(63, 5, 29)",0,0.0,False,0.47,0.0,False,,233,-72.0,-104.0,0.5305147171020508,0.4444444477558136,False,False,1
229,blocks.0.mlp.2,element,2,"(129, 17, 29)",0,0.0,False,0.47,0.0,False,,105,72.0,104.0,0.5305147171020508,0.4444444477558136,False,False,1
230,blocks.5.attn.qkv,element,1,"(288, 3, 2)",0,0.0,False,0.47,0.0,False,,238,-112.0,-96.0,0.22239255905151367,0.1428571492433548,False,False,1
231,blocks.2.mlp.0,element,4,"(27, 4, 17)",0,0.0,False,0.47,0.0,False,,117,208.0,52.0,2.0,0.75,False,False,1
232,blocks.3.mlp.0,element,4,"(17, 2, 31)",0,0.0,False,0.47,0.0,False,,100,48.0,192.0,2.0,3.0,False,False,1
233,blocks.5.mlp.2,element,7,"(67, 8, 24)",0,0.0,False,0.47,0.0,False,,250,-320.0,320.0,0.0,2.0,True,False,1
234,head,element,2,"(48, 2, 11)",0,0.0,False,0.47,0.0,False,,52,0.75,0.5,0.5849624872207642,0.3333333432674408,False,False,1
235,blocks.2.mlp.0,element,5,"(11, 2, 1)",1,0.005,True,0.475,-0.0050000000000000044,False,,246,-224.0,-14.0,4.0,0.9375,False,False,1
236,blocks.5.mlp.2,element,1,"(131, 11, 28)",0,0.0,False,0.47,0.0,False,,239,-120.0,-104.0,0.2064504623413086,0.13333334028720856,False,False,1
237,blocks.0.mlp.2,element,5,"(61, 2, 14)",1,0.005,True,0.47,0.0,False,,121,288.0,18.0,3.999999523162842,0.9375,False,False,1
238,blocks.1.attn.qkv,element,2,"(157, 4, 0)",0,0.0,False,0.47,0.0,False,,114,160.0,224.0,0.4854269027709961,0.4000000059604645,False,False,1
239,blocks.2.attn.proj,element,7,"(160, 1, 18)",0,0.0,False,0.47,0.0,False,,106,80.0,-80.0,0.0,2.0,True,False,1
240,blocks.0.attn.proj,element,0,"(73, 1, 27)",0,0.0,False,0.47,0.0,False,,233,-72.0,-64.0,0.16992521286010742,0.1111111119389534,False,False,1
241,blocks.0.mlp.2,element,6,"(82, 4, 10)",0,0.0,False,0.47,0.0,False,,237,-104.0,-0.40625,8.0,0.99609375,False,False,1
242,blocks.4.mlp.2,element,4,"(6, 0, 7)",0,0.0,False,0.47,0.0,False,,251,-352.0,-88.0,2.0,0.75,False,False,1
243,blocks.3.mlp.0,element,1,"(547, 3, 13)",0,0.0,False,0.47,0.0,False,,105,72.0,88.0,0.2895064353942871,0.2222222238779068,False,False,1
244,blocks.3.mlp.0,element,6,"(61, 4, 6)",0,0.0,False,0.47,0.0,False,,226,-40.0,-0.15625,8.0,0.99609375,False,False,1
245,blocks.3.mlp.0,scale,6,"(660, 2)",1,0.005,True,0.475,-0.0050000000000000044,False,,116,116.0,52.0,64.0,inf,False,False,32
246,blocks.0.mlp.2,element,3,"(110, 18, 12)",0,0.0,False,0.47,0.0,False,,110,112.0,56.0,1.0,0.5,False,False,1
247,blocks.0.attn.qkv,element,4,"(261, 5, 8)",0,0.0,False,0.47,0.0,False,,65,2.25,9.0,2.0,3.0,False,False,1
248,blocks.2.attn.qkv,element,6,"(184, 0, 12)",0,0.0,False,0.47,0.0,False,,228,-48.0,-0.1875,8.0,0.99609375,False,False,1
249,blocks.4.mlp.2,element,0,"(159, 0, 6)",0,0.0,False,0.47,0.0,False,,241,-144.0,-128.0,0.16992521286010742,0.1111111119389534,False,False,1
250,blocks.4.mlp.0,element,2,"(664, 4, 0)",0,0.0,False,0.47,0.0,False,,106,80.0,112.0,0.4854269027709961,0.4000000059604645,False,False,1
251,blocks.0.attn.qkv,element,7,"(24, 4, 26)",1,0.005,True,0.47,0.0,False,,244,-192.0,192.0,0.0,2.0,True,False,1
252,blocks.2.mlp.2,element,4,"(111, 15, 30)",0,0.0,False,0.47,0.0,False,,83,11.0,2.75,2.0,0.75,False,False,1
253,blocks.2.mlp.2,element,7,"(4, 13, 0)",1,0.005,True,0.47,0.0,False,,109,104.0,-104.0,0.0,2.0,True,False,1
254,blocks.4.attn.qkv,element,7,"(102, 3, 30)",0,0.0,False,0.47,0.0,False,,234,-80.0,80.0,0.0,2.0,True,False,1
255,blocks.4.attn.qkv,element,0,"(409, 0, 23)",0,0.0,False,0.47,0.0,False,,228,-48.0,-52.0,0.1154775619506836,0.0833333358168602,False,False,1
256,blocks.2.mlp.0,element,4,"(7, 2, 27)",1,0.005,True,0.475,-0.0050000000000000044,False,,229,-52.0,-208.0,2.0,3.0,False,False,1
257,blocks.4.attn.qkv,element,2,"(391, 5, 1)",0,0.0,False,0.47,0.0,False,,242,-160.0,-224.0,0.4854269027709961,0.4000000059604645,False,False,1
258,blocks.0.mlp.2,element,3,"(45, 15, 26)",0,0.0,False,0.47,0.0,False,,105,72.0,36.0,1.0,0.5,False,False,1
259,blocks.3.attn.qkv,element,5,"(200, 3, 11)",0,0.0,False,0.47,0.0,False,,108,96.0,6.0,3.999999761581421,0.9375,False,False,1
260,blocks.2.mlp.2,scale,5,"(102, 4)",1,0.005,True,0.47,0.0,False,,115,115.0,83.0,32.0,inf,False,False,32
261,blocks.3.mlp.0,element,4,"(609, 4, 1)",0,0.0,False,0.47,0.0,False,,118,224.0,56.0,2.0,0.75,False,False,1
262,blocks.5.attn.qkv,element,7,"(172, 5, 4)",1,0.005,True,0.475,-0.0050000000000000044,False,,122,320.0,-320.0,0.0,2.0,True,False,1
263,blocks.4.mlp.0,element,6,"(268, 1, 7)",0,0.0,False,0.47,0.0,False,,95,30.0,0.1171875,8.0,0.99609375,False,False,1
264,blocks.2.attn.proj,element,4,"(60, 5, 26)",0,0.0,False,0.47,0.0,False,,115,176.0,44.0,2.0,0.75,False,False,1
265,blocks.3.attn.proj,element,2,"(168, 3, 11)",0,0.0,False,0.47,0.0,False,,240,-128.0,-192.0,0.5849623680114746,0.5,False,False,1
266,blocks.1.mlp.2,element,4,"(162, 6, 8)",0,0.0,False,0.47,0.0,False,,82,10.0,2.5,1.9999998807907104,0.75,False,False,1
267,blocks.0.attn.qkv,element,2,"(318, 1, 26)",0,0.0,False,0.47,0.0,False,,242,-160.0,-224.0,0.4854269027709961,0.4000000059604645,False,False,1
268,blocks.3.mlp.2,element,2,"(180, 7, 9)",0,0.0,False,0.47,0.0,False,,113,144.0,208.0,0.5305147171020508,0.4444444477558136,False,False,1
269,blocks.2.attn.proj,element,0,"(115, 5, 12)",0,0.0,False,0.47,0.0,False,,219,-22.0,-20.0,0.13750362396240234,0.09090909361839294,False,False,1
270,blocks.2.mlp.0,element,3,"(602, 0, 3)",0,0.0,False,0.47,0.0,False,,89,18.0,9.0,1.000000238418579,0.5,False,False,1
271,blocks.2.attn.proj,element,6,"(60, 5, 26)",0,0.0,False,0.47,0.0,False,,115,176.0,0.6875,8.0,0.99609375,False,False,1
272,blocks.0.mlp.0,element,5,"(337, 1, 30)",0,0.0,False,0.47,0.0,False,,101,52.0,3.25,4.0,0.9375,False,False,1
273,blocks.5.attn.proj,element,2,"(58, 2, 11)",0,0.0,False,0.47,0.0,False,,118,224.0,160.0,0.4854269027709961,0.2857142984867096,False,False,1
274,blocks.1.mlp.0,element,6,"(154, 4, 29)",0,0.0,False,0.47,0.0,False,,233,-72.0,-0.28125,8.0,0.99609375,False,False,1
275,blocks.0.mlp.0,element,1,"(52, 0, 21)",0,0.0,False,0.47,0.0,False,,222,-28.0,-24.0,0.22239255905151367,0.1428571492433548,False,False,1
276,blocks.1.mlp.2,element,2,"(68, 2, 18)",0,0.0,False,0.47,0.0,False,,203,-5.5,-7.5,0.44745898246765137,0.3636363744735718,False,False,1
277,blocks.3.mlp.2,element,3,"(53, 12, 24)",0,0.0,False,0.47,0.0,False,,241,-144.0,-288.0,0.9999995231628418,1.0,False,False,1
278,blocks.3.mlp.2,element,4,"(33, 21, 29)",0,0.0,False,0.47,0.0,False,,241,-144.0,-36.0,2.0,0.75,False,False,1
279,blocks.1.attn.qkv,element,3,"(553, 1, 1)",0,0.0,False,0.47,0.0,False,,108,96.0,48.0,1.0,0.5,False,False,1
280,blocks.3.mlp.2,element,0,"(109, 21, 7)",0,0.0,False,0.47,0.0,False,,220,-24.0,-26.0,0.1154775619506836,0.0833333358168602,False,False,1
281,blocks.4.mlp.0,element,7,"(453, 4, 17)",1,0.005,True,0.475,-0.0050000000000000044,False,,103,60.0,-60.0,0.0,2.0,True,False,1
282,blocks.5.mlp.2,element,6,"(64, 0, 27)",0,0.0,False,0.47,0.0,False,,121,288.0,1.125,7.999999523162842,0.99609375,False,False,1
283,blocks.1.attn.proj,element,6,"(76, 4, 13)",1,0.005,True,0.475,-0.0050000000000000044,False,,249,-288.0,-1.125,7.999999523162842,0.99609375,False,False,1
284,blocks.3.mlp.0,element,1,"(401, 2, 21)",0,0.0,False,0.47,0.0,False,,102,56.0,48.0,0.22239255905151367,0.1428571492433548,False,False,1
285,blocks.5.attn.proj,element,0,"(84, 3, 23)",0,0.0,False,0.47,0.0,False,,214,-14.0,-15.0,0.09953570365905762,0.0714285746216774,False,False,1
286,blocks.5.attn.proj,element,5,"(15, 1, 3)",0,0.0,False,0.47,0.0,False,,106,80.0,5.0,4.0,0.9375,False,False,1
287,blocks.3.mlp.0,element,5,"(252, 0, 3)",0,0.0,False,0.47,0.0,False,,241,-144.0,-9.0,4.0,0.9375,False,False,1
288,blocks.0.mlp.0,element,3,"(229, 3, 11)",0,0.0,False,0.47,0.0,False,,227,-44.0,-88.0,1.0,1.0,False,False,1
289,blocks.4.attn.qkv,element,7,"(324, 5, 6)",0,0.0,False,0.47,0.0,False,,114,160.0,-160.0,0.0,2.0,True,False,1
290,blocks.3.mlp.2,element,3,"(68, 6, 3)",0,0.0,False,0.47,0.0,False,,245,-208.0,-416.0,0.9999995231628418,1.0,False,False,1
291,blocks.3.mlp.2,element,7,"(138, 7, 3)",0,0.0,False,0.47,0.0,False,,88,16.0,-16.0,0.0,2.0,True,False,1
292,blocks.4.mlp.2,element,0,"(60, 5, 14)",0,0.0,False,0.47,0.0,False,,114,160.0,176.0,0.13750362396240234,0.10000000149011612,False,False,1
293,blocks.2.mlp.2,element,4,"(186, 17, 7)",0,0.0,False,0.47,0.0,False,,115,176.0,44.0,2.0,0.75,False,False,1
294,blocks.3.mlp.2,element,5,"(89, 15, 29)",0,0.0,False,0.47,0.0,False,,246,-224.0,-14.0,4.0,0.9375,False,False,1
295,blocks.5.mlp.0,element,4,"(312, 2, 31)",0,0.0,False,0.47,0.0,False,,96,32.0,128.0,2.0,3.0,False,False,1
296,blocks.1.attn.qkv,element,7,"(78, 4, 21)",0,0.0,False,0.47,0.0,False,,106,80.0,-80.0,0.0,2.0,True,False,1
297,blocks.3.attn.qkv,element,0,"(242, 4, 26)",0,0.0,False,0.47,0.0,False,,227,-44.0,-40.0,0.13750362396240234,0.09090909361839294,False,False,1
298,blocks.1.mlp.0,element,1,"(563, 5, 21)",0,0.0,False,0.47,0.0,False,,111,120.0,104.0,0.2064504623413086,0.13333334028720856,False,False,1
299,blocks.3.mlp.2,element,4,"(70, 8, 14)",0,0.0,False,0.47,0.0,False,,228,-48.0,-192.0,2.0,3.0,False,False,1
300,blocks.4.mlp.2,element,5,"(118, 19, 4)",1,0.005,True,0.47,0.0,False,,221,-26.0,-416.0,3.999999523162842,15.0,False,False,1
301,blocks.5.mlp.0,element,6,"(537, 3, 15)",0,0.0,False,0.47,0.0,False,,32,0.125,32.0,8.0,255.0,False,False,1
302,blocks.3.attn.proj,element,7,"(113, 1, 15)",1,0.005,True,0.47,0.0,False,,108,96.0,-96.0,0.0,2.0,True,False,1
303,blocks.3.mlp.2,element,2,"(90, 20, 0)",0,0.0,False,0.47,0.0,False,,202,-5.0,-7.0,0.4854269027709961,0.4000000059604645,False,False,1
304,blocks.5.mlp.2,element,2,"(178, 7, 18)",0,0.0,False,0.47,0.0,False,,219,-22.0,-30.0,0.44745874404907227,0.3636363744735718,False,False,1
305,blocks.0.mlp.0,element,1,"(30, 5, 10)",1,0.005,True,0.47,0.0,False,,120,256.0,320.0,0.3219280242919922,0.25,False,False,1
306,blocks.1.mlp.2,element,6,"(177, 23, 29)",0,0.0,False,0.47,0.0,False,,228,-48.0,-0.1875,8.0,0.99609375,False,False,1
307,blocks.0.attn.qkv,element,1,"(337, 3, 20)",0,0.0,False,0.47,0.0,False,,237,-104.0,-120.0,0.2064504623413086,0.1538461595773697,False,False,1
308,blocks.1.mlp.2,element,3,"(50, 5, 12)",0,0.0,False,0.47,0.0,False,,211,-11.0,-22.0,1.0,1.0,False,False,1
309,blocks.0.attn.qkv,element,0,"(81, 1, 15)",0,0.0,False,0.47,0.0,False,,159,-0.1171875,-0.109375,0.09953570365905762,0.06666667014360428,False,False,1
310,blocks.0.mlp.2,element,6,"(108, 4, 6)",0,0.0,False,0.47,0.0,False,,126,448.0,1.75,8.0,0.99609375,False,False,1
311,blocks.4.mlp.0,element,6,"(350, 2, 4)",0,0.0,False,0.47,0.0,False,,101,52.0,0.203125,8.0,0.99609375,False,False,1
312,blocks.3.attn.qkv,element,1,"(510, 1, 24)",0,0.0,False,0.47,0.0,False,,224,-32.0,-40.0,0.3219280242919922,0.25,False,False,1
313,blocks.0.mlp.0,element,1,"(438, 1, 22)",0,0.0,False,0.47,0.0,False,,246,-224.0,-192.0,0.22239255905151367,0.1428571492433548,False,False,1
314,blocks.5.mlp.2,element,6,"(123, 4, 14)",0,0.0,False,0.47,0.0,False,,234,-80.0,-0.3125,8.0,0.99609375,False,False,1
315,blocks.3.mlp.2,element,0,"(114, 14, 8)",0,0.0,False,0.47,0.0,False,,248,-256.0,-288.0,0.16992473602294922,0.125,False,False,1
316,blocks.3.attn.proj,element,3,"(32, 2, 18)",0,0.0,False,0.47,0.0,False,,122,320.0,160.0,1.0,0.5,False,False,1
317,blocks.3.mlp.0,element,4,"(308, 4, 7)",1,0.005,True,0.47,0.0,False,,232,-64.0,-256.0,2.0,3.0,False,False,1
318,blocks.0.mlp.2,element,1,"(68, 5, 14)",0,0.0,False,0.47,0.0,False,,103,60.0,52.0,0.2064504623413086,0.13333334028720856,False,False,1
319,blocks.5.attn.proj,element,3,"(96, 0, 23)",0,0.0,False,0.47,0.0,False,,202,-5.0,-2.5,0.9999998807907104,0.5,False,False,1
320,blocks.3.mlp.0,element,2,"(318, 5, 20)",0,0.0,False,0.47,0.0,False,,115,176.0,240.0,0.44745874404907227,0.3636363744735718,False,False,1
321,blocks.5.mlp.2,element,3,"(149, 18, 6)",0,0.0,False,0.47,0.0,False,,76,6.0,3.0,1.0000001192092896,0.5,False,False,1
322,blocks.0.mlp.2,element,7,"(87, 4, 20)",0,0.0,False,0.47,0.0,False,,102,56.0,-56.0,0.0,2.0,True,False,1
323,blocks.0.mlp.0,element,0,"(717, 0, 25)",0,0.0,False,0.47,0.0,False,,228,-48.0,-52.0,0.1154775619506836,0.0833333358168602,False,False,1
324,blocks.0.mlp.0,element,5,"(534, 0, 30)",0,0.0,False,0.47,0.0,False,,203,-5.5,-88.0,4.0,15.0,False,False,1
325,blocks.1.mlp.0,element,3,"(247, 3, 28)",0,0.0,False,0.47,0.0,False,,109,104.0,52.0,1.0,0.5,False,False,1
326,blocks.2.mlp.2,element,3,"(190, 22, 31)",0,0.0,False,0.47,0.0,False,,82,10.0,20.0,1.0,1.0,False,False,1
327,blocks.0.attn.proj,element,3,"(93, 5, 4)",0,0.0,False,0.47,0.0,False,,96,32.0,64.0,1.0,1.0,False,False,1
328,blocks.1.mlp.2,element,4,"(31, 4, 17)",0,0.0,False,0.47,0.0,False,,65,2.25,9.0,2.0,3.0,False,False,1
329,blocks.1.mlp.2,element,1,"(52, 20, 21)",0,0.0,False,0.47,0.0,False,,81,9.0,11.0,0.2895066738128662,0.2222222238779068,False,False,1
330,blocks.1.attn.qkv,element,3,"(554, 4, 15)",0,0.0,False,0.47,0.0,False,,239,-120.0,-60.0,1.0,0.5,False,False,1
331,blocks.1.mlp.2,element,3,"(94, 12, 10)",0,0.0,False,0.47,0.0,False,,102,56.0,112.0,1.0,1.0,False,False,1
332,blocks.3.mlp.0,element,7,"(141, 3, 8)",2,0.01,True,0.475,-0.0050000000000000044,False,,250,-320.0,320.0,0.0,2.0,True,False,1
333,blocks.2.mlp.0,element,5,"(256, 3, 28)",0,0.0,False,0.47,0.0,False,,81,9.0,144.0,4.0,15.0,False,False,1
334,blocks.4.mlp.0,element,7,"(400, 5, 27)",0,0.0,False,0.47,0.0,False,,110,112.0,-112.0,0.0,2.0,True,False,1
335,blocks.4.mlp.0,element,4,"(434, 4, 27)",0,0.0,False,0.47,0.0,False,,229,-52.0,-208.0,2.0,3.0,False,False,1
336,blocks.5.mlp.2,element,6,"(32, 19, 0)",0,0.0,False,0.47,0.0,False,,240,-128.0,-0.5,8.0,0.99609375,False,False,1
337,blocks.5.mlp.2,element,1,"(56, 9, 3)",0,0.0,False,0.47,0.0,False,,75,5.5,4.5,0.2895066738128662,0.1818181872367859,False,False,1
338,blocks.4.attn.qkv,element,0,"(380, 2, 7)",0,0.0,False,0.47,0.0,False,,230,-56.0,-60.0,0.09953546524047852,0.0714285746216774,False,False,1
339,blocks.5.mlp.2,element,4,"(80, 16, 0)",0,0.0,False,0.47,0.0,False,,231,-60.0,-240.0,2.0,3.0,False,False,1
340,blocks.1.mlp.0,element,6,"(537, 0, 25)",0,0.0,False,0.47,0.0,False,,220,-24.0,-0.09375,8.0,0.99609375,False,False,1
341,blocks.1.attn.qkv,element,7,"(284, 3, 25)",0,0.0,False,0.47,0.0,False,,232,-64.0,64.0,0.0,2.0,True,False,1
342,blocks.4.attn.qkv,element,7,"(379, 3, 29)",0,0.0,False,0.47,0.0,False,,220,-24.0,24.0,0.0,2.0,True,False,1
343,blocks.5.mlp.0,element,1,"(103, 4, 1)",0,0.0,False,0.47,0.0,False,,233,-72.0,-88.0,0.2895064353942871,0.2222222238779068,False,False,1
344,blocks.2.mlp.0,element,7,"(273, 1, 5)",0,0.0,False,0.47,0.0,False,,94,28.0,-28.0,0.0,2.0,True,False,1
345,blocks.5.mlp.0,element,2,"(357, 1, 5)",0,0.0,False,0.47,0.0,False,,233,-72.0,-104.0,0.5305147171020508,0.4444444477558136,False,False,1
346,blocks.3.mlp.2,element,4,"(57, 4, 7)",1,0.005,True,0.47,0.0,False,,237,-104.0,-416.0,1.9999995231628418,3.0,False,False,1
347,blocks.4.mlp.2,scale,1,"(131, 5)",1,0.005,True,0.475,-0.0050000000000000044,False,,116,116.0,118.0,2.0,inf,False,False,32
348,blocks.3.attn.qkv,element,0,"(92, 2, 16)",0,0.0,False,0.47,0.0,False,,107,88.0,80.0,0.13750362396240234,0.09090909361839294,False,False,1
349,blocks.0.mlp.2,element,2,"(101, 8, 6)",0,0.0,False,0.47,0.0,False,,243,-176.0,-240.0,0.44745874404907227,0.3636363744735718,False,False,1
350,blocks.4.mlp.2,element,7,"(156, 18, 10)",0,0.0,False,0.47,0.0,False,,217,-18.0,18.0,0.0,2.0,True,False,1
351,blocks.4.mlp.0,element,0,"(273, 5, 1)",200,1.0,True,0.0,0.47,True,,254,-448.0,,inf,inf,False,True,1
352,blocks.4.attn.qkv,element,1,"(263, 1, 17)",0,0.0,False,0.47,0.0,False,,101,52.0,60.0,0.2064504623413086,0.1538461595773697,False,False,1
353,blocks.1.attn.qkv,element,6,"(382, 1, 22)",0,0.0,False,0.47,0.0,False,,231,-60.0,-0.234375,8.0,0.99609375,False,False,1
354,blocks.3.mlp.2,element,7,"(175, 23, 5)",0,0.0,False,0.47,0.0,False,,82,10.0,-10.0,0.0,2.0,True,False,1
355,blocks.4.mlp.0,element,7,"(444, 3, 4)",1,0.005,True,0.47,0.0,False,,241,-144.0,144.0,0.0,2.0,True,False,1
356,blocks.4.mlp.2,element,4,"(27, 2, 30)",0,0.0,False,0.47,0.0,False,,217,-18.0,-4.5,2.000000238418579,0.75,False,False,1
357,blocks.1.attn.qkv,element,1,"(303, 0, 13)",0,0.0,False,0.47,0.0,False,,104,64.0,80.0,0.3219280242919922,0.25,False,False,1
358,blocks.4.mlp.2,element,7,"(100, 12, 23)",0,0.0,False,0.47,0.0,False,,100,48.0,-48.0,0.0,2.0,True,False,1
359,blocks.4.mlp.0,element,2,"(199, 5, 11)",200,1.0,True,0.0,0.47,True,,123,352.0,,inf,inf,False,True,1
360,blocks.5.mlp.2,element,0,"(184, 19, 0)",0,0.0,False,0.47,0.0,False,,239,-120.0,-112.0,0.09953546524047852,0.06666667014360428,False,False,1
361,blocks.2.mlp.2,element,2,"(164, 4, 25)",0,0.0,False,0.47,0.0,False,,115,176.0,240.0,0.44745874404907227,0.3636363744735718,False,False,1
362,blocks.3.attn.qkv,element,2,"(65, 2, 12)",0,0.0,False,0.47,0.0,False,,94,28.0,20.0,0.4854269027709961,0.2857142984867096,False,False,1
363,blocks.3.mlp.2,element,1,"(96, 6, 20)",0,0.0,False,0.47,0.0,False,,250,-320.0,-256.0,0.3219280242919922,0.20000000298023224,False,False,1
364,blocks.0.attn.proj,element,5,"(149, 5, 29)",0,0.0,False,0.47,0.0,False,,109,104.0,6.5,4.0,0.9375,False,False,1
365,blocks.1.attn.qkv,element,2,"(216, 5, 28)",0,0.0,False,0.47,0.0,False,,97,36.0,52.0,0.5305147171020508,0.4444444477558136,False,False,1
366,blocks.1.mlp.0,element,4,"(51, 3, 26)",0,0.0,False,0.47,0.0,False,,240,-128.0,-32.0,2.0,0.75,False,False,1
367,head,element,2,"(45, 4, 22)",1,0.005,True,0.475,-0.0050000000000000044,False,,108,96.0,64.0,0.5849623680114746,0.3333333432674408,False,False,1
368,blocks.5.mlp.0,element,7,"(278, 4, 0)",0,0.0,False,0.47,0.0,False,,114,160.0,-160.0,0.0,2.0,True,False,1
369,blocks.5.attn.qkv,element,2,"(506, 5, 12)",0,0.0,False,0.47,0.0,False,,233,-72.0,-104.0,0.5305147171020508,0.4444444477558136,False,False,1
370,blocks.2.mlp.0,element,1,"(67, 4, 2)",0,0.0,False,0.47,0.0,False,,228,-48.0,-56.0,0.22239255905151367,0.1666666716337204,False,False,1
371,blocks.1.mlp.2,element,0,"(115, 1, 19)",0,0.0,False,0.47,0.0,False,,250,-320.0,-352.0,0.13750362396240234,0.10000000149011612,False,False,1
372,blocks.3.attn.qkv,element,4,"(220, 0, 11)",0,0.0,False,0.47,0.0,False,,97,36.0,144.0,2.0,3.0,False,False,1
373,blocks.1.attn.qkv,element,0,"(359, 1, 7)",0,0.0,False,0.47,0.0,False,,113,144.0,128.0,0.16992521286010742,0.1111111119389534,False,False,1
374,blocks.2.mlp.2,element,7,"(109, 18, 31)",1,0.005,True,0.47,0.0,False,,122,320.0,-320.0,0.0,2.0,True,False,1
375,blocks.1.mlp.2,element,5,"(1, 0, 8)",0,0.0,False,0.47,0.0,False,,115,176.0,11.0,4.0,0.9375,False,False,1
376,blocks.4.mlp.0,element,7,"(666, 2, 2)",0,0.0,False,0.47,0.0,False,,248,-256.0,256.0,0.0,2.0,True,False,1
377,blocks.2.mlp.0,element,4,"(619, 0, 13)",0,0.0,False,0.47,0.0,False,,215,-15.0,-3.75,2.0,0.75,False,False,1
378,blocks.1.attn.qkv,element,0,"(534, 1, 20)",0,0.0,False,0.47,0.0,False,,233,-72.0,-64.0,0.16992521286010742,0.1111111119389534,False,False,1
379,blocks.5.mlp.2,element,5,"(151, 14, 15)",0,0.0,False,0.47,0.0,False,,117,208.0,13.0,4.0,0.9375,False,False,1
380,blocks.4.mlp.0,element,7,"(364, 2, 8)",0,0.0,False,0.47,0.0,False,,100,48.0,-48.0,0.0,2.0,True,False,1
381,blocks.4.attn.qkv,element,1,"(574, 1, 0)",0,0.0,False,0.47,0.0,False,,249,-288.0,-352.0,0.2895069122314453,0.2222222238779068,False,False,1
382,blocks.1.attn.qkv,element,3,"(515, 4, 24)",0,0.0,False,0.47,0.0,False,,107,88.0,44.0,1.0,0.5,False,False,1
383,blocks.3.mlp.0,element,5,"(81, 3, 28)",0,0.0,False,0.47,0.0,False,,241,-144.0,-9.0,4.0,0.9375,False,False,1
384,blocks.1.attn.qkv,element,7,"(490, 2, 23)",0,0.0,False,0.47,0.0,False,,245,-208.0,208.0,0.0,2.0,True,False,1
385,blocks.5.mlp.2,element,5,"(97, 5, 16)",0,0.0,False,0.47,0.0,False,,250,-320.0,-20.0,4.0,0.9375,False,False,1
386,blocks.2.mlp.2,element,5,"(104, 0, 23)",0,0.0,False,0.47,0.0,False,,110,112.0,7.0,4.0,0.9375,False,False,1
387,blocks.2.mlp.0,element,2,"(41, 4, 31)",0,0.0,False,0.47,0.0,False,,114,160.0,224.0,0.4854269027709961,0.4000000059604645,False,False,1
388,blocks.4.mlp.0,element,4,"(546, 1, 15)",0,0.0,False,0.47,0.0,False,,226,-40.0,-160.0,2.0,3.0,False,False,1
389,blocks.3.mlp.2,element,0,"(78, 21, 11)",0,0.0,False,0.47,0.0,False,,249,-288.0,-256.0,0.16992473602294922,0.1111111119389534,False,False,1
390,blocks.2.attn.proj,element,6,"(36, 0, 27)",0,0.0,False,0.47,0.0,False,,114,160.0,0.625,8.0,0.99609375,False,False,1
391,blocks.2.mlp.0,element,1,"(5, 3, 10)",0,0.0,False,0.47,0.0,False,,247,-240.0,-208.0,0.2064504623413086,0.13333334028720856,False,False,1
392,blocks.3.mlp.0,element,3,"(600, 3, 8)",0,0.0,False,0.47,0.0,False,,248,-256.0,-128.0,1.0,0.5,False,False,1
393,blocks.1.mlp.2,element,0,"(14, 18, 18)",0,0.0,False,0.47,0.0,False,,243,-176.0,-160.0,0.13750362396240234,0.09090909361839294,False,False,1
394,blocks.2.attn.qkv,element,0,"(68, 3, 17)",0,0.0,False,0.47,0.0,False,,234,-80.0,-88.0,0.13750362396240234,0.10000000149011612,False,False,1
395,blocks.5.attn.qkv,element,1,"(563, 4, 25)",0,0.0,False,0.47,0.0,False,,81,9.0,11.0,0.2895066738128662,0.2222222238779068,False,False,1
396,blocks.2.mlp.0,element,5,"(719, 3, 19)",0,0.0,False,0.47,0.0,False,,122,320.0,20.0,4.0,0.9375,False,False,1
397,blocks.0.attn.qkv,element,4,"(285, 0, 9)",0,0.0,False,0.47,0.0,False,,246,-224.0,-56.0,2.0,0.75,False,False,1
398,blocks.4.mlp.2,element,0,"(168, 21, 6)",0,0.0,False,0.47,0.0,False,,245,-208.0,-192.0,0.1154775619506836,0.07692307978868484,False,False,1
399,blocks.2.mlp.2,element,1,"(183, 7, 25)",0,0.0,False,0.47,0.0,False,,114,160.0,128.0,0.3219280242919922,0.20000000298023224,False,False,1
400,blocks.0.mlp.2,element,0,"(85, 0, 6)",0,0.0,False,0.47,0.0,False,,230,-56.0,-60.0,0.09953546524047852,0.0714285746216774,False,False,1
401,blocks.5.attn.proj,element,3,"(179, 1, 23)",0,0.0,False,0.47,0.0,False,,99,44.0,88.0,1.0,1.0,False,False,1
402,blocks.0.mlp.0,element,4,"(217, 5, 12)",0,0.0,False,0.47,0.0,False,,244,-192.0,-48.0,2.0,0.75,False,False,1
403,blocks.0.mlp.2,element,1,"(153, 19, 8)",0,0.0,False,0.47,0.0,False,,235,-88.0,-72.0,0.2895064353942871,0.1818181872367859,False,False,1
404,blocks.2.mlp.0,element,5,"(519, 5, 22)",0,0.0,False,0.47,0.0,False,,245,-208.0,-13.0,4.0,0.9375,False,False,1
405,blocks.2.mlp.0,element,3,"(411, 3, 27)",0,0.0,False,0.47,0.0,False,,231,-60.0,-120.0,1.0,1.0,False,False,1
406,blocks.5.mlp.2,element,7,"(179, 10, 28)",0,0.0,False,0.47,0.0,False,,100,48.0,-48.0,0.0,2.0,True,False,1
407,blocks.2.mlp.2,element,4,"(126, 0, 12)",0,0.0,False,0.47,0.0,False,,234,-80.0,-320.0,2.0,3.0,False,False,1
408,blocks.5.attn.qkv,element,0,"(425, 1, 19)",0,0.0,False,0.47,0.0,False,,114,160.0,176.0,0.13750362396240234,0.10000000149011612,False,False,1
409,blocks.5.attn.qkv,element,4,"(497, 2, 24)",0,0.0,False,0.47,0.0,False,,118,224.0,56.0,2.0,0.75,False,False,1
410,blocks.1.mlp.0,element,0,"(193, 4, 19)",0,0.0,False,0.47,0.0,False,,90,20.0,22.0,0.13750362396240234,0.10000000149011612,False,False,1
411,blocks.0.mlp.2,element,4,"(108, 15, 2)",0,0.0,False,0.47,0.0,False,,104,64.0,256.0,2.0,3.0,False,False,1
412,blocks.1.mlp.0,element,1,"(457, 2, 10)",0,0.0,False,0.47,0.0,False,,238,-112.0,-96.0,0.22239255905151367,0.1428571492433548,False,False,1
413,blocks.0.mlp.0,element,7,"(147, 2, 16)",0,0.0,False,0.47,0.0,False,,97,36.0,-36.0,0.0,2.0,True,False,1
414,blocks.4.mlp.0,element,4,"(171, 1, 15)",0,0.0,False,0.47,0.0,False,,117,208.0,52.0,2.0,0.75,False,False,1
415,blocks.5.attn.qkv,element,3,"(185, 4, 16)",0,0.0,False,0.47,0.0,False,,246,-224.0,-448.0,1.0,1.0,False,False,1
416,head,element,4,"(72, 2, 15)",0,0.0,False,0.47,0.0,False,,249,-288.0,-72.0,1.9999995231628418,0.75,False,False,1
417,blocks.4.attn.qkv,element,0,"(361, 5, 9)",0,0.0,False,0.47,0.0,False,,80,8.0,9.0,0.16992497444152832,0.125,False,False,1
418,blocks.0.mlp.0,element,6,"(763, 4, 8)",1,0.005,True,0.475,-0.0050000000000000044,False,,120,256.0,1.0,8.0,0.99609375,False,False,1
419,blocks.2.mlp.2,element,2,"(56, 21, 6)",0,0.0,False,0.47,0.0,False,,224,-32.0,-48.0,0.5849623680114746,0.5,False,False,1
420,blocks.5.mlp.0,element,1,"(345, 0, 30)",0,0.0,False,0.47,0.0,False,,217,-18.0,-22.0,0.2895064353942871,0.2222222238779068,False,False,1
421,blocks.2.attn.qkv,element,0,"(25, 3, 3)",0,0.0,False,0.47,0.0,False,,119,240.0,224.0,0.09953546524047852,0.06666667014360428,False,False,1
422,blocks.1.mlp.0,element,6,"(433, 1, 21)",0,0.0,False,0.47,0.0,False,,117,208.0,0.8125,8.0,0.99609375,False,False,1
423,blocks.5.mlp.2,element,3,"(61, 15, 20)",0,0.0,False,0.47,0.0,False,,91,22.0,11.0,1.0,0.5,False,False,1
424,blocks.4.mlp.2,element,7,"(33, 23, 5)",0,0.0,False,0.47,0.0,False,,111,120.0,-120.0,0.0,2.0,True,False,1
425,blocks.3.attn.qkv,element,7,"(224, 0, 31)",0,0.0,False,0.47,0.0,False,,109,104.0,-104.0,0.0,2.0,True,False,1
426,blocks.0.mlp.0,scale,6,"(746, 2)",2,0.01,True,0.475,-0.0050000000000000044,False,,116,116.0,52.0,64.0,inf,False,False,32
427,blocks.3.mlp.2,element,4,"(107, 22, 4)",0,0.0,False,0.47,0.0,False,,243,-176.0,-44.0,2.0,0.75,False,False,1
428,blocks.1.mlp.2,element,2,"(20, 7, 29)",0,0.0,False,0.47,0.0,False,,99,44.0,60.0,0.44745874404907227,0.3636363744735718,False,False,1
429,blocks.0.mlp.2,element,5,"(8, 7, 8)",2,0.01,True,0.475,-0.0050000000000000044,False,,246,-224.0,-14.0,4.0,0.9375,False,False,1
430,blocks.3.mlp.2,element,5,"(66, 1, 9)",0,0.0,False,0.47,0.0,False,,248,-256.0,-16.0,4.0,0.9375,False,False,1
431,blocks.1.mlp.0,element,3,"(505, 1, 31)",0,0.0,False,0.47,0.0,False,,121,288.0,144.0,0.9999995231628418,0.5,False,False,1
432,blocks.1.mlp.0,element,7,"(494, 4, 15)",0,0.0,False,0.47,0.0,False,,110,112.0,-112.0,0.0,2.0,True,False,1
433,blocks.2.attn.proj,element,0,"(123, 2, 12)",0,0.0,False,0.47,0.0,False,,93,26.0,24.0,0.1154775619506836,0.07692307978868484,False,False,1
434,blocks.0.attn.proj,element,4,"(37, 5, 6)",0,0.0,False,0.47,0.0,False,,240,-128.0,-32.0,2.0,0.75,False,False,1
435,blocks.5.mlp.0,element,4,"(636, 1, 9)",0,0.0,False,0.47,0.0,False,,223,-30.0,-7.5,1.999999761581421,0.75,False,False,1
436,blocks.5.attn.proj,element,4,"(170, 0, 4)",0,0.0,False,0.47,0.0,False,,234,-80.0,-320.0,2.0,3.0,False,False,1
437,blocks.0.mlp.2,element,1,"(189, 6, 13)",0,0.0,False,0.47,0.0,False,,97,36.0,44.0,0.2895064353942871,0.2222222238779068,False,False,1
438,blocks.4.mlp.2,element,6,"(130, 6, 20)",0,0.0,False,0.47,0.0,False,,234,-80.0,-0.3125,8.0,0.99609375,False,False,1
439,blocks.1.mlp.2,scale,2,"(24, 22)",0,0.0,False,0.47,0.0,False,,116,116.0,112.0,4.0,inf,False,False,32
440,blocks.2.mlp.0,element,0,"(20, 5, 9)",0,0.0,False,0.47,0.0,False,,121,288.0,256.0,0.16992473602294922,0.1111111119389534,False,False,1
441,blocks.5.mlp.2,element,4,"(117, 22, 20)",0,0.0,False,0.47,0.0,False,,245,-208.0,-52.0,2.0,0.75,False,False,1
442,blocks.0.attn.qkv,element,5,"(488, 3, 22)",0,0.0,False,0.47,0.0,False,,219,-22.0,-352.0,4.0,15.0,False,False,1
443,blocks.0.mlp.2,element,7,"(53, 4, 31)",0,0.0,False,0.47,0.0,False,,100,48.0,-48.0,0.0,2.0,True,False,1
444,blocks.1.mlp.2,element,7,"(18, 7, 18)",0,0.0,False,0.47,0.0,False,,66,2.5,-2.5,0.0,2.0,True,False,1
445,blocks.2.mlp.2,element,0,"(29, 6, 3)",0,0.0,False,0.47,0.0,False,,232,-64.0,-72.0,0.16992521286010742,0.125,False,False,1
446,blocks.2.mlp.0,element,0,"(188, 1, 20)",0,0.0,False,0.47,0.0,False,,241,-144.0,-128.0,0.16992521286010742,0.1111111119389534,False,False,1
447,blocks.3.mlp.2,element,3,"(111, 3, 17)",0,0.0,False,0.47,0.0,False,,103,60.0,120.0,1.0,1.0,False,False,1
448,blocks.0.mlp.2,element,4,"(125, 6, 0)",0,0.0,False,0.47,0.0,False,,235,-88.0,-352.0,2.0,3.0,False,False,1
449,blocks.5.mlp.0,element,7,"(61, 5, 31)",0,0.0,False,0.47,0.0,False,,126,448.0,-448.0,0.0,2.0,True,False,1
450,blocks.0.mlp.0,element,5,"(240, 0, 14)",0,0.0,False,0.47,0.0,False,,220,-24.0,-384.0,4.000000476837158,15.0,False,False,1
451,blocks.4.mlp.0,element,1,"(190, 4, 16)",0,0.0,False,0.47,0.0,False,,115,176.0,144.0,0.2895064353942871,0.1818181872367859,False,False,1
452,blocks.0.attn.proj,element,0,"(160, 1, 29)",0,0.0,False,0.47,0.0,False,,236,-96.0,-104.0,0.1154775619506836,0.0833333358168602,False,False,1
453,blocks.3.mlp.2,element,3,"(18, 22, 10)",0,0.0,False,0.47,0.0,False,,228,-48.0,-96.0,1.0,1.0,False,False,1
454,blocks.0.attn.proj,element,6,"(141, 0, 20)",0,0.0,False,0.47,0.0,False,,96,32.0,0.125,8.0,0.99609375,False,False,1
455,blocks.5.mlp.0,element,6,"(631, 0, 24)",0,0.0,False,0.47,0.0,False,,105,72.0,0.28125,8.0,0.99609375,False,False,1
456,blocks.5.mlp.0,element,4,"(245, 2, 26)",0,0.0,False,0.47,0.0,False,,106,80.0,320.0,2.0,3.0,False,False,1
457,blocks.0.mlp.0,element,2,"(600, 1, 15)",0,0.0,False,0.47,0.0,False,,121,288.0,416.0,0.5305147171020508,0.4444444477558136,False,False,1
458,blocks.2.mlp.2,element,7,"(175, 8, 27)",0,0.0,False,0.47,0.0,False,,207,-7.5,7.5,0.0,2.0,True,False,1
459,blocks.1.attn.qkv,element,0,"(153, 0, 9)",0,0.0,False,0.47,0.0,False,,238,-112.0,-120.0,0.09953546524047852,0.0714285746216774,False,False,1
460,blocks.5.attn.qkv,element,3,"(251, 1, 9)",0,0.0,False,0.47,0.0,False,,246,-224.0,-448.0,1.0,1.0,False,False,1
461,blocks.2.mlp.0,element,6,"(282, 2, 5)",0,0.0,False,0.47,0.0,False,,115,176.0,0.6875,8.0,0.99609375,False,False,1
462,blocks.3.attn.proj,element,7,"(184, 1, 8)",0,0.0,False,0.47,0.0,False,,241,-144.0,144.0,0.0,2.0,True,False,1
463,blocks.3.mlp.0,element,6,"(222, 2, 15)",0,0.0,False,0.47,0.0,False,,121,288.0,1.125,7.999999523162842,0.99609375,False,False,1
464,blocks.2.mlp.2,element,7,"(136, 17, 10)",0,0.0,False,0.47,0.0,False,,112,128.0,-128.0,0.0,2.0,True,False,1
465,blocks.1.attn.qkv,element,0,"(566, 3, 30)",0,0.0,False,0.47,0.0,False,,112,128.0,144.0,0.16992521286010742,0.125,False,False,1
466,blocks.1.mlp.2,element,2,"(108, 9, 24)",0,0.0,False,0.47,0.0,False,,90,20.0,28.0,0.4854269027709961,0.4000000059604645,False,False,1
467,blocks.4.attn.qkv,element,3,"(499, 2, 6)",1,0.005,True,0.47,0.0,False,,246,-224.0,-448.0,1.0,1.0,False,False,1
468,blocks.1.attn.qkv,element,3,"(546, 4, 26)",0,0.0,False,0.47,0.0,False,,243,-176.0,-352.0,1.0,1.0,False,False,1
469,blocks.4.attn.qkv,element,4,"(62, 4, 10)",0,0.0,False,0.47,0.0,False,,86,14.0,3.5,2.0,0.75,False,False,1
470,blocks.5.mlp.0,element,3,"(159, 4, 30)",0,0.0,False,0.47,0.0,False,,106,80.0,40.0,1.0,0.5,False,False,1
471,blocks.2.attn.proj,element,5,"(90, 0, 5)",0,0.0,False,0.47,0.0,False,,201,-4.5,-72.0,4.0,15.0,False,False,1
472,blocks.1.mlp.0,element,1,"(331, 1, 6)",0,0.0,False,0.47,0.0,False,,235,-88.0,-72.0,0.2895064353942871,0.1818181872367859,False,False,1
473,blocks.3.attn.qkv,element,4,"(479, 3, 24)",0,0.0,False,0.47,0.0,False,,203,-5.5,-22.0,2.0,3.0,False,False,1
474,blocks.3.attn.qkv,element,0,"(253, 5, 29)",0,0.0,False,0.47,0.0,False,,109,104.0,96.0,0.1154775619506836,0.07692307978868484,False,False,1
475,blocks.4.mlp.0,element,1,"(650, 5, 25)",0,0.0,False,0.47,0.0,False,,106,80.0,64.0,0.3219280242919922,0.20000000298023224,False,False,1
476,blocks.2.mlp.0,element,4,"(508, 5, 18)",0,0.0,False,0.47,0.0,False,,220,-24.0,-6.0,1.999999761581421,0.75,False,False,1
477,blocks.2.mlp.0,element,4,"(582, 0, 5)",0,0.0,False,0.47,0.0,False,,107,88.0,352.0,2.0,3.0,False,False,1
478,blocks.3.mlp.0,element,0,"(377, 3, 5)",0,0.0,False,0.47,0.0,False,,217,-18.0,-16.0,0.16992521286010742,0.1111111119389534,False,False,1
479,blocks.5.attn.qkv,element,0,"(565, 1, 27)",0,0.0,False,0.47,0.0,False,,89,18.0,16.0,0.16992521286010742,0.1111111119389534,False,False,1
480,blocks.2.attn.qkv,element,4,"(61, 3, 30)",0,0.0,False,0.47,0.0,False,,100,48.0,192.0,2.0,3.0,False,False,1
481,blocks.3.mlp.0,element,4,"(542, 3, 4)",1,0.005,True,0.475,-0.0050000000000000044,False,,238,-112.0,-448.0,2.0,3.0,False,False,1
482,blocks.4.attn.qkv,scale,1,"(543, 4)",1,0.005,True,0.47,0.0,False,,116,116.0,118.0,2.0,inf,False,False,32
483,blocks.4.attn.qkv,scale,5,"(51, 3)",1,0.005,True,0.475,-0.0050000000000000044,False,,116,116.0,84.0,32.0,inf,False,False,32
484,blocks.2.mlp.0,element,1,"(748, 5, 3)",0,0.0,False,0.47,0.0,False,,119,240.0,208.0,0.2064504623413086,0.13333334028720856,False,False,1
485,blocks.5.attn.qkv,element,6,"(522, 0, 11)",0,0.0,False,0.47,0.0,False,,114,160.0,0.625,8.0,0.99609375,False,False,1
486,blocks.1.mlp.0,element,3,"(280, 1, 8)",0,0.0,False,0.47,0.0,False,,233,-72.0,-36.0,1.0,0.5,False,False,1
487,blocks.3.mlp.2,element,7,"(17, 5, 24)",0,0.0,False,0.47,0.0,False,,122,320.0,-320.0,0.0,2.0,True,False,1
488,blocks.2.mlp.0,element,3,"(433, 5, 13)",0,0.0,False,0.47,0.0,False,,243,-176.0,-352.0,1.0,1.0,False,False,1
489,blocks.0.mlp.0,element,5,"(534, 4, 5)",0,0.0,False,0.47,0.0,False,,246,-224.0,-14.0,4.0,0.9375,False,False,1
490,blocks.3.mlp.2,element,1,"(19, 13, 27)",0,0.0,False,0.47,0.0,False,,236,-96.0,-112.0,0.22239255905151367,0.1666666716337204,False,False,1
491,blocks.4.mlp.0,element,3,"(425, 3, 8)",0,0.0,False,0.47,0.0,False,,250,-320.0,-160.0,1.0,0.5,False,False,1
492,blocks.5.mlp.0,element,0,"(30, 0, 31)",0,0.0,False,0.47,0.0,False,,115,176.0,160.0,0.13750362396240234,0.09090909361839294,False,False,1
493,blocks.0.mlp.0,scale,0,"(150, 0)",0,0.0,False,0.47,0.0,False,,116,116.0,117.0,1.0,inf,False,False,32
494,blocks.0.mlp.2,element,3,"(41, 1, 1)",0,0.0,False,0.47,0.0,False,,233,-72.0,-36.0,1.0,0.5,False,False,1
495,blocks.3.mlp.0,element,2,"(453, 0, 1)",0,0.0,False,0.47,0.0,False,,226,-40.0,-56.0,0.4854269027709961,0.4000000059604645,False,False,1
496,blocks.3.attn.qkv,element,4,"(423, 3, 12)",0,0.0,False,0.47,0.0,False,,97,36.0,144.0,2.0,3.0,False,False,1
497,blocks.0.mlp.0,element,4,"(645, 3, 17)",0,0.0,False,0.47,0.0,False,,229,-52.0,-208.0,2.0,3.0,False,False,1
498,blocks.4.attn.qkv,element,7,"(279, 0, 20)",0,0.0,False,0.47,0.0,False,,116,192.0,-192.0,0.0,2.0,True,False,1
499,blocks.4.mlp.0,element,4,"(450, 2, 26)",0,0.0,False,0.47,0.0,False,,247,-240.0,-60.0,2.0,0.75,False,False,1
500,blocks.0.mlp.0,element,3,"(365, 4, 2)",0,0.0,False,0.47,0.0,False,,249,-288.0,-144.0,0.9999995231628418,0.5,False,False,1
501,blocks.5.attn.qkv,element,3,"(334, 3, 26)",0,0.0,False,0.47,0.0,False,,235,-88.0,-44.0,1.0,0.5,False,False,1
502,blocks.5.mlp.2,element,2,"(158, 3, 30)",0,0.0,False,0.47,0.0,False,,239,-120.0,-88.0,0.44745874404907227,0.2666666805744171,False,False,1
503,blocks.1.mlp.2,element,1,"(84, 11, 31)",0,0.0,False,0.47,0.0,False,,111,120.0,104.0,0.2064504623413086,0.13333334028720856,False,False,1
504,blocks.4.attn.qkv,element,3,"(350, 0, 11)",0,0.0,False,0.47,0.0,False,,96,32.0,64.0,1.0,1.0,False,False,1
505,blocks.5.mlp.2,element,1,"(187, 17, 11)",0,0.0,False,0.47,0.0,False,,105,72.0,88.0,0.2895064353942871,0.2222222238779068,False,False,1
506,blocks.4.attn.proj,element,2,"(119, 0, 20)",0,0.0,False,0.47,0.0,False,,253,-416.0,-288.0,0.5305147171020508,0.3076923191547394,False,False,1
507,blocks.4.attn.proj,element,4,"(135, 4, 17)",0,0.0,False,0.47,0.0,False,,244,-192.0,-48.0,2.0,0.75,False,False,1
508,blocks.1.mlp.0,element,7,"(119, 5, 18)",1,0.005,True,0.475,-0.0050000000000000044,False,,115,176.0,-176.0,0.0,2.0,True,False,1
509,blocks.1.mlp.0,element,2,"(659, 1, 21)",0,0.0,False,0.47,0.0,False,,104,64.0,96.0,0.5849623680114746,0.5,False,False,1
510,blocks.0.mlp.2,element,6,"(39, 11, 5)",0,0.0,False,0.47,0.0,False,,232,-64.0,-0.25,8.0,0.99609375,False,False,1
511,blocks.3.mlp.0,element,3,"(563, 3, 16)",0,0.0,False,0.47,0.0,False,,253,-416.0,-208.0,0.9999995231628418,0.5,False,False,1
512,blocks.2.mlp.2,element,7,"(140, 21, 16)",1,0.005,True,0.47,0.0,False,,242,-160.0,160.0,0.0,2.0,True,False,1
513,blocks.0.mlp.0,element,2,"(375, 1, 9)",0,0.0,False,0.47,0.0,False,,91,22.0,30.0,0.44745874404907227,0.3636363744735718,False,False,1
514,blocks.1.mlp.0,element,5,"(528, 1, 29)",0,0.0,False,0.47,0.0,False,,249,-288.0,-18.0,3.999999523162842,0.9375,False,False,1
515,blocks.2.attn.qkv,element,2,"(221, 1, 3)",0,0.0,False,0.47,0.0,False,,234,-80.0,-112.0,0.4854269027709961,0.4000000059604645,False,False,1
516,blocks.0.mlp.2,element,2,"(114, 19, 27)",200,1.0,True,0.0,0.47,True,,123,352.0,,inf,inf,False,True,1
517,blocks.0.attn.proj,element,5,"(169, 2, 31)",0,0.0,False,0.47,0.0,False,,226,-40.0,-2.5,4.0,0.9375,False,False,1
518,blocks.0.attn.proj,element,5,"(111, 0, 23)",0,0.0,False,0.47,0.0,False,,219,-22.0,-352.0,4.0,15.0,False,False,1
519,blocks.3.mlp.0,element,2,"(13, 4, 10)",0,0.0,False,0.47,0.0,False,,118,224.0,160.0,0.4854269027709961,0.2857142984867096,False,False,1
520,blocks.5.mlp.2,element,6,"(177, 5, 29)",0,0.0,False,0.47,0.0,False,,102,56.0,0.21875,8.0,0.99609375,False,False,1
521,blocks.0.mlp.0,element,4,"(125, 2, 25)",0,0.0,False,0.47,0.0,False,,103,60.0,240.0,2.0,3.0,False,False,1
522,blocks.3.mlp.2,element,7,"(77, 3, 24)",0,0.0,False,0.47,0.0,False,,120,256.0,-256.0,0.0,2.0,True,False,1
523,blocks.5.mlp.0,element,3,"(718, 2, 5)",0,0.0,False,0.47,0.0,False,,235,-88.0,-44.0,1.0,0.5,False,False,1
524,blocks.3.mlp.2,element,1,"(135, 8, 22)",0,0.0,False,0.47,0.0,False,,119,240.0,208.0,0.2064504623413086,0.13333334028720856,False,False,1
525,blocks.0.mlp.2,element,5,"(122, 9, 7)",1,0.005,True,0.475,-0.0050000000000000044,False,,252,-384.0,-24.0,4.000000476837158,0.9375,False,False,1
526,blocks.4.mlp.2,element,2,"(163, 3, 6)",1,0.005,True,0.475,-0.0050000000000000044,False,,109,104.0,72.0,0.5305147171020508,0.3076923191547394,False,False,1
527,blocks.4.mlp.0,element,7,"(343, 1, 16)",0,0.0,False,0.47,0.0,False,,97,36.0,-36.0,0.0,2.0,True,False,1
528,blocks.1.mlp.0,element,5,"(123, 4, 27)",0,0.0,False,0.47,0.0,False,,107,88.0,5.5,4.0,0.9375,False,False,1
529,blocks.3.mlp.0,element,3,"(414, 4, 23)",0,0.0,False,0.47,0.0,False,,235,-88.0,-44.0,1.0,0.5,False,False,1
530,blocks.5.mlp.0,element,0,"(414, 4, 2)",0,0.0,False,0.47,0.0,False,,253,-416.0,-384.0,0.11547660827636719,0.07692307978868484,False,False,1
531,blocks.2.mlp.2,element,7,"(99, 18, 9)",0,0.0,False,0.47,0.0,False,,99,44.0,-44.0,0.0,2.0,True,False,1
532,patch_embed.proj,element,2,"(183, 1, 5)",1,0.005,True,0.475,-0.0050000000000000044,False,,96,32.0,48.0,0.5849623680114746,0.5,False,False,1
533,blocks.2.mlp.0,element,1,"(440, 0, 23)",0,0.0,False,0.47,0.0,False,,107,88.0,72.0,0.2895064353942871,0.1818181872367859,False,False,1
534,blocks.3.mlp.2,element,1,"(67, 9, 14)",0,0.0,False,0.47,0.0,False,,120,256.0,320.0,0.3219280242919922,0.25,False,False,1
535,blocks.2.mlp.0,element,7,"(649, 3, 2)",0,0.0,False,0.47,0.0,False,,88,16.0,-16.0,0.0,2.0,True,False,1
536,blocks.3.mlp.0,element,6,"(29, 3, 12)",0,0.0,False,0.47,0.0,False,,124,384.0,1.5,8.0,0.99609375,False,False,1
537,blocks.4.mlp.0,element,1,"(608, 2, 11)",0,0.0,False,0.47,0.0,False,,249,-288.0,-352.0,0.2895069122314453,0.2222222238779068,False,False,1
538,blocks.5.attn.qkv,element,7,"(492, 0, 21)",0,0.0,False,0.47,0.0,False,,119,240.0,-240.0,0.0,2.0,True,False,1
539,blocks.0.attn.proj,element,1,"(92, 2, 13)",0,0.0,False,0.47,0.0,False,,243,-176.0,-144.0,0.2895064353942871,0.1818181872367859,False,False,1
540,blocks.3.attn.qkv,element,1,"(128, 1, 28)",0,0.0,False,0.47,0.0,False,,232,-64.0,-80.0,0.3219280242919922,0.25,False,False,1
541,blocks.0.attn.proj,element,6,"(97, 4, 0)",0,0.0,False,0.47,0.0,False,,109,104.0,0.40625,8.0,0.99609375,False,False,1
542,blocks.4.attn.proj,element,7,"(71, 1, 8)",0,0.0,False,0.47,0.0,False,,94,28.0,-28.0,0.0,2.0,True,False,1
543,blocks.5.attn.proj,element,1,"(54, 4, 14)",0,0.0,False,0.47,0.0,False,,116,192.0,224.0,0.22239255905151367,0.1666666716337204,False,False,1
544,blocks.3.mlp.0,element,0,"(567, 3, 1)",0,0.0,False,0.47,0.0,False,,118,224.0,240.0,0.09953546524047852,0.0714285746216774,False,False,1
545,blocks.0.mlp.0,element,3,"(89, 4, 17)",0,0.0,False,0.47,0.0,False,,219,-22.0,-11.0,1.0,0.5,False,False,1
546,blocks.4.mlp.0,element,7,"(505, 1, 30)",0,0.0,False,0.47,0.0,False,,104,64.0,-64.0,0.0,2.0,True,False,1
547,blocks.4.mlp.2,element,0,"(160, 17, 14)",0,0.0,False,0.47,0.0,False,,240,-128.0,-144.0,0.16992521286010742,0.125,False,False,1
548,blocks.1.mlp.0,element,4,"(697, 2, 3)",0,0.0,False,0.47,0.0,False,,116,192.0,48.0,2.0,0.75,False,False,1
549,blocks.2.attn.qkv,element,1,"(502, 1, 21)",0,0.0,False,0.47,0.0,False,,110,112.0,96.0,0.22239255905151367,0.1428571492433548,False,False,1
550,blocks.1.mlp.2,element,1,"(26, 16, 16)",0,0.0,False,0.47,0.0,False,,229,-52.0,-60.0,0.2064504623413086,0.1538461595773697,False,False,1
551,blocks.0.mlp.2,element,5,"(109, 18, 2)",1,0.005,True,0.475,-0.0050000000000000044,False,,236,-96.0,-6.0,3.999999761581421,0.9375,False,False,1
552,blocks.1.mlp.0,scale,3,"(178, 4)",119,0.595,True,0.29,0.18,False,,116,116.0,124.0,8.0,inf,False,False,32
553,blocks.3.attn.proj,element,0,"(67, 4, 7)",0,0.0,False,0.47,0.0,False,,233,-72.0,-64.0,0.16992521286010742,0.1111111119389534,False,False,1
554,blocks.1.mlp.0,element,2,"(540, 2, 6)",0,0.0,False,0.47,0.0,False,,219,-22.0,-30.0,0.44745874404907227,0.3636363744735718,False,False,1
555,blocks.5.mlp.0,element,3,"(255, 1, 11)",1,0.005,True,0.475,-0.0050000000000000044,False,,241,-144.0,-288.0,0.9999995231628418,1.0,False,False,1
556,blocks.0.attn.qkv,element,7,"(274, 3, 0)",0,0.0,False,0.47,0.0,False,,244,-192.0,192.0,0.0,2.0,True,False,1
557,blocks.1.mlp.2,element,3,"(134, 9, 11)",0,0.0,False,0.47,0.0,False,,95,30.0,15.0,0.9999997615814209,0.5,False,False,1
558,blocks.4.mlp.2,element,0,"(117, 20, 11)",0,0.0,False,0.47,0.0,False,,113,144.0,128.0,0.16992521286010742,0.1111111119389534,False,False,1
559,blocks.3.mlp.0,element,0,"(85, 2, 4)",0,0.0,False,0.47,0.0,False,,252,-384.0,-416.0,0.11547660827636719,0.0833333358168602,False,False,1
560,blocks.4.mlp.0,element,3,"(242, 4, 28)",0,0.0,False,0.47,0.0,False,,217,-18.0,-9.0,1.000000238418579,0.5,False,False,1
561,blocks.1.mlp.0,element,2,"(625, 2, 26)",0,0.0,False,0.47,0.0,False,,120,256.0,384.0,0.5849628448486328,0.5,False,False,1
562,blocks.2.mlp.0,element,4,"(258, 1, 30)",0,0.0,False,0.47,0.0,False,,96,32.0,128.0,2.0,3.0,False,False,1
563,blocks.2.mlp.2,element,0,"(27, 14, 23)",0,0.0,False,0.47,0.0,False,,114,160.0,176.0,0.13750362396240234,0.10000000149011612,False,False,1
564,blocks.5.attn.qkv,element,2,"(31, 0, 12)",0,0.0,False,0.47,0.0,False,,115,176.0,240.0,0.44745874404907227,0.3636363744735718,False,False,1
565,blocks.3.mlp.0,element,4,"(147, 4, 15)",0,0.0,False,0.47,0.0,False,,119,240.0,60.0,2.0,0.75,False,False,1
566,blocks.1.mlp.2,element,6,"(14, 1, 16)",0,0.0,False,0.47,0.0,False,,243,-176.0,-0.6875,8.0,0.99609375,False,False,1
567,blocks.4.mlp.2,element,7,"(113, 23, 3)",0,0.0,False,0.47,0.0,False,,118,224.0,-224.0,0.0,2.0,True,False,1
568,blocks.0.mlp.0,element,2,"(468, 3, 13)",0,0.0,False,0.47,0.0,False,,217,-18.0,-26.0,0.5305147171020508,0.4444444477558136,False,False,1
569,blocks.1.attn.qkv,element,3,"(142, 5, 9)",0,0.0,False,0.47,0.0,False,,82,10.0,20.0,1.0,1.0,False,False,1
570,blocks.0.mlp.2,element,7,"(10, 14, 0)",0,0.0,False,0.47,0.0,False,,93,26.0,-26.0,0.0,2.0,True,False,1
571,blocks.2.mlp.0,element,5,"(31, 2, 4)",0,0.0,False,0.47,0.0,False,,241,-144.0,-9.0,4.0,0.9375,False,False,1
572,blocks.2.mlp.2,element,3,"(21, 22, 0)",0,0.0,False,0.47,0.0,False,,102,56.0,112.0,1.0,1.0,False,False,1
573,blocks.1.attn.qkv,element,7,"(72, 2, 20)",0,0.0,False,0.47,0.0,False,,235,-88.0,88.0,0.0,2.0,True,False,1
574,blocks.1.attn.qkv,element,7,"(66, 1, 30)",0,0.0,False,0.47,0.0,False,,229,-52.0,52.0,0.0,2.0,True,False,1
575,blocks.2.attn.qkv,element,6,"(115, 4, 17)",0,0.0,False,0.47,0.0,False,,243,-176.0,-0.6875,8.0,0.99609375,False,False,1
576,blocks.2.mlp.2,element,5,"(149, 7, 8)",0,0.0,False,0.47,0.0,False,,244,-192.0,-12.0,3.999999761581421,0.9375,False,False,1
577,blocks.3.mlp.0,element,0,"(732, 4, 27)",0,0.0,False,0.47,0.0,False,,96,32.0,36.0,0.16992521286010742,0.125,False,False,1
578,blocks.3.mlp.2,element,2,"(34, 18, 0)",0,0.0,False,0.47,0.0,False,,225,-36.0,-52.0,0.5305147171020508,0.4444444477558136,False,False,1
579,blocks.4.mlp.0,element,3,"(435, 0, 29)",0,0.0,False,0.47,0.0,False,,230,-56.0,-112.0,1.0,1.0,False,False,1
580,blocks.5.mlp.0,element,4,"(667, 0, 30)",0,0.0,False,0.47,0.0,False,,237,-104.0,-416.0,1.9999995231628418,3.0,False,False,1
581,blocks.2.mlp.2,element,0,"(134, 2, 9)",0,0.0,False,0.47,0.0,False,,122,320.0,352.0,0.13750362396240234,0.10000000149011612,False,False,1
582,blocks.2.mlp.0,element,2,"(277, 1, 11)",0,0.0,False,0.47,0.0,False,,106,80.0,112.0,0.4854269027709961,0.4000000059604645,False,False,1
583,blocks.0.mlp.2,element,0,"(136, 6, 17)",0,0.0,False,0.47,0.0,False,,116,192.0,208.0,0.1154775619506836,0.0833333358168602,False,False,1
584,blocks.0.attn.qkv,element,7,"(130, 1, 25)",0,0.0,False,0.47,0.0,False,,120,256.0,-256.0,0.0,2.0,True,False,1
585,blocks.3.attn.qkv,element,4,"(504, 0, 31)",0,0.0,False,0.47,0.0,False,,230,-56.0,-224.0,2.0,3.0,False,False,1
586,blocks.4.mlp.0,element,6,"(272, 4, 20)",0,0.0,False,0.47,0.0,False,,112,128.0,0.5,8.0,0.99609375,False,False,1
587,blocks.2.mlp.2,element,4,"(139, 14, 28)",0,0.0,False,0.47,0.0,False,,118,224.0,56.0,2.0,0.75,False,False,1
588,blocks.3.attn.qkv,element,0,"(171, 5, 28)",0,0.0,False,0.47,0.0,False,,229,-52.0,-48.0,0.1154775619506836,0.07692307978868484,False,False,1
589,blocks.1.mlp.0,scale,7,"(137, 4)",195,0.975,True,0.015,0.45499999999999996,True,,116,116.0,244.0,128.0,inf,False,False,32
590,blocks.4.mlp.2,element,3,"(94, 18, 18)",0,0.0,False,0.47,0.0,False,,239,-120.0,-60.0,1.0,0.5,False,False,1
591,head,element,2,"(9, 4, 9)",0,0.0,False,0.47,0.0,False,,238,-112.0,-80.0,0.4854269027709961,0.2857142984867096,False,False,1
592,blocks.0.mlp.0,element,7,"(546, 2, 17)",0,0.0,False,0.47,0.0,False,,241,-144.0,144.0,0.0,2.0,True,False,1
593,blocks.3.mlp.2,element,3,"(110, 10, 18)",0,0.0,False,0.47,0.0,False,,114,160.0,320.0,1.0,1.0,False,False,1
594,blocks.3.mlp.2,element,5,"(81, 20, 28)",0,0.0,False,0.47,0.0,False,,100,48.0,3.0,4.0,0.9375,False,False,1
595,blocks.1.attn.qkv,element,3,"(292, 0, 0)",0,0.0,False,0.47,0.0,False,,226,-40.0,-80.0,1.0,1.0,False,False,1
596,patch_embed.proj,element,2,"(73, 1, 1)",1,0.005,True,0.475,-0.0050000000000000044,False,,217,-18.0,-26.0,0.5305147171020508,0.4444444477558136,False,False,1
597,blocks.1.mlp.2,scale,1,"(154, 20)",2,0.01,True,0.47,0.0,False,,116,116.0,118.0,2.0,inf,False,False,32
598,blocks.1.mlp.2,element,0,"(123, 5, 28)",0,0.0,False,0.47,0.0,False,,221,-26.0,-24.0,0.1154775619506836,0.07692307978868484,False,False,1
599,blocks.3.attn.qkv,element,7,"(483, 0, 29)",1,0.005,True,0.475,-0.0050000000000000044,False,,104,64.0,-64.0,0.0,2.0,True,False,1
600,blocks.0.mlp.0,element,4,"(189, 1, 14)",200,1.0,True,0.0,0.47,True,,239,-120.0,,inf,inf,False,True,1
601,blocks.1.mlp.2,element,5,"(13, 9, 6)",0,0.0,False,0.47,0.0,False,,240,-128.0,-8.0,4.0,0.9375,False,False,1
602,blocks.0.mlp.0,element,7,"(248, 3, 24)",0,0.0,False,0.47,0.0,False,,95,30.0,-30.0,0.0,2.0,True,False,1
603,blocks.2.attn.proj,element,1,"(167, 0, 22)",0,0.0,False,0.47,0.0,False,,117,208.0,240.0,0.2064504623413086,0.1538461595773697,False,False,1
604,blocks.0.mlp.0,element,0,"(512, 1, 21)",0,0.0,False,0.47,0.0,False,,234,-80.0,-88.0,0.13750362396240234,0.10000000149011612,False,False,1
605,blocks.2.attn.qkv,element,4,"(481, 4, 17)",0,0.0,False,0.47,0.0,False,,106,80.0,320.0,2.0,3.0,False,False,1
606,blocks.5.mlp.0,element,2,"(499, 0, 24)",0,0.0,False,0.47,0.0,False,,108,96.0,64.0,0.5849623680114746,0.3333333432674408,False,False,1
607,blocks.0.attn.qkv,element,5,"(105, 3, 12)",3,0.015,True,0.475,-0.0050000000000000044,False,,126,448.0,28.0,4.0,0.9375,False,False,1
608,blocks.3.mlp.2,element,6,"(10, 9, 8)",0,0.0,False,0.47,0.0,False,,219,-22.0,-0.0859375,8.0,0.99609375,False,False,1
609,blocks.3.mlp.0,element,2,"(396, 4, 28)",0,0.0,False,0.47,0.0,False,,106,80.0,112.0,0.4854269027709961,0.4000000059604645,False,False,1
610,blocks.1.mlp.0,element,5,"(663, 2, 19)",0,0.0,False,0.47,0.0,False,,102,56.0,3.5,4.0,0.9375,False,False,1
611,blocks.1.mlp.0,element,5,"(337, 4, 25)",0,0.0,False,0.47,0.0,False,,231,-60.0,-3.75,3.999999761581421,0.9375,False,False,1
612,blocks.3.mlp.2,element,2,"(161, 11, 31)",0,0.0,False,0.47,0.0,False,,238,-112.0,-80.0,0.4854269027709961,0.2857142984867096,False,False,1
613,blocks.0.mlp.0,element,4,"(470, 5, 9)",0,0.0,False,0.47,0.0,False,,66,2.5,10.0,1.9999998807907104,3.0,False,False,1
614,blocks.0.mlp.2,element,7,"(35, 1, 30)",0,0.0,False,0.47,0.0,False,,92,24.0,-24.0,0.0,2.0,True,False,1
615,blocks.5.mlp.0,element,1,"(702, 2, 17)",0,0.0,False,0.47,0.0,False,,188,-1.5,-1.75,0.22239243984222412,0.1666666716337204,False,False,1
616,blocks.4.mlp.2,element,1,"(180, 18, 20)",0,0.0,False,0.47,0.0,False,,248,-256.0,-320.0,0.3219280242919922,0.25,False,False,1
617,blocks.2.attn.qkv,element,7,"(552, 0, 28)",0,0.0,False,0.47,0.0,False,,103,60.0,-60.0,0.0,2.0,True,False,1
618,blocks.3.attn.qkv,element,7,"(557, 1, 2)",0,0.0,False,0.47,0.0,False,,236,-96.0,96.0,0.0,2.0,True,False,1
619,blocks.0.mlp.2,element,7,"(169, 8, 14)",0,0.0,False,0.47,0.0,False,,106,80.0,-80.0,0.0,2.0,True,False,1
620,blocks.3.attn.qkv,element,7,"(68, 4, 21)",0,0.0,False,0.47,0.0,False,,97,36.0,-36.0,0.0,2.0,True,False,1
621,blocks.5.mlp.2,element,7,"(67, 17, 17)",0,0.0,False,0.47,0.0,False,,116,192.0,-192.0,0.0,2.0,True,False,1
622,blocks.5.mlp.2,element,0,"(19, 5, 22)",0,0.0,False,0.47,0.0,False,,112,128.0,144.0,0.16992521286010742,0.125,False,False,1
623,blocks.5.mlp.0,element,6,"(47, 3, 28)",0,0.0,False,0.47,0.0,False,,120,256.0,1.0,8.0,0.99609375,False,False,1
624,blocks.4.mlp.0,element,3,"(72, 3, 17)",0,0.0,False,0.47,0.0,False,,213,-13.0,-26.0,1.000000238418579,1.0,False,False,1
625,blocks.2.attn.proj,element,4,"(119, 3, 29)",0,0.0,False,0.47,0.0,False,,107,88.0,352.0,2.0,3.0,False,False,1
626,blocks.5.attn.proj,element,0,"(172, 4, 23)",0,0.0,False,0.47,0.0,False,,108,96.0,104.0,0.1154775619506836,0.0833333358168602,False,False,1
627,blocks.4.attn.proj,element,6,"(146, 0, 23)",0,0.0,False,0.47,0.0,False,,114,160.0,0.625,8.0,0.99609375,False,False,1
628,blocks.2.mlp.0,element,1,"(286, 4, 5)",0,0.0,False,0.47,0.0,False,,228,-48.0,-56.0,0.22239255905151367,0.1666666716337204,False,False,1
629,blocks.5.mlp.0,element,3,"(724, 3, 17)",0,0.0,False,0.47,0.0,False,,207,-7.5,-3.75,1.0,0.5,False,False,1
630,blocks.1.attn.qkv,element,1,"(336, 2, 0)",0,0.0,False,0.47,0.0,False,,236,-96.0,-112.0,0.22239255905151367,0.1666666716337204,False,False,1
631,blocks.2.mlp.0,element,5,"(606, 5, 29)",0,0.0,False,0.47,0.0,False,,112,128.0,8.0,4.0,0.9375,False,False,1
632,blocks.0.mlp.0,element,0,"(244, 2, 0)",0,0.0,False,0.47,0.0,False,,104,64.0,72.0,0.16992521286010742,0.125,False,False,1
633,blocks.0.mlp.0,element,5,"(631, 0, 26)",1,0.005,True,0.475,-0.0050000000000000044,False,,240,-128.0,-8.0,4.0,0.9375,False,False,1
634,blocks.2.mlp.2,element,7,"(159, 1, 31)",0,0.0,False,0.47,0.0,False,,106,80.0,-80.0,0.0,2.0,True,False,1
635,blocks.3.mlp.0,element,3,"(175, 1, 1)",0,0.0,False,0.47,0.0,False,,249,-288.0,-144.0,0.9999995231628418,0.5,False,False,1
636,blocks.4.mlp.0,element,0,"(286, 2, 1)",0,0.0,False,0.47,0.0,False,,244,-192.0,-208.0,0.1154775619506836,0.0833333358168602,False,False,1
637,blocks.0.attn.qkv,scale,2,"(286, 0)",0,0.0,False,0.47,0.0,False,,116,116.0,112.0,4.0,inf,False,False,32
638,blocks.1.attn.proj,element,2,"(142, 1, 4)",0,0.0,False,0.47,0.0,False,,114,160.0,224.0,0.4854269027709961,0.4000000059604645,False,False,1
639,blocks.5.attn.qkv,element,7,"(525, 5, 17)",1,0.005,True,0.475,-0.0050000000000000044,False,,245,-208.0,208.0,0.0,2.0,True,False,1
640,blocks.0.attn.qkv,element,6,"(494, 2, 20)",0,0.0,False,0.47,0.0,False,,235,-88.0,-0.34375,8.0,0.99609375,False,False,1
641,blocks.1.mlp.0,element,5,"(607, 5, 4)",0,0.0,False,0.47,0.0,False,,235,-88.0,-5.5,4.0,0.9375,False,False,1
642,blocks.0.mlp.0,element,6,"(131, 4, 6)",0,0.0,False,0.47,0.0,False,,207,-7.5,-0.029296875,8.0,0.99609375,False,False,1
643,blocks.3.mlp.2,element,6,"(11, 1, 9)",0,0.0,False,0.47,0.0,False,,245,-208.0,-0.8125,8.0,0.99609375,False,False,1
644,blocks.2.mlp.2,element,0,"(18, 22, 29)",0,0.0,False,0.47,0.0,False,,113,144.0,128.0,0.16992521286010742,0.1111111119389534,False,False,1
645,blocks.1.mlp.2,element,4,"(32, 3, 14)",0,0.0,False,0.47,0.0,False,,98,40.0,160.0,2.0,3.0,False,False,1
646,blocks.4.mlp.2,element,3,"(127, 14, 28)",0,0.0,False,0.47,0.0,False,,105,72.0,36.0,1.0,0.5,False,False,1
647,blocks.5.mlp.2,element,3,"(131, 2, 0)",0,0.0,False,0.47,0.0,False,,107,88.0,44.0,1.0,0.5,False,False,1
648,blocks.5.mlp.0,scale,0,"(573, 0)",0,0.0,False,0.47,0.0,False,,116,116.0,117.0,1.0,inf,False,False,32
649,blocks.5.attn.qkv,element,4,"(196, 3, 6)",0,0.0,False,0.47,0.0,False,,234,-80.0,-320.0,2.0,3.0,False,False,1
650,blocks.1.mlp.2,element,3,"(101, 21, 27)",0,0.0,False,0.47,0.0,False,,78,7.0,3.5,1.0,0.5,False,False,1
651,blocks.3.mlp.0,element,7,"(319, 4, 26)",0,0.0,False,0.47,0.0,False,,120,256.0,-256.0,0.0,2.0,True,False,1
652,blocks.0.attn.qkv,element,7,"(436, 3, 15)",0,0.0,False,0.47,0.0,False,,226,-40.0,40.0,0.0,2.0,True,False,1
653,blocks.2.mlp.2,element,7,"(72, 22, 3)",0,0.0,False,0.47,0.0,False,,244,-192.0,192.0,0.0,2.0,True,False,1
654,blocks.4.mlp.2,element,5,"(182, 23, 25)",0,0.0,False,0.47,0.0,False,,249,-288.0,-18.0,3.999999523162842,0.9375,False,False,1
655,blocks.0.attn.qkv,element,7,"(219, 1, 30)",0,0.0,False,0.47,0.0,False,,241,-144.0,144.0,0.0,2.0,True,False,1
656,blocks.0.attn.proj,element,3,"(156, 1, 6)",0,0.0,False,0.47,0.0,False,,218,-20.0,-10.0,1.0,0.5,False,False,1
657,blocks.2.mlp.0,element,4,"(473, 4, 6)",1,0.005,True,0.47,0.0,False,,105,72.0,288.0,1.9999995231628418,3.0,False,False,1
658,blocks.1.mlp.2,element,2,"(55, 20, 4)",0,0.0,False,0.47,0.0,False,,225,-36.0,-52.0,0.5305147171020508,0.4444444477558136,False,False,1
659,blocks.2.mlp.0,element,3,"(423, 3, 30)",0,0.0,False,0.47,0.0,False,,245,-208.0,-416.0,0.9999995231628418,1.0,False,False,1
660,blocks.5.mlp.0,element,3,"(313, 5, 8)",0,0.0,False,0.47,0.0,False,,86,14.0,28.0,1.0,1.0,False,False,1
661,blocks.3.mlp.2,element,7,"(189, 11, 25)",1,0.005,True,0.47,0.0,False,,246,-224.0,224.0,0.0,2.0,True,False,1
662,head,element,6,"(77, 0, 21)",0,0.0,False,0.47,0.0,False,,101,52.0,0.203125,8.0,0.99609375,False,False,1
663,blocks.2.attn.qkv,element,6,"(56, 0, 11)",0,0.0,False,0.47,0.0,False,,117,208.0,0.8125,8.0,0.99609375,False,False,1
664,blocks.1.attn.qkv,element,5,"(547, 2, 25)",0,0.0,False,0.47,0.0,False,,217,-18.0,-288.0,3.999999523162842,15.0,False,False,1
665,blocks.5.attn.qkv,element,2,"(19, 3, 0)",0,0.0,False,0.47,0.0,False,,237,-104.0,-72.0,0.5305147171020508,0.3076923191547394,False,False,1
666,head,element,0,"(92, 1, 29)",0,0.0,False,0.47,0.0,False,,243,-176.0,-160.0,0.13750362396240234,0.09090909361839294,False,False,1
667,blocks.4.attn.qkv,element,0,"(336, 1, 18)",0,0.0,False,0.47,0.0,False,,228,-48.0,-52.0,0.1154775619506836,0.0833333358168602,False,False,1
668,blocks.1.mlp.2,element,6,"(158, 21, 22)",0,0.0,False,0.47,0.0,False,,100,48.0,0.1875,8.0,0.99609375,False,False,1
669,patch_embed.proj,element,6,"(99, 0, 11)",3,0.015,True,0.47,0.0,False,,251,-352.0,-1.375,8.0,0.99609375,False,False,1
670,blocks.3.attn.qkv,element,7,"(516, 3, 26)",0,0.0,False,0.47,0.0,False,,238,-112.0,112.0,0.0,2.0,True,False,1
671,blocks.2.mlp.0,element,0,"(666, 2, 5)",0,0.0,False,0.47,0.0,False,,243,-176.0,-160.0,0.13750362396240234,0.09090909361839294,False,False,1
672,blocks.0.mlp.2,element,4,"(107, 5, 13)",1,0.005,True,0.47,0.0,False,,99,44.0,176.0,2.0,3.0,False,False,1
673,blocks.5.attn.qkv,element,5,"(357, 0, 14)",0,0.0,False,0.47,0.0,False,,224,-32.0,-2.0,4.0,0.9375,False,False,1
674,blocks.4.mlp.2,element,1,"(64, 17, 10)",0,0.0,False,0.47,0.0,False,,239,-120.0,-104.0,0.2064504623413086,0.13333334028720856,False,False,1
675,blocks.0.mlp.2,element,7,"(58, 5, 4)",3,0.015,True,0.475,-0.0050000000000000044,False,,243,-176.0,176.0,0.0,2.0,True,False,1
676,blocks.2.mlp.0,element,6,"(171, 0, 6)",0,0.0,False,0.47,0.0,False,,249,-288.0,-1.125,7.999999523162842,0.99609375,False,False,1
677,blocks.3.mlp.0,element,1,"(657, 3, 27)",0,0.0,False,0.47,0.0,False,,226,-40.0,-32.0,0.3219280242919922,0.20000000298023224,False,False,1
678,blocks.5.attn.proj,scale,1,"(100, 5)",5,0.025,True,0.475,-0.0050000000000000044,False,,116,116.0,118.0,2.0,inf,False,False,32
679,blocks.3.mlp.0,element,7,"(496, 3, 25)",0,0.0,False,0.47,0.0,False,,119,240.0,-240.0,0.0,2.0,True,False,1
680,blocks.4.mlp.2,element,7,"(146, 15, 18)",0,0.0,False,0.47,0.0,False,,201,-4.5,4.5,0.0,2.0,True,False,1
681,blocks.0.mlp.2,element,3,"(87, 6, 23)",0,0.0,False,0.47,0.0,False,,243,-176.0,-352.0,1.0,1.0,False,False,1
682,blocks.2.attn.qkv,element,7,"(311, 5, 5)",1,0.005,True,0.475,-0.0050000000000000044,False,,248,-256.0,256.0,0.0,2.0,True,False,1
683,blocks.5.mlp.0,element,6,"(375, 1, 30)",1,0.005,True,0.47,0.0,False,,243,-176.0,-0.6875,8.0,0.99609375,False,False,1
684,blocks.4.mlp.2,element,2,"(20, 13, 15)",0,0.0,False,0.47,0.0,False,,247,-240.0,-176.0,0.44745874404907227,0.2666666805744171,False,False,1
685,blocks.0.attn.qkv,element,0,"(281, 3, 14)",0,0.0,False,0.47,0.0,False,,213,-13.0,-12.0,0.11547708511352539,0.07692307978868484,False,False,1
686,blocks.5.mlp.0,element,0,"(734, 4, 18)",0,0.0,False,0.47,0.0,False,,232,-64.0,-72.0,0.16992521286010742,0.125,False,False,1
687,blocks.3.mlp.2,element,0,"(25, 15, 16)",0,0.0,False,0.47,0.0,False,,240,-128.0,-144.0,0.16992521286010742,0.125,False,False,1
688,blocks.2.mlp.2,element,5,"(54, 23, 23)",0,0.0,False,0.47,0.0,False,,109,104.0,6.5,4.0,0.9375,False,False,1
689,blocks.1.mlp.2,element,4,"(130, 16, 1)",0,0.0,False,0.47,0.0,False,,238,-112.0,-448.0,2.0,3.0,False,False,1
690,blocks.2.attn.qkv,element,4,"(130, 3, 3)",0,0.0,False,0.47,0.0,False,,245,-208.0,-52.0,2.0,0.75,False,False,1
691,blocks.5.attn.qkv,element,7,"(195, 1, 6)",0,0.0,False,0.47,0.0,False,,240,-128.0,128.0,0.0,2.0,True,False,1
692,blocks.1.mlp.2,element,7,"(89, 14, 23)",0,0.0,False,0.47,0.0,False,,112,128.0,-128.0,0.0,2.0,True,False,1
693,blocks.4.mlp.0,element,1,"(32, 1, 6)",0,0.0,False,0.47,0.0,False,,248,-256.0,-320.0,0.3219280242919922,0.25,False,False,1
694,blocks.1.mlp.0,element,5,"(137, 2, 13)",0,0.0,False,0.47,0.0,False,,220,-24.0,-384.0,4.000000476837158,15.0,False,False,1
695,blocks.2.mlp.0,element,0,"(361, 0, 27)",0,0.0,False,0.47,0.0,False,,116,192.0,208.0,0.1154775619506836,0.0833333358168602,False,False,1
696,blocks.2.mlp.0,element,5,"(644, 0, 8)",0,0.0,False,0.47,0.0,False,,106,80.0,5.0,4.0,0.9375,False,False,1
697,blocks.0.attn.qkv,element,1,"(5, 4, 12)",0,0.0,False,0.47,0.0,False,,248,-256.0,-320.0,0.3219280242919922,0.25,False,False,1
698,blocks.4.mlp.0,element,3,"(0, 1, 23)",0,0.0,False,0.47,0.0,False,,118,224.0,448.0,1.0,1.0,False,False,1
699,blocks.2.attn.proj,element,1,"(94, 1, 17)",0,0.0,False,0.47,0.0,False,,107,88.0,72.0,0.2895064353942871,0.1818181872367859,False,False,1
700,blocks.4.mlp.0,element,1,"(152, 5, 5)",0,0.0,False,0.47,0.0,False,,243,-176.0,-144.0,0.2895064353942871,0.1818181872367859,False,False,1
701,blocks.3.mlp.2,element,0,"(119, 4, 3)",0,0.0,False,0.47,0.0,False,,68,3.0,3.25,0.11547720432281494,0.0833333358168602,False,False,1
702,blocks.5.attn.qkv,element,1,"(467, 4, 6)",0,0.0,False,0.47,0.0,False,,229,-52.0,-60.0,0.2064504623413086,0.1538461595773697,False,False,1
703,blocks.4.attn.proj,element,5,"(43, 1, 6)",0,0.0,False,0.47,0.0,False,,239,-120.0,-7.5,3.999999761581421,0.9375,False,False,1
704,blocks.4.mlp.0,element,7,"(648, 4, 31)",1,0.005,True,0.475,-0.0050000000000000044,False,,253,-416.0,416.0,0.0,2.0,True,False,1
705,blocks.2.mlp.0,element,1,"(182, 2, 25)",0,0.0,False,0.47,0.0,False,,235,-88.0,-72.0,0.2895064353942871,0.1818181872367859,False,False,1
706,blocks.0.attn.qkv,element,5,"(120, 4, 14)",0,0.0,False,0.47,0.0,False,,105,72.0,4.5,4.0,0.9375,False,False,1
707,blocks.0.mlp.0,element,7,"(751, 3, 7)",0,0.0,False,0.47,0.0,False,,91,22.0,-22.0,0.0,2.0,True,False,1
708,blocks.0.attn.qkv,element,4,"(503, 0, 3)",0,0.0,False,0.47,0.0,False,,116,192.0,48.0,2.0,0.75,False,False,1
709,blocks.4.mlp.2,element,6,"(14, 14, 4)",0,0.0,False,0.47,0.0,False,,95,30.0,0.1171875,8.0,0.99609375,False,False,1
710,blocks.0.attn.qkv,scale,2,"(23, 0)",0,0.0,False,0.47,0.0,False,,116,116.0,112.0,4.0,inf,False,False,32
711,blocks.5.mlp.2,element,7,"(142, 20, 17)",0,0.0,False,0.47,0.0,False,,229,-52.0,52.0,0.0,2.0,True,False,1
712,blocks.3.attn.qkv,element,6,"(293, 5, 11)",0,0.0,False,0.47,0.0,False,,102,56.0,0.21875,8.0,0.99609375,False,False,1
713,blocks.2.attn.qkv,element,2,"(444, 2, 20)",0,0.0,False,0.47,0.0,False,,227,-44.0,-60.0,0.44745874404907227,0.3636363744735718,False,False,1
714,blocks.5.attn.qkv,element,2,"(251, 0, 26)",0,0.0,False,0.47,0.0,False,,124,384.0,256.0,0.5849628448486328,0.3333333432674408,False,False,1
715,blocks.5.mlp.2,element,5,"(127, 0, 7)",0,0.0,False,0.47,0.0,False,,243,-176.0,-11.0,4.0,0.9375,False,False,1
716,blocks.2.mlp.0,element,7,"(185, 3, 31)",0,0.0,False,0.47,0.0,False,,92,24.0,-24.0,0.0,2.0,True,False,1
717,blocks.4.mlp.2,element,5,"(117, 23, 30)",0,0.0,False,0.47,0.0,False,,99,44.0,2.75,4.0,0.9375,False,False,1
718,blocks.1.mlp.2,element,3,"(154, 13, 0)",0,0.0,False,0.47,0.0,False,,73,4.5,2.25,1.0,0.5,False,False,1
719,blocks.4.mlp.2,element,4,"(34, 15, 6)",0,0.0,False,0.47,0.0,False,,91,22.0,5.5,2.0,0.75,False,False,1
720,blocks.0.mlp.0,element,3,"(234, 4, 14)",200,1.0,True,0.0,0.47,True,,247,-240.0,,inf,inf,False,True,1
721,blocks.2.mlp.0,element,2,"(726, 2, 8)",0,0.0,False,0.47,0.0,False,,104,64.0,96.0,0.5849623680114746,0.5,False,False,1
722,blocks.1.attn.qkv,element,4,"(512, 0, 17)",0,0.0,False,0.47,0.0,False,,121,288.0,72.0,1.9999995231628418,0.75,False,False,1
723,blocks.3.mlp.2,element,7,"(121, 11, 24)",0,0.0,False,0.47,0.0,False,,234,-80.0,80.0,0.0,2.0,True,False,1
724,blocks.1.attn.qkv,scale,6,"(450, 3)",3,0.015,True,0.475,-0.0050000000000000044,False,,116,116.0,52.0,64.0,inf,False,False,32
725,blocks.2.attn.qkv,element,7,"(479, 1, 10)",1,0.005,True,0.475,-0.0050000000000000044,False,,242,-160.0,160.0,0.0,2.0,True,False,1
726,blocks.3.mlp.2,element,2,"(189, 1, 30)",0,0.0,False,0.47,0.0,False,,122,320.0,448.0,0.4854269027709961,0.4000000059604645,False,False,1
727,blocks.1.mlp.0,element,4,"(162, 2, 2)",0,0.0,False,0.47,0.0,False,,120,256.0,64.0,2.0,0.75,False,False,1
728,blocks.3.mlp.0,element,4,"(527, 0, 0)",0,0.0,False,0.47,0.0,False,,99,44.0,176.0,2.0,3.0,False,False,1
729,blocks.0.mlp.0,element,2,"(468, 2, 1)",0,0.0,False,0.47,0.0,False,,204,-6.0,-4.0,0.5849626064300537,0.3333333432674408,False,False,1
730,blocks.4.mlp.2,element,4,"(48, 16, 11)",0,0.0,False,0.47,0.0,False,,246,-224.0,-56.0,2.0,0.75,False,False,1
731,blocks.2.attn.qkv,element,3,"(428, 3, 11)",0,0.0,False,0.47,0.0,False,,235,-88.0,-44.0,1.0,0.5,False,False,1
732,head,element,5,"(22, 3, 23)",0,0.0,False,0.47,0.0,False,,240,-128.0,-8.0,4.0,0.9375,False,False,1
733,blocks.5.attn.qkv,element,0,"(250, 5, 31)",0,0.0,False,0.47,0.0,False,,103,60.0,56.0,0.09953546524047852,0.06666667014360428,False,False,1
734,blocks.1.mlp.2,element,6,"(34, 5, 7)",0,0.0,False,0.47,0.0,False,,110,112.0,0.4375,8.0,0.99609375,False,False,1
735,blocks.5.attn.qkv,element,6,"(160, 3, 7)",0,0.0,False,0.47,0.0,False,,120,256.0,1.0,8.0,0.99609375,False,False,1
736,blocks.4.attn.qkv,element,1,"(126, 5, 30)",0,0.0,False,0.47,0.0,False,,117,208.0,240.0,0.2064504623413086,0.1538461595773697,False,False,1
737,blocks.5.mlp.2,element,1,"(73, 5, 0)",0,0.0,False,0.47,0.0,False,,217,-18.0,-22.0,0.2895064353942871,0.2222222238779068,False,False,1
738,blocks.3.attn.qkv,element,7,"(291, 4, 30)",0,0.0,False,0.47,0.0,False,,234,-80.0,80.0,0.0,2.0,True,False,1
739,blocks.1.attn.qkv,element,1,"(219, 0, 4)",0,0.0,False,0.47,0.0,False,,115,176.0,144.0,0.2895064353942871,0.1818181872367859,False,False,1
740,blocks.4.attn.qkv,element,4,"(490, 3, 10)",0,0.0,False,0.47,0.0,False,,106,80.0,320.0,2.0,3.0,False,False,1
741,blocks.1.mlp.2,element,3,"(164, 12, 4)",0,0.0,False,0.47,0.0,False,,99,44.0,88.0,1.0,1.0,False,False,1
742,blocks.3.mlp.0,element,0,"(221, 4, 9)",0,0.0,False,0.47,0.0,False,,104,64.0,72.0,0.16992521286010742,0.125,False,False,1
743,blocks.3.mlp.2,element,4,"(10, 13, 9)",0,0.0,False,0.47,0.0,False,,246,-224.0,-56.0,2.0,0.75,False,False,1
744,blocks.1.attn.qkv,element,0,"(224, 1, 17)",0,0.0,False,0.47,0.0,False,,248,-256.0,-288.0,0.16992473602294922,0.125,False,False,1
745,blocks.3.mlp.0,element,4,"(191, 2, 20)",0,0.0,False,0.47,0.0,False,,216,-16.0,-4.0,2.0,0.75,False,False,1
746,blocks.3.mlp.0,element,2,"(82, 3, 27)",0,0.0,False,0.47,0.0,False,,88,16.0,24.0,0.5849623680114746,0.5,False,False,1
747,blocks.5.mlp.2,element,1,"(96, 1, 9)",0,0.0,False,0.47,0.0,False,,110,112.0,96.0,0.22239255905151367,0.1428571492433548,False,False,1
748,blocks.2.attn.qkv,element,6,"(498, 3, 2)",0,0.0,False,0.47,0.0,False,,214,-14.0,-0.0546875,8.0,0.99609375,False,False,1
749,blocks.1.attn.qkv,element,0,"(259, 4, 26)",0,0.0,False,0.47,0.0,False,,117,208.0,192.0,0.1154775619506836,0.07692307978868484,False,False,1
750,blocks.1.mlp.2,element,6,"(148, 4, 10)",0,0.0,False,0.47,0.0,False,,121,288.0,1.125,7.999999523162842,0.99609375,False,False,1
751,blocks.1.attn.qkv,element,6,"(140, 0, 23)",0,0.0,False,0.47,0.0,False,,227,-44.0,-0.171875,8.0,0.99609375,False,False,1
752,blocks.1.mlp.2,element,4,"(83, 15, 7)",1,0.005,True,0.47,0.0,False,,119,240.0,60.0,2.0,0.75,False,False,1
753,blocks.2.mlp.0,element,7,"(512, 3, 1)",0,0.0,False,0.47,0.0,False,,110,112.0,-112.0,0.0,2.0,True,False,1
754,blocks.4.mlp.0,element,5,"(332, 5, 12)",0,0.0,False,0.47,0.0,False,,121,288.0,18.0,3.999999523162842,0.9375,False,False,1
755,blocks.3.mlp.0,element,7,"(439, 1, 4)",2,0.01,True,0.47,0.0,False,,250,-320.0,320.0,0.0,2.0,True,False,1
756,blocks.0.mlp.2,element,6,"(179, 9, 6)",0,0.0,False,0.47,0.0,False,,243,-176.0,-0.6875,8.0,0.99609375,False,False,1
757,blocks.2.attn.qkv,element,2,"(319, 3, 6)",0,0.0,False,0.47,0.0,False,,209,-9.0,-13.0,0.5305147171020508,0.4444444477558136,False,False,1
758,head,element,5,"(20, 0, 8)",0,0.0,False,0.47,0.0,False,,219,-22.0,-352.0,4.0,15.0,False,False,1
759,blocks.3.mlp.0,element,3,"(65, 3, 22)",0,0.0,False,0.47,0.0,False,,210,-10.0,-20.0,1.0,1.0,False,False,1
760,blocks.4.mlp.2,element,4,"(87, 18, 14)",0,0.0,False,0.47,0.0,False,,116,192.0,48.0,2.0,0.75,False,False,1
761,blocks.0.mlp.2,element,4,"(162, 1, 21)",0,0.0,False,0.47,0.0,False,,23,0.05859375,0.013671875,2.0995354652404785,0.7666666507720947,False,False,1
762,blocks.1.mlp.2,element,3,"(55, 20, 7)",0,0.0,False,0.47,0.0,False,,234,-80.0,-40.0,1.0,0.5,False,False,1
763,blocks.1.mlp.0,scale,1,"(422, 5)",2,0.01,True,0.475,-0.0050000000000000044,False,,117,117.0,119.0,2.0,inf,False,False,32
764,blocks.5.mlp.0,element,0,"(205, 5, 27)",0,0.0,False,0.47,0.0,False,,104,64.0,72.0,0.16992521286010742,0.125,False,False,1
765,blocks.4.mlp.2,element,6,"(169, 18, 7)",0,0.0,False,0.47,0.0,False,,237,-104.0,-0.40625,8.0,0.99609375,False,False,1
766,blocks.4.mlp.0,element,2,"(519, 2, 26)",0,0.0,False,0.47,0.0,False,,234,-80.0,-112.0,0.4854269027709961,0.4000000059604645,False,False,1
767,blocks.2.mlp.0,element,1,"(298, 3, 1)",0,0.0,False,0.47,0.0,False,,240,-128.0,-160.0,0.3219280242919922,0.25,False,False,1
768,blocks.2.mlp.0,element,0,"(267, 0, 0)",0,0.0,False,0.47,0.0,False,,124,384.0,416.0,0.11547660827636719,0.0833333358168602,False,False,1
769,blocks.1.attn.proj,element,0,"(140, 1, 28)",0,0.0,False,0.47,0.0,False,,227,-44.0,-40.0,0.13750362396240234,0.09090909361839294,False,False,1
770,blocks.4.mlp.2,element,3,"(139, 15, 11)",0,0.0,False,0.47,0.0,False,,120,256.0,128.0,1.0,0.5,False,False,1
771,blocks.2.attn.qkv,element,3,"(76, 4, 17)",0,0.0,False,0.47,0.0,False,,246,-224.0,-448.0,1.0,1.0,False,False,1
772,blocks.2.attn.proj,element,2,"(31, 2, 10)",200,1.0,True,0.0,0.47,True,,251,-352.0,,inf,inf,False,True,1
773,blocks.3.mlp.2,element,2,"(23, 8, 21)",0,0.0,False,0.47,0.0,False,,231,-60.0,-44.0,0.44745874404907227,0.2666666805744171,False,False,1
774,blocks.1.mlp.2,element,1,"(65, 5, 27)",0,0.0,False,0.47,0.0,False,,224,-32.0,-40.0,0.3219280242919922,0.25,False,False,1
775,blocks.5.mlp.0,element,1,"(703, 2, 5)",0,0.0,False,0.47,0.0,False,,106,80.0,64.0,0.3219280242919922,0.20000000298023224,False,False,1
776,blocks.1.mlp.2,element,5,"(161, 8, 0)",0,0.0,False,0.47,0.0,False,,206,-7.0,-112.0,4.0,15.0,False,False,1
777,blocks.0.mlp.0,element,6,"(426, 4, 25)",0,0.0,False,0.47,0.0,False,,117,208.0,0.8125,8.0,0.99609375,False,False,1
778,blocks.5.attn.qkv,element,2,"(310, 2, 7)",0,0.0,False,0.47,0.0,False,,114,160.0,224.0,0.4854269027709961,0.4000000059604645,False,False,1
779,blocks.5.mlp.0,element,4,"(255, 2, 21)",2,0.01,True,0.475,-0.0050000000000000044,False,,105,72.0,288.0,1.9999995231628418,3.0,False,False,1
780,blocks.1.mlp.0,element,3,"(118, 5, 11)",0,0.0,False,0.47,0.0,False,,117,208.0,416.0,0.9999995231628418,1.0,False,False,1
781,blocks.1.mlp.2,element,1,"(174, 20, 24)",0,0.0,False,0.47,0.0,False,,203,-5.5,-4.5,0.2895066738128662,0.1818181872367859,False,False,1
782,blocks.4.attn.proj,element,5,"(12, 5, 6)",0,0.0,False,0.47,0.0,False,,221,-26.0,-416.0,3.999999523162842,15.0,False,False,1
783,blocks.5.attn.qkv,element,4,"(225, 1, 30)",0,0.0,False,0.47,0.0,False,,116,192.0,48.0,2.0,0.75,False,False,1
784,blocks.1.mlp.0,element,6,"(678, 1, 7)",0,0.0,False,0.47,0.0,False,,248,-256.0,-1.0,8.0,0.99609375,False,False,1
785,blocks.3.mlp.2,element,2,"(107, 22, 4)",0,0.0,False,0.47,0.0,False,,243,-176.0,-240.0,0.44745874404907227,0.3636363744735718,False,False,1
786,blocks.2.attn.qkv,element,6,"(284, 5, 8)",0,0.0,False,0.47,0.0,False,,241,-144.0,-0.5625,8.0,0.99609375,False,False,1
787,blocks.4.attn.qkv,element,6,"(44, 1, 11)",0,0.0,False,0.47,0.0,False,,111,120.0,0.46875,8.0,0.99609375,False,False,1
788,blocks.4.attn.qkv,element,1,"(541, 4, 4)",0,0.0,False,0.47,0.0,False,,113,144.0,176.0,0.2895064353942871,0.2222222238779068,False,False,1
789,blocks.3.attn.proj,element,6,"(63, 2, 26)",0,0.0,False,0.47,0.0,False,,246,-224.0,-0.875,8.0,0.99609375,False,False,1
790,blocks.1.attn.qkv,element,5,"(72, 5, 17)",0,0.0,False,0.47,0.0,False,,121,288.0,18.0,3.999999523162842,0.9375,False,False,1
791,blocks.4.attn.qkv,element,7,"(226, 3, 3)",0,0.0,False,0.47,0.0,False,,238,-112.0,112.0,0.0,2.0,True,False,1
792,blocks.3.attn.proj,element,4,"(23, 5, 28)",1,0.005,True,0.47,0.0,False,,248,-256.0,-64.0,2.0,0.75,False,False,1
793,blocks.4.mlp.2,element,5,"(158, 8, 23)",0,0.0,False,0.47,0.0,False,,194,-2.5,-40.0,4.0,15.0,False,False,1
794,blocks.3.attn.qkv,element,0,"(90, 5, 20)",0,0.0,False,0.47,0.0,False,,249,-288.0,-256.0,0.16992473602294922,0.1111111119389534,False,False,1
795,blocks.0.attn.qkv,element,5,"(149, 0, 8)",0,0.0,False,0.47,0.0,False,,123,352.0,22.0,4.0,0.9375,False,False,1
796,blocks.2.attn.qkv,element,6,"(377, 2, 18)",0,0.0,False,0.47,0.0,False,,98,40.0,0.15625,8.0,0.99609375,False,False,1
797,blocks.1.attn.qkv,element,7,"(80, 2, 17)",0,0.0,False,0.47,0.0,False,,106,80.0,-80.0,0.0,2.0,True,False,1
798,blocks.3.attn.proj,element,6,"(37, 5, 0)",0,0.0,False,0.47,0.0,False,,119,240.0,0.9375,8.0,0.99609375,False,False,1
799,blocks.4.mlp.2,element,7,"(85, 1, 20)",0,0.0,False,0.47,0.0,False,,110,112.0,-112.0,0.0,2.0,True,False,1
800,blocks.5.attn.qkv,element,0,"(575, 4, 23)",0,0.0,False,0.47,0.0,False,,108,96.0,104.0,0.1154775619506836,0.0833333358168602,False,False,1
801,blocks.1.mlp.0,element,2,"(722, 2, 29)",0,0.0,False,0.47,0.0,False,,230,-56.0,-40.0,0.4854269027709961,0.2857142984867096,False,False,1
802,blocks.4.mlp.2,element,3,"(188, 22, 15)",0,0.0,False,0.47,0.0,False,,111,120.0,60.0,1.0,0.5,False,False,1
803,blocks.1.mlp.2,element,5,"(23, 16, 20)",0,0.0,False,0.47,0.0,False,,229,-52.0,-3.25,4.0,0.9375,False,False,1
804,blocks.0.attn.proj,scale,7,"(144, 3)",200,1.0,True,0.0,0.47,True,,116,116.0,244.0,128.0,inf,False,False,32
805,blocks.2.mlp.2,element,5,"(102, 7, 5)",0,0.0,False,0.47,0.0,False,,235,-88.0,-5.5,4.0,0.9375,False,False,1
806,blocks.3.attn.qkv,element,4,"(350, 1, 30)",0,0.0,False,0.47,0.0,False,,77,6.5,26.0,2.000000238418579,3.0,False,False,1
807,blocks.5.attn.proj,element,1,"(42, 1, 9)",0,0.0,False,0.47,0.0,False,,104,64.0,80.0,0.3219280242919922,0.25,False,False,1
808,blocks.4.attn.qkv,element,3,"(481, 4, 30)",0,0.0,False,0.47,0.0,False,,81,9.0,18.0,1.000000238418579,1.0,False,False,1
809,blocks.2.mlp.2,element,3,"(29, 13, 16)",0,0.0,False,0.47,0.0,False,,241,-144.0,-288.0,0.9999995231628418,1.0,False,False,1
810,blocks.1.mlp.2,element,6,"(174, 2, 14)",1,0.005,True,0.47,0.0,False,,249,-288.0,-1.125,7.999999523162842,0.99609375,False,False,1
811,blocks.1.attn.qkv,element,3,"(27, 4, 23)",0,0.0,False,0.47,0.0,False,,235,-88.0,-44.0,1.0,0.5,False,False,1
812,blocks.1.attn.proj,element,5,"(12, 4, 22)",0,0.0,False,0.47,0.0,False,,221,-26.0,-416.0,3.999999523162842,15.0,False,False,1
813,blocks.4.attn.qkv,element,3,"(346, 0, 22)",0,0.0,False,0.47,0.0,False,,41,0.28125,0.140625,1.0,0.5,False,False,1
814,blocks.3.mlp.2,scale,6,"(66, 18)",2,0.01,True,0.475,-0.0050000000000000044,False,,116,116.0,52.0,64.0,inf,False,False,32
815,blocks.1.attn.qkv,element,6,"(532, 1, 21)",0,0.0,False,0.47,0.0,False,,249,-288.0,-1.125,7.999999523162842,0.99609375,False,False,1
816,blocks.3.attn.qkv,element,3,"(143, 0, 16)",0,0.0,False,0.47,0.0,False,,242,-160.0,-320.0,1.0,1.0,False,False,1
817,blocks.0.attn.proj,element,3,"(35, 0, 24)",0,0.0,False,0.47,0.0,False,,251,-352.0,-176.0,1.0,0.5,False,False,1
818,blocks.5.mlp.0,element,5,"(703, 0, 12)",1,0.005,True,0.47,0.0,False,,232,-64.0,-4.0,4.0,0.9375,False,False,1
819,blocks.1.attn.qkv,element,0,"(82, 5, 1)",0,0.0,False,0.47,0.0,False,,96,32.0,36.0,0.16992521286010742,0.125,False,False,1
820,blocks.5.attn.qkv,element,3,"(19, 5, 5)",0,0.0,False,0.47,0.0,False,,104,64.0,32.0,1.0,0.5,False,False,1
821,blocks.0.mlp.2,element,0,"(188, 8, 5)",0,0.0,False,0.47,0.0,False,,88,16.0,18.0,0.16992521286010742,0.125,False,False,1
822,blocks.2.mlp.0,element,6,"(711, 3, 27)",1,0.005,True,0.475,-0.0050000000000000044,False,,114,160.0,0.625,8.0,0.99609375,False,False,1
823,blocks.0.attn.qkv,element,4,"(475, 2, 29)",0,0.0,False,0.47,0.0,False,,180,-0.75,-0.1875,1.9999998807907104,0.75,False,False,1
824,blocks.2.mlp.0,element,5,"(751, 4, 31)",0,0.0,False,0.47,0.0,False,,234,-80.0,-5.0,4.0,0.9375,False,False,1
825,blocks.4.mlp.2,element,7,"(45, 19, 24)",0,0.0,False,0.47,0.0,False,,99,44.0,-44.0,0.0,2.0,True,False,1
826,blocks.2.mlp.0,element,1,"(106, 3, 25)",0,0.0,False,0.47,0.0,False,,97,36.0,44.0,0.2895064353942871,0.2222222238779068,False,False,1
827,blocks.0.mlp.2,element,0,"(10, 12, 30)",0,0.0,False,0.47,0.0,False,,119,240.0,224.0,0.09953546524047852,0.06666667014360428,False,False,1
828,blocks.0.attn.qkv,element,5,"(38, 2, 15)",0,0.0,False,0.47,0.0,False,,227,-44.0,-2.75,4.0,0.9375,False,False,1
829,blocks.2.attn.qkv,element,7,"(348, 5, 27)",0,0.0,False,0.47,0.0,False,,232,-64.0,64.0,0.0,2.0,True,False,1
830,blocks.2.attn.qkv,element,2,"(565, 2, 19)",0,0.0,False,0.47,0.0,False,,112,128.0,192.0,0.5849623680114746,0.5,False,False,1
831,blocks.0.mlp.2,element,3,"(96, 1, 4)",0,0.0,False,0.47,0.0,False,,238,-112.0,-56.0,1.0,0.5,False,False,1
832,blocks.2.mlp.0,element,2,"(480, 4, 20)",0,0.0,False,0.47,0.0,False,,102,56.0,40.0,0.4854269027709961,0.2857142984867096,False,False,1
833,blocks.0.mlp.2,element,2,"(17, 15, 13)",0,0.0,False,0.47,0.0,False,,239,-120.0,-88.0,0.44745874404907227,0.2666666805744171,False,False,1
834,blocks.1.mlp.2,element,4,"(176, 21, 30)",0,0.0,False,0.47,0.0,False,,121,288.0,72.0,1.9999995231628418,0.75,False,False,1
835,blocks.4.attn.qkv,element,0,"(61, 0, 26)",0,0.0,False,0.47,0.0,False,,233,-72.0,-64.0,0.16992521286010742,0.1111111119389534,False,False,1
836,blocks.3.mlp.0,element,5,"(601, 2, 30)",0,0.0,False,0.47,0.0,False,,118,224.0,14.0,4.0,0.9375,False,False,1
837,blocks.2.attn.qkv,scale,3,"(18, 1)",40,0.2,True,0.495,-0.025000000000000022,False,,115,115.0,123.0,8.0,inf,False,False,32
838,blocks.2.attn.qkv,element,1,"(173, 2, 6)",0,0.0,False,0.47,0.0,False,,248,-256.0,-320.0,0.3219280242919922,0.25,False,False,1
839,blocks.4.attn.qkv,element,1,"(130, 0, 12)",0,0.0,False,0.47,0.0,False,,119,240.0,208.0,0.2064504623413086,0.13333334028720856,False,False,1
840,blocks.4.attn.proj,element,1,"(190, 3, 11)",0,0.0,False,0.47,0.0,False,,232,-64.0,-80.0,0.3219280242919922,0.25,False,False,1
841,blocks.4.mlp.0,element,4,"(50, 2, 0)",0,0.0,False,0.47,0.0,False,,242,-160.0,-40.0,2.0,0.75,False,False,1
842,blocks.1.mlp.2,element,6,"(74, 3, 20)",0,0.0,False,0.47,0.0,False,,115,176.0,0.6875,8.0,0.99609375,False,False,1
843,blocks.5.mlp.0,element,2,"(330, 1, 22)",0,0.0,False,0.47,0.0,False,,97,36.0,52.0,0.5305147171020508,0.4444444477558136,False,False,1
844,blocks.0.mlp.2,element,0,"(28, 10, 16)",0,0.0,False,0.47,0.0,False,,122,320.0,352.0,0.13750362396240234,0.10000000149011612,False,False,1
845,blocks.0.attn.qkv,element,4,"(319, 0, 29)",0,0.0,False,0.47,0.0,False,,237,-104.0,-416.0,1.9999995231628418,3.0,False,False,1
846,blocks.1.mlp.0,element,6,"(689, 1, 13)",0,0.0,False,0.47,0.0,False,,227,-44.0,-0.171875,8.0,0.99609375,False,False,1
847,blocks.2.mlp.0,element,7,"(151, 4, 12)",0,0.0,False,0.47,0.0,False,,242,-160.0,160.0,0.0,2.0,True,False,1
848,blocks.0.mlp.2,element,3,"(110, 12, 29)",0,0.0,False,0.47,0.0,False,,126,448.0,224.0,1.0,0.5,False,False,1
849,blocks.5.mlp.0,element,6,"(688, 4, 26)",0,0.0,False,0.47,0.0,False,,229,-52.0,-0.203125,8.0,0.99609375,False,False,1
850,blocks.3.mlp.0,element,2,"(154, 4, 23)",0,0.0,False,0.47,0.0,False,,244,-192.0,-128.0,0.5849623680114746,0.3333333432674408,False,False,1
851,blocks.2.attn.qkv,scale,5,"(336, 0)",0,0.0,False,0.47,0.0,False,,116,116.0,84.0,32.0,inf,False,False,32
852,blocks.4.attn.proj,element,6,"(145, 3, 19)",0,0.0,False,0.47,0.0,False,,203,-5.5,-0.021484375,8.0,0.99609375,False,False,1
853,blocks.4.attn.qkv,element,3,"(377, 0, 31)",0,0.0,False,0.47,0.0,False,,215,-15.0,-30.0,0.9999997615814209,1.0,False,False,1
854,blocks.4.mlp.2,element,6,"(88, 2, 27)",0,0.0,False,0.47,0.0,False,,233,-72.0,-0.28125,8.0,0.99609375,False,False,1
855,blocks.0.mlp.0,element,7,"(690, 1, 24)",0,0.0,False,0.47,0.0,False,,242,-160.0,160.0,0.0,2.0,True,False,1
856,blocks.1.mlp.0,element,5,"(761, 5, 29)",0,0.0,False,0.47,0.0,False,,229,-52.0,-3.25,4.0,0.9375,False,False,1
857,blocks.5.attn.proj,element,4,"(122, 5, 21)",0,0.0,False,0.47,0.0,False,,99,44.0,176.0,2.0,3.0,False,False,1
858,blocks.0.mlp.2,element,7,"(171, 18, 29)",0,0.0,False,0.47,0.0,False,,87,15.0,-15.0,0.0,2.0,True,False,1
859,blocks.4.attn.qkv,element,6,"(472, 3, 14)",0,0.0,False,0.47,0.0,False,,241,-144.0,-0.5625,8.0,0.99609375,False,False,1
860,blocks.2.mlp.0,element,5,"(418, 1, 12)",0,0.0,False,0.47,0.0,False,,97,36.0,2.25,4.0,0.9375,False,False,1
861,blocks.5.mlp.0,element,2,"(275, 4, 29)",0,0.0,False,0.47,0.0,False,,121,288.0,416.0,0.5305147171020508,0.4444444477558136,False,False,1
862,blocks.1.attn.proj,element,5,"(16, 4, 30)",0,0.0,False,0.47,0.0,False,,115,176.0,11.0,4.0,0.9375,False,False,1
863,blocks.2.attn.qkv,element,7,"(359, 5, 19)",0,0.0,False,0.47,0.0,False,,90,20.0,-20.0,0.0,2.0,True,False,1
864,blocks.2.mlp.0,element,7,"(286, 2, 21)",0,0.0,False,0.47,0.0,False,,104,64.0,-64.0,0.0,2.0,True,False,1
865,blocks.3.mlp.2,element,2,"(24, 18, 2)",0,0.0,False,0.47,0.0,False,,237,-104.0,-72.0,0.5305147171020508,0.3076923191547394,False,False,1
866,blocks.0.mlp.0,element,7,"(715, 1, 13)",0,0.0,False,0.47,0.0,False,,233,-72.0,72.0,0.0,2.0,True,False,1
867,blocks.3.mlp.2,element,0,"(46, 16, 17)",0,0.0,False,0.47,0.0,False,,189,-1.625,-1.5,0.11547720432281494,0.07692307978868484,False,False,1
868,blocks.0.mlp.2,element,2,"(10, 3, 25)",0,0.0,False,0.47,0.0,False,,60,1.5,1.0,0.5849624872207642,0.3333333432674408,False,False,1
869,blocks.2.attn.qkv,element,7,"(346, 3, 29)",0,0.0,False,0.47,0.0,False,,101,52.0,-52.0,0.0,2.0,True,False,1
870,blocks.1.attn.qkv,element,2,"(562, 0, 27)",0,0.0,False,0.47,0.0,False,,102,56.0,40.0,0.4854269027709961,0.2857142984867096,False,False,1
871,blocks.2.mlp.0,element,4,"(707, 1, 11)",0,0.0,False,0.47,0.0,False,,243,-176.0,-44.0,2.0,0.75,False,False,1
872,blocks.4.mlp.2,element,4,"(177, 6, 31)",0,0.0,False,0.47,0.0,False,,115,176.0,44.0,2.0,0.75,False,False,1
873,blocks.3.mlp.0,element,6,"(710, 0, 13)",0,0.0,False,0.47,0.0,False,,115,176.0,0.6875,8.0,0.99609375,False,False,1
874,blocks.5.mlp.2,element,5,"(80, 6, 27)",0,0.0,False,0.47,0.0,False,,216,-16.0,-256.0,4.0,15.0,False,False,1
875,blocks.1.attn.qkv,element,6,"(346, 3, 11)",0,0.0,False,0.47,0.0,False,,109,104.0,0.40625,8.0,0.99609375,False,False,1
876,blocks.0.mlp.0,element,1,"(550, 2, 25)",0,0.0,False,0.47,0.0,False,,108,96.0,112.0,0.22239255905151367,0.1666666716337204,False,False,1
877,blocks.2.attn.qkv,element,0,"(61, 2, 18)",0,0.0,False,0.47,0.0,False,,232,-64.0,-72.0,0.16992521286010742,0.125,False,False,1
878,blocks.2.attn.qkv,element,1,"(270, 1, 22)",0,0.0,False,0.47,0.0,False,,111,120.0,104.0,0.2064504623413086,0.13333334028720856,False,False,1
879,blocks.0.mlp.2,element,4,"(22, 14, 2)",0,0.0,False,0.47,0.0,False,,224,-32.0,-128.0,2.0,3.0,False,False,1
880,blocks.5.attn.proj,element,3,"(27, 2, 16)",0,0.0,False,0.47,0.0,False,,92,24.0,12.0,0.9999997615814209,0.5,False,False,1
881,blocks.2.attn.proj,element,0,"(87, 1, 18)",0,0.0,False,0.47,0.0,False,,124,384.0,416.0,0.11547660827636719,0.0833333358168602,False,False,1
882,blocks.0.attn.qkv,element,6,"(133, 1, 30)",0,0.0,False,0.47,0.0,False,,95,30.0,0.1171875,8.0,0.99609375,False,False,1
883,blocks.1.attn.qkv,element,3,"(559, 4, 3)",0,0.0,False,0.47,0.0,False,,221,-26.0,-13.0,1.000000238418579,0.5,False,False,1
884,blocks.4.mlp.2,element,5,"(48, 22, 19)",1,0.005,True,0.47,0.0,False,,248,-256.0,-16.0,4.0,0.9375,False,False,1
885,blocks.1.mlp.0,element,7,"(175, 4, 21)",0,0.0,False,0.47,0.0,False,,218,-20.0,20.0,0.0,2.0,True,False,1
886,blocks.4.mlp.0,element,7,"(200, 0, 26)",0,0.0,False,0.47,0.0,False,,87,15.0,-15.0,0.0,2.0,True,False,1
887,blocks.0.attn.proj,element,7,"(88, 2, 10)",0,0.0,False,0.47,0.0,False,,235,-88.0,88.0,0.0,2.0,True,False,1
888,blocks.0.mlp.2,element,4,"(113, 15, 15)",0,0.0,False,0.47,0.0,False,,108,96.0,384.0,2.000000476837158,3.0,False,False,1
889,blocks.1.mlp.2,element,7,"(45, 22, 23)",0,0.0,False,0.47,0.0,False,,98,40.0,-40.0,0.0,2.0,True,False,1
890,blocks.0.attn.proj,element,3,"(133, 3, 1)",0,0.0,False,0.47,0.0,False,,107,88.0,44.0,1.0,0.5,False,False,1
891,blocks.1.attn.qkv,element,7,"(264, 4, 20)",0,0.0,False,0.47,0.0,False,,212,-12.0,12.0,0.0,2.0,True,False,1
892,blocks.1.attn.qkv,element,6,"(397, 0, 7)",0,0.0,False,0.47,0.0,False,,234,-80.0,-0.3125,8.0,0.99609375,False,False,1
893,blocks.4.mlp.2,element,3,"(116, 11, 1)",0,0.0,False,0.47,0.0,False,,106,80.0,40.0,1.0,0.5,False,False,1
894,blocks.2.attn.proj,scale,5,"(89, 1)",2,0.01,True,0.475,-0.0050000000000000044,False,,116,116.0,84.0,32.0,inf,False,False,32
895,blocks.0.attn.qkv,element,2,"(301, 5, 17)",0,0.0,False,0.47,0.0,False,,247,-240.0,-176.0,0.44745874404907227,0.2666666805744171,False,False,1
896,blocks.2.mlp.0,element,1,"(577, 3, 25)",0,0.0,False,0.47,0.0,False,,239,-120.0,-104.0,0.2064504623413086,0.13333334028720856,False,False,1
897,blocks.3.attn.qkv,element,3,"(60, 2, 28)",0,0.0,False,0.47,0.0,False,,99,44.0,88.0,1.0,1.0,False,False,1
898,blocks.4.attn.qkv,element,0,"(51, 1, 19)",0,0.0,False,0.47,0.0,False,,113,144.0,128.0,0.16992521286010742,0.1111111119389534,False,False,1
899,blocks.5.mlp.0,element,3,"(14, 1, 2)",0,0.0,False,0.47,0.0,False,,112,128.0,256.0,1.0,1.0,False,False,1
900,blocks.2.mlp.0,element,4,"(760, 2, 5)",0,0.0,False,0.47,0.0,False,,85,13.0,3.25,2.0,0.75,False,False,1
901,blocks.2.attn.qkv,element,4,"(398, 2, 23)",0,0.0,False,0.47,0.0,False,,96,32.0,128.0,2.0,3.0,False,False,1
902,blocks.0.mlp.2,element,6,"(75, 1, 25)",0,0.0,False,0.47,0.0,False,,113,144.0,0.5625,8.0,0.99609375,False,False,1
903,blocks.1.mlp.2,element,3,"(21, 10, 5)",0,0.0,False,0.47,0.0,False,,208,-8.0,-16.0,1.0,1.0,False,False,1
904,blocks.5.mlp.0,element,0,"(446, 4, 16)",0,0.0,False,0.47,0.0,False,,113,144.0,128.0,0.16992521286010742,0.1111111119389534,False,False,1
905,blocks.2.attn.proj,element,6,"(58, 3, 14)",0,0.0,False,0.47,0.0,False,,235,-88.0,-0.34375,8.0,0.99609375,False,False,1
906,blocks.1.attn.qkv,element,0,"(508, 5, 11)",0,0.0,False,0.47,0.0,False,,248,-256.0,-288.0,0.16992473602294922,0.125,False,False,1
907,blocks.1.mlp.0,element,2,"(85, 4, 29)",0,0.0,False,0.47,0.0,False,,250,-320.0,-448.0,0.4854269027709961,0.4000000059604645,False,False,1
908,blocks.5.attn.qkv,element,5,"(375, 4, 4)",0,0.0,False,0.47,0.0,False,,104,64.0,4.0,4.0,0.9375,False,False,1
909,blocks.1.attn.qkv,element,4,"(66, 2, 12)",0,0.0,False,0.47,0.0,False,,90,20.0,5.0,2.0,0.75,False,False,1
910,blocks.4.mlp.0,element,3,"(213, 5, 18)",0,0.0,False,0.47,0.0,False,,114,160.0,320.0,1.0,1.0,False,False,1
911,blocks.5.mlp.0,element,3,"(275, 3, 16)",0,0.0,False,0.47,0.0,False,,241,-144.0,-288.0,0.9999995231628418,1.0,False,False,1
912,blocks.5.mlp.0,element,3,"(704, 0, 27)",0,0.0,False,0.47,0.0,False,,104,64.0,32.0,1.0,0.5,False,False,1
913,blocks.3.mlp.0,scale,6,"(618, 5)",2,0.01,True,0.475,-0.0050000000000000044,False,,116,116.0,52.0,64.0,inf,False,False,32
914,blocks.3.mlp.0,element,6,"(646, 0, 31)",0,0.0,False,0.47,0.0,False,,111,120.0,0.46875,8.0,0.99609375,False,False,1
915,blocks.1.attn.qkv,element,6,"(537, 4, 25)",0,0.0,False,0.47,0.0,False,,240,-128.0,-0.5,8.0,0.99609375,False,False,1
916,blocks.5.mlp.0,element,3,"(312, 2, 16)",0,0.0,False,0.47,0.0,False,,230,-56.0,-112.0,1.0,1.0,False,False,1
917,blocks.0.attn.qkv,element,1,"(234, 5, 15)",0,0.0,False,0.47,0.0,False,,234,-80.0,-64.0,0.3219280242919922,0.20000000298023224,False,False,1
918,blocks.4.attn.qkv,element,2,"(77, 5, 13)",0,0.0,False,0.47,0.0,False,,108,96.0,64.0,0.5849623680114746,0.3333333432674408,False,False,1
919,blocks.3.mlp.2,element,2,"(103, 1, 8)",0,0.0,False,0.47,0.0,False,,248,-256.0,-384.0,0.5849628448486328,0.5,False,False,1
920,blocks.5.mlp.2,element,0,"(74, 7, 2)",0,0.0,False,0.47,0.0,False,,88,16.0,18.0,0.16992521286010742,0.125,False,False,1
921,blocks.0.mlp.2,element,5,"(98, 21, 27)",0,0.0,False,0.47,0.0,False,,246,-224.0,-14.0,4.0,0.9375,False,False,1
922,blocks.0.mlp.0,element,2,"(251, 5, 10)",0,0.0,False,0.47,0.0,False,,107,88.0,120.0,0.44745874404907227,0.3636363744735718,False,False,1
923,blocks.2.mlp.2,scale,6,"(143, 2)",0,0.0,False,0.47,0.0,False,,116,116.0,52.0,64.0,inf,False,False,32
924,blocks.4.mlp.0,element,2,"(138, 2, 7)",0,0.0,False,0.47,0.0,False,,118,224.0,160.0,0.4854269027709961,0.2857142984867096,False,False,1
925,blocks.4.attn.qkv,element,0,"(449, 4, 22)",0,0.0,False,0.47,0.0,False,,101,52.0,48.0,0.1154775619506836,0.07692307978868484,False,False,1
926,patch_embed.proj,element,1,"(69, 0, 8)",1,0.005,True,0.475,-0.0050000000000000044,False,,120,256.0,320.0,0.3219280242919922,0.25,False,False,1
927,blocks.2.mlp.0,element,7,"(745, 3, 17)",0,0.0,False,0.47,0.0,False,,214,-14.0,14.0,0.0,2.0,True,False,1
928,blocks.1.mlp.2,element,2,"(103, 22, 27)",0,0.0,False,0.47,0.0,False,,229,-52.0,-36.0,0.5305147171020508,0.3076923191547394,False,False,1
929,blocks.2.mlp.2,element,0,"(79, 12, 25)",0,0.0,False,0.47,0.0,False,,234,-80.0,-88.0,0.13750362396240234,0.10000000149011612,False,False,1
930,blocks.0.attn.proj,element,2,"(100, 2, 1)",0,0.0,False,0.47,0.0,False,,105,72.0,104.0,0.5305147171020508,0.4444444477558136,False,False,1
931,blocks.5.mlp.2,element,2,"(46, 8, 4)",0,0.0,False,0.47,0.0,False,,104,64.0,96.0,0.5849623680114746,0.5,False,False,1
932,blocks.0.mlp.0,element,6,"(496, 0, 31)",0,0.0,False,0.47,0.0,False,,229,-52.0,-0.203125,8.0,0.99609375,False,False,1
933,blocks.2.attn.qkv,element,3,"(568, 2, 0)",0,0.0,False,0.47,0.0,False,,241,-144.0,-288.0,0.9999995231628418,1.0,False,False,1
934,blocks.1.attn.qkv,element,6,"(569, 0, 0)",0,0.0,False,0.47,0.0,False,,117,208.0,0.8125,8.0,0.99609375,False,False,1
935,blocks.1.mlp.2,element,4,"(8, 20, 4)",1,0.005,True,0.475,-0.0050000000000000044,False,,236,-96.0,-384.0,2.000000476837158,3.0,False,False,1
936,blocks.5.attn.qkv,scale,5,"(73, 1)",0,0.0,False,0.47,0.0,False,,116,116.0,84.0,32.0,inf,False,False,32
937,blocks.2.mlp.2,element,1,"(10, 15, 18)",0,0.0,False,0.47,0.0,False,,116,192.0,224.0,0.22239255905151367,0.1666666716337204,False,False,1
938,blocks.0.mlp.0,element,2,"(518, 1, 15)",0,0.0,False,0.47,0.0,False,,115,176.0,240.0,0.44745874404907227,0.3636363744735718,False,False,1
939,blocks.3.mlp.0,element,7,"(728, 0, 10)",0,0.0,False,0.47,0.0,False,,109,104.0,-104.0,0.0,2.0,True,False,1
940,blocks.2.mlp.2,element,2,"(146, 21, 7)",0,0.0,False,0.47,0.0,False,,88,16.0,24.0,0.5849623680114746,0.5,False,False,1
941,blocks.1.mlp.0,element,7,"(129, 1, 12)",0,0.0,False,0.47,0.0,False,,98,40.0,-40.0,0.0,2.0,True,False,1
942,blocks.5.mlp.0,element,1,"(226, 1, 1)",0,0.0,False,0.47,0.0,False,,195,-2.75,-2.25,0.2895066738128662,0.1818181872367859,False,False,1
943,blocks.1.mlp.2,element,6,"(168, 0, 31)",0,0.0,False,0.47,0.0,False,,250,-320.0,-1.25,8.0,0.99609375,False,False,1
944,blocks.5.mlp.2,element,1,"(175, 1, 15)",0,0.0,False,0.47,0.0,False,,233,-72.0,-88.0,0.2895064353942871,0.2222222238779068,False,False,1
945,blocks.1.mlp.0,element,3,"(204, 2, 5)",0,0.0,False,0.47,0.0,False,,241,-144.0,-288.0,0.9999995231628418,1.0,False,False,1
946,blocks.4.mlp.0,element,2,"(440, 1, 27)",0,0.0,False,0.47,0.0,False,,248,-256.0,-384.0,0.5849628448486328,0.5,False,False,1
947,blocks.5.mlp.0,element,0,"(191, 3, 3)",0,0.0,False,0.47,0.0,False,,234,-80.0,-88.0,0.13750362396240234,0.10000000149011612,False,False,1
948,blocks.3.mlp.0,element,0,"(450, 5, 3)",0,0.0,False,0.47,0.0,False,,121,288.0,256.0,0.16992473602294922,0.1111111119389534,False,False,1
949,blocks.2.mlp.2,element,3,"(70, 0, 18)",0,0.0,False,0.47,0.0,False,,56,1.0,0.5,1.0,0.5,False,False,1
950,blocks.1.mlp.2,element,6,"(53, 5, 1)",0,0.0,False,0.47,0.0,False,,237,-104.0,-0.40625,8.0,0.99609375,False,False,1
951,blocks.4.mlp.0,element,2,"(58, 0, 16)",0,0.0,False,0.47,0.0,False,,237,-104.0,-72.0,0.5305147171020508,0.3076923191547394,False,False,1
952,blocks.4.mlp.0,element,5,"(710, 2, 11)",0,0.0,False,0.47,0.0,False,,251,-352.0,-22.0,4.0,0.9375,False,False,1
953,blocks.5.mlp.2,element,7,"(154, 21, 16)",0,0.0,False,0.47,0.0,False,,117,208.0,-208.0,0.0,2.0,True,False,1
954,blocks.3.mlp.0,element,7,"(248, 0, 3)",0,0.0,False,0.47,0.0,False,,96,32.0,-32.0,0.0,2.0,True,False,1
955,blocks.3.mlp.2,element,7,"(44, 22, 16)",0,0.0,False,0.47,0.0,False,,113,144.0,-144.0,0.0,2.0,True,False,1
956,blocks.4.mlp.2,element,4,"(78, 11, 25)",0,0.0,False,0.47,0.0,False,,97,36.0,144.0,2.0,3.0,False,False,1
957,blocks.5.attn.qkv,element,7,"(270, 4, 17)",0,0.0,False,0.47,0.0,False,,116,192.0,-192.0,0.0,2.0,True,False,1
958,blocks.5.mlp.0,element,5,"(330, 1, 24)",0,0.0,False,0.47,0.0,False,,246,-224.0,-14.0,4.0,0.9375,False,False,1
959,blocks.3.mlp.2,element,6,"(86, 7, 21)",0,0.0,False,0.47,0.0,False,,235,-88.0,-0.34375,8.0,0.99609375,False,False,1
960,blocks.3.mlp.0,element,1,"(364, 1, 17)",0,0.0,False,0.47,0.0,False,,93,26.0,30.0,0.2064504623413086,0.1538461595773697,False,False,1
961,blocks.4.mlp.2,element,5,"(59, 8, 13)",0,0.0,False,0.47,0.0,False,,236,-96.0,-6.0,3.999999761581421,0.9375,False,False,1
962,blocks.5.mlp.0,element,0,"(73, 5, 22)",0,0.0,False,0.47,0.0,False,,108,96.0,104.0,0.1154775619506836,0.0833333358168602,False,False,1
963,blocks.5.mlp.0,element,6,"(603, 2, 29)",0,0.0,False,0.47,0.0,False,,220,-24.0,-0.09375,8.0,0.99609375,False,False,1
964,blocks.0.attn.qkv,element,0,"(245, 3, 23)",0,0.0,False,0.47,0.0,False,,105,72.0,64.0,0.16992521286010742,0.1111111119389534,False,False,1
965,blocks.5.attn.qkv,element,7,"(42, 5, 6)",0,0.0,False,0.47,0.0,False,,109,104.0,-104.0,0.0,2.0,True,False,1
966,blocks.3.mlp.2,scale,5,"(65, 20)",1,0.005,True,0.47,0.0,False,,116,116.0,84.0,32.0,inf,False,False,32
967,blocks.3.mlp.2,element,0,"(42, 23, 13)",0,0.0,False,0.47,0.0,False,,117,208.0,192.0,0.1154775619506836,0.07692307978868484,False,False,1
968,blocks.0.mlp.0,element,0,"(400, 4, 3)",0,0.0,False,0.47,0.0,False,,225,-36.0,-32.0,0.16992521286010742,0.1111111119389534,False,False,1
969,blocks.2.mlp.0,element,1,"(189, 2, 18)",0,0.0,False,0.47,0.0,False,,110,112.0,96.0,0.22239255905151367,0.1428571492433548,False,False,1
970,blocks.0.mlp.2,element,5,"(119, 18, 30)",0,0.0,False,0.47,0.0,False,,234,-80.0,-5.0,4.0,0.9375,False,False,1
971,blocks.3.attn.proj,element,4,"(34, 1, 16)",0,0.0,False,0.47,0.0,False,,243,-176.0,-44.0,2.0,0.75,False,False,1
972,blocks.0.mlp.2,element,1,"(29, 23, 15)",0,0.0,False,0.47,0.0,False,,204,-6.0,-7.0,0.22239232063293457,0.1666666716337204,False,False,1
973,blocks.4.mlp.2,element,1,"(25, 9, 9)",0,0.0,False,0.47,0.0,False,,119,240.0,208.0,0.2064504623413086,0.13333334028720856,False,False,1
974,blocks.0.attn.qkv,element,7,"(47, 1, 22)",0,0.0,False,0.47,0.0,False,,202,-5.0,5.0,0.0,2.0,True,False,1
975,blocks.1.mlp.2,element,6,"(170, 5, 23)",0,0.0,False,0.47,0.0,False,,121,288.0,1.125,7.999999523162842,0.99609375,False,False,1
976,blocks.0.mlp.2,element,2,"(127, 17, 15)",0,0.0,False,0.47,0.0,False,,234,-80.0,-112.0,0.4854269027709961,0.4000000059604645,False,False,1
977,blocks.4.mlp.0,element,1,"(170, 4, 16)",0,0.0,False,0.47,0.0,False,,122,320.0,256.0,0.3219280242919922,0.20000000298023224,False,False,1
978,blocks.2.mlp.2,element,2,"(113, 18, 29)",0,0.0,False,0.47,0.0,False,,117,208.0,144.0,0.5305147171020508,0.3076923191547394,False,False,1
979,blocks.5.attn.proj,element,6,"(12, 5, 19)",1,0.005,True,0.47,0.0,False,,240,-128.0,-0.5,8.0,0.99609375,False,False,1
980,blocks.3.attn.qkv,element,4,"(305, 3, 9)",0,0.0,False,0.47,0.0,False,,244,-192.0,-48.0,2.0,0.75,False,False,1
981,blocks.0.mlp.0,element,3,"(116, 4, 14)",0,0.0,False,0.47,0.0,False,,98,40.0,80.0,1.0,1.0,False,False,1
982,blocks.0.mlp.0,element,4,"(247, 1, 5)",0,0.0,False,0.47,0.0,False,,100,48.0,192.0,2.0,3.0,False,False,1
983,blocks.2.mlp.0,element,2,"(288, 1, 16)",0,0.0,False,0.47,0.0,False,,106,80.0,112.0,0.4854269027709961,0.4000000059604645,False,False,1
984,blocks.3.mlp.2,element,7,"(35, 20, 3)",1,0.005,True,0.47,0.0,False,,246,-224.0,224.0,0.0,2.0,True,False,1
985,blocks.3.attn.qkv,element,4,"(141, 0, 4)",0,0.0,False,0.47,0.0,False,,243,-176.0,-44.0,2.0,0.75,False,False,1
986,blocks.0.attn.qkv,element,7,"(365, 2, 17)",0,0.0,False,0.47,0.0,False,,225,-36.0,36.0,0.0,2.0,True,False,1
987,blocks.5.mlp.0,element,7,"(283, 4, 15)",0,0.0,False,0.47,0.0,False,,118,224.0,-224.0,0.0,2.0,True,False,1
988,blocks.5.mlp.2,element,4,"(118, 2, 13)",0,0.0,False,0.47,0.0,False,,125,416.0,104.0,1.9999995231628418,0.75,False,False,1
989,blocks.3.attn.proj,element,4,"(182, 0, 5)",0,0.0,False,0.47,0.0,False,,234,-80.0,-320.0,2.0,3.0,False,False,1
990,blocks.1.attn.qkv,element,5,"(284, 3, 30)",0,0.0,False,0.47,0.0,False,,109,104.0,6.5,4.0,0.9375,False,False,1
991,blocks.0.attn.qkv,element,5,"(149, 0, 20)",0,0.0,False,0.47,0.0,False,,106,80.0,5.0,4.0,0.9375,False,False,1
992,blocks.1.mlp.2,element,7,"(160, 4, 14)",0,0.0,False,0.47,0.0,False,,78,7.0,-7.0,0.0,2.0,True,False,1
993,blocks.1.attn.proj,element,6,"(191, 4, 12)",0,0.0,False,0.47,0.0,False,,110,112.0,0.4375,8.0,0.99609375,False,False,1
994,blocks.3.attn.proj,element,7,"(47, 0, 25)",1,0.005,True,0.475,-0.0050000000000000044,False,,249,-288.0,288.0,0.0,2.0,True,False,1
995,blocks.1.mlp.2,element,3,"(66, 5, 1)",0,0.0,False,0.47,0.0,False,,113,144.0,288.0,0.9999995231628418,1.0,False,False,1
996,blocks.2.attn.proj,element,3,"(70, 0, 1)",0,0.0,False,0.47,0.0,False,,117,208.0,416.0,0.9999995231628418,1.0,False,False,1
997,blocks.2.mlp.2,element,3,"(165, 8, 17)",0,0.0,False,0.47,0.0,False,,241,-144.0,-288.0,0.9999995231628418,1.0,False,False,1
998,blocks.4.attn.proj,element,5,"(37, 5, 9)",0,0.0,False,0.47,0.0,False,,108,96.0,6.0,3.999999761581421,0.9375,False,False,1
999,blocks.2.mlp.0,scale,0,"(148, 2)",2,0.01,True,0.475,-0.0050000000000000044,False,,117,117.0,116.0,1.0,inf,False,False,32
1000,blocks.0.mlp.0,element,3,"(472, 3, 21)",1,0.005,True,0.475,-0.0050000000000000044,False,,115,176.0,352.0,1.0,1.0,False,False,1
1001,blocks.4.attn.proj,element,4,"(31, 1, 16)",0,0.0,False,0.47,0.0,False,,246,-224.0,-56.0,2.0,0.75,False,False,1
1002,blocks.2.attn.qkv,element,1,"(479, 4, 0)",0,0.0,False,0.47,0.0,False,,117,208.0,240.0,0.2064504623413086,0.1538461595773697,False,False,1
1003,blocks.2.attn.qkv,element,4,"(188, 1, 19)",0,0.0,False,0.47,0.0,False,,242,-160.0,-40.0,2.0,0.75,False,False,1
1004,blocks.0.mlp.2,element,2,"(136, 15, 4)",0,0.0,False,0.47,0.0,False,,121,288.0,416.0,0.5305147171020508,0.4444444477558136,False,False,1
1005,blocks.2.attn.proj,element,2,"(63, 3, 6)",0,0.0,False,0.47,0.0,False,,247,-240.0,-176.0,0.44745874404907227,0.2666666805744171,False,False,1
1006,blocks.1.mlp.0,element,5,"(28, 1, 27)",0,0.0,False,0.47,0.0,False,,239,-120.0,-7.5,3.999999761581421,0.9375,False,False,1
1007,blocks.0.mlp.2,element,3,"(186, 13, 8)",2,0.01,True,0.475,-0.0050000000000000044,False,,241,-144.0,-288.0,0.9999995231628418,1.0,False,False,1
1008,blocks.3.mlp.2,element,1,"(175, 0, 1)",0,0.0,False,0.47,0.0,False,,249,-288.0,-352.0,0.2895069122314453,0.2222222238779068,False,False,1
1009,blocks.2.mlp.0,element,5,"(611, 4, 24)",0,0.0,False,0.47,0.0,False,,109,104.0,6.5,4.0,0.9375,False,False,1
1010,blocks.5.attn.qkv,element,2,"(276, 0, 17)",0,0.0,False,0.47,0.0,False,,229,-52.0,-36.0,0.5305147171020508,0.3076923191547394,False,False,1
1011,blocks.4.attn.proj,element,7,"(114, 1, 30)",0,0.0,False,0.47,0.0,False,,233,-72.0,72.0,0.0,2.0,True,False,1
1012,blocks.2.mlp.2,element,2,"(55, 17, 19)",0,0.0,False,0.47,0.0,False,,100,48.0,32.0,0.5849623680114746,0.3333333432674408,False,False,1
1013,blocks.5.mlp.0,element,1,"(100, 1, 13)",0,0.0,False,0.47,0.0,False,,84,12.0,14.0,0.22239232063293457,0.1666666716337204,False,False,1
1014,blocks.2.attn.qkv,element,5,"(133, 1, 3)",0,0.0,False,0.47,0.0,False,,117,208.0,13.0,4.0,0.9375,False,False,1
1015,blocks.5.mlp.0,element,5,"(647, 4, 6)",0,0.0,False,0.47,0.0,False,,111,120.0,7.5,3.999999761581421,0.9375,False,False,1
1016,blocks.2.mlp.2,element,1,"(85, 2, 10)",0,0.0,False,0.47,0.0,False,,236,-96.0,-112.0,0.22239255905151367,0.1666666716337204,False,False,1
1017,blocks.2.attn.proj,element,0,"(115, 1, 12)",0,0.0,False,0.47,0.0,False,,243,-176.0,-160.0,0.13750362396240234,0.09090909361839294,False,False,1
1018,blocks.0.mlp.2,element,1,"(163, 15, 6)",0,0.0,False,0.47,0.0,False,,115,176.0,144.0,0.2895064353942871,0.1818181872367859,False,False,1
1019,blocks.1.mlp.2,element,7,"(1, 10, 19)",0,0.0,False,0.47,0.0,False,,252,-384.0,384.0,0.0,2.0,True,False,1
1020,blocks.0.attn.qkv,element,6,"(295, 2, 3)",0,0.0,False,0.47,0.0,False,,85,13.0,0.05078125,8.0,0.99609375,False,False,1
1021,blocks.1.mlp.0,element,0,"(470, 0, 16)",0,0.0,False,0.47,0.0,False,,109,104.0,96.0,0.1154775619506836,0.07692307978868484,False,False,1
1022,blocks.3.attn.proj,element,3,"(56, 3, 4)",0,0.0,False,0.47,0.0,False,,109,104.0,52.0,1.0,0.5,False,False,1
1023,blocks.0.mlp.2,element,4,"(139, 14, 6)",0,0.0,False,0.47,0.0,False,,207,-7.5,-30.0,1.999999761581421,3.0,False,False,1
1024,blocks.3.mlp.0,element,6,"(293, 2, 8)",0,0.0,False,0.47,0.0,False,,236,-96.0,-0.375,8.0,0.99609375,False,False,1
1025,blocks.5.mlp.2,element,0,"(68, 1, 16)",0,0.0,False,0.47,0.0,False,,88,16.0,18.0,0.16992521286010742,0.125,False,False,1
1026,blocks.0.attn.qkv,element,1,"(283, 0, 23)",0,0.0,False,0.47,0.0,False,,237,-104.0,-120.0,0.2064504623413086,0.1538461595773697,False,False,1
1027,blocks.1.mlp.2,element,1,"(100, 7, 1)",0,0.0,False,0.47,0.0,False,,107,88.0,72.0,0.2895064353942871,0.1818181872367859,False,False,1
1028,blocks.5.attn.qkv,element,4,"(417, 5, 21)",0,0.0,False,0.47,0.0,False,,85,13.0,3.25,2.0,0.75,False,False,1
1029,blocks.2.mlp.0,element,4,"(255, 0, 16)",0,0.0,False,0.47,0.0,False,,240,-128.0,-32.0,2.0,0.75,False,False,1
1030,blocks.0.attn.qkv,element,2,"(14, 4, 27)",0,0.0,False,0.47,0.0,False,,102,56.0,40.0,0.4854269027709961,0.2857142984867096,False,False,1
1031,blocks.4.mlp.0,element,4,"(416, 3, 7)",0,0.0,False,0.47,0.0,False,,245,-208.0,-52.0,2.0,0.75,False,False,1
1032,blocks.2.mlp.2,element,2,"(81, 9, 3)",0,0.0,False,0.47,0.0,False,,121,288.0,416.0,0.5305147171020508,0.4444444477558136,False,False,1
1033,blocks.5.mlp.2,element,0,"(10, 23, 26)",0,0.0,False,0.47,0.0,False,,93,26.0,24.0,0.1154775619506836,0.07692307978868484,False,False,1
1034,blocks.2.mlp.0,element,0,"(611, 4, 5)",0,0.0,False,0.47,0.0,False,,230,-56.0,-60.0,0.09953546524047852,0.0714285746216774,False,False,1
1035,blocks.4.attn.qkv,element,1,"(255, 4, 25)",0,0.0,False,0.47,0.0,False,,97,36.0,44.0,0.2895064353942871,0.2222222238779068,False,False,1
1036,blocks.4.mlp.2,element,6,"(178, 8, 14)",0,0.0,False,0.47,0.0,False,,217,-18.0,-0.0703125,8.0,0.99609375,False,False,1
1037,blocks.5.mlp.0,element,5,"(636, 0, 15)",0,0.0,False,0.47,0.0,False,,232,-64.0,-4.0,4.0,0.9375,False,False,1
1038,blocks.1.mlp.0,element,3,"(649, 0, 13)",0,0.0,False,0.47,0.0,False,,94,28.0,14.0,1.0,0.5,False,False,1
1039,blocks.2.attn.proj,scale,5,"(184, 4)",3,0.015,True,0.47,0.0,False,,116,116.0,84.0,32.0,inf,False,False,32
1040,blocks.2.attn.proj,element,7,"(189, 4, 25)",0,0.0,False,0.47,0.0,False,,86,14.0,-14.0,0.0,2.0,True,False,1
1041,blocks.4.mlp.0,element,2,"(11, 1, 19)",1,0.005,True,0.47,0.0,False,,121,288.0,416.0,0.5305147171020508,0.4444444477558136,False,False,1
1042,blocks.4.attn.qkv,element,5,"(94, 2, 16)",0,0.0,False,0.47,0.0,False,,247,-240.0,-15.0,3.999999761581421,0.9375,False,False,1
1043,blocks.0.mlp.2,element,6,"(8, 2, 15)",0,0.0,False,0.47,0.0,False,,114,160.0,0.625,8.0,0.99609375,False,False,1
1044,blocks.1.attn.qkv,element,0,"(508, 0, 25)",0,0.0,False,0.47,0.0,False,,84,12.0,13.0,0.11547708511352539,0.0833333358168602,False,False,1
1045,blocks.1.attn.qkv,element,0,"(427, 2, 1)",0,0.0,False,0.47,0.0,False,,252,-384.0,-416.0,0.11547660827636719,0.0833333358168602,False,False,1
1046,blocks.3.mlp.2,element,2,"(109, 8, 0)",0,0.0,False,0.47,0.0,False,,235,-88.0,-120.0,0.44745874404907227,0.3636363744735718,False,False,1
1047,blocks.2.mlp.2,element,3,"(111, 3, 12)",0,0.0,False,0.47,0.0,False,,99,44.0,88.0,1.0,1.0,False,False,1
1048,blocks.2.attn.qkv,element,4,"(326, 2, 14)",0,0.0,False,0.47,0.0,False,,102,56.0,224.0,2.0,3.0,False,False,1
1049,blocks.3.mlp.0,element,3,"(322, 2, 15)",0,0.0,False,0.47,0.0,False,,114,160.0,320.0,1.0,1.0,False,False,1
1050,blocks.1.attn.qkv,element,0,"(473, 4, 14)",0,0.0,False,0.47,0.0,False,,111,120.0,112.0,0.09953546524047852,0.06666667014360428,False,False,1
1051,blocks.2.mlp.0,element,5,"(390, 3, 4)",0,0.0,False,0.47,0.0,False,,246,-224.0,-14.0,4.0,0.9375,False,False,1
1052,blocks.5.mlp.2,element,4,"(184, 6, 8)",0,0.0,False,0.47,0.0,False,,95,30.0,7.5,1.999999761581421,0.75,False,False,1
1053,blocks.5.attn.qkv,element,3,"(363, 2, 25)",0,0.0,False,0.47,0.0,False,,203,-5.5,-2.75,1.0,0.5,False,False,1
1054,blocks.4.attn.proj,element,0,"(85, 4, 23)",0,0.0,False,0.47,0.0,False,,114,160.0,176.0,0.13750362396240234,0.10000000149011612,False,False,1
1055,blocks.1.attn.qkv,element,1,"(422, 3, 12)",0,0.0,False,0.47,0.0,False,,216,-16.0,-20.0,0.3219280242919922,0.25,False,False,1
1056,blocks.0.mlp.0,element,4,"(219, 2, 25)",0,0.0,False,0.47,0.0,False,,241,-144.0,-36.0,2.0,0.75,False,False,1
1057,blocks.5.attn.proj,element,4,"(117, 2, 17)",0,0.0,False,0.47,0.0,False,,99,44.0,176.0,2.0,3.0,False,False,1
1058,blocks.2.mlp.0,element,4,"(544, 1, 17)",0,0.0,False,0.47,0.0,False,,122,320.0,80.0,2.0,0.75,False,False,1
1059,blocks.3.mlp.0,element,5,"(163, 3, 1)",0,0.0,False,0.47,0.0,False,,227,-44.0,-2.75,4.0,0.9375,False,False,1
1060,blocks.2.mlp.0,element,7,"(23, 3, 28)",0,0.0,False,0.47,0.0,False,,249,-288.0,288.0,0.0,2.0,True,False,1
1061,blocks.0.mlp.0,element,5,"(393, 2, 3)",0,0.0,False,0.47,0.0,False,,120,256.0,16.0,4.0,0.9375,False,False,1
1062,blocks.3.mlp.0,element,0,"(17, 1, 2)",0,0.0,False,0.47,0.0,False,,101,52.0,48.0,0.1154775619506836,0.07692307978868484,False,False,1
1063,blocks.4.attn.proj,element,5,"(62, 4, 27)",0,0.0,False,0.47,0.0,False,,101,52.0,3.25,4.0,0.9375,False,False,1
1064,blocks.1.attn.qkv,element,5,"(33, 0, 26)",0,0.0,False,0.47,0.0,False,,225,-36.0,-2.25,4.0,0.9375,False,False,1
1065,blocks.5.attn.qkv,element,0,"(259, 0, 15)",0,0.0,False,0.47,0.0,False,,246,-224.0,-240.0,0.09953546524047852,0.0714285746216774,False,False,1
1066,blocks.3.attn.qkv,element,7,"(76, 1, 29)",0,0.0,False,0.47,0.0,False,,90,20.0,-20.0,0.0,2.0,True,False,1
1067,blocks.5.mlp.0,scale,4,"(605, 5)",0,0.0,False,0.47,0.0,False,,116,116.0,100.0,16.0,inf,False,False,32
1068,blocks.5.attn.proj,element,0,"(157, 0, 4)",0,0.0,False,0.47,0.0,False,,248,-256.0,-288.0,0.16992473602294922,0.125,False,False,1
1069,blocks.2.attn.qkv,element,5,"(422, 0, 28)",0,0.0,False,0.47,0.0,False,,126,448.0,28.0,4.0,0.9375,False,False,1
1070,blocks.3.mlp.0,element,1,"(520, 3, 6)",0,0.0,False,0.47,0.0,False,,233,-72.0,-88.0,0.2895064353942871,0.2222222238779068,False,False,1
1071,blocks.2.attn.proj,element,3,"(152, 3, 24)",0,0.0,False,0.47,0.0,False,,243,-176.0,-352.0,1.0,1.0,False,False,1
1072,blocks.3.attn.qkv,element,3,"(446, 5, 20)",0,0.0,False,0.47,0.0,False,,106,80.0,40.0,1.0,0.5,False,False,1
1073,blocks.0.mlp.2,element,1,"(180, 19, 12)",0,0.0,False,0.47,0.0,False,,119,240.0,208.0,0.2064504623413086,0.13333334028720856,False,False,1
1074,blocks.0.attn.qkv,element,7,"(359, 4, 25)",0,0.0,False,0.47,0.0,False,,123,352.0,-352.0,0.0,2.0,True,False,1
1075,blocks.1.mlp.2,element,1,"(179, 13, 23)",0,0.0,False,0.47,0.0,False,,254,-448.0,-384.0,0.22239208221435547,0.1428571492433548,False,False,1
1076,blocks.3.mlp.2,element,2,"(85, 17, 12)",0,0.0,False,0.47,0.0,False,,250,-320.0,-448.0,0.4854269027709961,0.4000000059604645,False,False,1
1077,blocks.0.mlp.0,element,0,"(753, 1, 29)",0,0.0,False,0.47,0.0,False,,74,5.0,5.5,0.13750362396240234,0.10000000149011612,False,False,1
1078,blocks.0.attn.qkv,element,5,"(471, 4, 31)",0,0.0,False,0.47,0.0,False,,249,-288.0,-18.0,3.999999523162842,0.9375,False,False,1
1079,blocks.2.attn.qkv,element,0,"(276, 0, 3)",0,0.0,False,0.47,0.0,False,,123,352.0,320.0,0.13750362396240234,0.09090909361839294,False,False,1
1080,blocks.1.mlp.2,scale,3,"(49, 18)",119,0.595,True,0.295,0.175,False,,115,115.0,123.0,8.0,inf,False,False,32
1081,blocks.1.mlp.2,element,2,"(82, 8, 17)",0,0.0,False,0.47,0.0,False,,97,36.0,52.0,0.5305147171020508,0.4444444477558136,False,False,1
1082,blocks.0.mlp.0,element,6,"(606, 0, 27)",1,0.005,True,0.475,-0.0050000000000000044,False,,117,208.0,0.8125,8.0,0.99609375,False,False,1
1083,blocks.2.attn.qkv,element,5,"(385, 2, 19)",0,0.0,False,0.47,0.0,False,,102,56.0,3.5,4.0,0.9375,False,False,1
1084,blocks.5.mlp.0,element,4,"(271, 5, 4)",0,0.0,False,0.47,0.0,False,,249,-288.0,-72.0,1.9999995231628418,0.75,False,False,1
1085,blocks.1.mlp.0,element,6,"(690, 5, 1)",1,0.005,True,0.47,0.0,False,,110,112.0,0.4375,8.0,0.99609375,False,False,1
1086,blocks.3.attn.qkv,element,5,"(332, 1, 21)",0,0.0,False,0.47,0.0,False,,116,192.0,12.0,3.999999761581421,0.9375,False,False,1
1087,blocks.0.mlp.2,element,5,"(115, 22, 20)",1,0.005,True,0.475,-0.0050000000000000044,False,,89,18.0,288.0,3.999999523162842,15.0,False,False,1
1088,blocks.1.attn.qkv,element,2,"(389, 4, 11)",0,0.0,False,0.47,0.0,False,,254,-448.0,-320.0,0.4854269027709961,0.2857142984867096,False,False,1
1089,blocks.4.mlp.0,element,1,"(102, 0, 26)",0,0.0,False,0.47,0.0,False,,240,-128.0,-160.0,0.3219280242919922,0.25,False,False,1
1090,blocks.5.mlp.0,element,6,"(242, 0, 19)",0,0.0,False,0.47,0.0,False,,237,-104.0,-0.40625,8.0,0.99609375,False,False,1
1091,blocks.5.mlp.0,scale,6,"(72, 2)",1,0.005,True,0.47,0.0,False,,116,116.0,52.0,64.0,inf,False,False,32
1092,blocks.0.attn.qkv,element,5,"(323, 5, 2)",0,0.0,False,0.47,0.0,False,,242,-160.0,-10.0,4.0,0.9375,False,False,1
1093,blocks.5.mlp.0,element,5,"(137, 3, 6)",0,0.0,False,0.47,0.0,False,,236,-96.0,-6.0,3.999999761581421,0.9375,False,False,1
1094,blocks.0.mlp.2,element,5,"(86, 7, 9)",0,0.0,False,0.47,0.0,False,,236,-96.0,-6.0,3.999999761581421,0.9375,False,False,1
1095,blocks.0.attn.qkv,element,7,"(484, 3, 18)",1,0.005,True,0.475,-0.0050000000000000044,False,,120,256.0,-256.0,0.0,2.0,True,False,1
1096,blocks.2.attn.qkv,element,0,"(277, 3, 28)",0,0.0,False,0.47,0.0,False,,233,-72.0,-64.0,0.16992521286010742,0.1111111119389534,False,False,1
1097,blocks.4.mlp.2,element,3,"(118, 15, 12)",0,0.0,False,0.47,0.0,False,,243,-176.0,-352.0,1.0,1.0,False,False,1
1098,blocks.2.mlp.0,element,2,"(121, 5, 11)",0,0.0,False,0.47,0.0,False,,101,52.0,36.0,0.5305147171020508,0.3076923191547394,False,False,1
1099,blocks.4.mlp.0,element,0,"(282, 3, 13)",0,0.0,False,0.47,0.0,False,,238,-112.0,-120.0,0.09953546524047852,0.0714285746216774,False,False,1
1100,blocks.1.mlp.0,element,1,"(480, 2, 30)",0,0.0,False,0.47,0.0,False,,230,-56.0,-48.0,0.22239255905151367,0.1428571492433548,False,False,1
1101,blocks.2.attn.qkv,element,0,"(406, 5, 3)",0,0.0,False,0.47,0.0,False,,98,40.0,44.0,0.13750362396240234,0.10000000149011612,False,False,1
1102,blocks.5.attn.proj,element,3,"(101, 1, 4)",0,0.0,False,0.47,0.0,False,,241,-144.0,-288.0,0.9999995231628418,1.0,False,False,1
1103,blocks.4.attn.qkv,element,5,"(447, 5, 30)",0,0.0,False,0.47,0.0,False,,103,60.0,3.75,3.999999761581421,0.9375,False,False,1
1104,blocks.0.mlp.0,element,6,"(605, 3, 4)",0,0.0,False,0.47,0.0,False,,105,72.0,0.28125,8.0,0.99609375,False,False,1
1105,blocks.2.attn.qkv,element,2,"(342, 1, 16)",0,0.0,False,0.47,0.0,False,,217,-18.0,-26.0,0.5305147171020508,0.4444444477558136,False,False,1
1106,blocks.0.attn.qkv,element,0,"(322, 5, 0)",0,0.0,False,0.47,0.0,False,,233,-72.0,-64.0,0.16992521286010742,0.1111111119389534,False,False,1
1107,blocks.2.mlp.2,element,7,"(9, 5, 8)",0,0.0,False,0.47,0.0,False,,105,72.0,-72.0,0.0,2.0,True,False,1
1108,blocks.4.mlp.0,element,1,"(609, 2, 17)",0,0.0,False,0.47,0.0,False,,118,224.0,192.0,0.22239255905151367,0.1428571492433548,False,False,1
1109,blocks.5.attn.proj,element,0,"(45, 4, 19)",0,0.0,False,0.47,0.0,False,,111,120.0,112.0,0.09953546524047852,0.06666667014360428,False,False,1
1110,blocks.3.attn.qkv,element,5,"(523, 1, 4)",0,0.0,False,0.47,0.0,False,,237,-104.0,-6.5,4.0,0.9375,False,False,1
1111,blocks.1.attn.qkv,element,6,"(492, 1, 24)",0,0.0,False,0.47,0.0,False,,100,48.0,0.1875,8.0,0.99609375,False,False,1
1112,blocks.5.mlp.2,element,5,"(26, 15, 30)",0,0.0,False,0.47,0.0,False,,105,72.0,4.5,4.0,0.9375,False,False,1
1113,blocks.0.attn.qkv,element,0,"(178, 4, 3)",0,0.0,False,0.47,0.0,False,,226,-40.0,-44.0,0.13750362396240234,0.10000000149011612,False,False,1
1114,blocks.1.mlp.2,element,6,"(52, 10, 14)",0,0.0,False,0.47,0.0,False,,238,-112.0,-0.4375,8.0,0.99609375,False,False,1
1115,blocks.2.mlp.2,element,1,"(61, 7, 10)",0,0.0,False,0.47,0.0,False,,201,-4.5,-5.5,0.2895066738128662,0.2222222238779068,False,False,1
1116,blocks.0.mlp.2,element,3,"(106, 5, 31)",0,0.0,False,0.47,0.0,False,,110,112.0,56.0,1.0,0.5,False,False,1
1117,blocks.3.attn.qkv,element,2,"(341, 5, 26)",0,0.0,False,0.47,0.0,False,,114,160.0,224.0,0.4854269027709961,0.4000000059604645,False,False,1
1118,blocks.4.attn.proj,element,3,"(180, 4, 2)",0,0.0,False,0.47,0.0,False,,115,176.0,352.0,1.0,1.0,False,False,1
1119,blocks.1.mlp.0,element,7,"(337, 1, 7)",0,0.0,False,0.47,0.0,False,,115,176.0,-176.0,0.0,2.0,True,False,1
1120,blocks.5.mlp.0,element,4,"(674, 4, 24)",200,1.0,True,0.0,0.47,True,,111,120.0,,inf,inf,False,True,1
1121,blocks.5.attn.qkv,element,3,"(415, 5, 31)",0,0.0,False,0.47,0.0,False,,236,-96.0,-48.0,1.0,0.5,False,False,1
1122,blocks.1.attn.qkv,element,4,"(408, 0, 18)",0,0.0,False,0.47,0.0,False,,108,96.0,384.0,2.000000476837158,3.0,False,False,1
1123,blocks.1.mlp.2,element,0,"(126, 0, 28)",0,0.0,False,0.47,0.0,False,,108,96.0,104.0,0.1154775619506836,0.0833333358168602,False,False,1
1124,blocks.5.attn.proj,element,5,"(175, 2, 21)",0,0.0,False,0.47,0.0,False,,90,20.0,320.0,4.0,15.0,False,False,1
1125,head,element,3,"(86, 5, 21)",0,0.0,False,0.47,0.0,False,,112,128.0,256.0,1.0,1.0,False,False,1
1126,blocks.0.mlp.2,element,2,"(81, 23, 8)",0,0.0,False,0.47,0.0,False,,91,22.0,30.0,0.44745874404907227,0.3636363744735718,False,False,1
1127,blocks.2.mlp.0,element,6,"(95, 5, 20)",0,0.0,False,0.47,0.0,False,,114,160.0,0.625,8.0,0.99609375,False,False,1
1128,blocks.2.mlp.2,element,7,"(61, 11, 27)",0,0.0,False,0.47,0.0,False,,109,104.0,-104.0,0.0,2.0,True,False,1
1129,blocks.1.mlp.0,element,4,"(9, 0, 28)",0,0.0,False,0.47,0.0,False,,91,22.0,5.5,2.0,0.75,False,False,1
1130,blocks.2.attn.qkv,element,2,"(395, 3, 28)",0,0.0,False,0.47,0.0,False,,254,-448.0,-320.0,0.4854269027709961,0.2857142984867096,False,False,1
1131,blocks.0.mlp.2,element,2,"(14, 10, 6)",0,0.0,False,0.47,0.0,False,,114,160.0,224.0,0.4854269027709961,0.4000000059604645,False,False,1
1132,blocks.2.mlp.0,element,5,"(62, 3, 5)",0,0.0,False,0.47,0.0,False,,220,-24.0,-384.0,4.000000476837158,15.0,False,False,1
1133,blocks.4.attn.proj,element,5,"(72, 0, 29)",0,0.0,False,0.47,0.0,False,,234,-80.0,-5.0,4.0,0.9375,False,False,1
1134,head,element,2,"(47, 0, 12)",0,0.0,False,0.47,0.0,False,,249,-288.0,-416.0,0.5305147171020508,0.4444444477558136,False,False,1
1135,blocks.4.attn.proj,element,6,"(78, 2, 0)",0,0.0,False,0.47,0.0,False,,97,36.0,0.140625,8.0,0.99609375,False,False,1
1136,blocks.5.mlp.2,element,4,"(147, 11, 20)",0,0.0,False,0.47,0.0,False,,240,-128.0,-32.0,2.0,0.75,False,False,1
1137,blocks.0.mlp.2,element,7,"(189, 20, 0)",0,0.0,False,0.47,0.0,False,,92,24.0,-24.0,0.0,2.0,True,False,1
1138,blocks.5.attn.proj,element,3,"(17, 0, 17)",0,0.0,False,0.47,0.0,False,,105,72.0,36.0,1.0,0.5,False,False,1
1139,blocks.4.mlp.2,element,3,"(67, 12, 22)",0,0.0,False,0.47,0.0,False,,235,-88.0,-44.0,1.0,0.5,False,False,1
1140,blocks.5.mlp.0,element,2,"(303, 1, 4)",0,0.0,False,0.47,0.0,False,,244,-192.0,-128.0,0.5849623680114746,0.3333333432674408,False,False,1
1141,blocks.0.attn.qkv,element,7,"(130, 0, 19)",0,0.0,False,0.47,0.0,False,,242,-160.0,160.0,0.0,2.0,True,False,1
1142,blocks.0.mlp.0,element,6,"(302, 4, 13)",0,0.0,False,0.47,0.0,False,,88,16.0,0.0625,8.0,0.99609375,False,False,1
1143,blocks.4.mlp.0,element,0,"(117, 3, 23)",0,0.0,False,0.47,0.0,False,,226,-40.0,-44.0,0.13750362396240234,0.10000000149011612,False,False,1
1144,blocks.0.attn.qkv,element,5,"(448, 2, 12)",1,0.005,True,0.47,0.0,False,,107,88.0,5.5,4.0,0.9375,False,False,1
1145,blocks.2.mlp.2,element,3,"(109, 13, 2)",200,1.0,True,0.0,0.47,True,,119,240.0,,inf,inf,False,True,1
1146,blocks.3.attn.qkv,element,4,"(49, 0, 9)",0,0.0,False,0.47,0.0,False,,246,-224.0,-56.0,2.0,0.75,False,False,1
1147,blocks.0.attn.qkv,element,7,"(166, 0, 25)",0,0.0,False,0.47,0.0,False,,76,6.0,-6.0,0.0,2.0,True,False,1
1148,blocks.0.mlp.0,element,1,"(214, 2, 15)",0,0.0,False,0.47,0.0,False,,219,-22.0,-18.0,0.2895064353942871,0.1818181872367859,False,False,1
1149,blocks.2.mlp.2,element,4,"(94, 9, 1)",0,0.0,False,0.47,0.0,False,,192,-2.0,-8.0,2.0,3.0,False,False,1
1150,blocks.4.mlp.0,element,4,"(473, 1, 16)",0,0.0,False,0.47,0.0,False,,229,-52.0,-208.0,2.0,3.0,False,False,1
1151,blocks.5.attn.qkv,element,3,"(223, 4, 9)",0,0.0,False,0.47,0.0,False,,228,-48.0,-96.0,1.0,1.0,False,False,1
1152,blocks.0.mlp.2,element,5,"(31, 15, 10)",0,0.0,False,0.47,0.0,False,,110,112.0,7.0,4.0,0.9375,False,False,1
1153,blocks.4.mlp.2,element,5,"(24, 22, 13)",0,0.0,False,0.47,0.0,False,,203,-5.5,-88.0,4.0,15.0,False,False,1
1154,blocks.2.mlp.2,element,7,"(185, 11, 11)",0,0.0,False,0.47,0.0,False,,122,320.0,-320.0,0.0,2.0,True,False,1
1155,blocks.2.attn.qkv,element,2,"(575, 4, 11)",0,0.0,False,0.47,0.0,False,,228,-48.0,-32.0,0.5849623680114746,0.3333333432674408,False,False,1
1156,blocks.2.attn.qkv,element,7,"(93, 0, 3)",0,0.0,False,0.47,0.0,False,,99,44.0,-44.0,0.0,2.0,True,False,1
1157,blocks.0.mlp.2,element,7,"(32, 16, 3)",1,0.005,True,0.475,-0.0050000000000000044,False,,119,240.0,-240.0,0.0,2.0,True,False,1
1158,blocks.0.mlp.0,element,3,"(692, 0, 9)",1,0.005,True,0.475,-0.0050000000000000044,False,,244,-192.0,-384.0,1.0000004768371582,1.0,False,False,1
1159,blocks.2.mlp.0,element,4,"(583, 5, 3)",0,0.0,False,0.47,0.0,False,,228,-48.0,-192.0,2.0,3.0,False,False,1
1160,blocks.4.mlp.0,element,3,"(474, 1, 11)",0,0.0,False,0.47,0.0,False,,221,-26.0,-13.0,1.000000238418579,0.5,False,False,1
1161,blocks.1.attn.qkv,element,3,"(118, 1, 4)",0,0.0,False,0.47,0.0,False,,254,-448.0,-224.0,1.0,0.5,False,False,1
1162,blocks.3.mlp.2,element,6,"(166, 23, 8)",1,0.005,True,0.475,-0.0050000000000000044,False,,242,-160.0,-0.625,8.0,0.99609375,False,False,1
1163,blocks.1.attn.proj,element,6,"(108, 4, 4)",0,0.0,False,0.47,0.0,False,,253,-416.0,-1.625,8.0,0.99609375,False,False,1
1164,blocks.0.attn.qkv,element,7,"(498, 0, 21)",0,0.0,False,0.47,0.0,False,,244,-192.0,192.0,0.0,2.0,True,False,1
1165,blocks.3.mlp.2,element,6,"(172, 1, 27)",0,0.0,False,0.47,0.0,False,,232,-64.0,-0.25,8.0,0.99609375,False,False,1
1166,blocks.3.mlp.0,element,3,"(420, 1, 15)",0,0.0,False,0.47,0.0,False,,99,44.0,88.0,1.0,1.0,False,False,1
1167,blocks.3.mlp.0,element,3,"(104, 2, 14)",0,0.0,False,0.47,0.0,False,,115,176.0,352.0,1.0,1.0,False,False,1
1168,blocks.3.mlp.0,scale,7,"(510, 3)",178,0.89,True,0.06,0.41,True,,116,116.0,244.0,128.0,inf,False,False,32
1169,blocks.2.mlp.0,element,0,"(238, 2, 1)",0,0.0,False,0.47,0.0,False,,116,192.0,208.0,0.1154775619506836,0.0833333358168602,False,False,1
1170,blocks.0.attn.proj,element,6,"(43, 1, 2)",0,0.0,False,0.47,0.0,False,,119,240.0,0.9375,8.0,0.99609375,False,False,1
1171,blocks.3.mlp.0,element,0,"(332, 2, 13)",0,0.0,False,0.47,0.0,False,,113,144.0,128.0,0.16992521286010742,0.1111111119389534,False,False,1
1172,blocks.1.mlp.2,element,3,"(185, 3, 2)",0,0.0,False,0.47,0.0,False,,232,-64.0,-32.0,1.0,0.5,False,False,1
1173,blocks.2.mlp.0,element,3,"(732, 0, 30)",0,0.0,False,0.47,0.0,False,,121,288.0,144.0,0.9999995231628418,0.5,False,False,1
1174,blocks.2.mlp.0,element,3,"(251, 3, 9)",0,0.0,False,0.47,0.0,False,,107,88.0,44.0,1.0,0.5,False,False,1
1175,blocks.5.mlp.0,element,6,"(145, 0, 9)",0,0.0,False,0.47,0.0,False,,100,48.0,0.1875,8.0,0.99609375,False,False,1
1176,blocks.2.mlp.0,element,4,"(230, 0, 27)",1,0.005,True,0.47,0.0,False,,115,176.0,44.0,2.0,0.75,False,False,1
1177,blocks.5.attn.proj,element,3,"(42, 1, 12)",0,0.0,False,0.47,0.0,False,,238,-112.0,-56.0,1.0,0.5,False,False,1
1178,blocks.2.mlp.2,element,0,"(190, 0, 15)",0,0.0,False,0.47,0.0,False,,253,-416.0,-384.0,0.11547660827636719,0.07692307978868484,False,False,1
1179,blocks.3.attn.qkv,element,0,"(4, 3, 21)",0,0.0,False,0.47,0.0,False,,110,112.0,120.0,0.09953546524047852,0.0714285746216774,False,False,1
1180,blocks.4.attn.qkv,element,0,"(412, 4, 28)",0,0.0,False,0.47,0.0,False,,97,36.0,32.0,0.16992521286010742,0.1111111119389534,False,False,1
1181,blocks.3.mlp.2,element,5,"(59, 23, 20)",1,0.005,True,0.475,-0.0050000000000000044,False,,236,-96.0,-6.0,3.999999761581421,0.9375,False,False,1
1182,blocks.5.mlp.2,scale,5,"(165, 18)",0,0.0,False,0.47,0.0,False,,116,116.0,84.0,32.0,inf,False,False,32
1183,blocks.0.mlp.2,element,1,"(148, 11, 6)",0,0.0,False,0.47,0.0,False,,106,80.0,64.0,0.3219280242919922,0.20000000298023224,False,False,1
1184,blocks.5.attn.qkv,element,1,"(170, 0, 27)",0,0.0,False,0.47,0.0,False,,113,144.0,176.0,0.2895064353942871,0.2222222238779068,False,False,1
1185,blocks.1.mlp.2,element,2,"(96, 10, 6)",0,0.0,False,0.47,0.0,False,,114,160.0,224.0,0.4854269027709961,0.4000000059604645,False,False,1
1186,blocks.5.attn.qkv,element,5,"(377, 1, 22)",0,0.0,False,0.47,0.0,False,,98,40.0,2.5,4.0,0.9375,False,False,1
1187,blocks.4.mlp.2,element,7,"(132, 10, 1)",0,0.0,False,0.47,0.0,False,,245,-208.0,208.0,0.0,2.0,True,False,1
1188,blocks.2.mlp.2,element,4,"(178, 8, 28)",0,0.0,False,0.47,0.0,False,,220,-24.0,-6.0,1.999999761581421,0.75,False,False,1
1189,blocks.5.mlp.0,element,3,"(581, 2, 5)",0,0.0,False,0.47,0.0,False,,224,-32.0,-64.0,1.0,1.0,False,False,1
1190,blocks.3.mlp.0,element,4,"(561, 5, 24)",0,0.0,False,0.47,0.0,False,,120,256.0,64.0,2.0,0.75,False,False,1
1191,blocks.3.mlp.0,element,1,"(557, 0, 11)",0,0.0,False,0.47,0.0,False,,120,256.0,320.0,0.3219280242919922,0.25,False,False,1
1192,blocks.4.mlp.2,element,1,"(8, 11, 7)",0,0.0,False,0.47,0.0,False,,112,128.0,160.0,0.3219280242919922,0.25,False,False,1
1193,blocks.5.mlp.2,element,3,"(125, 13, 5)",0,0.0,False,0.47,0.0,False,,248,-256.0,-128.0,1.0,0.5,False,False,1
1194,blocks.0.attn.proj,element,7,"(16, 1, 8)",0,0.0,False,0.47,0.0,False,,234,-80.0,80.0,0.0,2.0,True,False,1
1195,blocks.1.attn.qkv,element,5,"(133, 0, 2)",0,0.0,False,0.47,0.0,False,,110,112.0,7.0,4.0,0.9375,False,False,1
1196,blocks.4.attn.qkv,element,4,"(405, 2, 15)",0,0.0,False,0.47,0.0,False,,99,44.0,176.0,2.0,3.0,False,False,1
1197,blocks.0.mlp.2,element,5,"(47, 17, 11)",0,0.0,False,0.47,0.0,False,,227,-44.0,-2.75,4.0,0.9375,False,False,1
1198,head,element,4,"(21, 2, 3)",0,0.0,False,0.47,0.0,False,,241,-144.0,-36.0,2.0,0.75,False,False,1
1199,blocks.4.mlp.2,scale,4,"(128, 7)",0,0.0,False,0.47,0.0,False,,116,116.0,100.0,16.0,inf,False,False,32
1200,blocks.3.mlp.2,element,3,"(72, 11, 23)",0,0.0,False,0.47,0.0,False,,97,36.0,72.0,1.0,1.0,False,False,1
1201,blocks.2.mlp.2,element,1,"(37, 3, 25)",0,0.0,False,0.47,0.0,False,,89,18.0,22.0,0.2895064353942871,0.2222222238779068,False,False,1
1202,blocks.4.mlp.0,element,3,"(232, 2, 26)",0,0.0,False,0.47,0.0,False,,218,-20.0,-10.0,1.0,0.5,False,False,1
1203,blocks.2.mlp.0,element,6,"(436, 1, 22)",1,0.005,True,0.475,-0.0050000000000000044,False,,117,208.0,0.8125,8.0,0.99609375,False,False,1
1204,blocks.3.attn.qkv,element,0,"(19, 1, 30)",0,0.0,False,0.47,0.0,False,,110,112.0,120.0,0.09953546524047852,0.0714285746216774,False,False,1
1205,blocks.2.mlp.2,element,3,"(114, 22, 19)",0,0.0,False,0.47,0.0,False,,200,-4.0,-2.0,1.0,0.5,False,False,1
1206,blocks.0.attn.proj,element,4,"(49, 0, 20)",0,0.0,False,0.47,0.0,False,,213,-13.0,-3.25,2.0,0.75,False,False,1
1207,blocks.4.mlp.0,element,0,"(684, 0, 3)",0,0.0,False,0.47,0.0,False,,200,-4.0,-4.5,0.16992497444152832,0.125,False,False,1
1208,blocks.1.mlp.2,element,1,"(112, 15, 30)",0,0.0,False,0.47,0.0,False,,114,160.0,128.0,0.3219280242919922,0.20000000298023224,False,False,1
1209,blocks.1.mlp.2,element,6,"(52, 18, 10)",1,0.005,True,0.475,-0.0050000000000000044,False,,115,176.0,0.6875,8.0,0.99609375,False,False,1
1210,blocks.2.mlp.2,element,2,"(69, 5, 5)",0,0.0,False,0.47,0.0,False,,122,320.0,448.0,0.4854269027709961,0.4000000059604645,False,False,1
1211,blocks.2.mlp.2,element,6,"(172, 16, 18)",0,0.0,False,0.47,0.0,False,,113,144.0,0.5625,8.0,0.99609375,False,False,1
1212,blocks.3.mlp.2,element,5,"(136, 4, 18)",0,0.0,False,0.47,0.0,False,,89,18.0,288.0,3.999999523162842,15.0,False,False,1
1213,blocks.4.mlp.0,element,7,"(435, 0, 13)",0,0.0,False,0.47,0.0,False,,226,-40.0,40.0,0.0,2.0,True,False,1
1214,blocks.0.mlp.2,element,4,"(105, 19, 6)",1,0.005,True,0.475,-0.0050000000000000044,False,,115,176.0,44.0,2.0,0.75,False,False,1
1215,blocks.1.mlp.0,element,2,"(714, 1, 0)",0,0.0,False,0.47,0.0,False,,245,-208.0,-144.0,0.5305147171020508,0.3076923191547394,False,False,1
1216,blocks.4.mlp.0,element,5,"(512, 1, 12)",0,0.0,False,0.47,0.0,False,,236,-96.0,-6.0,3.999999761581421,0.9375,False,False,1
1217,blocks.3.mlp.2,element,3,"(56, 5, 12)",0,0.0,False,0.47,0.0,False,,241,-144.0,-288.0,0.9999995231628418,1.0,False,False,1
1218,blocks.2.attn.qkv,element,0,"(561, 2, 14)",0,0.0,False,0.47,0.0,False,,106,80.0,88.0,0.13750362396240234,0.10000000149011612,False,False,1
1219,blocks.4.mlp.0,element,3,"(352, 5, 27)",0,0.0,False,0.47,0.0,False,,120,256.0,128.0,1.0,0.5,False,False,1
1220,blocks.5.attn.proj,element,6,"(167, 4, 27)",0,0.0,False,0.47,0.0,False,,108,96.0,0.375,8.0,0.99609375,False,False,1
1221,blocks.2.mlp.0,element,5,"(624, 2, 27)",0,0.0,False,0.47,0.0,False,,243,-176.0,-11.0,4.0,0.9375,False,False,1
1222,blocks.0.mlp.0,element,4,"(449, 3, 25)",1,0.005,True,0.475,-0.0050000000000000044,False,,108,96.0,384.0,2.000000476837158,3.0,False,False,1
1223,blocks.2.attn.qkv,element,2,"(507, 4, 25)",0,0.0,False,0.47,0.0,False,,241,-144.0,-208.0,0.5305147171020508,0.4444444477558136,False,False,1
1224,blocks.1.attn.qkv,element,2,"(431, 5, 27)",0,0.0,False,0.47,0.0,False,,116,192.0,128.0,0.5849623680114746,0.3333333432674408,False,False,1
1225,patch_embed.proj,element,3,"(158, 1, 9)",0,0.0,False,0.47,0.0,False,,106,80.0,40.0,1.0,0.5,False,False,1
1226,blocks.2.mlp.2,element,7,"(106, 21, 12)",2,0.01,True,0.475,-0.0050000000000000044,False,,250,-320.0,320.0,0.0,2.0,True,False,1
1227,blocks.4.mlp.2,element,4,"(76, 16, 28)",0,0.0,False,0.47,0.0,False,,252,-384.0,-96.0,2.000000476837158,0.75,False,False,1
1228,blocks.1.mlp.2,element,1,"(7, 7, 15)",0,0.0,False,0.47,0.0,False,,249,-288.0,-352.0,0.2895069122314453,0.2222222238779068,False,False,1
1229,blocks.3.attn.proj,element,2,"(186, 0, 13)",0,0.0,False,0.47,0.0,False,,234,-80.0,-112.0,0.4854269027709961,0.4000000059604645,False,False,1
1230,blocks.4.mlp.2,element,5,"(131, 7, 12)",0,0.0,False,0.47,0.0,False,,217,-18.0,-288.0,3.999999523162842,15.0,False,False,1
1231,blocks.4.attn.qkv,element,7,"(302, 5, 25)",0,0.0,False,0.47,0.0,False,,100,48.0,-48.0,0.0,2.0,True,False,1
1232,blocks.0.mlp.0,element,6,"(11, 0, 28)",0,0.0,False,0.47,0.0,False,,233,-72.0,-0.28125,8.0,0.99609375,False,False,1
1233,blocks.5.mlp.0,element,1,"(518, 0, 6)",0,0.0,False,0.47,0.0,False,,244,-192.0,-224.0,0.22239255905151367,0.1666666716337204,False,False,1
1234,blocks.2.mlp.0,element,4,"(477, 5, 23)",0,0.0,False,0.47,0.0,False,,242,-160.0,-40.0,2.0,0.75,False,False,1
1235,blocks.4.mlp.0,element,1,"(522, 2, 13)",0,0.0,False,0.47,0.0,False,,112,128.0,160.0,0.3219280242919922,0.25,False,False,1
1236,blocks.4.mlp.2,element,3,"(155, 2, 1)",0,0.0,False,0.47,0.0,False,,224,-32.0,-64.0,1.0,1.0,False,False,1
1237,blocks.1.attn.qkv,element,6,"(14, 3, 6)",1,0.005,True,0.475,-0.0050000000000000044,False,,116,192.0,0.75,8.0,0.99609375,False,False,1
1238,blocks.3.mlp.0,element,0,"(322, 1, 4)",0,0.0,False,0.47,0.0,False,,247,-240.0,-224.0,0.09953546524047852,0.06666667014360428,False,False,1
1239,blocks.1.mlp.2,element,7,"(46, 11, 18)",1,0.005,True,0.475,-0.0050000000000000044,False,,117,208.0,-208.0,0.0,2.0,True,False,1
1240,blocks.5.attn.qkv,element,4,"(376, 0, 11)",0,0.0,False,0.47,0.0,False,,249,-288.0,-72.0,1.9999995231628418,0.75,False,False,1
1241,blocks.5.mlp.2,scale,1,"(152, 0)",2,0.01,True,0.475,-0.0050000000000000044,False,,117,117.0,119.0,2.0,inf,False,False,32
1242,blocks.5.mlp.0,element,3,"(738, 5, 9)",0,0.0,False,0.47,0.0,False,,115,176.0,352.0,1.0,1.0,False,False,1
1243,blocks.3.mlp.2,scale,0,"(190, 3)",1,0.005,True,0.475,-0.0050000000000000044,False,,116,116.0,117.0,1.0,inf,False,False,32
1244,blocks.5.mlp.0,element,4,"(281, 1, 18)",0,0.0,False,0.47,0.0,False,,121,288.0,72.0,1.9999995231628418,0.75,False,False,1
1245,blocks.2.attn.qkv,element,2,"(465, 1, 25)",1,0.005,True,0.475,-0.0050000000000000044,False,,242,-160.0,-224.0,0.4854269027709961,0.4000000059604645,False,False,1
1246,blocks.0.attn.qkv,element,4,"(466, 2, 11)",0,0.0,False,0.47,0.0,False,,108,96.0,384.0,2.000000476837158,3.0,False,False,1
1247,blocks.5.mlp.0,element,5,"(424, 3, 9)",0,0.0,False,0.47,0.0,False,,221,-26.0,-416.0,3.999999523162842,15.0,False,False,1
1248,blocks.5.mlp.0,element,7,"(561, 2, 13)",0,0.0,False,0.47,0.0,False,,109,104.0,-104.0,0.0,2.0,True,False,1
1249,blocks.0.mlp.2,scale,0,"(94, 16)",0,0.0,False,0.47,0.0,False,,115,115.0,114.0,1.0,inf,False,False,32
1250,blocks.1.mlp.2,element,2,"(121, 3, 1)",0,0.0,False,0.47,0.0,False,,226,-40.0,-56.0,0.4854269027709961,0.4000000059604645,False,False,1
1251,blocks.3.attn.qkv,element,7,"(470, 2, 17)",1,0.005,True,0.475,-0.0050000000000000044,False,,117,208.0,-208.0,0.0,2.0,True,False,1
1252,blocks.1.mlp.2,element,0,"(96, 16, 4)",0,0.0,False,0.47,0.0,False,,241,-144.0,-128.0,0.16992521286010742,0.1111111119389534,False,False,1
1253,blocks.0.attn.proj,element,5,"(84, 2, 28)",1,0.005,True,0.475,-0.0050000000000000044,False,,113,144.0,9.0,4.0,0.9375,False,False,1
1254,blocks.3.mlp.2,element,3,"(52, 6, 15)",0,0.0,False,0.47,0.0,False,,249,-288.0,-144.0,0.9999995231628418,0.5,False,False,1
1255,blocks.1.mlp.0,element,4,"(270, 1, 5)",1,0.005,True,0.475,-0.0050000000000000044,False,,244,-192.0,-48.0,2.0,0.75,False,False,1
1256,blocks.3.mlp.0,element,1,"(190, 3, 20)",0,0.0,False,0.47,0.0,False,,124,384.0,448.0,0.22239208221435547,0.1666666716337204,False,False,1
1257,blocks.2.attn.qkv,element,4,"(93, 0, 28)",0,0.0,False,0.47,0.0,False,,225,-36.0,-144.0,2.0,3.0,False,False,1
1258,blocks.3.mlp.2,element,7,"(143, 0, 8)",0,0.0,False,0.47,0.0,False,,243,-176.0,176.0,0.0,2.0,True,False,1
1259,blocks.3.mlp.2,element,1,"(40, 19, 8)",0,0.0,False,0.47,0.0,False,,96,32.0,40.0,0.3219280242919922,0.25,False,False,1
1260,blocks.2.attn.qkv,element,4,"(522, 1, 16)",0,0.0,False,0.47,0.0,False,,243,-176.0,-44.0,2.0,0.75,False,False,1
1261,blocks.3.mlp.0,element,2,"(625, 2, 19)",0,0.0,False,0.47,0.0,False,,116,192.0,128.0,0.5849623680114746,0.3333333432674408,False,False,1
1262,blocks.0.attn.qkv,element,2,"(52, 3, 14)",0,0.0,False,0.47,0.0,False,,106,80.0,112.0,0.4854269027709961,0.4000000059604645,False,False,1
1263,blocks.4.mlp.2,element,2,"(129, 18, 25)",0,0.0,False,0.47,0.0,False,,233,-72.0,-104.0,0.5305147171020508,0.4444444477558136,False,False,1
1264,blocks.3.mlp.2,element,7,"(74, 5, 15)",0,0.0,False,0.47,0.0,False,,101,52.0,-52.0,0.0,2.0,True,False,1
1265,head,element,0,"(80, 3, 27)",0,0.0,False,0.47,0.0,False,,121,288.0,256.0,0.16992473602294922,0.1111111119389534,False,False,1
1266,blocks.5.mlp.2,element,7,"(55, 17, 11)",0,0.0,False,0.47,0.0,False,,114,160.0,-160.0,0.0,2.0,True,False,1
1267,blocks.0.mlp.2,element,6,"(38, 1, 13)",0,0.0,False,0.47,0.0,False,,214,-14.0,-0.0546875,8.0,0.99609375,False,False,1
1268,blocks.5.mlp.0,element,0,"(614, 5, 0)",0,0.0,False,0.47,0.0,False,,123,352.0,320.0,0.13750362396240234,0.09090909361839294,False,False,1
1269,blocks.2.mlp.0,scale,1,"(743, 4)",0,0.0,False,0.47,0.0,False,,116,116.0,118.0,2.0,inf,False,False,32
1270,blocks.0.attn.qkv,element,4,"(85, 4, 3)",0,0.0,False,0.47,0.0,False,,211,-11.0,-2.75,2.0,0.75,False,False,1
1271,blocks.3.mlp.2,element,0,"(35, 1, 26)",0,0.0,False,0.47,0.0,False,,123,352.0,320.0,0.13750362396240234,0.09090909361839294,False,False,1
1272,blocks.3.mlp.2,element,1,"(49, 17, 7)",0,0.0,False,0.47,0.0,False,,113,144.0,176.0,0.2895064353942871,0.2222222238779068,False,False,1
1273,blocks.5.mlp.0,element,1,"(714, 0, 5)",0,0.0,False,0.47,0.0,False,,102,56.0,48.0,0.22239255905151367,0.1428571492433548,False,False,1
1274,blocks.1.attn.qkv,element,1,"(378, 2, 8)",0,0.0,False,0.47,0.0,False,,119,240.0,208.0,0.2064504623413086,0.13333334028720856,False,False,1
1275,blocks.1.mlp.2,element,3,"(147, 9, 5)",0,0.0,False,0.47,0.0,False,,114,160.0,320.0,1.0,1.0,False,False,1
1276,blocks.5.mlp.2,element,0,"(111, 10, 5)",0,0.0,False,0.47,0.0,False,,106,80.0,88.0,0.13750362396240234,0.10000000149011612,False,False,1
1277,blocks.1.mlp.2,element,0,"(87, 15, 17)",0,0.0,False,0.47,0.0,False,,241,-144.0,-128.0,0.16992521286010742,0.1111111119389534,False,False,1
1278,blocks.4.mlp.0,element,3,"(701, 5, 20)",0,0.0,False,0.47,0.0,False,,238,-112.0,-56.0,1.0,0.5,False,False,1
1279,blocks.2.attn.qkv,element,0,"(305, 0, 12)",0,0.0,False,0.47,0.0,False,,116,192.0,208.0,0.1154775619506836,0.0833333358168602,False,False,1
1280,blocks.3.mlp.2,element,6,"(118, 20, 27)",1,0.005,True,0.475,-0.0050000000000000044,False,,245,-208.0,-0.8125,8.0,0.99609375,False,False,1
1281,blocks.4.mlp.0,element,3,"(91, 0, 5)",0,0.0,False,0.47,0.0,False,,211,-11.0,-22.0,1.0,1.0,False,False,1
1282,blocks.1.mlp.0,element,6,"(12, 1, 1)",0,0.0,False,0.47,0.0,False,,106,80.0,0.3125,8.0,0.99609375,False,False,1
1283,blocks.0.mlp.0,element,1,"(321, 0, 1)",0,0.0,False,0.47,0.0,False,,202,-5.0,-4.0,0.3219280242919922,0.20000000298023224,False,False,1
1284,blocks.0.mlp.0,scale,6,"(287, 0)",2,0.01,True,0.475,-0.0050000000000000044,False,,115,115.0,51.0,64.0,inf,False,False,32
1285,blocks.0.mlp.0,element,5,"(483, 4, 16)",0,0.0,False,0.47,0.0,False,,104,64.0,4.0,4.0,0.9375,False,False,1
1286,blocks.5.mlp.0,element,4,"(38, 0, 17)",0,0.0,False,0.47,0.0,False,,98,40.0,160.0,2.0,3.0,False,False,1
1287,blocks.2.mlp.2,element,3,"(159, 18, 9)",0,0.0,False,0.47,0.0,False,,123,352.0,176.0,1.0,0.5,False,False,1
1288,blocks.2.mlp.0,element,6,"(258, 1, 9)",0,0.0,False,0.47,0.0,False,,89,18.0,0.0703125,8.0,0.99609375,False,False,1
1289,blocks.1.mlp.2,element,4,"(5, 10, 10)",0,0.0,False,0.47,0.0,False,,114,160.0,40.0,2.0,0.75,False,False,1
1290,blocks.0.attn.qkv,element,6,"(157, 0, 9)",0,0.0,False,0.47,0.0,False,,88,16.0,0.0625,8.0,0.99609375,False,False,1
1291,blocks.5.attn.qkv,element,1,"(253, 0, 16)",0,0.0,False,0.47,0.0,False,,238,-112.0,-96.0,0.22239255905151367,0.1428571492433548,False,False,1
1292,blocks.3.attn.qkv,element,2,"(367, 5, 13)",0,0.0,False,0.47,0.0,False,,124,384.0,256.0,0.5849628448486328,0.3333333432674408,False,False,1
1293,blocks.4.mlp.2,element,1,"(129, 12, 29)",0,0.0,False,0.47,0.0,False,,103,60.0,52.0,0.2064504623413086,0.13333334028720856,False,False,1
1294,blocks.4.mlp.2,element,4,"(22, 5, 10)",2,0.01,True,0.475,-0.0050000000000000044,False,,234,-80.0,-320.0,2.0,3.0,False,False,1
1295,blocks.1.mlp.2,element,4,"(164, 4, 21)",0,0.0,False,0.47,0.0,False,,97,36.0,144.0,2.0,3.0,False,False,1
1296,blocks.0.attn.qkv,element,4,"(288, 5, 24)",200,1.0,True,0.0,0.47,True,,111,120.0,,inf,inf,False,True,1
1297,blocks.2.mlp.2,element,1,"(156, 1, 16)",0,0.0,False,0.47,0.0,False,,227,-44.0,-36.0,0.2895064353942871,0.1818181872367859,False,False,1
1298,blocks.3.mlp.2,element,6,"(176, 5, 22)",0,0.0,False,0.47,0.0,False,,91,22.0,0.0859375,8.0,0.99609375,False,False,1
1299,blocks.0.mlp.2,element,3,"(36, 18, 26)",0,0.0,False,0.47,0.0,False,,118,224.0,448.0,1.0,1.0,False,False,1
1300,blocks.3.mlp.0,element,5,"(520, 2, 4)",0,0.0,False,0.47,0.0,False,,100,48.0,3.0,4.0,0.9375,False,False,1
1301,blocks.0.mlp.0,element,6,"(427, 3, 28)",0,0.0,False,0.47,0.0,False,,120,256.0,1.0,8.0,0.99609375,False,False,1
1302,blocks.5.mlp.0,element,5,"(131, 0, 30)",0,0.0,False,0.47,0.0,False,,109,104.0,6.5,4.0,0.9375,False,False,1
1303,blocks.3.mlp.2,element,7,"(30, 5, 2)",0,0.0,False,0.47,0.0,False,,109,104.0,-104.0,0.0,2.0,True,False,1
1304,blocks.3.mlp.2,element,4,"(111, 2, 11)",0,0.0,False,0.47,0.0,False,,73,4.5,18.0,2.000000238418579,3.0,False,False,1
1305,blocks.2.mlp.0,element,0,"(748, 3, 11)",0,0.0,False,0.47,0.0,False,,97,36.0,32.0,0.16992521286010742,0.1111111119389534,False,False,1
1306,blocks.2.mlp.0,element,7,"(376, 3, 2)",0,0.0,False,0.47,0.0,False,,230,-56.0,56.0,0.0,2.0,True,False,1
1307,blocks.4.mlp.0,element,3,"(302, 0, 20)",0,0.0,False,0.47,0.0,False,,242,-160.0,-320.0,1.0,1.0,False,False,1
1308,blocks.4.attn.qkv,element,4,"(217, 3, 23)",0,0.0,False,0.47,0.0,False,,251,-352.0,-88.0,2.0,0.75,False,False,1
1309,blocks.4.attn.qkv,element,7,"(279, 1, 8)",0,0.0,False,0.47,0.0,False,,120,256.0,-256.0,0.0,2.0,True,False,1
1310,blocks.1.attn.qkv,element,6,"(403, 1, 23)",0,0.0,False,0.47,0.0,False,,116,192.0,0.75,8.0,0.99609375,False,False,1
1311,blocks.4.mlp.0,element,2,"(385, 2, 1)",0,0.0,False,0.47,0.0,False,,79,7.5,5.5,0.44745898246765137,0.2666666805744171,False,False,1
1312,blocks.0.mlp.2,element,4,"(71, 3, 16)",0,0.0,False,0.47,0.0,False,,229,-52.0,-208.0,2.0,3.0,False,False,1
1313,blocks.4.attn.qkv,element,0,"(499, 2, 2)",0,0.0,False,0.47,0.0,False,,233,-72.0,-64.0,0.16992521286010742,0.1111111119389534,False,False,1
1314,blocks.5.attn.proj,element,6,"(90, 4, 26)",0,0.0,False,0.47,0.0,False,,241,-144.0,-0.5625,8.0,0.99609375,False,False,1
1315,blocks.3.mlp.0,element,0,"(31, 0, 10)",0,0.0,False,0.47,0.0,False,,231,-60.0,-56.0,0.09953546524047852,0.06666667014360428,False,False,1
1316,blocks.5.mlp.2,element,2,"(73, 4, 21)",0,0.0,False,0.47,0.0,False,,232,-64.0,-96.0,0.5849623680114746,0.5,False,False,1
1317,blocks.0.mlp.0,element,4,"(316, 2, 15)",0,0.0,False,0.47,0.0,False,,114,160.0,40.0,2.0,0.75,False,False,1
1318,blocks.1.mlp.2,element,1,"(151, 16, 29)",0,0.0,False,0.47,0.0,False,,246,-224.0,-192.0,0.22239255905151367,0.1428571492433548,False,False,1
1319,blocks.5.attn.proj,element,7,"(76, 1, 3)",0,0.0,False,0.47,0.0,False,,35,0.171875,-0.171875,0.0,2.0,True,False,1
1320,blocks.5.attn.qkv,element,6,"(520, 5, 15)",0,0.0,False,0.47,0.0,False,,88,16.0,0.0625,8.0,0.99609375,False,False,1
1321,blocks.4.attn.qkv,element,0,"(55, 3, 19)",0,0.0,False,0.47,0.0,False,,118,224.0,240.0,0.09953546524047852,0.0714285746216774,False,False,1
1322,blocks.3.attn.qkv,element,7,"(272, 4, 23)",0,0.0,False,0.47,0.0,False,,96,32.0,-32.0,0.0,2.0,True,False,1
1323,blocks.3.mlp.2,element,6,"(20, 6, 5)",0,0.0,False,0.47,0.0,False,,237,-104.0,-0.40625,8.0,0.99609375,False,False,1
1324,blocks.5.mlp.0,element,6,"(511, 4, 30)",0,0.0,False,0.47,0.0,False,,111,120.0,0.46875,8.0,0.99609375,False,False,1
1325,blocks.4.attn.qkv,element,1,"(176, 1, 1)",0,0.0,False,0.47,0.0,False,,101,52.0,60.0,0.2064504623413086,0.1538461595773697,False,False,1
1326,blocks.4.mlp.0,scale,2,"(232, 3)",0,0.0,False,0.47,0.0,False,,116,116.0,112.0,4.0,inf,False,False,32
1327,blocks.0.attn.qkv,element,0,"(471, 1, 13)",0,0.0,False,0.47,0.0,False,,125,416.0,384.0,0.11547660827636719,0.07692307978868484,False,False,1
1328,blocks.1.attn.qkv,element,5,"(142, 2, 25)",0,0.0,False,0.47,0.0,False,,243,-176.0,-11.0,4.0,0.9375,False,False,1
1329,blocks.4.attn.proj,element,1,"(150, 1, 11)",0,0.0,False,0.47,0.0,False,,116,192.0,224.0,0.22239255905151367,0.1666666716337204,False,False,1
1330,blocks.0.mlp.0,element,6,"(408, 4, 6)",0,0.0,False,0.47,0.0,False,,224,-32.0,-0.125,8.0,0.99609375,False,False,1
1331,blocks.2.mlp.2,element,1,"(37, 6, 20)",0,0.0,False,0.47,0.0,False,,247,-240.0,-208.0,0.2064504623413086,0.13333334028720856,False,False,1
1332,blocks.4.mlp.2,element,0,"(97, 10, 6)",0,0.0,False,0.47,0.0,False,,232,-64.0,-72.0,0.16992521286010742,0.125,False,False,1
1333,blocks.2.mlp.0,element,1,"(661, 2, 17)",0,0.0,False,0.47,0.0,False,,243,-176.0,-144.0,0.2895064353942871,0.1818181872367859,False,False,1
1334,blocks.1.mlp.0,element,0,"(314, 1, 26)",0,0.0,False,0.47,0.0,False,,249,-288.0,-256.0,0.16992473602294922,0.1111111119389534,False,False,1
1335,blocks.1.mlp.2,element,2,"(119, 13, 4)",0,0.0,False,0.47,0.0,False,,114,160.0,224.0,0.4854269027709961,0.4000000059604645,False,False,1
1336,blocks.2.attn.qkv,element,2,"(228, 4, 21)",0,0.0,False,0.47,0.0,False,,92,24.0,16.0,0.5849623680114746,0.3333333432674408,False,False,1
1337,blocks.3.mlp.2,element,3,"(135, 19, 18)",0,0.0,False,0.47,0.0,False,,112,128.0,256.0,1.0,1.0,False,False,1
1338,blocks.4.mlp.0,element,2,"(695, 2, 20)",0,0.0,False,0.47,0.0,False,,238,-112.0,-80.0,0.4854269027709961,0.2857142984867096,False,False,1
1339,blocks.3.mlp.2,element,7,"(110, 14, 3)",0,0.0,False,0.47,0.0,False,,227,-44.0,44.0,0.0,2.0,True,False,1
1340,head,element,3,"(47, 0, 22)",0,0.0,False,0.47,0.0,False,,244,-192.0,-384.0,1.0000004768371582,1.0,False,False,1
1341,blocks.3.attn.proj,element,1,"(16, 2, 25)",0,0.0,False,0.47,0.0,False,,104,64.0,80.0,0.3219280242919922,0.25,False,False,1
1342,blocks.1.attn.qkv,element,3,"(431, 2, 6)",0,0.0,False,0.47,0.0,False,,108,96.0,48.0,1.0,0.5,False,False,1
1343,blocks.1.mlp.2,element,2,"(72, 23, 2)",0,0.0,False,0.47,0.0,False,,228,-48.0,-32.0,0.5849623680114746,0.3333333432674408,False,False,1
1344,blocks.4.mlp.2,element,3,"(5, 10, 1)",0,0.0,False,0.47,0.0,False,,110,112.0,56.0,1.0,0.5,False,False,1
1345,blocks.5.mlp.0,element,1,"(97, 3, 20)",0,0.0,False,0.47,0.0,False,,115,176.0,144.0,0.2895064353942871,0.1818181872367859,False,False,1
1346,blocks.1.attn.qkv,element,6,"(475, 3, 7)",0,0.0,False,0.47,0.0,False,,114,160.0,0.625,8.0,0.99609375,False,False,1
1347,blocks.1.mlp.2,element,5,"(37, 20, 6)",0,0.0,False,0.47,0.0,False,,210,-10.0,-160.0,4.0,15.0,False,False,1
1348,blocks.1.attn.qkv,element,6,"(385, 1, 3)",1,0.005,True,0.475,-0.0050000000000000044,False,,252,-384.0,-1.5,8.0,0.99609375,False,False,1
1349,blocks.4.attn.qkv,element,4,"(123, 4, 22)",0,0.0,False,0.47,0.0,False,,250,-320.0,-80.0,2.0,0.75,False,False,1
1350,blocks.3.mlp.2,element,6,"(129, 4, 17)",1,0.005,True,0.47,0.0,False,,123,352.0,1.375,8.0,0.99609375,False,False,1
1351,blocks.4.mlp.2,element,3,"(93, 10, 17)",0,0.0,False,0.47,0.0,False,,249,-288.0,-144.0,0.9999995231628418,0.5,False,False,1
1352,blocks.1.attn.qkv,element,3,"(242, 2, 17)",0,0.0,False,0.47,0.0,False,,245,-208.0,-416.0,0.9999995231628418,1.0,False,False,1
1353,blocks.1.attn.qkv,element,7,"(107, 5, 21)",0,0.0,False,0.47,0.0,False,,67,2.75,-2.75,0.0,2.0,True,False,1
1354,blocks.1.mlp.2,element,2,"(147, 19, 6)",0,0.0,False,0.47,0.0,False,,106,80.0,112.0,0.4854269027709961,0.4000000059604645,False,False,1
1355,blocks.5.mlp.0,element,5,"(594, 4, 15)",1,0.005,True,0.47,0.0,False,,116,192.0,12.0,3.999999761581421,0.9375,False,False,1
1356,blocks.1.attn.qkv,element,4,"(211, 1, 2)",0,0.0,False,0.47,0.0,False,,230,-56.0,-224.0,2.0,3.0,False,False,1
1357,blocks.3.mlp.0,element,0,"(277, 4, 13)",0,0.0,False,0.47,0.0,False,,237,-104.0,-96.0,0.1154775619506836,0.07692307978868484,False,False,1
1358,blocks.0.attn.qkv,element,4,"(180, 5, 22)",0,0.0,False,0.47,0.0,False,,126,448.0,112.0,2.0,0.75,False,False,1
1359,blocks.3.attn.qkv,element,2,"(486, 5, 2)",0,0.0,False,0.47,0.0,False,,233,-72.0,-104.0,0.5305147171020508,0.4444444477558136,False,False,1
1360,blocks.3.mlp.0,element,4,"(499, 4, 20)",0,0.0,False,0.47,0.0,False,,102,56.0,224.0,2.0,3.0,False,False,1
1361,patch_embed.proj,element,7,"(70, 0, 24)",3,0.015,True,0.475,-0.0050000000000000044,False,,110,112.0,-112.0,0.0,2.0,True,False,1
1362,blocks.3.mlp.2,scale,3,"(170, 21)",125,0.625,True,0.305,0.16499999999999998,False,,116,116.0,124.0,8.0,inf,False,False,32
1363,blocks.0.mlp.2,element,4,"(36, 19, 28)",0,0.0,False,0.47,0.0,False,,226,-40.0,-160.0,2.0,3.0,False,False,1
1364,blocks.2.mlp.0,scale,6,"(503, 5)",3,0.015,True,0.475,-0.0050000000000000044,False,,116,116.0,52.0,64.0,inf,False,False,32
1365,blocks.0.attn.proj,element,3,"(96, 4, 9)",0,0.0,False,0.47,0.0,False,,120,256.0,128.0,1.0,0.5,False,False,1
1366,blocks.0.attn.proj,element,3,"(21, 3, 7)",0,0.0,False,0.47,0.0,False,,97,36.0,72.0,1.0,1.0,False,False,1
1367,blocks.2.mlp.0,element,6,"(353, 0, 6)",1,0.005,True,0.475,-0.0050000000000000044,False,,246,-224.0,-0.875,8.0,0.99609375,False,False,1
1368,blocks.3.mlp.2,element,2,"(7, 22, 9)",0,0.0,False,0.47,0.0,False,,247,-240.0,-176.0,0.44745874404907227,0.2666666805744171,False,False,1
1369,blocks.3.mlp.0,element,1,"(226, 4, 13)",0,0.0,False,0.47,0.0,False,,126,448.0,384.0,0.22239208221435547,0.1428571492433548,False,False,1
1370,blocks.0.attn.qkv,element,7,"(23, 2, 0)",0,0.0,False,0.47,0.0,False,,218,-20.0,20.0,0.0,2.0,True,False,1
1371,blocks.2.mlp.2,element,3,"(186, 5, 13)",0,0.0,False,0.47,0.0,False,,221,-26.0,-13.0,1.000000238418579,0.5,False,False,1
1372,blocks.5.mlp.0,element,7,"(641, 2, 25)",0,0.0,False,0.47,0.0,False,,107,88.0,-88.0,0.0,2.0,True,False,1
1373,blocks.2.mlp.0,element,0,"(765, 1, 24)",0,0.0,False,0.47,0.0,False,,244,-192.0,-208.0,0.1154775619506836,0.0833333358168602,False,False,1
1374,blocks.5.mlp.0,scale,4,"(583, 1)",0,0.0,False,0.47,0.0,False,,116,116.0,100.0,16.0,inf,False,False,32
1375,blocks.3.attn.qkv,element,6,"(352, 3, 8)",0,0.0,False,0.47,0.0,False,,235,-88.0,-0.34375,8.0,0.99609375,False,False,1
1376,blocks.0.mlp.0,scale,3,"(225, 5)",122,0.61,True,0.27,0.19999999999999996,False,,117,117.0,125.0,8.0,inf,False,False,32
1377,blocks.2.mlp.2,element,6,"(0, 11, 18)",0,0.0,False,0.47,0.0,False,,122,320.0,1.25,8.0,0.99609375,False,False,1
1378,blocks.4.mlp.0,element,6,"(42, 2, 11)",0,0.0,False,0.47,0.0,False,,103,60.0,0.234375,8.0,0.99609375,False,False,1
1379,blocks.3.mlp.0,element,1,"(497, 0, 4)",0,0.0,False,0.47,0.0,False,,109,104.0,120.0,0.2064504623413086,0.1538461595773697,False,False,1
1380,blocks.3.mlp.2,element,2,"(120, 12, 11)",0,0.0,False,0.47,0.0,False,,244,-192.0,-128.0,0.5849623680114746,0.3333333432674408,False,False,1
1381,blocks.3.mlp.0,element,0,"(270, 3, 9)",0,0.0,False,0.47,0.0,False,,123,352.0,320.0,0.13750362396240234,0.09090909361839294,False,False,1
1382,blocks.4.attn.proj,element,1,"(74, 1, 3)",0,0.0,False,0.47,0.0,False,,97,36.0,44.0,0.2895064353942871,0.2222222238779068,False,False,1
1383,blocks.5.mlp.0,element,5,"(645, 5, 13)",0,0.0,False,0.47,0.0,False,,107,88.0,5.5,4.0,0.9375,False,False,1
1384,blocks.2.mlp.0,element,2,"(517, 1, 5)",1,0.005,True,0.475,-0.0050000000000000044,False,,249,-288.0,-416.0,0.5305147171020508,0.4444444477558136,False,False,1
1385,blocks.3.mlp.0,element,6,"(700, 5, 19)",0,0.0,False,0.47,0.0,False,,227,-44.0,-0.171875,8.0,0.99609375,False,False,1
1386,blocks.3.attn.qkv,element,5,"(534, 2, 24)",0,0.0,False,0.47,0.0,False,,240,-128.0,-8.0,4.0,0.9375,False,False,1
1387,blocks.3.attn.qkv,element,3,"(556, 3, 3)",0,0.0,False,0.47,0.0,False,,98,40.0,80.0,1.0,1.0,False,False,1
1388,blocks.4.mlp.0,element,6,"(489, 1, 17)",0,0.0,False,0.47,0.0,False,,105,72.0,0.28125,8.0,0.99609375,False,False,1
1389,blocks.2.attn.qkv,element,6,"(320, 5, 17)",0,0.0,False,0.47,0.0,False,,208,-8.0,-0.03125,8.0,0.99609375,False,False,1
1390,blocks.0.mlp.0,element,0,"(66, 0, 11)",0,0.0,False,0.47,0.0,False,,221,-26.0,-24.0,0.1154775619506836,0.07692307978868484,False,False,1
1391,blocks.1.mlp.0,scale,2,"(364, 5)",2,0.01,True,0.475,-0.0050000000000000044,False,,117,117.0,113.0,4.0,inf,False,False,32
1392,blocks.1.attn.proj,element,2,"(187, 4, 30)",0,0.0,False,0.47,0.0,False,,248,-256.0,-384.0,0.5849628448486328,0.5,False,False,1
1393,blocks.0.mlp.2,element,2,"(122, 3, 31)",0,0.0,False,0.47,0.0,False,,120,256.0,384.0,0.5849628448486328,0.5,False,False,1
1394,blocks.0.mlp.2,element,0,"(161, 20, 19)",0,0.0,False,0.47,0.0,False,,102,56.0,60.0,0.09953546524047852,0.0714285746216774,False,False,1
1395,blocks.4.attn.qkv,element,0,"(470, 1, 15)",0,0.0,False,0.47,0.0,False,,89,18.0,16.0,0.16992521286010742,0.1111111119389534,False,False,1
1396,blocks.0.mlp.0,element,5,"(428, 2, 3)",0,0.0,False,0.47,0.0,False,,239,-120.0,-7.5,3.999999761581421,0.9375,False,False,1
1397,blocks.3.mlp.0,element,3,"(311, 4, 0)",0,0.0,False,0.47,0.0,False,,114,160.0,320.0,1.0,1.0,False,False,1
1398,blocks.4.attn.qkv,element,5,"(11, 0, 29)",0,0.0,False,0.47,0.0,False,,114,160.0,10.0,4.0,0.9375,False,False,1
1399,blocks.4.attn.qkv,element,0,"(170, 1, 1)",0,0.0,False,0.47,0.0,False,,113,144.0,128.0,0.16992521286010742,0.1111111119389534,False,False,1
1400,blocks.0.attn.qkv,element,2,"(255, 0, 4)",0,0.0,False,0.47,0.0,False,,213,-13.0,-9.0,0.5305147171020508,0.3076923191547394,False,False,1
1401,blocks.0.mlp.0,element,3,"(365, 4, 5)",0,0.0,False,0.47,0.0,False,,246,-224.0,-448.0,1.0,1.0,False,False,1
1402,blocks.4.attn.qkv,element,7,"(464, 2, 11)",0,0.0,False,0.47,0.0,False,,230,-56.0,56.0,0.0,2.0,True,False,1
1403,blocks.3.attn.qkv,element,1,"(448, 5, 9)",0,0.0,False,0.47,0.0,False,,242,-160.0,-128.0,0.3219280242919922,0.20000000298023224,False,False,1
1404,blocks.1.mlp.0,element,0,"(103, 2, 22)",0,0.0,False,0.47,0.0,False,,117,208.0,192.0,0.1154775619506836,0.07692307978868484,False,False,1
1405,blocks.1.mlp.2,element,1,"(131, 4, 15)",0,0.0,False,0.47,0.0,False,,90,20.0,16.0,0.3219280242919922,0.20000000298023224,False,False,1
1406,blocks.0.mlp.2,element,4,"(36, 7, 7)",0,0.0,False,0.47,0.0,False,,121,288.0,72.0,1.9999995231628418,0.75,False,False,1
1407,blocks.3.attn.proj,element,0,"(64, 1, 4)",0,0.0,False,0.47,0.0,False,,248,-256.0,-288.0,0.16992473602294922,0.125,False,False,1
1408,blocks.5.mlp.0,element,3,"(235, 0, 28)",0,0.0,False,0.47,0.0,False,,97,36.0,72.0,1.0,1.0,False,False,1
1409,blocks.3.mlp.2,element,7,"(126, 11, 17)",1,0.005,True,0.47,0.0,False,,245,-208.0,208.0,0.0,2.0,True,False,1
1410,blocks.3.attn.qkv,element,3,"(258, 1, 6)",0,0.0,False,0.47,0.0,False,,244,-192.0,-384.0,1.0000004768371582,1.0,False,False,1
1411,blocks.5.mlp.0,element,6,"(597, 4, 23)",0,0.0,False,0.47,0.0,False,,120,256.0,1.0,8.0,0.99609375,False,False,1
1412,blocks.2.attn.proj,scale,2,"(157, 5)",1,0.005,True,0.47,0.0,False,,116,116.0,112.0,4.0,inf,False,False,32
1413,blocks.5.mlp.0,element,2,"(12, 3, 10)",0,0.0,False,0.47,0.0,False,,110,112.0,80.0,0.4854269027709961,0.2857142984867096,False,False,1
1414,blocks.1.attn.qkv,element,1,"(330, 1, 31)",0,0.0,False,0.47,0.0,False,,117,208.0,240.0,0.2064504623413086,0.1538461595773697,False,False,1
1415,blocks.5.mlp.0,element,4,"(71, 2, 13)",0,0.0,False,0.47,0.0,False,,234,-80.0,-320.0,2.0,3.0,False,False,1
1416,blocks.1.mlp.2,element,2,"(107, 11, 13)",0,0.0,False,0.47,0.0,False,,240,-128.0,-192.0,0.5849623680114746,0.5,False,False,1
1417,blocks.4.mlp.2,element,1,"(142, 14, 11)",0,0.0,False,0.47,0.0,False,,101,52.0,60.0,0.2064504623413086,0.1538461595773697,False,False,1
1418,blocks.0.mlp.2,element,6,"(41, 16, 7)",0,0.0,False,0.47,0.0,False,,69,3.25,0.009765625,8.378511428833008,0.996995210647583,False,False,1
1419,blocks.3.attn.qkv,element,0,"(143, 1, 9)",0,0.0,False,0.47,0.0,False,,228,-48.0,-52.0,0.1154775619506836,0.0833333358168602,False,False,1
1420,blocks.5.mlp.2,element,1,"(154, 17, 6)",0,0.0,False,0.47,0.0,False,,101,52.0,60.0,0.2064504623413086,0.1538461595773697,False,False,1
1421,blocks.3.mlp.0,element,6,"(47, 5, 27)",0,0.0,False,0.47,0.0,False,,238,-112.0,-0.4375,8.0,0.99609375,False,False,1
1422,blocks.0.attn.qkv,element,2,"(353, 5, 8)",0,0.0,False,0.47,0.0,False,,105,72.0,104.0,0.5305147171020508,0.4444444477558136,False,False,1
1423,blocks.1.mlp.0,element,3,"(749, 4, 17)",0,0.0,False,0.47,0.0,False,,112,128.0,256.0,1.0,1.0,False,False,1
1424,blocks.5.mlp.0,element,6,"(152, 0, 5)",0,0.0,False,0.47,0.0,False,,238,-112.0,-0.4375,8.0,0.99609375,False,False,1
1425,blocks.3.mlp.0,element,3,"(112, 4, 25)",0,0.0,False,0.47,0.0,False,,65,2.25,4.5,1.0,1.0,False,False,1
1426,blocks.2.mlp.0,element,6,"(536, 3, 11)",0,0.0,False,0.47,0.0,False,,231,-60.0,-0.234375,8.0,0.99609375,False,False,1
1427,blocks.5.mlp.2,element,5,"(76, 19, 2)",0,0.0,False,0.47,0.0,False,,92,24.0,384.0,4.000000476837158,15.0,False,False,1
1428,blocks.4.mlp.0,element,5,"(636, 1, 17)",0,0.0,False,0.47,0.0,False,,119,240.0,15.0,3.999999761581421,0.9375,False,False,1
1429,blocks.0.mlp.0,element,3,"(765, 4, 7)",0,0.0,False,0.47,0.0,False,,220,-24.0,-12.0,0.9999997615814209,0.5,False,False,1
1430,blocks.0.mlp.2,element,5,"(76, 11, 16)",0,0.0,False,0.47,0.0,False,,244,-192.0,-12.0,3.999999761581421,0.9375,False,False,1
1431,blocks.1.attn.qkv,element,2,"(435, 4, 11)",0,0.0,False,0.47,0.0,False,,121,288.0,416.0,0.5305147171020508,0.4444444477558136,False,False,1
1432,blocks.1.attn.qkv,element,5,"(146, 3, 17)",0,0.0,False,0.47,0.0,False,,96,32.0,2.0,4.0,0.9375,False,False,1
1433,blocks.4.mlp.0,element,7,"(398, 5, 21)",2,0.01,True,0.475,-0.0050000000000000044,False,,108,96.0,-96.0,0.0,2.0,True,False,1
1434,blocks.3.attn.qkv,element,4,"(427, 0, 16)",0,0.0,False,0.47,0.0,False,,249,-288.0,-72.0,1.9999995231628418,0.75,False,False,1
1435,blocks.0.mlp.0,element,1,"(469, 3, 1)",0,0.0,False,0.47,0.0,False,,122,320.0,256.0,0.3219280242919922,0.20000000298023224,False,False,1
1436,blocks.0.attn.qkv,scale,1,"(387, 2)",2,0.01,True,0.465,0.004999999999999949,False,,116,116.0,118.0,2.0,inf,False,False,32
1437,blocks.1.mlp.2,element,2,"(181, 11, 11)",0,0.0,False,0.47,0.0,False,,88,16.0,24.0,0.5849623680114746,0.5,False,False,1
1438,blocks.5.attn.qkv,element,6,"(76, 0, 6)",0,0.0,False,0.47,0.0,False,,107,88.0,0.34375,8.0,0.99609375,False,False,1
1439,blocks.1.mlp.0,element,5,"(12, 2, 17)",0,0.0,False,0.47,0.0,False,,108,96.0,6.0,3.999999761581421,0.9375,False,False,1
1440,blocks.1.mlp.2,element,7,"(23, 13, 21)",0,0.0,False,0.47,0.0,False,,114,160.0,-160.0,0.0,2.0,True,False,1
1441,blocks.5.attn.proj,element,2,"(132, 5, 25)",0,0.0,False,0.47,0.0,False,,110,112.0,80.0,0.4854269027709961,0.2857142984867096,False,False,1
1442,blocks.5.attn.qkv,element,6,"(378, 4, 2)",0,0.0,False,0.47,0.0,False,,120,256.0,1.0,8.0,0.99609375,False,False,1
1443,blocks.3.mlp.2,element,5,"(73, 18, 6)",0,0.0,False,0.47,0.0,False,,91,22.0,352.0,4.0,15.0,False,False,1
1444,blocks.2.mlp.0,element,6,"(278, 5, 19)",1,0.005,True,0.475,-0.0050000000000000044,False,,254,-448.0,-1.75,8.0,0.99609375,False,False,1
1445,blocks.0.mlp.0,element,6,"(300, 4, 26)",0,0.0,False,0.47,0.0,False,,120,256.0,1.0,8.0,0.99609375,False,False,1
1446,blocks.4.mlp.2,element,0,"(40, 8, 22)",1,0.005,True,0.47,0.0,False,,121,288.0,256.0,0.16992473602294922,0.1111111119389534,False,False,1
1447,blocks.2.mlp.2,element,5,"(155, 18, 6)",0,0.0,False,0.47,0.0,False,,104,64.0,4.0,4.0,0.9375,False,False,1
1448,blocks.5.mlp.0,element,3,"(453, 3, 0)",0,0.0,False,0.47,0.0,False,,114,160.0,320.0,1.0,1.0,False,False,1
1449,blocks.2.mlp.2,element,0,"(2, 7, 30)",0,0.0,False,0.47,0.0,False,,233,-72.0,-64.0,0.16992521286010742,0.1111111119389534,False,False,1
1450,blocks.5.mlp.0,element,6,"(215, 5, 6)",0,0.0,False,0.47,0.0,False,,112,128.0,0.5,8.0,0.99609375,False,False,1
1451,blocks.2.attn.proj,element,5,"(187, 2, 13)",1,0.005,True,0.475,-0.0050000000000000044,False,,92,24.0,384.0,4.000000476837158,15.0,False,False,1
1452,blocks.1.attn.qkv,element,6,"(505, 0, 9)",0,0.0,False,0.47,0.0,False,,238,-112.0,-0.4375,8.0,0.99609375,False,False,1
1453,blocks.0.mlp.2,element,6,"(9, 6, 13)",0,0.0,False,0.47,0.0,False,,89,18.0,0.0703125,8.0,0.99609375,False,False,1
1454,blocks.2.attn.qkv,element,5,"(434, 4, 29)",0,0.0,False,0.47,0.0,False,,239,-120.0,-7.5,3.999999761581421,0.9375,False,False,1
1455,blocks.5.attn.qkv,element,3,"(356, 3, 28)",0,0.0,False,0.47,0.0,False,,229,-52.0,-104.0,1.0,1.0,False,False,1
1456,blocks.4.attn.qkv,element,4,"(521, 4, 21)",0,0.0,False,0.47,0.0,False,,105,72.0,288.0,1.9999995231628418,3.0,False,False,1
1457,blocks.1.mlp.0,element,4,"(632, 3, 6)",0,0.0,False,0.47,0.0,False,,221,-26.0,-6.5,2.000000238418579,0.75,False,False,1
1458,blocks.2.attn.proj,element,1,"(114, 1, 26)",0,0.0,False,0.47,0.0,False,,230,-56.0,-48.0,0.22239255905151367,0.1428571492433548,False,False,1
1459,blocks.0.mlp.0,element,3,"(92, 4, 2)",0,0.0,False,0.47,0.0,False,,112,128.0,256.0,1.0,1.0,False,False,1
1460,blocks.5.mlp.0,element,4,"(749, 4, 17)",2,0.01,True,0.475,-0.0050000000000000044,False,,102,56.0,224.0,2.0,3.0,False,False,1
1461,blocks.4.attn.qkv,element,6,"(263, 1, 5)",0,0.0,False,0.47,0.0,False,,244,-192.0,-0.75,8.0,0.99609375,False,False,1
1462,blocks.1.attn.qkv,element,0,"(168, 5, 8)",0,0.0,False,0.47,0.0,False,,226,-40.0,-44.0,0.13750362396240234,0.10000000149011612,False,False,1
1463,blocks.3.attn.qkv,element,4,"(208, 4, 11)",0,0.0,False,0.47,0.0,False,,237,-104.0,-416.0,1.9999995231628418,3.0,False,False,1
1464,blocks.5.attn.qkv,element,5,"(394, 3, 16)",0,0.0,False,0.47,0.0,False,,111,120.0,7.5,3.999999761581421,0.9375,False,False,1
1465,blocks.3.mlp.0,element,0,"(441, 4, 1)",0,0.0,False,0.47,0.0,False,,120,256.0,288.0,0.16992473602294922,0.125,False,False,1
1466,blocks.3.attn.proj,element,6,"(124, 3, 14)",0,0.0,False,0.47,0.0,False,,124,384.0,1.5,8.0,0.99609375,False,False,1
1467,blocks.0.mlp.0,element,5,"(94, 1, 11)",0,0.0,False,0.47,0.0,False,,233,-72.0,-4.5,4.0,0.9375,False,False,1
1468,patch_embed.proj,element,1,"(186, 1, 3)",1,0.005,True,0.475,-0.0050000000000000044,False,,239,-120.0,-104.0,0.2064504623413086,0.13333334028720856,False,False,1
1469,blocks.2.attn.qkv,element,1,"(502, 3, 12)",0,0.0,False,0.47,0.0,False,,248,-256.0,-320.0,0.3219280242919922,0.25,False,False,1
1470,blocks.0.mlp.2,element,1,"(112, 22, 20)",0,0.0,False,0.47,0.0,False,,240,-128.0,-160.0,0.3219280242919922,0.25,False,False,1
1471,blocks.3.mlp.0,element,2,"(730, 2, 12)",0,0.0,False,0.47,0.0,False,,241,-144.0,-208.0,0.5305147171020508,0.4444444477558136,False,False,1
1472,blocks.2.attn.proj,element,2,"(135, 3, 3)",0,0.0,False,0.47,0.0,False,,228,-48.0,-32.0,0.5849623680114746,0.3333333432674408,False,False,1
1473,blocks.3.mlp.2,element,6,"(104, 1, 4)",0,0.0,False,0.47,0.0,False,,70,3.5,0.01171875,8.222393035888672,0.9966517686843872,False,False,1
1474,blocks.0.attn.qkv,element,6,"(198, 1, 29)",0,0.0,False,0.47,0.0,False,,114,160.0,0.625,8.0,0.99609375,False,False,1
1475,blocks.5.mlp.2,element,2,"(74, 4, 4)",0,0.0,False,0.47,0.0,False,,112,128.0,192.0,0.5849623680114746,0.5,False,False,1
1476,blocks.3.mlp.0,element,7,"(214, 3, 7)",2,0.01,True,0.475,-0.0050000000000000044,False,,243,-176.0,176.0,0.0,2.0,True,False,1
1477,blocks.2.mlp.2,element,2,"(139, 6, 15)",0,0.0,False,0.47,0.0,False,,119,240.0,176.0,0.44745874404907227,0.2666666805744171,False,False,1
1478,blocks.5.mlp.2,element,1,"(163, 19, 10)",0,0.0,False,0.47,0.0,False,,192,-2.0,-2.5,0.32192814350128174,0.25,False,False,1
1479,blocks.4.mlp.2,scale,3,"(106, 0)",97,0.485,True,0.345,0.125,False,,116,116.0,124.0,8.0,inf,False,False,32
1480,blocks.0.mlp.0,element,4,"(104, 5, 6)",0,0.0,False,0.47,0.0,False,,67,2.75,11.0,2.0,3.0,False,False,1
1481,blocks.3.mlp.0,element,7,"(488, 3, 9)",0,0.0,False,0.47,0.0,False,,241,-144.0,144.0,0.0,2.0,True,False,1
1482,blocks.2.mlp.2,element,6,"(191, 7, 28)",0,0.0,False,0.47,0.0,False,,105,72.0,0.28125,8.0,0.99609375,False,False,1
1483,blocks.0.mlp.0,element,0,"(538, 4, 26)",0,0.0,False,0.47,0.0,False,,113,144.0,128.0,0.16992521286010742,0.1111111119389534,False,False,1
1484,blocks.1.mlp.0,element,1,"(256, 4, 16)",0,0.0,False,0.47,0.0,False,,106,80.0,64.0,0.3219280242919922,0.20000000298023224,False,False,1
1485,blocks.0.attn.proj,element,6,"(97, 2, 19)",0,0.0,False,0.47,0.0,False,,113,144.0,0.5625,8.0,0.99609375,False,False,1
1486,blocks.0.attn.proj,element,1,"(183, 1, 15)",0,0.0,False,0.47,0.0,False,,236,-96.0,-112.0,0.22239255905151367,0.1666666716337204,False,False,1
1487,blocks.3.mlp.2,element,3,"(127, 7, 22)",0,0.0,False,0.47,0.0,False,,234,-80.0,-40.0,1.0,0.5,False,False,1
1488,blocks.0.mlp.2,element,7,"(81, 9, 18)",0,0.0,False,0.47,0.0,False,,232,-64.0,64.0,0.0,2.0,True,False,1
1489,blocks.3.mlp.2,element,7,"(175, 10, 29)",1,0.005,True,0.475,-0.0050000000000000044,False,,112,128.0,-128.0,0.0,2.0,True,False,1
1490,blocks.4.mlp.2,scale,2,"(2, 23)",0,0.0,False,0.47,0.0,False,,116,116.0,112.0,4.0,inf,False,False,32
1491,blocks.3.mlp.0,element,3,"(384, 0, 3)",0,0.0,False,0.47,0.0,False,,99,44.0,88.0,1.0,1.0,False,False,1
1492,blocks.5.mlp.2,element,2,"(113, 18, 11)",0,0.0,False,0.47,0.0,False,,109,104.0,72.0,0.5305147171020508,0.3076923191547394,False,False,1
1493,blocks.4.attn.qkv,element,1,"(330, 4, 18)",0,0.0,False,0.47,0.0,False,,115,176.0,144.0,0.2895064353942871,0.1818181872367859,False,False,1
1494,blocks.0.mlp.0,element,7,"(209, 4, 9)",0,0.0,False,0.47,0.0,False,,111,120.0,-120.0,0.0,2.0,True,False,1
1495,blocks.0.mlp.0,element,5,"(215, 2, 21)",0,0.0,False,0.47,0.0,False,,228,-48.0,-3.0,4.0,0.9375,False,False,1
1496,patch_embed.proj,element,1,"(188, 0, 18)",1,0.005,True,0.475,-0.0050000000000000044,False,,250,-320.0,-256.0,0.3219280242919922,0.20000000298023224,False,False,1
1497,blocks.5.mlp.0,element,3,"(348, 3, 24)",0,0.0,False,0.47,0.0,False,,106,80.0,40.0,1.0,0.5,False,False,1
1498,blocks.0.attn.proj,element,6,"(105, 0, 8)",0,0.0,False,0.47,0.0,False,,115,176.0,0.6875,8.0,0.99609375,False,False,1
1499,blocks.0.mlp.0,element,7,"(134, 4, 9)",0,0.0,False,0.47,0.0,False,,114,160.0,-160.0,0.0,2.0,True,False,1
1500,blocks.2.attn.qkv,element,7,"(465, 3, 1)",0,0.0,False,0.47,0.0,False,,52,0.75,-0.75,0.0,2.0,True,False,1
1501,blocks.1.mlp.0,element,2,"(186, 0, 23)",0,0.0,False,0.47,0.0,False,,240,-128.0,-192.0,0.5849623680114746,0.5,False,False,1
1502,blocks.4.attn.proj,element,3,"(88, 5, 14)",0,0.0,False,0.47,0.0,False,,242,-160.0,-320.0,1.0,1.0,False,False,1
1503,blocks.1.mlp.0,element,6,"(336, 3, 22)",0,0.0,False,0.47,0.0,False,,246,-224.0,-0.875,8.0,0.99609375,False,False,1
1504,blocks.2.attn.qkv,element,6,"(229, 3, 18)",0,0.0,False,0.47,0.0,False,,103,60.0,0.234375,8.0,0.99609375,False,False,1
1505,blocks.3.mlp.2,element,3,"(36, 17, 5)",0,0.0,False,0.47,0.0,False,,225,-36.0,-72.0,1.0,1.0,False,False,1
1506,blocks.3.attn.qkv,element,7,"(81, 2, 20)",0,0.0,False,0.47,0.0,False,,226,-40.0,40.0,0.0,2.0,True,False,1
1507,blocks.4.mlp.2,element,3,"(11, 1, 1)",0,0.0,False,0.47,0.0,False,,241,-144.0,-288.0,0.9999995231628418,1.0,False,False,1
1508,blocks.3.mlp.2,element,6,"(26, 22, 15)",0,0.0,False,0.47,0.0,False,,104,64.0,0.25,8.0,0.99609375,False,False,1
1509,blocks.4.mlp.0,element,4,"(115, 5, 8)",1,0.005,True,0.47,0.0,False,,202,-5.0,-20.0,2.0,3.0,False,False,1
1510,blocks.4.mlp.2,element,0,"(87, 9, 20)",0,0.0,False,0.47,0.0,False,,99,44.0,40.0,0.13750362396240234,0.09090909361839294,False,False,1
1511,blocks.4.mlp.2,element,0,"(156, 22, 10)",0,0.0,False,0.47,0.0,False,,111,120.0,112.0,0.09953546524047852,0.06666667014360428,False,False,1
1512,blocks.0.mlp.0,element,7,"(189, 3, 0)",0,0.0,False,0.47,0.0,False,,217,-18.0,18.0,0.0,2.0,True,False,1
1513,blocks.0.attn.qkv,element,3,"(210, 1, 19)",0,0.0,False,0.47,0.0,False,,107,88.0,44.0,1.0,0.5,False,False,1
1514,blocks.4.attn.qkv,element,0,"(281, 1, 7)",0,0.0,False,0.47,0.0,False,,112,128.0,144.0,0.16992521286010742,0.125,False,False,1
1515,blocks.1.mlp.0,element,4,"(10, 4, 25)",0,0.0,False,0.47,0.0,False,,248,-256.0,-64.0,2.0,0.75,False,False,1
1516,blocks.0.attn.qkv,element,2,"(414, 1, 19)",0,0.0,False,0.47,0.0,False,,237,-104.0,-72.0,0.5305147171020508,0.3076923191547394,False,False,1
1517,blocks.4.mlp.2,scale,5,"(129, 18)",0,0.0,False,0.47,0.0,False,,116,116.0,84.0,32.0,inf,False,False,32
1518,blocks.3.attn.qkv,element,6,"(39, 2, 0)",0,0.0,False,0.47,0.0,False,,111,120.0,0.46875,8.0,0.99609375,False,False,1
1519,blocks.2.attn.qkv,element,4,"(35, 1, 22)",0,0.0,False,0.47,0.0,False,,226,-40.0,-160.0,2.0,3.0,False,False,1
1520,blocks.1.attn.qkv,element,2,"(434, 5, 22)",0,0.0,False,0.47,0.0,False,,238,-112.0,-80.0,0.4854269027709961,0.2857142984867096,False,False,1
1521,blocks.0.attn.proj,element,7,"(22, 2, 30)",0,0.0,False,0.47,0.0,False,,238,-112.0,112.0,0.0,2.0,True,False,1
1522,blocks.4.mlp.0,element,0,"(468, 1, 15)",0,0.0,False,0.47,0.0,False,,220,-24.0,-26.0,0.1154775619506836,0.0833333358168602,False,False,1
1523,blocks.3.mlp.2,element,3,"(40, 11, 21)",0,0.0,False,0.47,0.0,False,,99,44.0,88.0,1.0,1.0,False,False,1
1524,blocks.0.mlp.0,element,1,"(183, 3, 1)",0,0.0,False,0.47,0.0,False,,121,288.0,352.0,0.2895069122314453,0.2222222238779068,False,False,1
1525,blocks.2.mlp.2,element,1,"(151, 4, 17)",0,0.0,False,0.47,0.0,False,,101,52.0,60.0,0.2064504623413086,0.1538461595773697,False,False,1
1526,blocks.5.mlp.0,element,5,"(562, 2, 15)",0,0.0,False,0.47,0.0,False,,113,144.0,9.0,4.0,0.9375,False,False,1
1527,blocks.2.mlp.2,element,1,"(76, 3, 10)",0,0.0,False,0.47,0.0,False,,89,18.0,22.0,0.2895064353942871,0.2222222238779068,False,False,1
1528,blocks.2.attn.proj,element,4,"(16, 5, 25)",0,0.0,False,0.47,0.0,False,,104,64.0,256.0,2.0,3.0,False,False,1
1529,blocks.4.attn.proj,element,2,"(78, 5, 2)",0,0.0,False,0.47,0.0,False,,111,120.0,88.0,0.44745874404907227,0.2666666805744171,False,False,1
1530,blocks.4.mlp.0,element,2,"(125, 5, 5)",200,1.0,True,0.0,0.47,True,,251,-352.0,,inf,inf,False,True,1
1531,blocks.5.mlp.2,element,1,"(116, 18, 23)",0,0.0,False,0.47,0.0,False,,123,352.0,288.0,0.2895069122314453,0.1818181872367859,False,False,1
1532,blocks.4.mlp.0,element,7,"(471, 1, 2)",0,0.0,False,0.47,0.0,False,,241,-144.0,144.0,0.0,2.0,True,False,1
1533,blocks.3.mlp.2,element,3,"(137, 19, 31)",0,0.0,False,0.47,0.0,False,,122,320.0,160.0,1.0,0.5,False,False,1
1534,blocks.3.attn.qkv,element,1,"(379, 4, 27)",0,0.0,False,0.47,0.0,False,,115,176.0,144.0,0.2895064353942871,0.1818181872367859,False,False,1
1535,blocks.2.mlp.2,element,2,"(154, 10, 20)",0,0.0,False,0.47,0.0,False,,204,-6.0,-4.0,0.5849626064300537,0.3333333432674408,False,False,1
1536,blocks.1.mlp.0,element,4,"(134, 3, 7)",0,0.0,False,0.47,0.0,False,,236,-96.0,-384.0,2.000000476837158,3.0,False,False,1
1537,blocks.4.mlp.0,element,4,"(49, 4, 22)",0,0.0,False,0.47,0.0,False,,92,24.0,6.0,1.999999761581421,0.75,False,False,1
1538,blocks.4.attn.qkv,element,6,"(111, 1, 18)",0,0.0,False,0.47,0.0,False,,109,104.0,0.40625,8.0,0.99609375,False,False,1
1539,blocks.1.mlp.2,element,7,"(168, 14, 19)",0,0.0,False,0.47,0.0,False,,227,-44.0,44.0,0.0,2.0,True,False,1
1540,blocks.5.attn.qkv,element,0,"(212, 0, 9)",0,0.0,False,0.47,0.0,False,,122,320.0,352.0,0.13750362396240234,0.10000000149011612,False,False,1
1541,blocks.2.attn.qkv,element,7,"(204, 1, 23)",0,0.0,False,0.47,0.0,False,,105,72.0,-72.0,0.0,2.0,True,False,1
1542,blocks.0.mlp.2,element,4,"(49, 14, 4)",0,0.0,False,0.47,0.0,False,,122,320.0,80.0,2.0,0.75,False,False,1
1543,blocks.4.attn.proj,element,1,"(121, 2, 21)",0,0.0,False,0.47,0.0,False,,120,256.0,320.0,0.3219280242919922,0.25,False,False,1
1544,blocks.4.mlp.2,element,2,"(16, 23, 27)",0,0.0,False,0.47,0.0,False,,113,144.0,208.0,0.5305147171020508,0.4444444477558136,False,False,1
1545,blocks.3.mlp.0,element,2,"(727, 0, 19)",0,0.0,False,0.47,0.0,False,,105,72.0,104.0,0.5305147171020508,0.4444444477558136,False,False,1
1546,blocks.1.attn.qkv,element,2,"(210, 4, 25)",0,0.0,False,0.47,0.0,False,,120,256.0,384.0,0.5849628448486328,0.5,False,False,1
1547,blocks.2.mlp.2,element,0,"(181, 23, 14)",0,0.0,False,0.47,0.0,False,,230,-56.0,-60.0,0.09953546524047852,0.0714285746216774,False,False,1
1548,blocks.5.mlp.2,element,0,"(42, 18, 26)",0,0.0,False,0.47,0.0,False,,123,352.0,320.0,0.13750362396240234,0.09090909361839294,False,False,1
1549,blocks.5.mlp.0,element,2,"(384, 3, 7)",0,0.0,False,0.47,0.0,False,,105,72.0,104.0,0.5305147171020508,0.4444444477558136,False,False,1
1550,blocks.2.mlp.2,element,0,"(74, 10, 17)",0,0.0,False,0.47,0.0,False,,243,-176.0,-160.0,0.13750362396240234,0.09090909361839294,False,False,1
1551,blocks.4.mlp.2,element,7,"(10, 11, 28)",0,0.0,False,0.47,0.0,False,,99,44.0,-44.0,0.0,2.0,True,False,1
1552,blocks.0.mlp.2,element,2,"(93, 7, 28)",0,0.0,False,0.47,0.0,False,,100,48.0,32.0,0.5849623680114746,0.3333333432674408,False,False,1
1553,blocks.3.mlp.0,element,5,"(357, 0, 13)",0,0.0,False,0.47,0.0,False,,113,144.0,9.0,4.0,0.9375,False,False,1
1554,blocks.1.mlp.2,element,3,"(104, 17, 14)",0,0.0,False,0.47,0.0,False,,189,-1.625,-0.8125,1.0,0.5,False,False,1
1555,blocks.5.mlp.2,element,5,"(160, 17, 3)",0,0.0,False,0.47,0.0,False,,203,-5.5,-88.0,4.0,15.0,False,False,1
1556,blocks.2.mlp.2,element,3,"(51, 10, 28)",200,1.0,True,0.0,0.47,True,,119,240.0,,inf,inf,False,True,1
1557,blocks.5.attn.qkv,element,6,"(292, 5, 18)",0,0.0,False,0.47,0.0,False,,222,-28.0,-0.109375,8.0,0.99609375,False,False,1
1558,blocks.5.attn.qkv,element,5,"(80, 1, 10)",0,0.0,False,0.47,0.0,False,,233,-72.0,-4.5,4.0,0.9375,False,False,1
1559,blocks.3.mlp.0,element,3,"(395, 2, 28)",1,0.005,True,0.475,-0.0050000000000000044,False,,122,320.0,160.0,1.0,0.5,False,False,1
1560,blocks.3.mlp.2,scale,1,"(114, 21)",3,0.015,True,0.475,-0.0050000000000000044,False,,116,116.0,118.0,2.0,inf,False,False,32
1561,blocks.0.attn.proj,scale,4,"(96, 2)",2,0.01,True,0.475,-0.0050000000000000044,False,,116,116.0,100.0,16.0,inf,False,False,32
1562,blocks.1.mlp.0,element,5,"(285, 5, 9)",0,0.0,False,0.47,0.0,False,,246,-224.0,-14.0,4.0,0.9375,False,False,1
1563,blocks.5.mlp.2,element,4,"(53, 16, 3)",0,0.0,False,0.47,0.0,False,,250,-320.0,-80.0,2.0,0.75,False,False,1
1564,blocks.1.attn.qkv,element,2,"(74, 4, 22)",0,0.0,False,0.47,0.0,False,,91,22.0,30.0,0.44745874404907227,0.3636363744735718,False,False,1
1565,blocks.5.mlp.0,element,3,"(139, 1, 2)",0,0.0,False,0.47,0.0,False,,120,256.0,128.0,1.0,0.5,False,False,1
1566,head,element,1,"(58, 5, 17)",0,0.0,False,0.47,0.0,False,,91,22.0,18.0,0.2895064353942871,0.1818181872367859,False,False,1
1567,blocks.5.attn.qkv,element,2,"(242, 4, 22)",0,0.0,False,0.47,0.0,False,,234,-80.0,-112.0,0.4854269027709961,0.4000000059604645,False,False,1
1568,blocks.4.attn.proj,element,0,"(60, 5, 24)",0,0.0,False,0.47,0.0,False,,242,-160.0,-176.0,0.13750362396240234,0.10000000149011612,False,False,1
1569,blocks.1.mlp.2,scale,4,"(85, 14)",2,0.01,True,0.475,-0.0050000000000000044,False,,115,115.0,99.0,16.0,inf,False,False,32
1570,head,element,1,"(91, 4, 13)",0,0.0,False,0.47,0.0,False,,188,-1.5,-1.75,0.22239243984222412,0.1666666716337204,False,False,1
1571,blocks.3.attn.proj,element,6,"(128, 5, 15)",0,0.0,False,0.47,0.0,False,,228,-48.0,-0.1875,8.0,0.99609375,False,False,1
1572,blocks.3.attn.qkv,element,4,"(192, 4, 18)",0,0.0,False,0.47,0.0,False,,91,22.0,5.5,2.0,0.75,False,False,1
1573,blocks.5.attn.qkv,element,6,"(4, 2, 21)",0,0.0,False,0.47,0.0,False,,196,-3.0,-0.0078125,8.584962844848633,0.9973958134651184,False,False,1
1574,blocks.2.mlp.0,element,5,"(516, 4, 2)",0,0.0,False,0.47,0.0,False,,109,104.0,6.5,4.0,0.9375,False,False,1
1575,blocks.0.mlp.0,element,4,"(632, 3, 31)",0,0.0,False,0.47,0.0,False,,97,36.0,144.0,2.0,3.0,False,False,1
1576,blocks.5.mlp.0,element,6,"(61, 3, 15)",0,0.0,False,0.47,0.0,False,,242,-160.0,-0.625,8.0,0.99609375,False,False,1
1577,blocks.4.mlp.2,element,5,"(47, 5, 13)",1,0.005,True,0.475,-0.0050000000000000044,False,,122,320.0,20.0,4.0,0.9375,False,False,1
1578,blocks.3.mlp.2,element,7,"(64, 14, 5)",1,0.005,True,0.475,-0.0050000000000000044,False,,231,-60.0,60.0,0.0,2.0,True,False,1
1579,blocks.2.mlp.0,element,6,"(563, 1, 6)",0,0.0,False,0.47,0.0,False,,226,-40.0,-0.15625,8.0,0.99609375,False,False,1
1580,blocks.3.mlp.2,element,5,"(50, 8, 19)",0,0.0,False,0.47,0.0,False,,244,-192.0,-12.0,3.999999761581421,0.9375,False,False,1
1581,blocks.1.mlp.2,element,7,"(110, 12, 17)",0,0.0,False,0.47,0.0,False,,185,-1.125,1.125,0.0,2.0,True,False,1
1582,blocks.1.mlp.0,element,1,"(165, 5, 31)",0,0.0,False,0.47,0.0,False,,235,-88.0,-72.0,0.2895064353942871,0.1818181872367859,False,False,1
1583,blocks.4.mlp.2,element,5,"(174, 0, 26)",0,0.0,False,0.47,0.0,False,,243,-176.0,-11.0,4.0,0.9375,False,False,1
1584,blocks.0.mlp.2,element,2,"(169, 15, 12)",0,0.0,False,0.47,0.0,False,,82,10.0,14.0,0.4854269027709961,0.4000000059604645,False,False,1
1585,blocks.5.attn.qkv,element,1,"(310, 3, 10)",0,0.0,False,0.47,0.0,False,,110,112.0,96.0,0.22239255905151367,0.1428571492433548,False,False,1
1586,blocks.0.attn.qkv,element,2,"(86, 0, 3)",0,0.0,False,0.47,0.0,False,,243,-176.0,-240.0,0.44745874404907227,0.3636363744735718,False,False,1
1587,blocks.1.mlp.2,element,4,"(4, 15, 14)",0,0.0,False,0.47,0.0,False,,230,-56.0,-224.0,2.0,3.0,False,False,1
1588,blocks.1.mlp.2,element,4,"(74, 10, 21)",0,0.0,False,0.47,0.0,False,,99,44.0,176.0,2.0,3.0,False,False,1
1589,blocks.0.attn.qkv,element,5,"(375, 5, 13)",0,0.0,False,0.47,0.0,False,,118,224.0,14.0,4.0,0.9375,False,False,1
1590,blocks.2.mlp.2,element,7,"(175, 18, 14)",0,0.0,False,0.47,0.0,False,,232,-64.0,64.0,0.0,2.0,True,False,1
1591,blocks.1.mlp.2,element,2,"(180, 15, 15)",0,0.0,False,0.47,0.0,False,,87,15.0,11.0,0.44745898246765137,0.2666666805744171,False,False,1
1592,blocks.1.attn.qkv,element,6,"(67, 2, 23)",0,0.0,False,0.47,0.0,False,,242,-160.0,-0.625,8.0,0.99609375,False,False,1
1593,blocks.2.attn.qkv,element,6,"(556, 0, 11)",0,0.0,False,0.47,0.0,False,,218,-20.0,-0.078125,8.0,0.99609375,False,False,1
1594,blocks.1.mlp.2,element,2,"(73, 14, 10)",0,0.0,False,0.47,0.0,False,,244,-192.0,-128.0,0.5849623680114746,0.3333333432674408,False,False,1
1595,blocks.3.attn.qkv,element,4,"(447, 4, 20)",0,0.0,False,0.47,0.0,False,,115,176.0,44.0,2.0,0.75,False,False,1
1596,blocks.5.mlp.0,element,2,"(39, 0, 1)",0,0.0,False,0.47,0.0,False,,97,36.0,52.0,0.5305147171020508,0.4444444477558136,False,False,1
1597,blocks.1.attn.proj,element,1,"(150, 0, 30)",0,0.0,False,0.47,0.0,False,,113,144.0,176.0,0.2895064353942871,0.2222222238779068,False,False,1
1598,blocks.1.mlp.2,element,4,"(14, 3, 20)",0,0.0,False,0.47,0.0,False,,110,112.0,448.0,2.0,3.0,False,False,1
1599,blocks.5.mlp.2,element,4,"(70, 0, 2)",0,0.0,False,0.47,0.0,False,,229,-52.0,-208.0,2.0,3.0,False,False,1
1600,blocks.5.mlp.0,element,0,"(458, 1, 22)",0,0.0,False,0.47,0.0,False,,242,-160.0,-176.0,0.13750362396240234,0.10000000149011612,False,False,1
1601,blocks.1.mlp.2,element,4,"(109, 11, 28)",0,0.0,False,0.47,0.0,False,,228,-48.0,-192.0,2.0,3.0,False,False,1
1602,blocks.0.mlp.0,element,7,"(678, 2, 25)",0,0.0,False,0.47,0.0,False,,242,-160.0,160.0,0.0,2.0,True,False,1
1603,blocks.2.mlp.2,element,3,"(126, 18, 30)",0,0.0,False,0.47,0.0,False,,219,-22.0,-11.0,1.0,0.5,False,False,1
1604,blocks.3.mlp.0,element,1,"(257, 2, 13)",0,0.0,False,0.47,0.0,False,,115,176.0,144.0,0.2895064353942871,0.1818181872367859,False,False,1
1605,blocks.5.mlp.2,element,6,"(177, 5, 25)",0,0.0,False,0.47,0.0,False,,80,8.0,0.03125,8.0,0.99609375,False,False,1
1606,blocks.2.mlp.2,element,3,"(38, 15, 25)",0,0.0,False,0.47,0.0,False,,99,44.0,88.0,1.0,1.0,False,False,1
1607,blocks.5.mlp.0,element,4,"(450, 4, 10)",0,0.0,False,0.47,0.0,False,,99,44.0,176.0,2.0,3.0,False,False,1
1608,blocks.0.mlp.0,element,1,"(137, 2, 25)",0,0.0,False,0.47,0.0,False,,215,-15.0,-13.0,0.2064509391784668,0.13333334028720856,False,False,1
1609,blocks.5.mlp.2,element,1,"(176, 15, 3)",0,0.0,False,0.47,0.0,False,,104,64.0,80.0,0.3219280242919922,0.25,False,False,1
1610,blocks.5.mlp.2,element,2,"(1, 21, 4)",0,0.0,False,0.47,0.0,False,,115,176.0,240.0,0.44745874404907227,0.3636363744735718,False,False,1
1611,blocks.4.mlp.0,element,3,"(313, 1, 28)",0,0.0,False,0.47,0.0,False,,244,-192.0,-384.0,1.0000004768371582,1.0,False,False,1
1612,blocks.1.mlp.2,element,5,"(49, 13, 3)",0,0.0,False,0.47,0.0,False,,81,9.0,144.0,4.0,15.0,False,False,1
1613,blocks.0.mlp.0,element,7,"(119, 5, 2)",0,0.0,False,0.47,0.0,False,,120,256.0,-256.0,0.0,2.0,True,False,1
1614,blocks.4.mlp.0,element,4,"(693, 3, 21)",0,0.0,False,0.47,0.0,False,,107,88.0,352.0,2.0,3.0,False,False,1
1615,blocks.1.mlp.2,element,3,"(145, 6, 9)",0,0.0,False,0.47,0.0,False,,242,-160.0,-320.0,1.0,1.0,False,False,1
1616,blocks.2.mlp.2,element,3,"(132, 1, 1)",0,0.0,False,0.47,0.0,False,,116,192.0,384.0,1.0000004768371582,1.0,False,False,1
1617,blocks.3.mlp.0,element,6,"(247, 5, 22)",0,0.0,False,0.47,0.0,False,,240,-128.0,-0.5,8.0,0.99609375,False,False,1
1618,blocks.2.mlp.2,element,6,"(110, 0, 31)",0,0.0,False,0.47,0.0,False,,249,-288.0,-1.125,7.999999523162842,0.99609375,False,False,1
1619,blocks.3.mlp.0,element,1,"(577, 5, 3)",0,0.0,False,0.47,0.0,False,,123,352.0,288.0,0.2895069122314453,0.1818181872367859,False,False,1
1620,blocks.1.mlp.0,element,2,"(476, 5, 4)",0,0.0,False,0.47,0.0,False,,115,176.0,240.0,0.44745874404907227,0.3636363744735718,False,False,1
1621,blocks.5.mlp.0,element,5,"(723, 5, 19)",0,0.0,False,0.47,0.0,False,,102,56.0,3.5,4.0,0.9375,False,False,1
1622,head,element,6,"(13, 0, 1)",0,0.0,False,0.47,0.0,False,,233,-72.0,-0.28125,8.0,0.99609375,False,False,1
1623,blocks.5.mlp.2,element,3,"(26, 13, 25)",0,0.0,False,0.47,0.0,False,,229,-52.0,-104.0,1.0,1.0,False,False,1
1624,blocks.2.mlp.0,element,3,"(514, 5, 11)",0,0.0,False,0.47,0.0,False,,241,-144.0,-288.0,0.9999995231628418,1.0,False,False,1
1625,blocks.0.mlp.2,element,7,"(118, 11, 7)",1,0.005,True,0.47,0.0,False,,121,288.0,-288.0,0.0,2.0,True,False,1
1626,blocks.0.mlp.2,element,1,"(151, 10, 31)",0,0.0,False,0.47,0.0,False,,111,120.0,104.0,0.2064504623413086,0.13333334028720856,False,False,1
1627,blocks.4.mlp.2,element,0,"(55, 0, 4)",0,0.0,False,0.47,0.0,False,,236,-96.0,-104.0,0.1154775619506836,0.0833333358168602,False,False,1
1628,blocks.3.mlp.0,element,3,"(619, 1, 17)",0,0.0,False,0.47,0.0,False,,104,64.0,32.0,1.0,0.5,False,False,1
1629,blocks.1.attn.qkv,element,1,"(170, 3, 23)",0,0.0,False,0.47,0.0,False,,228,-48.0,-56.0,0.22239255905151367,0.1666666716337204,False,False,1
1630,blocks.4.mlp.2,element,4,"(133, 18, 20)",0,0.0,False,0.47,0.0,False,,74,5.0,20.0,2.0,3.0,False,False,1
1631,blocks.5.mlp.2,element,6,"(128, 10, 0)",0,0.0,False,0.47,0.0,False,,110,112.0,0.4375,8.0,0.99609375,False,False,1
1632,blocks.5.mlp.0,element,1,"(142, 4, 22)",0,0.0,False,0.47,0.0,False,,114,160.0,128.0,0.3219280242919922,0.20000000298023224,False,False,1
1633,blocks.5.mlp.0,element,5,"(576, 0, 12)",0,0.0,False,0.47,0.0,False,,245,-208.0,-13.0,4.0,0.9375,False,False,1
1634,blocks.5.attn.qkv,element,1,"(277, 1, 12)",0,0.0,False,0.47,0.0,False,,93,26.0,30.0,0.2064504623413086,0.1538461595773697,False,False,1
1635,blocks.4.attn.proj,element,6,"(17, 4, 30)",0,0.0,False,0.47,0.0,False,,250,-320.0,-1.25,8.0,0.99609375,False,False,1
1636,blocks.4.mlp.2,element,1,"(18, 1, 30)",0,0.0,False,0.47,0.0,False,,110,112.0,96.0,0.22239255905151367,0.1428571492433548,False,False,1
1637,blocks.0.mlp.0,element,3,"(688, 4, 14)",0,0.0,False,0.47,0.0,False,,117,208.0,416.0,0.9999995231628418,1.0,False,False,1
1638,blocks.5.mlp.2,element,4,"(65, 14, 22)",0,0.0,False,0.47,0.0,False,,112,128.0,32.0,2.0,0.75,False,False,1
1639,blocks.0.attn.qkv,element,0,"(260, 3, 20)",0,0.0,False,0.47,0.0,False,,248,-256.0,-288.0,0.16992473602294922,0.125,False,False,1
1640,blocks.2.mlp.0,element,6,"(304, 2, 12)",0,0.0,False,0.47,0.0,False,,113,144.0,0.5625,8.0,0.99609375,False,False,1
1641,blocks.5.attn.qkv,element,4,"(161, 5, 26)",0,0.0,False,0.47,0.0,False,,89,18.0,4.5,2.000000238418579,0.75,False,False,1
1642,blocks.1.mlp.0,element,2,"(330, 0, 20)",0,0.0,False,0.47,0.0,False,,120,256.0,384.0,0.5849628448486328,0.5,False,False,1
1643,blocks.4.mlp.0,element,7,"(341, 2, 14)",0,0.0,False,0.47,0.0,False,,82,10.0,-10.0,0.0,2.0,True,False,1
1644,blocks.1.mlp.2,element,2,"(112, 23, 21)",0,0.0,False,0.47,0.0,False,,106,80.0,112.0,0.4854269027709961,0.4000000059604645,False,False,1
1645,blocks.1.attn.qkv,element,3,"(217, 2, 16)",0,0.0,False,0.47,0.0,False,,90,20.0,10.0,1.0,0.5,False,False,1
1646,blocks.3.mlp.0,element,0,"(495, 2, 23)",0,0.0,False,0.47,0.0,False,,208,-8.0,-9.0,0.16992497444152832,0.125,False,False,1
1647,blocks.5.mlp.2,element,2,"(101, 7, 5)",0,0.0,False,0.47,0.0,False,,99,44.0,60.0,0.44745874404907227,0.3636363744735718,False,False,1
1648,blocks.4.mlp.0,element,7,"(277, 0, 8)",0,0.0,False,0.47,0.0,False,,246,-224.0,224.0,0.0,2.0,True,False,1
1649,blocks.5.mlp.0,element,0,"(2, 5, 10)",0,0.0,False,0.47,0.0,False,,122,320.0,352.0,0.13750362396240234,0.10000000149011612,False,False,1
1650,blocks.0.mlp.0,element,5,"(450, 1, 21)",0,0.0,False,0.47,0.0,False,,240,-128.0,-8.0,4.0,0.9375,False,False,1
1651,blocks.4.mlp.0,element,6,"(675, 3, 28)",0,0.0,False,0.47,0.0,False,,238,-112.0,-0.4375,8.0,0.99609375,False,False,1
1652,blocks.3.mlp.0,element,1,"(277, 3, 15)",0,0.0,False,0.47,0.0,False,,227,-44.0,-36.0,0.2895064353942871,0.1818181872367859,False,False,1
1653,blocks.3.mlp.0,scale,5,"(96, 2)",0,0.0,False,0.47,0.0,False,,116,116.0,84.0,32.0,inf,False,False,32
1654,blocks.0.mlp.0,element,7,"(170, 5, 2)",0,0.0,False,0.47,0.0,False,,97,36.0,-36.0,0.0,2.0,True,False,1
1655,blocks.0.mlp.2,element,2,"(50, 6, 21)",0,0.0,False,0.47,0.0,False,,234,-80.0,-112.0,0.4854269027709961,0.4000000059604645,False,False,1
1656,blocks.3.attn.qkv,element,6,"(99, 5, 4)",0,0.0,False,0.47,0.0,False,,244,-192.0,-0.75,8.0,0.99609375,False,False,1
1657,blocks.0.attn.proj,element,0,"(62, 3, 0)",0,0.0,False,0.47,0.0,False,,219,-22.0,-20.0,0.13750362396240234,0.09090909361839294,False,False,1
1658,blocks.0.mlp.0,element,6,"(227, 0, 20)",0,0.0,False,0.47,0.0,False,,119,240.0,0.9375,8.0,0.99609375,False,False,1
1659,blocks.1.mlp.2,element,7,"(106, 23, 9)",0,0.0,False,0.47,0.0,False,,112,128.0,-128.0,0.0,2.0,True,False,1
1660,blocks.4.mlp.0,element,6,"(322, 5, 11)",0,0.0,False,0.47,0.0,False,,242,-160.0,-0.625,8.0,0.99609375,False,False,1
1661,blocks.4.mlp.0,element,5,"(518, 1, 7)",1,0.005,True,0.47,0.0,False,,252,-384.0,-24.0,4.000000476837158,0.9375,False,False,1
1662,blocks.5.mlp.0,element,4,"(82, 3, 1)",0,0.0,False,0.47,0.0,False,,242,-160.0,-40.0,2.0,0.75,False,False,1
1663,blocks.1.mlp.0,element,7,"(143, 3, 25)",0,0.0,False,0.47,0.0,False,,224,-32.0,32.0,0.0,2.0,True,False,1
1664,blocks.1.mlp.0,element,6,"(148, 5, 18)",0,0.0,False,0.47,0.0,False,,111,120.0,0.46875,8.0,0.99609375,False,False,1
1665,blocks.4.mlp.0,element,6,"(638, 4, 10)",0,0.0,False,0.47,0.0,False,,116,192.0,0.75,8.0,0.99609375,False,False,1
1666,blocks.3.mlp.2,scale,4,"(12, 0)",1,0.005,True,0.47,0.0,False,,116,116.0,100.0,16.0,inf,False,False,32
1667,blocks.2.attn.proj,element,0,"(108, 0, 23)",0,0.0,False,0.47,0.0,False,,242,-160.0,-176.0,0.13750362396240234,0.10000000149011612,False,False,1
1668,blocks.1.mlp.0,element,3,"(16, 4, 11)",0,0.0,False,0.47,0.0,False,,241,-144.0,-288.0,0.9999995231628418,1.0,False,False,1
1669,blocks.2.attn.proj,element,7,"(66, 4, 0)",0,0.0,False,0.47,0.0,False,,241,-144.0,144.0,0.0,2.0,True,False,1
1670,blocks.1.mlp.2,element,0,"(65, 23, 23)",0,0.0,False,0.47,0.0,False,,239,-120.0,-112.0,0.09953546524047852,0.06666667014360428,False,False,1
1671,blocks.4.mlp.2,element,2,"(96, 4, 0)",0,0.0,False,0.47,0.0,False,,116,192.0,128.0,0.5849623680114746,0.3333333432674408,False,False,1
1672,blocks.5.attn.qkv,element,6,"(331, 0, 10)",0,0.0,False,0.47,0.0,False,,220,-24.0,-0.09375,8.0,0.99609375,False,False,1
1673,blocks.4.attn.proj,element,2,"(183, 1, 18)",0,0.0,False,0.47,0.0,False,,92,24.0,16.0,0.5849623680114746,0.3333333432674408,False,False,1
1674,blocks.2.attn.qkv,element,6,"(366, 4, 27)",2,0.01,True,0.47,0.0,False,,249,-288.0,-1.125,7.999999523162842,0.99609375,False,False,1
1675,blocks.3.attn.proj,element,7,"(71, 3, 18)",0,0.0,False,0.47,0.0,False,,249,-288.0,288.0,0.0,2.0,True,False,1
1676,blocks.4.mlp.2,element,1,"(87, 12, 12)",0,0.0,False,0.47,0.0,False,,239,-120.0,-104.0,0.2064504623413086,0.13333334028720856,False,False,1
1677,blocks.5.attn.qkv,element,2,"(326, 5, 31)",0,0.0,False,0.47,0.0,False,,218,-20.0,-28.0,0.4854269027709961,0.4000000059604645,False,False,1
1678,blocks.3.mlp.0,element,2,"(699, 1, 21)",0,0.0,False,0.47,0.0,False,,184,-1.0,-1.5,0.5849624872207642,0.5,False,False,1
1679,blocks.5.mlp.2,element,0,"(139, 13, 3)",0,0.0,False,0.47,0.0,False,,245,-208.0,-192.0,0.1154775619506836,0.07692307978868484,False,False,1
1680,blocks.2.mlp.2,element,2,"(38, 12, 13)",0,0.0,False,0.47,0.0,False,,247,-240.0,-176.0,0.44745874404907227,0.2666666805744171,False,False,1
1681,blocks.5.mlp.2,element,7,"(39, 23, 6)",0,0.0,False,0.47,0.0,False,,206,-7.0,7.0,0.0,2.0,True,False,1
1682,blocks.1.mlp.2,element,6,"(123, 5, 8)",0,0.0,False,0.47,0.0,False,,233,-72.0,-0.28125,8.0,0.99609375,False,False,1
1683,blocks.5.mlp.0,element,4,"(759, 4, 10)",0,0.0,False,0.47,0.0,False,,102,56.0,224.0,2.0,3.0,False,False,1
1684,blocks.5.attn.proj,element,5,"(5, 3, 6)",0,0.0,False,0.47,0.0,False,,244,-192.0,-12.0,3.999999761581421,0.9375,False,False,1
1685,blocks.2.mlp.2,element,5,"(165, 21, 21)",0,0.0,False,0.47,0.0,False,,232,-64.0,-4.0,4.0,0.9375,False,False,1
1686,blocks.4.mlp.2,element,6,"(123, 11, 21)",0,0.0,False,0.47,0.0,False,,224,-32.0,-0.125,8.0,0.99609375,False,False,1
1687,blocks.2.mlp.0,element,7,"(580, 5, 26)",0,0.0,False,0.47,0.0,False,,232,-64.0,64.0,0.0,2.0,True,False,1
1688,blocks.2.mlp.2,element,2,"(124, 2, 10)",0,0.0,False,0.47,0.0,False,,93,26.0,18.0,0.5305147171020508,0.3076923191547394,False,False,1
1689,blocks.4.attn.qkv,scale,4,"(61, 2)",1,0.005,True,0.47,0.0,False,,116,116.0,100.0,16.0,inf,False,False,32
1690,blocks.2.mlp.0,element,6,"(550, 1, 20)",1,0.005,True,0.475,-0.0050000000000000044,False,,102,56.0,0.21875,8.0,0.99609375,False,False,1
1691,blocks.0.mlp.0,element,1,"(372, 0, 18)",1,0.005,True,0.475,-0.0050000000000000044,False,,120,256.0,320.0,0.3219280242919922,0.25,False,False,1
1692,blocks.0.mlp.0,element,3,"(497, 4, 21)",0,0.0,False,0.47,0.0,False,,240,-128.0,-256.0,1.0,1.0,False,False,1
1693,blocks.4.attn.proj,element,0,"(81, 0, 19)",0,0.0,False,0.47,0.0,False,,95,30.0,28.0,0.09953546524047852,0.06666667014360428,False,False,1
1694,blocks.1.mlp.0,element,4,"(385, 5, 14)",0,0.0,False,0.47,0.0,False,,246,-224.0,-56.0,2.0,0.75,False,False,1
1695,blocks.4.mlp.0,element,0,"(625, 3, 4)",0,0.0,False,0.47,0.0,False,,231,-60.0,-56.0,0.09953546524047852,0.06666667014360428,False,False,1
1696,blocks.2.mlp.2,element,1,"(130, 17, 3)",0,0.0,False,0.47,0.0,False,,112,128.0,160.0,0.3219280242919922,0.25,False,False,1
1697,blocks.0.attn.proj,element,2,"(190, 5, 3)",0,0.0,False,0.47,0.0,False,,202,-5.0,-7.0,0.4854269027709961,0.4000000059604645,False,False,1
1698,blocks.0.mlp.2,element,1,"(117, 13, 13)",0,0.0,False,0.47,0.0,False,,244,-192.0,-224.0,0.22239255905151367,0.1666666716337204,False,False,1
1699,blocks.3.mlp.0,element,0,"(5, 2, 21)",0,0.0,False,0.47,0.0,False,,86,14.0,15.0,0.09953570365905762,0.0714285746216774,False,False,1
1700,blocks.0.mlp.2,element,5,"(128, 20, 20)",1,0.005,True,0.475,-0.0050000000000000044,False,,114,160.0,10.0,4.0,0.9375,False,False,1
1701,blocks.1.mlp.2,element,4,"(56, 9, 30)",0,0.0,False,0.47,0.0,False,,233,-72.0,-288.0,1.9999995231628418,3.0,False,False,1
1702,blocks.1.attn.proj,element,4,"(155, 1, 14)",1,0.005,True,0.475,-0.0050000000000000044,False,,98,40.0,160.0,2.0,3.0,False,False,1
1703,blocks.3.attn.qkv,element,6,"(25, 1, 28)",0,0.0,False,0.47,0.0,False,,238,-112.0,-0.4375,8.0,0.99609375,False,False,1
1704,blocks.3.mlp.2,element,1,"(30, 2, 20)",0,0.0,False,0.47,0.0,False,,120,256.0,320.0,0.3219280242919922,0.25,False,False,1
1705,blocks.0.mlp.2,element,1,"(116, 11, 20)",0,0.0,False,0.47,0.0,False,,234,-80.0,-64.0,0.3219280242919922,0.20000000298023224,False,False,1
1706,blocks.5.mlp.2,element,6,"(93, 17, 20)",0,0.0,False,0.47,0.0,False,,239,-120.0,-0.46875,8.0,0.99609375,False,False,1
1707,blocks.0.attn.qkv,element,6,"(34, 1, 16)",0,0.0,False,0.47,0.0,False,,114,160.0,0.625,8.0,0.99609375,False,False,1
1708,blocks.2.mlp.0,element,6,"(456, 3, 31)",0,0.0,False,0.47,0.0,False,,226,-40.0,-0.15625,8.0,0.99609375,False,False,1
1709,blocks.1.mlp.0,element,6,"(70, 5, 1)",0,0.0,False,0.47,0.0,False,,222,-28.0,-0.109375,8.0,0.99609375,False,False,1
1710,blocks.0.mlp.2,element,5,"(65, 8, 6)",0,0.0,False,0.47,0.0,False,,245,-208.0,-13.0,4.0,0.9375,False,False,1
1711,blocks.1.mlp.0,element,6,"(183, 5, 21)",1,0.005,True,0.47,0.0,False,,114,160.0,0.625,8.0,0.99609375,False,False,1
1712,blocks.5.attn.proj,element,6,"(122, 3, 12)",0,0.0,False,0.47,0.0,False,,110,112.0,0.4375,8.0,0.99609375,False,False,1
1713,head,element,2,"(16, 2, 22)",0,0.0,False,0.47,0.0,False,,113,144.0,208.0,0.5305147171020508,0.4444444477558136,False,False,1
1714,blocks.3.attn.proj,element,3,"(128, 3, 26)",0,0.0,False,0.47,0.0,False,,124,384.0,192.0,1.0000004768371582,0.5,False,False,1
1715,blocks.3.mlp.2,element,6,"(187, 15, 9)",0,0.0,False,0.47,0.0,False,,204,-6.0,-0.0234375,8.0,0.99609375,False,False,1
1716,blocks.0.mlp.2,element,0,"(70, 19, 16)",0,0.0,False,0.47,0.0,False,,238,-112.0,-120.0,0.09953546524047852,0.0714285746216774,False,False,1
1717,blocks.4.attn.qkv,element,2,"(53, 1, 23)",0,0.0,False,0.47,0.0,False,,218,-20.0,-28.0,0.4854269027709961,0.4000000059604645,False,False,1
1718,blocks.3.mlp.0,element,1,"(3, 4, 22)",0,0.0,False,0.47,0.0,False,,39,0.234375,0.203125,0.2064509391784668,0.13333334028720856,False,False,1
1719,blocks.5.mlp.2,element,3,"(157, 14, 22)",0,0.0,False,0.47,0.0,False,,114,160.0,320.0,1.0,1.0,False,False,1
1720,blocks.1.mlp.0,element,6,"(273, 1, 10)",0,0.0,False,0.47,0.0,False,,232,-64.0,-0.25,8.0,0.99609375,False,False,1
1721,blocks.0.mlp.0,element,5,"(215, 0, 19)",2,0.01,True,0.475,-0.0050000000000000044,False,,115,176.0,11.0,4.0,0.9375,False,False,1
1722,blocks.4.mlp.2,element,7,"(176, 14, 26)",0,0.0,False,0.47,0.0,False,,227,-44.0,44.0,0.0,2.0,True,False,1
1723,blocks.1.mlp.2,element,6,"(174, 12, 27)",0,0.0,False,0.47,0.0,False,,106,80.0,0.3125,8.0,0.99609375,False,False,1
1724,blocks.2.attn.proj,element,0,"(31, 4, 22)",0,0.0,False,0.47,0.0,False,,203,-5.5,-5.0,0.13750362396240234,0.09090909361839294,False,False,1
1725,blocks.4.mlp.0,element,2,"(374, 5, 1)",0,0.0,False,0.47,0.0,False,,233,-72.0,-104.0,0.5305147171020508,0.4444444477558136,False,False,1
1726,blocks.2.attn.qkv,element,5,"(516, 2, 13)",0,0.0,False,0.47,0.0,False,,103,60.0,3.75,3.999999761581421,0.9375,False,False,1
1727,blocks.5.mlp.0,element,0,"(438, 4, 6)",0,0.0,False,0.47,0.0,False,,234,-80.0,-88.0,0.13750362396240234,0.10000000149011612,False,False,1
1728,blocks.3.attn.qkv,element,1,"(122, 4, 5)",0,0.0,False,0.47,0.0,False,,226,-40.0,-32.0,0.3219280242919922,0.20000000298023224,False,False,1
1729,blocks.4.mlp.0,element,7,"(236, 1, 26)",0,0.0,False,0.47,0.0,False,,123,352.0,-352.0,0.0,2.0,True,False,1
1730,blocks.1.mlp.0,element,0,"(380, 0, 18)",0,0.0,False,0.47,0.0,False,,97,36.0,32.0,0.16992521286010742,0.1111111119389534,False,False,1
1731,blocks.2.mlp.0,element,0,"(530, 3, 15)",0,0.0,False,0.47,0.0,False,,114,160.0,176.0,0.13750362396240234,0.10000000149011612,False,False,1
1732,blocks.2.mlp.2,scale,3,"(90, 15)",117,0.585,True,0.275,0.19499999999999995,False,,116,116.0,124.0,8.0,inf,False,False,32
1733,blocks.3.mlp.2,element,4,"(4, 14, 8)",0,0.0,False,0.47,0.0,False,,113,144.0,36.0,2.0,0.75,False,False,1
1734,blocks.2.mlp.2,element,4,"(153, 22, 7)",0,0.0,False,0.47,0.0,False,,88,16.0,4.0,2.0,0.75,False,False,1
1735,blocks.1.mlp.2,element,3,"(33, 3, 10)",0,0.0,False,0.47,0.0,False,,250,-320.0,-160.0,1.0,0.5,False,False,1
1736,blocks.2.mlp.0,element,4,"(761, 4, 7)",1,0.005,True,0.47,0.0,False,,105,72.0,288.0,1.9999995231628418,3.0,False,False,1
1737,blocks.0.mlp.0,element,2,"(26, 0, 24)",0,0.0,False,0.47,0.0,False,,205,-6.5,-4.5,0.5305147171020508,0.3076923191547394,False,False,1
1738,blocks.1.mlp.2,element,2,"(142, 11, 15)",0,0.0,False,0.47,0.0,False,,107,88.0,120.0,0.44745874404907227,0.3636363744735718,False,False,1
1739,blocks.0.mlp.2,element,4,"(191, 9, 5)",0,0.0,False,0.47,0.0,False,,93,26.0,6.5,2.000000238418579,0.75,False,False,1
1740,blocks.5.attn.qkv,element,7,"(218, 2, 4)",0,0.0,False,0.47,0.0,False,,234,-80.0,80.0,0.0,2.0,True,False,1
1741,blocks.3.mlp.0,element,1,"(697, 3, 25)",0,0.0,False,0.47,0.0,False,,106,80.0,64.0,0.3219280242919922,0.20000000298023224,False,False,1
1742,blocks.5.mlp.2,element,4,"(129, 11, 27)",0,0.0,False,0.47,0.0,False,,249,-288.0,-72.0,1.9999995231628418,0.75,False,False,1
1743,blocks.4.mlp.2,element,1,"(16, 5, 3)",0,0.0,False,0.47,0.0,False,,233,-72.0,-88.0,0.2895064353942871,0.2222222238779068,False,False,1
1744,blocks.0.mlp.2,element,5,"(121, 20, 30)",0,0.0,False,0.47,0.0,False,,240,-128.0,-8.0,4.0,0.9375,False,False,1
1745,blocks.0.mlp.0,element,2,"(738, 0, 15)",0,0.0,False,0.47,0.0,False,,222,-28.0,-20.0,0.4854269027709961,0.2857142984867096,False,False,1
1746,blocks.0.mlp.0,element,6,"(128, 4, 29)",0,0.0,False,0.47,0.0,False,,117,208.0,0.8125,8.0,0.99609375,False,False,1
1747,blocks.2.mlp.2,element,6,"(177, 0, 19)",0,0.0,False,0.47,0.0,False,,100,48.0,0.1875,8.0,0.99609375,False,False,1
1748,blocks.3.mlp.0,element,6,"(323, 5, 18)",0,0.0,False,0.47,0.0,False,,101,52.0,0.203125,8.0,0.99609375,False,False,1
1749,blocks.4.mlp.0,element,7,"(89, 1, 19)",0,0.0,False,0.47,0.0,False,,106,80.0,-80.0,0.0,2.0,True,False,1
1750,blocks.3.mlp.0,element,3,"(23, 2, 18)",0,0.0,False,0.47,0.0,False,,100,48.0,96.0,1.0,1.0,False,False,1
1751,blocks.1.mlp.2,element,6,"(142, 11, 25)",0,0.0,False,0.47,0.0,False,,108,96.0,0.375,8.0,0.99609375,False,False,1
1752,blocks.5.mlp.2,element,5,"(27, 3, 28)",0,0.0,False,0.47,0.0,False,,101,52.0,3.25,4.0,0.9375,False,False,1
1753,blocks.3.attn.qkv,element,4,"(170, 2, 1)",0,0.0,False,0.47,0.0,False,,243,-176.0,-44.0,2.0,0.75,False,False,1
1754,blocks.4.attn.qkv,element,5,"(384, 3, 15)",0,0.0,False,0.47,0.0,False,,120,256.0,16.0,4.0,0.9375,False,False,1
1755,blocks.5.mlp.2,element,2,"(27, 19, 5)",0,0.0,False,0.47,0.0,False,,110,112.0,80.0,0.4854269027709961,0.2857142984867096,False,False,1
1756,blocks.0.mlp.2,element,1,"(40, 11, 9)",200,1.0,True,0.0,0.47,True,,253,-416.0,,inf,inf,False,True,1
1757,blocks.3.mlp.2,element,1,"(33, 5, 26)",0,0.0,False,0.47,0.0,False,,245,-208.0,-240.0,0.2064504623413086,0.1538461595773697,False,False,1
1758,blocks.1.mlp.0,element,3,"(396, 2, 8)",0,0.0,False,0.47,0.0,False,,237,-104.0,-52.0,1.0,0.5,False,False,1
1759,blocks.5.mlp.0,scale,3,"(570, 0)",17,0.085,True,0.445,0.024999999999999967,False,,116,116.0,124.0,8.0,inf,False,False,32
1760,blocks.4.mlp.0,element,2,"(31, 2, 0)",0,0.0,False,0.47,0.0,False,,110,112.0,80.0,0.4854269027709961,0.2857142984867096,False,False,1
1761,blocks.0.mlp.2,element,6,"(107, 4, 17)",0,0.0,False,0.47,0.0,False,,243,-176.0,-0.6875,8.0,0.99609375,False,False,1
1762,blocks.3.mlp.2,element,5,"(127, 17, 8)",0,0.0,False,0.47,0.0,False,,85,13.0,208.0,4.0,15.0,False,False,1
1763,blocks.4.attn.qkv,element,5,"(482, 5, 27)",0,0.0,False,0.47,0.0,False,,92,24.0,384.0,4.000000476837158,15.0,False,False,1
1764,blocks.1.mlp.2,element,6,"(2, 11, 30)",200,1.0,True,0.0,0.47,True,,191,-1.875,,inf,inf,False,True,1
1765,blocks.2.attn.qkv,element,0,"(396, 4, 31)",0,0.0,False,0.47,0.0,False,,84,12.0,13.0,0.11547708511352539,0.0833333358168602,False,False,1
1766,blocks.1.attn.qkv,element,3,"(545, 3, 3)",0,0.0,False,0.47,0.0,False,,105,72.0,36.0,1.0,0.5,False,False,1
1767,blocks.5.attn.proj,element,7,"(48, 5, 19)",0,0.0,False,0.47,0.0,False,,236,-96.0,96.0,0.0,2.0,True,False,1
1768,blocks.1.mlp.0,element,3,"(565, 2, 18)",0,0.0,False,0.47,0.0,False,,121,288.0,144.0,0.9999995231628418,0.5,False,False,1
1769,blocks.4.mlp.2,element,3,"(152, 18, 18)",0,0.0,False,0.47,0.0,False,,104,64.0,32.0,1.0,0.5,False,False,1
1770,blocks.0.mlp.2,element,5,"(12, 22, 22)",0,0.0,False,0.47,0.0,False,,218,-20.0,-320.0,4.0,15.0,False,False,1
1771,blocks.1.mlp.0,element,1,"(621, 3, 21)",0,0.0,False,0.47,0.0,False,,109,104.0,120.0,0.2064504623413086,0.1538461595773697,False,False,1
1772,blocks.1.mlp.0,element,2,"(207, 5, 3)",0,0.0,False,0.47,0.0,False,,109,104.0,72.0,0.5305147171020508,0.3076923191547394,False,False,1
1773,blocks.3.attn.proj,element,0,"(6, 4, 29)",0,0.0,False,0.47,0.0,False,,114,160.0,176.0,0.13750362396240234,0.10000000149011612,False,False,1
1774,blocks.5.mlp.2,element,3,"(6, 20, 11)",0,0.0,False,0.47,0.0,False,,121,288.0,144.0,0.9999995231628418,0.5,False,False,1
1775,blocks.0.mlp.0,element,6,"(704, 3, 23)",0,0.0,False,0.47,0.0,False,,88,16.0,0.0625,8.0,0.99609375,False,False,1
1776,blocks.1.attn.proj,element,0,"(75, 5, 1)",0,0.0,False,0.47,0.0,False,,114,160.0,176.0,0.13750362396240234,0.10000000149011612,False,False,1
1777,head,element,3,"(26, 3, 22)",0,0.0,False,0.47,0.0,False,,108,96.0,48.0,1.0,0.5,False,False,1
1778,blocks.1.attn.qkv,element,7,"(226, 5, 14)",0,0.0,False,0.47,0.0,False,,106,80.0,-80.0,0.0,2.0,True,False,1
1779,blocks.0.mlp.0,element,5,"(700, 1, 26)",0,0.0,False,0.47,0.0,False,,240,-128.0,-8.0,4.0,0.9375,False,False,1
1780,blocks.4.mlp.0,element,0,"(690, 5, 15)",0,0.0,False,0.47,0.0,False,,234,-80.0,-88.0,0.13750362396240234,0.10000000149011612,False,False,1
1781,blocks.4.attn.qkv,element,1,"(277, 4, 2)",0,0.0,False,0.47,0.0,False,,105,72.0,88.0,0.2895064353942871,0.2222222238779068,False,False,1
1782,blocks.0.attn.qkv,element,1,"(469, 0, 7)",0,0.0,False,0.47,0.0,False,,88,16.0,20.0,0.3219280242919922,0.25,False,False,1
1783,blocks.2.mlp.2,element,3,"(131, 22, 9)",0,0.0,False,0.47,0.0,False,,110,112.0,56.0,1.0,0.5,False,False,1
1784,blocks.3.attn.proj,element,7,"(167, 3, 0)",0,0.0,False,0.47,0.0,False,,241,-144.0,144.0,0.0,2.0,True,False,1
1785,blocks.4.mlp.2,element,1,"(188, 5, 8)",0,0.0,False,0.47,0.0,False,,115,176.0,144.0,0.2895064353942871,0.1818181872367859,False,False,1
1786,blocks.3.mlp.0,element,5,"(92, 3, 23)",0,0.0,False,0.47,0.0,False,,211,-11.0,-176.0,4.0,15.0,False,False,1
1787,blocks.2.attn.qkv,element,5,"(435, 4, 15)",0,0.0,False,0.47,0.0,False,,243,-176.0,-11.0,4.0,0.9375,False,False,1
1788,blocks.4.mlp.2,element,6,"(61, 3, 1)",0,0.0,False,0.47,0.0,False,,112,128.0,0.5,8.0,0.99609375,False,False,1
1789,blocks.2.attn.proj,element,2,"(150, 2, 24)",0,0.0,False,0.47,0.0,False,,230,-56.0,-40.0,0.4854269027709961,0.2857142984867096,False,False,1
1790,blocks.2.mlp.2,scale,7,"(87, 4)",200,1.0,True,0.0,0.47,True,,116,116.0,244.0,128.0,inf,False,False,32
1791,blocks.4.mlp.0,element,7,"(729, 5, 31)",0,0.0,False,0.47,0.0,False,,229,-52.0,52.0,0.0,2.0,True,False,1
1792,blocks.1.mlp.2,element,2,"(141, 0, 30)",0,0.0,False,0.47,0.0,False,,250,-320.0,-448.0,0.4854269027709961,0.4000000059604645,False,False,1
1793,blocks.0.attn.proj,element,5,"(155, 0, 31)",0,0.0,False,0.47,0.0,False,,237,-104.0,-6.5,4.0,0.9375,False,False,1
1794,blocks.3.mlp.2,element,2,"(69, 3, 21)",0,0.0,False,0.47,0.0,False,,252,-384.0,-256.0,0.5849628448486328,0.3333333432674408,False,False,1
1795,blocks.1.mlp.0,element,5,"(624, 2, 25)",0,0.0,False,0.47,0.0,False,,108,96.0,6.0,3.999999761581421,0.9375,False,False,1
1796,blocks.3.mlp.2,element,5,"(85, 15, 30)",0,0.0,False,0.47,0.0,False,,115,176.0,11.0,4.0,0.9375,False,False,1
1797,blocks.5.attn.qkv,element,0,"(424, 2, 14)",0,0.0,False,0.47,0.0,False,,244,-192.0,-208.0,0.1154775619506836,0.0833333358168602,False,False,1
1798,blocks.3.mlp.2,element,3,"(108, 22, 7)",0,0.0,False,0.47,0.0,False,,126,448.0,224.0,1.0,0.5,False,False,1
1799,blocks.2.mlp.0,element,6,"(298, 3, 26)",0,0.0,False,0.47,0.0,False,,110,112.0,0.4375,8.0,0.99609375,False,False,1
1800,blocks.3.mlp.2,element,3,"(65, 13, 14)",200,1.0,True,0.0,0.47,True,,247,-240.0,,inf,inf,False,True,1
1801,blocks.5.mlp.2,element,3,"(25, 18, 21)",0,0.0,False,0.47,0.0,False,,113,144.0,288.0,0.9999995231628418,1.0,False,False,1
1802,blocks.2.mlp.0,element,4,"(666, 3, 10)",0,0.0,False,0.47,0.0,False,,118,224.0,56.0,2.0,0.75,False,False,1
1803,blocks.2.mlp.0,scale,6,"(389, 0)",3,0.015,True,0.475,-0.0050000000000000044,False,,117,117.0,53.0,64.0,inf,False,False,32
1804,blocks.4.mlp.0,element,1,"(570, 1, 2)",0,0.0,False,0.47,0.0,False,,121,288.0,352.0,0.2895069122314453,0.2222222238779068,False,False,1
1805,blocks.1.attn.qkv,element,4,"(245, 5, 18)",0,0.0,False,0.47,0.0,False,,243,-176.0,-44.0,2.0,0.75,False,False,1
1806,blocks.3.mlp.0,element,6,"(59, 2, 11)",0,0.0,False,0.47,0.0,False,,201,-4.5,-0.017578125,8.0,0.99609375,False,False,1
1807,blocks.1.mlp.2,element,4,"(136, 12, 9)",0,0.0,False,0.47,0.0,False,,245,-208.0,-52.0,2.0,0.75,False,False,1
1808,blocks.2.mlp.0,element,6,"(43, 4, 5)",0,0.0,False,0.47,0.0,False,,106,80.0,0.3125,8.0,0.99609375,False,False,1
1809,blocks.2.attn.qkv,element,5,"(397, 5, 15)",0,0.0,False,0.47,0.0,False,,113,144.0,9.0,4.0,0.9375,False,False,1
1810,blocks.1.attn.proj,element,4,"(27, 5, 19)",0,0.0,False,0.47,0.0,False,,243,-176.0,-44.0,2.0,0.75,False,False,1
1811,blocks.3.mlp.0,element,5,"(599, 2, 22)",0,0.0,False,0.47,0.0,False,,240,-128.0,-8.0,4.0,0.9375,False,False,1
1812,blocks.1.mlp.0,element,0,"(130, 2, 19)",0,0.0,False,0.47,0.0,False,,100,48.0,52.0,0.1154775619506836,0.0833333358168602,False,False,1
1813,blocks.3.mlp.2,element,2,"(108, 16, 21)",0,0.0,False,0.47,0.0,False,,103,60.0,44.0,0.44745874404907227,0.2666666805744171,False,False,1
1814,blocks.4.mlp.2,element,6,"(70, 5, 8)",0,0.0,False,0.47,0.0,False,,233,-72.0,-0.28125,8.0,0.99609375,False,False,1
1815,blocks.2.mlp.2,element,3,"(124, 23, 26)",0,0.0,False,0.47,0.0,False,,113,144.0,288.0,0.9999995231628418,1.0,False,False,1
1816,blocks.3.mlp.0,element,5,"(333, 3, 17)",0,0.0,False,0.47,0.0,False,,113,144.0,9.0,4.0,0.9375,False,False,1
1817,blocks.1.mlp.2,element,0,"(57, 22, 5)",0,0.0,False,0.47,0.0,False,,217,-18.0,-16.0,0.16992521286010742,0.1111111119389534,False,False,1
1818,blocks.2.attn.qkv,element,5,"(84, 2, 9)",0,0.0,False,0.47,0.0,False,,120,256.0,16.0,4.0,0.9375,False,False,1
1819,blocks.1.attn.qkv,element,7,"(560, 0, 31)",0,0.0,False,0.47,0.0,False,,219,-22.0,22.0,0.0,2.0,True,False,1
1820,blocks.4.mlp.2,element,5,"(171, 21, 9)",0,0.0,False,0.47,0.0,False,,113,144.0,9.0,4.0,0.9375,False,False,1
1821,blocks.5.mlp.2,element,2,"(22, 18, 19)",0,0.0,False,0.47,0.0,False,,109,104.0,72.0,0.5305147171020508,0.3076923191547394,False,False,1
1822,blocks.2.mlp.2,element,7,"(185, 23, 31)",0,0.0,False,0.47,0.0,False,,104,64.0,-64.0,0.0,2.0,True,False,1
1823,blocks.4.attn.qkv,element,7,"(279, 2, 9)",0,0.0,False,0.47,0.0,False,,246,-224.0,224.0,0.0,2.0,True,False,1
1824,blocks.4.mlp.2,element,0,"(163, 17, 16)",0,0.0,False,0.47,0.0,False,,234,-80.0,-88.0,0.13750362396240234,0.10000000149011612,False,False,1
1825,blocks.5.mlp.0,scale,5,"(112, 5)",1,0.005,True,0.47,0.0,False,,116,116.0,84.0,32.0,inf,False,False,32
1826,head,element,7,"(76, 2, 27)",0,0.0,False,0.47,0.0,False,,226,-40.0,40.0,0.0,2.0,True,False,1
1827,blocks.1.mlp.2,element,7,"(80, 5, 5)",0,0.0,False,0.47,0.0,False,,219,-22.0,22.0,0.0,2.0,True,False,1
1828,blocks.2.mlp.2,element,7,"(113, 21, 14)",0,0.0,False,0.47,0.0,False,,113,144.0,-144.0,0.0,2.0,True,False,1
1829,blocks.5.attn.qkv,element,1,"(150, 2, 27)",0,0.0,False,0.47,0.0,False,,91,22.0,18.0,0.2895064353942871,0.1818181872367859,False,False,1
1830,blocks.3.mlp.2,element,0,"(11, 12, 21)",0,0.0,False,0.47,0.0,False,,210,-10.0,-11.0,0.13750362396240234,0.10000000149011612,False,False,1
1831,blocks.1.mlp.2,element,6,"(65, 17, 9)",0,0.0,False,0.47,0.0,False,,233,-72.0,-0.28125,8.0,0.99609375,False,False,1
1832,blocks.5.attn.qkv,element,1,"(234, 1, 23)",0,0.0,False,0.47,0.0,False,,117,208.0,240.0,0.2064504623413086,0.1538461595773697,False,False,1
1833,blocks.1.mlp.2,element,0,"(130, 5, 26)",0,0.0,False,0.47,0.0,False,,107,88.0,80.0,0.13750362396240234,0.09090909361839294,False,False,1
1834,blocks.0.attn.qkv,element,7,"(16, 2, 0)",0,0.0,False,0.47,0.0,False,,103,60.0,-60.0,0.0,2.0,True,False,1
1835,blocks.4.mlp.2,element,2,"(163, 13, 16)",0,0.0,False,0.47,0.0,False,,109,104.0,72.0,0.5305147171020508,0.3076923191547394,False,False,1
1836,blocks.5.attn.qkv,element,4,"(281, 4, 14)",0,0.0,False,0.47,0.0,False,,248,-256.0,-64.0,2.0,0.75,False,False,1
1837,blocks.3.attn.qkv,element,1,"(17, 5, 24)",0,0.0,False,0.47,0.0,False,,245,-208.0,-240.0,0.2064504623413086,0.1538461595773697,False,False,1
1838,blocks.4.attn.qkv,element,1,"(13, 1, 16)",0,0.0,False,0.47,0.0,False,,242,-160.0,-128.0,0.3219280242919922,0.20000000298023224,False,False,1
1839,blocks.3.mlp.0,element,6,"(304, 4, 17)",0,0.0,False,0.47,0.0,False,,90,20.0,0.078125,8.0,0.99609375,False,False,1
1840,blocks.0.mlp.0,element,1,"(437, 0, 2)",0,0.0,False,0.47,0.0,False,,100,48.0,56.0,0.22239255905151367,0.1666666716337204,False,False,1
1841,blocks.3.mlp.0,element,7,"(333, 4, 0)",0,0.0,False,0.47,0.0,False,,100,48.0,-48.0,0.0,2.0,True,False,1
1842,blocks.5.mlp.2,element,1,"(27, 21, 2)",0,0.0,False,0.47,0.0,False,,111,120.0,104.0,0.2064504623413086,0.13333334028720856,False,False,1
1843,blocks.3.mlp.0,element,3,"(329, 2, 19)",0,0.0,False,0.47,0.0,False,,117,208.0,416.0,0.9999995231628418,1.0,False,False,1
1844,blocks.1.mlp.2,element,5,"(154, 8, 25)",0,0.0,False,0.47,0.0,False,,243,-176.0,-11.0,4.0,0.9375,False,False,1
1845,blocks.2.mlp.2,element,5,"(81, 18, 8)",0,0.0,False,0.47,0.0,False,,116,192.0,12.0,3.999999761581421,0.9375,False,False,1
1846,blocks.0.attn.qkv,element,2,"(248, 1, 27)",0,0.0,False,0.47,0.0,False,,120,256.0,384.0,0.5849628448486328,0.5,False,False,1
1847,blocks.0.attn.qkv,element,4,"(237, 4, 31)",200,1.0,True,0.0,0.47,True,,111,120.0,,inf,inf,False,True,1
1848,head,element,2,"(31, 4, 7)",0,0.0,False,0.47,0.0,False,,108,96.0,64.0,0.5849623680114746,0.3333333432674408,False,False,1
1849,blocks.1.mlp.0,element,4,"(271, 3, 23)",0,0.0,False,0.47,0.0,False,,226,-40.0,-160.0,2.0,3.0,False,False,1
1850,blocks.4.mlp.0,element,6,"(626, 0, 17)",0,0.0,False,0.47,0.0,False,,107,88.0,0.34375,8.0,0.99609375,False,False,1
1851,blocks.3.attn.qkv,element,5,"(550, 3, 19)",0,0.0,False,0.47,0.0,False,,241,-144.0,-9.0,4.0,0.9375,False,False,1
1852,blocks.1.attn.qkv,element,2,"(527, 0, 20)",0,0.0,False,0.47,0.0,False,,238,-112.0,-80.0,0.4854269027709961,0.2857142984867096,False,False,1
1853,blocks.1.mlp.2,element,3,"(62, 0, 4)",0,0.0,False,0.47,0.0,False,,107,88.0,44.0,1.0,0.5,False,False,1
1854,blocks.0.attn.proj,element,3,"(93, 1, 10)",0,0.0,False,0.47,0.0,False,,236,-96.0,-48.0,1.0,0.5,False,False,1
1855,blocks.0.attn.qkv,element,6,"(440, 0, 30)",0,0.0,False,0.47,0.0,False,,123,352.0,1.375,8.0,0.99609375,False,False,1
1856,blocks.1.mlp.0,element,7,"(331, 0, 21)",0,0.0,False,0.47,0.0,False,,224,-32.0,32.0,0.0,2.0,True,False,1
1857,blocks.5.mlp.2,element,4,"(172, 4, 10)",0,0.0,False,0.47,0.0,False,,254,-448.0,-112.0,2.0,0.75,False,False,1
1858,blocks.1.mlp.2,element,1,"(148, 1, 25)",0,0.0,False,0.47,0.0,False,,88,16.0,20.0,0.3219280242919922,0.25,False,False,1
1859,blocks.5.mlp.0,element,1,"(385, 1, 29)",0,0.0,False,0.47,0.0,False,,120,256.0,320.0,0.3219280242919922,0.25,False,False,1
1860,blocks.3.mlp.0,element,5,"(128, 4, 10)",0,0.0,False,0.47,0.0,False,,117,208.0,13.0,4.0,0.9375,False,False,1
1861,blocks.2.mlp.2,element,5,"(181, 21, 12)",0,0.0,False,0.47,0.0,False,,110,112.0,7.0,4.0,0.9375,False,False,1
1862,blocks.4.attn.qkv,element,2,"(312, 4, 19)",0,0.0,False,0.47,0.0,False,,241,-144.0,-208.0,0.5305147171020508,0.4444444477558136,False,False,1
1863,blocks.5.mlp.2,element,4,"(86, 5, 25)",0,0.0,False,0.47,0.0,False,,106,80.0,320.0,2.0,3.0,False,False,1
1864,blocks.5.mlp.2,element,5,"(60, 10, 6)",0,0.0,False,0.47,0.0,False,,103,60.0,3.75,3.999999761581421,0.9375,False,False,1
1865,blocks.0.mlp.2,element,1,"(34, 12, 31)",0,0.0,False,0.47,0.0,False,,100,48.0,56.0,0.22239255905151367,0.1666666716337204,False,False,1
1866,blocks.4.mlp.2,element,7,"(34, 13, 20)",0,0.0,False,0.47,0.0,False,,100,48.0,-48.0,0.0,2.0,True,False,1
1867,blocks.2.mlp.0,element,7,"(607, 5, 19)",1,0.005,True,0.475,-0.0050000000000000044,False,,254,-448.0,448.0,0.0,2.0,True,False,1
1868,blocks.3.attn.qkv,element,6,"(287, 3, 5)",0,0.0,False,0.47,0.0,False,,115,176.0,0.6875,8.0,0.99609375,False,False,1
1869,blocks.4.mlp.0,element,5,"(433, 5, 4)",0,0.0,False,0.47,0.0,False,,122,320.0,20.0,4.0,0.9375,False,False,1
1870,blocks.0.mlp.0,element,0,"(611, 2, 26)",0,0.0,False,0.47,0.0,False,,146,-0.0390625,-0.04296875,0.13750362396240234,0.10000000149011612,False,False,1
1871,blocks.4.mlp.2,element,7,"(107, 19, 20)",0,0.0,False,0.47,0.0,False,,249,-288.0,288.0,0.0,2.0,True,False,1
1872,blocks.4.mlp.2,element,5,"(146, 14, 21)",0,0.0,False,0.47,0.0,False,,113,144.0,9.0,4.0,0.9375,False,False,1
1873,blocks.1.mlp.0,element,4,"(517, 3, 26)",0,0.0,False,0.47,0.0,False,,95,30.0,7.5,1.999999761581421,0.75,False,False,1
1874,blocks.5.attn.proj,element,3,"(142, 3, 3)",0,0.0,False,0.47,0.0,False,,115,176.0,352.0,1.0,1.0,False,False,1
1875,blocks.3.attn.qkv,element,1,"(492, 1, 22)",0,0.0,False,0.47,0.0,False,,96,32.0,40.0,0.3219280242919922,0.25,False,False,1
1876,blocks.1.attn.qkv,element,2,"(525, 1, 28)",0,0.0,False,0.47,0.0,False,,237,-104.0,-72.0,0.5305147171020508,0.3076923191547394,False,False,1
1877,blocks.0.attn.qkv,element,4,"(495, 1, 27)",0,0.0,False,0.47,0.0,False,,78,7.0,28.0,2.0,3.0,False,False,1
1878,blocks.1.attn.proj,element,3,"(108, 3, 23)",0,0.0,False,0.47,0.0,False,,226,-40.0,-80.0,1.0,1.0,False,False,1
1879,blocks.4.mlp.0,element,0,"(528, 1, 14)",0,0.0,False,0.47,0.0,False,,119,240.0,224.0,0.09953546524047852,0.06666667014360428,False,False,1
1880,blocks.1.mlp.2,element,0,"(16, 7, 0)",0,0.0,False,0.47,0.0,False,,99,44.0,40.0,0.13750362396240234,0.09090909361839294,False,False,1
1881,blocks.5.attn.proj,element,2,"(78, 1, 24)",0,0.0,False,0.47,0.0,False,,98,40.0,56.0,0.4854269027709961,0.4000000059604645,False,False,1
1882,blocks.1.mlp.2,element,1,"(161, 10, 18)",0,0.0,False,0.47,0.0,False,,218,-20.0,-16.0,0.3219280242919922,0.20000000298023224,False,False,1
1883,blocks.3.mlp.0,element,5,"(621, 3, 29)",0,0.0,False,0.47,0.0,False,,109,104.0,6.5,4.0,0.9375,False,False,1
1884,blocks.4.mlp.0,element,5,"(59, 0, 12)",0,0.0,False,0.47,0.0,False,,115,176.0,11.0,4.0,0.9375,False,False,1
1885,blocks.4.mlp.2,element,2,"(186, 23, 26)",0,0.0,False,0.47,0.0,False,,117,208.0,144.0,0.5305147171020508,0.3076923191547394,False,False,1
1886,blocks.4.mlp.0,element,2,"(61, 3, 11)",0,0.0,False,0.47,0.0,False,,117,208.0,144.0,0.5305147171020508,0.3076923191547394,False,False,1
1887,blocks.3.attn.proj,element,1,"(162, 1, 13)",0,0.0,False,0.47,0.0,False,,244,-192.0,-224.0,0.22239255905151367,0.1666666716337204,False,False,1
1888,blocks.4.mlp.2,element,6,"(64, 8, 0)",2,0.01,True,0.475,-0.0050000000000000044,False,,60,1.5,384.0,8.0,255.0,False,False,1
1889,blocks.0.mlp.0,element,6,"(280, 4, 1)",0,0.0,False,0.47,0.0,False,,113,144.0,0.5625,8.0,0.99609375,False,False,1
1890,blocks.4.mlp.2,element,3,"(27, 12, 12)",0,0.0,False,0.47,0.0,False,,98,40.0,80.0,1.0,1.0,False,False,1
1891,blocks.0.mlp.0,element,4,"(498, 1, 12)",0,0.0,False,0.47,0.0,False,,234,-80.0,-320.0,2.0,3.0,False,False,1
1892,blocks.4.mlp.2,element,3,"(171, 1, 7)",0,0.0,False,0.47,0.0,False,,97,36.0,72.0,1.0,1.0,False,False,1
1893,blocks.2.mlp.0,element,1,"(535, 2, 28)",0,0.0,False,0.47,0.0,False,,241,-144.0,-176.0,0.2895064353942871,0.2222222238779068,False,False,1
1894,blocks.1.mlp.0,element,6,"(64, 0, 30)",0,0.0,False,0.47,0.0,False,,107,88.0,0.34375,8.0,0.99609375,False,False,1
1895,blocks.1.attn.proj,element,7,"(151, 4, 3)",0,0.0,False,0.47,0.0,False,,78,7.0,-7.0,0.0,2.0,True,False,1
1896,blocks.5.mlp.2,element,6,"(11, 0, 28)",0,0.0,False,0.47,0.0,False,,109,104.0,0.40625,8.0,0.99609375,False,False,1
1897,blocks.2.attn.proj,element,7,"(148, 3, 6)",1,0.005,True,0.47,0.0,False,,241,-144.0,144.0,0.0,2.0,True,False,1
1898,blocks.1.mlp.2,element,4,"(130, 16, 30)",0,0.0,False,0.47,0.0,False,,228,-48.0,-192.0,2.0,3.0,False,False,1
1899,blocks.3.mlp.0,element,6,"(11, 3, 13)",0,0.0,False,0.47,0.0,False,,116,192.0,0.75,8.0,0.99609375,False,False,1
1900,blocks.5.mlp.2,element,1,"(140, 16, 2)",0,0.0,False,0.47,0.0,False,,114,160.0,128.0,0.3219280242919922,0.20000000298023224,False,False,1
1901,blocks.2.mlp.0,element,3,"(568, 2, 29)",0,0.0,False,0.47,0.0,False,,237,-104.0,-52.0,1.0,0.5,False,False,1
1902,blocks.5.attn.proj,element,5,"(111, 2, 30)",0,0.0,False,0.47,0.0,False,,113,144.0,9.0,4.0,0.9375,False,False,1
1903,blocks.4.mlp.0,element,7,"(439, 2, 22)",0,0.0,False,0.47,0.0,False,,230,-56.0,56.0,0.0,2.0,True,False,1
1904,blocks.1.mlp.0,scale,6,"(591, 1)",0,0.0,False,0.47,0.0,False,,116,116.0,52.0,64.0,inf,False,False,32
1905,blocks.4.attn.qkv,element,0,"(43, 0, 0)",0,0.0,False,0.47,0.0,False,,117,208.0,192.0,0.1154775619506836,0.07692307978868484,False,False,1
1906,blocks.2.mlp.0,element,6,"(716, 5, 25)",0,0.0,False,0.47,0.0,False,,243,-176.0,-0.6875,8.0,0.99609375,False,False,1
1907,blocks.4.attn.qkv,element,1,"(20, 4, 19)",0,0.0,False,0.47,0.0,False,,101,52.0,60.0,0.2064504623413086,0.1538461595773697,False,False,1
1908,blocks.0.attn.proj,element,2,"(115, 4, 15)",0,0.0,False,0.47,0.0,False,,74,5.0,7.0,0.4854269027709961,0.4000000059604645,False,False,1
1909,blocks.3.mlp.0,element,1,"(372, 3, 10)",0,0.0,False,0.47,0.0,False,,96,32.0,40.0,0.3219280242919922,0.25,False,False,1
1910,blocks.3.attn.proj,element,5,"(153, 5, 23)",0,0.0,False,0.47,0.0,False,,248,-256.0,-16.0,4.0,0.9375,False,False,1
1911,blocks.5.mlp.2,element,7,"(90, 8, 23)",0,0.0,False,0.47,0.0,False,,226,-40.0,40.0,0.0,2.0,True,False,1
1912,blocks.5.mlp.2,element,2,"(48, 6, 29)",0,0.0,False,0.47,0.0,False,,95,30.0,22.0,0.44745874404907227,0.2666666805744171,False,False,1
1913,blocks.5.attn.qkv,element,1,"(40, 0, 2)",0,0.0,False,0.47,0.0,False,,241,-144.0,-176.0,0.2895064353942871,0.2222222238779068,False,False,1
1914,blocks.1.mlp.0,element,7,"(667, 3, 7)",0,0.0,False,0.47,0.0,False,,247,-240.0,240.0,0.0,2.0,True,False,1
1915,blocks.5.mlp.2,element,2,"(38, 17, 30)",0,0.0,False,0.47,0.0,False,,227,-44.0,-60.0,0.44745874404907227,0.3636363744735718,False,False,1
1916,blocks.3.mlp.0,element,3,"(438, 2, 30)",200,1.0,True,0.0,0.47,True,,119,240.0,,inf,inf,False,True,1
1917,blocks.3.mlp.2,element,2,"(90, 3, 23)",0,0.0,False,0.47,0.0,False,,119,240.0,176.0,0.44745874404907227,0.2666666805744171,False,False,1
1918,blocks.0.mlp.0,element,0,"(103, 2, 16)",0,0.0,False,0.47,0.0,False,,105,72.0,64.0,0.16992521286010742,0.1111111119389534,False,False,1
1919,blocks.0.attn.proj,element,5,"(131, 5, 14)",0,0.0,False,0.47,0.0,False,,219,-22.0,-352.0,4.0,15.0,False,False,1
1920,blocks.4.mlp.2,element,3,"(125, 16, 20)",0,0.0,False,0.47,0.0,False,,245,-208.0,-416.0,0.9999995231628418,1.0,False,False,1
1921,blocks.1.attn.proj,element,6,"(189, 3, 25)",0,0.0,False,0.47,0.0,False,,94,28.0,0.109375,8.0,0.99609375,False,False,1
1922,blocks.1.mlp.2,element,7,"(135, 14, 10)",0,0.0,False,0.47,0.0,False,,109,104.0,-104.0,0.0,2.0,True,False,1
1923,blocks.5.attn.qkv,element,1,"(354, 3, 18)",0,0.0,False,0.47,0.0,False,,121,288.0,352.0,0.2895069122314453,0.2222222238779068,False,False,1
1924,blocks.2.mlp.0,element,3,"(502, 2, 9)",0,0.0,False,0.47,0.0,False,,115,176.0,352.0,1.0,1.0,False,False,1
1925,head,element,0,"(6, 3, 10)",0,0.0,False,0.47,0.0,False,,73,4.5,4.0,0.16992497444152832,0.1111111119389534,False,False,1
1926,blocks.1.mlp.0,element,2,"(483, 4, 6)",0,0.0,False,0.47,0.0,False,,229,-52.0,-36.0,0.5305147171020508,0.3076923191547394,False,False,1
1927,blocks.0.attn.proj,element,1,"(93, 1, 10)",0,0.0,False,0.47,0.0,False,,236,-96.0,-112.0,0.22239255905151367,0.1666666716337204,False,False,1
1928,blocks.2.mlp.2,element,6,"(151, 22, 13)",0,0.0,False,0.47,0.0,False,,106,80.0,0.3125,8.0,0.99609375,False,False,1
1929,blocks.2.attn.qkv,element,7,"(569, 2, 4)",1,0.005,True,0.475,-0.0050000000000000044,False,,111,120.0,-120.0,0.0,2.0,True,False,1
1930,blocks.1.mlp.0,scale,6,"(447, 2)",1,0.005,True,0.47,0.0,False,,116,116.0,52.0,64.0,inf,False,False,32
1931,blocks.5.mlp.2,element,6,"(14, 5, 28)",0,0.0,False,0.47,0.0,False,,115,176.0,0.6875,8.0,0.99609375,False,False,1
1932,blocks.4.mlp.0,element,1,"(742, 2, 26)",0,0.0,False,0.47,0.0,False,,228,-48.0,-56.0,0.22239255905151367,0.1666666716337204,False,False,1
1933,blocks.4.mlp.0,element,6,"(186, 1, 18)",0,0.0,False,0.47,0.0,False,,105,72.0,0.28125,8.0,0.99609375,False,False,1
1934,blocks.3.attn.qkv,element,7,"(117, 0, 26)",0,0.0,False,0.47,0.0,False,,215,-15.0,15.0,0.0,2.0,True,False,1
1935,blocks.0.mlp.0,scale,4,"(133, 5)",0,0.0,False,0.47,0.0,False,,116,116.0,100.0,16.0,inf,False,False,32
1936,blocks.1.mlp.0,element,7,"(711, 2, 5)",0,0.0,False,0.47,0.0,False,,239,-120.0,120.0,0.0,2.0,True,False,1
1937,blocks.3.mlp.0,element,7,"(327, 4, 22)",0,0.0,False,0.47,0.0,False,,249,-288.0,288.0,0.0,2.0,True,False,1
1938,blocks.3.mlp.0,element,0,"(503, 2, 26)",0,0.0,False,0.47,0.0,False,,213,-13.0,-12.0,0.11547708511352539,0.07692307978868484,False,False,1
1939,blocks.5.mlp.2,element,7,"(21, 18, 11)",0,0.0,False,0.47,0.0,False,,116,192.0,-192.0,0.0,2.0,True,False,1
1940,blocks.4.mlp.0,element,6,"(227, 2, 0)",0,0.0,False,0.47,0.0,False,,123,352.0,1.375,8.0,0.99609375,False,False,1
1941,blocks.5.mlp.0,element,4,"(546, 2, 19)",0,0.0,False,0.47,0.0,False,,233,-72.0,-288.0,1.9999995231628418,3.0,False,False,1
1942,blocks.3.mlp.0,element,2,"(48, 1, 16)",0,0.0,False,0.47,0.0,False,,223,-30.0,-22.0,0.44745874404907227,0.2666666805744171,False,False,1
1943,blocks.3.mlp.0,element,2,"(250, 3, 8)",0,0.0,False,0.47,0.0,False,,96,32.0,48.0,0.5849623680114746,0.5,False,False,1
1944,blocks.2.mlp.2,element,0,"(0, 21, 23)",0,0.0,False,0.47,0.0,False,,120,256.0,288.0,0.16992473602294922,0.125,False,False,1
1945,blocks.2.mlp.2,element,5,"(163, 4, 5)",0,0.0,False,0.47,0.0,False,,125,416.0,26.0,3.999999523162842,0.9375,False,False,1
1946,blocks.0.mlp.0,element,5,"(441, 0, 23)",0,0.0,False,0.47,0.0,False,,79,7.5,120.0,3.999999761581421,15.0,False,False,1
1947,blocks.2.mlp.2,element,6,"(22, 20, 11)",0,0.0,False,0.47,0.0,False,,222,-28.0,-0.109375,8.0,0.99609375,False,False,1
1948,blocks.0.attn.qkv,element,5,"(461, 5, 20)",2,0.01,True,0.475,-0.0050000000000000044,False,,222,-28.0,-448.0,4.0,15.0,False,False,1
1949,blocks.2.mlp.2,element,3,"(105, 21, 1)",0,0.0,False,0.47,0.0,False,,250,-320.0,-160.0,1.0,0.5,False,False,1
1950,blocks.0.mlp.0,element,7,"(158, 2, 0)",0,0.0,False,0.47,0.0,False,,235,-88.0,88.0,0.0,2.0,True,False,1
1951,blocks.2.mlp.0,element,7,"(678, 1, 15)",0,0.0,False,0.47,0.0,False,,234,-80.0,80.0,0.0,2.0,True,False,1
1952,blocks.1.attn.qkv,element,3,"(385, 2, 24)",0,0.0,False,0.47,0.0,False,,120,256.0,128.0,1.0,0.5,False,False,1
1953,blocks.0.attn.proj,element,2,"(12, 3, 6)",0,0.0,False,0.47,0.0,False,,221,-26.0,-18.0,0.5305147171020508,0.3076923191547394,False,False,1
1954,blocks.0.mlp.0,element,6,"(634, 2, 0)",0,0.0,False,0.47,0.0,False,,105,72.0,0.28125,8.0,0.99609375,False,False,1
1955,blocks.2.attn.qkv,element,6,"(461, 2, 5)",0,0.0,False,0.47,0.0,False,,116,192.0,0.75,8.0,0.99609375,False,False,1
1956,blocks.0.mlp.2,element,1,"(97, 3, 16)",0,0.0,False,0.47,0.0,False,,94,28.0,24.0,0.22239255905151367,0.1428571492433548,False,False,1
1957,blocks.3.mlp.2,element,0,"(132, 22, 20)",0,0.0,False,0.47,0.0,False,,102,56.0,60.0,0.09953546524047852,0.0714285746216774,False,False,1
1958,blocks.2.mlp.2,element,1,"(89, 18, 7)",0,0.0,False,0.47,0.0,False,,104,64.0,80.0,0.3219280242919922,0.25,False,False,1
1959,blocks.4.attn.proj,element,7,"(2, 1, 0)",0,0.0,False,0.47,0.0,False,,108,96.0,-96.0,0.0,2.0,True,False,1
1960,blocks.5.mlp.2,element,4,"(184, 9, 17)",0,0.0,False,0.47,0.0,False,,92,24.0,6.0,1.999999761581421,0.75,False,False,1
1961,blocks.5.attn.qkv,element,6,"(34, 5, 24)",0,0.0,False,0.47,0.0,False,,103,60.0,0.234375,8.0,0.99609375,False,False,1
1962,blocks.5.attn.qkv,element,3,"(225, 1, 7)",0,0.0,False,0.47,0.0,False,,100,48.0,96.0,1.0,1.0,False,False,1
1963,blocks.0.mlp.0,element,0,"(534, 3, 28)",0,0.0,False,0.47,0.0,False,,225,-36.0,-32.0,0.16992521286010742,0.1111111119389534,False,False,1
1964,blocks.4.attn.qkv,element,7,"(258, 3, 11)",0,0.0,False,0.47,0.0,False,,203,-5.5,5.5,0.0,2.0,True,False,1
1965,blocks.3.attn.qkv,element,1,"(233, 4, 16)",0,0.0,False,0.47,0.0,False,,243,-176.0,-144.0,0.2895064353942871,0.1818181872367859,False,False,1
1966,blocks.3.attn.qkv,element,1,"(63, 3, 1)",0,0.0,False,0.47,0.0,False,,227,-44.0,-36.0,0.2895064353942871,0.1818181872367859,False,False,1
1967,blocks.2.mlp.0,element,2,"(635, 3, 14)",0,0.0,False,0.47,0.0,False,,237,-104.0,-72.0,0.5305147171020508,0.3076923191547394,False,False,1
1968,blocks.2.attn.qkv,element,0,"(55, 1, 24)",0,0.0,False,0.47,0.0,False,,89,18.0,16.0,0.16992521286010742,0.1111111119389534,False,False,1
1969,blocks.1.mlp.2,element,4,"(130, 19, 24)",0,0.0,False,0.47,0.0,False,,94,28.0,7.0,2.0,0.75,False,False,1
1970,patch_embed.proj,element,6,"(15, 1, 7)",3,0.015,True,0.475,-0.0050000000000000044,False,,242,-160.0,-0.625,8.0,0.99609375,False,False,1
1971,blocks.2.mlp.0,element,0,"(62, 1, 12)",0,0.0,False,0.47,0.0,False,,94,28.0,30.0,0.09953546524047852,0.0714285746216774,False,False,1
1972,blocks.5.mlp.0,element,0,"(746, 0, 8)",0,0.0,False,0.47,0.0,False,,242,-160.0,-176.0,0.13750362396240234,0.10000000149011612,False,False,1
1973,blocks.0.mlp.0,element,0,"(761, 5, 7)",0,0.0,False,0.47,0.0,False,,231,-60.0,-56.0,0.09953546524047852,0.06666667014360428,False,False,1
1974,blocks.3.mlp.0,element,2,"(329, 0, 1)",0,0.0,False,0.47,0.0,False,,107,88.0,120.0,0.44745874404907227,0.3636363744735718,False,False,1
1975,blocks.0.attn.qkv,element,4,"(421, 3, 26)",0,0.0,False,0.47,0.0,False,,92,24.0,6.0,1.999999761581421,0.75,False,False,1
1976,blocks.2.mlp.0,element,7,"(213, 4, 21)",0,0.0,False,0.47,0.0,False,,95,30.0,-30.0,0.0,2.0,True,False,1
1977,blocks.4.mlp.2,element,4,"(171, 15, 0)",1,0.005,True,0.47,0.0,False,,102,56.0,224.0,2.0,3.0,False,False,1
1978,blocks.3.attn.proj,element,4,"(171, 5, 23)",1,0.005,True,0.47,0.0,False,,236,-96.0,-384.0,2.000000476837158,3.0,False,False,1
1979,blocks.1.mlp.0,scale,4,"(531, 5)",1,0.005,True,0.47,0.0,False,,116,116.0,100.0,16.0,inf,False,False,32
1980,blocks.2.mlp.2,element,4,"(93, 16, 3)",1,0.005,True,0.475,-0.0050000000000000044,False,,236,-96.0,-384.0,2.000000476837158,3.0,False,False,1
1981,blocks.3.attn.qkv,element,3,"(236, 1, 25)",0,0.0,False,0.47,0.0,False,,241,-144.0,-288.0,0.9999995231628418,1.0,False,False,1
1982,blocks.2.mlp.2,element,5,"(1, 7, 10)",0,0.0,False,0.47,0.0,False,,227,-44.0,-2.75,4.0,0.9375,False,False,1
1983,blocks.0.attn.qkv,element,5,"(374, 2, 31)",0,0.0,False,0.47,0.0,False,,88,16.0,256.0,4.0,15.0,False,False,1
1984,blocks.0.attn.qkv,element,7,"(378, 2, 29)",0,0.0,False,0.47,0.0,False,,218,-20.0,20.0,0.0,2.0,True,False,1
1985,blocks.4.attn.proj,element,7,"(170, 3, 30)",0,0.0,False,0.47,0.0,False,,224,-32.0,32.0,0.0,2.0,True,False,1
1986,blocks.1.mlp.2,element,3,"(181, 16, 2)",0,0.0,False,0.47,0.0,False,,233,-72.0,-36.0,1.0,0.5,False,False,1
1987,blocks.5.mlp.0,element,3,"(208, 3, 4)",0,0.0,False,0.47,0.0,False,,99,44.0,88.0,1.0,1.0,False,False,1
1988,blocks.3.mlp.0,element,1,"(721, 1, 7)",0,0.0,False,0.47,0.0,False,,105,72.0,88.0,0.2895064353942871,0.2222222238779068,False,False,1
1989,blocks.0.mlp.0,element,5,"(449, 1, 19)",0,0.0,False,0.47,0.0,False,,108,96.0,6.0,3.999999761581421,0.9375,False,False,1
1990,blocks.4.attn.qkv,element,1,"(201, 2, 13)",0,0.0,False,0.47,0.0,False,,86,14.0,12.0,0.22239232063293457,0.1428571492433548,False,False,1
1991,blocks.3.mlp.2,element,0,"(20, 17, 26)",0,0.0,False,0.47,0.0,False,,224,-32.0,-36.0,0.16992521286010742,0.125,False,False,1
1992,blocks.1.mlp.2,element,6,"(108, 0, 23)",0,0.0,False,0.47,0.0,False,,117,208.0,0.8125,8.0,0.99609375,False,False,1
1993,blocks.3.mlp.0,element,6,"(614, 3, 30)",0,0.0,False,0.47,0.0,False,,237,-104.0,-0.40625,8.0,0.99609375,False,False,1
1994,blocks.5.mlp.2,element,3,"(121, 12, 25)",0,0.0,False,0.47,0.0,False,,94,28.0,14.0,1.0,0.5,False,False,1
1995,blocks.4.mlp.2,element,3,"(46, 15, 24)",0,0.0,False,0.47,0.0,False,,118,224.0,448.0,1.0,1.0,False,False,1
1996,blocks.3.attn.qkv,element,0,"(106, 0, 19)",0,0.0,False,0.47,0.0,False,,101,52.0,48.0,0.1154775619506836,0.07692307978868484,False,False,1
1997,blocks.2.mlp.0,element,4,"(454, 4, 27)",0,0.0,False,0.47,0.0,False,,202,-5.0,-20.0,2.0,3.0,False,False,1
1998,blocks.0.mlp.2,element,4,"(34, 8, 15)",200,1.0,True,0.0,0.47,True,,111,120.0,,inf,inf,False,True,1
1999,blocks.4.attn.qkv,element,0,"(533, 1, 30)",0,0.0,False,0.47,0.0,False,,253,-416.0,-384.0,0.11547660827636719,0.07692307978868484,False,False,1
2000,blocks.3.mlp.2,element,2,"(11, 14, 5)",0,0.0,False,0.47,0.0,False,,225,-36.0,-52.0,0.5305147171020508,0.4444444477558136,False,False,1
2001,blocks.1.attn.qkv,element,4,"(381, 5, 5)",1,0.005,True,0.475,-0.0050000000000000044,False,,240,-128.0,-32.0,2.0,0.75,False,False,1
2002,blocks.4.mlp.2,element,7,"(160, 3, 31)",0,0.0,False,0.47,0.0,False,,93,26.0,-26.0,0.0,2.0,True,False,1
2003,blocks.1.mlp.0,element,7,"(284, 5, 17)",0,0.0,False,0.47,0.0,False,,236,-96.0,96.0,0.0,2.0,True,False,1
2004,blocks.1.mlp.2,element,4,"(187, 1, 12)",0,0.0,False,0.47,0.0,False,,100,48.0,192.0,2.0,3.0,False,False,1
2005,blocks.2.attn.qkv,element,0,"(404, 1, 9)",0,0.0,False,0.47,0.0,False,,111,120.0,112.0,0.09953546524047852,0.06666667014360428,False,False,1
2006,blocks.5.mlp.2,element,3,"(146, 12, 9)",0,0.0,False,0.47,0.0,False,,102,56.0,112.0,1.0,1.0,False,False,1
2007,blocks.0.mlp.2,element,3,"(150, 1, 17)",0,0.0,False,0.47,0.0,False,,107,88.0,44.0,1.0,0.5,False,False,1
2008,blocks.2.attn.qkv,element,4,"(298, 0, 9)",0,0.0,False,0.47,0.0,False,,105,72.0,288.0,1.9999995231628418,3.0,False,False,1
2009,blocks.1.mlp.2,element,3,"(145, 9, 27)",0,0.0,False,0.47,0.0,False,,126,448.0,224.0,1.0,0.5,False,False,1
2010,blocks.0.mlp.0,element,0,"(447, 5, 30)",0,0.0,False,0.47,0.0,False,,94,28.0,30.0,0.09953546524047852,0.0714285746216774,False,False,1
2011,blocks.4.mlp.2,element,7,"(88, 9, 26)",0,0.0,False,0.47,0.0,False,,110,112.0,-112.0,0.0,2.0,True,False,1
2012,blocks.0.mlp.0,element,6,"(483, 3, 12)",1,0.005,True,0.475,-0.0050000000000000044,False,,240,-128.0,-0.5,8.0,0.99609375,False,False,1
2013,blocks.5.mlp.2,element,6,"(2, 5, 16)",0,0.0,False,0.47,0.0,False,,117,208.0,0.8125,8.0,0.99609375,False,False,1
2014,blocks.3.mlp.2,element,3,"(64, 10, 10)",0,0.0,False,0.47,0.0,False,,244,-192.0,-384.0,1.0000004768371582,1.0,False,False,1
2015,blocks.5.mlp.0,element,4,"(216, 0, 4)",0,0.0,False,0.47,0.0,False,,241,-144.0,-36.0,2.0,0.75,False,False,1
2016,blocks.2.mlp.0,element,5,"(40, 0, 5)",0,0.0,False,0.47,0.0,False,,211,-11.0,-176.0,4.0,15.0,False,False,1
2017,blocks.5.mlp.2,element,7,"(83, 11, 24)",0,0.0,False,0.47,0.0,False,,247,-240.0,240.0,0.0,2.0,True,False,1
2018,blocks.3.mlp.2,element,1,"(174, 2, 22)",0,0.0,False,0.47,0.0,False,,107,88.0,72.0,0.2895064353942871,0.1818181872367859,False,False,1
2019,blocks.1.mlp.2,element,1,"(130, 18, 10)",0,0.0,False,0.47,0.0,False,,240,-128.0,-160.0,0.3219280242919922,0.25,False,False,1
2020,blocks.3.mlp.0,element,7,"(126, 1, 11)",1,0.005,True,0.475,-0.0050000000000000044,False,,251,-352.0,352.0,0.0,2.0,True,False,1
2021,blocks.1.mlp.0,element,6,"(654, 4, 7)",0,0.0,False,0.47,0.0,False,,103,60.0,0.234375,8.0,0.99609375,False,False,1
2022,blocks.1.attn.qkv,element,6,"(105, 1, 28)",0,0.0,False,0.47,0.0,False,,117,208.0,0.8125,8.0,0.99609375,False,False,1
2023,blocks.5.attn.qkv,element,0,"(532, 4, 19)",0,0.0,False,0.47,0.0,False,,76,6.0,6.5,0.11547708511352539,0.0833333358168602,False,False,1
2024,blocks.4.attn.qkv,element,3,"(256, 3, 23)",200,1.0,True,0.0,0.47,True,,119,240.0,,inf,inf,False,True,1
2025,blocks.0.mlp.0,element,1,"(253, 2, 5)",0,0.0,False,0.47,0.0,False,,108,96.0,112.0,0.22239255905151367,0.1666666716337204,False,False,1
2026,blocks.5.attn.qkv,element,4,"(267, 5, 4)",0,0.0,False,0.47,0.0,False,,236,-96.0,-384.0,2.000000476837158,3.0,False,False,1
2027,blocks.3.attn.qkv,element,7,"(411, 1, 5)",0,0.0,False,0.47,0.0,False,,98,40.0,-40.0,0.0,2.0,True,False,1
2028,blocks.3.mlp.0,element,7,"(203, 4, 4)",0,0.0,False,0.47,0.0,False,,227,-44.0,44.0,0.0,2.0,True,False,1
2029,blocks.5.attn.qkv,element,6,"(158, 2, 11)",0,0.0,False,0.47,0.0,False,,211,-11.0,-0.04296875,8.0,0.99609375,False,False,1
2030,blocks.0.attn.qkv,scale,5,"(567, 3)",4,0.02,True,0.475,-0.0050000000000000044,False,,115,115.0,83.0,32.0,inf,False,False,32
2031,blocks.5.attn.qkv,element,5,"(458, 2, 28)",0,0.0,False,0.47,0.0,False,,109,104.0,6.5,4.0,0.9375,False,False,1
2032,blocks.2.mlp.0,element,2,"(359, 0, 24)",0,0.0,False,0.47,0.0,False,,90,20.0,28.0,0.4854269027709961,0.4000000059604645,False,False,1
2033,blocks.4.mlp.2,element,5,"(84, 6, 24)",0,0.0,False,0.47,0.0,False,,113,144.0,9.0,4.0,0.9375,False,False,1
2034,blocks.0.attn.qkv,element,0,"(341, 4, 21)",0,0.0,False,0.47,0.0,False,,229,-52.0,-48.0,0.1154775619506836,0.07692307978868484,False,False,1
2035,blocks.5.mlp.0,element,6,"(753, 2, 25)",0,0.0,False,0.47,0.0,False,,119,240.0,0.9375,8.0,0.99609375,False,False,1
2036,blocks.5.mlp.0,element,7,"(444, 1, 7)",0,0.0,False,0.47,0.0,False,,113,144.0,-144.0,0.0,2.0,True,False,1
2037,blocks.0.mlp.0,element,6,"(278, 3, 28)",2,0.01,True,0.475,-0.0050000000000000044,False,,233,-72.0,-0.28125,8.0,0.99609375,False,False,1
2038,blocks.1.mlp.2,element,3,"(176, 19, 30)",0,0.0,False,0.47,0.0,False,,234,-80.0,-40.0,1.0,0.5,False,False,1
2039,blocks.3.attn.qkv,element,0,"(81, 4, 17)",0,0.0,False,0.47,0.0,False,,233,-72.0,-64.0,0.16992521286010742,0.1111111119389534,False,False,1
2040,blocks.4.mlp.0,element,4,"(490, 4, 18)",0,0.0,False,0.47,0.0,False,,236,-96.0,-384.0,2.000000476837158,3.0,False,False,1
2041,blocks.4.mlp.0,element,0,"(254, 3, 1)",0,0.0,False,0.47,0.0,False,,224,-32.0,-36.0,0.16992521286010742,0.125,False,False,1
2042,blocks.2.mlp.0,element,2,"(133, 3, 21)",0,0.0,False,0.47,0.0,False,,246,-224.0,-160.0,0.4854269027709961,0.2857142984867096,False,False,1
2043,blocks.2.attn.proj,element,2,"(106, 2, 0)",0,0.0,False,0.47,0.0,False,,219,-22.0,-30.0,0.44745874404907227,0.3636363744735718,False,False,1
2044,blocks.0.attn.proj,element,2,"(151, 3, 22)",0,0.0,False,0.47,0.0,False,,214,-14.0,-10.0,0.4854269027709961,0.2857142984867096,False,False,1
2045,blocks.1.mlp.2,element,5,"(50, 9, 5)",2,0.01,True,0.475,-0.0050000000000000044,False,,94,28.0,448.0,4.0,15.0,False,False,1
2046,blocks.5.attn.proj,element,7,"(129, 2, 19)",0,0.0,False,0.47,0.0,False,,99,44.0,-44.0,0.0,2.0,True,False,1
2047,blocks.5.mlp.2,element,0,"(15, 4, 4)",0,0.0,False,0.47,0.0,False,,101,52.0,48.0,0.1154775619506836,0.07692307978868484,False,False,1
2048,blocks.4.attn.qkv,element,5,"(218, 2, 25)",0,0.0,False,0.47,0.0,False,,244,-192.0,-12.0,3.999999761581421,0.9375,False,False,1
2049,blocks.4.mlp.2,element,4,"(127, 5, 4)",0,0.0,False,0.47,0.0,False,,248,-256.0,-64.0,2.0,0.75,False,False,1
2050,blocks.2.mlp.0,element,3,"(348, 1, 27)",0,0.0,False,0.47,0.0,False,,100,48.0,96.0,1.0,1.0,False,False,1
2051,blocks.0.mlp.0,element,5,"(325, 2, 18)",0,0.0,False,0.47,0.0,False,,100,48.0,3.0,4.0,0.9375,False,False,1
2052,blocks.4.mlp.0,element,5,"(727, 3, 21)",0,0.0,False,0.47,0.0,False,,220,-24.0,-384.0,4.000000476837158,15.0,False,False,1
2053,blocks.2.attn.qkv,element,7,"(321, 2, 2)",0,0.0,False,0.47,0.0,False,,243,-176.0,176.0,0.0,2.0,True,False,1
2054,blocks.1.mlp.0,element,0,"(57, 5, 12)",0,0.0,False,0.47,0.0,False,,106,80.0,88.0,0.13750362396240234,0.10000000149011612,False,False,1
2055,blocks.2.attn.qkv,element,7,"(478, 2, 12)",0,0.0,False,0.47,0.0,False,,94,28.0,-28.0,0.0,2.0,True,False,1
2056,blocks.0.attn.qkv,element,7,"(63, 1, 2)",0,0.0,False,0.47,0.0,False,,230,-56.0,56.0,0.0,2.0,True,False,1
2057,patch_embed.proj,element,7,"(170, 1, 9)",0,0.0,False,0.47,0.0,False,,101,52.0,-52.0,0.0,2.0,True,False,1
2058,blocks.5.mlp.2,element,2,"(163, 2, 21)",0,0.0,False,0.47,0.0,False,,80,8.0,12.0,0.5849626064300537,0.5,False,False,1
2059,blocks.0.attn.qkv,element,1,"(83, 4, 24)",0,0.0,False,0.47,0.0,False,,108,96.0,112.0,0.22239255905151367,0.1666666716337204,False,False,1
2060,blocks.0.mlp.2,element,6,"(11, 10, 29)",0,0.0,False,0.47,0.0,False,,226,-40.0,-0.15625,8.0,0.99609375,False,False,1
2061,blocks.4.attn.qkv,element,6,"(226, 1, 26)",0,0.0,False,0.47,0.0,False,,99,44.0,0.171875,8.0,0.99609375,False,False,1
2062,blocks.3.mlp.0,element,0,"(212, 3, 5)",0,0.0,False,0.47,0.0,False,,101,52.0,48.0,0.1154775619506836,0.07692307978868484,False,False,1
2063,blocks.0.mlp.2,element,2,"(178, 5, 24)",0,0.0,False,0.47,0.0,False,,70,3.5,2.5,0.48542678356170654,0.2857142984867096,False,False,1
2064,blocks.4.mlp.2,scale,6,"(115, 4)",1,0.005,True,0.475,-0.0050000000000000044,False,,116,116.0,52.0,64.0,inf,False,False,32
2065,blocks.3.mlp.0,element,2,"(452, 5, 22)",0,0.0,False,0.47,0.0,False,,238,-112.0,-80.0,0.4854269027709961,0.2857142984867096,False,False,1
2066,blocks.5.attn.qkv,element,0,"(68, 3, 10)",0,0.0,False,0.47,0.0,False,,107,88.0,80.0,0.13750362396240234,0.09090909361839294,False,False,1
2067,blocks.4.attn.qkv,element,3,"(254, 1, 17)",0,0.0,False,0.47,0.0,False,,235,-88.0,-44.0,1.0,0.5,False,False,1
2068,blocks.1.attn.qkv,element,3,"(186, 0, 15)",0,0.0,False,0.47,0.0,False,,95,30.0,15.0,0.9999997615814209,0.5,False,False,1
2069,blocks.5.attn.qkv,element,0,"(18, 2, 28)",0,0.0,False,0.47,0.0,False,,225,-36.0,-32.0,0.16992521286010742,0.1111111119389534,False,False,1
2070,blocks.1.mlp.0,element,2,"(68, 5, 9)",0,0.0,False,0.47,0.0,False,,114,160.0,224.0,0.4854269027709961,0.4000000059604645,False,False,1
2071,head,element,3,"(43, 1, 11)",1,0.005,True,0.47,0.0,False,,250,-320.0,-160.0,1.0,0.5,False,False,1
2072,blocks.1.attn.proj,element,3,"(160, 3, 30)",0,0.0,False,0.47,0.0,False,,248,-256.0,-128.0,1.0,0.5,False,False,1
2073,blocks.1.mlp.2,element,7,"(72, 18, 25)",0,0.0,False,0.47,0.0,False,,98,40.0,-40.0,0.0,2.0,True,False,1
2074,blocks.2.mlp.0,element,0,"(765, 1, 13)",0,0.0,False,0.47,0.0,False,,240,-128.0,-144.0,0.16992521286010742,0.125,False,False,1
2075,blocks.4.attn.qkv,element,3,"(359, 1, 24)",0,0.0,False,0.47,0.0,False,,237,-104.0,-52.0,1.0,0.5,False,False,1
2076,blocks.3.mlp.0,element,4,"(62, 3, 18)",0,0.0,False,0.47,0.0,False,,81,9.0,2.25,2.0,0.75,False,False,1
2077,blocks.4.attn.qkv,element,2,"(333, 3, 19)",0,0.0,False,0.47,0.0,False,,246,-224.0,-160.0,0.4854269027709961,0.2857142984867096,False,False,1
2078,blocks.5.mlp.2,element,2,"(46, 17, 30)",0,0.0,False,0.47,0.0,False,,115,176.0,240.0,0.44745874404907227,0.3636363744735718,False,False,1
2079,blocks.1.mlp.2,element,7,"(86, 6, 11)",0,0.0,False,0.47,0.0,False,,227,-44.0,44.0,0.0,2.0,True,False,1
2080,blocks.0.mlp.2,element,3,"(105, 2, 8)",0,0.0,False,0.47,0.0,False,,237,-104.0,-52.0,1.0,0.5,False,False,1
2081,blocks.2.mlp.2,element,4,"(82, 4, 16)",1,0.005,True,0.475,-0.0050000000000000044,False,,105,72.0,288.0,1.9999995231628418,3.0,False,False,1
2082,blocks.5.mlp.2,element,5,"(163, 16, 22)",0,0.0,False,0.47,0.0,False,,112,128.0,8.0,4.0,0.9375,False,False,1
2083,blocks.3.mlp.0,element,4,"(220, 5, 22)",0,0.0,False,0.47,0.0,False,,249,-288.0,-72.0,1.9999995231628418,0.75,False,False,1
2084,blocks.1.attn.qkv,scale,5,"(100, 0)",0,0.0,False,0.47,0.0,False,,115,115.0,83.0,32.0,inf,False,False,32
2085,blocks.5.attn.proj,element,3,"(160, 3, 17)",0,0.0,False,0.47,0.0,False,,251,-352.0,-176.0,1.0,0.5,False,False,1
2086,blocks.1.mlp.0,element,4,"(764, 2, 10)",0,0.0,False,0.47,0.0,False,,246,-224.0,-56.0,2.0,0.75,False,False,1
2087,blocks.4.mlp.2,element,1,"(9, 1, 7)",0,0.0,False,0.47,0.0,False,,237,-104.0,-120.0,0.2064504623413086,0.1538461595773697,False,False,1
2088,blocks.5.attn.qkv,element,5,"(103, 2, 10)",0,0.0,False,0.47,0.0,False,,233,-72.0,-4.5,4.0,0.9375,False,False,1
2089,blocks.2.mlp.0,element,0,"(590, 2, 21)",0,0.0,False,0.47,0.0,False,,119,240.0,224.0,0.09953546524047852,0.06666667014360428,False,False,1
2090,blocks.0.attn.qkv,element,0,"(473, 5, 8)",0,0.0,False,0.47,0.0,False,,90,20.0,22.0,0.13750362396240234,0.10000000149011612,False,False,1
2091,blocks.1.mlp.0,element,4,"(550, 2, 3)",0,0.0,False,0.47,0.0,False,,121,288.0,72.0,1.9999995231628418,0.75,False,False,1
2092,blocks.4.mlp.2,element,2,"(43, 17, 5)",0,0.0,False,0.47,0.0,False,,237,-104.0,-72.0,0.5305147171020508,0.3076923191547394,False,False,1
2093,blocks.1.attn.qkv,element,3,"(540, 1, 26)",0,0.0,False,0.47,0.0,False,,228,-48.0,-96.0,1.0,1.0,False,False,1
2094,blocks.3.mlp.0,element,0,"(571, 5, 5)",0,0.0,False,0.47,0.0,False,,232,-64.0,-72.0,0.16992521286010742,0.125,False,False,1
2095,blocks.5.attn.qkv,element,4,"(190, 2, 25)",0,0.0,False,0.47,0.0,False,,116,192.0,48.0,2.0,0.75,False,False,1
2096,blocks.2.mlp.0,element,6,"(477, 0, 2)",1,0.005,True,0.47,0.0,False,,249,-288.0,-1.125,7.999999523162842,0.99609375,False,False,1
2097,blocks.0.mlp.0,element,3,"(454, 0, 24)",0,0.0,False,0.47,0.0,False,,107,88.0,44.0,1.0,0.5,False,False,1
2098,blocks.1.attn.qkv,element,4,"(240, 5, 0)",0,0.0,False,0.47,0.0,False,,203,-5.5,-22.0,2.0,3.0,False,False,1
2099,blocks.5.mlp.2,element,7,"(41, 9, 3)",0,0.0,False,0.47,0.0,False,,237,-104.0,104.0,0.0,2.0,True,False,1
2100,blocks.2.mlp.0,element,5,"(354, 3, 29)",0,0.0,False,0.47,0.0,False,,240,-128.0,-8.0,4.0,0.9375,False,False,1
2101,blocks.5.attn.qkv,element,1,"(49, 3, 26)",0,0.0,False,0.47,0.0,False,,107,88.0,72.0,0.2895064353942871,0.1818181872367859,False,False,1
2102,blocks.4.mlp.2,element,0,"(147, 7, 3)",0,0.0,False,0.47,0.0,False,,249,-288.0,-256.0,0.16992473602294922,0.1111111119389534,False,False,1
2103,blocks.4.mlp.0,element,3,"(23, 4, 11)",1,0.005,True,0.47,0.0,False,,118,224.0,448.0,1.0,1.0,False,False,1
2104,blocks.5.mlp.0,element,7,"(160, 0, 20)",0,0.0,False,0.47,0.0,False,,230,-56.0,56.0,0.0,2.0,True,False,1
2105,blocks.1.mlp.0,scale,2,"(633, 1)",0,0.0,False,0.47,0.0,False,,116,116.0,112.0,4.0,inf,False,False,32
2106,blocks.0.attn.proj,element,5,"(189, 4, 31)",0,0.0,False,0.47,0.0,False,,103,60.0,3.75,3.999999761581421,0.9375,False,False,1
2107,blocks.5.mlp.0,element,6,"(564, 3, 21)",0,0.0,False,0.47,0.0,False,,105,72.0,0.28125,8.0,0.99609375,False,False,1
2108,blocks.2.mlp.2,element,3,"(124, 1, 7)",0,0.0,False,0.47,0.0,False,,236,-96.0,-48.0,1.0,0.5,False,False,1
2109,blocks.2.mlp.2,element,2,"(57, 11, 27)",0,0.0,False,0.47,0.0,False,,114,160.0,224.0,0.4854269027709961,0.4000000059604645,False,False,1
2110,blocks.2.attn.qkv,element,2,"(395, 0, 0)",0,0.0,False,0.47,0.0,False,,236,-96.0,-64.0,0.5849623680114746,0.3333333432674408,False,False,1
2111,blocks.5.mlp.2,element,2,"(111, 20, 14)",0,0.0,False,0.47,0.0,False,,117,208.0,144.0,0.5305147171020508,0.3076923191547394,False,False,1
2112,blocks.5.attn.proj,scale,5,"(26, 1)",2,0.01,True,0.475,-0.0050000000000000044,False,,116,116.0,84.0,32.0,inf,False,False,32
2113,blocks.2.mlp.2,element,1,"(36, 0, 2)",0,0.0,False,0.47,0.0,False,,124,384.0,448.0,0.22239208221435547,0.1666666716337204,False,False,1
2114,blocks.3.attn.qkv,element,5,"(499, 1, 12)",0,0.0,False,0.47,0.0,False,,113,144.0,9.0,4.0,0.9375,False,False,1
2115,blocks.5.attn.qkv,element,6,"(195, 0, 18)",0,0.0,False,0.47,0.0,False,,233,-72.0,-0.28125,8.0,0.99609375,False,False,1
2116,blocks.3.attn.qkv,element,4,"(567, 5, 29)",0,0.0,False,0.47,0.0,False,,242,-160.0,-40.0,2.0,0.75,False,False,1
2117,blocks.3.attn.qkv,element,5,"(386, 2, 13)",0,0.0,False,0.47,0.0,False,,227,-44.0,-2.75,4.0,0.9375,False,False,1
2118,head,element,6,"(36, 5, 3)",0,0.0,False,0.47,0.0,False,,99,44.0,0.171875,8.0,0.99609375,False,False,1
2119,blocks.5.mlp.0,element,6,"(484, 0, 19)",0,0.0,False,0.47,0.0,False,,232,-64.0,-0.25,8.0,0.99609375,False,False,1
2120,blocks.2.mlp.2,element,1,"(10, 4, 5)",0,0.0,False,0.47,0.0,False,,236,-96.0,-112.0,0.22239255905151367,0.1666666716337204,False,False,1
2121,blocks.0.attn.qkv,element,5,"(58, 5, 9)",0,0.0,False,0.47,0.0,False,,106,80.0,5.0,4.0,0.9375,False,False,1
2122,blocks.0.attn.proj,element,2,"(50, 4, 5)",0,0.0,False,0.47,0.0,False,,110,112.0,80.0,0.4854269027709961,0.2857142984867096,False,False,1
2123,blocks.4.mlp.2,scale,7,"(81, 3)",200,1.0,True,0.0,0.47,True,,116,116.0,244.0,128.0,inf,False,False,32
2124,blocks.0.mlp.0,element,2,"(696, 1, 2)",0,0.0,False,0.47,0.0,False,,101,52.0,36.0,0.5305147171020508,0.3076923191547394,False,False,1
2125,blocks.3.attn.qkv,element,6,"(131, 4, 6)",0,0.0,False,0.47,0.0,False,,117,208.0,0.8125,8.0,0.99609375,False,False,1
2126,blocks.3.mlp.2,element,5,"(184, 17, 15)",0,0.0,False,0.47,0.0,False,,80,8.0,128.0,4.0,15.0,False,False,1
2127,blocks.2.attn.qkv,element,3,"(11, 4, 12)",0,0.0,False,0.47,0.0,False,,113,144.0,288.0,0.9999995231628418,1.0,False,False,1
2128,blocks.5.mlp.2,element,5,"(159, 12, 15)",0,0.0,False,0.47,0.0,False,,61,1.625,0.1015625,4.0,0.9375,False,False,1
2129,blocks.1.attn.qkv,element,6,"(139, 2, 0)",0,0.0,False,0.47,0.0,False,,124,384.0,1.5,8.0,0.99609375,False,False,1
2130,blocks.3.mlp.2,element,3,"(61, 17, 23)",0,0.0,False,0.47,0.0,False,,104,64.0,32.0,1.0,0.5,False,False,1
2131,blocks.0.mlp.0,element,0,"(225, 4, 12)",0,0.0,False,0.47,0.0,False,,244,-192.0,-208.0,0.1154775619506836,0.0833333358168602,False,False,1
2132,blocks.0.mlp.2,element,6,"(41, 13, 19)",0,0.0,False,0.47,0.0,False,,230,-56.0,-0.21875,8.0,0.99609375,False,False,1
2133,blocks.1.mlp.2,element,4,"(47, 18, 5)",1,0.005,True,0.475,-0.0050000000000000044,False,,104,64.0,256.0,2.0,3.0,False,False,1
2134,blocks.4.mlp.0,element,5,"(405, 1, 18)",1,0.005,True,0.475,-0.0050000000000000044,False,,117,208.0,13.0,4.0,0.9375,False,False,1
2135,blocks.2.mlp.2,element,1,"(171, 1, 8)",0,0.0,False,0.47,0.0,False,,232,-64.0,-80.0,0.3219280242919922,0.25,False,False,1
2136,blocks.4.mlp.0,element,6,"(767, 3, 30)",0,0.0,False,0.47,0.0,False,,106,80.0,0.3125,8.0,0.99609375,False,False,1
2137,head,scale,2,"(25, 2)",2,0.01,True,0.47,0.0,False,,116,116.0,112.0,4.0,inf,False,False,32
2138,blocks.4.attn.qkv,element,3,"(568, 1, 24)",0,0.0,False,0.47,0.0,False,,104,64.0,32.0,1.0,0.5,False,False,1
2139,blocks.0.attn.qkv,element,4,"(454, 5, 23)",0,0.0,False,0.47,0.0,False,,240,-128.0,-32.0,2.0,0.75,False,False,1
2140,blocks.5.attn.qkv,element,6,"(166, 5, 9)",0,0.0,False,0.47,0.0,False,,112,128.0,0.5,8.0,0.99609375,False,False,1
2141,blocks.2.mlp.2,scale,0,"(89, 17)",1,0.005,True,0.475,-0.0050000000000000044,False,,116,116.0,117.0,1.0,inf,False,False,32
2142,blocks.0.attn.proj,element,4,"(1, 0, 5)",0,0.0,False,0.47,0.0,False,,224,-32.0,-128.0,2.0,3.0,False,False,1
2143,blocks.2.attn.qkv,element,5,"(201, 2, 24)",0,0.0,False,0.47,0.0,False,,227,-44.0,-2.75,4.0,0.9375,False,False,1
2144,blocks.0.attn.qkv,element,0,"(45, 1, 23)",0,0.0,False,0.47,0.0,False,,89,18.0,16.0,0.16992521286010742,0.1111111119389534,False,False,1
2145,blocks.3.mlp.0,element,3,"(182, 5, 26)",0,0.0,False,0.47,0.0,False,,220,-24.0,-12.0,0.9999997615814209,0.5,False,False,1
2146,blocks.4.mlp.2,element,1,"(116, 4, 12)",0,0.0,False,0.47,0.0,False,,118,224.0,192.0,0.22239255905151367,0.1428571492433548,False,False,1
2147,blocks.1.attn.qkv,element,7,"(363, 4, 27)",0,0.0,False,0.47,0.0,False,,209,-9.0,9.0,0.0,2.0,True,False,1
2148,blocks.1.mlp.0,element,2,"(251, 0, 3)",0,0.0,False,0.47,0.0,False,,250,-320.0,-448.0,0.4854269027709961,0.4000000059604645,False,False,1
2149,blocks.4.mlp.0,element,2,"(379, 0, 13)",1,0.005,True,0.475,-0.0050000000000000044,False,,109,104.0,72.0,0.5305147171020508,0.3076923191547394,False,False,1
2150,blocks.0.attn.proj,element,7,"(69, 5, 5)",0,0.0,False,0.47,0.0,False,,98,40.0,-40.0,0.0,2.0,True,False,1
2151,blocks.3.mlp.2,element,4,"(8, 14, 22)",0,0.0,False,0.47,0.0,False,,228,-48.0,-192.0,2.0,3.0,False,False,1
2152,blocks.5.mlp.0,element,7,"(31, 0, 20)",0,0.0,False,0.47,0.0,False,,239,-120.0,120.0,0.0,2.0,True,False,1
2153,blocks.2.mlp.2,scale,2,"(188, 0)",1,0.005,True,0.475,-0.0050000000000000044,False,,116,116.0,112.0,4.0,inf,False,False,32
2154,blocks.4.attn.proj,element,0,"(4, 4, 11)",0,0.0,False,0.47,0.0,False,,236,-96.0,-104.0,0.1154775619506836,0.0833333358168602,False,False,1
2155,blocks.0.mlp.2,element,6,"(156, 13, 27)",0,0.0,False,0.47,0.0,False,,245,-208.0,-0.8125,8.0,0.99609375,False,False,1
2156,blocks.0.attn.proj,element,6,"(146, 3, 25)",0,0.0,False,0.47,0.0,False,,232,-64.0,-0.25,8.0,0.99609375,False,False,1
2157,blocks.2.mlp.2,element,6,"(15, 10, 10)",1,0.005,True,0.475,-0.0050000000000000044,False,,248,-256.0,-1.0,8.0,0.99609375,False,False,1
2158,blocks.4.mlp.2,element,5,"(152, 10, 5)",0,0.0,False,0.47,0.0,False,,230,-56.0,-3.5,4.0,0.9375,False,False,1
2159,blocks.4.attn.qkv,element,6,"(314, 3, 0)",0,0.0,False,0.47,0.0,False,,61,1.625,416.0,8.0,255.0,False,False,1
2160,blocks.2.attn.qkv,element,2,"(328, 1, 31)",0,0.0,False,0.47,0.0,False,,228,-48.0,-32.0,0.5849623680114746,0.3333333432674408,False,False,1
2161,blocks.4.mlp.0,element,7,"(104, 0, 22)",0,0.0,False,0.47,0.0,False,,215,-15.0,15.0,0.0,2.0,True,False,1
2162,blocks.1.mlp.0,element,7,"(360, 4, 6)",0,0.0,False,0.47,0.0,False,,90,20.0,-20.0,0.0,2.0,True,False,1
2163,blocks.5.mlp.2,element,3,"(151, 16, 1)",0,0.0,False,0.47,0.0,False,,97,36.0,72.0,1.0,1.0,False,False,1
2164,blocks.5.mlp.0,element,7,"(655, 1, 18)",0,0.0,False,0.47,0.0,False,,114,160.0,-160.0,0.0,2.0,True,False,1
2165,blocks.1.attn.qkv,scale,6,"(415, 4)",2,0.01,True,0.475,-0.0050000000000000044,False,,115,115.0,51.0,64.0,inf,False,False,32
2166,blocks.1.mlp.2,element,1,"(6, 3, 22)",0,0.0,False,0.47,0.0,False,,242,-160.0,-128.0,0.3219280242919922,0.20000000298023224,False,False,1
2167,blocks.2.attn.proj,element,1,"(133, 2, 23)",0,0.0,False,0.47,0.0,False,,250,-320.0,-256.0,0.3219280242919922,0.20000000298023224,False,False,1
2168,blocks.3.mlp.2,element,2,"(89, 13, 25)",0,0.0,False,0.47,0.0,False,,233,-72.0,-104.0,0.5305147171020508,0.4444444477558136,False,False,1
2169,blocks.3.mlp.0,element,4,"(536, 5, 10)",0,0.0,False,0.47,0.0,False,,105,72.0,288.0,1.9999995231628418,3.0,False,False,1
2170,blocks.3.mlp.0,element,7,"(589, 5, 5)",0,0.0,False,0.47,0.0,False,,236,-96.0,96.0,0.0,2.0,True,False,1
2171,blocks.0.attn.proj,element,0,"(136, 2, 29)",0,0.0,False,0.47,0.0,False,,231,-60.0,-56.0,0.09953546524047852,0.06666667014360428,False,False,1
2172,blocks.5.mlp.2,element,0,"(147, 4, 23)",0,0.0,False,0.47,0.0,False,,241,-144.0,-128.0,0.16992521286010742,0.1111111119389534,False,False,1
2173,blocks.2.mlp.2,element,1,"(26, 18, 18)",0,0.0,False,0.47,0.0,False,,105,72.0,88.0,0.2895064353942871,0.2222222238779068,False,False,1
2174,blocks.1.mlp.2,element,0,"(169, 8, 13)",0,0.0,False,0.47,0.0,False,,247,-240.0,-224.0,0.09953546524047852,0.06666667014360428,False,False,1
2175,blocks.2.mlp.2,element,0,"(25, 6, 30)",0,0.0,False,0.47,0.0,False,,106,80.0,88.0,0.13750362396240234,0.10000000149011612,False,False,1
2176,blocks.2.mlp.2,element,6,"(123, 0, 3)",0,0.0,False,0.47,0.0,False,,236,-96.0,-0.375,8.0,0.99609375,False,False,1
2177,blocks.1.attn.qkv,element,3,"(148, 1, 12)",0,0.0,False,0.47,0.0,False,,241,-144.0,-288.0,0.9999995231628418,1.0,False,False,1
2178,blocks.3.mlp.0,element,3,"(135, 0, 18)",0,0.0,False,0.47,0.0,False,,80,8.0,16.0,1.0,1.0,False,False,1
2179,blocks.5.mlp.0,element,5,"(479, 1, 3)",0,0.0,False,0.47,0.0,False,,237,-104.0,-6.5,4.0,0.9375,False,False,1
2180,blocks.4.mlp.0,element,4,"(480, 5, 28)",0,0.0,False,0.47,0.0,False,,119,240.0,60.0,2.0,0.75,False,False,1
2181,blocks.3.mlp.2,element,3,"(53, 15, 31)",1,0.005,True,0.47,0.0,False,,120,256.0,128.0,1.0,0.5,False,False,1
2182,blocks.1.mlp.2,element,1,"(116, 17, 21)",0,0.0,False,0.47,0.0,False,,244,-192.0,-224.0,0.22239255905151367,0.1666666716337204,False,False,1
2183,blocks.1.mlp.2,element,1,"(125, 9, 13)",0,0.0,False,0.47,0.0,False,,246,-224.0,-192.0,0.22239255905151367,0.1428571492433548,False,False,1
2184,blocks.2.mlp.0,element,6,"(180, 0, 14)",0,0.0,False,0.47,0.0,False,,232,-64.0,-0.25,8.0,0.99609375,False,False,1
2185,blocks.2.mlp.2,element,7,"(122, 4, 15)",0,0.0,False,0.47,0.0,False,,99,44.0,-44.0,0.0,2.0,True,False,1
2186,blocks.1.mlp.2,element,3,"(125, 19, 27)",0,0.0,False,0.47,0.0,False,,93,26.0,13.0,1.000000238418579,0.5,False,False,1
2187,blocks.4.mlp.2,element,0,"(98, 19, 10)",0,0.0,False,0.47,0.0,False,,225,-36.0,-32.0,0.16992521286010742,0.1111111119389534,False,False,1
2188,blocks.0.attn.qkv,element,1,"(556, 2, 22)",0,0.0,False,0.47,0.0,False,,241,-144.0,-176.0,0.2895064353942871,0.2222222238779068,False,False,1
2189,blocks.0.mlp.2,element,1,"(2, 7, 24)",0,0.0,False,0.47,0.0,False,,242,-160.0,-128.0,0.3219280242919922,0.20000000298023224,False,False,1
2190,blocks.0.mlp.2,element,3,"(69, 7, 11)",0,0.0,False,0.47,0.0,False,,96,32.0,64.0,1.0,1.0,False,False,1
2191,blocks.2.mlp.2,element,4,"(132, 10, 15)",0,0.0,False,0.47,0.0,False,,105,72.0,288.0,1.9999995231628418,3.0,False,False,1
2192,blocks.3.attn.qkv,element,5,"(261, 2, 31)",0,0.0,False,0.47,0.0,False,,218,-20.0,-320.0,4.0,15.0,False,False,1
2193,blocks.0.attn.qkv,element,4,"(234, 0, 28)",0,0.0,False,0.47,0.0,False,,110,112.0,448.0,2.0,3.0,False,False,1
2194,blocks.4.mlp.0,scale,0,"(103, 4)",0,0.0,False,0.47,0.0,False,,116,116.0,117.0,1.0,inf,False,False,32
2195,blocks.3.mlp.0,element,3,"(23, 2, 27)",1,0.005,True,0.475,-0.0050000000000000044,False,,241,-144.0,-288.0,0.9999995231628418,1.0,False,False,1
2196,blocks.2.mlp.2,element,0,"(69, 4, 10)",0,0.0,False,0.47,0.0,False,,239,-120.0,-112.0,0.09953546524047852,0.06666667014360428,False,False,1
2197,blocks.2.attn.qkv,element,7,"(568, 4, 21)",0,0.0,False,0.47,0.0,False,,227,-44.0,44.0,0.0,2.0,True,False,1
2198,blocks.5.mlp.2,element,1,"(80, 13, 30)",0,0.0,False,0.47,0.0,False,,225,-36.0,-44.0,0.2895064353942871,0.2222222238779068,False,False,1
2199,blocks.3.mlp.2,element,0,"(174, 6, 16)",0,0.0,False,0.47,0.0,False,,116,192.0,208.0,0.1154775619506836,0.0833333358168602,False,False,1
2200,patch_embed.proj,element,7,"(28, 0, 27)",5,0.025,True,0.47,0.0,False,,117,208.0,-208.0,0.0,2.0,True,False,1
2201,blocks.0.attn.proj,element,7,"(153, 4, 21)",0,0.0,False,0.47,0.0,False,,222,-28.0,28.0,0.0,2.0,True,False,1
2202,blocks.4.attn.qkv,element,6,"(231, 5, 27)",0,0.0,False,0.47,0.0,False,,116,192.0,0.75,8.0,0.99609375,False,False,1
2203,blocks.3.mlp.0,element,4,"(332, 1, 17)",1,0.005,True,0.47,0.0,False,,121,288.0,72.0,1.9999995231628418,0.75,False,False,1
2204,blocks.0.attn.qkv,element,1,"(342, 0, 19)",0,0.0,False,0.47,0.0,False,,248,-256.0,-320.0,0.3219280242919922,0.25,False,False,1
2205,blocks.5.attn.qkv,element,6,"(8, 3, 13)",0,0.0,False,0.47,0.0,False,,105,72.0,0.28125,8.0,0.99609375,False,False,1
2206,blocks.3.mlp.0,element,1,"(30, 4, 23)",0,0.0,False,0.47,0.0,False,,114,160.0,128.0,0.3219280242919922,0.20000000298023224,False,False,1
2207,blocks.1.mlp.0,element,0,"(521, 0, 30)",0,0.0,False,0.47,0.0,False,,237,-104.0,-96.0,0.1154775619506836,0.07692307978868484,False,False,1
2208,blocks.4.attn.qkv,element,1,"(235, 3, 13)",0,0.0,False,0.47,0.0,False,,238,-112.0,-96.0,0.22239255905151367,0.1428571492433548,False,False,1
2209,blocks.4.mlp.0,element,4,"(153, 3, 27)",0,0.0,False,0.47,0.0,False,,115,176.0,44.0,2.0,0.75,False,False,1
2210,blocks.4.attn.qkv,element,3,"(372, 0, 31)",0,0.0,False,0.47,0.0,False,,104,64.0,32.0,1.0,0.5,False,False,1
2211,blocks.1.mlp.2,element,0,"(0, 1, 0)",0,0.0,False,0.47,0.0,False,,187,-1.375,-1.25,0.13750353455543518,0.09090909361839294,False,False,1
2212,blocks.3.attn.qkv,element,6,"(174, 1, 1)",0,0.0,False,0.47,0.0,False,,227,-44.0,-0.171875,8.0,0.99609375,False,False,1
2213,blocks.5.attn.qkv,element,2,"(386, 0, 9)",0,0.0,False,0.47,0.0,False,,122,320.0,448.0,0.4854269027709961,0.4000000059604645,False,False,1
2214,blocks.1.attn.qkv,element,4,"(340, 4, 16)",0,0.0,False,0.47,0.0,False,,244,-192.0,-48.0,2.0,0.75,False,False,1
2215,blocks.3.mlp.2,element,3,"(46, 0, 7)",0,0.0,False,0.47,0.0,False,,122,320.0,160.0,1.0,0.5,False,False,1
2216,blocks.2.mlp.0,element,2,"(25, 1, 21)",0,0.0,False,0.47,0.0,False,,231,-60.0,-44.0,0.44745874404907227,0.2666666805744171,False,False,1
2217,blocks.3.mlp.0,element,1,"(298, 0, 9)",0,0.0,False,0.47,0.0,False,,249,-288.0,-352.0,0.2895069122314453,0.2222222238779068,False,False,1
2218,blocks.1.attn.proj,element,7,"(94, 4, 29)",1,0.005,True,0.47,0.0,False,,120,256.0,-256.0,0.0,2.0,True,False,1
2219,blocks.3.mlp.2,element,2,"(61, 9, 31)",0,0.0,False,0.47,0.0,False,,213,-13.0,-9.0,0.5305147171020508,0.3076923191547394,False,False,1
2220,blocks.4.mlp.0,element,2,"(765, 1, 3)",0,0.0,False,0.47,0.0,False,,106,80.0,112.0,0.4854269027709961,0.4000000059604645,False,False,1
2221,blocks.3.attn.proj,element,7,"(148, 3, 3)",0,0.0,False,0.47,0.0,False,,105,72.0,-72.0,0.0,2.0,True,False,1
2222,blocks.4.attn.qkv,element,0,"(378, 2, 1)",0,0.0,False,0.47,0.0,False,,97,36.0,32.0,0.16992521286010742,0.1111111119389534,False,False,1
2223,blocks.0.mlp.0,element,1,"(569, 3, 18)",0,0.0,False,0.47,0.0,False,,246,-224.0,-192.0,0.22239255905151367,0.1428571492433548,False,False,1
2224,blocks.1.mlp.0,element,0,"(382, 3, 6)",0,0.0,False,0.47,0.0,False,,248,-256.0,-288.0,0.16992473602294922,0.125,False,False,1
2225,blocks.2.mlp.0,element,6,"(734, 3, 15)",0,0.0,False,0.47,0.0,False,,94,28.0,0.109375,8.0,0.99609375,False,False,1
2226,blocks.1.mlp.2,element,1,"(117, 12, 1)",0,0.0,False,0.47,0.0,False,,239,-120.0,-104.0,0.2064504623413086,0.13333334028720856,False,False,1
2227,blocks.4.mlp.2,element,6,"(137, 8, 23)",0,0.0,False,0.47,0.0,False,,93,26.0,0.1015625,8.0,0.99609375,False,False,1
2228,blocks.1.mlp.2,element,4,"(2, 13, 22)",0,0.0,False,0.47,0.0,False,,224,-32.0,-128.0,2.0,3.0,False,False,1
2229,blocks.5.mlp.2,element,3,"(12, 4, 11)",0,0.0,False,0.47,0.0,False,,230,-56.0,-112.0,1.0,1.0,False,False,1
2230,blocks.3.attn.qkv,element,4,"(481, 5, 12)",0,0.0,False,0.47,0.0,False,,104,64.0,256.0,2.0,3.0,False,False,1
2231,blocks.4.mlp.2,element,6,"(80, 16, 1)",0,0.0,False,0.47,0.0,False,,115,176.0,0.6875,8.0,0.99609375,False,False,1
2232,blocks.4.mlp.0,element,0,"(18, 5, 2)",0,0.0,False,0.47,0.0,False,,100,48.0,52.0,0.1154775619506836,0.0833333358168602,False,False,1
2233,blocks.4.attn.qkv,element,5,"(569, 1, 29)",0,0.0,False,0.47,0.0,False,,241,-144.0,-9.0,4.0,0.9375,False,False,1
2234,blocks.2.attn.qkv,element,7,"(496, 5, 2)",0,0.0,False,0.47,0.0,False,,234,-80.0,80.0,0.0,2.0,True,False,1
2235,blocks.1.attn.proj,element,6,"(99, 0, 25)",0,0.0,False,0.47,0.0,False,,244,-192.0,-0.75,8.0,0.99609375,False,False,1
2236,blocks.5.mlp.0,element,6,"(433, 1, 14)",0,0.0,False,0.47,0.0,False,,91,22.0,0.0859375,8.0,0.99609375,False,False,1
2237,blocks.2.mlp.0,element,0,"(628, 5, 5)",0,0.0,False,0.47,0.0,False,,245,-208.0,-192.0,0.1154775619506836,0.07692307978868484,False,False,1
2238,blocks.0.attn.qkv,element,1,"(247, 3, 9)",0,0.0,False,0.47,0.0,False,,94,28.0,24.0,0.22239255905151367,0.1428571492433548,False,False,1
2239,blocks.2.attn.proj,element,0,"(74, 0, 22)",0,0.0,False,0.47,0.0,False,,99,44.0,40.0,0.13750362396240234,0.09090909361839294,False,False,1
2240,blocks.2.mlp.0,element,1,"(377, 5, 25)",0,0.0,False,0.47,0.0,False,,89,18.0,22.0,0.2895064353942871,0.2222222238779068,False,False,1
2241,blocks.1.mlp.2,element,3,"(185, 15, 12)",0,0.0,False,0.47,0.0,False,,115,176.0,352.0,1.0,1.0,False,False,1
2242,blocks.2.attn.qkv,element,4,"(310, 3, 19)",0,0.0,False,0.47,0.0,False,,229,-52.0,-208.0,2.0,3.0,False,False,1
2243,blocks.4.attn.qkv,element,6,"(562, 5, 20)",0,0.0,False,0.47,0.0,False,,232,-64.0,-0.25,8.0,0.99609375,False,False,1
2244,blocks.2.mlp.0,element,2,"(420, 0, 29)",0,0.0,False,0.47,0.0,False,,237,-104.0,-72.0,0.5305147171020508,0.3076923191547394,False,False,1
2245,blocks.1.mlp.0,element,2,"(683, 4, 19)",0,0.0,False,0.47,0.0,False,,99,44.0,60.0,0.44745874404907227,0.3636363744735718,False,False,1
2246,blocks.0.mlp.0,element,3,"(148, 3, 9)",0,0.0,False,0.47,0.0,False,,113,144.0,288.0,0.9999995231628418,1.0,False,False,1
2247,blocks.1.attn.proj,element,1,"(99, 1, 12)",0,0.0,False,0.47,0.0,False,,99,44.0,36.0,0.2895064353942871,0.1818181872367859,False,False,1
2248,blocks.3.mlp.2,element,6,"(1, 15, 29)",0,0.0,False,0.47,0.0,False,,116,192.0,0.75,8.0,0.99609375,False,False,1
2249,blocks.5.attn.qkv,element,3,"(154, 0, 12)",0,0.0,False,0.47,0.0,False,,240,-128.0,-256.0,1.0,1.0,False,False,1
2250,blocks.3.attn.qkv,element,6,"(521, 1, 26)",0,0.0,False,0.47,0.0,False,,244,-192.0,-0.75,8.0,0.99609375,False,False,1
2251,blocks.4.mlp.0,element,3,"(125, 3, 14)",0,0.0,False,0.47,0.0,False,,112,128.0,256.0,1.0,1.0,False,False,1
2252,blocks.3.mlp.0,element,1,"(599, 4, 28)",0,0.0,False,0.47,0.0,False,,116,192.0,224.0,0.22239255905151367,0.1666666716337204,False,False,1
2253,blocks.4.mlp.0,element,5,"(625, 5, 9)",0,0.0,False,0.47,0.0,False,,242,-160.0,-10.0,4.0,0.9375,False,False,1
2254,blocks.0.mlp.2,element,1,"(104, 18, 25)",0,0.0,False,0.47,0.0,False,,117,208.0,240.0,0.2064504623413086,0.1538461595773697,False,False,1
2255,blocks.5.attn.qkv,element,4,"(99, 3, 11)",0,0.0,False,0.47,0.0,False,,201,-4.5,-18.0,2.000000238418579,3.0,False,False,1
2256,blocks.5.mlp.0,element,3,"(125, 3, 9)",0,0.0,False,0.47,0.0,False,,106,80.0,40.0,1.0,0.5,False,False,1
2257,blocks.2.attn.qkv,element,7,"(62, 2, 9)",0,0.0,False,0.47,0.0,False,,216,-16.0,16.0,0.0,2.0,True,False,1
2258,blocks.0.attn.qkv,element,4,"(524, 0, 26)",2,0.01,True,0.475,-0.0050000000000000044,False,,238,-112.0,-448.0,2.0,3.0,False,False,1
2259,blocks.2.mlp.2,element,1,"(13, 11, 23)",0,0.0,False,0.47,0.0,False,,238,-112.0,-96.0,0.22239255905151367,0.1428571492433548,False,False,1
2260,blocks.4.mlp.0,element,7,"(219, 0, 16)",0,0.0,False,0.47,0.0,False,,239,-120.0,120.0,0.0,2.0,True,False,1
2261,blocks.4.mlp.2,element,0,"(69, 19, 3)",0,0.0,False,0.47,0.0,False,,106,80.0,88.0,0.13750362396240234,0.10000000149011612,False,False,1
2262,blocks.3.mlp.0,element,3,"(428, 5, 20)",0,0.0,False,0.47,0.0,False,,237,-104.0,-52.0,1.0,0.5,False,False,1
2263,blocks.2.mlp.2,element,7,"(74, 15, 25)",0,0.0,False,0.47,0.0,False,,201,-4.5,4.5,0.0,2.0,True,False,1
2264,blocks.4.attn.proj,element,1,"(124, 4, 21)",0,0.0,False,0.47,0.0,False,,225,-36.0,-44.0,0.2895064353942871,0.2222222238779068,False,False,1
2265,blocks.3.attn.qkv,element,1,"(334, 2, 28)",0,0.0,False,0.47,0.0,False,,121,288.0,352.0,0.2895069122314453,0.2222222238779068,False,False,1
2266,blocks.5.attn.qkv,element,4,"(453, 1, 5)",1,0.005,True,0.475,-0.0050000000000000044,False,,233,-72.0,-288.0,1.9999995231628418,3.0,False,False,1
2267,blocks.1.attn.qkv,element,0,"(445, 1, 16)",0,0.0,False,0.47,0.0,False,,111,120.0,112.0,0.09953546524047852,0.06666667014360428,False,False,1
2268,blocks.4.mlp.2,element,0,"(182, 8, 9)",0,0.0,False,0.47,0.0,False,,99,44.0,40.0,0.13750362396240234,0.09090909361839294,False,False,1
2269,blocks.1.attn.qkv,element,5,"(272, 0, 27)",0,0.0,False,0.47,0.0,False,,104,64.0,4.0,4.0,0.9375,False,False,1
2270,blocks.2.mlp.2,element,1,"(31, 17, 13)",0,0.0,False,0.47,0.0,False,,238,-112.0,-96.0,0.22239255905151367,0.1428571492433548,False,False,1
2271,blocks.5.mlp.0,element,7,"(69, 3, 5)",0,0.0,False,0.47,0.0,False,,254,-448.0,448.0,0.0,2.0,True,False,1
2272,blocks.4.mlp.2,element,1,"(76, 16, 27)",0,0.0,False,0.47,0.0,False,,106,80.0,64.0,0.3219280242919922,0.20000000298023224,False,False,1
2273,blocks.0.attn.proj,element,7,"(4, 4, 6)",2,0.01,True,0.475,-0.0050000000000000044,False,,116,192.0,-192.0,0.0,2.0,True,False,1
2274,blocks.4.mlp.0,element,1,"(239, 2, 17)",0,0.0,False,0.47,0.0,False,,243,-176.0,-144.0,0.2895064353942871,0.1818181872367859,False,False,1
2275,blocks.3.mlp.2,element,2,"(122, 11, 14)",0,0.0,False,0.47,0.0,False,,120,256.0,384.0,0.5849628448486328,0.5,False,False,1
2276,blocks.2.mlp.2,element,5,"(78, 12, 26)",0,0.0,False,0.47,0.0,False,,248,-256.0,-16.0,4.0,0.9375,False,False,1
2277,blocks.2.attn.qkv,element,4,"(526, 2, 26)",0,0.0,False,0.47,0.0,False,,245,-208.0,-52.0,2.0,0.75,False,False,1
2278,blocks.1.attn.qkv,element,4,"(195, 1, 19)",0,0.0,False,0.47,0.0,False,,114,160.0,40.0,2.0,0.75,False,False,1
2279,blocks.1.attn.qkv,element,5,"(464, 2, 25)",0,0.0,False,0.47,0.0,False,,107,88.0,5.5,4.0,0.9375,False,False,1
2280,blocks.4.attn.proj,scale,4,"(7, 4)",0,0.0,False,0.47,0.0,False,,116,116.0,100.0,16.0,inf,False,False,32
2281,blocks.3.mlp.0,element,4,"(588, 1, 11)",0,0.0,False,0.47,0.0,False,,234,-80.0,-320.0,2.0,3.0,False,False,1
2282,blocks.1.mlp.0,element,0,"(162, 5, 30)",0,0.0,False,0.47,0.0,False,,241,-144.0,-128.0,0.16992521286010742,0.1111111119389534,False,False,1
2283,blocks.1.mlp.2,element,0,"(133, 2, 22)",0,0.0,False,0.47,0.0,False,,103,60.0,56.0,0.09953546524047852,0.06666667014360428,False,False,1
2284,blocks.0.mlp.0,element,6,"(449, 3, 9)",0,0.0,False,0.47,0.0,False,,97,36.0,0.140625,8.0,0.99609375,False,False,1
2285,blocks.0.attn.qkv,element,1,"(399, 0, 3)",0,0.0,False,0.47,0.0,False,,110,112.0,96.0,0.22239255905151367,0.1428571492433548,False,False,1
2286,blocks.2.attn.proj,element,1,"(87, 3, 2)",0,0.0,False,0.47,0.0,False,,244,-192.0,-224.0,0.22239255905151367,0.1666666716337204,False,False,1
2287,blocks.2.mlp.0,element,5,"(486, 3, 25)",0,0.0,False,0.47,0.0,False,,238,-112.0,-7.0,4.0,0.9375,False,False,1
2288,blocks.2.mlp.0,element,7,"(98, 4, 29)",0,0.0,False,0.47,0.0,False,,107,88.0,-88.0,0.0,2.0,True,False,1
2289,blocks.2.attn.qkv,element,4,"(213, 0, 18)",0,0.0,False,0.47,0.0,False,,241,-144.0,-36.0,2.0,0.75,False,False,1
2290,blocks.3.attn.qkv,element,2,"(23, 2, 27)",0,0.0,False,0.47,0.0,False,,97,36.0,52.0,0.5305147171020508,0.4444444477558136,False,False,1
2291,blocks.4.mlp.2,element,5,"(79, 20, 5)",0,0.0,False,0.47,0.0,False,,229,-52.0,-3.25,4.0,0.9375,False,False,1
2292,blocks.3.mlp.0,element,4,"(634, 5, 25)",1,0.005,True,0.47,0.0,False,,224,-32.0,-128.0,2.0,3.0,False,False,1
2293,blocks.4.attn.qkv,element,0,"(74, 1, 11)",0,0.0,False,0.47,0.0,False,,237,-104.0,-96.0,0.1154775619506836,0.07692307978868484,False,False,1
2294,blocks.1.mlp.2,element,5,"(77, 5, 2)",0,0.0,False,0.47,0.0,False,,94,28.0,448.0,4.0,15.0,False,False,1
2295,blocks.1.mlp.2,element,1,"(120, 7, 21)",0,0.0,False,0.47,0.0,False,,249,-288.0,-352.0,0.2895069122314453,0.2222222238779068,False,False,1
2296,blocks.4.attn.qkv,element,1,"(109, 4, 27)",0,0.0,False,0.47,0.0,False,,108,96.0,112.0,0.22239255905151367,0.1666666716337204,False,False,1
2297,blocks.0.mlp.2,element,2,"(92, 17, 22)",0,0.0,False,0.47,0.0,False,,246,-224.0,-160.0,0.4854269027709961,0.2857142984867096,False,False,1
2298,blocks.4.mlp.2,element,3,"(159, 1, 29)",0,0.0,False,0.47,0.0,False,,226,-40.0,-80.0,1.0,1.0,False,False,1
2299,blocks.0.mlp.0,scale,6,"(515, 2)",1,0.005,True,0.47,0.0,False,,116,116.0,52.0,64.0,inf,False,False,32
2300,blocks.3.attn.qkv,element,2,"(63, 5, 22)",0,0.0,False,0.47,0.0,False,,90,20.0,28.0,0.4854269027709961,0.4000000059604645,False,False,1
2301,blocks.5.mlp.2,element,1,"(184, 14, 2)",0,0.0,False,0.47,0.0,False,,98,40.0,32.0,0.3219280242919922,0.20000000298023224,False,False,1
2302,blocks.4.mlp.2,element,0,"(28, 1, 28)",200,1.0,True,0.0,0.47,True,,254,-448.0,,inf,inf,False,True,1
2303,blocks.1.mlp.0,element,3,"(390, 4, 6)",0,0.0,False,0.47,0.0,False,,254,-448.0,-224.0,1.0,0.5,False,False,1
2304,blocks.3.mlp.0,element,7,"(252, 1, 25)",0,0.0,False,0.47,0.0,False,,249,-288.0,288.0,0.0,2.0,True,False,1
2305,blocks.5.mlp.0,element,6,"(349, 5, 5)",0,0.0,False,0.47,0.0,False,,248,-256.0,-1.0,8.0,0.99609375,False,False,1
2306,blocks.1.mlp.0,element,2,"(152, 2, 2)",0,0.0,False,0.47,0.0,False,,114,160.0,224.0,0.4854269027709961,0.4000000059604645,False,False,1
2307,blocks.5.mlp.2,element,5,"(165, 10, 1)",0,0.0,False,0.47,0.0,False,,217,-18.0,-288.0,3.999999523162842,15.0,False,False,1
2308,blocks.5.mlp.0,element,1,"(231, 0, 26)",0,0.0,False,0.47,0.0,False,,109,104.0,120.0,0.2064504623413086,0.1538461595773697,False,False,1
2309,blocks.4.attn.qkv,element,5,"(61, 0, 7)",0,0.0,False,0.47,0.0,False,,251,-352.0,-22.0,4.0,0.9375,False,False,1
2310,blocks.0.attn.proj,element,6,"(10, 4, 29)",0,0.0,False,0.47,0.0,False,,114,160.0,0.625,8.0,0.99609375,False,False,1
2311,blocks.4.mlp.2,element,0,"(95, 13, 8)",0,0.0,False,0.47,0.0,False,,88,16.0,18.0,0.16992521286010742,0.125,False,False,1
2312,blocks.3.mlp.0,element,1,"(418, 2, 17)",0,0.0,False,0.47,0.0,False,,210,-10.0,-8.0,0.3219280242919922,0.20000000298023224,False,False,1
2313,blocks.4.mlp.0,element,1,"(635, 5, 5)",0,0.0,False,0.47,0.0,False,,235,-88.0,-72.0,0.2895064353942871,0.1818181872367859,False,False,1
2314,blocks.3.mlp.0,element,7,"(582, 5, 12)",0,0.0,False,0.47,0.0,False,,238,-112.0,112.0,0.0,2.0,True,False,1
2315,blocks.0.attn.qkv,element,6,"(360, 5, 6)",0,0.0,False,0.47,0.0,False,,249,-288.0,-1.125,7.999999523162842,0.99609375,False,False,1
2316,blocks.2.mlp.0,element,2,"(189, 2, 7)",0,0.0,False,0.47,0.0,False,,218,-20.0,-28.0,0.4854269027709961,0.4000000059604645,False,False,1
2317,blocks.5.attn.proj,element,2,"(106, 4, 28)",0,0.0,False,0.47,0.0,False,,246,-224.0,-160.0,0.4854269027709961,0.2857142984867096,False,False,1
2318,blocks.5.mlp.2,element,4,"(30, 12, 24)",0,0.0,False,0.47,0.0,False,,229,-52.0,-208.0,2.0,3.0,False,False,1
2319,blocks.3.mlp.2,element,7,"(43, 17, 6)",0,0.0,False,0.47,0.0,False,,114,160.0,-160.0,0.0,2.0,True,False,1
2320,blocks.3.attn.qkv,element,3,"(324, 4, 23)",0,0.0,False,0.47,0.0,False,,105,72.0,36.0,1.0,0.5,False,False,1
2321,blocks.3.attn.qkv,element,5,"(189, 5, 4)",0,0.0,False,0.47,0.0,False,,33,0.140625,0.001953125,6.169924736022949,0.9861111044883728,False,False,1
2322,blocks.5.attn.proj,element,1,"(13, 1, 23)",0,0.0,False,0.47,0.0,False,,113,144.0,176.0,0.2895064353942871,0.2222222238779068,False,False,1
2323,blocks.2.mlp.2,element,5,"(14, 23, 18)",0,0.0,False,0.47,0.0,False,,217,-18.0,-288.0,3.999999523162842,15.0,False,False,1
2324,blocks.1.mlp.2,element,5,"(172, 17, 31)",0,0.0,False,0.47,0.0,False,,104,64.0,4.0,4.0,0.9375,False,False,1
2325,blocks.1.attn.qkv,element,4,"(408, 1, 8)",0,0.0,False,0.47,0.0,False,,245,-208.0,-52.0,2.0,0.75,False,False,1
2326,blocks.3.mlp.2,element,2,"(150, 20, 24)",1,0.005,True,0.475,-0.0050000000000000044,False,,241,-144.0,-208.0,0.5305147171020508,0.4444444477558136,False,False,1
2327,blocks.1.mlp.2,element,0,"(156, 7, 30)",0,0.0,False,0.47,0.0,False,,250,-320.0,-352.0,0.13750362396240234,0.10000000149011612,False,False,1
2328,blocks.5.attn.qkv,element,3,"(512, 2, 0)",0,0.0,False,0.47,0.0,False,,107,88.0,44.0,1.0,0.5,False,False,1
2329,blocks.2.mlp.0,element,1,"(504, 5, 24)",0,0.0,False,0.47,0.0,False,,203,-5.5,-4.5,0.2895066738128662,0.1818181872367859,False,False,1
2330,blocks.5.attn.qkv,element,1,"(12, 1, 14)",0,0.0,False,0.47,0.0,False,,239,-120.0,-104.0,0.2064504623413086,0.13333334028720856,False,False,1
2331,blocks.5.attn.qkv,element,3,"(401, 1, 2)",0,0.0,False,0.47,0.0,False,,110,112.0,56.0,1.0,0.5,False,False,1
2332,blocks.2.mlp.0,element,3,"(117, 2, 31)",0,0.0,False,0.47,0.0,False,,236,-96.0,-48.0,1.0,0.5,False,False,1
2333,blocks.2.mlp.2,element,7,"(27, 7, 10)",0,0.0,False,0.47,0.0,False,,206,-7.0,7.0,0.0,2.0,True,False,1
2334,blocks.5.mlp.2,element,1,"(147, 11, 27)",0,0.0,False,0.47,0.0,False,,114,160.0,128.0,0.3219280242919922,0.20000000298023224,False,False,1
2335,blocks.3.mlp.2,element,1,"(0, 6, 4)",0,0.0,False,0.47,0.0,False,,224,-32.0,-40.0,0.3219280242919922,0.25,False,False,1
2336,blocks.3.attn.qkv,element,3,"(256, 0, 30)",0,0.0,False,0.47,0.0,False,,246,-224.0,-448.0,1.0,1.0,False,False,1
2337,blocks.2.attn.qkv,element,5,"(347, 4, 14)",0,0.0,False,0.47,0.0,False,,226,-40.0,-2.5,4.0,0.9375,False,False,1
2338,blocks.0.attn.qkv,element,5,"(409, 0, 24)",0,0.0,False,0.47,0.0,False,,209,-9.0,-144.0,4.0,15.0,False,False,1
2339,blocks.1.mlp.2,element,7,"(189, 6, 31)",0,0.0,False,0.47,0.0,False,,225,-36.0,36.0,0.0,2.0,True,False,1
2340,blocks.4.mlp.2,element,3,"(69, 0, 0)",1,0.005,True,0.475,-0.0050000000000000044,False,,114,160.0,320.0,1.0,1.0,False,False,1
2341,blocks.1.attn.qkv,element,6,"(327, 5, 29)",0,0.0,False,0.47,0.0,False,,106,80.0,0.3125,8.0,0.99609375,False,False,1
2342,blocks.0.mlp.2,element,2,"(74, 10, 12)",0,0.0,False,0.47,0.0,False,,230,-56.0,-40.0,0.4854269027709961,0.2857142984867096,False,False,1
2343,blocks.5.mlp.0,element,1,"(671, 4, 10)",0,0.0,False,0.47,0.0,False,,121,288.0,352.0,0.2895069122314453,0.2222222238779068,False,False,1
2344,blocks.0.attn.qkv,element,2,"(65, 1, 25)",0,0.0,False,0.47,0.0,False,,249,-288.0,-416.0,0.5305147171020508,0.4444444477558136,False,False,1
2345,blocks.4.attn.proj,element,5,"(12, 5, 18)",0,0.0,False,0.47,0.0,False,,242,-160.0,-10.0,4.0,0.9375,False,False,1
2346,blocks.5.mlp.2,element,1,"(16, 23, 20)",0,0.0,False,0.47,0.0,False,,86,14.0,12.0,0.22239232063293457,0.1428571492433548,False,False,1
2347,blocks.5.mlp.0,element,4,"(610, 5, 15)",0,0.0,False,0.47,0.0,False,,113,144.0,36.0,2.0,0.75,False,False,1
2348,blocks.0.attn.qkv,element,4,"(166, 0, 15)",0,0.0,False,0.47,0.0,False,,91,22.0,5.5,2.0,0.75,False,False,1
2349,blocks.4.mlp.2,element,6,"(93, 21, 8)",0,0.0,False,0.47,0.0,False,,244,-192.0,-0.75,8.0,0.99609375,False,False,1
2350,blocks.1.attn.proj,element,6,"(79, 4, 18)",0,0.0,False,0.47,0.0,False,,235,-88.0,-0.34375,8.0,0.99609375,False,False,1
2351,blocks.0.mlp.0,element,7,"(18, 2, 20)",0,0.0,False,0.47,0.0,False,,102,56.0,-56.0,0.0,2.0,True,False,1
2352,blocks.4.attn.proj,element,4,"(116, 2, 24)",0,0.0,False,0.47,0.0,False,,106,80.0,320.0,2.0,3.0,False,False,1
2353,blocks.0.mlp.0,element,4,"(724, 4, 14)",1,0.005,True,0.475,-0.0050000000000000044,False,,118,224.0,56.0,2.0,0.75,False,False,1
2354,blocks.0.mlp.2,element,3,"(77, 0, 3)",0,0.0,False,0.47,0.0,False,,102,56.0,112.0,1.0,1.0,False,False,1
2355,blocks.2.attn.qkv,element,4,"(557, 2, 13)",0,0.0,False,0.47,0.0,False,,114,160.0,40.0,2.0,0.75,False,False,1
2356,blocks.5.mlp.0,element,1,"(649, 2, 30)",0,0.0,False,0.47,0.0,False,,246,-224.0,-192.0,0.22239255905151367,0.1428571492433548,False,False,1
2357,blocks.2.mlp.2,element,7,"(18, 20, 13)",0,0.0,False,0.47,0.0,False,,100,48.0,-48.0,0.0,2.0,True,False,1
2358,blocks.2.mlp.2,scale,2,"(117, 15)",2,0.01,True,0.475,-0.0050000000000000044,False,,116,116.0,112.0,4.0,inf,False,False,32
2359,blocks.2.mlp.2,element,6,"(17, 14, 3)",0,0.0,False,0.47,0.0,False,,239,-120.0,-0.46875,8.0,0.99609375,False,False,1
2360,blocks.0.mlp.2,element,4,"(166, 6, 4)",0,0.0,False,0.47,0.0,False,,100,48.0,192.0,2.0,3.0,False,False,1
2361,blocks.0.mlp.0,element,2,"(9, 1, 31)",0,0.0,False,0.47,0.0,False,,235,-88.0,-120.0,0.44745874404907227,0.3636363744735718,False,False,1
2362,blocks.3.mlp.0,element,2,"(201, 5, 3)",1,0.005,True,0.475,-0.0050000000000000044,False,,125,416.0,288.0,0.5305147171020508,0.3076923191547394,False,False,1
2363,blocks.5.mlp.0,element,7,"(152, 0, 0)",0,0.0,False,0.47,0.0,False,,97,36.0,-36.0,0.0,2.0,True,False,1
2364,blocks.3.mlp.2,element,3,"(46, 17, 3)",0,0.0,False,0.47,0.0,False,,121,288.0,144.0,0.9999995231628418,0.5,False,False,1
2365,blocks.5.mlp.2,element,1,"(150, 9, 6)",0,0.0,False,0.47,0.0,False,,90,20.0,16.0,0.3219280242919922,0.20000000298023224,False,False,1
2366,blocks.1.mlp.0,element,1,"(526, 1, 6)",0,0.0,False,0.47,0.0,False,,82,10.0,8.0,0.3219280242919922,0.20000000298023224,False,False,1
2367,blocks.5.mlp.2,element,3,"(101, 19, 29)",0,0.0,False,0.47,0.0,False,,234,-80.0,-40.0,1.0,0.5,False,False,1
2368,blocks.0.mlp.2,element,2,"(141, 11, 16)",0,0.0,False,0.47,0.0,False,,61,1.625,1.125,0.5305147171020508,0.3076923191547394,False,False,1
2369,blocks.5.mlp.2,element,3,"(50, 15, 31)",0,0.0,False,0.47,0.0,False,,245,-208.0,-416.0,0.9999995231628418,1.0,False,False,1
2370,blocks.1.mlp.0,element,5,"(281, 1, 15)",0,0.0,False,0.47,0.0,False,,218,-20.0,-320.0,4.0,15.0,False,False,1
2371,blocks.2.mlp.2,element,7,"(110, 15, 26)",2,0.01,True,0.47,0.0,False,,120,256.0,-256.0,0.0,2.0,True,False,1
2372,blocks.5.mlp.2,element,7,"(160, 17, 13)",0,0.0,False,0.47,0.0,False,,118,224.0,-224.0,0.0,2.0,True,False,1
2373,blocks.3.attn.qkv,element,0,"(363, 5, 30)",0,0.0,False,0.47,0.0,False,,99,44.0,40.0,0.13750362396240234,0.09090909361839294,False,False,1
2374,blocks.5.attn.qkv,element,5,"(267, 1, 5)",0,0.0,False,0.47,0.0,False,,220,-24.0,-384.0,4.000000476837158,15.0,False,False,1
2375,blocks.0.attn.proj,element,3,"(124, 1, 29)",0,0.0,False,0.47,0.0,False,,228,-48.0,-96.0,1.0,1.0,False,False,1
2376,blocks.2.mlp.2,element,3,"(175, 7, 15)",0,0.0,False,0.47,0.0,False,,89,18.0,9.0,1.000000238418579,0.5,False,False,1
2377,blocks.3.mlp.0,element,4,"(522, 5, 7)",0,0.0,False,0.47,0.0,False,,235,-88.0,-352.0,2.0,3.0,False,False,1
2378,blocks.4.mlp.0,element,7,"(547, 2, 26)",0,0.0,False,0.47,0.0,False,,88,16.0,-16.0,0.0,2.0,True,False,1
2379,blocks.1.mlp.2,element,0,"(158, 3, 12)",0,0.0,False,0.47,0.0,False,,245,-208.0,-192.0,0.1154775619506836,0.07692307978868484,False,False,1
2380,blocks.1.attn.qkv,element,6,"(217, 5, 20)",0,0.0,False,0.47,0.0,False,,97,36.0,0.140625,8.0,0.99609375,False,False,1
2381,blocks.2.attn.qkv,element,1,"(19, 4, 1)",0,0.0,False,0.47,0.0,False,,103,60.0,52.0,0.2064504623413086,0.13333334028720856,False,False,1
2382,blocks.2.mlp.2,element,7,"(180, 5, 31)",1,0.005,True,0.475,-0.0050000000000000044,False,,115,176.0,-176.0,0.0,2.0,True,False,1
2383,blocks.2.attn.qkv,element,5,"(5, 4, 3)",0,0.0,False,0.47,0.0,False,,122,320.0,20.0,4.0,0.9375,False,False,1
2384,blocks.1.attn.qkv,element,2,"(493, 0, 26)",0,0.0,False,0.47,0.0,False,,254,-448.0,-320.0,0.4854269027709961,0.2857142984867096,False,False,1
2385,blocks.2.mlp.2,element,4,"(187, 1, 15)",0,0.0,False,0.47,0.0,False,,115,176.0,44.0,2.0,0.75,False,False,1
2386,blocks.4.attn.qkv,element,3,"(17, 5, 24)",0,0.0,False,0.47,0.0,False,,104,64.0,32.0,1.0,0.5,False,False,1
2387,blocks.3.mlp.2,element,6,"(52, 21, 2)",0,0.0,False,0.47,0.0,False,,249,-288.0,-1.125,7.999999523162842,0.99609375,False,False,1
2388,blocks.3.mlp.0,element,1,"(718, 2, 8)",0,0.0,False,0.47,0.0,False,,208,-8.0,-10.0,0.3219280242919922,0.25,False,False,1
2389,blocks.5.mlp.0,element,7,"(252, 2, 8)",1,0.005,True,0.47,0.0,False,,247,-240.0,240.0,0.0,2.0,True,False,1
2390,blocks.4.attn.qkv,element,7,"(317, 5, 27)",0,0.0,False,0.47,0.0,False,,76,6.0,-6.0,0.0,2.0,True,False,1
2391,blocks.5.mlp.2,element,5,"(36, 7, 18)",0,0.0,False,0.47,0.0,False,,218,-20.0,-320.0,4.0,15.0,False,False,1
2392,blocks.3.attn.qkv,element,4,"(158, 5, 22)",200,1.0,True,0.0,0.47,True,,111,120.0,,inf,inf,False,True,1
2393,blocks.3.mlp.0,element,1,"(278, 4, 3)",0,0.0,False,0.47,0.0,False,,217,-18.0,-22.0,0.2895064353942871,0.2222222238779068,False,False,1
2394,blocks.0.attn.qkv,element,3,"(511, 3, 10)",0,0.0,False,0.47,0.0,False,,218,-20.0,-10.0,1.0,0.5,False,False,1
2395,blocks.4.attn.proj,element,2,"(14, 0, 23)",0,0.0,False,0.47,0.0,False,,240,-128.0,-192.0,0.5849623680114746,0.5,False,False,1
2396,blocks.5.attn.qkv,element,1,"(31, 5, 29)",0,0.0,False,0.47,0.0,False,,108,96.0,112.0,0.22239255905151367,0.1666666716337204,False,False,1
2397,blocks.0.mlp.0,element,7,"(489, 3, 21)",0,0.0,False,0.47,0.0,False,,238,-112.0,112.0,0.0,2.0,True,False,1
2398,blocks.3.attn.qkv,element,6,"(215, 5, 8)",0,0.0,False,0.47,0.0,False,,100,48.0,0.1875,8.0,0.99609375,False,False,1
2399,blocks.3.mlp.2,element,7,"(80, 3, 23)",0,0.0,False,0.47,0.0,False,,92,24.0,-24.0,0.0,2.0,True,False,1
2400,blocks.5.mlp.0,element,3,"(211, 4, 16)",0,0.0,False,0.47,0.0,False,,107,88.0,44.0,1.0,0.5,False,False,1
2401,blocks.1.attn.proj,element,3,"(9, 0, 18)",0,0.0,False,0.47,0.0,False,,112,128.0,256.0,1.0,1.0,False,False,1
2402,blocks.1.mlp.0,element,1,"(451, 0, 18)",0,0.0,False,0.47,0.0,False,,202,-5.0,-4.0,0.3219280242919922,0.20000000298023224,False,False,1
2403,blocks.2.mlp.2,element,6,"(183, 17, 17)",1,0.005,True,0.47,0.0,False,,243,-176.0,-0.6875,8.0,0.99609375,False,False,1
2404,blocks.1.attn.proj,element,1,"(80, 3, 13)",0,0.0,False,0.47,0.0,False,,237,-104.0,-120.0,0.2064504623413086,0.1538461595773697,False,False,1
2405,blocks.4.mlp.2,element,4,"(73, 6, 0)",0,0.0,False,0.47,0.0,False,,227,-44.0,-176.0,2.0,3.0,False,False,1
2406,blocks.4.attn.qkv,element,7,"(65, 2, 30)",0,0.0,False,0.47,0.0,False,,218,-20.0,20.0,0.0,2.0,True,False,1
2407,blocks.5.attn.qkv,element,1,"(98, 4, 2)",0,0.0,False,0.47,0.0,False,,240,-128.0,-160.0,0.3219280242919922,0.25,False,False,1
2408,blocks.5.attn.qkv,element,4,"(108, 5, 14)",0,0.0,False,0.47,0.0,False,,96,32.0,128.0,2.0,3.0,False,False,1
2409,blocks.3.mlp.2,element,7,"(186, 1, 17)",0,0.0,False,0.47,0.0,False,,216,-16.0,16.0,0.0,2.0,True,False,1
2410,blocks.2.mlp.2,element,6,"(10, 1, 15)",0,0.0,False,0.47,0.0,False,,103,60.0,0.234375,8.0,0.99609375,False,False,1
2411,blocks.3.mlp.2,element,4,"(109, 19, 5)",0,0.0,False,0.47,0.0,False,,233,-72.0,-288.0,1.9999995231628418,3.0,False,False,1
2412,blocks.2.attn.proj,element,4,"(62, 0, 31)",0,0.0,False,0.47,0.0,False,,119,240.0,60.0,2.0,0.75,False,False,1
2413,blocks.1.mlp.2,element,3,"(136, 16, 12)",0,0.0,False,0.47,0.0,False,,238,-112.0,-56.0,1.0,0.5,False,False,1
2414,blocks.1.mlp.0,scale,3,"(382, 4)",9,0.045,True,0.48,-0.010000000000000009,False,,113,113.0,121.0,8.0,inf,False,False,32
2415,blocks.2.mlp.0,element,7,"(81, 0, 6)",2,0.01,True,0.475,-0.0050000000000000044,False,,102,56.0,-56.0,0.0,2.0,True,False,1
2416,head,element,3,"(17, 4, 4)",0,0.0,False,0.47,0.0,False,,225,-36.0,-72.0,1.0,1.0,False,False,1
2417,blocks.1.mlp.2,element,7,"(138, 2, 23)",0,0.0,False,0.47,0.0,False,,95,30.0,-30.0,0.0,2.0,True,False,1
2418,blocks.0.mlp.2,element,4,"(60, 16, 1)",0,0.0,False,0.47,0.0,False,,91,22.0,5.5,2.0,0.75,False,False,1
2419,blocks.2.mlp.0,element,2,"(106, 1, 23)",0,0.0,False,0.47,0.0,False,,105,72.0,104.0,0.5305147171020508,0.4444444477558136,False,False,1
2420,blocks.2.mlp.2,element,6,"(4, 14, 3)",0,0.0,False,0.47,0.0,False,,240,-128.0,-0.5,8.0,0.99609375,False,False,1
2421,blocks.1.attn.qkv,element,3,"(412, 0, 24)",1,0.005,True,0.47,0.0,False,,245,-208.0,-416.0,0.9999995231628418,1.0,False,False,1
2422,head,element,3,"(22, 3, 8)",0,0.0,False,0.47,0.0,False,,215,-15.0,-30.0,0.9999997615814209,1.0,False,False,1
2423,blocks.5.attn.qkv,element,4,"(297, 0, 6)",0,0.0,False,0.47,0.0,False,,232,-64.0,-256.0,2.0,3.0,False,False,1
2424,blocks.2.attn.qkv,element,1,"(298, 3, 31)",0,0.0,False,0.47,0.0,False,,196,-3.0,-3.5,0.22239243984222412,0.1666666716337204,False,False,1
2425,blocks.5.mlp.2,element,6,"(137, 11, 28)",0,0.0,False,0.47,0.0,False,,116,192.0,0.75,8.0,0.99609375,False,False,1
2426,blocks.1.mlp.0,scale,3,"(451, 4)",19,0.095,True,0.46,0.009999999999999953,False,,116,116.0,124.0,8.0,inf,False,False,32
2427,blocks.4.mlp.2,element,4,"(129, 10, 16)",0,0.0,False,0.47,0.0,False,,224,-32.0,-128.0,2.0,3.0,False,False,1
2428,blocks.5.mlp.2,element,7,"(134, 2, 2)",0,0.0,False,0.47,0.0,False,,201,-4.5,4.5,0.0,2.0,True,False,1
2429,blocks.1.mlp.0,element,7,"(397, 0, 31)",0,0.0,False,0.47,0.0,False,,101,52.0,-52.0,0.0,2.0,True,False,1
2430,blocks.2.mlp.0,element,2,"(501, 0, 18)",0,0.0,False,0.47,0.0,False,,114,160.0,224.0,0.4854269027709961,0.4000000059604645,False,False,1
2431,blocks.4.mlp.2,element,1,"(119, 23, 31)",0,0.0,False,0.47,0.0,False,,114,160.0,128.0,0.3219280242919922,0.20000000298023224,False,False,1
2432,blocks.0.attn.qkv,element,1,"(247, 5, 3)",0,0.0,False,0.47,0.0,False,,205,-6.5,-7.5,0.2064509391784668,0.1538461595773697,False,False,1
2433,head,element,0,"(90, 0, 22)",0,0.0,False,0.47,0.0,False,,124,384.0,416.0,0.11547660827636719,0.0833333358168602,False,False,1
2434,blocks.3.mlp.0,element,2,"(666, 3, 16)",0,0.0,False,0.47,0.0,False,,250,-320.0,-448.0,0.4854269027709961,0.4000000059604645,False,False,1
2435,blocks.2.mlp.2,element,4,"(90, 9, 4)",1,0.005,True,0.47,0.0,False,,249,-288.0,-72.0,1.9999995231628418,0.75,False,False,1
2436,blocks.1.mlp.2,element,2,"(63, 16, 12)",0,0.0,False,0.47,0.0,False,,107,88.0,120.0,0.44745874404907227,0.3636363744735718,False,False,1
2437,blocks.3.attn.qkv,element,1,"(67, 4, 24)",0,0.0,False,0.47,0.0,False,,120,256.0,320.0,0.3219280242919922,0.25,False,False,1
2438,blocks.0.mlp.2,element,3,"(35, 13, 7)",0,0.0,False,0.47,0.0,False,,110,112.0,56.0,1.0,0.5,False,False,1
2439,blocks.4.mlp.0,element,0,"(294, 1, 0)",0,0.0,False,0.47,0.0,False,,97,36.0,32.0,0.16992521286010742,0.1111111119389534,False,False,1
2440,blocks.0.mlp.0,element,7,"(477, 2, 29)",0,0.0,False,0.47,0.0,False,,99,44.0,-44.0,0.0,2.0,True,False,1
2441,blocks.2.mlp.0,element,7,"(448, 3, 16)",0,0.0,False,0.47,0.0,False,,210,-10.0,10.0,0.0,2.0,True,False,1
2442,blocks.5.mlp.2,element,2,"(75, 4, 7)",0,0.0,False,0.47,0.0,False,,246,-224.0,-160.0,0.4854269027709961,0.2857142984867096,False,False,1
2443,blocks.1.mlp.2,element,6,"(157, 19, 30)",0,0.0,False,0.47,0.0,False,,116,192.0,0.75,8.0,0.99609375,False,False,1
2444,blocks.3.mlp.2,element,1,"(1, 14, 20)",0,0.0,False,0.47,0.0,False,,209,-9.0,-11.0,0.2895066738128662,0.2222222238779068,False,False,1
2445,blocks.2.mlp.0,element,7,"(371, 4, 16)",0,0.0,False,0.47,0.0,False,,105,72.0,-72.0,0.0,2.0,True,False,1
2446,blocks.3.attn.qkv,element,4,"(442, 4, 4)",0,0.0,False,0.47,0.0,False,,110,112.0,448.0,2.0,3.0,False,False,1
2447,blocks.0.mlp.0,element,1,"(329, 0, 22)",0,0.0,False,0.47,0.0,False,,116,192.0,224.0,0.22239255905151367,0.1666666716337204,False,False,1
2448,blocks.3.attn.qkv,element,5,"(58, 5, 3)",0,0.0,False,0.47,0.0,False,,120,256.0,16.0,4.0,0.9375,False,False,1
2449,blocks.4.mlp.2,element,5,"(76, 15, 22)",0,0.0,False,0.47,0.0,False,,248,-256.0,-16.0,4.0,0.9375,False,False,1
2450,blocks.4.mlp.2,element,4,"(151, 7, 1)",0,0.0,False,0.47,0.0,False,,235,-88.0,-352.0,2.0,3.0,False,False,1
2451,blocks.3.mlp.2,element,0,"(15, 15, 29)",0,0.0,False,0.47,0.0,False,,244,-192.0,-208.0,0.1154775619506836,0.0833333358168602,False,False,1
2452,blocks.4.mlp.0,element,7,"(169, 4, 21)",0,0.0,False,0.47,0.0,False,,108,96.0,-96.0,0.0,2.0,True,False,1
2453,blocks.5.mlp.0,element,0,"(49, 0, 26)",0,0.0,False,0.47,0.0,False,,244,-192.0,-208.0,0.1154775619506836,0.0833333358168602,False,False,1
2454,blocks.1.attn.qkv,element,6,"(110, 0, 18)",0,0.0,False,0.47,0.0,False,,237,-104.0,-0.40625,8.0,0.99609375,False,False,1
2455,blocks.3.attn.proj,element,2,"(81, 4, 1)",0,0.0,False,0.47,0.0,False,,102,56.0,40.0,0.4854269027709961,0.2857142984867096,False,False,1
2456,blocks.1.mlp.2,element,2,"(152, 9, 6)",0,0.0,False,0.47,0.0,False,,242,-160.0,-224.0,0.4854269027709961,0.4000000059604645,False,False,1
2457,blocks.4.mlp.0,element,1,"(194, 4, 8)",0,0.0,False,0.47,0.0,False,,99,44.0,36.0,0.2895064353942871,0.1818181872367859,False,False,1
2458,blocks.4.mlp.0,element,5,"(450, 1, 21)",0,0.0,False,0.47,0.0,False,,108,96.0,6.0,3.999999761581421,0.9375,False,False,1
2459,blocks.4.mlp.2,element,6,"(148, 21, 21)",0,0.0,False,0.47,0.0,False,,114,160.0,0.625,8.0,0.99609375,False,False,1
2460,blocks.1.attn.qkv,element,7,"(396, 5, 29)",0,0.0,False,0.47,0.0,False,,244,-192.0,192.0,0.0,2.0,True,False,1
2461,blocks.5.attn.qkv,scale,1,"(148, 2)",1,0.005,True,0.47,0.0,False,,116,116.0,118.0,2.0,inf,False,False,32
2462,blocks.1.mlp.0,element,7,"(311, 2, 29)",0,0.0,False,0.47,0.0,False,,242,-160.0,160.0,0.0,2.0,True,False,1
2463,blocks.3.mlp.0,element,3,"(668, 4, 24)",0,0.0,False,0.47,0.0,False,,245,-208.0,-416.0,0.9999995231628418,1.0,False,False,1
2464,blocks.0.mlp.0,element,1,"(230, 3, 6)",0,0.0,False,0.47,0.0,False,,229,-52.0,-60.0,0.2064504623413086,0.1538461595773697,False,False,1
2465,blocks.5.attn.qkv,element,4,"(335, 5, 3)",0,0.0,False,0.47,0.0,False,,206,-7.0,-28.0,2.0,3.0,False,False,1
2466,blocks.0.mlp.0,element,3,"(662, 4, 15)",0,0.0,False,0.47,0.0,False,,124,384.0,192.0,1.0000004768371582,0.5,False,False,1
2467,blocks.1.attn.qkv,element,2,"(432, 5, 10)",0,0.0,False,0.47,0.0,False,,241,-144.0,-208.0,0.5305147171020508,0.4444444477558136,False,False,1
2468,blocks.0.mlp.2,element,2,"(106, 21, 8)",0,0.0,False,0.47,0.0,False,,105,72.0,104.0,0.5305147171020508,0.4444444477558136,False,False,1
2469,blocks.3.mlp.0,element,1,"(287, 1, 0)",0,0.0,False,0.47,0.0,False,,248,-256.0,-320.0,0.3219280242919922,0.25,False,False,1
2470,blocks.3.mlp.0,element,2,"(283, 0, 9)",0,0.0,False,0.47,0.0,False,,89,18.0,26.0,0.5305147171020508,0.4444444477558136,False,False,1
2471,blocks.2.mlp.2,element,0,"(106, 7, 25)",0,0.0,False,0.47,0.0,False,,102,56.0,60.0,0.09953546524047852,0.0714285746216774,False,False,1
2472,blocks.0.mlp.2,element,0,"(142, 0, 16)",0,0.0,False,0.47,0.0,False,,242,-160.0,-176.0,0.13750362396240234,0.10000000149011612,False,False,1
2473,blocks.3.mlp.0,element,5,"(737, 0, 13)",0,0.0,False,0.47,0.0,False,,242,-160.0,-10.0,4.0,0.9375,False,False,1
2474,blocks.0.mlp.0,element,2,"(275, 2, 0)",0,0.0,False,0.47,0.0,False,,241,-144.0,-208.0,0.5305147171020508,0.4444444477558136,False,False,1
2475,blocks.5.mlp.0,element,4,"(65, 0, 18)",0,0.0,False,0.47,0.0,False,,223,-30.0,-7.5,1.999999761581421,0.75,False,False,1
2476,blocks.2.attn.proj,element,2,"(6, 5, 14)",0,0.0,False,0.47,0.0,False,,119,240.0,176.0,0.44745874404907227,0.2666666805744171,False,False,1
2477,blocks.5.mlp.0,element,5,"(15, 5, 16)",0,0.0,False,0.47,0.0,False,,247,-240.0,-15.0,3.999999761581421,0.9375,False,False,1
2478,blocks.2.mlp.2,element,1,"(83, 9, 26)",0,0.0,False,0.47,0.0,False,,108,96.0,112.0,0.22239255905151367,0.1666666716337204,False,False,1
2479,blocks.4.attn.qkv,element,3,"(29, 4, 30)",0,0.0,False,0.47,0.0,False,,98,40.0,80.0,1.0,1.0,False,False,1
2480,blocks.1.mlp.0,element,6,"(390, 5, 26)",0,0.0,False,0.47,0.0,False,,245,-208.0,-0.8125,8.0,0.99609375,False,False,1
2481,blocks.5.mlp.2,element,2,"(43, 15, 0)",0,0.0,False,0.47,0.0,False,,88,16.0,24.0,0.5849623680114746,0.5,False,False,1
2482,blocks.3.mlp.0,element,1,"(380, 0, 30)",0,0.0,False,0.47,0.0,False,,239,-120.0,-104.0,0.2064504623413086,0.13333334028720856,False,False,1
2483,blocks.2.attn.proj,element,2,"(64, 5, 23)",0,0.0,False,0.47,0.0,False,,113,144.0,208.0,0.5305147171020508,0.4444444477558136,False,False,1
2484,blocks.1.attn.qkv,element,4,"(272, 1, 11)",0,0.0,False,0.47,0.0,False,,77,6.5,26.0,2.000000238418579,3.0,False,False,1
2485,blocks.4.mlp.2,element,6,"(134, 16, 4)",0,0.0,False,0.47,0.0,False,,84,12.0,0.046875,8.0,0.99609375,False,False,1
2486,blocks.4.mlp.0,element,0,"(403, 2, 18)",0,0.0,False,0.47,0.0,False,,245,-208.0,-192.0,0.1154775619506836,0.07692307978868484,False,False,1
2487,blocks.0.mlp.0,element,4,"(679, 0, 5)",0,0.0,False,0.47,0.0,False,,125,416.0,104.0,1.9999995231628418,0.75,False,False,1
2488,blocks.5.mlp.0,element,3,"(149, 1, 16)",0,0.0,False,0.47,0.0,False,,105,72.0,36.0,1.0,0.5,False,False,1
2489,blocks.2.mlp.2,element,7,"(130, 6, 14)",0,0.0,False,0.47,0.0,False,,103,60.0,-60.0,0.0,2.0,True,False,1
2490,blocks.1.mlp.2,element,4,"(28, 0, 10)",1,0.005,True,0.475,-0.0050000000000000044,False,,101,52.0,208.0,2.0,3.0,False,False,1
2491,blocks.4.attn.proj,element,0,"(28, 3, 24)",0,0.0,False,0.47,0.0,False,,238,-112.0,-120.0,0.09953546524047852,0.0714285746216774,False,False,1
2492,blocks.5.mlp.2,element,1,"(51, 23, 15)",0,0.0,False,0.47,0.0,False,,109,104.0,120.0,0.2064504623413086,0.1538461595773697,False,False,1
2493,blocks.0.mlp.2,element,6,"(95, 17, 7)",0,0.0,False,0.47,0.0,False,,229,-52.0,-0.203125,8.0,0.99609375,False,False,1
2494,blocks.5.attn.proj,element,3,"(133, 0, 0)",0,0.0,False,0.47,0.0,False,,123,352.0,176.0,1.0,0.5,False,False,1
2495,blocks.3.mlp.0,element,1,"(424, 0, 14)",0,0.0,False,0.47,0.0,False,,231,-60.0,-52.0,0.2064504623413086,0.13333334028720856,False,False,1
2496,blocks.0.mlp.0,element,3,"(433, 2, 26)",0,0.0,False,0.47,0.0,False,,105,72.0,36.0,1.0,0.5,False,False,1
2497,blocks.3.attn.qkv,element,0,"(327, 3, 5)",0,0.0,False,0.47,0.0,False,,106,80.0,88.0,0.13750362396240234,0.10000000149011612,False,False,1
2498,blocks.1.attn.qkv,element,2,"(279, 2, 19)",0,0.0,False,0.47,0.0,False,,233,-72.0,-104.0,0.5305147171020508,0.4444444477558136,False,False,1
2499,blocks.1.attn.qkv,element,3,"(182, 0, 27)",0,0.0,False,0.47,0.0,False,,102,56.0,112.0,1.0,1.0,False,False,1
2500,blocks.1.mlp.0,element,6,"(582, 5, 14)",0,0.0,False,0.47,0.0,False,,93,26.0,0.1015625,8.0,0.99609375,False,False,1
2501,blocks.4.mlp.2,element,1,"(160, 11, 3)",0,0.0,False,0.47,0.0,False,,102,56.0,48.0,0.22239255905151367,0.1428571492433548,False,False,1
2502,blocks.4.attn.qkv,element,0,"(432, 1, 7)",0,0.0,False,0.47,0.0,False,,223,-30.0,-28.0,0.09953546524047852,0.06666667014360428,False,False,1
2503,blocks.2.mlp.2,element,0,"(34, 10, 31)",0,0.0,False,0.47,0.0,False,,245,-208.0,-192.0,0.1154775619506836,0.07692307978868484,False,False,1
2504,blocks.4.attn.qkv,element,7,"(101, 0, 14)",0,0.0,False,0.47,0.0,False,,72,4.0,-4.0,0.0,2.0,True,False,1
2505,blocks.5.attn.qkv,element,2,"(434, 4, 21)",0,0.0,False,0.47,0.0,False,,120,256.0,384.0,0.5849628448486328,0.5,False,False,1
2506,blocks.1.mlp.0,scale,3,"(37, 3)",94,0.47,True,0.35,0.12,False,,116,116.0,124.0,8.0,inf,False,False,32
2507,blocks.0.mlp.2,element,7,"(177, 22, 5)",0,0.0,False,0.47,0.0,False,,75,5.5,-5.5,0.0,2.0,True,False,1
2508,blocks.4.mlp.2,element,0,"(180, 14, 20)",0,0.0,False,0.47,0.0,False,,92,24.0,26.0,0.1154775619506836,0.0833333358168602,False,False,1
2509,blocks.3.mlp.2,element,0,"(126, 20, 5)",0,0.0,False,0.47,0.0,False,,244,-192.0,-208.0,0.1154775619506836,0.0833333358168602,False,False,1
2510,blocks.1.mlp.0,element,6,"(276, 2, 5)",0,0.0,False,0.47,0.0,False,,245,-208.0,-0.8125,8.0,0.99609375,False,False,1
2511,blocks.2.mlp.0,element,3,"(179, 2, 10)",200,1.0,True,0.0,0.47,True,,247,-240.0,,inf,inf,False,True,1
2512,blocks.2.mlp.0,element,7,"(67, 3, 2)",0,0.0,False,0.47,0.0,False,,249,-288.0,288.0,0.0,2.0,True,False,1
2513,blocks.2.mlp.0,element,5,"(396, 5, 22)",0,0.0,False,0.47,0.0,False,,79,7.5,120.0,3.999999761581421,15.0,False,False,1
2514,blocks.2.attn.qkv,element,6,"(475, 1, 21)",0,0.0,False,0.47,0.0,False,,243,-176.0,-0.6875,8.0,0.99609375,False,False,1
2515,blocks.3.mlp.0,element,1,"(618, 4, 0)",0,0.0,False,0.47,0.0,False,,96,32.0,40.0,0.3219280242919922,0.25,False,False,1
2516,blocks.1.mlp.0,element,3,"(700, 5, 0)",0,0.0,False,0.47,0.0,False,,98,40.0,80.0,1.0,1.0,False,False,1
2517,blocks.0.mlp.2,element,4,"(56, 11, 3)",0,0.0,False,0.47,0.0,False,,177,-0.5625,-0.140625,2.0,0.75,False,False,1
2518,blocks.1.attn.qkv,element,2,"(95, 3, 29)",0,0.0,False,0.47,0.0,False,,235,-88.0,-120.0,0.44745874404907227,0.3636363744735718,False,False,1
2519,blocks.1.mlp.0,element,5,"(227, 0, 16)",0,0.0,False,0.47,0.0,False,,105,72.0,4.5,4.0,0.9375,False,False,1
2520,blocks.5.mlp.2,element,0,"(75, 4, 0)",0,0.0,False,0.47,0.0,False,,197,-3.25,-3.0,0.11547720432281494,0.07692307978868484,False,False,1
2521,blocks.3.mlp.0,element,4,"(742, 0, 17)",200,1.0,True,0.0,0.47,True,,111,120.0,,inf,inf,False,True,1
2522,blocks.2.mlp.0,element,1,"(689, 0, 10)",0,0.0,False,0.47,0.0,False,,120,256.0,320.0,0.3219280242919922,0.25,False,False,1
2523,blocks.5.mlp.0,element,7,"(520, 5, 27)",0,0.0,False,0.47,0.0,False,,108,96.0,-96.0,0.0,2.0,True,False,1
2524,blocks.5.mlp.0,scale,3,"(721, 4)",69,0.345,True,0.345,0.125,False,,116,116.0,124.0,8.0,inf,False,False,32
2525,blocks.3.mlp.2,element,0,"(109, 12, 20)",0,0.0,False,0.47,0.0,False,,80,8.0,9.0,0.16992497444152832,0.125,False,False,1
2526,blocks.3.mlp.0,element,3,"(267, 5, 22)",0,0.0,False,0.47,0.0,False,,253,-416.0,-208.0,0.9999995231628418,0.5,False,False,1
2527,head,element,6,"(38, 5, 13)",0,0.0,False,0.47,0.0,False,,239,-120.0,-0.46875,8.0,0.99609375,False,False,1
2528,blocks.5.mlp.2,element,5,"(155, 23, 26)",0,0.0,False,0.47,0.0,False,,213,-13.0,-208.0,4.0,15.0,False,False,1
2529,blocks.3.mlp.2,element,5,"(14, 22, 28)",0,0.0,False,0.47,0.0,False,,105,72.0,4.5,4.0,0.9375,False,False,1
2530,blocks.2.mlp.0,element,5,"(704, 0, 4)",0,0.0,False,0.47,0.0,False,,121,288.0,18.0,3.999999523162842,0.9375,False,False,1
2531,blocks.4.mlp.0,element,5,"(77, 2, 0)",0,0.0,False,0.47,0.0,False,,242,-160.0,-10.0,4.0,0.9375,False,False,1
2532,blocks.1.mlp.0,element,6,"(637, 5, 17)",0,0.0,False,0.47,0.0,False,,239,-120.0,-0.46875,8.0,0.99609375,False,False,1
2533,blocks.0.mlp.2,element,2,"(157, 16, 6)",0,0.0,False,0.47,0.0,False,,241,-144.0,-208.0,0.5305147171020508,0.4444444477558136,False,False,1
2534,blocks.0.mlp.0,element,6,"(97, 4, 27)",0,0.0,False,0.47,0.0,False,,99,44.0,0.171875,8.0,0.99609375,False,False,1
2535,blocks.1.mlp.2,element,2,"(71, 5, 18)",0,0.0,False,0.47,0.0,False,,239,-120.0,-88.0,0.44745874404907227,0.2666666805744171,False,False,1
2536,blocks.3.mlp.0,element,2,"(63, 0, 5)",0,0.0,False,0.47,0.0,False,,116,192.0,128.0,0.5849623680114746,0.3333333432674408,False,False,1
2537,blocks.4.mlp.2,element,6,"(53, 15, 8)",1,0.005,True,0.475,-0.0050000000000000044,False,,242,-160.0,-0.625,8.0,0.99609375,False,False,1
2538,blocks.3.mlp.2,element,5,"(0, 2, 23)",0,0.0,False,0.47,0.0,False,,225,-36.0,-2.25,4.0,0.9375,False,False,1
2539,blocks.0.mlp.0,element,0,"(146, 2, 11)",0,0.0,False,0.47,0.0,False,,247,-240.0,-224.0,0.09953546524047852,0.06666667014360428,False,False,1
2540,blocks.5.mlp.2,element,4,"(167, 1, 16)",0,0.0,False,0.47,0.0,False,,113,144.0,36.0,2.0,0.75,False,False,1
2541,blocks.1.mlp.2,element,2,"(56, 20, 22)",0,0.0,False,0.47,0.0,False,,243,-176.0,-240.0,0.44745874404907227,0.3636363744735718,False,False,1
2542,blocks.5.attn.qkv,scale,0,"(326, 1)",0,0.0,False,0.47,0.0,False,,116,116.0,117.0,1.0,inf,False,False,32
2543,blocks.2.mlp.2,element,0,"(22, 2, 2)",0,0.0,False,0.47,0.0,False,,77,6.5,6.0,0.11547708511352539,0.07692307978868484,False,False,1
2544,blocks.0.mlp.2,element,1,"(65, 1, 28)",0,0.0,False,0.47,0.0,False,,117,208.0,240.0,0.2064504623413086,0.1538461595773697,False,False,1
2545,blocks.1.mlp.2,element,0,"(128, 23, 5)",0,0.0,False,0.47,0.0,False,,233,-72.0,-64.0,0.16992521286010742,0.1111111119389534,False,False,1
2546,blocks.4.attn.qkv,element,5,"(161, 3, 10)",0,0.0,False,0.47,0.0,False,,233,-72.0,-4.5,4.0,0.9375,False,False,1
2547,blocks.3.mlp.0,element,6,"(640, 2, 16)",0,0.0,False,0.47,0.0,False,,101,52.0,0.203125,8.0,0.99609375,False,False,1
2548,blocks.5.mlp.0,element,4,"(460, 2, 2)",0,0.0,False,0.47,0.0,False,,105,72.0,288.0,1.9999995231628418,3.0,False,False,1
2549,blocks.1.mlp.2,element,4,"(123, 18, 13)",1,0.005,True,0.475,-0.0050000000000000044,False,,248,-256.0,-64.0,2.0,0.75,False,False,1
2550,blocks.3.attn.qkv,element,3,"(526, 4, 10)",0,0.0,False,0.47,0.0,False,,227,-44.0,-88.0,1.0,1.0,False,False,1
2551,blocks.5.attn.proj,element,0,"(115, 2, 23)",0,0.0,False,0.47,0.0,False,,110,112.0,120.0,0.09953546524047852,0.0714285746216774,False,False,1
2552,blocks.3.mlp.2,element,0,"(103, 21, 28)",0,0.0,False,0.47,0.0,False,,111,120.0,112.0,0.09953546524047852,0.06666667014360428,False,False,1
2553,blocks.3.mlp.2,element,5,"(6, 10, 17)",1,0.005,True,0.475,-0.0050000000000000044,False,,89,18.0,288.0,3.999999523162842,15.0,False,False,1
2554,blocks.0.attn.qkv,element,0,"(562, 2, 20)",0,0.0,False,0.47,0.0,False,,94,28.0,30.0,0.09953546524047852,0.0714285746216774,False,False,1
2555,blocks.4.attn.qkv,element,4,"(526, 2, 9)",0,0.0,False,0.47,0.0,False,,251,-352.0,-88.0,2.0,0.75,False,False,1
2556,blocks.5.mlp.2,element,1,"(7, 10, 5)",0,0.0,False,0.47,0.0,False,,114,160.0,128.0,0.3219280242919922,0.20000000298023224,False,False,1
2557,blocks.2.attn.qkv,element,6,"(553, 0, 19)",0,0.0,False,0.47,0.0,False,,224,-32.0,-0.125,8.0,0.99609375,False,False,1
2558,blocks.2.mlp.2,element,2,"(153, 14, 24)",0,0.0,False,0.47,0.0,False,,107,88.0,120.0,0.44745874404907227,0.3636363744735718,False,False,1
2559,blocks.3.attn.qkv,element,4,"(449, 5, 11)",0,0.0,False,0.47,0.0,False,,231,-60.0,-240.0,2.0,3.0,False,False,1
2560,blocks.0.mlp.0,element,2,"(227, 3, 27)",0,0.0,False,0.47,0.0,False,,226,-40.0,-56.0,0.4854269027709961,0.4000000059604645,False,False,1
2561,blocks.5.mlp.2,element,6,"(116, 13, 5)",0,0.0,False,0.47,0.0,False,,242,-160.0,-0.625,8.0,0.99609375,False,False,1
2562,blocks.5.attn.proj,element,1,"(102, 3, 22)",0,0.0,False,0.47,0.0,False,,254,-448.0,-384.0,0.22239208221435547,0.1428571492433548,False,False,1
2563,blocks.0.mlp.0,element,6,"(195, 1, 27)",0,0.0,False,0.47,0.0,False,,114,160.0,0.625,8.0,0.99609375,False,False,1
2564,blocks.1.mlp.2,scale,3,"(27, 4)",139,0.695,True,0.21,0.26,False,,117,117.0,125.0,8.0,inf,False,False,32
2565,blocks.4.mlp.2,element,6,"(13, 5, 3)",0,0.0,False,0.47,0.0,False,,241,-144.0,-0.5625,8.0,0.99609375,False,False,1
2566,blocks.1.attn.proj,element,6,"(35, 0, 13)",0,0.0,False,0.47,0.0,False,,107,88.0,0.34375,8.0,0.99609375,False,False,1
2567,blocks.2.mlp.2,element,2,"(2, 7, 20)",0,0.0,False,0.47,0.0,False,,112,128.0,192.0,0.5849623680114746,0.5,False,False,1
2568,blocks.2.mlp.0,element,6,"(446, 3, 29)",0,0.0,False,0.47,0.0,False,,230,-56.0,-0.21875,8.0,0.99609375,False,False,1
2569,blocks.0.mlp.0,element,4,"(549, 4, 30)",0,0.0,False,0.47,0.0,False,,116,192.0,48.0,2.0,0.75,False,False,1
2570,blocks.5.mlp.2,element,4,"(19, 20, 23)",0,0.0,False,0.47,0.0,False,,112,128.0,32.0,2.0,0.75,False,False,1
2571,blocks.2.attn.qkv,element,0,"(8, 2, 3)",0,0.0,False,0.47,0.0,False,,245,-208.0,-192.0,0.1154775619506836,0.07692307978868484,False,False,1
2572,blocks.2.mlp.2,element,0,"(41, 20, 29)",0,0.0,False,0.47,0.0,False,,210,-10.0,-11.0,0.13750362396240234,0.10000000149011612,False,False,1
2573,blocks.4.mlp.2,element,1,"(109, 6, 28)",0,0.0,False,0.47,0.0,False,,122,320.0,256.0,0.3219280242919922,0.20000000298023224,False,False,1
2574,blocks.5.mlp.0,element,1,"(333, 1, 12)",0,0.0,False,0.47,0.0,False,,233,-72.0,-88.0,0.2895064353942871,0.2222222238779068,False,False,1
2575,blocks.5.attn.qkv,element,1,"(415, 2, 24)",0,0.0,False,0.47,0.0,False,,119,240.0,208.0,0.2064504623413086,0.13333334028720856,False,False,1
2576,blocks.0.mlp.0,element,1,"(491, 1, 6)",0,0.0,False,0.47,0.0,False,,250,-320.0,-256.0,0.3219280242919922,0.20000000298023224,False,False,1
2577,blocks.2.mlp.0,element,1,"(79, 1, 14)",0,0.0,False,0.47,0.0,False,,239,-120.0,-104.0,0.2064504623413086,0.13333334028720856,False,False,1
2578,blocks.1.mlp.2,element,6,"(180, 10, 20)",0,0.0,False,0.47,0.0,False,,245,-208.0,-0.8125,8.0,0.99609375,False,False,1
2579,blocks.5.mlp.0,element,1,"(155, 0, 2)",0,0.0,False,0.47,0.0,False,,112,128.0,160.0,0.3219280242919922,0.25,False,False,1
2580,blocks.4.attn.proj,element,3,"(68, 5, 10)",200,1.0,True,0.0,0.47,True,,119,240.0,,inf,inf,False,True,1
2581,blocks.0.attn.proj,element,0,"(160, 0, 6)",0,0.0,False,0.47,0.0,False,,90,20.0,22.0,0.13750362396240234,0.10000000149011612,False,False,1
2582,blocks.3.mlp.0,element,1,"(714, 2, 28)",0,0.0,False,0.47,0.0,False,,207,-7.5,-6.5,0.2064509391784668,0.13333334028720856,False,False,1
2583,blocks.3.mlp.0,element,0,"(350, 1, 6)",0,0.0,False,0.47,0.0,False,,242,-160.0,-176.0,0.13750362396240234,0.10000000149011612,False,False,1
2584,blocks.2.mlp.0,element,2,"(320, 1, 12)",0,0.0,False,0.47,0.0,False,,241,-144.0,-208.0,0.5305147171020508,0.4444444477558136,False,False,1
2585,blocks.4.mlp.0,element,2,"(755, 2, 6)",0,0.0,False,0.47,0.0,False,,114,160.0,224.0,0.4854269027709961,0.4000000059604645,False,False,1
2586,blocks.0.mlp.2,element,1,"(148, 12, 17)",0,0.0,False,0.47,0.0,False,,211,-11.0,-9.0,0.2895066738128662,0.1818181872367859,False,False,1
2587,blocks.4.attn.qkv,element,4,"(382, 1, 24)",0,0.0,False,0.47,0.0,False,,240,-128.0,-32.0,2.0,0.75,False,False,1
2588,blocks.0.attn.qkv,element,4,"(544, 0, 12)",0,0.0,False,0.47,0.0,False,,108,96.0,384.0,2.000000476837158,3.0,False,False,1
2589,blocks.1.mlp.0,element,6,"(714, 2, 21)",0,0.0,False,0.47,0.0,False,,106,80.0,0.3125,8.0,0.99609375,False,False,1
2590,blocks.5.attn.qkv,element,1,"(458, 5, 18)",0,0.0,False,0.47,0.0,False,,110,112.0,96.0,0.22239255905151367,0.1428571492433548,False,False,1
2591,blocks.1.mlp.0,element,1,"(705, 5, 20)",0,0.0,False,0.47,0.0,False,,90,20.0,16.0,0.3219280242919922,0.20000000298023224,False,False,1
2592,blocks.3.mlp.2,element,1,"(58, 13, 23)",0,0.0,False,0.47,0.0,False,,107,88.0,72.0,0.2895064353942871,0.1818181872367859,False,False,1
2593,blocks.3.mlp.0,element,3,"(333, 3, 29)",0,0.0,False,0.47,0.0,False,,241,-144.0,-288.0,0.9999995231628418,1.0,False,False,1
2594,blocks.0.mlp.0,element,5,"(131, 2, 2)",0,0.0,False,0.47,0.0,False,,222,-28.0,-448.0,4.0,15.0,False,False,1
2595,blocks.5.mlp.2,element,7,"(108, 4, 0)",0,0.0,False,0.47,0.0,False,,107,88.0,-88.0,0.0,2.0,True,False,1
2596,blocks.1.mlp.2,element,2,"(153, 11, 1)",0,0.0,False,0.47,0.0,False,,89,18.0,26.0,0.5305147171020508,0.4444444477558136,False,False,1
2597,blocks.4.mlp.2,element,4,"(128, 17, 8)",0,0.0,False,0.47,0.0,False,,123,352.0,88.0,2.0,0.75,False,False,1
2598,blocks.5.mlp.0,element,3,"(549, 2, 26)",0,0.0,False,0.47,0.0,False,,123,352.0,176.0,1.0,0.5,False,False,1
2599,blocks.0.mlp.0,element,2,"(525, 2, 3)",0,0.0,False,0.47,0.0,False,,85,13.0,9.0,0.5305147171020508,0.3076923191547394,False,False,1
2600,blocks.3.mlp.2,element,0,"(50, 8, 31)",0,0.0,False,0.47,0.0,False,,104,64.0,72.0,0.16992521286010742,0.125,False,False,1
2601,blocks.4.attn.proj,element,0,"(59, 1, 0)",0,0.0,False,0.47,0.0,False,,94,28.0,30.0,0.09953546524047852,0.0714285746216774,False,False,1
2602,blocks.5.mlp.0,element,5,"(261, 5, 30)",0,0.0,False,0.47,0.0,False,,247,-240.0,-15.0,3.999999761581421,0.9375,False,False,1
2603,blocks.1.mlp.2,element,6,"(131, 11, 19)",0,0.0,False,0.47,0.0,False,,117,208.0,0.8125,8.0,0.99609375,False,False,1
2604,blocks.2.mlp.2,element,1,"(133, 8, 13)",0,0.0,False,0.47,0.0,False,,98,40.0,32.0,0.3219280242919922,0.20000000298023224,False,False,1
2605,blocks.4.mlp.0,element,2,"(468, 1, 4)",0,0.0,False,0.47,0.0,False,,244,-192.0,-128.0,0.5849623680114746,0.3333333432674408,False,False,1
2606,blocks.0.attn.proj,element,4,"(184, 5, 12)",0,0.0,False,0.47,0.0,False,,121,288.0,72.0,1.9999995231628418,0.75,False,False,1
2607,blocks.3.mlp.0,element,1,"(240, 0, 8)",0,0.0,False,0.47,0.0,False,,107,88.0,72.0,0.2895064353942871,0.1818181872367859,False,False,1
2608,blocks.1.attn.qkv,element,7,"(323, 3, 24)",0,0.0,False,0.47,0.0,False,,114,160.0,-160.0,0.0,2.0,True,False,1
2609,blocks.0.mlp.2,element,0,"(117, 6, 17)",0,0.0,False,0.47,0.0,False,,238,-112.0,-120.0,0.09953546524047852,0.0714285746216774,False,False,1
2610,blocks.3.mlp.2,element,5,"(88, 3, 15)",0,0.0,False,0.47,0.0,False,,218,-20.0,-320.0,4.0,15.0,False,False,1
2611,blocks.1.attn.qkv,element,0,"(310, 3, 0)",200,1.0,True,0.0,0.47,True,,254,-448.0,,inf,inf,False,True,1
2612,blocks.4.attn.qkv,element,0,"(569, 5, 18)",0,0.0,False,0.47,0.0,False,,94,28.0,30.0,0.09953546524047852,0.0714285746216774,False,False,1
2613,blocks.0.mlp.0,element,6,"(578, 2, 1)",1,0.005,True,0.475,-0.0050000000000000044,False,,177,-0.5625,-144.0,8.0,255.0,False,False,1
2614,blocks.4.attn.qkv,element,7,"(180, 5, 19)",0,0.0,False,0.47,0.0,False,,240,-128.0,128.0,0.0,2.0,True,False,1
2615,blocks.2.attn.qkv,element,5,"(9, 3, 19)",0,0.0,False,0.47,0.0,False,,94,28.0,448.0,4.0,15.0,False,False,1
2616,blocks.4.attn.qkv,element,0,"(509, 5, 25)",0,0.0,False,0.47,0.0,False,,240,-128.0,-144.0,0.16992521286010742,0.125,False,False,1
2617,blocks.2.attn.qkv,element,1,"(155, 4, 14)",0,0.0,False,0.47,0.0,False,,83,11.0,9.0,0.2895066738128662,0.1818181872367859,False,False,1
2618,blocks.3.mlp.0,element,4,"(714, 3, 15)",0,0.0,False,0.47,0.0,False,,251,-352.0,-88.0,2.0,0.75,False,False,1
2619,blocks.1.attn.qkv,element,3,"(204, 5, 2)",0,0.0,False,0.47,0.0,False,,105,72.0,36.0,1.0,0.5,False,False,1
2620,blocks.2.mlp.0,scale,1,"(630, 4)",1,0.005,True,0.475,-0.0050000000000000044,False,,116,116.0,118.0,2.0,inf,False,False,32
2621,blocks.5.mlp.0,element,5,"(608, 5, 22)",0,0.0,False,0.47,0.0,False,,106,80.0,5.0,4.0,0.9375,False,False,1
2622,blocks.1.attn.qkv,element,1,"(267, 2, 28)",0,0.0,False,0.47,0.0,False,,100,48.0,56.0,0.22239255905151367,0.1666666716337204,False,False,1
2623,blocks.3.mlp.0,element,3,"(721, 3, 3)",0,0.0,False,0.47,0.0,False,,101,52.0,104.0,1.0,1.0,False,False,1
2624,blocks.5.mlp.2,element,6,"(116, 21, 24)",0,0.0,False,0.47,0.0,False,,116,192.0,0.75,8.0,0.99609375,False,False,1
2625,blocks.5.mlp.2,element,1,"(44, 23, 13)",0,0.0,False,0.47,0.0,False,,238,-112.0,-96.0,0.22239255905151367,0.1428571492433548,False,False,1
2626,blocks.1.mlp.2,element,5,"(13, 7, 4)",0,0.0,False,0.47,0.0,False,,81,9.0,144.0,4.0,15.0,False,False,1
2627,blocks.2.mlp.2,element,3,"(4, 10, 23)",1,0.005,True,0.475,-0.0050000000000000044,False,,117,208.0,416.0,0.9999995231628418,1.0,False,False,1
2628,blocks.1.attn.qkv,element,7,"(68, 3, 4)",0,0.0,False,0.47,0.0,False,,119,240.0,-240.0,0.0,2.0,True,False,1
2629,blocks.0.mlp.2,element,7,"(142, 10, 11)",2,0.01,True,0.47,0.0,False,,243,-176.0,176.0,0.0,2.0,True,False,1
2630,blocks.4.mlp.2,element,7,"(159, 7, 20)",0,0.0,False,0.47,0.0,False,,115,176.0,-176.0,0.0,2.0,True,False,1
2631,blocks.4.attn.qkv,element,7,"(132, 2, 11)",0,0.0,False,0.47,0.0,False,,240,-128.0,128.0,0.0,2.0,True,False,1
2632,blocks.0.mlp.2,element,4,"(59, 21, 22)",0,0.0,False,0.47,0.0,False,,246,-224.0,-56.0,2.0,0.75,False,False,1
2633,blocks.0.attn.qkv,element,1,"(9, 1, 8)",0,0.0,False,0.47,0.0,False,,243,-176.0,-144.0,0.2895064353942871,0.1818181872367859,False,False,1
2634,blocks.5.attn.qkv,element,3,"(48, 3, 0)",0,0.0,False,0.47,0.0,False,,221,-26.0,-13.0,1.000000238418579,0.5,False,False,1
2635,blocks.5.attn.qkv,element,3,"(484, 2, 30)",0,0.0,False,0.47,0.0,False,,236,-96.0,-48.0,1.0,0.5,False,False,1
2636,blocks.3.mlp.0,element,6,"(684, 4, 2)",0,0.0,False,0.47,0.0,False,,114,160.0,0.625,8.0,0.99609375,False,False,1
2637,blocks.4.mlp.2,element,4,"(165, 13, 1)",0,0.0,False,0.47,0.0,False,,226,-40.0,-160.0,2.0,3.0,False,False,1
2638,blocks.5.attn.proj,element,4,"(174, 1, 14)",0,0.0,False,0.47,0.0,False,,174,-0.4375,-1.75,2.0,3.0,False,False,1
2639,blocks.5.attn.qkv,element,6,"(42, 1, 25)",0,0.0,False,0.47,0.0,False,,110,112.0,0.4375,8.0,0.99609375,False,False,1
2640,blocks.2.attn.proj,element,6,"(51, 4, 18)",0,0.0,False,0.47,0.0,False,,116,192.0,0.75,8.0,0.99609375,False,False,1
2641,blocks.4.mlp.0,element,0,"(628, 1, 31)",0,0.0,False,0.47,0.0,False,,113,144.0,128.0,0.16992521286010742,0.1111111119389534,False,False,1
2642,blocks.4.attn.qkv,element,7,"(105, 4, 13)",0,0.0,False,0.47,0.0,False,,243,-176.0,176.0,0.0,2.0,True,False,1
2643,blocks.3.mlp.0,element,2,"(654, 0, 10)",0,0.0,False,0.47,0.0,False,,217,-18.0,-26.0,0.5305147171020508,0.4444444477558136,False,False,1
2644,blocks.4.attn.qkv,element,3,"(472, 2, 10)",0,0.0,False,0.47,0.0,False,,89,18.0,9.0,1.000000238418579,0.5,False,False,1
2645,blocks.2.mlp.0,element,6,"(578, 3, 19)",0,0.0,False,0.47,0.0,False,,111,120.0,0.46875,8.0,0.99609375,False,False,1
2646,blocks.5.attn.qkv,element,5,"(316, 0, 4)",0,0.0,False,0.47,0.0,False,,236,-96.0,-6.0,3.999999761581421,0.9375,False,False,1
2647,blocks.5.attn.qkv,element,0,"(108, 2, 1)",0,0.0,False,0.47,0.0,False,,242,-160.0,-176.0,0.13750362396240234,0.10000000149011612,False,False,1
2648,blocks.5.attn.qkv,element,2,"(410, 0, 29)",0,0.0,False,0.47,0.0,False,,114,160.0,224.0,0.4854269027709961,0.4000000059604645,False,False,1
2649,blocks.3.mlp.0,element,0,"(750, 2, 25)",0,0.0,False,0.47,0.0,False,,61,1.625,1.5,0.11547720432281494,0.07692307978868484,False,False,1
2650,blocks.2.attn.qkv,element,1,"(280, 3, 22)",0,0.0,False,0.47,0.0,False,,99,44.0,36.0,0.2895064353942871,0.1818181872367859,False,False,1
2651,blocks.2.attn.qkv,element,7,"(536, 1, 31)",0,0.0,False,0.47,0.0,False,,228,-48.0,48.0,0.0,2.0,True,False,1
2652,blocks.0.attn.qkv,element,4,"(71, 4, 14)",0,0.0,False,0.47,0.0,False,,233,-72.0,-288.0,1.9999995231628418,3.0,False,False,1
2653,blocks.0.mlp.2,element,0,"(121, 1, 10)",0,0.0,False,0.47,0.0,False,,241,-144.0,-128.0,0.16992521286010742,0.1111111119389534,False,False,1
2654,blocks.3.mlp.0,element,2,"(14, 0, 20)",0,0.0,False,0.47,0.0,False,,104,64.0,96.0,0.5849623680114746,0.5,False,False,1
2655,blocks.5.attn.qkv,element,7,"(298, 5, 13)",0,0.0,False,0.47,0.0,False,,234,-80.0,80.0,0.0,2.0,True,False,1
2656,blocks.2.mlp.0,element,6,"(387, 1, 25)",0,0.0,False,0.47,0.0,False,,243,-176.0,-0.6875,8.0,0.99609375,False,False,1
2657,blocks.4.attn.qkv,element,4,"(410, 0, 26)",0,0.0,False,0.47,0.0,False,,192,-2.0,-8.0,2.0,3.0,False,False,1
2658,blocks.3.attn.qkv,element,7,"(345, 5, 2)",0,0.0,False,0.47,0.0,False,,115,176.0,-176.0,0.0,2.0,True,False,1
2659,blocks.2.mlp.0,element,6,"(36, 3, 26)",0,0.0,False,0.47,0.0,False,,114,160.0,0.625,8.0,0.99609375,False,False,1
2660,blocks.5.mlp.2,element,0,"(168, 23, 6)",0,0.0,False,0.47,0.0,False,,240,-128.0,-144.0,0.16992521286010742,0.125,False,False,1
2661,blocks.2.mlp.0,element,1,"(563, 4, 23)",0,0.0,False,0.47,0.0,False,,237,-104.0,-120.0,0.2064504623413086,0.1538461595773697,False,False,1
2662,blocks.0.mlp.2,element,2,"(74, 8, 20)",0,0.0,False,0.47,0.0,False,,116,192.0,128.0,0.5849623680114746,0.3333333432674408,False,False,1
2663,blocks.2.mlp.2,element,2,"(2, 6, 24)",0,0.0,False,0.47,0.0,False,,197,-3.25,-2.25,0.5305147171020508,0.3076923191547394,False,False,1
2664,blocks.2.mlp.0,element,6,"(181, 4, 30)",0,0.0,False,0.47,0.0,False,,253,-416.0,-1.625,8.0,0.99609375,False,False,1
2665,blocks.0.mlp.0,element,3,"(347, 3, 23)",0,0.0,False,0.47,0.0,False,,250,-320.0,-160.0,1.0,0.5,False,False,1
2666,blocks.0.mlp.2,element,1,"(117, 13, 21)",0,0.0,False,0.47,0.0,False,,112,128.0,160.0,0.3219280242919922,0.25,False,False,1
2667,blocks.2.mlp.2,element,1,"(66, 19, 10)",0,0.0,False,0.47,0.0,False,,109,104.0,120.0,0.2064504623413086,0.1538461595773697,False,False,1
2668,blocks.5.mlp.2,element,7,"(102, 9, 27)",0,0.0,False,0.47,0.0,False,,240,-128.0,128.0,0.0,2.0,True,False,1
2669,blocks.1.mlp.0,element,1,"(194, 1, 31)",0,0.0,False,0.47,0.0,False,,89,18.0,22.0,0.2895064353942871,0.2222222238779068,False,False,1
2670,blocks.4.mlp.0,element,3,"(345, 5, 21)",0,0.0,False,0.47,0.0,False,,105,72.0,36.0,1.0,0.5,False,False,1
2671,blocks.3.mlp.2,element,6,"(66, 13, 7)",0,0.0,False,0.47,0.0,False,,242,-160.0,-0.625,8.0,0.99609375,False,False,1
2672,blocks.1.mlp.0,element,3,"(461, 1, 20)",0,0.0,False,0.47,0.0,False,,120,256.0,128.0,1.0,0.5,False,False,1
2673,blocks.5.mlp.2,element,3,"(155, 23, 7)",0,0.0,False,0.47,0.0,False,,226,-40.0,-80.0,1.0,1.0,False,False,1
2674,blocks.0.attn.proj,element,0,"(142, 5, 18)",0,0.0,False,0.47,0.0,False,,111,120.0,112.0,0.09953546524047852,0.06666667014360428,False,False,1
2675,blocks.1.mlp.2,element,4,"(30, 1, 25)",0,0.0,False,0.47,0.0,False,,216,-16.0,-4.0,2.0,0.75,False,False,1
2676,blocks.0.mlp.2,element,3,"(51, 21, 6)",0,0.0,False,0.47,0.0,False,,113,144.0,288.0,0.9999995231628418,1.0,False,False,1
2677,blocks.1.mlp.2,element,0,"(127, 6, 16)",0,0.0,False,0.47,0.0,False,,223,-30.0,-28.0,0.09953546524047852,0.06666667014360428,False,False,1
2678,blocks.5.mlp.2,element,3,"(133, 12, 23)",0,0.0,False,0.47,0.0,False,,224,-32.0,-64.0,1.0,1.0,False,False,1
2679,blocks.4.mlp.0,element,1,"(361, 0, 15)",0,0.0,False,0.47,0.0,False,,113,144.0,176.0,0.2895064353942871,0.2222222238779068,False,False,1
2680,blocks.1.mlp.2,element,6,"(68, 12, 9)",0,0.0,False,0.47,0.0,False,,235,-88.0,-0.34375,8.0,0.99609375,False,False,1
2681,blocks.5.mlp.2,element,0,"(101, 12, 17)",0,0.0,False,0.47,0.0,False,,106,80.0,88.0,0.13750362396240234,0.10000000149011612,False,False,1
2682,blocks.4.mlp.0,element,5,"(311, 2, 17)",0,0.0,False,0.47,0.0,False,,123,352.0,22.0,4.0,0.9375,False,False,1
2683,blocks.1.attn.qkv,element,3,"(182, 4, 5)",0,0.0,False,0.47,0.0,False,,109,104.0,52.0,1.0,0.5,False,False,1
2684,blocks.3.attn.qkv,element,6,"(151, 4, 27)",0,0.0,False,0.47,0.0,False,,219,-22.0,-0.0859375,8.0,0.99609375,False,False,1
2685,blocks.5.mlp.2,element,1,"(57, 12, 9)",0,0.0,False,0.47,0.0,False,,241,-144.0,-176.0,0.2895064353942871,0.2222222238779068,False,False,1
2686,blocks.0.attn.qkv,element,7,"(541, 5, 25)",0,0.0,False,0.47,0.0,False,,230,-56.0,56.0,0.0,2.0,True,False,1
2687,blocks.0.mlp.0,element,5,"(557, 4, 12)",0,0.0,False,0.47,0.0,False,,83,11.0,176.0,4.0,15.0,False,False,1
2688,blocks.5.mlp.0,element,0,"(68, 0, 26)",0,0.0,False,0.47,0.0,False,,251,-352.0,-320.0,0.13750362396240234,0.09090909361839294,False,False,1
2689,blocks.0.mlp.0,element,3,"(56, 3, 25)",0,0.0,False,0.47,0.0,False,,121,288.0,144.0,0.9999995231628418,0.5,False,False,1
2690,blocks.4.mlp.2,element,3,"(54, 10, 5)",0,0.0,False,0.47,0.0,False,,238,-112.0,-56.0,1.0,0.5,False,False,1
2691,blocks.3.mlp.2,element,1,"(113, 7, 2)",0,0.0,False,0.47,0.0,False,,238,-112.0,-96.0,0.22239255905151367,0.1428571492433548,False,False,1
2692,blocks.2.mlp.2,element,1,"(54, 18, 15)",0,0.0,False,0.47,0.0,False,,235,-88.0,-72.0,0.2895064353942871,0.1818181872367859,False,False,1
2693,blocks.1.mlp.0,element,7,"(151, 1, 4)",1,0.005,True,0.475,-0.0050000000000000044,False,,249,-288.0,288.0,0.0,2.0,True,False,1
2694,blocks.2.mlp.0,element,0,"(601, 0, 14)",0,0.0,False,0.47,0.0,False,,116,192.0,208.0,0.1154775619506836,0.0833333358168602,False,False,1
2695,blocks.2.mlp.0,element,7,"(69, 4, 5)",0,0.0,False,0.47,0.0,False,,105,72.0,-72.0,0.0,2.0,True,False,1
2696,blocks.5.mlp.2,element,7,"(105, 7, 12)",0,0.0,False,0.47,0.0,False,,254,-448.0,448.0,0.0,2.0,True,False,1
2697,blocks.1.mlp.2,element,6,"(49, 16, 19)",0,0.0,False,0.47,0.0,False,,234,-80.0,-0.3125,8.0,0.99609375,False,False,1
2698,blocks.3.mlp.2,element,4,"(182, 23, 4)",0,0.0,False,0.47,0.0,False,,108,96.0,384.0,2.000000476837158,3.0,False,False,1
2699,blocks.1.attn.qkv,element,6,"(395, 5, 22)",0,0.0,False,0.47,0.0,False,,231,-60.0,-0.234375,8.0,0.99609375,False,False,1
2700,blocks.1.mlp.2,element,7,"(92, 15, 17)",1,0.005,True,0.475,-0.0050000000000000044,False,,235,-88.0,88.0,0.0,2.0,True,False,1
2701,blocks.4.attn.qkv,element,3,"(495, 3, 13)",0,0.0,False,0.47,0.0,False,,114,160.0,320.0,1.0,1.0,False,False,1
2702,blocks.1.mlp.2,element,0,"(144, 12, 31)",0,0.0,False,0.47,0.0,False,,217,-18.0,-16.0,0.16992521286010742,0.1111111119389534,False,False,1
2703,blocks.2.attn.qkv,element,5,"(81, 3, 12)",0,0.0,False,0.47,0.0,False,,225,-36.0,-2.25,4.0,0.9375,False,False,1
2704,blocks.0.attn.qkv,element,4,"(72, 1, 16)",0,0.0,False,0.47,0.0,False,,234,-80.0,-320.0,2.0,3.0,False,False,1
2705,blocks.5.attn.qkv,element,4,"(366, 0, 19)",0,0.0,False,0.47,0.0,False,,229,-52.0,-208.0,2.0,3.0,False,False,1
2706,blocks.1.mlp.0,element,5,"(288, 2, 30)",0,0.0,False,0.47,0.0,False,,107,88.0,5.5,4.0,0.9375,False,False,1
2707,blocks.1.mlp.2,element,2,"(15, 6, 18)",0,0.0,False,0.47,0.0,False,,112,128.0,192.0,0.5849623680114746,0.5,False,False,1
2708,blocks.3.mlp.2,element,0,"(99, 11, 17)",0,0.0,False,0.47,0.0,False,,87,15.0,14.0,0.09953570365905762,0.06666667014360428,False,False,1
2709,blocks.1.mlp.2,element,3,"(102, 0, 6)",0,0.0,False,0.47,0.0,False,,243,-176.0,-352.0,1.0,1.0,False,False,1
2710,blocks.3.mlp.2,element,6,"(85, 18, 26)",0,0.0,False,0.47,0.0,False,,224,-32.0,-0.125,8.0,0.99609375,False,False,1
2711,blocks.3.mlp.2,element,0,"(166, 13, 7)",0,0.0,False,0.47,0.0,False,,224,-32.0,-36.0,0.16992521286010742,0.125,False,False,1
2712,blocks.4.mlp.0,element,2,"(50, 1, 22)",0,0.0,False,0.47,0.0,False,,246,-224.0,-160.0,0.4854269027709961,0.2857142984867096,False,False,1
2713,blocks.5.attn.qkv,element,5,"(8, 0, 5)",0,0.0,False,0.47,0.0,False,,100,48.0,3.0,4.0,0.9375,False,False,1
2714,blocks.0.mlp.2,element,3,"(168, 1, 1)",0,0.0,False,0.47,0.0,False,,233,-72.0,-36.0,1.0,0.5,False,False,1
2715,blocks.4.attn.qkv,element,3,"(352, 4, 2)",0,0.0,False,0.47,0.0,False,,116,192.0,384.0,1.0000004768371582,1.0,False,False,1
2716,blocks.3.mlp.2,element,4,"(143, 20, 20)",0,0.0,False,0.47,0.0,False,,110,112.0,448.0,2.0,3.0,False,False,1
2717,blocks.4.mlp.2,element,2,"(164, 16, 23)",0,0.0,False,0.47,0.0,False,,248,-256.0,-384.0,0.5849628448486328,0.5,False,False,1
2718,blocks.5.mlp.2,element,2,"(7, 4, 17)",0,0.0,False,0.47,0.0,False,,98,40.0,56.0,0.4854269027709961,0.4000000059604645,False,False,1
2719,blocks.2.attn.proj,element,2,"(103, 4, 3)",0,0.0,False,0.47,0.0,False,,89,18.0,26.0,0.5305147171020508,0.4444444477558136,False,False,1
2720,blocks.0.attn.proj,element,3,"(175, 2, 18)",0,0.0,False,0.47,0.0,False,,225,-36.0,-72.0,1.0,1.0,False,False,1
2721,blocks.2.mlp.2,element,2,"(61, 3, 0)",0,0.0,False,0.47,0.0,False,,105,72.0,104.0,0.5305147171020508,0.4444444477558136,False,False,1
2722,blocks.2.mlp.0,element,2,"(69, 4, 12)",0,0.0,False,0.47,0.0,False,,246,-224.0,-160.0,0.4854269027709961,0.2857142984867096,False,False,1
2723,blocks.0.attn.proj,element,1,"(125, 4, 22)",0,0.0,False,0.47,0.0,False,,220,-24.0,-28.0,0.22239255905151367,0.1666666716337204,False,False,1
2724,blocks.4.mlp.2,element,0,"(93, 5, 24)",0,0.0,False,0.47,0.0,False,,222,-28.0,-30.0,0.09953546524047852,0.0714285746216774,False,False,1
2725,blocks.5.mlp.2,element,6,"(30, 0, 9)",0,0.0,False,0.47,0.0,False,,104,64.0,0.25,8.0,0.99609375,False,False,1
2726,blocks.1.mlp.0,element,5,"(454, 5, 19)",0,0.0,False,0.47,0.0,False,,232,-64.0,-4.0,4.0,0.9375,False,False,1
2727,blocks.2.attn.proj,element,6,"(84, 0, 25)",0,0.0,False,0.47,0.0,False,,111,120.0,0.46875,8.0,0.99609375,False,False,1
2728,blocks.3.attn.qkv,element,0,"(70, 3, 1)",0,0.0,False,0.47,0.0,False,,243,-176.0,-160.0,0.13750362396240234,0.09090909361839294,False,False,1
2729,blocks.3.mlp.0,element,6,"(515, 3, 24)",0,0.0,False,0.47,0.0,False,,248,-256.0,-1.0,8.0,0.99609375,False,False,1
2730,blocks.3.attn.qkv,element,0,"(316, 0, 20)",0,0.0,False,0.47,0.0,False,,226,-40.0,-44.0,0.13750362396240234,0.10000000149011612,False,False,1
2731,blocks.0.mlp.2,element,5,"(153, 1, 2)",0,0.0,False,0.47,0.0,False,,108,96.0,6.0,3.999999761581421,0.9375,False,False,1
2732,blocks.3.mlp.0,element,6,"(568, 3, 3)",0,0.0,False,0.47,0.0,False,,209,-9.0,-0.03515625,8.0,0.99609375,False,False,1
2733,blocks.0.attn.qkv,element,4,"(21, 1, 22)",0,0.0,False,0.47,0.0,False,,66,2.5,10.0,1.9999998807907104,3.0,False,False,1
2734,blocks.0.mlp.2,element,4,"(179, 19, 22)",2,0.01,True,0.47,0.0,False,,253,-416.0,-104.0,1.9999995231628418,0.75,False,False,1
2735,blocks.4.attn.proj,element,6,"(145, 5, 5)",0,0.0,False,0.47,0.0,False,,93,26.0,0.1015625,8.0,0.99609375,False,False,1
2736,blocks.3.mlp.0,element,2,"(367, 1, 3)",0,0.0,False,0.47,0.0,False,,114,160.0,224.0,0.4854269027709961,0.4000000059604645,False,False,1
2737,blocks.1.mlp.2,element,6,"(157, 9, 3)",2,0.01,True,0.475,-0.0050000000000000044,False,,126,448.0,1.75,8.0,0.99609375,False,False,1
2738,blocks.0.mlp.2,element,0,"(73, 12, 3)",0,0.0,False,0.47,0.0,False,,232,-64.0,-72.0,0.16992521286010742,0.125,False,False,1
2739,blocks.1.mlp.2,element,6,"(70, 12, 16)",1,0.005,True,0.475,-0.0050000000000000044,False,,118,224.0,0.875,8.0,0.99609375,False,False,1
2740,blocks.5.attn.qkv,element,3,"(106, 2, 1)",0,0.0,False,0.47,0.0,False,,246,-224.0,-448.0,1.0,1.0,False,False,1
2741,blocks.5.attn.proj,element,5,"(102, 0, 16)",0,0.0,False,0.47,0.0,False,,99,44.0,2.75,4.0,0.9375,False,False,1
2742,blocks.0.attn.qkv,element,5,"(535, 0, 31)",0,0.0,False,0.47,0.0,False,,234,-80.0,-5.0,4.0,0.9375,False,False,1
2743,blocks.4.attn.qkv,element,5,"(81, 1, 10)",0,0.0,False,0.47,0.0,False,,118,224.0,14.0,4.0,0.9375,False,False,1
2744,blocks.4.attn.qkv,element,0,"(68, 0, 13)",0,0.0,False,0.47,0.0,False,,235,-88.0,-80.0,0.13750362396240234,0.09090909361839294,False,False,1
2745,blocks.0.attn.qkv,element,2,"(547, 2, 25)",0,0.0,False,0.47,0.0,False,,245,-208.0,-144.0,0.5305147171020508,0.3076923191547394,False,False,1
2746,blocks.1.attn.proj,element,3,"(136, 4, 16)",0,0.0,False,0.47,0.0,False,,97,36.0,72.0,1.0,1.0,False,False,1
2747,blocks.4.attn.proj,element,1,"(80, 4, 28)",0,0.0,False,0.47,0.0,False,,237,-104.0,-120.0,0.2064504623413086,0.1538461595773697,False,False,1
2748,blocks.0.mlp.0,element,7,"(312, 3, 8)",0,0.0,False,0.47,0.0,False,,241,-144.0,144.0,0.0,2.0,True,False,1
2749,blocks.2.mlp.0,element,3,"(453, 2, 1)",0,0.0,False,0.47,0.0,False,,117,208.0,416.0,0.9999995231628418,1.0,False,False,1
2750,blocks.5.mlp.0,element,4,"(404, 1, 14)",0,0.0,False,0.47,0.0,False,,126,448.0,112.0,2.0,0.75,False,False,1
2751,blocks.1.mlp.0,element,0,"(468, 3, 12)",0,0.0,False,0.47,0.0,False,,234,-80.0,-88.0,0.13750362396240234,0.10000000149011612,False,False,1
2752,blocks.4.mlp.2,element,0,"(168, 16, 27)",0,0.0,False,0.47,0.0,False,,244,-192.0,-208.0,0.1154775619506836,0.0833333358168602,False,False,1
2753,blocks.2.mlp.0,element,5,"(2, 1, 9)",0,0.0,False,0.47,0.0,False,,226,-40.0,-2.5,4.0,0.9375,False,False,1
2754,blocks.5.mlp.2,element,1,"(125, 3, 27)",0,0.0,False,0.47,0.0,False,,104,64.0,80.0,0.3219280242919922,0.25,False,False,1
2755,blocks.4.mlp.2,element,4,"(174, 0, 25)",1,0.005,True,0.47,0.0,False,,241,-144.0,-36.0,2.0,0.75,False,False,1
2756,blocks.2.attn.proj,element,4,"(59, 0, 12)",1,0.005,True,0.475,-0.0050000000000000044,False,,100,48.0,192.0,2.0,3.0,False,False,1
2757,blocks.2.attn.qkv,element,5,"(15, 2, 18)",0,0.0,False,0.47,0.0,False,,252,-384.0,-24.0,4.000000476837158,0.9375,False,False,1
2758,blocks.5.mlp.2,element,0,"(146, 3, 31)",0,0.0,False,0.47,0.0,False,,233,-72.0,-64.0,0.16992521286010742,0.1111111119389534,False,False,1
2759,blocks.5.attn.qkv,element,2,"(558, 3, 1)",0,0.0,False,0.47,0.0,False,,243,-176.0,-240.0,0.44745874404907227,0.3636363744735718,False,False,1
2760,blocks.2.mlp.0,element,6,"(2, 5, 6)",1,0.005,True,0.475,-0.0050000000000000044,False,,246,-224.0,-0.875,8.0,0.99609375,False,False,1
2761,blocks.2.mlp.2,element,3,"(177, 6, 14)",0,0.0,False,0.47,0.0,False,,238,-112.0,-56.0,1.0,0.5,False,False,1
2762,head,element,3,"(77, 0, 13)",0,0.0,False,0.47,0.0,False,,241,-144.0,-288.0,0.9999995231628418,1.0,False,False,1
2763,blocks.2.mlp.2,element,6,"(114, 22, 16)",0,0.0,False,0.47,0.0,False,,104,64.0,0.25,8.0,0.99609375,False,False,1
2764,head,element,0,"(44, 4, 11)",0,0.0,False,0.47,0.0,False,,225,-36.0,-32.0,0.16992521286010742,0.1111111119389534,False,False,1
2765,blocks.4.mlp.2,element,0,"(53, 15, 23)",0,0.0,False,0.47,0.0,False,,243,-176.0,-160.0,0.13750362396240234,0.09090909361839294,False,False,1
2766,blocks.0.mlp.0,element,1,"(105, 2, 30)",0,0.0,False,0.47,0.0,False,,209,-9.0,-11.0,0.2895066738128662,0.2222222238779068,False,False,1
2767,blocks.3.attn.qkv,element,7,"(159, 2, 22)",0,0.0,False,0.47,0.0,False,,108,96.0,-96.0,0.0,2.0,True,False,1
2768,blocks.0.attn.qkv,element,1,"(139, 1, 7)",0,0.0,False,0.47,0.0,False,,235,-88.0,-72.0,0.2895064353942871,0.1818181872367859,False,False,1
2769,blocks.3.mlp.0,element,5,"(214, 0, 16)",0,0.0,False,0.47,0.0,False,,229,-52.0,-3.25,4.0,0.9375,False,False,1
2770,blocks.2.mlp.2,scale,5,"(6, 11)",1,0.005,True,0.475,-0.0050000000000000044,False,,116,116.0,84.0,32.0,inf,False,False,32
2771,blocks.5.mlp.2,element,5,"(176, 12, 1)",0,0.0,False,0.47,0.0,False,,110,112.0,7.0,4.0,0.9375,False,False,1
2772,blocks.3.attn.proj,element,2,"(153, 1, 23)",0,0.0,False,0.47,0.0,False,,112,128.0,192.0,0.5849623680114746,0.5,False,False,1
2773,blocks.3.mlp.2,element,1,"(162, 9, 29)",0,0.0,False,0.47,0.0,False,,83,11.0,9.0,0.2895066738128662,0.1818181872367859,False,False,1
2774,blocks.4.attn.proj,element,5,"(101, 3, 19)",0,0.0,False,0.47,0.0,False,,241,-144.0,-9.0,4.0,0.9375,False,False,1
2775,blocks.0.attn.qkv,element,5,"(477, 5, 25)",0,0.0,False,0.47,0.0,False,,235,-88.0,-5.5,4.0,0.9375,False,False,1
2776,blocks.4.mlp.0,element,2,"(156, 3, 25)",0,0.0,False,0.47,0.0,False,,104,64.0,96.0,0.5849623680114746,0.5,False,False,1
2777,blocks.5.mlp.0,element,1,"(218, 0, 16)",0,0.0,False,0.47,0.0,False,,114,160.0,128.0,0.3219280242919922,0.20000000298023224,False,False,1
2778,blocks.4.attn.qkv,element,1,"(252, 1, 19)",0,0.0,False,0.47,0.0,False,,234,-80.0,-64.0,0.3219280242919922,0.20000000298023224,False,False,1
2779,blocks.1.attn.qkv,element,5,"(3, 3, 11)",0,0.0,False,0.47,0.0,False,,75,5.5,88.0,4.0,15.0,False,False,1
2780,blocks.3.mlp.2,element,6,"(119, 22, 11)",0,0.0,False,0.47,0.0,False,,208,-8.0,-0.03125,8.0,0.99609375,False,False,1
2781,blocks.3.mlp.0,element,1,"(518, 5, 31)",0,0.0,False,0.47,0.0,False,,98,40.0,32.0,0.3219280242919922,0.20000000298023224,False,False,1
2782,blocks.3.attn.qkv,element,2,"(304, 0, 8)",0,0.0,False,0.47,0.0,False,,237,-104.0,-72.0,0.5305147171020508,0.3076923191547394,False,False,1
2783,blocks.4.mlp.0,element,0,"(553, 0, 28)",0,0.0,False,0.47,0.0,False,,112,128.0,144.0,0.16992521286010742,0.125,False,False,1
2784,blocks.2.mlp.2,element,4,"(64, 2, 16)",0,0.0,False,0.47,0.0,False,,240,-128.0,-32.0,2.0,0.75,False,False,1
2785,blocks.0.mlp.2,element,1,"(130, 3, 9)",0,0.0,False,0.47,0.0,False,,107,88.0,72.0,0.2895064353942871,0.1818181872367859,False,False,1
2786,blocks.3.mlp.0,element,1,"(481, 3, 1)",0,0.0,False,0.47,0.0,False,,97,36.0,44.0,0.2895064353942871,0.2222222238779068,False,False,1
2787,blocks.2.attn.qkv,element,1,"(30, 2, 17)",0,0.0,False,0.47,0.0,False,,234,-80.0,-64.0,0.3219280242919922,0.20000000298023224,False,False,1
2788,blocks.0.mlp.0,element,7,"(72, 0, 14)",0,0.0,False,0.47,0.0,False,,225,-36.0,36.0,0.0,2.0,True,False,1
2789,blocks.2.mlp.2,element,7,"(77, 17, 2)",0,0.0,False,0.47,0.0,False,,109,104.0,-104.0,0.0,2.0,True,False,1
2790,blocks.1.attn.proj,element,2,"(77, 0, 31)",0,0.0,False,0.47,0.0,False,,241,-144.0,-208.0,0.5305147171020508,0.4444444477558136,False,False,1
2791,blocks.5.attn.qkv,element,4,"(526, 0, 4)",1,0.005,True,0.47,0.0,False,,243,-176.0,-44.0,2.0,0.75,False,False,1
2792,blocks.0.mlp.2,element,2,"(12, 11, 1)",0,0.0,False,0.47,0.0,False,,233,-72.0,-104.0,0.5305147171020508,0.4444444477558136,False,False,1
2793,blocks.3.attn.qkv,element,0,"(270, 4, 28)",0,0.0,False,0.47,0.0,False,,236,-96.0,-104.0,0.1154775619506836,0.0833333358168602,False,False,1
2794,blocks.4.mlp.0,element,6,"(612, 1, 19)",0,0.0,False,0.47,0.0,False,,125,416.0,1.625,8.0,0.99609375,False,False,1
2795,blocks.2.mlp.2,element,0,"(70, 1, 1)",0,0.0,False,0.47,0.0,False,,107,88.0,80.0,0.13750362396240234,0.09090909361839294,False,False,1
2796,blocks.4.mlp.0,element,1,"(534, 5, 21)",0,0.0,False,0.47,0.0,False,,119,240.0,208.0,0.2064504623413086,0.13333334028720856,False,False,1
2797,blocks.1.attn.qkv,element,5,"(499, 4, 29)",1,0.005,True,0.475,-0.0050000000000000044,False,,81,9.0,144.0,4.0,15.0,False,False,1
2798,blocks.1.attn.qkv,element,3,"(261, 0, 22)",0,0.0,False,0.47,0.0,False,,234,-80.0,-40.0,1.0,0.5,False,False,1
2799,blocks.2.mlp.0,element,0,"(170, 5, 2)",0,0.0,False,0.47,0.0,False,,243,-176.0,-160.0,0.13750362396240234,0.09090909361839294,False,False,1
2800,blocks.4.mlp.2,element,2,"(103, 3, 18)",0,0.0,False,0.47,0.0,False,,108,96.0,64.0,0.5849623680114746,0.3333333432674408,False,False,1
2801,blocks.4.attn.qkv,element,5,"(475, 0, 30)",0,0.0,False,0.47,0.0,False,,240,-128.0,-8.0,4.0,0.9375,False,False,1
2802,blocks.5.attn.proj,element,6,"(121, 0, 8)",0,0.0,False,0.47,0.0,False,,113,144.0,0.5625,8.0,0.99609375,False,False,1
2803,head,element,6,"(29, 1, 22)",0,0.0,False,0.47,0.0,False,,249,-288.0,-1.125,7.999999523162842,0.99609375,False,False,1
2804,blocks.3.attn.qkv,element,5,"(234, 2, 13)",0,0.0,False,0.47,0.0,False,,250,-320.0,-20.0,4.0,0.9375,False,False,1
2805,blocks.2.attn.qkv,element,4,"(305, 5, 20)",0,0.0,False,0.47,0.0,False,,236,-96.0,-384.0,2.000000476837158,3.0,False,False,1
2806,blocks.4.mlp.2,element,6,"(56, 19, 11)",0,0.0,False,0.47,0.0,False,,192,-2.0,-0.0,inf,1.0,False,False,1
2807,blocks.1.mlp.2,element,3,"(135, 13, 23)",0,0.0,False,0.47,0.0,False,,115,176.0,352.0,1.0,1.0,False,False,1
2808,blocks.3.mlp.2,element,5,"(83, 0, 4)",0,0.0,False,0.47,0.0,False,,118,224.0,14.0,4.0,0.9375,False,False,1
2809,blocks.5.mlp.0,element,2,"(379, 4, 15)",0,0.0,False,0.47,0.0,False,,247,-240.0,-176.0,0.44745874404907227,0.2666666805744171,False,False,1
2810,blocks.2.attn.proj,element,5,"(66, 4, 7)",0,0.0,False,0.47,0.0,False,,233,-72.0,-4.5,4.0,0.9375,False,False,1
2811,blocks.2.mlp.2,element,5,"(180, 11, 29)",0,0.0,False,0.47,0.0,False,,111,120.0,7.5,3.999999761581421,0.9375,False,False,1
2812,blocks.3.attn.qkv,element,6,"(264, 0, 16)",0,0.0,False,0.47,0.0,False,,118,224.0,0.875,8.0,0.99609375,False,False,1
2813,blocks.4.attn.qkv,element,4,"(3, 0, 8)",0,0.0,False,0.47,0.0,False,,91,22.0,5.5,2.0,0.75,False,False,1
2814,blocks.1.mlp.0,element,7,"(438, 0, 17)",0,0.0,False,0.47,0.0,False,,93,26.0,-26.0,0.0,2.0,True,False,1
2815,blocks.5.mlp.2,element,1,"(99, 6, 30)",0,0.0,False,0.47,0.0,False,,108,96.0,112.0,0.22239255905151367,0.1666666716337204,False,False,1
2816,blocks.5.mlp.0,element,7,"(171, 5, 19)",0,0.0,False,0.47,0.0,False,,80,8.0,-8.0,0.0,2.0,True,False,1
2817,blocks.2.mlp.2,element,4,"(129, 1, 22)",0,0.0,False,0.47,0.0,False,,249,-288.0,-72.0,1.9999995231628418,0.75,False,False,1
2818,blocks.2.mlp.0,element,3,"(655, 0, 1)",0,0.0,False,0.47,0.0,False,,229,-52.0,-104.0,1.0,1.0,False,False,1
2819,blocks.1.mlp.0,element,3,"(750, 2, 31)",0,0.0,False,0.47,0.0,False,,234,-80.0,-40.0,1.0,0.5,False,False,1
2820,blocks.4.attn.qkv,element,1,"(215, 2, 3)",0,0.0,False,0.47,0.0,False,,113,144.0,176.0,0.2895064353942871,0.2222222238779068,False,False,1
2821,blocks.3.mlp.2,element,5,"(42, 1, 29)",0,0.0,False,0.47,0.0,False,,115,176.0,11.0,4.0,0.9375,False,False,1
2822,blocks.2.mlp.0,element,3,"(108, 4, 30)",0,0.0,False,0.47,0.0,False,,108,96.0,48.0,1.0,0.5,False,False,1
2823,blocks.3.attn.qkv,element,5,"(415, 0, 30)",0,0.0,False,0.47,0.0,False,,99,44.0,2.75,4.0,0.9375,False,False,1
2824,blocks.3.attn.qkv,element,7,"(281, 4, 17)",0,0.0,False,0.47,0.0,False,,80,8.0,-8.0,0.0,2.0,True,False,1
2825,blocks.2.attn.proj,element,7,"(184, 1, 6)",1,0.005,True,0.475,-0.0050000000000000044,False,,232,-64.0,64.0,0.0,2.0,True,False,1
2826,blocks.2.mlp.0,element,6,"(247, 5, 0)",0,0.0,False,0.47,0.0,False,,172,-0.375,-96.0,8.0,255.0,False,False,1
2827,blocks.2.mlp.0,element,7,"(722, 0, 27)",4,0.02,True,0.475,-0.0050000000000000044,False,,125,416.0,-416.0,0.0,2.0,True,False,1
2828,blocks.0.mlp.0,element,4,"(493, 5, 23)",0,0.0,False,0.47,0.0,False,,243,-176.0,-44.0,2.0,0.75,False,False,1
2829,blocks.4.mlp.0,element,7,"(44, 2, 23)",0,0.0,False,0.47,0.0,False,,229,-52.0,52.0,0.0,2.0,True,False,1
2830,blocks.3.mlp.0,element,6,"(387, 3, 16)",0,0.0,False,0.47,0.0,False,,242,-160.0,-0.625,8.0,0.99609375,False,False,1
2831,blocks.5.mlp.2,element,4,"(163, 18, 10)",0,0.0,False,0.47,0.0,False,,123,352.0,88.0,2.0,0.75,False,False,1
2832,blocks.3.attn.qkv,element,0,"(255, 3, 1)",0,0.0,False,0.47,0.0,False,,111,120.0,112.0,0.09953546524047852,0.06666667014360428,False,False,1
2833,blocks.0.attn.qkv,element,6,"(543, 3, 24)",0,0.0,False,0.47,0.0,False,,106,80.0,0.3125,8.0,0.99609375,False,False,1
2834,blocks.4.mlp.0,scale,5,"(410, 5)",1,0.005,True,0.47,0.0,False,,116,116.0,84.0,32.0,inf,False,False,32
2835,blocks.4.mlp.0,element,4,"(591, 2, 25)",0,0.0,False,0.47,0.0,False,,245,-208.0,-52.0,2.0,0.75,False,False,1
2836,blocks.0.mlp.0,element,4,"(56, 3, 21)",0,0.0,False,0.47,0.0,False,,212,-12.0,-3.0,2.0,0.75,False,False,1
2837,blocks.0.attn.qkv,element,7,"(125, 5, 17)",0,0.0,False,0.47,0.0,False,,234,-80.0,80.0,0.0,2.0,True,False,1
2838,blocks.2.mlp.2,element,7,"(110, 11, 12)",0,0.0,False,0.47,0.0,False,,62,1.75,-1.75,0.0,2.0,True,False,1
2839,blocks.4.mlp.0,element,2,"(423, 1, 11)",0,0.0,False,0.47,0.0,False,,241,-144.0,-208.0,0.5305147171020508,0.4444444477558136,False,False,1
2840,blocks.1.attn.qkv,element,1,"(175, 3, 28)",0,0.0,False,0.47,0.0,False,,235,-88.0,-72.0,0.2895064353942871,0.1818181872367859,False,False,1
2841,blocks.0.mlp.0,element,4,"(709, 2, 19)",0,0.0,False,0.47,0.0,False,,113,144.0,36.0,2.0,0.75,False,False,1
2842,blocks.5.attn.proj,element,1,"(53, 1, 24)",0,0.0,False,0.47,0.0,False,,121,288.0,352.0,0.2895069122314453,0.2222222238779068,False,False,1
2843,blocks.5.mlp.0,element,1,"(266, 2, 17)",0,0.0,False,0.47,0.0,False,,126,448.0,384.0,0.22239208221435547,0.1428571492433548,False,False,1
2844,blocks.1.mlp.0,element,0,"(222, 3, 18)",0,0.0,False,0.47,0.0,False,,106,80.0,88.0,0.13750362396240234,0.10000000149011612,False,False,1
2845,blocks.2.mlp.0,element,3,"(196, 1, 6)",0,0.0,False,0.47,0.0,False,,249,-288.0,-144.0,0.9999995231628418,0.5,False,False,1
2846,blocks.4.attn.proj,element,6,"(161, 0, 30)",0,0.0,False,0.47,0.0,False,,229,-52.0,-0.203125,8.0,0.99609375,False,False,1
2847,blocks.4.mlp.0,element,5,"(150, 5, 21)",0,0.0,False,0.47,0.0,False,,113,144.0,9.0,4.0,0.9375,False,False,1
2848,blocks.2.mlp.0,element,6,"(431, 3, 22)",0,0.0,False,0.47,0.0,False,,249,-288.0,-1.125,7.999999523162842,0.99609375,False,False,1
2849,blocks.3.attn.qkv,element,3,"(188, 1, 27)",0,0.0,False,0.47,0.0,False,,252,-384.0,-192.0,1.0000004768371582,0.5,False,False,1
2850,blocks.5.mlp.2,element,2,"(26, 3, 29)",0,0.0,False,0.47,0.0,False,,239,-120.0,-88.0,0.44745874404907227,0.2666666805744171,False,False,1
2851,blocks.4.attn.qkv,element,1,"(261, 2, 22)",0,0.0,False,0.47,0.0,False,,235,-88.0,-72.0,0.2895064353942871,0.1818181872367859,False,False,1
2852,blocks.2.mlp.0,element,7,"(259, 2, 21)",0,0.0,False,0.47,0.0,False,,94,28.0,-28.0,0.0,2.0,True,False,1
2853,blocks.3.mlp.0,element,1,"(3, 0, 31)",0,0.0,False,0.47,0.0,False,,108,96.0,112.0,0.22239255905151367,0.1666666716337204,False,False,1
2854,blocks.4.mlp.0,element,2,"(728, 3, 16)",0,0.0,False,0.47,0.0,False,,106,80.0,112.0,0.4854269027709961,0.4000000059604645,False,False,1
2855,blocks.1.mlp.2,element,4,"(54, 14, 15)",0,0.0,False,0.47,0.0,False,,109,104.0,416.0,1.9999995231628418,3.0,False,False,1
2856,blocks.3.attn.qkv,element,2,"(495, 2, 9)",0,0.0,False,0.47,0.0,False,,209,-9.0,-13.0,0.5305147171020508,0.4444444477558136,False,False,1
2857,blocks.2.mlp.2,element,7,"(118, 17, 23)",0,0.0,False,0.47,0.0,False,,230,-56.0,56.0,0.0,2.0,True,False,1
2858,blocks.4.attn.qkv,element,0,"(160, 2, 12)",0,0.0,False,0.47,0.0,False,,235,-88.0,-80.0,0.13750362396240234,0.09090909361839294,False,False,1
2859,blocks.0.mlp.0,element,2,"(219, 4, 27)",0,0.0,False,0.47,0.0,False,,113,144.0,208.0,0.5305147171020508,0.4444444477558136,False,False,1
2860,blocks.2.mlp.2,element,1,"(16, 7, 16)",0,0.0,False,0.47,0.0,False,,108,96.0,112.0,0.22239255905151367,0.1666666716337204,False,False,1
2861,blocks.1.mlp.0,element,4,"(181, 3, 23)",0,0.0,False,0.47,0.0,False,,107,88.0,352.0,2.0,3.0,False,False,1
2862,blocks.2.attn.qkv,element,2,"(530, 4, 11)",0,0.0,False,0.47,0.0,False,,249,-288.0,-416.0,0.5305147171020508,0.4444444477558136,False,False,1
2863,blocks.1.attn.qkv,element,1,"(106, 2, 24)",0,0.0,False,0.47,0.0,False,,121,288.0,352.0,0.2895069122314453,0.2222222238779068,False,False,1
2864,blocks.3.attn.qkv,scale,2,"(369, 3)",0,0.0,False,0.47,0.0,False,,116,116.0,112.0,4.0,inf,False,False,32
2865,blocks.0.attn.qkv,element,4,"(154, 1, 30)",0,0.0,False,0.47,0.0,False,,91,22.0,5.5,2.0,0.75,False,False,1
2866,blocks.3.mlp.0,element,3,"(585, 0, 5)",0,0.0,False,0.47,0.0,False,,94,28.0,14.0,1.0,0.5,False,False,1
2867,blocks.0.mlp.0,element,1,"(617, 1, 2)",0,0.0,False,0.47,0.0,False,,246,-224.0,-192.0,0.22239255905151367,0.1428571492433548,False,False,1
2868,blocks.0.mlp.0,element,7,"(451, 5, 8)",1,0.005,True,0.475,-0.0050000000000000044,False,,113,144.0,-144.0,0.0,2.0,True,False,1
2869,blocks.3.mlp.2,element,1,"(149, 9, 15)",0,0.0,False,0.47,0.0,False,,241,-144.0,-176.0,0.2895064353942871,0.2222222238779068,False,False,1
2870,blocks.1.mlp.0,element,3,"(151, 2, 18)",0,0.0,False,0.47,0.0,False,,104,64.0,32.0,1.0,0.5,False,False,1
2871,blocks.0.mlp.2,element,3,"(172, 8, 19)",1,0.005,True,0.47,0.0,False,,108,96.0,48.0,1.0,0.5,False,False,1
2872,blocks.5.attn.qkv,element,1,"(500, 3, 23)",0,0.0,False,0.47,0.0,False,,117,208.0,240.0,0.2064504623413086,0.1538461595773697,False,False,1
2873,blocks.5.mlp.2,element,1,"(148, 22, 9)",0,0.0,False,0.47,0.0,False,,241,-144.0,-176.0,0.2895064353942871,0.2222222238779068,False,False,1
2874,blocks.3.mlp.2,element,3,"(23, 9, 17)",0,0.0,False,0.47,0.0,False,,233,-72.0,-36.0,1.0,0.5,False,False,1
2875,blocks.2.mlp.2,element,6,"(22, 9, 2)",0,0.0,False,0.47,0.0,False,,74,5.0,0.01953125,8.0,0.99609375,False,False,1
2876,blocks.1.mlp.0,element,0,"(87, 5, 14)",0,0.0,False,0.47,0.0,False,,244,-192.0,-208.0,0.1154775619506836,0.0833333358168602,False,False,1
2877,blocks.1.mlp.0,element,2,"(761, 3, 21)",0,0.0,False,0.47,0.0,False,,120,256.0,384.0,0.5849628448486328,0.5,False,False,1
2878,blocks.1.mlp.2,scale,6,"(3, 9)",2,0.01,True,0.475,-0.0050000000000000044,False,,116,116.0,52.0,64.0,inf,False,False,32
2879,blocks.0.attn.qkv,element,0,"(157, 4, 13)",0,0.0,False,0.47,0.0,False,,227,-44.0,-40.0,0.13750362396240234,0.09090909361839294,False,False,1
2880,blocks.4.attn.qkv,element,5,"(321, 1, 4)",0,0.0,False,0.47,0.0,False,,105,72.0,4.5,4.0,0.9375,False,False,1
2881,blocks.2.mlp.2,element,3,"(52, 23, 31)",1,0.005,True,0.475,-0.0050000000000000044,False,,116,192.0,384.0,1.0000004768371582,1.0,False,False,1
2882,blocks.3.mlp.0,element,3,"(49, 1, 1)",200,1.0,True,0.0,0.47,True,,119,240.0,,inf,inf,False,True,1
2883,blocks.5.mlp.2,element,6,"(190, 13, 3)",0,0.0,False,0.47,0.0,False,,245,-208.0,-0.8125,8.0,0.99609375,False,False,1
2884,blocks.1.mlp.0,element,6,"(96, 4, 22)",0,0.0,False,0.47,0.0,False,,100,48.0,0.1875,8.0,0.99609375,False,False,1
2885,blocks.4.attn.qkv,element,3,"(277, 0, 28)",0,0.0,False,0.47,0.0,False,,239,-120.0,-60.0,1.0,0.5,False,False,1
2886,blocks.3.mlp.2,element,1,"(19, 14, 23)",0,0.0,False,0.47,0.0,False,,115,176.0,144.0,0.2895064353942871,0.1818181872367859,False,False,1
2887,blocks.2.mlp.0,element,0,"(741, 1, 2)",0,0.0,False,0.47,0.0,False,,97,36.0,32.0,0.16992521286010742,0.1111111119389534,False,False,1
2888,blocks.5.mlp.0,element,6,"(252, 4, 3)",1,0.005,True,0.47,0.0,False,,119,240.0,0.9375,8.0,0.99609375,False,False,1
2889,blocks.0.attn.qkv,element,7,"(552, 2, 18)",1,0.005,True,0.47,0.0,False,,232,-64.0,64.0,0.0,2.0,True,False,1
2890,blocks.3.mlp.2,element,3,"(46, 15, 0)",0,0.0,False,0.47,0.0,False,,217,-18.0,-9.0,1.000000238418579,0.5,False,False,1
2891,blocks.5.mlp.0,element,7,"(458, 3, 8)",0,0.0,False,0.47,0.0,False,,97,36.0,-36.0,0.0,2.0,True,False,1
2892,blocks.4.mlp.2,element,2,"(169, 5, 0)",0,0.0,False,0.47,0.0,False,,115,176.0,240.0,0.44745874404907227,0.3636363744735718,False,False,1
2893,blocks.0.mlp.0,element,2,"(262, 2, 24)",0,0.0,False,0.47,0.0,False,,232,-64.0,-96.0,0.5849623680114746,0.5,False,False,1
2894,blocks.2.mlp.0,element,0,"(86, 5, 16)",0,0.0,False,0.47,0.0,False,,108,96.0,104.0,0.1154775619506836,0.0833333358168602,False,False,1
2895,blocks.1.attn.qkv,element,7,"(415, 2, 11)",0,0.0,False,0.47,0.0,False,,244,-192.0,192.0,0.0,2.0,True,False,1
2896,blocks.1.mlp.0,element,1,"(394, 5, 7)",0,0.0,False,0.47,0.0,False,,229,-52.0,-60.0,0.2064504623413086,0.1538461595773697,False,False,1
2897,blocks.0.attn.qkv,element,3,"(239, 1, 18)",0,0.0,False,0.47,0.0,False,,223,-30.0,-15.0,0.9999997615814209,0.5,False,False,1
2898,blocks.5.mlp.2,element,4,"(186, 0, 25)",0,0.0,False,0.47,0.0,False,,100,48.0,192.0,2.0,3.0,False,False,1
2899,blocks.0.attn.qkv,element,4,"(366, 5, 5)",0,0.0,False,0.47,0.0,False,,234,-80.0,-320.0,2.0,3.0,False,False,1
2900,blocks.2.attn.qkv,element,4,"(139, 1, 4)",0,0.0,False,0.47,0.0,False,,220,-24.0,-6.0,1.999999761581421,0.75,False,False,1
2901,blocks.1.attn.qkv,element,7,"(337, 4, 4)",0,0.0,False,0.47,0.0,False,,76,6.0,-6.0,0.0,2.0,True,False,1
2902,blocks.5.mlp.0,element,4,"(281, 3, 29)",0,0.0,False,0.47,0.0,False,,113,144.0,36.0,2.0,0.75,False,False,1
2903,blocks.5.mlp.2,element,5,"(28, 22, 11)",0,0.0,False,0.47,0.0,False,,100,48.0,3.0,4.0,0.9375,False,False,1
2904,blocks.2.mlp.0,element,2,"(61, 3, 10)",0,0.0,False,0.47,0.0,False,,236,-96.0,-64.0,0.5849623680114746,0.3333333432674408,False,False,1
2905,blocks.0.mlp.0,element,0,"(92, 5, 8)",0,0.0,False,0.47,0.0,False,,110,112.0,120.0,0.09953546524047852,0.0714285746216774,False,False,1
2906,blocks.3.attn.qkv,element,4,"(523, 1, 24)",0,0.0,False,0.47,0.0,False,,236,-96.0,-384.0,2.000000476837158,3.0,False,False,1
2907,blocks.3.mlp.0,element,0,"(60, 1, 24)",0,0.0,False,0.47,0.0,False,,102,56.0,60.0,0.09953546524047852,0.0714285746216774,False,False,1
2908,blocks.4.mlp.2,element,2,"(133, 6, 0)",0,0.0,False,0.47,0.0,False,,208,-8.0,-12.0,0.5849626064300537,0.5,False,False,1
2909,blocks.1.mlp.2,element,1,"(185, 1, 6)",0,0.0,False,0.47,0.0,False,,77,6.5,7.5,0.2064509391784668,0.1538461595773697,False,False,1
2910,blocks.0.attn.proj,element,7,"(17, 4, 26)",0,0.0,False,0.47,0.0,False,,112,128.0,-128.0,0.0,2.0,True,False,1
2911,blocks.0.mlp.2,element,7,"(32, 1, 27)",0,0.0,False,0.47,0.0,False,,242,-160.0,160.0,0.0,2.0,True,False,1
2912,blocks.5.mlp.0,element,4,"(319, 4, 21)",0,0.0,False,0.47,0.0,False,,232,-64.0,-256.0,2.0,3.0,False,False,1
2913,blocks.3.attn.qkv,element,1,"(85, 4, 11)",0,0.0,False,0.47,0.0,False,,121,288.0,352.0,0.2895069122314453,0.2222222238779068,False,False,1
2914,blocks.1.mlp.0,element,5,"(109, 3, 11)",0,0.0,False,0.47,0.0,False,,125,416.0,26.0,3.999999523162842,0.9375,False,False,1
2915,blocks.0.mlp.0,element,4,"(547, 3, 15)",0,0.0,False,0.47,0.0,False,,109,104.0,416.0,1.9999995231628418,3.0,False,False,1
2916,blocks.2.mlp.0,element,0,"(147, 0, 0)",0,0.0,False,0.47,0.0,False,,105,72.0,64.0,0.16992521286010742,0.1111111119389534,False,False,1
2917,blocks.1.mlp.0,element,3,"(255, 2, 22)",0,0.0,False,0.47,0.0,False,,234,-80.0,-40.0,1.0,0.5,False,False,1
2918,blocks.0.mlp.0,element,5,"(269, 5, 9)",0,0.0,False,0.47,0.0,False,,103,60.0,3.75,3.999999761581421,0.9375,False,False,1
2919,blocks.2.attn.qkv,element,2,"(199, 0, 4)",0,0.0,False,0.47,0.0,False,,235,-88.0,-120.0,0.44745874404907227,0.3636363744735718,False,False,1
2920,blocks.3.mlp.0,element,7,"(85, 0, 9)",0,0.0,False,0.47,0.0,False,,225,-36.0,36.0,0.0,2.0,True,False,1
2921,blocks.1.mlp.2,element,7,"(42, 8, 13)",0,0.0,False,0.47,0.0,False,,92,24.0,-24.0,0.0,2.0,True,False,1
2922,blocks.2.mlp.0,element,1,"(158, 0, 26)",0,0.0,False,0.47,0.0,False,,239,-120.0,-104.0,0.2064504623413086,0.13333334028720856,False,False,1
2923,blocks.4.mlp.0,element,4,"(336, 3, 14)",1,0.005,True,0.47,0.0,False,,102,56.0,224.0,2.0,3.0,False,False,1
2924,blocks.2.mlp.0,element,7,"(352, 1, 5)",2,0.01,True,0.475,-0.0050000000000000044,False,,248,-256.0,256.0,0.0,2.0,True,False,1
2925,blocks.2.mlp.0,element,1,"(533, 1, 9)",0,0.0,False,0.47,0.0,False,,122,320.0,256.0,0.3219280242919922,0.20000000298023224,False,False,1
2926,blocks.2.mlp.2,element,2,"(88, 13, 20)",0,0.0,False,0.47,0.0,False,,119,240.0,176.0,0.44745874404907227,0.2666666805744171,False,False,1
2927,blocks.1.mlp.2,element,7,"(43, 5, 17)",0,0.0,False,0.47,0.0,False,,236,-96.0,96.0,0.0,2.0,True,False,1
2928,blocks.2.mlp.0,element,7,"(620, 3, 24)",0,0.0,False,0.47,0.0,False,,109,104.0,-104.0,0.0,2.0,True,False,1
2929,blocks.4.mlp.0,element,4,"(203, 3, 12)",0,0.0,False,0.47,0.0,False,,251,-352.0,-88.0,2.0,0.75,False,False,1
2930,blocks.1.attn.qkv,element,1,"(247, 1, 28)",0,0.0,False,0.47,0.0,False,,112,128.0,160.0,0.3219280242919922,0.25,False,False,1
2931,blocks.1.attn.qkv,element,1,"(522, 1, 13)",0,0.0,False,0.47,0.0,False,,248,-256.0,-320.0,0.3219280242919922,0.25,False,False,1
2932,blocks.1.mlp.0,element,6,"(291, 2, 21)",0,0.0,False,0.47,0.0,False,,75,5.5,0.021484375,8.0,0.99609375,False,False,1
2933,blocks.5.mlp.2,element,1,"(62, 9, 31)",0,0.0,False,0.47,0.0,False,,84,12.0,14.0,0.22239232063293457,0.1666666716337204,False,False,1
2934,blocks.0.mlp.2,element,0,"(159, 21, 5)",0,0.0,False,0.47,0.0,False,,249,-288.0,-256.0,0.16992473602294922,0.1111111119389534,False,False,1
2935,blocks.5.mlp.2,element,3,"(127, 17, 26)",0,0.0,False,0.47,0.0,False,,101,52.0,104.0,1.0,1.0,False,False,1
2936,blocks.3.mlp.2,element,1,"(150, 4, 30)",0,0.0,False,0.47,0.0,False,,52,0.75,0.875,0.22239243984222412,0.1666666716337204,False,False,1
2937,blocks.3.attn.qkv,element,0,"(558, 2, 24)",0,0.0,False,0.47,0.0,False,,100,48.0,52.0,0.1154775619506836,0.0833333358168602,False,False,1
2938,blocks.3.mlp.2,element,7,"(104, 5, 24)",0,0.0,False,0.47,0.0,False,,242,-160.0,160.0,0.0,2.0,True,False,1
2939,blocks.1.attn.proj,element,6,"(89, 1, 21)",0,0.0,False,0.47,0.0,False,,243,-176.0,-0.6875,8.0,0.99609375,False,False,1
2940,blocks.4.attn.qkv,element,2,"(253, 4, 24)",0,0.0,False,0.47,0.0,False,,249,-288.0,-416.0,0.5305147171020508,0.4444444477558136,False,False,1
2941,blocks.5.mlp.2,element,5,"(40, 7, 20)",0,0.0,False,0.47,0.0,False,,88,16.0,256.0,4.0,15.0,False,False,1
2942,blocks.2.mlp.0,element,5,"(154, 5, 10)",0,0.0,False,0.47,0.0,False,,112,128.0,8.0,4.0,0.9375,False,False,1
2943,blocks.2.attn.qkv,element,2,"(206, 0, 12)",0,0.0,False,0.47,0.0,False,,249,-288.0,-416.0,0.5305147171020508,0.4444444477558136,False,False,1
2944,blocks.4.mlp.2,element,6,"(65, 13, 20)",0,0.0,False,0.47,0.0,False,,245,-208.0,-0.8125,8.0,0.99609375,False,False,1
2945,blocks.5.mlp.0,element,3,"(206, 4, 13)",1,0.005,True,0.47,0.0,False,,243,-176.0,-352.0,1.0,1.0,False,False,1
2946,blocks.3.mlp.0,element,7,"(645, 4, 21)",0,0.0,False,0.47,0.0,False,,97,36.0,-36.0,0.0,2.0,True,False,1
2947,blocks.5.attn.qkv,element,3,"(478, 1, 16)",0,0.0,False,0.47,0.0,False,,105,72.0,36.0,1.0,0.5,False,False,1
2948,blocks.5.attn.proj,element,5,"(124, 5, 9)",0,0.0,False,0.47,0.0,False,,109,104.0,6.5,4.0,0.9375,False,False,1
2949,blocks.4.mlp.2,element,2,"(2, 16, 8)",0,0.0,False,0.47,0.0,False,,239,-120.0,-88.0,0.44745874404907227,0.2666666805744171,False,False,1
2950,blocks.1.mlp.0,element,3,"(442, 0, 2)",0,0.0,False,0.47,0.0,False,,246,-224.0,-448.0,1.0,1.0,False,False,1
2951,blocks.1.mlp.2,element,3,"(109, 3, 1)",0,0.0,False,0.47,0.0,False,,87,15.0,30.0,0.9999997615814209,1.0,False,False,1
2952,blocks.5.mlp.0,element,2,"(218, 5, 19)",0,0.0,False,0.47,0.0,False,,85,13.0,9.0,0.5305147171020508,0.3076923191547394,False,False,1
2953,blocks.0.attn.qkv,element,2,"(517, 3, 29)",0,0.0,False,0.47,0.0,False,,241,-144.0,-208.0,0.5305147171020508,0.4444444477558136,False,False,1
2954,blocks.0.mlp.2,element,2,"(15, 14, 23)",0,0.0,False,0.47,0.0,False,,103,60.0,44.0,0.44745874404907227,0.2666666805744171,False,False,1
2955,blocks.1.mlp.2,element,2,"(113, 16, 21)",0,0.0,False,0.47,0.0,False,,105,72.0,104.0,0.5305147171020508,0.4444444477558136,False,False,1
2956,blocks.5.mlp.0,element,0,"(525, 2, 24)",0,0.0,False,0.47,0.0,False,,245,-208.0,-192.0,0.1154775619506836,0.07692307978868484,False,False,1
2957,blocks.4.mlp.0,element,4,"(38, 5, 22)",0,0.0,False,0.47,0.0,False,,238,-112.0,-448.0,2.0,3.0,False,False,1
2958,blocks.1.attn.qkv,element,3,"(512, 3, 11)",0,0.0,False,0.47,0.0,False,,216,-16.0,-8.0,1.0,0.5,False,False,1
2959,blocks.1.attn.proj,element,5,"(25, 2, 31)",0,0.0,False,0.47,0.0,False,,99,44.0,2.75,4.0,0.9375,False,False,1
2960,blocks.4.mlp.2,element,0,"(101, 22, 3)",0,0.0,False,0.47,0.0,False,,113,144.0,128.0,0.16992521286010742,0.1111111119389534,False,False,1
2961,blocks.1.mlp.0,element,6,"(757, 3, 2)",0,0.0,False,0.47,0.0,False,,238,-112.0,-0.4375,8.0,0.99609375,False,False,1
2962,blocks.5.mlp.2,element,6,"(149, 20, 13)",0,0.0,False,0.47,0.0,False,,239,-120.0,-0.46875,8.0,0.99609375,False,False,1
2963,blocks.4.attn.qkv,element,6,"(74, 1, 25)",0,0.0,False,0.47,0.0,False,,225,-36.0,-0.140625,8.0,0.99609375,False,False,1
2964,blocks.1.mlp.2,element,7,"(14, 23, 21)",0,0.0,False,0.47,0.0,False,,113,144.0,-144.0,0.0,2.0,True,False,1
2965,blocks.4.attn.proj,element,3,"(17, 2, 3)",0,0.0,False,0.47,0.0,False,,250,-320.0,-160.0,1.0,0.5,False,False,1
2966,blocks.2.mlp.0,element,0,"(394, 5, 11)",0,0.0,False,0.47,0.0,False,,221,-26.0,-24.0,0.1154775619506836,0.07692307978868484,False,False,1
2967,blocks.1.mlp.0,element,4,"(337, 2, 15)",0,0.0,False,0.47,0.0,False,,120,256.0,64.0,2.0,0.75,False,False,1
2968,blocks.5.attn.qkv,element,6,"(563, 0, 11)",0,0.0,False,0.47,0.0,False,,244,-192.0,-0.75,8.0,0.99609375,False,False,1
2969,blocks.1.attn.proj,element,5,"(52, 1, 0)",0,0.0,False,0.47,0.0,False,,108,96.0,6.0,3.999999761581421,0.9375,False,False,1
2970,blocks.0.mlp.0,element,0,"(300, 3, 15)",0,0.0,False,0.47,0.0,False,,244,-192.0,-208.0,0.1154775619506836,0.0833333358168602,False,False,1
2971,blocks.2.mlp.0,element,5,"(434, 4, 21)",0,0.0,False,0.47,0.0,False,,98,40.0,2.5,4.0,0.9375,False,False,1
2972,blocks.3.mlp.2,element,7,"(149, 9, 9)",1,0.005,True,0.47,0.0,False,,113,144.0,-144.0,0.0,2.0,True,False,1
2973,blocks.1.attn.qkv,element,3,"(94, 2, 18)",0,0.0,False,0.47,0.0,False,,244,-192.0,-384.0,1.0000004768371582,1.0,False,False,1
2974,blocks.5.mlp.0,element,0,"(626, 4, 1)",0,0.0,False,0.47,0.0,False,,225,-36.0,-32.0,0.16992521286010742,0.1111111119389534,False,False,1
2975,blocks.4.mlp.0,element,2,"(763, 5, 5)",0,0.0,False,0.47,0.0,False,,249,-288.0,-416.0,0.5305147171020508,0.4444444477558136,False,False,1
2976,blocks.3.mlp.0,element,5,"(493, 5, 12)",0,0.0,False,0.47,0.0,False,,219,-22.0,-352.0,4.0,15.0,False,False,1
2977,blocks.4.attn.qkv,element,2,"(490, 5, 18)",0,0.0,False,0.47,0.0,False,,231,-60.0,-44.0,0.44745874404907227,0.2666666805744171,False,False,1
2978,blocks.0.mlp.0,element,4,"(154, 5, 20)",0,0.0,False,0.47,0.0,False,,227,-44.0,-176.0,2.0,3.0,False,False,1
2979,blocks.5.attn.qkv,element,7,"(315, 5, 11)",0,0.0,False,0.47,0.0,False,,232,-64.0,64.0,0.0,2.0,True,False,1
2980,blocks.1.attn.proj,element,4,"(159, 4, 5)",0,0.0,False,0.47,0.0,False,,110,112.0,448.0,2.0,3.0,False,False,1
2981,blocks.2.mlp.0,element,0,"(182, 5, 16)",0,0.0,False,0.47,0.0,False,,233,-72.0,-64.0,0.16992521286010742,0.1111111119389534,False,False,1
2982,blocks.0.mlp.0,element,7,"(153, 0, 11)",0,0.0,False,0.47,0.0,False,,239,-120.0,120.0,0.0,2.0,True,False,1
2983,blocks.1.mlp.2,element,4,"(53, 4, 11)",0,0.0,False,0.47,0.0,False,,102,56.0,224.0,2.0,3.0,False,False,1
2984,blocks.0.attn.qkv,element,6,"(536, 1, 19)",0,0.0,False,0.47,0.0,False,,113,144.0,0.5625,8.0,0.99609375,False,False,1
2985,blocks.1.mlp.2,element,0,"(108, 22, 14)",0,0.0,False,0.47,0.0,False,,233,-72.0,-64.0,0.16992521286010742,0.1111111119389534,False,False,1
2986,blocks.1.mlp.0,element,3,"(106, 3, 30)",0,0.0,False,0.47,0.0,False,,215,-15.0,-30.0,0.9999997615814209,1.0,False,False,1
2987,blocks.3.attn.qkv,element,0,"(57, 4, 13)",0,0.0,False,0.47,0.0,False,,224,-32.0,-36.0,0.16992521286010742,0.125,False,False,1
2988,blocks.2.attn.qkv,element,0,"(61, 3, 17)",0,0.0,False,0.47,0.0,False,,113,144.0,128.0,0.16992521286010742,0.1111111119389534,False,False,1
2989,blocks.4.mlp.2,scale,0,"(33, 3)",1,0.005,True,0.47,0.0,False,,116,116.0,117.0,1.0,inf,False,False,32
2990,blocks.0.mlp.0,element,4,"(589, 3, 10)",0,0.0,False,0.47,0.0,False,,235,-88.0,-352.0,2.0,3.0,False,False,1
2991,blocks.3.attn.qkv,element,3,"(510, 2, 0)",0,0.0,False,0.47,0.0,False,,123,352.0,176.0,1.0,0.5,False,False,1
2992,blocks.1.mlp.2,element,6,"(99, 21, 28)",0,0.0,False,0.47,0.0,False,,113,144.0,0.5625,8.0,0.99609375,False,False,1
2993,blocks.3.mlp.2,element,2,"(123, 2, 6)",0,0.0,False,0.47,0.0,False,,105,72.0,104.0,0.5305147171020508,0.4444444477558136,False,False,1
2994,blocks.0.mlp.0,element,4,"(592, 5, 28)",0,0.0,False,0.47,0.0,False,,249,-288.0,-72.0,1.9999995231628418,0.75,False,False,1
2995,blocks.5.mlp.0,element,7,"(473, 3, 10)",0,0.0,False,0.47,0.0,False,,106,80.0,-80.0,0.0,2.0,True,False,1
2996,blocks.2.mlp.0,element,0,"(115, 4, 3)",0,0.0,False,0.47,0.0,False,,120,256.0,288.0,0.16992473602294922,0.125,False,False,1
2997,blocks.1.attn.qkv,element,1,"(146, 3, 14)",0,0.0,False,0.47,0.0,False,,83,11.0,9.0,0.2895066738128662,0.1818181872367859,False,False,1
2998,blocks.0.mlp.0,element,2,"(174, 3, 2)",0,0.0,False,0.47,0.0,False,,110,112.0,80.0,0.4854269027709961,0.2857142984867096,False,False,1
2999,blocks.5.mlp.0,element,3,"(699, 5, 5)",0,0.0,False,0.47,0.0,False,,240,-128.0,-256.0,1.0,1.0,False,False,1
