i,tensor,site,bit,index,changed,change_rate,sdc,accuracy,acc_drop,nonfinite,weight,code,value_before,value_after,log_severity,rel_error,sign_flip,to_nonfinite,blast_radius
0,layer3.conv2,element,5,"(72, 26, 12)",0,0.0,False,0.86,0.0,False,,247,-28672.0,-112.0,8.0,0.99609375,False,False,1
1,layer3.conv2,element,1,"(55, 39, 19)",0,0.0,False,0.86,0.0,False,,114,12288.0,8192.0,0.5849628448486328,0.3333333432674408,False,False,1
2,layer3.conv2,element,4,"(143, 6, 18)",0,0.0,False,0.86,0.0,False,,246,-24576.0,-1536.0,4.0,0.9375,False,False,1
3,layer3.conv2,element,0,"(56, 39, 4)",0,0.0,False,0.86,0.0,False,,246,-24576.0,-28672.0,0.22239208221435547,0.1666666716337204,False,False,1
4,layer3.conv1,element,1,"(160, 5, 0)",1,0.005,True,0.865,-0.0050000000000000044,False,,243,-14336.0,-10240.0,0.4854269027709961,0.2857142984867096,False,False,1
5,layer3.conv2,element,3,"(21, 49, 17)",0,0.0,False,0.86,0.0,False,,115,14336.0,57344.0,2.0,3.0,False,False,1
6,layer3.conv2,element,2,"(41, 42, 16)",0,0.0,False,0.86,0.0,False,,246,-24576.0,-12288.0,1.0,0.5,False,False,1
7,layer3.conv2,element,0,"(20, 35, 20)",0,0.0,False,0.86,0.0,False,,245,-20480.0,-16384.0,0.3219280242919922,0.20000000298023224,False,False,1
8,layer3.conv2,element,4,"(98, 17, 9)",1,0.005,True,0.865,-0.0050000000000000044,False,,106,3072.0,49152.0,4.0,15.0,False,False,1
9,layer3.conv2,element,3,"(6, 23, 22)",0,0.0,False,0.86,0.0,False,,236,-4096.0,-1024.0,2.0,0.75,False,False,1
10,layer3.conv2,element,0,"(39, 2, 16)",0,0.0,False,0.86,0.0,False,,117,20480.0,16384.0,0.3219280242919922,0.20000000298023224,False,False,1
11,layer1.conv2,element,3,"(39, 4, 9)",0,0.0,False,0.86,0.0,False,,110,6144.0,1536.0,2.0,0.75,False,False,1
12,layer3.conv2,element,2,"(22, 45, 25)",200,1.0,True,0.0,0.86,True,,120,32768.0,inf,inf,inf,False,True,1
13,layer2.conv2,element,6,"(14, 10, 10)",0,0.0,False,0.86,0.0,False,,117,20480.0,0.3125,16.0,0.9999847412109375,False,False,1
14,layer3.conv2,element,5,"(105, 19, 28)",1,0.005,True,0.865,-0.0050000000000000044,False,,117,20480.0,80.0,8.0,0.99609375,False,False,1
15,layer2.conv2,element,5,"(42, 1, 20)",0,0.0,False,0.86,0.0,False,,122,49152.0,192.0,8.0,0.99609375,False,False,1
16,layer3.conv2,element,3,"(7, 44, 17)",0,0.0,False,0.86,0.0,False,,243,-14336.0,-57344.0,2.0,3.0,False,False,1
17,layer3.conv1,element,6,"(125, 22, 10)",0,0.0,False,0.86,0.0,False,,232,-2048.0,-0.03125,16.0,0.9999847412109375,False,False,1
18,layer3.conv2,element,6,"(182, 1, 16)",0,0.0,False,0.86,0.0,False,,241,-10240.0,-0.15625,16.0,0.9999847412109375,False,False,1
19,layer1.conv1,element,1,"(38, 3, 0)",1,0.005,True,0.865,-0.0050000000000000044,False,,121,40960.0,57344.0,0.4854269027709961,0.4000000059604645,False,False,1
20,layer2.conv2,element,0,"(1, 8, 19)",0,0.0,False,0.86,0.0,False,,117,20480.0,16384.0,0.3219280242919922,0.20000000298023224,False,False,1
21,layer3.conv1,element,7,"(175, 7, 18)",1,0.005,True,0.865,-0.0050000000000000044,False,,112,8192.0,-8192.0,0.0,2.0,True,False,1
22,layer3.conv2,element,5,"(97, 52, 3)",1,0.005,True,0.865,-0.0050000000000000044,False,,111,7168.0,28.0,8.0,0.99609375,False,False,1
23,layer3.conv1,element,4,"(106, 13, 26)",0,0.0,False,0.86,0.0,False,,245,-20480.0,-1280.0,4.0,0.9375,False,False,1
24,layer1.conv1,element,6,"(15, 2, 18)",0,0.0,False,0.86,0.0,False,,118,24576.0,0.375,16.0,0.9999847412109375,False,False,1
25,layer3.conv2,element,4,"(20, 43, 14)",0,0.0,False,0.86,0.0,False,,114,12288.0,768.0,4.0,0.9375,False,False,1
26,layer3.conv1,element,5,"(38, 2, 10)",0,0.0,False,0.86,0.0,False,,237,-5120.0,-20.0,8.0,0.99609375,False,False,1
27,fc,element,2,"(5, 5, 15)",0,0.0,False,0.86,0.0,False,,245,-20480.0,-10240.0,1.0,0.5,False,False,1
28,layer3.conv2,element,7,"(163, 27, 4)",0,0.0,False,0.86,0.0,False,,116,16384.0,-16384.0,0.0,2.0,True,False,1
29,layer2.conv1,element,4,"(82, 11, 12)",0,0.0,False,0.86,0.0,False,,120,32768.0,2048.0,4.0,0.9375,False,False,1
30,layer2.conv2,element,5,"(3, 24, 13)",0,0.0,False,0.86,0.0,False,,112,8192.0,32.0,8.0,0.99609375,False,False,1
31,layer3.conv2,element,4,"(101, 32, 0)",0,0.0,False,0.86,0.0,False,,122,49152.0,3072.0,4.0,0.9375,False,False,1
32,layer3.conv2,element,6,"(171, 44, 22)",0,0.0,False,0.86,0.0,False,,249,-40960.0,-0.625,16.0,0.9999847412109375,False,False,1
33,layer3.conv2,element,4,"(73, 18, 19)",0,0.0,False,0.86,0.0,False,,119,28672.0,1792.0,4.0,0.9375,False,False,1
34,layer2.conv2,element,2,"(68, 3, 21)",200,1.0,True,0.0,0.86,True,,251,-57344.0,,inf,inf,False,True,1
35,layer3.conv1,element,5,"(131, 10, 25)",0,0.0,False,0.86,0.0,False,,241,-10240.0,-40.0,8.0,0.99609375,False,False,1
36,layer3.conv1,element,6,"(28, 6, 26)",0,0.0,False,0.86,0.0,False,,117,20480.0,0.3125,16.0,0.9999847412109375,False,False,1
37,layer3.conv1,element,3,"(23, 15, 11)",200,1.0,True,0.0,0.86,True,,117,20480.0,,inf,inf,False,True,1
38,layer3.conv2,element,2,"(140, 22, 23)",0,0.0,False,0.86,0.0,False,,113,10240.0,20480.0,1.0,1.0,False,False,1
39,layer3.conv1,element,5,"(151, 19, 0)",0,0.0,False,0.86,0.0,False,,237,-5120.0,-20.0,8.0,0.99609375,False,False,1
40,layer3.conv2,element,4,"(185, 7, 2)",1,0.005,True,0.865,-0.0050000000000000044,False,,247,-28672.0,-1792.0,4.0,0.9375,False,False,1
41,layer2.conv2,element,1,"(61, 2, 7)",0,0.0,False,0.86,0.0,False,,229,-1280.0,-1792.0,0.4854269027709961,0.4000000059604645,False,False,1
42,layer3.conv2,element,3,"(160, 5, 20)",200,1.0,True,0.0,0.86,True,,244,-16384.0,-inf,inf,inf,False,True,1
43,layer3.conv2,element,1,"(103, 2, 27)",0,0.0,False,0.86,0.0,False,,247,-28672.0,-20480.0,0.4854269027709961,0.2857142984867096,False,False,1
44,layer3.conv1,element,4,"(169, 11, 9)",0,0.0,False,0.86,0.0,False,,248,-32768.0,-2048.0,4.0,0.9375,False,False,1
45,layer3.conv2,element,0,"(56, 12, 3)",0,0.0,False,0.86,0.0,False,,237,-5120.0,-4096.0,0.3219280242919922,0.20000000298023224,False,False,1
46,layer3.conv1,element,4,"(46, 21, 4)",200,1.0,True,0.0,0.86,True,,109,5120.0,,inf,inf,False,True,1
47,layer3.conv1,element,6,"(106, 26, 6)",0,0.0,False,0.86,0.0,False,,117,20480.0,0.3125,16.0,0.9999847412109375,False,False,1
48,layer3.shortcut.0,element,0,"(65, 1, 26)",0,0.0,False,0.86,0.0,False,,119,28672.0,24576.0,0.22239208221435547,0.1428571492433548,False,False,1
49,layer3.conv1,element,3,"(134, 7, 13)",0,0.0,False,0.86,0.0,False,,104,2048.0,512.0,2.0,0.75,False,False,1
50,layer3.conv1,element,2,"(28, 12, 23)",0,0.0,False,0.86,0.0,False,,119,28672.0,14336.0,1.0,0.5,False,False,1
51,layer3.shortcut.0,element,1,"(73, 0, 18)",0,0.0,False,0.86,0.0,False,,114,12288.0,8192.0,0.5849628448486328,0.3333333432674408,False,False,1
52,layer2.conv2,element,3,"(8, 22, 5)",1,0.005,True,0.865,-0.0050000000000000044,False,,122,49152.0,12288.0,2.0,0.75,False,False,1
53,layer3.conv2,element,2,"(159, 2, 26)",0,0.0,False,0.86,0.0,False,,115,14336.0,28672.0,1.0,1.0,False,False,1
54,layer3.conv2,element,2,"(174, 14, 22)",200,1.0,True,0.0,0.86,True,,249,-40960.0,,inf,inf,False,True,1
55,layer2.conv2,element,7,"(35, 15, 15)",0,0.0,False,0.86,0.0,False,,239,-7168.0,7168.0,0.0,2.0,True,False,1
56,layer3.conv2,element,5,"(24, 17, 4)",0,0.0,False,0.86,0.0,False,,245,-20480.0,-80.0,8.0,0.99609375,False,False,1
57,layer2.conv2,element,3,"(84, 5, 0)",1,0.005,True,0.865,-0.0050000000000000044,False,,121,40960.0,10240.0,2.0,0.75,False,False,1
58,layer3.conv2,scale,1,"(75, 9)",0,0.0,False,0.86,0.0,False,,110,110.0,108.0,2.0,inf,False,False,32
59,layer3.conv2,element,2,"(0, 13, 25)",0,0.0,False,0.86,0.0,False,,116,16384.0,8192.0,1.0,0.5,False,False,1
60,layer3.conv1,element,1,"(158, 8, 30)",0,0.0,False,0.86,0.0,False,,122,49152.0,32768.0,0.5849628448486328,0.3333333432674408,False,False,1
61,layer2.conv1,element,5,"(8, 1, 13)",0,0.0,False,0.86,0.0,False,,117,20480.0,80.0,8.0,0.99609375,False,False,1
62,layer3.conv2,element,3,"(0, 32, 27)",0,0.0,False,0.86,0.0,False,,121,40960.0,10240.0,2.0,0.75,False,False,1
63,layer3.conv1,element,7,"(186, 4, 21)",0,0.0,False,0.86,0.0,False,,99,896.0,-896.0,0.0,2.0,True,False,1
64,layer3.conv2,element,6,"(148, 28, 3)",0,0.0,False,0.86,0.0,False,,241,-10240.0,-0.15625,16.0,0.9999847412109375,False,False,1
65,layer3.conv1,element,7,"(69, 2, 14)",0,0.0,False,0.86,0.0,False,,250,-49152.0,49152.0,0.0,2.0,True,False,1
66,layer3.conv1,element,7,"(135, 4, 22)",0,0.0,False,0.86,0.0,False,,246,-24576.0,24576.0,0.0,2.0,True,False,1
67,layer3.conv2,element,2,"(142, 6, 31)",0,0.0,False,0.86,0.0,False,,234,-3072.0,-6144.0,1.0,1.0,False,False,1
68,layer2.conv2,element,3,"(84, 18, 8)",0,0.0,False,0.86,0.0,False,,237,-5120.0,-1280.0,2.0,0.75,False,False,1
69,layer3.conv2,element,0,"(36, 38, 21)",0,0.0,False,0.86,0.0,False,,110,6144.0,7168.0,0.22239208221435547,0.1666666716337204,False,False,1
70,layer3.conv1,element,5,"(119, 5, 25)",1,0.005,True,0.865,-0.0050000000000000044,False,,249,-40960.0,-160.0,8.0,0.99609375,False,False,1
71,layer3.conv2,element,4,"(8, 52, 22)",0,0.0,False,0.86,0.0,False,,241,-10240.0,-640.0,4.0,0.9375,False,False,1
72,layer3.conv1,element,0,"(172, 3, 20)",0,0.0,False,0.86,0.0,False,,247,-28672.0,-24576.0,0.22239208221435547,0.1428571492433548,False,False,1
73,layer3.conv2,element,7,"(122, 32, 18)",0,0.0,False,0.86,0.0,False,,118,24576.0,-24576.0,0.0,2.0,True,False,1
74,layer3.conv2,element,7,"(186, 3, 15)",0,0.0,False,0.86,0.0,False,,109,5120.0,-5120.0,0.0,2.0,True,False,1
75,layer3.conv1,element,5,"(74, 12, 0)",1,0.005,True,0.865,-0.0050000000000000044,False,,117,20480.0,80.0,8.0,0.99609375,False,False,1
76,layer1.conv2,element,0,"(13, 0, 2)",0,0.0,False,0.86,0.0,False,,244,-16384.0,-20480.0,0.3219280242919922,0.25,False,False,1
77,layer3.conv2,element,1,"(140, 44, 27)",0,0.0,False,0.86,0.0,False,,116,16384.0,24576.0,0.5849628448486328,0.5,False,False,1
78,layer2.shortcut.0,element,1,"(58, 1, 4)",0,0.0,False,0.86,0.0,False,,243,-14336.0,-10240.0,0.4854269027709961,0.2857142984867096,False,False,1
79,layer1.conv1,element,4,"(9, 7, 25)",200,1.0,True,0.0,0.86,True,,236,-4096.0,-inf,inf,inf,False,True,1
80,layer2.conv2,element,2,"(53, 16, 1)",0,0.0,False,0.86,0.0,False,,230,-1536.0,-768.0,1.0,0.5,False,False,1
81,layer3.conv2,element,6,"(148, 44, 12)",1,0.005,True,0.865,-0.0050000000000000044,False,,123,57344.0,0.875,16.0,0.9999847412109375,False,False,1
82,layer3.conv2,element,4,"(179, 12, 28)",0,0.0,False,0.86,0.0,False,,244,-16384.0,-1024.0,4.0,0.9375,False,False,1
83,layer2.conv2,element,6,"(77, 13, 5)",1,0.005,True,0.865,-0.0050000000000000044,False,,115,14336.0,0.21875,16.0,0.9999847412109375,False,False,1
84,layer3.conv2,element,6,"(72, 41, 19)",0,0.0,False,0.86,0.0,False,,233,-2560.0,-0.0390625,16.0,0.9999847412109375,False,False,1
85,layer3.conv1,element,6,"(158, 12, 11)",0,0.0,False,0.86,0.0,False,,251,-57344.0,-0.875,16.0,0.9999847412109375,False,False,1
86,layer3.conv1,element,4,"(115, 20, 7)",0,0.0,False,0.86,0.0,False,,121,40960.0,2560.0,4.0,0.9375,False,False,1
87,layer3.conv1,element,6,"(104, 7, 26)",0,0.0,False,0.86,0.0,False,,244,-16384.0,-0.25,16.0,0.9999847412109375,False,False,1
88,layer3.conv2,element,6,"(61, 39, 28)",0,0.0,False,0.86,0.0,False,,118,24576.0,0.375,16.0,0.9999847412109375,False,False,1
89,layer1.conv1,element,5,"(15, 6, 2)",0,0.0,False,0.86,0.0,False,,240,-8192.0,-32.0,8.0,0.99609375,False,False,1
90,layer2.conv2,element,3,"(87, 12, 24)",0,0.0,False,0.86,0.0,False,,243,-14336.0,-57344.0,2.0,3.0,False,False,1
91,layer1.conv1,element,5,"(42, 9, 28)",0,0.0,False,0.86,0.0,False,,118,24576.0,96.0,8.0,0.99609375,False,False,1
92,layer3.conv2,element,1,"(95, 33, 4)",0,0.0,False,0.86,0.0,False,,246,-24576.0,-16384.0,0.5849628448486328,0.3333333432674408,False,False,1
93,layer2.conv1,element,6,"(1, 4, 21)",0,0.0,False,0.86,0.0,False,,244,-16384.0,-0.25,16.0,0.9999847412109375,False,False,1
94,layer3.conv1,element,4,"(176, 25, 21)",1,0.005,True,0.865,-0.0050000000000000044,False,,248,-32768.0,-2048.0,4.0,0.9375,False,False,1
95,layer3.conv2,element,6,"(46, 52, 21)",0,0.0,False,0.86,0.0,False,,234,-3072.0,-0.046875,16.0,0.9999847412109375,False,False,1
96,layer3.conv2,element,6,"(52, 33, 9)",0,0.0,False,0.86,0.0,False,,104,2048.0,0.03125,16.0,0.9999847412109375,False,False,1
97,layer3.conv1,element,5,"(99, 7, 27)",0,0.0,False,0.86,0.0,False,,245,-20480.0,-80.0,8.0,0.99609375,False,False,1
98,layer1.conv1,element,7,"(45, 7, 13)",0,0.0,False,0.86,0.0,False,,118,24576.0,-24576.0,0.0,2.0,True,False,1
99,layer3.conv2,element,1,"(105, 28, 24)",1,0.005,True,0.865,-0.0050000000000000044,False,,244,-16384.0,-24576.0,0.5849628448486328,0.5,False,False,1
100,layer2.conv2,scale,2,"(29, 11)",2,0.01,True,0.865,-0.0050000000000000044,False,,109,109.0,105.0,4.0,inf,False,False,32
101,layer2.conv2,element,5,"(70, 9, 20)",0,0.0,False,0.86,0.0,False,,235,-3584.0,-14.0,8.0,0.99609375,False,False,1
102,layer3.conv2,element,2,"(161, 24, 0)",0,0.0,False,0.86,0.0,False,,117,20480.0,10240.0,1.0,0.5,False,False,1
103,layer3.conv2,element,7,"(91, 3, 14)",0,0.0,False,0.86,0.0,False,,238,-6144.0,6144.0,0.0,2.0,True,False,1
104,layer3.conv2,element,4,"(175, 0, 2)",0,0.0,False,0.86,0.0,False,,241,-10240.0,-640.0,4.0,0.9375,False,False,1
105,layer3.conv2,element,4,"(84, 4, 26)",0,0.0,False,0.86,0.0,False,,234,-3072.0,-49152.0,4.0,15.0,False,False,1
106,layer3.conv1,element,7,"(4, 3, 28)",1,0.005,True,0.865,-0.0050000000000000044,False,,121,40960.0,-40960.0,0.0,2.0,True,False,1
107,layer3.conv1,element,6,"(56, 9, 0)",0,0.0,False,0.86,0.0,False,,102,1536.0,0.0234375,16.0,0.9999847412109375,False,False,1
108,layer3.conv2,element,2,"(162, 1, 17)",0,0.0,False,0.86,0.0,False,,245,-20480.0,-10240.0,1.0,0.5,False,False,1
109,layer3.conv2,element,1,"(42, 18, 3)",0,0.0,False,0.86,0.0,False,,118,24576.0,16384.0,0.5849628448486328,0.3333333432674408,False,False,1
110,layer3.conv2,element,7,"(99, 26, 21)",0,0.0,False,0.86,0.0,False,,244,-16384.0,16384.0,0.0,2.0,True,False,1
111,layer3.conv2,element,3,"(125, 19, 18)",0,0.0,False,0.86,0.0,False,,234,-3072.0,-768.0,2.0,0.75,False,False,1
112,layer3.conv2,element,3,"(5, 44, 2)",0,0.0,False,0.86,0.0,False,,99,896.0,3584.0,2.0,3.0,False,False,1
113,layer3.conv1,element,4,"(159, 12, 18)",0,0.0,False,0.86,0.0,False,,114,12288.0,768.0,4.0,0.9375,False,False,1
114,layer3.conv2,element,7,"(3, 26, 16)",0,0.0,False,0.86,0.0,False,,244,-16384.0,16384.0,0.0,2.0,True,False,1
115,layer3.conv2,element,2,"(20, 8, 20)",200,1.0,True,0.0,0.86,True,,248,-32768.0,-inf,inf,inf,False,True,1
116,layer3.conv2,element,5,"(8, 23, 20)",0,0.0,False,0.86,0.0,False,,108,4096.0,16.0,8.0,0.99609375,False,False,1
117,layer2.conv2,element,7,"(57, 26, 7)",0,0.0,False,0.86,0.0,False,,237,-5120.0,5120.0,0.0,2.0,True,False,1
118,layer3.conv2,element,3,"(4, 32, 2)",0,0.0,False,0.86,0.0,False,,249,-40960.0,-10240.0,2.0,0.75,False,False,1
119,layer3.conv1,element,1,"(101, 26, 14)",1,0.005,True,0.865,-0.0050000000000000044,False,,249,-40960.0,-57344.0,0.4854269027709961,0.4000000059604645,False,False,1
120,layer2.conv1,element,4,"(66, 10, 5)",0,0.0,False,0.86,0.0,False,,116,16384.0,1024.0,4.0,0.9375,False,False,1
121,layer1.conv2,element,4,"(39, 3, 20)",0,0.0,False,0.86,0.0,False,,229,-1280.0,-20480.0,4.0,15.0,False,False,1
122,layer3.conv2,element,1,"(166, 29, 25)",0,0.0,False,0.86,0.0,False,,241,-10240.0,-14336.0,0.4854269027709961,0.4000000059604645,False,False,1
123,layer3.conv1,element,0,"(123, 6, 20)",0,0.0,False,0.86,0.0,False,,104,2048.0,2560.0,0.3219280242919922,0.25,False,False,1
124,layer3.conv1,element,2,"(189, 3, 7)",0,0.0,False,0.86,0.0,False,,116,16384.0,8192.0,1.0,0.5,False,False,1
125,layer3.conv2,element,5,"(78, 28, 9)",1,0.005,True,0.865,-0.0050000000000000044,False,,117,20480.0,80.0,8.0,0.99609375,False,False,1
126,layer3.conv2,element,7,"(91, 46, 5)",1,0.005,True,0.865,-0.0050000000000000044,False,,118,24576.0,-24576.0,0.0,2.0,True,False,1
127,layer3.conv2,scale,3,"(41, 20)",0,0.0,False,0.86,0.0,False,,109,109.0,101.0,8.0,inf,False,False,32
128,layer3.conv1,element,2,"(92, 11, 11)",0,0.0,False,0.86,0.0,False,,116,16384.0,8192.0,1.0,0.5,False,False,1
129,layer2.conv2,element,3,"(85, 25, 29)",0,0.0,False,0.86,0.0,False,,109,5120.0,1280.0,2.0,0.75,False,False,1
130,layer3.conv1,element,7,"(123, 5, 29)",0,0.0,False,0.86,0.0,False,,249,-40960.0,40960.0,0.0,2.0,True,False,1
131,layer3.conv1,element,7,"(0, 1, 4)",0,0.0,False,0.86,0.0,False,,119,28672.0,-28672.0,0.0,2.0,True,False,1
132,layer3.shortcut.0,element,6,"(131, 1, 15)",0,0.0,False,0.86,0.0,False,,110,6144.0,0.09375,16.0,0.9999847412109375,False,False,1
133,layer3.conv2,element,2,"(142, 47, 4)",200,1.0,True,0.0,0.86,True,,248,-32768.0,-inf,inf,inf,False,True,1
134,layer3.conv2,element,0,"(96, 48, 13)",0,0.0,False,0.86,0.0,False,,249,-40960.0,-32768.0,0.3219280242919922,0.20000000298023224,False,False,1
135,layer3.conv2,element,0,"(31, 48, 18)",0,0.0,False,0.86,0.0,False,,122,49152.0,57344.0,0.22239208221435547,0.1666666716337204,False,False,1
136,layer3.conv2,element,5,"(89, 41, 0)",1,0.005,True,0.865,-0.0050000000000000044,False,,251,-57344.0,-224.0,8.0,0.99609375,False,False,1
137,layer3.conv1,element,6,"(163, 22, 17)",0,0.0,False,0.86,0.0,False,,116,16384.0,0.25,16.0,0.9999847412109375,False,False,1
138,layer3.conv2,element,1,"(66, 40, 24)",0,0.0,False,0.86,0.0,False,,235,-3584.0,-2560.0,0.4854269027709961,0.2857142984867096,False,False,1
139,layer2.conv1,element,6,"(69, 9, 21)",1,0.005,True,0.865,-0.0050000000000000044,False,,117,20480.0,0.3125,16.0,0.9999847412109375,False,False,1
140,layer3.conv2,element,4,"(177, 20, 26)",0,0.0,False,0.86,0.0,False,,228,-1024.0,-16384.0,4.0,15.0,False,False,1
141,layer3.conv2,element,0,"(24, 41, 11)",0,0.0,False,0.86,0.0,False,,117,20480.0,16384.0,0.3219280242919922,0.20000000298023224,False,False,1
142,layer3.conv1,element,4,"(49, 18, 21)",1,0.005,True,0.865,-0.0050000000000000044,False,,106,3072.0,49152.0,4.0,15.0,False,False,1
143,layer3.conv1,element,0,"(99, 15, 27)",0,0.0,False,0.86,0.0,False,,116,16384.0,20480.0,0.3219280242919922,0.25,False,False,1
144,layer2.conv2,element,5,"(32, 14, 18)",0,0.0,False,0.86,0.0,False,,110,6144.0,24.0,8.0,0.99609375,False,False,1
145,layer3.conv2,scale,4,"(21, 41)",178,0.89,True,0.1,0.76,False,,109,109.0,125.0,16.0,inf,False,False,32
146,layer3.conv1,element,5,"(92, 0, 4)",0,0.0,False,0.86,0.0,False,,239,-7168.0,-28.0,8.0,0.99609375,False,False,1
147,layer3.conv2,element,7,"(89, 12, 9)",0,0.0,False,0.86,0.0,False,,224,-512.0,512.0,0.0,2.0,True,False,1
148,layer3.conv2,element,3,"(47, 46, 14)",200,1.0,True,0.0,0.86,True,,246,-24576.0,,inf,inf,False,True,1
149,layer3.conv1,element,1,"(23, 18, 22)",1,0.005,True,0.865,-0.0050000000000000044,False,,248,-32768.0,-49152.0,0.5849628448486328,0.5,False,False,1
150,layer3.conv1,element,0,"(28, 0, 11)",0,0.0,False,0.86,0.0,False,,244,-16384.0,-20480.0,0.3219280242919922,0.25,False,False,1
151,layer3.conv2,element,2,"(104, 39, 14)",0,0.0,False,0.86,0.0,False,,244,-16384.0,-8192.0,1.0,0.5,False,False,1
152,layer3.conv2,element,7,"(88, 25, 2)",0,0.0,False,0.86,0.0,False,,108,4096.0,-4096.0,0.0,2.0,True,False,1
153,layer3.conv2,element,1,"(164, 50, 13)",0,0.0,False,0.86,0.0,False,,121,40960.0,57344.0,0.4854269027709961,0.4000000059604645,False,False,1
154,layer3.conv2,element,7,"(124, 45, 9)",0,0.0,False,0.86,0.0,False,,118,24576.0,-24576.0,0.0,2.0,True,False,1
155,layer1.conv2,element,5,"(39, 8, 13)",1,0.005,True,0.865,-0.0050000000000000044,False,,237,-5120.0,-20.0,8.0,0.99609375,False,False,1
156,layer1.conv1,element,0,"(5, 0, 27)",0,0.0,False,0.86,0.0,False,,118,24576.0,28672.0,0.22239208221435547,0.1666666716337204,False,False,1
157,layer3.conv1,element,0,"(157, 22, 14)",0,0.0,False,0.86,0.0,False,,244,-16384.0,-20480.0,0.3219280242919922,0.25,False,False,1
158,layer3.conv2,element,2,"(75, 51, 14)",0,0.0,False,0.86,0.0,False,,109,5120.0,2560.0,1.0,0.5,False,False,1
159,layer3.conv2,element,4,"(167, 43, 18)",0,0.0,False,0.86,0.0,False,,247,-28672.0,-1792.0,4.0,0.9375,False,False,1
160,layer1.conv2,element,4,"(2, 0, 0)",200,1.0,True,0.0,0.86,True,,238,-6144.0,,inf,inf,False,True,1
161,layer2.conv1,element,1,"(51, 1, 5)",0,0.0,False,0.86,0.0,False,,246,-24576.0,-16384.0,0.5849628448486328,0.3333333432674408,False,False,1
162,layer3.conv2,element,4,"(6, 44, 11)",0,0.0,False,0.86,0.0,False,,106,3072.0,49152.0,4.0,15.0,False,False,1
163,layer3.conv2,scale,1,"(10, 53)",0,0.0,False,0.86,0.0,False,,110,110.0,108.0,2.0,inf,False,False,32
164,layer2.conv1,element,3,"(45, 9, 19)",0,0.0,False,0.86,0.0,False,,107,3584.0,896.0,2.0,0.75,False,False,1
165,layer3.conv2,element,6,"(132, 30, 9)",0,0.0,False,0.86,0.0,False,,245,-20480.0,-0.3125,16.0,0.9999847412109375,False,False,1
166,layer3.conv1,element,4,"(123, 18, 17)",0,0.0,False,0.86,0.0,False,,112,8192.0,512.0,4.0,0.9375,False,False,1
167,layer2.conv2,element,0,"(20, 22, 20)",0,0.0,False,0.86,0.0,False,,115,14336.0,12288.0,0.22239208221435547,0.1428571492433548,False,False,1
168,layer2.conv2,element,1,"(2, 18, 4)",0,0.0,False,0.86,0.0,False,,238,-6144.0,-4096.0,0.5849628448486328,0.3333333432674408,False,False,1
169,layer3.conv1,element,6,"(13, 13, 28)",0,0.0,False,0.86,0.0,False,,249,-40960.0,-0.625,16.0,0.9999847412109375,False,False,1
170,layer2.conv2,element,0,"(40, 18, 28)",1,0.005,True,0.865,-0.0050000000000000044,False,,245,-20480.0,-16384.0,0.3219280242919922,0.20000000298023224,False,False,1
171,layer3.conv2,element,4,"(126, 32, 17)",0,0.0,False,0.86,0.0,False,,106,3072.0,49152.0,4.0,15.0,False,False,1
172,layer2.conv2,element,2,"(24, 24, 24)",0,0.0,False,0.86,0.0,False,,221,-320.0,-160.0,1.0,0.5,False,False,1
173,layer3.conv2,element,5,"(14, 8, 12)",0,0.0,False,0.86,0.0,False,,246,-24576.0,-96.0,8.0,0.99609375,False,False,1
174,layer3.conv2,element,4,"(122, 4, 31)",0,0.0,False,0.86,0.0,False,,245,-20480.0,-1280.0,4.0,0.9375,False,False,1
175,layer3.conv1,element,5,"(84, 8, 4)",0,0.0,False,0.86,0.0,False,,112,8192.0,32.0,8.0,0.99609375,False,False,1
176,layer3.conv2,element,3,"(71, 32, 4)",200,1.0,True,0.0,0.86,True,,117,20480.0,,inf,inf,False,True,1
177,layer2.conv1,element,1,"(55, 13, 15)",0,0.0,False,0.86,0.0,False,,242,-12288.0,-8192.0,0.5849628448486328,0.3333333432674408,False,False,1
178,layer2.conv2,element,2,"(27, 14, 9)",0,0.0,False,0.86,0.0,False,,242,-12288.0,-24576.0,1.0,1.0,False,False,1
179,layer3.conv1,element,2,"(144, 13, 23)",200,1.0,True,0.0,0.86,True,,123,57344.0,,inf,inf,False,True,1
180,layer3.shortcut.0,element,0,"(113, 2, 9)",0,0.0,False,0.86,0.0,False,,238,-6144.0,-7168.0,0.22239208221435547,0.1666666716337204,False,False,1
181,layer3.conv2,element,6,"(181, 41, 27)",0,0.0,False,0.86,0.0,False,,119,28672.0,0.4375,16.0,0.9999847412109375,False,False,1
182,layer3.conv2,element,2,"(75, 23, 15)",0,0.0,False,0.86,0.0,False,,238,-6144.0,-3072.0,1.0,0.5,False,False,1
183,layer3.conv2,element,0,"(177, 1, 12)",0,0.0,False,0.86,0.0,False,,249,-40960.0,-32768.0,0.3219280242919922,0.20000000298023224,False,False,1
184,layer3.conv2,element,5,"(50, 19, 12)",0,0.0,False,0.86,0.0,False,,120,32768.0,128.0,8.0,0.99609375,False,False,1
185,layer3.conv1,element,6,"(88, 9, 7)",0,0.0,False,0.86,0.0,False,,235,-3584.0,-0.0546875,16.0,0.9999847412109375,False,False,1
186,layer3.conv2,element,5,"(84, 29, 13)",0,0.0,False,0.86,0.0,False,,251,-57344.0,-224.0,8.0,0.99609375,False,False,1
187,layer3.conv1,element,2,"(43, 6, 7)",0,0.0,False,0.86,0.0,False,,118,24576.0,12288.0,1.0,0.5,False,False,1
188,fc,element,6,"(4, 3, 3)",0,0.0,False,0.86,0.0,False,,245,-20480.0,-0.3125,16.0,0.9999847412109375,False,False,1
189,layer3.conv1,element,6,"(16, 13, 19)",0,0.0,False,0.86,0.0,False,,233,-2560.0,-0.0390625,16.0,0.9999847412109375,False,False,1
190,layer2.conv2,element,5,"(72, 22, 26)",0,0.0,False,0.86,0.0,False,,99,896.0,3.5,8.0,0.99609375,False,False,1
191,layer3.conv1,element,3,"(63, 18, 13)",0,0.0,False,0.86,0.0,False,,232,-2048.0,-512.0,2.0,0.75,False,False,1
192,layer3.conv1,element,0,"(41, 9, 30)",0,0.0,False,0.86,0.0,False,,117,20480.0,16384.0,0.3219280242919922,0.20000000298023224,False,False,1
193,layer3.conv1,element,0,"(57, 24, 29)",0,0.0,False,0.86,0.0,False,,102,1536.0,1792.0,0.22239208221435547,0.1666666716337204,False,False,1
194,layer3.conv2,element,4,"(182, 10, 11)",0,0.0,False,0.86,0.0,False,,245,-20480.0,-1280.0,4.0,0.9375,False,False,1
195,layer3.conv2,element,0,"(75, 23, 31)",0,0.0,False,0.86,0.0,False,,248,-32768.0,-40960.0,0.3219280242919922,0.25,False,False,1
196,layer3.conv1,element,3,"(142, 23, 1)",0,0.0,False,0.86,0.0,False,,214,-96.0,-384.0,2.000000476837158,3.0,False,False,1
197,layer2.conv1,element,4,"(12, 3, 1)",0,0.0,False,0.86,0.0,False,,88,128.0,8.0,4.0,0.9375,False,False,1
198,layer1.conv1,element,0,"(45, 2, 31)",0,0.0,False,0.86,0.0,False,,110,6144.0,7168.0,0.22239208221435547,0.1666666716337204,False,False,1
199,layer3.conv2,element,3,"(98, 11, 13)",0,0.0,False,0.86,0.0,False,,242,-12288.0,-49152.0,2.0,3.0,False,False,1
200,layer3.conv2,element,3,"(145, 40, 29)",0,0.0,False,0.86,0.0,False,,238,-6144.0,-1536.0,2.0,0.75,False,False,1
201,layer1.conv1,scale,1,"(36, 7)",2,0.01,True,0.865,-0.0050000000000000044,False,,108,108.0,110.0,2.0,inf,False,False,32
202,layer3.conv2,element,2,"(61, 39, 14)",0,0.0,False,0.86,0.0,False,,112,8192.0,16384.0,1.0,1.0,False,False,1
203,layer3.conv1,element,5,"(109, 5, 11)",0,0.0,False,0.86,0.0,False,,114,12288.0,48.0,8.0,0.99609375,False,False,1
204,layer2.conv2,element,1,"(13, 19, 21)",0,0.0,False,0.86,0.0,False,,118,24576.0,16384.0,0.5849628448486328,0.3333333432674408,False,False,1
205,layer2.conv1,element,1,"(26, 12, 18)",0,0.0,False,0.86,0.0,False,,241,-10240.0,-14336.0,0.4854269027709961,0.4000000059604645,False,False,1
206,layer3.conv2,element,4,"(9, 6, 14)",200,1.0,True,0.0,0.86,True,,239,-7168.0,,inf,inf,False,True,1
207,layer3.conv2,element,1,"(5, 46, 29)",0,0.0,False,0.86,0.0,False,,243,-14336.0,-10240.0,0.4854269027709961,0.2857142984867096,False,False,1
208,layer1.conv2,element,6,"(41, 5, 25)",0,0.0,False,0.86,0.0,False,,243,-14336.0,-0.21875,16.0,0.9999847412109375,False,False,1
209,layer3.conv2,element,7,"(107, 38, 6)",0,0.0,False,0.86,0.0,False,,121,40960.0,-40960.0,0.0,2.0,True,False,1
210,layer3.conv2,element,3,"(113, 42, 19)",0,0.0,False,0.86,0.0,False,,112,8192.0,32768.0,2.0,3.0,False,False,1
211,layer3.conv1,element,5,"(70, 11, 7)",1,0.005,True,0.865,-0.0050000000000000044,False,,242,-12288.0,-48.0,8.0,0.99609375,False,False,1
212,layer3.conv1,element,5,"(173, 6, 6)",0,0.0,False,0.86,0.0,False,,118,24576.0,96.0,8.0,0.99609375,False,False,1
213,layer2.conv2,element,1,"(16, 19, 31)",0,0.0,False,0.86,0.0,False,,239,-7168.0,-5120.0,0.4854269027709961,0.2857142984867096,False,False,1
214,layer1.conv2,element,7,"(21, 9, 21)",2,0.01,True,0.87,-0.010000000000000009,False,,245,-20480.0,20480.0,0.0,2.0,True,False,1
215,layer3.conv2,element,6,"(35, 45, 7)",0,0.0,False,0.86,0.0,False,,109,5120.0,0.078125,16.0,0.9999847412109375,False,False,1
216,layer3.shortcut.0,element,6,"(12, 0, 17)",0,0.0,False,0.86,0.0,False,,243,-14336.0,-0.21875,16.0,0.9999847412109375,False,False,1
217,layer3.conv2,element,4,"(25, 25, 26)",0,0.0,False,0.86,0.0,False,,233,-2560.0,-40960.0,4.0,15.0,False,False,1
218,layer3.conv1,element,7,"(180, 25, 0)",0,0.0,False,0.86,0.0,False,,122,49152.0,-49152.0,0.0,2.0,True,False,1
219,layer2.conv2,element,7,"(75, 10, 26)",0,0.0,False,0.86,0.0,False,,248,-32768.0,32768.0,0.0,2.0,True,False,1
220,layer3.conv1,element,2,"(51, 13, 7)",200,1.0,True,0.0,0.86,True,,250,-49152.0,,inf,inf,False,True,1
221,layer2.conv1,element,7,"(77, 1, 31)",0,0.0,False,0.86,0.0,False,,118,24576.0,-24576.0,0.0,2.0,True,False,1
222,layer2.conv1,element,2,"(30, 12, 21)",0,0.0,False,0.86,0.0,False,,100,1024.0,512.0,1.0,0.5,False,False,1
223,layer3.conv2,element,6,"(31, 14, 28)",0,0.0,False,0.86,0.0,False,,107,3584.0,0.0546875,16.0,0.9999847412109375,False,False,1
224,layer3.conv2,element,1,"(175, 21, 18)",0,0.0,False,0.86,0.0,False,,100,1024.0,1536.0,0.5849628448486328,0.5,False,False,1
225,layer3.conv2,element,4,"(109, 9, 17)",0,0.0,False,0.86,0.0,False,,243,-14336.0,-896.0,4.0,0.9375,False,False,1
226,layer2.conv2,element,5,"(6, 6, 6)",0,0.0,False,0.86,0.0,False,,242,-12288.0,-48.0,8.0,0.99609375,False,False,1
227,layer3.conv1,element,6,"(142, 20, 24)",1,0.005,True,0.865,-0.0050000000000000044,False,,248,-32768.0,-0.5,16.0,0.9999847412109375,False,False,1
228,layer3.conv2,element,1,"(116, 8, 29)",0,0.0,False,0.86,0.0,False,,116,16384.0,24576.0,0.5849628448486328,0.5,False,False,1
229,layer2.conv2,element,1,"(43, 17, 8)",1,0.005,True,0.865,-0.0050000000000000044,False,,118,24576.0,16384.0,0.5849628448486328,0.3333333432674408,False,False,1
230,layer3.conv2,element,1,"(66, 51, 19)",0,0.0,False,0.86,0.0,False,,112,8192.0,12288.0,0.5849628448486328,0.5,False,False,1
231,layer3.conv2,element,5,"(190, 36, 31)",0,0.0,False,0.86,0.0,False,,116,16384.0,64.0,8.0,0.99609375,False,False,1
232,layer3.conv2,element,3,"(157, 43, 11)",200,1.0,True,0.0,0.86,True,,245,-20480.0,,inf,inf,False,True,1
233,layer3.conv1,scale,4,"(151, 25)",185,0.925,True,0.08,0.78,False,,107,107.0,123.0,16.0,inf,False,False,32
234,layer3.conv1,element,1,"(161, 20, 4)",0,0.0,False,0.86,0.0,False,,111,7168.0,5120.0,0.4854269027709961,0.2857142984867096,False,False,1
235,layer3.conv1,element,0,"(147, 21, 18)",0,0.0,False,0.86,0.0,False,,251,-57344.0,-49152.0,0.22239208221435547,0.1428571492433548,False,False,1
236,layer3.conv2,element,6,"(27, 7, 28)",0,0.0,False,0.86,0.0,False,,245,-20480.0,-0.3125,16.0,0.9999847412109375,False,False,1
237,layer2.conv2,element,7,"(41, 13, 13)",0,0.0,False,0.86,0.0,False,,109,5120.0,-5120.0,0.0,2.0,True,False,1
238,layer3.conv2,element,2,"(5, 46, 15)",0,0.0,False,0.86,0.0,False,,117,20480.0,10240.0,1.0,0.5,False,False,1
239,layer3.conv2,element,0,"(123, 46, 20)",0,0.0,False,0.86,0.0,False,,116,16384.0,20480.0,0.3219280242919922,0.25,False,False,1
240,layer3.conv2,element,1,"(79, 32, 13)",0,0.0,False,0.86,0.0,False,,230,-1536.0,-1024.0,0.5849628448486328,0.3333333432674408,False,False,1
241,layer2.conv2,element,6,"(38, 6, 15)",0,0.0,False,0.86,0.0,False,,246,-24576.0,-0.375,16.0,0.9999847412109375,False,False,1
242,layer3.conv1,element,4,"(147, 10, 10)",1,0.005,True,0.865,-0.0050000000000000044,False,,248,-32768.0,-2048.0,4.0,0.9375,False,False,1
243,layer3.conv2,element,5,"(116, 44, 21)",0,0.0,False,0.86,0.0,False,,241,-10240.0,-40.0,8.0,0.99609375,False,False,1
244,layer3.conv2,element,5,"(132, 49, 20)",0,0.0,False,0.86,0.0,False,,116,16384.0,64.0,8.0,0.99609375,False,False,1
245,layer3.conv2,element,5,"(136, 48, 6)",0,0.0,False,0.86,0.0,False,,96,512.0,2.0,8.0,0.99609375,False,False,1
246,layer3.conv2,element,6,"(89, 39, 23)",0,0.0,False,0.86,0.0,False,,102,1536.0,0.0234375,16.0,0.9999847412109375,False,False,1
247,layer3.conv1,element,5,"(168, 16, 14)",0,0.0,False,0.86,0.0,False,,111,7168.0,28.0,8.0,0.99609375,False,False,1
248,layer3.conv1,element,3,"(109, 3, 13)",1,0.005,True,0.865,-0.0050000000000000044,False,,113,10240.0,40960.0,2.0,3.0,False,False,1
249,layer3.conv1,element,1,"(6, 6, 27)",0,0.0,False,0.86,0.0,False,,244,-16384.0,-24576.0,0.5849628448486328,0.5,False,False,1
250,layer2.conv1,element,5,"(28, 11, 26)",2,0.01,True,0.87,-0.010000000000000009,False,,248,-32768.0,-128.0,8.0,0.99609375,False,False,1
251,layer3.conv2,element,2,"(123, 25, 19)",200,1.0,True,0.0,0.86,True,,248,-32768.0,-inf,inf,inf,False,True,1
252,layer3.conv2,element,4,"(121, 51, 28)",0,0.0,False,0.86,0.0,False,,245,-20480.0,-1280.0,4.0,0.9375,False,False,1
253,layer3.shortcut.0,element,2,"(57, 1, 17)",0,0.0,False,0.86,0.0,False,,243,-14336.0,-28672.0,1.0,1.0,False,False,1
254,fc,element,2,"(4, 3, 5)",0,0.0,False,0.86,0.0,False,,236,-4096.0,-2048.0,1.0,0.5,False,False,1
255,layer2.conv2,element,3,"(84, 0, 18)",200,1.0,True,0.0,0.86,True,,116,16384.0,inf,inf,inf,False,True,1
256,layer2.conv1,element,1,"(29, 4, 20)",0,0.0,False,0.86,0.0,False,,233,-2560.0,-3584.0,0.4854269027709961,0.4000000059604645,False,False,1
257,layer3.conv1,element,5,"(61, 5, 11)",0,0.0,False,0.86,0.0,False,,248,-32768.0,-128.0,8.0,0.99609375,False,False,1
258,layer3.conv2,element,6,"(155, 22, 10)",0,0.0,False,0.86,0.0,False,,238,-6144.0,-0.09375,16.0,0.9999847412109375,False,False,1
259,layer3.shortcut.0,element,7,"(38, 2, 7)",0,0.0,False,0.86,0.0,False,,119,28672.0,-28672.0,0.0,2.0,True,False,1
260,layer3.conv2,element,3,"(126, 6, 3)",0,0.0,False,0.86,0.0,False,,237,-5120.0,-1280.0,2.0,0.75,False,False,1
261,layer3.conv1,element,0,"(191, 24, 16)",0,0.0,False,0.86,0.0,False,,233,-2560.0,-2048.0,0.3219280242919922,0.20000000298023224,False,False,1
262,layer3.conv2,element,3,"(33, 20, 30)",200,1.0,True,0.0,0.86,True,,117,20480.0,,inf,inf,False,True,1
263,layer3.conv2,element,3,"(95, 43, 20)",0,0.0,False,0.86,0.0,False,,227,-896.0,-3584.0,2.0,3.0,False,False,1
264,layer3.shortcut.0,scale,4,"(42, 2)",188,0.94,True,0.1,0.76,False,,109,109.0,125.0,16.0,inf,False,False,32
265,layer3.conv2,element,5,"(80, 29, 18)",0,0.0,False,0.86,0.0,False,,243,-14336.0,-56.0,8.0,0.99609375,False,False,1
266,layer3.conv2,element,5,"(102, 37, 27)",1,0.005,True,0.865,-0.0050000000000000044,False,,113,10240.0,40.0,8.0,0.99609375,False,False,1
267,layer3.conv2,element,1,"(6, 14, 18)",0,0.0,False,0.86,0.0,False,,112,8192.0,12288.0,0.5849628448486328,0.5,False,False,1
268,layer2.conv1,element,6,"(42, 3, 7)",0,0.0,False,0.86,0.0,False,,240,-8192.0,-0.125,16.0,0.9999847412109375,False,False,1
269,layer1.conv1,element,5,"(43, 2, 0)",0,0.0,False,0.86,0.0,False,,245,-20480.0,-80.0,8.0,0.99609375,False,False,1
270,layer3.conv2,element,1,"(39, 47, 22)",0,0.0,False,0.86,0.0,False,,248,-32768.0,-49152.0,0.5849628448486328,0.5,False,False,1
271,layer1.conv1,element,3,"(21, 8, 10)",0,0.0,False,0.86,0.0,False,,231,-1792.0,-7168.0,2.0,3.0,False,False,1
272,layer3.conv2,element,3,"(172, 4, 13)",0,0.0,False,0.86,0.0,False,,239,-7168.0,-1792.0,2.0,0.75,False,False,1
273,layer3.conv2,element,1,"(14, 45, 26)",0,0.0,False,0.86,0.0,False,,248,-32768.0,-49152.0,0.5849628448486328,0.5,False,False,1
274,layer1.conv2,element,0,"(46, 2, 11)",0,0.0,False,0.86,0.0,False,,236,-4096.0,-5120.0,0.3219280242919922,0.25,False,False,1
275,layer3.conv2,element,6,"(152, 16, 5)",0,0.0,False,0.86,0.0,False,,108,4096.0,0.0625,16.0,0.9999847412109375,False,False,1
276,layer2.conv2,element,6,"(74, 7, 1)",0,0.0,False,0.86,0.0,False,,117,20480.0,0.3125,16.0,0.9999847412109375,False,False,1
277,layer3.conv2,element,6,"(106, 52, 30)",0,0.0,False,0.86,0.0,False,,114,12288.0,0.1875,16.0,0.9999847412109375,False,False,1
278,layer3.conv2,element,3,"(16, 3, 4)",0,0.0,False,0.86,0.0,False,,121,40960.0,10240.0,2.0,0.75,False,False,1
279,layer3.conv1,element,4,"(139, 9, 9)",0,0.0,False,0.86,0.0,False,,250,-49152.0,-3072.0,4.0,0.9375,False,False,1
280,layer2.conv2,element,6,"(73, 4, 19)",1,0.005,True,0.865,-0.0050000000000000044,False,,117,20480.0,0.3125,16.0,0.9999847412109375,False,False,1
281,layer3.conv2,element,3,"(100, 53, 11)",0,0.0,False,0.86,0.0,False,,249,-40960.0,-10240.0,2.0,0.75,False,False,1
282,layer3.conv2,element,1,"(98, 47, 0)",0,0.0,False,0.86,0.0,False,,112,8192.0,12288.0,0.5849628448486328,0.5,False,False,1
283,layer3.conv2,element,0,"(40, 47, 10)",0,0.0,False,0.86,0.0,False,,247,-28672.0,-24576.0,0.22239208221435547,0.1428571492433548,False,False,1
284,layer2.conv1,element,5,"(48, 4, 26)",1,0.005,True,0.865,-0.0050000000000000044,False,,249,-40960.0,-160.0,8.0,0.99609375,False,False,1
285,layer3.conv2,element,5,"(186, 8, 8)",0,0.0,False,0.86,0.0,False,,121,40960.0,160.0,8.0,0.99609375,False,False,1
286,layer3.conv2,element,4,"(183, 39, 8)",0,0.0,False,0.86,0.0,False,,241,-10240.0,-640.0,4.0,0.9375,False,False,1
287,layer3.conv2,element,4,"(132, 38, 28)",200,1.0,True,0.0,0.86,True,,236,-4096.0,-inf,inf,inf,False,True,1
288,layer3.conv2,scale,2,"(131, 4)",1,0.005,True,0.865,-0.0050000000000000044,False,,110,110.0,106.0,4.0,inf,False,False,32
289,layer3.conv2,element,7,"(131, 50, 5)",0,0.0,False,0.86,0.0,False,,242,-12288.0,12288.0,0.0,2.0,True,False,1
290,layer3.conv1,element,4,"(72, 12, 21)",0,0.0,False,0.86,0.0,False,,248,-32768.0,-2048.0,4.0,0.9375,False,False,1
291,layer2.conv2,element,2,"(51, 16, 4)",0,0.0,False,0.86,0.0,False,,108,4096.0,2048.0,1.0,0.5,False,False,1
292,layer2.conv2,element,1,"(46, 17, 30)",0,0.0,False,0.86,0.0,False,,112,8192.0,12288.0,0.5849628448486328,0.5,False,False,1
293,layer3.conv2,element,5,"(47, 41, 0)",1,0.005,True,0.865,-0.0050000000000000044,False,,123,57344.0,224.0,8.0,0.99609375,False,False,1
294,layer3.conv2,element,3,"(155, 5, 19)",200,1.0,True,0.0,0.86,True,,245,-20480.0,,inf,inf,False,True,1
295,layer3.conv1,element,0,"(156, 3, 4)",0,0.0,False,0.86,0.0,False,,102,1536.0,1792.0,0.22239208221435547,0.1666666716337204,False,False,1
296,layer3.conv1,element,4,"(189, 10, 7)",200,1.0,True,0.0,0.86,True,,109,5120.0,,inf,inf,False,True,1
297,layer3.conv2,element,1,"(66, 53, 10)",0,0.0,False,0.86,0.0,False,,112,8192.0,12288.0,0.5849628448486328,0.5,False,False,1
298,layer3.conv1,element,1,"(64, 0, 1)",0,0.0,False,0.86,0.0,False,,112,8192.0,12288.0,0.5849628448486328,0.5,False,False,1
299,layer3.conv2,element,6,"(116, 37, 2)",0,0.0,False,0.86,0.0,False,,214,-96.0,-0.00146484375,16.0,0.9999847412109375,False,False,1
300,layer2.conv2,element,4,"(56, 12, 23)",0,0.0,False,0.86,0.0,False,,121,40960.0,2560.0,4.0,0.9375,False,False,1
301,layer3.conv2,element,1,"(137, 9, 1)",0,0.0,False,0.86,0.0,False,,115,14336.0,10240.0,0.4854269027709961,0.2857142984867096,False,False,1
302,layer3.conv1,element,4,"(164, 13, 21)",0,0.0,False,0.86,0.0,False,,243,-14336.0,-896.0,4.0,0.9375,False,False,1
303,layer2.conv2,element,0,"(36, 20, 10)",0,0.0,False,0.86,0.0,False,,241,-10240.0,-8192.0,0.3219280242919922,0.20000000298023224,False,False,1
304,layer3.conv1,element,4,"(32, 18, 28)",0,0.0,False,0.86,0.0,False,,116,16384.0,1024.0,4.0,0.9375,False,False,1
305,layer2.conv2,scale,7,"(13, 3)",200,1.0,True,0.0,0.86,True,,108,108.0,236.0,128.0,inf,False,False,32
306,layer3.conv2,element,5,"(53, 34, 8)",0,0.0,False,0.86,0.0,False,,118,24576.0,96.0,8.0,0.99609375,False,False,1
307,layer3.conv2,element,4,"(104, 32, 23)",200,1.0,True,0.0,0.86,True,,111,7168.0,,inf,inf,False,True,1
308,layer3.conv1,element,4,"(178, 14, 20)",0,0.0,False,0.86,0.0,False,,241,-10240.0,-640.0,4.0,0.9375,False,False,1
309,layer3.shortcut.0,element,7,"(26, 1, 31)",0,0.0,False,0.86,0.0,False,,248,-32768.0,32768.0,0.0,2.0,True,False,1
310,layer2.conv2,element,7,"(59, 6, 10)",0,0.0,False,0.86,0.0,False,,241,-10240.0,10240.0,0.0,2.0,True,False,1
311,layer2.conv1,element,5,"(56, 3, 27)",0,0.0,False,0.86,0.0,False,,231,-1792.0,-7.0,8.0,0.99609375,False,False,1
312,layer3.conv2,element,2,"(160, 34, 5)",0,0.0,False,0.86,0.0,False,,108,4096.0,2048.0,1.0,0.5,False,False,1
313,layer3.conv2,element,2,"(126, 20, 16)",0,0.0,False,0.86,0.0,False,,240,-8192.0,-16384.0,1.0,1.0,False,False,1
314,layer3.conv1,element,6,"(124, 6, 30)",0,0.0,False,0.86,0.0,False,,116,16384.0,0.25,16.0,0.9999847412109375,False,False,1
315,layer3.conv2,element,3,"(98, 4, 14)",0,0.0,False,0.86,0.0,False,,238,-6144.0,-1536.0,2.0,0.75,False,False,1
316,layer3.conv1,element,6,"(148, 11, 3)",0,0.0,False,0.86,0.0,False,,245,-20480.0,-0.3125,16.0,0.9999847412109375,False,False,1
317,layer3.conv1,element,1,"(75, 9, 17)",0,0.0,False,0.86,0.0,False,,243,-14336.0,-10240.0,0.4854269027709961,0.2857142984867096,False,False,1
318,layer3.conv2,element,3,"(115, 38, 5)",0,0.0,False,0.86,0.0,False,,242,-12288.0,-49152.0,2.0,3.0,False,False,1
319,layer1.conv2,element,0,"(16, 7, 3)",0,0.0,False,0.86,0.0,False,,237,-5120.0,-4096.0,0.3219280242919922,0.20000000298023224,False,False,1
320,layer3.conv1,element,0,"(77, 23, 17)",0,0.0,False,0.86,0.0,False,,110,6144.0,7168.0,0.22239208221435547,0.1666666716337204,False,False,1
321,layer3.conv2,element,2,"(80, 18, 22)",0,0.0,False,0.86,0.0,False,,112,8192.0,16384.0,1.0,1.0,False,False,1
322,layer3.conv2,element,5,"(153, 37, 27)",1,0.005,True,0.865,-0.0050000000000000044,False,,241,-10240.0,-40.0,8.0,0.99609375,False,False,1
323,layer3.conv1,element,2,"(148, 22, 23)",0,0.0,False,0.86,0.0,False,,111,7168.0,3584.0,1.0,0.5,False,False,1
324,layer3.conv1,element,0,"(58, 24, 22)",0,0.0,False,0.86,0.0,False,,240,-8192.0,-10240.0,0.3219280242919922,0.25,False,False,1
325,layer3.conv2,element,2,"(37, 4, 23)",1,0.005,True,0.865,-0.0050000000000000044,False,,241,-10240.0,-20480.0,1.0,1.0,False,False,1
326,layer3.conv2,element,6,"(180, 38, 7)",0,0.0,False,0.86,0.0,False,,242,-12288.0,-0.1875,16.0,0.9999847412109375,False,False,1
327,layer3.conv2,element,0,"(177, 41, 26)",0,0.0,False,0.86,0.0,False,,248,-32768.0,-40960.0,0.3219280242919922,0.25,False,False,1
328,layer2.conv2,element,4,"(16, 9, 2)",1,0.005,True,0.865,-0.0050000000000000044,False,,122,49152.0,3072.0,4.0,0.9375,False,False,1
329,layer2.conv2,element,6,"(31, 8, 18)",0,0.0,False,0.86,0.0,False,,223,-448.0,-0.0068359375,16.0,0.9999847412109375,False,False,1
330,layer3.conv2,element,0,"(94, 11, 17)",0,0.0,False,0.86,0.0,False,,246,-24576.0,-28672.0,0.22239208221435547,0.1666666716337204,False,False,1
331,layer3.conv1,element,5,"(19, 2, 1)",0,0.0,False,0.86,0.0,False,,108,4096.0,16.0,8.0,0.99609375,False,False,1
332,layer3.conv2,element,7,"(23, 53, 4)",0,0.0,False,0.86,0.0,False,,234,-3072.0,3072.0,0.0,2.0,True,False,1
333,layer3.conv2,element,7,"(140, 48, 13)",0,0.0,False,0.86,0.0,False,,113,10240.0,-10240.0,0.0,2.0,True,False,1
334,layer3.conv2,element,0,"(120, 27, 25)",0,0.0,False,0.86,0.0,False,,115,14336.0,12288.0,0.22239208221435547,0.1428571492433548,False,False,1
335,layer3.conv2,element,1,"(33, 12, 9)",0,0.0,False,0.86,0.0,False,,120,32768.0,49152.0,0.5849628448486328,0.5,False,False,1
336,layer3.conv1,element,1,"(112, 17, 30)",0,0.0,False,0.86,0.0,False,,238,-6144.0,-4096.0,0.5849628448486328,0.3333333432674408,False,False,1
337,layer3.conv1,element,5,"(186, 9, 16)",0,0.0,False,0.86,0.0,False,,238,-6144.0,-24.0,8.0,0.99609375,False,False,1
338,layer3.conv1,element,7,"(165, 16, 19)",0,0.0,False,0.86,0.0,False,,121,40960.0,-40960.0,0.0,2.0,True,False,1
339,layer3.conv1,element,0,"(20, 8, 29)",0,0.0,False,0.86,0.0,False,,104,2048.0,2560.0,0.3219280242919922,0.25,False,False,1
340,layer3.conv2,element,6,"(65, 48, 11)",0,0.0,False,0.86,0.0,False,,233,-2560.0,-0.0390625,16.0,0.9999847412109375,False,False,1
341,layer3.conv1,element,0,"(133, 3, 0)",0,0.0,False,0.86,0.0,False,,246,-24576.0,-28672.0,0.22239208221435547,0.1666666716337204,False,False,1
342,layer3.conv1,element,0,"(130, 7, 25)",0,0.0,False,0.86,0.0,False,,231,-1792.0,-1536.0,0.22239208221435547,0.1428571492433548,False,False,1
343,layer3.conv1,element,6,"(4, 17, 12)",1,0.005,True,0.865,-0.0050000000000000044,False,,116,16384.0,0.25,16.0,0.9999847412109375,False,False,1
344,layer3.conv2,element,1,"(21, 9, 3)",0,0.0,False,0.86,0.0,False,,111,7168.0,5120.0,0.4854269027709961,0.2857142984867096,False,False,1
345,layer3.conv1,element,2,"(90, 4, 22)",200,1.0,True,0.0,0.86,True,,251,-57344.0,,inf,inf,False,True,1
346,layer3.conv1,element,5,"(166, 25, 24)",0,0.0,False,0.86,0.0,False,,110,6144.0,24.0,8.0,0.99609375,False,False,1
347,layer3.conv2,element,5,"(118, 47, 24)",1,0.005,True,0.865,-0.0050000000000000044,False,,246,-24576.0,-96.0,8.0,0.99609375,False,False,1
348,layer1.conv1,element,7,"(11, 6, 19)",0,0.0,False,0.86,0.0,False,,111,7168.0,-7168.0,0.0,2.0,True,False,1
349,layer3.conv1,element,7,"(65, 19, 14)",0,0.0,False,0.86,0.0,False,,241,-10240.0,10240.0,0.0,2.0,True,False,1
350,layer3.conv1,element,0,"(52, 20, 19)",0,0.0,False,0.86,0.0,False,,246,-24576.0,-28672.0,0.22239208221435547,0.1666666716337204,False,False,1
351,layer3.shortcut.0,element,7,"(36, 0, 30)",0,0.0,False,0.86,0.0,False,,228,-1024.0,1024.0,0.0,2.0,True,False,1
352,layer2.conv1,element,6,"(86, 1, 8)",0,0.0,False,0.86,0.0,False,,112,8192.0,0.125,16.0,0.9999847412109375,False,False,1
353,layer3.conv2,element,1,"(156, 11, 5)",0,0.0,False,0.86,0.0,False,,123,57344.0,40960.0,0.4854269027709961,0.2857142984867096,False,False,1
354,layer3.conv2,element,3,"(17, 52, 6)",0,0.0,False,0.86,0.0,False,,239,-7168.0,-1792.0,2.0,0.75,False,False,1
355,layer3.conv2,element,6,"(17, 41, 7)",0,0.0,False,0.86,0.0,False,,241,-10240.0,-0.15625,16.0,0.9999847412109375,False,False,1
356,layer3.conv2,element,3,"(14, 34, 27)",200,1.0,True,0.0,0.86,True,,244,-16384.0,-inf,inf,inf,False,True,1
357,layer3.conv2,element,7,"(115, 31, 16)",1,0.005,True,0.865,-0.0050000000000000044,False,,247,-28672.0,28672.0,0.0,2.0,True,False,1
358,layer3.conv1,element,3,"(142, 12, 29)",200,1.0,True,0.0,0.86,True,,117,20480.0,,inf,inf,False,True,1
359,layer3.conv1,element,0,"(80, 8, 3)",0,0.0,False,0.86,0.0,False,,121,40960.0,32768.0,0.3219280242919922,0.20000000298023224,False,False,1
360,layer3.conv1,element,5,"(69, 1, 0)",0,0.0,False,0.86,0.0,False,,250,-49152.0,-192.0,8.0,0.99609375,False,False,1
361,layer1.conv2,element,5,"(8, 10, 12)",1,0.005,True,0.865,-0.0050000000000000044,False,,111,7168.0,28.0,8.0,0.99609375,False,False,1
362,layer3.conv2,element,6,"(180, 30, 14)",0,0.0,False,0.86,0.0,False,,231,-1792.0,-0.02734375,16.0,0.9999847412109375,False,False,1
363,layer3.conv2,element,2,"(128, 10, 15)",0,0.0,False,0.86,0.0,False,,244,-16384.0,-8192.0,1.0,0.5,False,False,1
364,layer3.conv1,element,5,"(80, 0, 6)",0,0.0,False,0.86,0.0,False,,116,16384.0,64.0,8.0,0.99609375,False,False,1
365,layer3.conv1,element,4,"(70, 8, 12)",0,0.0,False,0.86,0.0,False,,233,-2560.0,-40960.0,4.0,15.0,False,False,1
366,fc,element,2,"(9, 5, 20)",200,1.0,True,0.0,0.86,True,,121,40960.0,,inf,inf,False,True,1
367,layer3.conv2,element,5,"(139, 33, 16)",0,0.0,False,0.86,0.0,False,,113,10240.0,40.0,8.0,0.99609375,False,False,1
368,layer3.conv2,element,3,"(18, 7, 3)",200,1.0,True,0.0,0.86,True,,116,16384.0,inf,inf,inf,False,True,1
369,layer3.conv1,element,5,"(17, 10, 30)",0,0.0,False,0.86,0.0,False,,83,56.0,14336.0,8.0,255.0,False,False,1
370,layer2.conv2,element,2,"(60, 8, 30)",0,0.0,False,0.86,0.0,False,,113,10240.0,20480.0,1.0,1.0,False,False,1
371,layer2.conv2,element,5,"(83, 9, 31)",0,0.0,False,0.86,0.0,False,,105,2560.0,10.0,8.0,0.99609375,False,False,1
372,layer3.conv2,element,6,"(67, 7, 8)",1,0.005,True,0.865,-0.0050000000000000044,False,,114,12288.0,0.1875,16.0,0.9999847412109375,False,False,1
373,layer2.conv2,element,4,"(58, 21, 17)",200,1.0,True,0.0,0.86,True,,239,-7168.0,,inf,inf,False,True,1
374,layer2.conv2,element,6,"(11, 7, 29)",0,0.0,False,0.86,0.0,False,,118,24576.0,0.375,16.0,0.9999847412109375,False,False,1
375,layer3.conv1,element,2,"(54, 16, 9)",0,0.0,False,0.86,0.0,False,,232,-2048.0,-4096.0,1.0,1.0,False,False,1
376,layer3.conv1,element,1,"(80, 26, 5)",0,0.0,False,0.86,0.0,False,,108,4096.0,6144.0,0.5849628448486328,0.5,False,False,1
377,layer2.conv2,element,2,"(48, 11, 3)",200,1.0,True,0.0,0.86,True,,123,57344.0,,inf,inf,False,True,1
378,layer3.conv1,element,0,"(83, 17, 4)",0,0.0,False,0.86,0.0,False,,244,-16384.0,-20480.0,0.3219280242919922,0.25,False,False,1
379,layer3.conv2,element,5,"(179, 33, 20)",0,0.0,False,0.86,0.0,False,,100,1024.0,4.0,8.0,0.99609375,False,False,1
380,layer3.conv1,element,3,"(161, 17, 9)",1,0.005,True,0.865,-0.0050000000000000044,False,,248,-32768.0,-8192.0,2.0,0.75,False,False,1
381,layer3.conv1,element,1,"(181, 18, 3)",0,0.0,False,0.86,0.0,False,,250,-49152.0,-32768.0,0.5849628448486328,0.3333333432674408,False,False,1
382,layer1.conv2,element,4,"(31, 4, 12)",0,0.0,False,0.86,0.0,False,,112,8192.0,512.0,4.0,0.9375,False,False,1
383,layer3.conv1,element,3,"(71, 6, 8)",0,0.0,False,0.86,0.0,False,,248,-32768.0,-8192.0,2.0,0.75,False,False,1
384,layer3.conv2,element,6,"(115, 9, 10)",0,0.0,False,0.86,0.0,False,,244,-16384.0,-0.25,16.0,0.9999847412109375,False,False,1
385,layer3.conv1,element,7,"(44, 2, 9)",0,0.0,False,0.86,0.0,False,,112,8192.0,-8192.0,0.0,2.0,True,False,1
386,layer3.conv1,element,7,"(108, 10, 31)",0,0.0,False,0.86,0.0,False,,103,1792.0,-1792.0,0.0,2.0,True,False,1
387,layer3.conv1,element,1,"(49, 7, 2)",0,0.0,False,0.86,0.0,False,,111,7168.0,5120.0,0.4854269027709961,0.2857142984867096,False,False,1
388,layer3.conv1,element,0,"(3, 10, 7)",0,0.0,False,0.86,0.0,False,,114,12288.0,14336.0,0.22239208221435547,0.1666666716337204,False,False,1
389,layer3.conv1,element,0,"(97, 18, 9)",0,0.0,False,0.86,0.0,False,,113,10240.0,8192.0,0.3219280242919922,0.20000000298023224,False,False,1
390,layer1.conv1,element,5,"(45, 5, 2)",0,0.0,False,0.86,0.0,False,,111,7168.0,28.0,8.0,0.99609375,False,False,1
391,layer3.conv2,element,7,"(153, 15, 20)",0,0.0,False,0.86,0.0,False,,248,-32768.0,32768.0,0.0,2.0,True,False,1
392,layer3.conv1,element,6,"(14, 6, 30)",0,0.0,False,0.86,0.0,False,,249,-40960.0,-0.625,16.0,0.9999847412109375,False,False,1
393,layer2.conv2,element,4,"(6, 12, 24)",1,0.005,True,0.865,-0.0050000000000000044,False,,119,28672.0,1792.0,4.0,0.9375,False,False,1
394,layer3.conv2,element,1,"(42, 52, 22)",0,0.0,False,0.86,0.0,False,,236,-4096.0,-6144.0,0.5849628448486328,0.5,False,False,1
395,layer3.conv2,element,3,"(84, 40, 20)",0,0.0,False,0.86,0.0,False,,113,10240.0,40960.0,2.0,3.0,False,False,1
396,layer2.conv1,element,6,"(28, 6, 4)",1,0.005,True,0.865,-0.0050000000000000044,False,,248,-32768.0,-0.5,16.0,0.9999847412109375,False,False,1
397,layer3.conv1,element,5,"(11, 21, 5)",0,0.0,False,0.86,0.0,False,,233,-2560.0,-10.0,8.0,0.99609375,False,False,1
398,layer1.conv2,element,7,"(12, 12, 27)",0,0.0,False,0.86,0.0,False,,242,-12288.0,12288.0,0.0,2.0,True,False,1
399,layer3.conv1,element,3,"(62, 0, 4)",2,0.01,True,0.87,-0.010000000000000009,False,,243,-14336.0,-57344.0,2.0,3.0,False,False,1
400,layer1.conv2,element,7,"(25, 2, 5)",1,0.005,True,0.865,-0.0050000000000000044,False,,244,-16384.0,16384.0,0.0,2.0,True,False,1
401,layer3.conv1,element,3,"(101, 24, 19)",200,1.0,True,0.0,0.86,True,,245,-20480.0,,inf,inf,False,True,1
402,layer3.conv2,element,0,"(174, 24, 20)",0,0.0,False,0.86,0.0,False,,250,-49152.0,-57344.0,0.22239208221435547,0.1666666716337204,False,False,1
403,layer2.conv1,element,5,"(72, 4, 14)",1,0.005,True,0.865,-0.0050000000000000044,False,,114,12288.0,48.0,8.0,0.99609375,False,False,1
404,layer3.conv1,element,2,"(115, 6, 16)",200,1.0,True,0.0,0.86,True,,121,40960.0,,inf,inf,False,True,1
405,layer3.shortcut.0,element,7,"(123, 0, 17)",0,0.0,False,0.86,0.0,False,,244,-16384.0,16384.0,0.0,2.0,True,False,1
406,layer3.conv1,element,2,"(126, 10, 12)",1,0.005,True,0.865,-0.0050000000000000044,False,,245,-20480.0,-10240.0,1.0,0.5,False,False,1
407,layer3.conv1,element,5,"(136, 18, 13)",0,0.0,False,0.86,0.0,False,,117,20480.0,80.0,8.0,0.99609375,False,False,1
408,layer3.conv2,element,0,"(43, 39, 25)",0,0.0,False,0.86,0.0,False,,117,20480.0,16384.0,0.3219280242919922,0.20000000298023224,False,False,1
409,layer3.conv2,element,2,"(173, 36, 21)",0,0.0,False,0.86,0.0,False,,243,-14336.0,-28672.0,1.0,1.0,False,False,1
410,layer3.conv1,element,1,"(5, 11, 20)",0,0.0,False,0.86,0.0,False,,235,-3584.0,-2560.0,0.4854269027709961,0.2857142984867096,False,False,1
411,layer3.conv2,element,5,"(126, 46, 10)",0,0.0,False,0.86,0.0,False,,105,2560.0,10.0,8.0,0.99609375,False,False,1
412,layer3.conv2,element,1,"(82, 1, 29)",0,0.0,False,0.86,0.0,False,,250,-49152.0,-32768.0,0.5849628448486328,0.3333333432674408,False,False,1
413,layer3.conv2,element,4,"(55, 12, 26)",0,0.0,False,0.86,0.0,False,,112,8192.0,512.0,4.0,0.9375,False,False,1
414,layer3.conv2,element,0,"(135, 52, 30)",0,0.0,False,0.86,0.0,False,,114,12288.0,14336.0,0.22239208221435547,0.1666666716337204,False,False,1
415,layer3.conv2,element,2,"(39, 28, 21)",200,1.0,True,0.0,0.86,True,,249,-40960.0,,inf,inf,False,True,1
416,layer3.conv1,element,0,"(47, 20, 13)",0,0.0,False,0.86,0.0,False,,246,-24576.0,-28672.0,0.22239208221435547,0.1666666716337204,False,False,1
417,layer3.conv1,element,7,"(15, 7, 12)",1,0.005,True,0.865,-0.0050000000000000044,False,,117,20480.0,-20480.0,0.0,2.0,True,False,1
418,layer3.conv1,element,5,"(54, 9, 15)",0,0.0,False,0.86,0.0,False,,114,12288.0,48.0,8.0,0.99609375,False,False,1
419,layer3.conv1,element,6,"(170, 25, 14)",0,0.0,False,0.86,0.0,False,,242,-12288.0,-0.1875,16.0,0.9999847412109375,False,False,1
420,layer3.conv1,element,2,"(144, 12, 31)",0,0.0,False,0.86,0.0,False,,235,-3584.0,-7168.0,1.0,1.0,False,False,1
421,layer3.conv2,element,5,"(47, 7, 3)",1,0.005,True,0.865,-0.0050000000000000044,False,,120,32768.0,128.0,8.0,0.99609375,False,False,1
422,layer3.conv2,element,0,"(53, 28, 23)",0,0.0,False,0.86,0.0,False,,117,20480.0,16384.0,0.3219280242919922,0.20000000298023224,False,False,1
423,layer3.conv1,element,7,"(102, 0, 7)",0,0.0,False,0.86,0.0,False,,117,20480.0,-20480.0,0.0,2.0,True,False,1
424,layer3.conv1,element,4,"(120, 6, 0)",0,0.0,False,0.86,0.0,False,,240,-8192.0,-512.0,4.0,0.9375,False,False,1
425,layer2.conv2,element,7,"(38, 13, 18)",0,0.0,False,0.86,0.0,False,,243,-14336.0,14336.0,0.0,2.0,True,False,1
426,layer3.conv2,element,2,"(98, 50, 2)",0,0.0,False,0.86,0.0,False,,242,-12288.0,-24576.0,1.0,1.0,False,False,1
427,layer3.conv2,element,5,"(158, 29, 22)",1,0.005,True,0.865,-0.0050000000000000044,False,,112,8192.0,32.0,8.0,0.99609375,False,False,1
428,layer3.conv2,element,4,"(149, 17, 26)",0,0.0,False,0.86,0.0,False,,104,2048.0,32768.0,4.0,15.0,False,False,1
429,layer3.conv2,element,2,"(161, 29, 7)",200,1.0,True,0.0,0.86,True,,121,40960.0,,inf,inf,False,True,1
430,layer3.conv2,element,0,"(138, 37, 17)",0,0.0,False,0.86,0.0,False,,117,20480.0,16384.0,0.3219280242919922,0.20000000298023224,False,False,1
431,layer2.conv1,element,4,"(94, 2, 7)",0,0.0,False,0.86,0.0,False,,243,-14336.0,-896.0,4.0,0.9375,False,False,1
432,layer3.conv1,element,4,"(64, 16, 23)",1,0.005,True,0.865,-0.0050000000000000044,False,,102,1536.0,24576.0,4.0,15.0,False,False,1
433,layer3.conv1,element,7,"(8, 22, 21)",0,0.0,False,0.86,0.0,False,,228,-1024.0,1024.0,0.0,2.0,True,False,1
434,layer3.conv2,element,5,"(86, 47, 17)",0,0.0,False,0.86,0.0,False,,249,-40960.0,-160.0,8.0,0.99609375,False,False,1
435,layer2.conv1,element,7,"(11, 2, 30)",0,0.0,False,0.86,0.0,False,,221,-320.0,320.0,0.0,2.0,True,False,1
436,layer3.conv2,element,0,"(18, 50, 15)",0,0.0,False,0.86,0.0,False,,118,24576.0,28672.0,0.22239208221435547,0.1666666716337204,False,False,1
437,layer3.conv2,element,3,"(160, 31, 28)",200,1.0,True,0.0,0.86,True,,244,-16384.0,-inf,inf,inf,False,True,1
438,layer2.conv1,element,5,"(3, 11, 19)",0,0.0,False,0.86,0.0,False,,106,3072.0,12.0,8.0,0.99609375,False,False,1
439,layer3.conv2,element,7,"(7, 30, 24)",0,0.0,False,0.86,0.0,False,,244,-16384.0,16384.0,0.0,2.0,True,False,1
440,layer3.conv2,element,4,"(16, 21, 27)",0,0.0,False,0.86,0.0,False,,246,-24576.0,-1536.0,4.0,0.9375,False,False,1
441,layer1.conv2,element,7,"(13, 0, 24)",0,0.0,False,0.86,0.0,False,,244,-16384.0,16384.0,0.0,2.0,True,False,1
442,layer3.conv1,element,7,"(8, 20, 31)",0,0.0,False,0.86,0.0,False,,120,32768.0,-32768.0,0.0,2.0,True,False,1
443,layer3.conv2,element,4,"(52, 53, 2)",0,0.0,False,0.86,0.0,False,,246,-24576.0,-1536.0,4.0,0.9375,False,False,1
444,layer3.conv2,element,5,"(139, 14, 10)",0,0.0,False,0.86,0.0,False,,237,-5120.0,-20.0,8.0,0.99609375,False,False,1
445,layer3.conv2,element,6,"(180, 16, 9)",1,0.005,True,0.865,-0.0050000000000000044,False,,110,6144.0,0.09375,16.0,0.9999847412109375,False,False,1
446,layer3.conv2,element,5,"(124, 50, 30)",0,0.0,False,0.86,0.0,False,,121,40960.0,160.0,8.0,0.99609375,False,False,1
447,layer3.conv1,element,0,"(82, 20, 31)",0,0.0,False,0.86,0.0,False,,115,14336.0,12288.0,0.22239208221435547,0.1428571492433548,False,False,1
448,layer3.conv2,element,4,"(121, 30, 13)",0,0.0,False,0.86,0.0,False,,115,14336.0,896.0,4.0,0.9375,False,False,1
449,layer3.conv1,element,2,"(97, 18, 6)",0,0.0,False,0.86,0.0,False,,240,-8192.0,-16384.0,1.0,1.0,False,False,1
450,layer3.conv2,element,7,"(87, 40, 20)",0,0.0,False,0.86,0.0,False,,122,49152.0,-49152.0,0.0,2.0,True,False,1
451,layer2.conv1,element,1,"(78, 1, 10)",1,0.005,True,0.865,-0.0050000000000000044,False,,116,16384.0,24576.0,0.5849628448486328,0.5,False,False,1
452,layer3.conv2,element,5,"(117, 27, 24)",1,0.005,True,0.865,-0.0050000000000000044,False,,118,24576.0,96.0,8.0,0.99609375,False,False,1
453,layer3.conv2,element,4,"(117, 34, 29)",0,0.0,False,0.86,0.0,False,,242,-12288.0,-768.0,4.0,0.9375,False,False,1
454,layer3.conv1,element,5,"(7, 2, 2)",0,0.0,False,0.86,0.0,False,,234,-3072.0,-12.0,8.0,0.99609375,False,False,1
455,layer2.conv2,element,4,"(64, 11, 19)",200,1.0,True,0.0,0.86,True,,110,6144.0,,inf,inf,False,True,1
456,layer3.conv2,element,3,"(144, 37, 7)",0,0.0,False,0.86,0.0,False,,231,-1792.0,-7168.0,2.0,3.0,False,False,1
457,layer1.conv2,element,1,"(0, 5, 6)",0,0.0,False,0.86,0.0,False,,225,-640.0,-896.0,0.4854269027709961,0.4000000059604645,False,False,1
458,fc,element,7,"(4, 2, 10)",3,0.015,True,0.855,0.0050000000000000044,False,,118,24576.0,-24576.0,0.0,2.0,True,False,1
459,layer3.conv2,element,5,"(119, 50, 10)",0,0.0,False,0.86,0.0,False,,114,12288.0,48.0,8.0,0.99609375,False,False,1
460,layer3.conv2,element,0,"(152, 22, 19)",0,0.0,False,0.86,0.0,False,,240,-8192.0,-10240.0,0.3219280242919922,0.25,False,False,1
461,layer3.conv2,element,1,"(20, 20, 15)",0,0.0,False,0.86,0.0,False,,217,-160.0,-224.0,0.4854269027709961,0.4000000059604645,False,False,1
462,layer2.conv1,element,3,"(0, 4, 18)",0,0.0,False,0.86,0.0,False,,121,40960.0,10240.0,2.0,0.75,False,False,1
463,layer3.conv2,element,6,"(161, 52, 25)",0,0.0,False,0.86,0.0,False,,117,20480.0,0.3125,16.0,0.9999847412109375,False,False,1
464,layer3.conv1,element,2,"(89, 24, 18)",0,0.0,False,0.86,0.0,False,,241,-10240.0,-20480.0,1.0,1.0,False,False,1
465,layer3.conv1,element,7,"(132, 2, 4)",0,0.0,False,0.86,0.0,False,,122,49152.0,-49152.0,0.0,2.0,True,False,1
466,layer3.conv2,element,0,"(36, 49, 11)",0,0.0,False,0.86,0.0,False,,117,20480.0,16384.0,0.3219280242919922,0.20000000298023224,False,False,1
467,layer2.conv2,element,5,"(35, 24, 0)",0,0.0,False,0.86,0.0,False,,242,-12288.0,-48.0,8.0,0.99609375,False,False,1
468,layer3.shortcut.0,element,7,"(142, 2, 18)",0,0.0,False,0.86,0.0,False,,119,28672.0,-28672.0,0.0,2.0,True,False,1
469,layer1.conv1,element,3,"(9, 5, 11)",1,0.005,True,0.865,-0.0050000000000000044,False,,113,10240.0,40960.0,2.0,3.0,False,False,1
470,layer3.conv2,element,2,"(64, 50, 21)",1,0.005,True,0.865,-0.0050000000000000044,False,,243,-14336.0,-28672.0,1.0,1.0,False,False,1
471,layer3.conv2,element,4,"(30, 5, 29)",0,0.0,False,0.86,0.0,False,,248,-32768.0,-2048.0,4.0,0.9375,False,False,1
472,layer3.conv2,element,2,"(57, 9, 17)",200,1.0,True,0.0,0.86,True,,248,-32768.0,-inf,inf,inf,False,True,1
473,layer3.conv2,element,0,"(10, 20, 27)",0,0.0,False,0.86,0.0,False,,244,-16384.0,-20480.0,0.3219280242919922,0.25,False,False,1
474,layer2.conv2,element,5,"(29, 3, 1)",1,0.005,True,0.865,-0.0050000000000000044,False,,245,-20480.0,-80.0,8.0,0.99609375,False,False,1
475,layer3.conv2,element,1,"(11, 13, 14)",0,0.0,False,0.86,0.0,False,,103,1792.0,1280.0,0.4854269027709961,0.2857142984867096,False,False,1
476,layer3.conv2,element,5,"(17, 5, 9)",0,0.0,False,0.86,0.0,False,,233,-2560.0,-10.0,8.0,0.99609375,False,False,1
477,layer3.conv2,element,2,"(78, 41, 12)",0,0.0,False,0.86,0.0,False,,114,12288.0,24576.0,1.0,1.0,False,False,1
478,layer2.conv1,element,7,"(76, 5, 27)",0,0.0,False,0.86,0.0,False,,96,512.0,-512.0,0.0,2.0,True,False,1
479,layer3.conv2,element,2,"(93, 7, 31)",0,0.0,False,0.86,0.0,False,,113,10240.0,20480.0,1.0,1.0,False,False,1
480,conv1,element,4,"(18, 0, 18)",1,0.005,True,0.865,-0.0050000000000000044,False,,244,-16384.0,-1024.0,4.0,0.9375,False,False,1
481,layer3.conv2,element,2,"(30, 51, 5)",0,0.0,False,0.86,0.0,False,,240,-8192.0,-16384.0,1.0,1.0,False,False,1
482,layer2.conv2,element,5,"(5, 7, 9)",1,0.005,True,0.865,-0.0050000000000000044,False,,117,20480.0,80.0,8.0,0.99609375,False,False,1
483,layer1.conv1,element,1,"(25, 6, 25)",1,0.005,True,0.865,-0.0050000000000000044,False,,117,20480.0,28672.0,0.4854269027709961,0.4000000059604645,False,False,1
484,layer3.conv2,element,3,"(6, 23, 23)",0,0.0,False,0.86,0.0,False,,234,-3072.0,-768.0,2.0,0.75,False,False,1
485,layer3.conv1,element,6,"(157, 4, 21)",1,0.005,True,0.865,-0.0050000000000000044,False,,246,-24576.0,-0.375,16.0,0.9999847412109375,False,False,1
486,layer3.conv1,element,5,"(95, 12, 9)",0,0.0,False,0.86,0.0,False,,121,40960.0,160.0,8.0,0.99609375,False,False,1
487,layer3.shortcut.0,element,1,"(111, 2, 17)",0,0.0,False,0.86,0.0,False,,243,-14336.0,-10240.0,0.4854269027709961,0.2857142984867096,False,False,1
488,layer3.conv2,element,2,"(66, 2, 30)",0,0.0,False,0.86,0.0,False,,104,2048.0,4096.0,1.0,1.0,False,False,1
489,layer3.conv2,element,6,"(73, 19, 3)",0,0.0,False,0.86,0.0,False,,114,12288.0,0.1875,16.0,0.9999847412109375,False,False,1
490,layer1.conv2,element,0,"(18, 3, 23)",1,0.005,True,0.865,-0.0050000000000000044,False,,246,-24576.0,-28672.0,0.22239208221435547,0.1666666716337204,False,False,1
491,layer2.conv2,element,3,"(30, 14, 30)",0,0.0,False,0.86,0.0,False,,105,2560.0,640.0,2.0,0.75,False,False,1
492,layer3.conv2,element,4,"(22, 15, 22)",0,0.0,False,0.86,0.0,False,,240,-8192.0,-512.0,4.0,0.9375,False,False,1
493,layer3.conv1,element,4,"(99, 3, 5)",0,0.0,False,0.86,0.0,False,,123,57344.0,3584.0,4.0,0.9375,False,False,1
494,layer1.conv2,element,7,"(30, 8, 26)",0,0.0,False,0.86,0.0,False,,119,28672.0,-28672.0,0.0,2.0,True,False,1
495,layer3.conv2,element,1,"(46, 37, 6)",0,0.0,False,0.86,0.0,False,,241,-10240.0,-14336.0,0.4854269027709961,0.4000000059604645,False,False,1
496,layer3.shortcut.0,element,3,"(127, 0, 0)",200,1.0,True,0.0,0.86,True,,244,-16384.0,-inf,inf,inf,False,True,1
497,layer3.conv2,element,3,"(25, 3, 21)",0,0.0,False,0.86,0.0,False,,121,40960.0,10240.0,2.0,0.75,False,False,1
498,layer3.conv2,element,7,"(138, 20, 27)",0,0.0,False,0.86,0.0,False,,251,-57344.0,57344.0,0.0,2.0,True,False,1
499,layer3.conv2,element,1,"(66, 16, 4)",0,0.0,False,0.86,0.0,False,,123,57344.0,40960.0,0.4854269027709961,0.2857142984867096,False,False,1
500,layer2.conv1,element,5,"(87, 9, 20)",1,0.005,True,0.865,-0.0050000000000000044,False,,100,1024.0,4.0,8.0,0.99609375,False,False,1
501,layer3.conv2,element,3,"(178, 8, 8)",1,0.005,True,0.865,-0.0050000000000000044,False,,113,10240.0,40960.0,2.0,3.0,False,False,1
502,layer3.conv2,element,7,"(110, 12, 9)",0,0.0,False,0.86,0.0,False,,117,20480.0,-20480.0,0.0,2.0,True,False,1
503,layer3.conv1,element,1,"(86, 7, 4)",0,0.0,False,0.86,0.0,False,,238,-6144.0,-4096.0,0.5849628448486328,0.3333333432674408,False,False,1
504,layer3.conv1,element,2,"(109, 7, 5)",200,1.0,True,0.0,0.86,True,,121,40960.0,,inf,inf,False,True,1
505,layer3.conv1,element,1,"(166, 4, 19)",0,0.0,False,0.86,0.0,False,,233,-2560.0,-3584.0,0.4854269027709961,0.4000000059604645,False,False,1
506,layer1.conv2,element,5,"(19, 7, 24)",200,1.0,True,0.0,0.86,True,,220,-256.0,-inf,inf,inf,False,True,1
507,layer3.conv1,element,7,"(168, 1, 3)",0,0.0,False,0.86,0.0,False,,226,-768.0,768.0,0.0,2.0,True,False,1
508,layer2.conv2,element,3,"(24, 21, 14)",200,1.0,True,0.0,0.86,True,,245,-20480.0,,inf,inf,False,True,1
509,layer3.conv2,element,0,"(72, 43, 11)",0,0.0,False,0.86,0.0,False,,115,14336.0,12288.0,0.22239208221435547,0.1428571492433548,False,False,1
510,layer3.conv2,element,3,"(187, 33, 9)",200,1.0,True,0.0,0.86,True,,244,-16384.0,-inf,inf,inf,False,True,1
511,layer2.conv1,element,6,"(93, 12, 22)",1,0.005,True,0.865,-0.0050000000000000044,False,,244,-16384.0,-0.25,16.0,0.9999847412109375,False,False,1
512,layer3.conv2,element,7,"(12, 44, 31)",0,0.0,False,0.86,0.0,False,,104,2048.0,-2048.0,0.0,2.0,True,False,1
513,layer3.conv2,element,6,"(64, 30, 3)",0,0.0,False,0.86,0.0,False,,225,-640.0,-0.009765625,16.0,0.9999847412109375,False,False,1
514,layer3.conv2,element,2,"(149, 50, 3)",0,0.0,False,0.86,0.0,False,,104,2048.0,4096.0,1.0,1.0,False,False,1
515,layer3.conv2,element,1,"(90, 50, 5)",0,0.0,False,0.86,0.0,False,,243,-14336.0,-10240.0,0.4854269027709961,0.2857142984867096,False,False,1
516,layer1.conv2,element,4,"(17, 9, 27)",0,0.0,False,0.86,0.0,False,,94,384.0,24.0,4.000000476837158,0.9375,False,False,1
517,layer3.conv1,element,6,"(136, 13, 27)",0,0.0,False,0.86,0.0,False,,110,6144.0,0.09375,16.0,0.9999847412109375,False,False,1
518,layer3.shortcut.0,element,0,"(2, 0, 22)",0,0.0,False,0.86,0.0,False,,248,-32768.0,-40960.0,0.3219280242919922,0.25,False,False,1
519,layer3.conv2,element,2,"(32, 19, 16)",0,0.0,False,0.86,0.0,False,,229,-1280.0,-640.0,1.0,0.5,False,False,1
520,layer2.conv2,element,1,"(35, 1, 27)",1,0.005,True,0.865,-0.0050000000000000044,False,,118,24576.0,16384.0,0.5849628448486328,0.3333333432674408,False,False,1
521,layer3.conv2,element,1,"(62, 11, 2)",1,0.005,True,0.865,-0.0050000000000000044,False,,243,-14336.0,-10240.0,0.4854269027709961,0.2857142984867096,False,False,1
522,layer3.conv2,element,7,"(62, 30, 25)",0,0.0,False,0.86,0.0,False,,108,4096.0,-4096.0,0.0,2.0,True,False,1
523,layer3.conv2,element,3,"(111, 3, 15)",0,0.0,False,0.86,0.0,False,,237,-5120.0,-1280.0,2.0,0.75,False,False,1
524,layer3.conv1,element,4,"(88, 6, 28)",0,0.0,False,0.86,0.0,False,,245,-20480.0,-1280.0,4.0,0.9375,False,False,1
525,layer3.conv2,element,3,"(173, 4, 16)",0,0.0,False,0.86,0.0,False,,241,-10240.0,-40960.0,2.0,3.0,False,False,1
526,layer2.conv1,element,6,"(37, 7, 23)",0,0.0,False,0.86,0.0,False,,246,-24576.0,-0.375,16.0,0.9999847412109375,False,False,1
527,layer3.conv2,element,3,"(21, 51, 0)",1,0.005,True,0.865,-0.0050000000000000044,False,,249,-40960.0,-10240.0,2.0,0.75,False,False,1
528,layer2.conv1,element,3,"(31, 1, 1)",0,0.0,False,0.86,0.0,False,,107,3584.0,896.0,2.0,0.75,False,False,1
529,layer3.shortcut.0,element,1,"(46, 2, 7)",1,0.005,True,0.865,-0.0050000000000000044,False,,118,24576.0,16384.0,0.5849628448486328,0.3333333432674408,False,False,1
530,layer3.conv2,element,2,"(58, 3, 3)",200,1.0,True,0.0,0.86,True,,248,-32768.0,-inf,inf,inf,False,True,1
531,layer2.conv2,element,7,"(47, 23, 6)",0,0.0,False,0.86,0.0,False,,109,5120.0,-5120.0,0.0,2.0,True,False,1
532,layer2.conv2,element,2,"(69, 11, 21)",200,1.0,True,0.0,0.86,True,,120,32768.0,inf,inf,inf,False,True,1
533,layer3.conv2,element,7,"(69, 8, 9)",1,0.005,True,0.865,-0.0050000000000000044,False,,117,20480.0,-20480.0,0.0,2.0,True,False,1
534,layer3.conv2,element,0,"(7, 33, 2)",0,0.0,False,0.86,0.0,False,,241,-10240.0,-8192.0,0.3219280242919922,0.20000000298023224,False,False,1
535,layer3.conv1,element,0,"(92, 14, 26)",0,0.0,False,0.86,0.0,False,,244,-16384.0,-20480.0,0.3219280242919922,0.25,False,False,1
536,layer3.conv2,element,5,"(159, 47, 9)",0,0.0,False,0.86,0.0,False,,121,40960.0,160.0,8.0,0.99609375,False,False,1
537,layer3.conv2,element,3,"(12, 3, 12)",0,0.0,False,0.86,0.0,False,,105,2560.0,640.0,2.0,0.75,False,False,1
538,layer3.conv2,element,4,"(114, 33, 20)",0,0.0,False,0.86,0.0,False,,107,3584.0,57344.0,4.0,15.0,False,False,1
539,layer3.conv2,element,2,"(126, 42, 23)",0,0.0,False,0.86,0.0,False,,230,-1536.0,-768.0,1.0,0.5,False,False,1
540,layer2.conv2,element,3,"(56, 5, 18)",0,0.0,False,0.86,0.0,False,,243,-14336.0,-57344.0,2.0,3.0,False,False,1
541,layer1.conv1,element,7,"(16, 1, 25)",1,0.005,True,0.865,-0.0050000000000000044,False,,251,-57344.0,57344.0,0.0,2.0,True,False,1
542,layer2.conv2,element,4,"(25, 24, 6)",200,1.0,True,0.0,0.86,True,,238,-6144.0,,inf,inf,False,True,1
543,layer3.conv2,element,4,"(52, 14, 17)",0,0.0,False,0.86,0.0,False,,123,57344.0,3584.0,4.0,0.9375,False,False,1
544,layer3.conv1,element,4,"(125, 10, 19)",1,0.005,True,0.865,-0.0050000000000000044,False,,120,32768.0,2048.0,4.0,0.9375,False,False,1
545,layer3.conv2,element,2,"(32, 33, 18)",0,0.0,False,0.86,0.0,False,,227,-896.0,-1792.0,1.0,1.0,False,False,1
546,layer3.conv1,element,1,"(51, 4, 0)",0,0.0,False,0.86,0.0,False,,117,20480.0,28672.0,0.4854269027709961,0.4000000059604645,False,False,1
547,layer3.conv2,scale,6,"(22, 41)",0,0.0,False,0.86,0.0,False,,110,110.0,46.0,64.0,inf,False,False,32
548,layer2.conv1,element,3,"(73, 4, 8)",200,1.0,True,0.0,0.86,True,,118,24576.0,,inf,inf,False,True,1
549,layer2.conv2,element,4,"(60, 9, 3)",0,0.0,False,0.86,0.0,False,,114,12288.0,768.0,4.0,0.9375,False,False,1
550,layer3.conv2,element,2,"(128, 45, 13)",200,1.0,True,0.0,0.86,True,,120,32768.0,inf,inf,inf,False,True,1
551,layer2.conv2,element,7,"(57, 11, 5)",0,0.0,False,0.86,0.0,False,,121,40960.0,-40960.0,0.0,2.0,True,False,1
552,layer1.conv1,element,3,"(3, 6, 24)",0,0.0,False,0.86,0.0,False,,251,-57344.0,-14336.0,2.0,0.75,False,False,1
553,layer3.conv2,element,3,"(79, 24, 28)",0,0.0,False,0.86,0.0,False,,243,-14336.0,-57344.0,2.0,3.0,False,False,1
554,layer3.conv2,element,4,"(47, 37, 16)",1,0.005,True,0.865,-0.0050000000000000044,False,,119,28672.0,1792.0,4.0,0.9375,False,False,1
555,layer2.conv1,element,1,"(84, 11, 27)",0,0.0,False,0.86,0.0,False,,247,-28672.0,-20480.0,0.4854269027709961,0.2857142984867096,False,False,1
556,layer3.conv1,element,6,"(24, 26, 9)",0,0.0,False,0.86,0.0,False,,242,-12288.0,-0.1875,16.0,0.9999847412109375,False,False,1
557,layer3.shortcut.0,element,1,"(27, 2, 20)",0,0.0,False,0.86,0.0,False,,121,40960.0,57344.0,0.4854269027709961,0.4000000059604645,False,False,1
558,layer3.conv1,element,0,"(32, 3, 28)",0,0.0,False,0.86,0.0,False,,111,7168.0,6144.0,0.22239208221435547,0.1428571492433548,False,False,1
559,layer2.conv1,element,5,"(48, 4, 24)",0,0.0,False,0.86,0.0,False,,118,24576.0,96.0,8.0,0.99609375,False,False,1
560,layer3.conv1,element,2,"(65, 26, 22)",200,1.0,True,0.0,0.86,True,,248,-32768.0,-inf,inf,inf,False,True,1
561,layer2.conv2,element,3,"(30, 9, 2)",0,0.0,False,0.86,0.0,False,,97,640.0,2560.0,2.0,3.0,False,False,1
562,layer1.conv1,element,7,"(16, 2, 30)",0,0.0,False,0.86,0.0,False,,249,-40960.0,40960.0,0.0,2.0,True,False,1
563,layer3.conv2,element,2,"(180, 26, 11)",0,0.0,False,0.86,0.0,False,,223,-448.0,-224.0,1.0,0.5,False,False,1
564,layer3.conv2,element,3,"(11, 2, 29)",0,0.0,False,0.86,0.0,False,,240,-8192.0,-32768.0,2.0,3.0,False,False,1
565,layer3.conv1,element,5,"(128, 1, 17)",0,0.0,False,0.86,0.0,False,,247,-28672.0,-112.0,8.0,0.99609375,False,False,1
566,layer3.conv2,element,0,"(148, 52, 29)",0,0.0,False,0.86,0.0,False,,245,-20480.0,-16384.0,0.3219280242919922,0.20000000298023224,False,False,1
567,layer2.conv1,element,7,"(54, 10, 19)",1,0.005,True,0.865,-0.0050000000000000044,False,,110,6144.0,-6144.0,0.0,2.0,True,False,1
568,layer2.conv2,element,1,"(5, 19, 20)",0,0.0,False,0.86,0.0,False,,112,8192.0,12288.0,0.5849628448486328,0.5,False,False,1
569,layer3.conv2,element,1,"(135, 44, 2)",1,0.005,True,0.865,-0.0050000000000000044,False,,246,-24576.0,-16384.0,0.5849628448486328,0.3333333432674408,False,False,1
570,layer3.conv2,element,3,"(180, 16, 14)",0,0.0,False,0.86,0.0,False,,236,-4096.0,-1024.0,2.0,0.75,False,False,1
571,layer3.conv2,element,2,"(73, 10, 11)",200,1.0,True,0.0,0.86,True,,249,-40960.0,,inf,inf,False,True,1
572,layer3.conv2,element,5,"(146, 47, 25)",0,0.0,False,0.86,0.0,False,,236,-4096.0,-16.0,8.0,0.99609375,False,False,1
573,layer2.conv2,element,4,"(65, 1, 27)",0,0.0,False,0.86,0.0,False,,117,20480.0,1280.0,4.0,0.9375,False,False,1
574,layer3.conv1,element,7,"(40, 7, 15)",0,0.0,False,0.86,0.0,False,,246,-24576.0,24576.0,0.0,2.0,True,False,1
575,layer3.conv2,element,3,"(112, 4, 22)",200,1.0,True,0.0,0.86,True,,244,-16384.0,-inf,inf,inf,False,True,1
576,layer3.conv1,element,3,"(135, 16, 21)",0,0.0,False,0.86,0.0,False,,112,8192.0,32768.0,2.0,3.0,False,False,1
577,layer3.conv2,element,6,"(53, 7, 3)",0,0.0,False,0.86,0.0,False,,245,-20480.0,-0.3125,16.0,0.9999847412109375,False,False,1
578,layer3.conv1,element,6,"(174, 2, 24)",0,0.0,False,0.86,0.0,False,,113,10240.0,0.15625,16.0,0.9999847412109375,False,False,1
579,layer3.conv2,element,2,"(11, 53, 21)",0,0.0,False,0.86,0.0,False,,112,8192.0,16384.0,1.0,1.0,False,False,1
580,layer3.conv1,element,1,"(158, 3, 26)",0,0.0,False,0.86,0.0,False,,241,-10240.0,-14336.0,0.4854269027709961,0.4000000059604645,False,False,1
581,layer3.conv2,element,2,"(73, 11, 12)",0,0.0,False,0.86,0.0,False,,118,24576.0,12288.0,1.0,0.5,False,False,1
582,layer3.conv2,element,5,"(185, 26, 14)",0,0.0,False,0.86,0.0,False,,108,4096.0,16.0,8.0,0.99609375,False,False,1
583,layer3.conv2,element,0,"(69, 36, 6)",0,0.0,False,0.86,0.0,False,,114,12288.0,14336.0,0.22239208221435547,0.1666666716337204,False,False,1
584,layer2.conv1,element,4,"(68, 0, 3)",200,1.0,True,0.0,0.86,True,,109,5120.0,,inf,inf,False,True,1
585,layer2.conv1,element,7,"(11, 7, 28)",0,0.0,False,0.86,0.0,False,,246,-24576.0,24576.0,0.0,2.0,True,False,1
586,layer3.conv1,element,7,"(25, 13, 26)",0,0.0,False,0.86,0.0,False,,108,4096.0,-4096.0,0.0,2.0,True,False,1
587,layer3.conv2,element,4,"(55, 23, 4)",0,0.0,False,0.86,0.0,False,,115,14336.0,896.0,4.0,0.9375,False,False,1
588,layer3.shortcut.0,element,0,"(11, 0, 3)",0,0.0,False,0.86,0.0,False,,97,640.0,512.0,0.3219280242919922,0.20000000298023224,False,False,1
589,layer3.conv1,element,0,"(127, 3, 15)",0,0.0,False,0.86,0.0,False,,237,-5120.0,-4096.0,0.3219280242919922,0.20000000298023224,False,False,1
590,layer3.conv1,element,2,"(37, 2, 20)",0,0.0,False,0.86,0.0,False,,241,-10240.0,-20480.0,1.0,1.0,False,False,1
591,layer1.conv1,element,0,"(14, 4, 17)",1,0.005,True,0.865,-0.0050000000000000044,False,,242,-12288.0,-14336.0,0.22239208221435547,0.1666666716337204,False,False,1
592,layer3.conv2,element,2,"(4, 40, 1)",0,0.0,False,0.86,0.0,False,,113,10240.0,20480.0,1.0,1.0,False,False,1
593,layer2.conv1,element,6,"(89, 8, 21)",0,0.0,False,0.86,0.0,False,,106,3072.0,0.046875,16.0,0.9999847412109375,False,False,1
594,layer3.conv2,element,0,"(181, 36, 17)",0,0.0,False,0.86,0.0,False,,244,-16384.0,-20480.0,0.3219280242919922,0.25,False,False,1
595,layer3.conv1,element,7,"(125, 10, 13)",0,0.0,False,0.86,0.0,False,,238,-6144.0,6144.0,0.0,2.0,True,False,1
596,layer3.conv2,element,1,"(130, 50, 23)",0,0.0,False,0.86,0.0,False,,247,-28672.0,-20480.0,0.4854269027709961,0.2857142984867096,False,False,1
597,layer2.conv2,element,7,"(21, 10, 15)",0,0.0,False,0.86,0.0,False,,241,-10240.0,10240.0,0.0,2.0,True,False,1
598,layer3.conv1,element,2,"(43, 19, 15)",0,0.0,False,0.86,0.0,False,,108,4096.0,2048.0,1.0,0.5,False,False,1
599,layer3.conv1,element,0,"(158, 3, 19)",0,0.0,False,0.86,0.0,False,,243,-14336.0,-12288.0,0.22239208221435547,0.1428571492433548,False,False,1
600,layer3.conv1,element,7,"(151, 26, 1)",0,0.0,False,0.86,0.0,False,,119,28672.0,-28672.0,0.0,2.0,True,False,1
601,layer3.conv2,element,4,"(47, 39, 4)",0,0.0,False,0.86,0.0,False,,117,20480.0,1280.0,4.0,0.9375,False,False,1
602,layer1.conv1,element,6,"(2, 4, 14)",1,0.005,True,0.865,-0.0050000000000000044,False,,115,14336.0,0.21875,16.0,0.9999847412109375,False,False,1
603,layer3.conv1,element,3,"(140, 4, 10)",200,1.0,True,0.0,0.86,True,,245,-20480.0,,inf,inf,False,True,1
604,layer2.shortcut.0,element,1,"(78, 0, 8)",0,0.0,False,0.86,0.0,False,,245,-20480.0,-28672.0,0.4854269027709961,0.4000000059604645,False,False,1
605,layer1.conv2,element,6,"(3, 12, 22)",0,0.0,False,0.86,0.0,False,,251,-57344.0,-0.875,16.0,0.9999847412109375,False,False,1
606,layer1.conv2,element,5,"(20, 8, 15)",1,0.005,True,0.865,-0.0050000000000000044,False,,248,-32768.0,-128.0,8.0,0.99609375,False,False,1
607,layer3.conv1,element,6,"(28, 3, 14)",0,0.0,False,0.86,0.0,False,,247,-28672.0,-0.4375,16.0,0.9999847412109375,False,False,1
608,layer3.conv1,element,7,"(94, 13, 28)",1,0.005,True,0.865,-0.0050000000000000044,False,,112,8192.0,-8192.0,0.0,2.0,True,False,1
609,layer3.conv1,element,2,"(0, 12, 17)",1,0.005,True,0.865,-0.0050000000000000044,False,,245,-20480.0,-10240.0,1.0,0.5,False,False,1
610,layer3.conv2,element,1,"(34, 34, 10)",0,0.0,False,0.86,0.0,False,,110,6144.0,4096.0,0.5849628448486328,0.3333333432674408,False,False,1
611,layer3.conv2,element,2,"(16, 8, 6)",1,0.005,True,0.865,-0.0050000000000000044,False,,119,28672.0,14336.0,1.0,0.5,False,False,1
612,layer3.conv2,element,5,"(42, 40, 17)",0,0.0,False,0.86,0.0,False,,118,24576.0,96.0,8.0,0.99609375,False,False,1
613,layer3.conv1,element,4,"(68, 7, 7)",0,0.0,False,0.86,0.0,False,,99,896.0,14336.0,4.0,15.0,False,False,1
614,layer2.conv2,element,2,"(55, 17, 3)",1,0.005,True,0.865,-0.0050000000000000044,False,,240,-8192.0,-16384.0,1.0,1.0,False,False,1
615,layer3.conv2,scale,7,"(27, 43)",200,1.0,True,0.0,0.86,True,,109,109.0,237.0,128.0,inf,False,False,32
616,layer3.conv2,scale,5,"(83, 26)",0,0.0,False,0.86,0.0,False,,110,110.0,78.0,32.0,inf,False,False,32
617,layer3.conv2,element,6,"(18, 25, 21)",0,0.0,False,0.86,0.0,False,,110,6144.0,0.09375,16.0,0.9999847412109375,False,False,1
618,layer3.conv1,element,1,"(63, 23, 26)",0,0.0,False,0.86,0.0,False,,109,5120.0,7168.0,0.4854269027709961,0.4000000059604645,False,False,1
619,layer1.conv1,element,6,"(20, 4, 2)",0,0.0,False,0.86,0.0,False,,102,1536.0,0.0234375,16.0,0.9999847412109375,False,False,1
620,layer3.conv2,element,0,"(167, 10, 23)",0,0.0,False,0.86,0.0,False,,243,-14336.0,-12288.0,0.22239208221435547,0.1428571492433548,False,False,1
621,layer3.conv1,element,1,"(89, 8, 13)",0,0.0,False,0.86,0.0,False,,242,-12288.0,-8192.0,0.5849628448486328,0.3333333432674408,False,False,1
622,layer2.conv2,element,5,"(55, 7, 8)",0,0.0,False,0.86,0.0,False,,243,-14336.0,-56.0,8.0,0.99609375,False,False,1
623,layer3.conv1,element,7,"(84, 4, 5)",0,0.0,False,0.86,0.0,False,,247,-28672.0,28672.0,0.0,2.0,True,False,1
624,layer3.conv2,element,2,"(99, 11, 1)",0,0.0,False,0.86,0.0,False,,246,-24576.0,-12288.0,1.0,0.5,False,False,1
625,layer2.conv2,element,5,"(30, 14, 28)",1,0.005,True,0.865,-0.0050000000000000044,False,,119,28672.0,112.0,8.0,0.99609375,False,False,1
626,layer3.conv2,element,0,"(105, 39, 10)",0,0.0,False,0.86,0.0,False,,229,-1280.0,-1024.0,0.3219280242919922,0.20000000298023224,False,False,1
627,layer3.conv1,element,4,"(127, 7, 10)",0,0.0,False,0.86,0.0,False,,116,16384.0,1024.0,4.0,0.9375,False,False,1
628,layer3.conv2,element,0,"(165, 22, 14)",0,0.0,False,0.86,0.0,False,,117,20480.0,16384.0,0.3219280242919922,0.20000000298023224,False,False,1
629,layer3.conv1,element,1,"(153, 17, 6)",1,0.005,True,0.865,-0.0050000000000000044,False,,246,-24576.0,-16384.0,0.5849628448486328,0.3333333432674408,False,False,1
630,layer2.conv2,element,3,"(58, 26, 0)",200,1.0,True,0.0,0.86,True,,117,20480.0,,inf,inf,False,True,1
631,layer3.conv2,element,1,"(31, 30, 1)",0,0.0,False,0.86,0.0,False,,117,20480.0,28672.0,0.4854269027709961,0.4000000059604645,False,False,1
632,layer3.conv1,element,4,"(83, 5, 9)",0,0.0,False,0.86,0.0,False,,114,12288.0,768.0,4.0,0.9375,False,False,1
633,layer3.conv1,element,6,"(77, 4, 0)",1,0.005,True,0.865,-0.0050000000000000044,False,,115,14336.0,0.21875,16.0,0.9999847412109375,False,False,1
634,layer1.conv2,element,4,"(1, 3, 5)",1,0.005,True,0.865,-0.0050000000000000044,False,,112,8192.0,512.0,4.0,0.9375,False,False,1
635,layer3.conv1,element,3,"(155, 4, 17)",200,1.0,True,0.0,0.86,True,,116,16384.0,inf,inf,inf,False,True,1
636,layer3.conv2,element,0,"(160, 53, 17)",0,0.0,False,0.86,0.0,False,,104,2048.0,2560.0,0.3219280242919922,0.25,False,False,1
637,layer3.conv2,element,2,"(173, 41, 16)",0,0.0,False,0.86,0.0,False,,109,5120.0,2560.0,1.0,0.5,False,False,1
638,layer3.conv1,scale,5,"(163, 4)",0,0.0,False,0.86,0.0,False,,107,107.0,75.0,32.0,inf,False,False,32
639,layer3.conv2,element,4,"(149, 20, 29)",1,0.005,True,0.865,-0.0050000000000000044,False,,116,16384.0,1024.0,4.0,0.9375,False,False,1
640,layer3.conv1,element,1,"(120, 3, 10)",0,0.0,False,0.86,0.0,False,,234,-3072.0,-2048.0,0.5849628448486328,0.3333333432674408,False,False,1
641,layer3.conv2,element,4,"(167, 0, 10)",0,0.0,False,0.86,0.0,False,,248,-32768.0,-2048.0,4.0,0.9375,False,False,1
642,layer2.conv2,element,2,"(37, 1, 5)",0,0.0,False,0.86,0.0,False,,111,7168.0,3584.0,1.0,0.5,False,False,1
643,layer3.conv2,element,7,"(96, 29, 24)",0,0.0,False,0.86,0.0,False,,115,14336.0,-14336.0,0.0,2.0,True,False,1
644,layer3.conv1,element,7,"(169, 9, 15)",0,0.0,False,0.86,0.0,False,,245,-20480.0,20480.0,0.0,2.0,True,False,1
645,layer1.conv2,element,4,"(38, 6, 21)",0,0.0,False,0.86,0.0,False,,106,3072.0,49152.0,4.0,15.0,False,False,1
646,layer3.conv2,element,5,"(81, 53, 22)",0,0.0,False,0.86,0.0,False,,118,24576.0,96.0,8.0,0.99609375,False,False,1
647,layer3.conv2,element,6,"(68, 13, 24)",0,0.0,False,0.86,0.0,False,,243,-14336.0,-0.21875,16.0,0.9999847412109375,False,False,1
648,layer3.conv2,element,2,"(166, 1, 2)",0,0.0,False,0.86,0.0,False,,107,3584.0,7168.0,1.0,1.0,False,False,1
649,layer3.conv2,element,3,"(143, 6, 7)",0,0.0,False,0.86,0.0,False,,114,12288.0,49152.0,2.0,3.0,False,False,1
650,layer3.conv2,element,5,"(55, 32, 19)",0,0.0,False,0.86,0.0,False,,120,32768.0,128.0,8.0,0.99609375,False,False,1
651,layer3.conv2,element,0,"(86, 16, 21)",0,0.0,False,0.86,0.0,False,,113,10240.0,8192.0,0.3219280242919922,0.20000000298023224,False,False,1
652,layer3.conv1,element,7,"(176, 0, 7)",1,0.005,True,0.865,-0.0050000000000000044,False,,250,-49152.0,49152.0,0.0,2.0,True,False,1
653,layer1.conv1,element,7,"(2, 6, 22)",0,0.0,False,0.86,0.0,False,,241,-10240.0,10240.0,0.0,2.0,True,False,1
654,layer2.conv1,element,1,"(76, 9, 24)",0,0.0,False,0.86,0.0,False,,119,28672.0,20480.0,0.4854269027709961,0.2857142984867096,False,False,1
655,layer1.conv1,element,6,"(7, 2, 28)",0,0.0,False,0.86,0.0,False,,241,-10240.0,-0.15625,16.0,0.9999847412109375,False,False,1
656,layer3.conv2,element,0,"(123, 4, 31)",0,0.0,False,0.86,0.0,False,,117,20480.0,16384.0,0.3219280242919922,0.20000000298023224,False,False,1
657,layer1.conv2,element,7,"(2, 0, 29)",0,0.0,False,0.86,0.0,False,,109,5120.0,-5120.0,0.0,2.0,True,False,1
658,layer3.conv2,element,7,"(131, 40, 16)",0,0.0,False,0.86,0.0,False,,241,-10240.0,10240.0,0.0,2.0,True,False,1
659,layer3.conv2,element,2,"(138, 18, 17)",0,0.0,False,0.86,0.0,False,,117,20480.0,10240.0,1.0,0.5,False,False,1
660,layer3.conv1,element,7,"(152, 26, 23)",1,0.005,True,0.865,-0.0050000000000000044,False,,117,20480.0,-20480.0,0.0,2.0,True,False,1
661,layer3.conv2,element,4,"(46, 33, 25)",1,0.005,True,0.865,-0.0050000000000000044,False,,119,28672.0,1792.0,4.0,0.9375,False,False,1
662,layer3.conv2,element,4,"(14, 50, 18)",0,0.0,False,0.86,0.0,False,,118,24576.0,1536.0,4.0,0.9375,False,False,1
663,layer3.conv1,element,4,"(189, 7, 27)",0,0.0,False,0.86,0.0,False,,112,8192.0,512.0,4.0,0.9375,False,False,1
664,layer3.conv1,element,7,"(146, 13, 26)",0,0.0,False,0.86,0.0,False,,111,7168.0,-7168.0,0.0,2.0,True,False,1
665,layer3.conv2,element,6,"(185, 39, 6)",1,0.005,True,0.865,-0.0050000000000000044,False,,247,-28672.0,-0.4375,16.0,0.9999847412109375,False,False,1
666,layer2.conv1,element,1,"(77, 7, 27)",0,0.0,False,0.86,0.0,False,,111,7168.0,5120.0,0.4854269027709961,0.2857142984867096,False,False,1
667,layer3.conv2,element,7,"(124, 8, 17)",0,0.0,False,0.86,0.0,False,,240,-8192.0,8192.0,0.0,2.0,True,False,1
668,layer2.conv2,element,3,"(48, 20, 28)",0,0.0,False,0.86,0.0,False,,238,-6144.0,-1536.0,2.0,0.75,False,False,1
669,layer3.conv1,element,2,"(127, 1, 13)",0,0.0,False,0.86,0.0,False,,116,16384.0,8192.0,1.0,0.5,False,False,1
670,layer2.conv2,element,7,"(69, 9, 12)",0,0.0,False,0.86,0.0,False,,246,-24576.0,24576.0,0.0,2.0,True,False,1
671,layer3.conv2,element,1,"(46, 7, 21)",0,0.0,False,0.86,0.0,False,,241,-10240.0,-14336.0,0.4854269027709961,0.4000000059604645,False,False,1
672,layer3.shortcut.0,element,7,"(30, 1, 19)",0,0.0,False,0.86,0.0,False,,236,-4096.0,4096.0,0.0,2.0,True,False,1
673,layer3.conv2,element,7,"(5, 14, 21)",0,0.0,False,0.86,0.0,False,,101,1280.0,-1280.0,0.0,2.0,True,False,1
674,layer3.conv2,element,3,"(86, 17, 8)",0,0.0,False,0.86,0.0,False,,114,12288.0,49152.0,2.0,3.0,False,False,1
675,layer2.conv1,element,2,"(34, 10, 17)",1,0.005,True,0.865,-0.0050000000000000044,False,,247,-28672.0,-14336.0,1.0,0.5,False,False,1
676,layer2.shortcut.0,element,2,"(17, 1, 13)",0,0.0,False,0.86,0.0,False,,89,160.0,320.0,1.0,1.0,False,False,1
677,layer3.conv1,element,2,"(173, 6, 0)",0,0.0,False,0.86,0.0,False,,229,-1280.0,-640.0,1.0,0.5,False,False,1
678,layer3.conv1,element,4,"(4, 4, 29)",0,0.0,False,0.86,0.0,False,,248,-32768.0,-2048.0,4.0,0.9375,False,False,1
679,layer3.conv1,element,1,"(164, 22, 4)",0,0.0,False,0.86,0.0,False,,244,-16384.0,-24576.0,0.5849628448486328,0.5,False,False,1
680,layer3.conv1,element,7,"(105, 19, 11)",1,0.005,True,0.865,-0.0050000000000000044,False,,120,32768.0,-32768.0,0.0,2.0,True,False,1
681,layer3.conv2,element,3,"(81, 47, 0)",200,1.0,True,0.0,0.86,True,,247,-28672.0,,inf,inf,False,True,1
682,layer3.conv2,element,2,"(138, 15, 30)",0,0.0,False,0.86,0.0,False,,105,2560.0,5120.0,1.0,1.0,False,False,1
683,layer3.conv1,element,5,"(132, 11, 17)",0,0.0,False,0.86,0.0,False,,246,-24576.0,-96.0,8.0,0.99609375,False,False,1
684,layer3.conv2,element,0,"(109, 43, 5)",0,0.0,False,0.86,0.0,False,,238,-6144.0,-7168.0,0.22239208221435547,0.1666666716337204,False,False,1
685,layer3.conv1,element,0,"(73, 1, 13)",0,0.0,False,0.86,0.0,False,,116,16384.0,20480.0,0.3219280242919922,0.25,False,False,1
686,layer3.conv2,element,5,"(7, 27, 23)",0,0.0,False,0.86,0.0,False,,233,-2560.0,-10.0,8.0,0.99609375,False,False,1
687,layer3.conv2,element,0,"(184, 34, 30)",0,0.0,False,0.86,0.0,False,,245,-20480.0,-16384.0,0.3219280242919922,0.20000000298023224,False,False,1
688,layer2.conv2,element,7,"(94, 24, 24)",0,0.0,False,0.86,0.0,False,,244,-16384.0,16384.0,0.0,2.0,True,False,1
689,layer3.conv2,element,4,"(165, 10, 7)",0,0.0,False,0.86,0.0,False,,120,32768.0,2048.0,4.0,0.9375,False,False,1
690,layer3.conv2,element,3,"(33, 41, 25)",200,1.0,True,0.0,0.86,True,,244,-16384.0,-inf,inf,inf,False,True,1
691,layer3.conv2,element,4,"(148, 37, 17)",0,0.0,False,0.86,0.0,False,,250,-49152.0,-3072.0,4.0,0.9375,False,False,1
692,layer2.conv2,element,3,"(95, 25, 22)",1,0.005,True,0.865,-0.0050000000000000044,False,,241,-10240.0,-40960.0,2.0,3.0,False,False,1
693,layer2.conv2,element,7,"(88, 25, 30)",0,0.0,False,0.86,0.0,False,,119,28672.0,-28672.0,0.0,2.0,True,False,1
694,layer3.conv2,element,0,"(167, 27, 1)",0,0.0,False,0.86,0.0,False,,107,3584.0,3072.0,0.22239208221435547,0.1428571492433548,False,False,1
695,layer2.shortcut.0,element,7,"(74, 0, 17)",3,0.015,True,0.87,-0.010000000000000009,False,,246,-24576.0,24576.0,0.0,2.0,True,False,1
696,layer3.conv2,element,4,"(5, 53, 9)",0,0.0,False,0.86,0.0,False,,245,-20480.0,-1280.0,4.0,0.9375,False,False,1
697,layer3.conv2,element,1,"(93, 49, 19)",0,0.0,False,0.86,0.0,False,,247,-28672.0,-20480.0,0.4854269027709961,0.2857142984867096,False,False,1
698,layer2.conv2,element,1,"(5, 2, 4)",0,0.0,False,0.86,0.0,False,,113,10240.0,14336.0,0.4854269027709961,0.4000000059604645,False,False,1
699,layer3.conv1,element,4,"(101, 9, 17)",0,0.0,False,0.86,0.0,False,,231,-1792.0,-28672.0,4.0,15.0,False,False,1
700,layer3.conv2,element,5,"(136, 7, 21)",0,0.0,False,0.86,0.0,False,,102,1536.0,6.0,8.0,0.99609375,False,False,1
701,layer3.conv2,element,2,"(188, 27, 7)",0,0.0,False,0.86,0.0,False,,246,-24576.0,-12288.0,1.0,0.5,False,False,1
702,layer2.conv1,element,7,"(37, 8, 3)",1,0.005,True,0.865,-0.0050000000000000044,False,,117,20480.0,-20480.0,0.0,2.0,True,False,1
703,layer3.conv2,element,3,"(35, 36, 6)",0,0.0,False,0.86,0.0,False,,120,32768.0,8192.0,2.0,0.75,False,False,1
704,layer3.conv2,element,6,"(184, 51, 6)",0,0.0,False,0.86,0.0,False,,224,-512.0,-0.0078125,16.0,0.9999847412109375,False,False,1
705,layer3.conv2,element,6,"(77, 16, 7)",1,0.005,True,0.865,-0.0050000000000000044,False,,120,32768.0,0.5,16.0,0.9999847412109375,False,False,1
706,layer3.conv2,element,6,"(24, 5, 24)",0,0.0,False,0.86,0.0,False,,112,8192.0,0.125,16.0,0.9999847412109375,False,False,1
707,layer3.conv1,element,4,"(160, 2, 22)",200,1.0,True,0.0,0.86,True,,239,-7168.0,,inf,inf,False,True,1
708,layer3.conv2,element,5,"(173, 34, 19)",0,0.0,False,0.86,0.0,False,,243,-14336.0,-56.0,8.0,0.99609375,False,False,1
709,layer3.conv2,element,5,"(94, 20, 10)",0,0.0,False,0.86,0.0,False,,245,-20480.0,-80.0,8.0,0.99609375,False,False,1
710,layer2.conv2,element,6,"(42, 26, 27)",1,0.005,True,0.865,-0.0050000000000000044,False,,248,-32768.0,-0.5,16.0,0.9999847412109375,False,False,1
711,layer3.conv1,element,3,"(165, 2, 14)",0,0.0,False,0.86,0.0,False,,106,3072.0,768.0,2.0,0.75,False,False,1
712,layer3.conv2,element,0,"(6, 49, 27)",0,0.0,False,0.86,0.0,False,,118,24576.0,28672.0,0.22239208221435547,0.1666666716337204,False,False,1
713,layer3.conv2,element,6,"(145, 9, 28)",0,0.0,False,0.86,0.0,False,,248,-32768.0,-0.5,16.0,0.9999847412109375,False,False,1
714,layer3.conv2,element,7,"(61, 32, 27)",0,0.0,False,0.86,0.0,False,,114,12288.0,-12288.0,0.0,2.0,True,False,1
715,layer2.conv1,element,0,"(94, 3, 14)",0,0.0,False,0.86,0.0,False,,244,-16384.0,-20480.0,0.3219280242919922,0.25,False,False,1
716,layer3.conv2,element,3,"(10, 3, 21)",200,1.0,True,0.0,0.86,True,,118,24576.0,,inf,inf,False,True,1
717,layer2.conv2,element,6,"(11, 18, 31)",0,0.0,False,0.86,0.0,False,,227,-896.0,-0.013671875,16.0,0.9999847412109375,False,False,1
718,layer3.conv1,element,6,"(116, 8, 31)",0,0.0,False,0.86,0.0,False,,243,-14336.0,-0.21875,16.0,0.9999847412109375,False,False,1
719,layer3.conv2,element,6,"(180, 28, 13)",1,0.005,True,0.865,-0.0050000000000000044,False,,120,32768.0,0.5,16.0,0.9999847412109375,False,False,1
720,layer3.conv2,element,4,"(169, 39, 2)",1,0.005,True,0.865,-0.0050000000000000044,False,,245,-20480.0,-1280.0,4.0,0.9375,False,False,1
721,layer3.conv2,element,4,"(100, 34, 10)",0,0.0,False,0.86,0.0,False,,119,28672.0,1792.0,4.0,0.9375,False,False,1
722,layer3.conv2,element,4,"(149, 52, 2)",1,0.005,True,0.865,-0.0050000000000000044,False,,116,16384.0,1024.0,4.0,0.9375,False,False,1
723,layer3.conv1,element,1,"(158, 24, 12)",0,0.0,False,0.86,0.0,False,,237,-5120.0,-7168.0,0.4854269027709961,0.4000000059604645,False,False,1
724,layer3.conv2,element,4,"(81, 36, 12)",0,0.0,False,0.86,0.0,False,,242,-12288.0,-768.0,4.0,0.9375,False,False,1
725,layer3.conv2,element,6,"(8, 33, 1)",0,0.0,False,0.86,0.0,False,,103,1792.0,0.02734375,16.0,0.9999847412109375,False,False,1
726,layer3.conv2,element,2,"(178, 16, 12)",0,0.0,False,0.86,0.0,False,,246,-24576.0,-12288.0,1.0,0.5,False,False,1
727,layer2.conv2,element,4,"(16, 21, 12)",0,0.0,False,0.86,0.0,False,,98,768.0,12288.0,4.0,15.0,False,False,1
728,layer3.conv2,element,7,"(34, 13, 22)",0,0.0,False,0.86,0.0,False,,229,-1280.0,1280.0,0.0,2.0,True,False,1
729,layer3.conv1,element,5,"(0, 0, 31)",0,0.0,False,0.86,0.0,False,,225,-640.0,-2.5,8.0,0.99609375,False,False,1
730,layer3.conv1,element,7,"(107, 22, 13)",0,0.0,False,0.86,0.0,False,,99,896.0,-896.0,0.0,2.0,True,False,1
731,layer3.conv2,element,5,"(91, 42, 31)",0,0.0,False,0.86,0.0,False,,251,-57344.0,-224.0,8.0,0.99609375,False,False,1
732,layer1.conv2,element,5,"(38, 11, 22)",0,0.0,False,0.86,0.0,False,,245,-20480.0,-80.0,8.0,0.99609375,False,False,1
733,layer3.conv1,element,5,"(89, 16, 18)",2,0.01,True,0.87,-0.010000000000000009,False,,118,24576.0,96.0,8.0,0.99609375,False,False,1
734,layer2.conv2,element,2,"(20, 21, 5)",0,0.0,False,0.86,0.0,False,,245,-20480.0,-10240.0,1.0,0.5,False,False,1
735,layer3.conv2,element,1,"(52, 47, 13)",0,0.0,False,0.86,0.0,False,,119,28672.0,20480.0,0.4854269027709961,0.2857142984867096,False,False,1
736,layer3.conv2,element,5,"(80, 45, 29)",0,0.0,False,0.86,0.0,False,,231,-1792.0,-7.0,8.0,0.99609375,False,False,1
737,layer3.shortcut.0,element,2,"(14, 0, 23)",200,1.0,True,0.0,0.86,True,,250,-49152.0,,inf,inf,False,True,1
738,layer2.conv2,scale,1,"(74, 4)",1,0.005,True,0.865,-0.0050000000000000044,False,,109,109.0,111.0,2.0,inf,False,False,32
739,layer3.conv2,element,6,"(166, 24, 6)",0,0.0,False,0.86,0.0,False,,246,-24576.0,-0.375,16.0,0.9999847412109375,False,False,1
740,layer3.conv2,element,0,"(49, 17, 29)",0,0.0,False,0.86,0.0,False,,244,-16384.0,-20480.0,0.3219280242919922,0.25,False,False,1
741,layer1.conv2,element,5,"(3, 0, 29)",1,0.005,True,0.865,-0.0050000000000000044,False,,246,-24576.0,-96.0,8.0,0.99609375,False,False,1
742,layer3.conv2,element,0,"(89, 11, 14)",0,0.0,False,0.86,0.0,False,,236,-4096.0,-5120.0,0.3219280242919922,0.25,False,False,1
743,layer3.conv2,element,0,"(148, 39, 14)",0,0.0,False,0.86,0.0,False,,244,-16384.0,-20480.0,0.3219280242919922,0.25,False,False,1
744,layer3.conv2,element,1,"(182, 42, 13)",0,0.0,False,0.86,0.0,False,,248,-32768.0,-49152.0,0.5849628448486328,0.5,False,False,1
745,layer3.conv2,element,7,"(78, 26, 16)",0,0.0,False,0.86,0.0,False,,101,1280.0,-1280.0,0.0,2.0,True,False,1
746,layer3.conv2,element,7,"(171, 17, 17)",0,0.0,False,0.86,0.0,False,,240,-8192.0,8192.0,0.0,2.0,True,False,1
747,layer3.conv1,element,7,"(161, 12, 28)",0,0.0,False,0.86,0.0,False,,240,-8192.0,8192.0,0.0,2.0,True,False,1
748,layer2.conv2,element,6,"(19, 19, 25)",0,0.0,False,0.86,0.0,False,,243,-14336.0,-0.21875,16.0,0.9999847412109375,False,False,1
749,layer2.conv2,element,5,"(69, 17, 6)",0,0.0,False,0.86,0.0,False,,246,-24576.0,-96.0,8.0,0.99609375,False,False,1
750,layer3.conv1,element,0,"(20, 15, 20)",0,0.0,False,0.86,0.0,False,,105,2560.0,2048.0,0.3219280242919922,0.20000000298023224,False,False,1
751,layer3.conv2,element,4,"(191, 5, 1)",0,0.0,False,0.86,0.0,False,,246,-24576.0,-1536.0,4.0,0.9375,False,False,1
752,layer2.conv2,element,3,"(64, 11, 19)",0,0.0,False,0.86,0.0,False,,110,6144.0,1536.0,2.0,0.75,False,False,1
753,layer3.conv2,element,4,"(120, 27, 14)",0,0.0,False,0.86,0.0,False,,229,-1280.0,-20480.0,4.0,15.0,False,False,1
754,layer1.conv2,element,5,"(6, 1, 5)",200,1.0,True,0.0,0.86,True,,94,384.0,,inf,inf,False,True,1
755,layer3.conv2,element,0,"(13, 26, 11)",0,0.0,False,0.86,0.0,False,,108,4096.0,5120.0,0.3219280242919922,0.25,False,False,1
756,layer2.conv2,element,1,"(46, 9, 30)",1,0.005,True,0.865,-0.0050000000000000044,False,,244,-16384.0,-24576.0,0.5849628448486328,0.5,False,False,1
757,layer3.conv1,element,6,"(50, 6, 1)",0,0.0,False,0.86,0.0,False,,113,10240.0,0.15625,16.0,0.9999847412109375,False,False,1
758,layer2.conv1,scale,4,"(25, 11)",177,0.885,True,0.13,0.73,False,,107,107.0,123.0,16.0,inf,False,False,32
759,layer3.conv2,element,0,"(175, 24, 19)",0,0.0,False,0.86,0.0,False,,248,-32768.0,-40960.0,0.3219280242919922,0.25,False,False,1
760,layer1.conv1,element,6,"(30, 2, 21)",0,0.0,False,0.86,0.0,False,,119,28672.0,0.4375,16.0,0.9999847412109375,False,False,1
761,layer3.conv2,element,2,"(51, 42, 15)",200,1.0,True,0.0,0.86,True,,121,40960.0,,inf,inf,False,True,1
762,layer3.conv1,element,1,"(53, 5, 22)",0,0.0,False,0.86,0.0,False,,245,-20480.0,-28672.0,0.4854269027709961,0.4000000059604645,False,False,1
763,layer3.conv2,element,1,"(65, 30, 9)",0,0.0,False,0.86,0.0,False,,243,-14336.0,-10240.0,0.4854269027709961,0.2857142984867096,False,False,1
764,fc,element,2,"(7, 5, 12)",0,0.0,False,0.86,0.0,False,,239,-7168.0,-3584.0,1.0,0.5,False,False,1
765,layer1.conv1,element,4,"(3, 10, 28)",0,0.0,False,0.86,0.0,False,,244,-16384.0,-1024.0,4.0,0.9375,False,False,1
766,layer3.conv1,element,7,"(2, 15, 13)",0,0.0,False,0.86,0.0,False,,246,-24576.0,24576.0,0.0,2.0,True,False,1
767,layer3.conv2,element,0,"(81, 38, 14)",0,0.0,False,0.86,0.0,False,,116,16384.0,20480.0,0.3219280242919922,0.25,False,False,1
768,layer2.conv2,element,2,"(58, 6, 17)",0,0.0,False,0.86,0.0,False,,246,-24576.0,-12288.0,1.0,0.5,False,False,1
769,layer3.conv2,scale,7,"(155, 52)",200,1.0,True,0.0,0.86,True,,111,111.0,239.0,128.0,inf,False,False,32
770,layer2.conv2,element,1,"(85, 24, 4)",0,0.0,False,0.86,0.0,False,,246,-24576.0,-16384.0,0.5849628448486328,0.3333333432674408,False,False,1
771,layer3.conv2,element,4,"(141, 10, 6)",0,0.0,False,0.86,0.0,False,,240,-8192.0,-512.0,4.0,0.9375,False,False,1
772,layer3.conv2,element,6,"(158, 5, 11)",0,0.0,False,0.86,0.0,False,,240,-8192.0,-0.125,16.0,0.9999847412109375,False,False,1
773,layer3.conv2,element,5,"(32, 23, 7)",1,0.005,True,0.865,-0.0050000000000000044,False,,237,-5120.0,-20.0,8.0,0.99609375,False,False,1
774,layer3.conv1,element,4,"(34, 5, 28)",0,0.0,False,0.86,0.0,False,,107,3584.0,57344.0,4.0,15.0,False,False,1
775,layer3.conv2,element,2,"(105, 12, 29)",0,0.0,False,0.86,0.0,False,,246,-24576.0,-12288.0,1.0,0.5,False,False,1
776,layer3.conv2,element,7,"(0, 42, 22)",0,0.0,False,0.86,0.0,False,,244,-16384.0,16384.0,0.0,2.0,True,False,1
777,layer3.conv2,element,1,"(75, 46, 18)",0,0.0,False,0.86,0.0,False,,121,40960.0,57344.0,0.4854269027709961,0.4000000059604645,False,False,1
778,layer3.conv2,element,7,"(169, 25, 16)",1,0.005,True,0.865,-0.0050000000000000044,False,,248,-32768.0,32768.0,0.0,2.0,True,False,1
779,layer2.conv1,scale,5,"(18, 1)",0,0.0,False,0.86,0.0,False,,107,107.0,75.0,32.0,inf,False,False,32
780,layer1.conv1,element,6,"(43, 4, 1)",1,0.005,True,0.865,-0.0050000000000000044,False,,249,-40960.0,-0.625,16.0,0.9999847412109375,False,False,1
781,layer2.conv2,element,6,"(47, 9, 4)",1,0.005,True,0.865,-0.0050000000000000044,False,,242,-12288.0,-0.1875,16.0,0.9999847412109375,False,False,1
782,layer2.conv1,element,1,"(56, 6, 17)",0,0.0,False,0.86,0.0,False,,243,-14336.0,-10240.0,0.4854269027709961,0.2857142984867096,False,False,1
783,layer3.conv2,element,4,"(31, 8, 29)",0,0.0,False,0.86,0.0,False,,240,-8192.0,-512.0,4.0,0.9375,False,False,1
784,layer3.conv1,element,1,"(182, 23, 8)",1,0.005,True,0.865,-0.0050000000000000044,False,,241,-10240.0,-14336.0,0.4854269027709961,0.4000000059604645,False,False,1
785,layer3.conv2,element,5,"(188, 34, 29)",0,0.0,False,0.86,0.0,False,,245,-20480.0,-80.0,8.0,0.99609375,False,False,1
786,layer3.conv2,element,1,"(72, 43, 27)",0,0.0,False,0.86,0.0,False,,116,16384.0,24576.0,0.5849628448486328,0.5,False,False,1
787,layer3.conv2,element,4,"(123, 23, 12)",0,0.0,False,0.86,0.0,False,,248,-32768.0,-2048.0,4.0,0.9375,False,False,1
788,layer3.conv2,element,4,"(109, 11, 28)",0,0.0,False,0.86,0.0,False,,241,-10240.0,-640.0,4.0,0.9375,False,False,1
789,layer2.conv1,element,2,"(66, 9, 12)",0,0.0,False,0.86,0.0,False,,235,-3584.0,-7168.0,1.0,1.0,False,False,1
790,layer3.conv1,element,2,"(70, 1, 13)",0,0.0,False,0.86,0.0,False,,115,14336.0,28672.0,1.0,1.0,False,False,1
791,layer3.conv2,element,1,"(10, 3, 10)",0,0.0,False,0.86,0.0,False,,113,10240.0,14336.0,0.4854269027709961,0.4000000059604645,False,False,1
792,layer2.conv1,element,7,"(54, 2, 15)",0,0.0,False,0.86,0.0,False,,114,12288.0,-12288.0,0.0,2.0,True,False,1
793,layer3.shortcut.0,element,5,"(157, 1, 26)",1,0.005,True,0.865,-0.0050000000000000044,False,,112,8192.0,32.0,8.0,0.99609375,False,False,1
794,layer3.conv1,element,5,"(176, 22, 13)",0,0.0,False,0.86,0.0,False,,121,40960.0,160.0,8.0,0.99609375,False,False,1
795,layer3.conv2,element,7,"(28, 35, 31)",0,0.0,False,0.86,0.0,False,,115,14336.0,-14336.0,0.0,2.0,True,False,1
796,layer2.conv2,element,2,"(27, 2, 25)",0,0.0,False,0.86,0.0,False,,110,6144.0,3072.0,1.0,0.5,False,False,1
797,layer3.conv2,element,2,"(40, 11, 19)",0,0.0,False,0.86,0.0,False,,116,16384.0,8192.0,1.0,0.5,False,False,1
798,layer3.conv1,element,4,"(34, 9, 15)",0,0.0,False,0.86,0.0,False,,113,10240.0,640.0,4.0,0.9375,False,False,1
799,layer3.conv2,element,7,"(95, 24, 17)",1,0.005,True,0.865,-0.0050000000000000044,False,,120,32768.0,-32768.0,0.0,2.0,True,False,1
800,layer2.conv1,element,1,"(40, 1, 0)",0,0.0,False,0.86,0.0,False,,236,-4096.0,-6144.0,0.5849628448486328,0.5,False,False,1
801,layer3.conv2,element,4,"(45, 36, 27)",0,0.0,False,0.86,0.0,False,,114,12288.0,768.0,4.0,0.9375,False,False,1
802,layer2.conv2,element,7,"(39, 19, 31)",0,0.0,False,0.86,0.0,False,,120,32768.0,-32768.0,0.0,2.0,True,False,1
803,layer3.conv2,scale,0,"(187, 39)",0,0.0,False,0.86,0.0,False,,110,110.0,111.0,1.0,inf,False,False,32
804,layer2.conv2,element,1,"(32, 8, 29)",0,0.0,False,0.86,0.0,False,,244,-16384.0,-24576.0,0.5849628448486328,0.5,False,False,1
805,layer3.conv2,element,6,"(85, 39, 4)",0,0.0,False,0.86,0.0,False,,116,16384.0,0.25,16.0,0.9999847412109375,False,False,1
806,layer3.conv1,scale,1,"(90, 10)",1,0.005,True,0.865,-0.0050000000000000044,False,,107,107.0,105.0,2.0,inf,False,False,32
807,layer3.conv1,element,0,"(14, 26, 20)",0,0.0,False,0.86,0.0,False,,244,-16384.0,-20480.0,0.3219280242919922,0.25,False,False,1
808,layer3.conv1,element,3,"(124, 21, 9)",200,1.0,True,0.0,0.86,True,,244,-16384.0,-inf,inf,inf,False,True,1
809,layer2.conv2,element,5,"(79, 19, 31)",0,0.0,False,0.86,0.0,False,,236,-4096.0,-16.0,8.0,0.99609375,False,False,1
810,layer2.conv1,element,6,"(13, 2, 16)",0,0.0,False,0.86,0.0,False,,240,-8192.0,-0.125,16.0,0.9999847412109375,False,False,1
811,layer3.conv2,element,3,"(140, 26, 15)",0,0.0,False,0.86,0.0,False,,112,8192.0,32768.0,2.0,3.0,False,False,1
812,layer2.conv1,scale,4,"(21, 10)",177,0.885,True,0.105,0.755,False,,107,107.0,123.0,16.0,inf,False,False,32
813,layer3.conv2,element,3,"(161, 8, 12)",200,1.0,True,0.0,0.86,True,,246,-24576.0,,inf,inf,False,True,1
814,layer3.conv1,element,7,"(102, 12, 31)",1,0.005,True,0.865,-0.0050000000000000044,False,,243,-14336.0,14336.0,0.0,2.0,True,False,1
815,layer1.conv1,element,6,"(23, 13, 13)",0,0.0,False,0.86,0.0,False,,244,-16384.0,-0.25,16.0,0.9999847412109375,False,False,1
816,layer2.conv2,element,0,"(58, 0, 15)",0,0.0,False,0.86,0.0,False,,111,7168.0,6144.0,0.22239208221435547,0.1428571492433548,False,False,1
817,layer3.conv2,element,3,"(15, 22, 31)",0,0.0,False,0.86,0.0,False,,242,-12288.0,-49152.0,2.0,3.0,False,False,1
818,layer3.conv1,element,5,"(25, 23, 8)",0,0.0,False,0.86,0.0,False,,243,-14336.0,-56.0,8.0,0.99609375,False,False,1
819,layer3.conv2,element,6,"(82, 9, 16)",0,0.0,False,0.86,0.0,False,,120,32768.0,0.5,16.0,0.9999847412109375,False,False,1
820,layer1.conv2,element,2,"(19, 12, 21)",0,0.0,False,0.86,0.0,False,,238,-6144.0,-3072.0,1.0,0.5,False,False,1
821,layer2.conv2,element,3,"(74, 23, 13)",200,1.0,True,0.0,0.86,True,,244,-16384.0,-inf,inf,inf,False,True,1
822,layer1.conv2,element,2,"(7, 12, 0)",200,1.0,True,0.0,0.86,True,,248,-32768.0,-inf,inf,inf,False,True,1
823,layer2.conv2,element,6,"(34, 17, 20)",1,0.005,True,0.865,-0.0050000000000000044,False,,112,8192.0,0.125,16.0,0.9999847412109375,False,False,1
824,layer2.conv2,element,0,"(62, 16, 28)",0,0.0,False,0.86,0.0,False,,249,-40960.0,-32768.0,0.3219280242919922,0.20000000298023224,False,False,1
825,layer3.conv2,element,6,"(22, 37, 8)",0,0.0,False,0.86,0.0,False,,247,-28672.0,-0.4375,16.0,0.9999847412109375,False,False,1
826,layer3.conv2,element,2,"(7, 21, 4)",0,0.0,False,0.86,0.0,False,,241,-10240.0,-20480.0,1.0,1.0,False,False,1
827,layer1.conv2,element,1,"(26, 12, 6)",1,0.005,True,0.865,-0.0050000000000000044,False,,117,20480.0,28672.0,0.4854269027709961,0.4000000059604645,False,False,1
828,layer3.conv1,element,6,"(117, 19, 14)",0,0.0,False,0.86,0.0,False,,246,-24576.0,-0.375,16.0,0.9999847412109375,False,False,1
829,layer3.conv2,element,1,"(93, 36, 7)",0,0.0,False,0.86,0.0,False,,116,16384.0,24576.0,0.5849628448486328,0.5,False,False,1
830,layer3.conv1,element,7,"(77, 12, 5)",0,0.0,False,0.86,0.0,False,,245,-20480.0,20480.0,0.0,2.0,True,False,1
831,layer3.conv1,scale,1,"(52, 26)",3,0.015,True,0.87,-0.010000000000000009,False,,108,108.0,110.0,2.0,inf,False,False,32
832,layer3.conv2,element,2,"(4, 32, 5)",0,0.0,False,0.86,0.0,False,,243,-14336.0,-28672.0,1.0,1.0,False,False,1
833,layer3.conv2,element,5,"(102, 48, 16)",0,0.0,False,0.86,0.0,False,,107,3584.0,14.0,8.0,0.99609375,False,False,1
834,layer2.conv2,element,5,"(19, 0, 25)",0,0.0,False,0.86,0.0,False,,242,-12288.0,-48.0,8.0,0.99609375,False,False,1
835,layer3.conv2,element,6,"(170, 52, 8)",0,0.0,False,0.86,0.0,False,,245,-20480.0,-0.3125,16.0,0.9999847412109375,False,False,1
836,layer3.conv2,element,0,"(161, 2, 23)",0,0.0,False,0.86,0.0,False,,238,-6144.0,-7168.0,0.22239208221435547,0.1666666716337204,False,False,1
837,layer3.conv1,element,2,"(184, 20, 24)",0,0.0,False,0.86,0.0,False,,234,-3072.0,-6144.0,1.0,1.0,False,False,1
838,layer2.conv2,element,1,"(7, 23, 31)",0,0.0,False,0.86,0.0,False,,237,-5120.0,-7168.0,0.4854269027709961,0.4000000059604645,False,False,1
839,layer2.conv2,element,1,"(63, 10, 13)",0,0.0,False,0.86,0.0,False,,239,-7168.0,-5120.0,0.4854269027709961,0.2857142984867096,False,False,1
840,layer3.conv2,element,3,"(117, 30, 8)",1,0.005,True,0.865,-0.0050000000000000044,False,,122,49152.0,12288.0,2.0,0.75,False,False,1
841,layer3.conv2,element,5,"(90, 6, 3)",0,0.0,False,0.86,0.0,False,,99,896.0,3.5,8.0,0.99609375,False,False,1
842,layer3.conv2,element,7,"(170, 47, 15)",0,0.0,False,0.86,0.0,False,,225,-640.0,640.0,0.0,2.0,True,False,1
843,layer3.conv2,element,6,"(12, 53, 2)",0,0.0,False,0.86,0.0,False,,112,8192.0,0.125,16.0,0.9999847412109375,False,False,1
844,layer3.conv2,element,3,"(45, 9, 6)",0,0.0,False,0.86,0.0,False,,120,32768.0,8192.0,2.0,0.75,False,False,1
845,layer2.conv2,element,7,"(20, 6, 11)",0,0.0,False,0.86,0.0,False,,235,-3584.0,3584.0,0.0,2.0,True,False,1
846,layer3.conv1,element,6,"(180, 18, 0)",1,0.005,True,0.865,-0.0050000000000000044,False,,121,40960.0,0.625,16.0,0.9999847412109375,False,False,1
847,layer1.conv2,element,1,"(46, 0, 15)",0,0.0,False,0.86,0.0,False,,118,24576.0,16384.0,0.5849628448486328,0.3333333432674408,False,False,1
848,layer3.conv2,element,1,"(136, 10, 9)",0,0.0,False,0.86,0.0,False,,118,24576.0,16384.0,0.5849628448486328,0.3333333432674408,False,False,1
849,layer3.conv1,element,1,"(130, 19, 2)",0,0.0,False,0.86,0.0,False,,118,24576.0,16384.0,0.5849628448486328,0.3333333432674408,False,False,1
850,layer3.conv2,element,4,"(178, 30, 29)",0,0.0,False,0.86,0.0,False,,118,24576.0,1536.0,4.0,0.9375,False,False,1
851,layer2.conv2,element,5,"(14, 5, 29)",1,0.005,True,0.865,-0.0050000000000000044,False,,116,16384.0,64.0,8.0,0.99609375,False,False,1
852,layer2.conv1,element,7,"(88, 10, 23)",0,0.0,False,0.86,0.0,False,,112,8192.0,-8192.0,0.0,2.0,True,False,1
853,layer3.conv2,element,1,"(110, 22, 20)",0,0.0,False,0.86,0.0,False,,111,7168.0,5120.0,0.4854269027709961,0.2857142984867096,False,False,1
854,layer3.conv2,element,0,"(88, 19, 24)",0,0.0,False,0.86,0.0,False,,242,-12288.0,-14336.0,0.22239208221435547,0.1666666716337204,False,False,1
855,conv1,element,3,"(42, 0, 0)",1,0.005,True,0.865,-0.0050000000000000044,False,,122,49152.0,12288.0,2.0,0.75,False,False,1
856,layer3.conv2,element,2,"(134, 5, 4)",1,0.005,True,0.865,-0.0050000000000000044,False,,247,-28672.0,-14336.0,1.0,0.5,False,False,1
857,layer3.conv2,element,7,"(56, 52, 10)",0,0.0,False,0.86,0.0,False,,114,12288.0,-12288.0,0.0,2.0,True,False,1
858,layer1.conv2,element,4,"(30, 6, 3)",200,1.0,True,0.0,0.86,True,,238,-6144.0,,inf,inf,False,True,1
859,layer3.conv2,element,7,"(36, 49, 3)",0,0.0,False,0.86,0.0,False,,110,6144.0,-6144.0,0.0,2.0,True,False,1
860,layer2.conv1,element,7,"(87, 7, 8)",0,0.0,False,0.86,0.0,False,,242,-12288.0,12288.0,0.0,2.0,True,False,1
861,layer3.conv1,element,6,"(145, 7, 2)",0,0.0,False,0.86,0.0,False,,121,40960.0,0.625,16.0,0.9999847412109375,False,False,1
862,layer2.conv2,element,1,"(63, 23, 10)",0,0.0,False,0.86,0.0,False,,241,-10240.0,-14336.0,0.4854269027709961,0.4000000059604645,False,False,1
863,layer3.conv2,element,5,"(51, 22, 2)",0,0.0,False,0.86,0.0,False,,245,-20480.0,-80.0,8.0,0.99609375,False,False,1
864,layer3.conv2,element,2,"(188, 46, 5)",0,0.0,False,0.86,0.0,False,,119,28672.0,14336.0,1.0,0.5,False,False,1
865,layer2.conv1,element,1,"(41, 10, 0)",0,0.0,False,0.86,0.0,False,,92,256.0,384.0,0.5849628448486328,0.5,False,False,1
866,layer3.conv2,element,0,"(53, 29, 21)",0,0.0,False,0.86,0.0,False,,106,3072.0,3584.0,0.22239208221435547,0.1666666716337204,False,False,1
867,layer3.conv2,element,6,"(6, 45, 5)",0,0.0,False,0.86,0.0,False,,118,24576.0,0.375,16.0,0.9999847412109375,False,False,1
868,layer3.conv1,element,7,"(129, 11, 1)",0,0.0,False,0.86,0.0,False,,243,-14336.0,14336.0,0.0,2.0,True,False,1
869,layer3.conv2,element,2,"(61, 22, 14)",0,0.0,False,0.86,0.0,False,,244,-16384.0,-8192.0,1.0,0.5,False,False,1
870,layer3.conv1,element,7,"(190, 13, 12)",1,0.005,True,0.865,-0.0050000000000000044,False,,113,10240.0,-10240.0,0.0,2.0,True,False,1
871,layer3.conv1,element,0,"(72, 25, 30)",0,0.0,False,0.86,0.0,False,,244,-16384.0,-20480.0,0.3219280242919922,0.25,False,False,1
872,layer2.shortcut.0,element,1,"(18, 1, 11)",0,0.0,False,0.86,0.0,False,,118,24576.0,16384.0,0.5849628448486328,0.3333333432674408,False,False,1
873,layer3.conv2,element,0,"(183, 51, 16)",0,0.0,False,0.86,0.0,False,,112,8192.0,10240.0,0.3219280242919922,0.25,False,False,1
874,layer3.conv2,element,2,"(3, 7, 24)",0,0.0,False,0.86,0.0,False,,112,8192.0,16384.0,1.0,1.0,False,False,1
875,layer3.conv2,element,3,"(90, 34, 10)",0,0.0,False,0.86,0.0,False,,237,-5120.0,-1280.0,2.0,0.75,False,False,1
876,layer3.conv2,element,3,"(42, 41, 22)",0,0.0,False,0.86,0.0,False,,249,-40960.0,-10240.0,2.0,0.75,False,False,1
877,layer3.conv1,element,0,"(0, 12, 3)",0,0.0,False,0.86,0.0,False,,233,-2560.0,-2048.0,0.3219280242919922,0.20000000298023224,False,False,1
878,layer3.conv2,element,7,"(35, 31, 5)",0,0.0,False,0.86,0.0,False,,119,28672.0,-28672.0,0.0,2.0,True,False,1
879,layer3.conv2,element,3,"(20, 22, 7)",0,0.0,False,0.86,0.0,False,,113,10240.0,40960.0,2.0,3.0,False,False,1
880,layer3.conv1,element,5,"(120, 21, 4)",0,0.0,False,0.86,0.0,False,,239,-7168.0,-28.0,8.0,0.99609375,False,False,1
881,layer3.conv2,element,5,"(87, 9, 16)",0,0.0,False,0.86,0.0,False,,120,32768.0,128.0,8.0,0.99609375,False,False,1
882,layer3.conv2,element,2,"(130, 18, 23)",0,0.0,False,0.86,0.0,False,,247,-28672.0,-14336.0,1.0,0.5,False,False,1
883,layer3.conv1,element,7,"(24, 24, 31)",0,0.0,False,0.86,0.0,False,,123,57344.0,-57344.0,0.0,2.0,True,False,1
884,layer3.conv2,element,4,"(81, 29, 1)",0,0.0,False,0.86,0.0,False,,241,-10240.0,-640.0,4.0,0.9375,False,False,1
885,layer3.conv1,element,2,"(65, 19, 19)",0,0.0,False,0.86,0.0,False,,113,10240.0,20480.0,1.0,1.0,False,False,1
886,layer3.conv2,element,6,"(6, 26, 15)",0,0.0,False,0.86,0.0,False,,102,1536.0,0.0234375,16.0,0.9999847412109375,False,False,1
887,layer3.conv1,element,7,"(35, 8, 8)",0,0.0,False,0.86,0.0,False,,117,20480.0,-20480.0,0.0,2.0,True,False,1
888,layer3.conv1,element,5,"(3, 22, 23)",0,0.0,False,0.86,0.0,False,,235,-3584.0,-14.0,8.0,0.99609375,False,False,1
889,layer3.shortcut.0,element,2,"(76, 2, 12)",0,0.0,False,0.86,0.0,False,,113,10240.0,20480.0,1.0,1.0,False,False,1
890,layer3.conv1,element,3,"(123, 20, 23)",1,0.005,True,0.865,-0.0050000000000000044,False,,120,32768.0,8192.0,2.0,0.75,False,False,1
891,layer3.conv2,element,2,"(175, 41, 14)",0,0.0,False,0.86,0.0,False,,243,-14336.0,-28672.0,1.0,1.0,False,False,1
892,layer2.conv1,element,4,"(36, 8, 26)",1,0.005,True,0.865,-0.0050000000000000044,False,,242,-12288.0,-768.0,4.0,0.9375,False,False,1
893,layer3.conv2,element,7,"(5, 50, 29)",0,0.0,False,0.86,0.0,False,,112,8192.0,-8192.0,0.0,2.0,True,False,1
894,layer2.conv2,element,6,"(83, 21, 9)",0,0.0,False,0.86,0.0,False,,239,-7168.0,-0.109375,16.0,0.9999847412109375,False,False,1
895,layer3.conv2,element,5,"(63, 38, 13)",0,0.0,False,0.86,0.0,False,,104,2048.0,8.0,8.0,0.99609375,False,False,1
896,layer2.conv1,element,0,"(33, 8, 26)",0,0.0,False,0.86,0.0,False,,248,-32768.0,-40960.0,0.3219280242919922,0.25,False,False,1
897,layer3.conv2,element,2,"(126, 29, 24)",0,0.0,False,0.86,0.0,False,,244,-16384.0,-8192.0,1.0,0.5,False,False,1
898,layer1.conv1,element,0,"(45, 11, 2)",0,0.0,False,0.86,0.0,False,,112,8192.0,10240.0,0.3219280242919922,0.25,False,False,1
899,layer3.conv2,scale,1,"(163, 43)",0,0.0,False,0.86,0.0,False,,109,109.0,111.0,2.0,inf,False,False,32
900,layer2.conv2,element,5,"(66, 20, 7)",1,0.005,True,0.865,-0.0050000000000000044,False,,247,-28672.0,-112.0,8.0,0.99609375,False,False,1
901,layer3.conv1,element,1,"(162, 7, 1)",0,0.0,False,0.86,0.0,False,,111,7168.0,5120.0,0.4854269027709961,0.2857142984867096,False,False,1
902,layer3.conv2,element,0,"(43, 31, 9)",0,0.0,False,0.86,0.0,False,,245,-20480.0,-16384.0,0.3219280242919922,0.20000000298023224,False,False,1
903,layer3.conv2,element,3,"(18, 50, 25)",200,1.0,True,0.0,0.86,True,,245,-20480.0,,inf,inf,False,True,1
904,layer3.conv2,element,1,"(124, 2, 31)",0,0.0,False,0.86,0.0,False,,242,-12288.0,-8192.0,0.5849628448486328,0.3333333432674408,False,False,1
905,layer2.conv1,element,5,"(62, 3, 24)",0,0.0,False,0.86,0.0,False,,244,-16384.0,-64.0,8.0,0.99609375,False,False,1
906,layer2.conv1,element,4,"(74, 13, 13)",0,0.0,False,0.86,0.0,False,,114,12288.0,768.0,4.0,0.9375,False,False,1
907,layer3.conv1,element,2,"(45, 10, 2)",0,0.0,False,0.86,0.0,False,,244,-16384.0,-8192.0,1.0,0.5,False,False,1
908,layer3.conv2,element,2,"(174, 16, 14)",0,0.0,False,0.86,0.0,False,,243,-14336.0,-28672.0,1.0,1.0,False,False,1
909,layer3.conv2,element,2,"(162, 15, 8)",0,0.0,False,0.86,0.0,False,,110,6144.0,3072.0,1.0,0.5,False,False,1
910,layer1.conv2,element,7,"(19, 11, 1)",0,0.0,False,0.86,0.0,False,,106,3072.0,-3072.0,0.0,2.0,True,False,1
911,layer3.conv1,element,6,"(18, 11, 20)",0,0.0,False,0.86,0.0,False,,241,-10240.0,-0.15625,16.0,0.9999847412109375,False,False,1
912,layer3.conv2,element,1,"(56, 43, 29)",0,0.0,False,0.86,0.0,False,,232,-2048.0,-3072.0,0.5849628448486328,0.5,False,False,1
913,layer3.conv2,element,5,"(45, 36, 23)",0,0.0,False,0.86,0.0,False,,241,-10240.0,-40.0,8.0,0.99609375,False,False,1
914,layer2.conv2,element,3,"(49, 4, 15)",0,0.0,False,0.86,0.0,False,,240,-8192.0,-32768.0,2.0,3.0,False,False,1
915,layer1.conv1,element,7,"(33, 11, 17)",0,0.0,False,0.86,0.0,False,,239,-7168.0,7168.0,0.0,2.0,True,False,1
916,layer2.conv2,element,2,"(94, 26, 29)",0,0.0,False,0.86,0.0,False,,111,7168.0,3584.0,1.0,0.5,False,False,1
917,layer3.conv2,element,2,"(71, 42, 9)",0,0.0,False,0.86,0.0,False,,246,-24576.0,-12288.0,1.0,0.5,False,False,1
918,layer3.conv2,element,6,"(1, 19, 15)",0,0.0,False,0.86,0.0,False,,113,10240.0,0.15625,16.0,0.9999847412109375,False,False,1
919,layer3.shortcut.0,element,0,"(116, 1, 20)",0,0.0,False,0.86,0.0,False,,109,5120.0,4096.0,0.3219280242919922,0.20000000298023224,False,False,1
920,layer3.conv1,element,4,"(107, 16, 15)",0,0.0,False,0.86,0.0,False,,250,-49152.0,-3072.0,4.0,0.9375,False,False,1
921,layer2.conv1,element,7,"(84, 3, 8)",1,0.005,True,0.865,-0.0050000000000000044,False,,246,-24576.0,24576.0,0.0,2.0,True,False,1
922,layer3.conv2,element,3,"(92, 52, 7)",0,0.0,False,0.86,0.0,False,,236,-4096.0,-1024.0,2.0,0.75,False,False,1
923,layer3.conv1,element,2,"(1, 0, 9)",0,0.0,False,0.86,0.0,False,,94,384.0,192.0,1.0000004768371582,0.5,False,False,1
924,layer2.conv1,element,2,"(16, 5, 20)",0,0.0,False,0.86,0.0,False,,232,-2048.0,-4096.0,1.0,1.0,False,False,1
925,layer3.conv1,element,4,"(99, 24, 19)",0,0.0,False,0.86,0.0,False,,243,-14336.0,-896.0,4.0,0.9375,False,False,1
926,layer3.conv1,element,7,"(27, 10, 16)",0,0.0,False,0.86,0.0,False,,116,16384.0,-16384.0,0.0,2.0,True,False,1
927,layer2.conv2,element,2,"(17, 4, 24)",0,0.0,False,0.86,0.0,False,,94,384.0,192.0,1.0000004768371582,0.5,False,False,1
928,layer3.conv2,element,1,"(141, 1, 21)",0,0.0,False,0.86,0.0,False,,112,8192.0,12288.0,0.5849628448486328,0.5,False,False,1
929,layer3.conv1,element,6,"(108, 0, 26)",0,0.0,False,0.86,0.0,False,,108,4096.0,0.0625,16.0,0.9999847412109375,False,False,1
930,layer3.conv1,element,2,"(117, 6, 12)",0,0.0,False,0.86,0.0,False,,109,5120.0,2560.0,1.0,0.5,False,False,1
931,layer3.conv2,element,3,"(103, 43, 0)",0,0.0,False,0.86,0.0,False,,239,-7168.0,-1792.0,2.0,0.75,False,False,1
932,layer3.conv2,element,1,"(2, 7, 20)",0,0.0,False,0.86,0.0,False,,251,-57344.0,-40960.0,0.4854269027709961,0.2857142984867096,False,False,1
933,layer3.conv2,element,4,"(27, 3, 30)",0,0.0,False,0.86,0.0,False,,223,-448.0,-28.0,4.0,0.9375,False,False,1
934,layer3.conv2,element,5,"(53, 20, 19)",0,0.0,False,0.86,0.0,False,,249,-40960.0,-160.0,8.0,0.99609375,False,False,1
935,layer3.conv2,element,5,"(101, 14, 19)",200,1.0,True,0.0,0.86,True,,94,384.0,,inf,inf,False,True,1
936,layer3.conv1,element,0,"(82, 19, 25)",0,0.0,False,0.86,0.0,False,,245,-20480.0,-16384.0,0.3219280242919922,0.20000000298023224,False,False,1
937,layer3.conv2,element,4,"(58, 4, 10)",0,0.0,False,0.86,0.0,False,,241,-10240.0,-640.0,4.0,0.9375,False,False,1
938,layer2.conv1,element,4,"(19, 4, 30)",0,0.0,False,0.86,0.0,False,,248,-32768.0,-2048.0,4.0,0.9375,False,False,1
939,layer3.conv1,element,5,"(120, 18, 25)",0,0.0,False,0.86,0.0,False,,119,28672.0,112.0,8.0,0.99609375,False,False,1
940,layer1.conv1,element,0,"(18, 1, 12)",0,0.0,False,0.86,0.0,False,,225,-640.0,-512.0,0.3219280242919922,0.20000000298023224,False,False,1
941,layer2.conv2,element,5,"(43, 17, 27)",0,0.0,False,0.86,0.0,False,,247,-28672.0,-112.0,8.0,0.99609375,False,False,1
942,layer3.conv2,element,3,"(97, 30, 25)",0,0.0,False,0.86,0.0,False,,110,6144.0,1536.0,2.0,0.75,False,False,1
943,layer2.conv1,element,7,"(50, 1, 5)",1,0.005,True,0.865,-0.0050000000000000044,False,,121,40960.0,-40960.0,0.0,2.0,True,False,1
944,layer3.conv2,element,0,"(13, 6, 2)",0,0.0,False,0.86,0.0,False,,117,20480.0,16384.0,0.3219280242919922,0.20000000298023224,False,False,1
945,layer3.conv1,element,7,"(105, 22, 26)",0,0.0,False,0.86,0.0,False,,231,-1792.0,1792.0,0.0,2.0,True,False,1
946,layer3.conv2,element,4,"(84, 47, 25)",200,1.0,True,0.0,0.86,True,,238,-6144.0,,inf,inf,False,True,1
947,layer1.conv2,element,7,"(40, 9, 22)",0,0.0,False,0.86,0.0,False,,107,3584.0,-3584.0,0.0,2.0,True,False,1
948,layer3.conv1,element,5,"(127, 23, 10)",0,0.0,False,0.86,0.0,False,,244,-16384.0,-64.0,8.0,0.99609375,False,False,1
949,layer3.conv1,element,5,"(38, 15, 25)",1,0.005,True,0.865,-0.0050000000000000044,False,,107,3584.0,14.0,8.0,0.99609375,False,False,1
950,layer3.shortcut.0,element,7,"(124, 1, 24)",0,0.0,False,0.86,0.0,False,,115,14336.0,-14336.0,0.0,2.0,True,False,1
951,layer1.conv1,element,0,"(20, 5, 17)",0,0.0,False,0.86,0.0,False,,118,24576.0,28672.0,0.22239208221435547,0.1666666716337204,False,False,1
952,layer3.conv2,element,1,"(11, 28, 16)",0,0.0,False,0.86,0.0,False,,246,-24576.0,-16384.0,0.5849628448486328,0.3333333432674408,False,False,1
953,layer3.conv2,element,2,"(24, 33, 21)",0,0.0,False,0.86,0.0,False,,243,-14336.0,-28672.0,1.0,1.0,False,False,1
954,layer3.conv2,element,3,"(151, 10, 6)",0,0.0,False,0.86,0.0,False,,233,-2560.0,-640.0,2.0,0.75,False,False,1
955,layer3.conv1,element,5,"(99, 17, 9)",1,0.005,True,0.865,-0.0050000000000000044,False,,244,-16384.0,-64.0,8.0,0.99609375,False,False,1
956,layer3.conv2,element,6,"(97, 2, 20)",0,0.0,False,0.86,0.0,False,,238,-6144.0,-0.09375,16.0,0.9999847412109375,False,False,1
957,layer3.conv2,element,4,"(18, 39, 5)",0,0.0,False,0.86,0.0,False,,113,10240.0,640.0,4.0,0.9375,False,False,1
958,layer3.conv1,element,6,"(32, 16, 14)",0,0.0,False,0.86,0.0,False,,238,-6144.0,-0.09375,16.0,0.9999847412109375,False,False,1
959,layer3.conv1,element,7,"(107, 0, 1)",1,0.005,True,0.865,-0.0050000000000000044,False,,110,6144.0,-6144.0,0.0,2.0,True,False,1
960,layer3.shortcut.0,element,0,"(125, 1, 20)",0,0.0,False,0.86,0.0,False,,240,-8192.0,-10240.0,0.3219280242919922,0.25,False,False,1
961,layer3.conv2,element,5,"(137, 44, 30)",1,0.005,True,0.865,-0.0050000000000000044,False,,120,32768.0,128.0,8.0,0.99609375,False,False,1
962,layer2.conv2,element,7,"(58, 21, 6)",0,0.0,False,0.86,0.0,False,,241,-10240.0,10240.0,0.0,2.0,True,False,1
963,layer2.conv1,element,3,"(41, 1, 28)",200,1.0,True,0.0,0.86,True,,244,-16384.0,-inf,inf,inf,False,True,1
964,layer3.conv2,element,7,"(156, 49, 29)",0,0.0,False,0.86,0.0,False,,248,-32768.0,32768.0,0.0,2.0,True,False,1
965,layer3.conv2,element,6,"(119, 24, 24)",0,0.0,False,0.86,0.0,False,,239,-7168.0,-0.109375,16.0,0.9999847412109375,False,False,1
966,layer3.conv1,element,6,"(30, 25, 22)",0,0.0,False,0.86,0.0,False,,115,14336.0,0.21875,16.0,0.9999847412109375,False,False,1
967,layer3.conv1,element,7,"(56, 5, 10)",0,0.0,False,0.86,0.0,False,,238,-6144.0,6144.0,0.0,2.0,True,False,1
968,layer2.conv2,element,1,"(16, 8, 19)",0,0.0,False,0.86,0.0,False,,226,-768.0,-512.0,0.5849628448486328,0.3333333432674408,False,False,1
969,layer3.conv2,element,7,"(23, 19, 16)",0,0.0,False,0.86,0.0,False,,224,-512.0,512.0,0.0,2.0,True,False,1
970,layer3.conv1,element,6,"(120, 8, 19)",0,0.0,False,0.86,0.0,False,,240,-8192.0,-0.125,16.0,0.9999847412109375,False,False,1
971,layer3.conv1,element,2,"(51, 20, 23)",0,0.0,False,0.86,0.0,False,,99,896.0,1792.0,1.0,1.0,False,False,1
972,layer3.shortcut.0,element,5,"(102, 1, 7)",0,0.0,False,0.86,0.0,False,,101,1280.0,5.0,8.0,0.99609375,False,False,1
973,layer3.conv2,element,6,"(93, 31, 6)",0,0.0,False,0.86,0.0,False,,117,20480.0,0.3125,16.0,0.9999847412109375,False,False,1
974,layer2.conv2,element,2,"(48, 15, 15)",0,0.0,False,0.86,0.0,False,,101,1280.0,640.0,1.0,0.5,False,False,1
975,layer2.conv2,element,3,"(45, 24, 25)",0,0.0,False,0.86,0.0,False,,242,-12288.0,-49152.0,2.0,3.0,False,False,1
976,layer2.conv2,element,7,"(4, 1, 12)",1,0.005,True,0.865,-0.0050000000000000044,False,,241,-10240.0,10240.0,0.0,2.0,True,False,1
977,layer2.conv2,element,0,"(37, 14, 16)",0,0.0,False,0.86,0.0,False,,234,-3072.0,-3584.0,0.22239208221435547,0.1666666716337204,False,False,1
978,layer3.conv2,element,7,"(15, 32, 31)",0,0.0,False,0.86,0.0,False,,236,-4096.0,4096.0,0.0,2.0,True,False,1
979,layer2.conv2,element,0,"(8, 3, 22)",0,0.0,False,0.86,0.0,False,,244,-16384.0,-20480.0,0.3219280242919922,0.25,False,False,1
980,layer3.conv2,element,6,"(44, 7, 3)",0,0.0,False,0.86,0.0,False,,115,14336.0,0.21875,16.0,0.9999847412109375,False,False,1
981,layer3.conv2,element,4,"(149, 20, 12)",200,1.0,True,0.0,0.86,True,,111,7168.0,,inf,inf,False,True,1
982,layer3.conv2,scale,2,"(6, 45)",0,0.0,False,0.86,0.0,False,,109,109.0,105.0,4.0,inf,False,False,32
983,layer2.conv2,element,0,"(74, 23, 19)",0,0.0,False,0.86,0.0,False,,243,-14336.0,-12288.0,0.22239208221435547,0.1428571492433548,False,False,1
984,layer3.conv1,element,0,"(13, 10, 11)",0,0.0,False,0.86,0.0,False,,108,4096.0,5120.0,0.3219280242919922,0.25,False,False,1
985,layer3.conv1,element,6,"(14, 4, 2)",1,0.005,True,0.865,-0.0050000000000000044,False,,112,8192.0,0.125,16.0,0.9999847412109375,False,False,1
986,layer3.conv2,element,1,"(3, 33, 23)",0,0.0,False,0.86,0.0,False,,241,-10240.0,-14336.0,0.4854269027709961,0.4000000059604645,False,False,1
987,layer3.conv2,element,4,"(146, 28, 24)",0,0.0,False,0.86,0.0,False,,249,-40960.0,-2560.0,4.0,0.9375,False,False,1
988,layer3.conv1,element,1,"(130, 6, 18)",0,0.0,False,0.86,0.0,False,,241,-10240.0,-14336.0,0.4854269027709961,0.4000000059604645,False,False,1
989,layer2.conv2,element,1,"(20, 3, 9)",0,0.0,False,0.86,0.0,False,,116,16384.0,24576.0,0.5849628448486328,0.5,False,False,1
990,layer2.conv1,element,7,"(78, 11, 4)",1,0.005,True,0.865,-0.0050000000000000044,False,,238,-6144.0,6144.0,0.0,2.0,True,False,1
991,layer3.conv2,element,1,"(34, 26, 24)",0,0.0,False,0.86,0.0,False,,111,7168.0,5120.0,0.4854269027709961,0.2857142984867096,False,False,1
992,layer3.conv2,element,2,"(123, 17, 13)",0,0.0,False,0.86,0.0,False,,236,-4096.0,-2048.0,1.0,0.5,False,False,1
993,layer3.conv1,element,7,"(98, 2, 26)",1,0.005,True,0.865,-0.0050000000000000044,False,,105,2560.0,-2560.0,0.0,2.0,True,False,1
994,layer3.conv2,element,7,"(167, 39, 12)",1,0.005,True,0.865,-0.0050000000000000044,False,,117,20480.0,-20480.0,0.0,2.0,True,False,1
995,layer3.conv2,element,1,"(6, 23, 28)",0,0.0,False,0.86,0.0,False,,244,-16384.0,-24576.0,0.5849628448486328,0.5,False,False,1
996,layer3.conv1,element,1,"(174, 23, 11)",0,0.0,False,0.86,0.0,False,,243,-14336.0,-10240.0,0.4854269027709961,0.2857142984867096,False,False,1
997,layer3.conv2,element,0,"(172, 4, 5)",0,0.0,False,0.86,0.0,False,,228,-1024.0,-1280.0,0.3219280242919922,0.25,False,False,1
998,layer3.conv2,element,6,"(158, 20, 28)",1,0.005,True,0.865,-0.0050000000000000044,False,,119,28672.0,0.4375,16.0,0.9999847412109375,False,False,1
999,layer3.conv2,element,0,"(136, 20, 6)",0,0.0,False,0.86,0.0,False,,248,-32768.0,-40960.0,0.3219280242919922,0.25,False,False,1
1000,layer2.conv1,element,7,"(2, 0, 2)",0,0.0,False,0.86,0.0,False,,245,-20480.0,20480.0,0.0,2.0,True,False,1
1001,layer2.shortcut.0,element,2,"(47, 0, 24)",1,0.005,True,0.865,-0.0050000000000000044,False,,118,24576.0,12288.0,1.0,0.5,False,False,1
1002,layer3.conv2,element,0,"(15, 35, 1)",0,0.0,False,0.86,0.0,False,,225,-640.0,-512.0,0.3219280242919922,0.20000000298023224,False,False,1
1003,layer3.conv2,element,5,"(146, 24, 26)",1,0.005,True,0.865,-0.0050000000000000044,False,,122,49152.0,192.0,8.0,0.99609375,False,False,1
1004,layer3.conv2,element,0,"(129, 15, 11)",0,0.0,False,0.86,0.0,False,,247,-28672.0,-24576.0,0.22239208221435547,0.1428571492433548,False,False,1
1005,layer2.conv2,element,5,"(39, 15, 0)",0,0.0,False,0.86,0.0,False,,241,-10240.0,-40.0,8.0,0.99609375,False,False,1
1006,layer3.conv2,element,2,"(8, 31, 0)",0,0.0,False,0.86,0.0,False,,247,-28672.0,-14336.0,1.0,0.5,False,False,1
1007,layer3.conv2,element,0,"(71, 39, 27)",0,0.0,False,0.86,0.0,False,,246,-24576.0,-28672.0,0.22239208221435547,0.1666666716337204,False,False,1
1008,layer3.conv2,element,3,"(163, 27, 22)",0,0.0,False,0.86,0.0,False,,239,-7168.0,-1792.0,2.0,0.75,False,False,1
1009,layer3.conv1,element,4,"(57, 21, 16)",1,0.005,True,0.865,-0.0050000000000000044,False,,106,3072.0,49152.0,4.0,15.0,False,False,1
1010,layer3.conv2,element,5,"(60, 52, 30)",0,0.0,False,0.86,0.0,False,,235,-3584.0,-14.0,8.0,0.99609375,False,False,1
1011,layer2.conv2,element,5,"(22, 22, 12)",0,0.0,False,0.86,0.0,False,,107,3584.0,14.0,8.0,0.99609375,False,False,1
1012,layer3.conv2,element,3,"(190, 22, 13)",1,0.005,True,0.865,-0.0050000000000000044,False,,114,12288.0,49152.0,2.0,3.0,False,False,1
1013,layer3.conv2,element,6,"(77, 21, 12)",0,0.0,False,0.86,0.0,False,,236,-4096.0,-0.0625,16.0,0.9999847412109375,False,False,1
1014,layer3.conv2,element,2,"(6, 0, 12)",200,1.0,True,0.0,0.86,True,,120,32768.0,inf,inf,inf,False,True,1
1015,layer3.conv2,element,4,"(46, 0, 17)",0,0.0,False,0.86,0.0,False,,251,-57344.0,-3584.0,4.0,0.9375,False,False,1
1016,layer3.conv2,element,0,"(125, 35, 25)",0,0.0,False,0.86,0.0,False,,100,1024.0,1280.0,0.3219280242919922,0.25,False,False,1
1017,layer3.conv2,element,6,"(1, 35, 26)",0,0.0,False,0.86,0.0,False,,114,12288.0,0.1875,16.0,0.9999847412109375,False,False,1
1018,layer3.conv1,element,3,"(167, 1, 17)",200,1.0,True,0.0,0.86,True,,247,-28672.0,,inf,inf,False,True,1
1019,layer3.conv2,element,5,"(36, 32, 17)",0,0.0,False,0.86,0.0,False,,110,6144.0,24.0,8.0,0.99609375,False,False,1
1020,layer3.conv2,element,1,"(132, 23, 19)",0,0.0,False,0.86,0.0,False,,243,-14336.0,-10240.0,0.4854269027709961,0.2857142984867096,False,False,1
1021,layer3.conv2,element,3,"(100, 19, 4)",0,0.0,False,0.86,0.0,False,,249,-40960.0,-10240.0,2.0,0.75,False,False,1
1022,layer3.conv1,element,0,"(46, 13, 0)",0,0.0,False,0.86,0.0,False,,241,-10240.0,-8192.0,0.3219280242919922,0.20000000298023224,False,False,1
1023,layer3.conv2,element,5,"(30, 10, 23)",0,0.0,False,0.86,0.0,False,,237,-5120.0,-20.0,8.0,0.99609375,False,False,1
1024,layer3.conv2,element,5,"(188, 51, 2)",0,0.0,False,0.86,0.0,False,,113,10240.0,40.0,8.0,0.99609375,False,False,1
1025,layer1.conv1,element,1,"(42, 0, 30)",0,0.0,False,0.86,0.0,False,,233,-2560.0,-3584.0,0.4854269027709961,0.4000000059604645,False,False,1
1026,layer3.conv1,element,2,"(191, 23, 4)",0,0.0,False,0.86,0.0,False,,246,-24576.0,-12288.0,1.0,0.5,False,False,1
1027,layer3.conv2,element,7,"(41, 14, 3)",0,0.0,False,0.86,0.0,False,,245,-20480.0,20480.0,0.0,2.0,True,False,1
1028,layer2.conv1,element,4,"(46, 12, 17)",1,0.005,True,0.865,-0.0050000000000000044,False,,122,49152.0,3072.0,4.0,0.9375,False,False,1
1029,layer1.conv1,element,3,"(47, 10, 10)",0,0.0,False,0.86,0.0,False,,113,10240.0,40960.0,2.0,3.0,False,False,1
1030,layer3.conv1,element,2,"(66, 23, 21)",0,0.0,False,0.86,0.0,False,,79,28.0,14.0,1.0,0.5,False,False,1
1031,layer3.conv1,element,5,"(32, 8, 9)",0,0.0,False,0.86,0.0,False,,105,2560.0,10.0,8.0,0.99609375,False,False,1
1032,layer2.conv1,element,4,"(62, 11, 23)",0,0.0,False,0.86,0.0,False,,247,-28672.0,-1792.0,4.0,0.9375,False,False,1
1033,layer3.conv2,element,7,"(31, 25, 17)",0,0.0,False,0.86,0.0,False,,115,14336.0,-14336.0,0.0,2.0,True,False,1
1034,layer2.conv2,element,5,"(90, 19, 5)",1,0.005,True,0.865,-0.0050000000000000044,False,,119,28672.0,112.0,8.0,0.99609375,False,False,1
1035,layer3.conv2,element,6,"(58, 17, 30)",0,0.0,False,0.86,0.0,False,,248,-32768.0,-0.5,16.0,0.9999847412109375,False,False,1
1036,layer2.conv2,element,0,"(94, 4, 19)",0,0.0,False,0.86,0.0,False,,240,-8192.0,-10240.0,0.3219280242919922,0.25,False,False,1
1037,layer2.conv2,element,3,"(56, 22, 6)",0,0.0,False,0.86,0.0,False,,238,-6144.0,-1536.0,2.0,0.75,False,False,1
1038,layer3.conv2,element,2,"(36, 35, 10)",0,0.0,False,0.86,0.0,False,,192,-2.0,-4.0,1.0,1.0,False,False,1
1039,layer3.conv2,element,4,"(170, 43, 7)",0,0.0,False,0.86,0.0,False,,249,-40960.0,-2560.0,4.0,0.9375,False,False,1
1040,layer3.conv2,element,4,"(17, 12, 31)",1,0.005,True,0.865,-0.0050000000000000044,False,,241,-10240.0,-640.0,4.0,0.9375,False,False,1
1041,layer1.conv1,element,2,"(42, 12, 30)",0,0.0,False,0.86,0.0,False,,244,-16384.0,-8192.0,1.0,0.5,False,False,1
1042,layer3.conv2,element,1,"(14, 18, 1)",0,0.0,False,0.86,0.0,False,,240,-8192.0,-12288.0,0.5849628448486328,0.5,False,False,1
1043,layer2.conv2,element,2,"(49, 24, 28)",0,0.0,False,0.86,0.0,False,,106,3072.0,6144.0,1.0,1.0,False,False,1
1044,layer1.conv1,element,2,"(38, 0, 0)",0,0.0,False,0.86,0.0,False,,119,28672.0,14336.0,1.0,0.5,False,False,1
1045,layer3.conv1,element,2,"(65, 6, 18)",0,0.0,False,0.86,0.0,False,,247,-28672.0,-14336.0,1.0,0.5,False,False,1
1046,layer3.conv2,element,3,"(34, 40, 16)",0,0.0,False,0.86,0.0,False,,241,-10240.0,-40960.0,2.0,3.0,False,False,1
1047,layer3.conv1,element,2,"(11, 20, 17)",1,0.005,True,0.865,-0.0050000000000000044,False,,114,12288.0,24576.0,1.0,1.0,False,False,1
1048,layer3.conv2,element,1,"(72, 44, 11)",0,0.0,False,0.86,0.0,False,,119,28672.0,20480.0,0.4854269027709961,0.2857142984867096,False,False,1
1049,layer2.shortcut.0,element,5,"(27, 1, 7)",0,0.0,False,0.86,0.0,False,,109,5120.0,20.0,8.0,0.99609375,False,False,1
1050,layer3.conv1,element,7,"(156, 8, 29)",0,0.0,False,0.86,0.0,False,,109,5120.0,-5120.0,0.0,2.0,True,False,1
1051,layer3.conv2,element,0,"(22, 32, 9)",0,0.0,False,0.86,0.0,False,,234,-3072.0,-3584.0,0.22239208221435547,0.1666666716337204,False,False,1
1052,layer3.conv2,element,4,"(28, 10, 26)",200,1.0,True,0.0,0.86,True,,239,-7168.0,,inf,inf,False,True,1
1053,layer2.conv1,element,7,"(40, 7, 23)",1,0.005,True,0.865,-0.0050000000000000044,False,,237,-5120.0,5120.0,0.0,2.0,True,False,1
1054,layer1.conv1,element,4,"(36, 5, 10)",0,0.0,False,0.86,0.0,False,,246,-24576.0,-1536.0,4.0,0.9375,False,False,1
1055,layer3.conv2,element,2,"(83, 21, 15)",0,0.0,False,0.86,0.0,False,,112,8192.0,16384.0,1.0,1.0,False,False,1
1056,layer3.conv2,element,4,"(149, 21, 11)",0,0.0,False,0.86,0.0,False,,112,8192.0,512.0,4.0,0.9375,False,False,1
1057,layer3.conv2,element,1,"(114, 50, 19)",0,0.0,False,0.86,0.0,False,,225,-640.0,-896.0,0.4854269027709961,0.4000000059604645,False,False,1
1058,layer3.conv1,element,3,"(156, 19, 13)",200,1.0,True,0.0,0.86,True,,246,-24576.0,,inf,inf,False,True,1
1059,layer2.conv2,element,6,"(27, 26, 22)",1,0.005,True,0.865,-0.0050000000000000044,False,,249,-40960.0,-0.625,16.0,0.9999847412109375,False,False,1
1060,layer1.conv1,element,7,"(10, 12, 6)",0,0.0,False,0.86,0.0,False,,112,8192.0,-8192.0,0.0,2.0,True,False,1
1061,layer3.conv1,element,7,"(34, 16, 27)",0,0.0,False,0.86,0.0,False,,240,-8192.0,8192.0,0.0,2.0,True,False,1
1062,layer3.conv2,element,5,"(130, 38, 24)",0,0.0,False,0.86,0.0,False,,112,8192.0,32.0,8.0,0.99609375,False,False,1
1063,layer2.conv2,element,5,"(37, 5, 27)",1,0.005,True,0.865,-0.0050000000000000044,False,,239,-7168.0,-28.0,8.0,0.99609375,False,False,1
1064,layer3.conv2,element,4,"(88, 49, 10)",0,0.0,False,0.86,0.0,False,,116,16384.0,1024.0,4.0,0.9375,False,False,1
1065,layer3.conv1,element,2,"(142, 13, 15)",0,0.0,False,0.86,0.0,False,,101,1280.0,640.0,1.0,0.5,False,False,1
1066,layer2.shortcut.0,element,0,"(65, 1, 5)",0,0.0,False,0.86,0.0,False,,245,-20480.0,-16384.0,0.3219280242919922,0.20000000298023224,False,False,1
1067,layer3.conv2,element,7,"(189, 2, 15)",1,0.005,True,0.865,-0.0050000000000000044,False,,248,-32768.0,32768.0,0.0,2.0,True,False,1
1068,layer3.conv2,element,2,"(74, 12, 11)",0,0.0,False,0.86,0.0,False,,241,-10240.0,-20480.0,1.0,1.0,False,False,1
1069,layer2.conv2,element,2,"(25, 3, 24)",1,0.005,True,0.865,-0.0050000000000000044,False,,244,-16384.0,-8192.0,1.0,0.5,False,False,1
1070,layer3.conv1,element,0,"(2, 10, 2)",0,0.0,False,0.86,0.0,False,,117,20480.0,16384.0,0.3219280242919922,0.20000000298023224,False,False,1
1071,layer3.conv2,scale,4,"(93, 39)",179,0.895,True,0.1,0.76,False,,110,110.0,126.0,16.0,inf,False,False,32
1072,layer3.conv2,element,2,"(90, 36, 29)",0,0.0,False,0.86,0.0,False,,237,-5120.0,-2560.0,1.0,0.5,False,False,1
1073,layer2.conv2,element,1,"(52, 24, 9)",0,0.0,False,0.86,0.0,False,,100,1024.0,1536.0,0.5849628448486328,0.5,False,False,1
1074,layer3.conv2,element,0,"(112, 38, 15)",0,0.0,False,0.86,0.0,False,,117,20480.0,16384.0,0.3219280242919922,0.20000000298023224,False,False,1
1075,layer3.conv1,element,4,"(87, 6, 2)",0,0.0,False,0.86,0.0,False,,246,-24576.0,-1536.0,4.0,0.9375,False,False,1
1076,layer2.conv2,element,6,"(70, 17, 16)",0,0.0,False,0.86,0.0,False,,230,-1536.0,-0.0234375,16.0,0.9999847412109375,False,False,1
1077,layer2.conv2,element,6,"(28, 8, 2)",1,0.005,True,0.865,-0.0050000000000000044,False,,247,-28672.0,-0.4375,16.0,0.9999847412109375,False,False,1
1078,layer3.conv2,element,1,"(82, 19, 11)",0,0.0,False,0.86,0.0,False,,242,-12288.0,-8192.0,0.5849628448486328,0.3333333432674408,False,False,1
1079,layer3.conv2,element,6,"(79, 39, 22)",0,0.0,False,0.86,0.0,False,,116,16384.0,0.25,16.0,0.9999847412109375,False,False,1
1080,layer3.conv2,scale,2,"(163, 37)",1,0.005,True,0.865,-0.0050000000000000044,False,,109,109.0,105.0,4.0,inf,False,False,32
1081,layer3.conv2,element,0,"(7, 37, 21)",0,0.0,False,0.86,0.0,False,,248,-32768.0,-40960.0,0.3219280242919922,0.25,False,False,1
1082,layer3.conv2,element,7,"(32, 50, 27)",0,0.0,False,0.86,0.0,False,,120,32768.0,-32768.0,0.0,2.0,True,False,1
1083,layer2.conv2,element,0,"(68, 8, 16)",1,0.005,True,0.865,-0.0050000000000000044,False,,118,24576.0,28672.0,0.22239208221435547,0.1666666716337204,False,False,1
1084,layer3.conv2,element,0,"(15, 40, 28)",0,0.0,False,0.86,0.0,False,,233,-2560.0,-2048.0,0.3219280242919922,0.20000000298023224,False,False,1
1085,layer3.conv1,element,0,"(10, 3, 25)",0,0.0,False,0.86,0.0,False,,240,-8192.0,-10240.0,0.3219280242919922,0.25,False,False,1
1086,layer3.conv2,element,7,"(75, 30, 3)",1,0.005,True,0.865,-0.0050000000000000044,False,,123,57344.0,-57344.0,0.0,2.0,True,False,1
1087,layer1.conv1,element,3,"(47, 11, 10)",1,0.005,True,0.865,-0.0050000000000000044,False,,112,8192.0,32768.0,2.0,3.0,False,False,1
1088,layer2.conv1,element,0,"(88, 1, 1)",0,0.0,False,0.86,0.0,False,,246,-24576.0,-28672.0,0.22239208221435547,0.1666666716337204,False,False,1
1089,layer3.conv2,element,5,"(42, 40, 16)",0,0.0,False,0.86,0.0,False,,119,28672.0,112.0,8.0,0.99609375,False,False,1
1090,layer1.conv1,element,3,"(4, 4, 25)",1,0.005,True,0.865,-0.0050000000000000044,False,,120,32768.0,8192.0,2.0,0.75,False,False,1
1091,layer3.conv1,element,1,"(103, 14, 17)",0,0.0,False,0.86,0.0,False,,247,-28672.0,-20480.0,0.4854269027709961,0.2857142984867096,False,False,1
1092,layer3.conv2,element,5,"(99, 12, 31)",0,0.0,False,0.86,0.0,False,,239,-7168.0,-28.0,8.0,0.99609375,False,False,1
1093,layer1.conv1,element,7,"(2, 4, 15)",1,0.005,True,0.865,-0.0050000000000000044,False,,118,24576.0,-24576.0,0.0,2.0,True,False,1
1094,layer1.conv2,element,2,"(46, 0, 1)",1,0.005,True,0.865,-0.0050000000000000044,False,,237,-5120.0,-2560.0,1.0,0.5,False,False,1
1095,layer3.conv2,element,1,"(19, 13, 7)",0,0.0,False,0.86,0.0,False,,231,-1792.0,-1280.0,0.4854269027709961,0.2857142984867096,False,False,1
1096,layer3.conv2,element,4,"(14, 49, 27)",0,0.0,False,0.86,0.0,False,,245,-20480.0,-1280.0,4.0,0.9375,False,False,1
1097,layer3.conv2,element,5,"(59, 41, 0)",0,0.0,False,0.86,0.0,False,,115,14336.0,56.0,8.0,0.99609375,False,False,1
1098,layer2.conv1,element,7,"(18, 4, 1)",0,0.0,False,0.86,0.0,False,,113,10240.0,-10240.0,0.0,2.0,True,False,1
1099,layer3.conv2,element,3,"(168, 18, 23)",200,1.0,True,0.0,0.86,True,,246,-24576.0,,inf,inf,False,True,1
1100,layer3.conv1,element,3,"(185, 21, 20)",0,0.0,False,0.86,0.0,False,,113,10240.0,40960.0,2.0,3.0,False,False,1
1101,layer3.conv1,element,6,"(68, 13, 27)",0,0.0,False,0.86,0.0,False,,118,24576.0,0.375,16.0,0.9999847412109375,False,False,1
1102,layer3.conv1,element,0,"(68, 2, 29)",0,0.0,False,0.86,0.0,False,,243,-14336.0,-12288.0,0.22239208221435547,0.1428571492433548,False,False,1
1103,layer2.conv2,element,7,"(44, 11, 24)",0,0.0,False,0.86,0.0,False,,120,32768.0,-32768.0,0.0,2.0,True,False,1
1104,layer2.conv1,element,4,"(56, 2, 19)",0,0.0,False,0.86,0.0,False,,241,-10240.0,-640.0,4.0,0.9375,False,False,1
1105,layer3.conv1,element,7,"(31, 17, 20)",0,0.0,False,0.86,0.0,False,,248,-32768.0,32768.0,0.0,2.0,True,False,1
1106,layer3.conv1,element,7,"(6, 4, 5)",0,0.0,False,0.86,0.0,False,,246,-24576.0,24576.0,0.0,2.0,True,False,1
1107,layer2.conv2,element,5,"(45, 15, 25)",0,0.0,False,0.86,0.0,False,,239,-7168.0,-28.0,8.0,0.99609375,False,False,1
1108,layer3.conv2,element,4,"(19, 31, 6)",0,0.0,False,0.86,0.0,False,,114,12288.0,768.0,4.0,0.9375,False,False,1
1109,layer2.conv2,element,4,"(39, 0, 30)",0,0.0,False,0.86,0.0,False,,120,32768.0,2048.0,4.0,0.9375,False,False,1
1110,layer1.conv2,element,5,"(34, 1, 8)",0,0.0,False,0.86,0.0,False,,246,-24576.0,-96.0,8.0,0.99609375,False,False,1
1111,layer3.conv2,element,1,"(173, 50, 1)",0,0.0,False,0.86,0.0,False,,109,5120.0,7168.0,0.4854269027709961,0.4000000059604645,False,False,1
1112,layer3.conv2,element,4,"(5, 36, 27)",0,0.0,False,0.86,0.0,False,,240,-8192.0,-512.0,4.0,0.9375,False,False,1
1113,layer3.conv2,element,4,"(124, 13, 26)",0,0.0,False,0.86,0.0,False,,244,-16384.0,-1024.0,4.0,0.9375,False,False,1
1114,layer3.conv2,element,1,"(11, 9, 26)",0,0.0,False,0.86,0.0,False,,233,-2560.0,-3584.0,0.4854269027709961,0.4000000059604645,False,False,1
1115,layer3.conv2,element,4,"(77, 8, 14)",0,0.0,False,0.86,0.0,False,,242,-12288.0,-768.0,4.0,0.9375,False,False,1
1116,layer1.conv2,element,4,"(4, 12, 7)",1,0.005,True,0.865,-0.0050000000000000044,False,,248,-32768.0,-2048.0,4.0,0.9375,False,False,1
1117,layer3.conv2,element,6,"(4, 20, 7)",0,0.0,False,0.86,0.0,False,,114,12288.0,0.1875,16.0,0.9999847412109375,False,False,1
1118,layer3.conv1,element,1,"(151, 18, 31)",0,0.0,False,0.86,0.0,False,,231,-1792.0,-1280.0,0.4854269027709961,0.2857142984867096,False,False,1
1119,layer3.conv1,element,4,"(180, 11, 30)",0,0.0,False,0.86,0.0,False,,243,-14336.0,-896.0,4.0,0.9375,False,False,1
1120,layer3.conv2,element,5,"(116, 0, 1)",0,0.0,False,0.86,0.0,False,,104,2048.0,8.0,8.0,0.99609375,False,False,1
1121,layer3.conv2,element,0,"(12, 0, 22)",0,0.0,False,0.86,0.0,False,,117,20480.0,16384.0,0.3219280242919922,0.20000000298023224,False,False,1
1122,layer3.conv2,element,0,"(42, 4, 10)",0,0.0,False,0.86,0.0,False,,233,-2560.0,-2048.0,0.3219280242919922,0.20000000298023224,False,False,1
1123,layer3.conv2,element,3,"(90, 45, 1)",0,0.0,False,0.86,0.0,False,,241,-10240.0,-40960.0,2.0,3.0,False,False,1
1124,layer3.conv2,element,3,"(163, 19, 31)",200,1.0,True,0.0,0.86,True,,246,-24576.0,,inf,inf,False,True,1
1125,layer3.conv1,scale,7,"(175, 8)",200,1.0,True,0.0,0.86,True,,108,108.0,236.0,128.0,inf,False,False,32
1126,layer3.conv2,element,5,"(12, 51, 29)",0,0.0,False,0.86,0.0,False,,225,-640.0,-2.5,8.0,0.99609375,False,False,1
1127,layer3.conv2,element,0,"(77, 26, 29)",0,0.0,False,0.86,0.0,False,,248,-32768.0,-40960.0,0.3219280242919922,0.25,False,False,1
1128,layer3.conv1,element,7,"(48, 26, 29)",0,0.0,False,0.86,0.0,False,,247,-28672.0,28672.0,0.0,2.0,True,False,1
1129,layer2.conv2,element,7,"(30, 12, 30)",0,0.0,False,0.86,0.0,False,,246,-24576.0,24576.0,0.0,2.0,True,False,1
1130,layer3.conv2,element,2,"(104, 13, 25)",0,0.0,False,0.86,0.0,False,,241,-10240.0,-20480.0,1.0,1.0,False,False,1
1131,layer3.conv1,element,2,"(171, 18, 27)",0,0.0,False,0.86,0.0,False,,240,-8192.0,-16384.0,1.0,1.0,False,False,1
1132,layer3.shortcut.0,element,4,"(26, 0, 15)",0,0.0,False,0.86,0.0,False,,116,16384.0,1024.0,4.0,0.9375,False,False,1
1133,layer3.conv2,element,2,"(89, 43, 0)",0,0.0,False,0.86,0.0,False,,239,-7168.0,-3584.0,1.0,0.5,False,False,1
1134,layer3.conv2,element,7,"(137, 32, 20)",0,0.0,False,0.86,0.0,False,,236,-4096.0,4096.0,0.0,2.0,True,False,1
1135,layer3.conv2,element,7,"(26, 5, 17)",0,0.0,False,0.86,0.0,False,,110,6144.0,-6144.0,0.0,2.0,True,False,1
1136,layer3.conv2,element,0,"(137, 3, 15)",0,0.0,False,0.86,0.0,False,,112,8192.0,10240.0,0.3219280242919922,0.25,False,False,1
1137,layer3.conv2,element,0,"(76, 10, 6)",0,0.0,False,0.86,0.0,False,,234,-3072.0,-3584.0,0.22239208221435547,0.1666666716337204,False,False,1
1138,layer3.conv2,element,5,"(59, 41, 20)",0,0.0,False,0.86,0.0,False,,111,7168.0,28.0,8.0,0.99609375,False,False,1
1139,layer1.conv2,element,1,"(24, 6, 14)",1,0.005,True,0.865,-0.0050000000000000044,False,,237,-5120.0,-7168.0,0.4854269027709961,0.4000000059604645,False,False,1
1140,layer3.conv2,element,2,"(128, 49, 11)",0,0.0,False,0.86,0.0,False,,245,-20480.0,-10240.0,1.0,0.5,False,False,1
1141,layer3.conv2,element,4,"(33, 13, 3)",0,0.0,False,0.86,0.0,False,,246,-24576.0,-1536.0,4.0,0.9375,False,False,1
1142,layer2.conv2,element,7,"(53, 11, 31)",1,0.005,True,0.865,-0.0050000000000000044,False,,118,24576.0,-24576.0,0.0,2.0,True,False,1
1143,layer3.conv2,scale,7,"(116, 42)",200,1.0,True,0.0,0.86,True,,109,109.0,237.0,128.0,inf,False,False,32
1144,layer3.conv2,element,3,"(142, 19, 16)",0,0.0,False,0.86,0.0,False,,120,32768.0,8192.0,2.0,0.75,False,False,1
1145,layer3.conv2,element,3,"(79, 51, 12)",0,0.0,False,0.86,0.0,False,,239,-7168.0,-1792.0,2.0,0.75,False,False,1
1146,layer3.conv1,element,1,"(179, 0, 31)",0,0.0,False,0.86,0.0,False,,237,-5120.0,-7168.0,0.4854269027709961,0.4000000059604645,False,False,1
1147,layer3.conv1,element,6,"(95, 21, 23)",0,0.0,False,0.86,0.0,False,,115,14336.0,0.21875,16.0,0.9999847412109375,False,False,1
1148,layer3.conv1,element,3,"(7, 26, 14)",200,1.0,True,0.0,0.86,True,,245,-20480.0,,inf,inf,False,True,1
1149,layer3.conv2,element,5,"(65, 31, 12)",1,0.005,True,0.865,-0.0050000000000000044,False,,242,-12288.0,-48.0,8.0,0.99609375,False,False,1
1150,layer3.shortcut.0,element,7,"(176, 1, 28)",0,0.0,False,0.86,0.0,False,,107,3584.0,-3584.0,0.0,2.0,True,False,1
1151,layer1.conv2,element,2,"(1, 10, 14)",0,0.0,False,0.86,0.0,False,,237,-5120.0,-2560.0,1.0,0.5,False,False,1
1152,layer3.conv2,element,1,"(50, 49, 27)",0,0.0,False,0.86,0.0,False,,116,16384.0,24576.0,0.5849628448486328,0.5,False,False,1
1153,layer3.conv1,element,3,"(40, 20, 5)",200,1.0,True,0.0,0.86,True,,117,20480.0,,inf,inf,False,True,1
1154,layer3.conv1,element,1,"(83, 4, 3)",0,0.0,False,0.86,0.0,False,,228,-1024.0,-1536.0,0.5849628448486328,0.5,False,False,1
1155,layer3.conv1,element,5,"(115, 14, 27)",0,0.0,False,0.86,0.0,False,,115,14336.0,56.0,8.0,0.99609375,False,False,1
1156,layer3.conv1,element,1,"(44, 10, 21)",0,0.0,False,0.86,0.0,False,,243,-14336.0,-10240.0,0.4854269027709961,0.2857142984867096,False,False,1
1157,layer3.conv2,element,1,"(59, 18, 7)",0,0.0,False,0.86,0.0,False,,114,12288.0,8192.0,0.5849628448486328,0.3333333432674408,False,False,1
1158,layer3.conv2,element,4,"(83, 28, 0)",1,0.005,True,0.865,-0.0050000000000000044,False,,107,3584.0,57344.0,4.0,15.0,False,False,1
1159,layer2.conv2,element,4,"(16, 21, 4)",0,0.0,False,0.86,0.0,False,,247,-28672.0,-1792.0,4.0,0.9375,False,False,1
1160,layer2.conv2,element,0,"(76, 10, 3)",0,0.0,False,0.86,0.0,False,,229,-1280.0,-1024.0,0.3219280242919922,0.20000000298023224,False,False,1
1161,layer3.conv1,element,6,"(3, 23, 20)",0,0.0,False,0.86,0.0,False,,119,28672.0,0.4375,16.0,0.9999847412109375,False,False,1
1162,layer3.conv2,element,7,"(189, 17, 25)",1,0.005,True,0.865,-0.0050000000000000044,False,,242,-12288.0,12288.0,0.0,2.0,True,False,1
1163,layer3.conv1,element,6,"(135, 16, 3)",0,0.0,False,0.86,0.0,False,,241,-10240.0,-0.15625,16.0,0.9999847412109375,False,False,1
1164,layer3.conv2,element,1,"(64, 29, 25)",0,0.0,False,0.86,0.0,False,,102,1536.0,1024.0,0.5849628448486328,0.3333333432674408,False,False,1
1165,layer3.conv1,element,6,"(90, 6, 5)",0,0.0,False,0.86,0.0,False,,104,2048.0,0.03125,16.0,0.9999847412109375,False,False,1
1166,layer2.conv1,element,3,"(39, 0, 28)",200,1.0,True,0.0,0.86,True,,246,-24576.0,,inf,inf,False,True,1
1167,layer3.conv1,element,2,"(55, 22, 24)",0,0.0,False,0.86,0.0,False,,231,-1792.0,-896.0,1.0,0.5,False,False,1
1168,layer3.conv2,element,6,"(105, 3, 10)",0,0.0,False,0.86,0.0,False,,112,8192.0,0.125,16.0,0.9999847412109375,False,False,1
1169,conv1,element,6,"(33, 0, 21)",0,0.0,False,0.86,0.0,False,,110,6144.0,0.09375,16.0,0.9999847412109375,False,False,1
1170,layer3.conv2,element,0,"(84, 32, 10)",0,0.0,False,0.86,0.0,False,,118,24576.0,28672.0,0.22239208221435547,0.1666666716337204,False,False,1
1171,layer3.conv2,element,0,"(72, 29, 7)",0,0.0,False,0.86,0.0,False,,229,-1280.0,-1024.0,0.3219280242919922,0.20000000298023224,False,False,1
1172,layer3.conv1,element,5,"(16, 10, 12)",0,0.0,False,0.86,0.0,False,,114,12288.0,48.0,8.0,0.99609375,False,False,1
1173,layer3.conv2,element,0,"(34, 11, 28)",0,0.0,False,0.86,0.0,False,,241,-10240.0,-8192.0,0.3219280242919922,0.20000000298023224,False,False,1
1174,layer3.conv2,element,4,"(175, 12, 19)",0,0.0,False,0.86,0.0,False,,232,-2048.0,-32768.0,4.0,15.0,False,False,1
1175,layer3.conv2,element,6,"(110, 18, 2)",0,0.0,False,0.86,0.0,False,,109,5120.0,0.078125,16.0,0.9999847412109375,False,False,1
1176,layer2.conv1,element,2,"(55, 7, 18)",0,0.0,False,0.86,0.0,False,,110,6144.0,3072.0,1.0,0.5,False,False,1
1177,layer3.shortcut.0,element,4,"(151, 1, 25)",0,0.0,False,0.86,0.0,False,,112,8192.0,512.0,4.0,0.9375,False,False,1
1178,layer3.conv2,element,4,"(128, 48, 31)",0,0.0,False,0.86,0.0,False,,245,-20480.0,-1280.0,4.0,0.9375,False,False,1
1179,layer3.conv2,element,6,"(176, 42, 30)",0,0.0,False,0.86,0.0,False,,231,-1792.0,-0.02734375,16.0,0.9999847412109375,False,False,1
1180,layer3.conv2,element,0,"(190, 14, 13)",0,0.0,False,0.86,0.0,False,,117,20480.0,16384.0,0.3219280242919922,0.20000000298023224,False,False,1
1181,layer3.shortcut.0,element,5,"(73, 0, 20)",0,0.0,False,0.86,0.0,False,,236,-4096.0,-16.0,8.0,0.99609375,False,False,1
1182,layer3.conv2,element,3,"(115, 20, 4)",0,0.0,False,0.86,0.0,False,,242,-12288.0,-49152.0,2.0,3.0,False,False,1
1183,layer3.conv1,element,7,"(87, 26, 13)",0,0.0,False,0.86,0.0,False,,113,10240.0,-10240.0,0.0,2.0,True,False,1
1184,layer3.conv2,element,0,"(96, 53, 10)",0,0.0,False,0.86,0.0,False,,236,-4096.0,-5120.0,0.3219280242919922,0.25,False,False,1
1185,layer3.conv2,element,3,"(98, 40, 7)",0,0.0,False,0.86,0.0,False,,108,4096.0,1024.0,2.0,0.75,False,False,1
1186,layer3.conv1,element,0,"(45, 19, 27)",0,0.0,False,0.86,0.0,False,,241,-10240.0,-8192.0,0.3219280242919922,0.20000000298023224,False,False,1
1187,layer3.conv2,element,0,"(38, 15, 17)",0,0.0,False,0.86,0.0,False,,237,-5120.0,-4096.0,0.3219280242919922,0.20000000298023224,False,False,1
1188,layer3.conv1,element,5,"(74, 4, 2)",0,0.0,False,0.86,0.0,False,,227,-896.0,-3.5,8.0,0.99609375,False,False,1
1189,layer1.conv1,element,1,"(42, 9, 31)",1,0.005,True,0.865,-0.0050000000000000044,False,,243,-14336.0,-10240.0,0.4854269027709961,0.2857142984867096,False,False,1
1190,layer3.conv2,element,6,"(41, 26, 23)",0,0.0,False,0.86,0.0,False,,106,3072.0,0.046875,16.0,0.9999847412109375,False,False,1
1191,layer3.conv2,element,2,"(190, 7, 25)",0,0.0,False,0.86,0.0,False,,106,3072.0,6144.0,1.0,1.0,False,False,1
1192,layer2.conv2,element,3,"(74, 6, 9)",0,0.0,False,0.86,0.0,False,,240,-8192.0,-32768.0,2.0,3.0,False,False,1
1193,layer3.conv2,element,6,"(89, 14, 14)",0,0.0,False,0.86,0.0,False,,114,12288.0,0.1875,16.0,0.9999847412109375,False,False,1
1194,layer3.conv1,scale,0,"(175, 9)",1,0.005,True,0.865,-0.0050000000000000044,False,,107,107.0,106.0,1.0,inf,False,False,32
1195,layer3.conv1,element,3,"(104, 8, 19)",0,0.0,False,0.86,0.0,False,,230,-1536.0,-6144.0,2.0,3.0,False,False,1
1196,layer1.conv2,element,2,"(15, 1, 2)",1,0.005,True,0.865,-0.0050000000000000044,False,,119,28672.0,14336.0,1.0,0.5,False,False,1
1197,layer3.conv2,element,6,"(172, 11, 15)",0,0.0,False,0.86,0.0,False,,245,-20480.0,-0.3125,16.0,0.9999847412109375,False,False,1
1198,layer3.conv2,element,0,"(182, 0, 23)",0,0.0,False,0.86,0.0,False,,116,16384.0,20480.0,0.3219280242919922,0.25,False,False,1
1199,layer3.conv2,element,4,"(95, 10, 11)",1,0.005,True,0.865,-0.0050000000000000044,False,,232,-2048.0,-32768.0,4.0,15.0,False,False,1
1200,layer3.conv1,element,7,"(92, 17, 15)",0,0.0,False,0.86,0.0,False,,108,4096.0,-4096.0,0.0,2.0,True,False,1
1201,layer3.conv2,element,4,"(117, 41, 19)",0,0.0,False,0.86,0.0,False,,118,24576.0,1536.0,4.0,0.9375,False,False,1
1202,layer3.conv2,element,2,"(170, 38, 17)",0,0.0,False,0.86,0.0,False,,111,7168.0,3584.0,1.0,0.5,False,False,1
1203,layer3.conv1,element,3,"(172, 20, 7)",0,0.0,False,0.86,0.0,False,,111,7168.0,1792.0,2.0,0.75,False,False,1
1204,layer3.conv2,element,4,"(116, 7, 6)",0,0.0,False,0.86,0.0,False,,121,40960.0,2560.0,4.0,0.9375,False,False,1
1205,layer1.conv1,element,7,"(29, 12, 10)",0,0.0,False,0.86,0.0,False,,245,-20480.0,20480.0,0.0,2.0,True,False,1
1206,layer3.conv2,element,3,"(21, 11, 30)",0,0.0,False,0.86,0.0,False,,232,-2048.0,-512.0,2.0,0.75,False,False,1
1207,layer3.shortcut.0,element,2,"(177, 0, 23)",0,0.0,False,0.86,0.0,False,,105,2560.0,5120.0,1.0,1.0,False,False,1
1208,layer3.conv2,scale,2,"(154, 38)",0,0.0,False,0.86,0.0,False,,110,110.0,106.0,4.0,inf,False,False,32
1209,layer2.conv1,element,6,"(86, 3, 28)",0,0.0,False,0.86,0.0,False,,246,-24576.0,-0.375,16.0,0.9999847412109375,False,False,1
1210,layer3.conv2,element,1,"(100, 4, 6)",0,0.0,False,0.86,0.0,False,,118,24576.0,16384.0,0.5849628448486328,0.3333333432674408,False,False,1
1211,layer3.conv1,element,7,"(113, 11, 8)",0,0.0,False,0.86,0.0,False,,244,-16384.0,16384.0,0.0,2.0,True,False,1
1212,layer1.conv1,element,3,"(27, 5, 27)",0,0.0,False,0.86,0.0,False,,112,8192.0,32768.0,2.0,3.0,False,False,1
1213,layer3.conv2,element,5,"(109, 47, 25)",0,0.0,False,0.86,0.0,False,,240,-8192.0,-32.0,8.0,0.99609375,False,False,1
1214,layer3.conv2,element,0,"(22, 5, 15)",0,0.0,False,0.86,0.0,False,,107,3584.0,3072.0,0.22239208221435547,0.1428571492433548,False,False,1
1215,layer2.conv2,element,6,"(32, 18, 3)",0,0.0,False,0.86,0.0,False,,113,10240.0,0.15625,16.0,0.9999847412109375,False,False,1
1216,layer3.conv1,element,1,"(121, 23, 20)",0,0.0,False,0.86,0.0,False,,241,-10240.0,-14336.0,0.4854269027709961,0.4000000059604645,False,False,1
1217,layer3.conv2,element,6,"(183, 28, 25)",0,0.0,False,0.86,0.0,False,,114,12288.0,0.1875,16.0,0.9999847412109375,False,False,1
1218,layer3.conv1,element,2,"(9, 1, 14)",0,0.0,False,0.86,0.0,False,,108,4096.0,2048.0,1.0,0.5,False,False,1
1219,layer3.conv2,element,2,"(111, 5, 8)",0,0.0,False,0.86,0.0,False,,245,-20480.0,-10240.0,1.0,0.5,False,False,1
1220,layer3.conv1,element,6,"(82, 9, 20)",0,0.0,False,0.86,0.0,False,,117,20480.0,0.3125,16.0,0.9999847412109375,False,False,1
1221,layer3.conv2,element,7,"(98, 25, 24)",0,0.0,False,0.86,0.0,False,,242,-12288.0,12288.0,0.0,2.0,True,False,1
1222,layer3.conv1,element,6,"(186, 1, 16)",0,0.0,False,0.86,0.0,False,,229,-1280.0,-0.01953125,16.0,0.9999847412109375,False,False,1
1223,layer3.conv1,element,4,"(16, 1, 1)",0,0.0,False,0.86,0.0,False,,241,-10240.0,-640.0,4.0,0.9375,False,False,1
1224,layer2.conv1,element,0,"(87, 9, 26)",1,0.005,True,0.865,-0.0050000000000000044,False,,117,20480.0,16384.0,0.3219280242919922,0.20000000298023224,False,False,1
1225,layer2.conv1,element,3,"(79, 3, 30)",1,0.005,True,0.865,-0.0050000000000000044,False,,113,10240.0,40960.0,2.0,3.0,False,False,1
1226,layer2.conv1,element,3,"(40, 9, 20)",0,0.0,False,0.86,0.0,False,,106,3072.0,768.0,2.0,0.75,False,False,1
1227,layer3.conv2,element,5,"(82, 33, 17)",0,0.0,False,0.86,0.0,False,,110,6144.0,24.0,8.0,0.99609375,False,False,1
1228,layer3.conv2,element,0,"(130, 7, 6)",0,0.0,False,0.86,0.0,False,,240,-8192.0,-10240.0,0.3219280242919922,0.25,False,False,1
1229,layer3.conv1,element,1,"(158, 25, 3)",0,0.0,False,0.86,0.0,False,,106,3072.0,2048.0,0.5849628448486328,0.3333333432674408,False,False,1
1230,layer3.conv1,element,3,"(26, 17, 30)",1,0.005,True,0.865,-0.0050000000000000044,False,,121,40960.0,10240.0,2.0,0.75,False,False,1
1231,layer1.conv1,element,6,"(11, 0, 30)",0,0.0,False,0.86,0.0,False,,109,5120.0,0.078125,16.0,0.9999847412109375,False,False,1
1232,layer3.conv2,element,1,"(49, 34, 29)",0,0.0,False,0.86,0.0,False,,113,10240.0,14336.0,0.4854269027709961,0.4000000059604645,False,False,1
1233,layer3.conv2,element,3,"(144, 24, 31)",200,1.0,True,0.0,0.86,True,,118,24576.0,,inf,inf,False,True,1
1234,layer3.conv2,element,3,"(33, 47, 1)",0,0.0,False,0.86,0.0,False,,239,-7168.0,-1792.0,2.0,0.75,False,False,1
1235,layer3.conv2,element,3,"(20, 13, 28)",1,0.005,True,0.865,-0.0050000000000000044,False,,242,-12288.0,-49152.0,2.0,3.0,False,False,1
1236,layer3.conv1,element,4,"(168, 26, 28)",0,0.0,False,0.86,0.0,False,,245,-20480.0,-1280.0,4.0,0.9375,False,False,1
1237,layer1.conv1,element,0,"(18, 10, 24)",0,0.0,False,0.86,0.0,False,,114,12288.0,14336.0,0.22239208221435547,0.1666666716337204,False,False,1
1238,layer3.conv1,element,1,"(28, 9, 22)",0,0.0,False,0.86,0.0,False,,247,-28672.0,-20480.0,0.4854269027709961,0.2857142984867096,False,False,1
1239,layer3.conv2,element,0,"(109, 42, 22)",0,0.0,False,0.86,0.0,False,,110,6144.0,7168.0,0.22239208221435547,0.1666666716337204,False,False,1
1240,layer3.conv2,element,5,"(62, 34, 11)",0,0.0,False,0.86,0.0,False,,112,8192.0,32.0,8.0,0.99609375,False,False,1
1241,layer3.conv2,element,3,"(129, 25, 23)",0,0.0,False,0.86,0.0,False,,107,3584.0,896.0,2.0,0.75,False,False,1
1242,layer2.conv1,element,3,"(39, 10, 24)",0,0.0,False,0.86,0.0,False,,99,896.0,3584.0,2.0,3.0,False,False,1
1243,layer3.conv2,element,6,"(188, 47, 1)",0,0.0,False,0.86,0.0,False,,119,28672.0,0.4375,16.0,0.9999847412109375,False,False,1
1244,layer3.conv2,element,0,"(53, 8, 3)",0,0.0,False,0.86,0.0,False,,115,14336.0,12288.0,0.22239208221435547,0.1428571492433548,False,False,1
1245,layer3.conv2,element,0,"(88, 9, 9)",0,0.0,False,0.86,0.0,False,,107,3584.0,3072.0,0.22239208221435547,0.1428571492433548,False,False,1
1246,layer3.conv1,element,3,"(175, 1, 15)",0,0.0,False,0.86,0.0,False,,234,-3072.0,-768.0,2.0,0.75,False,False,1
1247,layer3.conv2,element,0,"(92, 30, 8)",0,0.0,False,0.86,0.0,False,,114,12288.0,14336.0,0.22239208221435547,0.1666666716337204,False,False,1
1248,layer3.conv2,element,3,"(36, 50, 18)",200,1.0,True,0.0,0.86,True,,116,16384.0,inf,inf,inf,False,True,1
1249,layer3.conv2,element,3,"(104, 1, 21)",200,1.0,True,0.0,0.86,True,,116,16384.0,inf,inf,inf,False,True,1
1250,layer2.conv2,element,0,"(87, 19, 20)",0,0.0,False,0.86,0.0,False,,247,-28672.0,-24576.0,0.22239208221435547,0.1428571492433548,False,False,1
1251,layer3.conv2,element,3,"(1, 33, 30)",0,0.0,False,0.86,0.0,False,,248,-32768.0,-8192.0,2.0,0.75,False,False,1
1252,layer2.conv1,element,3,"(59, 1, 1)",1,0.005,True,0.865,-0.0050000000000000044,False,,109,5120.0,1280.0,2.0,0.75,False,False,1
1253,layer3.conv2,element,7,"(22, 20, 13)",0,0.0,False,0.86,0.0,False,,245,-20480.0,20480.0,0.0,2.0,True,False,1
1254,layer3.conv2,element,0,"(119, 33, 0)",0,0.0,False,0.86,0.0,False,,99,896.0,768.0,0.22239208221435547,0.1428571492433548,False,False,1
1255,layer3.conv2,element,1,"(11, 26, 15)",0,0.0,False,0.86,0.0,False,,239,-7168.0,-5120.0,0.4854269027709961,0.2857142984867096,False,False,1
1256,layer2.conv1,element,7,"(79, 1, 3)",1,0.005,True,0.865,-0.0050000000000000044,False,,243,-14336.0,14336.0,0.0,2.0,True,False,1
1257,layer3.conv1,element,3,"(166, 25, 0)",200,1.0,True,0.0,0.86,True,,247,-28672.0,,inf,inf,False,True,1
1258,layer3.conv2,element,0,"(9, 1, 25)",0,0.0,False,0.86,0.0,False,,111,7168.0,6144.0,0.22239208221435547,0.1428571492433548,False,False,1
1259,layer3.conv2,element,0,"(184, 14, 15)",0,0.0,False,0.86,0.0,False,,123,57344.0,49152.0,0.22239208221435547,0.1428571492433548,False,False,1
1260,layer3.conv1,scale,4,"(156, 1)",181,0.905,True,0.085,0.775,False,,108,108.0,124.0,16.0,inf,False,False,32
1261,layer3.conv2,element,4,"(47, 39, 27)",0,0.0,False,0.86,0.0,False,,248,-32768.0,-2048.0,4.0,0.9375,False,False,1
1262,layer3.conv2,element,2,"(114, 44, 8)",0,0.0,False,0.86,0.0,False,,241,-10240.0,-20480.0,1.0,1.0,False,False,1
1263,layer3.conv2,element,6,"(156, 37, 30)",0,0.0,False,0.86,0.0,False,,234,-3072.0,-0.046875,16.0,0.9999847412109375,False,False,1
1264,layer3.conv2,element,0,"(33, 1, 10)",0,0.0,False,0.86,0.0,False,,116,16384.0,20480.0,0.3219280242919922,0.25,False,False,1
1265,layer1.conv1,element,0,"(24, 6, 16)",0,0.0,False,0.86,0.0,False,,122,49152.0,57344.0,0.22239208221435547,0.1666666716337204,False,False,1
1266,layer2.conv2,element,1,"(68, 23, 2)",0,0.0,False,0.86,0.0,False,,241,-10240.0,-14336.0,0.4854269027709961,0.4000000059604645,False,False,1
1267,layer3.conv2,element,5,"(3, 23, 7)",0,0.0,False,0.86,0.0,False,,101,1280.0,5.0,8.0,0.99609375,False,False,1
1268,layer2.conv1,element,7,"(52, 7, 1)",1,0.005,True,0.865,-0.0050000000000000044,False,,122,49152.0,-49152.0,0.0,2.0,True,False,1
1269,layer3.conv1,element,0,"(26, 19, 23)",0,0.0,False,0.86,0.0,False,,245,-20480.0,-16384.0,0.3219280242919922,0.20000000298023224,False,False,1
1270,layer3.conv2,element,1,"(111, 28, 4)",0,0.0,False,0.86,0.0,False,,251,-57344.0,-40960.0,0.4854269027709961,0.2857142984867096,False,False,1
1271,layer3.conv1,element,6,"(162, 8, 7)",0,0.0,False,0.86,0.0,False,,238,-6144.0,-0.09375,16.0,0.9999847412109375,False,False,1
1272,layer2.shortcut.0,element,4,"(22, 1, 1)",1,0.005,True,0.865,-0.0050000000000000044,False,,250,-49152.0,-3072.0,4.0,0.9375,False,False,1
1273,layer3.conv1,element,3,"(4, 18, 30)",200,1.0,True,0.0,0.86,True,,245,-20480.0,,inf,inf,False,True,1
1274,layer3.conv1,element,4,"(148, 2, 0)",0,0.0,False,0.86,0.0,False,,246,-24576.0,-1536.0,4.0,0.9375,False,False,1
1275,layer3.conv2,element,7,"(57, 1, 30)",0,0.0,False,0.86,0.0,False,,116,16384.0,-16384.0,0.0,2.0,True,False,1
1276,layer3.conv2,element,0,"(101, 43, 14)",0,0.0,False,0.86,0.0,False,,239,-7168.0,-6144.0,0.22239208221435547,0.1428571492433548,False,False,1
1277,layer3.conv2,element,7,"(186, 15, 6)",0,0.0,False,0.86,0.0,False,,237,-5120.0,5120.0,0.0,2.0,True,False,1
1278,layer3.conv2,element,3,"(63, 40, 21)",200,1.0,True,0.0,0.86,True,,247,-28672.0,,inf,inf,False,True,1
1279,layer3.conv1,scale,7,"(133, 9)",200,1.0,True,0.0,0.86,True,,108,108.0,236.0,128.0,inf,False,False,32
1280,layer2.conv2,element,2,"(17, 14, 18)",0,0.0,False,0.86,0.0,False,,246,-24576.0,-12288.0,1.0,0.5,False,False,1
1281,layer3.conv1,element,1,"(86, 9, 23)",0,0.0,False,0.86,0.0,False,,114,12288.0,8192.0,0.5849628448486328,0.3333333432674408,False,False,1
1282,layer3.conv2,element,7,"(18, 50, 7)",0,0.0,False,0.86,0.0,False,,118,24576.0,-24576.0,0.0,2.0,True,False,1
1283,layer3.conv2,element,4,"(92, 20, 20)",0,0.0,False,0.86,0.0,False,,120,32768.0,2048.0,4.0,0.9375,False,False,1
1284,layer2.conv2,element,2,"(24, 4, 13)",200,1.0,True,0.0,0.86,True,,248,-32768.0,-inf,inf,inf,False,True,1
1285,layer3.conv1,element,5,"(121, 9, 29)",0,0.0,False,0.86,0.0,False,,247,-28672.0,-112.0,8.0,0.99609375,False,False,1
1286,layer2.conv2,element,3,"(93, 7, 14)",0,0.0,False,0.86,0.0,False,,238,-6144.0,-1536.0,2.0,0.75,False,False,1
1287,layer3.conv2,element,2,"(17, 29, 28)",0,0.0,False,0.86,0.0,False,,246,-24576.0,-12288.0,1.0,0.5,False,False,1
1288,layer3.conv2,element,1,"(91, 16, 5)",0,0.0,False,0.86,0.0,False,,108,4096.0,6144.0,0.5849628448486328,0.5,False,False,1
1289,layer3.conv2,element,6,"(176, 6, 19)",0,0.0,False,0.86,0.0,False,,119,28672.0,0.4375,16.0,0.9999847412109375,False,False,1
1290,layer2.conv2,element,3,"(94, 17, 3)",0,0.0,False,0.86,0.0,False,,107,3584.0,896.0,2.0,0.75,False,False,1
1291,layer2.conv2,element,6,"(14, 16, 23)",1,0.005,True,0.865,-0.0050000000000000044,False,,114,12288.0,0.1875,16.0,0.9999847412109375,False,False,1
1292,layer3.conv1,element,2,"(54, 13, 7)",200,1.0,True,0.0,0.86,True,,250,-49152.0,,inf,inf,False,True,1
1293,layer3.conv2,element,0,"(50, 15, 10)",0,0.0,False,0.86,0.0,False,,246,-24576.0,-28672.0,0.22239208221435547,0.1666666716337204,False,False,1
1294,layer2.conv2,element,6,"(61, 12, 24)",0,0.0,False,0.86,0.0,False,,103,1792.0,0.02734375,16.0,0.9999847412109375,False,False,1
1295,layer3.conv2,element,7,"(99, 32, 3)",0,0.0,False,0.86,0.0,False,,101,1280.0,-1280.0,0.0,2.0,True,False,1
1296,layer1.conv2,element,0,"(28, 6, 27)",0,0.0,False,0.86,0.0,False,,245,-20480.0,-16384.0,0.3219280242919922,0.20000000298023224,False,False,1
1297,layer3.conv2,element,1,"(18, 28, 25)",0,0.0,False,0.86,0.0,False,,242,-12288.0,-8192.0,0.5849628448486328,0.3333333432674408,False,False,1
1298,layer3.conv2,element,0,"(39, 21, 18)",0,0.0,False,0.86,0.0,False,,246,-24576.0,-28672.0,0.22239208221435547,0.1666666716337204,False,False,1
1299,layer1.conv1,element,3,"(34, 6, 25)",2,0.01,True,0.865,-0.0050000000000000044,False,,243,-14336.0,-57344.0,2.0,3.0,False,False,1
1300,layer3.conv2,element,6,"(34, 31, 10)",0,0.0,False,0.86,0.0,False,,115,14336.0,0.21875,16.0,0.9999847412109375,False,False,1
1301,layer2.conv2,element,0,"(33, 16, 15)",1,0.005,True,0.865,-0.0050000000000000044,False,,121,40960.0,32768.0,0.3219280242919922,0.20000000298023224,False,False,1
1302,layer1.conv2,element,4,"(37, 9, 17)",0,0.0,False,0.86,0.0,False,,113,10240.0,640.0,4.0,0.9375,False,False,1
1303,layer1.conv2,element,4,"(28, 6, 15)",1,0.005,True,0.865,-0.0050000000000000044,False,,248,-32768.0,-2048.0,4.0,0.9375,False,False,1
1304,layer3.conv1,element,5,"(163, 5, 17)",0,0.0,False,0.86,0.0,False,,110,6144.0,24.0,8.0,0.99609375,False,False,1
1305,layer3.conv2,element,1,"(35, 19, 25)",0,0.0,False,0.86,0.0,False,,100,1024.0,1536.0,0.5849628448486328,0.5,False,False,1
1306,layer3.conv2,element,2,"(179, 39, 18)",0,0.0,False,0.86,0.0,False,,224,-512.0,-1024.0,1.0,1.0,False,False,1
1307,layer1.conv1,element,5,"(34, 7, 7)",0,0.0,False,0.86,0.0,False,,238,-6144.0,-24.0,8.0,0.99609375,False,False,1
1308,layer3.conv1,element,4,"(116, 1, 7)",0,0.0,False,0.86,0.0,False,,107,3584.0,57344.0,4.0,15.0,False,False,1
1309,layer3.conv2,element,2,"(166, 47, 18)",0,0.0,False,0.86,0.0,False,,236,-4096.0,-2048.0,1.0,0.5,False,False,1
1310,layer3.conv1,element,2,"(66, 5, 21)",200,1.0,True,0.0,0.86,True,,121,40960.0,,inf,inf,False,True,1
1311,layer3.conv1,scale,2,"(181, 24)",2,0.01,True,0.86,0.0,False,,107,107.0,111.0,4.0,inf,False,False,32
1312,layer3.conv1,scale,7,"(4, 14)",170,0.85,True,0.115,0.745,True,,107,107.0,235.0,128.0,inf,False,False,32
1313,layer2.conv1,element,7,"(78, 0, 30)",1,0.005,True,0.865,-0.0050000000000000044,False,,244,-16384.0,16384.0,0.0,2.0,True,False,1
1314,layer3.conv2,element,4,"(183, 20, 9)",200,1.0,True,0.0,0.86,True,,236,-4096.0,-inf,inf,inf,False,True,1
1315,layer3.conv2,element,2,"(170, 32, 20)",0,0.0,False,0.86,0.0,False,,236,-4096.0,-2048.0,1.0,0.5,False,False,1
1316,layer3.conv2,element,4,"(30, 2, 29)",0,0.0,False,0.86,0.0,False,,247,-28672.0,-1792.0,4.0,0.9375,False,False,1
1317,layer3.conv2,element,1,"(21, 18, 9)",0,0.0,False,0.86,0.0,False,,245,-20480.0,-28672.0,0.4854269027709961,0.4000000059604645,False,False,1
1318,layer3.conv2,element,6,"(57, 40, 24)",1,0.005,True,0.865,-0.0050000000000000044,False,,241,-10240.0,-0.15625,16.0,0.9999847412109375,False,False,1
1319,layer3.conv1,element,5,"(147, 18, 14)",0,0.0,False,0.86,0.0,False,,110,6144.0,24.0,8.0,0.99609375,False,False,1
1320,layer3.conv2,element,0,"(52, 19, 16)",0,0.0,False,0.86,0.0,False,,112,8192.0,10240.0,0.3219280242919922,0.25,False,False,1
1321,layer3.conv2,element,3,"(111, 0, 10)",0,0.0,False,0.86,0.0,False,,236,-4096.0,-1024.0,2.0,0.75,False,False,1
1322,layer3.conv2,element,5,"(58, 38, 23)",0,0.0,False,0.86,0.0,False,,234,-3072.0,-12.0,8.0,0.99609375,False,False,1
1323,layer3.conv2,element,0,"(162, 48, 26)",0,0.0,False,0.86,0.0,False,,119,28672.0,24576.0,0.22239208221435547,0.1428571492433548,False,False,1
1324,layer3.conv1,element,5,"(96, 18, 5)",0,0.0,False,0.86,0.0,False,,117,20480.0,80.0,8.0,0.99609375,False,False,1
1325,layer2.conv1,element,6,"(40, 3, 19)",0,0.0,False,0.86,0.0,False,,116,16384.0,0.25,16.0,0.9999847412109375,False,False,1
1326,layer3.conv1,element,4,"(43, 25, 16)",0,0.0,False,0.86,0.0,False,,243,-14336.0,-896.0,4.0,0.9375,False,False,1
1327,layer2.conv2,element,7,"(29, 11, 14)",0,0.0,False,0.86,0.0,False,,234,-3072.0,3072.0,0.0,2.0,True,False,1
1328,layer2.conv1,element,7,"(8, 3, 15)",1,0.005,True,0.865,-0.0050000000000000044,False,,115,14336.0,-14336.0,0.0,2.0,True,False,1
1329,layer2.conv2,element,0,"(81, 22, 1)",0,0.0,False,0.86,0.0,False,,218,-192.0,-224.0,0.22239255905151367,0.1666666716337204,False,False,1
1330,layer3.conv2,element,2,"(65, 18, 16)",0,0.0,False,0.86,0.0,False,,117,20480.0,10240.0,1.0,0.5,False,False,1
1331,layer2.conv1,element,2,"(48, 11, 27)",1,0.005,True,0.865,-0.0050000000000000044,False,,114,12288.0,24576.0,1.0,1.0,False,False,1
1332,layer3.conv2,element,1,"(182, 52, 1)",0,0.0,False,0.86,0.0,False,,115,14336.0,10240.0,0.4854269027709961,0.2857142984867096,False,False,1
1333,layer3.conv2,element,6,"(27, 51, 17)",0,0.0,False,0.86,0.0,False,,115,14336.0,0.21875,16.0,0.9999847412109375,False,False,1
1334,layer3.conv2,element,3,"(82, 49, 0)",200,1.0,True,0.0,0.86,True,,118,24576.0,,inf,inf,False,True,1
1335,layer1.conv1,element,0,"(32, 3, 29)",1,0.005,True,0.865,-0.0050000000000000044,False,,115,14336.0,12288.0,0.22239208221435547,0.1428571492433548,False,False,1
1336,layer2.conv1,element,5,"(5, 5, 16)",0,0.0,False,0.86,0.0,False,,245,-20480.0,-80.0,8.0,0.99609375,False,False,1
1337,layer3.conv2,element,2,"(11, 39, 21)",200,1.0,True,0.0,0.86,True,,248,-32768.0,-inf,inf,inf,False,True,1
1338,layer3.conv2,element,7,"(84, 35, 24)",0,0.0,False,0.86,0.0,False,,113,10240.0,-10240.0,0.0,2.0,True,False,1
1339,layer2.conv2,scale,3,"(24, 1)",1,0.005,True,0.865,-0.0050000000000000044,False,,109,109.0,101.0,8.0,inf,False,False,32
1340,layer3.conv1,element,0,"(0, 3, 18)",0,0.0,False,0.86,0.0,False,,115,14336.0,12288.0,0.22239208221435547,0.1428571492433548,False,False,1
1341,layer2.conv1,element,0,"(89, 5, 14)",0,0.0,False,0.86,0.0,False,,104,2048.0,2560.0,0.3219280242919922,0.25,False,False,1
1342,layer3.conv2,element,5,"(12, 38, 30)",1,0.005,True,0.865,-0.0050000000000000044,False,,122,49152.0,192.0,8.0,0.99609375,False,False,1
1343,layer3.conv2,element,1,"(25, 44, 3)",0,0.0,False,0.86,0.0,False,,108,4096.0,6144.0,0.5849628448486328,0.5,False,False,1
1344,layer3.conv2,element,1,"(47, 0, 13)",0,0.0,False,0.86,0.0,False,,242,-12288.0,-8192.0,0.5849628448486328,0.3333333432674408,False,False,1
1345,layer3.conv2,element,0,"(121, 17, 28)",0,0.0,False,0.86,0.0,False,,244,-16384.0,-20480.0,0.3219280242919922,0.25,False,False,1
1346,layer3.conv2,element,1,"(6, 45, 20)",0,0.0,False,0.86,0.0,False,,241,-10240.0,-14336.0,0.4854269027709961,0.4000000059604645,False,False,1
1347,layer3.conv1,element,5,"(7, 8, 13)",0,0.0,False,0.86,0.0,False,,240,-8192.0,-32.0,8.0,0.99609375,False,False,1
1348,layer3.conv2,element,5,"(3, 38, 24)",0,0.0,False,0.86,0.0,False,,248,-32768.0,-128.0,8.0,0.99609375,False,False,1
1349,layer2.conv2,element,3,"(52, 14, 25)",200,1.0,True,0.0,0.86,True,,244,-16384.0,-inf,inf,inf,False,True,1
1350,layer3.conv2,element,4,"(75, 45, 12)",0,0.0,False,0.86,0.0,False,,246,-24576.0,-1536.0,4.0,0.9375,False,False,1
1351,layer3.conv1,element,4,"(95, 18, 6)",0,0.0,False,0.86,0.0,False,,116,16384.0,1024.0,4.0,0.9375,False,False,1
1352,layer3.conv2,element,5,"(1, 32, 30)",0,0.0,False,0.86,0.0,False,,112,8192.0,32.0,8.0,0.99609375,False,False,1
1353,layer2.conv2,element,6,"(79, 26, 29)",1,0.005,True,0.865,-0.0050000000000000044,False,,122,49152.0,0.75,16.0,0.9999847412109375,False,False,1
1354,layer3.conv2,element,1,"(188, 42, 23)",0,0.0,False,0.86,0.0,False,,114,12288.0,8192.0,0.5849628448486328,0.3333333432674408,False,False,1
1355,layer3.conv2,element,7,"(136, 38, 15)",0,0.0,False,0.86,0.0,False,,119,28672.0,-28672.0,0.0,2.0,True,False,1
1356,layer3.conv2,element,3,"(53, 13, 13)",0,0.0,False,0.86,0.0,False,,248,-32768.0,-8192.0,2.0,0.75,False,False,1
1357,layer3.shortcut.0,element,3,"(28, 2, 25)",0,0.0,False,0.86,0.0,False,,235,-3584.0,-896.0,2.0,0.75,False,False,1
1358,layer3.conv2,element,2,"(8, 27, 15)",0,0.0,False,0.86,0.0,False,,116,16384.0,8192.0,1.0,0.5,False,False,1
1359,layer3.conv2,element,7,"(127, 17, 11)",0,0.0,False,0.86,0.0,False,,120,32768.0,-32768.0,0.0,2.0,True,False,1
1360,layer3.conv1,element,3,"(36, 7, 11)",0,0.0,False,0.86,0.0,False,,107,3584.0,896.0,2.0,0.75,False,False,1
1361,layer3.conv2,element,3,"(14, 12, 17)",200,1.0,True,0.0,0.86,True,,117,20480.0,,inf,inf,False,True,1
1362,layer3.conv2,element,7,"(46, 26, 15)",0,0.0,False,0.86,0.0,False,,243,-14336.0,14336.0,0.0,2.0,True,False,1
1363,layer2.conv1,element,2,"(48, 11, 8)",0,0.0,False,0.86,0.0,False,,234,-3072.0,-6144.0,1.0,1.0,False,False,1
1364,layer2.conv2,element,2,"(75, 17, 11)",0,0.0,False,0.86,0.0,False,,226,-768.0,-1536.0,1.0,1.0,False,False,1
1365,layer2.conv2,element,7,"(58, 25, 28)",0,0.0,False,0.86,0.0,False,,249,-40960.0,40960.0,0.0,2.0,True,False,1
1366,layer2.conv2,element,2,"(16, 1, 1)",0,0.0,False,0.86,0.0,False,,117,20480.0,10240.0,1.0,0.5,False,False,1
1367,layer3.conv2,element,6,"(185, 46, 0)",0,0.0,False,0.86,0.0,False,,240,-8192.0,-0.125,16.0,0.9999847412109375,False,False,1
1368,layer2.conv1,element,2,"(26, 10, 26)",200,1.0,True,0.0,0.86,True,,120,32768.0,inf,inf,inf,False,True,1
1369,layer1.conv2,element,0,"(19, 6, 29)",0,0.0,False,0.86,0.0,False,,240,-8192.0,-10240.0,0.3219280242919922,0.25,False,False,1
1370,layer3.conv1,element,7,"(3, 1, 5)",1,0.005,True,0.865,-0.0050000000000000044,False,,113,10240.0,-10240.0,0.0,2.0,True,False,1
1371,layer3.conv2,element,5,"(23, 8, 13)",0,0.0,False,0.86,0.0,False,,244,-16384.0,-64.0,8.0,0.99609375,False,False,1
1372,layer2.conv2,scale,6,"(77, 9)",2,0.01,True,0.87,-0.010000000000000009,False,,109,109.0,45.0,64.0,inf,False,False,32
1373,layer3.conv2,element,3,"(185, 26, 18)",200,1.0,True,0.0,0.86,True,,117,20480.0,,inf,inf,False,True,1
1374,layer3.conv2,element,1,"(67, 24, 7)",0,0.0,False,0.86,0.0,False,,248,-32768.0,-49152.0,0.5849628448486328,0.5,False,False,1
1375,layer3.conv2,element,1,"(104, 2, 18)",0,0.0,False,0.86,0.0,False,,102,1536.0,1024.0,0.5849628448486328,0.3333333432674408,False,False,1
1376,layer3.conv2,element,1,"(71, 51, 24)",0,0.0,False,0.86,0.0,False,,114,12288.0,8192.0,0.5849628448486328,0.3333333432674408,False,False,1
1377,layer3.conv1,element,3,"(110, 14, 4)",1,0.005,True,0.865,-0.0050000000000000044,False,,110,6144.0,1536.0,2.0,0.75,False,False,1
1378,layer2.conv1,element,4,"(11, 3, 10)",1,0.005,True,0.865,-0.0050000000000000044,False,,244,-16384.0,-1024.0,4.0,0.9375,False,False,1
1379,layer3.conv2,element,7,"(18, 31, 11)",1,0.005,True,0.865,-0.0050000000000000044,False,,240,-8192.0,8192.0,0.0,2.0,True,False,1
1380,layer3.conv2,element,1,"(69, 13, 23)",0,0.0,False,0.86,0.0,False,,248,-32768.0,-49152.0,0.5849628448486328,0.5,False,False,1
1381,layer3.conv1,element,5,"(154, 21, 7)",0,0.0,False,0.86,0.0,False,,108,4096.0,16.0,8.0,0.99609375,False,False,1
1382,layer3.conv2,element,2,"(114, 47, 12)",0,0.0,False,0.86,0.0,False,,103,1792.0,896.0,1.0,0.5,False,False,1
1383,layer3.conv1,element,0,"(42, 9, 15)",0,0.0,False,0.86,0.0,False,,245,-20480.0,-16384.0,0.3219280242919922,0.20000000298023224,False,False,1
1384,layer2.conv2,element,6,"(74, 13, 15)",0,0.0,False,0.86,0.0,False,,110,6144.0,0.09375,16.0,0.9999847412109375,False,False,1
1385,layer2.conv1,element,6,"(46, 6, 29)",1,0.005,True,0.865,-0.0050000000000000044,False,,119,28672.0,0.4375,16.0,0.9999847412109375,False,False,1
1386,layer3.conv1,element,6,"(52, 11, 24)",0,0.0,False,0.86,0.0,False,,121,40960.0,0.625,16.0,0.9999847412109375,False,False,1
1387,layer3.conv2,element,2,"(78, 48, 1)",200,1.0,True,0.0,0.86,True,,122,49152.0,,inf,inf,False,True,1
1388,layer3.conv2,element,0,"(178, 11, 22)",0,0.0,False,0.86,0.0,False,,240,-8192.0,-10240.0,0.3219280242919922,0.25,False,False,1
1389,layer3.conv1,element,1,"(37, 6, 8)",0,0.0,False,0.86,0.0,False,,246,-24576.0,-16384.0,0.5849628448486328,0.3333333432674408,False,False,1
1390,layer3.conv1,element,5,"(70, 14, 2)",0,0.0,False,0.86,0.0,False,,109,5120.0,20.0,8.0,0.99609375,False,False,1
1391,layer2.conv1,element,4,"(57, 11, 25)",200,1.0,True,0.0,0.86,True,,237,-5120.0,,inf,inf,False,True,1
1392,layer3.conv1,scale,6,"(165, 24)",1,0.005,True,0.865,-0.0050000000000000044,False,,108,108.0,44.0,64.0,inf,False,False,32
1393,layer3.conv2,element,2,"(78, 14, 19)",1,0.005,True,0.865,-0.0050000000000000044,False,,117,20480.0,10240.0,1.0,0.5,False,False,1
1394,layer2.conv2,element,6,"(95, 18, 21)",0,0.0,False,0.86,0.0,False,,237,-5120.0,-0.078125,16.0,0.9999847412109375,False,False,1
1395,layer3.conv2,element,3,"(159, 15, 8)",200,1.0,True,0.0,0.86,True,,118,24576.0,,inf,inf,False,True,1
1396,layer3.conv2,element,1,"(27, 16, 21)",0,0.0,False,0.86,0.0,False,,243,-14336.0,-10240.0,0.4854269027709961,0.2857142984867096,False,False,1
1397,layer3.conv2,element,0,"(31, 34, 9)",0,0.0,False,0.86,0.0,False,,237,-5120.0,-4096.0,0.3219280242919922,0.20000000298023224,False,False,1
1398,layer3.conv2,element,1,"(89, 16, 19)",0,0.0,False,0.86,0.0,False,,248,-32768.0,-49152.0,0.5849628448486328,0.5,False,False,1
1399,layer2.conv1,element,4,"(50, 2, 9)",1,0.005,True,0.865,-0.0050000000000000044,False,,120,32768.0,2048.0,4.0,0.9375,False,False,1
1400,layer1.conv1,element,6,"(23, 4, 10)",0,0.0,False,0.86,0.0,False,,242,-12288.0,-0.1875,16.0,0.9999847412109375,False,False,1
1401,layer3.conv1,element,7,"(117, 13, 17)",1,0.005,True,0.865,-0.0050000000000000044,False,,122,49152.0,-49152.0,0.0,2.0,True,False,1
1402,layer2.conv1,element,7,"(74, 1, 21)",0,0.0,False,0.86,0.0,False,,234,-3072.0,3072.0,0.0,2.0,True,False,1
1403,layer3.conv2,element,1,"(147, 4, 26)",0,0.0,False,0.86,0.0,False,,120,32768.0,49152.0,0.5849628448486328,0.5,False,False,1
1404,layer3.conv1,element,1,"(52, 23, 8)",0,0.0,False,0.86,0.0,False,,111,7168.0,5120.0,0.4854269027709961,0.2857142984867096,False,False,1
1405,layer3.conv2,element,7,"(8, 52, 16)",0,0.0,False,0.86,0.0,False,,113,10240.0,-10240.0,0.0,2.0,True,False,1
1406,layer1.conv1,element,2,"(32, 2, 31)",1,0.005,True,0.865,-0.0050000000000000044,False,,246,-24576.0,-12288.0,1.0,0.5,False,False,1
1407,layer3.conv2,element,3,"(160, 26, 1)",0,0.0,False,0.86,0.0,False,,241,-10240.0,-40960.0,2.0,3.0,False,False,1
1408,layer3.conv2,element,6,"(35, 4, 2)",0,0.0,False,0.86,0.0,False,,113,10240.0,0.15625,16.0,0.9999847412109375,False,False,1
1409,layer2.conv1,element,5,"(27, 6, 13)",0,0.0,False,0.86,0.0,False,,100,1024.0,4.0,8.0,0.99609375,False,False,1
1410,layer3.conv1,element,1,"(75, 17, 26)",0,0.0,False,0.86,0.0,False,,243,-14336.0,-10240.0,0.4854269027709961,0.2857142984867096,False,False,1
1411,layer1.conv2,element,2,"(13, 1, 30)",0,0.0,False,0.86,0.0,False,,241,-10240.0,-20480.0,1.0,1.0,False,False,1
1412,layer3.conv1,element,2,"(137, 15, 28)",1,0.005,True,0.865,-0.0050000000000000044,False,,237,-5120.0,-2560.0,1.0,0.5,False,False,1
1413,layer1.conv2,element,1,"(39, 11, 6)",0,0.0,False,0.86,0.0,False,,232,-2048.0,-3072.0,0.5849628448486328,0.5,False,False,1
1414,layer1.conv2,element,0,"(45, 8, 12)",1,0.005,True,0.865,-0.0050000000000000044,False,,119,28672.0,24576.0,0.22239208221435547,0.1428571492433548,False,False,1
1415,layer3.conv1,scale,5,"(10, 17)",1,0.005,True,0.865,-0.0050000000000000044,False,,107,107.0,75.0,32.0,inf,False,False,32
1416,layer2.conv2,element,3,"(35, 10, 31)",200,1.0,True,0.0,0.86,True,,119,28672.0,,inf,inf,False,True,1
1417,layer3.conv2,element,2,"(110, 40, 31)",0,0.0,False,0.86,0.0,False,,242,-12288.0,-24576.0,1.0,1.0,False,False,1
1418,layer3.conv2,element,2,"(59, 47, 21)",0,0.0,False,0.86,0.0,False,,115,14336.0,28672.0,1.0,1.0,False,False,1
1419,layer3.conv2,element,7,"(186, 46, 27)",0,0.0,False,0.86,0.0,False,,243,-14336.0,14336.0,0.0,2.0,True,False,1
1420,layer3.shortcut.0,element,1,"(178, 0, 30)",0,0.0,False,0.86,0.0,False,,231,-1792.0,-1280.0,0.4854269027709961,0.2857142984867096,False,False,1
1421,layer3.conv2,element,1,"(135, 27, 10)",0,0.0,False,0.86,0.0,False,,118,24576.0,16384.0,0.5849628448486328,0.3333333432674408,False,False,1
1422,layer2.conv1,element,1,"(48, 9, 21)",1,0.005,True,0.865,-0.0050000000000000044,False,,116,16384.0,24576.0,0.5849628448486328,0.5,False,False,1
1423,layer2.conv1,element,0,"(31, 3, 13)",0,0.0,False,0.86,0.0,False,,251,-57344.0,-49152.0,0.22239208221435547,0.1428571492433548,False,False,1
1424,conv1,element,5,"(33, 0, 1)",0,0.0,False,0.86,0.0,False,,237,-5120.0,-20.0,8.0,0.99609375,False,False,1
1425,layer3.conv2,element,7,"(174, 49, 23)",0,0.0,False,0.86,0.0,False,,121,40960.0,-40960.0,0.0,2.0,True,False,1
1426,layer1.conv2,element,4,"(47, 2, 30)",0,0.0,False,0.86,0.0,False,,121,40960.0,2560.0,4.0,0.9375,False,False,1
1427,layer2.conv1,element,7,"(16, 11, 12)",0,0.0,False,0.86,0.0,False,,120,32768.0,-32768.0,0.0,2.0,True,False,1
1428,layer3.conv1,element,0,"(33, 9, 29)",0,0.0,False,0.86,0.0,False,,240,-8192.0,-10240.0,0.3219280242919922,0.25,False,False,1
1429,layer3.conv1,element,6,"(165, 23, 5)",0,0.0,False,0.86,0.0,False,,116,16384.0,0.25,16.0,0.9999847412109375,False,False,1
1430,layer3.conv2,element,5,"(60, 48, 10)",0,0.0,False,0.86,0.0,False,,111,7168.0,28.0,8.0,0.99609375,False,False,1
1431,layer3.conv1,element,0,"(78, 15, 17)",0,0.0,False,0.86,0.0,False,,120,32768.0,40960.0,0.3219280242919922,0.25,False,False,1
1432,layer3.conv1,element,1,"(152, 10, 10)",1,0.005,True,0.865,-0.0050000000000000044,False,,245,-20480.0,-28672.0,0.4854269027709961,0.4000000059604645,False,False,1
1433,layer3.conv2,element,0,"(40, 28, 25)",0,0.0,False,0.86,0.0,False,,123,57344.0,49152.0,0.22239208221435547,0.1428571492433548,False,False,1
1434,layer3.conv2,element,4,"(91, 52, 26)",200,1.0,True,0.0,0.86,True,,110,6144.0,,inf,inf,False,True,1
1435,layer3.conv2,element,7,"(154, 38, 31)",1,0.005,True,0.865,-0.0050000000000000044,False,,246,-24576.0,24576.0,0.0,2.0,True,False,1
1436,layer3.conv2,element,7,"(116, 41, 26)",0,0.0,False,0.86,0.0,False,,121,40960.0,-40960.0,0.0,2.0,True,False,1
1437,layer3.conv2,element,7,"(45, 40, 4)",0,0.0,False,0.86,0.0,False,,109,5120.0,-5120.0,0.0,2.0,True,False,1
1438,layer3.conv2,element,5,"(74, 48, 19)",0,0.0,False,0.86,0.0,False,,119,28672.0,112.0,8.0,0.99609375,False,False,1
1439,layer3.conv2,element,2,"(5, 35, 19)",0,0.0,False,0.86,0.0,False,,108,4096.0,2048.0,1.0,0.5,False,False,1
1440,layer1.conv2,element,3,"(42, 3, 9)",200,1.0,True,0.0,0.86,True,,116,16384.0,inf,inf,inf,False,True,1
1441,layer3.shortcut.0,element,6,"(139, 1, 20)",1,0.005,True,0.865,-0.0050000000000000044,False,,109,5120.0,0.078125,16.0,0.9999847412109375,False,False,1
1442,layer3.conv2,element,5,"(61, 23, 10)",0,0.0,False,0.86,0.0,False,,242,-12288.0,-48.0,8.0,0.99609375,False,False,1
1443,layer2.conv2,element,5,"(63, 20, 14)",0,0.0,False,0.86,0.0,False,,237,-5120.0,-20.0,8.0,0.99609375,False,False,1
1444,layer1.conv1,element,7,"(12, 9, 0)",0,0.0,False,0.86,0.0,False,,105,2560.0,-2560.0,0.0,2.0,True,False,1
1445,layer3.conv2,element,5,"(41, 46, 12)",0,0.0,False,0.86,0.0,False,,243,-14336.0,-56.0,8.0,0.99609375,False,False,1
1446,layer3.conv2,element,2,"(156, 40, 15)",0,0.0,False,0.86,0.0,False,,237,-5120.0,-2560.0,1.0,0.5,False,False,1
1447,layer3.conv1,element,2,"(109, 13, 11)",0,0.0,False,0.86,0.0,False,,244,-16384.0,-8192.0,1.0,0.5,False,False,1
1448,layer2.conv2,element,3,"(55, 10, 11)",200,1.0,True,0.0,0.86,True,,247,-28672.0,,inf,inf,False,True,1
1449,layer1.conv2,element,1,"(27, 7, 18)",0,0.0,False,0.86,0.0,False,,83,56.0,40.0,0.4854269027709961,0.2857142984867096,False,False,1
1450,layer3.conv2,element,4,"(142, 40, 2)",1,0.005,True,0.865,-0.0050000000000000044,False,,249,-40960.0,-2560.0,4.0,0.9375,False,False,1
1451,layer3.conv2,element,3,"(56, 42, 3)",0,0.0,False,0.86,0.0,False,,122,49152.0,12288.0,2.0,0.75,False,False,1
1452,layer2.conv1,element,4,"(46, 12, 5)",0,0.0,False,0.86,0.0,False,,240,-8192.0,-512.0,4.0,0.9375,False,False,1
1453,layer3.conv2,element,2,"(124, 42, 6)",0,0.0,False,0.86,0.0,False,,246,-24576.0,-12288.0,1.0,0.5,False,False,1
1454,layer3.conv1,element,5,"(61, 24, 26)",1,0.005,True,0.865,-0.0050000000000000044,False,,249,-40960.0,-160.0,8.0,0.99609375,False,False,1
1455,layer3.conv1,element,2,"(119, 14, 25)",0,0.0,False,0.86,0.0,False,,235,-3584.0,-7168.0,1.0,1.0,False,False,1
1456,layer3.conv2,element,7,"(68, 24, 17)",0,0.0,False,0.86,0.0,False,,238,-6144.0,6144.0,0.0,2.0,True,False,1
1457,layer3.conv2,element,1,"(62, 53, 4)",0,0.0,False,0.86,0.0,False,,245,-20480.0,-28672.0,0.4854269027709961,0.4000000059604645,False,False,1
1458,layer3.shortcut.0,element,2,"(184, 0, 25)",0,0.0,False,0.86,0.0,False,,229,-1280.0,-640.0,1.0,0.5,False,False,1
1459,fc,element,1,"(2, 0, 18)",0,0.0,False,0.86,0.0,False,,109,5120.0,7168.0,0.4854269027709961,0.4000000059604645,False,False,1
1460,layer3.conv2,element,5,"(180, 26, 22)",1,0.005,True,0.865,-0.0050000000000000044,False,,121,40960.0,160.0,8.0,0.99609375,False,False,1
1461,layer3.conv2,element,2,"(50, 5, 21)",0,0.0,False,0.86,0.0,False,,116,16384.0,8192.0,1.0,0.5,False,False,1
1462,layer3.conv1,element,5,"(31, 0, 4)",0,0.0,False,0.86,0.0,False,,241,-10240.0,-40.0,8.0,0.99609375,False,False,1
1463,layer2.conv2,element,5,"(76, 24, 27)",0,0.0,False,0.86,0.0,False,,117,20480.0,80.0,8.0,0.99609375,False,False,1
1464,layer3.conv2,element,0,"(136, 38, 31)",0,0.0,False,0.86,0.0,False,,245,-20480.0,-16384.0,0.3219280242919922,0.20000000298023224,False,False,1
1465,layer3.conv2,element,0,"(19, 33, 4)",1,0.005,True,0.865,-0.0050000000000000044,False,,116,16384.0,20480.0,0.3219280242919922,0.25,False,False,1
1466,layer3.conv1,element,7,"(108, 8, 14)",0,0.0,False,0.86,0.0,False,,110,6144.0,-6144.0,0.0,2.0,True,False,1
1467,layer3.conv2,element,2,"(82, 34, 19)",0,0.0,False,0.86,0.0,False,,242,-12288.0,-24576.0,1.0,1.0,False,False,1
1468,layer3.conv1,element,7,"(104, 19, 20)",0,0.0,False,0.86,0.0,False,,243,-14336.0,14336.0,0.0,2.0,True,False,1
1469,layer2.conv1,element,0,"(95, 9, 20)",1,0.005,True,0.865,-0.0050000000000000044,False,,251,-57344.0,-49152.0,0.22239208221435547,0.1428571492433548,False,False,1
1470,layer3.conv2,element,5,"(112, 24, 13)",0,0.0,False,0.86,0.0,False,,228,-1024.0,-4.0,8.0,0.99609375,False,False,1
1471,layer3.conv2,element,6,"(90, 8, 13)",1,0.005,True,0.865,-0.0050000000000000044,False,,242,-12288.0,-0.1875,16.0,0.9999847412109375,False,False,1
1472,layer3.conv2,element,6,"(1, 12, 29)",0,0.0,False,0.86,0.0,False,,240,-8192.0,-0.125,16.0,0.9999847412109375,False,False,1
1473,layer2.conv2,element,7,"(29, 25, 22)",1,0.005,True,0.865,-0.0050000000000000044,False,,244,-16384.0,16384.0,0.0,2.0,True,False,1
1474,layer3.conv1,element,2,"(109, 11, 30)",0,0.0,False,0.86,0.0,False,,237,-5120.0,-2560.0,1.0,0.5,False,False,1
1475,layer3.conv1,scale,5,"(61, 13)",1,0.005,True,0.865,-0.0050000000000000044,False,,107,107.0,75.0,32.0,inf,False,False,32
1476,layer2.conv2,element,7,"(18, 10, 19)",1,0.005,True,0.865,-0.0050000000000000044,False,,123,57344.0,-57344.0,0.0,2.0,True,False,1
1477,layer3.conv2,element,2,"(144, 31, 23)",0,0.0,False,0.86,0.0,False,,114,12288.0,24576.0,1.0,1.0,False,False,1
1478,layer3.conv1,element,2,"(70, 17, 2)",0,0.0,False,0.86,0.0,False,,246,-24576.0,-12288.0,1.0,0.5,False,False,1
1479,layer3.conv2,element,4,"(83, 21, 20)",0,0.0,False,0.86,0.0,False,,116,16384.0,1024.0,4.0,0.9375,False,False,1
1480,layer3.conv1,element,2,"(153, 21, 7)",0,0.0,False,0.86,0.0,False,,237,-5120.0,-2560.0,1.0,0.5,False,False,1
1481,layer3.conv2,element,3,"(89, 35, 25)",200,1.0,True,0.0,0.86,True,,245,-20480.0,,inf,inf,False,True,1
1482,layer3.conv2,element,3,"(149, 33, 29)",1,0.005,True,0.865,-0.0050000000000000044,False,,121,40960.0,10240.0,2.0,0.75,False,False,1
1483,layer3.conv2,element,4,"(8, 16, 17)",1,0.005,True,0.865,-0.0050000000000000044,False,,121,40960.0,2560.0,4.0,0.9375,False,False,1
1484,layer3.conv2,element,4,"(86, 4, 6)",0,0.0,False,0.86,0.0,False,,245,-20480.0,-1280.0,4.0,0.9375,False,False,1
1485,layer1.conv2,element,6,"(15, 2, 7)",0,0.0,False,0.86,0.0,False,,234,-3072.0,-0.046875,16.0,0.9999847412109375,False,False,1
1486,layer2.shortcut.0,element,4,"(8, 1, 9)",3,0.015,True,0.87,-0.010000000000000009,False,,249,-40960.0,-2560.0,4.0,0.9375,False,False,1
1487,layer3.conv2,element,4,"(128, 41, 30)",0,0.0,False,0.86,0.0,False,,249,-40960.0,-2560.0,4.0,0.9375,False,False,1
1488,layer2.conv2,element,2,"(53, 3, 11)",0,0.0,False,0.86,0.0,False,,242,-12288.0,-24576.0,1.0,1.0,False,False,1
1489,layer3.conv2,element,1,"(151, 24, 26)",0,0.0,False,0.86,0.0,False,,247,-28672.0,-20480.0,0.4854269027709961,0.2857142984867096,False,False,1
1490,layer3.conv2,element,7,"(3, 28, 13)",1,0.005,True,0.865,-0.0050000000000000044,False,,123,57344.0,-57344.0,0.0,2.0,True,False,1
1491,layer3.conv1,element,2,"(146, 20, 7)",200,1.0,True,0.0,0.86,True,,248,-32768.0,-inf,inf,inf,False,True,1
1492,layer3.conv2,scale,6,"(147, 26)",0,0.0,False,0.86,0.0,False,,110,110.0,46.0,64.0,inf,False,False,32
1493,layer3.conv2,element,4,"(0, 32, 31)",1,0.005,True,0.865,-0.0050000000000000044,False,,248,-32768.0,-2048.0,4.0,0.9375,False,False,1
1494,layer3.conv2,element,5,"(110, 13, 23)",0,0.0,False,0.86,0.0,False,,245,-20480.0,-80.0,8.0,0.99609375,False,False,1
1495,layer3.conv2,element,4,"(85, 35, 27)",0,0.0,False,0.86,0.0,False,,101,1280.0,20480.0,4.0,15.0,False,False,1
1496,layer3.conv1,element,4,"(116, 7, 15)",1,0.005,True,0.865,-0.0050000000000000044,False,,246,-24576.0,-1536.0,4.0,0.9375,False,False,1
1497,layer2.conv1,element,1,"(4, 2, 0)",0,0.0,False,0.86,0.0,False,,103,1792.0,1280.0,0.4854269027709961,0.2857142984867096,False,False,1
1498,layer3.conv2,element,5,"(34, 43, 4)",0,0.0,False,0.86,0.0,False,,81,40.0,10240.0,8.0,255.0,False,False,1
1499,layer3.conv2,element,3,"(137, 50, 4)",0,0.0,False,0.86,0.0,False,,115,14336.0,57344.0,2.0,3.0,False,False,1
1500,layer3.conv2,element,5,"(29, 36, 4)",0,0.0,False,0.86,0.0,False,,105,2560.0,10.0,8.0,0.99609375,False,False,1
1501,layer3.conv1,element,6,"(83, 24, 15)",0,0.0,False,0.86,0.0,False,,244,-16384.0,-0.25,16.0,0.9999847412109375,False,False,1
1502,layer3.conv2,element,6,"(5, 53, 9)",0,0.0,False,0.86,0.0,False,,245,-20480.0,-0.3125,16.0,0.9999847412109375,False,False,1
1503,layer3.conv1,element,2,"(111, 22, 22)",0,0.0,False,0.86,0.0,False,,109,5120.0,2560.0,1.0,0.5,False,False,1
1504,layer3.conv2,element,7,"(69, 21, 10)",0,0.0,False,0.86,0.0,False,,231,-1792.0,1792.0,0.0,2.0,True,False,1
1505,layer3.conv2,element,3,"(139, 6, 15)",1,0.005,True,0.865,-0.0050000000000000044,False,,240,-8192.0,-32768.0,2.0,3.0,False,False,1
1506,layer2.conv2,element,7,"(78, 7, 25)",0,0.0,False,0.86,0.0,False,,92,256.0,-256.0,0.0,2.0,True,False,1
1507,layer3.conv2,element,7,"(37, 52, 5)",0,0.0,False,0.86,0.0,False,,238,-6144.0,6144.0,0.0,2.0,True,False,1
1508,layer1.conv1,element,0,"(4, 0, 14)",1,0.005,True,0.865,-0.0050000000000000044,False,,249,-40960.0,-32768.0,0.3219280242919922,0.20000000298023224,False,False,1
1509,layer3.conv1,element,1,"(62, 19, 12)",0,0.0,False,0.86,0.0,False,,110,6144.0,4096.0,0.5849628448486328,0.3333333432674408,False,False,1
1510,layer3.conv1,element,5,"(53, 22, 28)",0,0.0,False,0.86,0.0,False,,245,-20480.0,-80.0,8.0,0.99609375,False,False,1
1511,layer1.conv2,element,6,"(2, 12, 17)",0,0.0,False,0.86,0.0,False,,118,24576.0,0.375,16.0,0.9999847412109375,False,False,1
1512,layer3.conv1,element,2,"(159, 19, 31)",0,0.0,False,0.86,0.0,False,,108,4096.0,2048.0,1.0,0.5,False,False,1
1513,layer3.conv1,element,5,"(81, 14, 6)",0,0.0,False,0.86,0.0,False,,251,-57344.0,-224.0,8.0,0.99609375,False,False,1
1514,layer2.conv2,element,4,"(31, 3, 5)",1,0.005,True,0.865,-0.0050000000000000044,False,,234,-3072.0,-49152.0,4.0,15.0,False,False,1
1515,layer3.conv1,element,5,"(84, 13, 15)",0,0.0,False,0.86,0.0,False,,106,3072.0,12.0,8.0,0.99609375,False,False,1
1516,layer3.conv1,element,0,"(158, 8, 7)",0,0.0,False,0.86,0.0,False,,113,10240.0,8192.0,0.3219280242919922,0.20000000298023224,False,False,1
1517,layer3.conv2,element,3,"(2, 31, 20)",0,0.0,False,0.86,0.0,False,,242,-12288.0,-49152.0,2.0,3.0,False,False,1
1518,layer2.conv2,element,0,"(25, 26, 16)",0,0.0,False,0.86,0.0,False,,240,-8192.0,-10240.0,0.3219280242919922,0.25,False,False,1
1519,layer3.conv1,element,2,"(120, 21, 26)",0,0.0,False,0.86,0.0,False,,117,20480.0,10240.0,1.0,0.5,False,False,1
1520,layer3.conv2,element,6,"(2, 46, 9)",0,0.0,False,0.86,0.0,False,,246,-24576.0,-0.375,16.0,0.9999847412109375,False,False,1
1521,layer3.conv2,element,5,"(90, 19, 13)",0,0.0,False,0.86,0.0,False,,120,32768.0,128.0,8.0,0.99609375,False,False,1
1522,layer3.conv1,element,4,"(166, 23, 28)",0,0.0,False,0.86,0.0,False,,241,-10240.0,-640.0,4.0,0.9375,False,False,1
1523,layer2.conv1,element,6,"(29, 9, 17)",1,0.005,True,0.865,-0.0050000000000000044,False,,238,-6144.0,-0.09375,16.0,0.9999847412109375,False,False,1
1524,layer3.conv1,element,5,"(164, 25, 7)",0,0.0,False,0.86,0.0,False,,232,-2048.0,-8.0,8.0,0.99609375,False,False,1
1525,layer3.conv2,element,1,"(178, 33, 17)",0,0.0,False,0.86,0.0,False,,121,40960.0,57344.0,0.4854269027709961,0.4000000059604645,False,False,1
1526,layer3.conv2,element,0,"(179, 17, 29)",0,0.0,False,0.86,0.0,False,,121,40960.0,32768.0,0.3219280242919922,0.20000000298023224,False,False,1
1527,layer3.conv1,scale,4,"(16, 8)",181,0.905,True,0.105,0.755,False,,108,108.0,124.0,16.0,inf,False,False,32
1528,layer3.conv2,element,5,"(139, 27, 9)",0,0.0,False,0.86,0.0,False,,242,-12288.0,-48.0,8.0,0.99609375,False,False,1
1529,layer2.conv1,element,6,"(51, 13, 5)",0,0.0,False,0.86,0.0,False,,119,28672.0,0.4375,16.0,0.9999847412109375,False,False,1
1530,layer3.conv2,element,3,"(168, 3, 15)",0,0.0,False,0.86,0.0,False,,120,32768.0,8192.0,2.0,0.75,False,False,1
1531,layer3.conv2,element,1,"(162, 22, 10)",0,0.0,False,0.86,0.0,False,,244,-16384.0,-24576.0,0.5849628448486328,0.5,False,False,1
1532,layer3.conv1,element,4,"(35, 25, 27)",0,0.0,False,0.86,0.0,False,,118,24576.0,1536.0,4.0,0.9375,False,False,1
1533,layer2.conv1,element,5,"(76, 6, 14)",1,0.005,True,0.865,-0.0050000000000000044,False,,245,-20480.0,-80.0,8.0,0.99609375,False,False,1
1534,layer3.shortcut.0,element,5,"(80, 2, 20)",0,0.0,False,0.86,0.0,False,,123,57344.0,224.0,8.0,0.99609375,False,False,1
1535,layer3.conv1,element,1,"(174, 14, 20)",0,0.0,False,0.86,0.0,False,,120,32768.0,49152.0,0.5849628448486328,0.5,False,False,1
1536,layer3.conv1,scale,7,"(106, 8)",200,1.0,True,0.0,0.86,True,,107,107.0,235.0,128.0,inf,False,False,32
1537,layer3.conv2,element,2,"(101, 18, 26)",0,0.0,False,0.86,0.0,False,,113,10240.0,20480.0,1.0,1.0,False,False,1
1538,layer3.conv2,element,1,"(2, 15, 7)",0,0.0,False,0.86,0.0,False,,118,24576.0,16384.0,0.5849628448486328,0.3333333432674408,False,False,1
1539,layer3.conv2,element,4,"(93, 27, 22)",0,0.0,False,0.86,0.0,False,,245,-20480.0,-1280.0,4.0,0.9375,False,False,1
1540,layer3.conv1,element,4,"(67, 24, 14)",0,0.0,False,0.86,0.0,False,,246,-24576.0,-1536.0,4.0,0.9375,False,False,1
1541,layer3.conv2,element,6,"(42, 17, 28)",0,0.0,False,0.86,0.0,False,,117,20480.0,0.3125,16.0,0.9999847412109375,False,False,1
1542,layer3.conv2,element,0,"(20, 40, 2)",0,0.0,False,0.86,0.0,False,,234,-3072.0,-3584.0,0.22239208221435547,0.1666666716337204,False,False,1
1543,layer3.conv2,element,7,"(87, 39, 16)",0,0.0,False,0.86,0.0,False,,115,14336.0,-14336.0,0.0,2.0,True,False,1
1544,layer3.conv1,element,6,"(51, 9, 25)",0,0.0,False,0.86,0.0,False,,103,1792.0,0.02734375,16.0,0.9999847412109375,False,False,1
1545,layer2.conv2,element,3,"(81, 0, 29)",1,0.005,True,0.865,-0.0050000000000000044,False,,235,-3584.0,-896.0,2.0,0.75,False,False,1
1546,layer2.conv1,element,5,"(66, 11, 6)",1,0.005,True,0.865,-0.0050000000000000044,False,,238,-6144.0,-24.0,8.0,0.99609375,False,False,1
1547,layer3.conv2,element,1,"(6, 29, 21)",0,0.0,False,0.86,0.0,False,,240,-8192.0,-12288.0,0.5849628448486328,0.5,False,False,1
1548,layer3.conv2,element,0,"(85, 9, 5)",0,0.0,False,0.86,0.0,False,,242,-12288.0,-14336.0,0.22239208221435547,0.1666666716337204,False,False,1
1549,layer2.conv2,element,3,"(22, 25, 18)",1,0.005,True,0.865,-0.0050000000000000044,False,,248,-32768.0,-8192.0,2.0,0.75,False,False,1
1550,layer3.conv2,element,2,"(153, 43, 28)",200,1.0,True,0.0,0.86,True,,251,-57344.0,,inf,inf,False,True,1
1551,layer3.conv2,element,6,"(85, 29, 7)",0,0.0,False,0.86,0.0,False,,116,16384.0,0.25,16.0,0.9999847412109375,False,False,1
1552,layer3.conv2,element,7,"(93, 3, 25)",0,0.0,False,0.86,0.0,False,,107,3584.0,-3584.0,0.0,2.0,True,False,1
1553,layer3.conv2,element,2,"(187, 13, 23)",0,0.0,False,0.86,0.0,False,,113,10240.0,20480.0,1.0,1.0,False,False,1
1554,layer3.conv2,element,2,"(111, 7, 31)",0,0.0,False,0.86,0.0,False,,103,1792.0,896.0,1.0,0.5,False,False,1
1555,layer3.conv2,element,7,"(82, 13, 18)",0,0.0,False,0.86,0.0,False,,108,4096.0,-4096.0,0.0,2.0,True,False,1
1556,layer3.conv2,element,3,"(126, 45, 11)",0,0.0,False,0.86,0.0,False,,243,-14336.0,-57344.0,2.0,3.0,False,False,1
1557,layer3.shortcut.0,element,5,"(15, 0, 16)",0,0.0,False,0.86,0.0,False,,118,24576.0,96.0,8.0,0.99609375,False,False,1
1558,layer3.conv2,element,0,"(8, 36, 13)",0,0.0,False,0.86,0.0,False,,241,-10240.0,-8192.0,0.3219280242919922,0.20000000298023224,False,False,1
1559,layer1.conv1,element,5,"(17, 7, 2)",0,0.0,False,0.86,0.0,False,,117,20480.0,80.0,8.0,0.99609375,False,False,1
1560,layer3.conv1,element,7,"(168, 16, 9)",0,0.0,False,0.86,0.0,False,,123,57344.0,-57344.0,0.0,2.0,True,False,1
1561,layer3.conv2,element,2,"(175, 52, 5)",0,0.0,False,0.86,0.0,False,,236,-4096.0,-2048.0,1.0,0.5,False,False,1
1562,layer2.conv2,scale,2,"(51, 5)",2,0.01,True,0.87,-0.010000000000000009,False,,108,108.0,104.0,4.0,inf,False,False,32
1563,layer3.conv2,element,3,"(17, 1, 30)",0,0.0,False,0.86,0.0,False,,242,-12288.0,-49152.0,2.0,3.0,False,False,1
1564,layer3.conv1,element,2,"(55, 24, 17)",0,0.0,False,0.86,0.0,False,,234,-3072.0,-6144.0,1.0,1.0,False,False,1
1565,layer2.conv2,element,1,"(90, 10, 28)",0,0.0,False,0.86,0.0,False,,118,24576.0,16384.0,0.5849628448486328,0.3333333432674408,False,False,1
1566,layer3.conv2,element,4,"(149, 13, 30)",200,1.0,True,0.0,0.86,True,,109,5120.0,,inf,inf,False,True,1
1567,layer3.conv2,element,5,"(129, 40, 15)",0,0.0,False,0.86,0.0,False,,249,-40960.0,-160.0,8.0,0.99609375,False,False,1
1568,layer3.conv2,element,1,"(149, 10, 18)",0,0.0,False,0.86,0.0,False,,111,7168.0,5120.0,0.4854269027709961,0.2857142984867096,False,False,1
1569,layer3.conv2,element,1,"(43, 38, 22)",0,0.0,False,0.86,0.0,False,,243,-14336.0,-10240.0,0.4854269027709961,0.2857142984867096,False,False,1
1570,layer2.conv1,element,2,"(91, 8, 13)",0,0.0,False,0.86,0.0,False,,116,16384.0,8192.0,1.0,0.5,False,False,1
1571,layer3.conv2,scale,2,"(149, 45)",0,0.0,False,0.86,0.0,False,,110,110.0,106.0,4.0,inf,False,False,32
1572,layer3.conv2,element,4,"(42, 53, 13)",0,0.0,False,0.86,0.0,False,,117,20480.0,1280.0,4.0,0.9375,False,False,1
1573,layer2.conv1,element,0,"(48, 2, 30)",0,0.0,False,0.86,0.0,False,,117,20480.0,16384.0,0.3219280242919922,0.20000000298023224,False,False,1
1574,layer2.conv2,element,2,"(5, 7, 28)",1,0.005,True,0.865,-0.0050000000000000044,False,,119,28672.0,14336.0,1.0,0.5,False,False,1
1575,layer3.conv2,element,1,"(22, 45, 2)",0,0.0,False,0.86,0.0,False,,113,10240.0,14336.0,0.4854269027709961,0.4000000059604645,False,False,1
1576,layer1.conv2,element,7,"(42, 4, 2)",2,0.01,True,0.87,-0.010000000000000009,False,,250,-49152.0,49152.0,0.0,2.0,True,False,1
1577,layer3.shortcut.0,element,1,"(143, 2, 28)",0,0.0,False,0.86,0.0,False,,239,-7168.0,-5120.0,0.4854269027709961,0.2857142984867096,False,False,1
1578,layer3.conv1,element,2,"(164, 17, 15)",0,0.0,False,0.86,0.0,False,,229,-1280.0,-640.0,1.0,0.5,False,False,1
1579,layer3.conv2,element,3,"(54, 3, 24)",200,1.0,True,0.0,0.86,True,,247,-28672.0,,inf,inf,False,True,1
1580,layer3.shortcut.0,element,5,"(1, 2, 20)",0,0.0,False,0.86,0.0,False,,115,14336.0,56.0,8.0,0.99609375,False,False,1
1581,layer3.conv2,element,0,"(53, 25, 6)",0,0.0,False,0.86,0.0,False,,251,-57344.0,-49152.0,0.22239208221435547,0.1428571492433548,False,False,1
1582,layer2.conv2,element,7,"(94, 7, 11)",0,0.0,False,0.86,0.0,False,,237,-5120.0,5120.0,0.0,2.0,True,False,1
1583,layer3.conv1,element,7,"(2, 7, 23)",1,0.005,True,0.865,-0.0050000000000000044,False,,117,20480.0,-20480.0,0.0,2.0,True,False,1
1584,layer3.conv2,element,3,"(116, 36, 22)",200,1.0,True,0.0,0.86,True,,117,20480.0,,inf,inf,False,True,1
1585,layer3.conv2,element,1,"(187, 49, 11)",0,0.0,False,0.86,0.0,False,,241,-10240.0,-14336.0,0.4854269027709961,0.4000000059604645,False,False,1
1586,layer3.conv1,element,1,"(145, 11, 2)",0,0.0,False,0.86,0.0,False,,239,-7168.0,-5120.0,0.4854269027709961,0.2857142984867096,False,False,1
1587,layer3.conv1,element,4,"(3, 2, 27)",0,0.0,False,0.86,0.0,False,,106,3072.0,49152.0,4.0,15.0,False,False,1
1588,layer3.conv1,element,7,"(80, 5, 26)",0,0.0,False,0.86,0.0,False,,249,-40960.0,40960.0,0.0,2.0,True,False,1
1589,fc,element,2,"(6, 2, 29)",0,0.0,False,0.86,0.0,False,,104,2048.0,4096.0,1.0,1.0,False,False,1
1590,layer3.conv2,element,3,"(129, 10, 8)",0,0.0,False,0.86,0.0,False,,231,-1792.0,-7168.0,2.0,3.0,False,False,1
1591,layer3.conv2,element,4,"(99, 25, 30)",0,0.0,False,0.86,0.0,False,,241,-10240.0,-640.0,4.0,0.9375,False,False,1
1592,layer3.conv2,element,3,"(2, 23, 17)",200,1.0,True,0.0,0.86,True,,117,20480.0,,inf,inf,False,True,1
1593,layer3.conv1,element,6,"(17, 23, 2)",0,0.0,False,0.86,0.0,False,,241,-10240.0,-0.15625,16.0,0.9999847412109375,False,False,1
1594,layer3.conv2,element,1,"(109, 28, 13)",0,0.0,False,0.86,0.0,False,,241,-10240.0,-14336.0,0.4854269027709961,0.4000000059604645,False,False,1
1595,layer3.conv2,element,3,"(52, 33, 3)",0,0.0,False,0.86,0.0,False,,123,57344.0,14336.0,2.0,0.75,False,False,1
1596,layer3.conv2,element,1,"(91, 39, 18)",0,0.0,False,0.86,0.0,False,,246,-24576.0,-16384.0,0.5849628448486328,0.3333333432674408,False,False,1
1597,layer3.conv2,element,0,"(57, 26, 20)",0,0.0,False,0.86,0.0,False,,102,1536.0,1792.0,0.22239208221435547,0.1666666716337204,False,False,1
1598,layer3.conv2,element,3,"(64, 8, 22)",1,0.005,True,0.865,-0.0050000000000000044,False,,240,-8192.0,-32768.0,2.0,3.0,False,False,1
1599,layer3.conv1,element,3,"(168, 19, 4)",0,0.0,False,0.86,0.0,False,,121,40960.0,10240.0,2.0,0.75,False,False,1
1600,layer3.conv2,element,6,"(181, 45, 15)",0,0.0,False,0.86,0.0,False,,119,28672.0,0.4375,16.0,0.9999847412109375,False,False,1
1601,layer3.conv1,element,0,"(3, 24, 18)",0,0.0,False,0.86,0.0,False,,238,-6144.0,-7168.0,0.22239208221435547,0.1666666716337204,False,False,1
1602,layer3.conv2,element,7,"(5, 50, 27)",0,0.0,False,0.86,0.0,False,,231,-1792.0,1792.0,0.0,2.0,True,False,1
1603,layer3.conv1,element,1,"(180, 23, 0)",0,0.0,False,0.86,0.0,False,,113,10240.0,14336.0,0.4854269027709961,0.4000000059604645,False,False,1
1604,layer3.shortcut.0,element,6,"(80, 2, 0)",0,0.0,False,0.86,0.0,False,,120,32768.0,0.5,16.0,0.9999847412109375,False,False,1
1605,layer3.conv2,element,1,"(43, 42, 26)",0,0.0,False,0.86,0.0,False,,116,16384.0,24576.0,0.5849628448486328,0.5,False,False,1
1606,layer3.conv1,element,5,"(12, 19, 7)",0,0.0,False,0.86,0.0,False,,244,-16384.0,-64.0,8.0,0.99609375,False,False,1
1607,layer2.conv1,element,2,"(39, 7, 14)",0,0.0,False,0.86,0.0,False,,104,2048.0,4096.0,1.0,1.0,False,False,1
1608,layer2.conv1,element,0,"(81, 10, 16)",0,0.0,False,0.86,0.0,False,,248,-32768.0,-40960.0,0.3219280242919922,0.25,False,False,1
1609,layer3.conv2,element,2,"(165, 8, 26)",0,0.0,False,0.86,0.0,False,,103,1792.0,896.0,1.0,0.5,False,False,1
1610,layer3.conv1,element,0,"(95, 17, 3)",0,0.0,False,0.86,0.0,False,,102,1536.0,1792.0,0.22239208221435547,0.1666666716337204,False,False,1
1611,layer3.conv2,element,2,"(64, 23, 7)",0,0.0,False,0.86,0.0,False,,245,-20480.0,-10240.0,1.0,0.5,False,False,1
1612,layer3.conv1,element,5,"(170, 13, 12)",0,0.0,False,0.86,0.0,False,,251,-57344.0,-224.0,8.0,0.99609375,False,False,1
1613,layer1.conv2,element,1,"(24, 6, 30)",0,0.0,False,0.86,0.0,False,,116,16384.0,24576.0,0.5849628448486328,0.5,False,False,1
1614,layer2.conv2,element,5,"(18, 20, 22)",0,0.0,False,0.86,0.0,False,,105,2560.0,10.0,8.0,0.99609375,False,False,1
1615,layer3.conv2,element,0,"(101, 45, 29)",0,0.0,False,0.86,0.0,False,,99,896.0,768.0,0.22239208221435547,0.1428571492433548,False,False,1
1616,layer2.conv2,element,5,"(18, 11, 6)",0,0.0,False,0.86,0.0,False,,118,24576.0,96.0,8.0,0.99609375,False,False,1
1617,layer3.conv1,element,4,"(43, 2, 7)",0,0.0,False,0.86,0.0,False,,242,-12288.0,-768.0,4.0,0.9375,False,False,1
1618,layer2.conv2,element,0,"(53, 16, 31)",0,0.0,False,0.86,0.0,False,,247,-28672.0,-24576.0,0.22239208221435547,0.1428571492433548,False,False,1
1619,layer2.conv1,element,2,"(31, 6, 18)",0,0.0,False,0.86,0.0,False,,108,4096.0,2048.0,1.0,0.5,False,False,1
1620,layer3.conv2,element,7,"(18, 38, 0)",1,0.005,True,0.865,-0.0050000000000000044,False,,248,-32768.0,32768.0,0.0,2.0,True,False,1
1621,layer1.conv2,element,6,"(30, 7, 22)",0,0.0,False,0.86,0.0,False,,106,3072.0,0.046875,16.0,0.9999847412109375,False,False,1
1622,layer3.conv1,element,0,"(148, 19, 4)",0,0.0,False,0.86,0.0,False,,238,-6144.0,-7168.0,0.22239208221435547,0.1666666716337204,False,False,1
1623,layer2.conv2,element,1,"(23, 11, 19)",0,0.0,False,0.86,0.0,False,,122,49152.0,32768.0,0.5849628448486328,0.3333333432674408,False,False,1
1624,layer2.conv2,element,7,"(69, 21, 15)",0,0.0,False,0.86,0.0,False,,235,-3584.0,3584.0,0.0,2.0,True,False,1
1625,fc,element,4,"(0, 2, 8)",1,0.005,True,0.855,0.0050000000000000044,False,,102,1536.0,24576.0,4.0,15.0,False,False,1
1626,layer3.conv2,element,4,"(38, 2, 30)",200,1.0,True,0.0,0.86,True,,238,-6144.0,,inf,inf,False,True,1
1627,layer3.conv2,scale,7,"(179, 24)",200,1.0,True,0.0,0.86,True,,109,109.0,237.0,128.0,inf,False,False,32
1628,layer3.conv2,element,4,"(78, 3, 1)",0,0.0,False,0.86,0.0,False,,246,-24576.0,-1536.0,4.0,0.9375,False,False,1
1629,layer2.conv1,element,6,"(42, 2, 7)",0,0.0,False,0.86,0.0,False,,240,-8192.0,-0.125,16.0,0.9999847412109375,False,False,1
1630,layer3.conv2,element,4,"(0, 51, 2)",1,0.005,True,0.865,-0.0050000000000000044,False,,244,-16384.0,-1024.0,4.0,0.9375,False,False,1
1631,layer3.conv2,element,6,"(53, 43, 16)",0,0.0,False,0.86,0.0,False,,246,-24576.0,-0.375,16.0,0.9999847412109375,False,False,1
1632,layer2.conv2,element,3,"(27, 1, 15)",0,0.0,False,0.86,0.0,False,,243,-14336.0,-57344.0,2.0,3.0,False,False,1
1633,layer3.conv2,element,0,"(147, 25, 5)",0,0.0,False,0.86,0.0,False,,248,-32768.0,-40960.0,0.3219280242919922,0.25,False,False,1
1634,layer3.conv2,element,7,"(107, 12, 21)",0,0.0,False,0.86,0.0,False,,119,28672.0,-28672.0,0.0,2.0,True,False,1
1635,layer3.conv1,element,4,"(155, 12, 25)",0,0.0,False,0.86,0.0,False,,225,-640.0,-10240.0,4.0,15.0,False,False,1
1636,layer3.conv1,element,6,"(20, 13, 27)",0,0.0,False,0.86,0.0,False,,110,6144.0,0.09375,16.0,0.9999847412109375,False,False,1
1637,layer3.conv2,element,3,"(4, 44, 0)",0,0.0,False,0.86,0.0,False,,248,-32768.0,-8192.0,2.0,0.75,False,False,1
1638,layer3.conv1,element,5,"(56, 23, 9)",0,0.0,False,0.86,0.0,False,,117,20480.0,80.0,8.0,0.99609375,False,False,1
1639,layer3.conv2,element,7,"(179, 21, 6)",0,0.0,False,0.86,0.0,False,,110,6144.0,-6144.0,0.0,2.0,True,False,1
1640,layer3.conv2,element,7,"(174, 16, 8)",0,0.0,False,0.86,0.0,False,,121,40960.0,-40960.0,0.0,2.0,True,False,1
1641,layer3.conv2,element,7,"(177, 27, 30)",0,0.0,False,0.86,0.0,False,,117,20480.0,-20480.0,0.0,2.0,True,False,1
1642,layer2.conv2,element,6,"(54, 2, 11)",0,0.0,False,0.86,0.0,False,,117,20480.0,0.3125,16.0,0.9999847412109375,False,False,1
1643,layer3.conv1,element,2,"(163, 15, 17)",0,0.0,False,0.86,0.0,False,,233,-2560.0,-5120.0,1.0,1.0,False,False,1
1644,layer3.conv2,element,4,"(114, 50, 27)",0,0.0,False,0.86,0.0,False,,244,-16384.0,-1024.0,4.0,0.9375,False,False,1
1645,layer3.conv2,element,6,"(170, 5, 10)",0,0.0,False,0.86,0.0,False,,113,10240.0,0.15625,16.0,0.9999847412109375,False,False,1
1646,layer3.conv1,element,5,"(189, 15, 31)",1,0.005,True,0.865,-0.0050000000000000044,False,,119,28672.0,112.0,8.0,0.99609375,False,False,1
1647,layer3.conv1,element,6,"(91, 6, 18)",0,0.0,False,0.86,0.0,False,,122,49152.0,0.75,16.0,0.9999847412109375,False,False,1
1648,layer3.conv1,element,5,"(100, 7, 10)",0,0.0,False,0.86,0.0,False,,249,-40960.0,-160.0,8.0,0.99609375,False,False,1
1649,layer2.conv1,element,5,"(93, 6, 25)",0,0.0,False,0.86,0.0,False,,116,16384.0,64.0,8.0,0.99609375,False,False,1
1650,layer3.conv2,element,4,"(108, 50, 0)",0,0.0,False,0.86,0.0,False,,241,-10240.0,-640.0,4.0,0.9375,False,False,1
1651,layer2.conv2,element,0,"(21, 26, 30)",0,0.0,False,0.86,0.0,False,,247,-28672.0,-24576.0,0.22239208221435547,0.1428571492433548,False,False,1
1652,layer3.conv2,element,1,"(64, 31, 29)",0,0.0,False,0.86,0.0,False,,111,7168.0,5120.0,0.4854269027709961,0.2857142984867096,False,False,1
1653,layer3.conv2,element,6,"(135, 32, 29)",0,0.0,False,0.86,0.0,False,,111,7168.0,0.109375,16.0,0.9999847412109375,False,False,1
1654,layer3.conv2,scale,5,"(116, 48)",0,0.0,False,0.86,0.0,False,,110,110.0,78.0,32.0,inf,False,False,32
1655,layer3.conv2,element,0,"(74, 24, 24)",0,0.0,False,0.86,0.0,False,,238,-6144.0,-7168.0,0.22239208221435547,0.1666666716337204,False,False,1
1656,layer2.conv1,element,4,"(95, 10, 31)",200,1.0,True,0.0,0.86,True,,239,-7168.0,,inf,inf,False,True,1
1657,layer2.conv1,element,3,"(67, 4, 23)",0,0.0,False,0.86,0.0,False,,251,-57344.0,-14336.0,2.0,0.75,False,False,1
1658,layer2.conv1,element,5,"(65, 9, 0)",0,0.0,False,0.86,0.0,False,,246,-24576.0,-96.0,8.0,0.99609375,False,False,1
1659,layer3.conv2,element,6,"(172, 37, 9)",0,0.0,False,0.86,0.0,False,,237,-5120.0,-0.078125,16.0,0.9999847412109375,False,False,1
1660,layer3.conv2,scale,7,"(67, 39)",200,1.0,True,0.0,0.86,True,,110,110.0,238.0,128.0,inf,False,False,32
1661,layer3.conv2,element,0,"(90, 14, 21)",0,0.0,False,0.86,0.0,False,,243,-14336.0,-12288.0,0.22239208221435547,0.1428571492433548,False,False,1
1662,layer3.conv1,element,7,"(97, 16, 21)",0,0.0,False,0.86,0.0,False,,250,-49152.0,49152.0,0.0,2.0,True,False,1
1663,layer3.conv2,element,4,"(173, 25, 1)",0,0.0,False,0.86,0.0,False,,112,8192.0,512.0,4.0,0.9375,False,False,1
1664,layer3.conv2,element,0,"(175, 33, 4)",0,0.0,False,0.86,0.0,False,,116,16384.0,20480.0,0.3219280242919922,0.25,False,False,1
1665,layer3.conv2,element,5,"(149, 46, 17)",0,0.0,False,0.86,0.0,False,,249,-40960.0,-160.0,8.0,0.99609375,False,False,1
1666,layer3.conv2,element,5,"(171, 51, 22)",0,0.0,False,0.86,0.0,False,,251,-57344.0,-224.0,8.0,0.99609375,False,False,1
1667,layer2.conv2,element,1,"(89, 24, 18)",0,0.0,False,0.86,0.0,False,,102,1536.0,1024.0,0.5849628448486328,0.3333333432674408,False,False,1
1668,layer3.shortcut.0,element,1,"(117, 2, 26)",0,0.0,False,0.86,0.0,False,,120,32768.0,49152.0,0.5849628448486328,0.5,False,False,1
1669,layer2.conv2,element,3,"(40, 17, 30)",200,1.0,True,0.0,0.86,True,,116,16384.0,inf,inf,inf,False,True,1
1670,layer3.conv2,element,3,"(119, 41, 8)",0,0.0,False,0.86,0.0,False,,241,-10240.0,-40960.0,2.0,3.0,False,False,1
1671,layer3.conv2,element,5,"(110, 53, 23)",0,0.0,False,0.86,0.0,False,,242,-12288.0,-48.0,8.0,0.99609375,False,False,1
1672,layer2.conv2,element,3,"(28, 6, 10)",200,1.0,True,0.0,0.86,True,,247,-28672.0,,inf,inf,False,True,1
1673,layer3.conv2,element,6,"(68, 29, 26)",0,0.0,False,0.86,0.0,False,,249,-40960.0,-0.625,16.0,0.9999847412109375,False,False,1
1674,layer3.conv2,element,2,"(182, 18, 17)",0,0.0,False,0.86,0.0,False,,243,-14336.0,-28672.0,1.0,1.0,False,False,1
1675,layer3.shortcut.0,element,1,"(62, 1, 7)",0,0.0,False,0.86,0.0,False,,244,-16384.0,-24576.0,0.5849628448486328,0.5,False,False,1
1676,layer3.conv1,element,4,"(190, 22, 9)",0,0.0,False,0.86,0.0,False,,248,-32768.0,-2048.0,4.0,0.9375,False,False,1
1677,layer2.conv2,element,4,"(84, 22, 4)",0,0.0,False,0.86,0.0,False,,245,-20480.0,-1280.0,4.0,0.9375,False,False,1
1678,layer3.conv2,element,5,"(141, 47, 11)",0,0.0,False,0.86,0.0,False,,112,8192.0,32.0,8.0,0.99609375,False,False,1
1679,layer2.conv2,element,1,"(88, 26, 14)",0,0.0,False,0.86,0.0,False,,103,1792.0,1280.0,0.4854269027709961,0.2857142984867096,False,False,1
1680,layer3.conv2,element,7,"(126, 26, 0)",0,0.0,False,0.86,0.0,False,,240,-8192.0,8192.0,0.0,2.0,True,False,1
1681,layer2.conv2,element,2,"(71, 10, 21)",0,0.0,False,0.86,0.0,False,,119,28672.0,14336.0,1.0,0.5,False,False,1
1682,layer3.conv1,element,6,"(84, 12, 4)",0,0.0,False,0.86,0.0,False,,248,-32768.0,-0.5,16.0,0.9999847412109375,False,False,1
1683,layer2.conv2,element,2,"(12, 14, 14)",0,0.0,False,0.86,0.0,False,,236,-4096.0,-2048.0,1.0,0.5,False,False,1
1684,layer3.conv2,element,0,"(50, 19, 22)",0,0.0,False,0.86,0.0,False,,118,24576.0,28672.0,0.22239208221435547,0.1666666716337204,False,False,1
1685,layer3.conv2,element,0,"(69, 40, 13)",0,0.0,False,0.86,0.0,False,,118,24576.0,28672.0,0.22239208221435547,0.1666666716337204,False,False,1
1686,layer2.conv1,element,5,"(75, 10, 29)",0,0.0,False,0.86,0.0,False,,113,10240.0,40.0,8.0,0.99609375,False,False,1
1687,layer2.conv2,element,4,"(70, 3, 31)",0,0.0,False,0.86,0.0,False,,114,12288.0,768.0,4.0,0.9375,False,False,1
1688,layer2.conv2,element,2,"(74, 26, 27)",0,0.0,False,0.86,0.0,False,,243,-14336.0,-28672.0,1.0,1.0,False,False,1
1689,layer1.conv2,element,5,"(32, 0, 25)",0,0.0,False,0.86,0.0,False,,117,20480.0,80.0,8.0,0.99609375,False,False,1
1690,layer3.conv2,element,5,"(183, 37, 27)",1,0.005,True,0.865,-0.0050000000000000044,False,,250,-49152.0,-192.0,8.0,0.99609375,False,False,1
1691,layer3.conv2,element,6,"(74, 14, 4)",0,0.0,False,0.86,0.0,False,,123,57344.0,0.875,16.0,0.9999847412109375,False,False,1
1692,layer3.conv2,element,0,"(26, 41, 31)",0,0.0,False,0.86,0.0,False,,112,8192.0,10240.0,0.3219280242919922,0.25,False,False,1
1693,layer3.conv2,element,4,"(124, 5, 6)",0,0.0,False,0.86,0.0,False,,242,-12288.0,-768.0,4.0,0.9375,False,False,1
1694,layer3.conv2,element,2,"(161, 18, 9)",0,0.0,False,0.86,0.0,False,,237,-5120.0,-2560.0,1.0,0.5,False,False,1
1695,layer3.conv2,element,2,"(9, 11, 14)",200,1.0,True,0.0,0.86,True,,121,40960.0,,inf,inf,False,True,1
1696,layer3.conv2,element,3,"(21, 10, 20)",0,0.0,False,0.86,0.0,False,,231,-1792.0,-7168.0,2.0,3.0,False,False,1
1697,layer3.conv1,element,5,"(16, 13, 11)",1,0.005,True,0.865,-0.0050000000000000044,False,,245,-20480.0,-80.0,8.0,0.99609375,False,False,1
1698,layer3.conv2,element,7,"(77, 53, 14)",1,0.005,True,0.865,-0.0050000000000000044,False,,119,28672.0,-28672.0,0.0,2.0,True,False,1
1699,layer3.conv2,element,6,"(132, 25, 3)",1,0.005,True,0.865,-0.0050000000000000044,False,,115,14336.0,0.21875,16.0,0.9999847412109375,False,False,1
1700,layer3.conv1,element,1,"(147, 21, 23)",0,0.0,False,0.86,0.0,False,,115,14336.0,10240.0,0.4854269027709961,0.2857142984867096,False,False,1
1701,layer1.conv2,element,7,"(13, 1, 30)",1,0.005,True,0.865,-0.0050000000000000044,False,,241,-10240.0,10240.0,0.0,2.0,True,False,1
1702,layer3.conv2,element,6,"(147, 30, 13)",0,0.0,False,0.86,0.0,False,,239,-7168.0,-0.109375,16.0,0.9999847412109375,False,False,1
1703,layer3.conv1,element,6,"(98, 19, 12)",0,0.0,False,0.86,0.0,False,,242,-12288.0,-0.1875,16.0,0.9999847412109375,False,False,1
1704,layer3.conv2,element,7,"(116, 17, 14)",0,0.0,False,0.86,0.0,False,,92,256.0,-256.0,0.0,2.0,True,False,1
1705,layer3.conv2,element,1,"(129, 4, 28)",0,0.0,False,0.86,0.0,False,,114,12288.0,8192.0,0.5849628448486328,0.3333333432674408,False,False,1
1706,layer3.conv2,element,0,"(113, 16, 6)",0,0.0,False,0.86,0.0,False,,242,-12288.0,-14336.0,0.22239208221435547,0.1666666716337204,False,False,1
1707,layer3.conv1,element,1,"(53, 19, 17)",0,0.0,False,0.86,0.0,False,,246,-24576.0,-16384.0,0.5849628448486328,0.3333333432674408,False,False,1
1708,layer3.conv2,element,7,"(50, 32, 19)",0,0.0,False,0.86,0.0,False,,115,14336.0,-14336.0,0.0,2.0,True,False,1
1709,layer3.conv2,element,1,"(96, 13, 7)",0,0.0,False,0.86,0.0,False,,245,-20480.0,-28672.0,0.4854269027709961,0.4000000059604645,False,False,1
1710,layer3.conv1,element,0,"(131, 5, 1)",0,0.0,False,0.86,0.0,False,,242,-12288.0,-14336.0,0.22239208221435547,0.1666666716337204,False,False,1
1711,layer3.conv1,element,5,"(80, 4, 31)",1,0.005,True,0.865,-0.0050000000000000044,False,,121,40960.0,160.0,8.0,0.99609375,False,False,1
1712,layer2.conv2,element,6,"(7, 21, 25)",0,0.0,False,0.86,0.0,False,,91,224.0,0.00341796875,16.0,0.9999847412109375,False,False,1
1713,layer3.conv1,element,0,"(164, 12, 14)",0,0.0,False,0.86,0.0,False,,247,-28672.0,-24576.0,0.22239208221435547,0.1428571492433548,False,False,1
1714,layer3.conv1,element,2,"(80, 7, 1)",0,0.0,False,0.86,0.0,False,,113,10240.0,20480.0,1.0,1.0,False,False,1
1715,layer3.conv1,element,1,"(77, 5, 22)",0,0.0,False,0.86,0.0,False,,110,6144.0,4096.0,0.5849628448486328,0.3333333432674408,False,False,1
1716,layer2.conv2,element,0,"(95, 8, 31)",0,0.0,False,0.86,0.0,False,,238,-6144.0,-7168.0,0.22239208221435547,0.1666666716337204,False,False,1
1717,layer3.conv1,element,0,"(97, 20, 1)",0,0.0,False,0.86,0.0,False,,246,-24576.0,-28672.0,0.22239208221435547,0.1666666716337204,False,False,1
1718,layer3.conv2,element,3,"(122, 10, 5)",0,0.0,False,0.86,0.0,False,,248,-32768.0,-8192.0,2.0,0.75,False,False,1
1719,layer3.conv1,scale,4,"(180, 6)",180,0.9,True,0.1,0.76,False,,108,108.0,124.0,16.0,inf,False,False,32
1720,layer3.conv1,element,7,"(43, 12, 9)",0,0.0,False,0.86,0.0,False,,108,4096.0,-4096.0,0.0,2.0,True,False,1
1721,layer3.conv1,element,6,"(121, 3, 13)",0,0.0,False,0.86,0.0,False,,119,28672.0,0.4375,16.0,0.9999847412109375,False,False,1
1722,layer2.conv2,element,3,"(42, 24, 16)",200,1.0,True,0.0,0.86,True,,119,28672.0,,inf,inf,False,True,1
1723,layer3.shortcut.0,scale,0,"(36, 0)",1,0.005,True,0.865,-0.0050000000000000044,False,,110,110.0,111.0,1.0,inf,False,False,32
1724,layer3.conv1,element,0,"(46, 22, 13)",0,0.0,False,0.86,0.0,False,,121,40960.0,32768.0,0.3219280242919922,0.20000000298023224,False,False,1
1725,layer3.conv2,element,2,"(56, 28, 11)",0,0.0,False,0.86,0.0,False,,100,1024.0,512.0,1.0,0.5,False,False,1
1726,layer3.conv2,element,4,"(83, 13, 14)",0,0.0,False,0.86,0.0,False,,242,-12288.0,-768.0,4.0,0.9375,False,False,1
1727,layer3.conv2,element,6,"(35, 13, 7)",0,0.0,False,0.86,0.0,False,,112,8192.0,0.125,16.0,0.9999847412109375,False,False,1
1728,layer3.conv2,element,6,"(1, 32, 12)",0,0.0,False,0.86,0.0,False,,114,12288.0,0.1875,16.0,0.9999847412109375,False,False,1
1729,layer3.conv1,element,0,"(99, 2, 5)",0,0.0,False,0.86,0.0,False,,121,40960.0,32768.0,0.3219280242919922,0.20000000298023224,False,False,1
1730,layer3.conv2,element,7,"(69, 11, 19)",1,0.005,True,0.865,-0.0050000000000000044,False,,109,5120.0,-5120.0,0.0,2.0,True,False,1
1731,layer3.conv2,element,6,"(107, 49, 25)",0,0.0,False,0.86,0.0,False,,245,-20480.0,-0.3125,16.0,0.9999847412109375,False,False,1
1732,layer3.conv2,element,4,"(35, 20, 26)",0,0.0,False,0.86,0.0,False,,245,-20480.0,-1280.0,4.0,0.9375,False,False,1
1733,layer3.shortcut.0,scale,2,"(148, 2)",0,0.0,False,0.86,0.0,False,,109,109.0,105.0,4.0,inf,False,False,32
1734,layer3.conv2,element,2,"(189, 26, 16)",0,0.0,False,0.86,0.0,False,,231,-1792.0,-896.0,1.0,0.5,False,False,1
1735,layer3.conv1,element,0,"(34, 12, 9)",0,0.0,False,0.86,0.0,False,,118,24576.0,28672.0,0.22239208221435547,0.1666666716337204,False,False,1
1736,layer1.conv1,element,1,"(15, 10, 5)",0,0.0,False,0.86,0.0,False,,96,512.0,768.0,0.5849628448486328,0.5,False,False,1
1737,layer3.conv2,element,6,"(38, 18, 12)",0,0.0,False,0.86,0.0,False,,249,-40960.0,-0.625,16.0,0.9999847412109375,False,False,1
1738,layer3.conv2,element,7,"(189, 52, 23)",0,0.0,False,0.86,0.0,False,,110,6144.0,-6144.0,0.0,2.0,True,False,1
1739,layer3.conv2,element,1,"(119, 17, 15)",0,0.0,False,0.86,0.0,False,,123,57344.0,40960.0,0.4854269027709961,0.2857142984867096,False,False,1
1740,layer3.conv2,element,7,"(96, 0, 7)",1,0.005,True,0.865,-0.0050000000000000044,False,,247,-28672.0,28672.0,0.0,2.0,True,False,1
1741,layer3.conv2,element,7,"(122, 34, 7)",0,0.0,False,0.86,0.0,False,,114,12288.0,-12288.0,0.0,2.0,True,False,1
1742,layer2.conv1,element,1,"(46, 8, 7)",1,0.005,True,0.865,-0.0050000000000000044,False,,240,-8192.0,-12288.0,0.5849628448486328,0.5,False,False,1
1743,layer3.conv2,element,3,"(76, 2, 13)",0,0.0,False,0.86,0.0,False,,224,-512.0,-2048.0,2.0,3.0,False,False,1
1744,layer3.conv1,element,1,"(83, 9, 28)",0,0.0,False,0.86,0.0,False,,242,-12288.0,-8192.0,0.5849628448486328,0.3333333432674408,False,False,1
1745,layer3.conv1,element,5,"(70, 6, 21)",0,0.0,False,0.86,0.0,False,,244,-16384.0,-64.0,8.0,0.99609375,False,False,1
1746,layer1.conv2,element,4,"(26, 7, 2)",0,0.0,False,0.86,0.0,False,,115,14336.0,896.0,4.0,0.9375,False,False,1
1747,layer1.conv1,element,2,"(30, 7, 14)",0,0.0,False,0.86,0.0,False,,117,20480.0,10240.0,1.0,0.5,False,False,1
1748,layer3.conv2,scale,5,"(160, 38)",0,0.0,False,0.86,0.0,False,,110,110.0,78.0,32.0,inf,False,False,32
1749,layer2.conv2,element,7,"(55, 23, 9)",1,0.005,True,0.865,-0.0050000000000000044,False,,242,-12288.0,12288.0,0.0,2.0,True,False,1
1750,layer3.conv2,element,0,"(63, 24, 2)",0,0.0,False,0.86,0.0,False,,116,16384.0,20480.0,0.3219280242919922,0.25,False,False,1
1751,layer3.conv2,element,6,"(167, 37, 28)",0,0.0,False,0.86,0.0,False,,249,-40960.0,-0.625,16.0,0.9999847412109375,False,False,1
1752,layer2.conv2,element,1,"(89, 18, 21)",0,0.0,False,0.86,0.0,False,,114,12288.0,8192.0,0.5849628448486328,0.3333333432674408,False,False,1
1753,layer3.conv1,element,6,"(46, 18, 15)",0,0.0,False,0.86,0.0,False,,117,20480.0,0.3125,16.0,0.9999847412109375,False,False,1
1754,layer1.conv2,element,0,"(47, 10, 6)",0,0.0,False,0.86,0.0,False,,244,-16384.0,-20480.0,0.3219280242919922,0.25,False,False,1
1755,layer1.conv1,element,5,"(32, 3, 14)",0,0.0,False,0.86,0.0,False,,245,-20480.0,-80.0,8.0,0.99609375,False,False,1
1756,layer2.conv2,scale,1,"(81, 5)",3,0.015,True,0.87,-0.010000000000000009,False,,109,109.0,111.0,2.0,inf,False,False,32
1757,layer3.conv2,element,2,"(21, 44, 28)",0,0.0,False,0.86,0.0,False,,118,24576.0,12288.0,1.0,0.5,False,False,1
1758,layer3.conv1,element,0,"(48, 11, 30)",0,0.0,False,0.86,0.0,False,,121,40960.0,32768.0,0.3219280242919922,0.20000000298023224,False,False,1
1759,layer3.conv2,element,5,"(161, 36, 26)",0,0.0,False,0.86,0.0,False,,240,-8192.0,-32.0,8.0,0.99609375,False,False,1
1760,layer3.conv1,element,2,"(76, 6, 31)",0,0.0,False,0.86,0.0,False,,90,192.0,384.0,1.0000004768371582,1.0,False,False,1
1761,layer3.conv2,element,1,"(146, 21, 12)",1,0.005,True,0.865,-0.0050000000000000044,False,,249,-40960.0,-57344.0,0.4854269027709961,0.4000000059604645,False,False,1
1762,layer3.conv2,element,2,"(33, 49, 9)",200,1.0,True,0.0,0.86,True,,120,32768.0,inf,inf,inf,False,True,1
1763,layer3.conv2,element,3,"(172, 6, 12)",0,0.0,False,0.86,0.0,False,,115,14336.0,57344.0,2.0,3.0,False,False,1
1764,layer2.conv2,element,1,"(54, 2, 11)",0,0.0,False,0.86,0.0,False,,117,20480.0,28672.0,0.4854269027709961,0.4000000059604645,False,False,1
1765,layer3.conv2,element,3,"(85, 9, 17)",0,0.0,False,0.86,0.0,False,,239,-7168.0,-1792.0,2.0,0.75,False,False,1
1766,layer3.conv1,element,4,"(164, 21, 8)",1,0.005,True,0.865,-0.0050000000000000044,False,,122,49152.0,3072.0,4.0,0.9375,False,False,1
1767,layer3.conv2,element,6,"(1, 37, 24)",0,0.0,False,0.86,0.0,False,,246,-24576.0,-0.375,16.0,0.9999847412109375,False,False,1
1768,layer3.conv2,element,6,"(74, 38, 29)",0,0.0,False,0.86,0.0,False,,248,-32768.0,-0.5,16.0,0.9999847412109375,False,False,1
1769,layer2.conv1,element,5,"(6, 3, 18)",0,0.0,False,0.86,0.0,False,,245,-20480.0,-80.0,8.0,0.99609375,False,False,1
1770,layer3.conv2,element,3,"(88, 7, 26)",0,0.0,False,0.86,0.0,False,,112,8192.0,32768.0,2.0,3.0,False,False,1
1771,layer3.conv2,element,3,"(83, 0, 9)",0,0.0,False,0.86,0.0,False,,235,-3584.0,-896.0,2.0,0.75,False,False,1
1772,layer2.shortcut.0,element,7,"(87, 0, 29)",1,0.005,True,0.865,-0.0050000000000000044,False,,114,12288.0,-12288.0,0.0,2.0,True,False,1
1773,layer3.conv2,element,6,"(25, 37, 0)",0,0.0,False,0.86,0.0,False,,242,-12288.0,-0.1875,16.0,0.9999847412109375,False,False,1
1774,layer3.conv2,element,4,"(179, 14, 29)",0,0.0,False,0.86,0.0,False,,113,10240.0,640.0,4.0,0.9375,False,False,1
1775,layer2.conv2,element,6,"(40, 26, 18)",0,0.0,False,0.86,0.0,False,,114,12288.0,0.1875,16.0,0.9999847412109375,False,False,1
1776,layer3.conv2,element,1,"(60, 16, 26)",1,0.005,True,0.865,-0.0050000000000000044,False,,246,-24576.0,-16384.0,0.5849628448486328,0.3333333432674408,False,False,1
1777,layer2.conv2,element,4,"(54, 14, 23)",0,0.0,False,0.86,0.0,False,,243,-14336.0,-896.0,4.0,0.9375,False,False,1
1778,layer3.conv2,element,4,"(138, 15, 6)",0,0.0,False,0.86,0.0,False,,246,-24576.0,-1536.0,4.0,0.9375,False,False,1
1779,layer3.conv1,element,3,"(136, 5, 11)",200,1.0,True,0.0,0.86,True,,117,20480.0,,inf,inf,False,True,1
1780,layer3.conv2,element,5,"(169, 22, 1)",0,0.0,False,0.86,0.0,False,,116,16384.0,64.0,8.0,0.99609375,False,False,1
1781,layer3.conv1,element,0,"(105, 11, 13)",0,0.0,False,0.86,0.0,False,,105,2560.0,2048.0,0.3219280242919922,0.20000000298023224,False,False,1
1782,layer3.shortcut.0,element,1,"(147, 1, 14)",0,0.0,False,0.86,0.0,False,,230,-1536.0,-1024.0,0.5849628448486328,0.3333333432674408,False,False,1
1783,layer3.conv2,element,7,"(41, 37, 27)",0,0.0,False,0.86,0.0,False,,232,-2048.0,2048.0,0.0,2.0,True,False,1
1784,layer3.conv2,element,5,"(48, 46, 14)",0,0.0,False,0.86,0.0,False,,229,-1280.0,-5.0,8.0,0.99609375,False,False,1
1785,layer3.conv2,element,4,"(157, 21, 7)",0,0.0,False,0.86,0.0,False,,241,-10240.0,-640.0,4.0,0.9375,False,False,1
1786,layer3.conv2,element,1,"(150, 35, 1)",0,0.0,False,0.86,0.0,False,,232,-2048.0,-3072.0,0.5849628448486328,0.5,False,False,1
1787,layer3.conv2,element,3,"(110, 23, 24)",0,0.0,False,0.86,0.0,False,,243,-14336.0,-57344.0,2.0,3.0,False,False,1
1788,layer2.conv1,element,1,"(67, 7, 19)",1,0.005,True,0.865,-0.0050000000000000044,False,,249,-40960.0,-57344.0,0.4854269027709961,0.4000000059604645,False,False,1
1789,layer3.conv2,element,6,"(184, 39, 10)",0,0.0,False,0.86,0.0,False,,119,28672.0,0.4375,16.0,0.9999847412109375,False,False,1
1790,layer2.conv1,element,7,"(18, 12, 19)",1,0.005,True,0.865,-0.0050000000000000044,False,,247,-28672.0,28672.0,0.0,2.0,True,False,1
1791,layer3.conv2,element,3,"(15, 19, 2)",1,0.005,True,0.865,-0.0050000000000000044,False,,103,1792.0,7168.0,2.0,3.0,False,False,1
1792,layer3.conv1,element,0,"(18, 8, 16)",0,0.0,False,0.86,0.0,False,,238,-6144.0,-7168.0,0.22239208221435547,0.1666666716337204,False,False,1
1793,layer2.shortcut.0,element,4,"(56, 0, 18)",1,0.005,True,0.865,-0.0050000000000000044,False,,233,-2560.0,-40960.0,4.0,15.0,False,False,1
1794,layer2.conv2,element,6,"(54, 14, 24)",0,0.0,False,0.86,0.0,False,,237,-5120.0,-0.078125,16.0,0.9999847412109375,False,False,1
1795,layer3.conv1,element,1,"(55, 22, 21)",0,0.0,False,0.86,0.0,False,,235,-3584.0,-2560.0,0.4854269027709961,0.2857142984867096,False,False,1
1796,layer3.conv1,element,4,"(128, 2, 30)",0,0.0,False,0.86,0.0,False,,240,-8192.0,-512.0,4.0,0.9375,False,False,1
1797,layer3.conv2,element,4,"(168, 2, 30)",0,0.0,False,0.86,0.0,False,,113,10240.0,640.0,4.0,0.9375,False,False,1
1798,layer3.conv2,element,0,"(143, 0, 26)",0,0.0,False,0.86,0.0,False,,247,-28672.0,-24576.0,0.22239208221435547,0.1428571492433548,False,False,1
1799,layer3.conv1,element,1,"(108, 3, 20)",0,0.0,False,0.86,0.0,False,,115,14336.0,10240.0,0.4854269027709961,0.2857142984867096,False,False,1
1800,layer3.conv2,element,4,"(189, 23, 10)",0,0.0,False,0.86,0.0,False,,120,32768.0,2048.0,4.0,0.9375,False,False,1
1801,layer3.conv2,element,0,"(8, 36, 26)",0,0.0,False,0.86,0.0,False,,115,14336.0,12288.0,0.22239208221435547,0.1428571492433548,False,False,1
1802,layer3.conv1,element,1,"(84, 9, 17)",0,0.0,False,0.86,0.0,False,,116,16384.0,24576.0,0.5849628448486328,0.5,False,False,1
1803,layer3.conv2,element,4,"(109, 18, 0)",0,0.0,False,0.86,0.0,False,,241,-10240.0,-640.0,4.0,0.9375,False,False,1
1804,layer3.conv1,element,1,"(55, 24, 28)",0,0.0,False,0.86,0.0,False,,118,24576.0,16384.0,0.5849628448486328,0.3333333432674408,False,False,1
1805,layer3.conv2,element,2,"(150, 7, 10)",0,0.0,False,0.86,0.0,False,,111,7168.0,3584.0,1.0,0.5,False,False,1
1806,layer1.conv2,element,0,"(23, 6, 8)",0,0.0,False,0.86,0.0,False,,232,-2048.0,-2560.0,0.3219280242919922,0.25,False,False,1
1807,layer3.conv2,element,2,"(85, 20, 28)",0,0.0,False,0.86,0.0,False,,117,20480.0,10240.0,1.0,0.5,False,False,1
1808,layer3.conv2,element,7,"(70, 16, 20)",0,0.0,False,0.86,0.0,False,,114,12288.0,-12288.0,0.0,2.0,True,False,1
1809,layer3.conv2,element,0,"(61, 53, 10)",0,0.0,False,0.86,0.0,False,,242,-12288.0,-14336.0,0.22239208221435547,0.1666666716337204,False,False,1
1810,layer3.conv2,element,7,"(84, 50, 23)",0,0.0,False,0.86,0.0,False,,113,10240.0,-10240.0,0.0,2.0,True,False,1
1811,layer3.conv1,element,2,"(40, 15, 26)",0,0.0,False,0.86,0.0,False,,104,2048.0,4096.0,1.0,1.0,False,False,1
1812,layer3.conv2,element,2,"(131, 6, 4)",0,0.0,False,0.86,0.0,False,,116,16384.0,8192.0,1.0,0.5,False,False,1
1813,layer3.conv2,element,1,"(43, 48, 20)",0,0.0,False,0.86,0.0,False,,245,-20480.0,-28672.0,0.4854269027709961,0.4000000059604645,False,False,1
1814,layer2.conv1,element,2,"(45, 9, 18)",0,0.0,False,0.86,0.0,False,,114,12288.0,24576.0,1.0,1.0,False,False,1
1815,layer1.conv2,element,2,"(5, 5, 30)",0,0.0,False,0.86,0.0,False,,106,3072.0,6144.0,1.0,1.0,False,False,1
1816,layer2.conv2,element,7,"(62, 12, 25)",0,0.0,False,0.86,0.0,False,,113,10240.0,-10240.0,0.0,2.0,True,False,1
1817,layer3.conv1,element,0,"(84, 13, 17)",0,0.0,False,0.86,0.0,False,,117,20480.0,16384.0,0.3219280242919922,0.20000000298023224,False,False,1
1818,layer3.conv2,element,4,"(25, 52, 9)",1,0.005,True,0.865,-0.0050000000000000044,False,,97,640.0,10240.0,4.0,15.0,False,False,1
1819,layer3.conv1,element,2,"(25, 6, 4)",0,0.0,False,0.86,0.0,False,,247,-28672.0,-14336.0,1.0,0.5,False,False,1
1820,layer3.conv2,scale,1,"(154, 48)",1,0.005,True,0.865,-0.0050000000000000044,False,,110,110.0,108.0,2.0,inf,False,False,32
1821,layer2.conv2,scale,5,"(95, 24)",0,0.0,False,0.86,0.0,False,,109,109.0,77.0,32.0,inf,False,False,32
1822,layer1.conv2,element,7,"(33, 3, 12)",0,0.0,False,0.86,0.0,False,,233,-2560.0,2560.0,0.0,2.0,True,False,1
1823,layer3.conv1,element,1,"(122, 7, 9)",0,0.0,False,0.86,0.0,False,,120,32768.0,49152.0,0.5849628448486328,0.5,False,False,1
1824,layer3.conv1,element,7,"(53, 4, 29)",0,0.0,False,0.86,0.0,False,,233,-2560.0,2560.0,0.0,2.0,True,False,1
1825,layer3.conv1,element,0,"(44, 5, 23)",0,0.0,False,0.86,0.0,False,,120,32768.0,40960.0,0.3219280242919922,0.25,False,False,1
1826,layer3.conv2,element,3,"(27, 36, 5)",0,0.0,False,0.86,0.0,False,,113,10240.0,40960.0,2.0,3.0,False,False,1
1827,layer3.conv2,element,5,"(121, 51, 23)",0,0.0,False,0.86,0.0,False,,246,-24576.0,-96.0,8.0,0.99609375,False,False,1
1828,layer3.shortcut.0,element,6,"(39, 2, 28)",0,0.0,False,0.86,0.0,False,,116,16384.0,0.25,16.0,0.9999847412109375,False,False,1
1829,layer3.conv2,element,2,"(63, 25, 17)",0,0.0,False,0.86,0.0,False,,96,512.0,1024.0,1.0,1.0,False,False,1
1830,layer2.conv1,element,3,"(54, 8, 14)",0,0.0,False,0.86,0.0,False,,114,12288.0,49152.0,2.0,3.0,False,False,1
1831,layer3.conv2,element,7,"(122, 25, 24)",0,0.0,False,0.86,0.0,False,,98,768.0,-768.0,0.0,2.0,True,False,1
1832,layer3.conv2,element,4,"(63, 15, 13)",200,1.0,True,0.0,0.86,True,,236,-4096.0,-inf,inf,inf,False,True,1
1833,layer3.conv2,element,7,"(165, 10, 4)",0,0.0,False,0.86,0.0,False,,221,-320.0,320.0,0.0,2.0,True,False,1
1834,layer3.conv2,element,5,"(38, 22, 13)",0,0.0,False,0.86,0.0,False,,240,-8192.0,-32.0,8.0,0.99609375,False,False,1
1835,layer3.conv2,element,4,"(71, 42, 25)",0,0.0,False,0.86,0.0,False,,241,-10240.0,-640.0,4.0,0.9375,False,False,1
1836,layer3.conv2,element,0,"(83, 52, 6)",0,0.0,False,0.86,0.0,False,,115,14336.0,12288.0,0.22239208221435547,0.1428571492433548,False,False,1
1837,layer3.conv2,element,1,"(140, 10, 13)",0,0.0,False,0.86,0.0,False,,93,320.0,448.0,0.4854269027709961,0.4000000059604645,False,False,1
1838,layer3.conv2,element,5,"(27, 7, 29)",0,0.0,False,0.86,0.0,False,,240,-8192.0,-32.0,8.0,0.99609375,False,False,1
1839,layer3.conv1,element,0,"(137, 12, 24)",0,0.0,False,0.86,0.0,False,,105,2560.0,2048.0,0.3219280242919922,0.20000000298023224,False,False,1
1840,layer3.conv1,element,5,"(68, 18, 18)",0,0.0,False,0.86,0.0,False,,118,24576.0,96.0,8.0,0.99609375,False,False,1
1841,layer2.conv1,element,3,"(26, 2, 28)",1,0.005,True,0.865,-0.0050000000000000044,False,,249,-40960.0,-10240.0,2.0,0.75,False,False,1
1842,layer3.conv1,scale,6,"(187, 2)",0,0.0,False,0.86,0.0,False,,107,107.0,43.0,64.0,inf,False,False,32
1843,layer1.conv1,element,7,"(27, 11, 17)",0,0.0,False,0.86,0.0,False,,232,-2048.0,2048.0,0.0,2.0,True,False,1
1844,layer3.conv1,element,3,"(185, 9, 16)",0,0.0,False,0.86,0.0,False,,228,-1024.0,-4096.0,2.0,3.0,False,False,1
1845,layer2.conv1,element,4,"(10, 10, 30)",1,0.005,True,0.865,-0.0050000000000000044,False,,245,-20480.0,-1280.0,4.0,0.9375,False,False,1
1846,layer3.conv1,element,7,"(86, 23, 22)",0,0.0,False,0.86,0.0,False,,114,12288.0,-12288.0,0.0,2.0,True,False,1
1847,layer2.conv2,element,0,"(58, 17, 6)",0,0.0,False,0.86,0.0,False,,232,-2048.0,-2560.0,0.3219280242919922,0.25,False,False,1
1848,layer1.conv2,element,3,"(14, 11, 4)",1,0.005,True,0.865,-0.0050000000000000044,False,,227,-896.0,-3584.0,2.0,3.0,False,False,1
1849,layer3.conv2,element,1,"(153, 35, 27)",0,0.0,False,0.86,0.0,False,,114,12288.0,8192.0,0.5849628448486328,0.3333333432674408,False,False,1
1850,layer3.conv1,element,7,"(138, 3, 2)",1,0.005,True,0.865,-0.0050000000000000044,False,,97,640.0,-640.0,0.0,2.0,True,False,1
1851,layer2.conv1,scale,0,"(74, 9)",2,0.01,True,0.865,-0.0050000000000000044,False,,107,107.0,106.0,1.0,inf,False,False,32
1852,layer3.conv2,element,5,"(129, 3, 27)",0,0.0,False,0.86,0.0,False,,111,7168.0,28.0,8.0,0.99609375,False,False,1
1853,layer3.conv2,element,7,"(171, 9, 6)",0,0.0,False,0.86,0.0,False,,121,40960.0,-40960.0,0.0,2.0,True,False,1
1854,layer3.conv2,element,6,"(77, 9, 13)",0,0.0,False,0.86,0.0,False,,121,40960.0,0.625,16.0,0.9999847412109375,False,False,1
1855,layer3.conv2,element,7,"(70, 18, 31)",0,0.0,False,0.86,0.0,False,,97,640.0,-640.0,0.0,2.0,True,False,1
1856,layer2.conv1,element,2,"(55, 8, 11)",200,1.0,True,0.0,0.86,True,,251,-57344.0,,inf,inf,False,True,1
1857,layer3.conv2,element,5,"(40, 43, 11)",0,0.0,False,0.86,0.0,False,,249,-40960.0,-160.0,8.0,0.99609375,False,False,1
1858,layer3.conv2,element,4,"(29, 25, 11)",0,0.0,False,0.86,0.0,False,,247,-28672.0,-1792.0,4.0,0.9375,False,False,1
1859,layer3.conv2,element,3,"(183, 52, 19)",0,0.0,False,0.86,0.0,False,,121,40960.0,10240.0,2.0,0.75,False,False,1
1860,layer3.conv1,element,4,"(26, 18, 18)",0,0.0,False,0.86,0.0,False,,243,-14336.0,-896.0,4.0,0.9375,False,False,1
1861,layer3.conv1,element,2,"(181, 12, 25)",1,0.005,True,0.865,-0.0050000000000000044,False,,117,20480.0,10240.0,1.0,0.5,False,False,1
1862,layer3.conv1,element,2,"(51, 20, 11)",0,0.0,False,0.86,0.0,False,,110,6144.0,3072.0,1.0,0.5,False,False,1
1863,conv1,element,4,"(40, 0, 9)",200,1.0,True,0.0,0.86,True,,236,-4096.0,-inf,inf,inf,False,True,1
1864,layer3.conv1,element,0,"(4, 17, 24)",0,0.0,False,0.86,0.0,False,,228,-1024.0,-1280.0,0.3219280242919922,0.25,False,False,1
1865,layer3.conv2,element,1,"(108, 27, 1)",0,0.0,False,0.86,0.0,False,,114,12288.0,8192.0,0.5849628448486328,0.3333333432674408,False,False,1
1866,layer2.conv1,element,6,"(43, 6, 3)",0,0.0,False,0.86,0.0,False,,248,-32768.0,-0.5,16.0,0.9999847412109375,False,False,1
1867,layer3.conv2,element,7,"(175, 31, 0)",0,0.0,False,0.86,0.0,False,,241,-10240.0,10240.0,0.0,2.0,True,False,1
1868,layer1.conv1,element,7,"(24, 2, 27)",1,0.005,True,0.865,-0.0050000000000000044,False,,118,24576.0,-24576.0,0.0,2.0,True,False,1
1869,layer3.conv1,element,3,"(186, 9, 31)",1,0.005,True,0.865,-0.0050000000000000044,False,,113,10240.0,40960.0,2.0,3.0,False,False,1
1870,layer3.conv2,element,1,"(26, 50, 19)",0,0.0,False,0.86,0.0,False,,108,4096.0,6144.0,0.5849628448486328,0.5,False,False,1
1871,layer3.conv2,element,3,"(147, 25, 25)",200,1.0,True,0.0,0.86,True,,246,-24576.0,,inf,inf,False,True,1
1872,layer3.conv1,element,6,"(109, 14, 3)",0,0.0,False,0.86,0.0,False,,241,-10240.0,-0.15625,16.0,0.9999847412109375,False,False,1
1873,layer3.conv2,element,6,"(1, 16, 14)",0,0.0,False,0.86,0.0,False,,245,-20480.0,-0.3125,16.0,0.9999847412109375,False,False,1
1874,layer3.conv2,element,6,"(72, 19, 23)",1,0.005,True,0.865,-0.0050000000000000044,False,,115,14336.0,0.21875,16.0,0.9999847412109375,False,False,1
1875,layer3.conv2,element,4,"(113, 48, 8)",200,1.0,True,0.0,0.86,True,,238,-6144.0,,inf,inf,False,True,1
1876,layer1.conv1,element,7,"(2, 10, 30)",1,0.005,True,0.865,-0.0050000000000000044,False,,121,40960.0,-40960.0,0.0,2.0,True,False,1
1877,layer1.conv1,element,6,"(17, 2, 11)",0,0.0,False,0.86,0.0,False,,245,-20480.0,-0.3125,16.0,0.9999847412109375,False,False,1
1878,layer3.conv2,element,1,"(119, 38, 24)",0,0.0,False,0.86,0.0,False,,81,40.0,56.0,0.4854269027709961,0.4000000059604645,False,False,1
1879,layer3.conv1,element,4,"(95, 4, 9)",0,0.0,False,0.86,0.0,False,,112,8192.0,512.0,4.0,0.9375,False,False,1
1880,layer3.conv2,element,0,"(88, 26, 8)",0,0.0,False,0.86,0.0,False,,120,32768.0,40960.0,0.3219280242919922,0.25,False,False,1
1881,layer3.conv2,element,2,"(64, 13, 24)",0,0.0,False,0.86,0.0,False,,95,448.0,224.0,1.0,0.5,False,False,1
1882,layer2.conv1,element,6,"(61, 5, 12)",1,0.005,True,0.865,-0.0050000000000000044,False,,248,-32768.0,-0.5,16.0,0.9999847412109375,False,False,1
1883,layer3.conv2,element,3,"(110, 31, 24)",200,1.0,True,0.0,0.86,True,,118,24576.0,,inf,inf,False,True,1
1884,layer3.conv1,element,2,"(9, 11, 1)",0,0.0,False,0.86,0.0,False,,111,7168.0,3584.0,1.0,0.5,False,False,1
1885,layer3.conv2,element,6,"(189, 4, 23)",1,0.005,True,0.865,-0.0050000000000000044,False,,248,-32768.0,-0.5,16.0,0.9999847412109375,False,False,1
1886,layer3.conv2,element,1,"(87, 17, 8)",0,0.0,False,0.86,0.0,False,,115,14336.0,10240.0,0.4854269027709961,0.2857142984867096,False,False,1
1887,layer3.conv2,element,7,"(25, 34, 28)",0,0.0,False,0.86,0.0,False,,248,-32768.0,32768.0,0.0,2.0,True,False,1
1888,layer3.conv2,element,2,"(173, 53, 27)",200,1.0,True,0.0,0.86,True,,248,-32768.0,-inf,inf,inf,False,True,1
1889,layer3.conv1,element,0,"(108, 8, 22)",0,0.0,False,0.86,0.0,False,,234,-3072.0,-3584.0,0.22239208221435547,0.1666666716337204,False,False,1
1890,layer2.conv1,element,1,"(19, 10, 22)",0,0.0,False,0.86,0.0,False,,229,-1280.0,-1792.0,0.4854269027709961,0.4000000059604645,False,False,1
1891,layer3.conv2,scale,6,"(128, 22)",0,0.0,False,0.86,0.0,False,,110,110.0,46.0,64.0,inf,False,False,32
1892,layer3.conv2,element,5,"(34, 17, 6)",0,0.0,False,0.86,0.0,False,,117,20480.0,80.0,8.0,0.99609375,False,False,1
1893,layer3.conv2,element,2,"(59, 4, 8)",0,0.0,False,0.86,0.0,False,,231,-1792.0,-896.0,1.0,0.5,False,False,1
1894,layer3.conv2,element,7,"(35, 42, 19)",0,0.0,False,0.86,0.0,False,,114,12288.0,-12288.0,0.0,2.0,True,False,1
1895,layer3.conv1,element,5,"(126, 8, 31)",0,0.0,False,0.86,0.0,False,,244,-16384.0,-64.0,8.0,0.99609375,False,False,1
1896,layer3.conv2,element,4,"(191, 49, 11)",1,0.005,True,0.865,-0.0050000000000000044,False,,117,20480.0,1280.0,4.0,0.9375,False,False,1
1897,layer3.conv1,element,5,"(103, 25, 23)",1,0.005,True,0.865,-0.0050000000000000044,False,,248,-32768.0,-128.0,8.0,0.99609375,False,False,1
1898,layer3.conv2,element,1,"(55, 39, 28)",0,0.0,False,0.86,0.0,False,,116,16384.0,24576.0,0.5849628448486328,0.5,False,False,1
1899,layer2.conv1,element,4,"(30, 12, 4)",0,0.0,False,0.86,0.0,False,,113,10240.0,640.0,4.0,0.9375,False,False,1
1900,layer3.conv1,element,0,"(56, 11, 5)",0,0.0,False,0.86,0.0,False,,229,-1280.0,-1024.0,0.3219280242919922,0.20000000298023224,False,False,1
1901,layer3.conv1,element,1,"(99, 6, 20)",0,0.0,False,0.86,0.0,False,,113,10240.0,14336.0,0.4854269027709961,0.4000000059604645,False,False,1
1902,layer2.conv1,element,5,"(80, 0, 6)",0,0.0,False,0.86,0.0,False,,101,1280.0,5.0,8.0,0.99609375,False,False,1
1903,layer2.conv1,element,6,"(7, 1, 2)",0,0.0,False,0.86,0.0,False,,248,-32768.0,-0.5,16.0,0.9999847412109375,False,False,1
1904,layer3.conv2,element,4,"(38, 13, 21)",0,0.0,False,0.86,0.0,False,,244,-16384.0,-1024.0,4.0,0.9375,False,False,1
1905,layer3.conv2,element,0,"(53, 32, 4)",0,0.0,False,0.86,0.0,False,,120,32768.0,40960.0,0.3219280242919922,0.25,False,False,1
1906,layer3.conv1,element,6,"(43, 1, 9)",0,0.0,False,0.86,0.0,False,,246,-24576.0,-0.375,16.0,0.9999847412109375,False,False,1
1907,layer3.conv2,element,2,"(142, 24, 26)",200,1.0,True,0.0,0.86,True,,122,49152.0,,inf,inf,False,True,1
1908,layer3.conv1,element,1,"(148, 17, 13)",0,0.0,False,0.86,0.0,False,,250,-49152.0,-32768.0,0.5849628448486328,0.3333333432674408,False,False,1
1909,layer3.conv2,element,1,"(57, 17, 22)",0,0.0,False,0.86,0.0,False,,224,-512.0,-768.0,0.5849628448486328,0.5,False,False,1
1910,layer2.conv2,element,3,"(62, 24, 20)",200,1.0,True,0.0,0.86,True,,247,-28672.0,,inf,inf,False,True,1
1911,layer2.conv2,element,2,"(54, 8, 15)",200,1.0,True,0.0,0.86,True,,248,-32768.0,-inf,inf,inf,False,True,1
1912,layer3.conv2,element,4,"(39, 22, 14)",0,0.0,False,0.86,0.0,False,,240,-8192.0,-512.0,4.0,0.9375,False,False,1
1913,layer3.conv2,element,7,"(134, 11, 31)",0,0.0,False,0.86,0.0,False,,81,40.0,-40.0,0.0,2.0,True,False,1
1914,layer2.conv1,element,1,"(19, 2, 6)",0,0.0,False,0.86,0.0,False,,215,-112.0,-80.0,0.4854269027709961,0.2857142984867096,False,False,1
1915,layer3.conv2,scale,0,"(168, 52)",1,0.005,True,0.865,-0.0050000000000000044,False,,109,109.0,108.0,1.0,inf,False,False,32
1916,layer3.conv2,element,7,"(180, 20, 15)",0,0.0,False,0.86,0.0,False,,103,1792.0,-1792.0,0.0,2.0,True,False,1
1917,layer3.conv2,element,1,"(165, 27, 26)",0,0.0,False,0.86,0.0,False,,105,2560.0,3584.0,0.4854269027709961,0.4000000059604645,False,False,1
1918,layer3.conv2,element,6,"(53, 35, 30)",0,0.0,False,0.86,0.0,False,,244,-16384.0,-0.25,16.0,0.9999847412109375,False,False,1
1919,layer1.conv2,element,6,"(43, 9, 4)",0,0.0,False,0.86,0.0,False,,238,-6144.0,-0.09375,16.0,0.9999847412109375,False,False,1
1920,layer3.conv2,element,0,"(175, 32, 14)",0,0.0,False,0.86,0.0,False,,115,14336.0,12288.0,0.22239208221435547,0.1428571492433548,False,False,1
1921,layer3.conv1,element,7,"(114, 5, 28)",0,0.0,False,0.86,0.0,False,,245,-20480.0,20480.0,0.0,2.0,True,False,1
1922,layer3.conv2,element,0,"(166, 24, 20)",0,0.0,False,0.86,0.0,False,,115,14336.0,12288.0,0.22239208221435547,0.1428571492433548,False,False,1
1923,layer1.conv1,scale,7,"(12, 5)",200,1.0,True,0.0,0.86,True,,108,108.0,236.0,128.0,inf,False,False,32
1924,layer3.conv2,element,1,"(14, 40, 2)",0,0.0,False,0.86,0.0,False,,111,7168.0,5120.0,0.4854269027709961,0.2857142984867096,False,False,1
1925,layer3.conv2,element,7,"(53, 46, 0)",0,0.0,False,0.86,0.0,False,,223,-448.0,448.0,0.0,2.0,True,False,1
1926,layer2.conv1,element,5,"(28, 6, 0)",1,0.005,True,0.865,-0.0050000000000000044,False,,117,20480.0,80.0,8.0,0.99609375,False,False,1
1927,layer3.conv1,element,4,"(153, 23, 21)",0,0.0,False,0.86,0.0,False,,233,-2560.0,-40960.0,4.0,15.0,False,False,1
1928,layer3.conv2,element,7,"(94, 38, 19)",0,0.0,False,0.86,0.0,False,,241,-10240.0,10240.0,0.0,2.0,True,False,1
1929,layer3.conv2,element,4,"(134, 38, 14)",0,0.0,False,0.86,0.0,False,,245,-20480.0,-1280.0,4.0,0.9375,False,False,1
1930,layer3.conv2,element,6,"(77, 49, 17)",0,0.0,False,0.86,0.0,False,,110,6144.0,0.09375,16.0,0.9999847412109375,False,False,1
1931,layer3.conv1,element,6,"(85, 8, 22)",0,0.0,False,0.86,0.0,False,,123,57344.0,0.875,16.0,0.9999847412109375,False,False,1
1932,layer3.conv1,element,4,"(33, 4, 15)",0,0.0,False,0.86,0.0,False,,103,1792.0,28672.0,4.0,15.0,False,False,1
1933,layer1.conv2,element,5,"(0, 6, 14)",0,0.0,False,0.86,0.0,False,,113,10240.0,40.0,8.0,0.99609375,False,False,1
1934,layer3.conv1,element,4,"(110, 13, 19)",0,0.0,False,0.86,0.0,False,,246,-24576.0,-1536.0,4.0,0.9375,False,False,1
1935,layer3.conv2,element,3,"(39, 4, 29)",1,0.005,True,0.865,-0.0050000000000000044,False,,114,12288.0,49152.0,2.0,3.0,False,False,1
1936,layer3.conv2,element,6,"(22, 36, 3)",0,0.0,False,0.86,0.0,False,,101,1280.0,0.01953125,16.0,0.9999847412109375,False,False,1
1937,layer3.conv2,element,3,"(187, 3, 15)",200,1.0,True,0.0,0.86,True,,245,-20480.0,,inf,inf,False,True,1
1938,layer3.conv1,element,0,"(25, 26, 14)",0,0.0,False,0.86,0.0,False,,244,-16384.0,-20480.0,0.3219280242919922,0.25,False,False,1
1939,layer3.conv2,element,6,"(147, 22, 14)",0,0.0,False,0.86,0.0,False,,246,-24576.0,-0.375,16.0,0.9999847412109375,False,False,1
1940,layer3.conv2,element,5,"(150, 11, 5)",0,0.0,False,0.86,0.0,False,,241,-10240.0,-40.0,8.0,0.99609375,False,False,1
1941,layer3.conv2,element,4,"(39, 50, 12)",0,0.0,False,0.86,0.0,False,,241,-10240.0,-640.0,4.0,0.9375,False,False,1
1942,layer2.conv2,element,3,"(1, 4, 11)",200,1.0,True,0.0,0.86,True,,246,-24576.0,,inf,inf,False,True,1
1943,layer3.conv2,element,3,"(13, 33, 2)",0,0.0,False,0.86,0.0,False,,237,-5120.0,-1280.0,2.0,0.75,False,False,1
1944,layer3.shortcut.0,element,0,"(170, 0, 1)",0,0.0,False,0.86,0.0,False,,113,10240.0,8192.0,0.3219280242919922,0.20000000298023224,False,False,1
1945,layer3.conv2,element,4,"(69, 23, 14)",1,0.005,True,0.865,-0.0050000000000000044,False,,117,20480.0,1280.0,4.0,0.9375,False,False,1
1946,layer2.conv1,element,2,"(70, 7, 15)",200,1.0,True,0.0,0.86,True,,120,32768.0,inf,inf,inf,False,True,1
1947,layer3.conv2,element,2,"(83, 5, 15)",0,0.0,False,0.86,0.0,False,,118,24576.0,12288.0,1.0,0.5,False,False,1
1948,layer3.conv1,element,6,"(130, 18, 1)",0,0.0,False,0.86,0.0,False,,109,5120.0,0.078125,16.0,0.9999847412109375,False,False,1
1949,layer1.conv1,element,5,"(28, 7, 3)",0,0.0,False,0.86,0.0,False,,238,-6144.0,-24.0,8.0,0.99609375,False,False,1
1950,layer3.conv1,element,7,"(51, 25, 31)",1,0.005,True,0.865,-0.0050000000000000044,False,,123,57344.0,-57344.0,0.0,2.0,True,False,1
1951,layer2.conv2,element,2,"(17, 20, 29)",0,0.0,False,0.86,0.0,False,,95,448.0,224.0,1.0,0.5,False,False,1
1952,layer3.conv2,element,5,"(181, 33, 25)",1,0.005,True,0.865,-0.0050000000000000044,False,,89,160.0,40960.0,8.0,255.0,False,False,1
1953,layer3.conv1,element,6,"(180, 17, 13)",0,0.0,False,0.86,0.0,False,,113,10240.0,0.15625,16.0,0.9999847412109375,False,False,1
1954,layer1.conv2,element,5,"(26, 8, 1)",0,0.0,False,0.86,0.0,False,,244,-16384.0,-64.0,8.0,0.99609375,False,False,1
1955,layer1.conv1,element,3,"(42, 9, 12)",0,0.0,False,0.86,0.0,False,,231,-1792.0,-7168.0,2.0,3.0,False,False,1
1956,layer3.conv2,element,6,"(9, 41, 9)",0,0.0,False,0.86,0.0,False,,113,10240.0,0.15625,16.0,0.9999847412109375,False,False,1
1957,layer1.conv1,element,1,"(16, 10, 17)",0,0.0,False,0.86,0.0,False,,113,10240.0,14336.0,0.4854269027709961,0.4000000059604645,False,False,1
1958,layer3.conv2,element,0,"(88, 5, 6)",0,0.0,False,0.86,0.0,False,,247,-28672.0,-24576.0,0.22239208221435547,0.1428571492433548,False,False,1
1959,layer3.conv2,element,7,"(18, 52, 17)",0,0.0,False,0.86,0.0,False,,115,14336.0,-14336.0,0.0,2.0,True,False,1
1960,layer2.conv1,element,2,"(17, 2, 15)",200,1.0,True,0.0,0.86,True,,250,-49152.0,,inf,inf,False,True,1
1961,layer3.conv2,element,1,"(132, 49, 19)",0,0.0,False,0.86,0.0,False,,248,-32768.0,-49152.0,0.5849628448486328,0.5,False,False,1
1962,layer3.conv2,element,5,"(18, 28, 25)",1,0.005,True,0.865,-0.0050000000000000044,False,,242,-12288.0,-48.0,8.0,0.99609375,False,False,1
1963,layer3.conv2,element,7,"(151, 15, 10)",0,0.0,False,0.86,0.0,False,,240,-8192.0,8192.0,0.0,2.0,True,False,1
1964,layer2.conv2,element,3,"(17, 7, 9)",1,0.005,True,0.865,-0.0050000000000000044,False,,122,49152.0,12288.0,2.0,0.75,False,False,1
1965,layer2.conv2,element,6,"(61, 10, 22)",0,0.0,False,0.86,0.0,False,,108,4096.0,0.0625,16.0,0.9999847412109375,False,False,1
1966,layer3.conv1,element,4,"(177, 26, 29)",1,0.005,True,0.865,-0.0050000000000000044,False,,247,-28672.0,-1792.0,4.0,0.9375,False,False,1
1967,layer3.conv1,element,6,"(37, 22, 23)",0,0.0,False,0.86,0.0,False,,243,-14336.0,-0.21875,16.0,0.9999847412109375,False,False,1
1968,layer3.conv2,element,7,"(165, 6, 28)",0,0.0,False,0.86,0.0,False,,110,6144.0,-6144.0,0.0,2.0,True,False,1
1969,layer2.conv1,element,5,"(14, 13, 7)",0,0.0,False,0.86,0.0,False,,116,16384.0,64.0,8.0,0.99609375,False,False,1
1970,layer3.conv2,element,1,"(22, 28, 25)",1,0.005,True,0.865,-0.0050000000000000044,False,,118,24576.0,16384.0,0.5849628448486328,0.3333333432674408,False,False,1
1971,layer3.conv2,element,1,"(128, 43, 8)",0,0.0,False,0.86,0.0,False,,245,-20480.0,-28672.0,0.4854269027709961,0.4000000059604645,False,False,1
1972,layer3.conv2,element,6,"(105, 53, 17)",0,0.0,False,0.86,0.0,False,,245,-20480.0,-0.3125,16.0,0.9999847412109375,False,False,1
1973,layer3.conv2,element,5,"(53, 33, 19)",0,0.0,False,0.86,0.0,False,,240,-8192.0,-32.0,8.0,0.99609375,False,False,1
1974,layer3.conv2,element,4,"(171, 10, 26)",0,0.0,False,0.86,0.0,False,,115,14336.0,896.0,4.0,0.9375,False,False,1
1975,layer2.conv2,element,1,"(78, 22, 19)",0,0.0,False,0.86,0.0,False,,241,-10240.0,-14336.0,0.4854269027709961,0.4000000059604645,False,False,1
1976,layer3.conv1,element,3,"(173, 10, 30)",1,0.005,True,0.865,-0.0050000000000000044,False,,115,14336.0,57344.0,2.0,3.0,False,False,1
1977,layer3.conv2,element,5,"(14, 51, 17)",0,0.0,False,0.86,0.0,False,,239,-7168.0,-28.0,8.0,0.99609375,False,False,1
1978,layer3.conv2,element,0,"(23, 27, 3)",0,0.0,False,0.86,0.0,False,,115,14336.0,12288.0,0.22239208221435547,0.1428571492433548,False,False,1
1979,layer2.conv2,element,3,"(2, 4, 19)",200,1.0,True,0.0,0.86,True,,117,20480.0,,inf,inf,False,True,1
1980,layer3.conv2,scale,5,"(80, 15)",0,0.0,False,0.86,0.0,False,,109,109.0,77.0,32.0,inf,False,False,32
1981,layer3.conv2,element,3,"(159, 14, 21)",0,0.0,False,0.86,0.0,False,,241,-10240.0,-40960.0,2.0,3.0,False,False,1
1982,layer3.conv2,element,7,"(1, 0, 26)",0,0.0,False,0.86,0.0,False,,237,-5120.0,5120.0,0.0,2.0,True,False,1
1983,layer2.conv2,element,6,"(56, 13, 15)",0,0.0,False,0.86,0.0,False,,240,-8192.0,-0.125,16.0,0.9999847412109375,False,False,1
1984,layer2.conv2,element,5,"(19, 13, 1)",0,0.0,False,0.86,0.0,False,,233,-2560.0,-10.0,8.0,0.99609375,False,False,1
1985,layer2.conv2,element,0,"(49, 12, 9)",0,0.0,False,0.86,0.0,False,,101,1280.0,1024.0,0.3219280242919922,0.20000000298023224,False,False,1
1986,layer3.conv1,element,5,"(170, 3, 29)",0,0.0,False,0.86,0.0,False,,229,-1280.0,-5.0,8.0,0.99609375,False,False,1
1987,layer2.conv1,element,3,"(84, 10, 3)",1,0.005,True,0.865,-0.0050000000000000044,False,,110,6144.0,1536.0,2.0,0.75,False,False,1
1988,layer3.conv1,element,6,"(143, 8, 17)",0,0.0,False,0.86,0.0,False,,89,160.0,0.00244140625,16.0,0.9999847412109375,False,False,1
1989,layer1.conv1,element,1,"(36, 6, 29)",0,0.0,False,0.86,0.0,False,,238,-6144.0,-4096.0,0.5849628448486328,0.3333333432674408,False,False,1
1990,layer3.conv2,element,0,"(69, 31, 1)",0,0.0,False,0.86,0.0,False,,238,-6144.0,-7168.0,0.22239208221435547,0.1666666716337204,False,False,1
1991,layer3.conv2,element,3,"(122, 7, 13)",0,0.0,False,0.86,0.0,False,,243,-14336.0,-57344.0,2.0,3.0,False,False,1
1992,layer3.conv2,element,4,"(163, 4, 1)",0,0.0,False,0.86,0.0,False,,116,16384.0,1024.0,4.0,0.9375,False,False,1
1993,layer3.shortcut.0,element,3,"(74, 0, 28)",0,0.0,False,0.86,0.0,False,,112,8192.0,32768.0,2.0,3.0,False,False,1
1994,layer3.shortcut.0,element,1,"(56, 1, 4)",1,0.005,True,0.865,-0.0050000000000000044,False,,247,-28672.0,-20480.0,0.4854269027709961,0.2857142984867096,False,False,1
1995,layer3.conv1,element,4,"(130, 26, 30)",1,0.005,True,0.865,-0.0050000000000000044,False,,121,40960.0,2560.0,4.0,0.9375,False,False,1
1996,layer2.conv2,element,5,"(4, 17, 3)",1,0.005,True,0.865,-0.0050000000000000044,False,,237,-5120.0,-20.0,8.0,0.99609375,False,False,1
1997,layer3.conv2,element,7,"(31, 23, 2)",0,0.0,False,0.86,0.0,False,,227,-896.0,896.0,0.0,2.0,True,False,1
1998,layer3.conv1,element,2,"(49, 14, 24)",0,0.0,False,0.86,0.0,False,,118,24576.0,12288.0,1.0,0.5,False,False,1
1999,layer3.conv1,element,7,"(101, 18, 19)",0,0.0,False,0.86,0.0,False,,248,-32768.0,32768.0,0.0,2.0,True,False,1
2000,layer3.shortcut.0,element,4,"(97, 0, 22)",1,0.005,True,0.865,-0.0050000000000000044,False,,229,-1280.0,-20480.0,4.0,15.0,False,False,1
2001,layer3.conv2,element,1,"(83, 22, 16)",0,0.0,False,0.86,0.0,False,,238,-6144.0,-4096.0,0.5849628448486328,0.3333333432674408,False,False,1
2002,layer3.conv2,element,2,"(97, 14, 28)",0,0.0,False,0.86,0.0,False,,104,2048.0,4096.0,1.0,1.0,False,False,1
2003,layer2.conv2,element,5,"(36, 8, 24)",0,0.0,False,0.86,0.0,False,,99,896.0,3.5,8.0,0.99609375,False,False,1
2004,layer3.conv2,element,7,"(179, 32, 2)",0,0.0,False,0.86,0.0,False,,240,-8192.0,8192.0,0.0,2.0,True,False,1
2005,layer3.conv2,element,3,"(59, 8, 4)",1,0.005,True,0.865,-0.0050000000000000044,False,,113,10240.0,40960.0,2.0,3.0,False,False,1
2006,layer2.shortcut.0,element,0,"(67, 0, 6)",0,0.0,False,0.86,0.0,False,,240,-8192.0,-10240.0,0.3219280242919922,0.25,False,False,1
2007,layer3.conv2,element,3,"(44, 2, 25)",1,0.005,True,0.865,-0.0050000000000000044,False,,113,10240.0,40960.0,2.0,3.0,False,False,1
2008,layer3.conv2,element,3,"(26, 25, 22)",0,0.0,False,0.86,0.0,False,,107,3584.0,896.0,2.0,0.75,False,False,1
2009,layer3.conv2,element,2,"(95, 25, 16)",0,0.0,False,0.86,0.0,False,,240,-8192.0,-16384.0,1.0,1.0,False,False,1
2010,layer3.conv1,element,3,"(71, 2, 12)",0,0.0,False,0.86,0.0,False,,114,12288.0,49152.0,2.0,3.0,False,False,1
2011,layer3.conv2,element,6,"(26, 1, 11)",0,0.0,False,0.86,0.0,False,,240,-8192.0,-0.125,16.0,0.9999847412109375,False,False,1
2012,layer3.conv1,element,0,"(9, 13, 18)",0,0.0,False,0.86,0.0,False,,245,-20480.0,-16384.0,0.3219280242919922,0.20000000298023224,False,False,1
2013,layer2.conv2,element,7,"(74, 6, 19)",0,0.0,False,0.86,0.0,False,,243,-14336.0,14336.0,0.0,2.0,True,False,1
2014,layer1.conv1,scale,1,"(13, 1)",6,0.03,True,0.855,0.0050000000000000044,False,,108,108.0,110.0,2.0,inf,False,False,32
2015,layer3.conv2,scale,5,"(175, 3)",0,0.0,False,0.86,0.0,False,,109,109.0,77.0,32.0,inf,False,False,32
2016,layer3.conv2,element,5,"(125, 2, 21)",0,0.0,False,0.86,0.0,False,,111,7168.0,28.0,8.0,0.99609375,False,False,1
2017,layer2.conv2,element,4,"(45, 11, 17)",0,0.0,False,0.86,0.0,False,,240,-8192.0,-512.0,4.0,0.9375,False,False,1
2018,layer2.shortcut.0,element,5,"(24, 0, 13)",0,0.0,False,0.86,0.0,False,,116,16384.0,64.0,8.0,0.99609375,False,False,1
2019,layer3.conv2,element,7,"(92, 7, 21)",0,0.0,False,0.86,0.0,False,,118,24576.0,-24576.0,0.0,2.0,True,False,1
2020,layer2.conv2,element,2,"(48, 2, 13)",0,0.0,False,0.86,0.0,False,,104,2048.0,4096.0,1.0,1.0,False,False,1
2021,layer3.conv1,element,7,"(64, 18, 7)",0,0.0,False,0.86,0.0,False,,237,-5120.0,5120.0,0.0,2.0,True,False,1
2022,layer3.conv2,element,0,"(30, 16, 28)",0,0.0,False,0.86,0.0,False,,121,40960.0,32768.0,0.3219280242919922,0.20000000298023224,False,False,1
2023,layer3.conv2,element,0,"(72, 19, 1)",0,0.0,False,0.86,0.0,False,,241,-10240.0,-8192.0,0.3219280242919922,0.20000000298023224,False,False,1
2024,layer3.conv1,element,1,"(73, 24, 1)",0,0.0,False,0.86,0.0,False,,119,28672.0,20480.0,0.4854269027709961,0.2857142984867096,False,False,1
2025,layer3.conv1,element,6,"(50, 26, 10)",0,0.0,False,0.86,0.0,False,,238,-6144.0,-0.09375,16.0,0.9999847412109375,False,False,1
2026,layer2.conv1,element,7,"(92, 5, 4)",1,0.005,True,0.865,-0.0050000000000000044,False,,233,-2560.0,2560.0,0.0,2.0,True,False,1
2027,layer1.conv2,element,6,"(5, 13, 6)",0,0.0,False,0.86,0.0,False,,120,32768.0,0.5,16.0,0.9999847412109375,False,False,1
2028,layer3.conv2,element,2,"(113, 12, 27)",0,0.0,False,0.86,0.0,False,,230,-1536.0,-768.0,1.0,0.5,False,False,1
2029,layer3.conv2,element,1,"(145, 39, 4)",0,0.0,False,0.86,0.0,False,,113,10240.0,14336.0,0.4854269027709961,0.4000000059604645,False,False,1
2030,layer3.shortcut.0,element,3,"(105, 0, 29)",0,0.0,False,0.86,0.0,False,,226,-768.0,-3072.0,2.0,3.0,False,False,1
2031,layer2.conv2,scale,3,"(72, 19)",1,0.005,True,0.865,-0.0050000000000000044,False,,108,108.0,100.0,8.0,inf,False,False,32
2032,layer3.conv2,element,1,"(87, 40, 4)",0,0.0,False,0.86,0.0,False,,212,-64.0,-96.0,0.5849623680114746,0.5,False,False,1
2033,layer3.conv2,element,7,"(58, 30, 28)",0,0.0,False,0.86,0.0,False,,249,-40960.0,40960.0,0.0,2.0,True,False,1
2034,layer2.conv2,element,3,"(55, 14, 25)",200,1.0,True,0.0,0.86,True,,118,24576.0,,inf,inf,False,True,1
2035,layer3.conv2,element,6,"(135, 7, 13)",0,0.0,False,0.86,0.0,False,,251,-57344.0,-0.875,16.0,0.9999847412109375,False,False,1
2036,layer3.shortcut.0,element,2,"(27, 0, 15)",0,0.0,False,0.86,0.0,False,,102,1536.0,768.0,1.0,0.5,False,False,1
2037,layer3.shortcut.0,element,4,"(101, 2, 15)",0,0.0,False,0.86,0.0,False,,114,12288.0,768.0,4.0,0.9375,False,False,1
2038,layer3.conv1,element,4,"(105, 13, 30)",1,0.005,True,0.865,-0.0050000000000000044,False,,114,12288.0,768.0,4.0,0.9375,False,False,1
2039,layer3.conv2,element,6,"(110, 2, 6)",0,0.0,False,0.86,0.0,False,,240,-8192.0,-0.125,16.0,0.9999847412109375,False,False,1
2040,layer3.conv2,element,0,"(56, 47, 2)",0,0.0,False,0.86,0.0,False,,247,-28672.0,-24576.0,0.22239208221435547,0.1428571492433548,False,False,1
2041,layer3.conv2,element,2,"(162, 32, 15)",0,0.0,False,0.86,0.0,False,,115,14336.0,28672.0,1.0,1.0,False,False,1
2042,layer1.conv2,element,5,"(44, 5, 27)",1,0.005,True,0.865,-0.0050000000000000044,False,,123,57344.0,224.0,8.0,0.99609375,False,False,1
2043,layer3.conv2,element,6,"(94, 20, 21)",0,0.0,False,0.86,0.0,False,,120,32768.0,0.5,16.0,0.9999847412109375,False,False,1
2044,layer3.conv2,element,2,"(38, 26, 9)",0,0.0,False,0.86,0.0,False,,234,-3072.0,-6144.0,1.0,1.0,False,False,1
2045,layer3.conv2,element,1,"(174, 44, 7)",0,0.0,False,0.86,0.0,False,,114,12288.0,8192.0,0.5849628448486328,0.3333333432674408,False,False,1
2046,layer3.conv1,element,2,"(34, 22, 10)",1,0.005,True,0.865,-0.0050000000000000044,False,,241,-10240.0,-20480.0,1.0,1.0,False,False,1
2047,layer2.conv1,scale,1,"(50, 10)",2,0.01,True,0.86,0.0,False,,108,108.0,110.0,2.0,inf,False,False,32
2048,layer1.conv2,element,3,"(45, 4, 2)",0,0.0,False,0.86,0.0,False,,100,1024.0,4096.0,2.0,3.0,False,False,1
2049,layer3.conv2,scale,3,"(48, 15)",0,0.0,False,0.86,0.0,False,,110,110.0,102.0,8.0,inf,False,False,32
2050,layer3.conv1,element,7,"(92, 22, 19)",0,0.0,False,0.86,0.0,False,,233,-2560.0,2560.0,0.0,2.0,True,False,1
2051,layer3.conv2,element,4,"(41, 47, 2)",0,0.0,False,0.86,0.0,False,,114,12288.0,768.0,4.0,0.9375,False,False,1
2052,layer3.conv1,element,5,"(170, 6, 14)",1,0.005,True,0.865,-0.0050000000000000044,False,,120,32768.0,128.0,8.0,0.99609375,False,False,1
2053,layer3.conv2,element,1,"(32, 12, 2)",0,0.0,False,0.86,0.0,False,,110,6144.0,4096.0,0.5849628448486328,0.3333333432674408,False,False,1
2054,layer3.conv2,element,7,"(165, 16, 22)",0,0.0,False,0.86,0.0,False,,235,-3584.0,3584.0,0.0,2.0,True,False,1
2055,layer3.conv1,element,2,"(20, 21, 14)",0,0.0,False,0.86,0.0,False,,247,-28672.0,-14336.0,1.0,0.5,False,False,1
2056,layer3.conv2,element,2,"(182, 43, 17)",0,0.0,False,0.86,0.0,False,,238,-6144.0,-3072.0,1.0,0.5,False,False,1
2057,layer3.conv2,element,2,"(113, 15, 30)",200,1.0,True,0.0,0.86,True,,249,-40960.0,,inf,inf,False,True,1
2058,layer3.conv2,element,5,"(64, 40, 15)",1,0.005,True,0.865,-0.0050000000000000044,False,,120,32768.0,128.0,8.0,0.99609375,False,False,1
2059,layer3.conv2,element,6,"(68, 19, 19)",0,0.0,False,0.86,0.0,False,,226,-768.0,-0.01171875,16.0,0.9999847412109375,False,False,1
2060,layer3.shortcut.0,element,1,"(149, 2, 8)",0,0.0,False,0.86,0.0,False,,251,-57344.0,-40960.0,0.4854269027709961,0.2857142984867096,False,False,1
2061,layer3.conv2,element,6,"(73, 24, 1)",0,0.0,False,0.86,0.0,False,,236,-4096.0,-0.0625,16.0,0.9999847412109375,False,False,1
2062,layer3.conv1,element,6,"(162, 24, 25)",0,0.0,False,0.86,0.0,False,,115,14336.0,0.21875,16.0,0.9999847412109375,False,False,1
2063,layer1.conv2,element,1,"(28, 1, 25)",0,0.0,False,0.86,0.0,False,,96,512.0,768.0,0.5849628448486328,0.5,False,False,1
2064,layer1.conv2,element,7,"(12, 5, 21)",0,0.0,False,0.86,0.0,False,,97,640.0,-640.0,0.0,2.0,True,False,1
2065,layer3.conv2,element,0,"(46, 38, 16)",0,0.0,False,0.86,0.0,False,,246,-24576.0,-28672.0,0.22239208221435547,0.1666666716337204,False,False,1
2066,layer2.conv1,element,6,"(11, 10, 16)",0,0.0,False,0.86,0.0,False,,244,-16384.0,-0.25,16.0,0.9999847412109375,False,False,1
2067,layer3.conv2,element,5,"(125, 12, 11)",0,0.0,False,0.86,0.0,False,,246,-24576.0,-96.0,8.0,0.99609375,False,False,1
2068,layer3.conv2,element,4,"(116, 19, 19)",0,0.0,False,0.86,0.0,False,,118,24576.0,1536.0,4.0,0.9375,False,False,1
2069,layer3.conv1,element,4,"(116, 19, 28)",200,1.0,True,0.0,0.86,True,,109,5120.0,,inf,inf,False,True,1
2070,layer3.conv2,element,7,"(169, 53, 11)",0,0.0,False,0.86,0.0,False,,120,32768.0,-32768.0,0.0,2.0,True,False,1
2071,layer2.conv2,element,3,"(55, 3, 27)",200,1.0,True,0.0,0.86,True,,245,-20480.0,,inf,inf,False,True,1
2072,layer3.conv2,element,3,"(151, 52, 10)",0,0.0,False,0.86,0.0,False,,248,-32768.0,-8192.0,2.0,0.75,False,False,1
2073,layer1.conv2,element,2,"(25, 3, 29)",1,0.005,True,0.865,-0.0050000000000000044,False,,116,16384.0,8192.0,1.0,0.5,False,False,1
2074,layer2.conv2,element,3,"(14, 26, 22)",1,0.005,True,0.865,-0.0050000000000000044,False,,242,-12288.0,-49152.0,2.0,3.0,False,False,1
2075,layer3.conv1,element,3,"(136, 24, 4)",200,1.0,True,0.0,0.86,True,,245,-20480.0,,inf,inf,False,True,1
2076,layer3.conv2,element,1,"(83, 22, 9)",0,0.0,False,0.86,0.0,False,,240,-8192.0,-12288.0,0.5849628448486328,0.5,False,False,1
2077,layer3.conv1,scale,1,"(175, 20)",2,0.01,True,0.86,0.0,False,,108,108.0,110.0,2.0,inf,False,False,32
2078,layer3.conv2,element,4,"(94, 21, 9)",0,0.0,False,0.86,0.0,False,,246,-24576.0,-1536.0,4.0,0.9375,False,False,1
2079,layer3.conv2,scale,4,"(167, 3)",178,0.89,True,0.1,0.76,False,,109,109.0,125.0,16.0,inf,False,False,32
2080,layer1.conv1,scale,1,"(11, 8)",4,0.02,True,0.87,-0.010000000000000009,False,,109,109.0,111.0,2.0,inf,False,False,32
2081,layer3.conv2,element,4,"(143, 46, 14)",1,0.005,True,0.865,-0.0050000000000000044,False,,120,32768.0,2048.0,4.0,0.9375,False,False,1
2082,layer3.conv2,element,3,"(186, 38, 25)",0,0.0,False,0.86,0.0,False,,241,-10240.0,-40960.0,2.0,3.0,False,False,1
2083,layer1.conv2,element,1,"(35, 4, 25)",0,0.0,False,0.86,0.0,False,,238,-6144.0,-4096.0,0.5849628448486328,0.3333333432674408,False,False,1
2084,layer3.conv1,element,2,"(14, 20, 28)",0,0.0,False,0.86,0.0,False,,245,-20480.0,-10240.0,1.0,0.5,False,False,1
2085,layer1.conv2,element,0,"(36, 9, 5)",0,0.0,False,0.86,0.0,False,,242,-12288.0,-14336.0,0.22239208221435547,0.1666666716337204,False,False,1
2086,layer3.conv2,element,2,"(28, 31, 2)",0,0.0,False,0.86,0.0,False,,106,3072.0,6144.0,1.0,1.0,False,False,1
2087,layer3.conv2,element,6,"(91, 35, 26)",0,0.0,False,0.86,0.0,False,,104,2048.0,0.03125,16.0,0.9999847412109375,False,False,1
2088,layer2.conv2,element,7,"(56, 18, 27)",1,0.005,True,0.865,-0.0050000000000000044,False,,245,-20480.0,20480.0,0.0,2.0,True,False,1
2089,layer3.conv1,element,7,"(180, 16, 25)",0,0.0,False,0.86,0.0,False,,222,-384.0,384.0,0.0,2.0,True,False,1
2090,layer1.conv2,element,4,"(30, 6, 27)",1,0.005,True,0.865,-0.0050000000000000044,False,,242,-12288.0,-768.0,4.0,0.9375,False,False,1
2091,layer3.conv2,element,2,"(186, 3, 24)",0,0.0,False,0.86,0.0,False,,244,-16384.0,-8192.0,1.0,0.5,False,False,1
2092,layer3.conv2,element,0,"(67, 26, 3)",0,0.0,False,0.86,0.0,False,,245,-20480.0,-16384.0,0.3219280242919922,0.20000000298023224,False,False,1
2093,layer2.conv2,element,5,"(30, 2, 21)",1,0.005,True,0.865,-0.0050000000000000044,False,,111,7168.0,28.0,8.0,0.99609375,False,False,1
2094,layer1.conv2,element,2,"(23, 8, 0)",0,0.0,False,0.86,0.0,False,,106,3072.0,6144.0,1.0,1.0,False,False,1
2095,layer3.conv1,element,6,"(59, 25, 14)",0,0.0,False,0.86,0.0,False,,250,-49152.0,-0.75,16.0,0.9999847412109375,False,False,1
2096,layer3.conv2,element,5,"(110, 38, 6)",0,0.0,False,0.86,0.0,False,,117,20480.0,80.0,8.0,0.99609375,False,False,1
2097,layer3.conv1,element,6,"(174, 14, 14)",0,0.0,False,0.86,0.0,False,,120,32768.0,0.5,16.0,0.9999847412109375,False,False,1
2098,layer3.conv2,element,4,"(167, 14, 24)",200,1.0,True,0.0,0.86,True,,111,7168.0,,inf,inf,False,True,1
2099,layer3.conv1,element,7,"(187, 11, 27)",0,0.0,False,0.86,0.0,False,,112,8192.0,-8192.0,0.0,2.0,True,False,1
2100,layer3.conv2,element,1,"(44, 1, 25)",0,0.0,False,0.86,0.0,False,,235,-3584.0,-2560.0,0.4854269027709961,0.2857142984867096,False,False,1
2101,layer3.conv2,element,0,"(18, 9, 14)",0,0.0,False,0.86,0.0,False,,111,7168.0,6144.0,0.22239208221435547,0.1428571492433548,False,False,1
2102,layer2.conv2,element,1,"(57, 1, 19)",0,0.0,False,0.86,0.0,False,,109,5120.0,7168.0,0.4854269027709961,0.4000000059604645,False,False,1
2103,layer3.conv1,element,5,"(135, 15, 12)",1,0.005,True,0.865,-0.0050000000000000044,False,,110,6144.0,24.0,8.0,0.99609375,False,False,1
2104,layer3.conv1,element,0,"(154, 14, 20)",0,0.0,False,0.86,0.0,False,,95,448.0,384.0,0.22239208221435547,0.1428571492433548,False,False,1
2105,layer3.conv2,element,4,"(153, 51, 22)",0,0.0,False,0.86,0.0,False,,235,-3584.0,-57344.0,4.0,15.0,False,False,1
2106,layer3.conv2,element,0,"(188, 2, 1)",0,0.0,False,0.86,0.0,False,,109,5120.0,4096.0,0.3219280242919922,0.20000000298023224,False,False,1
2107,layer3.conv2,element,1,"(87, 8, 30)",0,0.0,False,0.86,0.0,False,,114,12288.0,8192.0,0.5849628448486328,0.3333333432674408,False,False,1
2108,layer1.conv2,element,4,"(39, 6, 19)",1,0.005,True,0.865,-0.0050000000000000044,False,,114,12288.0,768.0,4.0,0.9375,False,False,1
2109,layer3.conv2,element,0,"(127, 23, 8)",0,0.0,False,0.86,0.0,False,,242,-12288.0,-14336.0,0.22239208221435547,0.1666666716337204,False,False,1
2110,layer3.conv1,element,2,"(74, 10, 17)",0,0.0,False,0.86,0.0,False,,105,2560.0,5120.0,1.0,1.0,False,False,1
2111,layer3.conv1,element,4,"(147, 5, 11)",0,0.0,False,0.86,0.0,False,,245,-20480.0,-1280.0,4.0,0.9375,False,False,1
2112,layer3.conv1,element,2,"(67, 24, 31)",0,0.0,False,0.86,0.0,False,,247,-28672.0,-14336.0,1.0,0.5,False,False,1
2113,layer3.conv1,element,6,"(27, 5, 2)",0,0.0,False,0.86,0.0,False,,243,-14336.0,-0.21875,16.0,0.9999847412109375,False,False,1
2114,layer2.conv2,element,4,"(62, 21, 1)",200,1.0,True,0.0,0.86,True,,238,-6144.0,,inf,inf,False,True,1
2115,layer3.conv2,element,0,"(107, 16, 6)",0,0.0,False,0.86,0.0,False,,112,8192.0,10240.0,0.3219280242919922,0.25,False,False,1
2116,layer3.conv2,element,5,"(65, 44, 26)",0,0.0,False,0.86,0.0,False,,234,-3072.0,-12.0,8.0,0.99609375,False,False,1
2117,layer3.conv2,element,5,"(37, 41, 5)",0,0.0,False,0.86,0.0,False,,239,-7168.0,-28.0,8.0,0.99609375,False,False,1
2118,layer3.conv2,element,0,"(189, 27, 17)",0,0.0,False,0.86,0.0,False,,121,40960.0,32768.0,0.3219280242919922,0.20000000298023224,False,False,1
2119,layer3.conv1,element,6,"(88, 4, 2)",1,0.005,True,0.865,-0.0050000000000000044,False,,251,-57344.0,-0.875,16.0,0.9999847412109375,False,False,1
2120,layer3.conv1,element,0,"(174, 6, 15)",0,0.0,False,0.86,0.0,False,,244,-16384.0,-20480.0,0.3219280242919922,0.25,False,False,1
2121,layer3.conv1,element,1,"(36, 2, 14)",0,0.0,False,0.86,0.0,False,,245,-20480.0,-28672.0,0.4854269027709961,0.4000000059604645,False,False,1
2122,layer3.conv1,element,1,"(66, 3, 21)",0,0.0,False,0.86,0.0,False,,117,20480.0,28672.0,0.4854269027709961,0.4000000059604645,False,False,1
2123,layer3.conv1,element,6,"(127, 15, 17)",0,0.0,False,0.86,0.0,False,,245,-20480.0,-0.3125,16.0,0.9999847412109375,False,False,1
2124,layer3.conv2,element,5,"(45, 21, 14)",1,0.005,True,0.865,-0.0050000000000000044,False,,121,40960.0,160.0,8.0,0.99609375,False,False,1
2125,layer1.conv1,element,1,"(41, 3, 25)",2,0.01,True,0.87,-0.010000000000000009,False,,118,24576.0,16384.0,0.5849628448486328,0.3333333432674408,False,False,1
2126,layer2.conv2,element,3,"(70, 19, 31)",0,0.0,False,0.86,0.0,False,,229,-1280.0,-5120.0,2.0,3.0,False,False,1
2127,layer2.conv2,element,4,"(44, 3, 12)",1,0.005,True,0.865,-0.0050000000000000044,False,,107,3584.0,57344.0,4.0,15.0,False,False,1
2128,layer3.conv2,element,3,"(185, 25, 17)",200,1.0,True,0.0,0.86,True,,246,-24576.0,,inf,inf,False,True,1
2129,layer3.conv2,element,3,"(176, 35, 8)",1,0.005,True,0.865,-0.0050000000000000044,False,,113,10240.0,40960.0,2.0,3.0,False,False,1
2130,layer1.conv1,element,6,"(28, 13, 7)",1,0.005,True,0.865,-0.0050000000000000044,False,,121,40960.0,0.625,16.0,0.9999847412109375,False,False,1
2131,layer3.conv2,element,3,"(141, 14, 7)",0,0.0,False,0.86,0.0,False,,114,12288.0,49152.0,2.0,3.0,False,False,1
2132,layer3.conv2,element,0,"(25, 23, 25)",0,0.0,False,0.86,0.0,False,,121,40960.0,32768.0,0.3219280242919922,0.20000000298023224,False,False,1
2133,layer3.conv1,element,7,"(144, 25, 12)",0,0.0,False,0.86,0.0,False,,244,-16384.0,16384.0,0.0,2.0,True,False,1
2134,layer3.conv1,element,0,"(185, 17, 9)",0,0.0,False,0.86,0.0,False,,117,20480.0,16384.0,0.3219280242919922,0.20000000298023224,False,False,1
2135,layer3.conv2,element,7,"(118, 43, 7)",0,0.0,False,0.86,0.0,False,,248,-32768.0,32768.0,0.0,2.0,True,False,1
2136,conv1,element,2,"(6, 0, 13)",199,0.995,True,0.0,0.86,True,,120,32768.0,inf,inf,inf,False,True,1
2137,layer1.conv2,element,3,"(2, 11, 17)",0,0.0,False,0.86,0.0,False,,232,-2048.0,-512.0,2.0,0.75,False,False,1
2138,layer3.conv2,element,0,"(21, 14, 5)",0,0.0,False,0.86,0.0,False,,239,-7168.0,-6144.0,0.22239208221435547,0.1428571492433548,False,False,1
2139,layer3.conv2,element,6,"(141, 41, 10)",0,0.0,False,0.86,0.0,False,,112,8192.0,0.125,16.0,0.9999847412109375,False,False,1
2140,layer1.conv1,element,4,"(2, 5, 9)",0,0.0,False,0.86,0.0,False,,248,-32768.0,-2048.0,4.0,0.9375,False,False,1
2141,layer3.conv2,element,4,"(10, 29, 29)",1,0.005,True,0.865,-0.0050000000000000044,False,,118,24576.0,1536.0,4.0,0.9375,False,False,1
2142,layer3.conv2,element,7,"(44, 13, 2)",0,0.0,False,0.86,0.0,False,,119,28672.0,-28672.0,0.0,2.0,True,False,1
2143,layer2.conv2,element,4,"(87, 26, 9)",0,0.0,False,0.86,0.0,False,,106,3072.0,49152.0,4.0,15.0,False,False,1
2144,layer3.conv2,element,5,"(74, 27, 22)",0,0.0,False,0.86,0.0,False,,250,-49152.0,-192.0,8.0,0.99609375,False,False,1
2145,layer3.conv2,element,3,"(143, 32, 17)",0,0.0,False,0.86,0.0,False,,250,-49152.0,-12288.0,2.0,0.75,False,False,1
2146,layer3.conv2,element,7,"(95, 2, 5)",0,0.0,False,0.86,0.0,False,,246,-24576.0,24576.0,0.0,2.0,True,False,1
2147,layer3.conv1,element,7,"(96, 12, 28)",0,0.0,False,0.86,0.0,False,,113,10240.0,-10240.0,0.0,2.0,True,False,1
2148,layer3.conv2,element,0,"(86, 28, 21)",0,0.0,False,0.86,0.0,False,,121,40960.0,32768.0,0.3219280242919922,0.20000000298023224,False,False,1
2149,layer3.conv2,element,1,"(58, 8, 5)",0,0.0,False,0.86,0.0,False,,222,-384.0,-256.0,0.5849628448486328,0.3333333432674408,False,False,1
2150,layer2.conv2,element,7,"(60, 3, 25)",0,0.0,False,0.86,0.0,False,,238,-6144.0,6144.0,0.0,2.0,True,False,1
2151,layer3.conv2,element,0,"(147, 37, 14)",0,0.0,False,0.86,0.0,False,,118,24576.0,28672.0,0.22239208221435547,0.1666666716337204,False,False,1
2152,layer3.conv1,element,3,"(147, 12, 10)",200,1.0,True,0.0,0.86,True,,245,-20480.0,,inf,inf,False,True,1
2153,layer3.conv2,element,2,"(16, 18, 27)",0,0.0,False,0.86,0.0,False,,233,-2560.0,-5120.0,1.0,1.0,False,False,1
2154,layer2.conv2,element,7,"(55, 2, 6)",0,0.0,False,0.86,0.0,False,,116,16384.0,-16384.0,0.0,2.0,True,False,1
2155,layer3.conv2,element,3,"(64, 10, 5)",0,0.0,False,0.86,0.0,False,,228,-1024.0,-4096.0,2.0,3.0,False,False,1
2156,layer3.conv2,element,2,"(30, 15, 24)",0,0.0,False,0.86,0.0,False,,245,-20480.0,-10240.0,1.0,0.5,False,False,1
2157,layer3.conv2,element,4,"(146, 43, 18)",0,0.0,False,0.86,0.0,False,,245,-20480.0,-1280.0,4.0,0.9375,False,False,1
2158,layer3.conv2,element,4,"(77, 9, 17)",0,0.0,False,0.86,0.0,False,,107,3584.0,57344.0,4.0,15.0,False,False,1
2159,layer2.conv1,element,0,"(28, 2, 29)",0,0.0,False,0.86,0.0,False,,242,-12288.0,-14336.0,0.22239208221435547,0.1666666716337204,False,False,1
2160,layer3.conv1,element,2,"(163, 18, 8)",0,0.0,False,0.86,0.0,False,,245,-20480.0,-10240.0,1.0,0.5,False,False,1
2161,layer3.conv1,element,7,"(56, 23, 25)",0,0.0,False,0.86,0.0,False,,114,12288.0,-12288.0,0.0,2.0,True,False,1
2162,layer3.conv1,element,6,"(162, 0, 5)",0,0.0,False,0.86,0.0,False,,243,-14336.0,-0.21875,16.0,0.9999847412109375,False,False,1
2163,layer3.conv2,element,2,"(49, 38, 24)",0,0.0,False,0.86,0.0,False,,242,-12288.0,-24576.0,1.0,1.0,False,False,1
2164,layer3.conv1,element,7,"(182, 21, 30)",0,0.0,False,0.86,0.0,False,,106,3072.0,-3072.0,0.0,2.0,True,False,1
2165,layer3.conv2,element,6,"(84, 8, 0)",0,0.0,False,0.86,0.0,False,,116,16384.0,0.25,16.0,0.9999847412109375,False,False,1
2166,layer3.conv2,element,1,"(127, 22, 24)",0,0.0,False,0.86,0.0,False,,245,-20480.0,-28672.0,0.4854269027709961,0.4000000059604645,False,False,1
2167,layer3.conv2,element,2,"(186, 36, 28)",0,0.0,False,0.86,0.0,False,,238,-6144.0,-3072.0,1.0,0.5,False,False,1
2168,layer3.conv2,element,4,"(93, 7, 15)",0,0.0,False,0.86,0.0,False,,118,24576.0,1536.0,4.0,0.9375,False,False,1
2169,layer3.conv1,element,2,"(161, 9, 0)",0,0.0,False,0.86,0.0,False,,112,8192.0,16384.0,1.0,1.0,False,False,1
2170,layer2.conv2,element,7,"(71, 10, 6)",0,0.0,False,0.86,0.0,False,,245,-20480.0,20480.0,0.0,2.0,True,False,1
2171,layer3.conv2,element,1,"(120, 33, 27)",0,0.0,False,0.86,0.0,False,,114,12288.0,8192.0,0.5849628448486328,0.3333333432674408,False,False,1
2172,layer3.conv1,element,1,"(106, 3, 11)",0,0.0,False,0.86,0.0,False,,112,8192.0,12288.0,0.5849628448486328,0.5,False,False,1
2173,layer1.conv2,element,2,"(11, 1, 15)",1,0.005,True,0.865,-0.0050000000000000044,False,,238,-6144.0,-3072.0,1.0,0.5,False,False,1
2174,layer3.conv1,element,1,"(179, 15, 13)",0,0.0,False,0.86,0.0,False,,115,14336.0,10240.0,0.4854269027709961,0.2857142984867096,False,False,1
2175,layer3.conv1,element,7,"(144, 14, 19)",0,0.0,False,0.86,0.0,False,,243,-14336.0,14336.0,0.0,2.0,True,False,1
2176,layer3.conv1,element,6,"(159, 12, 31)",1,0.005,True,0.865,-0.0050000000000000044,False,,250,-49152.0,-0.75,16.0,0.9999847412109375,False,False,1
2177,layer3.conv1,element,4,"(1, 11, 29)",200,1.0,True,0.0,0.86,True,,238,-6144.0,,inf,inf,False,True,1
2178,layer3.conv2,element,0,"(60, 0, 19)",0,0.0,False,0.86,0.0,False,,240,-8192.0,-10240.0,0.3219280242919922,0.25,False,False,1
2179,layer3.conv1,element,0,"(87, 20, 20)",0,0.0,False,0.86,0.0,False,,119,28672.0,24576.0,0.22239208221435547,0.1428571492433548,False,False,1
2180,layer3.conv1,element,3,"(155, 10, 28)",200,1.0,True,0.0,0.86,True,,119,28672.0,,inf,inf,False,True,1
2181,layer2.conv1,element,1,"(94, 0, 21)",0,0.0,False,0.86,0.0,False,,114,12288.0,8192.0,0.5849628448486328,0.3333333432674408,False,False,1
2182,layer2.conv2,element,4,"(26, 26, 0)",0,0.0,False,0.86,0.0,False,,232,-2048.0,-32768.0,4.0,15.0,False,False,1
2183,layer3.conv2,element,5,"(107, 25, 26)",0,0.0,False,0.86,0.0,False,,113,10240.0,40.0,8.0,0.99609375,False,False,1
2184,layer3.conv2,element,5,"(162, 14, 30)",0,0.0,False,0.86,0.0,False,,238,-6144.0,-24.0,8.0,0.99609375,False,False,1
2185,layer3.conv2,element,4,"(94, 4, 16)",0,0.0,False,0.86,0.0,False,,240,-8192.0,-512.0,4.0,0.9375,False,False,1
2186,layer3.conv2,element,1,"(32, 5, 25)",0,0.0,False,0.86,0.0,False,,113,10240.0,14336.0,0.4854269027709961,0.4000000059604645,False,False,1
2187,layer3.conv2,element,1,"(33, 15, 14)",0,0.0,False,0.86,0.0,False,,239,-7168.0,-5120.0,0.4854269027709961,0.2857142984867096,False,False,1
2188,layer2.conv2,element,7,"(43, 16, 3)",1,0.005,True,0.865,-0.0050000000000000044,False,,117,20480.0,-20480.0,0.0,2.0,True,False,1
2189,layer3.conv2,element,5,"(104, 12, 30)",0,0.0,False,0.86,0.0,False,,234,-3072.0,-12.0,8.0,0.99609375,False,False,1
2190,layer3.conv2,element,0,"(167, 24, 7)",0,0.0,False,0.86,0.0,False,,245,-20480.0,-16384.0,0.3219280242919922,0.20000000298023224,False,False,1
2191,layer3.conv1,element,7,"(87, 17, 15)",0,0.0,False,0.86,0.0,False,,106,3072.0,-3072.0,0.0,2.0,True,False,1
2192,layer1.conv1,element,1,"(0, 10, 18)",0,0.0,False,0.86,0.0,False,,110,6144.0,4096.0,0.5849628448486328,0.3333333432674408,False,False,1
2193,layer3.conv2,element,6,"(4, 24, 4)",0,0.0,False,0.86,0.0,False,,243,-14336.0,-0.21875,16.0,0.9999847412109375,False,False,1
2194,layer3.conv2,element,3,"(144, 2, 10)",200,1.0,True,0.0,0.86,True,,244,-16384.0,-inf,inf,inf,False,True,1
2195,layer3.conv2,element,5,"(22, 50, 1)",0,0.0,False,0.86,0.0,False,,235,-3584.0,-14.0,8.0,0.99609375,False,False,1
2196,layer3.conv1,element,3,"(94, 25, 28)",0,0.0,False,0.86,0.0,False,,111,7168.0,1792.0,2.0,0.75,False,False,1
2197,layer3.conv2,element,2,"(154, 36, 0)",0,0.0,False,0.86,0.0,False,,240,-8192.0,-16384.0,1.0,1.0,False,False,1
2198,layer3.conv2,element,5,"(2, 33, 29)",0,0.0,False,0.86,0.0,False,,115,14336.0,56.0,8.0,0.99609375,False,False,1
2199,layer3.conv2,element,3,"(176, 12, 27)",0,0.0,False,0.86,0.0,False,,120,32768.0,8192.0,2.0,0.75,False,False,1
2200,layer2.conv2,element,3,"(76, 24, 10)",0,0.0,False,0.86,0.0,False,,110,6144.0,1536.0,2.0,0.75,False,False,1
2201,layer3.conv2,element,6,"(174, 6, 2)",0,0.0,False,0.86,0.0,False,,244,-16384.0,-0.25,16.0,0.9999847412109375,False,False,1
2202,layer2.conv2,element,6,"(18, 18, 13)",0,0.0,False,0.86,0.0,False,,115,14336.0,0.21875,16.0,0.9999847412109375,False,False,1
2203,layer3.conv1,element,4,"(169, 7, 5)",200,1.0,True,0.0,0.86,True,,239,-7168.0,,inf,inf,False,True,1
2204,layer3.conv2,element,0,"(67, 0, 3)",0,0.0,False,0.86,0.0,False,,237,-5120.0,-4096.0,0.3219280242919922,0.20000000298023224,False,False,1
2205,layer3.conv2,element,1,"(131, 23, 6)",0,0.0,False,0.86,0.0,False,,246,-24576.0,-16384.0,0.5849628448486328,0.3333333432674408,False,False,1
2206,layer1.conv2,element,7,"(37, 12, 10)",0,0.0,False,0.86,0.0,False,,243,-14336.0,14336.0,0.0,2.0,True,False,1
2207,layer3.conv2,element,2,"(132, 38, 30)",0,0.0,False,0.86,0.0,False,,106,3072.0,6144.0,1.0,1.0,False,False,1
2208,layer3.conv1,element,5,"(41, 23, 25)",0,0.0,False,0.86,0.0,False,,239,-7168.0,-28.0,8.0,0.99609375,False,False,1
2209,layer3.conv1,element,4,"(100, 9, 17)",0,0.0,False,0.86,0.0,False,,251,-57344.0,-3584.0,4.0,0.9375,False,False,1
2210,layer2.conv2,element,7,"(20, 12, 18)",0,0.0,False,0.86,0.0,False,,117,20480.0,-20480.0,0.0,2.0,True,False,1
2211,layer2.conv2,element,1,"(46, 13, 27)",0,0.0,False,0.86,0.0,False,,245,-20480.0,-28672.0,0.4854269027709961,0.4000000059604645,False,False,1
2212,layer3.conv2,element,6,"(39, 53, 8)",0,0.0,False,0.86,0.0,False,,107,3584.0,0.0546875,16.0,0.9999847412109375,False,False,1
2213,layer3.conv2,element,2,"(103, 38, 1)",0,0.0,False,0.86,0.0,False,,116,16384.0,8192.0,1.0,0.5,False,False,1
2214,layer3.conv1,element,7,"(145, 19, 20)",1,0.005,True,0.865,-0.0050000000000000044,False,,245,-20480.0,20480.0,0.0,2.0,True,False,1
2215,layer3.conv1,element,2,"(78, 25, 30)",0,0.0,False,0.86,0.0,False,,235,-3584.0,-7168.0,1.0,1.0,False,False,1
2216,layer2.conv1,element,6,"(76, 11, 31)",1,0.005,True,0.865,-0.0050000000000000044,False,,237,-5120.0,-0.078125,16.0,0.9999847412109375,False,False,1
2217,layer1.conv2,element,4,"(6, 13, 8)",1,0.005,True,0.865,-0.0050000000000000044,False,,247,-28672.0,-1792.0,4.0,0.9375,False,False,1
2218,layer3.conv1,element,6,"(131, 13, 1)",0,0.0,False,0.86,0.0,False,,245,-20480.0,-0.3125,16.0,0.9999847412109375,False,False,1
2219,layer3.conv1,element,6,"(67, 5, 30)",0,0.0,False,0.86,0.0,False,,249,-40960.0,-0.625,16.0,0.9999847412109375,False,False,1
2220,layer3.conv1,element,2,"(115, 14, 22)",0,0.0,False,0.86,0.0,False,,239,-7168.0,-3584.0,1.0,0.5,False,False,1
2221,layer3.conv1,element,0,"(72, 21, 4)",0,0.0,False,0.86,0.0,False,,111,7168.0,6144.0,0.22239208221435547,0.1428571492433548,False,False,1
2222,layer3.conv2,element,1,"(101, 8, 5)",0,0.0,False,0.86,0.0,False,,122,49152.0,32768.0,0.5849628448486328,0.3333333432674408,False,False,1
2223,layer3.conv2,element,5,"(150, 20, 8)",0,0.0,False,0.86,0.0,False,,238,-6144.0,-24.0,8.0,0.99609375,False,False,1
2224,layer3.conv2,element,6,"(87, 27, 2)",0,0.0,False,0.86,0.0,False,,110,6144.0,0.09375,16.0,0.9999847412109375,False,False,1
2225,layer3.conv2,element,5,"(113, 13, 18)",1,0.005,True,0.865,-0.0050000000000000044,False,,120,32768.0,128.0,8.0,0.99609375,False,False,1
2226,layer3.conv1,element,4,"(119, 19, 2)",0,0.0,False,0.86,0.0,False,,120,32768.0,2048.0,4.0,0.9375,False,False,1
2227,layer3.conv1,element,1,"(53, 26, 31)",0,0.0,False,0.86,0.0,False,,117,20480.0,28672.0,0.4854269027709961,0.4000000059604645,False,False,1
2228,layer3.conv2,element,0,"(185, 28, 7)",0,0.0,False,0.86,0.0,False,,117,20480.0,16384.0,0.3219280242919922,0.20000000298023224,False,False,1
2229,layer2.conv2,element,7,"(18, 4, 2)",0,0.0,False,0.86,0.0,False,,231,-1792.0,1792.0,0.0,2.0,True,False,1
2230,layer3.conv2,element,6,"(137, 13, 30)",1,0.005,True,0.865,-0.0050000000000000044,False,,116,16384.0,0.25,16.0,0.9999847412109375,False,False,1
2231,layer2.conv1,element,2,"(24, 5, 18)",200,1.0,True,0.0,0.86,True,,249,-40960.0,,inf,inf,False,True,1
2232,layer3.conv2,element,5,"(76, 10, 14)",0,0.0,False,0.86,0.0,False,,114,12288.0,48.0,8.0,0.99609375,False,False,1
2233,layer3.conv2,element,0,"(9, 39, 2)",0,0.0,False,0.86,0.0,False,,242,-12288.0,-14336.0,0.22239208221435547,0.1666666716337204,False,False,1
2234,layer3.conv2,element,5,"(103, 49, 7)",0,0.0,False,0.86,0.0,False,,107,3584.0,14.0,8.0,0.99609375,False,False,1
2235,layer3.conv1,element,7,"(172, 8, 11)",0,0.0,False,0.86,0.0,False,,105,2560.0,-2560.0,0.0,2.0,True,False,1
2236,layer3.conv2,element,6,"(52, 39, 19)",0,0.0,False,0.86,0.0,False,,242,-12288.0,-0.1875,16.0,0.9999847412109375,False,False,1
2237,layer3.conv2,element,1,"(24, 40, 3)",0,0.0,False,0.86,0.0,False,,108,4096.0,6144.0,0.5849628448486328,0.5,False,False,1
2238,layer2.conv2,element,5,"(82, 5, 2)",0,0.0,False,0.86,0.0,False,,246,-24576.0,-96.0,8.0,0.99609375,False,False,1
2239,layer3.conv2,element,5,"(158, 5, 12)",0,0.0,False,0.86,0.0,False,,241,-10240.0,-40.0,8.0,0.99609375,False,False,1
2240,layer3.conv2,element,4,"(33, 37, 10)",0,0.0,False,0.86,0.0,False,,114,12288.0,768.0,4.0,0.9375,False,False,1
2241,layer3.conv2,element,3,"(183, 10, 29)",0,0.0,False,0.86,0.0,False,,241,-10240.0,-40960.0,2.0,3.0,False,False,1
2242,layer1.conv2,element,5,"(5, 3, 18)",0,0.0,False,0.86,0.0,False,,104,2048.0,8.0,8.0,0.99609375,False,False,1
2243,layer3.conv2,element,3,"(96, 14, 31)",0,0.0,False,0.86,0.0,False,,112,8192.0,32768.0,2.0,3.0,False,False,1
2244,layer3.conv2,element,3,"(27, 13, 20)",0,0.0,False,0.86,0.0,False,,228,-1024.0,-4096.0,2.0,3.0,False,False,1
2245,layer3.conv2,element,0,"(62, 21, 14)",0,0.0,False,0.86,0.0,False,,113,10240.0,8192.0,0.3219280242919922,0.20000000298023224,False,False,1
2246,layer3.conv2,element,7,"(108, 14, 7)",0,0.0,False,0.86,0.0,False,,109,5120.0,-5120.0,0.0,2.0,True,False,1
2247,layer1.conv1,element,1,"(36, 9, 2)",0,0.0,False,0.86,0.0,False,,97,640.0,896.0,0.4854269027709961,0.4000000059604645,False,False,1
2248,layer3.conv1,element,6,"(36, 3, 12)",1,0.005,True,0.865,-0.0050000000000000044,False,,238,-6144.0,-0.09375,16.0,0.9999847412109375,False,False,1
2249,layer3.conv2,element,1,"(65, 21, 21)",0,0.0,False,0.86,0.0,False,,240,-8192.0,-12288.0,0.5849628448486328,0.5,False,False,1
2250,layer3.conv2,element,2,"(93, 53, 19)",0,0.0,False,0.86,0.0,False,,240,-8192.0,-16384.0,1.0,1.0,False,False,1
2251,layer3.conv2,element,6,"(180, 51, 4)",1,0.005,True,0.865,-0.0050000000000000044,False,,118,24576.0,0.375,16.0,0.9999847412109375,False,False,1
2252,layer3.conv2,element,6,"(121, 8, 23)",0,0.0,False,0.86,0.0,False,,121,40960.0,0.625,16.0,0.9999847412109375,False,False,1
2253,layer3.conv2,element,4,"(31, 43, 29)",0,0.0,False,0.86,0.0,False,,249,-40960.0,-2560.0,4.0,0.9375,False,False,1
2254,layer3.conv1,element,7,"(108, 21, 21)",0,0.0,False,0.86,0.0,False,,104,2048.0,-2048.0,0.0,2.0,True,False,1
2255,layer3.conv1,element,0,"(155, 11, 17)",0,0.0,False,0.86,0.0,False,,241,-10240.0,-8192.0,0.3219280242919922,0.20000000298023224,False,False,1
2256,layer2.conv2,element,4,"(34, 3, 2)",0,0.0,False,0.86,0.0,False,,243,-14336.0,-896.0,4.0,0.9375,False,False,1
2257,layer3.conv2,element,6,"(112, 5, 16)",0,0.0,False,0.86,0.0,False,,237,-5120.0,-0.078125,16.0,0.9999847412109375,False,False,1
2258,layer3.conv1,element,5,"(39, 23, 10)",0,0.0,False,0.86,0.0,False,,241,-10240.0,-40.0,8.0,0.99609375,False,False,1
2259,layer3.conv2,element,4,"(74, 16, 9)",200,1.0,True,0.0,0.86,True,,237,-5120.0,,inf,inf,False,True,1
2260,layer3.conv1,element,1,"(33, 3, 23)",0,0.0,False,0.86,0.0,False,,234,-3072.0,-2048.0,0.5849628448486328,0.3333333432674408,False,False,1
2261,layer3.conv2,element,1,"(40, 26, 9)",0,0.0,False,0.86,0.0,False,,236,-4096.0,-6144.0,0.5849628448486328,0.5,False,False,1
2262,layer3.conv2,element,7,"(121, 50, 14)",0,0.0,False,0.86,0.0,False,,238,-6144.0,6144.0,0.0,2.0,True,False,1
2263,layer3.shortcut.0,element,1,"(151, 2, 0)",0,0.0,False,0.86,0.0,False,,245,-20480.0,-28672.0,0.4854269027709961,0.4000000059604645,False,False,1
2264,layer3.conv1,element,7,"(154, 22, 21)",1,0.005,True,0.865,-0.0050000000000000044,False,,242,-12288.0,12288.0,0.0,2.0,True,False,1
2265,layer3.conv2,element,4,"(187, 34, 28)",200,1.0,True,0.0,0.86,True,,239,-7168.0,,inf,inf,False,True,1
2266,layer3.conv2,element,6,"(105, 31, 8)",0,0.0,False,0.86,0.0,False,,239,-7168.0,-0.109375,16.0,0.9999847412109375,False,False,1
2267,layer3.conv2,element,4,"(27, 24, 1)",0,0.0,False,0.86,0.0,False,,104,2048.0,32768.0,4.0,15.0,False,False,1
2268,layer3.shortcut.0,element,5,"(44, 2, 29)",1,0.005,True,0.865,-0.0050000000000000044,False,,247,-28672.0,-112.0,8.0,0.99609375,False,False,1
2269,layer1.conv1,element,4,"(44, 6, 25)",1,0.005,True,0.865,-0.0050000000000000044,False,,123,57344.0,3584.0,4.0,0.9375,False,False,1
2270,layer3.conv1,element,1,"(157, 13, 15)",0,0.0,False,0.86,0.0,False,,245,-20480.0,-28672.0,0.4854269027709961,0.4000000059604645,False,False,1
2271,layer3.conv2,element,3,"(55, 32, 2)",0,0.0,False,0.86,0.0,False,,112,8192.0,32768.0,2.0,3.0,False,False,1
2272,layer2.conv2,element,6,"(0, 15, 4)",0,0.0,False,0.86,0.0,False,,107,3584.0,0.0546875,16.0,0.9999847412109375,False,False,1
2273,layer2.conv1,element,5,"(26, 11, 31)",1,0.005,True,0.865,-0.0050000000000000044,False,,238,-6144.0,-24.0,8.0,0.99609375,False,False,1
2274,layer3.conv2,element,5,"(191, 0, 5)",0,0.0,False,0.86,0.0,False,,102,1536.0,6.0,8.0,0.99609375,False,False,1
2275,layer1.conv2,element,1,"(13, 11, 10)",1,0.005,True,0.865,-0.0050000000000000044,False,,113,10240.0,14336.0,0.4854269027709961,0.4000000059604645,False,False,1
2276,layer3.conv2,element,0,"(32, 9, 23)",0,0.0,False,0.86,0.0,False,,242,-12288.0,-14336.0,0.22239208221435547,0.1666666716337204,False,False,1
2277,layer3.conv2,element,0,"(44, 25, 16)",0,0.0,False,0.86,0.0,False,,235,-3584.0,-3072.0,0.22239208221435547,0.1428571492433548,False,False,1
2278,layer3.conv2,element,5,"(58, 39, 5)",0,0.0,False,0.86,0.0,False,,113,10240.0,40.0,8.0,0.99609375,False,False,1
2279,layer1.conv1,element,1,"(29, 12, 10)",0,0.0,False,0.86,0.0,False,,245,-20480.0,-28672.0,0.4854269027709961,0.4000000059604645,False,False,1
2280,layer3.conv2,element,4,"(141, 39, 2)",0,0.0,False,0.86,0.0,False,,245,-20480.0,-1280.0,4.0,0.9375,False,False,1
2281,layer2.conv2,element,7,"(25, 11, 2)",0,0.0,False,0.86,0.0,False,,239,-7168.0,7168.0,0.0,2.0,True,False,1
2282,layer2.conv1,element,6,"(4, 7, 2)",1,0.005,True,0.865,-0.0050000000000000044,False,,113,10240.0,0.15625,16.0,0.9999847412109375,False,False,1
2283,layer3.conv2,element,0,"(67, 34, 13)",0,0.0,False,0.86,0.0,False,,111,7168.0,6144.0,0.22239208221435547,0.1428571492433548,False,False,1
2284,layer2.conv1,element,3,"(37, 7, 11)",200,1.0,True,0.0,0.86,True,,246,-24576.0,,inf,inf,False,True,1
2285,layer2.conv1,scale,4,"(94, 10)",187,0.935,True,0.105,0.755,False,,108,108.0,124.0,16.0,inf,False,False,32
2286,layer3.conv1,element,1,"(108, 25, 8)",0,0.0,False,0.86,0.0,False,,245,-20480.0,-28672.0,0.4854269027709961,0.4000000059604645,False,False,1
2287,layer3.conv2,element,2,"(156, 16, 12)",0,0.0,False,0.86,0.0,False,,241,-10240.0,-20480.0,1.0,1.0,False,False,1
2288,layer3.conv1,element,1,"(68, 2, 19)",0,0.0,False,0.86,0.0,False,,107,3584.0,2560.0,0.4854269027709961,0.2857142984867096,False,False,1
2289,layer3.conv2,element,6,"(88, 30, 21)",0,0.0,False,0.86,0.0,False,,241,-10240.0,-0.15625,16.0,0.9999847412109375,False,False,1
2290,layer3.conv1,element,3,"(155, 2, 22)",0,0.0,False,0.86,0.0,False,,233,-2560.0,-640.0,2.0,0.75,False,False,1
2291,layer2.conv2,element,5,"(93, 8, 0)",0,0.0,False,0.86,0.0,False,,245,-20480.0,-80.0,8.0,0.99609375,False,False,1
2292,layer2.conv1,element,2,"(18, 5, 24)",0,0.0,False,0.86,0.0,False,,238,-6144.0,-3072.0,1.0,0.5,False,False,1
2293,layer3.conv2,element,4,"(113, 53, 16)",0,0.0,False,0.86,0.0,False,,118,24576.0,1536.0,4.0,0.9375,False,False,1
2294,layer3.conv2,element,6,"(59, 53, 5)",0,0.0,False,0.86,0.0,False,,228,-1024.0,-0.015625,16.0,0.9999847412109375,False,False,1
2295,layer3.conv2,element,5,"(115, 22, 4)",0,0.0,False,0.86,0.0,False,,119,28672.0,112.0,8.0,0.99609375,False,False,1
2296,layer3.conv2,scale,5,"(158, 8)",1,0.005,True,0.865,-0.0050000000000000044,False,,110,110.0,78.0,32.0,inf,False,False,32
2297,layer2.conv2,element,0,"(6, 7, 17)",0,0.0,False,0.86,0.0,False,,241,-10240.0,-8192.0,0.3219280242919922,0.20000000298023224,False,False,1
2298,layer3.conv2,element,4,"(187, 23, 3)",0,0.0,False,0.86,0.0,False,,243,-14336.0,-896.0,4.0,0.9375,False,False,1
2299,layer2.conv1,element,2,"(58, 7, 10)",0,0.0,False,0.86,0.0,False,,112,8192.0,16384.0,1.0,1.0,False,False,1
2300,layer3.conv2,element,7,"(132, 5, 30)",1,0.005,True,0.865,-0.0050000000000000044,False,,122,49152.0,-49152.0,0.0,2.0,True,False,1
2301,layer3.conv1,element,0,"(82, 14, 7)",0,0.0,False,0.86,0.0,False,,242,-12288.0,-14336.0,0.22239208221435547,0.1666666716337204,False,False,1
2302,layer3.conv1,scale,7,"(150, 5)",200,1.0,True,0.0,0.86,True,,108,108.0,236.0,128.0,inf,False,False,32
2303,layer3.conv2,element,4,"(85, 14, 13)",0,0.0,False,0.86,0.0,False,,235,-3584.0,-57344.0,4.0,15.0,False,False,1
2304,layer3.conv2,element,3,"(184, 24, 6)",200,1.0,True,0.0,0.86,True,,118,24576.0,,inf,inf,False,True,1
2305,layer3.conv2,element,1,"(165, 12, 16)",0,0.0,False,0.86,0.0,False,,247,-28672.0,-20480.0,0.4854269027709961,0.2857142984867096,False,False,1
2306,layer1.conv2,element,7,"(22, 11, 26)",1,0.005,True,0.865,-0.0050000000000000044,False,,116,16384.0,-16384.0,0.0,2.0,True,False,1
2307,layer3.conv1,element,2,"(3, 7, 1)",0,0.0,False,0.86,0.0,False,,244,-16384.0,-8192.0,1.0,0.5,False,False,1
2308,layer3.conv2,element,5,"(19, 33, 10)",0,0.0,False,0.86,0.0,False,,111,7168.0,28.0,8.0,0.99609375,False,False,1
2309,layer3.conv2,element,2,"(30, 10, 12)",200,1.0,True,0.0,0.86,True,,249,-40960.0,,inf,inf,False,True,1
2310,layer3.conv1,element,7,"(66, 8, 18)",0,0.0,False,0.86,0.0,False,,115,14336.0,-14336.0,0.0,2.0,True,False,1
2311,layer2.conv2,element,7,"(41, 2, 14)",1,0.005,True,0.865,-0.0050000000000000044,False,,243,-14336.0,14336.0,0.0,2.0,True,False,1
2312,layer3.conv1,element,1,"(100, 7, 30)",0,0.0,False,0.86,0.0,False,,246,-24576.0,-16384.0,0.5849628448486328,0.3333333432674408,False,False,1
2313,layer3.conv1,element,0,"(16, 7, 21)",0,0.0,False,0.86,0.0,False,,246,-24576.0,-28672.0,0.22239208221435547,0.1666666716337204,False,False,1
2314,layer3.conv1,element,6,"(185, 1, 11)",0,0.0,False,0.86,0.0,False,,243,-14336.0,-0.21875,16.0,0.9999847412109375,False,False,1
2315,layer2.conv2,element,5,"(43, 4, 3)",0,0.0,False,0.86,0.0,False,,247,-28672.0,-112.0,8.0,0.99609375,False,False,1
2316,layer3.conv1,element,3,"(131, 18, 1)",0,0.0,False,0.86,0.0,False,,108,4096.0,1024.0,2.0,0.75,False,False,1
2317,layer3.conv2,element,6,"(63, 0, 6)",0,0.0,False,0.86,0.0,False,,115,14336.0,0.21875,16.0,0.9999847412109375,False,False,1
2318,layer3.conv2,element,7,"(102, 14, 1)",1,0.005,True,0.865,-0.0050000000000000044,False,,121,40960.0,-40960.0,0.0,2.0,True,False,1
2319,layer3.conv2,element,3,"(56, 6, 13)",0,0.0,False,0.86,0.0,False,,234,-3072.0,-768.0,2.0,0.75,False,False,1
2320,layer3.conv2,element,7,"(73, 25, 28)",0,0.0,False,0.86,0.0,False,,234,-3072.0,3072.0,0.0,2.0,True,False,1
2321,layer3.conv2,element,0,"(174, 22, 0)",0,0.0,False,0.86,0.0,False,,114,12288.0,14336.0,0.22239208221435547,0.1666666716337204,False,False,1
2322,layer3.conv2,element,5,"(110, 35, 18)",0,0.0,False,0.86,0.0,False,,119,28672.0,112.0,8.0,0.99609375,False,False,1
2323,layer3.conv2,element,2,"(93, 26, 21)",0,0.0,False,0.86,0.0,False,,116,16384.0,8192.0,1.0,0.5,False,False,1
2324,layer3.conv2,element,2,"(171, 6, 15)",0,0.0,False,0.86,0.0,False,,242,-12288.0,-24576.0,1.0,1.0,False,False,1
2325,layer1.conv1,element,7,"(27, 4, 29)",96,0.48,True,0.49,0.37,False,,251,-57344.0,57344.0,0.0,2.0,True,False,1
2326,layer3.conv2,element,3,"(141, 40, 13)",0,0.0,False,0.86,0.0,False,,249,-40960.0,-10240.0,2.0,0.75,False,False,1
2327,layer3.conv2,element,4,"(163, 43, 23)",0,0.0,False,0.86,0.0,False,,114,12288.0,768.0,4.0,0.9375,False,False,1
2328,layer2.conv1,element,4,"(46, 2, 22)",1,0.005,True,0.865,-0.0050000000000000044,False,,117,20480.0,1280.0,4.0,0.9375,False,False,1
2329,layer3.conv2,element,1,"(81, 32, 13)",0,0.0,False,0.86,0.0,False,,112,8192.0,12288.0,0.5849628448486328,0.5,False,False,1
2330,layer3.conv2,element,3,"(162, 12, 23)",200,1.0,True,0.0,0.86,True,,118,24576.0,,inf,inf,False,True,1
2331,layer3.conv2,element,7,"(43, 19, 6)",0,0.0,False,0.86,0.0,False,,112,8192.0,-8192.0,0.0,2.0,True,False,1
2332,layer2.conv2,element,6,"(53, 4, 22)",0,0.0,False,0.86,0.0,False,,118,24576.0,0.375,16.0,0.9999847412109375,False,False,1
2333,layer2.conv2,element,6,"(85, 3, 7)",0,0.0,False,0.86,0.0,False,,243,-14336.0,-0.21875,16.0,0.9999847412109375,False,False,1
2334,layer3.conv1,element,6,"(132, 7, 14)",0,0.0,False,0.86,0.0,False,,96,512.0,0.0078125,16.0,0.9999847412109375,False,False,1
2335,layer2.conv2,element,5,"(22, 5, 22)",0,0.0,False,0.86,0.0,False,,241,-10240.0,-40.0,8.0,0.99609375,False,False,1
2336,layer3.conv2,element,3,"(85, 42, 11)",0,0.0,False,0.86,0.0,False,,113,10240.0,40960.0,2.0,3.0,False,False,1
2337,layer3.conv2,element,6,"(62, 0, 6)",0,0.0,False,0.86,0.0,False,,115,14336.0,0.21875,16.0,0.9999847412109375,False,False,1
2338,layer3.conv2,element,0,"(53, 4, 26)",0,0.0,False,0.86,0.0,False,,109,5120.0,4096.0,0.3219280242919922,0.20000000298023224,False,False,1
2339,layer3.shortcut.0,element,7,"(105, 0, 28)",0,0.0,False,0.86,0.0,False,,242,-12288.0,12288.0,0.0,2.0,True,False,1
2340,layer3.conv2,element,4,"(110, 11, 20)",0,0.0,False,0.86,0.0,False,,119,28672.0,1792.0,4.0,0.9375,False,False,1
2341,layer3.conv2,element,4,"(9, 11, 27)",0,0.0,False,0.86,0.0,False,,120,32768.0,2048.0,4.0,0.9375,False,False,1
2342,layer3.conv2,element,6,"(87, 29, 21)",0,0.0,False,0.86,0.0,False,,105,2560.0,0.0390625,16.0,0.9999847412109375,False,False,1
2343,layer3.conv1,element,2,"(16, 7, 28)",0,0.0,False,0.86,0.0,False,,119,28672.0,14336.0,1.0,0.5,False,False,1
2344,layer3.conv1,element,5,"(169, 4, 14)",0,0.0,False,0.86,0.0,False,,105,2560.0,10.0,8.0,0.99609375,False,False,1
2345,layer3.conv1,element,4,"(14, 12, 26)",0,0.0,False,0.86,0.0,False,,246,-24576.0,-1536.0,4.0,0.9375,False,False,1
2346,layer3.conv1,element,4,"(62, 13, 24)",1,0.005,True,0.865,-0.0050000000000000044,False,,117,20480.0,1280.0,4.0,0.9375,False,False,1
2347,layer3.shortcut.0,element,7,"(149, 2, 18)",0,0.0,False,0.86,0.0,False,,251,-57344.0,57344.0,0.0,2.0,True,False,1
2348,layer3.conv1,element,5,"(64, 5, 2)",0,0.0,False,0.86,0.0,False,,246,-24576.0,-96.0,8.0,0.99609375,False,False,1
2349,layer2.conv2,element,0,"(46, 19, 1)",0,0.0,False,0.86,0.0,False,,112,8192.0,10240.0,0.3219280242919922,0.25,False,False,1
2350,layer3.conv1,element,2,"(184, 7, 22)",200,1.0,True,0.0,0.86,True,,248,-32768.0,-inf,inf,inf,False,True,1
2351,layer3.conv1,element,6,"(162, 23, 20)",0,0.0,False,0.86,0.0,False,,109,5120.0,0.078125,16.0,0.9999847412109375,False,False,1
2352,layer2.conv2,element,4,"(48, 18, 5)",0,0.0,False,0.86,0.0,False,,228,-1024.0,-16384.0,4.0,15.0,False,False,1
2353,layer3.conv2,scale,2,"(64, 1)",0,0.0,False,0.86,0.0,False,,110,110.0,106.0,4.0,inf,False,False,32
2354,layer3.conv2,element,5,"(143, 0, 19)",0,0.0,False,0.86,0.0,False,,243,-14336.0,-56.0,8.0,0.99609375,False,False,1
2355,layer3.conv1,element,2,"(142, 13, 8)",0,0.0,False,0.86,0.0,False,,243,-14336.0,-28672.0,1.0,1.0,False,False,1
2356,layer3.conv2,element,5,"(97, 46, 23)",0,0.0,False,0.86,0.0,False,,240,-8192.0,-32.0,8.0,0.99609375,False,False,1
2357,layer3.conv1,element,4,"(72, 23, 8)",0,0.0,False,0.86,0.0,False,,243,-14336.0,-896.0,4.0,0.9375,False,False,1
2358,layer3.conv2,element,4,"(130, 33, 3)",0,0.0,False,0.86,0.0,False,,235,-3584.0,-57344.0,4.0,15.0,False,False,1
2359,layer2.shortcut.0,element,0,"(8, 0, 29)",0,0.0,False,0.86,0.0,False,,121,40960.0,32768.0,0.3219280242919922,0.20000000298023224,False,False,1
2360,layer3.conv1,element,0,"(95, 7, 16)",0,0.0,False,0.86,0.0,False,,102,1536.0,1792.0,0.22239208221435547,0.1666666716337204,False,False,1
2361,layer1.conv1,element,3,"(27, 7, 7)",1,0.005,True,0.865,-0.0050000000000000044,False,,102,1536.0,6144.0,2.0,3.0,False,False,1
2362,layer3.conv2,scale,5,"(80, 31)",0,0.0,False,0.86,0.0,False,,110,110.0,78.0,32.0,inf,False,False,32
2363,layer3.conv2,element,7,"(88, 1, 18)",0,0.0,False,0.86,0.0,False,,112,8192.0,-8192.0,0.0,2.0,True,False,1
2364,layer3.conv1,element,6,"(128, 12, 28)",0,0.0,False,0.86,0.0,False,,244,-16384.0,-0.25,16.0,0.9999847412109375,False,False,1
2365,layer3.conv1,element,1,"(95, 11, 3)",0,0.0,False,0.86,0.0,False,,109,5120.0,7168.0,0.4854269027709961,0.4000000059604645,False,False,1
2366,layer3.conv2,element,5,"(188, 21, 10)",0,0.0,False,0.86,0.0,False,,250,-49152.0,-192.0,8.0,0.99609375,False,False,1
2367,layer2.conv2,element,5,"(15, 22, 3)",0,0.0,False,0.86,0.0,False,,118,24576.0,96.0,8.0,0.99609375,False,False,1
2368,layer3.conv2,element,6,"(32, 6, 2)",0,0.0,False,0.86,0.0,False,,237,-5120.0,-0.078125,16.0,0.9999847412109375,False,False,1
2369,layer2.conv1,element,4,"(13, 4, 17)",0,0.0,False,0.86,0.0,False,,247,-28672.0,-1792.0,4.0,0.9375,False,False,1
2370,layer3.conv1,element,0,"(168, 13, 22)",0,0.0,False,0.86,0.0,False,,117,20480.0,16384.0,0.3219280242919922,0.20000000298023224,False,False,1
2371,layer3.conv2,element,6,"(188, 10, 16)",0,0.0,False,0.86,0.0,False,,240,-8192.0,-0.125,16.0,0.9999847412109375,False,False,1
2372,layer3.conv1,element,5,"(24, 2, 7)",0,0.0,False,0.86,0.0,False,,120,32768.0,128.0,8.0,0.99609375,False,False,1
2373,layer3.conv2,element,3,"(102, 1, 5)",200,1.0,True,0.0,0.86,True,,118,24576.0,,inf,inf,False,True,1
2374,layer3.conv1,element,1,"(152, 19, 6)",0,0.0,False,0.86,0.0,False,,97,640.0,896.0,0.4854269027709961,0.4000000059604645,False,False,1
2375,layer3.conv2,element,7,"(130, 34, 17)",0,0.0,False,0.86,0.0,False,,107,3584.0,-3584.0,0.0,2.0,True,False,1
2376,layer2.conv1,element,4,"(25, 4, 22)",1,0.005,True,0.865,-0.0050000000000000044,False,,242,-12288.0,-768.0,4.0,0.9375,False,False,1
2377,layer3.conv2,element,0,"(9, 4, 18)",0,0.0,False,0.86,0.0,False,,122,49152.0,57344.0,0.22239208221435547,0.1666666716337204,False,False,1
2378,layer3.conv2,element,6,"(189, 4, 13)",0,0.0,False,0.86,0.0,False,,245,-20480.0,-0.3125,16.0,0.9999847412109375,False,False,1
2379,layer3.conv2,element,5,"(49, 41, 15)",0,0.0,False,0.86,0.0,False,,240,-8192.0,-32.0,8.0,0.99609375,False,False,1
2380,layer3.conv2,element,1,"(185, 5, 19)",0,0.0,False,0.86,0.0,False,,97,640.0,896.0,0.4854269027709961,0.4000000059604645,False,False,1
2381,layer3.conv2,element,3,"(175, 24, 28)",0,0.0,False,0.86,0.0,False,,240,-8192.0,-32768.0,2.0,3.0,False,False,1
2382,layer2.conv2,element,3,"(20, 14, 3)",0,0.0,False,0.86,0.0,False,,237,-5120.0,-1280.0,2.0,0.75,False,False,1
2383,layer3.conv2,element,7,"(64, 27, 9)",0,0.0,False,0.86,0.0,False,,244,-16384.0,16384.0,0.0,2.0,True,False,1
2384,layer3.conv1,element,2,"(36, 19, 16)",0,0.0,False,0.86,0.0,False,,243,-14336.0,-28672.0,1.0,1.0,False,False,1
2385,layer3.conv2,element,6,"(182, 13, 20)",0,0.0,False,0.86,0.0,False,,123,57344.0,0.875,16.0,0.9999847412109375,False,False,1
2386,layer3.conv2,element,0,"(59, 17, 0)",0,0.0,False,0.86,0.0,False,,234,-3072.0,-3584.0,0.22239208221435547,0.1666666716337204,False,False,1
2387,layer2.conv2,element,2,"(7, 2, 10)",0,0.0,False,0.86,0.0,False,,109,5120.0,2560.0,1.0,0.5,False,False,1
2388,layer3.conv2,element,6,"(80, 16, 6)",0,0.0,False,0.86,0.0,False,,106,3072.0,0.046875,16.0,0.9999847412109375,False,False,1
2389,layer3.conv1,element,7,"(71, 12, 22)",0,0.0,False,0.86,0.0,False,,99,896.0,-896.0,0.0,2.0,True,False,1
2390,layer3.conv2,element,3,"(111, 26, 21)",0,0.0,False,0.86,0.0,False,,113,10240.0,40960.0,2.0,3.0,False,False,1
2391,layer2.conv1,element,1,"(73, 9, 12)",0,0.0,False,0.86,0.0,False,,225,-640.0,-896.0,0.4854269027709961,0.4000000059604645,False,False,1
2392,layer3.conv2,element,5,"(80, 8, 12)",0,0.0,False,0.86,0.0,False,,241,-10240.0,-40.0,8.0,0.99609375,False,False,1
2393,layer2.conv1,element,1,"(58, 2, 31)",0,0.0,False,0.86,0.0,False,,117,20480.0,28672.0,0.4854269027709961,0.4000000059604645,False,False,1
2394,layer2.conv2,element,4,"(42, 5, 22)",0,0.0,False,0.86,0.0,False,,240,-8192.0,-512.0,4.0,0.9375,False,False,1
2395,layer2.conv2,element,3,"(59, 26, 27)",0,0.0,False,0.86,0.0,False,,234,-3072.0,-768.0,2.0,0.75,False,False,1
2396,layer3.conv2,element,1,"(1, 35, 17)",0,0.0,False,0.86,0.0,False,,121,40960.0,57344.0,0.4854269027709961,0.4000000059604645,False,False,1
2397,layer3.shortcut.0,element,7,"(46, 1, 0)",0,0.0,False,0.86,0.0,False,,244,-16384.0,16384.0,0.0,2.0,True,False,1
2398,layer3.conv1,element,5,"(51, 24, 22)",0,0.0,False,0.86,0.0,False,,239,-7168.0,-28.0,8.0,0.99609375,False,False,1
2399,layer2.conv2,element,2,"(73, 0, 5)",0,0.0,False,0.86,0.0,False,,114,12288.0,24576.0,1.0,1.0,False,False,1
2400,layer3.conv2,element,7,"(80, 50, 14)",0,0.0,False,0.86,0.0,False,,114,12288.0,-12288.0,0.0,2.0,True,False,1
2401,layer2.conv1,element,6,"(40, 9, 5)",0,0.0,False,0.86,0.0,False,,105,2560.0,0.0390625,16.0,0.9999847412109375,False,False,1
2402,layer3.conv2,element,6,"(157, 28, 10)",0,0.0,False,0.86,0.0,False,,235,-3584.0,-0.0546875,16.0,0.9999847412109375,False,False,1
2403,layer3.conv1,element,4,"(164, 5, 8)",1,0.005,True,0.865,-0.0050000000000000044,False,,121,40960.0,2560.0,4.0,0.9375,False,False,1
2404,layer3.conv2,element,3,"(191, 52, 17)",200,1.0,True,0.0,0.86,True,,116,16384.0,inf,inf,inf,False,True,1
2405,layer3.conv1,element,0,"(23, 9, 31)",0,0.0,False,0.86,0.0,False,,114,12288.0,14336.0,0.22239208221435547,0.1666666716337204,False,False,1
2406,layer3.conv2,element,6,"(150, 20, 3)",0,0.0,False,0.86,0.0,False,,96,512.0,0.0078125,16.0,0.9999847412109375,False,False,1
2407,layer3.conv1,element,3,"(85, 24, 25)",0,0.0,False,0.86,0.0,False,,121,40960.0,10240.0,2.0,0.75,False,False,1
2408,layer3.conv2,element,7,"(17, 4, 27)",0,0.0,False,0.86,0.0,False,,119,28672.0,-28672.0,0.0,2.0,True,False,1
2409,layer3.conv2,element,1,"(115, 15, 6)",0,0.0,False,0.86,0.0,False,,109,5120.0,7168.0,0.4854269027709961,0.4000000059604645,False,False,1
2410,layer3.conv1,element,0,"(148, 4, 27)",0,0.0,False,0.86,0.0,False,,115,14336.0,12288.0,0.22239208221435547,0.1428571492433548,False,False,1
2411,layer2.conv2,element,0,"(28, 6, 7)",0,0.0,False,0.86,0.0,False,,245,-20480.0,-16384.0,0.3219280242919922,0.20000000298023224,False,False,1
2412,layer3.conv2,element,0,"(7, 50, 5)",0,0.0,False,0.86,0.0,False,,248,-32768.0,-40960.0,0.3219280242919922,0.25,False,False,1
2413,layer3.conv2,element,0,"(4, 8, 25)",0,0.0,False,0.86,0.0,False,,113,10240.0,8192.0,0.3219280242919922,0.20000000298023224,False,False,1
2414,layer1.conv2,element,3,"(35, 12, 11)",200,1.0,True,0.0,0.86,True,,247,-28672.0,,inf,inf,False,True,1
2415,layer3.conv2,element,3,"(125, 38, 31)",0,0.0,False,0.86,0.0,False,,235,-3584.0,-896.0,2.0,0.75,False,False,1
2416,layer3.conv1,element,0,"(85, 16, 1)",0,0.0,False,0.86,0.0,False,,115,14336.0,12288.0,0.22239208221435547,0.1428571492433548,False,False,1
2417,layer3.conv1,element,3,"(110, 22, 26)",1,0.005,True,0.865,-0.0050000000000000044,False,,225,-640.0,-2560.0,2.0,3.0,False,False,1
2418,layer3.conv2,element,2,"(83, 3, 14)",0,0.0,False,0.86,0.0,False,,242,-12288.0,-24576.0,1.0,1.0,False,False,1
2419,layer3.conv2,element,7,"(5, 37, 2)",0,0.0,False,0.86,0.0,False,,111,7168.0,-7168.0,0.0,2.0,True,False,1
2420,layer2.conv2,element,1,"(45, 18, 20)",0,0.0,False,0.86,0.0,False,,248,-32768.0,-49152.0,0.5849628448486328,0.5,False,False,1
2421,layer3.conv2,element,6,"(93, 6, 28)",0,0.0,False,0.86,0.0,False,,117,20480.0,0.3125,16.0,0.9999847412109375,False,False,1
2422,layer3.conv2,element,6,"(1, 29, 0)",0,0.0,False,0.86,0.0,False,,245,-20480.0,-0.3125,16.0,0.9999847412109375,False,False,1
2423,layer2.conv1,element,3,"(68, 8, 4)",200,1.0,True,0.0,0.86,True,,245,-20480.0,,inf,inf,False,True,1
2424,layer3.conv2,element,0,"(56, 44, 11)",0,0.0,False,0.86,0.0,False,,109,5120.0,4096.0,0.3219280242919922,0.20000000298023224,False,False,1
2425,layer2.conv2,element,7,"(50, 18, 3)",1,0.005,True,0.865,-0.0050000000000000044,False,,232,-2048.0,2048.0,0.0,2.0,True,False,1
2426,layer2.conv2,element,3,"(19, 3, 19)",0,0.0,False,0.86,0.0,False,,236,-4096.0,-1024.0,2.0,0.75,False,False,1
2427,layer3.conv1,element,4,"(45, 26, 19)",0,0.0,False,0.86,0.0,False,,242,-12288.0,-768.0,4.0,0.9375,False,False,1
2428,layer3.conv2,element,7,"(114, 32, 3)",0,0.0,False,0.86,0.0,False,,113,10240.0,-10240.0,0.0,2.0,True,False,1
2429,layer3.conv2,element,2,"(80, 32, 18)",0,0.0,False,0.86,0.0,False,,116,16384.0,8192.0,1.0,0.5,False,False,1
2430,layer3.conv1,scale,0,"(74, 17)",0,0.0,False,0.86,0.0,False,,108,108.0,109.0,1.0,inf,False,False,32
2431,layer3.conv2,element,0,"(12, 15, 26)",0,0.0,False,0.86,0.0,False,,248,-32768.0,-40960.0,0.3219280242919922,0.25,False,False,1
2432,layer3.conv2,element,1,"(4, 21, 6)",0,0.0,False,0.86,0.0,False,,116,16384.0,24576.0,0.5849628448486328,0.5,False,False,1
2433,layer3.conv1,element,0,"(62, 20, 12)",0,0.0,False,0.86,0.0,False,,118,24576.0,28672.0,0.22239208221435547,0.1666666716337204,False,False,1
2434,layer2.conv2,element,5,"(75, 19, 21)",0,0.0,False,0.86,0.0,False,,248,-32768.0,-128.0,8.0,0.99609375,False,False,1
2435,layer3.conv2,element,1,"(135, 19, 18)",0,0.0,False,0.86,0.0,False,,104,2048.0,3072.0,0.5849628448486328,0.5,False,False,1
2436,layer3.conv2,element,2,"(170, 2, 23)",0,0.0,False,0.86,0.0,False,,118,24576.0,12288.0,1.0,0.5,False,False,1
2437,layer3.conv1,element,4,"(51, 2, 13)",200,1.0,True,0.0,0.86,True,,110,6144.0,,inf,inf,False,True,1
2438,layer3.conv1,element,3,"(21, 19, 29)",0,0.0,False,0.86,0.0,False,,240,-8192.0,-32768.0,2.0,3.0,False,False,1
2439,layer3.conv1,element,4,"(84, 18, 24)",0,0.0,False,0.86,0.0,False,,120,32768.0,2048.0,4.0,0.9375,False,False,1
2440,layer3.conv1,element,7,"(44, 11, 3)",0,0.0,False,0.86,0.0,False,,108,4096.0,-4096.0,0.0,2.0,True,False,1
2441,layer3.conv1,element,6,"(126, 0, 31)",0,0.0,False,0.86,0.0,False,,232,-2048.0,-0.03125,16.0,0.9999847412109375,False,False,1
2442,layer3.conv2,element,2,"(33, 46, 1)",0,0.0,False,0.86,0.0,False,,117,20480.0,10240.0,1.0,0.5,False,False,1
2443,layer2.conv2,element,5,"(35, 25, 31)",1,0.005,True,0.865,-0.0050000000000000044,False,,117,20480.0,80.0,8.0,0.99609375,False,False,1
2444,layer2.conv2,element,1,"(55, 21, 31)",0,0.0,False,0.86,0.0,False,,231,-1792.0,-1280.0,0.4854269027709961,0.2857142984867096,False,False,1
2445,layer2.conv2,element,3,"(83, 3, 14)",200,1.0,True,0.0,0.86,True,,116,16384.0,inf,inf,inf,False,True,1
2446,layer2.conv2,element,3,"(34, 4, 16)",0,0.0,False,0.86,0.0,False,,236,-4096.0,-1024.0,2.0,0.75,False,False,1
2447,layer3.conv2,element,0,"(171, 23, 8)",0,0.0,False,0.86,0.0,False,,248,-32768.0,-40960.0,0.3219280242919922,0.25,False,False,1
2448,layer3.conv2,element,1,"(5, 43, 7)",0,0.0,False,0.86,0.0,False,,242,-12288.0,-8192.0,0.5849628448486328,0.3333333432674408,False,False,1
2449,layer3.conv1,element,6,"(83, 18, 25)",0,0.0,False,0.86,0.0,False,,113,10240.0,0.15625,16.0,0.9999847412109375,False,False,1
2450,layer3.conv2,element,5,"(159, 5, 26)",0,0.0,False,0.86,0.0,False,,109,5120.0,20.0,8.0,0.99609375,False,False,1
2451,layer3.conv2,element,0,"(108, 15, 20)",0,0.0,False,0.86,0.0,False,,239,-7168.0,-6144.0,0.22239208221435547,0.1428571492433548,False,False,1
2452,layer3.conv2,element,1,"(150, 52, 24)",0,0.0,False,0.86,0.0,False,,230,-1536.0,-1024.0,0.5849628448486328,0.3333333432674408,False,False,1
2453,layer3.conv2,element,5,"(164, 5, 3)",0,0.0,False,0.86,0.0,False,,243,-14336.0,-56.0,8.0,0.99609375,False,False,1
2454,layer3.conv2,scale,2,"(55, 39)",0,0.0,False,0.86,0.0,False,,109,109.0,105.0,4.0,inf,False,False,32
2455,layer3.conv2,element,0,"(77, 17, 17)",0,0.0,False,0.86,0.0,False,,118,24576.0,28672.0,0.22239208221435547,0.1666666716337204,False,False,1
2456,layer3.conv2,element,0,"(125, 46, 26)",0,0.0,False,0.86,0.0,False,,119,28672.0,24576.0,0.22239208221435547,0.1428571492433548,False,False,1
2457,layer3.conv1,element,3,"(107, 18, 7)",1,0.005,True,0.865,-0.0050000000000000044,False,,114,12288.0,49152.0,2.0,3.0,False,False,1
2458,layer3.conv2,element,6,"(86, 22, 5)",0,0.0,False,0.86,0.0,False,,102,1536.0,0.0234375,16.0,0.9999847412109375,False,False,1
2459,layer3.conv1,element,0,"(115, 8, 18)",0,0.0,False,0.86,0.0,False,,235,-3584.0,-3072.0,0.22239208221435547,0.1428571492433548,False,False,1
2460,layer2.conv2,element,3,"(76, 26, 18)",200,1.0,True,0.0,0.86,True,,245,-20480.0,,inf,inf,False,True,1
2461,layer2.conv1,element,2,"(78, 7, 5)",1,0.005,True,0.865,-0.0050000000000000044,False,,113,10240.0,20480.0,1.0,1.0,False,False,1
2462,layer3.shortcut.0,scale,4,"(90, 0)",181,0.905,True,0.1,0.76,False,,110,110.0,126.0,16.0,inf,False,False,32
2463,layer3.shortcut.0,element,6,"(163, 0, 10)",0,0.0,False,0.86,0.0,False,,119,28672.0,0.4375,16.0,0.9999847412109375,False,False,1
2464,layer3.conv2,element,1,"(44, 50, 20)",0,0.0,False,0.86,0.0,False,,245,-20480.0,-28672.0,0.4854269027709961,0.4000000059604645,False,False,1
2465,layer3.conv2,element,6,"(147, 3, 1)",0,0.0,False,0.86,0.0,False,,116,16384.0,0.25,16.0,0.9999847412109375,False,False,1
2466,layer2.conv1,element,1,"(66, 6, 16)",1,0.005,True,0.865,-0.0050000000000000044,False,,242,-12288.0,-8192.0,0.5849628448486328,0.3333333432674408,False,False,1
2467,layer3.conv2,element,3,"(160, 32, 26)",0,0.0,False,0.86,0.0,False,,111,7168.0,1792.0,2.0,0.75,False,False,1
2468,layer3.conv1,element,7,"(12, 24, 17)",0,0.0,False,0.86,0.0,False,,122,49152.0,-49152.0,0.0,2.0,True,False,1
2469,layer3.conv2,element,4,"(105, 40, 17)",200,1.0,True,0.0,0.86,True,,236,-4096.0,-inf,inf,inf,False,True,1
2470,layer3.conv1,element,4,"(20, 14, 29)",1,0.005,True,0.865,-0.0050000000000000044,False,,245,-20480.0,-1280.0,4.0,0.9375,False,False,1
2471,layer2.conv2,element,7,"(10, 14, 21)",0,0.0,False,0.86,0.0,False,,107,3584.0,-3584.0,0.0,2.0,True,False,1
2472,layer3.conv1,element,6,"(64, 8, 5)",0,0.0,False,0.86,0.0,False,,247,-28672.0,-0.4375,16.0,0.9999847412109375,False,False,1
2473,layer3.conv2,element,7,"(106, 1, 0)",0,0.0,False,0.86,0.0,False,,227,-896.0,896.0,0.0,2.0,True,False,1
2474,layer3.conv2,element,6,"(184, 27, 30)",0,0.0,False,0.86,0.0,False,,249,-40960.0,-0.625,16.0,0.9999847412109375,False,False,1
2475,layer3.conv2,element,3,"(180, 45, 0)",200,1.0,True,0.0,0.86,True,,244,-16384.0,-inf,inf,inf,False,True,1
2476,layer3.conv1,element,2,"(174, 9, 4)",0,0.0,False,0.86,0.0,False,,247,-28672.0,-14336.0,1.0,0.5,False,False,1
2477,layer3.conv2,element,2,"(1, 29, 20)",0,0.0,False,0.86,0.0,False,,116,16384.0,8192.0,1.0,0.5,False,False,1
2478,layer3.conv2,element,2,"(154, 52, 18)",0,0.0,False,0.86,0.0,False,,230,-1536.0,-768.0,1.0,0.5,False,False,1
2479,layer3.conv2,element,0,"(152, 11, 26)",0,0.0,False,0.86,0.0,False,,120,32768.0,40960.0,0.3219280242919922,0.25,False,False,1
2480,layer3.conv2,element,3,"(175, 44, 17)",0,0.0,False,0.86,0.0,False,,101,1280.0,5120.0,2.0,3.0,False,False,1
2481,layer1.conv2,element,0,"(45, 4, 18)",0,0.0,False,0.86,0.0,False,,240,-8192.0,-10240.0,0.3219280242919922,0.25,False,False,1
2482,layer3.conv2,element,3,"(120, 20, 11)",0,0.0,False,0.86,0.0,False,,240,-8192.0,-32768.0,2.0,3.0,False,False,1
2483,layer3.conv2,element,5,"(173, 21, 16)",0,0.0,False,0.86,0.0,False,,110,6144.0,24.0,8.0,0.99609375,False,False,1
2484,layer3.conv1,element,0,"(13, 8, 0)",0,0.0,False,0.86,0.0,False,,116,16384.0,20480.0,0.3219280242919922,0.25,False,False,1
2485,layer3.conv1,element,0,"(147, 11, 15)",0,0.0,False,0.86,0.0,False,,121,40960.0,32768.0,0.3219280242919922,0.20000000298023224,False,False,1
2486,layer3.conv2,element,0,"(140, 25, 17)",0,0.0,False,0.86,0.0,False,,117,20480.0,16384.0,0.3219280242919922,0.20000000298023224,False,False,1
2487,layer2.conv1,element,1,"(17, 7, 19)",0,0.0,False,0.86,0.0,False,,245,-20480.0,-28672.0,0.4854269027709961,0.4000000059604645,False,False,1
2488,layer3.conv2,element,0,"(45, 37, 2)",0,0.0,False,0.86,0.0,False,,237,-5120.0,-4096.0,0.3219280242919922,0.20000000298023224,False,False,1
2489,layer3.conv2,element,5,"(162, 38, 11)",0,0.0,False,0.86,0.0,False,,111,7168.0,28.0,8.0,0.99609375,False,False,1
2490,layer2.conv1,element,5,"(80, 2, 4)",0,0.0,False,0.86,0.0,False,,246,-24576.0,-96.0,8.0,0.99609375,False,False,1
2491,layer3.conv1,element,7,"(146, 17, 4)",0,0.0,False,0.86,0.0,False,,110,6144.0,-6144.0,0.0,2.0,True,False,1
2492,layer3.conv2,element,3,"(187, 34, 14)",200,1.0,True,0.0,0.86,True,,118,24576.0,,inf,inf,False,True,1
2493,layer2.conv2,element,6,"(82, 21, 0)",1,0.005,True,0.865,-0.0050000000000000044,False,,242,-12288.0,-0.1875,16.0,0.9999847412109375,False,False,1
2494,layer3.conv1,scale,4,"(106, 24)",154,0.77,True,0.215,0.645,False,,107,107.0,123.0,16.0,inf,False,False,32
2495,layer3.conv1,element,7,"(1, 19, 18)",0,0.0,False,0.86,0.0,False,,110,6144.0,-6144.0,0.0,2.0,True,False,1
2496,layer2.conv1,element,3,"(33, 9, 29)",0,0.0,False,0.86,0.0,False,,111,7168.0,1792.0,2.0,0.75,False,False,1
2497,layer3.conv2,element,1,"(179, 36, 26)",0,0.0,False,0.86,0.0,False,,245,-20480.0,-28672.0,0.4854269027709961,0.4000000059604645,False,False,1
2498,layer3.conv1,element,3,"(130, 22, 7)",0,0.0,False,0.86,0.0,False,,249,-40960.0,-10240.0,2.0,0.75,False,False,1
2499,layer3.conv1,scale,7,"(26, 20)",189,0.945,True,0.045,0.815,True,,108,108.0,236.0,128.0,inf,False,False,32
2500,layer3.conv2,element,4,"(23, 21, 14)",0,0.0,False,0.86,0.0,False,,248,-32768.0,-2048.0,4.0,0.9375,False,False,1
2501,layer3.conv2,element,7,"(93, 39, 22)",0,0.0,False,0.86,0.0,False,,120,32768.0,-32768.0,0.0,2.0,True,False,1
2502,layer2.conv1,element,0,"(62, 12, 1)",0,0.0,False,0.86,0.0,False,,245,-20480.0,-16384.0,0.3219280242919922,0.20000000298023224,False,False,1
2503,layer3.conv1,element,3,"(50, 8, 24)",0,0.0,False,0.86,0.0,False,,112,8192.0,32768.0,2.0,3.0,False,False,1
2504,layer3.conv1,element,0,"(130, 13, 23)",0,0.0,False,0.86,0.0,False,,118,24576.0,28672.0,0.22239208221435547,0.1666666716337204,False,False,1
2505,layer3.conv2,element,7,"(13, 34, 28)",0,0.0,False,0.86,0.0,False,,109,5120.0,-5120.0,0.0,2.0,True,False,1
2506,layer3.conv2,element,4,"(38, 37, 21)",0,0.0,False,0.86,0.0,False,,246,-24576.0,-1536.0,4.0,0.9375,False,False,1
2507,layer1.conv2,element,5,"(20, 9, 11)",0,0.0,False,0.86,0.0,False,,243,-14336.0,-56.0,8.0,0.99609375,False,False,1
2508,layer3.conv2,element,0,"(177, 46, 24)",0,0.0,False,0.86,0.0,False,,92,256.0,320.0,0.3219280242919922,0.25,False,False,1
2509,layer3.conv2,element,5,"(70, 24, 21)",0,0.0,False,0.86,0.0,False,,248,-32768.0,-128.0,8.0,0.99609375,False,False,1
2510,layer3.conv1,element,2,"(76, 1, 13)",200,1.0,True,0.0,0.86,True,,120,32768.0,inf,inf,inf,False,True,1
2511,layer3.conv2,element,5,"(190, 21, 7)",0,0.0,False,0.86,0.0,False,,116,16384.0,64.0,8.0,0.99609375,False,False,1
2512,layer2.conv2,element,7,"(71, 5, 26)",0,0.0,False,0.86,0.0,False,,119,28672.0,-28672.0,0.0,2.0,True,False,1
2513,layer3.conv2,element,2,"(94, 25, 27)",200,1.0,True,0.0,0.86,True,,121,40960.0,,inf,inf,False,True,1
2514,layer1.conv1,element,2,"(29, 10, 12)",0,0.0,False,0.86,0.0,False,,233,-2560.0,-5120.0,1.0,1.0,False,False,1
2515,layer2.conv2,element,3,"(34, 3, 13)",0,0.0,False,0.86,0.0,False,,103,1792.0,7168.0,2.0,3.0,False,False,1
2516,layer3.conv2,element,5,"(176, 37, 13)",0,0.0,False,0.86,0.0,False,,235,-3584.0,-14.0,8.0,0.99609375,False,False,1
2517,layer3.shortcut.0,element,2,"(7, 0, 18)",0,0.0,False,0.86,0.0,False,,108,4096.0,2048.0,1.0,0.5,False,False,1
2518,layer3.conv2,element,1,"(128, 34, 10)",0,0.0,False,0.86,0.0,False,,239,-7168.0,-5120.0,0.4854269027709961,0.2857142984867096,False,False,1
2519,layer3.conv2,element,7,"(95, 45, 16)",0,0.0,False,0.86,0.0,False,,249,-40960.0,40960.0,0.0,2.0,True,False,1
2520,layer2.conv1,element,0,"(34, 12, 18)",0,0.0,False,0.86,0.0,False,,102,1536.0,1792.0,0.22239208221435547,0.1666666716337204,False,False,1
2521,layer3.conv2,element,7,"(181, 34, 3)",0,0.0,False,0.86,0.0,False,,238,-6144.0,6144.0,0.0,2.0,True,False,1
2522,layer3.conv1,element,4,"(115, 15, 30)",200,1.0,True,0.0,0.86,True,,238,-6144.0,,inf,inf,False,True,1
2523,layer3.conv2,element,6,"(121, 26, 15)",0,0.0,False,0.86,0.0,False,,106,3072.0,0.046875,16.0,0.9999847412109375,False,False,1
2524,layer3.conv2,element,2,"(73, 47, 7)",0,0.0,False,0.86,0.0,False,,247,-28672.0,-14336.0,1.0,0.5,False,False,1
2525,layer2.conv1,element,5,"(24, 7, 15)",1,0.005,True,0.865,-0.0050000000000000044,False,,121,40960.0,160.0,8.0,0.99609375,False,False,1
2526,layer3.conv2,element,1,"(56, 36, 31)",0,0.0,False,0.86,0.0,False,,238,-6144.0,-4096.0,0.5849628448486328,0.3333333432674408,False,False,1
2527,layer3.conv2,element,5,"(63, 4, 0)",1,0.005,True,0.865,-0.0050000000000000044,False,,248,-32768.0,-128.0,8.0,0.99609375,False,False,1
2528,layer3.conv2,element,4,"(109, 12, 6)",0,0.0,False,0.86,0.0,False,,243,-14336.0,-896.0,4.0,0.9375,False,False,1
2529,layer3.conv1,element,4,"(124, 11, 13)",0,0.0,False,0.86,0.0,False,,249,-40960.0,-2560.0,4.0,0.9375,False,False,1
2530,layer3.conv1,element,0,"(32, 24, 10)",0,0.0,False,0.86,0.0,False,,240,-8192.0,-10240.0,0.3219280242919922,0.25,False,False,1
2531,layer3.conv2,element,2,"(83, 9, 18)",0,0.0,False,0.86,0.0,False,,118,24576.0,12288.0,1.0,0.5,False,False,1
2532,layer1.conv2,element,1,"(41, 6, 28)",0,0.0,False,0.86,0.0,False,,236,-4096.0,-6144.0,0.5849628448486328,0.5,False,False,1
2533,layer3.conv2,element,5,"(170, 6, 1)",0,0.0,False,0.86,0.0,False,,112,8192.0,32.0,8.0,0.99609375,False,False,1
2534,layer2.conv2,element,2,"(48, 0, 20)",0,0.0,False,0.86,0.0,False,,246,-24576.0,-12288.0,1.0,0.5,False,False,1
2535,layer2.conv2,element,4,"(18, 8, 26)",1,0.005,True,0.865,-0.0050000000000000044,False,,119,28672.0,1792.0,4.0,0.9375,False,False,1
2536,fc,element,1,"(6, 3, 12)",0,0.0,False,0.86,0.0,False,,241,-10240.0,-14336.0,0.4854269027709961,0.4000000059604645,False,False,1
2537,layer2.conv2,element,6,"(4, 20, 11)",0,0.0,False,0.86,0.0,False,,248,-32768.0,-0.5,16.0,0.9999847412109375,False,False,1
2538,layer3.conv2,element,7,"(70, 41, 6)",0,0.0,False,0.86,0.0,False,,247,-28672.0,28672.0,0.0,2.0,True,False,1
2539,layer2.conv1,element,5,"(0, 6, 30)",0,0.0,False,0.86,0.0,False,,102,1536.0,6.0,8.0,0.99609375,False,False,1
2540,layer3.conv2,element,4,"(64, 18, 29)",0,0.0,False,0.86,0.0,False,,100,1024.0,16384.0,4.0,15.0,False,False,1
2541,layer3.conv1,element,2,"(187, 1, 18)",1,0.005,True,0.865,-0.0050000000000000044,False,,113,10240.0,20480.0,1.0,1.0,False,False,1
2542,layer3.conv2,element,6,"(15, 4, 0)",0,0.0,False,0.86,0.0,False,,107,3584.0,0.0546875,16.0,0.9999847412109375,False,False,1
2543,layer3.conv1,element,2,"(154, 9, 28)",0,0.0,False,0.86,0.0,False,,242,-12288.0,-24576.0,1.0,1.0,False,False,1
2544,layer3.conv2,element,6,"(21, 17, 2)",0,0.0,False,0.86,0.0,False,,121,40960.0,0.625,16.0,0.9999847412109375,False,False,1
2545,layer2.conv2,element,5,"(23, 23, 8)",0,0.0,False,0.86,0.0,False,,236,-4096.0,-16.0,8.0,0.99609375,False,False,1
2546,layer3.conv1,element,2,"(173, 25, 14)",1,0.005,True,0.865,-0.0050000000000000044,False,,114,12288.0,24576.0,1.0,1.0,False,False,1
2547,layer3.conv2,element,2,"(89, 35, 2)",0,0.0,False,0.86,0.0,False,,247,-28672.0,-14336.0,1.0,0.5,False,False,1
2548,layer2.conv2,element,5,"(41, 17, 20)",0,0.0,False,0.86,0.0,False,,245,-20480.0,-80.0,8.0,0.99609375,False,False,1
2549,layer3.conv2,element,2,"(102, 11, 5)",0,0.0,False,0.86,0.0,False,,114,12288.0,24576.0,1.0,1.0,False,False,1
2550,layer3.conv2,element,2,"(104, 45, 0)",0,0.0,False,0.86,0.0,False,,115,14336.0,28672.0,1.0,1.0,False,False,1
2551,layer3.conv2,element,1,"(5, 47, 30)",0,0.0,False,0.86,0.0,False,,233,-2560.0,-3584.0,0.4854269027709961,0.4000000059604645,False,False,1
2552,layer3.conv1,element,6,"(0, 19, 25)",0,0.0,False,0.86,0.0,False,,105,2560.0,0.0390625,16.0,0.9999847412109375,False,False,1
2553,layer3.conv2,element,4,"(126, 0, 29)",0,0.0,False,0.86,0.0,False,,249,-40960.0,-2560.0,4.0,0.9375,False,False,1
2554,layer2.conv2,element,0,"(80, 25, 3)",0,0.0,False,0.86,0.0,False,,112,8192.0,10240.0,0.3219280242919922,0.25,False,False,1
2555,layer2.conv2,element,6,"(66, 16, 25)",1,0.005,True,0.865,-0.0050000000000000044,False,,240,-8192.0,-0.125,16.0,0.9999847412109375,False,False,1
2556,layer3.conv2,element,0,"(73, 40, 29)",0,0.0,False,0.86,0.0,False,,240,-8192.0,-10240.0,0.3219280242919922,0.25,False,False,1
2557,layer3.conv2,element,5,"(120, 18, 25)",0,0.0,False,0.86,0.0,False,,241,-10240.0,-40.0,8.0,0.99609375,False,False,1
2558,layer2.conv2,element,5,"(80, 20, 10)",0,0.0,False,0.86,0.0,False,,114,12288.0,48.0,8.0,0.99609375,False,False,1
2559,layer1.conv1,element,5,"(34, 3, 25)",0,0.0,False,0.86,0.0,False,,115,14336.0,56.0,8.0,0.99609375,False,False,1
2560,layer3.conv2,element,5,"(18, 30, 31)",0,0.0,False,0.86,0.0,False,,107,3584.0,14.0,8.0,0.99609375,False,False,1
2561,layer3.conv2,element,6,"(66, 29, 24)",0,0.0,False,0.86,0.0,False,,90,192.0,0.0029296875,16.0,0.9999847412109375,False,False,1
2562,layer3.conv2,element,3,"(166, 22, 6)",1,0.005,True,0.865,-0.0050000000000000044,False,,240,-8192.0,-32768.0,2.0,3.0,False,False,1
2563,layer3.conv2,element,2,"(161, 26, 31)",0,0.0,False,0.86,0.0,False,,241,-10240.0,-20480.0,1.0,1.0,False,False,1
2564,layer3.conv2,element,5,"(97, 0, 20)",0,0.0,False,0.86,0.0,False,,239,-7168.0,-28.0,8.0,0.99609375,False,False,1
2565,layer3.conv1,element,0,"(96, 11, 15)",0,0.0,False,0.86,0.0,False,,243,-14336.0,-12288.0,0.22239208221435547,0.1428571492433548,False,False,1
2566,layer3.conv2,element,7,"(55, 5, 28)",0,0.0,False,0.86,0.0,False,,241,-10240.0,10240.0,0.0,2.0,True,False,1
2567,layer3.conv2,element,3,"(149, 51, 15)",0,0.0,False,0.86,0.0,False,,112,8192.0,32768.0,2.0,3.0,False,False,1
2568,layer3.conv2,element,2,"(124, 2, 11)",0,0.0,False,0.86,0.0,False,,111,7168.0,3584.0,1.0,0.5,False,False,1
2569,layer3.conv2,element,4,"(5, 46, 10)",0,0.0,False,0.86,0.0,False,,117,20480.0,1280.0,4.0,0.9375,False,False,1
2570,layer3.conv1,element,4,"(35, 8, 0)",0,0.0,False,0.86,0.0,False,,117,20480.0,1280.0,4.0,0.9375,False,False,1
2571,layer3.conv2,element,0,"(63, 21, 22)",0,0.0,False,0.86,0.0,False,,238,-6144.0,-7168.0,0.22239208221435547,0.1666666716337204,False,False,1
2572,layer3.conv2,element,0,"(50, 20, 7)",0,0.0,False,0.86,0.0,False,,120,32768.0,40960.0,0.3219280242919922,0.25,False,False,1
2573,layer3.conv2,element,7,"(9, 50, 30)",0,0.0,False,0.86,0.0,False,,230,-1536.0,1536.0,0.0,2.0,True,False,1
2574,layer3.conv1,element,3,"(135, 15, 14)",0,0.0,False,0.86,0.0,False,,238,-6144.0,-1536.0,2.0,0.75,False,False,1
2575,layer3.conv1,element,4,"(185, 3, 15)",0,0.0,False,0.86,0.0,False,,246,-24576.0,-1536.0,4.0,0.9375,False,False,1
2576,layer1.conv1,element,5,"(45, 5, 27)",0,0.0,False,0.86,0.0,False,,109,5120.0,20.0,8.0,0.99609375,False,False,1
2577,layer2.conv1,scale,1,"(9, 2)",2,0.01,True,0.87,-0.010000000000000009,False,,108,108.0,110.0,2.0,inf,False,False,32
2578,layer3.conv2,element,3,"(40, 48, 15)",0,0.0,False,0.86,0.0,False,,109,5120.0,1280.0,2.0,0.75,False,False,1
2579,layer3.conv1,element,0,"(7, 22, 9)",0,0.0,False,0.86,0.0,False,,116,16384.0,20480.0,0.3219280242919922,0.25,False,False,1
2580,layer3.conv2,element,2,"(4, 15, 30)",0,0.0,False,0.86,0.0,False,,118,24576.0,12288.0,1.0,0.5,False,False,1
2581,layer3.conv2,element,0,"(98, 23, 29)",0,0.0,False,0.86,0.0,False,,119,28672.0,24576.0,0.22239208221435547,0.1428571492433548,False,False,1
2582,layer3.conv1,element,6,"(87, 7, 19)",0,0.0,False,0.86,0.0,False,,244,-16384.0,-0.25,16.0,0.9999847412109375,False,False,1
2583,layer3.conv2,element,6,"(154, 33, 21)",0,0.0,False,0.86,0.0,False,,237,-5120.0,-0.078125,16.0,0.9999847412109375,False,False,1
2584,layer3.conv1,element,0,"(107, 12, 27)",0,0.0,False,0.86,0.0,False,,249,-40960.0,-32768.0,0.3219280242919922,0.20000000298023224,False,False,1
2585,layer2.conv2,element,7,"(8, 9, 11)",0,0.0,False,0.86,0.0,False,,117,20480.0,-20480.0,0.0,2.0,True,False,1
2586,layer3.conv2,element,2,"(74, 23, 23)",0,0.0,False,0.86,0.0,False,,116,16384.0,8192.0,1.0,0.5,False,False,1
2587,layer3.conv1,element,2,"(162, 8, 27)",0,0.0,False,0.86,0.0,False,,247,-28672.0,-14336.0,1.0,0.5,False,False,1
2588,layer2.conv1,element,2,"(8, 12, 6)",0,0.0,False,0.86,0.0,False,,244,-16384.0,-8192.0,1.0,0.5,False,False,1
2589,layer2.conv2,element,1,"(75, 0, 27)",0,0.0,False,0.86,0.0,False,,238,-6144.0,-4096.0,0.5849628448486328,0.3333333432674408,False,False,1
2590,layer3.conv1,element,1,"(145, 6, 19)",0,0.0,False,0.86,0.0,False,,245,-20480.0,-28672.0,0.4854269027709961,0.4000000059604645,False,False,1
2591,layer3.conv2,element,6,"(43, 44, 14)",0,0.0,False,0.86,0.0,False,,112,8192.0,0.125,16.0,0.9999847412109375,False,False,1
2592,layer2.conv2,element,0,"(12, 16, 31)",0,0.0,False,0.86,0.0,False,,243,-14336.0,-12288.0,0.22239208221435547,0.1428571492433548,False,False,1
2593,layer3.conv2,element,7,"(51, 50, 28)",0,0.0,False,0.86,0.0,False,,233,-2560.0,2560.0,0.0,2.0,True,False,1
2594,layer3.conv2,element,6,"(47, 35, 6)",0,0.0,False,0.86,0.0,False,,110,6144.0,0.09375,16.0,0.9999847412109375,False,False,1
2595,layer2.shortcut.0,element,1,"(88, 0, 11)",0,0.0,False,0.86,0.0,False,,106,3072.0,2048.0,0.5849628448486328,0.3333333432674408,False,False,1
2596,layer3.conv2,element,2,"(15, 47, 9)",0,0.0,False,0.86,0.0,False,,117,20480.0,10240.0,1.0,0.5,False,False,1
2597,layer1.conv2,element,6,"(41, 3, 23)",0,0.0,False,0.86,0.0,False,,107,3584.0,0.0546875,16.0,0.9999847412109375,False,False,1
2598,layer3.conv1,element,2,"(71, 6, 7)",200,1.0,True,0.0,0.86,True,,249,-40960.0,,inf,inf,False,True,1
2599,layer2.conv1,element,2,"(75, 9, 10)",0,0.0,False,0.86,0.0,False,,234,-3072.0,-6144.0,1.0,1.0,False,False,1
2600,fc,element,1,"(5, 2, 17)",0,0.0,False,0.86,0.0,False,,246,-24576.0,-16384.0,0.5849628448486328,0.3333333432674408,False,False,1
2601,layer3.conv2,element,3,"(133, 50, 14)",0,0.0,False,0.86,0.0,False,,110,6144.0,1536.0,2.0,0.75,False,False,1
2602,layer3.conv2,element,6,"(82, 31, 2)",1,0.005,True,0.865,-0.0050000000000000044,False,,117,20480.0,0.3125,16.0,0.9999847412109375,False,False,1
2603,layer3.conv1,element,6,"(141, 22, 18)",0,0.0,False,0.86,0.0,False,,238,-6144.0,-0.09375,16.0,0.9999847412109375,False,False,1
2604,layer3.conv2,element,6,"(93, 6, 28)",0,0.0,False,0.86,0.0,False,,117,20480.0,0.3125,16.0,0.9999847412109375,False,False,1
2605,layer3.conv2,element,0,"(109, 53, 20)",0,0.0,False,0.86,0.0,False,,94,384.0,448.0,0.22239208221435547,0.1666666716337204,False,False,1
2606,layer2.conv2,element,6,"(61, 5, 6)",0,0.0,False,0.86,0.0,False,,234,-3072.0,-0.046875,16.0,0.9999847412109375,False,False,1
2607,layer3.conv2,element,4,"(0, 19, 31)",0,0.0,False,0.86,0.0,False,,235,-3584.0,-57344.0,4.0,15.0,False,False,1
2608,layer3.conv2,element,2,"(123, 35, 5)",0,0.0,False,0.86,0.0,False,,91,224.0,448.0,1.0,1.0,False,False,1
2609,layer1.conv1,element,4,"(22, 1, 3)",0,0.0,False,0.86,0.0,False,,117,20480.0,1280.0,4.0,0.9375,False,False,1
2610,layer2.conv1,element,3,"(46, 8, 8)",1,0.005,True,0.865,-0.0050000000000000044,False,,121,40960.0,10240.0,2.0,0.75,False,False,1
2611,layer3.conv2,element,2,"(35, 44, 27)",0,0.0,False,0.86,0.0,False,,238,-6144.0,-3072.0,1.0,0.5,False,False,1
2612,layer2.conv1,element,1,"(21, 7, 30)",0,0.0,False,0.86,0.0,False,,239,-7168.0,-5120.0,0.4854269027709961,0.2857142984867096,False,False,1
2613,layer3.conv2,element,4,"(107, 1, 29)",0,0.0,False,0.86,0.0,False,,234,-3072.0,-49152.0,4.0,15.0,False,False,1
2614,layer3.conv2,element,3,"(168, 30, 7)",0,0.0,False,0.86,0.0,False,,230,-1536.0,-6144.0,2.0,3.0,False,False,1
2615,layer3.conv1,element,1,"(27, 5, 5)",0,0.0,False,0.86,0.0,False,,240,-8192.0,-12288.0,0.5849628448486328,0.5,False,False,1
2616,layer2.conv2,element,7,"(20, 21, 7)",0,0.0,False,0.86,0.0,False,,114,12288.0,-12288.0,0.0,2.0,True,False,1
2617,layer3.conv1,element,3,"(112, 26, 19)",0,0.0,False,0.86,0.0,False,,110,6144.0,1536.0,2.0,0.75,False,False,1
2618,layer3.conv1,element,0,"(167, 3, 30)",0,0.0,False,0.86,0.0,False,,118,24576.0,28672.0,0.22239208221435547,0.1666666716337204,False,False,1
2619,layer3.conv2,element,3,"(7, 4, 13)",0,0.0,False,0.86,0.0,False,,122,49152.0,12288.0,2.0,0.75,False,False,1
2620,layer3.conv1,element,3,"(147, 9, 4)",200,1.0,True,0.0,0.86,True,,117,20480.0,,inf,inf,False,True,1
2621,layer3.conv2,element,3,"(53, 24, 23)",200,1.0,True,0.0,0.86,True,,245,-20480.0,,inf,inf,False,True,1
2622,layer2.conv2,element,1,"(29, 2, 28)",0,0.0,False,0.86,0.0,False,,116,16384.0,24576.0,0.5849628448486328,0.5,False,False,1
2623,layer3.conv1,element,7,"(108, 8, 20)",0,0.0,False,0.86,0.0,False,,111,7168.0,-7168.0,0.0,2.0,True,False,1
2624,layer3.conv2,element,0,"(33, 27, 28)",0,0.0,False,0.86,0.0,False,,235,-3584.0,-3072.0,0.22239208221435547,0.1428571492433548,False,False,1
2625,layer3.conv1,element,7,"(86, 5, 16)",1,0.005,True,0.865,-0.0050000000000000044,False,,249,-40960.0,40960.0,0.0,2.0,True,False,1
2626,layer3.conv1,element,6,"(30, 2, 0)",0,0.0,False,0.86,0.0,False,,113,10240.0,0.15625,16.0,0.9999847412109375,False,False,1
2627,layer1.conv1,element,4,"(9, 7, 4)",1,0.005,True,0.865,-0.0050000000000000044,False,,241,-10240.0,-640.0,4.0,0.9375,False,False,1
2628,layer3.conv2,element,2,"(120, 44, 8)",0,0.0,False,0.86,0.0,False,,228,-1024.0,-512.0,1.0,0.5,False,False,1
2629,layer2.conv2,element,1,"(8, 1, 1)",0,0.0,False,0.86,0.0,False,,245,-20480.0,-28672.0,0.4854269027709961,0.4000000059604645,False,False,1
2630,layer3.conv1,element,5,"(10, 18, 24)",0,0.0,False,0.86,0.0,False,,109,5120.0,20.0,8.0,0.99609375,False,False,1
2631,layer3.conv2,element,7,"(113, 13, 10)",1,0.005,True,0.865,-0.0050000000000000044,False,,108,4096.0,-4096.0,0.0,2.0,True,False,1
2632,layer3.conv1,element,5,"(127, 4, 14)",0,0.0,False,0.86,0.0,False,,225,-640.0,-2.5,8.0,0.99609375,False,False,1
2633,layer3.conv2,element,4,"(86, 12, 19)",200,1.0,True,0.0,0.86,True,,236,-4096.0,-inf,inf,inf,False,True,1
2634,layer3.conv2,element,1,"(123, 11, 28)",0,0.0,False,0.86,0.0,False,,109,5120.0,7168.0,0.4854269027709961,0.4000000059604645,False,False,1
2635,layer3.shortcut.0,element,3,"(74, 0, 16)",0,0.0,False,0.86,0.0,False,,235,-3584.0,-896.0,2.0,0.75,False,False,1
2636,layer3.conv2,element,1,"(119, 9, 6)",0,0.0,False,0.86,0.0,False,,246,-24576.0,-16384.0,0.5849628448486328,0.3333333432674408,False,False,1
2637,layer2.conv2,element,4,"(60, 25, 9)",0,0.0,False,0.86,0.0,False,,245,-20480.0,-1280.0,4.0,0.9375,False,False,1
2638,layer3.conv2,element,7,"(142, 52, 4)",1,0.005,True,0.865,-0.0050000000000000044,False,,244,-16384.0,16384.0,0.0,2.0,True,False,1
2639,layer3.conv2,element,3,"(21, 2, 31)",1,0.005,True,0.865,-0.0050000000000000044,False,,250,-49152.0,-12288.0,2.0,0.75,False,False,1
2640,layer3.conv2,element,4,"(118, 46, 29)",200,1.0,True,0.0,0.86,True,,237,-5120.0,,inf,inf,False,True,1
2641,layer3.conv2,element,3,"(127, 53, 10)",0,0.0,False,0.86,0.0,False,,248,-32768.0,-8192.0,2.0,0.75,False,False,1
2642,layer3.conv1,element,0,"(106, 22, 10)",0,0.0,False,0.86,0.0,False,,107,3584.0,3072.0,0.22239208221435547,0.1428571492433548,False,False,1
2643,layer1.conv2,element,6,"(37, 3, 4)",0,0.0,False,0.86,0.0,False,,237,-5120.0,-0.078125,16.0,0.9999847412109375,False,False,1
2644,layer3.conv1,element,0,"(178, 7, 14)",0,0.0,False,0.86,0.0,False,,233,-2560.0,-2048.0,0.3219280242919922,0.20000000298023224,False,False,1
2645,layer3.conv1,element,5,"(24, 6, 2)",1,0.005,True,0.865,-0.0050000000000000044,False,,245,-20480.0,-80.0,8.0,0.99609375,False,False,1
2646,layer1.conv2,element,3,"(46, 11, 23)",0,0.0,False,0.86,0.0,False,,105,2560.0,640.0,2.0,0.75,False,False,1
2647,layer3.conv2,element,0,"(30, 11, 14)",0,0.0,False,0.86,0.0,False,,113,10240.0,8192.0,0.3219280242919922,0.20000000298023224,False,False,1
2648,layer3.conv2,element,1,"(34, 26, 24)",0,0.0,False,0.86,0.0,False,,111,7168.0,5120.0,0.4854269027709961,0.2857142984867096,False,False,1
2649,layer2.conv2,element,6,"(40, 1, 10)",0,0.0,False,0.86,0.0,False,,101,1280.0,0.01953125,16.0,0.9999847412109375,False,False,1
2650,layer3.conv1,element,1,"(45, 25, 18)",1,0.005,True,0.865,-0.0050000000000000044,False,,245,-20480.0,-28672.0,0.4854269027709961,0.4000000059604645,False,False,1
2651,layer3.conv2,element,0,"(136, 48, 13)",0,0.0,False,0.86,0.0,False,,244,-16384.0,-20480.0,0.3219280242919922,0.25,False,False,1
2652,layer3.conv2,element,0,"(77, 9, 23)",0,0.0,False,0.86,0.0,False,,105,2560.0,2048.0,0.3219280242919922,0.20000000298023224,False,False,1
2653,layer3.conv2,element,7,"(122, 3, 22)",0,0.0,False,0.86,0.0,False,,107,3584.0,-3584.0,0.0,2.0,True,False,1
2654,layer2.conv2,element,5,"(66, 21, 9)",0,0.0,False,0.86,0.0,False,,99,896.0,3.5,8.0,0.99609375,False,False,1
2655,layer3.conv2,element,6,"(61, 7, 18)",0,0.0,False,0.86,0.0,False,,244,-16384.0,-0.25,16.0,0.9999847412109375,False,False,1
2656,layer1.conv2,element,4,"(30, 0, 31)",0,0.0,False,0.86,0.0,False,,118,24576.0,1536.0,4.0,0.9375,False,False,1
2657,layer2.conv1,element,7,"(69, 9, 17)",0,0.0,False,0.86,0.0,False,,233,-2560.0,2560.0,0.0,2.0,True,False,1
2658,layer3.conv2,element,4,"(18, 9, 0)",1,0.005,True,0.865,-0.0050000000000000044,False,,249,-40960.0,-2560.0,4.0,0.9375,False,False,1
2659,layer3.conv2,element,5,"(156, 43, 21)",0,0.0,False,0.86,0.0,False,,118,24576.0,96.0,8.0,0.99609375,False,False,1
2660,layer3.shortcut.0,element,0,"(184, 1, 6)",0,0.0,False,0.86,0.0,False,,116,16384.0,20480.0,0.3219280242919922,0.25,False,False,1
2661,layer2.conv2,element,6,"(25, 25, 13)",1,0.005,True,0.865,-0.0050000000000000044,False,,240,-8192.0,-0.125,16.0,0.9999847412109375,False,False,1
2662,layer3.conv1,element,4,"(145, 1, 11)",0,0.0,False,0.86,0.0,False,,235,-3584.0,-57344.0,4.0,15.0,False,False,1
2663,layer3.conv2,element,3,"(166, 26, 20)",0,0.0,False,0.86,0.0,False,,238,-6144.0,-1536.0,2.0,0.75,False,False,1
2664,layer3.conv2,element,5,"(103, 51, 0)",1,0.005,True,0.865,-0.0050000000000000044,False,,244,-16384.0,-64.0,8.0,0.99609375,False,False,1
2665,layer1.conv1,element,0,"(19, 3, 7)",0,0.0,False,0.86,0.0,False,,232,-2048.0,-2560.0,0.3219280242919922,0.25,False,False,1
2666,layer3.conv2,element,1,"(81, 51, 2)",0,0.0,False,0.86,0.0,False,,240,-8192.0,-12288.0,0.5849628448486328,0.5,False,False,1
2667,layer3.conv2,element,6,"(154, 43, 31)",0,0.0,False,0.86,0.0,False,,112,8192.0,0.125,16.0,0.9999847412109375,False,False,1
2668,layer1.conv2,element,3,"(13, 11, 12)",0,0.0,False,0.86,0.0,False,,241,-10240.0,-40960.0,2.0,3.0,False,False,1
2669,layer2.conv2,element,6,"(94, 6, 24)",1,0.005,True,0.865,-0.0050000000000000044,False,,112,8192.0,0.125,16.0,0.9999847412109375,False,False,1
2670,layer3.conv2,element,5,"(164, 22, 6)",0,0.0,False,0.86,0.0,False,,114,12288.0,48.0,8.0,0.99609375,False,False,1
2671,layer2.conv1,element,4,"(82, 12, 14)",0,0.0,False,0.86,0.0,False,,117,20480.0,1280.0,4.0,0.9375,False,False,1
2672,layer3.conv1,element,0,"(96, 21, 25)",0,0.0,False,0.86,0.0,False,,123,57344.0,49152.0,0.22239208221435547,0.1428571492433548,False,False,1
2673,layer2.conv2,element,4,"(58, 18, 5)",0,0.0,False,0.86,0.0,False,,241,-10240.0,-640.0,4.0,0.9375,False,False,1
2674,layer3.conv2,element,5,"(107, 49, 25)",0,0.0,False,0.86,0.0,False,,245,-20480.0,-80.0,8.0,0.99609375,False,False,1
2675,layer3.conv1,element,1,"(14, 1, 22)",0,0.0,False,0.86,0.0,False,,221,-320.0,-448.0,0.4854269027709961,0.4000000059604645,False,False,1
2676,layer3.conv2,element,2,"(157, 25, 0)",1,0.005,True,0.865,-0.0050000000000000044,False,,119,28672.0,14336.0,1.0,0.5,False,False,1
2677,layer3.conv2,element,0,"(150, 46, 23)",0,0.0,False,0.86,0.0,False,,107,3584.0,3072.0,0.22239208221435547,0.1428571492433548,False,False,1
2678,layer3.conv1,element,4,"(130, 20, 19)",0,0.0,False,0.86,0.0,False,,240,-8192.0,-512.0,4.0,0.9375,False,False,1
2679,layer3.conv1,element,6,"(157, 10, 8)",1,0.005,True,0.865,-0.0050000000000000044,False,,123,57344.0,0.875,16.0,0.9999847412109375,False,False,1
2680,layer3.conv2,element,3,"(24, 24, 0)",0,0.0,False,0.86,0.0,False,,237,-5120.0,-1280.0,2.0,0.75,False,False,1
2681,layer3.conv2,element,2,"(161, 41, 24)",0,0.0,False,0.86,0.0,False,,240,-8192.0,-16384.0,1.0,1.0,False,False,1
2682,layer3.conv1,element,5,"(120, 22, 4)",0,0.0,False,0.86,0.0,False,,242,-12288.0,-48.0,8.0,0.99609375,False,False,1
2683,layer3.conv1,scale,2,"(85, 2)",2,0.01,True,0.865,-0.0050000000000000044,False,,108,108.0,104.0,4.0,inf,False,False,32
2684,layer3.conv2,scale,2,"(41, 38)",1,0.005,True,0.865,-0.0050000000000000044,False,,110,110.0,106.0,4.0,inf,False,False,32
2685,layer3.conv1,element,6,"(93, 14, 17)",0,0.0,False,0.86,0.0,False,,243,-14336.0,-0.21875,16.0,0.9999847412109375,False,False,1
2686,layer3.conv2,scale,7,"(121, 48)",200,1.0,True,0.0,0.86,True,,110,110.0,238.0,128.0,inf,False,False,32
2687,layer3.conv2,element,1,"(132, 50, 30)",0,0.0,False,0.86,0.0,False,,242,-12288.0,-8192.0,0.5849628448486328,0.3333333432674408,False,False,1
2688,layer1.conv2,element,1,"(38, 13, 12)",0,0.0,False,0.86,0.0,False,,105,2560.0,3584.0,0.4854269027709961,0.4000000059604645,False,False,1
2689,layer3.conv2,element,7,"(183, 26, 17)",0,0.0,False,0.86,0.0,False,,120,32768.0,-32768.0,0.0,2.0,True,False,1
2690,layer1.conv1,element,1,"(36, 11, 0)",1,0.005,True,0.865,-0.0050000000000000044,False,,121,40960.0,57344.0,0.4854269027709961,0.4000000059604645,False,False,1
2691,layer3.conv2,element,0,"(74, 27, 19)",0,0.0,False,0.86,0.0,False,,244,-16384.0,-20480.0,0.3219280242919922,0.25,False,False,1
2692,layer3.conv2,element,2,"(149, 16, 11)",1,0.005,True,0.865,-0.0050000000000000044,False,,116,16384.0,8192.0,1.0,0.5,False,False,1
2693,layer3.conv2,element,5,"(109, 52, 2)",0,0.0,False,0.86,0.0,False,,247,-28672.0,-112.0,8.0,0.99609375,False,False,1
2694,layer3.conv2,element,5,"(58, 6, 18)",0,0.0,False,0.86,0.0,False,,245,-20480.0,-80.0,8.0,0.99609375,False,False,1
2695,layer3.conv2,element,5,"(131, 23, 19)",0,0.0,False,0.86,0.0,False,,240,-8192.0,-32.0,8.0,0.99609375,False,False,1
2696,layer1.conv2,element,7,"(37, 4, 30)",0,0.0,False,0.86,0.0,False,,107,3584.0,-3584.0,0.0,2.0,True,False,1
2697,layer3.conv2,element,4,"(36, 46, 4)",1,0.005,True,0.865,-0.0050000000000000044,False,,116,16384.0,1024.0,4.0,0.9375,False,False,1
2698,layer3.conv2,element,7,"(146, 13, 27)",1,0.005,True,0.865,-0.0050000000000000044,False,,112,8192.0,-8192.0,0.0,2.0,True,False,1
2699,layer2.conv2,element,3,"(37, 4, 27)",200,1.0,True,0.0,0.86,True,,117,20480.0,,inf,inf,False,True,1
2700,layer3.conv2,element,6,"(53, 28, 4)",0,0.0,False,0.86,0.0,False,,240,-8192.0,-0.125,16.0,0.9999847412109375,False,False,1
2701,layer3.conv2,element,6,"(21, 43, 6)",0,0.0,False,0.86,0.0,False,,109,5120.0,0.078125,16.0,0.9999847412109375,False,False,1
2702,layer3.conv2,element,1,"(47, 17, 17)",0,0.0,False,0.86,0.0,False,,247,-28672.0,-20480.0,0.4854269027709961,0.2857142984867096,False,False,1
2703,layer3.conv2,element,4,"(160, 4, 3)",0,0.0,False,0.86,0.0,False,,118,24576.0,1536.0,4.0,0.9375,False,False,1
2704,layer3.conv1,element,6,"(182, 2, 8)",0,0.0,False,0.86,0.0,False,,249,-40960.0,-0.625,16.0,0.9999847412109375,False,False,1
2705,layer2.conv1,element,2,"(72, 3, 30)",1,0.005,True,0.865,-0.0050000000000000044,False,,241,-10240.0,-20480.0,1.0,1.0,False,False,1
2706,layer3.conv2,element,7,"(47, 5, 9)",0,0.0,False,0.86,0.0,False,,97,640.0,-640.0,0.0,2.0,True,False,1
2707,layer3.conv1,element,5,"(50, 10, 9)",1,0.005,True,0.865,-0.0050000000000000044,False,,114,12288.0,48.0,8.0,0.99609375,False,False,1
2708,layer2.conv1,element,4,"(71, 6, 8)",1,0.005,True,0.865,-0.0050000000000000044,False,,246,-24576.0,-1536.0,4.0,0.9375,False,False,1
2709,layer3.conv2,element,0,"(72, 43, 10)",0,0.0,False,0.86,0.0,False,,237,-5120.0,-4096.0,0.3219280242919922,0.20000000298023224,False,False,1
2710,layer2.conv2,element,3,"(14, 1, 30)",0,0.0,False,0.86,0.0,False,,237,-5120.0,-1280.0,2.0,0.75,False,False,1
2711,layer3.conv2,element,6,"(107, 6, 21)",0,0.0,False,0.86,0.0,False,,113,10240.0,0.15625,16.0,0.9999847412109375,False,False,1
2712,layer2.conv1,element,6,"(30, 7, 10)",0,0.0,False,0.86,0.0,False,,114,12288.0,0.1875,16.0,0.9999847412109375,False,False,1
2713,layer3.conv2,element,7,"(40, 15, 13)",1,0.005,True,0.865,-0.0050000000000000044,False,,118,24576.0,-24576.0,0.0,2.0,True,False,1
2714,layer3.conv2,element,4,"(90, 37, 5)",0,0.0,False,0.86,0.0,False,,245,-20480.0,-1280.0,4.0,0.9375,False,False,1
2715,layer3.conv1,element,6,"(49, 20, 31)",0,0.0,False,0.86,0.0,False,,114,12288.0,0.1875,16.0,0.9999847412109375,False,False,1
2716,layer3.conv2,element,3,"(101, 33, 7)",0,0.0,False,0.86,0.0,False,,242,-12288.0,-49152.0,2.0,3.0,False,False,1
2717,layer2.conv2,element,4,"(42, 13, 19)",0,0.0,False,0.86,0.0,False,,245,-20480.0,-1280.0,4.0,0.9375,False,False,1
2718,layer2.conv2,element,6,"(76, 14, 3)",0,0.0,False,0.86,0.0,False,,118,24576.0,0.375,16.0,0.9999847412109375,False,False,1
2719,layer3.conv1,element,5,"(153, 12, 13)",0,0.0,False,0.86,0.0,False,,115,14336.0,56.0,8.0,0.99609375,False,False,1
2720,layer3.conv2,element,6,"(166, 52, 10)",0,0.0,False,0.86,0.0,False,,244,-16384.0,-0.25,16.0,0.9999847412109375,False,False,1
2721,layer3.conv2,element,3,"(103, 37, 21)",200,1.0,True,0.0,0.86,True,,245,-20480.0,,inf,inf,False,True,1
2722,layer3.conv2,element,3,"(82, 47, 9)",0,0.0,False,0.86,0.0,False,,120,32768.0,8192.0,2.0,0.75,False,False,1
2723,layer3.conv2,scale,1,"(111, 22)",1,0.005,True,0.865,-0.0050000000000000044,False,,109,109.0,111.0,2.0,inf,False,False,32
2724,layer3.conv2,element,2,"(158, 47, 26)",0,0.0,False,0.86,0.0,False,,246,-24576.0,-12288.0,1.0,0.5,False,False,1
2725,layer3.conv1,element,5,"(115, 1, 25)",0,0.0,False,0.86,0.0,False,,198,-6.0,-1536.0,8.0,255.0,False,False,1
2726,layer3.conv2,element,5,"(89, 31, 1)",1,0.005,True,0.865,-0.0050000000000000044,False,,237,-5120.0,-20.0,8.0,0.99609375,False,False,1
2727,layer3.conv1,element,2,"(61, 5, 31)",0,0.0,False,0.86,0.0,False,,109,5120.0,2560.0,1.0,0.5,False,False,1
2728,layer3.conv2,element,4,"(82, 20, 13)",0,0.0,False,0.86,0.0,False,,245,-20480.0,-1280.0,4.0,0.9375,False,False,1
2729,layer3.conv2,element,2,"(163, 28, 0)",0,0.0,False,0.86,0.0,False,,116,16384.0,8192.0,1.0,0.5,False,False,1
2730,layer3.conv1,element,4,"(21, 11, 14)",0,0.0,False,0.86,0.0,False,,242,-12288.0,-768.0,4.0,0.9375,False,False,1
2731,layer3.conv1,element,4,"(65, 12, 16)",200,1.0,True,0.0,0.86,True,,109,5120.0,,inf,inf,False,True,1
2732,layer3.conv2,element,3,"(34, 15, 7)",200,1.0,True,0.0,0.86,True,,246,-24576.0,,inf,inf,False,True,1
2733,layer3.conv2,element,3,"(156, 19, 11)",0,0.0,False,0.86,0.0,False,,236,-4096.0,-1024.0,2.0,0.75,False,False,1
2734,layer3.conv1,element,4,"(67, 14, 26)",0,0.0,False,0.86,0.0,False,,115,14336.0,896.0,4.0,0.9375,False,False,1
2735,layer3.conv2,element,5,"(9, 50, 26)",1,0.005,True,0.865,-0.0050000000000000044,False,,243,-14336.0,-56.0,8.0,0.99609375,False,False,1
2736,layer3.conv2,element,3,"(77, 38, 14)",0,0.0,False,0.86,0.0,False,,242,-12288.0,-49152.0,2.0,3.0,False,False,1
2737,layer3.conv1,element,0,"(82, 4, 13)",0,0.0,False,0.86,0.0,False,,240,-8192.0,-10240.0,0.3219280242919922,0.25,False,False,1
2738,layer2.conv2,element,6,"(92, 23, 24)",0,0.0,False,0.86,0.0,False,,234,-3072.0,-0.046875,16.0,0.9999847412109375,False,False,1
2739,layer3.conv2,element,6,"(158, 40, 1)",0,0.0,False,0.86,0.0,False,,224,-512.0,-0.0078125,16.0,0.9999847412109375,False,False,1
2740,layer3.conv2,element,2,"(1, 40, 28)",0,0.0,False,0.86,0.0,False,,117,20480.0,10240.0,1.0,0.5,False,False,1
2741,layer3.conv1,element,5,"(23, 6, 1)",1,0.005,True,0.865,-0.0050000000000000044,False,,116,16384.0,64.0,8.0,0.99609375,False,False,1
2742,layer3.conv2,element,1,"(147, 18, 27)",0,0.0,False,0.86,0.0,False,,122,49152.0,32768.0,0.5849628448486328,0.3333333432674408,False,False,1
2743,layer3.conv2,element,7,"(0, 30, 27)",0,0.0,False,0.86,0.0,False,,117,20480.0,-20480.0,0.0,2.0,True,False,1
2744,layer3.conv1,element,2,"(113, 18, 24)",0,0.0,False,0.86,0.0,False,,246,-24576.0,-12288.0,1.0,0.5,False,False,1
2745,layer3.conv1,element,3,"(72, 21, 16)",0,0.0,False,0.86,0.0,False,,249,-40960.0,-10240.0,2.0,0.75,False,False,1
2746,layer3.conv1,element,4,"(28, 15, 1)",1,0.005,True,0.865,-0.0050000000000000044,False,,244,-16384.0,-1024.0,4.0,0.9375,False,False,1
2747,layer2.conv1,element,3,"(81, 0, 1)",0,0.0,False,0.86,0.0,False,,240,-8192.0,-32768.0,2.0,3.0,False,False,1
2748,layer3.conv2,element,6,"(45, 50, 18)",1,0.005,True,0.865,-0.0050000000000000044,False,,120,32768.0,0.5,16.0,0.9999847412109375,False,False,1
2749,layer3.conv2,element,4,"(66, 36, 10)",0,0.0,False,0.86,0.0,False,,98,768.0,12288.0,4.0,15.0,False,False,1
2750,layer3.conv2,element,4,"(107, 40, 28)",0,0.0,False,0.86,0.0,False,,216,-128.0,-8.0,4.0,0.9375,False,False,1
2751,layer3.conv2,element,1,"(36, 12, 21)",0,0.0,False,0.86,0.0,False,,115,14336.0,10240.0,0.4854269027709961,0.2857142984867096,False,False,1
2752,layer1.conv2,element,4,"(23, 8, 6)",1,0.005,True,0.865,-0.0050000000000000044,False,,245,-20480.0,-1280.0,4.0,0.9375,False,False,1
2753,layer3.conv2,element,6,"(47, 14, 11)",0,0.0,False,0.86,0.0,False,,110,6144.0,0.09375,16.0,0.9999847412109375,False,False,1
2754,layer3.conv2,element,5,"(72, 42, 15)",0,0.0,False,0.86,0.0,False,,120,32768.0,128.0,8.0,0.99609375,False,False,1
2755,layer2.conv1,element,3,"(56, 10, 10)",200,1.0,True,0.0,0.86,True,,116,16384.0,inf,inf,inf,False,True,1
2756,layer1.conv1,element,2,"(19, 5, 20)",0,0.0,False,0.86,0.0,False,,237,-5120.0,-2560.0,1.0,0.5,False,False,1
2757,layer3.conv1,element,2,"(6, 23, 15)",200,1.0,True,0.0,0.86,True,,249,-40960.0,,inf,inf,False,True,1
2758,layer3.conv2,element,6,"(75, 33, 8)",0,0.0,False,0.86,0.0,False,,114,12288.0,0.1875,16.0,0.9999847412109375,False,False,1
2759,layer2.conv2,element,6,"(4, 4, 3)",1,0.005,True,0.865,-0.0050000000000000044,False,,246,-24576.0,-0.375,16.0,0.9999847412109375,False,False,1
2760,layer2.conv1,element,0,"(1, 5, 9)",1,0.005,True,0.865,-0.0050000000000000044,False,,248,-32768.0,-40960.0,0.3219280242919922,0.25,False,False,1
2761,layer3.conv2,element,1,"(65, 46, 27)",0,0.0,False,0.86,0.0,False,,249,-40960.0,-57344.0,0.4854269027709961,0.4000000059604645,False,False,1
2762,layer2.conv2,element,3,"(15, 24, 18)",200,1.0,True,0.0,0.86,True,,117,20480.0,,inf,inf,False,True,1
2763,layer3.conv1,element,7,"(2, 13, 13)",0,0.0,False,0.86,0.0,False,,229,-1280.0,1280.0,0.0,2.0,True,False,1
2764,layer3.shortcut.0,element,0,"(7, 1, 8)",0,0.0,False,0.86,0.0,False,,108,4096.0,5120.0,0.3219280242919922,0.25,False,False,1
2765,layer3.conv2,element,6,"(87, 45, 12)",0,0.0,False,0.86,0.0,False,,121,40960.0,0.625,16.0,0.9999847412109375,False,False,1
2766,layer3.conv1,element,5,"(73, 16, 4)",0,0.0,False,0.86,0.0,False,,118,24576.0,96.0,8.0,0.99609375,False,False,1
2767,layer3.conv2,element,1,"(4, 7, 12)",0,0.0,False,0.86,0.0,False,,116,16384.0,24576.0,0.5849628448486328,0.5,False,False,1
2768,layer3.conv2,element,6,"(191, 42, 17)",0,0.0,False,0.86,0.0,False,,240,-8192.0,-0.125,16.0,0.9999847412109375,False,False,1
2769,layer3.conv2,element,7,"(80, 53, 1)",0,0.0,False,0.86,0.0,False,,121,40960.0,-40960.0,0.0,2.0,True,False,1
2770,layer3.conv1,element,0,"(178, 12, 3)",0,0.0,False,0.86,0.0,False,,120,32768.0,40960.0,0.3219280242919922,0.25,False,False,1
2771,layer3.conv2,element,4,"(86, 3, 20)",0,0.0,False,0.86,0.0,False,,242,-12288.0,-768.0,4.0,0.9375,False,False,1
2772,layer3.conv2,element,0,"(24, 12, 15)",0,0.0,False,0.86,0.0,False,,225,-640.0,-512.0,0.3219280242919922,0.20000000298023224,False,False,1
2773,layer3.conv1,element,6,"(86, 17, 31)",1,0.005,True,0.865,-0.0050000000000000044,False,,246,-24576.0,-0.375,16.0,0.9999847412109375,False,False,1
2774,layer3.conv2,element,5,"(160, 51, 13)",0,0.0,False,0.86,0.0,False,,243,-14336.0,-56.0,8.0,0.99609375,False,False,1
2775,layer3.conv1,scale,4,"(126, 16)",181,0.905,True,0.1,0.76,False,,107,107.0,123.0,16.0,inf,False,False,32
2776,layer3.conv2,element,7,"(7, 41, 7)",0,0.0,False,0.86,0.0,False,,116,16384.0,-16384.0,0.0,2.0,True,False,1
2777,layer2.conv1,element,0,"(94, 12, 11)",0,0.0,False,0.86,0.0,False,,240,-8192.0,-10240.0,0.3219280242919922,0.25,False,False,1
2778,layer3.conv1,element,7,"(31, 1, 11)",1,0.005,True,0.865,-0.0050000000000000044,False,,117,20480.0,-20480.0,0.0,2.0,True,False,1
2779,layer2.conv2,element,0,"(43, 8, 18)",0,0.0,False,0.86,0.0,False,,230,-1536.0,-1792.0,0.22239208221435547,0.1666666716337204,False,False,1
2780,layer3.conv1,element,5,"(31, 5, 3)",1,0.005,True,0.865,-0.0050000000000000044,False,,119,28672.0,112.0,8.0,0.99609375,False,False,1
2781,layer2.conv2,element,5,"(28, 11, 1)",1,0.005,True,0.865,-0.0050000000000000044,False,,122,49152.0,192.0,8.0,0.99609375,False,False,1
2782,layer3.conv2,element,4,"(71, 9, 30)",1,0.005,True,0.865,-0.0050000000000000044,False,,248,-32768.0,-2048.0,4.0,0.9375,False,False,1
2783,layer1.conv1,element,7,"(37, 10, 17)",0,0.0,False,0.86,0.0,False,,242,-12288.0,12288.0,0.0,2.0,True,False,1
2784,layer3.conv2,element,6,"(66, 46, 3)",0,0.0,False,0.86,0.0,False,,242,-12288.0,-0.1875,16.0,0.9999847412109375,False,False,1
2785,layer3.conv2,scale,6,"(99, 15)",1,0.005,True,0.865,-0.0050000000000000044,False,,110,110.0,46.0,64.0,inf,False,False,32
2786,layer2.conv1,element,0,"(93, 0, 26)",0,0.0,False,0.86,0.0,False,,121,40960.0,32768.0,0.3219280242919922,0.20000000298023224,False,False,1
2787,layer3.shortcut.0,element,6,"(19, 2, 18)",0,0.0,False,0.86,0.0,False,,114,12288.0,0.1875,16.0,0.9999847412109375,False,False,1
2788,layer2.conv2,element,3,"(95, 20, 18)",1,0.005,True,0.865,-0.0050000000000000044,False,,113,10240.0,40960.0,2.0,3.0,False,False,1
2789,layer2.conv2,element,7,"(60, 14, 7)",0,0.0,False,0.86,0.0,False,,103,1792.0,-1792.0,0.0,2.0,True,False,1
2790,layer3.conv2,element,2,"(188, 47, 29)",200,1.0,True,0.0,0.86,True,,250,-49152.0,,inf,inf,False,True,1
2791,layer3.conv2,element,0,"(67, 38, 0)",1,0.005,True,0.865,-0.0050000000000000044,False,,248,-32768.0,-40960.0,0.3219280242919922,0.25,False,False,1
2792,layer3.conv2,element,5,"(38, 27, 30)",0,0.0,False,0.86,0.0,False,,120,32768.0,128.0,8.0,0.99609375,False,False,1
2793,layer2.conv2,element,6,"(37, 6, 1)",1,0.005,True,0.865,-0.0050000000000000044,False,,240,-8192.0,-0.125,16.0,0.9999847412109375,False,False,1
2794,layer2.conv2,element,1,"(7, 9, 4)",0,0.0,False,0.86,0.0,False,,244,-16384.0,-24576.0,0.5849628448486328,0.5,False,False,1
2795,layer3.conv1,element,6,"(114, 18, 9)",0,0.0,False,0.86,0.0,False,,236,-4096.0,-0.0625,16.0,0.9999847412109375,False,False,1
2796,layer1.conv2,element,5,"(21, 11, 3)",1,0.005,True,0.865,-0.0050000000000000044,False,,244,-16384.0,-64.0,8.0,0.99609375,False,False,1
2797,layer3.conv2,element,0,"(50, 24, 31)",0,0.0,False,0.86,0.0,False,,120,32768.0,40960.0,0.3219280242919922,0.25,False,False,1
2798,layer3.conv1,element,7,"(90, 2, 17)",0,0.0,False,0.86,0.0,False,,237,-5120.0,5120.0,0.0,2.0,True,False,1
2799,layer3.conv2,element,6,"(77, 49, 17)",0,0.0,False,0.86,0.0,False,,110,6144.0,0.09375,16.0,0.9999847412109375,False,False,1
2800,layer2.conv2,element,4,"(74, 24, 15)",0,0.0,False,0.86,0.0,False,,113,10240.0,640.0,4.0,0.9375,False,False,1
2801,layer3.conv2,element,6,"(166, 34, 29)",0,0.0,False,0.86,0.0,False,,98,768.0,0.01171875,16.0,0.9999847412109375,False,False,1
2802,layer3.conv2,element,6,"(177, 42, 14)",0,0.0,False,0.86,0.0,False,,118,24576.0,0.375,16.0,0.9999847412109375,False,False,1
2803,layer3.conv1,element,6,"(166, 10, 2)",0,0.0,False,0.86,0.0,False,,243,-14336.0,-0.21875,16.0,0.9999847412109375,False,False,1
2804,layer3.conv2,element,4,"(191, 21, 1)",200,1.0,True,0.0,0.86,True,,238,-6144.0,,inf,inf,False,True,1
2805,layer1.conv1,element,7,"(19, 9, 2)",1,0.005,True,0.865,-0.0050000000000000044,False,,109,5120.0,-5120.0,0.0,2.0,True,False,1
2806,layer3.conv2,element,4,"(152, 25, 12)",0,0.0,False,0.86,0.0,False,,248,-32768.0,-2048.0,4.0,0.9375,False,False,1
2807,layer3.conv2,element,5,"(189, 41, 25)",0,0.0,False,0.86,0.0,False,,116,16384.0,64.0,8.0,0.99609375,False,False,1
2808,layer3.conv2,element,1,"(108, 37, 15)",0,0.0,False,0.86,0.0,False,,113,10240.0,14336.0,0.4854269027709961,0.4000000059604645,False,False,1
2809,layer2.conv1,element,0,"(61, 2, 23)",0,0.0,False,0.86,0.0,False,,112,8192.0,10240.0,0.3219280242919922,0.25,False,False,1
2810,layer3.conv1,element,6,"(26, 0, 24)",1,0.005,True,0.865,-0.0050000000000000044,False,,111,7168.0,0.109375,16.0,0.9999847412109375,False,False,1
2811,layer2.conv2,element,3,"(59, 24, 4)",0,0.0,False,0.86,0.0,False,,228,-1024.0,-4096.0,2.0,3.0,False,False,1
2812,layer2.conv2,scale,1,"(84, 21)",0,0.0,False,0.86,0.0,False,,108,108.0,110.0,2.0,inf,False,False,32
2813,layer1.conv2,element,5,"(6, 0, 9)",1,0.005,True,0.865,-0.0050000000000000044,False,,107,3584.0,14.0,8.0,0.99609375,False,False,1
2814,layer1.conv1,element,7,"(21, 1, 27)",0,0.0,False,0.86,0.0,False,,117,20480.0,-20480.0,0.0,2.0,True,False,1
2815,layer3.conv1,element,2,"(128, 26, 1)",0,0.0,False,0.86,0.0,False,,244,-16384.0,-8192.0,1.0,0.5,False,False,1
2816,layer2.conv2,element,6,"(52, 10, 18)",1,0.005,True,0.865,-0.0050000000000000044,False,,112,8192.0,0.125,16.0,0.9999847412109375,False,False,1
2817,layer3.conv2,element,4,"(4, 22, 17)",0,0.0,False,0.86,0.0,False,,115,14336.0,896.0,4.0,0.9375,False,False,1
2818,layer3.conv2,element,3,"(80, 36, 16)",0,0.0,False,0.86,0.0,False,,236,-4096.0,-1024.0,2.0,0.75,False,False,1
2819,layer3.conv1,element,4,"(18, 5, 19)",0,0.0,False,0.86,0.0,False,,231,-1792.0,-28672.0,4.0,15.0,False,False,1
2820,layer2.conv1,element,1,"(9, 0, 3)",0,0.0,False,0.86,0.0,False,,115,14336.0,10240.0,0.4854269027709961,0.2857142984867096,False,False,1
2821,layer3.conv2,element,6,"(44, 19, 10)",1,0.005,True,0.865,-0.0050000000000000044,False,,249,-40960.0,-0.625,16.0,0.9999847412109375,False,False,1
2822,layer3.conv2,element,5,"(30, 43, 17)",0,0.0,False,0.86,0.0,False,,241,-10240.0,-40.0,8.0,0.99609375,False,False,1
2823,layer3.conv2,element,5,"(24, 40, 22)",0,0.0,False,0.86,0.0,False,,241,-10240.0,-40.0,8.0,0.99609375,False,False,1
2824,layer3.conv1,element,4,"(48, 7, 1)",0,0.0,False,0.86,0.0,False,,246,-24576.0,-1536.0,4.0,0.9375,False,False,1
2825,layer1.conv2,element,1,"(17, 7, 1)",0,0.0,False,0.86,0.0,False,,101,1280.0,1792.0,0.4854269027709961,0.4000000059604645,False,False,1
2826,layer2.conv2,element,1,"(7, 5, 23)",1,0.005,True,0.865,-0.0050000000000000044,False,,113,10240.0,14336.0,0.4854269027709961,0.4000000059604645,False,False,1
2827,layer3.conv2,element,4,"(144, 3, 21)",0,0.0,False,0.86,0.0,False,,113,10240.0,640.0,4.0,0.9375,False,False,1
2828,layer3.conv2,element,0,"(99, 35, 31)",0,0.0,False,0.86,0.0,False,,99,896.0,768.0,0.22239208221435547,0.1428571492433548,False,False,1
2829,layer2.shortcut.0,element,4,"(95, 0, 9)",0,0.0,False,0.86,0.0,False,,243,-14336.0,-896.0,4.0,0.9375,False,False,1
2830,layer2.conv1,element,5,"(23, 9, 9)",0,0.0,False,0.86,0.0,False,,120,32768.0,128.0,8.0,0.99609375,False,False,1
2831,layer3.conv1,element,5,"(141, 1, 2)",0,0.0,False,0.86,0.0,False,,242,-12288.0,-48.0,8.0,0.99609375,False,False,1
2832,layer2.conv2,element,3,"(25, 24, 16)",200,1.0,True,0.0,0.86,True,,246,-24576.0,,inf,inf,False,True,1
2833,layer2.conv1,element,7,"(92, 6, 2)",1,0.005,True,0.865,-0.0050000000000000044,False,,247,-28672.0,28672.0,0.0,2.0,True,False,1
2834,layer3.conv1,element,4,"(161, 11, 28)",1,0.005,True,0.865,-0.0050000000000000044,False,,251,-57344.0,-3584.0,4.0,0.9375,False,False,1
2835,layer3.conv2,element,7,"(174, 21, 12)",0,0.0,False,0.86,0.0,False,,121,40960.0,-40960.0,0.0,2.0,True,False,1
2836,layer3.conv1,element,6,"(170, 18, 15)",0,0.0,False,0.86,0.0,False,,246,-24576.0,-0.375,16.0,0.9999847412109375,False,False,1
2837,layer3.conv1,element,3,"(51, 15, 0)",200,1.0,True,0.0,0.86,True,,246,-24576.0,,inf,inf,False,True,1
2838,layer3.conv2,element,0,"(142, 38, 16)",0,0.0,False,0.86,0.0,False,,249,-40960.0,-32768.0,0.3219280242919922,0.20000000298023224,False,False,1
2839,layer3.conv1,element,0,"(100, 4, 0)",0,0.0,False,0.86,0.0,False,,95,448.0,384.0,0.22239208221435547,0.1428571492433548,False,False,1
2840,layer3.conv1,element,5,"(21, 2, 3)",1,0.005,True,0.865,-0.0050000000000000044,False,,111,7168.0,28.0,8.0,0.99609375,False,False,1
2841,layer3.conv2,element,4,"(118, 0, 7)",1,0.005,True,0.865,-0.0050000000000000044,False,,250,-49152.0,-3072.0,4.0,0.9375,False,False,1
2842,layer3.conv1,element,5,"(6, 17, 25)",0,0.0,False,0.86,0.0,False,,243,-14336.0,-56.0,8.0,0.99609375,False,False,1
2843,layer3.conv1,element,4,"(40, 11, 4)",200,1.0,True,0.0,0.86,True,,237,-5120.0,,inf,inf,False,True,1
2844,layer3.conv2,element,7,"(26, 10, 5)",1,0.005,True,0.865,-0.0050000000000000044,False,,118,24576.0,-24576.0,0.0,2.0,True,False,1
2845,layer2.conv2,element,7,"(86, 4, 26)",1,0.005,True,0.865,-0.0050000000000000044,False,,113,10240.0,-10240.0,0.0,2.0,True,False,1
2846,layer2.conv2,element,4,"(53, 16, 17)",0,0.0,False,0.86,0.0,False,,121,40960.0,2560.0,4.0,0.9375,False,False,1
2847,layer3.conv1,element,2,"(72, 3, 10)",0,0.0,False,0.86,0.0,False,,108,4096.0,2048.0,1.0,0.5,False,False,1
2848,layer2.conv2,element,2,"(71, 0, 9)",0,0.0,False,0.86,0.0,False,,98,768.0,1536.0,1.0,1.0,False,False,1
2849,layer3.conv2,element,1,"(60, 46, 2)",0,0.0,False,0.86,0.0,False,,242,-12288.0,-8192.0,0.5849628448486328,0.3333333432674408,False,False,1
2850,layer3.conv2,element,6,"(98, 26, 31)",0,0.0,False,0.86,0.0,False,,113,10240.0,0.15625,16.0,0.9999847412109375,False,False,1
2851,layer3.conv2,element,4,"(124, 30, 30)",0,0.0,False,0.86,0.0,False,,250,-49152.0,-3072.0,4.0,0.9375,False,False,1
2852,layer2.conv2,element,3,"(86, 10, 21)",0,0.0,False,0.86,0.0,False,,109,5120.0,1280.0,2.0,0.75,False,False,1
2853,layer3.conv2,element,6,"(182, 32, 13)",1,0.005,True,0.865,-0.0050000000000000044,False,,117,20480.0,0.3125,16.0,0.9999847412109375,False,False,1
2854,layer3.conv1,element,1,"(21, 12, 27)",0,0.0,False,0.86,0.0,False,,121,40960.0,57344.0,0.4854269027709961,0.4000000059604645,False,False,1
2855,layer3.conv1,element,0,"(134, 10, 16)",0,0.0,False,0.86,0.0,False,,244,-16384.0,-20480.0,0.3219280242919922,0.25,False,False,1
2856,layer3.conv2,element,4,"(9, 38, 9)",0,0.0,False,0.86,0.0,False,,246,-24576.0,-1536.0,4.0,0.9375,False,False,1
2857,layer3.conv2,element,7,"(154, 43, 2)",0,0.0,False,0.86,0.0,False,,239,-7168.0,7168.0,0.0,2.0,True,False,1
2858,layer3.conv2,element,5,"(69, 26, 22)",1,0.005,True,0.865,-0.0050000000000000044,False,,117,20480.0,80.0,8.0,0.99609375,False,False,1
2859,layer3.conv2,element,3,"(145, 20, 10)",1,0.005,True,0.865,-0.0050000000000000044,False,,241,-10240.0,-40960.0,2.0,3.0,False,False,1
2860,layer3.conv2,element,2,"(143, 27, 13)",0,0.0,False,0.86,0.0,False,,222,-384.0,-192.0,1.0000004768371582,0.5,False,False,1
2861,layer3.conv2,element,6,"(127, 34, 30)",0,0.0,False,0.86,0.0,False,,244,-16384.0,-0.25,16.0,0.9999847412109375,False,False,1
2862,layer3.conv1,element,2,"(191, 2, 20)",0,0.0,False,0.86,0.0,False,,244,-16384.0,-8192.0,1.0,0.5,False,False,1
2863,layer3.conv1,element,1,"(115, 2, 18)",1,0.005,True,0.865,-0.0050000000000000044,False,,121,40960.0,57344.0,0.4854269027709961,0.4000000059604645,False,False,1
2864,layer3.conv2,element,1,"(87, 8, 4)",0,0.0,False,0.86,0.0,False,,114,12288.0,8192.0,0.5849628448486328,0.3333333432674408,False,False,1
2865,fc,element,7,"(7, 1, 29)",1,0.005,True,0.865,-0.0050000000000000044,False,,117,20480.0,-20480.0,0.0,2.0,True,False,1
2866,layer2.conv2,element,1,"(54, 23, 21)",1,0.005,True,0.865,-0.0050000000000000044,False,,118,24576.0,16384.0,0.5849628448486328,0.3333333432674408,False,False,1
2867,layer3.conv1,element,2,"(146, 19, 12)",200,1.0,True,0.0,0.86,True,,249,-40960.0,,inf,inf,False,True,1
2868,layer3.shortcut.0,element,3,"(121, 1, 19)",0,0.0,False,0.86,0.0,False,,111,7168.0,1792.0,2.0,0.75,False,False,1
2869,layer3.conv2,element,4,"(157, 30, 15)",0,0.0,False,0.86,0.0,False,,248,-32768.0,-2048.0,4.0,0.9375,False,False,1
2870,layer2.conv2,element,1,"(64, 23, 18)",0,0.0,False,0.86,0.0,False,,247,-28672.0,-20480.0,0.4854269027709961,0.2857142984867096,False,False,1
2871,layer2.conv2,element,1,"(14, 4, 7)",0,0.0,False,0.86,0.0,False,,234,-3072.0,-2048.0,0.5849628448486328,0.3333333432674408,False,False,1
2872,layer3.conv2,element,1,"(165, 4, 23)",0,0.0,False,0.86,0.0,False,,113,10240.0,14336.0,0.4854269027709961,0.4000000059604645,False,False,1
2873,layer3.conv1,element,6,"(63, 23, 9)",0,0.0,False,0.86,0.0,False,,246,-24576.0,-0.375,16.0,0.9999847412109375,False,False,1
2874,layer3.conv2,element,7,"(88, 49, 11)",0,0.0,False,0.86,0.0,False,,248,-32768.0,32768.0,0.0,2.0,True,False,1
2875,layer3.conv2,element,0,"(2, 48, 6)",0,0.0,False,0.86,0.0,False,,230,-1536.0,-1792.0,0.22239208221435547,0.1666666716337204,False,False,1
2876,layer3.conv1,element,7,"(44, 18, 30)",1,0.005,True,0.865,-0.0050000000000000044,False,,242,-12288.0,12288.0,0.0,2.0,True,False,1
2877,layer3.conv2,element,5,"(135, 34, 1)",0,0.0,False,0.86,0.0,False,,114,12288.0,48.0,8.0,0.99609375,False,False,1
2878,layer3.conv1,element,7,"(49, 22, 19)",0,0.0,False,0.86,0.0,False,,110,6144.0,-6144.0,0.0,2.0,True,False,1
2879,layer3.conv1,element,0,"(120, 24, 30)",0,0.0,False,0.86,0.0,False,,121,40960.0,32768.0,0.3219280242919922,0.20000000298023224,False,False,1
2880,layer3.conv2,element,4,"(12, 52, 5)",0,0.0,False,0.86,0.0,False,,216,-128.0,-8.0,4.0,0.9375,False,False,1
2881,layer2.conv2,element,0,"(64, 17, 11)",0,0.0,False,0.86,0.0,False,,108,4096.0,5120.0,0.3219280242919922,0.25,False,False,1
2882,layer2.conv1,element,7,"(65, 12, 28)",0,0.0,False,0.86,0.0,False,,240,-8192.0,8192.0,0.0,2.0,True,False,1
2883,layer3.conv1,element,7,"(156, 3, 30)",0,0.0,False,0.86,0.0,False,,101,1280.0,-1280.0,0.0,2.0,True,False,1
2884,layer3.conv2,element,6,"(37, 45, 5)",1,0.005,True,0.865,-0.0050000000000000044,False,,116,16384.0,0.25,16.0,0.9999847412109375,False,False,1
2885,layer2.conv2,element,0,"(79, 25, 12)",0,0.0,False,0.86,0.0,False,,118,24576.0,28672.0,0.22239208221435547,0.1666666716337204,False,False,1
2886,layer3.conv2,element,1,"(139, 48, 8)",0,0.0,False,0.86,0.0,False,,119,28672.0,20480.0,0.4854269027709961,0.2857142984867096,False,False,1
2887,layer3.conv2,element,5,"(180, 37, 10)",0,0.0,False,0.86,0.0,False,,112,8192.0,32.0,8.0,0.99609375,False,False,1
2888,layer3.conv2,element,2,"(78, 7, 8)",0,0.0,False,0.86,0.0,False,,112,8192.0,16384.0,1.0,1.0,False,False,1
2889,layer3.conv2,element,5,"(69, 3, 8)",0,0.0,False,0.86,0.0,False,,235,-3584.0,-14.0,8.0,0.99609375,False,False,1
2890,layer2.conv1,element,5,"(75, 10, 7)",0,0.0,False,0.86,0.0,False,,111,7168.0,28.0,8.0,0.99609375,False,False,1
2891,layer3.conv2,element,2,"(171, 27, 2)",0,0.0,False,0.86,0.0,False,,114,12288.0,24576.0,1.0,1.0,False,False,1
2892,layer2.conv2,element,6,"(11, 12, 12)",0,0.0,False,0.86,0.0,False,,110,6144.0,0.09375,16.0,0.9999847412109375,False,False,1
2893,layer3.conv1,element,6,"(127, 15, 24)",0,0.0,False,0.86,0.0,False,,116,16384.0,0.25,16.0,0.9999847412109375,False,False,1
2894,layer2.conv1,element,4,"(28, 10, 7)",200,1.0,True,0.0,0.86,True,,238,-6144.0,,inf,inf,False,True,1
2895,layer3.conv1,element,7,"(87, 17, 28)",0,0.0,False,0.86,0.0,False,,118,24576.0,-24576.0,0.0,2.0,True,False,1
2896,layer1.conv1,element,2,"(12, 2, 31)",0,0.0,False,0.86,0.0,False,,113,10240.0,20480.0,1.0,1.0,False,False,1
2897,layer3.conv1,element,1,"(46, 14, 10)",0,0.0,False,0.86,0.0,False,,245,-20480.0,-28672.0,0.4854269027709961,0.4000000059604645,False,False,1
2898,layer3.conv1,element,6,"(38, 19, 0)",0,0.0,False,0.86,0.0,False,,244,-16384.0,-0.25,16.0,0.9999847412109375,False,False,1
2899,layer3.conv2,element,3,"(14, 7, 21)",0,0.0,False,0.86,0.0,False,,120,32768.0,8192.0,2.0,0.75,False,False,1
2900,layer3.conv1,element,2,"(164, 6, 4)",1,0.005,True,0.865,-0.0050000000000000044,False,,111,7168.0,3584.0,1.0,0.5,False,False,1
2901,layer3.conv2,element,4,"(0, 6, 5)",1,0.005,True,0.865,-0.0050000000000000044,False,,245,-20480.0,-1280.0,4.0,0.9375,False,False,1
2902,layer1.conv2,element,0,"(27, 2, 16)",0,0.0,False,0.86,0.0,False,,242,-12288.0,-14336.0,0.22239208221435547,0.1666666716337204,False,False,1
2903,layer3.conv2,element,0,"(75, 26, 6)",0,0.0,False,0.86,0.0,False,,108,4096.0,5120.0,0.3219280242919922,0.25,False,False,1
2904,layer3.conv1,element,2,"(161, 17, 15)",0,0.0,False,0.86,0.0,False,,244,-16384.0,-8192.0,1.0,0.5,False,False,1
2905,layer3.conv2,element,6,"(74, 43, 7)",0,0.0,False,0.86,0.0,False,,233,-2560.0,-0.0390625,16.0,0.9999847412109375,False,False,1
2906,layer2.conv1,element,1,"(8, 4, 16)",0,0.0,False,0.86,0.0,False,,249,-40960.0,-57344.0,0.4854269027709961,0.4000000059604645,False,False,1
2907,layer3.conv2,element,2,"(161, 17, 14)",0,0.0,False,0.86,0.0,False,,247,-28672.0,-14336.0,1.0,0.5,False,False,1
2908,layer3.conv1,element,5,"(99, 2, 19)",0,0.0,False,0.86,0.0,False,,120,32768.0,128.0,8.0,0.99609375,False,False,1
2909,layer2.conv2,element,3,"(58, 21, 1)",1,0.005,True,0.865,-0.0050000000000000044,False,,228,-1024.0,-4096.0,2.0,3.0,False,False,1
2910,layer2.conv1,element,0,"(71, 6, 6)",0,0.0,False,0.86,0.0,False,,238,-6144.0,-7168.0,0.22239208221435547,0.1666666716337204,False,False,1
2911,layer3.conv2,element,4,"(163, 50, 29)",0,0.0,False,0.86,0.0,False,,114,12288.0,768.0,4.0,0.9375,False,False,1
2912,layer3.conv2,element,2,"(130, 2, 22)",0,0.0,False,0.86,0.0,False,,240,-8192.0,-16384.0,1.0,1.0,False,False,1
2913,layer2.conv1,element,1,"(95, 5, 24)",0,0.0,False,0.86,0.0,False,,103,1792.0,1280.0,0.4854269027709961,0.2857142984867096,False,False,1
2914,layer3.conv2,element,0,"(56, 17, 19)",0,0.0,False,0.86,0.0,False,,112,8192.0,10240.0,0.3219280242919922,0.25,False,False,1
2915,layer1.conv2,element,0,"(33, 9, 26)",1,0.005,True,0.865,-0.0050000000000000044,False,,121,40960.0,32768.0,0.3219280242919922,0.20000000298023224,False,False,1
2916,layer3.conv2,element,7,"(100, 19, 17)",0,0.0,False,0.86,0.0,False,,240,-8192.0,8192.0,0.0,2.0,True,False,1
2917,layer3.conv1,element,6,"(2, 25, 28)",0,0.0,False,0.86,0.0,False,,241,-10240.0,-0.15625,16.0,0.9999847412109375,False,False,1
2918,layer3.conv2,element,6,"(42, 25, 21)",0,0.0,False,0.86,0.0,False,,115,14336.0,0.21875,16.0,0.9999847412109375,False,False,1
2919,layer3.conv2,element,3,"(50, 40, 6)",0,0.0,False,0.86,0.0,False,,242,-12288.0,-49152.0,2.0,3.0,False,False,1
2920,layer3.conv1,element,6,"(54, 23, 3)",0,0.0,False,0.86,0.0,False,,106,3072.0,0.046875,16.0,0.9999847412109375,False,False,1
2921,layer2.conv2,element,4,"(51, 7, 23)",0,0.0,False,0.86,0.0,False,,106,3072.0,49152.0,4.0,15.0,False,False,1
2922,layer3.conv1,element,0,"(176, 24, 22)",0,0.0,False,0.86,0.0,False,,240,-8192.0,-10240.0,0.3219280242919922,0.25,False,False,1
2923,layer3.conv2,element,1,"(11, 31, 28)",0,0.0,False,0.86,0.0,False,,241,-10240.0,-14336.0,0.4854269027709961,0.4000000059604645,False,False,1
2924,layer2.conv2,element,1,"(17, 16, 8)",0,0.0,False,0.86,0.0,False,,100,1024.0,1536.0,0.5849628448486328,0.5,False,False,1
2925,layer3.conv2,element,4,"(15, 35, 26)",0,0.0,False,0.86,0.0,False,,101,1280.0,20480.0,4.0,15.0,False,False,1
2926,layer3.conv2,element,7,"(62, 41, 18)",0,0.0,False,0.86,0.0,False,,115,14336.0,-14336.0,0.0,2.0,True,False,1
2927,layer3.conv1,element,3,"(26, 2, 24)",200,1.0,True,0.0,0.86,True,,119,28672.0,,inf,inf,False,True,1
2928,layer3.conv2,element,4,"(154, 38, 22)",0,0.0,False,0.86,0.0,False,,121,40960.0,2560.0,4.0,0.9375,False,False,1
2929,layer3.conv2,element,5,"(183, 9, 3)",0,0.0,False,0.86,0.0,False,,226,-768.0,-3.0,8.0,0.99609375,False,False,1
2930,layer3.conv2,element,4,"(124, 21, 22)",200,1.0,True,0.0,0.86,True,,237,-5120.0,,inf,inf,False,True,1
2931,layer3.conv1,element,2,"(73, 12, 8)",0,0.0,False,0.86,0.0,False,,245,-20480.0,-10240.0,1.0,0.5,False,False,1
2932,layer3.conv2,element,4,"(53, 28, 30)",0,0.0,False,0.86,0.0,False,,107,3584.0,57344.0,4.0,15.0,False,False,1
2933,layer3.conv2,element,4,"(67, 21, 9)",0,0.0,False,0.86,0.0,False,,240,-8192.0,-512.0,4.0,0.9375,False,False,1
2934,layer3.conv1,element,0,"(132, 26, 5)",0,0.0,False,0.86,0.0,False,,242,-12288.0,-14336.0,0.22239208221435547,0.1666666716337204,False,False,1
2935,layer2.conv2,element,1,"(26, 16, 9)",0,0.0,False,0.86,0.0,False,,236,-4096.0,-6144.0,0.5849628448486328,0.5,False,False,1
2936,layer3.conv2,element,7,"(185, 27, 9)",1,0.005,True,0.865,-0.0050000000000000044,False,,244,-16384.0,16384.0,0.0,2.0,True,False,1
2937,layer3.conv2,element,2,"(20, 48, 31)",200,1.0,True,0.0,0.86,True,,248,-32768.0,-inf,inf,inf,False,True,1
2938,layer3.shortcut.0,element,0,"(96, 0, 5)",0,0.0,False,0.86,0.0,False,,117,20480.0,16384.0,0.3219280242919922,0.20000000298023224,False,False,1
2939,layer2.conv2,element,3,"(92, 6, 1)",1,0.005,True,0.865,-0.0050000000000000044,False,,243,-14336.0,-57344.0,2.0,3.0,False,False,1
2940,layer3.conv1,element,6,"(161, 21, 0)",0,0.0,False,0.86,0.0,False,,113,10240.0,0.15625,16.0,0.9999847412109375,False,False,1
2941,layer3.conv1,element,1,"(185, 23, 21)",0,0.0,False,0.86,0.0,False,,105,2560.0,3584.0,0.4854269027709961,0.4000000059604645,False,False,1
2942,layer3.conv2,element,7,"(109, 33, 21)",0,0.0,False,0.86,0.0,False,,226,-768.0,768.0,0.0,2.0,True,False,1
2943,layer3.conv2,element,3,"(111, 10, 27)",1,0.005,True,0.865,-0.0050000000000000044,False,,109,5120.0,1280.0,2.0,0.75,False,False,1
2944,layer1.conv1,element,2,"(22, 10, 9)",0,0.0,False,0.86,0.0,False,,112,8192.0,16384.0,1.0,1.0,False,False,1
2945,layer3.conv2,element,3,"(105, 13, 28)",0,0.0,False,0.86,0.0,False,,233,-2560.0,-640.0,2.0,0.75,False,False,1
2946,layer1.conv2,element,0,"(41, 2, 23)",0,0.0,False,0.86,0.0,False,,242,-12288.0,-14336.0,0.22239208221435547,0.1666666716337204,False,False,1
2947,layer3.conv2,element,7,"(1, 18, 27)",0,0.0,False,0.86,0.0,False,,244,-16384.0,16384.0,0.0,2.0,True,False,1
2948,layer3.conv1,element,3,"(4, 3, 17)",0,0.0,False,0.86,0.0,False,,114,12288.0,49152.0,2.0,3.0,False,False,1
2949,layer3.conv2,element,6,"(172, 49, 7)",0,0.0,False,0.86,0.0,False,,238,-6144.0,-0.09375,16.0,0.9999847412109375,False,False,1
2950,layer3.conv1,element,1,"(95, 3, 29)",0,0.0,False,0.86,0.0,False,,248,-32768.0,-49152.0,0.5849628448486328,0.5,False,False,1
2951,layer2.conv1,element,0,"(62, 2, 5)",1,0.005,True,0.865,-0.0050000000000000044,False,,119,28672.0,24576.0,0.22239208221435547,0.1428571492433548,False,False,1
2952,layer2.conv2,element,4,"(30, 9, 0)",200,1.0,True,0.0,0.86,True,,109,5120.0,,inf,inf,False,True,1
2953,layer2.conv1,element,0,"(68, 4, 2)",0,0.0,False,0.86,0.0,False,,241,-10240.0,-8192.0,0.3219280242919922,0.20000000298023224,False,False,1
2954,layer2.conv1,element,7,"(21, 8, 16)",0,0.0,False,0.86,0.0,False,,248,-32768.0,32768.0,0.0,2.0,True,False,1
2955,layer3.conv1,element,2,"(96, 25, 11)",0,0.0,False,0.86,0.0,False,,234,-3072.0,-6144.0,1.0,1.0,False,False,1
2956,layer3.conv2,element,1,"(155, 7, 2)",0,0.0,False,0.86,0.0,False,,88,128.0,192.0,0.5849623680114746,0.5,False,False,1
2957,layer3.conv2,element,3,"(112, 13, 28)",0,0.0,False,0.86,0.0,False,,109,5120.0,1280.0,2.0,0.75,False,False,1
2958,layer3.conv2,element,4,"(16, 25, 3)",0,0.0,False,0.86,0.0,False,,244,-16384.0,-1024.0,4.0,0.9375,False,False,1
2959,layer3.conv1,element,3,"(112, 24, 27)",1,0.005,True,0.865,-0.0050000000000000044,False,,242,-12288.0,-49152.0,2.0,3.0,False,False,1
2960,layer3.conv2,element,3,"(20, 18, 22)",200,1.0,True,0.0,0.86,True,,244,-16384.0,-inf,inf,inf,False,True,1
2961,layer3.conv2,element,6,"(127, 38, 26)",0,0.0,False,0.86,0.0,False,,237,-5120.0,-0.078125,16.0,0.9999847412109375,False,False,1
2962,layer3.conv2,element,0,"(61, 16, 14)",0,0.0,False,0.86,0.0,False,,116,16384.0,20480.0,0.3219280242919922,0.25,False,False,1
2963,layer3.conv2,element,4,"(86, 10, 1)",200,1.0,True,0.0,0.86,True,,109,5120.0,,inf,inf,False,True,1
2964,layer3.conv1,element,4,"(99, 4, 19)",200,1.0,True,0.0,0.86,True,,239,-7168.0,,inf,inf,False,True,1
2965,layer3.conv1,element,7,"(169, 14, 28)",0,0.0,False,0.86,0.0,False,,120,32768.0,-32768.0,0.0,2.0,True,False,1
2966,layer1.conv2,element,5,"(45, 2, 6)",0,0.0,False,0.86,0.0,False,,239,-7168.0,-28.0,8.0,0.99609375,False,False,1
2967,layer3.conv2,element,5,"(174, 23, 8)",0,0.0,False,0.86,0.0,False,,111,7168.0,28.0,8.0,0.99609375,False,False,1
2968,layer3.conv1,element,2,"(167, 11, 16)",1,0.005,True,0.865,-0.0050000000000000044,False,,241,-10240.0,-20480.0,1.0,1.0,False,False,1
2969,layer3.conv2,element,4,"(184, 11, 15)",0,0.0,False,0.86,0.0,False,,115,14336.0,896.0,4.0,0.9375,False,False,1
2970,layer3.conv2,element,0,"(94, 22, 27)",0,0.0,False,0.86,0.0,False,,118,24576.0,28672.0,0.22239208221435547,0.1666666716337204,False,False,1
2971,layer3.conv2,scale,3,"(172, 9)",1,0.005,True,0.865,-0.0050000000000000044,False,,110,110.0,102.0,8.0,inf,False,False,32
2972,layer3.conv2,element,3,"(76, 39, 20)",0,0.0,False,0.86,0.0,False,,240,-8192.0,-32768.0,2.0,3.0,False,False,1
2973,layer3.conv2,scale,6,"(32, 42)",0,0.0,False,0.86,0.0,False,,109,109.0,45.0,64.0,inf,False,False,32
2974,layer3.conv2,element,3,"(171, 12, 20)",0,0.0,False,0.86,0.0,False,,115,14336.0,57344.0,2.0,3.0,False,False,1
2975,layer3.conv2,element,6,"(141, 12, 31)",0,0.0,False,0.86,0.0,False,,244,-16384.0,-0.25,16.0,0.9999847412109375,False,False,1
2976,layer3.conv2,element,1,"(65, 9, 30)",0,0.0,False,0.86,0.0,False,,247,-28672.0,-20480.0,0.4854269027709961,0.2857142984867096,False,False,1
2977,layer2.conv2,scale,7,"(71, 20)",200,1.0,True,0.0,0.86,True,,108,108.0,236.0,128.0,inf,False,False,32
2978,layer2.conv2,element,3,"(89, 3, 8)",0,0.0,False,0.86,0.0,False,,232,-2048.0,-512.0,2.0,0.75,False,False,1
2979,layer1.conv1,element,4,"(44, 11, 8)",200,1.0,True,0.0,0.86,True,,236,-4096.0,-inf,inf,inf,False,True,1
2980,layer3.conv2,element,5,"(107, 3, 14)",0,0.0,False,0.86,0.0,False,,107,3584.0,14.0,8.0,0.99609375,False,False,1
2981,layer3.conv2,element,0,"(130, 4, 25)",0,0.0,False,0.86,0.0,False,,236,-4096.0,-5120.0,0.3219280242919922,0.25,False,False,1
2982,layer3.conv1,element,0,"(171, 24, 17)",0,0.0,False,0.86,0.0,False,,245,-20480.0,-16384.0,0.3219280242919922,0.20000000298023224,False,False,1
2983,layer3.conv1,element,0,"(57, 8, 14)",0,0.0,False,0.86,0.0,False,,107,3584.0,3072.0,0.22239208221435547,0.1428571492433548,False,False,1
2984,layer3.conv1,element,3,"(25, 8, 28)",0,0.0,False,0.86,0.0,False,,110,6144.0,1536.0,2.0,0.75,False,False,1
2985,layer3.shortcut.0,element,0,"(108, 0, 16)",0,0.0,False,0.86,0.0,False,,114,12288.0,14336.0,0.22239208221435547,0.1666666716337204,False,False,1
2986,layer3.conv2,element,1,"(93, 1, 28)",0,0.0,False,0.86,0.0,False,,222,-384.0,-256.0,0.5849628448486328,0.3333333432674408,False,False,1
2987,layer3.conv2,element,4,"(31, 2, 29)",0,0.0,False,0.86,0.0,False,,117,20480.0,1280.0,4.0,0.9375,False,False,1
2988,layer3.conv2,element,2,"(109, 43, 1)",0,0.0,False,0.86,0.0,False,,246,-24576.0,-12288.0,1.0,0.5,False,False,1
2989,layer3.conv2,element,3,"(163, 34, 23)",0,0.0,False,0.86,0.0,False,,111,7168.0,1792.0,2.0,0.75,False,False,1
2990,layer2.conv1,element,2,"(0, 0, 12)",1,0.005,True,0.865,-0.0050000000000000044,False,,247,-28672.0,-14336.0,1.0,0.5,False,False,1
2991,layer1.conv1,element,6,"(39, 13, 1)",0,0.0,False,0.86,0.0,False,,243,-14336.0,-0.21875,16.0,0.9999847412109375,False,False,1
2992,layer3.conv2,element,2,"(178, 34, 27)",0,0.0,False,0.86,0.0,False,,240,-8192.0,-16384.0,1.0,1.0,False,False,1
2993,layer3.shortcut.0,element,0,"(146, 1, 17)",0,0.0,False,0.86,0.0,False,,232,-2048.0,-2560.0,0.3219280242919922,0.25,False,False,1
2994,layer2.conv2,element,0,"(50, 26, 29)",0,0.0,False,0.86,0.0,False,,248,-32768.0,-40960.0,0.3219280242919922,0.25,False,False,1
2995,layer3.conv2,element,7,"(20, 2, 31)",0,0.0,False,0.86,0.0,False,,244,-16384.0,16384.0,0.0,2.0,True,False,1
2996,layer3.conv2,element,6,"(75, 27, 10)",0,0.0,False,0.86,0.0,False,,105,2560.0,0.0390625,16.0,0.9999847412109375,False,False,1
2997,layer3.conv2,element,3,"(60, 2, 13)",1,0.005,True,0.865,-0.0050000000000000044,False,,251,-57344.0,-14336.0,2.0,0.75,False,False,1
2998,layer3.conv1,element,7,"(92, 1, 2)",0,0.0,False,0.86,0.0,False,,117,20480.0,-20480.0,0.0,2.0,True,False,1
2999,layer1.conv2,element,4,"(3, 10, 14)",0,0.0,False,0.86,0.0,False,,72,8.0,128.0,4.0,15.0,False,False,1
