i,tensor,site,bit,index,changed,change_rate,sdc,accuracy,acc_drop,nonfinite,weight,code,value_before,value_after,log_severity,rel_error,sign_flip,to_nonfinite,blast_radius
0,layer3.conv2,element,5,"(44, 22, 14)",0,0.0,False,0.815,0.0,False,,44,-1.0,1.0,0.0,2.0,True,False,1
1,layer3.conv2,element,3,"(6, 20, 2)",0,0.0,False,0.815,0.0,False,,56,-8.0,-2.0,2.0,0.75,False,False,1
2,layer3.conv2,element,1,"(27, 0, 30)",0,0.0,False,0.815,0.0,False,,23,7.0,5.0,0.4854269027709961,0.2857142984867096,False,False,1
3,layer3.conv2,element,1,"(77, 10, 24)",0,0.0,False,0.815,0.0,False,,9,0.625,0.875,0.4854268431663513,0.4000000059604645,False,False,1
4,layer3.conv1,element,0,"(50, 1, 31)",0,0.0,False,0.815,0.0,False,,27,14.0,12.0,0.22239232063293457,0.1428571492433548,False,False,1
5,layer3.conv2,element,1,"(30, 17, 19)",0,0.0,False,0.815,0.0,False,,13,1.25,1.75,0.4854268431663513,0.4000000059604645,False,False,1
6,layer3.conv2,element,5,"(13, 2, 17)",0,0.0,False,0.815,0.0,False,,53,-5.0,5.0,0.0,2.0,True,False,1
7,layer3.conv2,element,1,"(1, 20, 19)",0,0.0,False,0.815,0.0,False,,19,3.5,2.5,0.48542678356170654,0.2857142984867096,False,False,1
8,layer3.conv2,element,1,"(31, 14, 16)",0,0.0,False,0.815,0.0,False,,61,-20.0,-28.0,0.4854269027709961,0.4000000059604645,False,False,1
9,layer3.conv2,element,2,"(61, 17, 27)",0,0.0,False,0.815,0.0,False,,49,-2.5,-5.0,0.9999998807907104,1.0,False,False,1
10,layer3.conv2,element,2,"(40, 12, 19)",0,0.0,False,0.815,0.0,False,,49,-2.5,-5.0,0.9999998807907104,1.0,False,False,1
11,layer1.conv2,element,3,"(22, 3, 29)",0,0.0,False,0.815,0.0,False,,47,-1.75,-0.4375,2.0,0.75,False,False,1
12,layer3.conv2,element,3,"(77, 23, 23)",1,0.005,True,0.815,0.0,False,,48,-2.0,-8.0,2.0,3.0,False,False,1
13,layer2.conv2,element,0,"(28, 7, 4)",1,0.005,True,0.815,0.0,False,,56,-8.0,-10.0,0.3219280242919922,0.25,False,False,1
14,layer3.conv2,element,2,"(14, 7, 24)",0,0.0,False,0.815,0.0,False,,47,-1.75,-0.875,1.0,0.5,False,False,1
15,layer2.shortcut.0,element,5,"(34, 0, 22)",3,0.015,True,0.815,0.0,False,,22,6.0,-6.0,0.0,2.0,True,False,1
16,layer3.conv2,element,2,"(56, 26, 28)",0,0.0,False,0.815,0.0,False,,26,12.0,24.0,0.9999997615814209,1.0,False,False,1
17,layer3.conv1,element,5,"(38, 8, 5)",0,0.0,False,0.815,0.0,False,,19,3.5,-3.5,0.0,2.0,True,False,1
18,layer3.conv2,element,0,"(41, 8, 12)",0,0.0,False,0.815,0.0,False,,17,2.5,2.0,0.32192814350128174,0.20000000298023224,False,False,1
19,layer1.conv1,element,0,"(1, 1, 21)",0,0.0,False,0.815,0.0,False,,11,0.875,0.75,0.22239243984222412,0.1428571492433548,False,False,1
20,layer2.conv2,element,0,"(12, 7, 22)",1,0.005,True,0.815,0.0,False,,18,3.0,3.5,0.22239243984222412,0.1666666716337204,False,False,1
21,layer3.conv1,element,5,"(24, 6, 23)",1,0.005,True,0.815,0.0,False,,62,-24.0,24.0,0.0,2.0,True,False,1
22,layer3.conv2,element,0,"(21, 25, 21)",0,0.0,False,0.815,0.0,False,,24,8.0,10.0,0.3219280242919922,0.25,False,False,1
23,layer3.conv1,scale,1,"(76, 11)",1,0.005,True,0.815,0.0,False,,119,119.0,117.0,2.0,inf,False,False,32
24,layer1.conv1,element,0,"(1, 6, 3)",1,0.005,True,0.815,0.0,False,,27,14.0,12.0,0.22239232063293457,0.1428571492433548,False,False,1
25,layer3.conv2,element,5,"(43, 2, 16)",1,0.005,True,0.815,0.0,False,,59,-14.0,14.0,0.0,2.0,True,False,1
26,layer3.conv1,element,2,"(86, 4, 25)",0,0.0,False,0.815,0.0,False,,53,-5.0,-2.5,0.9999998807907104,0.5,False,False,1
27,fc,element,1,"(4, 2, 2)",0,0.0,False,0.815,0.0,False,,45,-1.25,-1.75,0.4854268431663513,0.4000000059604645,False,False,1
28,layer3.conv2,element,4,"(35, 23, 14)",0,0.0,False,0.815,0.0,False,,59,-14.0,-0.875,4.0,0.9375,False,False,1
29,layer2.conv2,element,3,"(45, 8, 23)",1,0.005,True,0.815,0.0,False,,49,-2.5,-10.0,1.9999998807907104,3.0,False,False,1
30,layer2.conv2,element,2,"(21, 6, 4)",0,0.0,False,0.815,0.0,False,,23,7.0,3.5,1.0,0.5,False,False,1
31,layer3.conv2,element,0,"(19, 6, 18)",0,0.0,False,0.815,0.0,False,,53,-5.0,-4.0,0.3219280242919922,0.20000000298023224,False,False,1
32,layer3.conv2,element,1,"(60, 15, 21)",0,0.0,False,0.815,0.0,False,,27,14.0,10.0,0.4854269027709961,0.2857142984867096,False,False,1
33,layer3.conv2,element,3,"(34, 14, 10)",0,0.0,False,0.815,0.0,False,,63,-28.0,-7.0,2.0,0.75,False,False,1
34,layer2.conv2,element,3,"(3, 1, 17)",0,0.0,False,0.815,0.0,False,,26,12.0,3.0,2.0,0.75,False,False,1
35,layer3.conv1,element,4,"(54, 0, 29)",0,0.0,False,0.815,0.0,False,,48,-2.0,-0.0,inf,1.0,False,False,1
36,layer3.conv1,element,4,"(16, 11, 1)",1,0.005,True,0.815,0.0,False,,56,-8.0,-0.5,4.0,0.9375,False,False,1
37,layer3.conv1,element,1,"(73, 9, 10)",0,0.0,False,0.815,0.0,False,,56,-8.0,-12.0,0.5849626064300537,0.5,False,False,1
38,layer3.conv2,element,2,"(38, 26, 27)",0,0.0,False,0.815,0.0,False,,24,8.0,16.0,1.0,1.0,False,False,1
39,layer3.conv1,element,4,"(78, 9, 10)",0,0.0,False,0.815,0.0,False,,57,-10.0,-0.625,4.0,0.9375,False,False,1
40,layer3.conv2,element,0,"(67, 26, 23)",0,0.0,False,0.815,0.0,False,,15,1.75,1.5,0.22239243984222412,0.1428571492433548,False,False,1
41,layer2.conv2,element,4,"(32, 2, 28)",1,0.005,True,0.815,0.0,False,,21,5.0,0.3125,4.0,0.9375,False,False,1
42,layer3.conv2,element,2,"(44, 17, 3)",0,0.0,False,0.815,0.0,False,,53,-5.0,-2.5,0.9999998807907104,0.5,False,False,1
43,layer3.conv2,element,3,"(81, 8, 3)",0,0.0,False,0.815,0.0,False,,57,-10.0,-2.5,1.9999998807907104,0.75,False,False,1
44,layer3.conv1,element,2,"(28, 2, 8)",0,0.0,False,0.815,0.0,False,,19,3.5,7.0,1.0,1.0,False,False,1
45,layer3.conv2,element,4,"(26, 20, 21)",0,0.0,False,0.815,0.0,False,,49,-2.5,-0.0625,5.321928024291992,0.9750000238418579,False,False,1
46,layer3.conv1,element,3,"(54, 8, 2)",0,0.0,False,0.815,0.0,False,,58,-12.0,-3.0,2.0,0.75,False,False,1
47,layer3.conv1,element,3,"(7, 5, 7)",0,0.0,False,0.815,0.0,False,,15,1.75,0.4375,2.0,0.75,False,False,1
48,layer3.shortcut.0,element,5,"(37, 0, 4)",1,0.005,True,0.815,0.0,False,,24,8.0,-8.0,0.0,2.0,True,False,1
49,layer3.conv1,element,2,"(78, 0, 31)",1,0.005,True,0.815,0.0,False,,24,8.0,16.0,1.0,1.0,False,False,1
50,layer3.conv1,element,1,"(17, 2, 11)",1,0.005,True,0.815,0.0,False,,20,4.0,6.0,0.5849626064300537,0.5,False,False,1
51,layer3.shortcut.0,scale,0,"(22, 1)",0,0.0,False,0.815,0.0,False,,121,121.0,120.0,1.0,inf,False,False,32
52,layer2.conv2,element,3,"(38, 3, 16)",0,0.0,False,0.815,0.0,False,,16,2.0,8.0,2.0,3.0,False,False,1
53,layer3.conv2,element,3,"(84, 4, 21)",1,0.005,True,0.815,0.0,False,,57,-10.0,-2.5,1.9999998807907104,0.75,False,False,1
54,layer3.conv2,element,4,"(22, 12, 21)",1,0.005,True,0.815,0.0,False,,53,-5.0,-0.3125,4.0,0.9375,False,False,1
55,layer2.conv2,element,3,"(38, 6, 20)",0,0.0,False,0.815,0.0,False,,24,8.0,2.0,2.0,0.75,False,False,1
56,layer3.conv2,element,4,"(41, 16, 27)",0,0.0,False,0.815,0.0,False,,25,10.0,0.625,4.0,0.9375,False,False,1
57,layer2.conv2,element,1,"(33, 5, 1)",0,0.0,False,0.815,0.0,False,,62,-24.0,-16.0,0.5849623680114746,0.3333333432674408,False,False,1
58,layer3.shortcut.0,element,1,"(92, 0, 19)",0,0.0,False,0.815,0.0,False,,19,3.5,2.5,0.48542678356170654,0.2857142984867096,False,False,1
59,layer3.conv2,element,5,"(54, 18, 0)",0,0.0,False,0.815,0.0,False,,38,-0.375,0.375,0.0,2.0,True,False,1
60,layer3.conv1,element,5,"(89, 6, 31)",0,0.0,False,0.815,0.0,False,,49,-2.5,2.5,0.0,2.0,True,False,1
61,layer2.conv1,element,5,"(9, 3, 4)",3,0.015,True,0.825,-0.010000000000000009,False,,57,-10.0,10.0,0.0,2.0,True,False,1
62,layer3.conv2,element,1,"(33, 12, 28)",0,0.0,False,0.815,0.0,False,,25,10.0,14.0,0.4854269027709961,0.4000000059604645,False,False,1
63,layer3.conv1,element,1,"(48, 10, 29)",0,0.0,False,0.815,0.0,False,,56,-8.0,-12.0,0.5849626064300537,0.5,False,False,1
64,layer3.conv2,element,3,"(17, 3, 13)",0,0.0,False,0.815,0.0,False,,23,7.0,28.0,2.0,3.0,False,False,1
65,layer3.conv1,element,3,"(64, 9, 16)",1,0.005,True,0.815,0.0,False,,57,-10.0,-2.5,1.9999998807907104,0.75,False,False,1
66,layer3.conv1,element,5,"(30, 8, 2)",1,0.005,True,0.815,0.0,False,,46,-1.5,1.5,0.0,2.0,True,False,1
67,layer3.conv2,element,0,"(10, 16, 5)",0,0.0,False,0.815,0.0,False,,28,16.0,20.0,0.3219280242919922,0.25,False,False,1
68,layer2.conv2,element,4,"(35, 8, 6)",1,0.005,True,0.815,0.0,False,,26,12.0,0.75,4.0,0.9375,False,False,1
69,layer3.conv2,element,4,"(30, 19, 3)",0,0.0,False,0.815,0.0,False,,53,-5.0,-0.3125,4.0,0.9375,False,False,1
70,layer3.conv1,element,0,"(10, 9, 26)",0,0.0,False,0.815,0.0,False,,19,3.5,3.0,0.22239243984222412,0.1428571492433548,False,False,1
71,layer3.conv2,element,5,"(10, 5, 3)",0,0.0,False,0.815,0.0,False,,56,-8.0,8.0,0.0,2.0,True,False,1
72,layer3.conv1,element,5,"(33, 12, 31)",1,0.005,True,0.815,0.0,False,,56,-8.0,8.0,0.0,2.0,True,False,1
73,layer3.conv2,element,1,"(62, 22, 14)",0,0.0,False,0.815,0.0,False,,57,-10.0,-14.0,0.4854269027709961,0.4000000059604645,False,False,1
74,layer3.conv2,element,1,"(18, 9, 21)",0,0.0,False,0.815,0.0,False,,26,12.0,8.0,0.5849626064300537,0.3333333432674408,False,False,1
75,layer3.conv1,element,1,"(73, 4, 9)",1,0.005,True,0.815,0.0,False,,28,16.0,24.0,0.5849623680114746,0.5,False,False,1
76,layer2.conv1,element,4,"(34, 5, 21)",1,0.005,True,0.815,0.0,False,,60,-16.0,-1.0,4.0,0.9375,False,False,1
77,layer3.conv2,element,2,"(4, 13, 30)",1,0.005,True,0.815,0.0,False,,58,-12.0,-24.0,0.9999997615814209,1.0,False,False,1
78,layer3.conv1,element,0,"(72, 9, 17)",0,0.0,False,0.815,0.0,False,,25,10.0,8.0,0.3219280242919922,0.20000000298023224,False,False,1
79,layer1.conv1,element,5,"(8, 5, 4)",0,0.0,False,0.815,0.0,False,,42,-0.75,0.75,0.0,2.0,True,False,1
80,layer2.conv2,element,4,"(9, 2, 20)",0,0.0,False,0.815,0.0,False,,53,-5.0,-0.3125,4.0,0.9375,False,False,1
81,layer3.conv2,element,4,"(47, 24, 13)",0,0.0,False,0.815,0.0,False,,51,-3.5,-0.1875,4.2223920822143555,0.9464285969734192,False,False,1
82,layer3.conv2,element,4,"(35, 4, 5)",1,0.005,True,0.815,0.0,False,,20,4.0,0.25,4.0,0.9375,False,False,1
83,layer2.conv2,scale,6,"(44, 8)",3,0.015,True,0.82,-0.0050000000000000044,False,,120,120.0,56.0,64.0,inf,False,False,32
84,layer3.conv2,element,0,"(92, 20, 3)",0,0.0,False,0.815,0.0,False,,26,12.0,14.0,0.22239232063293457,0.1666666716337204,False,False,1
85,layer3.conv1,element,0,"(49, 10, 22)",0,0.0,False,0.815,0.0,False,,58,-12.0,-14.0,0.22239232063293457,0.1666666716337204,False,False,1
86,layer3.conv1,element,5,"(50, 1, 0)",0,0.0,False,0.815,0.0,False,,54,-6.0,6.0,0.0,2.0,True,False,1
87,layer3.conv1,element,5,"(71, 8, 28)",0,0.0,False,0.815,0.0,False,,54,-6.0,6.0,0.0,2.0,True,False,1
88,layer3.conv2,element,0,"(40, 25, 8)",0,0.0,False,0.815,0.0,False,,51,-3.5,-3.0,0.22239243984222412,0.1428571492433548,False,False,1
89,layer1.conv1,element,5,"(8, 0, 23)",0,0.0,False,0.815,0.0,False,,55,-7.0,7.0,0.0,2.0,True,False,1
90,layer2.conv2,element,5,"(2, 0, 11)",4,0.02,True,0.82,-0.0050000000000000044,False,,27,14.0,-14.0,0.0,2.0,True,False,1
91,layer1.conv1,element,4,"(14, 6, 14)",1,0.005,True,0.815,0.0,False,,28,16.0,1.0,4.0,0.9375,False,False,1
92,layer3.conv2,element,4,"(28, 13, 31)",0,0.0,False,0.815,0.0,False,,56,-8.0,-0.5,4.0,0.9375,False,False,1
93,layer2.conv1,element,2,"(38, 2, 31)",0,0.0,False,0.815,0.0,False,,59,-14.0,-28.0,1.0,1.0,False,False,1
94,layer3.conv1,element,1,"(36, 3, 5)",0,0.0,False,0.815,0.0,False,,58,-12.0,-8.0,0.5849626064300537,0.3333333432674408,False,False,1
95,layer3.conv2,element,3,"(81, 24, 13)",0,0.0,False,0.815,0.0,False,,28,16.0,4.0,2.0,0.75,False,False,1
96,layer3.conv2,element,5,"(40, 4, 1)",0,0.0,False,0.815,0.0,False,,35,-0.1875,0.1875,0.0,2.0,True,False,1
97,layer3.conv1,element,2,"(67, 7, 11)",0,0.0,False,0.815,0.0,False,,49,-2.5,-5.0,0.9999998807907104,1.0,False,False,1
98,layer1.conv1,element,4,"(18, 1, 8)",1,0.005,True,0.815,0.0,False,,20,4.0,0.25,4.0,0.9375,False,False,1
99,layer3.conv2,element,1,"(23, 6, 19)",0,0.0,False,0.815,0.0,False,,59,-14.0,-10.0,0.4854269027709961,0.2857142984867096,False,False,1
100,layer3.conv1,element,0,"(50, 1, 21)",0,0.0,False,0.815,0.0,False,,18,3.0,3.5,0.22239243984222412,0.1666666716337204,False,False,1
101,layer2.conv2,element,1,"(47, 2, 22)",1,0.005,True,0.815,0.0,False,,53,-5.0,-7.0,0.4854269027709961,0.4000000059604645,False,False,1
102,layer3.conv2,element,1,"(41, 14, 27)",0,0.0,False,0.815,0.0,False,,60,-16.0,-24.0,0.5849623680114746,0.5,False,False,1
103,layer3.conv2,element,2,"(70, 6, 19)",0,0.0,False,0.815,0.0,False,,23,7.0,3.5,1.0,0.5,False,False,1
104,layer3.conv2,element,1,"(34, 3, 14)",0,0.0,False,0.815,0.0,False,,22,6.0,4.0,0.5849626064300537,0.3333333432674408,False,False,1
105,layer3.conv2,element,1,"(21, 18, 9)",0,0.0,False,0.815,0.0,False,,20,4.0,6.0,0.5849626064300537,0.5,False,False,1
106,layer3.conv1,element,5,"(83, 6, 14)",0,0.0,False,0.815,0.0,False,,29,20.0,-20.0,0.0,2.0,True,False,1
107,layer3.conv1,element,5,"(84, 10, 15)",1,0.005,True,0.815,0.0,False,,59,-14.0,14.0,0.0,2.0,True,False,1
108,layer3.conv2,element,3,"(10, 14, 7)",0,0.0,False,0.815,0.0,False,,63,-28.0,-7.0,2.0,0.75,False,False,1
109,layer3.conv2,element,2,"(75, 5, 2)",0,0.0,False,0.815,0.0,False,,22,6.0,3.0,1.0000001192092896,0.5,False,False,1
110,layer3.conv2,element,2,"(29, 18, 1)",0,0.0,False,0.815,0.0,False,,29,20.0,10.0,1.0,0.5,False,False,1
111,layer3.conv2,scale,6,"(18, 1)",1,0.005,True,0.815,0.0,False,,121,121.0,57.0,64.0,inf,False,False,32
112,layer3.conv2,element,2,"(43, 23, 21)",1,0.005,True,0.815,0.0,False,,27,14.0,28.0,1.0,1.0,False,False,1
113,layer3.conv1,element,2,"(79, 2, 7)",0,0.0,False,0.815,0.0,False,,57,-10.0,-20.0,1.0,1.0,False,False,1
114,layer3.conv2,element,2,"(85, 8, 5)",0,0.0,False,0.815,0.0,False,,22,6.0,3.0,1.0000001192092896,0.5,False,False,1
115,layer3.conv2,element,2,"(9, 21, 26)",0,0.0,False,0.815,0.0,False,,49,-2.5,-5.0,0.9999998807907104,1.0,False,False,1
116,layer3.conv2,element,4,"(2, 26, 26)",0,0.0,False,0.815,0.0,False,,57,-10.0,-0.625,4.0,0.9375,False,False,1
117,layer2.conv2,element,1,"(16, 4, 16)",1,0.005,True,0.815,0.0,False,,57,-10.0,-14.0,0.4854269027709961,0.4000000059604645,False,False,1
118,layer3.conv2,element,2,"(10, 3, 15)",1,0.005,True,0.815,0.0,False,,56,-8.0,-16.0,1.0,1.0,False,False,1
119,layer3.conv1,element,0,"(85, 3, 11)",0,0.0,False,0.815,0.0,False,,17,2.5,2.0,0.32192814350128174,0.20000000298023224,False,False,1
120,layer2.conv1,element,4,"(23, 3, 4)",0,0.0,False,0.815,0.0,False,,55,-7.0,-0.4375,4.0,0.9375,False,False,1
121,layer1.conv2,element,1,"(23, 0, 3)",1,0.005,True,0.815,0.0,False,,51,-3.5,-2.5,0.48542678356170654,0.2857142984867096,False,False,1
122,layer3.conv2,element,0,"(87, 19, 20)",0,0.0,False,0.815,0.0,False,,58,-12.0,-14.0,0.22239232063293457,0.1666666716337204,False,False,1
123,layer3.conv1,element,2,"(7, 8, 19)",0,0.0,False,0.815,0.0,False,,51,-3.5,-7.0,1.0,1.0,False,False,1
124,layer3.conv1,element,3,"(17, 8, 26)",1,0.005,True,0.815,0.0,False,,43,-0.875,-0.1875,2.2223923206329346,0.7857142686843872,False,False,1
125,layer3.conv2,element,5,"(68, 21, 21)",1,0.005,True,0.815,0.0,False,,22,6.0,-6.0,0.0,2.0,True,False,1
126,layer3.conv2,element,0,"(15, 2, 21)",0,0.0,False,0.815,0.0,False,,54,-6.0,-7.0,0.22239232063293457,0.1666666716337204,False,False,1
127,layer3.conv2,scale,4,"(9, 1)",0,0.0,False,0.815,0.0,False,,121,121.0,105.0,16.0,inf,False,False,32
128,layer3.conv1,element,4,"(22, 1, 13)",0,0.0,False,0.815,0.0,False,,41,-0.625,-10.0,4.0,15.0,False,False,1
129,layer2.conv2,element,2,"(15, 2, 8)",0,0.0,False,0.815,0.0,False,,37,-0.3125,-0.0625,2.321928024291992,0.800000011920929,False,False,1
130,layer3.conv1,element,1,"(79, 0, 30)",0,0.0,False,0.815,0.0,False,,23,7.0,5.0,0.4854269027709961,0.2857142984867096,False,False,1
131,layer3.conv1,element,3,"(55, 12, 13)",0,0.0,False,0.815,0.0,False,,60,-16.0,-4.0,2.0,0.75,False,False,1
132,layer3.shortcut.0,element,2,"(88, 0, 12)",1,0.005,True,0.815,0.0,False,,58,-12.0,-24.0,0.9999997615814209,1.0,False,False,1
133,layer3.conv2,element,1,"(4, 5, 29)",0,0.0,False,0.815,0.0,False,,55,-7.0,-5.0,0.4854269027709961,0.2857142984867096,False,False,1
134,layer3.conv2,element,4,"(76, 22, 14)",0,0.0,False,0.815,0.0,False,,60,-16.0,-1.0,4.0,0.9375,False,False,1
135,layer3.conv2,element,1,"(23, 9, 9)",0,0.0,False,0.815,0.0,False,,26,12.0,8.0,0.5849626064300537,0.3333333432674408,False,False,1
136,layer3.conv2,element,4,"(0, 17, 19)",1,0.005,True,0.815,0.0,False,,29,20.0,1.25,4.0,0.9375,False,False,1
137,layer3.conv1,element,3,"(23, 4, 19)",0,0.0,False,0.815,0.0,False,,62,-24.0,-6.0,1.999999761581421,0.75,False,False,1
138,layer3.conv2,element,1,"(48, 13, 10)",0,0.0,False,0.815,0.0,False,,58,-12.0,-8.0,0.5849626064300537,0.3333333432674408,False,False,1
139,layer2.conv2,element,4,"(32, 9, 2)",0,0.0,False,0.815,0.0,False,,50,-3.0,-0.125,4.584962368011475,0.9583333134651184,False,False,1
140,layer3.conv2,element,2,"(66, 12, 12)",0,0.0,False,0.815,0.0,False,,23,7.0,3.5,1.0,0.5,False,False,1
141,layer3.conv2,element,3,"(90, 7, 19)",0,0.0,False,0.815,0.0,False,,11,0.875,0.1875,2.2223923206329346,0.7857142686843872,False,False,1
142,layer3.conv1,element,5,"(67, 2, 20)",0,0.0,False,0.815,0.0,False,,25,10.0,-10.0,0.0,2.0,True,False,1
143,layer3.conv1,element,3,"(25, 9, 6)",1,0.005,True,0.815,0.0,False,,60,-16.0,-4.0,2.0,0.75,False,False,1
144,layer2.conv2,element,2,"(37, 6, 30)",0,0.0,False,0.815,0.0,False,,24,8.0,16.0,1.0,1.0,False,False,1
145,layer3.conv2,scale,2,"(62, 15)",6,0.03,True,0.81,0.004999999999999893,False,,121,121.0,125.0,4.0,inf,False,False,32
146,layer3.conv1,element,2,"(81, 6, 6)",1,0.005,True,0.815,0.0,False,,61,-20.0,-10.0,1.0,0.5,False,False,1
147,layer3.conv2,element,3,"(73, 10, 28)",0,0.0,False,0.815,0.0,False,,20,4.0,16.0,2.0,3.0,False,False,1
148,layer3.conv2,element,5,"(49, 11, 24)",0,0.0,False,0.815,0.0,False,,15,1.75,-1.75,0.0,2.0,True,False,1
149,layer3.conv1,element,4,"(37, 3, 0)",0,0.0,False,0.815,0.0,False,,49,-2.5,-0.0625,5.321928024291992,0.9750000238418579,False,False,1
150,layer3.conv1,element,1,"(6, 9, 10)",0,0.0,False,0.815,0.0,False,,54,-6.0,-4.0,0.5849626064300537,0.3333333432674408,False,False,1
151,layer3.conv2,element,4,"(78, 21, 3)",0,0.0,False,0.815,0.0,False,,52,-4.0,-0.25,4.0,0.9375,False,False,1
152,layer3.conv2,element,4,"(4, 13, 5)",0,0.0,False,0.815,0.0,False,,21,5.0,0.3125,4.0,0.9375,False,False,1
153,layer3.conv2,element,5,"(65, 26, 1)",0,0.0,False,0.815,0.0,False,,8,0.5,-0.5,0.0,2.0,True,False,1
154,layer3.conv2,element,3,"(19, 26, 26)",1,0.005,True,0.815,0.0,False,,56,-8.0,-2.0,2.0,0.75,False,False,1
155,layer1.conv2,element,0,"(15, 1, 29)",0,0.0,False,0.815,0.0,False,,59,-14.0,-12.0,0.22239232063293457,0.1428571492433548,False,False,1
156,layer1.conv1,element,0,"(22, 1, 22)",0,0.0,False,0.815,0.0,False,,57,-10.0,-8.0,0.3219280242919922,0.20000000298023224,False,False,1
157,layer3.conv1,element,5,"(79, 2, 1)",0,0.0,False,0.815,0.0,False,,4,0.25,-0.25,0.0,2.0,True,False,1
158,layer3.conv2,element,3,"(15, 12, 25)",0,0.0,False,0.815,0.0,False,,25,10.0,2.5,1.9999998807907104,0.75,False,False,1
159,layer3.conv2,element,1,"(25, 10, 1)",0,0.0,False,0.815,0.0,False,,28,16.0,24.0,0.5849623680114746,0.5,False,False,1
160,layer1.conv2,element,5,"(14, 1, 19)",1,0.005,True,0.82,-0.0050000000000000044,False,,60,-16.0,16.0,0.0,2.0,True,False,1
161,layer2.conv1,scale,3,"(39, 6)",87,0.435,True,0.515,0.29999999999999993,False,,119,119.0,127.0,8.0,inf,False,False,32
162,layer3.conv2,element,3,"(51, 0, 9)",1,0.005,True,0.815,0.0,False,,61,-20.0,-5.0,2.0,0.75,False,False,1
163,layer3.shortcut.0,element,2,"(33, 1, 0)",1,0.005,True,0.815,0.0,False,,59,-14.0,-28.0,1.0,1.0,False,False,1
164,layer2.conv1,element,3,"(31, 2, 29)",1,0.005,True,0.815,0.0,False,,20,4.0,16.0,2.0,3.0,False,False,1
165,layer3.conv2,element,5,"(46, 1, 29)",0,0.0,False,0.815,0.0,False,,30,24.0,-24.0,0.0,2.0,True,False,1
166,layer3.conv1,element,2,"(59, 8, 6)",1,0.005,True,0.815,0.0,False,,21,5.0,2.5,0.9999998807907104,0.5,False,False,1
167,layer2.conv2,element,0,"(34, 2, 4)",0,0.0,False,0.815,0.0,False,,55,-7.0,-6.0,0.22239232063293457,0.1428571492433548,False,False,1
168,layer2.conv2,element,4,"(9, 0, 21)",1,0.005,True,0.815,0.0,False,,24,8.0,0.5,4.0,0.9375,False,False,1
169,layer3.conv1,element,0,"(36, 6, 15)",1,0.005,True,0.815,0.0,False,,54,-6.0,-7.0,0.22239232063293457,0.1666666716337204,False,False,1
170,layer2.conv2,element,5,"(34, 0, 29)",1,0.005,True,0.815,0.0,False,,28,16.0,-16.0,0.0,2.0,True,False,1
171,layer3.conv2,element,3,"(10, 24, 9)",0,0.0,False,0.815,0.0,False,,60,-16.0,-4.0,2.0,0.75,False,False,1
172,layer2.conv2,element,2,"(31, 4, 7)",1,0.005,True,0.815,0.0,False,,29,20.0,10.0,1.0,0.5,False,False,1
173,layer3.conv2,element,4,"(50, 15, 17)",0,0.0,False,0.815,0.0,False,,24,8.0,0.5,4.0,0.9375,False,False,1
174,layer3.conv2,element,5,"(34, 16, 29)",0,0.0,False,0.815,0.0,False,,53,-5.0,5.0,0.0,2.0,True,False,1
175,layer3.conv1,element,1,"(19, 11, 25)",0,0.0,False,0.815,0.0,False,,57,-10.0,-14.0,0.4854269027709961,0.4000000059604645,False,False,1
176,layer3.conv2,element,1,"(61, 16, 15)",0,0.0,False,0.815,0.0,False,,23,7.0,5.0,0.4854269027709961,0.2857142984867096,False,False,1
177,layer2.conv1,element,2,"(28, 2, 18)",0,0.0,False,0.815,0.0,False,,19,3.5,7.0,1.0,1.0,False,False,1
178,layer2.conv2,element,1,"(42, 8, 23)",1,0.005,True,0.815,0.0,False,,25,10.0,14.0,0.4854269027709961,0.4000000059604645,False,False,1
179,layer3.conv1,element,5,"(61, 11, 12)",0,0.0,False,0.815,0.0,False,,26,12.0,-12.0,0.0,2.0,True,False,1
180,layer3.shortcut.0,element,5,"(65, 1, 3)",0,0.0,False,0.815,0.0,False,,61,-20.0,20.0,0.0,2.0,True,False,1
181,layer3.conv2,element,2,"(77, 19, 2)",0,0.0,False,0.815,0.0,False,,57,-10.0,-20.0,1.0,1.0,False,False,1
182,layer3.conv2,element,5,"(15, 19, 28)",0,0.0,False,0.815,0.0,False,,29,20.0,-20.0,0.0,2.0,True,False,1
183,layer3.conv2,element,2,"(92, 19, 28)",0,0.0,False,0.815,0.0,False,,31,28.0,14.0,1.0,0.5,False,False,1
184,layer3.conv2,element,0,"(51, 25, 25)",0,0.0,False,0.815,0.0,False,,46,-1.5,-1.75,0.22239243984222412,0.1666666716337204,False,False,1
185,layer3.conv1,element,1,"(55, 3, 17)",0,0.0,False,0.815,0.0,False,,49,-2.5,-3.5,0.48542678356170654,0.4000000059604645,False,False,1
186,layer3.conv2,element,1,"(26, 4, 28)",0,0.0,False,0.815,0.0,False,,25,10.0,14.0,0.4854269027709961,0.4000000059604645,False,False,1
187,layer3.conv1,element,3,"(60, 2, 4)",0,0.0,False,0.815,0.0,False,,59,-14.0,-3.5,2.0,0.75,False,False,1
188,fc,element,2,"(6, 0, 28)",1,0.005,True,0.81,0.004999999999999893,False,,59,-14.0,-28.0,1.0,1.0,False,False,1
189,layer3.conv1,element,1,"(53, 6, 24)",0,0.0,False,0.815,0.0,False,,57,-10.0,-14.0,0.4854269027709961,0.4000000059604645,False,False,1
190,layer2.conv2,element,5,"(16, 2, 7)",0,0.0,False,0.815,0.0,False,,61,-20.0,20.0,0.0,2.0,True,False,1
191,layer3.conv1,element,5,"(84, 9, 3)",1,0.005,True,0.815,0.0,False,,57,-10.0,10.0,0.0,2.0,True,False,1
192,layer3.conv1,element,0,"(81, 2, 6)",0,0.0,False,0.815,0.0,False,,62,-24.0,-28.0,0.22239255905151367,0.1666666716337204,False,False,1
193,layer3.conv1,element,4,"(36, 12, 24)",0,0.0,False,0.815,0.0,False,,50,-3.0,-0.125,4.584962368011475,0.9583333134651184,False,False,1
194,layer3.conv2,element,1,"(70, 23, 26)",0,0.0,False,0.815,0.0,False,,46,-1.5,-1.0,0.5849624872207642,0.3333333432674408,False,False,1
195,layer3.conv2,element,4,"(85, 17, 28)",0,0.0,False,0.815,0.0,False,,38,-0.375,-6.0,4.0,15.0,False,False,1
196,layer3.conv1,element,3,"(29, 13, 3)",1,0.005,True,0.815,0.0,False,,19,3.5,14.0,2.0,3.0,False,False,1
197,layer2.conv2,element,3,"(18, 12, 17)",0,0.0,False,0.815,0.0,False,,58,-12.0,-3.0,2.0,0.75,False,False,1
198,layer1.conv1,element,1,"(2, 3, 18)",0,0.0,False,0.815,0.0,False,,18,3.0,2.0,0.5849624872207642,0.3333333432674408,False,False,1
199,layer3.conv2,element,3,"(32, 6, 26)",0,0.0,False,0.815,0.0,False,,61,-20.0,-5.0,2.0,0.75,False,False,1
200,layer3.conv2,element,1,"(2, 10, 0)",0,0.0,False,0.815,0.0,False,,22,6.0,4.0,0.5849626064300537,0.3333333432674408,False,False,1
201,layer1.conv1,element,1,"(10, 0, 18)",1,0.005,True,0.815,0.0,False,,27,14.0,10.0,0.4854269027709961,0.2857142984867096,False,False,1
202,layer3.conv2,element,5,"(26, 15, 16)",1,0.005,True,0.815,0.0,False,,16,2.0,-2.0,0.0,2.0,True,False,1
203,layer3.conv1,element,3,"(27, 12, 31)",0,0.0,False,0.815,0.0,False,,53,-5.0,-20.0,2.0,3.0,False,False,1
204,layer2.conv2,element,5,"(45, 2, 23)",2,0.01,True,0.82,-0.0050000000000000044,False,,25,10.0,-10.0,0.0,2.0,True,False,1
205,layer2.conv1,scale,3,"(9, 2)",168,0.84,True,0.155,0.6599999999999999,False,,119,119.0,127.0,8.0,inf,False,False,32
206,layer3.conv2,element,3,"(66, 26, 3)",0,0.0,False,0.815,0.0,False,,25,10.0,2.5,1.9999998807907104,0.75,False,False,1
207,layer3.conv2,element,4,"(31, 8, 18)",0,0.0,False,0.815,0.0,False,,55,-7.0,-0.4375,4.0,0.9375,False,False,1
208,layer2.conv1,element,2,"(42, 3, 1)",1,0.005,True,0.815,0.0,False,,57,-10.0,-20.0,1.0,1.0,False,False,1
209,layer3.conv2,element,0,"(15, 2, 19)",0,0.0,False,0.815,0.0,False,,57,-10.0,-8.0,0.3219280242919922,0.20000000298023224,False,False,1
210,layer3.conv2,element,1,"(59, 9, 31)",0,0.0,False,0.815,0.0,False,,23,7.0,5.0,0.4854269027709961,0.2857142984867096,False,False,1
211,layer3.conv1,element,2,"(84, 9, 18)",0,0.0,False,0.815,0.0,False,,22,6.0,3.0,1.0000001192092896,0.5,False,False,1
212,layer3.conv1,element,1,"(30, 8, 7)",1,0.005,True,0.815,0.0,False,,28,16.0,24.0,0.5849623680114746,0.5,False,False,1
213,layer2.conv2,element,2,"(47, 4, 30)",0,0.0,False,0.815,0.0,False,,51,-3.5,-7.0,1.0,1.0,False,False,1
214,layer1.conv2,element,3,"(19, 5, 15)",4,0.02,True,0.82,-0.0050000000000000044,False,,22,6.0,24.0,1.999999761581421,3.0,False,False,1
215,layer3.conv2,element,5,"(94, 14, 19)",0,0.0,False,0.815,0.0,False,,61,-20.0,20.0,0.0,2.0,True,False,1
216,layer3.shortcut.0,element,5,"(32, 1, 6)",0,0.0,False,0.815,0.0,False,,2,0.125,-0.125,0.0,2.0,True,False,1
217,layer3.conv2,element,0,"(22, 26, 4)",1,0.005,True,0.815,0.0,False,,24,8.0,10.0,0.3219280242919922,0.25,False,False,1
218,layer3.conv1,element,4,"(41, 1, 3)",1,0.005,True,0.815,0.0,False,,57,-10.0,-0.625,4.0,0.9375,False,False,1
219,layer2.conv2,element,2,"(4, 8, 3)",1,0.005,True,0.815,0.0,False,,28,16.0,8.0,1.0,0.5,False,False,1
220,layer3.conv1,element,0,"(41, 8, 2)",0,0.0,False,0.815,0.0,False,,25,10.0,8.0,0.3219280242919922,0.20000000298023224,False,False,1
221,layer2.conv1,scale,3,"(45, 2)",178,0.89,True,0.1,0.715,False,,119,119.0,127.0,8.0,inf,False,False,32
222,layer2.conv1,element,3,"(42, 2, 16)",0,0.0,False,0.815,0.0,False,,27,14.0,3.5,2.0,0.75,False,False,1
223,layer3.conv2,element,0,"(28, 23, 22)",0,0.0,False,0.815,0.0,False,,27,14.0,12.0,0.22239232063293457,0.1428571492433548,False,False,1
224,layer3.conv2,element,5,"(45, 26, 22)",0,0.0,False,0.815,0.0,False,,27,14.0,-14.0,0.0,2.0,True,False,1
225,layer3.conv2,element,3,"(57, 17, 9)",1,0.005,True,0.815,0.0,False,,58,-12.0,-3.0,2.0,0.75,False,False,1
226,layer2.conv2,element,1,"(27, 12, 7)",0,0.0,False,0.815,0.0,False,,59,-14.0,-10.0,0.4854269027709961,0.2857142984867096,False,False,1
227,layer3.conv1,element,4,"(79, 3, 2)",0,0.0,False,0.815,0.0,False,,61,-20.0,-1.25,4.0,0.9375,False,False,1
228,layer3.conv2,element,0,"(29, 17, 24)",0,0.0,False,0.815,0.0,False,,29,20.0,16.0,0.3219280242919922,0.20000000298023224,False,False,1
229,layer2.conv2,element,5,"(17, 10, 19)",0,0.0,False,0.815,0.0,False,,27,14.0,-14.0,0.0,2.0,True,False,1
230,layer3.conv2,element,2,"(82, 20, 14)",1,0.005,True,0.815,0.0,False,,26,12.0,24.0,0.9999997615814209,1.0,False,False,1
231,layer3.conv2,element,3,"(26, 24, 12)",0,0.0,False,0.815,0.0,False,,58,-12.0,-3.0,2.0,0.75,False,False,1
232,layer3.conv2,element,5,"(16, 2, 13)",0,0.0,False,0.815,0.0,False,,25,10.0,-10.0,0.0,2.0,True,False,1
233,layer3.conv2,element,5,"(26, 13, 15)",0,0.0,False,0.815,0.0,False,,44,-1.0,1.0,0.0,2.0,True,False,1
234,layer3.conv1,element,3,"(20, 1, 27)",0,0.0,False,0.815,0.0,False,,26,12.0,3.0,2.0,0.75,False,False,1
235,layer3.conv1,element,0,"(80, 9, 0)",0,0.0,False,0.815,0.0,False,,46,-1.5,-1.75,0.22239243984222412,0.1666666716337204,False,False,1
236,layer3.conv2,element,5,"(3, 0, 3)",0,0.0,False,0.815,0.0,False,,20,4.0,-4.0,0.0,2.0,True,False,1
237,layer2.conv2,element,0,"(21, 1, 13)",0,0.0,False,0.815,0.0,False,,4,0.25,0.3125,0.32192814350128174,0.25,False,False,1
238,layer3.conv2,element,4,"(58, 1, 25)",0,0.0,False,0.815,0.0,False,,24,8.0,0.5,4.0,0.9375,False,False,1
239,layer3.conv2,element,5,"(91, 8, 3)",2,0.01,True,0.82,-0.0050000000000000044,False,,60,-16.0,16.0,0.0,2.0,True,False,1
240,layer3.conv2,element,5,"(45, 9, 7)",1,0.005,True,0.815,0.0,False,,59,-14.0,14.0,0.0,2.0,True,False,1
241,layer2.conv2,element,2,"(18, 8, 6)",1,0.005,True,0.815,0.0,False,,28,16.0,8.0,1.0,0.5,False,False,1
242,layer3.conv1,element,3,"(57, 7, 6)",1,0.005,True,0.815,0.0,False,,16,2.0,8.0,2.0,3.0,False,False,1
243,layer3.conv2,element,5,"(87, 5, 11)",0,0.0,False,0.815,0.0,False,,16,2.0,-2.0,0.0,2.0,True,False,1
244,layer3.conv2,element,1,"(28, 7, 2)",0,0.0,False,0.815,0.0,False,,8,0.5,0.75,0.5849624872207642,0.5,False,False,1
245,layer3.conv2,element,5,"(26, 22, 2)",0,0.0,False,0.815,0.0,False,,61,-20.0,20.0,0.0,2.0,True,False,1
246,layer3.conv2,element,4,"(35, 6, 5)",0,0.0,False,0.815,0.0,False,,61,-20.0,-1.25,4.0,0.9375,False,False,1
247,layer3.conv1,element,2,"(15, 0, 16)",1,0.005,True,0.815,0.0,False,,56,-8.0,-16.0,1.0,1.0,False,False,1
248,layer3.conv1,element,4,"(58, 4, 31)",0,0.0,False,0.815,0.0,False,,20,4.0,0.25,4.0,0.9375,False,False,1
249,layer3.conv1,element,3,"(17, 5, 18)",1,0.005,True,0.815,0.0,False,,23,7.0,28.0,2.0,3.0,False,False,1
250,layer2.conv1,element,1,"(28, 6, 10)",1,0.005,True,0.815,0.0,False,,18,3.0,2.0,0.5849624872207642,0.3333333432674408,False,False,1
251,layer3.conv2,element,0,"(34, 22, 17)",0,0.0,False,0.815,0.0,False,,40,-0.5,-0.625,0.32192808389663696,0.25,False,False,1
252,layer3.conv2,element,3,"(33, 13, 16)",0,0.0,False,0.815,0.0,False,,24,8.0,2.0,2.0,0.75,False,False,1
253,layer3.shortcut.0,element,1,"(30, 1, 7)",0,0.0,False,0.815,0.0,False,,19,3.5,2.5,0.48542678356170654,0.2857142984867096,False,False,1
254,fc,element,1,"(0, 2, 7)",0,0.0,False,0.815,0.0,False,,59,-14.0,-10.0,0.4854269027709961,0.2857142984867096,False,False,1
255,layer2.conv2,element,4,"(27, 9, 10)",0,0.0,False,0.815,0.0,False,,20,4.0,0.25,4.0,0.9375,False,False,1
256,layer2.conv1,element,1,"(36, 1, 3)",1,0.005,True,0.815,0.0,False,,21,5.0,7.0,0.4854269027709961,0.4000000059604645,False,False,1
257,layer3.conv1,element,1,"(91, 5, 26)",1,0.005,True,0.815,0.0,False,,61,-20.0,-28.0,0.4854269027709961,0.4000000059604645,False,False,1
258,layer3.conv2,element,2,"(24, 23, 27)",0,0.0,False,0.815,0.0,False,,51,-3.5,-7.0,1.0,1.0,False,False,1
259,layer3.shortcut.0,element,3,"(45, 0, 8)",0,0.0,False,0.815,0.0,False,,49,-2.5,-10.0,1.9999998807907104,3.0,False,False,1
260,layer3.conv2,element,4,"(57, 11, 27)",1,0.005,True,0.815,0.0,False,,15,1.75,28.0,4.0,15.0,False,False,1
261,layer3.conv1,element,5,"(36, 7, 3)",0,0.0,False,0.815,0.0,False,,57,-10.0,10.0,0.0,2.0,True,False,1
262,layer3.conv2,element,5,"(93, 9, 22)",1,0.005,True,0.815,0.0,False,,62,-24.0,24.0,0.0,2.0,True,False,1
263,layer3.conv2,element,0,"(44, 23, 24)",0,0.0,False,0.815,0.0,False,,52,-4.0,-5.0,0.3219280242919922,0.25,False,False,1
264,fc,element,0,"(5, 2, 22)",1,0.005,True,0.815,0.0,False,,8,0.5,0.625,0.32192808389663696,0.25,False,False,1
265,layer3.conv2,element,0,"(77, 10, 31)",0,0.0,False,0.815,0.0,False,,38,-0.375,-0.4375,0.22239243984222412,0.1666666716337204,False,False,1
266,layer3.conv2,element,3,"(80, 23, 30)",0,0.0,False,0.815,0.0,False,,46,-1.5,-0.375,2.0,0.75,False,False,1
267,layer3.conv2,element,4,"(15, 19, 8)",1,0.005,True,0.815,0.0,False,,57,-10.0,-0.625,4.0,0.9375,False,False,1
268,layer2.conv1,element,1,"(22, 0, 20)",0,0.0,False,0.815,0.0,False,,13,1.25,1.75,0.4854268431663513,0.4000000059604645,False,False,1
269,layer1.conv1,element,4,"(21, 2, 15)",1,0.005,True,0.815,0.0,False,,25,10.0,0.625,4.0,0.9375,False,False,1
270,layer3.conv2,scale,6,"(26, 24)",1,0.005,True,0.815,0.0,False,,121,121.0,57.0,64.0,inf,False,False,32
271,layer1.conv1,element,5,"(5, 3, 19)",0,0.0,False,0.815,0.0,False,,19,3.5,-3.5,0.0,2.0,True,False,1
272,layer3.conv2,element,4,"(71, 10, 0)",0,0.0,False,0.815,0.0,False,,52,-4.0,-0.25,4.0,0.9375,False,False,1
273,layer3.conv2,element,0,"(85, 15, 25)",0,0.0,False,0.815,0.0,False,,13,1.25,1.0,0.32192808389663696,0.20000000298023224,False,False,1
274,layer2.conv1,element,4,"(22, 4, 16)",0,0.0,False,0.815,0.0,False,,22,6.0,0.375,4.0,0.9375,False,False,1
275,layer3.conv2,element,3,"(83, 19, 17)",0,0.0,False,0.815,0.0,False,,20,4.0,16.0,2.0,3.0,False,False,1
276,layer2.conv2,element,5,"(47, 4, 8)",0,0.0,False,0.815,0.0,False,,49,-2.5,2.5,0.0,2.0,True,False,1
277,layer3.conv2,element,0,"(4, 14, 20)",0,0.0,False,0.815,0.0,False,,47,-1.75,-1.5,0.22239243984222412,0.1428571492433548,False,False,1
278,layer3.conv2,element,0,"(60, 26, 3)",0,0.0,False,0.815,0.0,False,,23,7.0,6.0,0.22239232063293457,0.1428571492433548,False,False,1
279,layer3.conv1,element,4,"(36, 10, 25)",0,0.0,False,0.815,0.0,False,,53,-5.0,-0.3125,4.0,0.9375,False,False,1
280,layer2.conv2,element,2,"(23, 2, 15)",1,0.005,True,0.815,0.0,False,,58,-12.0,-24.0,0.9999997615814209,1.0,False,False,1
281,layer3.conv2,element,1,"(57, 18, 17)",0,0.0,False,0.815,0.0,False,,37,-0.3125,-0.4375,0.48542678356170654,0.4000000059604645,False,False,1
282,layer3.conv2,element,2,"(80, 1, 13)",0,0.0,False,0.815,0.0,False,,20,4.0,2.0,1.0,0.5,False,False,1
283,layer3.conv2,element,3,"(26, 20, 17)",0,0.0,False,0.815,0.0,False,,41,-0.625,-0.0625,3.321928024291992,0.8999999761581421,False,False,1
284,layer2.conv1,element,4,"(23, 5, 20)",0,0.0,False,0.815,0.0,False,,58,-12.0,-0.75,4.0,0.9375,False,False,1
285,layer3.conv2,element,1,"(58, 10, 14)",0,0.0,False,0.815,0.0,False,,53,-5.0,-7.0,0.4854269027709961,0.4000000059604645,False,False,1
286,layer3.conv2,element,4,"(91, 22, 30)",0,0.0,False,0.815,0.0,False,,51,-3.5,-0.1875,4.2223920822143555,0.9464285969734192,False,False,1
287,layer3.conv2,element,2,"(73, 14, 22)",0,0.0,False,0.815,0.0,False,,52,-4.0,-2.0,1.0,0.5,False,False,1
288,layer3.shortcut.0,element,2,"(29, 0, 29)",0,0.0,False,0.815,0.0,False,,22,6.0,3.0,1.0000001192092896,0.5,False,False,1
289,layer3.conv2,element,5,"(19, 6, 31)",0,0.0,False,0.815,0.0,False,,26,12.0,-12.0,0.0,2.0,True,False,1
290,layer3.conv1,element,3,"(60, 9, 7)",0,0.0,False,0.815,0.0,False,,18,3.0,12.0,2.0,3.0,False,False,1
291,layer2.conv2,element,2,"(27, 11, 0)",2,0.01,True,0.82,-0.0050000000000000044,False,,31,28.0,14.0,1.0,0.5,False,False,1
292,layer2.conv2,element,2,"(15, 2, 8)",0,0.0,False,0.815,0.0,False,,37,-0.3125,-0.0625,2.321928024291992,0.800000011920929,False,False,1
293,layer3.conv2,element,3,"(68, 12, 3)",0,0.0,False,0.815,0.0,False,,43,-0.875,-0.1875,2.2223923206329346,0.7857142686843872,False,False,1
294,layer3.conv2,element,0,"(70, 23, 19)",0,0.0,False,0.815,0.0,False,,30,24.0,28.0,0.22239255905151367,0.1666666716337204,False,False,1
295,layer3.conv1,element,3,"(1, 7, 14)",0,0.0,False,0.815,0.0,False,,2,0.125,0.75,2.5849623680114746,5.0,False,False,1
296,layer3.conv1,element,5,"(88, 12, 13)",0,0.0,False,0.815,0.0,False,,29,20.0,-20.0,0.0,2.0,True,False,1
297,layer3.conv2,element,5,"(45, 24, 7)",1,0.005,True,0.815,0.0,False,,54,-6.0,6.0,0.0,2.0,True,False,1
298,layer3.conv1,element,0,"(69, 9, 2)",0,0.0,False,0.815,0.0,False,,50,-3.0,-3.5,0.22239243984222412,0.1666666716337204,False,False,1
299,layer3.conv2,element,2,"(8, 14, 22)",0,0.0,False,0.815,0.0,False,,59,-14.0,-28.0,1.0,1.0,False,False,1
300,layer2.conv2,element,0,"(37, 11, 2)",0,0.0,False,0.815,0.0,False,,19,3.5,3.0,0.22239243984222412,0.1428571492433548,False,False,1
301,layer3.conv2,element,3,"(26, 21, 28)",0,0.0,False,0.815,0.0,False,,3,0.1875,0.875,2.2223923206329346,3.6666667461395264,False,False,1
302,layer3.conv1,element,3,"(53, 6, 17)",0,0.0,False,0.815,0.0,False,,52,-4.0,-16.0,2.0,3.0,False,False,1
303,layer2.conv2,element,1,"(37, 1, 18)",0,0.0,False,0.815,0.0,False,,25,10.0,14.0,0.4854269027709961,0.4000000059604645,False,False,1
304,layer3.conv1,element,3,"(44, 2, 9)",0,0.0,False,0.815,0.0,False,,61,-20.0,-5.0,2.0,0.75,False,False,1
305,layer3.conv1,element,5,"(94, 10, 6)",0,0.0,False,0.815,0.0,False,,25,10.0,-10.0,0.0,2.0,True,False,1
306,layer3.conv2,element,2,"(53, 0, 8)",0,0.0,False,0.815,0.0,False,,44,-1.0,-0.5,1.0,0.5,False,False,1
307,layer3.conv2,element,1,"(72, 6, 7)",0,0.0,False,0.815,0.0,False,,62,-24.0,-16.0,0.5849623680114746,0.3333333432674408,False,False,1
308,layer3.conv1,element,3,"(81, 1, 25)",0,0.0,False,0.815,0.0,False,,15,1.75,0.4375,2.0,0.75,False,False,1
309,layer3.shortcut.0,element,2,"(62, 0, 14)",0,0.0,False,0.815,0.0,False,,22,6.0,3.0,1.0000001192092896,0.5,False,False,1
310,layer2.conv2,element,1,"(21, 11, 2)",0,0.0,False,0.815,0.0,False,,49,-2.5,-3.5,0.48542678356170654,0.4000000059604645,False,False,1
311,layer2.conv1,element,3,"(24, 2, 30)",0,0.0,False,0.815,0.0,False,,62,-24.0,-6.0,1.999999761581421,0.75,False,False,1
312,layer3.conv2,element,4,"(39, 1, 26)",1,0.005,True,0.815,0.0,False,,56,-8.0,-0.5,4.0,0.9375,False,False,1
313,layer3.conv2,element,0,"(52, 0, 13)",0,0.0,False,0.815,0.0,False,,28,16.0,20.0,0.3219280242919922,0.25,False,False,1
314,layer3.conv1,element,0,"(71, 3, 7)",0,0.0,False,0.815,0.0,False,,56,-8.0,-10.0,0.3219280242919922,0.25,False,False,1
315,layer3.conv2,element,2,"(44, 24, 8)",0,0.0,False,0.815,0.0,False,,55,-7.0,-3.5,1.0,0.5,False,False,1
316,layer3.conv1,element,0,"(95, 3, 11)",0,0.0,False,0.815,0.0,False,,59,-14.0,-12.0,0.22239232063293457,0.1428571492433548,False,False,1
317,layer3.conv1,element,1,"(47, 8, 20)",1,0.005,True,0.815,0.0,False,,57,-10.0,-14.0,0.4854269027709961,0.4000000059604645,False,False,1
318,layer3.conv2,element,2,"(34, 21, 8)",0,0.0,False,0.815,0.0,False,,21,5.0,2.5,0.9999998807907104,0.5,False,False,1
319,layer2.conv1,element,1,"(26, 4, 10)",0,0.0,False,0.815,0.0,False,,23,7.0,5.0,0.4854269027709961,0.2857142984867096,False,False,1
320,layer3.conv1,element,5,"(63, 2, 7)",0,0.0,False,0.815,0.0,False,,29,20.0,-20.0,0.0,2.0,True,False,1
321,layer3.conv2,element,0,"(26, 16, 27)",1,0.005,True,0.815,0.0,False,,25,10.0,8.0,0.3219280242919922,0.20000000298023224,False,False,1
322,layer3.conv2,element,3,"(18, 3, 5)",0,0.0,False,0.815,0.0,False,,17,2.5,10.0,1.9999998807907104,3.0,False,False,1
323,layer3.conv1,element,2,"(41, 9, 7)",0,0.0,False,0.815,0.0,False,,52,-4.0,-2.0,1.0,0.5,False,False,1
324,layer3.conv1,element,2,"(17, 8, 24)",0,0.0,False,0.815,0.0,False,,48,-2.0,-4.0,1.0,1.0,False,False,1
325,layer3.conv2,element,1,"(82, 16, 1)",0,0.0,False,0.815,0.0,False,,21,5.0,7.0,0.4854269027709961,0.4000000059604645,False,False,1
326,layer3.conv2,scale,3,"(5, 24)",0,0.0,False,0.815,0.0,False,,120,120.0,112.0,8.0,inf,False,False,32
327,layer3.conv2,element,2,"(52, 3, 14)",0,0.0,False,0.815,0.0,False,,50,-3.0,-6.0,1.0000001192092896,1.0,False,False,1
328,layer2.conv2,element,3,"(30, 6, 10)",0,0.0,False,0.815,0.0,False,,50,-3.0,-12.0,2.0,3.0,False,False,1
329,layer2.conv2,element,3,"(11, 5, 19)",0,0.0,False,0.815,0.0,False,,23,7.0,28.0,2.0,3.0,False,False,1
330,layer3.conv2,element,3,"(56, 17, 17)",0,0.0,False,0.815,0.0,False,,62,-24.0,-6.0,1.999999761581421,0.75,False,False,1
331,layer3.conv1,element,2,"(56, 6, 6)",0,0.0,False,0.815,0.0,False,,19,3.5,7.0,1.0,1.0,False,False,1
332,layer3.conv2,element,4,"(59, 19, 22)",1,0.005,True,0.815,0.0,False,,60,-16.0,-1.0,4.0,0.9375,False,False,1
333,layer3.conv2,element,0,"(56, 9, 19)",0,0.0,False,0.815,0.0,False,,57,-10.0,-8.0,0.3219280242919922,0.20000000298023224,False,False,1
334,layer3.conv2,element,1,"(8, 16, 23)",0,0.0,False,0.815,0.0,False,,43,-0.875,-0.625,0.4854268431663513,0.2857142984867096,False,False,1
335,layer3.conv2,scale,3,"(52, 20)",0,0.0,False,0.815,0.0,False,,121,121.0,113.0,8.0,inf,False,False,32
336,layer3.conv1,element,5,"(66, 6, 17)",1,0.005,True,0.815,0.0,False,,54,-6.0,6.0,0.0,2.0,True,False,1
337,layer3.conv1,element,5,"(41, 7, 24)",0,0.0,False,0.815,0.0,False,,18,3.0,-3.0,0.0,2.0,True,False,1
338,layer3.conv1,scale,7,"(95, 9)",200,1.0,True,0.0,0.815,True,,119,119.0,247.0,128.0,inf,False,False,32
339,layer3.conv1,element,0,"(32, 8, 12)",0,0.0,False,0.815,0.0,False,,43,-0.875,-0.75,0.22239243984222412,0.1428571492433548,False,False,1
340,layer3.conv2,element,5,"(4, 26, 6)",1,0.005,True,0.815,0.0,False,,27,14.0,-14.0,0.0,2.0,True,False,1
341,layer3.conv1,element,2,"(24, 11, 13)",0,0.0,False,0.815,0.0,False,,56,-8.0,-16.0,1.0,1.0,False,False,1
342,layer3.conv1,element,0,"(41, 5, 12)",0,0.0,False,0.815,0.0,False,,57,-10.0,-8.0,0.3219280242919922,0.20000000298023224,False,False,1
343,layer3.conv1,element,1,"(94, 8, 22)",0,0.0,False,0.815,0.0,False,,23,7.0,5.0,0.4854269027709961,0.2857142984867096,False,False,1
344,layer3.conv2,element,2,"(34, 23, 19)",1,0.005,True,0.815,0.0,False,,63,-28.0,-14.0,1.0,0.5,False,False,1
345,layer3.conv1,element,4,"(41, 5, 7)",0,0.0,False,0.815,0.0,False,,51,-3.5,-0.1875,4.2223920822143555,0.9464285969734192,False,False,1
346,layer3.conv1,element,5,"(45, 1, 17)",1,0.005,True,0.815,0.0,False,,56,-8.0,8.0,0.0,2.0,True,False,1
347,layer3.conv2,element,3,"(17, 8, 18)",0,0.0,False,0.815,0.0,False,,8,0.5,0.0,inf,1.0,False,False,1
348,layer1.conv1,element,3,"(1, 2, 23)",1,0.005,True,0.815,0.0,False,,24,8.0,2.0,2.0,0.75,False,False,1
349,layer3.conv1,element,5,"(65, 5, 17)",0,0.0,False,0.815,0.0,False,,58,-12.0,12.0,0.0,2.0,True,False,1
350,layer3.conv1,element,0,"(54, 2, 23)",0,0.0,False,0.815,0.0,False,,21,5.0,4.0,0.3219280242919922,0.20000000298023224,False,False,1
351,layer3.shortcut.0,element,4,"(30, 0, 10)",0,0.0,False,0.815,0.0,False,,22,6.0,0.375,4.0,0.9375,False,False,1
352,layer2.conv1,element,3,"(13, 2, 22)",1,0.005,True,0.815,0.0,False,,28,16.0,4.0,2.0,0.75,False,False,1
353,layer3.conv2,element,4,"(16, 23, 30)",0,0.0,False,0.815,0.0,False,,46,-1.5,-24.0,4.0,15.0,False,False,1
354,layer3.conv2,element,2,"(74, 9, 27)",1,0.005,True,0.815,0.0,False,,23,7.0,3.5,1.0,0.5,False,False,1
355,layer3.conv2,element,1,"(7, 25, 10)",0,0.0,False,0.815,0.0,False,,24,8.0,12.0,0.5849626064300537,0.5,False,False,1
356,layer3.conv2,element,5,"(71, 21, 20)",0,0.0,False,0.815,0.0,False,,60,-16.0,16.0,0.0,2.0,True,False,1
357,layer3.conv2,element,4,"(75, 13, 6)",0,0.0,False,0.815,0.0,False,,53,-5.0,-0.3125,4.0,0.9375,False,False,1
358,layer3.conv1,element,1,"(3, 1, 1)",0,0.0,False,0.815,0.0,False,,21,5.0,7.0,0.4854269027709961,0.4000000059604645,False,False,1
359,layer3.conv1,element,2,"(12, 8, 31)",0,0.0,False,0.815,0.0,False,,47,-1.75,-0.875,1.0,0.5,False,False,1
360,layer3.conv1,element,5,"(27, 3, 9)",1,0.005,True,0.815,0.0,False,,58,-12.0,12.0,0.0,2.0,True,False,1
361,layer2.conv1,element,1,"(44, 4, 7)",0,0.0,False,0.815,0.0,False,,45,-1.25,-1.75,0.4854268431663513,0.4000000059604645,False,False,1
362,layer3.conv2,element,2,"(48, 14, 5)",0,0.0,False,0.815,0.0,False,,23,7.0,3.5,1.0,0.5,False,False,1
363,layer3.conv2,element,2,"(2, 5, 20)",0,0.0,False,0.815,0.0,False,,46,-1.5,-0.75,1.0,0.5,False,False,1
364,layer3.conv1,element,2,"(22, 2, 24)",0,0.0,False,0.815,0.0,False,,30,24.0,12.0,0.9999997615814209,0.5,False,False,1
365,layer3.conv1,element,4,"(60, 6, 7)",0,0.0,False,0.815,0.0,False,,14,1.5,24.0,4.0,15.0,False,False,1
366,fc,element,2,"(8, 2, 16)",0,0.0,False,0.815,0.0,False,,62,-24.0,-12.0,0.9999997615814209,0.5,False,False,1
367,layer3.conv2,element,0,"(93, 3, 1)",0,0.0,False,0.815,0.0,False,,57,-10.0,-8.0,0.3219280242919922,0.20000000298023224,False,False,1
368,layer3.conv2,element,3,"(21, 6, 13)",1,0.005,True,0.815,0.0,False,,25,10.0,2.5,1.9999998807907104,0.75,False,False,1
369,layer3.conv1,element,4,"(64, 0, 12)",1,0.005,True,0.815,0.0,False,,52,-4.0,-0.25,4.0,0.9375,False,False,1
370,layer2.conv2,element,5,"(41, 9, 7)",0,0.0,False,0.815,0.0,False,,55,-7.0,7.0,0.0,2.0,True,False,1
371,layer2.conv2,element,3,"(14, 2, 24)",0,0.0,False,0.815,0.0,False,,21,5.0,20.0,2.0,3.0,False,False,1
372,layer3.conv2,element,1,"(42, 8, 2)",0,0.0,False,0.815,0.0,False,,28,16.0,24.0,0.5849623680114746,0.5,False,False,1
373,layer2.conv2,element,4,"(5, 4, 26)",1,0.005,True,0.815,0.0,False,,42,-0.75,-12.0,4.0,15.0,False,False,1
374,layer2.conv2,element,3,"(22, 11, 13)",2,0.01,True,0.82,-0.0050000000000000044,False,,21,5.0,20.0,2.0,3.0,False,False,1
375,layer3.conv1,element,5,"(86, 5, 1)",1,0.005,True,0.815,0.0,False,,56,-8.0,8.0,0.0,2.0,True,False,1
376,layer3.conv1,element,4,"(87, 8, 20)",1,0.005,True,0.815,0.0,False,,21,5.0,0.3125,4.0,0.9375,False,False,1
377,layer2.conv2,element,5,"(6, 10, 16)",0,0.0,False,0.815,0.0,False,,61,-20.0,20.0,0.0,2.0,True,False,1
378,layer3.conv1,element,3,"(21, 11, 19)",1,0.005,True,0.815,0.0,False,,27,14.0,3.5,2.0,0.75,False,False,1
379,layer3.conv2,element,4,"(50, 21, 16)",0,0.0,False,0.815,0.0,False,,56,-8.0,-0.5,4.0,0.9375,False,False,1
380,layer3.conv1,element,3,"(1, 3, 11)",0,0.0,False,0.815,0.0,False,,28,16.0,4.0,2.0,0.75,False,False,1
381,layer3.conv1,element,3,"(56, 4, 15)",0,0.0,False,0.815,0.0,False,,45,-1.25,-0.3125,2.0,0.75,False,False,1
382,layer1.conv2,element,3,"(16, 5, 26)",1,0.005,True,0.815,0.0,False,,59,-14.0,-3.5,2.0,0.75,False,False,1
383,layer3.conv1,element,0,"(42, 3, 11)",0,0.0,False,0.815,0.0,False,,55,-7.0,-6.0,0.22239232063293457,0.1428571492433548,False,False,1
384,layer3.conv2,element,3,"(93, 16, 29)",0,0.0,False,0.815,0.0,False,,34,-0.125,-0.75,2.5849623680114746,5.0,False,False,1
385,layer3.conv1,element,5,"(58, 8, 11)",0,0.0,False,0.815,0.0,False,,53,-5.0,5.0,0.0,2.0,True,False,1
386,layer3.conv1,element,0,"(65, 4, 24)",1,0.005,True,0.815,0.0,False,,29,20.0,16.0,0.3219280242919922,0.20000000298023224,False,False,1
387,layer3.conv1,element,5,"(53, 0, 26)",0,0.0,False,0.815,0.0,False,,0,0.0,-0.0,inf,0.0,True,False,1
388,layer3.conv1,element,1,"(81, 10, 20)",0,0.0,False,0.815,0.0,False,,61,-20.0,-28.0,0.4854269027709961,0.4000000059604645,False,False,1
389,layer3.conv1,element,5,"(25, 10, 16)",0,0.0,False,0.815,0.0,False,,61,-20.0,20.0,0.0,2.0,True,False,1
390,layer1.conv1,element,2,"(14, 3, 9)",1,0.005,True,0.815,0.0,False,,30,24.0,12.0,0.9999997615814209,0.5,False,False,1
391,layer3.conv2,element,2,"(74, 18, 19)",1,0.005,True,0.815,0.0,False,,51,-3.5,-7.0,1.0,1.0,False,False,1
392,layer3.conv1,element,1,"(33, 1, 13)",0,0.0,False,0.815,0.0,False,,18,3.0,2.0,0.5849624872207642,0.3333333432674408,False,False,1
393,layer2.conv2,element,0,"(27, 8, 18)",0,0.0,False,0.815,0.0,False,,28,16.0,20.0,0.3219280242919922,0.25,False,False,1
394,layer3.conv2,element,1,"(20, 6, 18)",0,0.0,False,0.815,0.0,False,,17,2.5,3.5,0.48542678356170654,0.4000000059604645,False,False,1
395,layer3.conv2,element,4,"(41, 11, 26)",0,0.0,False,0.815,0.0,False,,49,-2.5,-0.0625,5.321928024291992,0.9750000238418579,False,False,1
396,layer2.conv1,element,2,"(41, 3, 3)",0,0.0,False,0.815,0.0,False,,35,-0.1875,-0.4375,1.2223923206329346,1.3333333730697632,False,False,1
397,layer3.conv1,element,1,"(90, 6, 8)",0,0.0,False,0.815,0.0,False,,23,7.0,5.0,0.4854269027709961,0.2857142984867096,False,False,1
398,layer1.conv2,scale,7,"(16, 0)",200,1.0,True,0.0,0.815,True,,120,120.0,248.0,128.0,inf,False,False,32
399,layer3.conv1,element,4,"(58, 10, 4)",0,0.0,False,0.815,0.0,False,,57,-10.0,-0.625,4.0,0.9375,False,False,1
400,layer1.conv2,element,4,"(15, 1, 16)",1,0.005,True,0.815,0.0,False,,21,5.0,0.3125,4.0,0.9375,False,False,1
401,layer3.conv1,element,0,"(0, 0, 28)",0,0.0,False,0.815,0.0,False,,49,-2.5,-2.0,0.32192814350128174,0.20000000298023224,False,False,1
402,layer3.conv2,element,5,"(85, 13, 2)",1,0.005,True,0.815,0.0,False,,57,-10.0,10.0,0.0,2.0,True,False,1
403,layer2.conv1,element,5,"(44, 2, 21)",1,0.005,True,0.815,0.0,False,,41,-0.625,0.625,0.0,2.0,True,False,1
404,layer3.conv1,element,1,"(90, 5, 24)",0,0.0,False,0.815,0.0,False,,51,-3.5,-2.5,0.48542678356170654,0.2857142984867096,False,False,1
405,layer3.shortcut.0,element,2,"(0, 1, 13)",0,0.0,False,0.815,0.0,False,,10,0.75,1.5,1.0,1.0,False,False,1
406,layer3.conv1,element,3,"(63, 12, 18)",1,0.005,True,0.815,0.0,False,,57,-10.0,-2.5,1.9999998807907104,0.75,False,False,1
407,layer3.conv1,element,5,"(11, 11, 13)",0,0.0,False,0.815,0.0,False,,60,-16.0,16.0,0.0,2.0,True,False,1
408,layer3.conv2,element,1,"(12, 19, 30)",0,0.0,False,0.815,0.0,False,,22,6.0,4.0,0.5849626064300537,0.3333333432674408,False,False,1
409,layer3.conv2,element,0,"(32, 7, 16)",0,0.0,False,0.815,0.0,False,,56,-8.0,-10.0,0.3219280242919922,0.25,False,False,1
410,layer3.conv1,element,5,"(17, 3, 2)",0,0.0,False,0.815,0.0,False,,19,3.5,-3.5,0.0,2.0,True,False,1
411,layer3.conv2,element,0,"(67, 20, 10)",0,0.0,False,0.815,0.0,False,,48,-2.0,-2.5,0.32192814350128174,0.25,False,False,1
412,layer3.conv2,element,2,"(9, 9, 25)",0,0.0,False,0.815,0.0,False,,57,-10.0,-20.0,1.0,1.0,False,False,1
413,layer3.conv2,element,3,"(60, 5, 2)",0,0.0,False,0.815,0.0,False,,51,-3.5,-14.0,2.0,3.0,False,False,1
414,layer3.conv2,element,3,"(64, 2, 19)",0,0.0,False,0.815,0.0,False,,25,10.0,2.5,1.9999998807907104,0.75,False,False,1
415,layer3.conv2,element,3,"(95, 5, 9)",1,0.005,True,0.815,0.0,False,,27,14.0,3.5,2.0,0.75,False,False,1
416,layer3.conv1,element,5,"(92, 5, 6)",0,0.0,False,0.815,0.0,False,,26,12.0,-12.0,0.0,2.0,True,False,1
417,layer3.conv1,element,5,"(2, 9, 21)",0,0.0,False,0.815,0.0,False,,58,-12.0,12.0,0.0,2.0,True,False,1
418,layer3.conv1,element,0,"(3, 8, 27)",0,0.0,False,0.815,0.0,False,,19,3.5,3.0,0.22239243984222412,0.1428571492433548,False,False,1
419,layer3.conv1,element,3,"(48, 11, 24)",0,0.0,False,0.815,0.0,False,,29,20.0,5.0,2.0,0.75,False,False,1
420,layer3.conv1,element,0,"(52, 2, 4)",1,0.005,True,0.815,0.0,False,,25,10.0,8.0,0.3219280242919922,0.20000000298023224,False,False,1
421,layer3.conv2,element,1,"(81, 18, 15)",0,0.0,False,0.815,0.0,False,,28,16.0,24.0,0.5849623680114746,0.5,False,False,1
422,layer3.conv2,element,4,"(36, 6, 19)",0,0.0,False,0.815,0.0,False,,21,5.0,0.3125,4.0,0.9375,False,False,1
423,layer3.conv1,element,4,"(65, 4, 16)",0,0.0,False,0.815,0.0,False,,17,2.5,0.0625,5.321928024291992,0.9750000238418579,False,False,1
424,layer3.conv1,element,3,"(18, 4, 28)",0,0.0,False,0.815,0.0,False,,58,-12.0,-3.0,2.0,0.75,False,False,1
425,layer2.conv2,element,0,"(37, 5, 27)",0,0.0,False,0.815,0.0,False,,51,-3.5,-3.0,0.22239243984222412,0.1428571492433548,False,False,1
426,layer3.conv2,element,1,"(95, 13, 17)",0,0.0,False,0.815,0.0,False,,63,-28.0,-20.0,0.4854269027709961,0.2857142984867096,False,False,1
427,layer3.conv2,element,2,"(17, 10, 4)",0,0.0,False,0.815,0.0,False,,57,-10.0,-20.0,1.0,1.0,False,False,1
428,layer3.conv2,element,0,"(56, 1, 5)",0,0.0,False,0.815,0.0,False,,49,-2.5,-2.0,0.32192814350128174,0.20000000298023224,False,False,1
429,layer3.conv2,element,0,"(56, 16, 22)",0,0.0,False,0.815,0.0,False,,24,8.0,10.0,0.3219280242919922,0.25,False,False,1
430,layer3.conv2,element,2,"(71, 13, 20)",1,0.005,True,0.815,0.0,False,,30,24.0,12.0,0.9999997615814209,0.5,False,False,1
431,layer2.conv1,element,5,"(43, 5, 26)",0,0.0,False,0.815,0.0,False,,20,4.0,-4.0,0.0,2.0,True,False,1
432,layer3.conv1,element,1,"(68, 6, 1)",0,0.0,False,0.815,0.0,False,,53,-5.0,-7.0,0.4854269027709961,0.4000000059604645,False,False,1
433,layer3.conv1,element,1,"(63, 0, 7)",1,0.005,True,0.815,0.0,False,,62,-24.0,-16.0,0.5849623680114746,0.3333333432674408,False,False,1
434,layer3.conv2,element,3,"(80, 26, 22)",0,0.0,False,0.815,0.0,False,,6,0.375,1.5,2.0,3.0,False,False,1
435,layer2.conv1,element,2,"(3, 3, 20)",0,0.0,False,0.815,0.0,False,,47,-1.75,-0.875,1.0,0.5,False,False,1
436,layer3.conv2,element,2,"(1, 1, 29)",0,0.0,False,0.815,0.0,False,,57,-10.0,-20.0,1.0,1.0,False,False,1
437,layer3.conv2,element,4,"(41, 26, 17)",1,0.005,True,0.815,0.0,False,,7,0.4375,7.0,4.0,15.0,False,False,1
438,layer2.conv1,element,0,"(42, 2, 30)",0,0.0,False,0.815,0.0,False,,14,1.5,1.75,0.22239243984222412,0.1666666716337204,False,False,1
439,layer3.conv2,element,4,"(90, 24, 27)",1,0.005,True,0.815,0.0,False,,62,-24.0,-1.5,4.0,0.9375,False,False,1
440,layer3.conv2,element,5,"(71, 13, 1)",0,0.0,False,0.815,0.0,False,,32,-0.0,0.0,inf,0.0,True,False,1
441,layer2.conv1,element,4,"(3, 0, 4)",0,0.0,False,0.815,0.0,False,,50,-3.0,-0.125,4.584962368011475,0.9583333134651184,False,False,1
442,layer3.conv1,element,0,"(40, 10, 9)",0,0.0,False,0.815,0.0,False,,18,3.0,3.5,0.22239243984222412,0.1666666716337204,False,False,1
443,layer3.conv2,element,3,"(50, 18, 6)",0,0.0,False,0.815,0.0,False,,57,-10.0,-2.5,1.9999998807907104,0.75,False,False,1
444,layer3.conv2,element,0,"(90, 5, 3)",0,0.0,False,0.815,0.0,False,,62,-24.0,-28.0,0.22239255905151367,0.1666666716337204,False,False,1
445,layer3.conv2,element,4,"(5, 26, 29)",1,0.005,True,0.815,0.0,False,,18,3.0,0.125,4.584962368011475,0.9583333134651184,False,False,1
446,layer3.conv2,element,2,"(88, 20, 15)",0,0.0,False,0.815,0.0,False,,53,-5.0,-2.5,0.9999998807907104,0.5,False,False,1
447,layer3.conv1,element,0,"(78, 2, 15)",0,0.0,False,0.815,0.0,False,,18,3.0,3.5,0.22239243984222412,0.1666666716337204,False,False,1
448,layer3.conv2,element,5,"(38, 15, 29)",0,0.0,False,0.815,0.0,False,,50,-3.0,3.0,0.0,2.0,True,False,1
449,layer3.conv1,element,0,"(81, 11, 10)",0,0.0,False,0.815,0.0,False,,43,-0.875,-0.75,0.22239243984222412,0.1428571492433548,False,False,1
450,layer3.conv2,element,2,"(93, 22, 7)",1,0.005,True,0.815,0.0,False,,27,14.0,28.0,1.0,1.0,False,False,1
451,layer2.conv1,element,1,"(1, 1, 5)",1,0.005,True,0.815,0.0,False,,12,1.0,1.5,0.5849624872207642,0.5,False,False,1
452,layer3.conv2,element,5,"(44, 23, 13)",0,0.0,False,0.815,0.0,False,,60,-16.0,16.0,0.0,2.0,True,False,1
453,layer3.conv2,element,2,"(89, 16, 23)",1,0.005,True,0.815,0.0,False,,23,7.0,3.5,1.0,0.5,False,False,1
454,layer3.conv1,element,3,"(41, 3, 17)",0,0.0,False,0.815,0.0,False,,25,10.0,2.5,1.9999998807907104,0.75,False,False,1
455,layer2.conv2,element,3,"(8, 2, 6)",0,0.0,False,0.815,0.0,False,,24,8.0,2.0,2.0,0.75,False,False,1
456,layer3.conv2,element,2,"(76, 24, 15)",0,0.0,False,0.815,0.0,False,,55,-7.0,-3.5,1.0,0.5,False,False,1
457,layer1.conv2,scale,1,"(19, 1)",7,0.035,True,0.815,0.0,False,,122,122.0,120.0,2.0,inf,False,False,32
458,fc,scale,2,"(6, 0)",17,0.085,True,0.76,0.05499999999999994,False,,123,123.0,127.0,4.0,inf,False,False,32
459,layer3.conv2,element,0,"(37, 3, 2)",0,0.0,False,0.815,0.0,False,,28,16.0,20.0,0.3219280242919922,0.25,False,False,1
460,layer3.conv2,element,0,"(65, 9, 22)",0,0.0,False,0.815,0.0,False,,53,-5.0,-4.0,0.3219280242919922,0.20000000298023224,False,False,1
461,layer3.conv2,element,4,"(94, 23, 30)",0,0.0,False,0.815,0.0,False,,49,-2.5,-0.0625,5.321928024291992,0.9750000238418579,False,False,1
462,layer2.conv1,element,5,"(10, 5, 16)",0,0.0,False,0.815,0.0,False,,30,24.0,-24.0,0.0,2.0,True,False,1
463,layer3.conv2,element,5,"(72, 23, 23)",1,0.005,True,0.815,0.0,False,,30,24.0,-24.0,0.0,2.0,True,False,1
464,layer3.conv1,element,2,"(22, 9, 8)",1,0.005,True,0.815,0.0,False,,55,-7.0,-3.5,1.0,0.5,False,False,1
465,layer3.conv1,element,5,"(33, 12, 27)",1,0.005,True,0.815,0.0,False,,56,-8.0,8.0,0.0,2.0,True,False,1
466,layer3.conv2,element,4,"(59, 0, 1)",1,0.005,True,0.815,0.0,False,,48,-2.0,-0.0,inf,1.0,False,False,1
467,layer2.conv2,element,3,"(12, 12, 7)",0,0.0,False,0.815,0.0,False,,54,-6.0,-24.0,1.999999761581421,3.0,False,False,1
468,layer3.shortcut.0,element,3,"(13, 0, 15)",0,0.0,False,0.815,0.0,False,,3,0.1875,0.875,2.2223923206329346,3.6666667461395264,False,False,1
469,layer1.conv1,element,0,"(22, 4, 20)",1,0.005,True,0.815,0.0,False,,56,-8.0,-10.0,0.3219280242919922,0.25,False,False,1
470,layer3.conv2,element,3,"(12, 22, 24)",0,0.0,False,0.815,0.0,False,,39,-0.4375,-1.75,2.0,3.0,False,False,1
471,layer3.conv2,element,4,"(45, 2, 3)",0,0.0,False,0.815,0.0,False,,24,8.0,0.5,4.0,0.9375,False,False,1
472,layer3.conv2,element,2,"(4, 23, 2)",0,0.0,False,0.815,0.0,False,,8,0.5,1.0,1.0,1.0,False,False,1
473,layer3.conv2,element,1,"(45, 11, 8)",1,0.005,True,0.815,0.0,False,,28,16.0,24.0,0.5849623680114746,0.5,False,False,1
474,layer2.conv2,element,5,"(3, 7, 10)",0,0.0,False,0.815,0.0,False,,27,14.0,-14.0,0.0,2.0,True,False,1
475,layer3.conv2,element,4,"(87, 23, 27)",0,0.0,False,0.815,0.0,False,,55,-7.0,-0.4375,4.0,0.9375,False,False,1
476,layer3.conv2,scale,6,"(95, 7)",0,0.0,False,0.815,0.0,False,,121,121.0,57.0,64.0,inf,False,False,32
477,layer3.conv2,element,4,"(9, 16, 25)",1,0.005,True,0.815,0.0,False,,46,-1.5,-24.0,4.0,15.0,False,False,1
478,layer2.conv1,scale,1,"(24, 6)",1,0.005,True,0.82,-0.0050000000000000044,False,,119,119.0,117.0,2.0,inf,False,False,32
479,layer3.conv2,element,3,"(59, 17, 27)",0,0.0,False,0.815,0.0,False,,25,10.0,2.5,1.9999998807907104,0.75,False,False,1
480,conv1,element,2,"(16, 0, 14)",5,0.025,True,0.825,-0.010000000000000009,False,,17,2.5,5.0,0.9999998807907104,1.0,False,False,1
481,layer3.conv2,element,5,"(58, 2, 7)",0,0.0,False,0.815,0.0,False,,12,1.0,-1.0,0.0,2.0,True,False,1
482,layer2.conv2,element,5,"(19, 3, 12)",0,0.0,False,0.815,0.0,False,,48,-2.0,2.0,0.0,2.0,True,False,1
483,layer1.conv1,element,2,"(6, 0, 23)",0,0.0,False,0.815,0.0,False,,60,-16.0,-8.0,1.0,0.5,False,False,1
484,layer3.conv2,element,4,"(16, 25, 26)",0,0.0,False,0.815,0.0,False,,54,-6.0,-0.375,4.0,0.9375,False,False,1
485,layer3.conv1,element,4,"(71, 3, 11)",1,0.005,True,0.815,0.0,False,,61,-20.0,-1.25,4.0,0.9375,False,False,1
486,layer3.conv1,element,0,"(50, 1, 26)",0,0.0,False,0.815,0.0,False,,57,-10.0,-8.0,0.3219280242919922,0.20000000298023224,False,False,1
487,layer3.shortcut.0,element,2,"(19, 0, 17)",0,0.0,False,0.815,0.0,False,,8,0.5,1.0,1.0,1.0,False,False,1
488,layer3.conv2,element,4,"(32, 7, 31)",0,0.0,False,0.815,0.0,False,,20,4.0,0.25,4.0,0.9375,False,False,1
489,layer3.conv2,element,3,"(85, 1, 16)",0,0.0,False,0.815,0.0,False,,56,-8.0,-2.0,2.0,0.75,False,False,1
490,layer1.conv2,element,0,"(11, 4, 30)",1,0.005,True,0.815,0.0,False,,30,24.0,28.0,0.22239255905151367,0.1666666716337204,False,False,1
491,layer3.conv1,element,0,"(69, 11, 29)",0,0.0,False,0.815,0.0,False,,16,2.0,2.5,0.32192814350128174,0.25,False,False,1
492,layer3.conv2,element,2,"(20, 7, 6)",1,0.005,True,0.815,0.0,False,,53,-5.0,-2.5,0.9999998807907104,0.5,False,False,1
493,layer3.conv1,element,4,"(8, 1, 31)",0,0.0,False,0.815,0.0,False,,53,-5.0,-0.3125,4.0,0.9375,False,False,1
494,layer2.conv1,element,2,"(46, 1, 10)",0,0.0,False,0.815,0.0,False,,53,-5.0,-2.5,0.9999998807907104,0.5,False,False,1
495,layer3.conv2,element,3,"(53, 25, 30)",1,0.005,True,0.815,0.0,False,,25,10.0,2.5,1.9999998807907104,0.75,False,False,1
496,layer3.shortcut.0,scale,1,"(74, 1)",2,0.01,True,0.815,0.0,False,,121,121.0,123.0,2.0,inf,False,False,32
497,layer3.conv2,element,1,"(76, 4, 1)",0,0.0,False,0.815,0.0,False,,57,-10.0,-14.0,0.4854269027709961,0.4000000059604645,False,False,1
498,layer3.conv2,element,2,"(6, 15, 0)",0,0.0,False,0.815,0.0,False,,47,-1.75,-0.875,1.0,0.5,False,False,1
499,layer3.conv2,element,5,"(64, 12, 10)",0,0.0,False,0.815,0.0,False,,28,16.0,-16.0,0.0,2.0,True,False,1
500,layer2.conv1,element,0,"(10, 5, 11)",0,0.0,False,0.815,0.0,False,,48,-2.0,-2.5,0.32192814350128174,0.25,False,False,1
501,layer3.conv2,element,5,"(42, 15, 25)",0,0.0,False,0.815,0.0,False,,9,0.625,-0.625,0.0,2.0,True,False,1
502,layer3.conv2,element,1,"(30, 12, 2)",0,0.0,False,0.815,0.0,False,,25,10.0,14.0,0.4854269027709961,0.4000000059604645,False,False,1
503,layer3.conv1,element,3,"(92, 7, 2)",0,0.0,False,0.815,0.0,False,,55,-7.0,-28.0,2.0,3.0,False,False,1
504,layer3.conv1,element,1,"(5, 4, 22)",0,0.0,False,0.815,0.0,False,,14,1.5,1.0,0.5849624872207642,0.3333333432674408,False,False,1
505,layer3.conv1,element,5,"(91, 0, 18)",1,0.005,True,0.815,0.0,False,,18,3.0,-3.0,0.0,2.0,True,False,1
506,layer1.conv2,element,0,"(10, 2, 10)",0,0.0,False,0.815,0.0,False,,53,-5.0,-4.0,0.3219280242919922,0.20000000298023224,False,False,1
507,layer3.conv1,element,3,"(84, 6, 23)",0,0.0,False,0.815,0.0,False,,45,-1.25,-0.3125,2.0,0.75,False,False,1
508,layer2.conv2,element,3,"(5, 3, 21)",0,0.0,False,0.815,0.0,False,,21,5.0,20.0,2.0,3.0,False,False,1
509,layer3.conv2,element,1,"(1, 11, 18)",1,0.005,True,0.815,0.0,False,,59,-14.0,-10.0,0.4854269027709961,0.2857142984867096,False,False,1
510,layer3.conv2,element,0,"(46, 15, 11)",0,0.0,False,0.815,0.0,False,,50,-3.0,-3.5,0.22239243984222412,0.1666666716337204,False,False,1
511,layer2.conv2,element,1,"(8, 8, 1)",1,0.005,True,0.815,0.0,False,,27,14.0,10.0,0.4854269027709961,0.2857142984867096,False,False,1
512,layer3.conv2,element,0,"(29, 0, 24)",0,0.0,False,0.815,0.0,False,,54,-6.0,-7.0,0.22239232063293457,0.1666666716337204,False,False,1
513,layer3.conv2,element,1,"(6, 9, 23)",0,0.0,False,0.815,0.0,False,,43,-0.875,-0.625,0.4854268431663513,0.2857142984867096,False,False,1
514,layer3.conv2,element,3,"(33, 10, 6)",0,0.0,False,0.815,0.0,False,,56,-8.0,-2.0,2.0,0.75,False,False,1
515,layer3.conv2,element,4,"(3, 6, 19)",0,0.0,False,0.815,0.0,False,,13,1.25,20.0,4.0,15.0,False,False,1
516,layer1.conv2,element,4,"(14, 1, 22)",2,0.01,True,0.82,-0.0050000000000000044,False,,63,-28.0,-1.75,4.0,0.9375,False,False,1
517,layer3.conv1,element,3,"(63, 8, 18)",0,0.0,False,0.815,0.0,False,,25,10.0,2.5,1.9999998807907104,0.75,False,False,1
518,layer3.shortcut.0,scale,3,"(2, 0)",0,0.0,False,0.815,0.0,False,,120,120.0,112.0,8.0,inf,False,False,32
519,layer3.conv2,element,5,"(87, 11, 1)",0,0.0,False,0.815,0.0,False,,22,6.0,-6.0,0.0,2.0,True,False,1
520,layer2.conv2,element,3,"(22, 10, 22)",1,0.005,True,0.815,0.0,False,,19,3.5,14.0,2.0,3.0,False,False,1
521,layer3.conv2,element,4,"(3, 21, 24)",0,0.0,False,0.815,0.0,False,,29,20.0,1.25,4.0,0.9375,False,False,1
522,layer3.conv2,element,1,"(92, 6, 1)",0,0.0,False,0.815,0.0,False,,60,-16.0,-24.0,0.5849623680114746,0.5,False,False,1
523,layer3.conv2,element,3,"(43, 11, 28)",0,0.0,False,0.815,0.0,False,,29,20.0,5.0,2.0,0.75,False,False,1
524,layer3.conv1,element,1,"(63, 7, 3)",0,0.0,False,0.815,0.0,False,,24,8.0,12.0,0.5849626064300537,0.5,False,False,1
525,layer3.conv2,element,5,"(72, 18, 18)",0,0.0,False,0.815,0.0,False,,59,-14.0,14.0,0.0,2.0,True,False,1
526,layer2.conv1,element,5,"(0, 1, 4)",0,0.0,False,0.815,0.0,False,,40,-0.5,0.5,0.0,2.0,True,False,1
527,layer3.conv2,element,2,"(21, 13, 11)",0,0.0,False,0.815,0.0,False,,25,10.0,20.0,1.0,1.0,False,False,1
528,layer2.conv2,element,5,"(20, 5, 30)",0,0.0,False,0.815,0.0,False,,25,10.0,-10.0,0.0,2.0,True,False,1
529,layer3.shortcut.0,element,0,"(21, 0, 18)",0,0.0,False,0.815,0.0,False,,43,-0.875,-0.75,0.22239243984222412,0.1428571492433548,False,False,1
530,layer3.conv2,element,5,"(83, 5, 17)",0,0.0,False,0.815,0.0,False,,8,0.5,-0.5,0.0,2.0,True,False,1
531,layer2.conv2,element,5,"(35, 6, 26)",0,0.0,False,0.815,0.0,False,,51,-3.5,3.5,0.0,2.0,True,False,1
532,layer2.conv2,element,4,"(44, 7, 18)",1,0.005,True,0.815,0.0,False,,45,-1.25,-20.0,4.0,15.0,False,False,1
533,layer3.conv2,element,4,"(87, 13, 16)",0,0.0,False,0.815,0.0,False,,22,6.0,0.375,4.0,0.9375,False,False,1
534,layer3.conv2,element,5,"(22, 4, 26)",0,0.0,False,0.815,0.0,False,,11,0.875,-0.875,0.0,2.0,True,False,1
535,layer3.conv1,element,2,"(89, 1, 27)",0,0.0,False,0.815,0.0,False,,41,-0.625,-1.25,1.0,1.0,False,False,1
536,layer3.conv2,element,3,"(93, 2, 2)",0,0.0,False,0.815,0.0,False,,22,6.0,24.0,1.999999761581421,3.0,False,False,1
537,layer3.conv2,element,5,"(55, 5, 21)",0,0.0,False,0.815,0.0,False,,56,-8.0,8.0,0.0,2.0,True,False,1
538,layer3.conv2,element,1,"(2, 24, 16)",1,0.005,True,0.815,0.0,False,,60,-16.0,-24.0,0.5849623680114746,0.5,False,False,1
539,layer3.conv2,element,5,"(8, 23, 25)",0,0.0,False,0.815,0.0,False,,54,-6.0,6.0,0.0,2.0,True,False,1
540,layer2.conv2,element,2,"(27, 7, 26)",0,0.0,False,0.815,0.0,False,,54,-6.0,-3.0,1.0000001192092896,0.5,False,False,1
541,layer1.conv1,element,1,"(10, 5, 14)",0,0.0,False,0.815,0.0,False,,24,8.0,12.0,0.5849626064300537,0.5,False,False,1
542,layer2.shortcut.0,element,3,"(44, 0, 23)",0,0.0,False,0.815,0.0,False,,20,4.0,16.0,2.0,3.0,False,False,1
543,layer3.conv2,element,5,"(21, 23, 5)",0,0.0,False,0.815,0.0,False,,56,-8.0,8.0,0.0,2.0,True,False,1
544,layer3.conv1,element,3,"(9, 7, 8)",0,0.0,False,0.815,0.0,False,,15,1.75,0.4375,2.0,0.75,False,False,1
545,layer3.conv2,element,1,"(89, 7, 23)",0,0.0,False,0.815,0.0,False,,26,12.0,8.0,0.5849626064300537,0.3333333432674408,False,False,1
546,layer3.conv1,element,0,"(26, 5, 4)",0,0.0,False,0.815,0.0,False,,26,12.0,14.0,0.22239232063293457,0.1666666716337204,False,False,1
547,layer3.conv2,scale,3,"(45, 22)",0,0.0,False,0.815,0.0,False,,121,121.0,113.0,8.0,inf,False,False,32
548,layer2.conv1,element,1,"(24, 2, 13)",0,0.0,False,0.815,0.0,False,,28,16.0,24.0,0.5849623680114746,0.5,False,False,1
549,layer2.conv2,element,2,"(10, 3, 4)",0,0.0,False,0.815,0.0,False,,58,-12.0,-24.0,0.9999997615814209,1.0,False,False,1
550,layer3.conv2,element,5,"(90, 7, 3)",0,0.0,False,0.815,0.0,False,,26,12.0,-12.0,0.0,2.0,True,False,1
551,layer2.conv2,element,2,"(30, 3, 17)",0,0.0,False,0.815,0.0,False,,48,-2.0,-4.0,1.0,1.0,False,False,1
552,conv1,element,4,"(20, 0, 7)",1,0.005,True,0.82,-0.0050000000000000044,False,,56,-8.0,-0.5,4.0,0.9375,False,False,1
553,layer3.conv2,element,3,"(58, 23, 28)",0,0.0,False,0.815,0.0,False,,52,-4.0,-16.0,2.0,3.0,False,False,1
554,layer3.conv2,element,3,"(74, 16, 31)",1,0.005,True,0.815,0.0,False,,52,-4.0,-16.0,2.0,3.0,False,False,1
555,layer2.conv1,element,3,"(47, 0, 27)",0,0.0,False,0.815,0.0,False,,52,-4.0,-16.0,2.0,3.0,False,False,1
556,layer3.conv1,element,5,"(66, 0, 17)",0,0.0,False,0.815,0.0,False,,20,4.0,-4.0,0.0,2.0,True,False,1
557,layer3.shortcut.0,element,5,"(7, 0, 5)",1,0.005,True,0.815,0.0,False,,20,4.0,-4.0,0.0,2.0,True,False,1
558,layer3.conv1,element,0,"(60, 7, 19)",0,0.0,False,0.815,0.0,False,,55,-7.0,-6.0,0.22239232063293457,0.1428571492433548,False,False,1
559,layer2.conv1,element,4,"(27, 5, 14)",0,0.0,False,0.815,0.0,False,,24,8.0,0.5,4.0,0.9375,False,False,1
560,layer3.conv1,element,0,"(54, 10, 2)",0,0.0,False,0.815,0.0,False,,53,-5.0,-4.0,0.3219280242919922,0.20000000298023224,False,False,1
561,layer2.conv2,element,4,"(27, 7, 22)",0,0.0,False,0.815,0.0,False,,56,-8.0,-0.5,4.0,0.9375,False,False,1
562,layer1.conv1,element,0,"(21, 2, 15)",1,0.005,True,0.815,0.0,False,,25,10.0,8.0,0.3219280242919922,0.20000000298023224,False,False,1
563,layer3.conv2,element,4,"(83, 24, 12)",0,0.0,False,0.815,0.0,False,,11,0.875,14.0,4.0,15.0,False,False,1
564,layer3.conv2,element,4,"(65, 19, 9)",0,0.0,False,0.815,0.0,False,,34,-0.125,-3.0,4.584962368011475,23.0,False,False,1
565,layer3.conv1,element,1,"(7, 6, 21)",0,0.0,False,0.815,0.0,False,,56,-8.0,-12.0,0.5849626064300537,0.5,False,False,1
566,layer3.conv2,element,1,"(79, 25, 10)",0,0.0,False,0.815,0.0,False,,54,-6.0,-4.0,0.5849626064300537,0.3333333432674408,False,False,1
567,layer2.conv1,element,1,"(1, 0, 0)",1,0.005,True,0.815,0.0,False,,55,-7.0,-5.0,0.4854269027709961,0.2857142984867096,False,False,1
568,layer2.conv2,element,5,"(14, 1, 18)",1,0.005,True,0.815,0.0,False,,25,10.0,-10.0,0.0,2.0,True,False,1
569,layer3.conv2,element,1,"(80, 20, 7)",1,0.005,True,0.815,0.0,False,,28,16.0,24.0,0.5849623680114746,0.5,False,False,1
570,layer3.conv2,element,4,"(25, 4, 27)",1,0.005,True,0.815,0.0,False,,27,14.0,0.875,4.0,0.9375,False,False,1
571,layer3.conv2,element,2,"(60, 26, 15)",0,0.0,False,0.815,0.0,False,,13,1.25,0.625,1.0,0.5,False,False,1
572,layer3.conv2,element,4,"(55, 8, 28)",1,0.005,True,0.815,0.0,False,,53,-5.0,-0.3125,4.0,0.9375,False,False,1
573,layer2.conv2,element,5,"(33, 4, 6)",1,0.005,True,0.815,0.0,False,,28,16.0,-16.0,0.0,2.0,True,False,1
574,layer3.conv1,element,1,"(54, 2, 3)",0,0.0,False,0.815,0.0,False,,14,1.5,1.0,0.5849624872207642,0.3333333432674408,False,False,1
575,layer3.conv2,element,5,"(86, 26, 0)",1,0.005,True,0.815,0.0,False,,21,5.0,-5.0,0.0,2.0,True,False,1
576,layer3.conv1,scale,3,"(65, 1)",181,0.905,True,0.1,0.715,False,,119,119.0,127.0,8.0,inf,False,False,32
577,layer3.conv2,element,4,"(34, 18, 26)",1,0.005,True,0.815,0.0,False,,54,-6.0,-0.375,4.0,0.9375,False,False,1
578,layer3.conv1,element,0,"(28, 12, 31)",0,0.0,False,0.815,0.0,False,,27,14.0,12.0,0.22239232063293457,0.1428571492433548,False,False,1
579,layer3.conv2,element,3,"(37, 6, 29)",0,0.0,False,0.815,0.0,False,,59,-14.0,-3.5,2.0,0.75,False,False,1
580,layer3.conv1,element,5,"(82, 1, 17)",0,0.0,False,0.815,0.0,False,,50,-3.0,3.0,0.0,2.0,True,False,1
581,layer3.conv2,element,5,"(39, 0, 24)",1,0.005,True,0.815,0.0,False,,61,-20.0,20.0,0.0,2.0,True,False,1
582,layer3.conv2,element,4,"(4, 6, 27)",0,0.0,False,0.815,0.0,False,,42,-0.75,-12.0,4.0,15.0,False,False,1
583,layer3.conv2,element,4,"(1, 20, 4)",0,0.0,False,0.815,0.0,False,,25,10.0,0.625,4.0,0.9375,False,False,1
584,layer2.conv1,element,2,"(21, 0, 25)",0,0.0,False,0.815,0.0,False,,56,-8.0,-16.0,1.0,1.0,False,False,1
585,layer2.conv1,element,4,"(4, 3, 12)",0,0.0,False,0.815,0.0,False,,54,-6.0,-0.375,4.0,0.9375,False,False,1
586,layer3.conv1,element,3,"(35, 7, 11)",0,0.0,False,0.815,0.0,False,,13,1.25,0.3125,2.0,0.75,False,False,1
587,layer3.conv2,element,3,"(2, 25, 2)",0,0.0,False,0.815,0.0,False,,26,12.0,3.0,2.0,0.75,False,False,1
588,layer3.shortcut.0,element,0,"(69, 1, 5)",1,0.005,True,0.815,0.0,False,,58,-12.0,-14.0,0.22239232063293457,0.1666666716337204,False,False,1
589,layer3.conv1,element,0,"(80, 11, 2)",0,0.0,False,0.815,0.0,False,,57,-10.0,-8.0,0.3219280242919922,0.20000000298023224,False,False,1
590,layer3.conv1,element,4,"(72, 3, 20)",1,0.005,True,0.815,0.0,False,,58,-12.0,-0.75,4.0,0.9375,False,False,1
591,layer1.conv1,element,1,"(4, 5, 10)",0,0.0,False,0.815,0.0,False,,17,2.5,3.5,0.48542678356170654,0.4000000059604645,False,False,1
592,layer3.conv2,element,0,"(50, 4, 25)",0,0.0,False,0.815,0.0,False,,56,-8.0,-10.0,0.3219280242919922,0.25,False,False,1
593,layer2.conv1,element,4,"(11, 5, 22)",1,0.005,True,0.815,0.0,False,,26,12.0,0.75,4.0,0.9375,False,False,1
594,layer3.conv2,element,5,"(43, 23, 17)",1,0.005,True,0.815,0.0,False,,54,-6.0,6.0,0.0,2.0,True,False,1
595,layer3.conv1,element,1,"(90, 4, 6)",0,0.0,False,0.815,0.0,False,,39,-0.4375,-0.3125,0.48542678356170654,0.2857142984867096,False,False,1
596,layer3.conv2,element,5,"(36, 23, 23)",0,0.0,False,0.815,0.0,False,,58,-12.0,12.0,0.0,2.0,True,False,1
597,layer2.shortcut.0,element,0,"(43, 0, 18)",0,0.0,False,0.815,0.0,False,,37,-0.3125,-0.25,0.32192814350128174,0.20000000298023224,False,False,1
598,layer3.conv1,element,0,"(75, 11, 15)",1,0.005,True,0.815,0.0,False,,60,-16.0,-20.0,0.3219280242919922,0.25,False,False,1
599,layer3.conv1,element,1,"(82, 5, 17)",0,0.0,False,0.815,0.0,False,,62,-24.0,-16.0,0.5849623680114746,0.3333333432674408,False,False,1
600,layer3.conv1,element,3,"(47, 6, 29)",1,0.005,True,0.815,0.0,False,,25,10.0,2.5,1.9999998807907104,0.75,False,False,1
601,layer3.conv2,element,5,"(62, 16, 18)",0,0.0,False,0.815,0.0,False,,20,4.0,-4.0,0.0,2.0,True,False,1
602,layer1.conv1,element,5,"(9, 4, 5)",1,0.005,True,0.815,0.0,False,,57,-10.0,10.0,0.0,2.0,True,False,1
603,layer3.conv1,element,1,"(72, 9, 16)",0,0.0,False,0.815,0.0,False,,56,-8.0,-12.0,0.5849626064300537,0.5,False,False,1
604,layer3.conv1,element,0,"(24, 0, 23)",0,0.0,False,0.815,0.0,False,,16,2.0,2.5,0.32192814350128174,0.25,False,False,1
605,layer1.conv2,element,1,"(0, 4, 5)",0,0.0,False,0.815,0.0,False,,22,6.0,4.0,0.5849626064300537,0.3333333432674408,False,False,1
606,layer1.conv2,element,4,"(23, 2, 29)",0,0.0,False,0.815,0.0,False,,23,7.0,0.4375,4.0,0.9375,False,False,1
607,layer3.conv1,element,5,"(32, 4, 17)",0,0.0,False,0.815,0.0,False,,54,-6.0,6.0,0.0,2.0,True,False,1
608,layer3.conv1,element,3,"(67, 10, 19)",1,0.005,True,0.815,0.0,False,,20,4.0,16.0,2.0,3.0,False,False,1
609,layer3.conv1,element,5,"(58, 1, 27)",0,0.0,False,0.815,0.0,False,,25,10.0,-10.0,0.0,2.0,True,False,1
610,layer3.conv2,element,2,"(88, 1, 20)",0,0.0,False,0.815,0.0,False,,25,10.0,20.0,1.0,1.0,False,False,1
611,layer3.conv2,element,1,"(88, 25, 6)",0,0.0,False,0.815,0.0,False,,28,16.0,24.0,0.5849623680114746,0.5,False,False,1
612,layer3.conv2,element,0,"(61, 0, 29)",0,0.0,False,0.815,0.0,False,,24,8.0,10.0,0.3219280242919922,0.25,False,False,1
613,layer3.conv1,element,4,"(67, 1, 27)",1,0.005,True,0.815,0.0,False,,59,-14.0,-0.875,4.0,0.9375,False,False,1
614,layer2.conv2,element,5,"(20, 6, 20)",1,0.005,True,0.815,0.0,False,,57,-10.0,10.0,0.0,2.0,True,False,1
615,layer3.conv2,scale,6,"(90, 5)",1,0.005,True,0.815,0.0,False,,121,121.0,57.0,64.0,inf,False,False,32
616,layer3.conv2,scale,1,"(72, 3)",2,0.01,True,0.82,-0.0050000000000000044,False,,121,121.0,123.0,2.0,inf,False,False,32
617,layer3.conv2,element,3,"(6, 0, 27)",0,0.0,False,0.815,0.0,False,,45,-1.25,-0.3125,2.0,0.75,False,False,1
618,layer3.conv1,element,1,"(48, 3, 7)",0,0.0,False,0.815,0.0,False,,18,3.0,2.0,0.5849624872207642,0.3333333432674408,False,False,1
619,conv1,element,0,"(21, 0, 0)",0,0.0,False,0.815,0.0,False,,23,7.0,6.0,0.22239232063293457,0.1428571492433548,False,False,1
620,layer3.conv2,element,1,"(73, 3, 14)",0,0.0,False,0.815,0.0,False,,53,-5.0,-7.0,0.4854269027709961,0.4000000059604645,False,False,1
621,layer3.conv1,element,2,"(8, 3, 10)",0,0.0,False,0.815,0.0,False,,54,-6.0,-3.0,1.0000001192092896,0.5,False,False,1
622,layer2.conv2,element,5,"(35, 2, 13)",0,0.0,False,0.815,0.0,False,,17,2.5,-2.5,0.0,2.0,True,False,1
623,layer3.conv1,element,3,"(35, 9, 29)",1,0.005,True,0.815,0.0,False,,25,10.0,2.5,1.9999998807907104,0.75,False,False,1
624,layer3.conv2,element,0,"(62, 3, 14)",0,0.0,False,0.815,0.0,False,,52,-4.0,-5.0,0.3219280242919922,0.25,False,False,1
625,layer2.conv2,element,5,"(14, 2, 0)",0,0.0,False,0.815,0.0,False,,61,-20.0,20.0,0.0,2.0,True,False,1
626,layer3.conv2,element,1,"(43, 4, 5)",1,0.005,True,0.815,0.0,False,,25,10.0,14.0,0.4854269027709961,0.4000000059604645,False,False,1
627,layer3.conv1,element,2,"(57, 4, 18)",0,0.0,False,0.815,0.0,False,,59,-14.0,-28.0,1.0,1.0,False,False,1
628,layer3.conv2,element,4,"(55, 3, 2)",1,0.005,True,0.815,0.0,False,,58,-12.0,-0.75,4.0,0.9375,False,False,1
629,layer3.conv1,element,4,"(32, 0, 0)",1,0.005,True,0.815,0.0,False,,26,12.0,0.75,4.0,0.9375,False,False,1
630,layer2.conv2,element,0,"(34, 5, 9)",0,0.0,False,0.815,0.0,False,,20,4.0,5.0,0.3219280242919922,0.25,False,False,1
631,layer3.conv2,element,5,"(65, 23, 20)",0,0.0,False,0.815,0.0,False,,10,0.75,-0.75,0.0,2.0,True,False,1
632,layer3.conv1,element,4,"(58, 11, 19)",0,0.0,False,0.815,0.0,False,,59,-14.0,-0.875,4.0,0.9375,False,False,1
633,layer3.conv1,element,4,"(79, 9, 31)",0,0.0,False,0.815,0.0,False,,48,-2.0,-0.0,inf,1.0,False,False,1
634,layer1.conv2,element,3,"(19, 4, 14)",0,0.0,False,0.815,0.0,False,,24,8.0,2.0,2.0,0.75,False,False,1
635,layer3.conv1,element,0,"(86, 13, 3)",0,0.0,False,0.815,0.0,False,,23,7.0,6.0,0.22239232063293457,0.1428571492433548,False,False,1
636,layer3.conv2,element,1,"(12, 14, 13)",0,0.0,False,0.815,0.0,False,,24,8.0,12.0,0.5849626064300537,0.5,False,False,1
637,layer3.conv2,element,3,"(17, 18, 14)",0,0.0,False,0.815,0.0,False,,11,0.875,0.1875,2.2223923206329346,0.7857142686843872,False,False,1
638,layer3.conv2,element,5,"(30, 20, 5)",0,0.0,False,0.815,0.0,False,,56,-8.0,8.0,0.0,2.0,True,False,1
639,layer3.conv2,element,0,"(15, 1, 15)",1,0.005,True,0.815,0.0,False,,30,24.0,28.0,0.22239255905151367,0.1666666716337204,False,False,1
640,layer3.conv1,element,0,"(49, 7, 12)",0,0.0,False,0.815,0.0,False,,58,-12.0,-14.0,0.22239232063293457,0.1666666716337204,False,False,1
641,layer3.conv2,element,2,"(37, 24, 27)",1,0.005,True,0.815,0.0,False,,56,-8.0,-16.0,1.0,1.0,False,False,1
642,layer2.shortcut.0,element,2,"(5, 0, 23)",0,0.0,False,0.815,0.0,False,,25,10.0,20.0,1.0,1.0,False,False,1
643,layer3.conv2,element,4,"(31, 19, 28)",0,0.0,False,0.815,0.0,False,,60,-16.0,-1.0,4.0,0.9375,False,False,1
644,layer3.conv1,element,4,"(93, 2, 12)",1,0.005,True,0.815,0.0,False,,21,5.0,0.3125,4.0,0.9375,False,False,1
645,layer1.conv1,scale,6,"(6, 6)",4,0.02,True,0.815,0.0,False,,121,121.0,57.0,64.0,inf,False,False,32
646,layer3.conv2,element,0,"(0, 20, 29)",1,0.005,True,0.815,0.0,False,,56,-8.0,-10.0,0.3219280242919922,0.25,False,False,1
647,layer3.conv2,element,2,"(53, 13, 31)",0,0.0,False,0.815,0.0,False,,50,-3.0,-6.0,1.0000001192092896,1.0,False,False,1
648,layer3.conv2,element,3,"(19, 9, 13)",1,0.005,True,0.815,0.0,False,,22,6.0,24.0,1.999999761581421,3.0,False,False,1
649,layer3.conv2,element,3,"(30, 15, 12)",0,0.0,False,0.815,0.0,False,,61,-20.0,-5.0,2.0,0.75,False,False,1
650,layer3.conv2,element,0,"(7, 23, 23)",0,0.0,False,0.815,0.0,False,,52,-4.0,-5.0,0.3219280242919922,0.25,False,False,1
651,layer3.conv2,element,4,"(77, 14, 28)",0,0.0,False,0.815,0.0,False,,53,-5.0,-0.3125,4.0,0.9375,False,False,1
652,layer3.conv1,element,0,"(53, 9, 30)",0,0.0,False,0.815,0.0,False,,56,-8.0,-10.0,0.3219280242919922,0.25,False,False,1
653,layer1.conv1,element,2,"(4, 5, 5)",0,0.0,False,0.815,0.0,False,,11,0.875,1.75,1.0,1.0,False,False,1
654,layer2.conv1,element,3,"(23, 2, 1)",0,0.0,False,0.815,0.0,False,,20,4.0,16.0,2.0,3.0,False,False,1
655,layer1.conv1,element,1,"(19, 0, 24)",0,0.0,False,0.815,0.0,False,,14,1.5,1.0,0.5849624872207642,0.3333333432674408,False,False,1
656,layer3.conv2,element,4,"(75, 2, 25)",1,0.005,True,0.815,0.0,False,,28,16.0,1.0,4.0,0.9375,False,False,1
657,layer1.conv2,element,0,"(9, 6, 17)",0,0.0,False,0.815,0.0,False,,24,8.0,10.0,0.3219280242919922,0.25,False,False,1
658,layer3.conv2,element,4,"(89, 21, 16)",1,0.005,True,0.815,0.0,False,,23,7.0,0.4375,4.0,0.9375,False,False,1
659,layer3.conv2,element,1,"(55, 20, 17)",0,0.0,False,0.815,0.0,False,,21,5.0,7.0,0.4854269027709961,0.4000000059604645,False,False,1
660,layer3.conv1,element,0,"(11, 8, 8)",0,0.0,False,0.815,0.0,False,,58,-12.0,-14.0,0.22239232063293457,0.1666666716337204,False,False,1
661,layer3.conv2,element,0,"(9, 21, 9)",0,0.0,False,0.815,0.0,False,,29,20.0,16.0,0.3219280242919922,0.20000000298023224,False,False,1
662,layer3.conv2,element,4,"(57, 12, 22)",0,0.0,False,0.815,0.0,False,,24,8.0,0.5,4.0,0.9375,False,False,1
663,layer3.conv1,element,1,"(47, 7, 23)",0,0.0,False,0.815,0.0,False,,53,-5.0,-7.0,0.4854269027709961,0.4000000059604645,False,False,1
664,layer3.conv1,element,5,"(23, 3, 18)",1,0.005,True,0.815,0.0,False,,26,12.0,-12.0,0.0,2.0,True,False,1
665,layer3.conv2,element,4,"(46, 25, 28)",0,0.0,False,0.815,0.0,False,,24,8.0,0.5,4.0,0.9375,False,False,1
666,layer2.conv1,element,4,"(10, 0, 26)",3,0.015,True,0.825,-0.010000000000000009,False,,61,-20.0,-1.25,4.0,0.9375,False,False,1
667,layer3.conv2,element,0,"(39, 26, 11)",0,0.0,False,0.815,0.0,False,,24,8.0,10.0,0.3219280242919922,0.25,False,False,1
668,layer2.conv2,element,1,"(6, 11, 21)",0,0.0,False,0.815,0.0,False,,53,-5.0,-7.0,0.4854269027709961,0.4000000059604645,False,False,1
669,layer3.conv1,element,4,"(6, 6, 4)",0,0.0,False,0.815,0.0,False,,16,2.0,0.0,inf,1.0,False,False,1
670,layer2.conv2,element,4,"(20, 11, 5)",1,0.005,True,0.815,0.0,False,,57,-10.0,-0.625,4.0,0.9375,False,False,1
671,layer3.conv2,element,2,"(0, 7, 22)",0,0.0,False,0.815,0.0,False,,26,12.0,24.0,0.9999997615814209,1.0,False,False,1
672,fc,element,3,"(2, 1, 15)",0,0.0,False,0.815,0.0,False,,19,3.5,14.0,2.0,3.0,False,False,1
673,layer3.conv2,element,4,"(20, 11, 26)",1,0.005,True,0.815,0.0,False,,12,1.0,16.0,4.0,15.0,False,False,1
674,layer3.conv2,element,4,"(71, 25, 3)",0,0.0,False,0.815,0.0,False,,48,-2.0,-0.0,inf,1.0,False,False,1
675,layer2.conv1,element,0,"(24, 2, 26)",0,0.0,False,0.815,0.0,False,,28,16.0,20.0,0.3219280242919922,0.25,False,False,1
676,layer3.conv1,element,3,"(11, 11, 26)",0,0.0,False,0.815,0.0,False,,17,2.5,10.0,1.9999998807907104,3.0,False,False,1
677,layer3.conv1,element,4,"(54, 2, 5)",0,0.0,False,0.815,0.0,False,,57,-10.0,-0.625,4.0,0.9375,False,False,1
678,layer3.conv1,element,5,"(75, 13, 8)",1,0.005,True,0.815,0.0,False,,28,16.0,-16.0,0.0,2.0,True,False,1
679,layer3.conv1,element,3,"(1, 4, 23)",0,0.0,False,0.815,0.0,False,,57,-10.0,-2.5,1.9999998807907104,0.75,False,False,1
680,layer3.conv1,element,4,"(51, 3, 7)",0,0.0,False,0.815,0.0,False,,58,-12.0,-0.75,4.0,0.9375,False,False,1
681,layer3.conv2,element,4,"(53, 25, 30)",1,0.005,True,0.815,0.0,False,,25,10.0,0.625,4.0,0.9375,False,False,1
682,layer3.conv2,element,3,"(23, 9, 20)",0,0.0,False,0.815,0.0,False,,55,-7.0,-28.0,2.0,3.0,False,False,1
683,layer3.conv1,element,5,"(26, 12, 15)",0,0.0,False,0.815,0.0,False,,58,-12.0,12.0,0.0,2.0,True,False,1
684,layer3.conv2,element,3,"(93, 0, 27)",0,0.0,False,0.815,0.0,False,,52,-4.0,-16.0,2.0,3.0,False,False,1
685,layer3.conv1,element,1,"(1, 2, 16)",0,0.0,False,0.815,0.0,False,,57,-10.0,-14.0,0.4854269027709961,0.4000000059604645,False,False,1
686,layer3.conv2,element,3,"(43, 5, 17)",1,0.005,True,0.815,0.0,False,,46,-1.5,-0.375,2.0,0.75,False,False,1
687,layer3.conv2,element,0,"(10, 25, 28)",1,0.005,True,0.815,0.0,False,,60,-16.0,-20.0,0.3219280242919922,0.25,False,False,1
688,layer2.conv2,element,3,"(2, 7, 9)",1,0.005,True,0.815,0.0,False,,58,-12.0,-3.0,2.0,0.75,False,False,1
689,layer3.conv2,element,0,"(46, 5, 5)",0,0.0,False,0.815,0.0,False,,46,-1.5,-1.75,0.22239243984222412,0.1666666716337204,False,False,1
690,layer3.conv2,element,5,"(81, 20, 13)",0,0.0,False,0.815,0.0,False,,62,-24.0,24.0,0.0,2.0,True,False,1
691,layer3.conv2,element,2,"(13, 22, 17)",0,0.0,False,0.815,0.0,False,,52,-4.0,-2.0,1.0,0.5,False,False,1
692,layer2.conv2,element,1,"(28, 13, 9)",1,0.005,True,0.815,0.0,False,,61,-20.0,-28.0,0.4854269027709961,0.4000000059604645,False,False,1
693,layer2.conv2,element,5,"(2, 8, 18)",0,0.0,False,0.815,0.0,False,,21,5.0,-5.0,0.0,2.0,True,False,1
694,layer3.conv2,element,3,"(63, 11, 18)",0,0.0,False,0.815,0.0,False,,26,12.0,3.0,2.0,0.75,False,False,1
695,layer3.conv1,element,2,"(77, 4, 31)",0,0.0,False,0.815,0.0,False,,54,-6.0,-3.0,1.0000001192092896,0.5,False,False,1
696,layer3.conv2,element,4,"(36, 10, 12)",0,0.0,False,0.815,0.0,False,,57,-10.0,-0.625,4.0,0.9375,False,False,1
697,layer3.conv2,element,0,"(33, 9, 2)",0,0.0,False,0.815,0.0,False,,46,-1.5,-1.75,0.22239243984222412,0.1666666716337204,False,False,1
698,layer2.conv2,element,3,"(12, 13, 3)",2,0.01,True,0.82,-0.0050000000000000044,False,,22,6.0,24.0,1.999999761581421,3.0,False,False,1
699,layer3.conv1,element,2,"(73, 4, 27)",1,0.005,True,0.815,0.0,False,,61,-20.0,-10.0,1.0,0.5,False,False,1
700,layer3.conv2,element,5,"(31, 13, 9)",0,0.0,False,0.815,0.0,False,,42,-0.75,0.75,0.0,2.0,True,False,1
701,layer3.conv2,element,2,"(33, 23, 0)",0,0.0,False,0.815,0.0,False,,60,-16.0,-8.0,1.0,0.5,False,False,1
702,layer2.conv2,element,1,"(7, 8, 6)",0,0.0,False,0.815,0.0,False,,28,16.0,24.0,0.5849623680114746,0.5,False,False,1
703,layer3.conv2,element,1,"(55, 13, 13)",0,0.0,False,0.815,0.0,False,,61,-20.0,-28.0,0.4854269027709961,0.4000000059604645,False,False,1
704,layer3.conv2,element,5,"(87, 4, 2)",0,0.0,False,0.815,0.0,False,,40,-0.5,0.5,0.0,2.0,True,False,1
705,layer3.conv2,scale,7,"(55, 17)",200,1.0,True,0.0,0.815,True,,121,121.0,249.0,128.0,inf,False,False,32
706,layer3.conv2,element,3,"(11, 7, 6)",1,0.005,True,0.815,0.0,False,,56,-8.0,-2.0,2.0,0.75,False,False,1
707,layer3.conv1,element,3,"(72, 3, 13)",1,0.005,True,0.815,0.0,False,,61,-20.0,-5.0,2.0,0.75,False,False,1
708,layer3.conv2,element,1,"(46, 15, 15)",0,0.0,False,0.815,0.0,False,,17,2.5,3.5,0.48542678356170654,0.4000000059604645,False,False,1
709,layer3.conv2,element,5,"(19, 8, 28)",0,0.0,False,0.815,0.0,False,,21,5.0,-5.0,0.0,2.0,True,False,1
710,layer2.conv2,element,5,"(47, 13, 5)",0,0.0,False,0.815,0.0,False,,3,0.1875,-0.1875,0.0,2.0,True,False,1
711,layer3.conv1,element,3,"(82, 3, 3)",0,0.0,False,0.815,0.0,False,,61,-20.0,-5.0,2.0,0.75,False,False,1
712,layer3.conv2,element,2,"(81, 22, 5)",0,0.0,False,0.815,0.0,False,,57,-10.0,-20.0,1.0,1.0,False,False,1
713,layer3.conv2,element,5,"(0, 22, 12)",0,0.0,False,0.815,0.0,False,,50,-3.0,3.0,0.0,2.0,True,False,1
714,layer3.conv2,element,3,"(16, 25, 0)",0,0.0,False,0.815,0.0,False,,29,20.0,5.0,2.0,0.75,False,False,1
715,layer2.conv1,element,3,"(29, 0, 23)",0,0.0,False,0.815,0.0,False,,61,-20.0,-5.0,2.0,0.75,False,False,1
716,layer3.conv2,element,1,"(51, 26, 8)",1,0.005,True,0.815,0.0,False,,21,5.0,7.0,0.4854269027709961,0.4000000059604645,False,False,1
717,layer2.conv2,element,4,"(34, 9, 3)",0,0.0,False,0.815,0.0,False,,51,-3.5,-0.1875,4.2223920822143555,0.9464285969734192,False,False,1
718,layer3.conv1,element,0,"(85, 6, 11)",0,0.0,False,0.815,0.0,False,,29,20.0,16.0,0.3219280242919922,0.20000000298023224,False,False,1
719,layer3.conv2,element,5,"(87, 4, 3)",0,0.0,False,0.815,0.0,False,,42,-0.75,0.75,0.0,2.0,True,False,1
720,layer3.conv2,element,3,"(86, 1, 1)",0,0.0,False,0.815,0.0,False,,59,-14.0,-3.5,2.0,0.75,False,False,1
721,layer3.conv2,element,1,"(71, 11, 25)",0,0.0,False,0.815,0.0,False,,44,-1.0,-1.5,0.5849624872207642,0.5,False,False,1
722,layer3.conv2,element,5,"(35, 26, 14)",0,0.0,False,0.815,0.0,False,,55,-7.0,7.0,0.0,2.0,True,False,1
723,layer3.conv1,element,3,"(92, 7, 19)",1,0.005,True,0.815,0.0,False,,18,3.0,12.0,2.0,3.0,False,False,1
724,layer3.conv2,element,1,"(70, 13, 29)",0,0.0,False,0.815,0.0,False,,17,2.5,3.5,0.48542678356170654,0.4000000059604645,False,False,1
725,layer3.conv2,element,5,"(17, 14, 16)",0,0.0,False,0.815,0.0,False,,34,-0.125,0.125,0.0,2.0,True,False,1
726,layer3.conv2,element,5,"(14, 19, 26)",0,0.0,False,0.815,0.0,False,,13,1.25,-1.25,0.0,2.0,True,False,1
727,layer2.conv2,element,2,"(21, 3, 12)",0,0.0,False,0.815,0.0,False,,18,3.0,6.0,1.0000001192092896,1.0,False,False,1
728,layer3.conv2,element,2,"(86, 12, 9)",1,0.005,True,0.815,0.0,False,,59,-14.0,-28.0,1.0,1.0,False,False,1
729,layer3.conv1,element,4,"(21, 9, 26)",0,0.0,False,0.815,0.0,False,,31,28.0,1.75,4.0,0.9375,False,False,1
730,layer3.conv1,element,5,"(73, 9, 26)",0,0.0,False,0.815,0.0,False,,24,8.0,-8.0,0.0,2.0,True,False,1
731,layer3.conv2,element,4,"(3, 18, 25)",1,0.005,True,0.815,0.0,False,,58,-12.0,-0.75,4.0,0.9375,False,False,1
732,layer1.conv2,element,5,"(6, 6, 7)",1,0.005,True,0.82,-0.0050000000000000044,False,,26,12.0,-12.0,0.0,2.0,True,False,1
733,layer3.conv1,element,1,"(22, 4, 23)",1,0.005,True,0.815,0.0,False,,59,-14.0,-10.0,0.4854269027709961,0.2857142984867096,False,False,1
734,layer2.conv2,element,0,"(26, 9, 23)",0,0.0,False,0.815,0.0,False,,49,-2.5,-2.0,0.32192814350128174,0.20000000298023224,False,False,1
735,layer3.conv2,element,2,"(33, 18, 26)",0,0.0,False,0.815,0.0,False,,49,-2.5,-5.0,0.9999998807907104,1.0,False,False,1
736,layer3.conv2,element,4,"(25, 19, 0)",0,0.0,False,0.815,0.0,False,,52,-4.0,-0.25,4.0,0.9375,False,False,1
737,layer3.shortcut.0,element,2,"(25, 0, 15)",1,0.005,True,0.815,0.0,False,,56,-8.0,-16.0,1.0,1.0,False,False,1
738,layer3.conv1,element,4,"(62, 0, 7)",0,0.0,False,0.815,0.0,False,,25,10.0,0.625,4.0,0.9375,False,False,1
739,layer3.conv2,element,3,"(41, 18, 29)",0,0.0,False,0.815,0.0,False,,28,16.0,4.0,2.0,0.75,False,False,1
740,layer3.conv2,element,0,"(19, 0, 23)",0,0.0,False,0.815,0.0,False,,22,6.0,7.0,0.22239232063293457,0.1666666716337204,False,False,1
741,layer2.conv1,element,5,"(18, 4, 7)",1,0.005,True,0.815,0.0,False,,51,-3.5,3.5,0.0,2.0,True,False,1
742,layer3.conv2,element,1,"(24, 17, 31)",0,0.0,False,0.815,0.0,False,,22,6.0,4.0,0.5849626064300537,0.3333333432674408,False,False,1
743,layer3.conv2,element,3,"(55, 0, 17)",0,0.0,False,0.815,0.0,False,,30,24.0,6.0,1.999999761581421,0.75,False,False,1
744,layer3.conv2,element,5,"(3, 24, 20)",0,0.0,False,0.815,0.0,False,,44,-1.0,1.0,0.0,2.0,True,False,1
745,layer3.conv2,element,1,"(83, 23, 11)",0,0.0,False,0.815,0.0,False,,15,1.75,1.25,0.4854268431663513,0.2857142984867096,False,False,1
746,layer3.conv2,element,1,"(93, 25, 26)",1,0.005,True,0.815,0.0,False,,54,-6.0,-4.0,0.5849626064300537,0.3333333432674408,False,False,1
747,layer3.conv1,element,4,"(49, 7, 17)",0,0.0,False,0.815,0.0,False,,9,0.625,10.0,4.0,15.0,False,False,1
748,layer2.conv2,element,5,"(26, 10, 28)",0,0.0,False,0.815,0.0,False,,23,7.0,-7.0,0.0,2.0,True,False,1
749,layer2.conv2,element,0,"(30, 0, 30)",0,0.0,False,0.815,0.0,False,,13,1.25,1.0,0.32192808389663696,0.20000000298023224,False,False,1
750,layer3.conv1,element,2,"(64, 0, 23)",1,0.005,True,0.815,0.0,False,,25,10.0,20.0,1.0,1.0,False,False,1
751,layer3.conv2,element,0,"(0, 8, 7)",0,0.0,False,0.815,0.0,False,,28,16.0,20.0,0.3219280242919922,0.25,False,False,1
752,layer2.conv2,element,2,"(20, 4, 23)",1,0.005,True,0.815,0.0,False,,61,-20.0,-10.0,1.0,0.5,False,False,1
753,layer3.conv2,element,5,"(8, 4, 22)",0,0.0,False,0.815,0.0,False,,28,16.0,-16.0,0.0,2.0,True,False,1
754,layer1.conv2,element,0,"(1, 2, 28)",0,0.0,False,0.815,0.0,False,,19,3.5,3.0,0.22239243984222412,0.1428571492433548,False,False,1
755,layer3.conv2,element,5,"(11, 11, 14)",0,0.0,False,0.815,0.0,False,,4,0.25,-0.25,0.0,2.0,True,False,1
756,layer2.conv2,element,2,"(32, 5, 28)",0,0.0,False,0.815,0.0,False,,27,14.0,28.0,1.0,1.0,False,False,1
757,layer3.conv1,element,3,"(22, 13, 4)",0,0.0,False,0.815,0.0,False,,9,0.625,0.0625,3.321928024291992,0.8999999761581421,False,False,1
758,layer2.conv2,element,0,"(47, 7, 16)",1,0.005,True,0.815,0.0,False,,56,-8.0,-10.0,0.3219280242919922,0.25,False,False,1
759,layer3.conv2,element,2,"(3, 26, 1)",1,0.005,True,0.815,0.0,False,,25,10.0,20.0,1.0,1.0,False,False,1
760,layer1.conv1,element,5,"(10, 3, 26)",10,0.05,True,0.795,0.019999999999999907,False,,26,12.0,-12.0,0.0,2.0,True,False,1
761,layer3.conv2,element,5,"(10, 0, 23)",0,0.0,False,0.815,0.0,False,,62,-24.0,24.0,0.0,2.0,True,False,1
762,layer3.conv1,element,5,"(16, 9, 7)",1,0.005,True,0.815,0.0,False,,24,8.0,-8.0,0.0,2.0,True,False,1
763,layer3.conv2,element,1,"(5, 14, 7)",0,0.0,False,0.815,0.0,False,,29,20.0,28.0,0.4854269027709961,0.4000000059604645,False,False,1
764,fc,element,5,"(2, 0, 22)",0,0.0,False,0.815,0.0,False,,13,1.25,-1.25,0.0,2.0,True,False,1
765,layer1.conv1,element,5,"(13, 5, 5)",0,0.0,False,0.815,0.0,False,,13,1.25,-1.25,0.0,2.0,True,False,1
766,layer3.conv1,element,5,"(87, 3, 19)",0,0.0,False,0.815,0.0,False,,61,-20.0,20.0,0.0,2.0,True,False,1
767,layer3.conv2,element,3,"(85, 16, 21)",1,0.005,True,0.815,0.0,False,,59,-14.0,-3.5,2.0,0.75,False,False,1
768,layer2.conv2,element,3,"(40, 5, 2)",0,0.0,False,0.815,0.0,False,,17,2.5,10.0,1.9999998807907104,3.0,False,False,1
769,layer3.conv2,scale,7,"(55, 8)",200,1.0,True,0.0,0.815,True,,122,122.0,250.0,128.0,inf,False,False,32
770,layer2.conv2,element,5,"(33, 5, 10)",1,0.005,True,0.815,0.0,False,,25,10.0,-10.0,0.0,2.0,True,False,1
771,layer3.conv2,element,4,"(94, 0, 16)",0,0.0,False,0.815,0.0,False,,11,0.875,14.0,4.0,15.0,False,False,1
772,layer3.conv2,element,3,"(51, 24, 8)",0,0.0,False,0.815,0.0,False,,49,-2.5,-10.0,1.9999998807907104,3.0,False,False,1
773,layer3.conv2,element,0,"(32, 2, 17)",0,0.0,False,0.815,0.0,False,,25,10.0,8.0,0.3219280242919922,0.20000000298023224,False,False,1
774,layer3.conv1,element,4,"(33, 5, 29)",0,0.0,False,0.815,0.0,False,,46,-1.5,-24.0,4.0,15.0,False,False,1
775,layer3.conv2,element,0,"(0, 23, 23)",0,0.0,False,0.815,0.0,False,,28,16.0,20.0,0.3219280242919922,0.25,False,False,1
776,layer3.conv2,element,2,"(76, 5, 20)",0,0.0,False,0.815,0.0,False,,56,-8.0,-16.0,1.0,1.0,False,False,1
777,layer3.conv2,element,5,"(3, 11, 13)",0,0.0,False,0.815,0.0,False,,27,14.0,-14.0,0.0,2.0,True,False,1
778,layer3.conv2,element,0,"(69, 9, 12)",0,0.0,False,0.815,0.0,False,,61,-20.0,-16.0,0.3219280242919922,0.20000000298023224,False,False,1
779,layer2.conv2,element,0,"(12, 9, 16)",0,0.0,False,0.815,0.0,False,,60,-16.0,-20.0,0.3219280242919922,0.25,False,False,1
780,layer1.conv1,element,3,"(18, 1, 10)",0,0.0,False,0.815,0.0,False,,53,-5.0,-20.0,2.0,3.0,False,False,1
781,layer3.conv1,element,1,"(47, 5, 16)",0,0.0,False,0.815,0.0,False,,25,10.0,14.0,0.4854269027709961,0.4000000059604645,False,False,1
782,layer2.conv2,element,5,"(41, 0, 15)",1,0.005,True,0.815,0.0,False,,47,-1.75,1.75,0.0,2.0,True,False,1
783,layer3.conv2,element,3,"(59, 23, 6)",0,0.0,False,0.815,0.0,False,,28,16.0,4.0,2.0,0.75,False,False,1
784,layer3.conv1,element,3,"(40, 1, 14)",1,0.005,True,0.815,0.0,False,,60,-16.0,-4.0,2.0,0.75,False,False,1
785,layer3.conv2,element,4,"(4, 15, 3)",0,0.0,False,0.815,0.0,False,,52,-4.0,-0.25,4.0,0.9375,False,False,1
786,layer3.conv2,element,1,"(29, 1, 20)",0,0.0,False,0.815,0.0,False,,13,1.25,1.75,0.4854268431663513,0.4000000059604645,False,False,1
787,layer3.conv2,scale,6,"(68, 0)",4,0.02,True,0.82,-0.0050000000000000044,False,,122,122.0,58.0,64.0,inf,False,False,32
788,layer3.conv2,element,1,"(9, 7, 26)",0,0.0,False,0.815,0.0,False,,32,-0.0,-0.125,inf,2.0,False,False,1
789,layer2.conv1,element,3,"(15, 4, 7)",1,0.005,True,0.815,0.0,False,,22,6.0,24.0,1.999999761581421,3.0,False,False,1
790,layer3.conv1,element,5,"(74, 4, 30)",0,0.0,False,0.815,0.0,False,,57,-10.0,10.0,0.0,2.0,True,False,1
791,layer3.conv2,element,2,"(17, 6, 5)",0,0.0,False,0.815,0.0,False,,59,-14.0,-28.0,1.0,1.0,False,False,1
792,layer2.conv2,element,1,"(41, 4, 0)",1,0.005,True,0.815,0.0,False,,59,-14.0,-10.0,0.4854269027709961,0.2857142984867096,False,False,1
793,layer3.shortcut.0,scale,6,"(23, 1)",1,0.005,True,0.815,0.0,False,,121,121.0,57.0,64.0,inf,False,False,32
794,layer3.conv1,element,4,"(62, 9, 12)",1,0.005,True,0.815,0.0,False,,59,-14.0,-0.875,4.0,0.9375,False,False,1
795,layer3.conv2,element,3,"(89, 4, 3)",0,0.0,False,0.815,0.0,False,,62,-24.0,-6.0,1.999999761581421,0.75,False,False,1
796,layer2.conv2,element,5,"(13, 13, 13)",0,0.0,False,0.815,0.0,False,,30,24.0,-24.0,0.0,2.0,True,False,1
797,layer3.conv2,element,1,"(41, 20, 16)",0,0.0,False,0.815,0.0,False,,30,24.0,16.0,0.5849623680114746,0.3333333432674408,False,False,1
798,layer3.conv1,element,5,"(42, 3, 1)",1,0.005,True,0.815,0.0,False,,15,1.75,-1.75,0.0,2.0,True,False,1
799,layer3.conv2,element,1,"(36, 25, 9)",1,0.005,True,0.815,0.0,False,,57,-10.0,-14.0,0.4854269027709961,0.4000000059604645,False,False,1
800,layer2.conv1,element,4,"(33, 2, 17)",0,0.0,False,0.815,0.0,False,,58,-12.0,-0.75,4.0,0.9375,False,False,1
801,layer3.conv2,element,2,"(11, 3, 29)",1,0.005,True,0.815,0.0,False,,55,-7.0,-3.5,1.0,0.5,False,False,1
802,layer2.conv2,element,4,"(46, 0, 1)",0,0.0,False,0.815,0.0,False,,51,-3.5,-0.1875,4.2223920822143555,0.9464285969734192,False,False,1
803,layer3.conv2,scale,4,"(52, 24)",1,0.005,True,0.815,0.0,False,,121,121.0,105.0,16.0,inf,False,False,32
804,layer2.conv2,element,5,"(8, 5, 11)",0,0.0,False,0.815,0.0,False,,41,-0.625,0.625,0.0,2.0,True,False,1
805,layer3.conv2,element,2,"(79, 1, 10)",0,0.0,False,0.815,0.0,False,,58,-12.0,-24.0,0.9999997615814209,1.0,False,False,1
806,layer3.conv2,element,0,"(93, 14, 29)",0,0.0,False,0.815,0.0,False,,13,1.25,1.0,0.32192808389663696,0.20000000298023224,False,False,1
807,layer3.conv1,element,4,"(74, 1, 6)",0,0.0,False,0.815,0.0,False,,49,-2.5,-0.0625,5.321928024291992,0.9750000238418579,False,False,1
808,layer3.conv1,element,0,"(78, 7, 29)",0,0.0,False,0.815,0.0,False,,51,-3.5,-3.0,0.22239243984222412,0.1428571492433548,False,False,1
809,layer2.conv2,element,5,"(39, 13, 3)",0,0.0,False,0.815,0.0,False,,55,-7.0,7.0,0.0,2.0,True,False,1
810,layer2.conv1,element,5,"(40, 6, 0)",1,0.005,True,0.815,0.0,False,,49,-2.5,2.5,0.0,2.0,True,False,1
811,layer3.conv2,element,4,"(41, 19, 4)",1,0.005,True,0.815,0.0,False,,57,-10.0,-0.625,4.0,0.9375,False,False,1
812,layer2.conv2,element,5,"(25, 6, 14)",1,0.005,True,0.815,0.0,False,,24,8.0,-8.0,0.0,2.0,True,False,1
813,layer3.conv2,element,2,"(29, 9, 21)",0,0.0,False,0.815,0.0,False,,14,1.5,0.75,1.0,0.5,False,False,1
814,layer3.conv1,element,3,"(0, 0, 7)",1,0.005,True,0.815,0.0,False,,17,2.5,10.0,1.9999998807907104,3.0,False,False,1
815,layer1.conv1,element,3,"(14, 5, 31)",0,0.0,False,0.815,0.0,False,,58,-12.0,-3.0,2.0,0.75,False,False,1
816,layer2.conv2,element,2,"(26, 3, 22)",0,0.0,False,0.815,0.0,False,,49,-2.5,-5.0,0.9999998807907104,1.0,False,False,1
817,layer3.conv2,element,0,"(31, 0, 1)",1,0.005,True,0.815,0.0,False,,31,28.0,24.0,0.22239255905151367,0.1428571492433548,False,False,1
818,layer3.conv1,element,2,"(56, 5, 7)",0,0.0,False,0.815,0.0,False,,48,-2.0,-4.0,1.0,1.0,False,False,1
819,layer3.conv2,element,0,"(94, 11, 31)",0,0.0,False,0.815,0.0,False,,20,4.0,5.0,0.3219280242919922,0.25,False,False,1
820,layer1.conv2,element,4,"(0, 1, 19)",0,0.0,False,0.815,0.0,False,,25,10.0,0.625,4.0,0.9375,False,False,1
821,layer2.conv2,element,1,"(15, 0, 21)",1,0.005,True,0.815,0.0,False,,61,-20.0,-28.0,0.4854269027709961,0.4000000059604645,False,False,1
822,layer2.conv1,element,2,"(3, 3, 5)",0,0.0,False,0.815,0.0,False,,10,0.75,1.5,1.0,1.0,False,False,1
823,layer2.conv2,element,0,"(42, 12, 25)",0,0.0,False,0.815,0.0,False,,15,1.75,1.5,0.22239243984222412,0.1428571492433548,False,False,1
824,layer2.conv2,element,2,"(29, 5, 9)",0,0.0,False,0.815,0.0,False,,45,-1.25,-0.625,1.0,0.5,False,False,1
825,layer3.conv2,element,0,"(63, 1, 16)",0,0.0,False,0.815,0.0,False,,55,-7.0,-6.0,0.22239232063293457,0.1428571492433548,False,False,1
826,layer3.conv2,element,2,"(62, 25, 6)",0,0.0,False,0.815,0.0,False,,16,2.0,4.0,1.0,1.0,False,False,1
827,layer1.conv2,element,3,"(9, 6, 4)",0,0.0,False,0.815,0.0,False,,47,-1.75,-0.4375,2.0,0.75,False,False,1
828,layer3.conv1,element,2,"(4, 10, 4)",1,0.005,True,0.815,0.0,False,,63,-28.0,-14.0,1.0,0.5,False,False,1
829,layer3.conv2,element,2,"(2, 6, 1)",0,0.0,False,0.815,0.0,False,,20,4.0,2.0,1.0,0.5,False,False,1
830,layer3.conv1,element,0,"(36, 5, 26)",0,0.0,False,0.815,0.0,False,,55,-7.0,-6.0,0.22239232063293457,0.1428571492433548,False,False,1
831,layer3.conv2,element,1,"(57, 12, 21)",0,0.0,False,0.815,0.0,False,,49,-2.5,-3.5,0.48542678356170654,0.4000000059604645,False,False,1
832,layer3.conv2,element,3,"(40, 4, 21)",0,0.0,False,0.815,0.0,False,,17,2.5,10.0,1.9999998807907104,3.0,False,False,1
833,layer3.conv2,element,5,"(42, 11, 30)",1,0.005,True,0.815,0.0,False,,18,3.0,-3.0,0.0,2.0,True,False,1
834,layer2.conv2,element,0,"(46, 8, 24)",0,0.0,False,0.815,0.0,False,,24,8.0,10.0,0.3219280242919922,0.25,False,False,1
835,layer3.conv2,element,2,"(5, 20, 3)",0,0.0,False,0.815,0.0,False,,12,1.0,0.5,1.0,0.5,False,False,1
836,layer3.conv2,element,4,"(43, 15, 28)",0,0.0,False,0.815,0.0,False,,22,6.0,0.375,4.0,0.9375,False,False,1
837,layer3.conv1,element,3,"(26, 2, 30)",0,0.0,False,0.815,0.0,False,,39,-0.4375,-1.75,2.0,3.0,False,False,1
838,layer2.conv2,element,5,"(31, 5, 8)",0,0.0,False,0.815,0.0,False,,26,12.0,-12.0,0.0,2.0,True,False,1
839,layer3.conv1,element,2,"(93, 12, 9)",1,0.005,True,0.815,0.0,False,,30,24.0,12.0,0.9999997615814209,0.5,False,False,1
840,layer3.conv2,element,0,"(16, 22, 26)",0,0.0,False,0.815,0.0,False,,16,2.0,2.5,0.32192814350128174,0.25,False,False,1
841,layer3.conv2,element,4,"(65, 8, 8)",0,0.0,False,0.815,0.0,False,,58,-12.0,-0.75,4.0,0.9375,False,False,1
842,layer3.conv2,element,5,"(44, 22, 8)",0,0.0,False,0.815,0.0,False,,12,1.0,-1.0,0.0,2.0,True,False,1
843,layer3.conv2,element,5,"(45, 4, 27)",1,0.005,True,0.815,0.0,False,,63,-28.0,28.0,0.0,2.0,True,False,1
844,layer3.conv2,element,1,"(2, 25, 3)",0,0.0,False,0.815,0.0,False,,24,8.0,12.0,0.5849626064300537,0.5,False,False,1
845,layer2.conv2,element,5,"(8, 2, 8)",1,0.005,True,0.815,0.0,False,,60,-16.0,16.0,0.0,2.0,True,False,1
846,layer3.conv1,element,4,"(82, 7, 11)",0,0.0,False,0.815,0.0,False,,9,0.625,10.0,4.0,15.0,False,False,1
847,layer1.conv2,element,5,"(13, 1, 24)",4,0.02,True,0.815,0.0,False,,28,16.0,-16.0,0.0,2.0,True,False,1
848,layer3.conv2,element,5,"(17, 24, 25)",0,0.0,False,0.815,0.0,False,,31,28.0,-28.0,0.0,2.0,True,False,1
849,layer3.conv1,element,2,"(43, 11, 3)",0,0.0,False,0.815,0.0,False,,31,28.0,14.0,1.0,0.5,False,False,1
850,layer3.conv2,element,0,"(91, 2, 18)",1,0.005,True,0.815,0.0,False,,28,16.0,20.0,0.3219280242919922,0.25,False,False,1
851,layer2.conv2,element,5,"(15, 3, 23)",0,0.0,False,0.815,0.0,False,,29,20.0,-20.0,0.0,2.0,True,False,1
852,layer2.conv1,element,0,"(23, 2, 2)",0,0.0,False,0.815,0.0,False,,42,-0.75,-0.875,0.22239243984222412,0.1666666716337204,False,False,1
853,layer3.conv2,element,5,"(30, 0, 4)",1,0.005,True,0.815,0.0,False,,25,10.0,-10.0,0.0,2.0,True,False,1
854,layer3.conv2,element,5,"(63, 19, 6)",0,0.0,False,0.815,0.0,False,,23,7.0,-7.0,0.0,2.0,True,False,1
855,conv1,element,4,"(16, 0, 24)",5,0.025,True,0.825,-0.010000000000000009,False,,56,-8.0,-0.5,4.0,0.9375,False,False,1
856,layer3.conv2,element,1,"(5, 0, 26)",0,0.0,False,0.815,0.0,False,,34,-0.125,-0.0,inf,1.0,False,False,1
857,layer3.conv2,element,3,"(74, 16, 4)",1,0.005,True,0.815,0.0,False,,15,1.75,0.4375,2.0,0.75,False,False,1
858,layer1.conv2,element,4,"(0, 5, 31)",1,0.005,True,0.815,0.0,False,,58,-12.0,-0.75,4.0,0.9375,False,False,1
859,layer3.conv2,element,3,"(4, 7, 24)",0,0.0,False,0.815,0.0,False,,48,-2.0,-8.0,2.0,3.0,False,False,1
860,layer2.conv1,element,2,"(6, 4, 16)",1,0.005,True,0.815,0.0,False,,25,10.0,20.0,1.0,1.0,False,False,1
861,layer3.conv1,element,5,"(40, 2, 0)",1,0.005,True,0.815,0.0,False,,48,-2.0,2.0,0.0,2.0,True,False,1
862,layer2.conv2,element,1,"(35, 4, 31)",0,0.0,False,0.815,0.0,False,,41,-0.625,-0.875,0.4854268431663513,0.4000000059604645,False,False,1
863,layer3.conv2,element,2,"(67, 9, 19)",0,0.0,False,0.815,0.0,False,,50,-3.0,-6.0,1.0000001192092896,1.0,False,False,1
864,layer3.conv2,element,4,"(49, 6, 23)",0,0.0,False,0.815,0.0,False,,12,1.0,16.0,4.0,15.0,False,False,1
865,layer2.conv1,element,4,"(42, 0, 26)",0,0.0,False,0.815,0.0,False,,60,-16.0,-1.0,4.0,0.9375,False,False,1
866,layer3.conv2,element,2,"(83, 22, 31)",1,0.005,True,0.815,0.0,False,,59,-14.0,-28.0,1.0,1.0,False,False,1
867,layer3.conv2,element,4,"(63, 10, 21)",0,0.0,False,0.815,0.0,False,,25,10.0,0.625,4.0,0.9375,False,False,1
868,layer3.conv1,element,4,"(18, 12, 17)",0,0.0,False,0.815,0.0,False,,31,28.0,1.75,4.0,0.9375,False,False,1
869,layer3.conv2,element,3,"(23, 8, 14)",1,0.005,True,0.815,0.0,False,,18,3.0,12.0,2.0,3.0,False,False,1
870,layer3.conv1,element,1,"(28, 8, 27)",0,0.0,False,0.815,0.0,False,,55,-7.0,-5.0,0.4854269027709961,0.2857142984867096,False,False,1
871,layer3.conv1,element,0,"(62, 12, 10)",0,0.0,False,0.815,0.0,False,,42,-0.75,-0.875,0.22239243984222412,0.1666666716337204,False,False,1
872,layer3.conv1,element,5,"(51, 2, 27)",0,0.0,False,0.815,0.0,False,,29,20.0,-20.0,0.0,2.0,True,False,1
873,layer3.conv2,element,2,"(87, 21, 25)",0,0.0,False,0.815,0.0,False,,24,8.0,16.0,1.0,1.0,False,False,1
874,layer3.conv2,element,1,"(49, 12, 16)",0,0.0,False,0.815,0.0,False,,55,-7.0,-5.0,0.4854269027709961,0.2857142984867096,False,False,1
875,layer3.conv2,element,3,"(82, 16, 1)",1,0.005,True,0.815,0.0,False,,21,5.0,20.0,2.0,3.0,False,False,1
876,layer3.conv2,element,5,"(15, 4, 7)",0,0.0,False,0.815,0.0,False,,50,-3.0,3.0,0.0,2.0,True,False,1
877,layer3.conv1,element,2,"(35, 2, 3)",0,0.0,False,0.815,0.0,False,,15,1.75,0.875,1.0,0.5,False,False,1
878,layer3.conv2,element,1,"(37, 20, 1)",0,0.0,False,0.815,0.0,False,,60,-16.0,-24.0,0.5849623680114746,0.5,False,False,1
879,layer3.conv2,element,1,"(33, 22, 3)",0,0.0,False,0.815,0.0,False,,50,-3.0,-2.0,0.5849624872207642,0.3333333432674408,False,False,1
880,layer3.conv1,element,5,"(48, 4, 17)",0,0.0,False,0.815,0.0,False,,25,10.0,-10.0,0.0,2.0,True,False,1
881,layer3.conv2,element,1,"(32, 15, 31)",0,0.0,False,0.815,0.0,False,,54,-6.0,-4.0,0.5849626064300537,0.3333333432674408,False,False,1
882,layer3.conv2,element,4,"(74, 17, 18)",1,0.005,True,0.815,0.0,False,,32,-0.0,-2.0,inf,32.0,False,False,1
883,layer3.conv1,element,4,"(78, 4, 27)",0,0.0,False,0.815,0.0,False,,25,10.0,0.625,4.0,0.9375,False,False,1
884,layer3.conv2,element,3,"(28, 13, 2)",0,0.0,False,0.815,0.0,False,,57,-10.0,-2.5,1.9999998807907104,0.75,False,False,1
885,layer3.conv1,element,3,"(58, 2, 7)",0,0.0,False,0.815,0.0,False,,12,1.0,0.25,2.0,0.75,False,False,1
886,layer3.conv2,element,2,"(37, 6, 28)",0,0.0,False,0.815,0.0,False,,59,-14.0,-28.0,1.0,1.0,False,False,1
887,layer3.conv1,element,5,"(44, 8, 27)",0,0.0,False,0.815,0.0,False,,61,-20.0,20.0,0.0,2.0,True,False,1
888,layer3.conv1,element,3,"(74, 4, 11)",0,0.0,False,0.815,0.0,False,,59,-14.0,-3.5,2.0,0.75,False,False,1
889,fc,element,2,"(9, 1, 9)",3,0.015,True,0.82,-0.0050000000000000044,False,,27,14.0,28.0,1.0,1.0,False,False,1
890,layer3.conv1,element,1,"(35, 2, 25)",0,0.0,False,0.815,0.0,False,,25,10.0,14.0,0.4854269027709961,0.4000000059604645,False,False,1
891,layer3.conv2,element,5,"(61, 2, 17)",0,0.0,False,0.815,0.0,False,,21,5.0,-5.0,0.0,2.0,True,False,1
892,layer2.conv1,element,5,"(35, 1, 27)",0,0.0,False,0.815,0.0,False,,33,-0.0625,0.0625,0.0,2.0,True,False,1
893,layer3.conv2,element,2,"(37, 12, 4)",0,0.0,False,0.815,0.0,False,,60,-16.0,-8.0,1.0,0.5,False,False,1
894,layer2.conv2,element,5,"(1, 4, 8)",0,0.0,False,0.815,0.0,False,,13,1.25,-1.25,0.0,2.0,True,False,1
895,layer3.conv2,element,2,"(21, 21, 10)",1,0.005,True,0.815,0.0,False,,57,-10.0,-20.0,1.0,1.0,False,False,1
896,layer2.conv1,scale,0,"(18, 2)",1,0.005,True,0.815,0.0,False,,119,119.0,118.0,1.0,inf,False,False,32
897,layer3.conv2,element,1,"(25, 3, 26)",0,0.0,False,0.815,0.0,False,,26,12.0,8.0,0.5849626064300537,0.3333333432674408,False,False,1
898,layer1.conv1,element,3,"(10, 1, 12)",12,0.06,True,0.8,0.014999999999999902,False,,53,-5.0,-20.0,2.0,3.0,False,False,1
899,layer3.shortcut.0,element,5,"(95, 0, 13)",1,0.005,True,0.815,0.0,False,,24,8.0,-8.0,0.0,2.0,True,False,1
900,layer2.conv2,element,2,"(17, 1, 13)",1,0.005,True,0.815,0.0,False,,28,16.0,8.0,1.0,0.5,False,False,1
901,layer3.conv1,element,0,"(84, 4, 3)",0,0.0,False,0.815,0.0,False,,60,-16.0,-20.0,0.3219280242919922,0.25,False,False,1
902,layer3.conv2,element,0,"(41, 7, 24)",0,0.0,False,0.815,0.0,False,,1,0.0625,0.0,inf,1.0,False,False,1
903,layer3.conv2,element,3,"(8, 0, 25)",1,0.005,True,0.815,0.0,False,,23,7.0,28.0,2.0,3.0,False,False,1
904,layer3.conv2,element,1,"(83, 6, 5)",0,0.0,False,0.815,0.0,False,,58,-12.0,-8.0,0.5849626064300537,0.3333333432674408,False,False,1
905,layer2.conv1,element,3,"(24, 1, 6)",1,0.005,True,0.815,0.0,False,,26,12.0,3.0,2.0,0.75,False,False,1
906,layer2.conv1,element,3,"(24, 1, 6)",1,0.005,True,0.815,0.0,False,,26,12.0,3.0,2.0,0.75,False,False,1
907,layer3.conv1,element,4,"(76, 4, 25)",0,0.0,False,0.815,0.0,False,,34,-0.125,-3.0,4.584962368011475,23.0,False,False,1
908,layer3.conv2,element,2,"(48, 17, 7)",0,0.0,False,0.815,0.0,False,,58,-12.0,-24.0,0.9999997615814209,1.0,False,False,1
909,layer3.conv2,element,2,"(58, 22, 7)",0,0.0,False,0.815,0.0,False,,33,-0.0625,-0.3125,2.321928024291992,4.0,False,False,1
910,layer1.conv2,element,5,"(15, 0, 7)",1,0.005,True,0.815,0.0,False,,51,-3.5,3.5,0.0,2.0,True,False,1
911,layer3.conv1,element,4,"(81, 5, 29)",1,0.005,True,0.815,0.0,False,,57,-10.0,-0.625,4.0,0.9375,False,False,1
912,layer3.conv2,element,5,"(32, 25, 18)",1,0.005,True,0.815,0.0,False,,17,2.5,-2.5,0.0,2.0,True,False,1
913,layer3.conv2,element,4,"(91, 10, 19)",1,0.005,True,0.815,0.0,False,,54,-6.0,-0.375,4.0,0.9375,False,False,1
914,layer2.conv2,element,0,"(37, 1, 24)",1,0.005,True,0.815,0.0,False,,56,-8.0,-10.0,0.3219280242919922,0.25,False,False,1
915,layer1.conv1,element,5,"(13, 4, 19)",5,0.025,True,0.83,-0.015000000000000013,False,,54,-6.0,6.0,0.0,2.0,True,False,1
916,layer2.conv2,element,2,"(11, 6, 12)",1,0.005,True,0.815,0.0,False,,61,-20.0,-10.0,1.0,0.5,False,False,1
917,layer3.conv2,element,0,"(85, 11, 27)",0,0.0,False,0.815,0.0,False,,15,1.75,1.5,0.22239243984222412,0.1428571492433548,False,False,1
918,layer3.conv2,element,0,"(50, 4, 28)",0,0.0,False,0.815,0.0,False,,57,-10.0,-8.0,0.3219280242919922,0.20000000298023224,False,False,1
919,layer3.shortcut.0,scale,0,"(5, 0)",1,0.005,True,0.815,0.0,False,,121,121.0,120.0,1.0,inf,False,False,32
920,layer3.conv1,element,5,"(2, 4, 14)",1,0.005,True,0.815,0.0,False,,14,1.5,-1.5,0.0,2.0,True,False,1
921,layer2.conv1,element,3,"(31, 0, 17)",0,0.0,False,0.815,0.0,False,,60,-16.0,-4.0,2.0,0.75,False,False,1
922,layer3.conv2,element,5,"(60, 11, 2)",0,0.0,False,0.815,0.0,False,,58,-12.0,12.0,0.0,2.0,True,False,1
923,layer3.conv1,element,0,"(4, 9, 16)",0,0.0,False,0.815,0.0,False,,54,-6.0,-7.0,0.22239232063293457,0.1666666716337204,False,False,1
924,layer2.conv2,element,0,"(33, 8, 29)",1,0.005,True,0.815,0.0,False,,56,-8.0,-10.0,0.3219280242919922,0.25,False,False,1
925,layer3.conv1,element,0,"(93, 7, 4)",0,0.0,False,0.815,0.0,False,,20,4.0,5.0,0.3219280242919922,0.25,False,False,1
926,layer3.conv1,element,4,"(65, 10, 14)",0,0.0,False,0.815,0.0,False,,51,-3.5,-0.1875,4.2223920822143555,0.9464285969734192,False,False,1
927,layer2.conv2,element,0,"(4, 2, 10)",0,0.0,False,0.815,0.0,False,,17,2.5,2.0,0.32192814350128174,0.20000000298023224,False,False,1
928,layer3.conv2,element,3,"(39, 19, 23)",0,0.0,False,0.815,0.0,False,,49,-2.5,-10.0,1.9999998807907104,3.0,False,False,1
929,layer3.conv1,element,1,"(21, 8, 9)",0,0.0,False,0.815,0.0,False,,19,3.5,2.5,0.48542678356170654,0.2857142984867096,False,False,1
930,layer3.conv1,element,5,"(60, 5, 17)",0,0.0,False,0.815,0.0,False,,28,16.0,-16.0,0.0,2.0,True,False,1
931,layer3.conv2,element,0,"(90, 6, 18)",0,0.0,False,0.815,0.0,False,,58,-12.0,-14.0,0.22239232063293457,0.1666666716337204,False,False,1
932,layer3.conv2,element,0,"(31, 19, 16)",1,0.005,True,0.815,0.0,False,,31,28.0,24.0,0.22239255905151367,0.1428571492433548,False,False,1
933,layer3.conv2,element,2,"(2, 26, 26)",1,0.005,True,0.815,0.0,False,,57,-10.0,-20.0,1.0,1.0,False,False,1
934,layer3.conv2,element,2,"(70, 11, 6)",0,0.0,False,0.815,0.0,False,,17,2.5,5.0,0.9999998807907104,1.0,False,False,1
935,layer3.conv2,element,1,"(75, 19, 22)",0,0.0,False,0.815,0.0,False,,52,-4.0,-6.0,0.5849626064300537,0.5,False,False,1
936,layer3.conv1,element,0,"(84, 4, 2)",0,0.0,False,0.815,0.0,False,,54,-6.0,-7.0,0.22239232063293457,0.1666666716337204,False,False,1
937,layer3.conv2,element,0,"(80, 7, 31)",0,0.0,False,0.815,0.0,False,,23,7.0,6.0,0.22239232063293457,0.1428571492433548,False,False,1
938,layer2.conv2,element,1,"(39, 6, 21)",0,0.0,False,0.815,0.0,False,,52,-4.0,-6.0,0.5849626064300537,0.5,False,False,1
939,layer3.conv1,element,0,"(74, 2, 24)",0,0.0,False,0.815,0.0,False,,28,16.0,20.0,0.3219280242919922,0.25,False,False,1
940,layer1.conv1,element,5,"(7, 4, 0)",1,0.005,True,0.815,0.0,False,,44,-1.0,1.0,0.0,2.0,True,False,1
941,layer2.shortcut.0,element,3,"(39, 0, 10)",0,0.0,False,0.815,0.0,False,,49,-2.5,-10.0,1.9999998807907104,3.0,False,False,1
942,layer3.conv2,element,0,"(17, 3, 25)",0,0.0,False,0.815,0.0,False,,24,8.0,10.0,0.3219280242919922,0.25,False,False,1
943,layer2.conv1,scale,6,"(1, 6)",4,0.02,True,0.82,-0.0050000000000000044,False,,120,120.0,56.0,64.0,inf,False,False,32
944,layer3.conv2,element,3,"(23, 13, 19)",0,0.0,False,0.815,0.0,False,,26,12.0,3.0,2.0,0.75,False,False,1
945,layer3.conv1,element,2,"(80, 11, 25)",0,0.0,False,0.815,0.0,False,,50,-3.0,-6.0,1.0000001192092896,1.0,False,False,1
946,layer3.conv2,element,1,"(13, 19, 16)",0,0.0,False,0.815,0.0,False,,47,-1.75,-1.25,0.4854268431663513,0.2857142984867096,False,False,1
947,layer1.conv2,element,5,"(9, 5, 3)",0,0.0,False,0.815,0.0,False,,57,-10.0,10.0,0.0,2.0,True,False,1
948,layer3.conv1,element,1,"(87, 3, 21)",0,0.0,False,0.815,0.0,False,,24,8.0,12.0,0.5849626064300537,0.5,False,False,1
949,layer3.conv1,scale,6,"(90, 3)",2,0.01,True,0.825,-0.010000000000000009,False,,119,119.0,55.0,64.0,inf,False,False,32
950,layer3.shortcut.0,element,5,"(25, 1, 15)",1,0.005,True,0.815,0.0,False,,13,1.25,-1.25,0.0,2.0,True,False,1
951,layer1.conv1,element,1,"(23, 5, 30)",1,0.005,True,0.815,0.0,False,,53,-5.0,-7.0,0.4854269027709961,0.4000000059604645,False,False,1
952,layer3.conv2,element,2,"(32, 5, 25)",0,0.0,False,0.815,0.0,False,,21,5.0,2.5,0.9999998807907104,0.5,False,False,1
953,layer3.conv2,element,4,"(20, 20, 5)",0,0.0,False,0.815,0.0,False,,56,-8.0,-0.5,4.0,0.9375,False,False,1
954,layer3.conv2,element,0,"(56, 24, 4)",0,0.0,False,0.815,0.0,False,,57,-10.0,-8.0,0.3219280242919922,0.20000000298023224,False,False,1
955,layer3.conv1,element,0,"(23, 5, 9)",0,0.0,False,0.815,0.0,False,,59,-14.0,-12.0,0.22239232063293457,0.1428571492433548,False,False,1
956,layer3.conv2,element,1,"(74, 26, 0)",1,0.005,True,0.815,0.0,False,,22,6.0,4.0,0.5849626064300537,0.3333333432674408,False,False,1
957,layer3.conv2,element,3,"(84, 19, 28)",1,0.005,True,0.815,0.0,False,,19,3.5,14.0,2.0,3.0,False,False,1
958,layer3.conv1,element,0,"(25, 7, 11)",0,0.0,False,0.815,0.0,False,,0,0.0,0.0625,inf,1.0,False,False,1
959,layer3.conv1,element,5,"(21, 7, 2)",0,0.0,False,0.815,0.0,False,,59,-14.0,14.0,0.0,2.0,True,False,1
960,layer3.shortcut.0,scale,6,"(28, 1)",0,0.0,False,0.815,0.0,False,,121,121.0,57.0,64.0,inf,False,False,32
961,layer3.conv2,element,4,"(61, 6, 14)",0,0.0,False,0.815,0.0,False,,45,-1.25,-20.0,4.0,15.0,False,False,1
962,layer2.conv2,element,5,"(9, 2, 25)",3,0.015,True,0.815,0.0,False,,29,20.0,-20.0,0.0,2.0,True,False,1
963,layer2.conv1,element,1,"(19, 6, 2)",1,0.005,True,0.815,0.0,False,,18,3.0,2.0,0.5849624872207642,0.3333333432674408,False,False,1
964,layer3.conv2,element,0,"(66, 1, 15)",0,0.0,False,0.815,0.0,False,,49,-2.5,-2.0,0.32192814350128174,0.20000000298023224,False,False,1
965,layer3.conv2,element,1,"(47, 2, 28)",0,0.0,False,0.815,0.0,False,,60,-16.0,-24.0,0.5849623680114746,0.5,False,False,1
966,layer3.conv1,element,2,"(45, 1, 12)",0,0.0,False,0.815,0.0,False,,53,-5.0,-2.5,0.9999998807907104,0.5,False,False,1
967,layer3.conv1,element,4,"(24, 12, 12)",0,0.0,False,0.815,0.0,False,,25,10.0,0.625,4.0,0.9375,False,False,1
968,layer2.conv2,element,5,"(24, 5, 7)",2,0.01,True,0.815,0.0,False,,58,-12.0,12.0,0.0,2.0,True,False,1
969,layer3.conv2,element,0,"(94, 12, 24)",0,0.0,False,0.815,0.0,False,,56,-8.0,-10.0,0.3219280242919922,0.25,False,False,1
970,layer3.conv1,element,5,"(23, 3, 8)",0,0.0,False,0.815,0.0,False,,54,-6.0,6.0,0.0,2.0,True,False,1
971,layer3.conv1,element,1,"(12, 10, 6)",0,0.0,False,0.815,0.0,False,,62,-24.0,-16.0,0.5849623680114746,0.3333333432674408,False,False,1
972,layer3.shortcut.0,element,0,"(36, 0, 29)",0,0.0,False,0.815,0.0,False,,24,8.0,10.0,0.3219280242919922,0.25,False,False,1
973,layer3.conv2,scale,1,"(23, 22)",0,0.0,False,0.815,0.0,False,,122,122.0,120.0,2.0,inf,False,False,32
974,layer2.conv2,element,0,"(12, 5, 11)",1,0.005,True,0.815,0.0,False,,57,-10.0,-8.0,0.3219280242919922,0.20000000298023224,False,False,1
975,layer2.conv2,element,3,"(8, 11, 31)",1,0.005,True,0.815,0.0,False,,49,-2.5,-10.0,1.9999998807907104,3.0,False,False,1
976,layer2.conv2,element,4,"(24, 4, 17)",0,0.0,False,0.815,0.0,False,,50,-3.0,-0.125,4.584962368011475,0.9583333134651184,False,False,1
977,layer2.conv2,element,4,"(41, 7, 19)",1,0.005,True,0.815,0.0,False,,56,-8.0,-0.5,4.0,0.9375,False,False,1
978,layer3.conv2,element,1,"(57, 23, 1)",0,0.0,False,0.815,0.0,False,,16,2.0,3.0,0.5849624872207642,0.5,False,False,1
979,layer3.conv1,element,0,"(40, 3, 27)",0,0.0,False,0.815,0.0,False,,58,-12.0,-14.0,0.22239232063293457,0.1666666716337204,False,False,1
980,layer3.conv2,element,3,"(80, 13, 12)",0,0.0,False,0.815,0.0,False,,40,-0.5,-0.0,inf,1.0,False,False,1
981,layer3.conv2,element,4,"(41, 12, 8)",0,0.0,False,0.815,0.0,False,,28,16.0,1.0,4.0,0.9375,False,False,1
982,layer3.conv2,scale,6,"(75, 19)",2,0.01,True,0.82,-0.0050000000000000044,False,,121,121.0,57.0,64.0,inf,False,False,32
983,layer2.conv2,element,1,"(8, 10, 26)",0,0.0,False,0.815,0.0,False,,50,-3.0,-2.0,0.5849624872207642,0.3333333432674408,False,False,1
984,layer3.conv1,element,1,"(76, 2, 18)",1,0.005,True,0.815,0.0,False,,28,16.0,24.0,0.5849623680114746,0.5,False,False,1
985,layer3.conv1,element,4,"(11, 10, 18)",1,0.005,True,0.81,0.004999999999999893,False,,15,1.75,28.0,4.0,15.0,False,False,1
986,layer3.conv2,element,4,"(9, 9, 16)",0,0.0,False,0.815,0.0,False,,22,6.0,0.375,4.0,0.9375,False,False,1
987,layer3.conv2,element,0,"(85, 9, 20)",0,0.0,False,0.815,0.0,False,,46,-1.5,-1.75,0.22239243984222412,0.1666666716337204,False,False,1
988,layer3.conv1,element,0,"(59, 10, 14)",0,0.0,False,0.815,0.0,False,,63,-28.0,-24.0,0.22239255905151367,0.1428571492433548,False,False,1
989,layer2.conv2,element,2,"(44, 6, 15)",0,0.0,False,0.815,0.0,False,,26,12.0,24.0,0.9999997615814209,1.0,False,False,1
990,layer2.conv1,element,0,"(33, 1, 20)",0,0.0,False,0.815,0.0,False,,41,-0.625,-0.5,0.32192808389663696,0.20000000298023224,False,False,1
991,layer3.conv2,element,4,"(35, 21, 17)",0,0.0,False,0.815,0.0,False,,1,0.0625,2.5,5.321928024291992,39.0,False,False,1
992,layer3.conv2,element,2,"(18, 26, 17)",0,0.0,False,0.815,0.0,False,,18,3.0,6.0,1.0000001192092896,1.0,False,False,1
993,layer3.conv1,element,2,"(10, 11, 23)",1,0.005,True,0.815,0.0,False,,22,6.0,3.0,1.0000001192092896,0.5,False,False,1
994,layer3.conv2,element,1,"(26, 22, 15)",0,0.0,False,0.815,0.0,False,,20,4.0,6.0,0.5849626064300537,0.5,False,False,1
995,layer3.conv2,element,4,"(60, 17, 31)",0,0.0,False,0.815,0.0,False,,58,-12.0,-0.75,4.0,0.9375,False,False,1
996,layer3.conv1,element,1,"(4, 5, 21)",0,0.0,False,0.815,0.0,False,,52,-4.0,-6.0,0.5849626064300537,0.5,False,False,1
997,layer3.conv2,element,1,"(43, 4, 10)",0,0.0,False,0.815,0.0,False,,58,-12.0,-8.0,0.5849626064300537,0.3333333432674408,False,False,1
998,layer3.conv2,element,1,"(94, 26, 21)",0,0.0,False,0.815,0.0,False,,21,5.0,7.0,0.4854269027709961,0.4000000059604645,False,False,1
999,layer3.conv2,element,4,"(52, 16, 31)",0,0.0,False,0.815,0.0,False,,50,-3.0,-0.125,4.584962368011475,0.9583333134651184,False,False,1
1000,layer2.conv1,element,3,"(15, 3, 5)",1,0.005,True,0.815,0.0,False,,62,-24.0,-6.0,1.999999761581421,0.75,False,False,1
1001,layer3.conv1,element,3,"(24, 10, 17)",1,0.005,True,0.815,0.0,False,,61,-20.0,-5.0,2.0,0.75,False,False,1
1002,layer3.conv2,element,4,"(2, 3, 31)",0,0.0,False,0.815,0.0,False,,50,-3.0,-0.125,4.584962368011475,0.9583333134651184,False,False,1
1003,layer3.conv2,element,2,"(44, 16, 18)",0,0.0,False,0.815,0.0,False,,25,10.0,20.0,1.0,1.0,False,False,1
1004,layer3.conv2,element,0,"(9, 7, 23)",0,0.0,False,0.815,0.0,False,,43,-0.875,-0.75,0.22239243984222412,0.1428571492433548,False,False,1
1005,layer3.conv1,element,4,"(38, 7, 27)",0,0.0,False,0.815,0.0,False,,45,-1.25,-20.0,4.0,15.0,False,False,1
1006,layer3.conv2,element,2,"(4, 23, 8)",0,0.0,False,0.815,0.0,False,,56,-8.0,-16.0,1.0,1.0,False,False,1
1007,layer3.conv2,element,3,"(18, 23, 25)",0,0.0,False,0.815,0.0,False,,21,5.0,20.0,2.0,3.0,False,False,1
1008,layer3.conv2,element,2,"(7, 19, 7)",1,0.005,True,0.815,0.0,False,,58,-12.0,-24.0,0.9999997615814209,1.0,False,False,1
1009,layer3.conv1,element,5,"(17, 4, 6)",1,0.005,True,0.815,0.0,False,,56,-8.0,8.0,0.0,2.0,True,False,1
1010,layer3.conv2,scale,7,"(15, 19)",200,1.0,True,0.0,0.815,True,,121,121.0,249.0,128.0,inf,False,False,32
1011,layer2.conv2,element,1,"(28, 9, 17)",0,0.0,False,0.815,0.0,False,,51,-3.5,-2.5,0.48542678356170654,0.2857142984867096,False,False,1
1012,layer3.conv2,element,3,"(59, 11, 30)",0,0.0,False,0.815,0.0,False,,0,0.0,0.5,inf,8.0,False,False,1
1013,layer3.conv2,element,2,"(16, 25, 8)",0,0.0,False,0.815,0.0,False,,7,0.4375,0.1875,1.2223923206329346,0.5714285969734192,False,False,1
1014,layer3.conv2,element,4,"(46, 26, 28)",0,0.0,False,0.815,0.0,False,,54,-6.0,-0.375,4.0,0.9375,False,False,1
1015,layer3.conv2,element,3,"(91, 13, 0)",0,0.0,False,0.815,0.0,False,,28,16.0,4.0,2.0,0.75,False,False,1
1016,layer3.conv2,element,2,"(53, 15, 5)",0,0.0,False,0.815,0.0,False,,19,3.5,7.0,1.0,1.0,False,False,1
1017,layer3.conv2,element,5,"(42, 23, 9)",1,0.005,True,0.815,0.0,False,,29,20.0,-20.0,0.0,2.0,True,False,1
1018,layer3.conv1,element,2,"(83, 2, 16)",0,0.0,False,0.815,0.0,False,,14,1.5,0.75,1.0,0.5,False,False,1
1019,layer3.conv2,element,1,"(17, 16, 25)",0,0.0,False,0.815,0.0,False,,50,-3.0,-2.0,0.5849624872207642,0.3333333432674408,False,False,1
1020,layer3.conv2,element,4,"(37, 5, 29)",1,0.005,True,0.815,0.0,False,,22,6.0,0.375,4.0,0.9375,False,False,1
1021,layer3.conv2,element,5,"(73, 21, 3)",0,0.0,False,0.815,0.0,False,,53,-5.0,5.0,0.0,2.0,True,False,1
1022,layer3.conv1,element,4,"(88, 6, 13)",1,0.005,True,0.815,0.0,False,,26,12.0,0.75,4.0,0.9375,False,False,1
1023,layer3.conv2,element,0,"(49, 6, 14)",0,0.0,False,0.815,0.0,False,,20,4.0,5.0,0.3219280242919922,0.25,False,False,1
1024,layer3.conv2,element,5,"(52, 9, 27)",0,0.0,False,0.815,0.0,False,,2,0.125,-0.125,0.0,2.0,True,False,1
1025,layer1.conv1,element,2,"(8, 0, 14)",0,0.0,False,0.815,0.0,False,,24,8.0,16.0,1.0,1.0,False,False,1
1026,layer3.conv1,element,2,"(86, 8, 9)",0,0.0,False,0.815,0.0,False,,22,6.0,3.0,1.0000001192092896,0.5,False,False,1
1027,layer3.conv2,element,2,"(95, 1, 30)",0,0.0,False,0.815,0.0,False,,49,-2.5,-5.0,0.9999998807907104,1.0,False,False,1
1028,layer2.conv1,element,1,"(32, 1, 30)",1,0.005,True,0.815,0.0,False,,51,-3.5,-2.5,0.48542678356170654,0.2857142984867096,False,False,1
1029,layer1.conv1,element,0,"(11, 0, 8)",0,0.0,False,0.815,0.0,False,,42,-0.75,-0.875,0.22239243984222412,0.1666666716337204,False,False,1
1030,layer3.conv1,element,2,"(95, 12, 28)",1,0.005,True,0.815,0.0,False,,61,-20.0,-10.0,1.0,0.5,False,False,1
1031,layer3.conv1,element,3,"(14, 1, 22)",0,0.0,False,0.815,0.0,False,,30,24.0,6.0,1.999999761581421,0.75,False,False,1
1032,layer2.conv1,element,0,"(20, 0, 8)",1,0.005,True,0.815,0.0,False,,61,-20.0,-16.0,0.3219280242919922,0.20000000298023224,False,False,1
1033,layer3.conv2,element,1,"(7, 4, 16)",0,0.0,False,0.815,0.0,False,,50,-3.0,-2.0,0.5849624872207642,0.3333333432674408,False,False,1
1034,layer2.conv2,element,5,"(18, 2, 6)",1,0.005,True,0.815,0.0,False,,63,-28.0,28.0,0.0,2.0,True,False,1
1035,layer3.conv2,element,3,"(16, 18, 23)",0,0.0,False,0.815,0.0,False,,12,1.0,0.25,2.0,0.75,False,False,1
1036,layer2.conv2,element,2,"(34, 12, 3)",1,0.005,True,0.815,0.0,False,,58,-12.0,-24.0,0.9999997615814209,1.0,False,False,1
1037,layer2.conv2,element,2,"(39, 1, 30)",0,0.0,False,0.815,0.0,False,,53,-5.0,-2.5,0.9999998807907104,0.5,False,False,1
1038,layer3.conv2,element,0,"(43, 24, 27)",0,0.0,False,0.815,0.0,False,,9,0.625,0.5,0.32192808389663696,0.20000000298023224,False,False,1
1039,layer3.conv2,element,3,"(33, 19, 17)",1,0.005,True,0.815,0.0,False,,28,16.0,4.0,2.0,0.75,False,False,1
1040,layer3.conv2,element,3,"(66, 7, 18)",0,0.0,False,0.815,0.0,False,,53,-5.0,-20.0,2.0,3.0,False,False,1
1041,layer1.conv1,element,4,"(18, 2, 24)",1,0.005,True,0.815,0.0,False,,58,-12.0,-0.75,4.0,0.9375,False,False,1
1042,layer3.conv2,element,3,"(69, 20, 10)",0,0.0,False,0.815,0.0,False,,22,6.0,24.0,1.999999761581421,3.0,False,False,1
1043,layer2.conv2,element,2,"(40, 2, 13)",0,0.0,False,0.815,0.0,False,,26,12.0,24.0,0.9999997615814209,1.0,False,False,1
1044,layer1.conv1,element,5,"(16, 0, 23)",0,0.0,False,0.815,0.0,False,,29,20.0,-20.0,0.0,2.0,True,False,1
1045,layer3.conv1,element,0,"(45, 8, 12)",0,0.0,False,0.815,0.0,False,,19,3.5,3.0,0.22239243984222412,0.1428571492433548,False,False,1
1046,layer3.conv2,element,0,"(44, 1, 30)",0,0.0,False,0.815,0.0,False,,23,7.0,6.0,0.22239232063293457,0.1428571492433548,False,False,1
1047,layer3.conv1,element,0,"(82, 6, 9)",0,0.0,False,0.815,0.0,False,,54,-6.0,-7.0,0.22239232063293457,0.1666666716337204,False,False,1
1048,layer3.conv2,element,3,"(66, 6, 8)",0,0.0,False,0.815,0.0,False,,28,16.0,4.0,2.0,0.75,False,False,1
1049,layer3.conv1,element,3,"(73, 9, 14)",0,0.0,False,0.815,0.0,False,,54,-6.0,-24.0,1.999999761581421,3.0,False,False,1
1050,layer3.conv1,element,0,"(52, 12, 14)",0,0.0,False,0.815,0.0,False,,17,2.5,2.0,0.32192814350128174,0.20000000298023224,False,False,1
1051,layer3.conv2,element,0,"(12, 19, 14)",0,0.0,False,0.815,0.0,False,,33,-0.0625,-0.0,inf,1.0,False,False,1
1052,layer3.conv2,element,2,"(67, 2, 31)",0,0.0,False,0.815,0.0,False,,23,7.0,3.5,1.0,0.5,False,False,1
1053,layer2.conv1,element,1,"(2, 0, 16)",1,0.005,True,0.815,0.0,False,,59,-14.0,-10.0,0.4854269027709961,0.2857142984867096,False,False,1
1054,layer1.conv1,element,4,"(15, 1, 27)",4,0.02,True,0.82,-0.0050000000000000044,False,,57,-10.0,-0.625,4.0,0.9375,False,False,1
1055,layer3.conv2,element,0,"(36, 18, 4)",0,0.0,False,0.815,0.0,False,,52,-4.0,-5.0,0.3219280242919922,0.25,False,False,1
1056,layer3.conv2,element,2,"(63, 11, 10)",0,0.0,False,0.815,0.0,False,,24,8.0,16.0,1.0,1.0,False,False,1
1057,layer3.conv2,element,4,"(49, 2, 27)",1,0.005,True,0.815,0.0,False,,53,-5.0,-0.3125,4.0,0.9375,False,False,1
1058,layer3.conv1,element,4,"(28, 5, 30)",0,0.0,False,0.815,0.0,False,,58,-12.0,-0.75,4.0,0.9375,False,False,1
1059,layer2.conv2,element,2,"(42, 5, 17)",0,0.0,False,0.815,0.0,False,,50,-3.0,-6.0,1.0000001192092896,1.0,False,False,1
1060,layer1.conv1,element,5,"(2, 0, 3)",1,0.005,True,0.815,0.0,False,,52,-4.0,4.0,0.0,2.0,True,False,1
1061,layer3.conv1,element,3,"(45, 1, 5)",0,0.0,False,0.815,0.0,False,,24,8.0,2.0,2.0,0.75,False,False,1
1062,layer3.conv2,element,3,"(32, 4, 23)",0,0.0,False,0.815,0.0,False,,21,5.0,20.0,2.0,3.0,False,False,1
1063,layer2.conv2,element,2,"(13, 10, 10)",0,0.0,False,0.815,0.0,False,,30,24.0,12.0,0.9999997615814209,0.5,False,False,1
1064,layer3.conv2,element,2,"(64, 14, 14)",0,0.0,False,0.815,0.0,False,,54,-6.0,-3.0,1.0000001192092896,0.5,False,False,1
1065,layer3.conv1,element,2,"(23, 11, 27)",0,0.0,False,0.815,0.0,False,,61,-20.0,-10.0,1.0,0.5,False,False,1
1066,layer3.conv1,element,1,"(13, 1, 19)",1,0.005,True,0.815,0.0,False,,17,2.5,3.5,0.48542678356170654,0.4000000059604645,False,False,1
1067,layer3.conv2,element,3,"(94, 17, 30)",0,0.0,False,0.815,0.0,False,,46,-1.5,-0.375,2.0,0.75,False,False,1
1068,layer3.conv2,element,1,"(11, 18, 27)",0,0.0,False,0.815,0.0,False,,17,2.5,3.5,0.48542678356170654,0.4000000059604645,False,False,1
1069,layer2.conv2,element,1,"(17, 0, 24)",1,0.005,True,0.815,0.0,False,,60,-16.0,-24.0,0.5849623680114746,0.5,False,False,1
1070,layer3.conv1,element,5,"(87, 2, 9)",0,0.0,False,0.815,0.0,False,,57,-10.0,10.0,0.0,2.0,True,False,1
1071,layer3.shortcut.0,element,4,"(13, 0, 13)",0,0.0,False,0.815,0.0,False,,56,-8.0,-0.5,4.0,0.9375,False,False,1
1072,layer3.conv2,element,3,"(81, 26, 7)",0,0.0,False,0.815,0.0,False,,25,10.0,2.5,1.9999998807907104,0.75,False,False,1
1073,layer2.conv2,element,2,"(32, 7, 6)",1,0.005,True,0.815,0.0,False,,58,-12.0,-24.0,0.9999997615814209,1.0,False,False,1
1074,layer3.conv2,element,5,"(68, 12, 1)",0,0.0,False,0.815,0.0,False,,54,-6.0,6.0,0.0,2.0,True,False,1
1075,layer3.conv1,element,4,"(89, 3, 0)",0,0.0,False,0.815,0.0,False,,54,-6.0,-0.375,4.0,0.9375,False,False,1
1076,layer3.conv1,element,0,"(39, 11, 29)",0,0.0,False,0.815,0.0,False,,51,-3.5,-3.0,0.22239243984222412,0.1428571492433548,False,False,1
1077,layer2.conv2,element,3,"(45, 2, 15)",1,0.005,True,0.815,0.0,False,,37,-0.3125,-1.25,2.0,3.0,False,False,1
1078,layer3.conv2,element,5,"(41, 3, 12)",0,0.0,False,0.815,0.0,False,,26,12.0,-12.0,0.0,2.0,True,False,1
1079,layer3.conv2,element,2,"(2, 25, 7)",0,0.0,False,0.815,0.0,False,,50,-3.0,-6.0,1.0000001192092896,1.0,False,False,1
1080,layer3.conv2,scale,5,"(71, 6)",1,0.005,True,0.815,0.0,False,,122,122.0,90.0,32.0,inf,False,False,32
1081,layer3.conv2,element,0,"(38, 25, 28)",0,0.0,False,0.815,0.0,False,,54,-6.0,-7.0,0.22239232063293457,0.1666666716337204,False,False,1
1082,layer3.conv2,scale,6,"(83, 23)",0,0.0,False,0.815,0.0,False,,122,122.0,58.0,64.0,inf,False,False,32
1083,layer2.conv2,element,0,"(19, 11, 23)",1,0.005,True,0.815,0.0,False,,26,12.0,14.0,0.22239232063293457,0.1666666716337204,False,False,1
1084,layer3.conv2,element,0,"(52, 8, 5)",0,0.0,False,0.815,0.0,False,,22,6.0,7.0,0.22239232063293457,0.1666666716337204,False,False,1
1085,layer3.conv1,element,5,"(32, 9, 28)",0,0.0,False,0.815,0.0,False,,58,-12.0,12.0,0.0,2.0,True,False,1
1086,layer3.conv2,element,5,"(20, 17, 0)",1,0.005,True,0.815,0.0,False,,59,-14.0,14.0,0.0,2.0,True,False,1
1087,layer1.conv1,element,2,"(14, 6, 14)",1,0.005,True,0.815,0.0,False,,28,16.0,8.0,1.0,0.5,False,False,1
1088,layer2.conv1,element,1,"(20, 2, 13)",0,0.0,False,0.815,0.0,False,,57,-10.0,-14.0,0.4854269027709961,0.4000000059604645,False,False,1
1089,layer3.conv2,element,4,"(36, 16, 11)",0,0.0,False,0.815,0.0,False,,59,-14.0,-0.875,4.0,0.9375,False,False,1
1090,layer1.conv1,element,4,"(7, 1, 4)",0,0.0,False,0.815,0.0,False,,55,-7.0,-0.4375,4.0,0.9375,False,False,1
1091,layer3.conv1,element,0,"(67, 7, 29)",0,0.0,False,0.815,0.0,False,,59,-14.0,-12.0,0.22239232063293457,0.1428571492433548,False,False,1
1092,layer3.conv2,element,0,"(9, 7, 6)",0,0.0,False,0.815,0.0,False,,46,-1.5,-1.75,0.22239243984222412,0.1666666716337204,False,False,1
1093,layer1.conv1,element,0,"(12, 1, 20)",1,0.005,True,0.815,0.0,False,,50,-3.0,-3.5,0.22239243984222412,0.1666666716337204,False,False,1
1094,layer2.conv1,element,2,"(47, 0, 2)",1,0.005,True,0.815,0.0,False,,56,-8.0,-16.0,1.0,1.0,False,False,1
1095,layer3.conv2,element,4,"(10, 17, 24)",0,0.0,False,0.815,0.0,False,,56,-8.0,-0.5,4.0,0.9375,False,False,1
1096,layer3.conv2,element,0,"(32, 24, 22)",0,0.0,False,0.815,0.0,False,,22,6.0,7.0,0.22239232063293457,0.1666666716337204,False,False,1
1097,layer3.conv2,element,2,"(75, 17, 10)",1,0.005,True,0.815,0.0,False,,29,20.0,10.0,1.0,0.5,False,False,1
1098,layer2.conv2,element,0,"(26, 3, 19)",0,0.0,False,0.815,0.0,False,,21,5.0,4.0,0.3219280242919922,0.20000000298023224,False,False,1
1099,layer3.conv2,element,5,"(47, 16, 2)",0,0.0,False,0.815,0.0,False,,60,-16.0,16.0,0.0,2.0,True,False,1
1100,layer3.conv1,element,1,"(20, 12, 22)",0,0.0,False,0.815,0.0,False,,21,5.0,7.0,0.4854269027709961,0.4000000059604645,False,False,1
1101,layer3.conv1,element,5,"(46, 4, 11)",0,0.0,False,0.815,0.0,False,,59,-14.0,14.0,0.0,2.0,True,False,1
1102,layer3.conv1,element,3,"(27, 12, 28)",1,0.005,True,0.815,0.0,False,,23,7.0,28.0,2.0,3.0,False,False,1
1103,layer2.conv2,element,1,"(37, 4, 25)",1,0.005,True,0.815,0.0,False,,19,3.5,2.5,0.48542678356170654,0.2857142984867096,False,False,1
1104,layer2.conv1,element,1,"(14, 0, 23)",0,0.0,False,0.815,0.0,False,,60,-16.0,-24.0,0.5849623680114746,0.5,False,False,1
1105,layer3.conv1,element,4,"(32, 11, 19)",1,0.005,True,0.815,0.0,False,,21,5.0,0.3125,4.0,0.9375,False,False,1
1106,layer3.conv1,element,5,"(51, 13, 5)",0,0.0,False,0.815,0.0,False,,33,-0.0625,0.0625,0.0,2.0,True,False,1
1107,layer2.conv2,element,5,"(4, 5, 17)",1,0.005,True,0.815,0.0,False,,30,24.0,-24.0,0.0,2.0,True,False,1
1108,layer3.conv2,element,3,"(55, 14, 26)",0,0.0,False,0.815,0.0,False,,29,20.0,5.0,2.0,0.75,False,False,1
1109,layer2.conv2,element,3,"(37, 3, 11)",1,0.005,True,0.81,0.004999999999999893,False,,23,7.0,28.0,2.0,3.0,False,False,1
1110,layer1.conv2,element,1,"(1, 6, 17)",1,0.005,True,0.815,0.0,False,,21,5.0,7.0,0.4854269027709961,0.4000000059604645,False,False,1
1111,layer3.conv2,element,2,"(50, 1, 1)",0,0.0,False,0.815,0.0,False,,58,-12.0,-24.0,0.9999997615814209,1.0,False,False,1
1112,layer3.conv2,element,1,"(91, 26, 20)",0,0.0,False,0.815,0.0,False,,18,3.0,2.0,0.5849624872207642,0.3333333432674408,False,False,1
1113,layer3.conv2,element,5,"(43, 20, 29)",0,0.0,False,0.815,0.0,False,,25,10.0,-10.0,0.0,2.0,True,False,1
1114,layer3.conv2,element,0,"(95, 9, 7)",0,0.0,False,0.815,0.0,False,,11,0.875,0.75,0.22239243984222412,0.1428571492433548,False,False,1
1115,layer3.conv2,element,2,"(37, 6, 6)",0,0.0,False,0.815,0.0,False,,54,-6.0,-3.0,1.0000001192092896,0.5,False,False,1
1116,layer1.conv2,element,5,"(6, 1, 13)",0,0.0,False,0.815,0.0,False,,16,2.0,-2.0,0.0,2.0,True,False,1
1117,layer3.conv2,element,2,"(16, 20, 15)",0,0.0,False,0.815,0.0,False,,54,-6.0,-3.0,1.0000001192092896,0.5,False,False,1
1118,layer3.conv1,element,5,"(91, 5, 15)",0,0.0,False,0.815,0.0,False,,59,-14.0,14.0,0.0,2.0,True,False,1
1119,layer3.conv1,element,2,"(54, 7, 19)",1,0.005,True,0.815,0.0,False,,21,5.0,2.5,0.9999998807907104,0.5,False,False,1
1120,layer3.conv2,element,3,"(43, 7, 5)",1,0.005,True,0.815,0.0,False,,20,4.0,16.0,2.0,3.0,False,False,1
1121,layer3.conv2,element,2,"(17, 24, 22)",0,0.0,False,0.815,0.0,False,,30,24.0,12.0,0.9999997615814209,0.5,False,False,1
1122,layer3.conv2,element,0,"(87, 3, 21)",0,0.0,False,0.815,0.0,False,,12,1.0,1.25,0.32192808389663696,0.25,False,False,1
1123,layer3.conv2,element,0,"(67, 18, 12)",0,0.0,False,0.815,0.0,False,,18,3.0,3.5,0.22239243984222412,0.1666666716337204,False,False,1
1124,layer3.conv2,element,0,"(21, 10, 4)",0,0.0,False,0.815,0.0,False,,1,0.0625,0.0,inf,1.0,False,False,1
1125,layer3.conv2,element,5,"(49, 15, 22)",0,0.0,False,0.815,0.0,False,,20,4.0,-4.0,0.0,2.0,True,False,1
1126,layer3.conv2,element,0,"(1, 3, 25)",0,0.0,False,0.815,0.0,False,,56,-8.0,-10.0,0.3219280242919922,0.25,False,False,1
1127,layer3.conv2,element,2,"(24, 11, 19)",0,0.0,False,0.815,0.0,False,,28,16.0,8.0,1.0,0.5,False,False,1
1128,layer3.conv1,element,2,"(0, 11, 20)",1,0.005,True,0.815,0.0,False,,60,-16.0,-8.0,1.0,0.5,False,False,1
1129,layer2.conv2,element,2,"(25, 10, 10)",1,0.005,True,0.815,0.0,False,,22,6.0,3.0,1.0000001192092896,0.5,False,False,1
1130,layer3.conv2,element,2,"(12, 26, 18)",1,0.005,True,0.815,0.0,False,,21,5.0,2.5,0.9999998807907104,0.5,False,False,1
1131,layer3.conv1,element,3,"(31, 4, 27)",1,0.005,True,0.815,0.0,False,,21,5.0,20.0,2.0,3.0,False,False,1
1132,layer3.shortcut.0,element,0,"(7, 0, 28)",1,0.005,True,0.815,0.0,False,,27,14.0,12.0,0.22239232063293457,0.1428571492433548,False,False,1
1133,layer3.conv2,element,2,"(58, 11, 5)",0,0.0,False,0.815,0.0,False,,29,20.0,10.0,1.0,0.5,False,False,1
1134,layer3.conv2,element,1,"(11, 9, 10)",0,0.0,False,0.815,0.0,False,,54,-6.0,-4.0,0.5849626064300537,0.3333333432674408,False,False,1
1135,layer3.conv2,element,5,"(0, 10, 21)",0,0.0,False,0.815,0.0,False,,57,-10.0,10.0,0.0,2.0,True,False,1
1136,layer3.conv2,element,1,"(64, 10, 26)",1,0.005,True,0.815,0.0,False,,28,16.0,24.0,0.5849623680114746,0.5,False,False,1
1137,layer3.conv2,element,5,"(15, 21, 0)",0,0.0,False,0.815,0.0,False,,30,24.0,-24.0,0.0,2.0,True,False,1
1138,layer3.conv2,scale,5,"(47, 26)",1,0.005,True,0.815,0.0,False,,121,121.0,89.0,32.0,inf,False,False,32
1139,layer1.conv2,scale,4,"(13, 6)",6,0.03,True,0.81,0.004999999999999893,False,,121,121.0,105.0,16.0,inf,False,False,32
1140,layer3.conv2,element,4,"(8, 6, 8)",0,0.0,False,0.815,0.0,False,,46,-1.5,-24.0,4.0,15.0,False,False,1
1141,layer3.conv2,element,2,"(74, 18, 26)",1,0.005,True,0.815,0.0,False,,50,-3.0,-6.0,1.0000001192092896,1.0,False,False,1
1142,layer2.conv2,element,5,"(9, 2, 6)",0,0.0,False,0.815,0.0,False,,14,1.5,-1.5,0.0,2.0,True,False,1
1143,layer3.shortcut.0,element,0,"(77, 1, 15)",0,0.0,False,0.815,0.0,False,,57,-10.0,-8.0,0.3219280242919922,0.20000000298023224,False,False,1
1144,layer3.conv2,element,3,"(51, 2, 25)",1,0.005,True,0.815,0.0,False,,19,3.5,14.0,2.0,3.0,False,False,1
1145,layer3.conv2,element,5,"(92, 20, 4)",1,0.005,True,0.815,0.0,False,,54,-6.0,6.0,0.0,2.0,True,False,1
1146,layer3.conv1,element,4,"(18, 0, 27)",0,0.0,False,0.815,0.0,False,,27,14.0,0.875,4.0,0.9375,False,False,1
1147,layer3.conv1,element,4,"(52, 1, 30)",0,0.0,False,0.815,0.0,False,,23,7.0,0.4375,4.0,0.9375,False,False,1
1148,layer3.conv1,element,5,"(65, 8, 0)",1,0.005,True,0.815,0.0,False,,57,-10.0,10.0,0.0,2.0,True,False,1
1149,layer3.conv2,element,0,"(54, 24, 9)",0,0.0,False,0.815,0.0,False,,57,-10.0,-8.0,0.3219280242919922,0.20000000298023224,False,False,1
1150,layer3.shortcut.0,scale,1,"(19, 1)",0,0.0,False,0.815,0.0,False,,119,119.0,117.0,2.0,inf,False,False,32
1151,layer1.conv2,element,3,"(11, 2, 30)",0,0.0,False,0.815,0.0,False,,49,-2.5,-10.0,1.9999998807907104,3.0,False,False,1
1152,layer3.conv2,element,0,"(54, 24, 8)",0,0.0,False,0.815,0.0,False,,56,-8.0,-10.0,0.3219280242919922,0.25,False,False,1
1153,layer3.conv1,element,5,"(18, 8, 10)",1,0.005,True,0.815,0.0,False,,57,-10.0,10.0,0.0,2.0,True,False,1
1154,layer3.conv1,element,4,"(10, 3, 29)",1,0.005,True,0.815,0.0,False,,30,24.0,1.5,4.0,0.9375,False,False,1
1155,layer3.conv1,element,0,"(44, 12, 28)",0,0.0,False,0.815,0.0,False,,29,20.0,16.0,0.3219280242919922,0.20000000298023224,False,False,1
1156,layer3.conv1,element,0,"(28, 1, 10)",0,0.0,False,0.815,0.0,False,,36,-0.25,-0.3125,0.32192814350128174,0.25,False,False,1
1157,layer3.conv2,element,0,"(93, 3, 25)",0,0.0,False,0.815,0.0,False,,48,-2.0,-2.5,0.32192814350128174,0.25,False,False,1
1158,layer3.conv2,element,2,"(49, 4, 10)",0,0.0,False,0.815,0.0,False,,28,16.0,8.0,1.0,0.5,False,False,1
1159,layer2.conv2,element,0,"(37, 3, 23)",0,0.0,False,0.815,0.0,False,,51,-3.5,-3.0,0.22239243984222412,0.1428571492433548,False,False,1
1160,layer3.conv1,element,4,"(17, 7, 7)",1,0.005,True,0.815,0.0,False,,56,-8.0,-0.5,4.0,0.9375,False,False,1
1161,layer3.conv1,element,5,"(53, 11, 9)",0,0.0,False,0.815,0.0,False,,50,-3.0,3.0,0.0,2.0,True,False,1
1162,layer3.conv2,element,5,"(19, 14, 4)",0,0.0,False,0.815,0.0,False,,41,-0.625,0.625,0.0,2.0,True,False,1
1163,layer3.conv1,element,1,"(34, 0, 23)",0,0.0,False,0.815,0.0,False,,23,7.0,5.0,0.4854269027709961,0.2857142984867096,False,False,1
1164,layer3.conv2,element,2,"(62, 11, 10)",0,0.0,False,0.815,0.0,False,,54,-6.0,-3.0,1.0000001192092896,0.5,False,False,1
1165,layer3.conv1,element,2,"(70, 7, 0)",0,0.0,False,0.815,0.0,False,,23,7.0,3.5,1.0,0.5,False,False,1
1166,layer2.conv1,element,0,"(0, 1, 23)",1,0.005,True,0.815,0.0,False,,29,20.0,16.0,0.3219280242919922,0.20000000298023224,False,False,1
1167,layer3.conv1,element,0,"(49, 8, 13)",0,0.0,False,0.815,0.0,False,,47,-1.75,-1.5,0.22239243984222412,0.1428571492433548,False,False,1
1168,layer3.conv2,element,3,"(81, 0, 12)",0,0.0,False,0.815,0.0,False,,28,16.0,4.0,2.0,0.75,False,False,1
1169,conv1,element,2,"(20, 0, 4)",0,0.0,False,0.815,0.0,False,,60,-16.0,-8.0,1.0,0.5,False,False,1
1170,layer3.conv2,element,4,"(55, 16, 6)",1,0.005,True,0.815,0.0,False,,56,-8.0,-0.5,4.0,0.9375,False,False,1
1171,layer3.conv2,element,3,"(53, 14, 11)",0,0.0,False,0.815,0.0,False,,22,6.0,24.0,1.999999761581421,3.0,False,False,1
1172,layer3.conv1,element,5,"(43, 4, 15)",0,0.0,False,0.815,0.0,False,,26,12.0,-12.0,0.0,2.0,True,False,1
1173,layer3.conv2,element,0,"(62, 23, 7)",0,0.0,False,0.815,0.0,False,,48,-2.0,-2.5,0.32192814350128174,0.25,False,False,1
1174,layer3.conv2,element,3,"(67, 22, 0)",1,0.005,True,0.815,0.0,False,,28,16.0,4.0,2.0,0.75,False,False,1
1175,layer3.conv2,element,4,"(44, 16, 11)",1,0.005,True,0.815,0.0,False,,21,5.0,0.3125,4.0,0.9375,False,False,1
1176,layer2.conv1,element,3,"(28, 3, 12)",1,0.005,True,0.815,0.0,False,,53,-5.0,-20.0,2.0,3.0,False,False,1
1177,layer3.shortcut.0,scale,3,"(85, 0)",1,0.005,True,0.815,0.0,False,,121,121.0,113.0,8.0,inf,False,False,32
1178,layer3.conv2,element,2,"(75, 26, 18)",0,0.0,False,0.815,0.0,False,,3,0.1875,0.4375,1.2223923206329346,1.3333333730697632,False,False,1
1179,layer3.conv2,element,2,"(15, 0, 23)",0,0.0,False,0.815,0.0,False,,59,-14.0,-28.0,1.0,1.0,False,False,1
1180,layer3.conv2,element,5,"(70, 23, 8)",0,0.0,False,0.815,0.0,False,,55,-7.0,7.0,0.0,2.0,True,False,1
1181,layer3.shortcut.0,element,3,"(26, 1, 8)",0,0.0,False,0.815,0.0,False,,57,-10.0,-2.5,1.9999998807907104,0.75,False,False,1
1182,layer3.conv2,element,4,"(17, 2, 31)",0,0.0,False,0.815,0.0,False,,24,8.0,0.5,4.0,0.9375,False,False,1
1183,layer3.conv1,element,3,"(48, 11, 9)",0,0.0,False,0.815,0.0,False,,55,-7.0,-28.0,2.0,3.0,False,False,1
1184,layer3.conv2,element,5,"(90, 22, 20)",1,0.005,True,0.815,0.0,False,,55,-7.0,7.0,0.0,2.0,True,False,1
1185,layer3.conv2,scale,0,"(18, 9)",1,0.005,True,0.815,0.0,False,,122,122.0,123.0,1.0,inf,False,False,32
1186,layer3.conv1,element,0,"(40, 1, 7)",0,0.0,False,0.815,0.0,False,,49,-2.5,-2.0,0.32192814350128174,0.20000000298023224,False,False,1
1187,layer3.conv2,element,4,"(89, 18, 25)",0,0.0,False,0.815,0.0,False,,55,-7.0,-0.4375,4.0,0.9375,False,False,1
1188,layer3.conv1,element,4,"(49, 7, 9)",1,0.005,True,0.815,0.0,False,,22,6.0,0.375,4.0,0.9375,False,False,1
1189,layer1.conv1,element,0,"(1, 1, 3)",0,0.0,False,0.815,0.0,False,,24,8.0,10.0,0.3219280242919922,0.25,False,False,1
1190,layer3.conv2,element,1,"(7, 8, 22)",1,0.005,True,0.815,0.0,False,,26,12.0,8.0,0.5849626064300537,0.3333333432674408,False,False,1
1191,layer3.conv2,element,5,"(61, 8, 4)",0,0.0,False,0.815,0.0,False,,18,3.0,-3.0,0.0,2.0,True,False,1
1192,layer2.conv2,element,2,"(27, 0, 18)",0,0.0,False,0.815,0.0,False,,53,-5.0,-2.5,0.9999998807907104,0.5,False,False,1
1193,layer3.conv2,element,1,"(36, 10, 26)",0,0.0,False,0.815,0.0,False,,25,10.0,14.0,0.4854269027709961,0.4000000059604645,False,False,1
1194,layer3.conv1,scale,5,"(95, 0)",2,0.01,True,0.805,0.009999999999999898,False,,119,119.0,87.0,32.0,inf,False,False,32
1195,layer3.conv1,element,0,"(14, 3, 5)",0,0.0,False,0.815,0.0,False,,60,-16.0,-20.0,0.3219280242919922,0.25,False,False,1
1196,layer1.conv2,element,4,"(16, 4, 7)",1,0.005,True,0.815,0.0,False,,20,4.0,0.25,4.0,0.9375,False,False,1
1197,layer3.conv2,element,5,"(37, 9, 23)",0,0.0,False,0.815,0.0,False,,12,1.0,-1.0,0.0,2.0,True,False,1
1198,layer3.conv2,element,2,"(69, 17, 2)",1,0.005,True,0.815,0.0,False,,57,-10.0,-20.0,1.0,1.0,False,False,1
1199,layer3.conv2,element,2,"(2, 11, 0)",0,0.0,False,0.815,0.0,False,,62,-24.0,-12.0,0.9999997615814209,0.5,False,False,1
1200,layer3.conv1,element,2,"(73, 12, 5)",0,0.0,False,0.815,0.0,False,,50,-3.0,-6.0,1.0000001192092896,1.0,False,False,1
1201,layer3.conv2,element,2,"(7, 18, 8)",0,0.0,False,0.815,0.0,False,,17,2.5,5.0,0.9999998807907104,1.0,False,False,1
1202,layer3.conv2,element,0,"(37, 25, 4)",0,0.0,False,0.815,0.0,False,,21,5.0,4.0,0.3219280242919922,0.20000000298023224,False,False,1
1203,layer3.conv1,element,0,"(74, 0, 16)",1,0.005,True,0.815,0.0,False,,60,-16.0,-20.0,0.3219280242919922,0.25,False,False,1
1204,layer3.conv2,element,5,"(40, 26, 29)",1,0.005,True,0.815,0.0,False,,16,2.0,-2.0,0.0,2.0,True,False,1
1205,layer1.conv1,element,0,"(19, 6, 20)",1,0.005,True,0.815,0.0,False,,28,16.0,20.0,0.3219280242919922,0.25,False,False,1
1206,layer3.conv2,element,2,"(54, 16, 15)",1,0.005,True,0.815,0.0,False,,54,-6.0,-3.0,1.0000001192092896,0.5,False,False,1
1207,layer3.shortcut.0,element,2,"(15, 0, 0)",0,0.0,False,0.815,0.0,False,,21,5.0,2.5,0.9999998807907104,0.5,False,False,1
1208,layer3.shortcut.0,element,3,"(88, 0, 29)",0,0.0,False,0.815,0.0,False,,23,7.0,28.0,2.0,3.0,False,False,1
1209,layer2.conv2,element,3,"(44, 1, 23)",0,0.0,False,0.815,0.0,False,,19,3.5,14.0,2.0,3.0,False,False,1
1210,layer3.conv2,element,5,"(62, 0, 23)",0,0.0,False,0.815,0.0,False,,48,-2.0,2.0,0.0,2.0,True,False,1
1211,layer3.conv1,element,0,"(6, 10, 7)",0,0.0,False,0.815,0.0,False,,59,-14.0,-12.0,0.22239232063293457,0.1428571492433548,False,False,1
1212,layer1.conv1,element,4,"(14, 1, 24)",2,0.01,True,0.81,0.004999999999999893,False,,28,16.0,1.0,4.0,0.9375,False,False,1
1213,layer3.conv2,element,4,"(54, 20, 19)",1,0.005,True,0.815,0.0,False,,63,-28.0,-1.75,4.0,0.9375,False,False,1
1214,layer3.conv2,element,5,"(18, 11, 17)",0,0.0,False,0.815,0.0,False,,19,3.5,-3.5,0.0,2.0,True,False,1
1215,layer2.conv2,element,5,"(10, 5, 21)",0,0.0,False,0.815,0.0,False,,17,2.5,-2.5,0.0,2.0,True,False,1
1216,layer3.conv1,element,3,"(16, 4, 3)",1,0.005,True,0.815,0.0,False,,24,8.0,2.0,2.0,0.75,False,False,1
1217,layer3.conv2,element,0,"(74, 26, 16)",0,0.0,False,0.815,0.0,False,,24,8.0,10.0,0.3219280242919922,0.25,False,False,1
1218,layer3.conv1,element,0,"(82, 12, 17)",0,0.0,False,0.815,0.0,False,,38,-0.375,-0.4375,0.22239243984222412,0.1666666716337204,False,False,1
1219,layer3.conv2,element,4,"(0, 22, 14)",0,0.0,False,0.815,0.0,False,,60,-16.0,-1.0,4.0,0.9375,False,False,1
1220,layer3.conv1,element,5,"(8, 2, 19)",0,0.0,False,0.815,0.0,False,,44,-1.0,1.0,0.0,2.0,True,False,1
1221,layer3.conv2,element,2,"(82, 16, 20)",0,0.0,False,0.815,0.0,False,,50,-3.0,-6.0,1.0000001192092896,1.0,False,False,1
1222,layer3.conv1,element,3,"(62, 5, 10)",0,0.0,False,0.815,0.0,False,,30,24.0,6.0,1.999999761581421,0.75,False,False,1
1223,layer3.conv1,element,4,"(18, 12, 4)",1,0.005,True,0.815,0.0,False,,62,-24.0,-1.5,4.0,0.9375,False,False,1
1224,layer2.conv1,element,1,"(8, 2, 27)",0,0.0,False,0.815,0.0,False,,58,-12.0,-8.0,0.5849626064300537,0.3333333432674408,False,False,1
1225,layer2.conv1,scale,1,"(30, 6)",1,0.005,True,0.815,0.0,False,,119,119.0,117.0,2.0,inf,False,False,32
1226,layer2.conv1,element,4,"(19, 5, 7)",1,0.005,True,0.82,-0.0050000000000000044,False,,14,1.5,24.0,4.0,15.0,False,False,1
1227,layer3.conv2,element,0,"(52, 16, 23)",0,0.0,False,0.815,0.0,False,,25,10.0,8.0,0.3219280242919922,0.20000000298023224,False,False,1
1228,layer3.conv2,element,4,"(89, 8, 22)",1,0.005,True,0.815,0.0,False,,18,3.0,0.125,4.584962368011475,0.9583333134651184,False,False,1
1229,layer3.conv1,element,0,"(65, 10, 0)",0,0.0,False,0.815,0.0,False,,48,-2.0,-2.5,0.32192814350128174,0.25,False,False,1
1230,layer3.conv1,element,3,"(94, 9, 9)",1,0.005,True,0.815,0.0,False,,19,3.5,14.0,2.0,3.0,False,False,1
1231,layer1.conv1,element,5,"(9, 4, 25)",1,0.005,True,0.815,0.0,False,,49,-2.5,2.5,0.0,2.0,True,False,1
1232,layer3.conv2,element,3,"(70, 17, 1)",0,0.0,False,0.815,0.0,False,,24,8.0,2.0,2.0,0.75,False,False,1
1233,layer3.conv2,element,2,"(47, 14, 1)",0,0.0,False,0.815,0.0,False,,55,-7.0,-3.5,1.0,0.5,False,False,1
1234,layer3.conv2,element,2,"(31, 18, 29)",0,0.0,False,0.815,0.0,False,,44,-1.0,-0.5,1.0,0.5,False,False,1
1235,layer3.conv2,element,5,"(32, 21, 2)",0,0.0,False,0.815,0.0,False,,57,-10.0,10.0,0.0,2.0,True,False,1
1236,layer3.conv1,element,0,"(44, 1, 23)",0,0.0,False,0.815,0.0,False,,28,16.0,20.0,0.3219280242919922,0.25,False,False,1
1237,layer1.conv1,element,5,"(5, 3, 1)",0,0.0,False,0.815,0.0,False,,20,4.0,-4.0,0.0,2.0,True,False,1
1238,layer3.conv1,element,3,"(10, 9, 30)",1,0.005,True,0.815,0.0,False,,26,12.0,3.0,2.0,0.75,False,False,1
1239,layer3.conv2,element,0,"(67, 1, 9)",0,0.0,False,0.815,0.0,False,,57,-10.0,-8.0,0.3219280242919922,0.20000000298023224,False,False,1
1240,layer3.conv2,element,1,"(40, 26, 8)",0,0.0,False,0.815,0.0,False,,20,4.0,6.0,0.5849626064300537,0.5,False,False,1
1241,layer3.conv2,element,0,"(54, 26, 16)",1,0.005,True,0.815,0.0,False,,28,16.0,20.0,0.3219280242919922,0.25,False,False,1
1242,layer2.conv1,element,3,"(25, 6, 21)",1,0.005,True,0.82,-0.0050000000000000044,False,,22,6.0,24.0,1.999999761581421,3.0,False,False,1
1243,layer3.conv2,element,2,"(79, 17, 10)",0,0.0,False,0.815,0.0,False,,30,24.0,12.0,0.9999997615814209,0.5,False,False,1
1244,layer3.conv2,element,4,"(31, 10, 12)",0,0.0,False,0.815,0.0,False,,57,-10.0,-0.625,4.0,0.9375,False,False,1
1245,layer3.conv2,element,0,"(2, 24, 9)",0,0.0,False,0.815,0.0,False,,58,-12.0,-14.0,0.22239232063293457,0.1666666716337204,False,False,1
1246,layer3.conv1,element,3,"(9, 2, 4)",0,0.0,False,0.815,0.0,False,,56,-8.0,-2.0,2.0,0.75,False,False,1
1247,layer3.conv2,element,2,"(35, 24, 2)",1,0.005,True,0.815,0.0,False,,56,-8.0,-16.0,1.0,1.0,False,False,1
1248,layer3.conv2,element,3,"(10, 18, 2)",1,0.005,True,0.815,0.0,False,,25,10.0,2.5,1.9999998807907104,0.75,False,False,1
1249,layer3.conv2,element,3,"(11, 5, 3)",1,0.005,True,0.815,0.0,False,,23,7.0,28.0,2.0,3.0,False,False,1
1250,layer2.conv2,element,0,"(26, 7, 18)",1,0.005,True,0.815,0.0,False,,20,4.0,5.0,0.3219280242919922,0.25,False,False,1
1251,layer3.conv2,element,4,"(41, 15, 28)",1,0.005,True,0.815,0.0,False,,9,0.625,10.0,4.0,15.0,False,False,1
1252,layer2.conv2,element,5,"(36, 4, 29)",1,0.005,True,0.81,0.004999999999999893,False,,57,-10.0,10.0,0.0,2.0,True,False,1
1253,layer3.conv2,element,5,"(4, 16, 14)",0,0.0,False,0.815,0.0,False,,55,-7.0,7.0,0.0,2.0,True,False,1
1254,layer3.conv2,element,1,"(55, 14, 11)",0,0.0,False,0.815,0.0,False,,58,-12.0,-8.0,0.5849626064300537,0.3333333432674408,False,False,1
1255,layer3.conv2,element,4,"(34, 20, 5)",0,0.0,False,0.815,0.0,False,,22,6.0,0.375,4.0,0.9375,False,False,1
1256,layer2.conv1,element,5,"(43, 5, 6)",1,0.005,True,0.815,0.0,False,,26,12.0,-12.0,0.0,2.0,True,False,1
1257,layer3.conv1,element,1,"(49, 7, 28)",1,0.005,True,0.815,0.0,False,,61,-20.0,-28.0,0.4854269027709961,0.4000000059604645,False,False,1
1258,layer3.conv2,element,5,"(26, 14, 22)",0,0.0,False,0.815,0.0,False,,50,-3.0,3.0,0.0,2.0,True,False,1
1259,layer3.conv2,element,2,"(11, 15, 19)",0,0.0,False,0.815,0.0,False,,56,-8.0,-16.0,1.0,1.0,False,False,1
1260,layer3.conv1,scale,3,"(8, 11)",172,0.86,True,0.135,0.6799999999999999,False,,119,119.0,127.0,8.0,inf,False,False,32
1261,layer3.conv2,element,1,"(87, 21, 8)",0,0.0,False,0.815,0.0,False,,55,-7.0,-5.0,0.4854269027709961,0.2857142984867096,False,False,1
1262,layer3.conv2,element,0,"(50, 17, 4)",0,0.0,False,0.815,0.0,False,,54,-6.0,-7.0,0.22239232063293457,0.1666666716337204,False,False,1
1263,layer3.conv2,element,1,"(5, 23, 13)",1,0.005,True,0.815,0.0,False,,56,-8.0,-12.0,0.5849626064300537,0.5,False,False,1
1264,layer3.conv2,element,5,"(66, 9, 23)",1,0.005,True,0.815,0.0,False,,46,-1.5,1.5,0.0,2.0,True,False,1
1265,layer1.conv1,element,3,"(9, 5, 20)",0,0.0,False,0.815,0.0,False,,28,16.0,4.0,2.0,0.75,False,False,1
1266,layer2.conv2,element,2,"(43, 1, 6)",0,0.0,False,0.815,0.0,False,,23,7.0,3.5,1.0,0.5,False,False,1
1267,layer3.conv2,element,3,"(2, 5, 1)",0,0.0,False,0.815,0.0,False,,21,5.0,20.0,2.0,3.0,False,False,1
1268,layer2.conv1,element,2,"(27, 5, 8)",0,0.0,False,0.815,0.0,False,,47,-1.75,-0.875,1.0,0.5,False,False,1
1269,layer3.conv1,element,5,"(81, 2, 1)",1,0.005,True,0.815,0.0,False,,58,-12.0,12.0,0.0,2.0,True,False,1
1270,layer3.conv2,element,1,"(2, 26, 7)",0,0.0,False,0.815,0.0,False,,57,-10.0,-14.0,0.4854269027709961,0.4000000059604645,False,False,1
1271,layer3.conv1,element,2,"(31, 3, 14)",0,0.0,False,0.815,0.0,False,,22,6.0,3.0,1.0000001192092896,0.5,False,False,1
1272,layer3.conv1,element,3,"(81, 2, 27)",1,0.005,True,0.815,0.0,False,,59,-14.0,-3.5,2.0,0.75,False,False,1
1273,layer3.conv1,element,5,"(0, 4, 30)",0,0.0,False,0.815,0.0,False,,60,-16.0,16.0,0.0,2.0,True,False,1
1274,layer3.conv1,element,0,"(47, 11, 9)",0,0.0,False,0.815,0.0,False,,56,-8.0,-10.0,0.3219280242919922,0.25,False,False,1
1275,layer3.conv2,element,1,"(83, 13, 18)",0,0.0,False,0.815,0.0,False,,47,-1.75,-1.25,0.4854268431663513,0.2857142984867096,False,False,1
1276,layer3.conv2,element,0,"(52, 20, 22)",0,0.0,False,0.815,0.0,False,,27,14.0,12.0,0.22239232063293457,0.1428571492433548,False,False,1
1277,layer3.conv2,element,0,"(4, 26, 7)",1,0.005,True,0.815,0.0,False,,27,14.0,12.0,0.22239232063293457,0.1428571492433548,False,False,1
1278,layer3.conv2,element,0,"(31, 2, 24)",0,0.0,False,0.815,0.0,False,,24,8.0,10.0,0.3219280242919922,0.25,False,False,1
1279,layer3.conv2,element,4,"(42, 14, 25)",0,0.0,False,0.815,0.0,False,,50,-3.0,-0.125,4.584962368011475,0.9583333134651184,False,False,1
1280,layer2.conv2,element,5,"(26, 10, 24)",0,0.0,False,0.815,0.0,False,,12,1.0,-1.0,0.0,2.0,True,False,1
1281,layer3.conv1,element,1,"(63, 10, 20)",0,0.0,False,0.815,0.0,False,,49,-2.5,-3.5,0.48542678356170654,0.4000000059604645,False,False,1
1282,layer3.conv2,element,3,"(12, 22, 7)",1,0.005,True,0.815,0.0,False,,25,10.0,2.5,1.9999998807907104,0.75,False,False,1
1283,layer3.conv2,element,0,"(43, 15, 17)",0,0.0,False,0.815,0.0,False,,20,4.0,5.0,0.3219280242919922,0.25,False,False,1
1284,layer2.conv2,element,4,"(2, 1, 0)",0,0.0,False,0.815,0.0,False,,55,-7.0,-0.4375,4.0,0.9375,False,False,1
1285,layer3.conv1,element,5,"(3, 1, 22)",1,0.005,True,0.815,0.0,False,,23,7.0,-7.0,0.0,2.0,True,False,1
1286,layer2.conv2,element,3,"(18, 7, 30)",1,0.005,True,0.815,0.0,False,,24,8.0,2.0,2.0,0.75,False,False,1
1287,layer3.conv2,element,0,"(76, 2, 30)",0,0.0,False,0.815,0.0,False,,61,-20.0,-16.0,0.3219280242919922,0.20000000298023224,False,False,1
1288,layer3.conv2,element,5,"(49, 1, 3)",0,0.0,False,0.815,0.0,False,,45,-1.25,1.25,0.0,2.0,True,False,1
1289,layer3.conv2,element,1,"(37, 26, 11)",0,0.0,False,0.815,0.0,False,,53,-5.0,-7.0,0.4854269027709961,0.4000000059604645,False,False,1
1290,layer2.conv2,element,4,"(19, 1, 19)",1,0.005,True,0.815,0.0,False,,63,-28.0,-1.75,4.0,0.9375,False,False,1
1291,layer2.conv2,element,5,"(11, 12, 18)",1,0.005,True,0.815,0.0,False,,23,7.0,-7.0,0.0,2.0,True,False,1
1292,layer3.conv1,element,3,"(46, 2, 26)",0,0.0,False,0.815,0.0,False,,11,0.875,0.1875,2.2223923206329346,0.7857142686843872,False,False,1
1293,layer3.conv2,element,4,"(79, 14, 30)",0,0.0,False,0.815,0.0,False,,54,-6.0,-0.375,4.0,0.9375,False,False,1
1294,layer2.conv2,element,0,"(23, 4, 15)",1,0.005,True,0.815,0.0,False,,56,-8.0,-10.0,0.3219280242919922,0.25,False,False,1
1295,layer3.conv2,element,5,"(7, 2, 3)",0,0.0,False,0.815,0.0,False,,19,3.5,-3.5,0.0,2.0,True,False,1
1296,layer1.conv2,element,5,"(3, 3, 10)",0,0.0,False,0.815,0.0,False,,19,3.5,-3.5,0.0,2.0,True,False,1
1297,layer3.conv2,element,2,"(20, 22, 30)",0,0.0,False,0.815,0.0,False,,47,-1.75,-0.875,1.0,0.5,False,False,1
1298,layer3.conv2,element,3,"(70, 2, 19)",0,0.0,False,0.815,0.0,False,,22,6.0,24.0,1.999999761581421,3.0,False,False,1
1299,conv1,element,3,"(13, 0, 24)",2,0.01,True,0.82,-0.0050000000000000044,False,,24,8.0,2.0,2.0,0.75,False,False,1
1300,layer3.conv2,element,0,"(10, 5, 17)",0,0.0,False,0.815,0.0,False,,55,-7.0,-6.0,0.22239232063293457,0.1428571492433548,False,False,1
1301,layer2.conv2,element,1,"(29, 4, 20)",1,0.005,True,0.815,0.0,False,,60,-16.0,-24.0,0.5849623680114746,0.5,False,False,1
1302,layer1.conv2,element,1,"(9, 5, 10)",1,0.005,True,0.815,0.0,False,,23,7.0,5.0,0.4854269027709961,0.2857142984867096,False,False,1
1303,layer1.conv2,element,0,"(20, 4, 9)",0,0.0,False,0.815,0.0,False,,15,1.75,1.5,0.22239243984222412,0.1428571492433548,False,False,1
1304,layer3.conv1,element,0,"(82, 1, 10)",0,0.0,False,0.815,0.0,False,,54,-6.0,-7.0,0.22239232063293457,0.1666666716337204,False,False,1
1305,layer3.conv2,element,0,"(48, 26, 16)",0,0.0,False,0.815,0.0,False,,53,-5.0,-4.0,0.3219280242919922,0.20000000298023224,False,False,1
1306,layer3.conv2,element,0,"(48, 21, 6)",0,0.0,False,0.815,0.0,False,,25,10.0,8.0,0.3219280242919922,0.20000000298023224,False,False,1
1307,layer1.conv1,element,5,"(18, 1, 23)",1,0.005,True,0.815,0.0,False,,52,-4.0,4.0,0.0,2.0,True,False,1
1308,layer3.conv1,element,0,"(51, 10, 12)",0,0.0,False,0.815,0.0,False,,61,-20.0,-16.0,0.3219280242919922,0.20000000298023224,False,False,1
1309,layer3.conv2,element,0,"(32, 12, 21)",0,0.0,False,0.815,0.0,False,,29,20.0,16.0,0.3219280242919922,0.20000000298023224,False,False,1
1310,layer3.conv1,element,5,"(65, 5, 4)",0,0.0,False,0.815,0.0,False,,24,8.0,-8.0,0.0,2.0,True,False,1
1311,layer3.conv1,scale,0,"(38, 0)",1,0.005,True,0.815,0.0,False,,119,119.0,118.0,1.0,inf,False,False,32
1312,layer3.conv1,scale,6,"(11, 0)",1,0.005,True,0.815,0.0,False,,119,119.0,55.0,64.0,inf,False,False,32
1313,layer2.conv1,scale,0,"(42, 3)",1,0.005,True,0.81,0.004999999999999893,False,,119,119.0,118.0,1.0,inf,False,False,32
1314,layer3.conv2,element,4,"(7, 12, 20)",1,0.005,True,0.815,0.0,False,,20,4.0,0.25,4.0,0.9375,False,False,1
1315,layer3.conv2,element,4,"(64, 8, 18)",0,0.0,False,0.815,0.0,False,,27,14.0,0.875,4.0,0.9375,False,False,1
1316,layer3.conv2,element,2,"(26, 8, 10)",1,0.005,True,0.815,0.0,False,,23,7.0,3.5,1.0,0.5,False,False,1
1317,layer3.conv2,element,5,"(70, 25, 10)",1,0.005,True,0.815,0.0,False,,21,5.0,-5.0,0.0,2.0,True,False,1
1318,layer3.conv2,element,3,"(84, 19, 0)",0,0.0,False,0.815,0.0,False,,46,-1.5,-0.375,2.0,0.75,False,False,1
1319,layer3.conv1,element,0,"(29, 6, 5)",0,0.0,False,0.815,0.0,False,,25,10.0,8.0,0.3219280242919922,0.20000000298023224,False,False,1
1320,layer3.conv2,element,5,"(86, 1, 3)",0,0.0,False,0.815,0.0,False,,63,-28.0,28.0,0.0,2.0,True,False,1
1321,layer3.conv2,element,2,"(85, 16, 6)",0,0.0,False,0.815,0.0,False,,52,-4.0,-2.0,1.0,0.5,False,False,1
1322,layer3.conv2,element,3,"(47, 19, 28)",1,0.005,True,0.815,0.0,False,,49,-2.5,-10.0,1.9999998807907104,3.0,False,False,1
1323,layer3.conv2,element,2,"(17, 18, 22)",0,0.0,False,0.815,0.0,False,,17,2.5,5.0,0.9999998807907104,1.0,False,False,1
1324,layer3.conv1,element,4,"(8, 12, 16)",0,0.0,False,0.815,0.0,False,,8,0.5,8.0,4.0,15.0,False,False,1
1325,layer2.conv1,element,1,"(47, 4, 26)",0,0.0,False,0.815,0.0,False,,46,-1.5,-1.0,0.5849624872207642,0.3333333432674408,False,False,1
1326,layer3.conv1,element,0,"(19, 0, 18)",0,0.0,False,0.815,0.0,False,,53,-5.0,-4.0,0.3219280242919922,0.20000000298023224,False,False,1
1327,layer2.conv2,element,0,"(39, 11, 23)",0,0.0,False,0.815,0.0,False,,9,0.625,0.5,0.32192808389663696,0.20000000298023224,False,False,1
1328,layer2.conv2,element,3,"(16, 6, 6)",0,0.0,False,0.815,0.0,False,,56,-8.0,-2.0,2.0,0.75,False,False,1
1329,layer2.conv2,element,5,"(29, 5, 12)",1,0.005,True,0.815,0.0,False,,30,24.0,-24.0,0.0,2.0,True,False,1
1330,layer3.conv2,element,0,"(88, 24, 3)",1,0.005,True,0.815,0.0,False,,54,-6.0,-7.0,0.22239232063293457,0.1666666716337204,False,False,1
1331,layer2.conv1,element,0,"(19, 3, 19)",0,0.0,False,0.815,0.0,False,,54,-6.0,-7.0,0.22239232063293457,0.1666666716337204,False,False,1
1332,layer3.conv2,element,2,"(68, 2, 18)",0,0.0,False,0.815,0.0,False,,53,-5.0,-2.5,0.9999998807907104,0.5,False,False,1
1333,layer3.conv2,element,5,"(73, 19, 30)",0,0.0,False,0.815,0.0,False,,55,-7.0,7.0,0.0,2.0,True,False,1
1334,layer3.conv2,element,5,"(22, 22, 22)",0,0.0,False,0.815,0.0,False,,48,-2.0,2.0,0.0,2.0,True,False,1
1335,layer1.conv1,element,4,"(17, 1, 25)",18,0.09,True,0.83,-0.015000000000000013,False,,39,-0.4375,-7.0,4.0,15.0,False,False,1
1336,layer2.conv1,element,4,"(6, 0, 24)",0,0.0,False,0.815,0.0,False,,47,-1.75,-28.0,4.0,15.0,False,False,1
1337,layer3.conv2,element,2,"(32, 18, 4)",0,0.0,False,0.815,0.0,False,,54,-6.0,-3.0,1.0000001192092896,0.5,False,False,1
1338,layer3.conv2,element,0,"(20, 12, 3)",0,0.0,False,0.815,0.0,False,,27,14.0,12.0,0.22239232063293457,0.1428571492433548,False,False,1
1339,layer3.conv1,element,2,"(82, 2, 15)",0,0.0,False,0.815,0.0,False,,22,6.0,3.0,1.0000001192092896,0.5,False,False,1
1340,layer3.conv1,element,2,"(54, 8, 17)",1,0.005,True,0.815,0.0,False,,25,10.0,20.0,1.0,1.0,False,False,1
1341,layer2.conv2,element,4,"(9, 9, 16)",0,0.0,False,0.815,0.0,False,,61,-20.0,-1.25,4.0,0.9375,False,False,1
1342,layer3.conv2,element,5,"(74, 11, 3)",1,0.005,True,0.815,0.0,False,,21,5.0,-5.0,0.0,2.0,True,False,1
1343,layer3.conv2,element,3,"(42, 10, 5)",0,0.0,False,0.815,0.0,False,,8,0.5,0.0,inf,1.0,False,False,1
1344,layer3.conv2,element,1,"(44, 0, 12)",0,0.0,False,0.815,0.0,False,,51,-3.5,-2.5,0.48542678356170654,0.2857142984867096,False,False,1
1345,layer3.conv2,element,0,"(71, 15, 1)",0,0.0,False,0.815,0.0,False,,29,20.0,16.0,0.3219280242919922,0.20000000298023224,False,False,1
1346,layer3.conv2,element,4,"(46, 15, 7)",0,0.0,False,0.815,0.0,False,,59,-14.0,-0.875,4.0,0.9375,False,False,1
1347,layer3.conv1,element,0,"(27, 4, 2)",0,0.0,False,0.815,0.0,False,,41,-0.625,-0.5,0.32192808389663696,0.20000000298023224,False,False,1
1348,layer3.conv2,element,3,"(37, 19, 11)",0,0.0,False,0.815,0.0,False,,60,-16.0,-4.0,2.0,0.75,False,False,1
1349,layer2.conv2,element,2,"(29, 5, 8)",0,0.0,False,0.815,0.0,False,,56,-8.0,-16.0,1.0,1.0,False,False,1
1350,layer3.conv2,element,4,"(31, 5, 11)",0,0.0,False,0.815,0.0,False,,50,-3.0,-0.125,4.584962368011475,0.9583333134651184,False,False,1
1351,layer3.conv1,element,3,"(65, 3, 13)",0,0.0,False,0.815,0.0,False,,58,-12.0,-3.0,2.0,0.75,False,False,1
1352,layer3.conv2,element,4,"(59, 11, 23)",0,0.0,False,0.815,0.0,False,,29,20.0,1.25,4.0,0.9375,False,False,1
1353,layer2.conv2,element,5,"(23, 9, 30)",0,0.0,False,0.815,0.0,False,,25,10.0,-10.0,0.0,2.0,True,False,1
1354,layer3.conv2,element,3,"(27, 23, 12)",1,0.005,True,0.815,0.0,False,,23,7.0,28.0,2.0,3.0,False,False,1
1355,layer3.conv2,element,4,"(18, 8, 4)",0,0.0,False,0.815,0.0,False,,24,8.0,0.5,4.0,0.9375,False,False,1
1356,layer3.conv2,element,5,"(82, 17, 21)",0,0.0,False,0.815,0.0,False,,59,-14.0,14.0,0.0,2.0,True,False,1
1357,layer3.shortcut.0,scale,0,"(51, 0)",0,0.0,False,0.815,0.0,False,,121,121.0,120.0,1.0,inf,False,False,32
1358,layer3.conv2,element,0,"(15, 17, 7)",0,0.0,False,0.815,0.0,False,,31,28.0,24.0,0.22239255905151367,0.1428571492433548,False,False,1
1359,layer3.conv2,element,5,"(38, 15, 19)",0,0.0,False,0.815,0.0,False,,27,14.0,-14.0,0.0,2.0,True,False,1
1360,layer3.conv1,element,2,"(56, 11, 14)",1,0.005,True,0.815,0.0,False,,56,-8.0,-16.0,1.0,1.0,False,False,1
1361,layer3.conv2,scale,1,"(52, 13)",1,0.005,True,0.815,0.0,False,,121,121.0,123.0,2.0,inf,False,False,32
1362,layer3.conv2,element,0,"(28, 4, 12)",0,0.0,False,0.815,0.0,False,,55,-7.0,-6.0,0.22239232063293457,0.1428571492433548,False,False,1
1363,layer2.conv1,element,0,"(38, 5, 10)",0,0.0,False,0.815,0.0,False,,50,-3.0,-3.5,0.22239243984222412,0.1666666716337204,False,False,1
1364,layer2.conv2,element,1,"(21, 8, 29)",1,0.005,True,0.815,0.0,False,,54,-6.0,-4.0,0.5849626064300537,0.3333333432674408,False,False,1
1365,layer2.conv2,element,0,"(8, 10, 12)",0,0.0,False,0.815,0.0,False,,53,-5.0,-4.0,0.3219280242919922,0.20000000298023224,False,False,1
1366,layer2.conv2,element,5,"(29, 8, 10)",0,0.0,False,0.815,0.0,False,,28,16.0,-16.0,0.0,2.0,True,False,1
1367,layer3.conv2,scale,6,"(17, 11)",1,0.005,True,0.815,0.0,False,,122,122.0,58.0,64.0,inf,False,False,32
1368,layer2.conv1,element,1,"(33, 5, 8)",1,0.005,True,0.815,0.0,False,,60,-16.0,-24.0,0.5849623680114746,0.5,False,False,1
1369,layer1.conv2,element,5,"(1, 0, 7)",1,0.005,True,0.81,0.004999999999999893,False,,26,12.0,-12.0,0.0,2.0,True,False,1
1370,layer3.conv1,element,1,"(93, 9, 22)",0,0.0,False,0.815,0.0,False,,24,8.0,12.0,0.5849626064300537,0.5,False,False,1
1371,layer3.conv2,element,1,"(75, 1, 26)",0,0.0,False,0.815,0.0,False,,45,-1.25,-1.75,0.4854268431663513,0.4000000059604645,False,False,1
1372,layer3.conv1,element,0,"(62, 7, 13)",0,0.0,False,0.815,0.0,False,,52,-4.0,-5.0,0.3219280242919922,0.25,False,False,1
1373,layer3.conv2,element,1,"(33, 4, 1)",0,0.0,False,0.815,0.0,False,,59,-14.0,-10.0,0.4854269027709961,0.2857142984867096,False,False,1
1374,layer3.conv2,element,5,"(64, 17, 10)",1,0.005,True,0.815,0.0,False,,53,-5.0,5.0,0.0,2.0,True,False,1
1375,layer3.conv2,element,3,"(79, 7, 13)",1,0.005,True,0.815,0.0,False,,56,-8.0,-2.0,2.0,0.75,False,False,1
1376,layer3.conv2,element,0,"(50, 24, 31)",0,0.0,False,0.815,0.0,False,,45,-1.25,-1.0,0.32192808389663696,0.20000000298023224,False,False,1
1377,layer3.conv1,element,5,"(66, 7, 16)",1,0.005,True,0.82,-0.0050000000000000044,False,,28,16.0,-16.0,0.0,2.0,True,False,1
1378,layer2.conv1,element,1,"(8, 5, 8)",0,0.0,False,0.815,0.0,False,,10,0.75,0.5,0.5849624872207642,0.3333333432674408,False,False,1
1379,layer3.conv2,element,4,"(53, 23, 1)",0,0.0,False,0.815,0.0,False,,54,-6.0,-0.375,4.0,0.9375,False,False,1
1380,layer3.conv2,element,1,"(6, 22, 7)",1,0.005,True,0.815,0.0,False,,57,-10.0,-14.0,0.4854269027709961,0.4000000059604645,False,False,1
1381,layer3.conv1,element,5,"(57, 11, 25)",1,0.005,True,0.815,0.0,False,,59,-14.0,14.0,0.0,2.0,True,False,1
1382,layer3.conv2,element,1,"(71, 13, 22)",0,0.0,False,0.815,0.0,False,,58,-12.0,-8.0,0.5849626064300537,0.3333333432674408,False,False,1
1383,layer3.conv1,element,1,"(36, 5, 9)",1,0.005,True,0.815,0.0,False,,23,7.0,5.0,0.4854269027709961,0.2857142984867096,False,False,1
1384,layer2.conv2,element,2,"(24, 9, 26)",0,0.0,False,0.815,0.0,False,,34,-0.125,-0.375,1.5849624872207642,2.0,False,False,1
1385,layer2.conv2,element,0,"(45, 8, 8)",0,0.0,False,0.815,0.0,False,,26,12.0,14.0,0.22239232063293457,0.1666666716337204,False,False,1
1386,layer3.conv1,element,4,"(41, 11, 1)",0,0.0,False,0.815,0.0,False,,55,-7.0,-0.4375,4.0,0.9375,False,False,1
1387,layer3.conv2,element,4,"(5, 5, 6)",0,0.0,False,0.815,0.0,False,,59,-14.0,-0.875,4.0,0.9375,False,False,1
1388,layer3.conv2,element,2,"(48, 7, 14)",0,0.0,False,0.815,0.0,False,,62,-24.0,-12.0,0.9999997615814209,0.5,False,False,1
1389,layer3.conv1,element,0,"(15, 6, 13)",0,0.0,False,0.815,0.0,False,,28,16.0,20.0,0.3219280242919922,0.25,False,False,1
1390,layer3.conv1,element,3,"(35, 8, 10)",0,0.0,False,0.815,0.0,False,,16,2.0,8.0,2.0,3.0,False,False,1
1391,layer2.conv1,element,5,"(35, 4, 30)",0,0.0,False,0.815,0.0,False,,46,-1.5,1.5,0.0,2.0,True,False,1
1392,layer3.conv2,element,3,"(87, 23, 28)",0,0.0,False,0.815,0.0,False,,57,-10.0,-2.5,1.9999998807907104,0.75,False,False,1
1393,layer3.conv2,element,2,"(94, 11, 17)",0,0.0,False,0.815,0.0,False,,55,-7.0,-3.5,1.0,0.5,False,False,1
1394,layer2.conv2,element,0,"(2, 8, 23)",0,0.0,False,0.815,0.0,False,,22,6.0,7.0,0.22239232063293457,0.1666666716337204,False,False,1
1395,layer3.conv2,element,0,"(92, 8, 23)",0,0.0,False,0.815,0.0,False,,23,7.0,6.0,0.22239232063293457,0.1428571492433548,False,False,1
1396,layer3.conv2,element,3,"(34, 15, 18)",0,0.0,False,0.815,0.0,False,,55,-7.0,-28.0,2.0,3.0,False,False,1
1397,layer3.conv2,element,1,"(35, 15, 31)",0,0.0,False,0.815,0.0,False,,47,-1.75,-1.25,0.4854268431663513,0.2857142984867096,False,False,1
1398,layer3.conv2,element,1,"(85, 24, 21)",0,0.0,False,0.815,0.0,False,,55,-7.0,-5.0,0.4854269027709961,0.2857142984867096,False,False,1
1399,layer2.conv1,element,2,"(30, 2, 30)",0,0.0,False,0.815,0.0,False,,21,5.0,2.5,0.9999998807907104,0.5,False,False,1
1400,conv1,element,5,"(3, 0, 6)",4,0.02,True,0.825,-0.010000000000000009,False,,60,-16.0,16.0,0.0,2.0,True,False,1
1401,layer3.conv1,element,4,"(44, 10, 28)",0,0.0,False,0.815,0.0,False,,50,-3.0,-0.125,4.584962368011475,0.9583333134651184,False,False,1
1402,layer2.conv2,element,2,"(33, 2, 14)",1,0.005,True,0.815,0.0,False,,49,-2.5,-5.0,0.9999998807907104,1.0,False,False,1
1403,layer3.conv2,element,2,"(53, 19, 30)",1,0.005,True,0.815,0.0,False,,29,20.0,10.0,1.0,0.5,False,False,1
1404,layer3.conv1,element,0,"(68, 3, 14)",0,0.0,False,0.815,0.0,False,,27,14.0,12.0,0.22239232063293457,0.1428571492433548,False,False,1
1405,layer3.conv2,element,5,"(55, 10, 7)",1,0.005,True,0.815,0.0,False,,57,-10.0,10.0,0.0,2.0,True,False,1
1406,layer1.conv1,element,4,"(20, 4, 10)",0,0.0,False,0.815,0.0,False,,56,-8.0,-0.5,4.0,0.9375,False,False,1
1407,layer3.conv2,element,1,"(17, 21, 9)",0,0.0,False,0.815,0.0,False,,58,-12.0,-8.0,0.5849626064300537,0.3333333432674408,False,False,1
1408,layer3.conv2,element,5,"(60, 20, 3)",0,0.0,False,0.815,0.0,False,,48,-2.0,2.0,0.0,2.0,True,False,1
1409,layer2.conv1,element,0,"(22, 5, 24)",0,0.0,False,0.815,0.0,False,,25,10.0,8.0,0.3219280242919922,0.20000000298023224,False,False,1
1410,layer3.conv1,element,4,"(93, 0, 12)",0,0.0,False,0.815,0.0,False,,61,-20.0,-1.25,4.0,0.9375,False,False,1
1411,layer2.conv1,element,5,"(4, 1, 13)",1,0.005,True,0.815,0.0,False,,58,-12.0,12.0,0.0,2.0,True,False,1
1412,layer3.conv1,element,5,"(57, 2, 10)",1,0.005,True,0.815,0.0,False,,52,-4.0,4.0,0.0,2.0,True,False,1
1413,layer1.conv2,element,1,"(8, 5, 4)",1,0.005,True,0.815,0.0,False,,53,-5.0,-7.0,0.4854269027709961,0.4000000059604645,False,False,1
1414,layer1.conv2,element,4,"(18, 5, 24)",0,0.0,False,0.815,0.0,False,,41,-0.625,-10.0,4.0,15.0,False,False,1
1415,layer3.conv2,element,5,"(91, 23, 12)",0,0.0,False,0.815,0.0,False,,17,2.5,-2.5,0.0,2.0,True,False,1
1416,layer2.conv2,element,2,"(28, 1, 12)",0,0.0,False,0.815,0.0,False,,47,-1.75,-0.875,1.0,0.5,False,False,1
1417,layer3.conv2,element,0,"(91, 20, 22)",0,0.0,False,0.815,0.0,False,,25,10.0,8.0,0.3219280242919922,0.20000000298023224,False,False,1
1418,layer3.conv2,element,2,"(79, 14, 6)",0,0.0,False,0.815,0.0,False,,15,1.75,0.875,1.0,0.5,False,False,1
1419,layer3.conv2,element,4,"(32, 10, 3)",0,0.0,False,0.815,0.0,False,,56,-8.0,-0.5,4.0,0.9375,False,False,1
1420,layer3.shortcut.0,element,3,"(88, 0, 29)",0,0.0,False,0.815,0.0,False,,23,7.0,28.0,2.0,3.0,False,False,1
1421,layer3.conv2,element,3,"(57, 21, 12)",0,0.0,False,0.815,0.0,False,,29,20.0,5.0,2.0,0.75,False,False,1
1422,layer2.conv1,element,0,"(6, 3, 8)",0,0.0,False,0.815,0.0,False,,15,1.75,1.5,0.22239243984222412,0.1428571492433548,False,False,1
1423,layer2.conv1,element,1,"(45, 5, 15)",1,0.005,True,0.815,0.0,False,,22,6.0,4.0,0.5849626064300537,0.3333333432674408,False,False,1
1424,conv1,element,1,"(15, 0, 16)",0,0.0,False,0.815,0.0,False,,27,14.0,10.0,0.4854269027709961,0.2857142984867096,False,False,1
1425,layer3.conv2,element,4,"(15, 15, 23)",1,0.005,True,0.815,0.0,False,,57,-10.0,-0.625,4.0,0.9375,False,False,1
1426,layer1.conv2,scale,4,"(8, 4)",8,0.04,True,0.835,-0.020000000000000018,False,,122,122.0,106.0,16.0,inf,False,False,32
1427,layer2.conv1,element,4,"(20, 1, 29)",0,0.0,False,0.815,0.0,False,,27,14.0,0.875,4.0,0.9375,False,False,1
1428,layer3.conv1,element,3,"(55, 5, 22)",1,0.005,True,0.815,0.0,False,,50,-3.0,-12.0,2.0,3.0,False,False,1
1429,layer3.conv1,element,5,"(10, 13, 10)",0,0.0,False,0.815,0.0,False,,40,-0.5,0.5,0.0,2.0,True,False,1
1430,layer3.conv2,element,1,"(68, 15, 24)",0,0.0,False,0.815,0.0,False,,14,1.5,1.0,0.5849624872207642,0.3333333432674408,False,False,1
1431,layer3.conv1,element,5,"(56, 11, 22)",1,0.005,True,0.815,0.0,False,,24,8.0,-8.0,0.0,2.0,True,False,1
1432,layer3.conv1,element,1,"(69, 0, 24)",0,0.0,False,0.815,0.0,False,,28,16.0,24.0,0.5849623680114746,0.5,False,False,1
1433,layer3.conv2,element,2,"(22, 22, 21)",0,0.0,False,0.815,0.0,False,,4,0.25,0.0,inf,1.0,False,False,1
1434,layer3.conv2,element,1,"(88, 3, 6)",0,0.0,False,0.815,0.0,False,,20,4.0,6.0,0.5849626064300537,0.5,False,False,1
1435,layer3.conv2,element,3,"(95, 3, 19)",1,0.005,True,0.815,0.0,False,,27,14.0,3.5,2.0,0.75,False,False,1
1436,layer3.conv2,element,3,"(82, 15, 7)",0,0.0,False,0.815,0.0,False,,43,-0.875,-0.1875,2.2223923206329346,0.7857142686843872,False,False,1
1437,layer3.conv2,element,0,"(83, 16, 5)",0,0.0,False,0.815,0.0,False,,13,1.25,1.0,0.32192808389663696,0.20000000298023224,False,False,1
1438,layer3.conv2,element,3,"(25, 26, 7)",1,0.005,True,0.815,0.0,False,,28,16.0,4.0,2.0,0.75,False,False,1
1439,layer3.conv2,element,4,"(22, 3, 8)",1,0.005,True,0.815,0.0,False,,10,0.75,12.0,4.0,15.0,False,False,1
1440,layer2.conv1,element,2,"(34, 0, 8)",0,0.0,False,0.815,0.0,False,,29,20.0,10.0,1.0,0.5,False,False,1
1441,layer3.shortcut.0,element,5,"(23, 0, 8)",0,0.0,False,0.815,0.0,False,,14,1.5,-1.5,0.0,2.0,True,False,1
1442,layer3.conv2,element,3,"(25, 24, 3)",1,0.005,True,0.815,0.0,False,,25,10.0,2.5,1.9999998807907104,0.75,False,False,1
1443,layer2.shortcut.0,element,3,"(13, 0, 0)",0,0.0,False,0.815,0.0,False,,24,8.0,2.0,2.0,0.75,False,False,1
1444,layer1.conv1,element,5,"(1, 1, 3)",1,0.005,True,0.815,0.0,False,,24,8.0,-8.0,0.0,2.0,True,False,1
1445,layer3.conv2,element,1,"(33, 20, 0)",0,0.0,False,0.815,0.0,False,,51,-3.5,-2.5,0.48542678356170654,0.2857142984867096,False,False,1
1446,layer3.conv2,element,2,"(36, 11, 2)",0,0.0,False,0.815,0.0,False,,17,2.5,5.0,0.9999998807907104,1.0,False,False,1
1447,layer3.conv1,element,0,"(60, 5, 14)",0,0.0,False,0.815,0.0,False,,48,-2.0,-2.5,0.32192814350128174,0.25,False,False,1
1448,layer2.conv2,element,4,"(2, 4, 8)",1,0.005,True,0.815,0.0,False,,56,-8.0,-0.5,4.0,0.9375,False,False,1
1449,layer2.conv1,element,3,"(35, 4, 26)",0,0.0,False,0.815,0.0,False,,49,-2.5,-10.0,1.9999998807907104,3.0,False,False,1
1450,layer3.conv2,element,1,"(91, 3, 13)",1,0.005,True,0.815,0.0,False,,58,-12.0,-8.0,0.5849626064300537,0.3333333432674408,False,False,1
1451,layer3.conv2,element,2,"(43, 15, 23)",0,0.0,False,0.815,0.0,False,,58,-12.0,-24.0,0.9999997615814209,1.0,False,False,1
1452,layer2.conv1,element,3,"(27, 2, 20)",2,0.01,True,0.82,-0.0050000000000000044,False,,29,20.0,5.0,2.0,0.75,False,False,1
1453,layer3.conv2,element,0,"(85, 10, 25)",0,0.0,False,0.815,0.0,False,,53,-5.0,-4.0,0.3219280242919922,0.20000000298023224,False,False,1
1454,layer3.conv1,element,5,"(49, 11, 2)",1,0.005,True,0.815,0.0,False,,23,7.0,-7.0,0.0,2.0,True,False,1
1455,layer3.conv1,element,0,"(6, 8, 24)",0,0.0,False,0.815,0.0,False,,61,-20.0,-16.0,0.3219280242919922,0.20000000298023224,False,False,1
1456,layer3.conv2,element,0,"(0, 18, 11)",0,0.0,False,0.815,0.0,False,,24,8.0,10.0,0.3219280242919922,0.25,False,False,1
1457,layer3.conv2,element,3,"(31, 23, 21)",1,0.005,True,0.815,0.0,False,,25,10.0,2.5,1.9999998807907104,0.75,False,False,1
1458,layer3.shortcut.0,element,0,"(59, 0, 2)",0,0.0,False,0.815,0.0,False,,46,-1.5,-1.75,0.22239243984222412,0.1666666716337204,False,False,1
1459,fc,element,3,"(0, 1, 1)",2,0.01,True,0.825,-0.010000000000000009,False,,28,16.0,4.0,2.0,0.75,False,False,1
1460,layer3.conv2,element,0,"(36, 4, 24)",0,0.0,False,0.815,0.0,False,,61,-20.0,-16.0,0.3219280242919922,0.20000000298023224,False,False,1
1461,layer3.conv2,element,2,"(26, 18, 20)",0,0.0,False,0.815,0.0,False,,25,10.0,20.0,1.0,1.0,False,False,1
1462,layer3.conv1,element,5,"(11, 9, 7)",0,0.0,False,0.815,0.0,False,,44,-1.0,1.0,0.0,2.0,True,False,1
1463,layer2.shortcut.0,element,4,"(14, 0, 17)",0,0.0,False,0.815,0.0,False,,56,-8.0,-0.5,4.0,0.9375,False,False,1
1464,layer3.conv2,element,2,"(66, 5, 28)",0,0.0,False,0.815,0.0,False,,13,1.25,0.625,1.0,0.5,False,False,1
1465,layer3.conv2,element,1,"(69, 15, 3)",0,0.0,False,0.815,0.0,False,,18,3.0,2.0,0.5849624872207642,0.3333333432674408,False,False,1
1466,layer3.conv1,element,3,"(35, 8, 9)",1,0.005,True,0.815,0.0,False,,27,14.0,3.5,2.0,0.75,False,False,1
1467,layer3.conv2,element,5,"(77, 13, 4)",0,0.0,False,0.815,0.0,False,,52,-4.0,4.0,0.0,2.0,True,False,1
1468,layer3.conv1,element,0,"(27, 12, 14)",0,0.0,False,0.815,0.0,False,,21,5.0,4.0,0.3219280242919922,0.20000000298023224,False,False,1
1469,layer2.conv1,scale,6,"(15, 4)",0,0.0,False,0.815,0.0,False,,119,119.0,55.0,64.0,inf,False,False,32
1470,layer3.conv2,scale,5,"(59, 19)",0,0.0,False,0.815,0.0,False,,121,121.0,89.0,32.0,inf,False,False,32
1471,layer3.conv2,element,4,"(63, 17, 26)",0,0.0,False,0.815,0.0,False,,55,-7.0,-0.4375,4.0,0.9375,False,False,1
1472,layer3.conv2,element,3,"(81, 20, 9)",0,0.0,False,0.815,0.0,False,,58,-12.0,-3.0,2.0,0.75,False,False,1
1473,layer2.conv2,element,1,"(47, 1, 4)",1,0.005,True,0.815,0.0,False,,53,-5.0,-7.0,0.4854269027709961,0.4000000059604645,False,False,1
1474,layer3.conv1,element,1,"(3, 5, 27)",0,0.0,False,0.815,0.0,False,,55,-7.0,-5.0,0.4854269027709961,0.2857142984867096,False,False,1
1475,layer3.conv2,element,1,"(93, 14, 10)",0,0.0,False,0.815,0.0,False,,32,-0.0,-0.125,inf,2.0,False,False,1
1476,layer2.conv2,element,4,"(23, 4, 24)",0,0.0,False,0.815,0.0,False,,48,-2.0,-0.0,inf,1.0,False,False,1
1477,layer3.conv2,element,2,"(53, 13, 7)",0,0.0,False,0.815,0.0,False,,24,8.0,16.0,1.0,1.0,False,False,1
1478,layer3.conv1,element,2,"(3, 7, 8)",0,0.0,False,0.815,0.0,False,,27,14.0,28.0,1.0,1.0,False,False,1
1479,layer3.conv2,element,3,"(59, 23, 26)",1,0.005,True,0.815,0.0,False,,23,7.0,28.0,2.0,3.0,False,False,1
1480,layer3.conv1,element,1,"(14, 2, 13)",1,0.005,True,0.815,0.0,False,,23,7.0,5.0,0.4854269027709961,0.2857142984867096,False,False,1
1481,layer3.conv2,element,2,"(2, 8, 0)",0,0.0,False,0.815,0.0,False,,43,-0.875,-1.75,1.0,1.0,False,False,1
1482,layer3.conv2,element,0,"(92, 6, 31)",0,0.0,False,0.815,0.0,False,,15,1.75,1.5,0.22239243984222412,0.1428571492433548,False,False,1
1483,layer3.conv2,element,5,"(44, 1, 9)",1,0.005,True,0.815,0.0,False,,19,3.5,-3.5,0.0,2.0,True,False,1
1484,layer3.conv2,element,0,"(5, 16, 27)",0,0.0,False,0.815,0.0,False,,47,-1.75,-1.5,0.22239243984222412,0.1428571492433548,False,False,1
1485,layer2.conv1,element,1,"(32, 4, 11)",1,0.005,True,0.815,0.0,False,,25,10.0,14.0,0.4854269027709961,0.4000000059604645,False,False,1
1486,layer3.conv1,element,0,"(74, 2, 9)",0,0.0,False,0.815,0.0,False,,53,-5.0,-4.0,0.3219280242919922,0.20000000298023224,False,False,1
1487,layer3.conv2,element,5,"(46, 15, 7)",0,0.0,False,0.815,0.0,False,,59,-14.0,14.0,0.0,2.0,True,False,1
1488,layer2.conv2,element,1,"(34, 9, 21)",0,0.0,False,0.815,0.0,False,,50,-3.0,-2.0,0.5849624872207642,0.3333333432674408,False,False,1
1489,layer3.conv2,element,1,"(19, 3, 28)",0,0.0,False,0.815,0.0,False,,27,14.0,10.0,0.4854269027709961,0.2857142984867096,False,False,1
1490,layer3.conv2,element,1,"(1, 12, 1)",0,0.0,False,0.815,0.0,False,,17,2.5,3.5,0.48542678356170654,0.4000000059604645,False,False,1
1491,layer3.conv1,element,4,"(68, 1, 10)",1,0.005,True,0.815,0.0,False,,56,-8.0,-0.5,4.0,0.9375,False,False,1
1492,layer3.shortcut.0,element,3,"(92, 0, 14)",1,0.005,True,0.815,0.0,False,,56,-8.0,-2.0,2.0,0.75,False,False,1
1493,layer3.conv2,element,2,"(16, 13, 26)",0,0.0,False,0.815,0.0,False,,51,-3.5,-7.0,1.0,1.0,False,False,1
1494,layer3.conv2,element,5,"(60, 8, 14)",0,0.0,False,0.815,0.0,False,,50,-3.0,3.0,0.0,2.0,True,False,1
1495,layer3.conv2,element,1,"(40, 2, 3)",0,0.0,False,0.815,0.0,False,,63,-28.0,-20.0,0.4854269027709961,0.2857142984867096,False,False,1
1496,layer3.conv1,element,1,"(21, 2, 11)",0,0.0,False,0.815,0.0,False,,28,16.0,24.0,0.5849623680114746,0.5,False,False,1
1497,layer2.conv1,element,3,"(32, 2, 9)",1,0.005,True,0.815,0.0,False,,60,-16.0,-4.0,2.0,0.75,False,False,1
1498,layer3.conv2,element,3,"(15, 14, 7)",0,0.0,False,0.815,0.0,False,,13,1.25,0.3125,2.0,0.75,False,False,1
1499,layer3.conv2,element,2,"(65, 19, 12)",0,0.0,False,0.815,0.0,False,,25,10.0,20.0,1.0,1.0,False,False,1
1500,layer3.conv2,element,2,"(19, 18, 28)",0,0.0,False,0.815,0.0,False,,28,16.0,8.0,1.0,0.5,False,False,1
1501,layer3.conv1,element,0,"(13, 0, 22)",0,0.0,False,0.815,0.0,False,,56,-8.0,-10.0,0.3219280242919922,0.25,False,False,1
1502,layer3.conv2,element,1,"(43, 0, 29)",1,0.005,True,0.815,0.0,False,,29,20.0,28.0,0.4854269027709961,0.4000000059604645,False,False,1
1503,layer3.conv1,element,0,"(39, 6, 15)",0,0.0,False,0.815,0.0,False,,48,-2.0,-2.5,0.32192814350128174,0.25,False,False,1
1504,layer3.conv2,element,3,"(64, 23, 19)",0,0.0,False,0.815,0.0,False,,30,24.0,6.0,1.999999761581421,0.75,False,False,1
1505,layer3.conv2,element,1,"(29, 26, 25)",1,0.005,True,0.815,0.0,False,,20,4.0,6.0,0.5849626064300537,0.5,False,False,1
1506,layer2.conv2,element,4,"(7, 6, 21)",0,0.0,False,0.815,0.0,False,,56,-8.0,-0.5,4.0,0.9375,False,False,1
1507,layer3.conv2,element,3,"(64, 19, 29)",1,0.005,True,0.815,0.0,False,,23,7.0,28.0,2.0,3.0,False,False,1
1508,layer1.conv1,element,0,"(18, 6, 0)",0,0.0,False,0.815,0.0,False,,54,-6.0,-7.0,0.22239232063293457,0.1666666716337204,False,False,1
1509,layer3.conv1,element,5,"(78, 10, 3)",0,0.0,False,0.815,0.0,False,,56,-8.0,8.0,0.0,2.0,True,False,1
1510,layer3.conv1,element,1,"(42, 2, 12)",0,0.0,False,0.815,0.0,False,,51,-3.5,-2.5,0.48542678356170654,0.2857142984867096,False,False,1
1511,layer1.conv2,element,0,"(10, 5, 25)",0,0.0,False,0.815,0.0,False,,53,-5.0,-4.0,0.3219280242919922,0.20000000298023224,False,False,1
1512,layer3.conv1,scale,2,"(33, 5)",1,0.005,True,0.82,-0.0050000000000000044,False,,119,119.0,115.0,4.0,inf,False,False,32
1513,layer3.conv1,element,5,"(42, 2, 1)",0,0.0,False,0.815,0.0,False,,60,-16.0,16.0,0.0,2.0,True,False,1
1514,layer2.conv2,element,2,"(46, 8, 19)",0,0.0,False,0.815,0.0,False,,20,4.0,2.0,1.0,0.5,False,False,1
1515,layer3.conv1,element,2,"(92, 11, 2)",0,0.0,False,0.815,0.0,False,,29,20.0,10.0,1.0,0.5,False,False,1
1516,layer3.conv1,element,4,"(84, 7, 27)",0,0.0,False,0.815,0.0,False,,30,24.0,1.5,4.0,0.9375,False,False,1
1517,layer3.conv2,element,3,"(36, 16, 2)",1,0.005,True,0.815,0.0,False,,25,10.0,2.5,1.9999998807907104,0.75,False,False,1
1518,layer2.conv2,element,1,"(24, 7, 27)",1,0.005,True,0.815,0.0,False,,26,12.0,8.0,0.5849626064300537,0.3333333432674408,False,False,1
1519,layer3.conv1,element,4,"(86, 9, 15)",1,0.005,True,0.815,0.0,False,,58,-12.0,-0.75,4.0,0.9375,False,False,1
1520,layer3.conv2,element,3,"(81, 3, 5)",0,0.0,False,0.815,0.0,False,,52,-4.0,-16.0,2.0,3.0,False,False,1
1521,layer3.conv2,element,3,"(90, 6, 21)",0,0.0,False,0.815,0.0,False,,56,-8.0,-2.0,2.0,0.75,False,False,1
1522,layer3.conv1,element,5,"(68, 10, 23)",1,0.005,True,0.815,0.0,False,,54,-6.0,6.0,0.0,2.0,True,False,1
1523,layer2.conv1,element,5,"(17, 2, 20)",1,0.005,True,0.81,0.004999999999999893,False,,25,10.0,-10.0,0.0,2.0,True,False,1
1524,layer3.conv1,element,4,"(1, 12, 21)",0,0.0,False,0.815,0.0,False,,11,0.875,14.0,4.0,15.0,False,False,1
1525,layer3.conv2,element,1,"(65, 1, 6)",0,0.0,False,0.815,0.0,False,,24,8.0,12.0,0.5849626064300537,0.5,False,False,1
1526,layer3.conv2,element,5,"(92, 15, 8)",1,0.005,True,0.815,0.0,False,,50,-3.0,3.0,0.0,2.0,True,False,1
1527,layer3.conv1,scale,6,"(15, 12)",3,0.015,True,0.815,0.0,False,,119,119.0,55.0,64.0,inf,False,False,32
1528,layer3.conv2,element,1,"(1, 15, 14)",0,0.0,False,0.815,0.0,False,,50,-3.0,-2.0,0.5849624872207642,0.3333333432674408,False,False,1
1529,layer2.conv1,element,4,"(17, 3, 4)",0,0.0,False,0.815,0.0,False,,22,6.0,0.375,4.0,0.9375,False,False,1
1530,layer3.conv2,scale,0,"(37, 12)",0,0.0,False,0.815,0.0,False,,121,121.0,120.0,1.0,inf,False,False,32
1531,layer3.conv2,element,1,"(52, 3, 7)",0,0.0,False,0.815,0.0,False,,18,3.0,2.0,0.5849624872207642,0.3333333432674408,False,False,1
1532,layer3.conv1,element,4,"(46, 0, 8)",1,0.005,True,0.815,0.0,False,,26,12.0,0.75,4.0,0.9375,False,False,1
1533,layer2.conv1,element,3,"(26, 1, 24)",1,0.005,True,0.81,0.004999999999999893,False,,26,12.0,3.0,2.0,0.75,False,False,1
1534,fc,element,5,"(0, 1, 4)",5,0.025,True,0.81,0.004999999999999893,False,,61,-20.0,20.0,0.0,2.0,True,False,1
1535,layer3.conv1,element,3,"(7, 3, 6)",0,0.0,False,0.815,0.0,False,,52,-4.0,-16.0,2.0,3.0,False,False,1
1536,layer3.conv2,element,5,"(13, 10, 14)",0,0.0,False,0.815,0.0,False,,53,-5.0,5.0,0.0,2.0,True,False,1
1537,layer3.conv2,element,0,"(80, 14, 5)",0,0.0,False,0.815,0.0,False,,50,-3.0,-3.5,0.22239243984222412,0.1666666716337204,False,False,1
1538,layer3.conv2,element,3,"(14, 16, 29)",0,0.0,False,0.815,0.0,False,,21,5.0,20.0,2.0,3.0,False,False,1
1539,layer3.conv2,element,5,"(47, 1, 4)",0,0.0,False,0.815,0.0,False,,5,0.3125,-0.3125,0.0,2.0,True,False,1
1540,layer3.conv1,element,0,"(31, 3, 27)",0,0.0,False,0.815,0.0,False,,42,-0.75,-0.875,0.22239243984222412,0.1666666716337204,False,False,1
1541,layer3.conv2,element,3,"(26, 25, 0)",0,0.0,False,0.815,0.0,False,,60,-16.0,-4.0,2.0,0.75,False,False,1
1542,layer3.conv2,element,3,"(67, 24, 16)",0,0.0,False,0.815,0.0,False,,24,8.0,2.0,2.0,0.75,False,False,1
1543,layer3.conv2,element,5,"(87, 19, 23)",0,0.0,False,0.815,0.0,False,,25,10.0,-10.0,0.0,2.0,True,False,1
1544,layer3.conv1,element,4,"(27, 12, 13)",0,0.0,False,0.815,0.0,False,,26,12.0,0.75,4.0,0.9375,False,False,1
1545,layer2.conv2,element,1,"(29, 6, 16)",0,0.0,False,0.815,0.0,False,,25,10.0,14.0,0.4854269027709961,0.4000000059604645,False,False,1
1546,layer2.conv2,element,4,"(47, 3, 19)",0,0.0,False,0.815,0.0,False,,53,-5.0,-0.3125,4.0,0.9375,False,False,1
1547,layer3.conv2,element,3,"(90, 9, 10)",1,0.005,True,0.815,0.0,False,,61,-20.0,-5.0,2.0,0.75,False,False,1
1548,layer3.conv2,element,2,"(74, 21, 31)",1,0.005,True,0.815,0.0,False,,58,-12.0,-24.0,0.9999997615814209,1.0,False,False,1
1549,layer2.conv2,element,2,"(18, 10, 12)",0,0.0,False,0.815,0.0,False,,53,-5.0,-2.5,0.9999998807907104,0.5,False,False,1
1550,layer3.conv2,element,3,"(29, 14, 18)",0,0.0,False,0.815,0.0,False,,53,-5.0,-20.0,2.0,3.0,False,False,1
1551,layer3.conv2,element,0,"(58, 21, 2)",0,0.0,False,0.815,0.0,False,,26,12.0,14.0,0.22239232063293457,0.1666666716337204,False,False,1
1552,layer3.conv2,element,0,"(7, 10, 0)",0,0.0,False,0.815,0.0,False,,43,-0.875,-0.75,0.22239243984222412,0.1428571492433548,False,False,1
1553,layer3.conv2,element,3,"(25, 4, 29)",0,0.0,False,0.815,0.0,False,,56,-8.0,-2.0,2.0,0.75,False,False,1
1554,layer3.conv2,element,2,"(87, 1, 16)",0,0.0,False,0.815,0.0,False,,22,6.0,3.0,1.0000001192092896,0.5,False,False,1
1555,layer3.conv2,element,0,"(74, 25, 4)",0,0.0,False,0.815,0.0,False,,26,12.0,14.0,0.22239232063293457,0.1666666716337204,False,False,1
1556,layer3.conv2,element,0,"(41, 13, 18)",0,0.0,False,0.815,0.0,False,,26,12.0,14.0,0.22239232063293457,0.1666666716337204,False,False,1
1557,layer3.shortcut.0,element,2,"(28, 1, 4)",1,0.005,True,0.815,0.0,False,,19,3.5,7.0,1.0,1.0,False,False,1
1558,layer3.conv2,element,2,"(2, 25, 15)",0,0.0,False,0.815,0.0,False,,54,-6.0,-3.0,1.0000001192092896,0.5,False,False,1
1559,layer1.conv1,element,0,"(15, 0, 21)",0,0.0,False,0.815,0.0,False,,21,5.0,4.0,0.3219280242919922,0.20000000298023224,False,False,1
1560,layer3.conv1,element,5,"(16, 4, 23)",0,0.0,False,0.815,0.0,False,,61,-20.0,20.0,0.0,2.0,True,False,1
1561,layer3.conv2,element,0,"(82, 14, 21)",0,0.0,False,0.815,0.0,False,,60,-16.0,-20.0,0.3219280242919922,0.25,False,False,1
1562,layer3.conv1,element,0,"(56, 11, 22)",0,0.0,False,0.815,0.0,False,,24,8.0,10.0,0.3219280242919922,0.25,False,False,1
1563,layer3.conv2,element,3,"(17, 7, 26)",0,0.0,False,0.815,0.0,False,,15,1.75,0.4375,2.0,0.75,False,False,1
1564,layer3.conv1,element,2,"(80, 0, 21)",1,0.005,True,0.815,0.0,False,,28,16.0,8.0,1.0,0.5,False,False,1
1565,layer2.conv2,element,0,"(25, 4, 16)",0,0.0,False,0.815,0.0,False,,55,-7.0,-6.0,0.22239232063293457,0.1428571492433548,False,False,1
1566,layer3.conv2,element,4,"(60, 21, 3)",0,0.0,False,0.815,0.0,False,,26,12.0,0.75,4.0,0.9375,False,False,1
1567,layer3.conv2,element,3,"(79, 10, 0)",0,0.0,False,0.815,0.0,False,,29,20.0,5.0,2.0,0.75,False,False,1
1568,layer3.conv2,element,4,"(9, 2, 8)",0,0.0,False,0.815,0.0,False,,6,0.375,6.0,4.0,15.0,False,False,1
1569,layer3.conv2,element,4,"(20, 10, 26)",1,0.005,True,0.815,0.0,False,,14,1.5,24.0,4.0,15.0,False,False,1
1570,layer2.conv1,element,1,"(41, 4, 24)",0,0.0,False,0.815,0.0,False,,49,-2.5,-3.5,0.48542678356170654,0.4000000059604645,False,False,1
1571,layer3.shortcut.0,element,4,"(79, 1, 4)",0,0.0,False,0.815,0.0,False,,24,8.0,0.5,4.0,0.9375,False,False,1
1572,layer3.conv2,element,2,"(58, 4, 11)",0,0.0,False,0.815,0.0,False,,18,3.0,6.0,1.0000001192092896,1.0,False,False,1
1573,layer2.conv1,element,4,"(5, 2, 23)",0,0.0,False,0.815,0.0,False,,18,3.0,0.125,4.584962368011475,0.9583333134651184,False,False,1
1574,layer2.conv2,element,3,"(8, 4, 31)",1,0.005,True,0.815,0.0,False,,54,-6.0,-24.0,1.999999761581421,3.0,False,False,1
1575,layer3.conv2,element,4,"(0, 4, 31)",1,0.005,True,0.815,0.0,False,,21,5.0,0.3125,4.0,0.9375,False,False,1
1576,layer2.conv1,element,0,"(4, 1, 12)",1,0.005,True,0.815,0.0,False,,27,14.0,12.0,0.22239232063293457,0.1428571492433548,False,False,1
1577,layer3.shortcut.0,element,1,"(74, 1, 12)",0,0.0,False,0.815,0.0,False,,28,16.0,24.0,0.5849623680114746,0.5,False,False,1
1578,layer3.conv1,element,3,"(74, 5, 21)",0,0.0,False,0.815,0.0,False,,11,0.875,0.1875,2.2223923206329346,0.7857142686843872,False,False,1
1579,layer3.conv2,element,4,"(33, 7, 14)",0,0.0,False,0.815,0.0,False,,48,-2.0,-0.0,inf,1.0,False,False,1
1580,layer3.shortcut.0,element,0,"(14, 0, 12)",0,0.0,False,0.815,0.0,False,,53,-5.0,-4.0,0.3219280242919922,0.20000000298023224,False,False,1
1581,layer3.conv2,element,3,"(68, 5, 1)",1,0.005,True,0.815,0.0,False,,54,-6.0,-24.0,1.999999761581421,3.0,False,False,1
1582,layer2.conv2,element,5,"(47, 6, 23)",1,0.005,True,0.815,0.0,False,,21,5.0,-5.0,0.0,2.0,True,False,1
1583,layer3.conv1,element,0,"(70, 6, 21)",0,0.0,False,0.815,0.0,False,,17,2.5,2.0,0.32192814350128174,0.20000000298023224,False,False,1
1584,layer3.conv2,element,0,"(83, 0, 8)",0,0.0,False,0.815,0.0,False,,22,6.0,7.0,0.22239232063293457,0.1666666716337204,False,False,1
1585,layer3.conv2,element,5,"(11, 11, 8)",0,0.0,False,0.815,0.0,False,,12,1.0,-1.0,0.0,2.0,True,False,1
1586,layer3.conv1,element,2,"(24, 10, 14)",0,0.0,False,0.815,0.0,False,,28,16.0,8.0,1.0,0.5,False,False,1
1587,layer3.conv1,element,4,"(8, 11, 17)",0,0.0,False,0.815,0.0,False,,13,1.25,20.0,4.0,15.0,False,False,1
1588,layer3.conv1,element,2,"(31, 11, 11)",0,0.0,False,0.815,0.0,False,,50,-3.0,-6.0,1.0000001192092896,1.0,False,False,1
1589,fc,element,1,"(5, 2, 28)",0,0.0,False,0.815,0.0,False,,26,12.0,8.0,0.5849626064300537,0.3333333432674408,False,False,1
1590,layer3.conv2,element,4,"(57, 8, 0)",1,0.005,True,0.815,0.0,False,,57,-10.0,-0.625,4.0,0.9375,False,False,1
1591,layer3.conv2,element,3,"(55, 15, 15)",0,0.0,False,0.815,0.0,False,,24,8.0,2.0,2.0,0.75,False,False,1
1592,layer3.conv2,element,0,"(80, 18, 2)",0,0.0,False,0.815,0.0,False,,15,1.75,1.5,0.22239243984222412,0.1428571492433548,False,False,1
1593,layer3.conv1,element,2,"(52, 11, 18)",0,0.0,False,0.815,0.0,False,,26,12.0,24.0,0.9999997615814209,1.0,False,False,1
1594,layer3.conv2,element,4,"(92, 9, 26)",1,0.005,True,0.815,0.0,False,,56,-8.0,-0.5,4.0,0.9375,False,False,1
1595,layer3.conv2,element,3,"(57, 12, 20)",0,0.0,False,0.815,0.0,False,,47,-1.75,-0.4375,2.0,0.75,False,False,1
1596,layer3.conv2,element,1,"(86, 18, 28)",0,0.0,False,0.815,0.0,False,,41,-0.625,-0.875,0.4854268431663513,0.4000000059604645,False,False,1
1597,layer3.conv2,element,2,"(28, 11, 29)",0,0.0,False,0.815,0.0,False,,56,-8.0,-16.0,1.0,1.0,False,False,1
1598,layer3.conv2,element,2,"(39, 21, 19)",0,0.0,False,0.815,0.0,False,,57,-10.0,-20.0,1.0,1.0,False,False,1
1599,layer3.conv1,element,1,"(33, 2, 4)",0,0.0,False,0.815,0.0,False,,49,-2.5,-3.5,0.48542678356170654,0.4000000059604645,False,False,1
1600,layer3.conv2,element,0,"(23, 13, 5)",0,0.0,False,0.815,0.0,False,,57,-10.0,-8.0,0.3219280242919922,0.20000000298023224,False,False,1
1601,layer3.conv1,scale,2,"(65, 4)",1,0.005,True,0.815,0.0,False,,119,119.0,115.0,4.0,inf,False,False,32
1602,layer3.conv2,element,5,"(19, 20, 21)",0,0.0,False,0.815,0.0,False,,35,-0.1875,0.1875,0.0,2.0,True,False,1
1603,layer3.conv1,element,4,"(36, 5, 12)",1,0.005,True,0.815,0.0,False,,23,7.0,0.4375,4.0,0.9375,False,False,1
1604,layer3.shortcut.0,element,2,"(19, 1, 15)",0,0.0,False,0.815,0.0,False,,29,20.0,10.0,1.0,0.5,False,False,1
1605,layer3.conv2,element,1,"(65, 1, 25)",0,0.0,False,0.815,0.0,False,,57,-10.0,-14.0,0.4854269027709961,0.4000000059604645,False,False,1
1606,layer3.conv1,element,4,"(7, 1, 0)",0,0.0,False,0.815,0.0,False,,49,-2.5,-0.0625,5.321928024291992,0.9750000238418579,False,False,1
1607,layer2.conv1,element,4,"(18, 2, 6)",1,0.005,True,0.815,0.0,False,,56,-8.0,-0.5,4.0,0.9375,False,False,1
1608,layer2.conv1,element,4,"(39, 1, 25)",1,0.005,True,0.815,0.0,False,,33,-0.0625,-2.5,5.321928024291992,39.0,False,False,1
1609,layer3.conv2,element,4,"(58, 0, 0)",0,0.0,False,0.815,0.0,False,,38,-0.375,-6.0,4.0,15.0,False,False,1
1610,layer3.conv1,element,5,"(65, 1, 30)",0,0.0,False,0.815,0.0,False,,27,14.0,-14.0,0.0,2.0,True,False,1
1611,layer3.conv2,element,0,"(54, 9, 11)",0,0.0,False,0.815,0.0,False,,31,28.0,24.0,0.22239255905151367,0.1428571492433548,False,False,1
1612,layer3.conv1,element,5,"(2, 0, 31)",0,0.0,False,0.815,0.0,False,,59,-14.0,14.0,0.0,2.0,True,False,1
1613,layer2.conv1,element,3,"(24, 0, 26)",0,0.0,False,0.815,0.0,False,,62,-24.0,-6.0,1.999999761581421,0.75,False,False,1
1614,layer2.conv2,element,3,"(10, 11, 24)",1,0.005,True,0.815,0.0,False,,24,8.0,2.0,2.0,0.75,False,False,1
1615,layer3.conv2,element,0,"(0, 20, 24)",0,0.0,False,0.815,0.0,False,,55,-7.0,-6.0,0.22239232063293457,0.1428571492433548,False,False,1
1616,layer2.conv2,element,2,"(17, 9, 15)",1,0.005,True,0.815,0.0,False,,26,12.0,24.0,0.9999997615814209,1.0,False,False,1
1617,layer3.conv1,element,1,"(16, 2, 2)",0,0.0,False,0.815,0.0,False,,40,-0.5,-0.75,0.5849624872207642,0.5,False,False,1
1618,layer2.conv2,element,1,"(0, 3, 25)",1,0.005,True,0.815,0.0,False,,60,-16.0,-24.0,0.5849623680114746,0.5,False,False,1
1619,layer2.conv2,element,3,"(6, 13, 8)",0,0.0,False,0.815,0.0,False,,12,1.0,0.25,2.0,0.75,False,False,1
1620,layer3.conv2,element,0,"(3, 11, 9)",0,0.0,False,0.815,0.0,False,,20,4.0,5.0,0.3219280242919922,0.25,False,False,1
1621,layer1.conv2,element,1,"(5, 3, 23)",0,0.0,False,0.815,0.0,False,,20,4.0,6.0,0.5849626064300537,0.5,False,False,1
1622,layer3.conv1,element,5,"(43, 1, 25)",0,0.0,False,0.815,0.0,False,,21,5.0,-5.0,0.0,2.0,True,False,1
1623,layer2.conv2,scale,0,"(13, 7)",6,0.03,True,0.82,-0.0050000000000000044,False,,120,120.0,121.0,1.0,inf,False,False,32
1624,layer2.conv2,element,3,"(39, 13, 15)",1,0.005,True,0.815,0.0,False,,19,3.5,14.0,2.0,3.0,False,False,1
1625,fc,element,1,"(5, 1, 0)",0,0.0,False,0.815,0.0,False,,49,-2.5,-3.5,0.48542678356170654,0.4000000059604645,False,False,1
1626,layer3.conv2,element,0,"(41, 2, 12)",0,0.0,False,0.815,0.0,False,,52,-4.0,-5.0,0.3219280242919922,0.25,False,False,1
1627,layer3.conv2,scale,0,"(11, 8)",0,0.0,False,0.815,0.0,False,,121,121.0,120.0,1.0,inf,False,False,32
1628,layer3.conv2,element,1,"(64, 11, 11)",0,0.0,False,0.815,0.0,False,,12,1.0,1.5,0.5849624872207642,0.5,False,False,1
1629,layer2.conv2,element,5,"(34, 1, 7)",0,0.0,False,0.815,0.0,False,,62,-24.0,24.0,0.0,2.0,True,False,1
1630,layer3.conv2,element,5,"(91, 16, 7)",0,0.0,False,0.815,0.0,False,,21,5.0,-5.0,0.0,2.0,True,False,1
1631,layer3.conv2,element,4,"(2, 5, 9)",1,0.005,True,0.815,0.0,False,,47,-1.75,-28.0,4.0,15.0,False,False,1
1632,layer2.shortcut.0,element,3,"(45, 0, 5)",0,0.0,False,0.815,0.0,False,,60,-16.0,-4.0,2.0,0.75,False,False,1
1633,layer3.conv2,element,0,"(16, 4, 28)",0,0.0,False,0.815,0.0,False,,58,-12.0,-14.0,0.22239232063293457,0.1666666716337204,False,False,1
1634,layer3.conv2,element,5,"(34, 19, 11)",0,0.0,False,0.815,0.0,False,,46,-1.5,1.5,0.0,2.0,True,False,1
1635,layer3.conv1,element,2,"(57, 8, 28)",0,0.0,False,0.815,0.0,False,,20,4.0,2.0,1.0,0.5,False,False,1
1636,layer3.conv1,element,3,"(71, 3, 10)",1,0.005,True,0.815,0.0,False,,61,-20.0,-5.0,2.0,0.75,False,False,1
1637,layer3.conv2,element,2,"(80, 1, 0)",0,0.0,False,0.815,0.0,False,,52,-4.0,-2.0,1.0,0.5,False,False,1
1638,layer3.conv1,element,4,"(48, 6, 10)",1,0.005,True,0.815,0.0,False,,50,-3.0,-0.125,4.584962368011475,0.9583333134651184,False,False,1
1639,layer3.conv2,element,3,"(62, 5, 13)",0,0.0,False,0.815,0.0,False,,59,-14.0,-3.5,2.0,0.75,False,False,1
1640,layer3.conv2,element,5,"(91, 26, 12)",0,0.0,False,0.815,0.0,False,,51,-3.5,3.5,0.0,2.0,True,False,1
1641,layer3.conv2,element,5,"(75, 5, 0)",1,0.005,True,0.815,0.0,False,,20,4.0,-4.0,0.0,2.0,True,False,1
1642,layer2.conv2,scale,5,"(8, 3)",1,0.005,True,0.815,0.0,False,,120,120.0,88.0,32.0,inf,False,False,32
1643,layer3.conv1,element,1,"(10, 7, 8)",1,0.005,True,0.815,0.0,False,,60,-16.0,-24.0,0.5849623680114746,0.5,False,False,1
1644,layer3.conv2,element,3,"(86, 9, 10)",1,0.005,True,0.815,0.0,False,,50,-3.0,-12.0,2.0,3.0,False,False,1
1645,layer3.conv2,element,4,"(23, 23, 14)",0,0.0,False,0.815,0.0,False,,17,2.5,0.0625,5.321928024291992,0.9750000238418579,False,False,1
1646,layer3.conv1,element,0,"(25, 11, 29)",0,0.0,False,0.815,0.0,False,,25,10.0,8.0,0.3219280242919922,0.20000000298023224,False,False,1
1647,layer3.conv1,element,2,"(63, 2, 19)",1,0.005,True,0.815,0.0,False,,60,-16.0,-8.0,1.0,0.5,False,False,1
1648,layer3.conv1,element,5,"(81, 8, 4)",0,0.0,False,0.815,0.0,False,,38,-0.375,0.375,0.0,2.0,True,False,1
1649,layer2.conv1,element,2,"(20, 0, 28)",0,0.0,False,0.815,0.0,False,,57,-10.0,-20.0,1.0,1.0,False,False,1
1650,layer3.conv2,element,3,"(5, 20, 20)",0,0.0,False,0.815,0.0,False,,42,-0.75,-0.125,2.5849623680114746,0.8333333134651184,False,False,1
1651,layer2.conv2,element,5,"(30, 4, 6)",1,0.005,True,0.815,0.0,False,,53,-5.0,5.0,0.0,2.0,True,False,1
1652,layer3.conv2,element,3,"(29, 7, 23)",0,0.0,False,0.815,0.0,False,,27,14.0,3.5,2.0,0.75,False,False,1
1653,layer3.conv2,element,1,"(75, 8, 24)",0,0.0,False,0.815,0.0,False,,24,8.0,12.0,0.5849626064300537,0.5,False,False,1
1654,layer3.shortcut.0,element,0,"(9, 0, 29)",0,0.0,False,0.815,0.0,False,,20,4.0,5.0,0.3219280242919922,0.25,False,False,1
1655,layer3.conv2,element,4,"(23, 17, 2)",1,0.005,True,0.815,0.0,False,,56,-8.0,-0.5,4.0,0.9375,False,False,1
1656,layer2.conv2,element,3,"(35, 12, 11)",0,0.0,False,0.815,0.0,False,,19,3.5,14.0,2.0,3.0,False,False,1
1657,layer2.conv1,element,1,"(9, 3, 29)",0,0.0,False,0.815,0.0,False,,17,2.5,3.5,0.48542678356170654,0.4000000059604645,False,False,1
1658,layer2.conv1,element,2,"(6, 4, 0)",1,0.005,True,0.815,0.0,False,,52,-4.0,-2.0,1.0,0.5,False,False,1
1659,layer3.conv2,element,3,"(69, 21, 28)",0,0.0,False,0.815,0.0,False,,56,-8.0,-2.0,2.0,0.75,False,False,1
1660,layer3.shortcut.0,element,0,"(37, 0, 28)",0,0.0,False,0.815,0.0,False,,44,-1.0,-1.25,0.32192808389663696,0.25,False,False,1
1661,layer3.conv2,element,3,"(71, 4, 28)",0,0.0,False,0.815,0.0,False,,15,1.75,0.4375,2.0,0.75,False,False,1
1662,layer3.conv1,element,2,"(21, 7, 9)",0,0.0,False,0.815,0.0,False,,26,12.0,24.0,0.9999997615814209,1.0,False,False,1
1663,layer3.conv2,scale,7,"(25, 22)",200,1.0,True,0.0,0.815,True,,121,121.0,249.0,128.0,inf,False,False,32
1664,layer3.conv2,element,1,"(88, 8, 26)",0,0.0,False,0.815,0.0,False,,25,10.0,14.0,0.4854269027709961,0.4000000059604645,False,False,1
1665,layer3.conv2,element,5,"(23, 25, 3)",1,0.005,True,0.815,0.0,False,,62,-24.0,24.0,0.0,2.0,True,False,1
1666,layer3.conv2,element,2,"(30, 19, 10)",0,0.0,False,0.815,0.0,False,,29,20.0,10.0,1.0,0.5,False,False,1
1667,layer2.conv2,element,4,"(22, 2, 30)",1,0.005,True,0.815,0.0,False,,56,-8.0,-0.5,4.0,0.9375,False,False,1
1668,layer3.shortcut.0,element,5,"(66, 1, 4)",1,0.005,True,0.815,0.0,False,,56,-8.0,8.0,0.0,2.0,True,False,1
1669,layer2.shortcut.0,element,5,"(20, 0, 22)",1,0.005,True,0.81,0.004999999999999893,False,,24,8.0,-8.0,0.0,2.0,True,False,1
1670,layer3.conv2,element,0,"(21, 4, 15)",0,0.0,False,0.815,0.0,False,,61,-20.0,-16.0,0.3219280242919922,0.20000000298023224,False,False,1
1671,layer3.conv2,element,3,"(17, 4, 9)",0,0.0,False,0.815,0.0,False,,10,0.75,0.125,2.5849623680114746,0.8333333134651184,False,False,1
1672,layer2.conv2,element,1,"(10, 4, 24)",0,0.0,False,0.815,0.0,False,,49,-2.5,-3.5,0.48542678356170654,0.4000000059604645,False,False,1
1673,layer3.conv2,element,5,"(47, 24, 28)",0,0.0,False,0.815,0.0,False,,1,0.0625,-0.0625,0.0,2.0,True,False,1
1674,layer3.conv2,element,5,"(87, 6, 5)",0,0.0,False,0.815,0.0,False,,53,-5.0,5.0,0.0,2.0,True,False,1
1675,layer3.shortcut.0,element,0,"(92, 0, 6)",0,0.0,False,0.815,0.0,False,,31,28.0,24.0,0.22239255905151367,0.1428571492433548,False,False,1
1676,layer3.conv1,element,3,"(84, 0, 8)",1,0.005,True,0.815,0.0,False,,57,-10.0,-2.5,1.9999998807907104,0.75,False,False,1
1677,layer2.conv2,element,5,"(10, 5, 9)",0,0.0,False,0.815,0.0,False,,56,-8.0,8.0,0.0,2.0,True,False,1
1678,layer3.conv2,element,4,"(90, 23, 30)",0,0.0,False,0.815,0.0,False,,25,10.0,0.625,4.0,0.9375,False,False,1
1679,layer2.shortcut.0,element,2,"(38, 0, 12)",0,0.0,False,0.815,0.0,False,,42,-0.75,-1.5,1.0,1.0,False,False,1
1680,layer3.conv2,element,4,"(77, 9, 23)",0,0.0,False,0.815,0.0,False,,21,5.0,0.3125,4.0,0.9375,False,False,1
1681,layer2.conv2,element,2,"(41, 2, 31)",0,0.0,False,0.815,0.0,False,,30,24.0,12.0,0.9999997615814209,0.5,False,False,1
1682,layer3.conv1,element,1,"(14, 13, 12)",0,0.0,False,0.815,0.0,False,,22,6.0,4.0,0.5849626064300537,0.3333333432674408,False,False,1
1683,layer3.conv1,element,2,"(26, 1, 4)",0,0.0,False,0.815,0.0,False,,53,-5.0,-2.5,0.9999998807907104,0.5,False,False,1
1684,layer3.conv2,element,0,"(91, 20, 4)",0,0.0,False,0.815,0.0,False,,28,16.0,20.0,0.3219280242919922,0.25,False,False,1
1685,layer3.conv2,element,4,"(80, 8, 17)",0,0.0,False,0.815,0.0,False,,20,4.0,0.25,4.0,0.9375,False,False,1
1686,layer2.conv1,element,4,"(44, 2, 24)",1,0.005,True,0.815,0.0,False,,5,0.3125,5.0,4.0,15.0,False,False,1
1687,layer2.conv2,element,0,"(15, 7, 17)",1,0.005,True,0.815,0.0,False,,25,10.0,8.0,0.3219280242919922,0.20000000298023224,False,False,1
1688,layer2.conv2,element,4,"(8, 0, 8)",0,0.0,False,0.815,0.0,False,,10,0.75,12.0,4.0,15.0,False,False,1
1689,layer2.conv1,element,3,"(15, 1, 27)",1,0.005,True,0.815,0.0,False,,46,-1.5,-0.375,2.0,0.75,False,False,1
1690,layer3.conv2,element,2,"(34, 6, 4)",0,0.0,False,0.815,0.0,False,,11,0.875,1.75,1.0,1.0,False,False,1
1691,layer3.conv2,element,2,"(79, 5, 7)",1,0.005,True,0.815,0.0,False,,61,-20.0,-10.0,1.0,0.5,False,False,1
1692,layer3.conv2,element,4,"(33, 15, 10)",0,0.0,False,0.815,0.0,False,,12,1.0,16.0,4.0,15.0,False,False,1
1693,layer3.conv2,element,4,"(28, 20, 5)",0,0.0,False,0.815,0.0,False,,28,16.0,1.0,4.0,0.9375,False,False,1
1694,layer3.conv2,element,0,"(0, 22, 30)",0,0.0,False,0.815,0.0,False,,28,16.0,20.0,0.3219280242919922,0.25,False,False,1
1695,layer3.conv2,element,4,"(24, 22, 7)",1,0.005,True,0.815,0.0,False,,13,1.25,20.0,4.0,15.0,False,False,1
1696,layer3.conv2,element,0,"(92, 2, 27)",1,0.005,True,0.815,0.0,False,,49,-2.5,-2.0,0.32192814350128174,0.20000000298023224,False,False,1
1697,layer3.conv1,element,0,"(88, 13, 15)",0,0.0,False,0.815,0.0,False,,20,4.0,5.0,0.3219280242919922,0.25,False,False,1
1698,layer3.conv2,element,5,"(46, 22, 17)",0,0.0,False,0.815,0.0,False,,41,-0.625,0.625,0.0,2.0,True,False,1
1699,layer3.conv2,element,5,"(1, 7, 29)",0,0.0,False,0.815,0.0,False,,61,-20.0,20.0,0.0,2.0,True,False,1
1700,layer3.conv1,element,0,"(85, 11, 14)",0,0.0,False,0.815,0.0,False,,38,-0.375,-0.4375,0.22239243984222412,0.1666666716337204,False,False,1
1701,layer1.conv2,element,1,"(22, 4, 12)",0,0.0,False,0.815,0.0,False,,29,20.0,28.0,0.4854269027709961,0.4000000059604645,False,False,1
1702,layer3.conv2,element,4,"(42, 8, 30)",0,0.0,False,0.815,0.0,False,,55,-7.0,-0.4375,4.0,0.9375,False,False,1
1703,layer3.conv1,element,4,"(22, 9, 15)",0,0.0,False,0.815,0.0,False,,48,-2.0,-0.0,inf,1.0,False,False,1
1704,layer3.conv2,element,4,"(50, 8, 18)",1,0.005,True,0.815,0.0,False,,27,14.0,0.875,4.0,0.9375,False,False,1
1705,layer3.conv2,element,0,"(2, 22, 12)",0,0.0,False,0.815,0.0,False,,58,-12.0,-14.0,0.22239232063293457,0.1666666716337204,False,False,1
1706,layer3.conv2,element,1,"(45, 17, 17)",1,0.005,True,0.815,0.0,False,,28,16.0,24.0,0.5849623680114746,0.5,False,False,1
1707,layer3.conv1,element,5,"(43, 5, 29)",0,0.0,False,0.815,0.0,False,,11,0.875,-0.875,0.0,2.0,True,False,1
1708,layer3.conv2,element,1,"(45, 3, 21)",0,0.0,False,0.815,0.0,False,,56,-8.0,-12.0,0.5849626064300537,0.5,False,False,1
1709,layer3.conv2,element,5,"(78, 20, 18)",0,0.0,False,0.815,0.0,False,,8,0.5,-0.5,0.0,2.0,True,False,1
1710,layer3.conv1,element,5,"(61, 8, 13)",1,0.005,True,0.815,0.0,False,,57,-10.0,10.0,0.0,2.0,True,False,1
1711,layer3.conv1,element,3,"(63, 10, 22)",0,0.0,False,0.815,0.0,False,,30,24.0,6.0,1.999999761581421,0.75,False,False,1
1712,layer2.conv2,element,1,"(17, 4, 13)",0,0.0,False,0.815,0.0,False,,14,1.5,1.0,0.5849624872207642,0.3333333432674408,False,False,1
1713,layer3.conv1,element,0,"(85, 12, 28)",1,0.005,True,0.815,0.0,False,,55,-7.0,-6.0,0.22239232063293457,0.1428571492433548,False,False,1
1714,layer3.conv1,element,2,"(79, 6, 8)",1,0.005,True,0.815,0.0,False,,56,-8.0,-16.0,1.0,1.0,False,False,1
1715,layer3.conv1,element,0,"(26, 8, 5)",0,0.0,False,0.815,0.0,False,,8,0.5,0.625,0.32192808389663696,0.25,False,False,1
1716,layer2.conv2,element,2,"(30, 9, 30)",1,0.005,True,0.815,0.0,False,,54,-6.0,-3.0,1.0000001192092896,0.5,False,False,1
1717,layer3.conv1,element,0,"(12, 1, 10)",0,0.0,False,0.815,0.0,False,,14,1.5,1.75,0.22239243984222412,0.1666666716337204,False,False,1
1718,layer3.conv2,element,1,"(26, 9, 28)",0,0.0,False,0.815,0.0,False,,52,-4.0,-6.0,0.5849626064300537,0.5,False,False,1
1719,layer3.conv1,scale,4,"(44, 10)",0,0.0,False,0.815,0.0,False,,119,119.0,103.0,16.0,inf,False,False,32
1720,layer3.conv1,element,5,"(62, 9, 11)",1,0.005,True,0.815,0.0,False,,56,-8.0,8.0,0.0,2.0,True,False,1
1721,layer3.conv1,element,1,"(57, 10, 23)",1,0.005,True,0.815,0.0,False,,20,4.0,6.0,0.5849626064300537,0.5,False,False,1
1722,layer2.conv2,element,2,"(9, 11, 22)",1,0.005,True,0.815,0.0,False,,28,16.0,8.0,1.0,0.5,False,False,1
1723,fc,element,3,"(3, 0, 2)",0,0.0,False,0.815,0.0,False,,45,-1.25,-0.3125,2.0,0.75,False,False,1
1724,layer3.conv1,element,5,"(35, 1, 21)",0,0.0,False,0.815,0.0,False,,50,-3.0,3.0,0.0,2.0,True,False,1
1725,layer3.conv2,element,0,"(76, 17, 13)",0,0.0,False,0.815,0.0,False,,15,1.75,1.5,0.22239243984222412,0.1428571492433548,False,False,1
1726,layer3.conv2,element,0,"(16, 1, 16)",0,0.0,False,0.815,0.0,False,,60,-16.0,-20.0,0.3219280242919922,0.25,False,False,1
1727,layer3.conv2,element,3,"(26, 19, 25)",0,0.0,False,0.815,0.0,False,,7,0.4375,1.75,2.0,3.0,False,False,1
1728,layer3.conv2,scale,7,"(13, 1)",200,1.0,True,0.0,0.815,True,,121,121.0,249.0,128.0,inf,False,False,32
1729,layer3.conv1,element,4,"(47, 9, 16)",0,0.0,False,0.815,0.0,False,,61,-20.0,-1.25,4.0,0.9375,False,False,1
1730,layer3.conv2,element,1,"(69, 17, 4)",0,0.0,False,0.815,0.0,False,,51,-3.5,-2.5,0.48542678356170654,0.2857142984867096,False,False,1
1731,layer3.conv2,element,4,"(83, 7, 14)",0,0.0,False,0.815,0.0,False,,60,-16.0,-1.0,4.0,0.9375,False,False,1
1732,layer3.conv2,element,3,"(27, 16, 22)",0,0.0,False,0.815,0.0,False,,55,-7.0,-28.0,2.0,3.0,False,False,1
1733,fc,element,3,"(4, 0, 21)",0,0.0,False,0.815,0.0,False,,45,-1.25,-0.3125,2.0,0.75,False,False,1
1734,layer3.conv2,element,1,"(44, 21, 8)",1,0.005,True,0.815,0.0,False,,27,14.0,10.0,0.4854269027709961,0.2857142984867096,False,False,1
1735,layer3.conv1,element,1,"(2, 4, 23)",1,0.005,True,0.815,0.0,False,,26,12.0,8.0,0.5849626064300537,0.3333333432674408,False,False,1
1736,layer1.conv1,element,5,"(17, 0, 30)",1,0.005,True,0.82,-0.0050000000000000044,False,,24,8.0,-8.0,0.0,2.0,True,False,1
1737,layer3.conv2,scale,0,"(90, 25)",0,0.0,False,0.815,0.0,False,,121,121.0,120.0,1.0,inf,False,False,32
1738,layer3.conv2,element,5,"(84, 26, 26)",1,0.005,True,0.815,0.0,False,,55,-7.0,7.0,0.0,2.0,True,False,1
1739,layer3.conv2,element,4,"(72, 7, 29)",1,0.005,True,0.815,0.0,False,,45,-1.25,-20.0,4.0,15.0,False,False,1
1740,layer3.conv2,element,2,"(73, 19, 25)",0,0.0,False,0.815,0.0,False,,15,1.75,0.875,1.0,0.5,False,False,1
1741,layer3.conv2,element,4,"(28, 17, 29)",0,0.0,False,0.815,0.0,False,,39,-0.4375,-7.0,4.0,15.0,False,False,1
1742,layer2.conv1,element,5,"(37, 6, 3)",1,0.005,True,0.815,0.0,False,,24,8.0,-8.0,0.0,2.0,True,False,1
1743,layer3.conv2,element,4,"(36, 10, 19)",0,0.0,False,0.815,0.0,False,,55,-7.0,-0.4375,4.0,0.9375,False,False,1
1744,layer3.conv1,element,5,"(21, 13, 4)",0,0.0,False,0.815,0.0,False,,10,0.75,-0.75,0.0,2.0,True,False,1
1745,layer3.conv1,element,0,"(73, 11, 11)",0,0.0,False,0.815,0.0,False,,50,-3.0,-3.5,0.22239243984222412,0.1666666716337204,False,False,1
1746,layer1.conv2,element,4,"(20, 2, 13)",1,0.005,True,0.815,0.0,False,,40,-0.5,-8.0,4.0,15.0,False,False,1
1747,layer1.conv1,element,4,"(18, 2, 8)",1,0.005,True,0.815,0.0,False,,27,14.0,0.875,4.0,0.9375,False,False,1
1748,layer3.conv2,scale,2,"(71, 17)",9,0.045,True,0.8,0.014999999999999902,False,,121,121.0,125.0,4.0,inf,False,False,32
1749,layer3.conv1,element,2,"(94, 11, 0)",1,0.005,True,0.815,0.0,False,,25,10.0,20.0,1.0,1.0,False,False,1
1750,layer3.conv2,element,1,"(65, 0, 21)",0,0.0,False,0.815,0.0,False,,18,3.0,2.0,0.5849624872207642,0.3333333432674408,False,False,1
1751,layer3.conv2,element,2,"(70, 6, 12)",0,0.0,False,0.815,0.0,False,,19,3.5,7.0,1.0,1.0,False,False,1
1752,layer2.conv2,element,1,"(18, 5, 2)",0,0.0,False,0.815,0.0,False,,59,-14.0,-10.0,0.4854269027709961,0.2857142984867096,False,False,1
1753,layer3.conv1,element,3,"(81, 0, 1)",1,0.005,True,0.815,0.0,False,,19,3.5,14.0,2.0,3.0,False,False,1
1754,layer2.conv1,element,5,"(15, 0, 29)",1,0.005,True,0.815,0.0,False,,46,-1.5,1.5,0.0,2.0,True,False,1
1755,layer1.conv1,element,3,"(22, 4, 3)",0,0.0,False,0.815,0.0,False,,22,6.0,24.0,1.999999761581421,3.0,False,False,1
1756,layer3.conv1,element,5,"(3, 4, 2)",0,0.0,False,0.815,0.0,False,,47,-1.75,1.75,0.0,2.0,True,False,1
1757,layer3.conv2,element,4,"(69, 25, 18)",0,0.0,False,0.815,0.0,False,,19,3.5,0.1875,4.2223920822143555,0.9464285969734192,False,False,1
1758,layer3.conv1,element,5,"(95, 7, 13)",2,0.01,True,0.82,-0.0050000000000000044,False,,58,-12.0,12.0,0.0,2.0,True,False,1
1759,layer3.conv2,element,4,"(45, 22, 14)",0,0.0,False,0.815,0.0,False,,55,-7.0,-0.4375,4.0,0.9375,False,False,1
1760,layer3.conv1,element,3,"(43, 8, 8)",1,0.005,True,0.815,0.0,False,,22,6.0,24.0,1.999999761581421,3.0,False,False,1
1761,layer3.conv2,element,3,"(62, 14, 5)",0,0.0,False,0.815,0.0,False,,22,6.0,24.0,1.999999761581421,3.0,False,False,1
1762,layer3.conv2,element,2,"(16, 16, 24)",0,0.0,False,0.815,0.0,False,,56,-8.0,-16.0,1.0,1.0,False,False,1
1763,layer3.conv2,element,1,"(64, 10, 15)",0,0.0,False,0.815,0.0,False,,58,-12.0,-8.0,0.5849626064300537,0.3333333432674408,False,False,1
1764,layer2.conv2,element,2,"(24, 12, 31)",1,0.005,True,0.815,0.0,False,,57,-10.0,-20.0,1.0,1.0,False,False,1
1765,layer3.conv2,element,4,"(37, 4, 2)",1,0.005,True,0.815,0.0,False,,16,2.0,0.0,inf,1.0,False,False,1
1766,layer3.conv1,element,1,"(56, 9, 18)",0,0.0,False,0.815,0.0,False,,14,1.5,1.0,0.5849624872207642,0.3333333432674408,False,False,1
1767,layer3.conv2,element,4,"(73, 18, 6)",0,0.0,False,0.815,0.0,False,,16,2.0,0.0,inf,1.0,False,False,1
1768,layer3.conv2,element,5,"(11, 12, 16)",0,0.0,False,0.815,0.0,False,,1,0.0625,-0.0625,0.0,2.0,True,False,1
1769,layer2.conv1,element,1,"(2, 4, 24)",1,0.005,True,0.815,0.0,False,,59,-14.0,-10.0,0.4854269027709961,0.2857142984867096,False,False,1
1770,layer3.conv2,element,1,"(11, 18, 12)",0,0.0,False,0.815,0.0,False,,14,1.5,1.0,0.5849624872207642,0.3333333432674408,False,False,1
1771,layer3.conv2,element,2,"(42, 24, 2)",1,0.005,True,0.815,0.0,False,,59,-14.0,-28.0,1.0,1.0,False,False,1
1772,layer3.conv1,element,4,"(95, 12, 12)",0,0.0,False,0.815,0.0,False,,24,8.0,0.5,4.0,0.9375,False,False,1
1773,layer3.conv2,element,4,"(15, 24, 15)",0,0.0,False,0.815,0.0,False,,4,0.25,4.0,4.0,15.0,False,False,1
1774,layer3.conv2,element,5,"(18, 12, 10)",1,0.005,True,0.815,0.0,False,,57,-10.0,10.0,0.0,2.0,True,False,1
1775,layer2.conv2,element,3,"(42, 4, 18)",0,0.0,False,0.815,0.0,False,,37,-0.3125,-1.25,2.0,3.0,False,False,1
1776,layer3.conv2,element,3,"(0, 13, 22)",0,0.0,False,0.815,0.0,False,,25,10.0,2.5,1.9999998807907104,0.75,False,False,1
1777,layer2.conv2,element,2,"(37, 5, 28)",0,0.0,False,0.815,0.0,False,,60,-16.0,-8.0,1.0,0.5,False,False,1
1778,layer3.conv2,scale,5,"(69, 0)",1,0.005,True,0.815,0.0,False,,122,122.0,90.0,32.0,inf,False,False,32
1779,layer3.conv1,element,5,"(60, 4, 22)",0,0.0,False,0.815,0.0,False,,18,3.0,-3.0,0.0,2.0,True,False,1
1780,layer3.conv2,element,4,"(41, 0, 15)",1,0.005,True,0.815,0.0,False,,59,-14.0,-0.875,4.0,0.9375,False,False,1
1781,layer3.conv1,element,1,"(42, 1, 1)",1,0.005,True,0.815,0.0,False,,52,-4.0,-6.0,0.5849626064300537,0.5,False,False,1
1782,layer3.shortcut.0,scale,5,"(15, 1)",0,0.0,False,0.815,0.0,False,,121,121.0,89.0,32.0,inf,False,False,32
1783,layer3.conv2,element,0,"(46, 13, 31)",0,0.0,False,0.815,0.0,False,,11,0.875,0.75,0.22239243984222412,0.1428571492433548,False,False,1
1784,layer3.conv2,element,0,"(55, 9, 17)",0,0.0,False,0.815,0.0,False,,13,1.25,1.0,0.32192808389663696,0.20000000298023224,False,False,1
1785,layer3.conv2,element,5,"(15, 3, 30)",0,0.0,False,0.815,0.0,False,,50,-3.0,3.0,0.0,2.0,True,False,1
1786,layer3.conv2,element,3,"(93, 11, 22)",0,0.0,False,0.815,0.0,False,,24,8.0,2.0,2.0,0.75,False,False,1
1787,layer3.conv2,element,2,"(13, 12, 20)",0,0.0,False,0.815,0.0,False,,50,-3.0,-6.0,1.0000001192092896,1.0,False,False,1
1788,layer2.conv1,element,3,"(46, 1, 9)",2,0.01,True,0.815,0.0,False,,54,-6.0,-24.0,1.999999761581421,3.0,False,False,1
1789,layer3.conv2,element,2,"(22, 0, 22)",1,0.005,True,0.815,0.0,False,,52,-4.0,-2.0,1.0,0.5,False,False,1
1790,layer2.conv1,element,1,"(6, 1, 19)",0,0.0,False,0.815,0.0,False,,56,-8.0,-12.0,0.5849626064300537,0.5,False,False,1
1791,layer3.conv2,element,0,"(8, 2, 1)",0,0.0,False,0.815,0.0,False,,27,14.0,12.0,0.22239232063293457,0.1428571492433548,False,False,1
1792,layer3.conv1,element,0,"(26, 5, 26)",0,0.0,False,0.815,0.0,False,,58,-12.0,-14.0,0.22239232063293457,0.1666666716337204,False,False,1
1793,layer3.conv1,element,5,"(81, 5, 14)",1,0.005,True,0.815,0.0,False,,54,-6.0,6.0,0.0,2.0,True,False,1
1794,layer2.conv2,element,4,"(34, 5, 24)",1,0.005,True,0.815,0.0,False,,42,-0.75,-12.0,4.0,15.0,False,False,1
1795,layer3.conv1,element,2,"(51, 0, 1)",0,0.0,False,0.815,0.0,False,,57,-10.0,-20.0,1.0,1.0,False,False,1
1796,layer3.conv1,element,1,"(4, 7, 3)",0,0.0,False,0.815,0.0,False,,13,1.25,1.75,0.4854268431663513,0.4000000059604645,False,False,1
1797,layer3.conv2,element,2,"(28, 10, 16)",0,0.0,False,0.815,0.0,False,,55,-7.0,-3.5,1.0,0.5,False,False,1
1798,layer3.conv2,element,2,"(87, 12, 13)",0,0.0,False,0.815,0.0,False,,44,-1.0,-0.5,1.0,0.5,False,False,1
1799,layer3.conv1,element,0,"(15, 11, 5)",1,0.005,True,0.815,0.0,False,,54,-6.0,-7.0,0.22239232063293457,0.1666666716337204,False,False,1
1800,layer3.conv2,element,3,"(42, 17, 3)",0,0.0,False,0.815,0.0,False,,44,-1.0,-0.25,2.0,0.75,False,False,1
1801,layer3.conv2,element,4,"(41, 19, 2)",0,0.0,False,0.815,0.0,False,,25,10.0,0.625,4.0,0.9375,False,False,1
1802,layer3.conv1,element,4,"(12, 12, 18)",0,0.0,False,0.815,0.0,False,,12,1.0,16.0,4.0,15.0,False,False,1
1803,layer3.conv2,element,3,"(55, 7, 30)",0,0.0,False,0.815,0.0,False,,26,12.0,3.0,2.0,0.75,False,False,1
1804,layer3.conv1,element,2,"(10, 3, 14)",1,0.005,True,0.815,0.0,False,,29,20.0,10.0,1.0,0.5,False,False,1
1805,layer3.conv2,element,2,"(60, 4, 22)",0,0.0,False,0.815,0.0,False,,24,8.0,16.0,1.0,1.0,False,False,1
1806,layer1.conv2,element,5,"(18, 4, 5)",0,0.0,False,0.815,0.0,False,,23,7.0,-7.0,0.0,2.0,True,False,1
1807,layer3.conv2,element,1,"(21, 10, 13)",0,0.0,False,0.815,0.0,False,,21,5.0,7.0,0.4854269027709961,0.4000000059604645,False,False,1
1808,layer3.conv2,element,1,"(26, 20, 29)",0,0.0,False,0.815,0.0,False,,20,4.0,6.0,0.5849626064300537,0.5,False,False,1
1809,layer3.conv2,element,5,"(7, 11, 14)",0,0.0,False,0.815,0.0,False,,59,-14.0,14.0,0.0,2.0,True,False,1
1810,layer3.conv2,element,1,"(29, 23, 24)",0,0.0,False,0.815,0.0,False,,52,-4.0,-6.0,0.5849626064300537,0.5,False,False,1
1811,layer3.conv1,element,3,"(70, 9, 5)",0,0.0,False,0.815,0.0,False,,7,0.4375,1.75,2.0,3.0,False,False,1
1812,layer3.conv2,element,0,"(53, 23, 23)",0,0.0,False,0.815,0.0,False,,61,-20.0,-16.0,0.3219280242919922,0.20000000298023224,False,False,1
1813,layer3.conv2,element,5,"(26, 13, 8)",1,0.005,True,0.815,0.0,False,,26,12.0,-12.0,0.0,2.0,True,False,1
1814,layer2.conv1,element,1,"(20, 5, 28)",0,0.0,False,0.815,0.0,False,,57,-10.0,-14.0,0.4854269027709961,0.4000000059604645,False,False,1
1815,layer1.conv2,element,4,"(2, 4, 8)",1,0.005,True,0.815,0.0,False,,56,-8.0,-0.5,4.0,0.9375,False,False,1
1816,layer2.conv2,element,2,"(7, 4, 5)",0,0.0,False,0.815,0.0,False,,17,2.5,5.0,0.9999998807907104,1.0,False,False,1
1817,layer3.conv1,element,0,"(34, 7, 11)",0,0.0,False,0.815,0.0,False,,27,14.0,12.0,0.22239232063293457,0.1428571492433548,False,False,1
1818,layer3.conv2,element,1,"(6, 0, 5)",0,0.0,False,0.815,0.0,False,,24,8.0,12.0,0.5849626064300537,0.5,False,False,1
1819,layer3.conv1,element,0,"(13, 4, 20)",0,0.0,False,0.815,0.0,False,,27,14.0,12.0,0.22239232063293457,0.1428571492433548,False,False,1
1820,layer3.shortcut.0,element,0,"(64, 1, 3)",0,0.0,False,0.815,0.0,False,,56,-8.0,-10.0,0.3219280242919922,0.25,False,False,1
1821,layer3.conv1,element,3,"(47, 4, 0)",1,0.005,True,0.815,0.0,False,,26,12.0,3.0,2.0,0.75,False,False,1
1822,layer1.conv2,element,5,"(23, 4, 3)",3,0.015,True,0.815,0.0,False,,25,10.0,-10.0,0.0,2.0,True,False,1
1823,layer3.conv1,scale,7,"(14, 10)",200,1.0,True,0.0,0.815,True,,119,119.0,247.0,128.0,inf,False,False,32
1824,layer3.conv1,element,3,"(25, 2, 18)",1,0.005,True,0.815,0.0,False,,28,16.0,4.0,2.0,0.75,False,False,1
1825,layer3.conv1,element,4,"(86, 2, 2)",1,0.005,True,0.815,0.0,False,,53,-5.0,-0.3125,4.0,0.9375,False,False,1
1826,layer3.conv2,element,3,"(44, 6, 8)",0,0.0,False,0.815,0.0,False,,59,-14.0,-3.5,2.0,0.75,False,False,1
1827,layer3.conv2,element,0,"(37, 21, 26)",0,0.0,False,0.815,0.0,False,,28,16.0,20.0,0.3219280242919922,0.25,False,False,1
1828,layer3.shortcut.0,element,0,"(22, 0, 23)",1,0.005,True,0.815,0.0,False,,24,8.0,10.0,0.3219280242919922,0.25,False,False,1
1829,layer3.conv2,element,4,"(51, 3, 16)",0,0.0,False,0.815,0.0,False,,26,12.0,0.75,4.0,0.9375,False,False,1
1830,layer2.conv1,element,1,"(44, 0, 8)",0,0.0,False,0.815,0.0,False,,57,-10.0,-14.0,0.4854269027709961,0.4000000059604645,False,False,1
1831,layer3.conv2,element,1,"(27, 21, 16)",0,0.0,False,0.815,0.0,False,,18,3.0,2.0,0.5849624872207642,0.3333333432674408,False,False,1
1832,layer3.conv2,element,1,"(81, 3, 26)",0,0.0,False,0.815,0.0,False,,28,16.0,24.0,0.5849623680114746,0.5,False,False,1
1833,layer3.conv2,element,3,"(86, 22, 4)",1,0.005,True,0.815,0.0,False,,52,-4.0,-16.0,2.0,3.0,False,False,1
1834,layer3.conv2,element,2,"(78, 9, 15)",0,0.0,False,0.815,0.0,False,,21,5.0,2.5,0.9999998807907104,0.5,False,False,1
1835,layer3.conv2,element,0,"(30, 26, 26)",0,0.0,False,0.815,0.0,False,,59,-14.0,-12.0,0.22239232063293457,0.1428571492433548,False,False,1
1836,layer3.conv2,element,2,"(91, 23, 10)",0,0.0,False,0.815,0.0,False,,46,-1.5,-0.75,1.0,0.5,False,False,1
1837,layer3.conv2,element,5,"(36, 18, 8)",0,0.0,False,0.815,0.0,False,,59,-14.0,14.0,0.0,2.0,True,False,1
1838,layer3.conv2,element,1,"(31, 17, 11)",0,0.0,False,0.815,0.0,False,,59,-14.0,-10.0,0.4854269027709961,0.2857142984867096,False,False,1
1839,layer3.conv1,element,3,"(26, 11, 20)",0,0.0,False,0.815,0.0,False,,13,1.25,0.3125,2.0,0.75,False,False,1
1840,layer3.conv1,scale,3,"(7, 10)",182,0.91,True,0.1,0.715,False,,119,119.0,127.0,8.0,inf,False,False,32
1841,layer2.conv1,element,2,"(40, 3, 12)",0,0.0,False,0.815,0.0,False,,34,-0.125,-0.375,1.5849624872207642,2.0,False,False,1
1842,layer3.conv2,element,2,"(9, 11, 15)",0,0.0,False,0.815,0.0,False,,46,-1.5,-0.75,1.0,0.5,False,False,1
1843,layer1.conv1,element,4,"(16, 0, 27)",1,0.005,True,0.815,0.0,False,,54,-6.0,-0.375,4.0,0.9375,False,False,1
1844,layer3.conv1,scale,4,"(1, 6)",1,0.005,True,0.815,0.0,False,,119,119.0,103.0,16.0,inf,False,False,32
1845,layer2.conv1,element,2,"(5, 4, 6)",1,0.005,True,0.815,0.0,False,,54,-6.0,-3.0,1.0000001192092896,0.5,False,False,1
1846,layer3.conv1,element,0,"(12, 8, 9)",0,0.0,False,0.815,0.0,False,,22,6.0,7.0,0.22239232063293457,0.1666666716337204,False,False,1
1847,layer2.conv2,element,0,"(3, 3, 6)",0,0.0,False,0.815,0.0,False,,60,-16.0,-20.0,0.3219280242919922,0.25,False,False,1
1848,layer1.conv2,scale,5,"(4, 3)",5,0.025,True,0.81,0.004999999999999893,False,,120,120.0,88.0,32.0,inf,False,False,32
1849,layer3.conv2,element,4,"(73, 22, 27)",0,0.0,False,0.815,0.0,False,,44,-1.0,-16.0,4.0,15.0,False,False,1
1850,layer3.conv1,element,0,"(83, 6, 8)",0,0.0,False,0.815,0.0,False,,27,14.0,12.0,0.22239232063293457,0.1428571492433548,False,False,1
1851,layer2.conv2,element,5,"(40, 3, 18)",0,0.0,False,0.815,0.0,False,,48,-2.0,2.0,0.0,2.0,True,False,1
1852,layer3.conv2,element,2,"(56, 25, 18)",1,0.005,True,0.815,0.0,False,,28,16.0,8.0,1.0,0.5,False,False,1
1853,layer3.conv2,element,4,"(39, 23, 13)",0,0.0,False,0.815,0.0,False,,23,7.0,0.4375,4.0,0.9375,False,False,1
1854,layer3.conv2,scale,6,"(94, 1)",0,0.0,False,0.815,0.0,False,,121,121.0,57.0,64.0,inf,False,False,32
1855,layer3.conv2,element,1,"(23, 0, 4)",0,0.0,False,0.815,0.0,False,,14,1.5,1.0,0.5849624872207642,0.3333333432674408,False,False,1
1856,layer2.conv1,element,3,"(37, 3, 11)",1,0.005,True,0.815,0.0,False,,24,8.0,2.0,2.0,0.75,False,False,1
1857,layer3.conv2,element,1,"(72, 0, 18)",0,0.0,False,0.815,0.0,False,,52,-4.0,-6.0,0.5849626064300537,0.5,False,False,1
1858,layer3.conv2,element,1,"(89, 17, 7)",1,0.005,True,0.815,0.0,False,,57,-10.0,-14.0,0.4854269027709961,0.4000000059604645,False,False,1
1859,layer3.conv2,element,1,"(44, 4, 30)",0,0.0,False,0.815,0.0,False,,54,-6.0,-4.0,0.5849626064300537,0.3333333432674408,False,False,1
1860,layer3.conv1,element,1,"(31, 0, 1)",0,0.0,False,0.815,0.0,False,,53,-5.0,-7.0,0.4854269027709961,0.4000000059604645,False,False,1
1861,layer3.conv1,element,2,"(93, 1, 5)",0,0.0,False,0.815,0.0,False,,16,2.0,4.0,1.0,1.0,False,False,1
1862,layer3.conv1,element,0,"(19, 12, 18)",0,0.0,False,0.815,0.0,False,,20,4.0,5.0,0.3219280242919922,0.25,False,False,1
1863,conv1,element,2,"(22, 0, 21)",4,0.02,True,0.82,-0.0050000000000000044,False,,57,-10.0,-20.0,1.0,1.0,False,False,1
1864,layer3.conv1,element,0,"(7, 0, 13)",1,0.005,True,0.815,0.0,False,,61,-20.0,-16.0,0.3219280242919922,0.20000000298023224,False,False,1
1865,layer3.conv2,element,0,"(73, 7, 6)",0,0.0,False,0.815,0.0,False,,22,6.0,7.0,0.22239232063293457,0.1666666716337204,False,False,1
1866,layer2.conv1,element,0,"(47, 0, 5)",0,0.0,False,0.815,0.0,False,,55,-7.0,-6.0,0.22239232063293457,0.1428571492433548,False,False,1
1867,layer3.conv2,element,2,"(89, 2, 2)",0,0.0,False,0.815,0.0,False,,52,-4.0,-2.0,1.0,0.5,False,False,1
1868,layer1.conv1,element,0,"(7, 5, 29)",0,0.0,False,0.815,0.0,False,,45,-1.25,-1.0,0.32192808389663696,0.20000000298023224,False,False,1
1869,layer3.conv1,element,4,"(82, 3, 13)",0,0.0,False,0.815,0.0,False,,56,-8.0,-0.5,4.0,0.9375,False,False,1
1870,layer3.conv2,element,0,"(69, 4, 20)",0,0.0,False,0.815,0.0,False,,14,1.5,1.75,0.22239243984222412,0.1666666716337204,False,False,1
1871,layer3.conv2,element,1,"(65, 8, 20)",0,0.0,False,0.815,0.0,False,,43,-0.875,-0.625,0.4854268431663513,0.2857142984867096,False,False,1
1872,layer3.conv1,element,5,"(36, 0, 26)",0,0.0,False,0.815,0.0,False,,48,-2.0,2.0,0.0,2.0,True,False,1
1873,layer3.conv2,element,2,"(63, 0, 7)",0,0.0,False,0.815,0.0,False,,26,12.0,24.0,0.9999997615814209,1.0,False,False,1
1874,layer3.conv2,element,3,"(7, 1, 29)",0,0.0,False,0.815,0.0,False,,60,-16.0,-4.0,2.0,0.75,False,False,1
1875,layer3.conv2,element,1,"(73, 11, 30)",0,0.0,False,0.815,0.0,False,,59,-14.0,-10.0,0.4854269027709961,0.2857142984867096,False,False,1
1876,layer1.conv1,element,2,"(3, 4, 3)",0,0.0,False,0.815,0.0,False,,49,-2.5,-5.0,0.9999998807907104,1.0,False,False,1
1877,layer1.conv1,element,1,"(7, 4, 28)",1,0.005,True,0.815,0.0,False,,19,3.5,2.5,0.48542678356170654,0.2857142984867096,False,False,1
1878,layer3.conv2,element,5,"(3, 21, 6)",0,0.0,False,0.815,0.0,False,,23,7.0,-7.0,0.0,2.0,True,False,1
1879,layer3.conv1,element,4,"(20, 5, 1)",0,0.0,False,0.815,0.0,False,,58,-12.0,-0.75,4.0,0.9375,False,False,1
1880,layer3.conv2,element,5,"(29, 25, 13)",0,0.0,False,0.815,0.0,False,,24,8.0,-8.0,0.0,2.0,True,False,1
1881,layer3.conv2,element,4,"(60, 6, 27)",0,0.0,False,0.815,0.0,False,,22,6.0,0.375,4.0,0.9375,False,False,1
1882,layer2.conv1,element,0,"(18, 5, 9)",0,0.0,False,0.815,0.0,False,,62,-24.0,-28.0,0.22239255905151367,0.1666666716337204,False,False,1
1883,layer3.conv2,element,4,"(9, 12, 17)",0,0.0,False,0.815,0.0,False,,59,-14.0,-0.875,4.0,0.9375,False,False,1
1884,layer3.conv1,element,2,"(3, 4, 14)",0,0.0,False,0.815,0.0,False,,25,10.0,20.0,1.0,1.0,False,False,1
1885,layer3.conv2,element,2,"(49, 21, 16)",0,0.0,False,0.815,0.0,False,,59,-14.0,-28.0,1.0,1.0,False,False,1
1886,layer3.conv2,element,2,"(18, 12, 8)",0,0.0,False,0.815,0.0,False,,57,-10.0,-20.0,1.0,1.0,False,False,1
1887,layer3.conv2,element,5,"(65, 12, 21)",0,0.0,False,0.815,0.0,False,,48,-2.0,2.0,0.0,2.0,True,False,1
1888,layer3.conv2,element,0,"(23, 23, 9)",0,0.0,False,0.815,0.0,False,,48,-2.0,-2.5,0.32192814350128174,0.25,False,False,1
1889,layer3.conv1,element,2,"(14, 0, 2)",0,0.0,False,0.815,0.0,False,,29,20.0,10.0,1.0,0.5,False,False,1
1890,layer2.conv2,element,3,"(4, 7, 13)",1,0.005,True,0.815,0.0,False,,25,10.0,2.5,1.9999998807907104,0.75,False,False,1
1891,layer3.conv2,scale,3,"(19, 5)",1,0.005,True,0.815,0.0,False,,121,121.0,113.0,8.0,inf,False,False,32
1892,layer3.conv2,element,1,"(89, 8, 12)",1,0.005,True,0.815,0.0,False,,23,7.0,5.0,0.4854269027709961,0.2857142984867096,False,False,1
1893,layer3.conv2,element,5,"(42, 7, 11)",1,0.005,True,0.815,0.0,False,,21,5.0,-5.0,0.0,2.0,True,False,1
1894,layer3.conv2,element,5,"(11, 1, 11)",1,0.005,True,0.815,0.0,False,,60,-16.0,16.0,0.0,2.0,True,False,1
1895,layer3.conv1,element,3,"(28, 5, 6)",0,0.0,False,0.815,0.0,False,,56,-8.0,-2.0,2.0,0.75,False,False,1
1896,layer3.conv2,element,1,"(71, 15, 4)",0,0.0,False,0.815,0.0,False,,28,16.0,24.0,0.5849623680114746,0.5,False,False,1
1897,layer3.conv1,element,3,"(90, 4, 11)",1,0.005,True,0.815,0.0,False,,56,-8.0,-2.0,2.0,0.75,False,False,1
1898,layer3.conv2,scale,1,"(82, 22)",1,0.005,True,0.82,-0.0050000000000000044,False,,121,121.0,123.0,2.0,inf,False,False,32
1899,layer2.conv2,element,1,"(39, 7, 14)",0,0.0,False,0.815,0.0,False,,55,-7.0,-5.0,0.4854269027709961,0.2857142984867096,False,False,1
1900,layer3.conv1,element,5,"(41, 2, 13)",1,0.005,True,0.81,0.004999999999999893,False,,21,5.0,-5.0,0.0,2.0,True,False,1
1901,layer3.conv1,element,2,"(17, 13, 6)",0,0.0,False,0.815,0.0,False,,38,-0.375,-0.125,1.5849624872207642,0.6666666865348816,False,False,1
1902,layer2.conv1,element,4,"(34, 0, 26)",0,0.0,False,0.815,0.0,False,,24,8.0,0.5,4.0,0.9375,False,False,1
1903,layer2.conv1,element,1,"(14, 5, 24)",0,0.0,False,0.815,0.0,False,,33,-0.0625,-0.1875,1.5849626064300537,2.0,False,False,1
1904,layer3.conv2,element,0,"(50, 24, 11)",0,0.0,False,0.815,0.0,False,,23,7.0,6.0,0.22239232063293457,0.1428571492433548,False,False,1
1905,layer3.conv2,element,0,"(45, 25, 1)",0,0.0,False,0.815,0.0,False,,29,20.0,16.0,0.3219280242919922,0.20000000298023224,False,False,1
1906,layer3.conv1,element,2,"(80, 9, 31)",0,0.0,False,0.815,0.0,False,,55,-7.0,-3.5,1.0,0.5,False,False,1
1907,layer3.conv2,element,3,"(28, 9, 25)",1,0.005,True,0.815,0.0,False,,18,3.0,12.0,2.0,3.0,False,False,1
1908,layer3.conv1,element,4,"(70, 12, 12)",0,0.0,False,0.815,0.0,False,,21,5.0,0.3125,4.0,0.9375,False,False,1
1909,layer3.conv2,element,4,"(0, 18, 6)",0,0.0,False,0.815,0.0,False,,14,1.5,24.0,4.0,15.0,False,False,1
1910,layer3.conv1,element,1,"(38, 4, 31)",0,0.0,False,0.815,0.0,False,,61,-20.0,-28.0,0.4854269027709961,0.4000000059604645,False,False,1
1911,layer2.conv2,element,1,"(39, 5, 20)",0,0.0,False,0.815,0.0,False,,54,-6.0,-4.0,0.5849626064300537,0.3333333432674408,False,False,1
1912,layer3.conv2,element,1,"(40, 23, 3)",1,0.005,True,0.815,0.0,False,,26,12.0,8.0,0.5849626064300537,0.3333333432674408,False,False,1
1913,layer3.conv2,element,2,"(52, 14, 10)",0,0.0,False,0.815,0.0,False,,33,-0.0625,-0.3125,2.321928024291992,4.0,False,False,1
1914,layer2.conv1,element,3,"(34, 0, 0)",1,0.005,True,0.815,0.0,False,,59,-14.0,-3.5,2.0,0.75,False,False,1
1915,layer3.conv2,scale,6,"(14, 3)",1,0.005,True,0.815,0.0,False,,121,121.0,57.0,64.0,inf,False,False,32
1916,layer3.conv2,element,4,"(73, 14, 8)",0,0.0,False,0.815,0.0,False,,27,14.0,0.875,4.0,0.9375,False,False,1
1917,layer3.conv2,element,3,"(85, 1, 10)",1,0.005,True,0.815,0.0,False,,18,3.0,12.0,2.0,3.0,False,False,1
1918,layer3.conv2,element,5,"(28, 3, 0)",1,0.005,True,0.815,0.0,False,,58,-12.0,12.0,0.0,2.0,True,False,1
1919,layer1.conv2,element,1,"(19, 5, 0)",0,0.0,False,0.815,0.0,False,,61,-20.0,-28.0,0.4854269027709961,0.4000000059604645,False,False,1
1920,layer3.conv2,element,3,"(83, 6, 21)",0,0.0,False,0.815,0.0,False,,55,-7.0,-28.0,2.0,3.0,False,False,1
1921,layer3.conv1,element,1,"(87, 7, 3)",0,0.0,False,0.815,0.0,False,,45,-1.25,-1.75,0.4854268431663513,0.4000000059604645,False,False,1
1922,layer3.conv2,element,4,"(57, 11, 2)",0,0.0,False,0.815,0.0,False,,16,2.0,0.0,inf,1.0,False,False,1
1923,layer1.conv1,element,1,"(12, 4, 23)",0,0.0,False,0.815,0.0,False,,25,10.0,14.0,0.4854269027709961,0.4000000059604645,False,False,1
1924,layer3.conv2,element,2,"(37, 21, 0)",0,0.0,False,0.815,0.0,False,,27,14.0,28.0,1.0,1.0,False,False,1
1925,layer3.conv2,element,1,"(12, 24, 16)",0,0.0,False,0.815,0.0,False,,23,7.0,5.0,0.4854269027709961,0.2857142984867096,False,False,1
1926,layer2.conv1,element,3,"(4, 1, 4)",0,0.0,False,0.815,0.0,False,,59,-14.0,-3.5,2.0,0.75,False,False,1
1927,layer3.conv1,element,3,"(87, 1, 19)",1,0.005,True,0.815,0.0,False,,29,20.0,5.0,2.0,0.75,False,False,1
1928,layer3.conv2,element,3,"(28, 11, 2)",0,0.0,False,0.815,0.0,False,,13,1.25,0.3125,2.0,0.75,False,False,1
1929,layer3.conv2,element,4,"(52, 23, 10)",0,0.0,False,0.815,0.0,False,,56,-8.0,-0.5,4.0,0.9375,False,False,1
1930,layer3.conv2,element,4,"(45, 14, 11)",0,0.0,False,0.815,0.0,False,,49,-2.5,-0.0625,5.321928024291992,0.9750000238418579,False,False,1
1931,layer3.conv1,element,2,"(76, 6, 21)",0,0.0,False,0.815,0.0,False,,56,-8.0,-16.0,1.0,1.0,False,False,1
1932,layer3.conv1,element,1,"(10, 2, 7)",0,0.0,False,0.815,0.0,False,,19,3.5,2.5,0.48542678356170654,0.2857142984867096,False,False,1
1933,layer1.conv2,element,2,"(1, 5, 31)",0,0.0,False,0.815,0.0,False,,58,-12.0,-24.0,0.9999997615814209,1.0,False,False,1
1934,layer3.conv1,element,0,"(39, 3, 28)",0,0.0,False,0.815,0.0,False,,19,3.5,3.0,0.22239243984222412,0.1428571492433548,False,False,1
1935,layer3.conv2,element,3,"(81, 9, 18)",0,0.0,False,0.815,0.0,False,,26,12.0,3.0,2.0,0.75,False,False,1
1936,layer3.conv2,element,0,"(63, 26, 26)",0,0.0,False,0.815,0.0,False,,62,-24.0,-28.0,0.22239255905151367,0.1666666716337204,False,False,1
1937,layer3.conv2,element,0,"(40, 11, 15)",1,0.005,True,0.815,0.0,False,,27,14.0,12.0,0.22239232063293457,0.1428571492433548,False,False,1
1938,layer3.conv1,element,3,"(41, 11, 14)",0,0.0,False,0.815,0.0,False,,24,8.0,2.0,2.0,0.75,False,False,1
1939,layer3.conv2,element,5,"(49, 20, 5)",0,0.0,False,0.815,0.0,False,,47,-1.75,1.75,0.0,2.0,True,False,1
1940,layer3.conv2,element,4,"(56, 17, 15)",0,0.0,False,0.815,0.0,False,,57,-10.0,-0.625,4.0,0.9375,False,False,1
1941,layer3.conv2,element,3,"(2, 22, 22)",0,0.0,False,0.815,0.0,False,,21,5.0,20.0,2.0,3.0,False,False,1
1942,layer2.conv2,element,4,"(30, 8, 1)",1,0.005,True,0.815,0.0,False,,55,-7.0,-0.4375,4.0,0.9375,False,False,1
1943,layer3.conv2,scale,1,"(59, 22)",2,0.01,True,0.81,0.004999999999999893,False,,121,121.0,123.0,2.0,inf,False,False,32
1944,layer3.shortcut.0,scale,0,"(76, 0)",0,0.0,False,0.815,0.0,False,,121,121.0,120.0,1.0,inf,False,False,32
1945,layer3.conv2,element,4,"(38, 2, 17)",1,0.005,True,0.815,0.0,False,,62,-24.0,-1.5,4.0,0.9375,False,False,1
1946,layer2.conv1,element,2,"(3, 2, 17)",0,0.0,False,0.815,0.0,False,,18,3.0,6.0,1.0000001192092896,1.0,False,False,1
1947,layer3.conv2,element,3,"(47, 6, 14)",0,0.0,False,0.815,0.0,False,,24,8.0,2.0,2.0,0.75,False,False,1
1948,layer3.conv1,element,0,"(54, 6, 10)",0,0.0,False,0.815,0.0,False,,44,-1.0,-1.25,0.32192808389663696,0.25,False,False,1
1949,layer1.conv1,element,1,"(9, 2, 22)",0,0.0,False,0.815,0.0,False,,31,28.0,20.0,0.4854269027709961,0.2857142984867096,False,False,1
1950,layer3.conv1,element,1,"(14, 11, 20)",0,0.0,False,0.815,0.0,False,,17,2.5,3.5,0.48542678356170654,0.4000000059604645,False,False,1
1951,layer2.conv2,element,2,"(47, 11, 13)",1,0.005,True,0.815,0.0,False,,58,-12.0,-24.0,0.9999997615814209,1.0,False,False,1
1952,layer3.conv2,element,4,"(93, 14, 11)",0,0.0,False,0.815,0.0,False,,48,-2.0,-0.0,inf,1.0,False,False,1
1953,layer3.conv1,element,4,"(1, 12, 13)",0,0.0,False,0.815,0.0,False,,50,-3.0,-0.125,4.584962368011475,0.9583333134651184,False,False,1
1954,layer1.conv2,element,5,"(13, 3, 1)",1,0.005,True,0.815,0.0,False,,42,-0.75,0.75,0.0,2.0,True,False,1
1955,conv1,element,2,"(17, 0, 8)",0,0.0,False,0.815,0.0,False,,9,0.625,1.25,1.0,1.0,False,False,1
1956,layer3.conv2,scale,6,"(66, 9)",1,0.005,True,0.815,0.0,False,,121,121.0,57.0,64.0,inf,False,False,32
1957,layer1.conv1,element,5,"(0, 2, 20)",0,0.0,False,0.815,0.0,False,,29,20.0,-20.0,0.0,2.0,True,False,1
1958,layer3.conv2,element,2,"(90, 12, 25)",1,0.005,True,0.815,0.0,False,,54,-6.0,-3.0,1.0000001192092896,0.5,False,False,1
1959,layer3.conv2,element,4,"(13, 6, 13)",0,0.0,False,0.815,0.0,False,,55,-7.0,-0.4375,4.0,0.9375,False,False,1
1960,layer2.conv2,element,3,"(45, 0, 8)",0,0.0,False,0.815,0.0,False,,58,-12.0,-3.0,2.0,0.75,False,False,1
1961,layer3.conv2,element,4,"(23, 23, 24)",0,0.0,False,0.815,0.0,False,,22,6.0,0.375,4.0,0.9375,False,False,1
1962,layer3.conv2,element,3,"(80, 22, 22)",0,0.0,False,0.815,0.0,False,,25,10.0,2.5,1.9999998807907104,0.75,False,False,1
1963,layer3.conv2,element,1,"(21, 13, 5)",1,0.005,True,0.815,0.0,False,,31,28.0,20.0,0.4854269027709961,0.2857142984867096,False,False,1
1964,layer2.conv2,element,1,"(21, 7, 24)",0,0.0,False,0.815,0.0,False,,53,-5.0,-7.0,0.4854269027709961,0.4000000059604645,False,False,1
1965,layer2.shortcut.0,element,0,"(44, 0, 3)",0,0.0,False,0.815,0.0,False,,51,-3.5,-3.0,0.22239243984222412,0.1428571492433548,False,False,1
1966,layer3.conv1,element,3,"(16, 0, 31)",0,0.0,False,0.815,0.0,False,,49,-2.5,-10.0,1.9999998807907104,3.0,False,False,1
1967,layer3.conv1,element,5,"(17, 1, 15)",0,0.0,False,0.815,0.0,False,,53,-5.0,5.0,0.0,2.0,True,False,1
1968,layer3.conv2,element,3,"(63, 8, 4)",0,0.0,False,0.815,0.0,False,,61,-20.0,-5.0,2.0,0.75,False,False,1
1969,layer2.conv2,element,1,"(4, 2, 5)",1,0.005,True,0.815,0.0,False,,60,-16.0,-24.0,0.5849623680114746,0.5,False,False,1
1970,layer3.conv2,element,2,"(42, 15, 28)",0,0.0,False,0.815,0.0,False,,26,12.0,24.0,0.9999997615814209,1.0,False,False,1
1971,layer3.conv2,element,5,"(3, 5, 29)",0,0.0,False,0.815,0.0,False,,8,0.5,-0.5,0.0,2.0,True,False,1
1972,layer3.conv2,element,4,"(10, 12, 7)",0,0.0,False,0.815,0.0,False,,61,-20.0,-1.25,4.0,0.9375,False,False,1
1973,layer3.conv2,element,2,"(25, 5, 1)",0,0.0,False,0.815,0.0,False,,18,3.0,6.0,1.0000001192092896,1.0,False,False,1
1974,layer3.conv2,element,4,"(9, 13, 4)",0,0.0,False,0.815,0.0,False,,48,-2.0,-0.0,inf,1.0,False,False,1
1975,layer2.conv2,element,3,"(44, 12, 28)",0,0.0,False,0.815,0.0,False,,20,4.0,16.0,2.0,3.0,False,False,1
1976,layer3.conv1,element,4,"(60, 12, 21)",0,0.0,False,0.815,0.0,False,,57,-10.0,-0.625,4.0,0.9375,False,False,1
1977,layer3.conv2,element,1,"(75, 11, 21)",0,0.0,False,0.815,0.0,False,,11,0.875,0.625,0.4854268431663513,0.2857142984867096,False,False,1
1978,layer3.conv2,element,4,"(61, 8, 17)",0,0.0,False,0.815,0.0,False,,29,20.0,1.25,4.0,0.9375,False,False,1
1979,layer2.conv2,scale,3,"(9, 8)",3,0.015,True,0.815,0.0,False,,120,120.0,112.0,8.0,inf,False,False,32
1980,layer3.conv2,scale,6,"(72, 24)",0,0.0,False,0.815,0.0,False,,121,121.0,57.0,64.0,inf,False,False,32
1981,layer3.conv2,element,0,"(61, 22, 9)",0,0.0,False,0.815,0.0,False,,61,-20.0,-16.0,0.3219280242919922,0.20000000298023224,False,False,1
1982,layer3.conv2,element,0,"(63, 7, 14)",0,0.0,False,0.815,0.0,False,,60,-16.0,-20.0,0.3219280242919922,0.25,False,False,1
1983,layer3.conv1,element,3,"(75, 1, 2)",0,0.0,False,0.815,0.0,False,,35,-0.1875,-0.875,2.2223923206329346,3.6666667461395264,False,False,1
1984,layer2.conv2,element,4,"(10, 0, 26)",1,0.005,True,0.815,0.0,False,,50,-3.0,-0.125,4.584962368011475,0.9583333134651184,False,False,1
1985,layer2.conv2,element,2,"(14, 7, 15)",1,0.005,True,0.815,0.0,False,,57,-10.0,-20.0,1.0,1.0,False,False,1
1986,layer3.conv1,element,3,"(52, 9, 19)",0,0.0,False,0.815,0.0,False,,22,6.0,24.0,1.999999761581421,3.0,False,False,1
1987,layer2.conv1,element,3,"(4, 3, 1)",0,0.0,False,0.815,0.0,False,,22,6.0,24.0,1.999999761581421,3.0,False,False,1
1988,layer3.conv1,element,3,"(18, 1, 26)",0,0.0,False,0.815,0.0,False,,6,0.375,1.5,2.0,3.0,False,False,1
1989,layer1.conv1,element,4,"(6, 2, 8)",1,0.005,True,0.815,0.0,False,,19,3.5,0.1875,4.2223920822143555,0.9464285969734192,False,False,1
1990,layer3.conv2,element,0,"(44, 2, 10)",0,0.0,False,0.815,0.0,False,,56,-8.0,-10.0,0.3219280242919922,0.25,False,False,1
1991,layer3.conv2,element,2,"(94, 20, 12)",0,0.0,False,0.815,0.0,False,,54,-6.0,-3.0,1.0000001192092896,0.5,False,False,1
1992,layer3.conv2,element,3,"(3, 14, 19)",0,0.0,False,0.815,0.0,False,,57,-10.0,-2.5,1.9999998807907104,0.75,False,False,1
1993,layer3.shortcut.0,element,4,"(60, 1, 4)",0,0.0,False,0.815,0.0,False,,55,-7.0,-0.4375,4.0,0.9375,False,False,1
1994,layer3.shortcut.0,element,4,"(52, 0, 31)",0,0.0,False,0.815,0.0,False,,62,-24.0,-1.5,4.0,0.9375,False,False,1
1995,layer3.conv1,element,3,"(24, 1, 24)",0,0.0,False,0.815,0.0,False,,27,14.0,3.5,2.0,0.75,False,False,1
1996,layer2.conv2,element,1,"(9, 5, 5)",0,0.0,False,0.815,0.0,False,,21,5.0,7.0,0.4854269027709961,0.4000000059604645,False,False,1
1997,layer3.conv2,element,2,"(34, 4, 28)",0,0.0,False,0.815,0.0,False,,17,2.5,5.0,0.9999998807907104,1.0,False,False,1
1998,layer3.conv1,element,0,"(32, 13, 13)",0,0.0,False,0.815,0.0,False,,50,-3.0,-3.5,0.22239243984222412,0.1666666716337204,False,False,1
1999,layer3.conv1,element,0,"(68, 9, 30)",0,0.0,False,0.815,0.0,False,,56,-8.0,-10.0,0.3219280242919922,0.25,False,False,1
2000,fc,element,1,"(1, 2, 12)",0,0.0,False,0.815,0.0,False,,53,-5.0,-7.0,0.4854269027709961,0.4000000059604645,False,False,1
2001,layer3.conv2,element,4,"(26, 15, 8)",1,0.005,True,0.815,0.0,False,,22,6.0,0.375,4.0,0.9375,False,False,1
2002,layer3.conv2,element,2,"(23, 14, 26)",0,0.0,False,0.815,0.0,False,,45,-1.25,-0.625,1.0,0.5,False,False,1
2003,layer2.conv2,element,0,"(29, 0, 3)",0,0.0,False,0.815,0.0,False,,22,6.0,7.0,0.22239232063293457,0.1666666716337204,False,False,1
2004,layer3.conv2,element,5,"(36, 10, 30)",0,0.0,False,0.815,0.0,False,,53,-5.0,5.0,0.0,2.0,True,False,1
2005,layer3.conv2,element,1,"(9, 12, 22)",0,0.0,False,0.815,0.0,False,,51,-3.5,-2.5,0.48542678356170654,0.2857142984867096,False,False,1
2006,layer3.conv1,element,2,"(71, 10, 11)",0,0.0,False,0.815,0.0,False,,20,4.0,2.0,1.0,0.5,False,False,1
2007,layer3.conv2,element,1,"(2, 2, 6)",0,0.0,False,0.815,0.0,False,,26,12.0,8.0,0.5849626064300537,0.3333333432674408,False,False,1
2008,layer3.conv2,element,2,"(17, 22, 17)",0,0.0,False,0.815,0.0,False,,19,3.5,7.0,1.0,1.0,False,False,1
2009,layer3.conv2,element,2,"(54, 26, 29)",1,0.005,True,0.815,0.0,False,,16,2.0,4.0,1.0,1.0,False,False,1
2010,layer3.conv1,element,0,"(27, 2, 11)",0,0.0,False,0.815,0.0,False,,55,-7.0,-6.0,0.22239232063293457,0.1428571492433548,False,False,1
2011,layer3.conv2,element,0,"(54, 12, 16)",0,0.0,False,0.815,0.0,False,,62,-24.0,-28.0,0.22239255905151367,0.1666666716337204,False,False,1
2012,layer3.conv1,element,3,"(75, 11, 16)",0,0.0,False,0.815,0.0,False,,60,-16.0,-4.0,2.0,0.75,False,False,1
2013,layer2.conv2,element,1,"(2, 5, 2)",1,0.005,True,0.815,0.0,False,,22,6.0,4.0,0.5849626064300537,0.3333333432674408,False,False,1
2014,layer1.conv1,element,5,"(5, 3, 17)",0,0.0,False,0.815,0.0,False,,21,5.0,-5.0,0.0,2.0,True,False,1
2015,layer3.shortcut.0,element,3,"(67, 0, 2)",1,0.005,True,0.815,0.0,False,,53,-5.0,-20.0,2.0,3.0,False,False,1
2016,layer3.conv2,element,0,"(16, 8, 12)",0,0.0,False,0.815,0.0,False,,23,7.0,6.0,0.22239232063293457,0.1428571492433548,False,False,1
2017,layer2.shortcut.0,element,1,"(25, 0, 3)",1,0.005,True,0.815,0.0,False,,56,-8.0,-12.0,0.5849626064300537,0.5,False,False,1
2018,layer3.conv1,element,5,"(23, 9, 31)",1,0.005,True,0.815,0.0,False,,29,20.0,-20.0,0.0,2.0,True,False,1
2019,layer3.conv2,element,0,"(95, 5, 19)",0,0.0,False,0.815,0.0,False,,29,20.0,16.0,0.3219280242919922,0.20000000298023224,False,False,1
2020,layer2.conv2,element,0,"(20, 7, 11)",1,0.005,True,0.815,0.0,False,,53,-5.0,-4.0,0.3219280242919922,0.20000000298023224,False,False,1
2021,layer3.conv1,element,2,"(83, 7, 23)",0,0.0,False,0.815,0.0,False,,55,-7.0,-3.5,1.0,0.5,False,False,1
2022,layer3.conv2,element,0,"(38, 25, 28)",0,0.0,False,0.815,0.0,False,,54,-6.0,-7.0,0.22239232063293457,0.1666666716337204,False,False,1
2023,layer3.conv2,element,2,"(86, 14, 20)",0,0.0,False,0.815,0.0,False,,60,-16.0,-8.0,1.0,0.5,False,False,1
2024,layer3.conv1,element,3,"(72, 7, 2)",0,0.0,False,0.815,0.0,False,,44,-1.0,-0.25,2.0,0.75,False,False,1
2025,layer3.conv1,element,0,"(48, 5, 14)",0,0.0,False,0.815,0.0,False,,27,14.0,12.0,0.22239232063293457,0.1428571492433548,False,False,1
2026,layer2.conv1,element,3,"(31, 3, 0)",0,0.0,False,0.815,0.0,False,,49,-2.5,-10.0,1.9999998807907104,3.0,False,False,1
2027,layer1.conv1,scale,4,"(3, 0)",2,0.01,True,0.81,0.004999999999999893,False,,119,119.0,103.0,16.0,inf,False,False,32
2028,layer3.conv2,element,5,"(0, 12, 24)",0,0.0,False,0.815,0.0,False,,53,-5.0,5.0,0.0,2.0,True,False,1
2029,layer3.conv2,element,0,"(21, 24, 6)",0,0.0,False,0.815,0.0,False,,28,16.0,20.0,0.3219280242919922,0.25,False,False,1
2030,layer3.shortcut.0,element,4,"(20, 0, 7)",0,0.0,False,0.815,0.0,False,,25,10.0,0.625,4.0,0.9375,False,False,1
2031,layer3.conv1,element,4,"(19, 2, 9)",1,0.005,True,0.815,0.0,False,,19,3.5,0.1875,4.2223920822143555,0.9464285969734192,False,False,1
2032,layer3.conv2,element,2,"(26, 21, 17)",0,0.0,False,0.815,0.0,False,,21,5.0,2.5,0.9999998807907104,0.5,False,False,1
2033,layer3.conv2,element,3,"(4, 8, 8)",0,0.0,False,0.815,0.0,False,,50,-3.0,-12.0,2.0,3.0,False,False,1
2034,layer2.conv2,element,1,"(10, 3, 16)",0,0.0,False,0.815,0.0,False,,57,-10.0,-14.0,0.4854269027709961,0.4000000059604645,False,False,1
2035,layer3.conv2,element,3,"(79, 1, 11)",1,0.005,True,0.815,0.0,False,,61,-20.0,-5.0,2.0,0.75,False,False,1
2036,layer3.shortcut.0,element,4,"(18, 0, 7)",0,0.0,False,0.815,0.0,False,,51,-3.5,-0.1875,4.2223920822143555,0.9464285969734192,False,False,1
2037,layer3.shortcut.0,element,4,"(3, 0, 28)",0,0.0,False,0.815,0.0,False,,46,-1.5,-24.0,4.0,15.0,False,False,1
2038,layer3.conv1,element,1,"(43, 11, 7)",1,0.005,True,0.815,0.0,False,,28,16.0,24.0,0.5849623680114746,0.5,False,False,1
2039,layer3.conv2,element,3,"(85, 14, 6)",0,0.0,False,0.815,0.0,False,,35,-0.1875,-0.875,2.2223923206329346,3.6666667461395264,False,False,1
2040,layer3.conv2,element,3,"(9, 1, 24)",0,0.0,False,0.815,0.0,False,,55,-7.0,-28.0,2.0,3.0,False,False,1
2041,layer3.conv2,element,3,"(44, 6, 18)",1,0.005,True,0.815,0.0,False,,25,10.0,2.5,1.9999998807907104,0.75,False,False,1
2042,layer2.conv1,element,0,"(11, 0, 19)",0,0.0,False,0.815,0.0,False,,20,4.0,5.0,0.3219280242919922,0.25,False,False,1
2043,layer3.conv2,element,4,"(51, 22, 29)",0,0.0,False,0.815,0.0,False,,25,10.0,0.625,4.0,0.9375,False,False,1
2044,layer3.conv2,element,0,"(35, 24, 6)",0,0.0,False,0.815,0.0,False,,25,10.0,8.0,0.3219280242919922,0.20000000298023224,False,False,1
2045,layer3.conv2,element,1,"(89, 2, 29)",1,0.005,True,0.815,0.0,False,,57,-10.0,-14.0,0.4854269027709961,0.4000000059604645,False,False,1
2046,layer3.conv1,element,0,"(33, 10, 14)",0,0.0,False,0.815,0.0,False,,62,-24.0,-28.0,0.22239255905151367,0.1666666716337204,False,False,1
2047,layer2.conv2,element,4,"(44, 11, 24)",1,0.005,True,0.815,0.0,False,,45,-1.25,-20.0,4.0,15.0,False,False,1
2048,layer1.conv2,element,3,"(20, 5, 3)",0,0.0,False,0.815,0.0,False,,57,-10.0,-2.5,1.9999998807907104,0.75,False,False,1
2049,layer3.shortcut.0,element,0,"(34, 0, 1)",0,0.0,False,0.815,0.0,False,,24,8.0,10.0,0.3219280242919922,0.25,False,False,1
2050,layer3.conv1,element,3,"(71, 5, 6)",1,0.005,True,0.815,0.0,False,,62,-24.0,-6.0,1.999999761581421,0.75,False,False,1
2051,layer3.conv2,element,5,"(55, 22, 15)",1,0.005,True,0.815,0.0,False,,56,-8.0,8.0,0.0,2.0,True,False,1
2052,layer3.conv1,element,3,"(90, 9, 30)",1,0.005,True,0.815,0.0,False,,59,-14.0,-3.5,2.0,0.75,False,False,1
2053,layer3.conv2,element,4,"(1, 21, 29)",0,0.0,False,0.815,0.0,False,,54,-6.0,-0.375,4.0,0.9375,False,False,1
2054,layer3.conv2,element,4,"(19, 19, 3)",0,0.0,False,0.815,0.0,False,,54,-6.0,-0.375,4.0,0.9375,False,False,1
2055,layer3.conv1,element,3,"(41, 4, 30)",0,0.0,False,0.815,0.0,False,,55,-7.0,-28.0,2.0,3.0,False,False,1
2056,layer3.conv2,element,2,"(94, 5, 10)",0,0.0,False,0.815,0.0,False,,53,-5.0,-2.5,0.9999998807907104,0.5,False,False,1
2057,layer3.conv2,element,4,"(52, 0, 20)",0,0.0,False,0.815,0.0,False,,57,-10.0,-0.625,4.0,0.9375,False,False,1
2058,layer3.conv2,element,1,"(19, 26, 3)",0,0.0,False,0.815,0.0,False,,46,-1.5,-1.0,0.5849624872207642,0.3333333432674408,False,False,1
2059,layer3.conv2,element,2,"(65, 4, 21)",0,0.0,False,0.815,0.0,False,,59,-14.0,-28.0,1.0,1.0,False,False,1
2060,layer3.shortcut.0,element,4,"(50, 1, 11)",0,0.0,False,0.815,0.0,False,,61,-20.0,-1.25,4.0,0.9375,False,False,1
2061,layer3.conv2,element,5,"(54, 16, 17)",1,0.005,True,0.815,0.0,False,,56,-8.0,8.0,0.0,2.0,True,False,1
2062,layer3.conv1,element,5,"(42, 8, 29)",1,0.005,True,0.815,0.0,False,,19,3.5,-3.5,0.0,2.0,True,False,1
2063,layer1.conv1,scale,6,"(19, 1)",18,0.09,True,0.82,-0.0050000000000000044,False,,121,121.0,57.0,64.0,inf,False,False,32
2064,layer1.conv2,element,4,"(22, 5, 15)",3,0.015,True,0.815,0.0,False,,29,20.0,1.25,4.0,0.9375,False,False,1
2065,layer3.conv2,element,0,"(15, 2, 27)",0,0.0,False,0.815,0.0,False,,22,6.0,7.0,0.22239232063293457,0.1666666716337204,False,False,1
2066,layer2.conv1,element,5,"(9, 1, 14)",1,0.005,True,0.815,0.0,False,,47,-1.75,1.75,0.0,2.0,True,False,1
2067,layer3.conv2,element,2,"(46, 20, 5)",0,0.0,False,0.815,0.0,False,,27,14.0,28.0,1.0,1.0,False,False,1
2068,layer3.conv2,element,5,"(7, 21, 23)",0,0.0,False,0.815,0.0,False,,53,-5.0,5.0,0.0,2.0,True,False,1
2069,layer3.conv1,element,0,"(90, 4, 16)",0,0.0,False,0.815,0.0,False,,18,3.0,3.5,0.22239243984222412,0.1666666716337204,False,False,1
2070,layer3.conv2,element,1,"(95, 18, 24)",0,0.0,False,0.815,0.0,False,,52,-4.0,-6.0,0.5849626064300537,0.5,False,False,1
2071,layer2.conv2,element,2,"(42, 0, 4)",0,0.0,False,0.815,0.0,False,,21,5.0,2.5,0.9999998807907104,0.5,False,False,1
2072,layer3.conv2,element,4,"(17, 6, 22)",0,0.0,False,0.815,0.0,False,,58,-12.0,-0.75,4.0,0.9375,False,False,1
2073,layer2.conv1,element,3,"(18, 6, 16)",1,0.005,True,0.815,0.0,False,,17,2.5,10.0,1.9999998807907104,3.0,False,False,1
2074,layer2.conv2,element,0,"(29, 13, 14)",0,0.0,False,0.815,0.0,False,,55,-7.0,-6.0,0.22239232063293457,0.1428571492433548,False,False,1
2075,layer3.conv1,element,3,"(28, 12, 4)",0,0.0,False,0.815,0.0,False,,41,-0.625,-0.0625,3.321928024291992,0.8999999761581421,False,False,1
2076,layer3.conv2,element,0,"(1, 19, 9)",0,0.0,False,0.815,0.0,False,,5,0.3125,0.25,0.32192814350128174,0.20000000298023224,False,False,1
2077,layer3.conv2,element,2,"(87, 17, 22)",0,0.0,False,0.815,0.0,False,,48,-2.0,-4.0,1.0,1.0,False,False,1
2078,layer3.conv2,element,5,"(25, 6, 7)",1,0.005,True,0.815,0.0,False,,27,14.0,-14.0,0.0,2.0,True,False,1
2079,layer3.shortcut.0,element,5,"(63, 1, 9)",0,0.0,False,0.815,0.0,False,,17,2.5,-2.5,0.0,2.0,True,False,1
2080,layer1.conv1,element,1,"(18, 5, 25)",0,0.0,False,0.815,0.0,False,,61,-20.0,-28.0,0.4854269027709961,0.4000000059604645,False,False,1
2081,layer3.conv2,element,2,"(13, 17, 21)",0,0.0,False,0.815,0.0,False,,48,-2.0,-4.0,1.0,1.0,False,False,1
2082,layer3.conv2,element,3,"(6, 12, 31)",0,0.0,False,0.815,0.0,False,,21,5.0,20.0,2.0,3.0,False,False,1
2083,layer2.conv1,element,0,"(8, 3, 13)",1,0.005,True,0.815,0.0,False,,62,-24.0,-28.0,0.22239255905151367,0.1666666716337204,False,False,1
2084,layer3.conv1,element,4,"(77, 2, 15)",1,0.005,True,0.815,0.0,False,,30,24.0,1.5,4.0,0.9375,False,False,1
2085,layer1.conv2,element,3,"(10, 6, 4)",0,0.0,False,0.815,0.0,False,,15,1.75,0.4375,2.0,0.75,False,False,1
2086,layer3.conv2,element,1,"(55, 20, 5)",0,0.0,False,0.815,0.0,False,,31,28.0,20.0,0.4854269027709961,0.2857142984867096,False,False,1
2087,layer3.conv2,element,1,"(2, 26, 6)",0,0.0,False,0.815,0.0,False,,55,-7.0,-5.0,0.4854269027709961,0.2857142984867096,False,False,1
2088,layer2.conv2,element,5,"(8, 8, 18)",1,0.005,True,0.815,0.0,False,,24,8.0,-8.0,0.0,2.0,True,False,1
2089,layer3.conv1,element,5,"(88, 3, 8)",0,0.0,False,0.815,0.0,False,,19,3.5,-3.5,0.0,2.0,True,False,1
2090,layer2.conv1,element,2,"(23, 6, 23)",0,0.0,False,0.815,0.0,False,,61,-20.0,-10.0,1.0,0.5,False,False,1
2091,layer3.conv2,element,4,"(59, 21, 24)",0,0.0,False,0.815,0.0,False,,22,6.0,0.375,4.0,0.9375,False,False,1
2092,layer3.conv2,element,1,"(38, 23, 3)",0,0.0,False,0.815,0.0,False,,51,-3.5,-2.5,0.48542678356170654,0.2857142984867096,False,False,1
2093,layer2.conv2,element,5,"(17, 12, 14)",1,0.005,True,0.815,0.0,False,,24,8.0,-8.0,0.0,2.0,True,False,1
2094,layer1.conv2,element,3,"(0, 1, 9)",1,0.005,True,0.815,0.0,False,,58,-12.0,-3.0,2.0,0.75,False,False,1
2095,layer3.conv1,element,2,"(38, 0, 11)",0,0.0,False,0.815,0.0,False,,22,6.0,3.0,1.0000001192092896,0.5,False,False,1
2096,layer3.conv2,element,3,"(47, 21, 25)",0,0.0,False,0.815,0.0,False,,60,-16.0,-4.0,2.0,0.75,False,False,1
2097,layer3.conv1,element,1,"(80, 11, 3)",0,0.0,False,0.815,0.0,False,,53,-5.0,-7.0,0.4854269027709961,0.4000000059604645,False,False,1
2098,layer3.conv2,element,4,"(78, 24, 10)",1,0.005,True,0.815,0.0,False,,47,-1.75,-28.0,4.0,15.0,False,False,1
2099,layer3.conv1,element,2,"(87, 8, 5)",1,0.005,True,0.815,0.0,False,,23,7.0,3.5,1.0,0.5,False,False,1
2100,layer3.conv2,element,5,"(90, 22, 0)",0,0.0,False,0.815,0.0,False,,21,5.0,-5.0,0.0,2.0,True,False,1
2101,layer3.conv2,element,0,"(83, 11, 28)",0,0.0,False,0.815,0.0,False,,61,-20.0,-16.0,0.3219280242919922,0.20000000298023224,False,False,1
2102,layer2.conv2,element,1,"(0, 8, 28)",0,0.0,False,0.815,0.0,False,,21,5.0,7.0,0.4854269027709961,0.4000000059604645,False,False,1
2103,layer3.conv1,element,0,"(4, 5, 7)",0,0.0,False,0.815,0.0,False,,27,14.0,12.0,0.22239232063293457,0.1428571492433548,False,False,1
2104,layer3.conv1,element,3,"(87, 0, 22)",1,0.005,True,0.815,0.0,False,,26,12.0,3.0,2.0,0.75,False,False,1
2105,layer3.conv2,element,0,"(77, 9, 21)",0,0.0,False,0.815,0.0,False,,13,1.25,1.0,0.32192808389663696,0.20000000298023224,False,False,1
2106,layer3.conv2,element,0,"(57, 15, 26)",0,0.0,False,0.815,0.0,False,,28,16.0,20.0,0.3219280242919922,0.25,False,False,1
2107,layer3.conv2,element,5,"(73, 6, 6)",0,0.0,False,0.815,0.0,False,,21,5.0,-5.0,0.0,2.0,True,False,1
2108,layer1.conv2,element,4,"(19, 6, 5)",0,0.0,False,0.815,0.0,False,,58,-12.0,-0.75,4.0,0.9375,False,False,1
2109,layer3.conv2,element,2,"(83, 6, 1)",0,0.0,False,0.815,0.0,False,,61,-20.0,-10.0,1.0,0.5,False,False,1
2110,layer3.conv1,scale,3,"(9, 6)",100,0.5,True,0.47,0.345,False,,119,119.0,127.0,8.0,inf,False,False,32
2111,layer3.conv1,element,4,"(38, 12, 20)",0,0.0,False,0.815,0.0,False,,22,6.0,0.375,4.0,0.9375,False,False,1
2112,layer3.conv1,element,5,"(47, 12, 5)",1,0.005,True,0.815,0.0,False,,27,14.0,-14.0,0.0,2.0,True,False,1
2113,layer3.conv1,element,5,"(57, 8, 12)",0,0.0,False,0.815,0.0,False,,22,6.0,-6.0,0.0,2.0,True,False,1
2114,layer2.conv2,element,2,"(10, 1, 18)",0,0.0,False,0.815,0.0,False,,44,-1.0,-0.5,1.0,0.5,False,False,1
2115,layer3.conv2,element,4,"(62, 0, 18)",0,0.0,False,0.815,0.0,False,,50,-3.0,-0.125,4.584962368011475,0.9583333134651184,False,False,1
2116,layer3.conv2,element,5,"(17, 10, 25)",0,0.0,False,0.815,0.0,False,,48,-2.0,2.0,0.0,2.0,True,False,1
2117,layer3.conv2,element,1,"(8, 13, 31)",0,0.0,False,0.815,0.0,False,,22,6.0,4.0,0.5849626064300537,0.3333333432674408,False,False,1
2118,layer3.conv2,element,1,"(66, 12, 13)",0,0.0,False,0.815,0.0,False,,22,6.0,4.0,0.5849626064300537,0.3333333432674408,False,False,1
2119,layer3.conv1,element,5,"(47, 11, 0)",0,0.0,False,0.815,0.0,False,,61,-20.0,20.0,0.0,2.0,True,False,1
2120,layer3.conv1,element,0,"(79, 0, 28)",0,0.0,False,0.815,0.0,False,,24,8.0,10.0,0.3219280242919922,0.25,False,False,1
2121,layer3.conv1,element,1,"(53, 10, 27)",0,0.0,False,0.815,0.0,False,,62,-24.0,-16.0,0.5849623680114746,0.3333333432674408,False,False,1
2122,layer3.conv1,element,4,"(22, 0, 18)",1,0.005,True,0.815,0.0,False,,61,-20.0,-1.25,4.0,0.9375,False,False,1
2123,layer3.conv1,element,0,"(59, 11, 16)",0,0.0,False,0.815,0.0,False,,62,-24.0,-28.0,0.22239255905151367,0.1666666716337204,False,False,1
2124,layer3.conv2,element,5,"(36, 19, 31)",0,0.0,False,0.815,0.0,False,,56,-8.0,8.0,0.0,2.0,True,False,1
2125,layer1.conv1,element,1,"(16, 6, 8)",0,0.0,False,0.815,0.0,False,,53,-5.0,-7.0,0.4854269027709961,0.4000000059604645,False,False,1
2126,layer2.conv2,element,3,"(17, 12, 24)",0,0.0,False,0.815,0.0,False,,21,5.0,20.0,2.0,3.0,False,False,1
2127,layer2.conv2,element,2,"(16, 4, 11)",1,0.005,True,0.815,0.0,False,,22,6.0,3.0,1.0000001192092896,0.5,False,False,1
2128,layer3.conv2,element,0,"(66, 0, 18)",1,0.005,True,0.815,0.0,False,,26,12.0,14.0,0.22239232063293457,0.1666666716337204,False,False,1
2129,layer3.conv2,element,3,"(54, 24, 5)",0,0.0,False,0.815,0.0,False,,29,20.0,5.0,2.0,0.75,False,False,1
2130,layer1.conv1,element,3,"(20, 0, 8)",0,0.0,False,0.815,0.0,False,,58,-12.0,-3.0,2.0,0.75,False,False,1
2131,layer3.conv2,element,0,"(60, 26, 13)",0,0.0,False,0.815,0.0,False,,28,16.0,20.0,0.3219280242919922,0.25,False,False,1
2132,layer3.conv2,element,1,"(13, 15, 15)",0,0.0,False,0.815,0.0,False,,41,-0.625,-0.875,0.4854268431663513,0.4000000059604645,False,False,1
2133,layer3.conv1,scale,5,"(55, 7)",4,0.02,True,0.815,0.0,False,,119,119.0,87.0,32.0,inf,False,False,32
2134,layer3.conv1,element,4,"(85, 4, 19)",2,0.01,True,0.81,0.004999999999999893,False,,60,-16.0,-1.0,4.0,0.9375,False,False,1
2135,layer3.conv2,element,1,"(30, 21, 22)",0,0.0,False,0.815,0.0,False,,22,6.0,4.0,0.5849626064300537,0.3333333432674408,False,False,1
2136,conv1,element,5,"(9, 0, 9)",3,0.015,True,0.82,-0.0050000000000000044,False,,49,-2.5,2.5,0.0,2.0,True,False,1
2137,layer1.conv2,element,3,"(10, 2, 3)",1,0.005,True,0.815,0.0,False,,20,4.0,16.0,2.0,3.0,False,False,1
2138,layer3.conv2,element,1,"(27, 21, 20)",0,0.0,False,0.815,0.0,False,,8,0.5,0.75,0.5849624872207642,0.5,False,False,1
2139,layer3.conv2,element,4,"(30, 23, 11)",0,0.0,False,0.815,0.0,False,,57,-10.0,-0.625,4.0,0.9375,False,False,1
2140,layer1.conv1,element,2,"(8, 2, 20)",0,0.0,False,0.815,0.0,False,,55,-7.0,-3.5,1.0,0.5,False,False,1
2141,layer3.conv2,element,0,"(93, 22, 3)",0,0.0,False,0.815,0.0,False,,17,2.5,2.0,0.32192814350128174,0.20000000298023224,False,False,1
2142,layer3.conv2,element,3,"(74, 13, 7)",0,0.0,False,0.815,0.0,False,,18,3.0,12.0,2.0,3.0,False,False,1
2143,layer3.conv1,element,0,"(71, 1, 9)",0,0.0,False,0.815,0.0,False,,14,1.5,1.75,0.22239243984222412,0.1666666716337204,False,False,1
2144,layer3.conv2,element,2,"(40, 7, 12)",1,0.005,True,0.815,0.0,False,,57,-10.0,-20.0,1.0,1.0,False,False,1
2145,layer3.conv2,element,5,"(81, 3, 23)",0,0.0,False,0.815,0.0,False,,17,2.5,-2.5,0.0,2.0,True,False,1
2146,layer3.conv2,element,3,"(2, 17, 5)",1,0.005,True,0.815,0.0,False,,54,-6.0,-24.0,1.999999761581421,3.0,False,False,1
2147,layer3.conv1,element,0,"(19, 4, 24)",0,0.0,False,0.815,0.0,False,,20,4.0,5.0,0.3219280242919922,0.25,False,False,1
2148,layer3.conv2,element,3,"(91, 10, 28)",1,0.005,True,0.815,0.0,False,,21,5.0,20.0,2.0,3.0,False,False,1
2149,layer3.conv2,element,5,"(68, 26, 1)",0,0.0,False,0.815,0.0,False,,45,-1.25,1.25,0.0,2.0,True,False,1
2150,layer2.conv2,element,2,"(24, 0, 5)",0,0.0,False,0.815,0.0,False,,26,12.0,24.0,0.9999997615814209,1.0,False,False,1
2151,layer3.conv2,element,5,"(26, 19, 21)",1,0.005,True,0.815,0.0,False,,28,16.0,-16.0,0.0,2.0,True,False,1
2152,layer3.conv1,element,4,"(48, 11, 10)",0,0.0,False,0.815,0.0,False,,58,-12.0,-0.75,4.0,0.9375,False,False,1
2153,layer3.conv2,element,1,"(23, 22, 28)",0,0.0,False,0.815,0.0,False,,10,0.75,0.5,0.5849624872207642,0.3333333432674408,False,False,1
2154,layer2.conv2,element,2,"(3, 12, 23)",0,0.0,False,0.815,0.0,False,,35,-0.1875,-0.4375,1.2223923206329346,1.3333333730697632,False,False,1
2155,layer3.conv2,element,2,"(76, 6, 11)",0,0.0,False,0.815,0.0,False,,24,8.0,16.0,1.0,1.0,False,False,1
2156,layer3.conv2,element,0,"(3, 20, 13)",0,0.0,False,0.815,0.0,False,,55,-7.0,-6.0,0.22239232063293457,0.1428571492433548,False,False,1
2157,layer3.conv2,element,0,"(51, 12, 4)",0,0.0,False,0.815,0.0,False,,25,10.0,8.0,0.3219280242919922,0.20000000298023224,False,False,1
2158,layer3.conv2,element,0,"(64, 12, 7)",0,0.0,False,0.815,0.0,False,,48,-2.0,-2.5,0.32192814350128174,0.25,False,False,1
2159,layer2.conv1,element,1,"(18, 5, 6)",0,0.0,False,0.815,0.0,False,,26,12.0,8.0,0.5849626064300537,0.3333333432674408,False,False,1
2160,layer3.conv1,element,2,"(93, 10, 30)",0,0.0,False,0.815,0.0,False,,24,8.0,16.0,1.0,1.0,False,False,1
2161,layer3.conv1,element,0,"(12, 13, 11)",0,0.0,False,0.815,0.0,False,,18,3.0,3.5,0.22239243984222412,0.1666666716337204,False,False,1
2162,layer3.conv1,element,4,"(12, 6, 18)",0,0.0,False,0.815,0.0,False,,55,-7.0,-0.4375,4.0,0.9375,False,False,1
2163,layer3.conv2,element,0,"(64, 16, 2)",0,0.0,False,0.815,0.0,False,,25,10.0,8.0,0.3219280242919922,0.20000000298023224,False,False,1
2164,layer3.conv1,element,5,"(77, 9, 30)",0,0.0,False,0.815,0.0,False,,52,-4.0,4.0,0.0,2.0,True,False,1
2165,layer3.conv2,scale,3,"(20, 12)",2,0.01,True,0.81,0.004999999999999893,False,,122,122.0,114.0,8.0,inf,False,False,32
2166,layer3.conv2,element,1,"(79, 11, 30)",0,0.0,False,0.815,0.0,False,,56,-8.0,-12.0,0.5849626064300537,0.5,False,False,1
2167,layer3.conv2,element,0,"(9, 7, 6)",0,0.0,False,0.815,0.0,False,,46,-1.5,-1.75,0.22239243984222412,0.1666666716337204,False,False,1
2168,layer3.conv2,element,2,"(8, 5, 14)",1,0.005,True,0.815,0.0,False,,25,10.0,20.0,1.0,1.0,False,False,1
2169,layer3.conv1,element,5,"(73, 5, 1)",1,0.005,True,0.815,0.0,False,,60,-16.0,16.0,0.0,2.0,True,False,1
2170,layer2.conv2,element,5,"(27, 10, 14)",0,0.0,False,0.815,0.0,False,,56,-8.0,8.0,0.0,2.0,True,False,1
2171,layer3.conv2,element,0,"(13, 14, 15)",0,0.0,False,0.815,0.0,False,,62,-24.0,-28.0,0.22239255905151367,0.1666666716337204,False,False,1
2172,layer3.conv1,element,0,"(76, 9, 27)",0,0.0,False,0.815,0.0,False,,57,-10.0,-8.0,0.3219280242919922,0.20000000298023224,False,False,1
2173,layer1.conv2,element,3,"(22, 4, 16)",1,0.005,True,0.815,0.0,False,,63,-28.0,-7.0,2.0,0.75,False,False,1
2174,layer3.conv1,element,2,"(47, 3, 15)",1,0.005,True,0.815,0.0,False,,59,-14.0,-28.0,1.0,1.0,False,False,1
2175,layer3.conv1,element,0,"(88, 5, 19)",0,0.0,False,0.815,0.0,False,,58,-12.0,-14.0,0.22239232063293457,0.1666666716337204,False,False,1
2176,layer3.conv1,element,0,"(49, 4, 27)",0,0.0,False,0.815,0.0,False,,26,12.0,14.0,0.22239232063293457,0.1666666716337204,False,False,1
2177,layer3.conv1,element,2,"(95, 5, 18)",0,0.0,False,0.815,0.0,False,,53,-5.0,-2.5,0.9999998807907104,0.5,False,False,1
2178,layer3.conv2,element,0,"(90, 4, 2)",0,0.0,False,0.815,0.0,False,,62,-24.0,-28.0,0.22239255905151367,0.1666666716337204,False,False,1
2179,layer3.conv1,element,5,"(63, 7, 19)",1,0.005,True,0.815,0.0,False,,59,-14.0,14.0,0.0,2.0,True,False,1
2180,layer3.conv1,element,0,"(42, 12, 30)",0,0.0,False,0.815,0.0,False,,18,3.0,3.5,0.22239243984222412,0.1666666716337204,False,False,1
2181,layer2.conv1,element,0,"(33, 2, 11)",0,0.0,False,0.815,0.0,False,,56,-8.0,-10.0,0.3219280242919922,0.25,False,False,1
2182,layer2.conv2,element,0,"(29, 6, 15)",0,0.0,False,0.815,0.0,False,,24,8.0,10.0,0.3219280242919922,0.25,False,False,1
2183,layer3.conv2,element,0,"(72, 15, 31)",0,0.0,False,0.815,0.0,False,,56,-8.0,-10.0,0.3219280242919922,0.25,False,False,1
2184,layer3.conv2,element,5,"(48, 13, 21)",0,0.0,False,0.815,0.0,False,,57,-10.0,10.0,0.0,2.0,True,False,1
2185,layer3.conv2,element,0,"(86, 26, 30)",0,0.0,False,0.815,0.0,False,,22,6.0,7.0,0.22239232063293457,0.1666666716337204,False,False,1
2186,layer3.conv2,element,3,"(9, 6, 13)",1,0.005,True,0.815,0.0,False,,52,-4.0,-16.0,2.0,3.0,False,False,1
2187,layer3.conv2,element,3,"(25, 8, 4)",1,0.005,True,0.815,0.0,False,,27,14.0,3.5,2.0,0.75,False,False,1
2188,layer2.conv2,element,2,"(8, 5, 9)",1,0.005,True,0.815,0.0,False,,49,-2.5,-5.0,0.9999998807907104,1.0,False,False,1
2189,layer3.conv2,element,0,"(63, 23, 6)",0,0.0,False,0.815,0.0,False,,55,-7.0,-6.0,0.22239232063293457,0.1428571492433548,False,False,1
2190,layer3.conv2,element,2,"(55, 4, 16)",0,0.0,False,0.815,0.0,False,,30,24.0,12.0,0.9999997615814209,0.5,False,False,1
2191,layer3.conv1,element,1,"(50, 9, 4)",0,0.0,False,0.815,0.0,False,,17,2.5,3.5,0.48542678356170654,0.4000000059604645,False,False,1
2192,layer1.conv1,element,1,"(9, 5, 8)",1,0.005,True,0.815,0.0,False,,52,-4.0,-6.0,0.5849626064300537,0.5,False,False,1
2193,layer3.conv2,element,5,"(79, 23, 25)",1,0.005,True,0.815,0.0,False,,49,-2.5,2.5,0.0,2.0,True,False,1
2194,layer3.conv2,element,3,"(70, 16, 23)",1,0.005,True,0.815,0.0,False,,29,20.0,5.0,2.0,0.75,False,False,1
2195,layer3.conv2,element,3,"(11, 20, 8)",0,0.0,False,0.815,0.0,False,,51,-3.5,-14.0,2.0,3.0,False,False,1
2196,layer3.conv1,scale,2,"(32, 0)",1,0.005,True,0.815,0.0,False,,119,119.0,115.0,4.0,inf,False,False,32
2197,layer3.conv2,element,0,"(4, 9, 6)",0,0.0,False,0.815,0.0,False,,25,10.0,8.0,0.3219280242919922,0.20000000298023224,False,False,1
2198,layer3.conv2,element,0,"(20, 25, 3)",0,0.0,False,0.815,0.0,False,,27,14.0,12.0,0.22239232063293457,0.1428571492433548,False,False,1
2199,layer3.conv2,element,0,"(42, 22, 14)",0,0.0,False,0.815,0.0,False,,49,-2.5,-2.0,0.32192814350128174,0.20000000298023224,False,False,1
2200,layer2.conv2,element,5,"(40, 12, 8)",0,0.0,False,0.815,0.0,False,,29,20.0,-20.0,0.0,2.0,True,False,1
2201,layer3.conv2,element,2,"(12, 10, 5)",0,0.0,False,0.815,0.0,False,,55,-7.0,-3.5,1.0,0.5,False,False,1
2202,layer2.conv2,element,3,"(24, 0, 19)",1,0.005,True,0.815,0.0,False,,26,12.0,3.0,2.0,0.75,False,False,1
2203,layer3.conv1,element,5,"(77, 5, 9)",1,0.005,True,0.815,0.0,False,,23,7.0,-7.0,0.0,2.0,True,False,1
2204,layer3.conv2,element,1,"(5, 15, 30)",0,0.0,False,0.815,0.0,False,,26,12.0,8.0,0.5849626064300537,0.3333333432674408,False,False,1
2205,layer3.conv2,element,2,"(10, 16, 15)",0,0.0,False,0.815,0.0,False,,20,4.0,2.0,1.0,0.5,False,False,1
2206,layer1.conv2,element,0,"(2, 4, 27)",0,0.0,False,0.815,0.0,False,,25,10.0,8.0,0.3219280242919922,0.20000000298023224,False,False,1
2207,layer3.conv2,element,0,"(53, 17, 17)",0,0.0,False,0.815,0.0,False,,56,-8.0,-10.0,0.3219280242919922,0.25,False,False,1
2208,layer3.conv1,element,2,"(41, 12, 27)",1,0.005,True,0.815,0.0,False,,60,-16.0,-8.0,1.0,0.5,False,False,1
2209,layer3.conv1,element,2,"(15, 8, 0)",1,0.005,True,0.815,0.0,False,,57,-10.0,-20.0,1.0,1.0,False,False,1
2210,layer2.conv2,element,4,"(22, 12, 30)",1,0.005,True,0.81,0.004999999999999893,False,,29,20.0,1.25,4.0,0.9375,False,False,1
2211,layer2.conv2,element,1,"(46, 1, 16)",0,0.0,False,0.815,0.0,False,,44,-1.0,-1.5,0.5849624872207642,0.5,False,False,1
2212,layer3.conv2,element,3,"(77, 9, 0)",1,0.005,True,0.815,0.0,False,,25,10.0,2.5,1.9999998807907104,0.75,False,False,1
2213,layer3.conv2,element,0,"(46, 20, 13)",0,0.0,False,0.815,0.0,False,,33,-0.0625,-0.0,inf,1.0,False,False,1
2214,layer3.conv1,element,1,"(1, 1, 29)",0,0.0,False,0.815,0.0,False,,10,0.75,0.5,0.5849624872207642,0.3333333432674408,False,False,1
2215,layer3.conv1,element,0,"(73, 9, 1)",0,0.0,False,0.815,0.0,False,,57,-10.0,-8.0,0.3219280242919922,0.20000000298023224,False,False,1
2216,layer2.conv1,element,4,"(17, 0, 29)",0,0.0,False,0.815,0.0,False,,42,-0.75,-12.0,4.0,15.0,False,False,1
2217,layer1.conv2,element,4,"(21, 5, 21)",0,0.0,False,0.815,0.0,False,,38,-0.375,-6.0,4.0,15.0,False,False,1
2218,layer3.conv1,element,0,"(64, 6, 16)",0,0.0,False,0.815,0.0,False,,56,-8.0,-10.0,0.3219280242919922,0.25,False,False,1
2219,layer3.conv1,element,5,"(3, 12, 10)",1,0.005,True,0.815,0.0,False,,26,12.0,-12.0,0.0,2.0,True,False,1
2220,layer3.conv1,element,2,"(79, 6, 3)",0,0.0,False,0.815,0.0,False,,49,-2.5,-5.0,0.9999998807907104,1.0,False,False,1
2221,layer3.conv1,element,0,"(80, 9, 23)",0,0.0,False,0.815,0.0,False,,27,14.0,12.0,0.22239232063293457,0.1428571492433548,False,False,1
2222,layer3.conv2,element,5,"(21, 10, 4)",0,0.0,False,0.815,0.0,False,,1,0.0625,-0.0625,0.0,2.0,True,False,1
2223,layer3.conv2,element,1,"(72, 9, 9)",0,0.0,False,0.815,0.0,False,,28,16.0,24.0,0.5849623680114746,0.5,False,False,1
2224,layer3.conv2,element,2,"(67, 21, 23)",0,0.0,False,0.815,0.0,False,,53,-5.0,-2.5,0.9999998807907104,0.5,False,False,1
2225,layer3.conv2,element,2,"(71, 1, 23)",0,0.0,False,0.815,0.0,False,,25,10.0,20.0,1.0,1.0,False,False,1
2226,layer3.conv1,element,3,"(0, 3, 0)",1,0.005,True,0.815,0.0,False,,19,3.5,14.0,2.0,3.0,False,False,1
2227,layer3.conv1,element,5,"(43, 13, 11)",1,0.005,True,0.815,0.0,False,,36,-0.25,0.25,0.0,2.0,True,False,1
2228,layer3.conv2,element,4,"(74, 26, 11)",0,0.0,False,0.815,0.0,False,,47,-1.75,-28.0,4.0,15.0,False,False,1
2229,layer2.conv2,element,2,"(1, 4, 17)",1,0.005,True,0.815,0.0,False,,25,10.0,20.0,1.0,1.0,False,False,1
2230,layer3.conv2,element,4,"(4, 16, 11)",0,0.0,False,0.815,0.0,False,,59,-14.0,-0.875,4.0,0.9375,False,False,1
2231,layer2.conv1,scale,6,"(20, 3)",13,0.065,True,0.82,-0.0050000000000000044,False,,119,119.0,55.0,64.0,inf,False,False,32
2232,layer3.conv2,element,3,"(44, 12, 10)",0,0.0,False,0.815,0.0,False,,17,2.5,10.0,1.9999998807907104,3.0,False,False,1
2233,layer3.conv2,element,5,"(52, 11, 8)",0,0.0,False,0.815,0.0,False,,53,-5.0,5.0,0.0,2.0,True,False,1
2234,layer3.conv2,element,4,"(5, 21, 15)",0,0.0,False,0.815,0.0,False,,49,-2.5,-0.0625,5.321928024291992,0.9750000238418579,False,False,1
2235,layer3.conv1,element,4,"(17, 12, 28)",1,0.005,True,0.815,0.0,False,,61,-20.0,-1.25,4.0,0.9375,False,False,1
2236,layer3.conv2,element,5,"(86, 23, 28)",0,0.0,False,0.815,0.0,False,,59,-14.0,14.0,0.0,2.0,True,False,1
2237,layer3.conv2,element,1,"(7, 12, 14)",0,0.0,False,0.815,0.0,False,,29,20.0,28.0,0.4854269027709961,0.4000000059604645,False,False,1
2238,layer3.conv1,element,5,"(77, 8, 12)",0,0.0,False,0.815,0.0,False,,56,-8.0,8.0,0.0,2.0,True,False,1
2239,layer3.conv2,element,5,"(29, 9, 25)",0,0.0,False,0.815,0.0,False,,31,28.0,-28.0,0.0,2.0,True,False,1
2240,layer3.conv2,element,2,"(78, 10, 3)",0,0.0,False,0.815,0.0,False,,63,-28.0,-14.0,1.0,0.5,False,False,1
2241,layer3.conv2,element,1,"(28, 9, 7)",1,0.005,True,0.815,0.0,False,,28,16.0,24.0,0.5849623680114746,0.5,False,False,1
2242,layer1.conv2,element,3,"(12, 3, 29)",0,0.0,False,0.815,0.0,False,,23,7.0,28.0,2.0,3.0,False,False,1
2243,layer3.conv2,element,0,"(93, 9, 7)",0,0.0,False,0.815,0.0,False,,27,14.0,12.0,0.22239232063293457,0.1428571492433548,False,False,1
2244,layer3.conv2,element,4,"(54, 15, 28)",0,0.0,False,0.815,0.0,False,,24,8.0,0.5,4.0,0.9375,False,False,1
2245,layer3.conv2,element,0,"(78, 2, 25)",0,0.0,False,0.815,0.0,False,,28,16.0,20.0,0.3219280242919922,0.25,False,False,1
2246,layer3.conv2,element,4,"(39, 10, 11)",0,0.0,False,0.815,0.0,False,,22,6.0,0.375,4.0,0.9375,False,False,1
2247,layer1.conv1,element,5,"(11, 2, 18)",0,0.0,False,0.815,0.0,False,,18,3.0,-3.0,0.0,2.0,True,False,1
2248,layer3.conv1,element,3,"(93, 2, 15)",1,0.005,True,0.815,0.0,False,,13,1.25,0.3125,2.0,0.75,False,False,1
2249,layer3.conv2,element,4,"(87, 21, 19)",0,0.0,False,0.815,0.0,False,,63,-28.0,-1.75,4.0,0.9375,False,False,1
2250,layer3.conv2,element,0,"(64, 14, 23)",0,0.0,False,0.815,0.0,False,,56,-8.0,-10.0,0.3219280242919922,0.25,False,False,1
2251,layer3.conv2,element,3,"(36, 4, 29)",1,0.005,True,0.815,0.0,False,,24,8.0,2.0,2.0,0.75,False,False,1
2252,layer3.conv2,element,0,"(8, 26, 17)",0,0.0,False,0.815,0.0,False,,55,-7.0,-6.0,0.22239232063293457,0.1428571492433548,False,False,1
2253,layer3.conv2,element,1,"(95, 25, 26)",0,0.0,False,0.815,0.0,False,,46,-1.5,-1.0,0.5849624872207642,0.3333333432674408,False,False,1
2254,layer3.conv1,element,3,"(20, 9, 7)",1,0.005,True,0.815,0.0,False,,58,-12.0,-3.0,2.0,0.75,False,False,1
2255,layer3.conv1,element,5,"(24, 2, 31)",0,0.0,False,0.815,0.0,False,,60,-16.0,16.0,0.0,2.0,True,False,1
2256,layer2.conv2,element,2,"(30, 7, 9)",1,0.005,True,0.815,0.0,False,,19,3.5,7.0,1.0,1.0,False,False,1
2257,layer3.conv2,element,5,"(56, 16, 26)",0,0.0,False,0.815,0.0,False,,60,-16.0,16.0,0.0,2.0,True,False,1
2258,layer3.conv1,element,5,"(2, 1, 7)",0,0.0,False,0.815,0.0,False,,51,-3.5,3.5,0.0,2.0,True,False,1
2259,layer3.conv2,element,1,"(19, 3, 13)",1,0.005,True,0.815,0.0,False,,20,4.0,6.0,0.5849626064300537,0.5,False,False,1
2260,layer3.conv1,element,0,"(80, 1, 8)",0,0.0,False,0.815,0.0,False,,19,3.5,3.0,0.22239243984222412,0.1428571492433548,False,False,1
2261,layer3.conv2,element,3,"(69, 3, 31)",0,0.0,False,0.815,0.0,False,,29,20.0,5.0,2.0,0.75,False,False,1
2262,layer3.conv2,element,5,"(59, 26, 2)",1,0.005,True,0.815,0.0,False,,56,-8.0,8.0,0.0,2.0,True,False,1
2263,layer3.shortcut.0,element,0,"(52, 0, 31)",0,0.0,False,0.815,0.0,False,,62,-24.0,-28.0,0.22239255905151367,0.1666666716337204,False,False,1
2264,layer3.conv1,element,1,"(20, 2, 25)",0,0.0,False,0.815,0.0,False,,23,7.0,5.0,0.4854269027709961,0.2857142984867096,False,False,1
2265,layer3.conv2,element,0,"(58, 9, 8)",0,0.0,False,0.815,0.0,False,,56,-8.0,-10.0,0.3219280242919922,0.25,False,False,1
2266,layer3.conv2,element,2,"(11, 26, 25)",1,0.005,True,0.815,0.0,False,,26,12.0,24.0,0.9999997615814209,1.0,False,False,1
2267,layer3.conv2,element,0,"(14, 8, 31)",0,0.0,False,0.815,0.0,False,,17,2.5,2.0,0.32192814350128174,0.20000000298023224,False,False,1
2268,layer3.shortcut.0,element,4,"(93, 0, 0)",0,0.0,False,0.815,0.0,False,,22,6.0,0.375,4.0,0.9375,False,False,1
2269,layer1.conv1,element,1,"(22, 6, 4)",1,0.005,True,0.815,0.0,False,,27,14.0,10.0,0.4854269027709961,0.2857142984867096,False,False,1
2270,layer3.conv1,element,3,"(31, 5, 3)",0,0.0,False,0.815,0.0,False,,46,-1.5,-0.375,2.0,0.75,False,False,1
2271,layer3.conv2,element,5,"(90, 21, 30)",0,0.0,False,0.815,0.0,False,,8,0.5,-0.5,0.0,2.0,True,False,1
2272,layer2.conv2,element,1,"(28, 4, 22)",1,0.005,True,0.815,0.0,False,,23,7.0,5.0,0.4854269027709961,0.2857142984867096,False,False,1
2273,layer2.conv2,element,4,"(4, 12, 20)",1,0.005,True,0.815,0.0,False,,26,12.0,0.75,4.0,0.9375,False,False,1
2274,layer3.conv2,element,5,"(25, 1, 13)",0,0.0,False,0.815,0.0,False,,53,-5.0,5.0,0.0,2.0,True,False,1
2275,layer1.conv1,scale,4,"(18, 4)",9,0.045,True,0.825,-0.010000000000000009,False,,120,120.0,104.0,16.0,inf,False,False,32
2276,layer3.conv2,element,5,"(82, 5, 17)",1,0.005,True,0.815,0.0,False,,54,-6.0,6.0,0.0,2.0,True,False,1
2277,layer3.conv2,element,4,"(43, 23, 12)",0,0.0,False,0.815,0.0,False,,25,10.0,0.625,4.0,0.9375,False,False,1
2278,layer3.conv2,element,4,"(37, 20, 10)",0,0.0,False,0.815,0.0,False,,46,-1.5,-24.0,4.0,15.0,False,False,1
2279,layer1.conv1,element,0,"(21, 4, 12)",1,0.005,True,0.815,0.0,False,,25,10.0,8.0,0.3219280242919922,0.20000000298023224,False,False,1
2280,layer3.conv2,element,5,"(80, 15, 19)",0,0.0,False,0.815,0.0,False,,13,1.25,-1.25,0.0,2.0,True,False,1
2281,layer2.conv2,element,5,"(9, 7, 20)",0,0.0,False,0.815,0.0,False,,50,-3.0,3.0,0.0,2.0,True,False,1
2282,layer2.conv1,element,2,"(38, 1, 19)",0,0.0,False,0.815,0.0,False,,59,-14.0,-28.0,1.0,1.0,False,False,1
2283,layer3.conv2,element,5,"(7, 22, 8)",0,0.0,False,0.815,0.0,False,,56,-8.0,8.0,0.0,2.0,True,False,1
2284,layer2.conv1,element,0,"(37, 5, 29)",0,0.0,False,0.815,0.0,False,,18,3.0,3.5,0.22239243984222412,0.1666666716337204,False,False,1
2285,layer2.conv2,element,1,"(15, 6, 24)",0,0.0,False,0.815,0.0,False,,24,8.0,12.0,0.5849626064300537,0.5,False,False,1
2286,layer3.conv1,element,3,"(43, 1, 12)",0,0.0,False,0.815,0.0,False,,48,-2.0,-8.0,2.0,3.0,False,False,1
2287,layer3.conv2,element,0,"(22, 1, 24)",0,0.0,False,0.815,0.0,False,,17,2.5,2.0,0.32192814350128174,0.20000000298023224,False,False,1
2288,layer3.conv1,scale,0,"(18, 8)",0,0.0,False,0.815,0.0,False,,118,118.0,119.0,1.0,inf,False,False,32
2289,layer3.conv2,element,3,"(36, 10, 26)",1,0.005,True,0.815,0.0,False,,25,10.0,2.5,1.9999998807907104,0.75,False,False,1
2290,layer3.conv1,element,3,"(53, 12, 11)",0,0.0,False,0.815,0.0,False,,10,0.75,0.125,2.5849623680114746,0.8333333134651184,False,False,1
2291,layer2.conv2,element,3,"(37, 4, 11)",1,0.005,True,0.815,0.0,False,,48,-2.0,-8.0,2.0,3.0,False,False,1
2292,layer2.conv1,element,1,"(0, 0, 3)",0,0.0,False,0.815,0.0,False,,55,-7.0,-5.0,0.4854269027709961,0.2857142984867096,False,False,1
2293,layer3.conv2,element,3,"(52, 18, 15)",0,0.0,False,0.815,0.0,False,,51,-3.5,-14.0,2.0,3.0,False,False,1
2294,layer3.conv2,element,1,"(51, 14, 6)",0,0.0,False,0.815,0.0,False,,54,-6.0,-4.0,0.5849626064300537,0.3333333432674408,False,False,1
2295,layer3.conv2,element,1,"(95, 14, 24)",0,0.0,False,0.815,0.0,False,,24,8.0,12.0,0.5849626064300537,0.5,False,False,1
2296,layer3.conv2,scale,7,"(83, 8)",200,1.0,True,0.0,0.815,True,,121,121.0,249.0,128.0,inf,False,False,32
2297,layer2.shortcut.0,element,4,"(12, 0, 1)",1,0.005,True,0.815,0.0,False,,51,-3.5,-0.1875,4.2223920822143555,0.9464285969734192,False,False,1
2298,layer3.conv2,element,2,"(57, 8, 13)",0,0.0,False,0.815,0.0,False,,13,1.25,0.625,1.0,0.5,False,False,1
2299,layer2.conv2,element,1,"(19, 0, 19)",0,0.0,False,0.815,0.0,False,,48,-2.0,-3.0,0.5849624872207642,0.5,False,False,1
2300,layer3.conv2,element,5,"(49, 16, 23)",0,0.0,False,0.815,0.0,False,,14,1.5,-1.5,0.0,2.0,True,False,1
2301,layer3.conv1,element,4,"(58, 10, 8)",0,0.0,False,0.815,0.0,False,,49,-2.5,-0.0625,5.321928024291992,0.9750000238418579,False,False,1
2302,layer3.conv1,scale,6,"(62, 0)",0,0.0,False,0.815,0.0,False,,119,119.0,55.0,64.0,inf,False,False,32
2303,layer3.conv2,element,3,"(12, 10, 10)",1,0.005,True,0.815,0.0,False,,24,8.0,2.0,2.0,0.75,False,False,1
2304,layer3.conv2,element,0,"(68, 9, 23)",0,0.0,False,0.815,0.0,False,,50,-3.0,-3.5,0.22239243984222412,0.1666666716337204,False,False,1
2305,layer3.conv2,element,3,"(32, 21, 11)",0,0.0,False,0.815,0.0,False,,60,-16.0,-4.0,2.0,0.75,False,False,1
2306,layer1.conv2,element,2,"(7, 3, 20)",1,0.005,True,0.815,0.0,False,,13,1.25,0.625,1.0,0.5,False,False,1
2307,layer3.conv1,scale,7,"(27, 5)",200,1.0,True,0.0,0.815,True,,118,118.0,246.0,128.0,inf,False,False,32
2308,layer3.conv2,element,0,"(92, 23, 9)",0,0.0,False,0.815,0.0,False,,57,-10.0,-8.0,0.3219280242919922,0.20000000298023224,False,False,1
2309,layer3.conv2,element,2,"(3, 7, 13)",0,0.0,False,0.815,0.0,False,,36,-0.25,-0.0,inf,1.0,False,False,1
2310,layer3.conv1,element,3,"(31, 12, 22)",0,0.0,False,0.815,0.0,False,,50,-3.0,-12.0,2.0,3.0,False,False,1
2311,layer2.conv2,element,3,"(14, 1, 17)",0,0.0,False,0.815,0.0,False,,42,-0.75,-0.125,2.5849623680114746,0.8333333134651184,False,False,1
2312,layer3.conv1,element,1,"(72, 8, 16)",1,0.005,True,0.815,0.0,False,,28,16.0,24.0,0.5849623680114746,0.5,False,False,1
2313,layer3.conv1,scale,5,"(78, 2)",0,0.0,False,0.815,0.0,False,,119,119.0,87.0,32.0,inf,False,False,32
2314,layer3.conv1,element,3,"(85, 1, 19)",0,0.0,False,0.815,0.0,False,,52,-4.0,-16.0,2.0,3.0,False,False,1
2315,layer2.conv2,element,5,"(27, 5, 29)",0,0.0,False,0.815,0.0,False,,51,-3.5,3.5,0.0,2.0,True,False,1
2316,layer3.conv1,scale,6,"(13, 11)",1,0.005,True,0.815,0.0,False,,119,119.0,55.0,64.0,inf,False,False,32
2317,layer3.conv2,element,5,"(61, 1, 27)",0,0.0,False,0.815,0.0,False,,45,-1.25,1.25,0.0,2.0,True,False,1
2318,layer3.conv2,element,1,"(13, 15, 15)",0,0.0,False,0.815,0.0,False,,41,-0.625,-0.875,0.4854268431663513,0.4000000059604645,False,False,1
2319,layer3.conv2,element,5,"(82, 15, 22)",1,0.005,True,0.815,0.0,False,,59,-14.0,14.0,0.0,2.0,True,False,1
2320,layer3.conv2,element,3,"(86, 1, 19)",1,0.005,True,0.815,0.0,False,,31,28.0,7.0,2.0,0.75,False,False,1
2321,layer3.conv2,element,5,"(22, 23, 17)",1,0.005,True,0.815,0.0,False,,60,-16.0,16.0,0.0,2.0,True,False,1
2322,layer3.conv2,element,3,"(17, 6, 22)",0,0.0,False,0.815,0.0,False,,58,-12.0,-3.0,2.0,0.75,False,False,1
2323,layer3.conv2,element,0,"(23, 17, 28)",0,0.0,False,0.815,0.0,False,,57,-10.0,-8.0,0.3219280242919922,0.20000000298023224,False,False,1
2324,layer3.conv2,element,2,"(1, 5, 28)",1,0.005,True,0.815,0.0,False,,18,3.0,6.0,1.0000001192092896,1.0,False,False,1
2325,layer1.conv1,element,3,"(22, 4, 26)",0,0.0,False,0.815,0.0,False,,21,5.0,20.0,2.0,3.0,False,False,1
2326,layer3.conv2,element,3,"(87, 16, 20)",0,0.0,False,0.815,0.0,False,,57,-10.0,-2.5,1.9999998807907104,0.75,False,False,1
2327,layer3.conv2,element,2,"(6, 13, 1)",0,0.0,False,0.815,0.0,False,,19,3.5,7.0,1.0,1.0,False,False,1
2328,layer2.conv1,element,1,"(5, 2, 19)",0,0.0,False,0.815,0.0,False,,33,-0.0625,-0.1875,1.5849626064300537,2.0,False,False,1
2329,layer3.conv2,element,5,"(94, 11, 24)",1,0.005,True,0.815,0.0,False,,25,10.0,-10.0,0.0,2.0,True,False,1
2330,layer3.conv2,element,3,"(18, 24, 25)",0,0.0,False,0.815,0.0,False,,1,0.0625,0.625,3.321928024291992,9.0,False,False,1
2331,layer3.conv2,element,0,"(54, 6, 24)",0,0.0,False,0.815,0.0,False,,46,-1.5,-1.75,0.22239243984222412,0.1666666716337204,False,False,1
2332,layer2.conv2,element,1,"(43, 9, 30)",0,0.0,False,0.815,0.0,False,,43,-0.875,-0.625,0.4854268431663513,0.2857142984867096,False,False,1
2333,layer2.conv2,scale,6,"(10, 5)",6,0.03,True,0.82,-0.0050000000000000044,False,,120,120.0,56.0,64.0,inf,False,False,32
2334,layer3.conv1,scale,7,"(35, 0)",200,1.0,True,0.0,0.815,True,,118,118.0,246.0,128.0,inf,False,False,32
2335,layer2.conv2,element,1,"(12, 6, 6)",1,0.005,True,0.815,0.0,False,,28,16.0,24.0,0.5849623680114746,0.5,False,False,1
2336,layer3.conv2,element,0,"(28, 15, 28)",0,0.0,False,0.815,0.0,False,,48,-2.0,-2.5,0.32192814350128174,0.25,False,False,1
2337,layer3.conv2,element,5,"(53, 16, 21)",0,0.0,False,0.815,0.0,False,,59,-14.0,14.0,0.0,2.0,True,False,1
2338,layer3.conv2,element,4,"(15, 25, 20)",0,0.0,False,0.815,0.0,False,,25,10.0,0.625,4.0,0.9375,False,False,1
2339,layer3.shortcut.0,element,5,"(58, 1, 14)",0,0.0,False,0.815,0.0,False,,54,-6.0,6.0,0.0,2.0,True,False,1
2340,layer3.conv2,element,3,"(16, 5, 25)",0,0.0,False,0.815,0.0,False,,25,10.0,2.5,1.9999998807907104,0.75,False,False,1
2341,layer3.conv2,element,1,"(1, 4, 9)",1,0.005,True,0.815,0.0,False,,21,5.0,7.0,0.4854269027709961,0.4000000059604645,False,False,1
2342,layer3.conv2,element,5,"(55, 2, 29)",1,0.005,True,0.815,0.0,False,,53,-5.0,5.0,0.0,2.0,True,False,1
2343,layer3.conv1,element,2,"(0, 9, 23)",0,0.0,False,0.815,0.0,False,,58,-12.0,-24.0,0.9999997615814209,1.0,False,False,1
2344,layer3.conv1,element,3,"(66, 2, 28)",1,0.005,True,0.815,0.0,False,,58,-12.0,-3.0,2.0,0.75,False,False,1
2345,layer3.conv1,element,3,"(89, 3, 21)",0,0.0,False,0.815,0.0,False,,56,-8.0,-2.0,2.0,0.75,False,False,1
2346,layer3.conv1,element,2,"(53, 5, 18)",0,0.0,False,0.815,0.0,False,,22,6.0,3.0,1.0000001192092896,0.5,False,False,1
2347,layer3.shortcut.0,element,3,"(73, 0, 3)",0,0.0,False,0.815,0.0,False,,7,0.4375,1.75,2.0,3.0,False,False,1
2348,layer3.conv1,element,1,"(8, 0, 8)",0,0.0,False,0.815,0.0,False,,3,0.1875,0.0625,1.5849626064300537,0.6666666865348816,False,False,1
2349,layer2.conv2,element,4,"(32, 3, 12)",1,0.005,True,0.815,0.0,False,,36,-0.25,-4.0,4.0,15.0,False,False,1
2350,layer3.conv1,element,3,"(13, 4, 29)",1,0.005,True,0.815,0.0,False,,56,-8.0,-2.0,2.0,0.75,False,False,1
2351,layer3.conv1,element,1,"(25, 6, 18)",0,0.0,False,0.815,0.0,False,,25,10.0,14.0,0.4854269027709961,0.4000000059604645,False,False,1
2352,layer2.conv2,element,5,"(16, 3, 20)",0,0.0,False,0.815,0.0,False,,53,-5.0,5.0,0.0,2.0,True,False,1
2353,layer3.conv2,scale,6,"(37, 7)",0,0.0,False,0.815,0.0,False,,121,121.0,57.0,64.0,inf,False,False,32
2354,layer3.conv2,element,3,"(7, 22, 14)",0,0.0,False,0.815,0.0,False,,56,-8.0,-2.0,2.0,0.75,False,False,1
2355,layer3.conv1,element,4,"(28, 2, 25)",2,0.01,True,0.82,-0.0050000000000000044,False,,45,-1.25,-20.0,4.0,15.0,False,False,1
2356,layer3.conv2,element,3,"(94, 2, 20)",0,0.0,False,0.815,0.0,False,,24,8.0,2.0,2.0,0.75,False,False,1
2357,layer3.conv1,element,3,"(22, 13, 12)",0,0.0,False,0.815,0.0,False,,36,-0.25,-1.0,2.0,3.0,False,False,1
2358,layer3.conv2,element,3,"(3, 12, 14)",0,0.0,False,0.815,0.0,False,,47,-1.75,-0.4375,2.0,0.75,False,False,1
2359,layer3.conv1,element,0,"(29, 5, 26)",1,0.005,True,0.815,0.0,False,,61,-20.0,-16.0,0.3219280242919922,0.20000000298023224,False,False,1
2360,layer3.conv1,element,3,"(35, 3, 16)",1,0.005,True,0.815,0.0,False,,49,-2.5,-10.0,1.9999998807907104,3.0,False,False,1
2361,layer1.conv1,element,2,"(21, 3, 7)",1,0.005,True,0.815,0.0,False,,21,5.0,2.5,0.9999998807907104,0.5,False,False,1
2362,layer3.shortcut.0,element,4,"(62, 0, 27)",1,0.005,True,0.815,0.0,False,,24,8.0,0.5,4.0,0.9375,False,False,1
2363,layer3.conv2,element,1,"(3, 5, 31)",0,0.0,False,0.815,0.0,False,,25,10.0,14.0,0.4854269027709961,0.4000000059604645,False,False,1
2364,layer3.conv1,scale,4,"(30, 7)",0,0.0,False,0.815,0.0,False,,120,120.0,104.0,16.0,inf,False,False,32
2365,layer3.conv1,element,4,"(73, 8, 2)",0,0.0,False,0.815,0.0,False,,25,10.0,0.625,4.0,0.9375,False,False,1
2366,layer3.conv2,element,0,"(44, 17, 20)",0,0.0,False,0.815,0.0,False,,60,-16.0,-20.0,0.3219280242919922,0.25,False,False,1
2367,layer2.conv2,element,4,"(10, 13, 15)",1,0.005,True,0.815,0.0,False,,24,8.0,0.5,4.0,0.9375,False,False,1
2368,layer3.conv2,element,3,"(55, 13, 18)",1,0.005,True,0.815,0.0,False,,22,6.0,24.0,1.999999761581421,3.0,False,False,1
2369,layer2.conv1,element,1,"(14, 2, 30)",0,0.0,False,0.815,0.0,False,,25,10.0,14.0,0.4854269027709961,0.4000000059604645,False,False,1
2370,layer3.conv1,element,3,"(25, 7, 24)",0,0.0,False,0.815,0.0,False,,60,-16.0,-4.0,2.0,0.75,False,False,1
2371,layer3.conv2,element,3,"(36, 7, 9)",0,0.0,False,0.815,0.0,False,,13,1.25,0.3125,2.0,0.75,False,False,1
2372,layer3.conv1,element,1,"(72, 11, 21)",0,0.0,False,0.815,0.0,False,,56,-8.0,-12.0,0.5849626064300537,0.5,False,False,1
2373,layer3.conv2,element,1,"(10, 26, 8)",0,0.0,False,0.815,0.0,False,,55,-7.0,-5.0,0.4854269027709961,0.2857142984867096,False,False,1
2374,layer3.conv1,element,1,"(88, 0, 1)",1,0.005,True,0.815,0.0,False,,24,8.0,12.0,0.5849626064300537,0.5,False,False,1
2375,layer3.conv2,element,1,"(92, 12, 25)",0,0.0,False,0.815,0.0,False,,61,-20.0,-28.0,0.4854269027709961,0.4000000059604645,False,False,1
2376,layer2.conv1,element,5,"(3, 3, 18)",0,0.0,False,0.815,0.0,False,,41,-0.625,0.625,0.0,2.0,True,False,1
2377,layer3.conv2,element,2,"(23, 1, 29)",1,0.005,True,0.815,0.0,False,,25,10.0,20.0,1.0,1.0,False,False,1
2378,layer3.conv2,element,1,"(21, 1, 2)",0,0.0,False,0.815,0.0,False,,55,-7.0,-5.0,0.4854269027709961,0.2857142984867096,False,False,1
2379,layer3.conv2,element,3,"(52, 21, 10)",0,0.0,False,0.815,0.0,False,,47,-1.75,-0.4375,2.0,0.75,False,False,1
2380,layer3.conv2,element,4,"(91, 15, 24)",0,0.0,False,0.815,0.0,False,,21,5.0,0.3125,4.0,0.9375,False,False,1
2381,layer3.conv2,element,2,"(71, 6, 6)",0,0.0,False,0.815,0.0,False,,59,-14.0,-28.0,1.0,1.0,False,False,1
2382,layer2.conv2,element,3,"(47, 6, 6)",1,0.005,True,0.815,0.0,False,,51,-3.5,-14.0,2.0,3.0,False,False,1
2383,layer3.conv2,element,3,"(4, 4, 4)",0,0.0,False,0.815,0.0,False,,44,-1.0,-0.25,2.0,0.75,False,False,1
2384,layer3.conv1,element,2,"(32, 1, 8)",0,0.0,False,0.815,0.0,False,,53,-5.0,-2.5,0.9999998807907104,0.5,False,False,1
2385,layer3.conv2,element,0,"(80, 19, 16)",0,0.0,False,0.815,0.0,False,,56,-8.0,-10.0,0.3219280242919922,0.25,False,False,1
2386,layer3.conv2,element,3,"(16, 1, 14)",0,0.0,False,0.815,0.0,False,,50,-3.0,-12.0,2.0,3.0,False,False,1
2387,layer2.conv2,element,3,"(32, 2, 28)",0,0.0,False,0.815,0.0,False,,21,5.0,20.0,2.0,3.0,False,False,1
2388,layer3.conv2,element,3,"(87, 18, 28)",0,0.0,False,0.815,0.0,False,,62,-24.0,-6.0,1.999999761581421,0.75,False,False,1
2389,layer3.conv1,element,3,"(34, 2, 1)",0,0.0,False,0.815,0.0,False,,10,0.75,0.125,2.5849623680114746,0.8333333134651184,False,False,1
2390,layer3.conv2,element,3,"(33, 11, 16)",0,0.0,False,0.815,0.0,False,,63,-28.0,-7.0,2.0,0.75,False,False,1
2391,layer2.conv1,element,5,"(14, 2, 17)",0,0.0,False,0.815,0.0,False,,58,-12.0,12.0,0.0,2.0,True,False,1
2392,layer3.conv2,element,0,"(74, 18, 23)",0,0.0,False,0.815,0.0,False,,53,-5.0,-4.0,0.3219280242919922,0.20000000298023224,False,False,1
2393,layer2.conv1,element,0,"(3, 0, 28)",0,0.0,False,0.815,0.0,False,,35,-0.1875,-0.125,0.5849626064300537,0.3333333432674408,False,False,1
2394,layer2.conv2,element,5,"(27, 2, 3)",0,0.0,False,0.815,0.0,False,,49,-2.5,2.5,0.0,2.0,True,False,1
2395,layer2.conv2,element,0,"(28, 1, 31)",1,0.005,True,0.815,0.0,False,,21,5.0,4.0,0.3219280242919922,0.20000000298023224,False,False,1
2396,layer3.conv2,element,5,"(6, 11, 7)",1,0.005,True,0.815,0.0,False,,30,24.0,-24.0,0.0,2.0,True,False,1
2397,layer3.shortcut.0,element,2,"(70, 0, 16)",0,0.0,False,0.815,0.0,False,,33,-0.0625,-0.3125,2.321928024291992,4.0,False,False,1
2398,layer3.conv1,scale,2,"(5, 1)",3,0.015,True,0.825,-0.010000000000000009,False,,119,119.0,115.0,4.0,inf,False,False,32
2399,layer2.conv2,element,0,"(39, 11, 25)",0,0.0,False,0.815,0.0,False,,48,-2.0,-2.5,0.32192814350128174,0.25,False,False,1
2400,layer3.conv2,element,0,"(10, 15, 24)",0,0.0,False,0.815,0.0,False,,26,12.0,14.0,0.22239232063293457,0.1666666716337204,False,False,1
2401,layer2.conv1,element,2,"(24, 0, 23)",0,0.0,False,0.815,0.0,False,,63,-28.0,-14.0,1.0,0.5,False,False,1
2402,layer3.conv2,element,1,"(88, 23, 30)",0,0.0,False,0.815,0.0,False,,16,2.0,3.0,0.5849624872207642,0.5,False,False,1
2403,layer3.conv1,element,3,"(50, 2, 12)",1,0.005,True,0.815,0.0,False,,55,-7.0,-28.0,2.0,3.0,False,False,1
2404,layer3.conv2,element,0,"(88, 10, 23)",0,0.0,False,0.815,0.0,False,,52,-4.0,-5.0,0.3219280242919922,0.25,False,False,1
2405,layer3.conv1,element,3,"(34, 1, 25)",1,0.005,True,0.815,0.0,False,,60,-16.0,-4.0,2.0,0.75,False,False,1
2406,layer3.conv2,element,4,"(10, 8, 29)",0,0.0,False,0.815,0.0,False,,3,0.1875,3.5,4.2223920822143555,17.66666603088379,False,False,1
2407,layer3.conv1,element,1,"(20, 10, 3)",0,0.0,False,0.815,0.0,False,,26,12.0,8.0,0.5849626064300537,0.3333333432674408,False,False,1
2408,layer3.conv2,element,1,"(39, 7, 2)",0,0.0,False,0.815,0.0,False,,58,-12.0,-8.0,0.5849626064300537,0.3333333432674408,False,False,1
2409,layer3.conv2,element,4,"(45, 12, 17)",0,0.0,False,0.815,0.0,False,,17,2.5,0.0625,5.321928024291992,0.9750000238418579,False,False,1
2410,layer3.conv1,element,1,"(73, 12, 4)",0,0.0,False,0.815,0.0,False,,57,-10.0,-14.0,0.4854269027709961,0.4000000059604645,False,False,1
2411,layer2.conv2,element,4,"(7, 12, 8)",1,0.005,True,0.815,0.0,False,,24,8.0,0.5,4.0,0.9375,False,False,1
2412,layer3.conv2,element,1,"(66, 12, 23)",1,0.005,True,0.815,0.0,False,,55,-7.0,-5.0,0.4854269027709961,0.2857142984867096,False,False,1
2413,layer3.conv2,element,3,"(38, 20, 7)",0,0.0,False,0.815,0.0,False,,51,-3.5,-14.0,2.0,3.0,False,False,1
2414,layer2.conv1,element,3,"(28, 5, 11)",1,0.005,True,0.815,0.0,False,,48,-2.0,-8.0,2.0,3.0,False,False,1
2415,layer3.conv2,element,2,"(30, 4, 6)",0,0.0,False,0.815,0.0,False,,26,12.0,24.0,0.9999997615814209,1.0,False,False,1
2416,layer3.conv1,element,5,"(5, 12, 1)",0,0.0,False,0.815,0.0,False,,38,-0.375,0.375,0.0,2.0,True,False,1
2417,layer3.conv1,element,1,"(60, 1, 16)",0,0.0,False,0.815,0.0,False,,21,5.0,7.0,0.4854269027709961,0.4000000059604645,False,False,1
2418,layer3.conv2,element,2,"(47, 5, 5)",0,0.0,False,0.815,0.0,False,,50,-3.0,-6.0,1.0000001192092896,1.0,False,False,1
2419,layer3.conv2,element,2,"(38, 17, 28)",0,0.0,False,0.815,0.0,False,,46,-1.5,-0.75,1.0,0.5,False,False,1
2420,layer2.conv2,element,4,"(36, 6, 25)",0,0.0,False,0.815,0.0,False,,48,-2.0,-0.0,inf,1.0,False,False,1
2421,layer3.conv2,element,5,"(29, 15, 17)",1,0.005,True,0.815,0.0,False,,58,-12.0,12.0,0.0,2.0,True,False,1
2422,layer3.conv2,element,2,"(70, 16, 1)",0,0.0,False,0.815,0.0,False,,48,-2.0,-4.0,1.0,1.0,False,False,1
2423,layer2.conv1,element,5,"(40, 0, 17)",0,0.0,False,0.815,0.0,False,,16,2.0,-2.0,0.0,2.0,True,False,1
2424,layer3.conv2,element,3,"(49, 5, 31)",1,0.005,True,0.815,0.0,False,,61,-20.0,-5.0,2.0,0.75,False,False,1
2425,layer2.conv2,element,4,"(9, 6, 30)",1,0.005,True,0.815,0.0,False,,21,5.0,0.3125,4.0,0.9375,False,False,1
2426,layer2.conv2,element,0,"(44, 11, 13)",0,0.0,False,0.815,0.0,False,,53,-5.0,-4.0,0.3219280242919922,0.20000000298023224,False,False,1
2427,layer3.conv1,element,4,"(30, 12, 29)",1,0.005,True,0.815,0.0,False,,55,-7.0,-0.4375,4.0,0.9375,False,False,1
2428,layer3.conv2,element,4,"(21, 4, 16)",1,0.005,True,0.815,0.0,False,,44,-1.0,-16.0,4.0,15.0,False,False,1
2429,layer3.conv2,element,4,"(56, 16, 28)",0,0.0,False,0.815,0.0,False,,1,0.0625,2.5,5.321928024291992,39.0,False,False,1
2430,layer3.conv2,element,0,"(5, 8, 24)",0,0.0,False,0.815,0.0,False,,61,-20.0,-16.0,0.3219280242919922,0.20000000298023224,False,False,1
2431,layer3.conv2,element,3,"(33, 13, 10)",1,0.005,True,0.815,0.0,False,,53,-5.0,-20.0,2.0,3.0,False,False,1
2432,layer3.conv2,element,5,"(85, 20, 8)",0,0.0,False,0.815,0.0,False,,49,-2.5,2.5,0.0,2.0,True,False,1
2433,layer3.conv1,element,2,"(25, 13, 7)",0,0.0,False,0.815,0.0,False,,25,10.0,20.0,1.0,1.0,False,False,1
2434,layer2.conv2,element,4,"(25, 6, 23)",1,0.005,True,0.815,0.0,False,,25,10.0,0.625,4.0,0.9375,False,False,1
2435,layer3.conv2,element,0,"(9, 21, 25)",0,0.0,False,0.815,0.0,False,,59,-14.0,-12.0,0.22239232063293457,0.1428571492433548,False,False,1
2436,layer3.conv2,element,3,"(41, 5, 3)",1,0.005,True,0.815,0.0,False,,20,4.0,16.0,2.0,3.0,False,False,1
2437,layer3.conv1,element,4,"(89, 4, 3)",0,0.0,False,0.815,0.0,False,,61,-20.0,-1.25,4.0,0.9375,False,False,1
2438,layer3.conv1,element,5,"(57, 10, 13)",1,0.005,True,0.815,0.0,False,,57,-10.0,10.0,0.0,2.0,True,False,1
2439,layer3.conv1,element,0,"(14, 3, 24)",0,0.0,False,0.815,0.0,False,,15,1.75,1.5,0.22239243984222412,0.1428571492433548,False,False,1
2440,layer3.conv1,element,4,"(25, 2, 6)",0,0.0,False,0.815,0.0,False,,58,-12.0,-0.75,4.0,0.9375,False,False,1
2441,layer3.conv1,element,5,"(61, 11, 29)",1,0.005,True,0.815,0.0,False,,61,-20.0,20.0,0.0,2.0,True,False,1
2442,layer3.conv2,element,5,"(34, 7, 14)",1,0.005,True,0.815,0.0,False,,59,-14.0,14.0,0.0,2.0,True,False,1
2443,layer2.shortcut.0,element,2,"(39, 0, 20)",0,0.0,False,0.815,0.0,False,,55,-7.0,-3.5,1.0,0.5,False,False,1
2444,layer2.conv2,element,2,"(13, 4, 16)",1,0.005,True,0.815,0.0,False,,25,10.0,20.0,1.0,1.0,False,False,1
2445,layer2.conv2,element,1,"(8, 7, 30)",0,0.0,False,0.815,0.0,False,,33,-0.0625,-0.1875,1.5849626064300537,2.0,False,False,1
2446,layer2.shortcut.0,element,5,"(34, 0, 9)",0,0.0,False,0.815,0.0,False,,50,-3.0,3.0,0.0,2.0,True,False,1
2447,layer3.conv2,scale,3,"(42, 20)",0,0.0,False,0.815,0.0,False,,122,122.0,114.0,8.0,inf,False,False,32
2448,layer3.conv2,element,3,"(16, 17, 11)",0,0.0,False,0.815,0.0,False,,18,3.0,12.0,2.0,3.0,False,False,1
2449,layer3.conv1,element,5,"(87, 5, 26)",0,0.0,False,0.815,0.0,False,,48,-2.0,2.0,0.0,2.0,True,False,1
2450,layer3.conv2,element,4,"(71, 20, 11)",0,0.0,False,0.815,0.0,False,,55,-7.0,-0.4375,4.0,0.9375,False,False,1
2451,layer3.conv2,element,5,"(78, 4, 3)",0,0.0,False,0.815,0.0,False,,15,1.75,-1.75,0.0,2.0,True,False,1
2452,layer3.conv2,element,1,"(58, 4, 28)",0,0.0,False,0.815,0.0,False,,55,-7.0,-5.0,0.4854269027709961,0.2857142984867096,False,False,1
2453,layer3.conv2,element,2,"(78, 10, 29)",0,0.0,False,0.815,0.0,False,,16,2.0,4.0,1.0,1.0,False,False,1
2454,layer3.conv2,scale,3,"(45, 8)",1,0.005,True,0.815,0.0,False,,121,121.0,113.0,8.0,inf,False,False,32
2455,layer3.conv2,element,1,"(74, 17, 30)",0,0.0,False,0.815,0.0,False,,16,2.0,3.0,0.5849624872207642,0.5,False,False,1
2456,layer3.conv2,element,5,"(56, 1, 12)",1,0.005,True,0.815,0.0,False,,22,6.0,-6.0,0.0,2.0,True,False,1
2457,layer3.conv1,element,1,"(7, 1, 23)",0,0.0,False,0.815,0.0,False,,57,-10.0,-14.0,0.4854269027709961,0.4000000059604645,False,False,1
2458,layer3.conv2,element,2,"(58, 9, 5)",0,0.0,False,0.815,0.0,False,,58,-12.0,-24.0,0.9999997615814209,1.0,False,False,1
2459,layer3.conv1,element,2,"(67, 1, 29)",0,0.0,False,0.815,0.0,False,,52,-4.0,-2.0,1.0,0.5,False,False,1
2460,layer2.conv2,element,0,"(32, 1, 10)",0,0.0,False,0.815,0.0,False,,29,20.0,16.0,0.3219280242919922,0.20000000298023224,False,False,1
2461,layer2.conv1,element,5,"(39, 0, 10)",0,0.0,False,0.815,0.0,False,,50,-3.0,3.0,0.0,2.0,True,False,1
2462,fc,element,4,"(0, 1, 16)",0,0.0,False,0.815,0.0,False,,57,-10.0,-0.625,4.0,0.9375,False,False,1
2463,layer3.shortcut.0,scale,7,"(22, 1)",200,1.0,True,0.0,0.815,True,,121,121.0,249.0,128.0,inf,False,False,32
2464,layer3.conv2,element,1,"(63, 22, 7)",0,0.0,False,0.815,0.0,False,,30,24.0,16.0,0.5849623680114746,0.3333333432674408,False,False,1
2465,layer3.conv2,element,1,"(87, 24, 20)",0,0.0,False,0.815,0.0,False,,58,-12.0,-8.0,0.5849626064300537,0.3333333432674408,False,False,1
2466,layer2.conv1,element,0,"(43, 5, 25)",0,0.0,False,0.815,0.0,False,,28,16.0,20.0,0.3219280242919922,0.25,False,False,1
2467,layer3.conv2,element,5,"(67, 15, 11)",0,0.0,False,0.815,0.0,False,,53,-5.0,5.0,0.0,2.0,True,False,1
2468,layer3.conv1,element,0,"(60, 0, 26)",0,0.0,False,0.815,0.0,False,,24,8.0,10.0,0.3219280242919922,0.25,False,False,1
2469,layer3.conv2,scale,6,"(14, 16)",1,0.005,True,0.815,0.0,False,,121,121.0,57.0,64.0,inf,False,False,32
2470,layer3.conv1,element,1,"(25, 10, 1)",0,0.0,False,0.815,0.0,False,,51,-3.5,-2.5,0.48542678356170654,0.2857142984867096,False,False,1
2471,layer2.conv2,element,3,"(8, 4, 5)",0,0.0,False,0.815,0.0,False,,60,-16.0,-4.0,2.0,0.75,False,False,1
2472,layer3.conv1,element,4,"(35, 4, 8)",0,0.0,False,0.815,0.0,False,,8,0.5,8.0,4.0,15.0,False,False,1
2473,layer3.conv2,element,3,"(14, 2, 22)",0,0.0,False,0.815,0.0,False,,16,2.0,8.0,2.0,3.0,False,False,1
2474,layer3.conv2,element,2,"(68, 1, 29)",1,0.005,True,0.815,0.0,False,,28,16.0,8.0,1.0,0.5,False,False,1
2475,layer3.conv2,element,2,"(42, 1, 6)",0,0.0,False,0.815,0.0,False,,41,-0.625,-1.25,1.0,1.0,False,False,1
2476,layer3.conv1,element,4,"(13, 9, 12)",1,0.005,True,0.815,0.0,False,,56,-8.0,-0.5,4.0,0.9375,False,False,1
2477,layer3.conv2,element,4,"(76, 22, 30)",0,0.0,False,0.815,0.0,False,,51,-3.5,-0.1875,4.2223920822143555,0.9464285969734192,False,False,1
2478,layer3.conv2,element,1,"(5, 7, 15)",0,0.0,False,0.815,0.0,False,,57,-10.0,-14.0,0.4854269027709961,0.4000000059604645,False,False,1
2479,layer3.conv2,element,3,"(73, 19, 3)",0,0.0,False,0.815,0.0,False,,49,-2.5,-10.0,1.9999998807907104,3.0,False,False,1
2480,layer3.conv2,element,5,"(74, 7, 0)",1,0.005,True,0.815,0.0,False,,21,5.0,-5.0,0.0,2.0,True,False,1
2481,layer1.conv2,element,5,"(1, 0, 0)",1,0.005,True,0.815,0.0,False,,50,-3.0,3.0,0.0,2.0,True,False,1
2482,layer3.conv2,element,5,"(72, 23, 9)",0,0.0,False,0.815,0.0,False,,58,-12.0,12.0,0.0,2.0,True,False,1
2483,layer3.conv2,element,4,"(48, 25, 5)",0,0.0,False,0.815,0.0,False,,23,7.0,0.4375,4.0,0.9375,False,False,1
2484,layer3.conv1,element,4,"(78, 12, 11)",0,0.0,False,0.815,0.0,False,,21,5.0,0.3125,4.0,0.9375,False,False,1
2485,layer3.conv1,element,2,"(12, 1, 16)",0,0.0,False,0.815,0.0,False,,60,-16.0,-8.0,1.0,0.5,False,False,1
2486,layer3.conv2,element,2,"(40, 21, 19)",0,0.0,False,0.815,0.0,False,,54,-6.0,-3.0,1.0000001192092896,0.5,False,False,1
2487,layer2.conv1,element,4,"(1, 6, 6)",1,0.005,True,0.815,0.0,False,,56,-8.0,-0.5,4.0,0.9375,False,False,1
2488,layer3.conv2,scale,4,"(87, 2)",0,0.0,False,0.815,0.0,False,,121,121.0,105.0,16.0,inf,False,False,32
2489,layer3.conv2,element,2,"(41, 8, 20)",0,0.0,False,0.815,0.0,False,,30,24.0,12.0,0.9999997615814209,0.5,False,False,1
2490,layer2.conv1,element,3,"(12, 4, 17)",1,0.005,True,0.815,0.0,False,,58,-12.0,-3.0,2.0,0.75,False,False,1
2491,layer3.conv1,element,5,"(65, 6, 23)",1,0.005,True,0.815,0.0,False,,60,-16.0,16.0,0.0,2.0,True,False,1
2492,layer3.conv2,element,2,"(81, 5, 18)",0,0.0,False,0.815,0.0,False,,26,12.0,24.0,0.9999997615814209,1.0,False,False,1
2493,layer2.conv2,element,3,"(20, 10, 3)",0,0.0,False,0.815,0.0,False,,52,-4.0,-16.0,2.0,3.0,False,False,1
2494,layer3.conv1,scale,3,"(7, 6)",1,0.005,True,0.82,-0.0050000000000000044,False,,120,120.0,112.0,8.0,inf,False,False,32
2495,layer3.conv1,element,0,"(70, 1, 2)",0,0.0,False,0.815,0.0,False,,23,7.0,6.0,0.22239232063293457,0.1428571492433548,False,False,1
2496,layer2.conv1,element,2,"(33, 4, 17)",0,0.0,False,0.815,0.0,False,,54,-6.0,-3.0,1.0000001192092896,0.5,False,False,1
2497,layer3.conv2,element,2,"(78, 12, 15)",0,0.0,False,0.815,0.0,False,,49,-2.5,-5.0,0.9999998807907104,1.0,False,False,1
2498,layer3.conv1,element,4,"(78, 2, 7)",0,0.0,False,0.815,0.0,False,,25,10.0,0.625,4.0,0.9375,False,False,1
2499,layer3.conv2,element,1,"(52, 25, 10)",0,0.0,False,0.815,0.0,False,,57,-10.0,-14.0,0.4854269027709961,0.4000000059604645,False,False,1
2500,layer3.conv2,element,3,"(10, 10, 0)",0,0.0,False,0.815,0.0,False,,60,-16.0,-4.0,2.0,0.75,False,False,1
2501,layer3.conv2,element,2,"(80, 17, 27)",0,0.0,False,0.815,0.0,False,,52,-4.0,-2.0,1.0,0.5,False,False,1
2502,layer2.conv1,element,5,"(32, 6, 19)",1,0.005,True,0.815,0.0,False,,53,-5.0,5.0,0.0,2.0,True,False,1
2503,layer3.conv1,element,1,"(56, 6, 20)",0,0.0,False,0.815,0.0,False,,57,-10.0,-14.0,0.4854269027709961,0.4000000059604645,False,False,1
2504,layer3.conv1,element,1,"(57, 7, 12)",0,0.0,False,0.815,0.0,False,,10,0.75,0.5,0.5849624872207642,0.3333333432674408,False,False,1
2505,layer3.conv2,element,4,"(38, 18, 27)",0,0.0,False,0.815,0.0,False,,21,5.0,0.3125,4.0,0.9375,False,False,1
2506,layer3.conv2,element,3,"(25, 12, 14)",0,0.0,False,0.815,0.0,False,,20,4.0,16.0,2.0,3.0,False,False,1
2507,layer1.conv2,element,3,"(11, 5, 12)",0,0.0,False,0.815,0.0,False,,34,-0.125,-0.75,2.5849623680114746,5.0,False,False,1
2508,layer3.conv2,element,4,"(94, 14, 3)",0,0.0,False,0.815,0.0,False,,56,-8.0,-0.5,4.0,0.9375,False,False,1
2509,layer3.conv2,element,2,"(80, 6, 16)",0,0.0,False,0.815,0.0,False,,54,-6.0,-3.0,1.0000001192092896,0.5,False,False,1
2510,layer3.conv1,element,3,"(65, 9, 14)",0,0.0,False,0.815,0.0,False,,42,-0.75,-0.125,2.5849623680114746,0.8333333134651184,False,False,1
2511,layer3.conv2,element,3,"(18, 8, 26)",0,0.0,False,0.815,0.0,False,,29,20.0,5.0,2.0,0.75,False,False,1
2512,layer2.conv2,element,0,"(28, 3, 5)",1,0.005,True,0.815,0.0,False,,62,-24.0,-28.0,0.22239255905151367,0.1666666716337204,False,False,1
2513,layer3.conv2,element,4,"(70, 12, 3)",0,0.0,False,0.815,0.0,False,,58,-12.0,-0.75,4.0,0.9375,False,False,1
2514,layer1.conv1,element,5,"(22, 5, 7)",0,0.0,False,0.815,0.0,False,,27,14.0,-14.0,0.0,2.0,True,False,1
2515,layer2.shortcut.0,element,4,"(45, 0, 20)",0,0.0,False,0.815,0.0,False,,56,-8.0,-0.5,4.0,0.9375,False,False,1
2516,layer3.conv2,element,3,"(35, 4, 23)",1,0.005,True,0.815,0.0,False,,50,-3.0,-12.0,2.0,3.0,False,False,1
2517,layer3.shortcut.0,element,3,"(50, 0, 31)",0,0.0,False,0.815,0.0,False,,40,-0.5,-0.0,inf,1.0,False,False,1
2518,layer3.conv2,element,1,"(93, 0, 30)",0,0.0,False,0.815,0.0,False,,56,-8.0,-12.0,0.5849626064300537,0.5,False,False,1
2519,layer3.conv2,element,4,"(69, 5, 6)",0,0.0,False,0.815,0.0,False,,21,5.0,0.3125,4.0,0.9375,False,False,1
2520,layer2.conv1,element,1,"(47, 3, 2)",0,0.0,False,0.815,0.0,False,,58,-12.0,-8.0,0.5849626064300537,0.3333333432674408,False,False,1
2521,layer3.conv2,element,4,"(12, 6, 0)",0,0.0,False,0.815,0.0,False,,44,-1.0,-16.0,4.0,15.0,False,False,1
2522,layer3.conv1,element,5,"(32, 11, 20)",1,0.005,True,0.815,0.0,False,,16,2.0,-2.0,0.0,2.0,True,False,1
2523,layer3.conv2,element,3,"(24, 23, 6)",1,0.005,True,0.815,0.0,False,,57,-10.0,-2.5,1.9999998807907104,0.75,False,False,1
2524,layer3.conv2,element,5,"(46, 13, 1)",0,0.0,False,0.815,0.0,False,,4,0.25,-0.25,0.0,2.0,True,False,1
2525,layer2.conv1,element,2,"(7, 5, 23)",0,0.0,False,0.815,0.0,False,,56,-8.0,-16.0,1.0,1.0,False,False,1
2526,layer3.conv2,element,4,"(37, 10, 25)",0,0.0,False,0.815,0.0,False,,57,-10.0,-0.625,4.0,0.9375,False,False,1
2527,layer3.conv2,element,5,"(41, 18, 27)",0,0.0,False,0.815,0.0,False,,27,14.0,-14.0,0.0,2.0,True,False,1
2528,layer3.conv2,element,4,"(62, 10, 17)",1,0.005,True,0.815,0.0,False,,47,-1.75,-28.0,4.0,15.0,False,False,1
2529,layer3.conv1,element,1,"(32, 2, 1)",0,0.0,False,0.815,0.0,False,,56,-8.0,-12.0,0.5849626064300537,0.5,False,False,1
2530,layer3.conv1,scale,7,"(79, 7)",200,1.0,True,0.0,0.815,True,,119,119.0,247.0,128.0,inf,False,False,32
2531,layer3.conv2,element,2,"(40, 20, 24)",0,0.0,False,0.815,0.0,False,,9,0.625,1.25,1.0,1.0,False,False,1
2532,layer1.conv2,element,5,"(9, 0, 29)",1,0.005,True,0.815,0.0,False,,4,0.25,-0.25,0.0,2.0,True,False,1
2533,layer3.conv2,element,1,"(32, 3, 14)",0,0.0,False,0.815,0.0,False,,23,7.0,5.0,0.4854269027709961,0.2857142984867096,False,False,1
2534,layer2.conv2,element,2,"(14, 13, 5)",1,0.005,True,0.815,0.0,False,,51,-3.5,-7.0,1.0,1.0,False,False,1
2535,layer2.conv2,element,4,"(35, 9, 13)",0,0.0,False,0.815,0.0,False,,53,-5.0,-0.3125,4.0,0.9375,False,False,1
2536,fc,element,1,"(3, 1, 9)",0,0.0,False,0.815,0.0,False,,46,-1.5,-1.0,0.5849624872207642,0.3333333432674408,False,False,1
2537,layer2.conv2,element,2,"(43, 11, 21)",1,0.005,True,0.815,0.0,False,,60,-16.0,-8.0,1.0,0.5,False,False,1
2538,layer3.conv2,element,3,"(7, 14, 16)",0,0.0,False,0.815,0.0,False,,57,-10.0,-2.5,1.9999998807907104,0.75,False,False,1
2539,layer2.conv1,element,4,"(46, 1, 16)",2,0.01,True,0.81,0.004999999999999893,False,,25,10.0,0.625,4.0,0.9375,False,False,1
2540,layer3.conv2,element,5,"(78, 4, 26)",0,0.0,False,0.815,0.0,False,,58,-12.0,12.0,0.0,2.0,True,False,1
2541,layer3.conv1,element,4,"(26, 7, 31)",0,0.0,False,0.815,0.0,False,,54,-6.0,-0.375,4.0,0.9375,False,False,1
2542,layer3.conv2,element,0,"(80, 20, 25)",0,0.0,False,0.815,0.0,False,,50,-3.0,-3.5,0.22239243984222412,0.1666666716337204,False,False,1
2543,layer3.conv1,element,4,"(32, 4, 5)",1,0.005,True,0.815,0.0,False,,24,8.0,0.5,4.0,0.9375,False,False,1
2544,layer3.conv2,element,2,"(58, 20, 14)",0,0.0,False,0.815,0.0,False,,60,-16.0,-8.0,1.0,0.5,False,False,1
2545,layer2.conv2,element,4,"(29, 4, 9)",1,0.005,True,0.815,0.0,False,,24,8.0,0.5,4.0,0.9375,False,False,1
2546,layer3.conv1,element,5,"(94, 7, 17)",0,0.0,False,0.815,0.0,False,,23,7.0,-7.0,0.0,2.0,True,False,1
2547,layer3.conv2,element,3,"(47, 19, 20)",1,0.005,True,0.815,0.0,False,,28,16.0,4.0,2.0,0.75,False,False,1
2548,layer2.conv2,element,4,"(0, 7, 26)",1,0.005,True,0.815,0.0,False,,26,12.0,0.75,4.0,0.9375,False,False,1
2549,layer3.conv2,element,5,"(51, 23, 0)",0,0.0,False,0.815,0.0,False,,30,24.0,-24.0,0.0,2.0,True,False,1
2550,layer3.conv2,element,4,"(10, 24, 23)",1,0.005,True,0.815,0.0,False,,24,8.0,0.5,4.0,0.9375,False,False,1
2551,layer3.conv2,element,0,"(45, 1, 16)",0,0.0,False,0.815,0.0,False,,17,2.5,2.0,0.32192814350128174,0.20000000298023224,False,False,1
2552,layer3.conv1,element,5,"(12, 0, 17)",0,0.0,False,0.815,0.0,False,,36,-0.25,0.25,0.0,2.0,True,False,1
2553,layer3.conv2,element,2,"(62, 13, 13)",0,0.0,False,0.815,0.0,False,,60,-16.0,-8.0,1.0,0.5,False,False,1
2554,layer2.conv2,element,2,"(13, 4, 2)",0,0.0,False,0.815,0.0,False,,56,-8.0,-16.0,1.0,1.0,False,False,1
2555,layer2.conv2,element,2,"(47, 0, 27)",0,0.0,False,0.815,0.0,False,,10,0.75,1.5,1.0,1.0,False,False,1
2556,layer3.conv2,element,0,"(12, 1, 14)",1,0.005,True,0.815,0.0,False,,25,10.0,8.0,0.3219280242919922,0.20000000298023224,False,False,1
2557,layer3.conv2,element,4,"(61, 19, 28)",0,0.0,False,0.815,0.0,False,,42,-0.75,-12.0,4.0,15.0,False,False,1
2558,layer2.conv2,element,3,"(25, 9, 24)",0,0.0,False,0.815,0.0,False,,63,-28.0,-7.0,2.0,0.75,False,False,1
2559,layer1.conv1,element,0,"(9, 0, 11)",0,0.0,False,0.815,0.0,False,,19,3.5,3.0,0.22239243984222412,0.1428571492433548,False,False,1
2560,layer3.conv2,element,4,"(88, 9, 11)",1,0.005,True,0.815,0.0,False,,18,3.0,0.125,4.584962368011475,0.9583333134651184,False,False,1
2561,layer3.conv2,element,2,"(39, 12, 0)",0,0.0,False,0.815,0.0,False,,7,0.4375,0.1875,1.2223923206329346,0.5714285969734192,False,False,1
2562,layer3.conv2,element,1,"(11, 8, 2)",0,0.0,False,0.815,0.0,False,,60,-16.0,-24.0,0.5849623680114746,0.5,False,False,1
2563,layer3.conv2,element,4,"(54, 25, 14)",1,0.005,True,0.815,0.0,False,,48,-2.0,-0.0,inf,1.0,False,False,1
2564,layer3.conv2,element,0,"(0, 1, 17)",0,0.0,False,0.815,0.0,False,,22,6.0,7.0,0.22239232063293457,0.1666666716337204,False,False,1
2565,layer3.conv1,element,1,"(2, 4, 11)",0,0.0,False,0.815,0.0,False,,21,5.0,7.0,0.4854269027709961,0.4000000059604645,False,False,1
2566,layer3.conv2,element,5,"(29, 1, 2)",1,0.005,True,0.815,0.0,False,,44,-1.0,1.0,0.0,2.0,True,False,1
2567,layer3.conv2,element,0,"(3, 23, 25)",1,0.005,True,0.815,0.0,False,,28,16.0,20.0,0.3219280242919922,0.25,False,False,1
2568,layer3.conv2,element,3,"(86, 2, 27)",1,0.005,True,0.815,0.0,False,,30,24.0,6.0,1.999999761581421,0.75,False,False,1
2569,layer3.conv2,element,3,"(13, 1, 12)",0,0.0,False,0.815,0.0,False,,28,16.0,4.0,2.0,0.75,False,False,1
2570,layer3.conv1,element,5,"(61, 8, 7)",1,0.005,True,0.815,0.0,False,,58,-12.0,12.0,0.0,2.0,True,False,1
2571,layer3.conv2,element,4,"(32, 18, 29)",0,0.0,False,0.815,0.0,False,,49,-2.5,-0.0625,5.321928024291992,0.9750000238418579,False,False,1
2572,layer3.conv2,element,1,"(61, 14, 23)",0,0.0,False,0.815,0.0,False,,58,-12.0,-8.0,0.5849626064300537,0.3333333432674408,False,False,1
2573,layer3.conv2,element,1,"(42, 18, 23)",0,0.0,False,0.815,0.0,False,,6,0.375,0.25,0.5849624872207642,0.3333333432674408,False,False,1
2574,layer3.conv1,element,4,"(37, 1, 0)",1,0.005,True,0.815,0.0,False,,43,-0.875,-14.0,4.0,15.0,False,False,1
2575,layer3.conv1,element,4,"(1, 3, 27)",1,0.005,True,0.815,0.0,False,,26,12.0,0.75,4.0,0.9375,False,False,1
2576,layer1.conv1,element,5,"(21, 3, 28)",1,0.005,True,0.815,0.0,False,,30,24.0,-24.0,0.0,2.0,True,False,1
2577,layer2.conv2,element,5,"(0, 3, 5)",1,0.005,True,0.815,0.0,False,,30,24.0,-24.0,0.0,2.0,True,False,1
2578,layer3.conv2,element,0,"(84, 0, 23)",0,0.0,False,0.815,0.0,False,,53,-5.0,-4.0,0.3219280242919922,0.20000000298023224,False,False,1
2579,layer3.conv1,element,2,"(9, 1, 12)",0,0.0,False,0.815,0.0,False,,19,3.5,7.0,1.0,1.0,False,False,1
2580,layer3.conv2,element,0,"(92, 20, 17)",0,0.0,False,0.815,0.0,False,,22,6.0,7.0,0.22239232063293457,0.1666666716337204,False,False,1
2581,layer3.conv2,element,4,"(94, 10, 21)",0,0.0,False,0.815,0.0,False,,50,-3.0,-0.125,4.584962368011475,0.9583333134651184,False,False,1
2582,layer3.conv1,element,2,"(40, 1, 24)",0,0.0,False,0.815,0.0,False,,31,28.0,14.0,1.0,0.5,False,False,1
2583,layer3.conv2,element,3,"(9, 2, 11)",0,0.0,False,0.815,0.0,False,,49,-2.5,-10.0,1.9999998807907104,3.0,False,False,1
2584,layer3.conv1,element,4,"(90, 2, 31)",1,0.005,True,0.815,0.0,False,,55,-7.0,-0.4375,4.0,0.9375,False,False,1
2585,layer2.conv2,element,2,"(24, 2, 12)",1,0.005,True,0.815,0.0,False,,23,7.0,3.5,1.0,0.5,False,False,1
2586,layer3.conv2,element,3,"(94, 0, 8)",0,0.0,False,0.815,0.0,False,,46,-1.5,-0.375,2.0,0.75,False,False,1
2587,layer3.conv1,element,3,"(84, 3, 13)",1,0.005,True,0.815,0.0,False,,56,-8.0,-2.0,2.0,0.75,False,False,1
2588,layer2.conv1,element,1,"(13, 2, 0)",0,0.0,False,0.815,0.0,False,,25,10.0,14.0,0.4854269027709961,0.4000000059604645,False,False,1
2589,layer2.conv2,element,4,"(16, 10, 27)",0,0.0,False,0.815,0.0,False,,61,-20.0,-1.25,4.0,0.9375,False,False,1
2590,layer3.conv1,element,0,"(82, 5, 10)",0,0.0,False,0.815,0.0,False,,57,-10.0,-8.0,0.3219280242919922,0.20000000298023224,False,False,1
2591,layer3.conv2,element,2,"(65, 15, 1)",0,0.0,False,0.815,0.0,False,,24,8.0,16.0,1.0,1.0,False,False,1
2592,layer2.conv2,scale,5,"(34, 3)",3,0.015,True,0.815,0.0,False,,120,120.0,88.0,32.0,inf,False,False,32
2593,layer3.conv2,element,2,"(0, 16, 23)",0,0.0,False,0.815,0.0,False,,12,1.0,0.5,1.0,0.5,False,False,1
2594,layer3.conv2,element,1,"(19, 5, 19)",1,0.005,True,0.815,0.0,False,,24,8.0,12.0,0.5849626064300537,0.5,False,False,1
2595,layer3.conv1,element,0,"(60, 10, 13)",0,0.0,False,0.815,0.0,False,,49,-2.5,-2.0,0.32192814350128174,0.20000000298023224,False,False,1
2596,layer3.conv2,element,2,"(1, 23, 6)",1,0.005,True,0.815,0.0,False,,60,-16.0,-8.0,1.0,0.5,False,False,1
2597,layer1.conv2,element,4,"(2, 3, 1)",4,0.02,True,0.82,-0.0050000000000000044,False,,60,-16.0,-1.0,4.0,0.9375,False,False,1
2598,layer3.conv1,element,4,"(35, 0, 11)",0,0.0,False,0.815,0.0,False,,54,-6.0,-0.375,4.0,0.9375,False,False,1
2599,layer2.conv2,element,3,"(40, 2, 10)",0,0.0,False,0.815,0.0,False,,17,2.5,10.0,1.9999998807907104,3.0,False,False,1
2600,fc,element,1,"(1, 2, 20)",0,0.0,False,0.815,0.0,False,,25,10.0,14.0,0.4854269027709961,0.4000000059604645,False,False,1
2601,layer3.conv2,element,0,"(78, 19, 24)",0,0.0,False,0.815,0.0,False,,26,12.0,14.0,0.22239232063293457,0.1666666716337204,False,False,1
2602,layer3.conv2,element,3,"(38, 0, 19)",0,0.0,False,0.815,0.0,False,,54,-6.0,-24.0,1.999999761581421,3.0,False,False,1
2603,layer3.conv1,element,2,"(54, 2, 5)",0,0.0,False,0.815,0.0,False,,57,-10.0,-20.0,1.0,1.0,False,False,1
2604,layer3.conv2,element,0,"(68, 9, 19)",0,0.0,False,0.815,0.0,False,,49,-2.5,-2.0,0.32192814350128174,0.20000000298023224,False,False,1
2605,layer3.conv2,element,4,"(9, 12, 19)",0,0.0,False,0.815,0.0,False,,54,-6.0,-0.375,4.0,0.9375,False,False,1
2606,layer2.conv2,element,0,"(37, 11, 21)",1,0.005,True,0.815,0.0,False,,56,-8.0,-10.0,0.3219280242919922,0.25,False,False,1
2607,layer3.conv2,element,2,"(20, 3, 27)",0,0.0,False,0.815,0.0,False,,18,3.0,6.0,1.0000001192092896,1.0,False,False,1
2608,layer3.conv2,element,5,"(2, 22, 24)",0,0.0,False,0.815,0.0,False,,53,-5.0,5.0,0.0,2.0,True,False,1
2609,layer1.conv1,element,1,"(11, 6, 10)",1,0.005,True,0.815,0.0,False,,58,-12.0,-8.0,0.5849626064300537,0.3333333432674408,False,False,1
2610,layer2.conv1,element,5,"(12, 1, 27)",0,0.0,False,0.815,0.0,False,,60,-16.0,16.0,0.0,2.0,True,False,1
2611,layer3.conv2,element,2,"(6, 13, 8)",0,0.0,False,0.815,0.0,False,,24,8.0,16.0,1.0,1.0,False,False,1
2612,layer2.conv1,element,3,"(43, 6, 10)",0,0.0,False,0.815,0.0,False,,31,28.0,7.0,2.0,0.75,False,False,1
2613,layer3.conv2,element,2,"(63, 6, 16)",0,0.0,False,0.815,0.0,False,,1,0.0625,0.3125,2.321928024291992,4.0,False,False,1
2614,layer3.conv2,element,2,"(85, 26, 13)",0,0.0,False,0.815,0.0,False,,23,7.0,3.5,1.0,0.5,False,False,1
2615,layer3.conv1,element,1,"(92, 1, 29)",0,0.0,False,0.815,0.0,False,,48,-2.0,-3.0,0.5849624872207642,0.5,False,False,1
2616,layer2.shortcut.0,element,4,"(45, 0, 21)",0,0.0,False,0.815,0.0,False,,60,-16.0,-1.0,4.0,0.9375,False,False,1
2617,layer3.conv1,element,0,"(10, 9, 19)",0,0.0,False,0.815,0.0,False,,10,0.75,0.875,0.22239243984222412,0.1666666716337204,False,False,1
2618,layer3.conv1,element,5,"(42, 4, 22)",0,0.0,False,0.815,0.0,False,,56,-8.0,8.0,0.0,2.0,True,False,1
2619,layer3.conv2,element,5,"(28, 10, 31)",0,0.0,False,0.815,0.0,False,,29,20.0,-20.0,0.0,2.0,True,False,1
2620,layer3.conv1,element,3,"(38, 9, 25)",0,0.0,False,0.815,0.0,False,,52,-4.0,-16.0,2.0,3.0,False,False,1
2621,layer3.conv2,element,5,"(91, 0, 12)",1,0.005,True,0.815,0.0,False,,54,-6.0,6.0,0.0,2.0,True,False,1
2622,layer2.conv2,element,4,"(3, 8, 5)",0,0.0,False,0.815,0.0,False,,25,10.0,0.625,4.0,0.9375,False,False,1
2623,layer3.conv1,element,3,"(77, 9, 15)",0,0.0,False,0.815,0.0,False,,22,6.0,24.0,1.999999761581421,3.0,False,False,1
2624,layer3.conv2,element,5,"(83, 8, 23)",0,0.0,False,0.815,0.0,False,,58,-12.0,12.0,0.0,2.0,True,False,1
2625,layer3.conv1,element,3,"(76, 12, 21)",1,0.005,True,0.815,0.0,False,,57,-10.0,-2.5,1.9999998807907104,0.75,False,False,1
2626,layer3.conv1,element,2,"(80, 12, 0)",0,0.0,False,0.815,0.0,False,,27,14.0,28.0,1.0,1.0,False,False,1
2627,layer1.conv1,element,0,"(13, 6, 8)",2,0.01,True,0.82,-0.0050000000000000044,False,,63,-28.0,-24.0,0.22239255905151367,0.1428571492433548,False,False,1
2628,layer3.conv2,element,4,"(51, 9, 14)",1,0.005,True,0.815,0.0,False,,51,-3.5,-0.1875,4.2223920822143555,0.9464285969734192,False,False,1
2629,layer3.conv1,element,1,"(54, 4, 6)",1,0.005,True,0.815,0.0,False,,59,-14.0,-10.0,0.4854269027709961,0.2857142984867096,False,False,1
2630,layer3.conv1,element,4,"(13, 4, 15)",0,0.0,False,0.815,0.0,False,,24,8.0,0.5,4.0,0.9375,False,False,1
2631,layer3.conv2,element,4,"(40, 22, 19)",0,0.0,False,0.815,0.0,False,,9,0.625,10.0,4.0,15.0,False,False,1
2632,layer3.conv1,element,0,"(73, 3, 14)",0,0.0,False,0.815,0.0,False,,24,8.0,10.0,0.3219280242919922,0.25,False,False,1
2633,layer3.conv2,element,4,"(0, 8, 6)",1,0.005,True,0.815,0.0,False,,28,16.0,1.0,4.0,0.9375,False,False,1
2634,layer3.conv2,element,1,"(91, 4, 20)",0,0.0,False,0.815,0.0,False,,7,0.4375,0.3125,0.48542678356170654,0.2857142984867096,False,False,1
2635,layer3.shortcut.0,element,0,"(8, 0, 23)",0,0.0,False,0.815,0.0,False,,60,-16.0,-20.0,0.3219280242919922,0.25,False,False,1
2636,layer3.conv2,element,0,"(30, 23, 15)",0,0.0,False,0.815,0.0,False,,58,-12.0,-14.0,0.22239232063293457,0.1666666716337204,False,False,1
2637,layer2.conv2,element,1,"(24, 2, 24)",0,0.0,False,0.815,0.0,False,,16,2.0,3.0,0.5849624872207642,0.5,False,False,1
2638,layer3.conv2,element,0,"(6, 3, 30)",0,0.0,False,0.815,0.0,False,,25,10.0,8.0,0.3219280242919922,0.20000000298023224,False,False,1
2639,layer3.conv2,element,3,"(23, 15, 8)",1,0.005,True,0.815,0.0,False,,19,3.5,14.0,2.0,3.0,False,False,1
2640,layer3.conv2,element,0,"(55, 5, 30)",0,0.0,False,0.815,0.0,False,,62,-24.0,-28.0,0.22239255905151367,0.1666666716337204,False,False,1
2641,layer3.conv2,element,1,"(38, 9, 29)",0,0.0,False,0.815,0.0,False,,24,8.0,12.0,0.5849626064300537,0.5,False,False,1
2642,layer3.conv1,element,3,"(81, 1, 24)",1,0.005,True,0.815,0.0,False,,61,-20.0,-5.0,2.0,0.75,False,False,1
2643,layer1.conv2,element,1,"(6, 3, 6)",0,0.0,False,0.815,0.0,False,,61,-20.0,-28.0,0.4854269027709961,0.4000000059604645,False,False,1
2644,layer3.conv1,element,2,"(18, 0, 19)",0,0.0,False,0.815,0.0,False,,20,4.0,2.0,1.0,0.5,False,False,1
2645,layer3.conv1,element,1,"(43, 8, 20)",0,0.0,False,0.815,0.0,False,,34,-0.125,-0.0,inf,1.0,False,False,1
2646,layer1.conv2,element,3,"(7, 2, 25)",1,0.005,True,0.815,0.0,False,,50,-3.0,-12.0,2.0,3.0,False,False,1
2647,layer3.conv2,element,4,"(83, 13, 2)",1,0.005,True,0.815,0.0,False,,20,4.0,0.25,4.0,0.9375,False,False,1
2648,layer3.conv2,element,1,"(22, 6, 12)",1,0.005,True,0.815,0.0,False,,28,16.0,24.0,0.5849623680114746,0.5,False,False,1
2649,layer2.shortcut.0,element,4,"(5, 0, 20)",0,0.0,False,0.815,0.0,False,,55,-7.0,-0.4375,4.0,0.9375,False,False,1
2650,layer3.conv1,element,2,"(18, 12, 13)",0,0.0,False,0.815,0.0,False,,30,24.0,12.0,0.9999997615814209,0.5,False,False,1
2651,layer3.conv2,element,3,"(29, 4, 15)",0,0.0,False,0.815,0.0,False,,52,-4.0,-16.0,2.0,3.0,False,False,1
2652,layer3.conv2,element,4,"(22, 15, 25)",0,0.0,False,0.815,0.0,False,,27,14.0,0.875,4.0,0.9375,False,False,1
2653,layer3.conv2,element,0,"(49, 22, 15)",0,0.0,False,0.815,0.0,False,,21,5.0,4.0,0.3219280242919922,0.20000000298023224,False,False,1
2654,layer2.conv2,element,2,"(25, 4, 26)",1,0.005,True,0.815,0.0,False,,23,7.0,3.5,1.0,0.5,False,False,1
2655,layer3.conv2,element,1,"(15, 22, 2)",0,0.0,False,0.815,0.0,False,,52,-4.0,-6.0,0.5849626064300537,0.5,False,False,1
2656,layer1.conv2,element,1,"(8, 5, 26)",0,0.0,False,0.815,0.0,False,,26,12.0,8.0,0.5849626064300537,0.3333333432674408,False,False,1
2657,layer2.conv2,element,1,"(26, 9, 25)",0,0.0,False,0.815,0.0,False,,16,2.0,3.0,0.5849624872207642,0.5,False,False,1
2658,layer3.conv2,element,2,"(27, 19, 9)",0,0.0,False,0.815,0.0,False,,53,-5.0,-2.5,0.9999998807907104,0.5,False,False,1
2659,layer3.conv2,element,2,"(45, 8, 18)",1,0.005,True,0.815,0.0,False,,63,-28.0,-14.0,1.0,0.5,False,False,1
2660,layer3.shortcut.0,element,5,"(51, 0, 9)",0,0.0,False,0.815,0.0,False,,5,0.3125,-0.3125,0.0,2.0,True,False,1
2661,layer2.conv2,element,5,"(15, 3, 7)",0,0.0,False,0.815,0.0,False,,61,-20.0,20.0,0.0,2.0,True,False,1
2662,layer3.conv1,element,2,"(36, 9, 26)",0,0.0,False,0.815,0.0,False,,54,-6.0,-3.0,1.0000001192092896,0.5,False,False,1
2663,layer3.conv2,element,2,"(7, 12, 28)",1,0.005,True,0.815,0.0,False,,28,16.0,8.0,1.0,0.5,False,False,1
2664,layer3.conv2,element,5,"(36, 19, 16)",1,0.005,True,0.815,0.0,False,,23,7.0,-7.0,0.0,2.0,True,False,1
2665,layer1.conv1,element,5,"(19, 0, 0)",0,0.0,False,0.815,0.0,False,,51,-3.5,3.5,0.0,2.0,True,False,1
2666,layer3.conv2,element,0,"(31, 13, 17)",0,0.0,False,0.815,0.0,False,,60,-16.0,-20.0,0.3219280242919922,0.25,False,False,1
2667,layer3.conv2,element,1,"(38, 15, 28)",0,0.0,False,0.815,0.0,False,,56,-8.0,-12.0,0.5849626064300537,0.5,False,False,1
2668,layer1.conv2,element,2,"(19, 4, 9)",0,0.0,False,0.815,0.0,False,,57,-10.0,-20.0,1.0,1.0,False,False,1
2669,layer2.conv2,element,4,"(12, 1, 3)",1,0.005,True,0.815,0.0,False,,8,0.5,8.0,4.0,15.0,False,False,1
2670,layer3.conv2,element,0,"(47, 5, 10)",0,0.0,False,0.815,0.0,False,,19,3.5,3.0,0.22239243984222412,0.1428571492433548,False,False,1
2671,layer2.conv1,element,2,"(14, 1, 16)",0,0.0,False,0.815,0.0,False,,48,-2.0,-4.0,1.0,1.0,False,False,1
2672,layer3.conv1,element,3,"(6, 4, 25)",1,0.005,True,0.815,0.0,False,,59,-14.0,-3.5,2.0,0.75,False,False,1
2673,layer2.shortcut.0,element,4,"(29, 0, 13)",0,0.0,False,0.815,0.0,False,,3,0.1875,3.5,4.2223920822143555,17.66666603088379,False,False,1
2674,layer3.conv2,element,0,"(94, 20, 4)",0,0.0,False,0.815,0.0,False,,20,4.0,5.0,0.3219280242919922,0.25,False,False,1
2675,layer3.conv1,element,3,"(77, 3, 21)",0,0.0,False,0.815,0.0,False,,16,2.0,8.0,2.0,3.0,False,False,1
2676,layer3.conv2,element,2,"(50, 13, 10)",0,0.0,False,0.815,0.0,False,,57,-10.0,-20.0,1.0,1.0,False,False,1
2677,layer3.conv2,element,3,"(49, 19, 31)",0,0.0,False,0.815,0.0,False,,61,-20.0,-5.0,2.0,0.75,False,False,1
2678,layer3.conv1,element,1,"(34, 3, 14)",0,0.0,False,0.815,0.0,False,,51,-3.5,-2.5,0.48542678356170654,0.2857142984867096,False,False,1
2679,layer3.conv1,element,2,"(67, 10, 24)",0,0.0,False,0.815,0.0,False,,51,-3.5,-7.0,1.0,1.0,False,False,1
2680,layer3.conv2,element,2,"(13, 10, 15)",0,0.0,False,0.815,0.0,False,,19,3.5,7.0,1.0,1.0,False,False,1
2681,layer3.conv2,element,3,"(39, 6, 20)",0,0.0,False,0.815,0.0,False,,46,-1.5,-0.375,2.0,0.75,False,False,1
2682,layer3.conv1,element,4,"(18, 7, 13)",0,0.0,False,0.815,0.0,False,,38,-0.375,-6.0,4.0,15.0,False,False,1
2683,layer3.conv2,element,2,"(34, 15, 29)",0,0.0,False,0.815,0.0,False,,18,3.0,6.0,1.0000001192092896,1.0,False,False,1
2684,layer3.shortcut.0,element,3,"(73, 0, 28)",1,0.005,True,0.815,0.0,False,,22,6.0,24.0,1.999999761581421,3.0,False,False,1
2685,layer3.conv1,scale,6,"(13, 9)",1,0.005,True,0.815,0.0,False,,119,119.0,55.0,64.0,inf,False,False,32
2686,layer3.conv2,scale,4,"(51, 9)",1,0.005,True,0.815,0.0,False,,122,122.0,106.0,16.0,inf,False,False,32
2687,layer3.conv2,element,5,"(87, 26, 17)",0,0.0,False,0.815,0.0,False,,54,-6.0,6.0,0.0,2.0,True,False,1
2688,layer2.conv1,element,3,"(13, 0, 2)",0,0.0,False,0.815,0.0,False,,7,0.4375,1.75,2.0,3.0,False,False,1
2689,layer3.conv2,element,4,"(2, 1, 27)",0,0.0,False,0.815,0.0,False,,62,-24.0,-1.5,4.0,0.9375,False,False,1
2690,layer1.conv1,element,1,"(23, 6, 6)",1,0.005,True,0.815,0.0,False,,27,14.0,10.0,0.4854269027709961,0.2857142984867096,False,False,1
2691,layer3.conv2,element,5,"(26, 20, 23)",0,0.0,False,0.815,0.0,False,,47,-1.75,1.75,0.0,2.0,True,False,1
2692,layer3.conv2,element,0,"(62, 1, 9)",0,0.0,False,0.815,0.0,False,,21,5.0,4.0,0.3219280242919922,0.20000000298023224,False,False,1
2693,layer3.conv2,element,1,"(37, 19, 15)",1,0.005,True,0.815,0.0,False,,23,7.0,5.0,0.4854269027709961,0.2857142984867096,False,False,1
2694,layer3.conv2,element,1,"(62, 7, 23)",0,0.0,False,0.815,0.0,False,,50,-3.0,-2.0,0.5849624872207642,0.3333333432674408,False,False,1
2695,layer3.conv2,element,1,"(3, 22, 29)",0,0.0,False,0.815,0.0,False,,22,6.0,4.0,0.5849626064300537,0.3333333432674408,False,False,1
2696,layer1.conv1,scale,6,"(2, 6)",3,0.015,True,0.815,0.0,False,,120,120.0,56.0,64.0,inf,False,False,32
2697,layer3.conv2,element,1,"(45, 9, 9)",0,0.0,False,0.815,0.0,False,,25,10.0,14.0,0.4854269027709961,0.4000000059604645,False,False,1
2698,layer3.conv2,element,0,"(62, 2, 4)",0,0.0,False,0.815,0.0,False,,61,-20.0,-16.0,0.3219280242919922,0.20000000298023224,False,False,1
2699,layer2.conv2,element,0,"(5, 8, 23)",0,0.0,False,0.815,0.0,False,,19,3.5,3.0,0.22239243984222412,0.1428571492433548,False,False,1
2700,layer3.conv2,element,4,"(94, 6, 25)",0,0.0,False,0.815,0.0,False,,29,20.0,1.25,4.0,0.9375,False,False,1
2701,layer3.conv2,element,0,"(43, 20, 8)",0,0.0,False,0.815,0.0,False,,50,-3.0,-3.5,0.22239243984222412,0.1666666716337204,False,False,1
2702,layer3.conv2,element,2,"(63, 5, 4)",0,0.0,False,0.815,0.0,False,,47,-1.75,-0.875,1.0,0.5,False,False,1
2703,layer3.conv2,element,4,"(89, 21, 29)",1,0.005,True,0.815,0.0,False,,19,3.5,0.1875,4.2223920822143555,0.9464285969734192,False,False,1
2704,layer3.conv1,element,4,"(76, 11, 1)",0,0.0,False,0.815,0.0,False,,52,-4.0,-0.25,4.0,0.9375,False,False,1
2705,layer2.conv2,element,4,"(26, 8, 18)",0,0.0,False,0.815,0.0,False,,28,16.0,1.0,4.0,0.9375,False,False,1
2706,layer3.conv2,element,0,"(54, 3, 17)",0,0.0,False,0.815,0.0,False,,22,6.0,7.0,0.22239232063293457,0.1666666716337204,False,False,1
2707,layer3.conv1,element,0,"(84, 4, 25)",0,0.0,False,0.815,0.0,False,,16,2.0,2.5,0.32192814350128174,0.25,False,False,1
2708,layer2.conv1,element,3,"(43, 5, 14)",0,0.0,False,0.815,0.0,False,,58,-12.0,-3.0,2.0,0.75,False,False,1
2709,layer3.conv2,element,1,"(47, 5, 2)",0,0.0,False,0.815,0.0,False,,49,-2.5,-3.5,0.48542678356170654,0.4000000059604645,False,False,1
2710,layer2.conv2,element,1,"(37, 6, 22)",0,0.0,False,0.815,0.0,False,,25,10.0,14.0,0.4854269027709961,0.4000000059604645,False,False,1
2711,layer3.conv2,element,1,"(12, 8, 13)",1,0.005,True,0.815,0.0,False,,30,24.0,16.0,0.5849623680114746,0.3333333432674408,False,False,1
2712,layer2.conv2,element,2,"(43, 11, 3)",1,0.005,True,0.815,0.0,False,,26,12.0,24.0,0.9999997615814209,1.0,False,False,1
2713,layer3.conv2,element,0,"(82, 12, 19)",0,0.0,False,0.815,0.0,False,,21,5.0,4.0,0.3219280242919922,0.20000000298023224,False,False,1
2714,layer3.conv2,element,1,"(0, 21, 31)",0,0.0,False,0.815,0.0,False,,6,0.375,0.25,0.5849624872207642,0.3333333432674408,False,False,1
2715,layer3.conv1,element,4,"(13, 0, 6)",1,0.005,True,0.815,0.0,False,,14,1.5,24.0,4.0,15.0,False,False,1
2716,layer3.conv2,element,2,"(47, 5, 22)",0,0.0,False,0.815,0.0,False,,23,7.0,3.5,1.0,0.5,False,False,1
2717,layer2.conv2,element,4,"(31, 12, 18)",0,0.0,False,0.815,0.0,False,,22,6.0,0.375,4.0,0.9375,False,False,1
2718,layer2.conv2,element,3,"(9, 1, 0)",0,0.0,False,0.815,0.0,False,,46,-1.5,-0.375,2.0,0.75,False,False,1
2719,layer3.conv1,element,4,"(16, 7, 27)",1,0.005,True,0.815,0.0,False,,17,2.5,0.0625,5.321928024291992,0.9750000238418579,False,False,1
2720,layer3.conv2,element,2,"(68, 24, 23)",1,0.005,True,0.815,0.0,False,,29,20.0,10.0,1.0,0.5,False,False,1
2721,layer3.conv2,element,5,"(35, 10, 9)",0,0.0,False,0.815,0.0,False,,50,-3.0,3.0,0.0,2.0,True,False,1
2722,layer3.conv2,element,4,"(2, 8, 1)",0,0.0,False,0.815,0.0,False,,19,3.5,0.1875,4.2223920822143555,0.9464285969734192,False,False,1
2723,layer3.conv2,scale,6,"(36, 18)",0,0.0,False,0.815,0.0,False,,121,121.0,57.0,64.0,inf,False,False,32
2724,layer3.conv2,element,5,"(88, 13, 27)",1,0.005,True,0.815,0.0,False,,22,6.0,-6.0,0.0,2.0,True,False,1
2725,layer3.conv1,element,5,"(81, 12, 12)",1,0.005,True,0.815,0.0,False,,63,-28.0,28.0,0.0,2.0,True,False,1
2726,layer3.conv2,element,1,"(90, 4, 3)",0,0.0,False,0.815,0.0,False,,60,-16.0,-24.0,0.5849623680114746,0.5,False,False,1
2727,layer3.conv1,element,4,"(78, 0, 25)",0,0.0,False,0.815,0.0,False,,31,28.0,1.75,4.0,0.9375,False,False,1
2728,layer3.conv2,element,0,"(43, 3, 4)",0,0.0,False,0.815,0.0,False,,21,5.0,4.0,0.3219280242919922,0.20000000298023224,False,False,1
2729,layer3.conv2,element,4,"(46, 23, 13)",0,0.0,False,0.815,0.0,False,,45,-1.25,-20.0,4.0,15.0,False,False,1
2730,layer3.conv1,element,2,"(88, 6, 5)",0,0.0,False,0.815,0.0,False,,26,12.0,24.0,0.9999997615814209,1.0,False,False,1
2731,layer3.conv1,element,4,"(33, 8, 7)",0,0.0,False,0.815,0.0,False,,17,2.5,0.0625,5.321928024291992,0.9750000238418579,False,False,1
2732,layer3.conv2,element,0,"(31, 7, 22)",0,0.0,False,0.815,0.0,False,,20,4.0,5.0,0.3219280242919922,0.25,False,False,1
2733,layer3.conv2,element,4,"(48, 12, 3)",0,0.0,False,0.815,0.0,False,,48,-2.0,-0.0,inf,1.0,False,False,1
2734,layer3.conv1,element,4,"(27, 11, 4)",1,0.005,True,0.815,0.0,False,,55,-7.0,-0.4375,4.0,0.9375,False,False,1
2735,layer3.conv2,element,5,"(94, 19, 10)",0,0.0,False,0.815,0.0,False,,32,-0.0,0.0,inf,0.0,True,False,1
2736,layer3.conv2,element,1,"(34, 16, 12)",0,0.0,False,0.815,0.0,False,,61,-20.0,-28.0,0.4854269027709961,0.4000000059604645,False,False,1
2737,layer3.conv1,element,2,"(74, 4, 25)",0,0.0,False,0.815,0.0,False,,53,-5.0,-2.5,0.9999998807907104,0.5,False,False,1
2738,layer2.conv2,element,0,"(17, 7, 6)",1,0.005,True,0.815,0.0,False,,25,10.0,8.0,0.3219280242919922,0.20000000298023224,False,False,1
2739,layer3.conv2,element,2,"(23, 22, 9)",1,0.005,True,0.815,0.0,False,,24,8.0,16.0,1.0,1.0,False,False,1
2740,layer3.conv2,element,2,"(59, 10, 25)",0,0.0,False,0.815,0.0,False,,58,-12.0,-24.0,0.9999997615814209,1.0,False,False,1
2741,layer3.conv1,element,2,"(25, 1, 16)",0,0.0,False,0.815,0.0,False,,22,6.0,3.0,1.0000001192092896,0.5,False,False,1
2742,layer3.conv2,element,5,"(89, 23, 12)",1,0.005,True,0.815,0.0,False,,15,1.75,-1.75,0.0,2.0,True,False,1
2743,layer3.conv2,element,5,"(44, 7, 21)",0,0.0,False,0.815,0.0,False,,51,-3.5,3.5,0.0,2.0,True,False,1
2744,layer3.conv1,element,3,"(90, 11, 8)",0,0.0,False,0.815,0.0,False,,52,-4.0,-16.0,2.0,3.0,False,False,1
2745,layer3.conv1,element,0,"(3, 13, 11)",0,0.0,False,0.815,0.0,False,,13,1.25,1.0,0.32192808389663696,0.20000000298023224,False,False,1
2746,layer3.conv1,element,4,"(2, 0, 28)",0,0.0,False,0.815,0.0,False,,56,-8.0,-0.5,4.0,0.9375,False,False,1
2747,layer2.conv1,element,3,"(34, 2, 1)",1,0.005,True,0.815,0.0,False,,57,-10.0,-2.5,1.9999998807907104,0.75,False,False,1
2748,layer3.conv2,element,0,"(29, 2, 1)",0,0.0,False,0.815,0.0,False,,54,-6.0,-7.0,0.22239232063293457,0.1666666716337204,False,False,1
2749,layer3.conv2,element,4,"(94, 14, 21)",0,0.0,False,0.815,0.0,False,,54,-6.0,-0.375,4.0,0.9375,False,False,1
2750,layer3.conv2,element,1,"(37, 3, 17)",0,0.0,False,0.815,0.0,False,,19,3.5,2.5,0.48542678356170654,0.2857142984867096,False,False,1
2751,layer3.conv2,element,0,"(70, 5, 21)",0,0.0,False,0.815,0.0,False,,27,14.0,12.0,0.22239232063293457,0.1428571492433548,False,False,1
2752,layer1.conv2,element,4,"(17, 0, 10)",1,0.005,True,0.815,0.0,False,,54,-6.0,-0.375,4.0,0.9375,False,False,1
2753,layer3.conv2,element,2,"(68, 16, 31)",1,0.005,True,0.815,0.0,False,,56,-8.0,-16.0,1.0,1.0,False,False,1
2754,layer3.conv2,element,5,"(92, 14, 28)",0,0.0,False,0.815,0.0,False,,21,5.0,-5.0,0.0,2.0,True,False,1
2755,layer2.conv1,element,4,"(39, 2, 25)",1,0.005,True,0.815,0.0,False,,19,3.5,0.1875,4.2223920822143555,0.9464285969734192,False,False,1
2756,layer1.conv1,element,3,"(2, 1, 6)",8,0.04,True,0.82,-0.0050000000000000044,False,,22,6.0,24.0,1.999999761581421,3.0,False,False,1
2757,layer3.conv1,element,5,"(40, 0, 1)",1,0.005,True,0.815,0.0,False,,46,-1.5,1.5,0.0,2.0,True,False,1
2758,layer3.conv2,element,2,"(32, 7, 14)",0,0.0,False,0.815,0.0,False,,61,-20.0,-10.0,1.0,0.5,False,False,1
2759,layer2.conv2,element,5,"(23, 12, 17)",1,0.005,True,0.815,0.0,False,,18,3.0,-3.0,0.0,2.0,True,False,1
2760,layer2.conv1,element,0,"(46, 5, 2)",0,0.0,False,0.815,0.0,False,,41,-0.625,-0.5,0.32192808389663696,0.20000000298023224,False,False,1
2761,layer3.conv2,element,0,"(61, 1, 7)",0,0.0,False,0.815,0.0,False,,49,-2.5,-2.0,0.32192814350128174,0.20000000298023224,False,False,1
2762,layer2.conv2,scale,4,"(9, 7)",3,0.015,True,0.81,0.004999999999999893,False,,120,120.0,104.0,16.0,inf,False,False,32
2763,layer3.conv1,element,4,"(89, 10, 19)",0,0.0,False,0.815,0.0,False,,59,-14.0,-0.875,4.0,0.9375,False,False,1
2764,layer3.shortcut.0,element,4,"(81, 1, 10)",0,0.0,False,0.815,0.0,False,,24,8.0,0.5,4.0,0.9375,False,False,1
2765,layer3.conv2,element,1,"(50, 21, 25)",0,0.0,False,0.815,0.0,False,,25,10.0,14.0,0.4854269027709961,0.4000000059604645,False,False,1
2766,layer3.conv1,element,1,"(68, 4, 19)",1,0.005,True,0.815,0.0,False,,59,-14.0,-10.0,0.4854269027709961,0.2857142984867096,False,False,1
2767,layer3.conv2,element,0,"(3, 3, 20)",0,0.0,False,0.815,0.0,False,,24,8.0,10.0,0.3219280242919922,0.25,False,False,1
2768,layer3.conv2,scale,4,"(41, 9)",1,0.005,True,0.815,0.0,False,,121,121.0,105.0,16.0,inf,False,False,32
2769,layer3.conv2,element,0,"(40, 8, 4)",1,0.005,True,0.815,0.0,False,,56,-8.0,-10.0,0.3219280242919922,0.25,False,False,1
2770,layer3.conv1,element,3,"(8, 9, 15)",1,0.005,True,0.815,0.0,False,,49,-2.5,-10.0,1.9999998807907104,3.0,False,False,1
2771,layer3.conv2,element,3,"(10, 2, 5)",0,0.0,False,0.815,0.0,False,,44,-1.0,-0.25,2.0,0.75,False,False,1
2772,layer3.conv2,element,1,"(78, 18, 25)",0,0.0,False,0.815,0.0,False,,59,-14.0,-10.0,0.4854269027709961,0.2857142984867096,False,False,1
2773,layer3.conv1,element,4,"(77, 9, 20)",0,0.0,False,0.815,0.0,False,,58,-12.0,-0.75,4.0,0.9375,False,False,1
2774,layer3.conv2,element,2,"(91, 18, 18)",0,0.0,False,0.815,0.0,False,,12,1.0,0.5,1.0,0.5,False,False,1
2775,layer3.conv1,scale,7,"(66, 1)",200,1.0,True,0.0,0.815,True,,119,119.0,247.0,128.0,inf,False,False,32
2776,layer3.conv2,element,5,"(91, 0, 5)",0,0.0,False,0.815,0.0,False,,18,3.0,-3.0,0.0,2.0,True,False,1
2777,layer2.conv1,element,4,"(47, 2, 0)",0,0.0,False,0.815,0.0,False,,51,-3.5,-0.1875,4.2223920822143555,0.9464285969734192,False,False,1
2778,layer3.conv1,scale,5,"(51, 2)",1,0.005,True,0.82,-0.0050000000000000044,False,,119,119.0,87.0,32.0,inf,False,False,32
2779,layer2.shortcut.0,element,4,"(40, 0, 9)",0,0.0,False,0.815,0.0,False,,44,-1.0,-16.0,4.0,15.0,False,False,1
2780,layer3.conv1,element,3,"(28, 5, 26)",1,0.005,True,0.815,0.0,False,,49,-2.5,-10.0,1.9999998807907104,3.0,False,False,1
2781,layer2.conv2,element,1,"(3, 12, 6)",0,0.0,False,0.815,0.0,False,,13,1.25,1.75,0.4854268431663513,0.4000000059604645,False,False,1
2782,layer3.conv2,element,5,"(88, 18, 22)",1,0.005,True,0.815,0.0,False,,13,1.25,-1.25,0.0,2.0,True,False,1
2783,layer1.conv1,element,2,"(21, 0, 7)",1,0.005,True,0.815,0.0,False,,28,16.0,8.0,1.0,0.5,False,False,1
2784,layer3.conv2,element,5,"(26, 8, 8)",0,0.0,False,0.815,0.0,False,,54,-6.0,6.0,0.0,2.0,True,False,1
2785,layer3.shortcut.0,element,4,"(43, 0, 5)",1,0.005,True,0.815,0.0,False,,53,-5.0,-0.3125,4.0,0.9375,False,False,1
2786,layer2.conv1,element,1,"(23, 0, 21)",1,0.005,True,0.815,0.0,False,,53,-5.0,-7.0,0.4854269027709961,0.4000000059604645,False,False,1
2787,layer3.shortcut.0,element,1,"(3, 1, 2)",0,0.0,False,0.815,0.0,False,,61,-20.0,-28.0,0.4854269027709961,0.4000000059604645,False,False,1
2788,layer2.shortcut.0,element,0,"(34, 0, 12)",0,0.0,False,0.815,0.0,False,,47,-1.75,-1.5,0.22239243984222412,0.1428571492433548,False,False,1
2789,layer2.conv2,element,4,"(41, 12, 2)",0,0.0,False,0.815,0.0,False,,25,10.0,0.625,4.0,0.9375,False,False,1
2790,layer3.conv2,element,0,"(84, 23, 8)",0,0.0,False,0.815,0.0,False,,51,-3.5,-3.0,0.22239243984222412,0.1428571492433548,False,False,1
2791,layer3.conv2,element,3,"(83, 20, 8)",1,0.005,True,0.815,0.0,False,,28,16.0,4.0,2.0,0.75,False,False,1
2792,layer3.conv2,element,1,"(88, 17, 4)",0,0.0,False,0.815,0.0,False,,56,-8.0,-12.0,0.5849626064300537,0.5,False,False,1
2793,layer2.shortcut.0,element,0,"(4, 0, 23)",0,0.0,False,0.815,0.0,False,,24,8.0,10.0,0.3219280242919922,0.25,False,False,1
2794,layer2.conv2,element,2,"(7, 1, 1)",0,0.0,False,0.815,0.0,False,,62,-24.0,-12.0,0.9999997615814209,0.5,False,False,1
2795,layer3.conv1,element,0,"(62, 2, 27)",0,0.0,False,0.815,0.0,False,,20,4.0,5.0,0.3219280242919922,0.25,False,False,1
2796,layer1.conv2,element,3,"(11, 5, 13)",1,0.005,True,0.815,0.0,False,,43,-0.875,-0.1875,2.2223923206329346,0.7857142686843872,False,False,1
2797,layer3.conv2,element,0,"(87, 5, 16)",0,0.0,False,0.815,0.0,False,,27,14.0,12.0,0.22239232063293457,0.1428571492433548,False,False,1
2798,layer3.conv1,scale,6,"(70, 6)",1,0.005,True,0.815,0.0,False,,119,119.0,55.0,64.0,inf,False,False,32
2799,layer3.conv2,element,2,"(82, 1, 8)",0,0.0,False,0.815,0.0,False,,58,-12.0,-24.0,0.9999997615814209,1.0,False,False,1
2800,layer3.conv1,element,4,"(8, 5, 18)",1,0.005,True,0.815,0.0,False,,27,14.0,0.875,4.0,0.9375,False,False,1
2801,layer3.conv2,element,5,"(40, 13, 8)",0,0.0,False,0.815,0.0,False,,53,-5.0,5.0,0.0,2.0,True,False,1
2802,layer3.conv2,element,4,"(43, 1, 1)",0,0.0,False,0.815,0.0,False,,23,7.0,0.4375,4.0,0.9375,False,False,1
2803,layer3.conv1,element,2,"(47, 9, 26)",1,0.005,True,0.815,0.0,False,,30,24.0,12.0,0.9999997615814209,0.5,False,False,1
2804,layer3.conv2,element,5,"(10, 10, 27)",1,0.005,True,0.815,0.0,False,,28,16.0,-16.0,0.0,2.0,True,False,1
2805,layer1.conv1,element,0,"(4, 4, 22)",0,0.0,False,0.815,0.0,False,,22,6.0,7.0,0.22239232063293457,0.1666666716337204,False,False,1
2806,layer3.conv2,element,3,"(66, 9, 23)",0,0.0,False,0.815,0.0,False,,46,-1.5,-0.375,2.0,0.75,False,False,1
2807,layer3.conv2,element,5,"(42, 20, 25)",1,0.005,True,0.815,0.0,False,,21,5.0,-5.0,0.0,2.0,True,False,1
2808,layer3.conv2,element,4,"(26, 11, 27)",1,0.005,True,0.815,0.0,False,,25,10.0,0.625,4.0,0.9375,False,False,1
2809,layer2.conv1,element,4,"(36, 5, 23)",1,0.005,True,0.815,0.0,False,,58,-12.0,-0.75,4.0,0.9375,False,False,1
2810,layer3.conv1,element,4,"(49, 0, 22)",2,0.01,True,0.815,0.0,False,,29,20.0,1.25,4.0,0.9375,False,False,1
2811,layer2.conv2,element,4,"(24, 3, 27)",1,0.005,True,0.815,0.0,False,,27,14.0,0.875,4.0,0.9375,False,False,1
2812,layer3.conv1,element,4,"(37, 11, 16)",0,0.0,False,0.815,0.0,False,,60,-16.0,-1.0,4.0,0.9375,False,False,1
2813,layer1.conv1,element,1,"(1, 5, 26)",0,0.0,False,0.815,0.0,False,,25,10.0,14.0,0.4854269027709961,0.4000000059604645,False,False,1
2814,layer1.conv1,element,2,"(11, 6, 23)",1,0.005,True,0.815,0.0,False,,55,-7.0,-3.5,1.0,0.5,False,False,1
2815,layer3.conv1,element,5,"(52, 4, 29)",0,0.0,False,0.815,0.0,False,,24,8.0,-8.0,0.0,2.0,True,False,1
2816,layer2.conv2,element,1,"(26, 6, 2)",1,0.005,True,0.815,0.0,False,,59,-14.0,-10.0,0.4854269027709961,0.2857142984867096,False,False,1
2817,layer3.conv2,element,1,"(18, 14, 21)",0,0.0,False,0.815,0.0,False,,26,12.0,8.0,0.5849626064300537,0.3333333432674408,False,False,1
2818,layer3.conv2,scale,2,"(3, 5)",8,0.04,True,0.82,-0.0050000000000000044,False,,121,121.0,125.0,4.0,inf,False,False,32
2819,layer3.conv1,element,2,"(54, 0, 6)",1,0.005,True,0.815,0.0,False,,49,-2.5,-5.0,0.9999998807907104,1.0,False,False,1
2820,layer2.conv1,element,5,"(2, 1, 24)",0,0.0,False,0.815,0.0,False,,21,5.0,-5.0,0.0,2.0,True,False,1
2821,layer3.conv2,element,2,"(47, 9, 20)",0,0.0,False,0.815,0.0,False,,49,-2.5,-5.0,0.9999998807907104,1.0,False,False,1
2822,layer3.conv2,element,5,"(68, 14, 11)",0,0.0,False,0.815,0.0,False,,49,-2.5,2.5,0.0,2.0,True,False,1
2823,layer3.conv2,element,2,"(60, 6, 30)",0,0.0,False,0.815,0.0,False,,55,-7.0,-3.5,1.0,0.5,False,False,1
2824,layer3.conv1,element,0,"(1, 6, 15)",0,0.0,False,0.815,0.0,False,,52,-4.0,-5.0,0.3219280242919922,0.25,False,False,1
2825,layer1.conv2,element,5,"(15, 4, 15)",0,0.0,False,0.815,0.0,False,,50,-3.0,3.0,0.0,2.0,True,False,1
2826,layer2.conv2,element,1,"(40, 6, 31)",1,0.005,True,0.815,0.0,False,,54,-6.0,-4.0,0.5849626064300537,0.3333333432674408,False,False,1
2827,layer3.conv2,element,4,"(12, 10, 0)",1,0.005,True,0.815,0.0,False,,28,16.0,1.0,4.0,0.9375,False,False,1
2828,layer3.conv2,element,2,"(1, 8, 15)",0,0.0,False,0.815,0.0,False,,23,7.0,3.5,1.0,0.5,False,False,1
2829,layer3.conv1,element,1,"(37, 1, 22)",0,0.0,False,0.815,0.0,False,,25,10.0,14.0,0.4854269027709961,0.4000000059604645,False,False,1
2830,layer2.conv1,element,4,"(35, 4, 29)",0,0.0,False,0.815,0.0,False,,18,3.0,0.125,4.584962368011475,0.9583333134651184,False,False,1
2831,layer3.conv1,element,1,"(48, 2, 27)",1,0.005,True,0.815,0.0,False,,20,4.0,6.0,0.5849626064300537,0.5,False,False,1
2832,layer3.conv1,element,1,"(49, 7, 20)",0,0.0,False,0.815,0.0,False,,52,-4.0,-6.0,0.5849626064300537,0.5,False,False,1
2833,layer2.conv1,element,3,"(12, 3, 10)",0,0.0,False,0.815,0.0,False,,54,-6.0,-24.0,1.999999761581421,3.0,False,False,1
2834,layer3.conv1,element,4,"(50, 12, 28)",1,0.005,True,0.815,0.0,False,,26,12.0,0.75,4.0,0.9375,False,False,1
2835,layer3.conv2,element,5,"(92, 20, 10)",0,0.0,False,0.815,0.0,False,,13,1.25,-1.25,0.0,2.0,True,False,1
2836,layer3.conv1,element,1,"(85, 0, 31)",0,0.0,False,0.815,0.0,False,,12,1.0,1.5,0.5849624872207642,0.5,False,False,1
2837,layer3.conv1,element,4,"(49, 12, 28)",0,0.0,False,0.815,0.0,False,,57,-10.0,-0.625,4.0,0.9375,False,False,1
2838,layer3.conv2,element,5,"(27, 14, 31)",0,0.0,False,0.815,0.0,False,,17,2.5,-2.5,0.0,2.0,True,False,1
2839,layer3.conv1,element,2,"(62, 1, 23)",0,0.0,False,0.815,0.0,False,,56,-8.0,-16.0,1.0,1.0,False,False,1
2840,layer3.conv1,element,1,"(37, 9, 4)",0,0.0,False,0.815,0.0,False,,49,-2.5,-3.5,0.48542678356170654,0.4000000059604645,False,False,1
2841,layer3.conv2,element,0,"(75, 16, 1)",0,0.0,False,0.815,0.0,False,,26,12.0,14.0,0.22239232063293457,0.1666666716337204,False,False,1
2842,layer3.conv1,element,1,"(26, 13, 15)",0,0.0,False,0.815,0.0,False,,25,10.0,14.0,0.4854269027709961,0.4000000059604645,False,False,1
2843,layer3.conv1,element,4,"(49, 7, 12)",0,0.0,False,0.815,0.0,False,,58,-12.0,-0.75,4.0,0.9375,False,False,1
2844,layer3.conv2,element,3,"(31, 23, 3)",0,0.0,False,0.815,0.0,False,,47,-1.75,-0.4375,2.0,0.75,False,False,1
2845,layer2.conv2,element,4,"(29, 12, 25)",0,0.0,False,0.815,0.0,False,,60,-16.0,-1.0,4.0,0.9375,False,False,1
2846,layer2.conv2,element,0,"(38, 6, 2)",0,0.0,False,0.815,0.0,False,,25,10.0,8.0,0.3219280242919922,0.20000000298023224,False,False,1
2847,layer3.conv1,element,5,"(95, 2, 23)",0,0.0,False,0.815,0.0,False,,18,3.0,-3.0,0.0,2.0,True,False,1
2848,layer2.conv2,element,5,"(21, 10, 24)",0,0.0,False,0.815,0.0,False,,28,16.0,-16.0,0.0,2.0,True,False,1
2849,layer3.conv2,element,3,"(84, 7, 17)",0,0.0,False,0.815,0.0,False,,15,1.75,0.4375,2.0,0.75,False,False,1
2850,layer3.conv2,element,4,"(30, 0, 19)",0,0.0,False,0.815,0.0,False,,43,-0.875,-14.0,4.0,15.0,False,False,1
2851,layer3.conv2,element,4,"(3, 11, 2)",0,0.0,False,0.815,0.0,False,,45,-1.25,-20.0,4.0,15.0,False,False,1
2852,layer2.conv2,element,5,"(23, 3, 14)",0,0.0,False,0.815,0.0,False,,53,-5.0,5.0,0.0,2.0,True,False,1
2853,layer3.conv2,element,4,"(92, 3, 19)",0,0.0,False,0.815,0.0,False,,26,12.0,0.75,4.0,0.9375,False,False,1
2854,layer3.conv1,element,5,"(24, 8, 16)",1,0.005,True,0.815,0.0,False,,62,-24.0,24.0,0.0,2.0,True,False,1
2855,layer3.conv1,element,4,"(43, 2, 13)",1,0.005,True,0.815,0.0,False,,55,-7.0,-0.4375,4.0,0.9375,False,False,1
2856,layer3.conv2,element,3,"(17, 24, 4)",0,0.0,False,0.815,0.0,False,,19,3.5,14.0,2.0,3.0,False,False,1
2857,layer3.conv2,element,1,"(81, 20, 16)",0,0.0,False,0.815,0.0,False,,53,-5.0,-7.0,0.4854269027709961,0.4000000059604645,False,False,1
2858,layer3.conv2,element,5,"(4, 13, 4)",0,0.0,False,0.815,0.0,False,,54,-6.0,6.0,0.0,2.0,True,False,1
2859,layer3.conv2,element,3,"(42, 12, 21)",0,0.0,False,0.815,0.0,False,,58,-12.0,-3.0,2.0,0.75,False,False,1
2860,layer3.conv2,element,4,"(95, 26, 20)",0,0.0,False,0.815,0.0,False,,55,-7.0,-0.4375,4.0,0.9375,False,False,1
2861,layer3.conv2,element,2,"(28, 11, 24)",0,0.0,False,0.815,0.0,False,,48,-2.0,-4.0,1.0,1.0,False,False,1
2862,layer3.conv1,element,5,"(58, 7, 22)",0,0.0,False,0.815,0.0,False,,9,0.625,-0.625,0.0,2.0,True,False,1
2863,layer3.conv1,element,5,"(44, 1, 0)",0,0.0,False,0.815,0.0,False,,63,-28.0,28.0,0.0,2.0,True,False,1
2864,layer3.conv2,element,1,"(72, 0, 29)",0,0.0,False,0.815,0.0,False,,56,-8.0,-12.0,0.5849626064300537,0.5,False,False,1
2865,fc,element,4,"(7, 2, 7)",2,0.01,True,0.825,-0.010000000000000009,False,,54,-6.0,-0.375,4.0,0.9375,False,False,1
2866,layer2.conv2,element,2,"(22, 0, 27)",0,0.0,False,0.815,0.0,False,,48,-2.0,-4.0,1.0,1.0,False,False,1
2867,layer3.conv1,element,4,"(47, 7, 26)",0,0.0,False,0.815,0.0,False,,55,-7.0,-0.4375,4.0,0.9375,False,False,1
2868,layer3.shortcut.0,element,3,"(23, 0, 17)",1,0.005,True,0.815,0.0,False,,58,-12.0,-3.0,2.0,0.75,False,False,1
2869,layer3.conv2,element,5,"(71, 9, 20)",1,0.005,True,0.815,0.0,False,,31,28.0,-28.0,0.0,2.0,True,False,1
2870,layer2.conv2,element,3,"(29, 1, 20)",0,0.0,False,0.815,0.0,False,,63,-28.0,-7.0,2.0,0.75,False,False,1
2871,layer2.conv2,element,2,"(36, 7, 28)",0,0.0,False,0.815,0.0,False,,34,-0.125,-0.375,1.5849624872207642,2.0,False,False,1
2872,layer3.conv2,element,2,"(12, 4, 9)",1,0.005,True,0.815,0.0,False,,30,24.0,12.0,0.9999997615814209,0.5,False,False,1
2873,layer3.conv1,element,4,"(84, 10, 29)",1,0.005,True,0.815,0.0,False,,56,-8.0,-0.5,4.0,0.9375,False,False,1
2874,layer3.conv2,scale,1,"(18, 14)",1,0.005,True,0.815,0.0,False,,121,121.0,123.0,2.0,inf,False,False,32
2875,layer3.conv2,element,3,"(48, 0, 1)",0,0.0,False,0.815,0.0,False,,27,14.0,3.5,2.0,0.75,False,False,1
2876,layer3.conv1,element,5,"(34, 7, 0)",0,0.0,False,0.815,0.0,False,,55,-7.0,7.0,0.0,2.0,True,False,1
2877,layer3.conv2,element,2,"(10, 17, 1)",0,0.0,False,0.815,0.0,False,,3,0.1875,0.4375,1.2223923206329346,1.3333333730697632,False,False,1
2878,layer3.conv1,element,5,"(57, 1, 15)",0,0.0,False,0.815,0.0,False,,17,2.5,-2.5,0.0,2.0,True,False,1
2879,layer3.conv1,element,2,"(24, 3, 29)",0,0.0,False,0.815,0.0,False,,14,1.5,0.75,1.0,0.5,False,False,1
2880,layer3.conv2,element,3,"(33, 0, 23)",1,0.005,True,0.815,0.0,False,,27,14.0,3.5,2.0,0.75,False,False,1
2881,layer2.conv2,element,4,"(9, 4, 19)",0,0.0,False,0.815,0.0,False,,14,1.5,24.0,4.0,15.0,False,False,1
2882,layer2.conv1,element,4,"(36, 5, 5)",2,0.01,True,0.82,-0.0050000000000000044,False,,62,-24.0,-1.5,4.0,0.9375,False,False,1
2883,layer3.conv1,element,0,"(16, 7, 21)",1,0.005,True,0.815,0.0,False,,56,-8.0,-10.0,0.3219280242919922,0.25,False,False,1
2884,layer3.conv2,element,3,"(73, 5, 11)",0,0.0,False,0.815,0.0,False,,15,1.75,0.4375,2.0,0.75,False,False,1
2885,layer2.conv2,element,2,"(26, 2, 20)",1,0.005,True,0.815,0.0,False,,28,16.0,8.0,1.0,0.5,False,False,1
2886,layer3.conv2,element,4,"(46, 14, 14)",0,0.0,False,0.815,0.0,False,,27,14.0,0.875,4.0,0.9375,False,False,1
2887,layer3.conv2,element,4,"(20, 2, 28)",1,0.005,True,0.815,0.0,False,,63,-28.0,-1.75,4.0,0.9375,False,False,1
2888,layer3.conv2,element,0,"(85, 15, 3)",0,0.0,False,0.815,0.0,False,,55,-7.0,-6.0,0.22239232063293457,0.1428571492433548,False,False,1
2889,layer3.conv2,element,4,"(54, 21, 29)",1,0.005,True,0.815,0.0,False,,61,-20.0,-1.25,4.0,0.9375,False,False,1
2890,layer2.conv1,element,1,"(36, 4, 14)",1,0.005,True,0.815,0.0,False,,28,16.0,24.0,0.5849623680114746,0.5,False,False,1
2891,layer3.conv2,element,3,"(59, 15, 25)",1,0.005,True,0.815,0.0,False,,58,-12.0,-3.0,2.0,0.75,False,False,1
2892,layer2.conv2,element,3,"(15, 8, 28)",1,0.005,True,0.815,0.0,False,,57,-10.0,-2.5,1.9999998807907104,0.75,False,False,1
2893,layer3.conv1,element,2,"(0, 3, 4)",1,0.005,True,0.815,0.0,False,,27,14.0,28.0,1.0,1.0,False,False,1
2894,layer2.conv1,element,1,"(38, 2, 14)",1,0.005,True,0.815,0.0,False,,17,2.5,3.5,0.48542678356170654,0.4000000059604645,False,False,1
2895,layer3.conv1,element,1,"(55, 3, 12)",0,0.0,False,0.815,0.0,False,,25,10.0,14.0,0.4854269027709961,0.4000000059604645,False,False,1
2896,layer1.conv1,element,4,"(12, 0, 22)",1,0.005,True,0.815,0.0,False,,25,10.0,0.625,4.0,0.9375,False,False,1
2897,layer3.conv1,element,2,"(49, 8, 22)",0,0.0,False,0.815,0.0,False,,50,-3.0,-6.0,1.0000001192092896,1.0,False,False,1
2898,layer3.conv1,element,3,"(31, 12, 18)",0,0.0,False,0.815,0.0,False,,61,-20.0,-5.0,2.0,0.75,False,False,1
2899,layer3.conv2,element,0,"(38, 2, 19)",0,0.0,False,0.815,0.0,False,,63,-28.0,-24.0,0.22239255905151367,0.1428571492433548,False,False,1
2900,layer3.conv1,element,2,"(0, 0, 9)",0,0.0,False,0.815,0.0,False,,48,-2.0,-4.0,1.0,1.0,False,False,1
2901,layer3.conv2,element,0,"(3, 5, 29)",0,0.0,False,0.815,0.0,False,,8,0.5,0.625,0.32192808389663696,0.25,False,False,1
2902,layer2.conv1,element,0,"(41, 6, 8)",1,0.005,True,0.815,0.0,False,,63,-28.0,-24.0,0.22239255905151367,0.1428571492433548,False,False,1
2903,layer3.conv2,element,5,"(86, 22, 21)",0,0.0,False,0.815,0.0,False,,22,6.0,-6.0,0.0,2.0,True,False,1
2904,layer3.conv1,element,2,"(52, 10, 7)",0,0.0,False,0.815,0.0,False,,6,0.375,0.125,1.5849624872207642,0.6666666865348816,False,False,1
2905,layer3.conv2,element,3,"(30, 11, 16)",0,0.0,False,0.815,0.0,False,,61,-20.0,-5.0,2.0,0.75,False,False,1
2906,layer2.conv1,element,3,"(40, 0, 1)",0,0.0,False,0.815,0.0,False,,29,20.0,5.0,2.0,0.75,False,False,1
2907,layer3.conv2,element,1,"(77, 8, 13)",0,0.0,False,0.815,0.0,False,,52,-4.0,-6.0,0.5849626064300537,0.5,False,False,1
2908,layer3.conv1,element,5,"(86, 8, 8)",0,0.0,False,0.815,0.0,False,,38,-0.375,0.375,0.0,2.0,True,False,1
2909,layer2.conv2,element,2,"(2, 11, 21)",0,0.0,False,0.815,0.0,False,,56,-8.0,-16.0,1.0,1.0,False,False,1
2910,layer2.conv1,element,5,"(46, 3, 18)",0,0.0,False,0.815,0.0,False,,10,0.75,-0.75,0.0,2.0,True,False,1
2911,layer3.conv2,element,4,"(80, 8, 6)",1,0.005,True,0.815,0.0,False,,4,0.25,4.0,4.0,15.0,False,False,1
2912,layer3.conv2,element,4,"(62, 12, 23)",1,0.005,True,0.815,0.0,False,,22,6.0,0.375,4.0,0.9375,False,False,1
2913,layer2.conv1,element,1,"(25, 0, 18)",0,0.0,False,0.815,0.0,False,,56,-8.0,-12.0,0.5849626064300537,0.5,False,False,1
2914,layer3.conv2,element,2,"(83, 17, 6)",0,0.0,False,0.815,0.0,False,,15,1.75,0.875,1.0,0.5,False,False,1
2915,layer1.conv2,element,3,"(3, 0, 9)",0,0.0,False,0.815,0.0,False,,50,-3.0,-12.0,2.0,3.0,False,False,1
2916,layer3.conv2,element,1,"(93, 21, 26)",0,0.0,False,0.815,0.0,False,,37,-0.3125,-0.4375,0.48542678356170654,0.4000000059604645,False,False,1
2917,layer3.conv1,element,0,"(1, 7, 1)",0,0.0,False,0.815,0.0,False,,21,5.0,4.0,0.3219280242919922,0.20000000298023224,False,False,1
2918,layer3.conv2,element,0,"(12, 3, 3)",0,0.0,False,0.815,0.0,False,,26,12.0,14.0,0.22239232063293457,0.1666666716337204,False,False,1
2919,layer3.conv2,element,1,"(21, 23, 14)",1,0.005,True,0.815,0.0,False,,30,24.0,16.0,0.5849623680114746,0.3333333432674408,False,False,1
2920,layer3.conv1,element,4,"(43, 11, 29)",1,0.005,True,0.815,0.0,False,,55,-7.0,-0.4375,4.0,0.9375,False,False,1
2921,layer2.conv2,scale,4,"(23, 13)",1,0.005,True,0.82,-0.0050000000000000044,False,,120,120.0,104.0,16.0,inf,False,False,32
2922,layer3.conv1,element,4,"(0, 6, 26)",0,0.0,False,0.815,0.0,False,,51,-3.5,-0.1875,4.2223920822143555,0.9464285969734192,False,False,1
2923,layer3.conv2,element,2,"(48, 3, 23)",0,0.0,False,0.815,0.0,False,,53,-5.0,-2.5,0.9999998807907104,0.5,False,False,1
2924,layer2.conv2,element,0,"(40, 6, 8)",0,0.0,False,0.815,0.0,False,,60,-16.0,-20.0,0.3219280242919922,0.25,False,False,1
2925,layer3.conv2,element,0,"(0, 3, 14)",0,0.0,False,0.815,0.0,False,,23,7.0,6.0,0.22239232063293457,0.1428571492433548,False,False,1
2926,layer3.conv2,element,0,"(15, 10, 28)",0,0.0,False,0.815,0.0,False,,50,-3.0,-3.5,0.22239243984222412,0.1666666716337204,False,False,1
2927,layer3.conv1,element,4,"(92, 12, 21)",1,0.005,True,0.815,0.0,False,,55,-7.0,-0.4375,4.0,0.9375,False,False,1
2928,layer3.conv2,element,5,"(8, 20, 31)",1,0.005,True,0.815,0.0,False,,51,-3.5,3.5,0.0,2.0,True,False,1
2929,layer3.conv2,element,5,"(81, 12, 6)",0,0.0,False,0.815,0.0,False,,19,3.5,-3.5,0.0,2.0,True,False,1
2930,layer3.conv2,element,3,"(19, 14, 23)",1,0.005,True,0.815,0.0,False,,56,-8.0,-2.0,2.0,0.75,False,False,1
2931,layer3.conv1,element,4,"(38, 7, 24)",1,0.005,True,0.815,0.0,False,,50,-3.0,-0.125,4.584962368011475,0.9583333134651184,False,False,1
2932,layer3.conv2,element,0,"(39, 3, 20)",0,0.0,False,0.815,0.0,False,,62,-24.0,-28.0,0.22239255905151367,0.1666666716337204,False,False,1
2933,layer3.conv2,element,2,"(26, 3, 20)",0,0.0,False,0.815,0.0,False,,27,14.0,28.0,1.0,1.0,False,False,1
2934,layer3.conv1,element,3,"(82, 4, 11)",0,0.0,False,0.815,0.0,False,,52,-4.0,-16.0,2.0,3.0,False,False,1
2935,layer2.conv2,element,1,"(42, 1, 8)",0,0.0,False,0.815,0.0,False,,52,-4.0,-6.0,0.5849626064300537,0.5,False,False,1
2936,layer3.conv2,element,2,"(87, 5, 26)",0,0.0,False,0.815,0.0,False,,17,2.5,5.0,0.9999998807907104,1.0,False,False,1
2937,layer3.conv2,element,4,"(90, 11, 8)",1,0.005,True,0.815,0.0,False,,55,-7.0,-0.4375,4.0,0.9375,False,False,1
2938,layer3.shortcut.0,element,5,"(54, 0, 4)",0,0.0,False,0.815,0.0,False,,18,3.0,-3.0,0.0,2.0,True,False,1
2939,layer2.conv2,element,1,"(28, 5, 17)",0,0.0,False,0.815,0.0,False,,25,10.0,14.0,0.4854269027709961,0.4000000059604645,False,False,1
2940,layer3.conv1,element,3,"(63, 7, 27)",0,0.0,False,0.815,0.0,False,,24,8.0,2.0,2.0,0.75,False,False,1
2941,layer3.conv1,element,3,"(65, 1, 20)",0,0.0,False,0.815,0.0,False,,29,20.0,5.0,2.0,0.75,False,False,1
2942,layer3.conv2,element,5,"(18, 12, 20)",0,0.0,False,0.815,0.0,False,,54,-6.0,6.0,0.0,2.0,True,False,1
2943,layer3.conv2,element,1,"(54, 3, 29)",0,0.0,False,0.815,0.0,False,,51,-3.5,-2.5,0.48542678356170654,0.2857142984867096,False,False,1
2944,layer1.conv1,element,5,"(1, 1, 10)",1,0.005,True,0.815,0.0,False,,21,5.0,-5.0,0.0,2.0,True,False,1
2945,layer3.conv2,element,4,"(5, 0, 29)",1,0.005,True,0.815,0.0,False,,28,16.0,1.0,4.0,0.9375,False,False,1
2946,layer1.conv2,element,3,"(1, 3, 4)",0,0.0,False,0.815,0.0,False,,28,16.0,4.0,2.0,0.75,False,False,1
2947,layer3.conv2,element,1,"(28, 1, 19)",0,0.0,False,0.815,0.0,False,,61,-20.0,-28.0,0.4854269027709961,0.4000000059604645,False,False,1
2948,layer3.conv1,element,1,"(60, 5, 9)",0,0.0,False,0.815,0.0,False,,47,-1.75,-1.25,0.4854268431663513,0.2857142984867096,False,False,1
2949,layer3.conv2,element,3,"(85, 0, 21)",0,0.0,False,0.815,0.0,False,,56,-8.0,-2.0,2.0,0.75,False,False,1
2950,layer3.conv1,element,1,"(95, 12, 17)",0,0.0,False,0.815,0.0,False,,63,-28.0,-20.0,0.4854269027709961,0.2857142984867096,False,False,1
2951,layer2.conv1,element,0,"(15, 1, 25)",1,0.005,True,0.815,0.0,False,,63,-28.0,-24.0,0.22239255905151367,0.1428571492433548,False,False,1
2952,layer2.conv2,element,1,"(7, 1, 15)",0,0.0,False,0.815,0.0,False,,43,-0.875,-0.625,0.4854268431663513,0.2857142984867096,False,False,1
2953,layer2.conv1,element,1,"(13, 0, 23)",1,0.005,True,0.815,0.0,False,,30,24.0,16.0,0.5849623680114746,0.3333333432674408,False,False,1
2954,layer2.conv1,element,1,"(4, 0, 11)",1,0.005,True,0.815,0.0,False,,61,-20.0,-28.0,0.4854269027709961,0.4000000059604645,False,False,1
2955,layer3.conv1,element,2,"(67, 10, 19)",0,0.0,False,0.815,0.0,False,,20,4.0,2.0,1.0,0.5,False,False,1
2956,layer3.conv2,scale,3,"(44, 18)",1,0.005,True,0.815,0.0,False,,121,121.0,113.0,8.0,inf,False,False,32
2957,layer3.conv2,scale,5,"(93, 15)",1,0.005,True,0.815,0.0,False,,121,121.0,89.0,32.0,inf,False,False,32
2958,layer3.conv2,element,2,"(57, 19, 1)",0,0.0,False,0.815,0.0,False,,60,-16.0,-8.0,1.0,0.5,False,False,1
2959,layer3.conv1,element,0,"(72, 3, 7)",0,0.0,False,0.815,0.0,False,,53,-5.0,-4.0,0.3219280242919922,0.20000000298023224,False,False,1
2960,layer3.conv2,element,5,"(32, 25, 6)",1,0.005,True,0.815,0.0,False,,28,16.0,-16.0,0.0,2.0,True,False,1
2961,layer3.conv2,element,2,"(0, 21, 23)",0,0.0,False,0.815,0.0,False,,54,-6.0,-3.0,1.0000001192092896,0.5,False,False,1
2962,layer3.conv2,element,1,"(20, 25, 8)",0,0.0,False,0.815,0.0,False,,25,10.0,14.0,0.4854269027709961,0.4000000059604645,False,False,1
2963,layer3.conv2,element,1,"(10, 4, 21)",0,0.0,False,0.815,0.0,False,,20,4.0,6.0,0.5849626064300537,0.5,False,False,1
2964,layer3.conv1,element,1,"(42, 3, 12)",0,0.0,False,0.815,0.0,False,,17,2.5,3.5,0.48542678356170654,0.4000000059604645,False,False,1
2965,layer3.conv1,element,3,"(20, 3, 30)",0,0.0,False,0.815,0.0,False,,55,-7.0,-28.0,2.0,3.0,False,False,1
2966,layer1.conv2,element,3,"(18, 6, 14)",1,0.005,True,0.815,0.0,False,,57,-10.0,-2.5,1.9999998807907104,0.75,False,False,1
2967,layer3.conv2,element,0,"(13, 16, 29)",0,0.0,False,0.815,0.0,False,,25,10.0,8.0,0.3219280242919922,0.20000000298023224,False,False,1
2968,layer3.conv1,scale,6,"(40, 9)",2,0.01,True,0.81,0.004999999999999893,False,,118,118.0,54.0,64.0,inf,False,False,32
2969,layer3.conv2,element,4,"(76, 26, 13)",0,0.0,False,0.815,0.0,False,,59,-14.0,-0.875,4.0,0.9375,False,False,1
2970,layer3.conv2,element,2,"(41, 14, 11)",0,0.0,False,0.815,0.0,False,,9,0.625,1.25,1.0,1.0,False,False,1
2971,layer3.conv2,scale,2,"(80, 14)",14,0.07,True,0.79,0.02499999999999991,False,,121,121.0,125.0,4.0,inf,False,False,32
2972,layer3.conv2,element,3,"(63, 19, 10)",0,0.0,False,0.815,0.0,False,,45,-1.25,-0.3125,2.0,0.75,False,False,1
2973,layer3.conv2,scale,4,"(54, 2)",0,0.0,False,0.815,0.0,False,,121,121.0,105.0,16.0,inf,False,False,32
2974,layer3.conv2,element,0,"(13, 0, 10)",0,0.0,False,0.815,0.0,False,,59,-14.0,-12.0,0.22239232063293457,0.1428571492433548,False,False,1
2975,layer3.conv2,element,0,"(20, 24, 4)",0,0.0,False,0.815,0.0,False,,57,-10.0,-8.0,0.3219280242919922,0.20000000298023224,False,False,1
2976,layer3.conv2,element,0,"(13, 26, 12)",0,0.0,False,0.815,0.0,False,,27,14.0,12.0,0.22239232063293457,0.1428571492433548,False,False,1
2977,layer3.conv1,element,2,"(78, 6, 10)",1,0.005,True,0.815,0.0,False,,24,8.0,16.0,1.0,1.0,False,False,1
2978,layer2.conv2,element,0,"(37, 9, 14)",0,0.0,False,0.815,0.0,False,,57,-10.0,-8.0,0.3219280242919922,0.20000000298023224,False,False,1
2979,conv1,element,3,"(12, 0, 16)",1,0.005,True,0.815,0.0,False,,14,1.5,0.375,2.0,0.75,False,False,1
2980,layer3.conv2,element,0,"(52, 26, 28)",0,0.0,False,0.815,0.0,False,,30,24.0,28.0,0.22239255905151367,0.1666666716337204,False,False,1
2981,layer3.conv2,element,1,"(61, 25, 5)",0,0.0,False,0.815,0.0,False,,58,-12.0,-8.0,0.5849626064300537,0.3333333432674408,False,False,1
2982,layer3.conv1,element,5,"(54, 10, 8)",1,0.005,True,0.815,0.0,False,,21,5.0,-5.0,0.0,2.0,True,False,1
2983,layer3.conv1,element,2,"(8, 8, 7)",0,0.0,False,0.815,0.0,False,,43,-0.875,-1.75,1.0,1.0,False,False,1
2984,layer3.conv1,element,3,"(25, 11, 26)",0,0.0,False,0.815,0.0,False,,60,-16.0,-4.0,2.0,0.75,False,False,1
2985,layer3.shortcut.0,element,5,"(68, 1, 3)",0,0.0,False,0.815,0.0,False,,61,-20.0,20.0,0.0,2.0,True,False,1
2986,layer3.conv2,element,1,"(55, 3, 13)",0,0.0,False,0.815,0.0,False,,50,-3.0,-2.0,0.5849624872207642,0.3333333432674408,False,False,1
2987,layer3.conv2,element,2,"(82, 19, 3)",0,0.0,False,0.815,0.0,False,,24,8.0,16.0,1.0,1.0,False,False,1
2988,layer3.conv2,element,0,"(41, 4, 26)",0,0.0,False,0.815,0.0,False,,1,0.0625,0.0,inf,1.0,False,False,1
2989,layer3.conv2,element,4,"(48, 3, 9)",0,0.0,False,0.815,0.0,False,,54,-6.0,-0.375,4.0,0.9375,False,False,1
2990,layer2.conv1,element,2,"(0, 4, 17)",0,0.0,False,0.815,0.0,False,,60,-16.0,-8.0,1.0,0.5,False,False,1
2991,layer1.conv1,element,4,"(5, 5, 0)",0,0.0,False,0.815,0.0,False,,47,-1.75,-28.0,4.0,15.0,False,False,1
2992,layer3.conv2,element,1,"(49, 16, 8)",1,0.005,True,0.815,0.0,False,,54,-6.0,-4.0,0.5849626064300537,0.3333333432674408,False,False,1
2993,fc,element,4,"(6, 0, 23)",1,0.005,True,0.81,0.004999999999999893,False,,26,12.0,0.75,4.0,0.9375,False,False,1
2994,layer2.conv2,element,0,"(27, 9, 16)",0,0.0,False,0.815,0.0,False,,58,-12.0,-14.0,0.22239232063293457,0.1666666716337204,False,False,1
2995,layer3.conv2,element,3,"(14, 22, 17)",0,0.0,False,0.815,0.0,False,,63,-28.0,-7.0,2.0,0.75,False,False,1
2996,layer3.conv2,element,2,"(46, 7, 18)",0,0.0,False,0.815,0.0,False,,4,0.25,0.0,inf,1.0,False,False,1
2997,layer3.conv2,element,4,"(80, 12, 27)",1,0.005,True,0.815,0.0,False,,15,1.75,28.0,4.0,15.0,False,False,1
2998,layer3.conv1,element,4,"(83, 5, 31)",0,0.0,False,0.815,0.0,False,,23,7.0,0.4375,4.0,0.9375,False,False,1
2999,layer1.conv2,element,3,"(6, 3, 27)",1,0.005,True,0.82,-0.0050000000000000044,False,,50,-3.0,-12.0,2.0,3.0,False,False,1
