i,tensor,site,bit,index,changed,change_rate,sdc,accuracy,acc_drop,nonfinite,weight,code,value_before,value_after,log_severity,rel_error,sign_flip,to_nonfinite,blast_radius
0,layer2.conv2,element,4,"(84, 0, 18)",1,0.005,True,0.905,0.0050000000000000044,False,,23,7.0,0.4375,4.0,0.9375,False,False,1
1,layer3.conv2,element,1,"(15, 35, 26)",0,0.0,False,0.91,0.0,False,,29,20.0,28.0,0.4854269027709961,0.4000000059604645,False,False,1
2,layer3.conv2,element,0,"(182, 52, 1)",0,0.0,False,0.91,0.0,False,,40,-0.5,-0.625,0.32192808389663696,0.25,False,False,1
3,layer3.conv2,element,2,"(61, 7, 18)",0,0.0,False,0.91,0.0,False,,53,-5.0,-2.5,0.9999998807907104,0.5,False,False,1
4,layer2.conv1,element,3,"(40, 7, 23)",0,0.0,False,0.91,0.0,False,,9,0.625,0.0625,3.321928024291992,0.8999999761581421,False,False,1
5,layer3.conv1,element,1,"(84, 18, 24)",0,0.0,False,0.91,0.0,False,,25,10.0,14.0,0.4854269027709961,0.4000000059604645,False,False,1
6,layer3.conv2,element,2,"(114, 32, 3)",0,0.0,False,0.91,0.0,False,,54,-6.0,-3.0,1.0000001192092896,0.5,False,False,1
7,layer3.conv2,element,2,"(73, 25, 28)",0,0.0,False,0.91,0.0,False,,26,12.0,24.0,0.9999997615814209,1.0,False,False,1
8,layer3.conv2,element,2,"(79, 32, 13)",0,0.0,False,0.91,0.0,False,,23,7.0,3.5,1.0,0.5,False,False,1
9,layer3.conv2,element,1,"(73, 19, 3)",0,0.0,False,0.91,0.0,False,,25,10.0,14.0,0.4854269027709961,0.4000000059604645,False,False,1
10,layer3.conv1,element,4,"(171, 24, 17)",0,0.0,False,0.91,0.0,False,,59,-14.0,-0.875,4.0,0.9375,False,False,1
11,layer2.conv2,element,2,"(48, 20, 28)",0,0.0,False,0.91,0.0,False,,58,-12.0,-24.0,0.9999997615814209,1.0,False,False,1
12,layer3.conv2,element,4,"(109, 9, 17)",0,0.0,False,0.91,0.0,False,,24,8.0,0.5,4.0,0.9375,False,False,1
13,layer1.conv1,element,0,"(27, 11, 17)",0,0.0,False,0.91,0.0,False,,52,-4.0,-5.0,0.3219280242919922,0.25,False,False,1
14,layer1.conv1,element,2,"(42, 12, 30)",0,0.0,False,0.91,0.0,False,,63,-28.0,-14.0,1.0,0.5,False,False,1
15,layer3.conv2,element,1,"(61, 53, 10)",0,0.0,False,0.91,0.0,False,,58,-12.0,-8.0,0.5849626064300537,0.3333333432674408,False,False,1
16,layer2.conv2,element,1,"(42, 24, 16)",0,0.0,False,0.91,0.0,False,,55,-7.0,-5.0,0.4854269027709961,0.2857142984867096,False,False,1
17,layer3.conv1,element,2,"(136, 5, 11)",0,0.0,False,0.91,0.0,False,,21,5.0,2.5,0.9999998807907104,0.5,False,False,1
18,layer3.conv1,element,4,"(67, 24, 31)",0,0.0,False,0.91,0.0,False,,44,-1.0,-16.0,4.0,15.0,False,False,1
19,layer3.conv2,element,3,"(135, 27, 10)",0,0.0,False,0.91,0.0,False,,52,-4.0,-16.0,2.0,3.0,False,False,1
20,layer3.conv1,element,0,"(83, 17, 4)",0,0.0,False,0.91,0.0,False,,53,-5.0,-4.0,0.3219280242919922,0.20000000298023224,False,False,1
21,layer3.conv2,element,0,"(33, 1, 10)",0,0.0,False,0.91,0.0,False,,61,-20.0,-16.0,0.3219280242919922,0.20000000298023224,False,False,1
22,layer3.conv1,element,1,"(24, 6, 2)",0,0.0,False,0.91,0.0,False,,26,12.0,8.0,0.5849626064300537,0.3333333432674408,False,False,1
23,layer3.conv2,element,2,"(180, 28, 13)",0,0.0,False,0.91,0.0,False,,54,-6.0,-3.0,1.0000001192092896,0.5,False,False,1
24,layer3.conv2,element,0,"(82, 31, 2)",0,0.0,False,0.91,0.0,False,,5,0.3125,0.25,0.32192814350128174,0.20000000298023224,False,False,1
25,layer3.shortcut.0,element,4,"(49, 1, 5)",1,0.005,True,0.905,0.0050000000000000044,False,,58,-12.0,-0.75,4.0,0.9375,False,False,1
26,layer3.conv2,element,4,"(95, 2, 5)",0,0.0,False,0.91,0.0,False,,50,-3.0,-0.125,4.584962368011475,0.9583333134651184,False,False,1
27,layer3.conv2,element,3,"(137, 3, 15)",1,0.005,True,0.905,0.0050000000000000044,False,,31,28.0,7.0,2.0,0.75,False,False,1
28,layer2.conv2,element,1,"(78, 7, 25)",0,0.0,False,0.91,0.0,False,,24,8.0,12.0,0.5849626064300537,0.5,False,False,1
29,layer3.conv1,element,1,"(16, 7, 28)",0,0.0,False,0.91,0.0,False,,23,7.0,5.0,0.4854269027709961,0.2857142984867096,False,False,1
30,layer3.conv1,element,0,"(147, 10, 10)",0,0.0,False,0.91,0.0,False,,56,-8.0,-10.0,0.3219280242919922,0.25,False,False,1
31,layer3.conv1,element,5,"(31, 5, 3)",0,0.0,False,0.91,0.0,False,,0,0.0,-0.0,inf,0.0,True,False,1
32,layer3.conv2,element,5,"(74, 16, 9)",0,0.0,False,0.91,0.0,False,,17,2.5,-2.5,0.0,2.0,True,False,1
33,layer3.shortcut.0,element,0,"(143, 2, 28)",0,0.0,False,0.91,0.0,False,,22,6.0,7.0,0.22239232063293457,0.1666666716337204,False,False,1
34,layer3.conv2,element,3,"(132, 38, 28)",0,0.0,False,0.91,0.0,False,,56,-8.0,-2.0,2.0,0.75,False,False,1
35,layer3.conv2,element,0,"(159, 2, 26)",0,0.0,False,0.91,0.0,False,,60,-16.0,-20.0,0.3219280242919922,0.25,False,False,1
36,layer3.conv2,element,1,"(83, 21, 20)",0,0.0,False,0.91,0.0,False,,51,-3.5,-2.5,0.48542678356170654,0.2857142984867096,False,False,1
37,layer3.conv2,element,2,"(30, 10, 23)",0,0.0,False,0.91,0.0,False,,53,-5.0,-2.5,0.9999998807907104,0.5,False,False,1
38,layer3.conv2,element,5,"(42, 40, 16)",0,0.0,False,0.91,0.0,False,,19,3.5,-3.5,0.0,2.0,True,False,1
39,layer3.conv2,element,1,"(185, 26, 14)",0,0.0,False,0.91,0.0,False,,47,-1.75,-1.25,0.4854268431663513,0.2857142984867096,False,False,1
40,layer3.conv1,element,4,"(27, 5, 5)",0,0.0,False,0.91,0.0,False,,53,-5.0,-0.3125,4.0,0.9375,False,False,1
41,layer3.conv2,element,0,"(86, 47, 17)",0,0.0,False,0.91,0.0,False,,59,-14.0,-12.0,0.22239232063293457,0.1428571492433548,False,False,1
42,layer2.conv2,element,5,"(74, 23, 13)",0,0.0,False,0.91,0.0,False,,57,-10.0,10.0,0.0,2.0,True,False,1
43,layer2.conv2,element,4,"(58, 6, 17)",0,0.0,False,0.91,0.0,False,,52,-4.0,-0.25,4.0,0.9375,False,False,1
44,layer3.conv2,element,1,"(113, 15, 30)",0,0.0,False,0.91,0.0,False,,54,-6.0,-4.0,0.5849626064300537,0.3333333432674408,False,False,1
45,layer1.conv2,element,3,"(40, 9, 22)",0,0.0,False,0.91,0.0,False,,20,4.0,16.0,2.0,3.0,False,False,1
46,layer3.conv2,element,4,"(0, 32, 31)",0,0.0,False,0.91,0.0,False,,28,16.0,1.0,4.0,0.9375,False,False,1
47,layer3.conv1,element,1,"(131, 5, 1)",0,0.0,False,0.91,0.0,False,,27,14.0,10.0,0.4854269027709961,0.2857142984867096,False,False,1
48,layer3.conv2,element,5,"(158, 20, 28)",0,0.0,False,0.91,0.0,False,,24,8.0,-8.0,0.0,2.0,True,False,1
49,layer2.conv2,element,1,"(18, 11, 6)",0,0.0,False,0.91,0.0,False,,40,-0.5,-0.75,0.5849624872207642,0.5,False,False,1
50,layer3.conv1,element,0,"(136, 13, 27)",0,0.0,False,0.91,0.0,False,,59,-14.0,-12.0,0.22239232063293457,0.1428571492433548,False,False,1
51,layer3.conv2,element,1,"(69, 8, 9)",0,0.0,False,0.91,0.0,False,,52,-4.0,-6.0,0.5849626064300537,0.5,False,False,1
52,layer3.conv2,element,5,"(91, 3, 14)",0,0.0,False,0.91,0.0,False,,18,3.0,-3.0,0.0,2.0,True,False,1
53,layer3.conv1,element,5,"(20, 14, 29)",0,0.0,False,0.91,0.0,False,,28,16.0,-16.0,0.0,2.0,True,False,1
54,layer3.conv2,element,4,"(113, 16, 6)",0,0.0,False,0.91,0.0,False,,55,-7.0,-0.4375,4.0,0.9375,False,False,1
55,layer2.conv1,element,4,"(55, 8, 11)",0,0.0,False,0.91,0.0,False,,57,-10.0,-0.625,4.0,0.9375,False,False,1
56,layer3.conv1,element,0,"(127, 15, 24)",0,0.0,False,0.91,0.0,False,,39,-0.4375,-0.375,0.22239243984222412,0.1428571492433548,False,False,1
57,layer3.conv1,element,0,"(104, 7, 26)",0,0.0,False,0.91,0.0,False,,26,12.0,14.0,0.22239232063293457,0.1666666716337204,False,False,1
58,layer3.conv2,element,0,"(103, 51, 0)",0,0.0,False,0.91,0.0,False,,60,-16.0,-20.0,0.3219280242919922,0.25,False,False,1
59,layer3.conv1,element,3,"(70, 1, 13)",0,0.0,False,0.91,0.0,False,,48,-2.0,-8.0,2.0,3.0,False,False,1
60,layer3.conv2,element,2,"(56, 6, 13)",0,0.0,False,0.91,0.0,False,,52,-4.0,-2.0,1.0,0.5,False,False,1
61,layer3.conv2,element,5,"(95, 45, 16)",0,0.0,False,0.91,0.0,False,,20,4.0,-4.0,0.0,2.0,True,False,1
62,layer3.conv1,element,5,"(100, 4, 0)",0,0.0,False,0.91,0.0,False,,52,-4.0,4.0,0.0,2.0,True,False,1
63,layer3.conv1,element,0,"(35, 8, 0)",0,0.0,False,0.91,0.0,False,,22,6.0,7.0,0.22239232063293457,0.1666666716337204,False,False,1
64,layer3.conv1,scale,1,"(61, 13)",0,0.0,False,0.91,0.0,False,,119,119.0,117.0,2.0,inf,False,False,32
65,layer3.conv2,element,4,"(61, 39, 14)",0,0.0,False,0.91,0.0,False,,26,12.0,0.75,4.0,0.9375,False,False,1
66,layer3.conv1,element,5,"(8, 20, 31)",0,0.0,False,0.91,0.0,False,,52,-4.0,4.0,0.0,2.0,True,False,1
67,layer3.conv2,element,4,"(190, 21, 7)",0,0.0,False,0.91,0.0,False,,59,-14.0,-0.875,4.0,0.9375,False,False,1
68,layer3.conv2,element,0,"(83, 5, 15)",0,0.0,False,0.91,0.0,False,,47,-1.75,-1.5,0.22239243984222412,0.1428571492433548,False,False,1
69,layer3.conv2,element,5,"(163, 4, 1)",0,0.0,False,0.91,0.0,False,,58,-12.0,12.0,0.0,2.0,True,False,1
70,layer3.conv2,element,4,"(62, 53, 4)",0,0.0,False,0.91,0.0,False,,26,12.0,0.75,4.0,0.9375,False,False,1
71,layer3.conv2,element,4,"(113, 13, 18)",0,0.0,False,0.91,0.0,False,,57,-10.0,-0.625,4.0,0.9375,False,False,1
72,layer3.conv1,element,1,"(84, 4, 5)",0,0.0,False,0.91,0.0,False,,44,-1.0,-1.5,0.5849624872207642,0.5,False,False,1
73,layer3.conv2,element,4,"(143, 6, 18)",0,0.0,False,0.91,0.0,False,,54,-6.0,-0.375,4.0,0.9375,False,False,1
74,layer3.conv1,element,4,"(168, 1, 3)",0,0.0,False,0.91,0.0,False,,55,-7.0,-0.4375,4.0,0.9375,False,False,1
75,layer3.conv2,element,0,"(15, 19, 2)",0,0.0,False,0.91,0.0,False,,23,7.0,6.0,0.22239232063293457,0.1428571492433548,False,False,1
76,layer3.conv1,element,5,"(166, 23, 28)",0,0.0,False,0.91,0.0,False,,56,-8.0,8.0,0.0,2.0,True,False,1
77,layer3.conv1,element,5,"(36, 19, 16)",0,0.0,False,0.91,0.0,False,,9,0.625,-0.625,0.0,2.0,True,False,1
78,layer2.conv2,element,4,"(2, 4, 19)",0,0.0,False,0.91,0.0,False,,16,2.0,0.0,inf,1.0,False,False,1
79,layer2.conv2,element,5,"(53, 3, 11)",0,0.0,False,0.91,0.0,False,,53,-5.0,5.0,0.0,2.0,True,False,1
80,layer3.conv1,scale,4,"(85, 2)",0,0.0,False,0.91,0.0,False,,118,118.0,102.0,16.0,inf,False,False,32
81,layer3.conv2,element,0,"(7, 21, 4)",0,0.0,False,0.91,0.0,False,,56,-8.0,-10.0,0.3219280242919922,0.25,False,False,1
82,layer2.conv1,element,1,"(34, 10, 17)",0,0.0,False,0.91,0.0,False,,25,10.0,14.0,0.4854269027709961,0.4000000059604645,False,False,1
83,layer3.conv1,element,4,"(162, 8, 27)",1,0.005,True,0.905,0.0050000000000000044,False,,54,-6.0,-0.375,4.0,0.9375,False,False,1
84,layer3.conv2,element,5,"(80, 18, 22)",0,0.0,False,0.91,0.0,False,,59,-14.0,14.0,0.0,2.0,True,False,1
85,layer3.conv2,element,1,"(55, 12, 26)",0,0.0,False,0.91,0.0,False,,46,-1.5,-1.0,0.5849624872207642,0.3333333432674408,False,False,1
86,layer1.conv1,element,5,"(21, 1, 27)",0,0.0,False,0.91,0.0,False,,19,3.5,-3.5,0.0,2.0,True,False,1
87,layer2.conv2,element,4,"(64, 11, 19)",0,0.0,False,0.91,0.0,False,,60,-16.0,-1.0,4.0,0.9375,False,False,1
88,layer3.shortcut.0,element,0,"(163, 0, 10)",0,0.0,False,0.91,0.0,False,,61,-20.0,-16.0,0.3219280242919922,0.20000000298023224,False,False,1
89,layer3.shortcut.0,element,1,"(80, 2, 0)",0,0.0,False,0.91,0.0,False,,61,-20.0,-28.0,0.4854269027709961,0.4000000059604645,False,False,1
90,layer2.conv2,element,1,"(40, 26, 18)",0,0.0,False,0.91,0.0,False,,56,-8.0,-12.0,0.5849626064300537,0.5,False,False,1
91,layer3.conv1,element,4,"(51, 20, 23)",0,0.0,False,0.91,0.0,False,,20,4.0,0.25,4.0,0.9375,False,False,1
92,layer3.conv2,element,3,"(147, 4, 26)",0,0.0,False,0.91,0.0,False,,52,-4.0,-16.0,2.0,3.0,False,False,1
93,layer3.conv1,element,4,"(189, 3, 7)",0,0.0,False,0.91,0.0,False,,57,-10.0,-0.625,4.0,0.9375,False,False,1
94,layer3.conv2,element,1,"(7, 27, 23)",0,0.0,False,0.91,0.0,False,,61,-20.0,-28.0,0.4854269027709961,0.4000000059604645,False,False,1
95,layer3.conv1,element,5,"(95, 12, 9)",0,0.0,False,0.91,0.0,False,,10,0.75,-0.75,0.0,2.0,True,False,1
96,layer3.conv1,element,1,"(53, 5, 22)",0,0.0,False,0.91,0.0,False,,29,20.0,28.0,0.4854269027709961,0.4000000059604645,False,False,1
97,layer1.conv1,element,4,"(29, 12, 10)",0,0.0,False,0.91,0.0,False,,35,-0.1875,-3.5,4.2223920822143555,17.66666603088379,False,False,1
98,layer2.conv1,element,2,"(56, 6, 17)",0,0.0,False,0.91,0.0,False,,55,-7.0,-3.5,1.0,0.5,False,False,1
99,layer1.conv1,element,4,"(11, 6, 19)",0,0.0,False,0.91,0.0,False,,28,16.0,1.0,4.0,0.9375,False,False,1
100,layer3.conv1,element,0,"(156, 8, 29)",0,0.0,False,0.91,0.0,False,,61,-20.0,-16.0,0.3219280242919922,0.20000000298023224,False,False,1
101,layer3.conv1,element,3,"(126, 10, 12)",0,0.0,False,0.91,0.0,False,,25,10.0,2.5,1.9999998807907104,0.75,False,False,1
102,layer3.conv2,element,5,"(177, 1, 12)",0,0.0,False,0.91,0.0,False,,52,-4.0,4.0,0.0,2.0,True,False,1
103,layer3.conv1,element,1,"(108, 8, 22)",0,0.0,False,0.91,0.0,False,,52,-4.0,-6.0,0.5849626064300537,0.5,False,False,1
104,layer3.conv2,element,0,"(8, 33, 1)",0,0.0,False,0.91,0.0,False,,22,6.0,7.0,0.22239232063293457,0.1666666716337204,False,False,1
105,layer3.conv1,element,5,"(48, 26, 29)",0,0.0,False,0.91,0.0,False,,59,-14.0,14.0,0.0,2.0,True,False,1
106,layer1.conv1,element,0,"(19, 12, 6)",0,0.0,False,0.91,0.0,False,,24,8.0,10.0,0.3219280242919922,0.25,False,False,1
107,layer3.conv2,element,4,"(24, 5, 24)",0,0.0,False,0.91,0.0,False,,46,-1.5,-24.0,4.0,15.0,False,False,1
108,layer3.conv2,element,0,"(143, 46, 14)",0,0.0,False,0.91,0.0,False,,17,2.5,2.0,0.32192814350128174,0.20000000298023224,False,False,1
109,layer3.conv2,element,5,"(43, 31, 9)",0,0.0,False,0.91,0.0,False,,22,6.0,-6.0,0.0,2.0,True,False,1
110,layer3.conv2,element,2,"(114, 50, 19)",0,0.0,False,0.91,0.0,False,,30,24.0,12.0,0.9999997615814209,0.5,False,False,1
111,layer2.conv2,element,1,"(26, 26, 0)",0,0.0,False,0.91,0.0,False,,52,-4.0,-6.0,0.5849626064300537,0.5,False,False,1
112,layer3.conv2,element,2,"(13, 6, 2)",0,0.0,False,0.91,0.0,False,,55,-7.0,-3.5,1.0,0.5,False,False,1
113,layer3.conv2,scale,1,"(154, 38)",0,0.0,False,0.91,0.0,False,,120,120.0,122.0,2.0,inf,False,False,32
114,layer3.conv2,element,5,"(7, 33, 2)",0,0.0,False,0.91,0.0,False,,26,12.0,-12.0,0.0,2.0,True,False,1
115,layer3.conv2,element,1,"(82, 47, 9)",0,0.0,False,0.91,0.0,False,,22,6.0,4.0,0.5849626064300537,0.3333333432674408,False,False,1
116,layer3.conv2,element,2,"(84, 4, 26)",0,0.0,False,0.91,0.0,False,,25,10.0,20.0,1.0,1.0,False,False,1
117,layer3.conv2,scale,2,"(160, 39)",0,0.0,False,0.91,0.0,False,,121,121.0,125.0,4.0,inf,False,False,32
118,layer2.conv2,element,5,"(74, 23, 19)",0,0.0,False,0.91,0.0,False,,35,-0.1875,0.1875,0.0,2.0,True,False,1
119,layer3.conv2,element,2,"(149, 51, 15)",0,0.0,False,0.91,0.0,False,,55,-7.0,-3.5,1.0,0.5,False,False,1
120,layer1.conv2,element,1,"(5, 5, 30)",0,0.0,False,0.91,0.0,False,,49,-2.5,-3.5,0.48542678356170654,0.4000000059604645,False,False,1
121,layer3.conv2,element,2,"(1, 0, 26)",0,0.0,False,0.91,0.0,False,,52,-4.0,-2.0,1.0,0.5,False,False,1
122,layer3.conv2,element,2,"(5, 35, 19)",0,0.0,False,0.91,0.0,False,,49,-2.5,-5.0,0.9999998807907104,1.0,False,False,1
123,layer3.conv1,element,3,"(84, 9, 17)",0,0.0,False,0.91,0.0,False,,22,6.0,24.0,1.999999761581421,3.0,False,False,1
124,layer3.conv1,element,3,"(70, 8, 12)",1,0.005,True,0.905,0.0050000000000000044,False,,53,-5.0,-20.0,2.0,3.0,False,False,1
125,layer3.conv2,element,3,"(126, 42, 23)",0,0.0,False,0.91,0.0,False,,49,-2.5,-10.0,1.9999998807907104,3.0,False,False,1
126,layer3.conv1,element,0,"(107, 18, 7)",0,0.0,False,0.91,0.0,False,,29,20.0,16.0,0.3219280242919922,0.20000000298023224,False,False,1
127,layer1.conv2,element,5,"(0, 5, 6)",1,0.005,True,0.905,0.0050000000000000044,False,,27,14.0,-14.0,0.0,2.0,True,False,1
128,layer3.conv2,element,5,"(59, 18, 7)",0,0.0,False,0.91,0.0,False,,54,-6.0,6.0,0.0,2.0,True,False,1
129,layer3.conv2,element,5,"(84, 32, 10)",0,0.0,False,0.91,0.0,False,,25,10.0,-10.0,0.0,2.0,True,False,1
130,layer3.conv1,element,5,"(3, 1, 5)",0,0.0,False,0.91,0.0,False,,10,0.75,-0.75,0.0,2.0,True,False,1
131,layer3.shortcut.0,element,1,"(96, 0, 5)",0,0.0,False,0.91,0.0,False,,24,8.0,12.0,0.5849626064300537,0.5,False,False,1
132,layer3.conv1,element,5,"(190, 13, 12)",1,0.005,True,0.905,0.0050000000000000044,False,,22,6.0,-6.0,0.0,2.0,True,False,1
133,layer2.conv2,element,4,"(2, 18, 4)",1,0.005,True,0.905,0.0050000000000000044,False,,59,-14.0,-0.875,4.0,0.9375,False,False,1
134,layer3.conv1,element,5,"(144, 13, 23)",0,0.0,False,0.91,0.0,False,,26,12.0,-12.0,0.0,2.0,True,False,1
135,layer3.conv2,element,3,"(53, 35, 30)",0,0.0,False,0.91,0.0,False,,25,10.0,2.5,1.9999998807907104,0.75,False,False,1
136,layer3.conv2,element,0,"(132, 38, 30)",0,0.0,False,0.91,0.0,False,,54,-6.0,-7.0,0.22239232063293457,0.1666666716337204,False,False,1
137,layer3.conv2,element,2,"(9, 50, 30)",0,0.0,False,0.91,0.0,False,,12,1.0,0.5,1.0,0.5,False,False,1
138,layer3.conv2,element,0,"(76, 39, 20)",0,0.0,False,0.91,0.0,False,,29,20.0,16.0,0.3219280242919922,0.20000000298023224,False,False,1
139,layer3.conv2,element,2,"(111, 7, 31)",0,0.0,False,0.91,0.0,False,,44,-1.0,-0.5,1.0,0.5,False,False,1
140,layer3.conv1,element,0,"(54, 16, 9)",0,0.0,False,0.91,0.0,False,,14,1.5,1.75,0.22239243984222412,0.1666666716337204,False,False,1
141,layer3.conv2,element,2,"(137, 9, 1)",0,0.0,False,0.91,0.0,False,,20,4.0,2.0,1.0,0.5,False,False,1
142,layer3.conv2,element,4,"(34, 40, 16)",0,0.0,False,0.91,0.0,False,,28,16.0,1.0,4.0,0.9375,False,False,1
143,layer2.conv2,element,4,"(63, 23, 10)",1,0.005,True,0.905,0.0050000000000000044,False,,63,-28.0,-1.75,4.0,0.9375,False,False,1
144,layer3.conv2,element,0,"(30, 15, 24)",0,0.0,False,0.91,0.0,False,,25,10.0,8.0,0.3219280242919922,0.20000000298023224,False,False,1
145,layer2.conv2,element,2,"(8, 9, 11)",1,0.005,True,0.905,0.0050000000000000044,False,,61,-20.0,-10.0,1.0,0.5,False,False,1
146,layer3.conv2,element,4,"(39, 22, 14)",0,0.0,False,0.91,0.0,False,,57,-10.0,-0.625,4.0,0.9375,False,False,1
147,layer3.conv2,element,2,"(38, 22, 13)",0,0.0,False,0.91,0.0,False,,57,-10.0,-20.0,1.0,1.0,False,False,1
148,layer3.conv2,element,5,"(12, 52, 5)",0,0.0,False,0.91,0.0,False,,26,12.0,-12.0,0.0,2.0,True,False,1
149,layer3.conv1,element,1,"(176, 24, 16)",0,0.0,False,0.91,0.0,False,,48,-2.0,-3.0,0.5849624872207642,0.5,False,False,1
150,layer3.conv2,scale,2,"(128, 45)",3,0.015,True,0.895,0.015000000000000013,False,,121,121.0,125.0,4.0,inf,False,False,32
151,layer3.conv2,element,3,"(119, 33, 0)",0,0.0,False,0.91,0.0,False,,29,20.0,5.0,2.0,0.75,False,False,1
152,layer3.conv2,element,5,"(183, 26, 17)",0,0.0,False,0.91,0.0,False,,16,2.0,-2.0,0.0,2.0,True,False,1
153,layer3.conv2,element,5,"(180, 37, 10)",0,0.0,False,0.91,0.0,False,,15,1.75,-1.75,0.0,2.0,True,False,1
154,layer2.conv2,element,1,"(52, 10, 18)",0,0.0,False,0.91,0.0,False,,55,-7.0,-5.0,0.4854269027709961,0.2857142984867096,False,False,1
155,layer3.conv2,element,0,"(127, 38, 26)",0,0.0,False,0.91,0.0,False,,63,-28.0,-24.0,0.22239255905151367,0.1428571492433548,False,False,1
156,layer3.conv1,element,1,"(132, 2, 4)",0,0.0,False,0.91,0.0,False,,57,-10.0,-14.0,0.4854269027709961,0.4000000059604645,False,False,1
157,layer3.conv2,element,5,"(99, 11, 1)",0,0.0,False,0.91,0.0,False,,46,-1.5,1.5,0.0,2.0,True,False,1
158,layer3.conv2,scale,6,"(143, 7)",0,0.0,False,0.91,0.0,False,,121,121.0,57.0,64.0,inf,False,False,32
159,layer3.conv1,scale,5,"(74, 17)",0,0.0,False,0.91,0.0,False,,119,119.0,87.0,32.0,inf,False,False,32
160,layer3.shortcut.0,element,1,"(97, 0, 22)",0,0.0,False,0.91,0.0,False,,57,-10.0,-14.0,0.4854269027709961,0.4000000059604645,False,False,1
161,layer2.conv2,element,2,"(74, 13, 15)",0,0.0,False,0.91,0.0,False,,58,-12.0,-24.0,0.9999997615814209,1.0,False,False,1
162,layer3.conv2,element,5,"(158, 5, 11)",0,0.0,False,0.91,0.0,False,,58,-12.0,12.0,0.0,2.0,True,False,1
163,layer3.conv2,element,1,"(89, 35, 2)",0,0.0,False,0.91,0.0,False,,52,-4.0,-6.0,0.5849626064300537,0.5,False,False,1
164,layer2.conv1,element,3,"(86, 1, 8)",0,0.0,False,0.91,0.0,False,,58,-12.0,-3.0,2.0,0.75,False,False,1
165,layer3.conv1,element,0,"(126, 0, 31)",0,0.0,False,0.91,0.0,False,,56,-8.0,-10.0,0.3219280242919922,0.25,False,False,1
166,layer3.conv2,element,1,"(119, 41, 8)",0,0.0,False,0.91,0.0,False,,47,-1.75,-1.25,0.4854268431663513,0.2857142984867096,False,False,1
167,layer1.conv2,element,5,"(45, 4, 18)",1,0.005,True,0.905,0.0050000000000000044,False,,21,5.0,-5.0,0.0,2.0,True,False,1
168,layer1.conv1,element,3,"(20, 5, 17)",1,0.005,True,0.905,0.0050000000000000044,False,,63,-28.0,-7.0,2.0,0.75,False,False,1
169,layer3.conv1,scale,7,"(175, 20)",199,0.995,True,0.005,0.905,True,,118,118.0,246.0,128.0,inf,False,False,32
170,layer1.conv2,element,3,"(47, 11, 6)",0,0.0,False,0.91,0.0,False,,29,20.0,5.0,2.0,0.75,False,False,1
171,layer3.conv2,element,0,"(132, 50, 30)",0,0.0,False,0.91,0.0,False,,57,-10.0,-8.0,0.3219280242919922,0.20000000298023224,False,False,1
172,layer1.conv2,element,4,"(4, 12, 7)",1,0.005,True,0.905,0.0050000000000000044,False,,55,-7.0,-0.4375,4.0,0.9375,False,False,1
173,layer3.conv1,element,2,"(80, 8, 3)",0,0.0,False,0.91,0.0,False,,21,5.0,2.5,0.9999998807907104,0.5,False,False,1
174,layer2.conv2,element,3,"(68, 23, 2)",0,0.0,False,0.91,0.0,False,,24,8.0,2.0,2.0,0.75,False,False,1
175,layer2.conv2,element,5,"(83, 21, 9)",0,0.0,False,0.91,0.0,False,,19,3.5,-3.5,0.0,2.0,True,False,1
176,layer3.conv1,element,1,"(130, 13, 23)",0,0.0,False,0.91,0.0,False,,20,4.0,6.0,0.5849626064300537,0.5,False,False,1
177,layer3.conv2,element,2,"(153, 35, 27)",0,0.0,False,0.91,0.0,False,,22,6.0,3.0,1.0000001192092896,0.5,False,False,1
178,layer3.conv1,element,4,"(164, 12, 14)",0,0.0,False,0.91,0.0,False,,26,12.0,0.75,4.0,0.9375,False,False,1
179,layer3.conv1,element,0,"(95, 18, 6)",0,0.0,False,0.91,0.0,False,,58,-12.0,-14.0,0.22239232063293457,0.1666666716337204,False,False,1
180,layer3.conv2,element,2,"(47, 39, 4)",0,0.0,False,0.91,0.0,False,,62,-24.0,-12.0,0.9999997615814209,0.5,False,False,1
181,layer3.conv2,element,3,"(80, 29, 18)",0,0.0,False,0.91,0.0,False,,21,5.0,20.0,2.0,3.0,False,False,1
182,layer3.conv2,element,3,"(108, 27, 1)",0,0.0,False,0.91,0.0,False,,61,-20.0,-5.0,2.0,0.75,False,False,1
183,layer3.conv2,element,2,"(68, 29, 26)",0,0.0,False,0.91,0.0,False,,21,5.0,2.5,0.9999998807907104,0.5,False,False,1
184,layer3.shortcut.0,element,5,"(70, 0, 0)",0,0.0,False,0.91,0.0,False,,29,20.0,-20.0,0.0,2.0,True,False,1
185,layer3.conv2,element,1,"(169, 22, 1)",0,0.0,False,0.91,0.0,False,,26,12.0,8.0,0.5849626064300537,0.3333333432674408,False,False,1
186,layer3.conv2,element,0,"(104, 2, 18)",0,0.0,False,0.91,0.0,False,,58,-12.0,-14.0,0.22239232063293457,0.1666666716337204,False,False,1
187,layer3.conv1,element,0,"(44, 5, 23)",0,0.0,False,0.91,0.0,False,,47,-1.75,-1.5,0.22239243984222412,0.1428571492433548,False,False,1
188,layer3.conv2,element,0,"(98, 23, 29)",0,0.0,False,0.91,0.0,False,,50,-3.0,-3.5,0.22239243984222412,0.1666666716337204,False,False,1
189,layer3.conv1,element,2,"(110, 22, 26)",0,0.0,False,0.91,0.0,False,,21,5.0,2.5,0.9999998807907104,0.5,False,False,1
190,layer3.conv1,element,0,"(131, 10, 25)",0,0.0,False,0.91,0.0,False,,29,20.0,16.0,0.3219280242919922,0.20000000298023224,False,False,1
191,layer3.conv1,element,0,"(7, 8, 13)",0,0.0,False,0.91,0.0,False,,18,3.0,3.5,0.22239243984222412,0.1666666716337204,False,False,1
192,layer3.conv2,element,2,"(110, 53, 23)",0,0.0,False,0.91,0.0,False,,29,20.0,10.0,1.0,0.5,False,False,1
193,layer3.conv1,element,1,"(53, 26, 31)",0,0.0,False,0.91,0.0,False,,26,12.0,8.0,0.5849626064300537,0.3333333432674408,False,False,1
194,layer3.conv2,element,5,"(52, 33, 3)",0,0.0,False,0.91,0.0,False,,60,-16.0,16.0,0.0,2.0,True,False,1
195,layer3.conv2,element,3,"(86, 17, 8)",0,0.0,False,0.91,0.0,False,,21,5.0,20.0,2.0,3.0,False,False,1
196,layer3.conv1,scale,4,"(110, 17)",0,0.0,False,0.91,0.0,False,,119,119.0,103.0,16.0,inf,False,False,32
197,layer3.conv1,element,2,"(117, 19, 14)",0,0.0,False,0.91,0.0,False,,21,5.0,2.5,0.9999998807907104,0.5,False,False,1
198,layer3.conv1,element,0,"(170, 13, 12)",0,0.0,False,0.91,0.0,False,,60,-16.0,-20.0,0.3219280242919922,0.25,False,False,1
199,layer3.conv1,element,2,"(132, 11, 17)",0,0.0,False,0.91,0.0,False,,49,-2.5,-5.0,0.9999998807907104,1.0,False,False,1
200,layer2.conv1,element,4,"(28, 6, 4)",0,0.0,False,0.91,0.0,False,,53,-5.0,-0.3125,4.0,0.9375,False,False,1
201,layer3.conv2,element,5,"(183, 10, 29)",0,0.0,False,0.91,0.0,False,,56,-8.0,8.0,0.0,2.0,True,False,1
202,layer2.conv2,element,2,"(21, 10, 15)",0,0.0,False,0.91,0.0,False,,24,8.0,16.0,1.0,1.0,False,False,1
203,layer3.conv1,element,3,"(86, 17, 31)",0,0.0,False,0.91,0.0,False,,63,-28.0,-7.0,2.0,0.75,False,False,1
204,layer3.conv1,element,2,"(108, 25, 8)",1,0.005,True,0.905,0.0050000000000000044,False,,56,-8.0,-16.0,1.0,1.0,False,False,1
205,layer3.conv1,element,1,"(43, 19, 15)",0,0.0,False,0.91,0.0,False,,7,0.4375,0.3125,0.48542678356170654,0.2857142984867096,False,False,1
206,layer3.conv1,element,2,"(35, 8, 8)",0,0.0,False,0.91,0.0,False,,63,-28.0,-14.0,1.0,0.5,False,False,1
207,layer3.conv2,element,5,"(1, 12, 29)",0,0.0,False,0.91,0.0,False,,59,-14.0,14.0,0.0,2.0,True,False,1
208,layer3.conv2,element,4,"(14, 50, 18)",0,0.0,False,0.91,0.0,False,,48,-2.0,-0.0,inf,1.0,False,False,1
209,layer2.conv2,element,5,"(34, 3, 2)",0,0.0,False,0.91,0.0,False,,58,-12.0,12.0,0.0,2.0,True,False,1
210,layer1.conv1,element,1,"(45, 11, 2)",0,0.0,False,0.91,0.0,False,,59,-14.0,-10.0,0.4854269027709961,0.2857142984867096,False,False,1
211,layer3.conv2,element,2,"(11, 53, 21)",0,0.0,False,0.91,0.0,False,,28,16.0,8.0,1.0,0.5,False,False,1
212,layer3.conv2,element,3,"(34, 15, 7)",0,0.0,False,0.91,0.0,False,,24,8.0,2.0,2.0,0.75,False,False,1
213,layer2.conv2,element,0,"(46, 13, 27)",0,0.0,False,0.91,0.0,False,,57,-10.0,-8.0,0.3219280242919922,0.20000000298023224,False,False,1
214,layer1.conv1,scale,6,"(13, 11)",0,0.0,False,0.91,0.0,False,,120,120.0,56.0,64.0,inf,False,False,32
215,layer3.conv2,element,4,"(33, 13, 3)",0,0.0,False,0.91,0.0,False,,44,-1.0,-16.0,4.0,15.0,False,False,1
216,layer2.conv1,element,3,"(26, 11, 31)",0,0.0,False,0.91,0.0,False,,60,-16.0,-4.0,2.0,0.75,False,False,1
217,layer3.conv1,element,3,"(40, 7, 15)",0,0.0,False,0.91,0.0,False,,58,-12.0,-3.0,2.0,0.75,False,False,1
218,layer2.conv1,element,5,"(31, 1, 1)",0,0.0,False,0.91,0.0,False,,13,1.25,-1.25,0.0,2.0,True,False,1
219,layer2.conv2,element,3,"(25, 24, 16)",0,0.0,False,0.91,0.0,False,,8,0.5,0.0,inf,1.0,False,False,1
220,layer3.conv2,element,0,"(69, 3, 8)",0,0.0,False,0.91,0.0,False,,27,14.0,12.0,0.22239232063293457,0.1428571492433548,False,False,1
221,layer1.conv2,element,4,"(8, 10, 12)",0,0.0,False,0.91,0.0,False,,19,3.5,0.1875,4.2223920822143555,0.9464285969734192,False,False,1
222,layer3.conv1,element,0,"(110, 13, 19)",0,0.0,False,0.91,0.0,False,,26,12.0,14.0,0.22239232063293457,0.1666666716337204,False,False,1
223,layer3.conv2,element,4,"(149, 13, 30)",0,0.0,False,0.91,0.0,False,,11,0.875,14.0,4.0,15.0,False,False,1
224,layer3.conv1,element,5,"(137, 15, 28)",0,0.0,False,0.91,0.0,False,,25,10.0,-10.0,0.0,2.0,True,False,1
225,layer2.conv2,element,5,"(30, 14, 28)",0,0.0,False,0.91,0.0,False,,63,-28.0,28.0,0.0,2.0,True,False,1
226,layer3.conv2,element,1,"(108, 14, 7)",0,0.0,False,0.91,0.0,False,,59,-14.0,-10.0,0.4854269027709961,0.2857142984867096,False,False,1
227,layer3.conv2,element,1,"(58, 30, 28)",0,0.0,False,0.91,0.0,False,,22,6.0,4.0,0.5849626064300537,0.3333333432674408,False,False,1
228,layer1.conv2,element,3,"(11, 1, 15)",0,0.0,False,0.91,0.0,False,,36,-0.25,-1.0,2.0,3.0,False,False,1
229,layer3.conv2,element,1,"(80, 8, 12)",0,0.0,False,0.91,0.0,False,,25,10.0,14.0,0.4854269027709961,0.4000000059604645,False,False,1
230,layer3.conv2,element,2,"(150, 20, 8)",0,0.0,False,0.91,0.0,False,,11,0.875,1.75,1.0,1.0,False,False,1
231,layer2.conv1,element,1,"(30, 12, 21)",0,0.0,False,0.91,0.0,False,,47,-1.75,-1.25,0.4854268431663513,0.2857142984867096,False,False,1
232,layer3.conv1,element,3,"(161, 9, 0)",0,0.0,False,0.91,0.0,False,,52,-4.0,-16.0,2.0,3.0,False,False,1
233,layer3.conv2,element,4,"(162, 15, 8)",0,0.0,False,0.91,0.0,False,,58,-12.0,-0.75,4.0,0.9375,False,False,1
234,layer3.conv2,element,0,"(58, 8, 5)",0,0.0,False,0.91,0.0,False,,7,0.4375,0.375,0.22239243984222412,0.1428571492433548,False,False,1
235,layer3.conv1,element,2,"(13, 10, 11)",0,0.0,False,0.91,0.0,False,,54,-6.0,-3.0,1.0000001192092896,0.5,False,False,1
236,layer3.conv2,element,1,"(189, 4, 23)",0,0.0,False,0.91,0.0,False,,21,5.0,7.0,0.4854269027709961,0.4000000059604645,False,False,1
237,layer3.conv2,element,5,"(21, 44, 28)",0,0.0,False,0.91,0.0,False,,56,-8.0,8.0,0.0,2.0,True,False,1
238,layer3.conv1,element,0,"(2, 13, 13)",0,0.0,False,0.91,0.0,False,,25,10.0,8.0,0.3219280242919922,0.20000000298023224,False,False,1
239,layer2.conv1,element,0,"(8, 4, 16)",0,0.0,False,0.91,0.0,False,,59,-14.0,-12.0,0.22239232063293457,0.1428571492433548,False,False,1
240,layer3.conv2,element,2,"(109, 43, 5)",0,0.0,False,0.91,0.0,False,,23,7.0,3.5,1.0,0.5,False,False,1
241,layer2.conv2,element,0,"(1, 8, 19)",0,0.0,False,0.91,0.0,False,,14,1.5,1.75,0.22239243984222412,0.1666666716337204,False,False,1
242,layer3.conv1,element,2,"(96, 11, 15)",0,0.0,False,0.91,0.0,False,,63,-28.0,-14.0,1.0,0.5,False,False,1
243,layer2.shortcut.0,element,1,"(19, 1, 9)",0,0.0,False,0.91,0.0,False,,23,7.0,5.0,0.4854269027709961,0.2857142984867096,False,False,1
244,layer3.conv2,element,5,"(15, 4, 0)",0,0.0,False,0.91,0.0,False,,22,6.0,-6.0,0.0,2.0,True,False,1
245,layer3.conv2,element,1,"(72, 41, 19)",0,0.0,False,0.91,0.0,False,,19,3.5,2.5,0.48542678356170654,0.2857142984867096,False,False,1
246,layer3.conv2,element,5,"(155, 5, 19)",0,0.0,False,0.91,0.0,False,,44,-1.0,1.0,0.0,2.0,True,False,1
247,layer2.conv2,element,2,"(46, 17, 30)",0,0.0,False,0.91,0.0,False,,62,-24.0,-12.0,0.9999997615814209,0.5,False,False,1
248,layer2.conv2,element,3,"(72, 22, 26)",0,0.0,False,0.91,0.0,False,,27,14.0,3.5,2.0,0.75,False,False,1
249,layer3.conv2,element,2,"(66, 16, 4)",0,0.0,False,0.91,0.0,False,,23,7.0,3.5,1.0,0.5,False,False,1
250,layer3.conv1,element,2,"(106, 13, 26)",0,0.0,False,0.91,0.0,False,,26,12.0,24.0,0.9999997615814209,1.0,False,False,1
251,layer3.conv1,element,5,"(61, 5, 11)",0,0.0,False,0.91,0.0,False,,56,-8.0,8.0,0.0,2.0,True,False,1
252,layer3.conv1,element,0,"(119, 5, 25)",0,0.0,False,0.91,0.0,False,,52,-4.0,-5.0,0.3219280242919922,0.25,False,False,1
253,layer3.conv2,element,3,"(170, 43, 7)",0,0.0,False,0.91,0.0,False,,29,20.0,5.0,2.0,0.75,False,False,1
254,layer2.conv1,element,4,"(61, 2, 23)",1,0.005,True,0.905,0.0050000000000000044,False,,45,-1.25,-20.0,4.0,15.0,False,False,1
255,layer3.conv1,element,1,"(53, 22, 28)",0,0.0,False,0.91,0.0,False,,15,1.75,1.25,0.4854268431663513,0.2857142984867096,False,False,1
256,layer3.conv2,element,4,"(121, 26, 15)",0,0.0,False,0.91,0.0,False,,52,-4.0,-0.25,4.0,0.9375,False,False,1
257,layer3.conv1,element,1,"(169, 4, 14)",0,0.0,False,0.91,0.0,False,,51,-3.5,-2.5,0.48542678356170654,0.2857142984867096,False,False,1
258,layer3.conv1,element,0,"(167, 11, 16)",0,0.0,False,0.91,0.0,False,,10,0.75,0.875,0.22239243984222412,0.1666666716337204,False,False,1
259,layer3.conv1,element,4,"(115, 2, 18)",0,0.0,False,0.91,0.0,False,,25,10.0,0.625,4.0,0.9375,False,False,1
260,layer3.conv2,element,2,"(58, 4, 10)",0,0.0,False,0.91,0.0,False,,2,0.125,0.375,1.5849624872207642,2.0,False,False,1
261,layer3.conv1,element,2,"(28, 9, 22)",0,0.0,False,0.91,0.0,False,,56,-8.0,-16.0,1.0,1.0,False,False,1
262,layer3.conv2,element,0,"(5, 36, 27)",0,0.0,False,0.91,0.0,False,,21,5.0,4.0,0.3219280242919922,0.20000000298023224,False,False,1
263,layer2.conv1,element,3,"(19, 10, 22)",0,0.0,False,0.91,0.0,False,,18,3.0,12.0,2.0,3.0,False,False,1
264,layer3.conv2,element,1,"(146, 28, 24)",0,0.0,False,0.91,0.0,False,,27,14.0,10.0,0.4854269027709961,0.2857142984867096,False,False,1
265,layer3.shortcut.0,element,3,"(39, 2, 28)",0,0.0,False,0.91,0.0,False,,12,1.0,0.25,2.0,0.75,False,False,1
266,layer3.conv1,element,0,"(72, 21, 16)",0,0.0,False,0.91,0.0,False,,58,-12.0,-14.0,0.22239232063293457,0.1666666716337204,False,False,1
267,layer2.conv2,element,5,"(60, 9, 3)",0,0.0,False,0.91,0.0,False,,46,-1.5,1.5,0.0,2.0,True,False,1
268,layer3.conv2,element,0,"(27, 3, 30)",0,0.0,False,0.91,0.0,False,,16,2.0,2.5,0.32192814350128174,0.25,False,False,1
269,layer3.conv1,element,2,"(178, 12, 3)",0,0.0,False,0.91,0.0,False,,24,8.0,16.0,1.0,1.0,False,False,1
270,layer3.conv1,element,4,"(92, 11, 11)",0,0.0,False,0.91,0.0,False,,24,8.0,0.5,4.0,0.9375,False,False,1
271,layer3.conv2,element,4,"(88, 1, 18)",0,0.0,False,0.91,0.0,False,,54,-6.0,-0.375,4.0,0.9375,False,False,1
272,layer3.conv2,element,2,"(22, 5, 15)",0,0.0,False,0.91,0.0,False,,46,-1.5,-0.75,1.0,0.5,False,False,1
273,layer3.conv2,element,3,"(143, 0, 19)",0,0.0,False,0.91,0.0,False,,22,6.0,24.0,1.999999761581421,3.0,False,False,1
274,layer3.conv1,element,4,"(124, 11, 13)",0,0.0,False,0.91,0.0,False,,58,-12.0,-0.75,4.0,0.9375,False,False,1
275,layer3.conv2,element,4,"(128, 49, 11)",0,0.0,False,0.91,0.0,False,,61,-20.0,-1.25,4.0,0.9375,False,False,1
276,layer2.conv1,element,4,"(36, 8, 26)",0,0.0,False,0.91,0.0,False,,57,-10.0,-0.625,4.0,0.9375,False,False,1
277,layer3.conv2,element,0,"(18, 39, 5)",0,0.0,False,0.91,0.0,False,,49,-2.5,-2.0,0.32192814350128174,0.20000000298023224,False,False,1
278,layer1.conv1,element,0,"(24, 6, 16)",0,0.0,False,0.91,0.0,False,,19,3.5,3.0,0.22239243984222412,0.1428571492433548,False,False,1
279,layer3.conv2,element,1,"(174, 44, 7)",0,0.0,False,0.91,0.0,False,,58,-12.0,-8.0,0.5849626064300537,0.3333333432674408,False,False,1
280,layer1.conv1,element,3,"(4, 4, 25)",2,0.01,True,0.9,0.010000000000000009,False,,54,-6.0,-24.0,1.999999761581421,3.0,False,False,1
281,layer3.conv2,element,3,"(109, 53, 20)",0,0.0,False,0.91,0.0,False,,24,8.0,2.0,2.0,0.75,False,False,1
282,layer3.conv1,element,3,"(160, 2, 22)",1,0.005,True,0.905,0.0050000000000000044,False,,53,-5.0,-20.0,2.0,3.0,False,False,1
283,layer1.conv2,element,1,"(39, 5, 13)",0,0.0,False,0.91,0.0,False,,25,10.0,14.0,0.4854269027709961,0.4000000059604645,False,False,1
284,layer2.conv2,element,3,"(89, 3, 8)",0,0.0,False,0.91,0.0,False,,63,-28.0,-7.0,2.0,0.75,False,False,1
285,layer3.conv1,element,1,"(109, 13, 11)",0,0.0,False,0.91,0.0,False,,25,10.0,14.0,0.4854269027709961,0.4000000059604645,False,False,1
286,layer3.conv2,element,4,"(147, 18, 27)",0,0.0,False,0.91,0.0,False,,21,5.0,0.3125,4.0,0.9375,False,False,1
287,layer2.conv2,element,4,"(34, 3, 13)",1,0.005,True,0.905,0.0050000000000000044,False,,24,8.0,0.5,4.0,0.9375,False,False,1
288,layer3.conv1,element,5,"(4, 17, 12)",0,0.0,False,0.91,0.0,False,,51,-3.5,3.5,0.0,2.0,True,False,1
289,layer2.conv2,element,2,"(17, 20, 29)",0,0.0,False,0.91,0.0,False,,22,6.0,3.0,1.0000001192092896,0.5,False,False,1
290,layer3.conv2,element,2,"(21, 11, 30)",0,0.0,False,0.91,0.0,False,,22,6.0,3.0,1.0000001192092896,0.5,False,False,1
291,layer3.conv2,element,2,"(5, 46, 29)",0,0.0,False,0.91,0.0,False,,51,-3.5,-7.0,1.0,1.0,False,False,1
292,layer3.conv1,element,0,"(86, 9, 23)",0,0.0,False,0.91,0.0,False,,0,0.0,0.0625,inf,1.0,False,False,1
293,layer2.conv1,element,4,"(57, 11, 25)",1,0.005,True,0.905,0.0050000000000000044,False,,27,14.0,0.875,4.0,0.9375,False,False,1
294,layer3.conv2,element,2,"(177, 27, 30)",0,0.0,False,0.91,0.0,False,,58,-12.0,-24.0,0.9999997615814209,1.0,False,False,1
295,layer3.conv2,element,4,"(113, 12, 27)",0,0.0,False,0.91,0.0,False,,28,16.0,1.0,4.0,0.9375,False,False,1
296,layer3.shortcut.0,element,4,"(74, 0, 28)",0,0.0,False,0.91,0.0,False,,53,-5.0,-0.3125,4.0,0.9375,False,False,1
297,layer3.shortcut.0,element,4,"(121, 1, 19)",0,0.0,False,0.91,0.0,False,,60,-16.0,-1.0,4.0,0.9375,False,False,1
298,layer3.conv1,element,0,"(106, 22, 10)",0,0.0,False,0.91,0.0,False,,28,16.0,20.0,0.3219280242919922,0.25,False,False,1
299,layer2.conv2,element,1,"(42, 5, 22)",0,0.0,False,0.91,0.0,False,,61,-20.0,-28.0,0.4854269027709961,0.4000000059604645,False,False,1
300,layer3.conv2,element,0,"(94, 11, 17)",0,0.0,False,0.91,0.0,False,,55,-7.0,-6.0,0.22239232063293457,0.1428571492433548,False,False,1
301,layer2.conv2,element,3,"(15, 24, 18)",1,0.005,True,0.905,0.0050000000000000044,False,,49,-2.5,-10.0,1.9999998807907104,3.0,False,False,1
302,layer3.conv2,element,0,"(40, 47, 10)",0,0.0,False,0.91,0.0,False,,58,-12.0,-14.0,0.22239232063293457,0.1666666716337204,False,False,1
303,layer3.conv1,element,5,"(76, 14, 11)",0,0.0,False,0.91,0.0,False,,22,6.0,-6.0,0.0,2.0,True,False,1
304,layer3.conv2,element,1,"(149, 50, 3)",0,0.0,False,0.91,0.0,False,,24,8.0,12.0,0.5849626064300537,0.5,False,False,1
305,layer3.conv2,element,1,"(72, 43, 27)",0,0.0,False,0.91,0.0,False,,22,6.0,4.0,0.5849626064300537,0.3333333432674408,False,False,1
306,layer3.conv2,element,5,"(166, 29, 25)",0,0.0,False,0.91,0.0,False,,52,-4.0,4.0,0.0,2.0,True,False,1
307,layer3.conv1,element,3,"(160, 5, 0)",0,0.0,False,0.91,0.0,False,,20,4.0,16.0,2.0,3.0,False,False,1
308,layer3.conv1,element,1,"(117, 6, 12)",0,0.0,False,0.91,0.0,False,,48,-2.0,-3.0,0.5849624872207642,0.5,False,False,1
309,layer3.conv2,element,4,"(53, 20, 19)",0,0.0,False,0.91,0.0,False,,19,3.5,0.1875,4.2223920822143555,0.9464285969734192,False,False,1
310,layer3.conv2,element,1,"(165, 4, 23)",0,0.0,False,0.91,0.0,False,,59,-14.0,-10.0,0.4854269027709961,0.2857142984867096,False,False,1
311,layer3.conv2,element,2,"(174, 21, 12)",0,0.0,False,0.91,0.0,False,,48,-2.0,-4.0,1.0,1.0,False,False,1
312,layer3.conv2,element,1,"(63, 21, 22)",0,0.0,False,0.91,0.0,False,,61,-20.0,-28.0,0.4854269027709961,0.4000000059604645,False,False,1
313,layer3.conv2,element,2,"(107, 49, 25)",0,0.0,False,0.91,0.0,False,,26,12.0,24.0,0.9999997615814209,1.0,False,False,1
314,layer3.conv1,element,4,"(184, 20, 24)",0,0.0,False,0.91,0.0,False,,57,-10.0,-0.625,4.0,0.9375,False,False,1
315,layer2.conv1,element,5,"(12, 3, 1)",0,0.0,False,0.91,0.0,False,,28,16.0,-16.0,0.0,2.0,True,False,1
316,layer2.conv1,element,5,"(69, 9, 21)",1,0.005,True,0.905,0.0050000000000000044,False,,52,-4.0,4.0,0.0,2.0,True,False,1
317,layer3.conv2,element,0,"(140, 22, 23)",0,0.0,False,0.91,0.0,False,,29,20.0,16.0,0.3219280242919922,0.20000000298023224,False,False,1
318,layer3.conv2,element,1,"(47, 5, 9)",0,0.0,False,0.91,0.0,False,,34,-0.125,-0.0,inf,1.0,False,False,1
319,layer3.conv1,element,2,"(9, 13, 18)",0,0.0,False,0.91,0.0,False,,20,4.0,2.0,1.0,0.5,False,False,1
320,layer3.conv1,element,4,"(128, 12, 28)",0,0.0,False,0.91,0.0,False,,59,-14.0,-0.875,4.0,0.9375,False,False,1
321,layer3.conv1,element,5,"(43, 2, 7)",0,0.0,False,0.91,0.0,False,,58,-12.0,12.0,0.0,2.0,True,False,1
322,layer2.conv1,element,1,"(24, 5, 18)",0,0.0,False,0.91,0.0,False,,54,-6.0,-4.0,0.5849626064300537,0.3333333432674408,False,False,1
323,layer3.conv1,element,1,"(14, 1, 22)",0,0.0,False,0.91,0.0,False,,22,6.0,4.0,0.5849626064300537,0.3333333432674408,False,False,1
324,layer3.conv2,element,4,"(33, 47, 1)",0,0.0,False,0.91,0.0,False,,25,10.0,0.625,4.0,0.9375,False,False,1
325,layer3.conv2,element,1,"(184, 34, 30)",0,0.0,False,0.91,0.0,False,,29,20.0,28.0,0.4854269027709961,0.4000000059604645,False,False,1
326,layer3.conv2,element,5,"(129, 25, 23)",0,0.0,False,0.91,0.0,False,,50,-3.0,3.0,0.0,2.0,True,False,1
327,layer2.conv2,element,4,"(92, 23, 24)",0,0.0,False,0.91,0.0,False,,58,-12.0,-0.75,4.0,0.9375,False,False,1
328,layer2.conv2,element,2,"(94, 24, 24)",0,0.0,False,0.91,0.0,False,,30,24.0,12.0,0.9999997615814209,0.5,False,False,1
329,layer3.conv1,element,4,"(26, 2, 24)",0,0.0,False,0.91,0.0,False,,60,-16.0,-1.0,4.0,0.9375,False,False,1
330,layer3.conv2,element,4,"(150, 35, 1)",0,0.0,False,0.91,0.0,False,,48,-2.0,-0.0,inf,1.0,False,False,1
331,layer1.conv2,element,1,"(32, 0, 25)",0,0.0,False,0.91,0.0,False,,27,14.0,10.0,0.4854269027709961,0.2857142984867096,False,False,1
332,layer3.conv1,element,4,"(189, 7, 27)",0,0.0,False,0.91,0.0,False,,26,12.0,0.75,4.0,0.9375,False,False,1
333,layer3.conv1,element,4,"(92, 17, 15)",0,0.0,False,0.91,0.0,False,,53,-5.0,-0.3125,4.0,0.9375,False,False,1
334,layer3.conv1,element,0,"(165, 16, 19)",0,0.0,False,0.91,0.0,False,,54,-6.0,-7.0,0.22239232063293457,0.1666666716337204,False,False,1
335,layer3.conv2,element,2,"(92, 7, 21)",0,0.0,False,0.91,0.0,False,,5,0.3125,0.0625,2.321928024291992,0.800000011920929,False,False,1
336,layer3.conv1,element,4,"(135, 4, 22)",0,0.0,False,0.91,0.0,False,,22,6.0,0.375,4.0,0.9375,False,False,1
337,layer3.conv1,element,4,"(0, 12, 17)",0,0.0,False,0.91,0.0,False,,23,7.0,0.4375,4.0,0.9375,False,False,1
338,layer3.conv1,element,4,"(171, 18, 27)",0,0.0,False,0.91,0.0,False,,59,-14.0,-0.875,4.0,0.9375,False,False,1
339,layer3.conv2,element,4,"(30, 51, 5)",0,0.0,False,0.91,0.0,False,,47,-1.75,-28.0,4.0,15.0,False,False,1
340,layer3.conv1,element,4,"(88, 6, 28)",0,0.0,False,0.91,0.0,False,,56,-8.0,-0.5,4.0,0.9375,False,False,1
341,layer3.conv2,element,4,"(32, 9, 23)",0,0.0,False,0.91,0.0,False,,52,-4.0,-0.25,4.0,0.9375,False,False,1
342,layer3.shortcut.0,element,1,"(123, 0, 17)",0,0.0,False,0.91,0.0,False,,16,2.0,3.0,0.5849624872207642,0.5,False,False,1
343,layer3.conv1,element,0,"(0, 12, 3)",0,0.0,False,0.91,0.0,False,,7,0.4375,0.375,0.22239243984222412,0.1428571492433548,False,False,1
344,layer3.conv2,element,5,"(81, 53, 22)",0,0.0,False,0.91,0.0,False,,53,-5.0,5.0,0.0,2.0,True,False,1
345,layer3.conv2,element,3,"(56, 47, 2)",0,0.0,False,0.91,0.0,False,,49,-2.5,-10.0,1.9999998807907104,3.0,False,False,1
346,layer2.conv2,element,1,"(76, 24, 10)",0,0.0,False,0.91,0.0,False,,19,3.5,2.5,0.48542678356170654,0.2857142984867096,False,False,1
347,layer3.conv2,element,4,"(107, 1, 29)",0,0.0,False,0.91,0.0,False,,16,2.0,0.0,inf,1.0,False,False,1
348,layer2.conv2,element,1,"(70, 19, 31)",0,0.0,False,0.91,0.0,False,,61,-20.0,-28.0,0.4854269027709961,0.4000000059604645,False,False,1
349,layer3.conv2,element,2,"(149, 52, 2)",0,0.0,False,0.91,0.0,False,,24,8.0,16.0,1.0,1.0,False,False,1
350,layer3.conv1,element,4,"(62, 13, 24)",0,0.0,False,0.91,0.0,False,,20,4.0,0.25,4.0,0.9375,False,False,1
351,layer3.conv1,element,5,"(82, 20, 31)",0,0.0,False,0.91,0.0,False,,51,-3.5,3.5,0.0,2.0,True,False,1
352,layer3.conv2,element,3,"(3, 28, 13)",0,0.0,False,0.91,0.0,False,,49,-2.5,-10.0,1.9999998807907104,3.0,False,False,1
353,layer3.conv1,element,5,"(46, 22, 13)",0,0.0,False,0.91,0.0,False,,13,1.25,-1.25,0.0,2.0,True,False,1
354,layer3.conv2,element,2,"(108, 50, 0)",0,0.0,False,0.91,0.0,False,,60,-16.0,-8.0,1.0,0.5,False,False,1
355,layer3.conv2,element,3,"(110, 31, 24)",0,0.0,False,0.91,0.0,False,,29,20.0,5.0,2.0,0.75,False,False,1
356,layer3.conv2,scale,1,"(108, 10)",1,0.005,True,0.905,0.0050000000000000044,False,,121,121.0,123.0,2.0,inf,False,False,32
357,layer3.conv2,element,5,"(44, 50, 20)",0,0.0,False,0.91,0.0,False,,25,10.0,-10.0,0.0,2.0,True,False,1
358,layer3.conv2,element,0,"(34, 31, 10)",0,0.0,False,0.91,0.0,False,,59,-14.0,-12.0,0.22239232063293457,0.1428571492433548,False,False,1
359,layer3.conv1,element,3,"(50, 26, 10)",0,0.0,False,0.91,0.0,False,,56,-8.0,-2.0,2.0,0.75,False,False,1
360,layer3.shortcut.0,element,1,"(27, 0, 15)",0,0.0,False,0.91,0.0,False,,21,5.0,7.0,0.4854269027709961,0.4000000059604645,False,False,1
361,layer1.conv1,element,1,"(38, 3, 0)",0,0.0,False,0.91,0.0,False,,30,24.0,16.0,0.5849623680114746,0.3333333432674408,False,False,1
362,layer2.conv2,element,2,"(83, 3, 14)",0,0.0,False,0.91,0.0,False,,62,-24.0,-12.0,0.9999997615814209,0.5,False,False,1
363,layer3.conv2,element,3,"(123, 35, 5)",0,0.0,False,0.91,0.0,False,,28,16.0,4.0,2.0,0.75,False,False,1
364,layer3.conv2,element,1,"(77, 21, 12)",0,0.0,False,0.91,0.0,False,,25,10.0,14.0,0.4854269027709961,0.4000000059604645,False,False,1
365,layer2.conv1,element,2,"(76, 5, 27)",0,0.0,False,0.91,0.0,False,,54,-6.0,-3.0,1.0000001192092896,0.5,False,False,1
366,layer3.conv2,element,5,"(165, 6, 28)",0,0.0,False,0.91,0.0,False,,29,20.0,-20.0,0.0,2.0,True,False,1
367,layer2.conv2,element,5,"(5, 2, 4)",0,0.0,False,0.91,0.0,False,,21,5.0,-5.0,0.0,2.0,True,False,1
368,layer3.conv2,element,3,"(127, 23, 8)",0,0.0,False,0.91,0.0,False,,55,-7.0,-28.0,2.0,3.0,False,False,1
369,layer3.conv1,element,5,"(53, 19, 17)",1,0.005,True,0.905,0.0050000000000000044,False,,62,-24.0,24.0,0.0,2.0,True,False,1
370,layer2.shortcut.0,element,4,"(34, 0, 7)",0,0.0,False,0.91,0.0,False,,25,10.0,0.625,4.0,0.9375,False,False,1
371,layer3.conv2,element,0,"(64, 27, 9)",0,0.0,False,0.91,0.0,False,,23,7.0,6.0,0.22239232063293457,0.1428571492433548,False,False,1
372,layer3.conv2,scale,1,"(175, 3)",1,0.005,True,0.905,0.0050000000000000044,False,,122,122.0,120.0,2.0,inf,False,False,32
373,layer3.conv2,element,4,"(123, 23, 12)",0,0.0,False,0.91,0.0,False,,44,-1.0,-16.0,4.0,15.0,False,False,1
374,layer1.conv2,element,0,"(35, 12, 11)",0,0.0,False,0.91,0.0,False,,48,-2.0,-2.5,0.32192814350128174,0.25,False,False,1
375,layer3.conv2,element,5,"(30, 10, 12)",0,0.0,False,0.91,0.0,False,,43,-0.875,0.875,0.0,2.0,True,False,1
376,layer3.conv1,element,1,"(154, 22, 21)",0,0.0,False,0.91,0.0,False,,60,-16.0,-24.0,0.5849623680114746,0.5,False,False,1
377,layer3.conv2,element,5,"(149, 16, 11)",0,0.0,False,0.91,0.0,False,,28,16.0,-16.0,0.0,2.0,True,False,1
378,layer2.conv2,element,5,"(12, 16, 31)",0,0.0,False,0.91,0.0,False,,26,12.0,-12.0,0.0,2.0,True,False,1
379,layer2.conv1,element,5,"(2, 0, 2)",1,0.005,True,0.905,0.0050000000000000044,False,,27,14.0,-14.0,0.0,2.0,True,False,1
380,layer3.conv1,element,0,"(47, 20, 13)",0,0.0,False,0.91,0.0,False,,30,24.0,28.0,0.22239255905151367,0.1666666716337204,False,False,1
381,layer3.conv2,element,1,"(47, 14, 11)",0,0.0,False,0.91,0.0,False,,55,-7.0,-5.0,0.4854269027709961,0.2857142984867096,False,False,1
382,layer3.conv2,element,0,"(70, 41, 6)",0,0.0,False,0.91,0.0,False,,26,12.0,14.0,0.22239232063293457,0.1666666716337204,False,False,1
383,layer3.conv1,element,4,"(173, 6, 0)",0,0.0,False,0.91,0.0,False,,28,16.0,1.0,4.0,0.9375,False,False,1
384,layer3.conv2,scale,5,"(64, 1)",0,0.0,False,0.91,0.0,False,,122,122.0,90.0,32.0,inf,False,False,32
385,layer3.conv1,element,0,"(24, 2, 7)",0,0.0,False,0.91,0.0,False,,23,7.0,6.0,0.22239232063293457,0.1428571492433548,False,False,1
386,layer3.conv1,scale,5,"(16, 8)",0,0.0,False,0.91,0.0,False,,118,118.0,86.0,32.0,inf,False,False,32
387,layer2.conv2,element,1,"(34, 17, 20)",0,0.0,False,0.91,0.0,False,,52,-4.0,-6.0,0.5849626064300537,0.5,False,False,1
388,layer3.conv1,element,4,"(131, 13, 1)",0,0.0,False,0.91,0.0,False,,22,6.0,0.375,4.0,0.9375,False,False,1
389,layer3.conv2,element,2,"(9, 4, 18)",0,0.0,False,0.91,0.0,False,,28,16.0,8.0,1.0,0.5,False,False,1
390,layer3.conv2,element,5,"(74, 43, 7)",0,0.0,False,0.91,0.0,False,,53,-5.0,5.0,0.0,2.0,True,False,1
391,layer2.conv2,element,2,"(78, 22, 19)",0,0.0,False,0.91,0.0,False,,52,-4.0,-2.0,1.0,0.5,False,False,1
392,layer3.conv2,element,1,"(142, 19, 16)",0,0.0,False,0.91,0.0,False,,61,-20.0,-28.0,0.4854269027709961,0.4000000059604645,False,False,1
393,layer3.conv2,element,0,"(111, 0, 10)",0,0.0,False,0.91,0.0,False,,54,-6.0,-7.0,0.22239232063293457,0.1666666716337204,False,False,1
394,layer3.conv1,element,5,"(185, 3, 15)",1,0.005,True,0.905,0.0050000000000000044,False,,60,-16.0,16.0,0.0,2.0,True,False,1
395,layer1.conv2,element,4,"(2, 11, 17)",0,0.0,False,0.91,0.0,False,,43,-0.875,-14.0,4.0,15.0,False,False,1
396,layer3.conv1,element,1,"(55, 22, 21)",0,0.0,False,0.91,0.0,False,,31,28.0,20.0,0.4854269027709961,0.2857142984867096,False,False,1
397,layer3.conv1,element,3,"(144, 14, 19)",0,0.0,False,0.91,0.0,False,,54,-6.0,-24.0,1.999999761581421,3.0,False,False,1
398,layer2.conv2,element,4,"(66, 21, 9)",0,0.0,False,0.91,0.0,False,,25,10.0,0.625,4.0,0.9375,False,False,1
399,layer3.conv1,element,0,"(20, 21, 14)",0,0.0,False,0.91,0.0,False,,29,20.0,16.0,0.3219280242919922,0.20000000298023224,False,False,1
400,layer3.conv2,element,4,"(67, 24, 7)",0,0.0,False,0.91,0.0,False,,48,-2.0,-0.0,inf,1.0,False,False,1
401,layer3.conv2,element,0,"(188, 47, 1)",0,0.0,False,0.91,0.0,False,,20,4.0,5.0,0.3219280242919922,0.25,False,False,1
402,layer3.conv2,element,1,"(60, 16, 26)",0,0.0,False,0.91,0.0,False,,26,12.0,8.0,0.5849626064300537,0.3333333432674408,False,False,1
403,layer1.conv1,element,1,"(20, 2, 10)",0,0.0,False,0.91,0.0,False,,21,5.0,7.0,0.4854269027709961,0.4000000059604645,False,False,1
404,layer2.conv2,element,4,"(71, 4, 31)",0,0.0,False,0.91,0.0,False,,22,6.0,0.375,4.0,0.9375,False,False,1
405,layer3.conv1,element,5,"(186, 9, 31)",0,0.0,False,0.91,0.0,False,,37,-0.3125,0.3125,0.0,2.0,True,False,1
406,layer3.conv2,element,1,"(100, 19, 17)",0,0.0,False,0.91,0.0,False,,57,-10.0,-14.0,0.4854269027709961,0.4000000059604645,False,False,1
407,layer2.conv2,element,2,"(55, 7, 8)",0,0.0,False,0.91,0.0,False,,22,6.0,3.0,1.0000001192092896,0.5,False,False,1
408,layer3.conv2,scale,0,"(148, 50)",0,0.0,False,0.91,0.0,False,,121,121.0,120.0,1.0,inf,False,False,32
409,layer2.conv1,element,5,"(68, 4, 2)",0,0.0,False,0.91,0.0,False,,59,-14.0,14.0,0.0,2.0,True,False,1
410,layer3.conv1,element,1,"(23, 9, 31)",0,0.0,False,0.91,0.0,False,,13,1.25,1.75,0.4854268431663513,0.4000000059604645,False,False,1
411,layer1.conv2,element,1,"(15, 2, 7)",0,0.0,False,0.91,0.0,False,,22,6.0,4.0,0.5849626064300537,0.3333333432674408,False,False,1
412,layer3.conv2,element,4,"(21, 51, 0)",0,0.0,False,0.91,0.0,False,,17,2.5,0.0625,5.321928024291992,0.9750000238418579,False,False,1
413,layer1.conv2,element,2,"(22, 11, 26)",0,0.0,False,0.91,0.0,False,,57,-10.0,-20.0,1.0,1.0,False,False,1
414,layer3.conv2,element,0,"(97, 14, 28)",0,0.0,False,0.91,0.0,False,,31,28.0,24.0,0.22239255905151367,0.1428571492433548,False,False,1
415,layer3.conv2,element,2,"(29, 36, 4)",0,0.0,False,0.91,0.0,False,,24,8.0,16.0,1.0,1.0,False,False,1
416,layer2.conv1,element,0,"(26, 10, 26)",0,0.0,False,0.91,0.0,False,,54,-6.0,-7.0,0.22239232063293457,0.1666666716337204,False,False,1
417,layer3.conv2,element,4,"(103, 49, 7)",0,0.0,False,0.91,0.0,False,,51,-3.5,-0.1875,4.2223920822143555,0.9464285969734192,False,False,1
418,layer3.conv1,element,3,"(106, 26, 6)",0,0.0,False,0.91,0.0,False,,39,-0.4375,-1.75,2.0,3.0,False,False,1
419,layer3.conv1,element,4,"(16, 10, 12)",0,0.0,False,0.91,0.0,False,,59,-14.0,-0.875,4.0,0.9375,False,False,1
420,layer3.conv2,element,3,"(151, 24, 26)",0,0.0,False,0.91,0.0,False,,28,16.0,4.0,2.0,0.75,False,False,1
421,layer3.conv2,element,2,"(176, 12, 27)",0,0.0,False,0.91,0.0,False,,9,0.625,1.25,1.0,1.0,False,False,1
422,layer3.conv2,element,5,"(32, 19, 16)",0,0.0,False,0.91,0.0,False,,18,3.0,-3.0,0.0,2.0,True,False,1
423,layer2.conv2,element,4,"(54, 2, 11)",0,0.0,False,0.91,0.0,False,,9,0.625,10.0,4.0,15.0,False,False,1
424,layer3.conv2,element,3,"(75, 23, 31)",0,0.0,False,0.91,0.0,False,,29,20.0,5.0,2.0,0.75,False,False,1
425,layer3.conv2,element,1,"(90, 14, 21)",0,0.0,False,0.91,0.0,False,,12,1.0,1.5,0.5849624872207642,0.5,False,False,1
426,layer2.conv2,element,2,"(5, 7, 28)",0,0.0,False,0.91,0.0,False,,28,16.0,8.0,1.0,0.5,False,False,1
427,layer3.conv2,element,4,"(184, 51, 6)",0,0.0,False,0.91,0.0,False,,46,-1.5,-24.0,4.0,15.0,False,False,1
428,layer3.conv2,element,2,"(21, 17, 2)",0,0.0,False,0.91,0.0,False,,16,2.0,4.0,1.0,1.0,False,False,1
429,layer3.conv1,element,1,"(64, 18, 7)",0,0.0,False,0.91,0.0,False,,52,-4.0,-6.0,0.5849626064300537,0.5,False,False,1
430,layer2.conv2,scale,4,"(81, 3)",1,0.005,True,0.905,0.0050000000000000044,False,,119,119.0,103.0,16.0,inf,False,False,32
431,layer3.conv1,element,5,"(74, 12, 0)",0,0.0,False,0.91,0.0,False,,59,-14.0,14.0,0.0,2.0,True,False,1
432,layer3.conv1,element,5,"(85, 8, 22)",0,0.0,False,0.91,0.0,False,,53,-5.0,5.0,0.0,2.0,True,False,1
433,layer3.conv1,element,4,"(46, 21, 4)",1,0.005,True,0.905,0.0050000000000000044,False,,21,5.0,0.3125,4.0,0.9375,False,False,1
434,layer3.conv2,element,4,"(109, 42, 22)",0,0.0,False,0.91,0.0,False,,25,10.0,0.625,4.0,0.9375,False,False,1
435,layer3.conv2,element,3,"(64, 8, 22)",0,0.0,False,0.91,0.0,False,,26,12.0,3.0,2.0,0.75,False,False,1
436,layer3.conv1,element,1,"(154, 14, 20)",0,0.0,False,0.91,0.0,False,,51,-3.5,-2.5,0.48542678356170654,0.2857142984867096,False,False,1
437,layer2.conv2,element,4,"(95, 8, 31)",1,0.005,True,0.905,0.0050000000000000044,False,,26,12.0,0.75,4.0,0.9375,False,False,1
438,layer2.conv2,element,3,"(69, 11, 21)",0,0.0,False,0.91,0.0,False,,56,-8.0,-2.0,2.0,0.75,False,False,1
439,layer3.conv1,element,3,"(109, 7, 5)",0,0.0,False,0.91,0.0,False,,56,-8.0,-2.0,2.0,0.75,False,False,1
440,layer3.conv2,element,1,"(58, 39, 5)",0,0.0,False,0.91,0.0,False,,17,2.5,3.5,0.48542678356170654,0.4000000059604645,False,False,1
441,layer3.conv2,element,5,"(93, 3, 25)",0,0.0,False,0.91,0.0,False,,10,0.75,-0.75,0.0,2.0,True,False,1
442,layer3.conv2,element,4,"(156, 37, 30)",0,0.0,False,0.91,0.0,False,,54,-6.0,-0.375,4.0,0.9375,False,False,1
443,layer3.conv1,element,5,"(25, 26, 14)",1,0.005,True,0.905,0.0050000000000000044,False,,62,-24.0,24.0,0.0,2.0,True,False,1
444,layer2.conv1,element,0,"(55, 13, 15)",0,0.0,False,0.91,0.0,False,,8,0.5,0.625,0.32192808389663696,0.25,False,False,1
445,layer3.conv2,element,2,"(89, 12, 9)",0,0.0,False,0.91,0.0,False,,61,-20.0,-10.0,1.0,0.5,False,False,1
446,layer3.conv1,element,0,"(100, 7, 30)",0,0.0,False,0.91,0.0,False,,37,-0.3125,-0.25,0.32192814350128174,0.20000000298023224,False,False,1
447,layer3.conv2,element,2,"(141, 1, 21)",0,0.0,False,0.91,0.0,False,,52,-4.0,-2.0,1.0,0.5,False,False,1
448,layer2.conv1,element,5,"(16, 5, 20)",1,0.005,True,0.905,0.0050000000000000044,False,,60,-16.0,16.0,0.0,2.0,True,False,1
449,layer3.conv1,element,5,"(120, 21, 26)",1,0.005,True,0.905,0.0050000000000000044,False,,25,10.0,-10.0,0.0,2.0,True,False,1
450,layer2.conv2,element,1,"(82, 5, 4)",0,0.0,False,0.91,0.0,False,,16,2.0,3.0,0.5849624872207642,0.5,False,False,1
451,layer2.conv1,element,5,"(50, 1, 5)",0,0.0,False,0.91,0.0,False,,57,-10.0,10.0,0.0,2.0,True,False,1
452,layer3.conv1,element,2,"(2, 15, 13)",0,0.0,False,0.91,0.0,False,,24,8.0,16.0,1.0,1.0,False,False,1
453,layer3.conv2,element,0,"(30, 2, 29)",0,0.0,False,0.91,0.0,False,,59,-14.0,-12.0,0.22239232063293457,0.1428571492433548,False,False,1
454,layer1.conv2,element,2,"(30, 2, 6)",0,0.0,False,0.91,0.0,False,,12,1.0,0.5,1.0,0.5,False,False,1
455,layer3.conv2,element,5,"(122, 3, 22)",0,0.0,False,0.91,0.0,False,,23,7.0,-7.0,0.0,2.0,True,False,1
456,layer3.conv1,element,3,"(68, 18, 18)",0,0.0,False,0.91,0.0,False,,53,-5.0,-20.0,2.0,3.0,False,False,1
457,layer3.conv2,element,5,"(53, 34, 8)",0,0.0,False,0.91,0.0,False,,57,-10.0,10.0,0.0,2.0,True,False,1
458,layer3.conv2,element,4,"(93, 1, 28)",0,0.0,False,0.91,0.0,False,,56,-8.0,-0.5,4.0,0.9375,False,False,1
459,layer3.conv2,element,2,"(69, 21, 10)",0,0.0,False,0.91,0.0,False,,27,14.0,28.0,1.0,1.0,False,False,1
460,layer3.conv2,element,5,"(53, 33, 19)",0,0.0,False,0.91,0.0,False,,55,-7.0,7.0,0.0,2.0,True,False,1
461,layer3.conv2,element,4,"(141, 10, 6)",0,0.0,False,0.91,0.0,False,,23,7.0,0.4375,4.0,0.9375,False,False,1
462,layer3.conv1,element,3,"(12, 24, 17)",0,0.0,False,0.91,0.0,False,,60,-16.0,-4.0,2.0,0.75,False,False,1
463,layer3.conv2,element,4,"(191, 21, 1)",0,0.0,False,0.91,0.0,False,,47,-1.75,-28.0,4.0,15.0,False,False,1
464,layer2.conv1,element,3,"(8, 1, 13)",0,0.0,False,0.91,0.0,False,,62,-24.0,-6.0,1.999999761581421,0.75,False,False,1
465,layer3.conv1,element,5,"(170, 25, 14)",0,0.0,False,0.91,0.0,False,,45,-1.25,1.25,0.0,2.0,True,False,1
466,layer3.conv2,element,4,"(37, 41, 5)",0,0.0,False,0.91,0.0,False,,55,-7.0,-0.4375,4.0,0.9375,False,False,1
467,layer2.conv2,element,2,"(27, 26, 22)",0,0.0,False,0.91,0.0,False,,24,8.0,16.0,1.0,1.0,False,False,1
468,layer2.conv2,element,2,"(14, 26, 22)",1,0.005,True,0.905,0.0050000000000000044,False,,59,-14.0,-28.0,1.0,1.0,False,False,1
469,layer3.conv2,element,0,"(190, 14, 13)",0,0.0,False,0.91,0.0,False,,29,20.0,16.0,0.3219280242919922,0.20000000298023224,False,False,1
470,layer1.conv2,element,0,"(27, 7, 18)",0,0.0,False,0.91,0.0,False,,56,-8.0,-10.0,0.3219280242919922,0.25,False,False,1
471,layer1.conv2,element,1,"(41, 6, 28)",0,0.0,False,0.91,0.0,False,,2,0.125,0.0,inf,1.0,False,False,1
472,layer3.conv2,element,2,"(18, 9, 0)",0,0.0,False,0.91,0.0,False,,18,3.0,6.0,1.0000001192092896,1.0,False,False,1
473,layer2.conv2,element,2,"(42, 13, 19)",0,0.0,False,0.91,0.0,False,,21,5.0,2.5,0.9999998807907104,0.5,False,False,1
474,layer3.conv2,element,1,"(90, 36, 29)",0,0.0,False,0.91,0.0,False,,14,1.5,1.0,0.5849624872207642,0.3333333432674408,False,False,1
475,layer2.conv1,element,1,"(87, 9, 26)",0,0.0,False,0.91,0.0,False,,24,8.0,12.0,0.5849626064300537,0.5,False,False,1
476,layer3.conv1,element,4,"(97, 18, 6)",0,0.0,False,0.91,0.0,False,,23,7.0,0.4375,4.0,0.9375,False,False,1
477,layer3.conv2,element,4,"(178, 11, 22)",0,0.0,False,0.91,0.0,False,,22,6.0,0.375,4.0,0.9375,False,False,1
478,layer3.conv2,element,1,"(177, 46, 24)",0,0.0,False,0.91,0.0,False,,60,-16.0,-24.0,0.5849623680114746,0.5,False,False,1
479,layer3.conv1,element,3,"(169, 14, 28)",0,0.0,False,0.91,0.0,False,,20,4.0,16.0,2.0,3.0,False,False,1
480,layer3.shortcut.0,element,4,"(127, 0, 0)",1,0.005,True,0.905,0.0050000000000000044,False,,61,-20.0,-1.25,4.0,0.9375,False,False,1
481,layer2.conv2,element,2,"(69, 21, 15)",0,0.0,False,0.91,0.0,False,,17,2.5,5.0,0.9999998807907104,1.0,False,False,1
482,layer3.conv2,element,2,"(163, 28, 0)",0,0.0,False,0.91,0.0,False,,58,-12.0,-24.0,0.9999997615814209,1.0,False,False,1
483,layer1.conv1,element,3,"(40, 1, 1)",1,0.005,True,0.905,0.0050000000000000044,False,,19,3.5,14.0,2.0,3.0,False,False,1
484,layer3.conv2,element,3,"(165, 22, 14)",1,0.005,True,0.905,0.0050000000000000044,False,,51,-3.5,-14.0,2.0,3.0,False,False,1
485,layer3.conv2,element,1,"(25, 37, 0)",0,0.0,False,0.91,0.0,False,,57,-10.0,-14.0,0.4854269027709961,0.4000000059604645,False,False,1
486,layer3.conv2,element,1,"(50, 19, 12)",0,0.0,False,0.91,0.0,False,,22,6.0,4.0,0.5849626064300537,0.3333333432674408,False,False,1
487,layer3.conv1,element,2,"(80, 0, 6)",0,0.0,False,0.91,0.0,False,,51,-3.5,-7.0,1.0,1.0,False,False,1
488,layer3.conv2,element,0,"(161, 26, 31)",0,0.0,False,0.91,0.0,False,,13,1.25,1.0,0.32192808389663696,0.20000000298023224,False,False,1
489,layer2.conv2,element,0,"(51, 7, 23)",0,0.0,False,0.91,0.0,False,,26,12.0,14.0,0.22239232063293457,0.1666666716337204,False,False,1
490,layer3.conv1,scale,6,"(52, 26)",1,0.005,True,0.905,0.0050000000000000044,False,,118,118.0,54.0,64.0,inf,False,False,32
491,layer3.conv2,element,3,"(111, 28, 4)",0,0.0,False,0.91,0.0,False,,27,14.0,3.5,2.0,0.75,False,False,1
492,layer2.conv1,element,3,"(37, 8, 3)",0,0.0,False,0.91,0.0,False,,14,1.5,0.375,2.0,0.75,False,False,1
493,layer3.conv2,element,3,"(124, 2, 11)",0,0.0,False,0.91,0.0,False,,25,10.0,2.5,1.9999998807907104,0.75,False,False,1
494,conv1,element,3,"(42, 0, 18)",1,0.005,True,0.905,0.0050000000000000044,False,,21,5.0,20.0,2.0,3.0,False,False,1
495,layer3.conv1,element,2,"(99, 2, 19)",0,0.0,False,0.91,0.0,False,,48,-2.0,-4.0,1.0,1.0,False,False,1
496,layer3.conv2,scale,6,"(151, 25)",1,0.005,True,0.905,0.0050000000000000044,False,,120,120.0,56.0,64.0,inf,False,False,32
497,layer1.conv1,element,0,"(15, 10, 5)",0,0.0,False,0.91,0.0,False,,21,5.0,4.0,0.3219280242919922,0.20000000298023224,False,False,1
498,layer3.conv2,element,0,"(31, 43, 29)",0,0.0,False,0.91,0.0,False,,22,6.0,7.0,0.22239232063293457,0.1666666716337204,False,False,1
499,layer3.conv2,scale,3,"(179, 24)",0,0.0,False,0.91,0.0,False,,120,120.0,112.0,8.0,inf,False,False,32
500,layer3.conv1,element,4,"(179, 0, 31)",0,0.0,False,0.91,0.0,False,,29,20.0,1.25,4.0,0.9375,False,False,1
501,layer3.shortcut.0,element,5,"(149, 2, 8)",0,0.0,False,0.91,0.0,False,,54,-6.0,6.0,0.0,2.0,True,False,1
502,layer3.conv2,element,4,"(24, 40, 3)",0,0.0,False,0.91,0.0,False,,49,-2.5,-0.0625,5.321928024291992,0.9750000238418579,False,False,1
503,layer3.conv1,element,5,"(186, 1, 16)",0,0.0,False,0.91,0.0,False,,42,-0.75,0.75,0.0,2.0,True,False,1
504,layer1.conv2,element,3,"(12, 12, 27)",0,0.0,False,0.91,0.0,False,,26,12.0,3.0,2.0,0.75,False,False,1
505,layer3.conv2,element,1,"(100, 4, 6)",0,0.0,False,0.91,0.0,False,,27,14.0,10.0,0.4854269027709961,0.2857142984867096,False,False,1
506,layer3.conv2,element,5,"(75, 27, 10)",0,0.0,False,0.91,0.0,False,,31,28.0,-28.0,0.0,2.0,True,False,1
507,layer3.conv1,element,0,"(148, 11, 3)",0,0.0,False,0.91,0.0,False,,43,-0.875,-0.75,0.22239243984222412,0.1428571492433548,False,False,1
508,layer1.conv2,element,3,"(13, 0, 24)",2,0.01,True,0.9,0.010000000000000009,False,,57,-10.0,-2.5,1.9999998807907104,0.75,False,False,1
509,layer3.conv2,element,2,"(145, 39, 4)",0,0.0,False,0.91,0.0,False,,19,3.5,7.0,1.0,1.0,False,False,1
510,layer3.conv1,scale,1,"(151, 25)",1,0.005,True,0.905,0.0050000000000000044,False,,118,118.0,116.0,2.0,inf,False,False,32
511,layer3.conv2,element,0,"(60, 2, 13)",0,0.0,False,0.91,0.0,False,,63,-28.0,-24.0,0.22239255905151367,0.1428571492433548,False,False,1
512,layer3.conv2,element,1,"(187, 13, 23)",0,0.0,False,0.91,0.0,False,,55,-7.0,-5.0,0.4854269027709961,0.2857142984867096,False,False,1
513,layer2.conv1,element,1,"(34, 12, 18)",0,0.0,False,0.91,0.0,False,,26,12.0,8.0,0.5849626064300537,0.3333333432674408,False,False,1
514,layer3.conv2,element,4,"(39, 2, 16)",0,0.0,False,0.91,0.0,False,,52,-4.0,-0.25,4.0,0.9375,False,False,1
515,layer2.conv2,scale,5,"(14, 23)",1,0.005,True,0.905,0.0050000000000000044,False,,120,120.0,88.0,32.0,inf,False,False,32
516,layer3.conv1,element,3,"(168, 26, 28)",0,0.0,False,0.91,0.0,False,,60,-16.0,-4.0,2.0,0.75,False,False,1
517,layer3.conv2,element,3,"(153, 51, 22)",0,0.0,False,0.91,0.0,False,,25,10.0,2.5,1.9999998807907104,0.75,False,False,1
518,layer2.conv1,element,0,"(8, 3, 15)",0,0.0,False,0.91,0.0,False,,22,6.0,7.0,0.22239232063293457,0.1666666716337204,False,False,1
519,layer3.conv2,element,4,"(18, 50, 7)",0,0.0,False,0.91,0.0,False,,55,-7.0,-0.4375,4.0,0.9375,False,False,1
520,layer3.conv2,element,4,"(167, 37, 28)",0,0.0,False,0.91,0.0,False,,21,5.0,0.3125,4.0,0.9375,False,False,1
521,layer3.conv1,element,5,"(33, 4, 15)",0,0.0,False,0.91,0.0,False,,56,-8.0,8.0,0.0,2.0,True,False,1
522,layer3.conv2,element,1,"(161, 52, 25)",0,0.0,False,0.91,0.0,False,,26,12.0,8.0,0.5849626064300537,0.3333333432674408,False,False,1
523,layer1.conv2,element,3,"(43, 9, 4)",1,0.005,True,0.905,0.0050000000000000044,False,,29,20.0,5.0,2.0,0.75,False,False,1
524,layer3.conv1,element,1,"(23, 15, 11)",0,0.0,False,0.91,0.0,False,,62,-24.0,-16.0,0.5849623680114746,0.3333333432674408,False,False,1
525,layer3.conv2,element,0,"(77, 38, 14)",0,0.0,False,0.91,0.0,False,,15,1.75,1.5,0.22239243984222412,0.1428571492433548,False,False,1
526,layer3.conv2,element,4,"(141, 40, 13)",0,0.0,False,0.91,0.0,False,,28,16.0,1.0,4.0,0.9375,False,False,1
527,layer3.conv2,element,3,"(182, 13, 20)",0,0.0,False,0.91,0.0,False,,58,-12.0,-3.0,2.0,0.75,False,False,1
528,layer3.conv2,element,5,"(182, 10, 11)",0,0.0,False,0.91,0.0,False,,60,-16.0,16.0,0.0,2.0,True,False,1
529,layer3.conv2,element,4,"(77, 9, 23)",0,0.0,False,0.91,0.0,False,,6,0.375,6.0,4.0,15.0,False,False,1
530,layer2.conv2,element,1,"(93, 7, 14)",0,0.0,False,0.91,0.0,False,,52,-4.0,-6.0,0.5849626064300537,0.5,False,False,1
531,layer3.conv2,element,2,"(164, 22, 6)",0,0.0,False,0.91,0.0,False,,13,1.25,0.625,1.0,0.5,False,False,1
532,layer3.conv2,element,5,"(156, 49, 29)",0,0.0,False,0.91,0.0,False,,2,0.125,-0.125,0.0,2.0,True,False,1
533,layer2.conv1,element,4,"(94, 2, 7)",0,0.0,False,0.91,0.0,False,,28,16.0,1.0,4.0,0.9375,False,False,1
534,layer3.conv2,element,3,"(159, 47, 9)",0,0.0,False,0.91,0.0,False,,11,0.875,0.1875,2.2223923206329346,0.7857142686843872,False,False,1
535,layer2.conv1,element,0,"(16, 11, 10)",0,0.0,False,0.91,0.0,False,,25,10.0,8.0,0.3219280242919922,0.20000000298023224,False,False,1
536,layer3.shortcut.0,element,2,"(137, 0, 26)",0,0.0,False,0.91,0.0,False,,20,4.0,2.0,1.0,0.5,False,False,1
537,layer3.conv2,element,3,"(21, 14, 5)",0,0.0,False,0.91,0.0,False,,58,-12.0,-3.0,2.0,0.75,False,False,1
538,layer2.conv2,element,2,"(40, 18, 28)",0,0.0,False,0.91,0.0,False,,25,10.0,20.0,1.0,1.0,False,False,1
539,layer2.conv2,element,2,"(57, 11, 5)",0,0.0,False,0.91,0.0,False,,23,7.0,3.5,1.0,0.5,False,False,1
540,layer3.conv2,element,5,"(52, 39, 19)",0,0.0,False,0.91,0.0,False,,58,-12.0,12.0,0.0,2.0,True,False,1
541,layer3.conv2,element,2,"(9, 50, 26)",0,0.0,False,0.91,0.0,False,,55,-7.0,-3.5,1.0,0.5,False,False,1
542,layer3.conv2,element,3,"(173, 21, 16)",0,0.0,False,0.91,0.0,False,,29,20.0,5.0,2.0,0.75,False,False,1
543,layer3.conv2,element,2,"(58, 6, 18)",0,0.0,False,0.91,0.0,False,,39,-0.4375,-0.1875,1.2223923206329346,0.5714285969734192,False,False,1
544,layer3.conv2,element,0,"(34, 17, 6)",0,0.0,False,0.91,0.0,False,,59,-14.0,-12.0,0.22239232063293457,0.1428571492433548,False,False,1
545,layer3.shortcut.0,element,0,"(151, 1, 25)",0,0.0,False,0.91,0.0,False,,37,-0.3125,-0.25,0.32192814350128174,0.20000000298023224,False,False,1
546,layer3.conv2,element,1,"(176, 6, 19)",0,0.0,False,0.91,0.0,False,,56,-8.0,-12.0,0.5849626064300537,0.5,False,False,1
547,layer2.conv2,element,0,"(66, 20, 7)",0,0.0,False,0.91,0.0,False,,49,-2.5,-2.0,0.32192814350128174,0.20000000298023224,False,False,1
548,layer1.conv1,element,5,"(19, 5, 20)",0,0.0,False,0.91,0.0,False,,15,1.75,-1.75,0.0,2.0,True,False,1
549,layer3.conv2,element,0,"(164, 50, 13)",0,0.0,False,0.91,0.0,False,,42,-0.75,-0.875,0.22239243984222412,0.1666666716337204,False,False,1
550,layer2.conv2,element,3,"(70, 3, 31)",0,0.0,False,0.91,0.0,False,,59,-14.0,-3.5,2.0,0.75,False,False,1
551,layer3.conv1,element,0,"(90, 2, 17)",0,0.0,False,0.91,0.0,False,,60,-16.0,-20.0,0.3219280242919922,0.25,False,False,1
552,layer3.conv1,element,2,"(71, 6, 8)",0,0.0,False,0.91,0.0,False,,52,-4.0,-2.0,1.0,0.5,False,False,1
553,layer3.conv1,element,4,"(82, 14, 7)",0,0.0,False,0.91,0.0,False,,60,-16.0,-1.0,4.0,0.9375,False,False,1
554,layer3.conv1,element,5,"(157, 4, 21)",0,0.0,False,0.91,0.0,False,,58,-12.0,12.0,0.0,2.0,True,False,1
555,layer3.shortcut.0,element,4,"(185, 1, 27)",0,0.0,False,0.91,0.0,False,,29,20.0,1.25,4.0,0.9375,False,False,1
556,layer2.conv1,element,1,"(31, 3, 13)",0,0.0,False,0.91,0.0,False,,22,6.0,4.0,0.5849626064300537,0.3333333432674408,False,False,1
557,layer3.conv2,element,2,"(74, 14, 4)",0,0.0,False,0.91,0.0,False,,48,-2.0,-4.0,1.0,1.0,False,False,1
558,layer3.conv2,element,3,"(1, 40, 28)",0,0.0,False,0.91,0.0,False,,58,-12.0,-3.0,2.0,0.75,False,False,1
559,layer2.conv2,element,3,"(20, 21, 5)",0,0.0,False,0.91,0.0,False,,58,-12.0,-3.0,2.0,0.75,False,False,1
560,layer1.conv1,element,5,"(36, 6, 29)",0,0.0,False,0.91,0.0,False,,5,0.3125,-0.3125,0.0,2.0,True,False,1
561,layer3.conv2,element,2,"(71, 39, 27)",0,0.0,False,0.91,0.0,False,,3,0.1875,0.4375,1.2223923206329346,1.3333333730697632,False,False,1
562,layer3.conv1,element,0,"(162, 0, 5)",0,0.0,False,0.91,0.0,False,,58,-12.0,-14.0,0.22239232063293457,0.1666666716337204,False,False,1
563,layer3.conv1,scale,0,"(99, 4)",1,0.005,True,0.905,0.0050000000000000044,False,,118,118.0,119.0,1.0,inf,False,False,32
564,layer2.conv1,element,4,"(40, 9, 5)",0,0.0,False,0.91,0.0,False,,10,0.75,12.0,4.0,15.0,False,False,1
565,layer3.conv1,element,5,"(84, 13, 17)",0,0.0,False,0.91,0.0,False,,57,-10.0,10.0,0.0,2.0,True,False,1
566,layer3.shortcut.0,element,3,"(146, 1, 17)",0,0.0,False,0.91,0.0,False,,22,6.0,24.0,1.999999761581421,3.0,False,False,1
567,layer3.conv1,element,4,"(130, 22, 7)",0,0.0,False,0.91,0.0,False,,56,-8.0,-0.5,4.0,0.9375,False,False,1
568,layer2.conv1,element,2,"(87, 7, 8)",1,0.005,True,0.905,0.0050000000000000044,False,,59,-14.0,-28.0,1.0,1.0,False,False,1
569,layer3.conv1,element,2,"(147, 21, 18)",0,0.0,False,0.91,0.0,False,,54,-6.0,-3.0,1.0000001192092896,0.5,False,False,1
570,layer3.conv2,element,0,"(129, 40, 15)",0,0.0,False,0.91,0.0,False,,43,-0.875,-0.75,0.22239243984222412,0.1428571492433548,False,False,1
571,layer1.conv1,element,0,"(39, 13, 1)",1,0.005,True,0.905,0.0050000000000000044,False,,53,-5.0,-4.0,0.3219280242919922,0.20000000298023224,False,False,1
572,layer3.conv2,element,1,"(182, 0, 23)",0,0.0,False,0.91,0.0,False,,16,2.0,3.0,0.5849624872207642,0.5,False,False,1
573,layer3.conv2,element,3,"(18, 30, 31)",0,0.0,False,0.91,0.0,False,,56,-8.0,-2.0,2.0,0.75,False,False,1
574,layer3.conv1,element,3,"(116, 7, 15)",0,0.0,False,0.91,0.0,False,,28,16.0,4.0,2.0,0.75,False,False,1
575,layer3.conv2,element,2,"(177, 20, 26)",0,0.0,False,0.91,0.0,False,,27,14.0,28.0,1.0,1.0,False,False,1
576,layer3.conv2,element,5,"(165, 10, 4)",0,0.0,False,0.91,0.0,False,,48,-2.0,2.0,0.0,2.0,True,False,1
577,layer2.conv1,element,2,"(62, 3, 24)",0,0.0,False,0.91,0.0,False,,14,1.5,0.75,1.0,0.5,False,False,1
578,layer2.conv2,element,3,"(71, 0, 9)",0,0.0,False,0.91,0.0,False,,56,-8.0,-2.0,2.0,0.75,False,False,1
579,layer3.conv2,element,5,"(30, 43, 17)",0,0.0,False,0.91,0.0,False,,31,28.0,-28.0,0.0,2.0,True,False,1
580,layer3.conv2,element,3,"(167, 43, 18)",0,0.0,False,0.91,0.0,False,,55,-7.0,-28.0,2.0,3.0,False,False,1
581,layer3.conv1,element,2,"(135, 15, 14)",0,0.0,False,0.91,0.0,False,,57,-10.0,-20.0,1.0,1.0,False,False,1
582,layer3.conv2,element,2,"(9, 6, 14)",0,0.0,False,0.91,0.0,False,,58,-12.0,-24.0,0.9999997615814209,1.0,False,False,1
583,layer2.conv2,element,4,"(15, 22, 3)",0,0.0,False,0.91,0.0,False,,54,-6.0,-0.375,4.0,0.9375,False,False,1
584,layer3.conv2,element,4,"(3, 38, 24)",0,0.0,False,0.91,0.0,False,,30,24.0,1.5,4.0,0.9375,False,False,1
585,layer3.conv2,element,4,"(157, 25, 0)",0,0.0,False,0.91,0.0,False,,46,-1.5,-24.0,4.0,15.0,False,False,1
586,layer3.conv2,element,3,"(180, 26, 11)",0,0.0,False,0.91,0.0,False,,30,24.0,6.0,1.999999761581421,0.75,False,False,1
587,layer3.conv1,element,4,"(21, 2, 3)",1,0.005,True,0.905,0.0050000000000000044,False,,44,-1.0,-16.0,4.0,15.0,False,False,1
588,layer3.conv2,element,1,"(45, 40, 4)",0,0.0,False,0.91,0.0,False,,15,1.75,1.25,0.4854268431663513,0.2857142984867096,False,False,1
589,layer3.conv1,element,5,"(123, 6, 20)",0,0.0,False,0.91,0.0,False,,20,4.0,-4.0,0.0,2.0,True,False,1
590,layer3.conv2,element,0,"(182, 32, 13)",0,0.0,False,0.91,0.0,False,,26,12.0,14.0,0.22239232063293457,0.1666666716337204,False,False,1
591,layer3.conv2,element,4,"(48, 46, 14)",0,0.0,False,0.91,0.0,False,,54,-6.0,-0.375,4.0,0.9375,False,False,1
592,layer3.conv2,scale,0,"(48, 15)",0,0.0,False,0.91,0.0,False,,120,120.0,121.0,1.0,inf,False,False,32
593,layer3.conv2,element,2,"(179, 32, 2)",0,0.0,False,0.91,0.0,False,,56,-8.0,-16.0,1.0,1.0,False,False,1
594,layer3.conv2,element,5,"(168, 2, 30)",0,0.0,False,0.91,0.0,False,,27,14.0,-14.0,0.0,2.0,True,False,1
595,layer2.conv1,element,5,"(39, 7, 14)",0,0.0,False,0.91,0.0,False,,48,-2.0,2.0,0.0,2.0,True,False,1
596,layer2.conv1,element,5,"(95, 9, 20)",0,0.0,False,0.91,0.0,False,,25,10.0,-10.0,0.0,2.0,True,False,1
597,layer3.conv2,scale,1,"(6, 45)",1,0.005,True,0.905,0.0050000000000000044,False,,120,120.0,122.0,2.0,inf,False,False,32
598,layer3.conv2,element,4,"(166, 1, 2)",0,0.0,False,0.91,0.0,False,,18,3.0,0.125,4.584962368011475,0.9583333134651184,False,False,1
599,layer3.shortcut.0,element,1,"(93, 0, 28)",0,0.0,False,0.91,0.0,False,,48,-2.0,-3.0,0.5849624872207642,0.5,False,False,1
600,layer3.conv2,element,1,"(11, 26, 15)",0,0.0,False,0.91,0.0,False,,30,24.0,16.0,0.5849623680114746,0.3333333432674408,False,False,1
601,layer3.conv1,element,0,"(75, 9, 17)",0,0.0,False,0.91,0.0,False,,51,-3.5,-3.0,0.22239243984222412,0.1428571492433548,False,False,1
602,layer1.conv1,element,0,"(30, 2, 21)",1,0.005,True,0.905,0.0050000000000000044,False,,25,10.0,8.0,0.3219280242919922,0.20000000298023224,False,False,1
603,layer3.conv2,element,3,"(80, 32, 18)",0,0.0,False,0.91,0.0,False,,55,-7.0,-28.0,2.0,3.0,False,False,1
604,layer2.conv1,element,4,"(11, 7, 28)",0,0.0,False,0.91,0.0,False,,58,-12.0,-0.75,4.0,0.9375,False,False,1
605,layer3.conv1,element,4,"(115, 14, 27)",0,0.0,False,0.91,0.0,False,,56,-8.0,-0.5,4.0,0.9375,False,False,1
606,layer3.conv1,element,3,"(104, 19, 20)",0,0.0,False,0.91,0.0,False,,26,12.0,3.0,2.0,0.75,False,False,1
607,layer3.conv2,element,2,"(30, 11, 14)",0,0.0,False,0.91,0.0,False,,28,16.0,8.0,1.0,0.5,False,False,1
608,layer3.conv2,element,4,"(172, 37, 9)",0,0.0,False,0.91,0.0,False,,54,-6.0,-0.375,4.0,0.9375,False,False,1
609,layer3.conv2,element,4,"(132, 5, 30)",0,0.0,False,0.91,0.0,False,,60,-16.0,-1.0,4.0,0.9375,False,False,1
610,layer3.conv1,element,4,"(51, 13, 7)",0,0.0,False,0.91,0.0,False,,61,-20.0,-1.25,4.0,0.9375,False,False,1
611,layer3.conv1,element,4,"(37, 6, 8)",0,0.0,False,0.91,0.0,False,,35,-0.1875,-3.5,4.2223920822143555,17.66666603088379,False,False,1
612,layer3.conv2,element,4,"(16, 25, 3)",0,0.0,False,0.91,0.0,False,,28,16.0,1.0,4.0,0.9375,False,False,1
613,layer1.conv1,element,5,"(32, 2, 31)",0,0.0,False,0.91,0.0,False,,20,4.0,-4.0,0.0,2.0,True,False,1
614,layer3.shortcut.0,element,3,"(64, 1, 6)",0,0.0,False,0.91,0.0,False,,26,12.0,3.0,2.0,0.75,False,False,1
615,layer3.conv2,element,2,"(130, 50, 23)",0,0.0,False,0.91,0.0,False,,61,-20.0,-10.0,1.0,0.5,False,False,1
616,layer1.conv2,element,4,"(45, 2, 6)",0,0.0,False,0.91,0.0,False,,60,-16.0,-1.0,4.0,0.9375,False,False,1
617,layer1.conv2,element,0,"(41, 5, 25)",0,0.0,False,0.91,0.0,False,,21,5.0,4.0,0.3219280242919922,0.20000000298023224,False,False,1
618,layer3.conv2,element,4,"(27, 13, 20)",0,0.0,False,0.91,0.0,False,,2,0.125,3.0,4.584962368011475,23.0,False,False,1
619,layer3.shortcut.0,element,1,"(70, 1, 24)",0,0.0,False,0.91,0.0,False,,41,-0.625,-0.875,0.4854268431663513,0.4000000059604645,False,False,1
620,layer3.conv1,element,2,"(107, 16, 15)",0,0.0,False,0.91,0.0,False,,60,-16.0,-8.0,1.0,0.5,False,False,1
621,layer3.conv1,element,5,"(103, 14, 17)",0,0.0,False,0.91,0.0,False,,50,-3.0,3.0,0.0,2.0,True,False,1
622,layer3.conv2,element,2,"(115, 31, 16)",0,0.0,False,0.91,0.0,False,,21,5.0,2.5,0.9999998807907104,0.5,False,False,1
623,layer2.conv2,scale,2,"(20, 20)",55,0.275,True,0.705,0.20500000000000007,False,,120,120.0,124.0,4.0,inf,False,False,32
624,layer3.conv2,scale,4,"(147, 26)",0,0.0,False,0.91,0.0,False,,120,120.0,104.0,16.0,inf,False,False,32
625,layer2.conv2,element,5,"(20, 12, 18)",0,0.0,False,0.91,0.0,False,,15,1.75,-1.75,0.0,2.0,True,False,1
626,layer3.conv2,element,5,"(94, 21, 9)",0,0.0,False,0.91,0.0,False,,26,12.0,-12.0,0.0,2.0,True,False,1
627,layer3.conv2,scale,6,"(168, 52)",0,0.0,False,0.91,0.0,False,,121,121.0,57.0,64.0,inf,False,False,32
628,layer3.conv2,element,0,"(136, 20, 6)",0,0.0,False,0.91,0.0,False,,55,-7.0,-6.0,0.22239232063293457,0.1428571492433548,False,False,1
629,layer3.conv2,element,1,"(171, 10, 26)",0,0.0,False,0.91,0.0,False,,54,-6.0,-4.0,0.5849626064300537,0.3333333432674408,False,False,1
630,layer1.conv1,element,4,"(34, 7, 7)",0,0.0,False,0.91,0.0,False,,53,-5.0,-0.3125,4.0,0.9375,False,False,1
631,layer3.conv2,element,4,"(183, 51, 16)",0,0.0,False,0.91,0.0,False,,26,12.0,0.75,4.0,0.9375,False,False,1
632,layer3.conv2,element,0,"(104, 32, 23)",0,0.0,False,0.91,0.0,False,,59,-14.0,-12.0,0.22239232063293457,0.1428571492433548,False,False,1
633,layer2.conv2,element,2,"(85, 24, 4)",0,0.0,False,0.91,0.0,False,,18,3.0,6.0,1.0000001192092896,1.0,False,False,1
634,layer3.conv1,element,4,"(95, 11, 3)",0,0.0,False,0.91,0.0,False,,57,-10.0,-0.625,4.0,0.9375,False,False,1
635,layer3.conv2,element,0,"(74, 27, 22)",0,0.0,False,0.91,0.0,False,,21,5.0,4.0,0.3219280242919922,0.20000000298023224,False,False,1
636,layer2.conv2,element,5,"(56, 12, 23)",0,0.0,False,0.91,0.0,False,,53,-5.0,5.0,0.0,2.0,True,False,1
637,layer3.conv2,element,1,"(177, 42, 14)",0,0.0,False,0.91,0.0,False,,57,-10.0,-14.0,0.4854269027709961,0.4000000059604645,False,False,1
638,layer3.conv1,element,3,"(75, 17, 26)",0,0.0,False,0.91,0.0,False,,57,-10.0,-2.5,1.9999998807907104,0.75,False,False,1
639,layer3.conv2,element,1,"(87, 40, 4)",0,0.0,False,0.91,0.0,False,,14,1.5,1.0,0.5849624872207642,0.3333333432674408,False,False,1
640,layer3.conv2,element,5,"(121, 8, 23)",0,0.0,False,0.91,0.0,False,,56,-8.0,8.0,0.0,2.0,True,False,1
641,layer3.conv2,element,0,"(52, 53, 2)",0,0.0,False,0.91,0.0,False,,61,-20.0,-16.0,0.3219280242919922,0.20000000298023224,False,False,1
642,layer2.conv2,element,5,"(27, 14, 9)",0,0.0,False,0.91,0.0,False,,20,4.0,-4.0,0.0,2.0,True,False,1
643,layer3.conv1,element,4,"(125, 22, 10)",0,0.0,False,0.91,0.0,False,,56,-8.0,-0.5,4.0,0.9375,False,False,1
644,layer3.conv1,element,1,"(46, 14, 10)",0,0.0,False,0.91,0.0,False,,35,-0.1875,-0.0625,1.5849626064300537,0.6666666865348816,False,False,1
645,layer3.conv2,element,4,"(83, 52, 6)",0,0.0,False,0.91,0.0,False,,15,1.75,28.0,4.0,15.0,False,False,1
646,layer1.conv2,element,3,"(37, 12, 10)",0,0.0,False,0.91,0.0,False,,49,-2.5,-10.0,1.9999998807907104,3.0,False,False,1
647,layer3.conv2,element,1,"(124, 2, 31)",0,0.0,False,0.91,0.0,False,,47,-1.75,-1.25,0.4854268431663513,0.2857142984867096,False,False,1
648,layer3.conv1,element,0,"(31, 1, 11)",0,0.0,False,0.91,0.0,False,,29,20.0,16.0,0.3219280242919922,0.20000000298023224,False,False,1
649,layer3.conv1,element,0,"(87, 7, 19)",0,0.0,False,0.91,0.0,False,,52,-4.0,-5.0,0.3219280242919922,0.25,False,False,1
650,layer3.conv2,element,4,"(29, 25, 11)",0,0.0,False,0.91,0.0,False,,49,-2.5,-0.0625,5.321928024291992,0.9750000238418579,False,False,1
651,layer3.conv1,element,0,"(164, 6, 4)",0,0.0,False,0.91,0.0,False,,26,12.0,14.0,0.22239232063293457,0.1666666716337204,False,False,1
652,layer3.conv2,element,1,"(189, 26, 16)",0,0.0,False,0.91,0.0,False,,60,-16.0,-24.0,0.5849623680114746,0.5,False,False,1
653,layer3.conv2,element,3,"(20, 13, 28)",0,0.0,False,0.91,0.0,False,,60,-16.0,-4.0,2.0,0.75,False,False,1
654,layer3.conv2,element,2,"(163, 27, 4)",0,0.0,False,0.91,0.0,False,,54,-6.0,-3.0,1.0000001192092896,0.5,False,False,1
655,layer3.conv2,element,5,"(174, 14, 22)",0,0.0,False,0.91,0.0,False,,24,8.0,-8.0,0.0,2.0,True,False,1
656,layer3.conv1,element,0,"(140, 4, 10)",0,0.0,False,0.91,0.0,False,,57,-10.0,-8.0,0.3219280242919922,0.20000000298023224,False,False,1
657,layer3.conv1,element,5,"(128, 1, 17)",0,0.0,False,0.91,0.0,False,,56,-8.0,8.0,0.0,2.0,True,False,1
658,layer1.conv2,element,5,"(23, 8, 6)",0,0.0,False,0.91,0.0,False,,60,-16.0,16.0,0.0,2.0,True,False,1
659,layer3.conv1,element,5,"(109, 3, 13)",0,0.0,False,0.91,0.0,False,,59,-14.0,14.0,0.0,2.0,True,False,1
660,layer2.conv2,element,3,"(63, 20, 14)",0,0.0,False,0.91,0.0,False,,2,0.125,0.75,2.5849623680114746,5.0,False,False,1
661,layer3.conv1,element,3,"(0, 0, 31)",0,0.0,False,0.91,0.0,False,,52,-4.0,-16.0,2.0,3.0,False,False,1
662,layer3.conv2,element,3,"(6, 23, 28)",0,0.0,False,0.91,0.0,False,,62,-24.0,-6.0,1.999999761581421,0.75,False,False,1
663,layer3.conv2,element,0,"(163, 27, 22)",0,0.0,False,0.91,0.0,False,,19,3.5,3.0,0.22239243984222412,0.1428571492433548,False,False,1
664,layer3.conv1,element,4,"(11, 20, 17)",0,0.0,False,0.91,0.0,False,,13,1.25,20.0,4.0,15.0,False,False,1
665,layer3.conv2,element,5,"(93, 53, 19)",0,0.0,False,0.91,0.0,False,,17,2.5,-2.5,0.0,2.0,True,False,1
666,layer1.conv1,element,4,"(32, 3, 14)",0,0.0,False,0.91,0.0,False,,27,14.0,0.875,4.0,0.9375,False,False,1
667,layer2.conv1,element,1,"(40, 3, 19)",0,0.0,False,0.91,0.0,False,,53,-5.0,-7.0,0.4854269027709961,0.4000000059604645,False,False,1
668,layer1.conv1,element,2,"(9, 7, 4)",0,0.0,False,0.91,0.0,False,,57,-10.0,-20.0,1.0,1.0,False,False,1
669,layer3.conv2,element,1,"(85, 9, 5)",0,0.0,False,0.91,0.0,False,,53,-5.0,-7.0,0.4854269027709961,0.4000000059604645,False,False,1
670,layer1.conv2,element,3,"(3, 10, 14)",1,0.005,True,0.905,0.0050000000000000044,False,,46,-1.5,-0.375,2.0,0.75,False,False,1
671,layer3.conv2,element,2,"(87, 29, 21)",0,0.0,False,0.91,0.0,False,,40,-0.5,-1.0,1.0,1.0,False,False,1
672,layer3.conv2,element,0,"(59, 41, 0)",0,0.0,False,0.91,0.0,False,,48,-2.0,-2.5,0.32192814350128174,0.25,False,False,1
673,layer3.conv1,element,0,"(65, 6, 18)",0,0.0,False,0.91,0.0,False,,52,-4.0,-5.0,0.3219280242919922,0.25,False,False,1
674,layer3.conv2,element,4,"(90, 45, 1)",0,0.0,False,0.91,0.0,False,,26,12.0,0.75,4.0,0.9375,False,False,1
675,layer3.conv1,element,4,"(49, 7, 2)",0,0.0,False,0.91,0.0,False,,18,3.0,0.125,4.584962368011475,0.9583333134651184,False,False,1
676,layer3.conv1,element,0,"(125, 10, 19)",0,0.0,False,0.91,0.0,False,,58,-12.0,-14.0,0.22239232063293457,0.1666666716337204,False,False,1
677,layer3.conv1,element,2,"(176, 0, 7)",0,0.0,False,0.91,0.0,False,,48,-2.0,-4.0,1.0,1.0,False,False,1
678,layer3.conv1,element,5,"(41, 9, 30)",0,0.0,False,0.91,0.0,False,,24,8.0,-8.0,0.0,2.0,True,False,1
679,layer2.conv1,element,4,"(62, 2, 5)",1,0.005,True,0.905,0.0050000000000000044,False,,27,14.0,0.875,4.0,0.9375,False,False,1
680,layer3.conv2,element,1,"(110, 18, 2)",0,0.0,False,0.91,0.0,False,,58,-12.0,-8.0,0.5849626064300537,0.3333333432674408,False,False,1
681,layer2.conv2,element,3,"(54, 14, 24)",0,0.0,False,0.91,0.0,False,,53,-5.0,-20.0,2.0,3.0,False,False,1
682,layer3.conv2,element,5,"(150, 7, 10)",0,0.0,False,0.91,0.0,False,,58,-12.0,12.0,0.0,2.0,True,False,1
683,layer2.conv2,element,2,"(42, 26, 27)",0,0.0,False,0.91,0.0,False,,20,4.0,2.0,1.0,0.5,False,False,1
684,layer3.conv1,element,1,"(147, 18, 14)",0,0.0,False,0.91,0.0,False,,17,2.5,3.5,0.48542678356170654,0.4000000059604645,False,False,1
685,layer3.conv2,element,4,"(131, 23, 6)",0,0.0,False,0.91,0.0,False,,42,-0.75,-12.0,4.0,15.0,False,False,1
686,layer2.conv2,element,5,"(70, 17, 16)",0,0.0,False,0.91,0.0,False,,52,-4.0,4.0,0.0,2.0,True,False,1
687,layer3.conv1,element,5,"(108, 0, 26)",0,0.0,False,0.91,0.0,False,,55,-7.0,7.0,0.0,2.0,True,False,1
688,layer2.conv1,element,1,"(41, 10, 0)",0,0.0,False,0.91,0.0,False,,24,8.0,12.0,0.5849626064300537,0.5,False,False,1
689,layer3.conv1,element,5,"(3, 10, 7)",0,0.0,False,0.91,0.0,False,,29,20.0,-20.0,0.0,2.0,True,False,1
690,layer3.conv2,element,5,"(120, 18, 25)",0,0.0,False,0.91,0.0,False,,59,-14.0,14.0,0.0,2.0,True,False,1
691,layer3.conv1,element,4,"(108, 8, 20)",0,0.0,False,0.91,0.0,False,,57,-10.0,-0.625,4.0,0.9375,False,False,1
692,layer3.conv2,element,1,"(157, 43, 11)",0,0.0,False,0.91,0.0,False,,51,-3.5,-2.5,0.48542678356170654,0.2857142984867096,False,False,1
693,layer3.conv1,element,2,"(148, 2, 0)",0,0.0,False,0.91,0.0,False,,46,-1.5,-0.75,1.0,0.5,False,False,1
694,layer3.conv1,element,5,"(55, 22, 24)",0,0.0,False,0.91,0.0,False,,24,8.0,-8.0,0.0,2.0,True,False,1
695,layer3.conv2,element,1,"(23, 21, 14)",0,0.0,False,0.91,0.0,False,,30,24.0,16.0,0.5849623680114746,0.3333333432674408,False,False,1
696,layer3.conv2,element,5,"(50, 49, 27)",0,0.0,False,0.91,0.0,False,,50,-3.0,3.0,0.0,2.0,True,False,1
697,layer3.conv1,element,0,"(181, 12, 25)",0,0.0,False,0.91,0.0,False,,57,-10.0,-8.0,0.3219280242919922,0.20000000298023224,False,False,1
698,layer3.conv2,element,3,"(12, 53, 2)",0,0.0,False,0.91,0.0,False,,29,20.0,5.0,2.0,0.75,False,False,1
699,layer3.conv1,element,2,"(165, 2, 14)",0,0.0,False,0.91,0.0,False,,56,-8.0,-16.0,1.0,1.0,False,False,1
700,layer3.conv1,element,4,"(86, 5, 16)",0,0.0,False,0.91,0.0,False,,23,7.0,0.4375,4.0,0.9375,False,False,1
701,layer3.conv2,element,5,"(14, 7, 21)",0,0.0,False,0.91,0.0,False,,25,10.0,-10.0,0.0,2.0,True,False,1
702,layer2.conv2,element,2,"(20, 6, 11)",0,0.0,False,0.91,0.0,False,,61,-20.0,-10.0,1.0,0.5,False,False,1
703,layer3.conv2,element,1,"(37, 52, 5)",0,0.0,False,0.91,0.0,False,,40,-0.5,-0.75,0.5849624872207642,0.5,False,False,1
704,layer3.conv2,element,1,"(63, 24, 2)",0,0.0,False,0.91,0.0,False,,23,7.0,5.0,0.4854269027709961,0.2857142984867096,False,False,1
705,layer3.conv2,element,5,"(14, 12, 17)",0,0.0,False,0.91,0.0,False,,52,-4.0,4.0,0.0,2.0,True,False,1
706,layer3.conv2,element,0,"(47, 37, 16)",0,0.0,False,0.91,0.0,False,,25,10.0,8.0,0.3219280242919922,0.20000000298023224,False,False,1
707,layer2.conv2,element,2,"(41, 13, 13)",0,0.0,False,0.91,0.0,False,,52,-4.0,-2.0,1.0,0.5,False,False,1
708,layer2.conv2,element,3,"(20, 14, 3)",0,0.0,False,0.91,0.0,False,,24,8.0,2.0,2.0,0.75,False,False,1
709,layer3.conv2,scale,3,"(83, 26)",1,0.005,True,0.905,0.0050000000000000044,False,,120,120.0,112.0,8.0,inf,False,False,32
710,layer3.conv2,element,4,"(90, 37, 5)",0,0.0,False,0.91,0.0,False,,11,0.875,14.0,4.0,15.0,False,False,1
711,layer3.conv1,element,4,"(51, 9, 25)",0,0.0,False,0.91,0.0,False,,61,-20.0,-1.25,4.0,0.9375,False,False,1
712,layer3.conv2,element,0,"(78, 48, 1)",0,0.0,False,0.91,0.0,False,,20,4.0,5.0,0.3219280242919922,0.25,False,False,1
713,layer2.conv2,element,4,"(16, 9, 2)",0,0.0,False,0.91,0.0,False,,36,-0.25,-4.0,4.0,15.0,False,False,1
714,layer3.conv2,element,3,"(188, 42, 23)",0,0.0,False,0.91,0.0,False,,27,14.0,3.5,2.0,0.75,False,False,1
715,layer3.conv2,element,3,"(149, 33, 29)",0,0.0,False,0.91,0.0,False,,18,3.0,12.0,2.0,3.0,False,False,1
716,layer2.shortcut.0,element,5,"(18, 1, 12)",0,0.0,False,0.91,0.0,False,,37,-0.3125,0.3125,0.0,2.0,True,False,1
717,layer2.conv1,element,5,"(19, 4, 30)",0,0.0,False,0.91,0.0,False,,21,5.0,-5.0,0.0,2.0,True,False,1
718,fc,element,1,"(2, 4, 28)",0,0.0,False,0.91,0.0,False,,52,-4.0,-6.0,0.5849626064300537,0.5,False,False,1
719,layer3.conv2,element,2,"(107, 25, 26)",0,0.0,False,0.91,0.0,False,,26,12.0,24.0,0.9999997615814209,1.0,False,False,1
720,layer3.conv2,element,4,"(44, 25, 16)",0,0.0,False,0.91,0.0,False,,30,24.0,1.5,4.0,0.9375,False,False,1
721,layer3.conv2,element,4,"(137, 44, 30)",1,0.005,True,0.905,0.0050000000000000044,False,,28,16.0,1.0,4.0,0.9375,False,False,1
722,layer3.conv2,element,5,"(137, 13, 30)",0,0.0,False,0.91,0.0,False,,48,-2.0,2.0,0.0,2.0,True,False,1
723,layer3.conv2,element,0,"(2, 7, 20)",0,0.0,False,0.91,0.0,False,,55,-7.0,-6.0,0.22239232063293457,0.1428571492433548,False,False,1
724,layer3.conv1,element,1,"(100, 9, 17)",0,0.0,False,0.91,0.0,False,,49,-2.5,-3.5,0.48542678356170654,0.4000000059604645,False,False,1
725,layer2.conv2,element,5,"(82, 21, 0)",1,0.005,True,0.905,0.0050000000000000044,False,,52,-4.0,4.0,0.0,2.0,True,False,1
726,layer3.conv1,element,1,"(101, 9, 17)",0,0.0,False,0.91,0.0,False,,13,1.25,1.75,0.4854268431663513,0.4000000059604645,False,False,1
727,layer3.conv1,element,5,"(185, 1, 11)",0,0.0,False,0.91,0.0,False,,27,14.0,-14.0,0.0,2.0,True,False,1
728,layer3.conv2,element,5,"(147, 30, 13)",0,0.0,False,0.91,0.0,False,,45,-1.25,1.25,0.0,2.0,True,False,1
729,layer3.conv1,element,5,"(62, 20, 12)",0,0.0,False,0.91,0.0,False,,49,-2.5,2.5,0.0,2.0,True,False,1
730,layer3.conv2,element,4,"(63, 0, 6)",0,0.0,False,0.91,0.0,False,,3,0.1875,3.5,4.2223920822143555,17.66666603088379,False,False,1
731,layer2.conv1,element,3,"(48, 2, 30)",1,0.005,True,0.905,0.0050000000000000044,False,,60,-16.0,-4.0,2.0,0.75,False,False,1
732,layer3.shortcut.0,element,1,"(136, 1, 13)",0,0.0,False,0.91,0.0,False,,29,20.0,28.0,0.4854269027709961,0.4000000059604645,False,False,1
733,layer2.conv2,element,2,"(35, 25, 31)",0,0.0,False,0.91,0.0,False,,21,5.0,2.5,0.9999998807907104,0.5,False,False,1
734,layer3.conv2,element,0,"(52, 19, 16)",0,0.0,False,0.91,0.0,False,,1,0.0625,0.0,inf,1.0,False,False,1
735,layer3.conv1,element,0,"(148, 19, 4)",0,0.0,False,0.91,0.0,False,,28,16.0,20.0,0.3219280242919922,0.25,False,False,1
736,layer3.conv2,element,1,"(171, 12, 20)",0,0.0,False,0.91,0.0,False,,61,-20.0,-28.0,0.4854269027709961,0.4000000059604645,False,False,1
737,layer3.conv2,element,4,"(60, 52, 30)",0,0.0,False,0.91,0.0,False,,10,0.75,12.0,4.0,15.0,False,False,1
738,layer3.conv2,element,5,"(2, 23, 17)",0,0.0,False,0.91,0.0,False,,49,-2.5,2.5,0.0,2.0,True,False,1
739,layer3.conv2,element,1,"(59, 53, 5)",0,0.0,False,0.91,0.0,False,,60,-16.0,-24.0,0.5849623680114746,0.5,False,False,1
740,layer3.conv2,element,3,"(49, 41, 15)",0,0.0,False,0.91,0.0,False,,58,-12.0,-3.0,2.0,0.75,False,False,1
741,layer3.conv2,element,0,"(132, 30, 9)",0,0.0,False,0.91,0.0,False,,26,12.0,14.0,0.22239232063293457,0.1666666716337204,False,False,1
742,layer3.conv2,element,5,"(39, 50, 12)",0,0.0,False,0.91,0.0,False,,49,-2.5,2.5,0.0,2.0,True,False,1
743,layer2.conv2,element,1,"(60, 3, 25)",0,0.0,False,0.91,0.0,False,,18,3.0,2.0,0.5849624872207642,0.3333333432674408,False,False,1
744,layer3.conv2,element,0,"(162, 1, 17)",0,0.0,False,0.91,0.0,False,,22,6.0,7.0,0.22239232063293457,0.1666666716337204,False,False,1
745,layer3.conv2,element,5,"(0, 51, 2)",0,0.0,False,0.91,0.0,False,,58,-12.0,12.0,0.0,2.0,True,False,1
746,layer3.conv2,element,5,"(129, 10, 8)",0,0.0,False,0.91,0.0,False,,24,8.0,-8.0,0.0,2.0,True,False,1
747,layer3.conv2,element,1,"(185, 26, 18)",0,0.0,False,0.91,0.0,False,,57,-10.0,-14.0,0.4854269027709961,0.4000000059604645,False,False,1
748,layer1.conv2,element,4,"(46, 0, 15)",0,0.0,False,0.91,0.0,False,,23,7.0,0.4375,4.0,0.9375,False,False,1
749,layer3.conv1,element,3,"(169, 9, 15)",1,0.005,True,0.905,0.0050000000000000044,False,,58,-12.0,-3.0,2.0,0.75,False,False,1
750,layer2.conv2,element,3,"(17, 7, 9)",0,0.0,False,0.91,0.0,False,,56,-8.0,-2.0,2.0,0.75,False,False,1
751,layer3.conv2,element,4,"(46, 26, 15)",0,0.0,False,0.91,0.0,False,,61,-20.0,-1.25,4.0,0.9375,False,False,1
752,layer3.conv2,element,0,"(77, 26, 29)",0,0.0,False,0.91,0.0,False,,57,-10.0,-8.0,0.3219280242919922,0.20000000298023224,False,False,1
753,layer3.conv1,element,4,"(68, 2, 29)",1,0.005,True,0.905,0.0050000000000000044,False,,61,-20.0,-1.25,4.0,0.9375,False,False,1
754,layer2.conv2,scale,3,"(45, 2)",92,0.46,True,0.535,0.375,False,,119,119.0,127.0,8.0,inf,False,False,32
755,layer3.conv2,element,0,"(1, 33, 30)",0,0.0,False,0.91,0.0,False,,57,-10.0,-8.0,0.3219280242919922,0.20000000298023224,False,False,1
756,layer3.conv1,element,4,"(77, 4, 0)",0,0.0,False,0.91,0.0,False,,30,24.0,1.5,4.0,0.9375,False,False,1
757,layer1.conv2,element,4,"(46, 2, 11)",0,0.0,False,0.91,0.0,False,,27,14.0,0.875,4.0,0.9375,False,False,1
758,layer3.conv2,element,1,"(101, 14, 19)",0,0.0,False,0.91,0.0,False,,27,14.0,10.0,0.4854269027709961,0.2857142984867096,False,False,1
759,layer3.conv2,scale,2,"(41, 20)",2,0.01,True,0.9,0.010000000000000009,False,,121,121.0,125.0,4.0,inf,False,False,32
760,layer3.conv2,element,4,"(124, 45, 9)",0,0.0,False,0.91,0.0,False,,17,2.5,0.0625,5.321928024291992,0.9750000238418579,False,False,1
761,layer3.conv2,element,5,"(27, 36, 5)",0,0.0,False,0.91,0.0,False,,60,-16.0,16.0,0.0,2.0,True,False,1
762,layer3.conv1,element,5,"(184, 7, 22)",0,0.0,False,0.91,0.0,False,,55,-7.0,7.0,0.0,2.0,True,False,1
763,layer3.conv2,element,0,"(85, 20, 28)",0,0.0,False,0.91,0.0,False,,56,-8.0,-10.0,0.3219280242919922,0.25,False,False,1
764,layer2.conv2,element,3,"(45, 15, 25)",0,0.0,False,0.91,0.0,False,,18,3.0,12.0,2.0,3.0,False,False,1
765,layer2.conv2,element,5,"(14, 1, 30)",0,0.0,False,0.91,0.0,False,,57,-10.0,10.0,0.0,2.0,True,False,1
766,layer3.conv1,element,5,"(99, 7, 27)",1,0.005,True,0.905,0.0050000000000000044,False,,60,-16.0,16.0,0.0,2.0,True,False,1
767,layer3.conv2,element,1,"(152, 16, 5)",0,0.0,False,0.91,0.0,False,,58,-12.0,-8.0,0.5849626064300537,0.3333333432674408,False,False,1
768,layer2.conv2,element,2,"(16, 21, 12)",0,0.0,False,0.91,0.0,False,,9,0.625,1.25,1.0,1.0,False,False,1
769,layer3.conv2,element,2,"(38, 2, 30)",0,0.0,False,0.91,0.0,False,,61,-20.0,-10.0,1.0,0.5,False,False,1
770,layer1.conv2,element,1,"(46, 11, 23)",0,0.0,False,0.91,0.0,False,,20,4.0,6.0,0.5849626064300537,0.5,False,False,1
771,layer3.conv2,element,1,"(51, 42, 15)",0,0.0,False,0.91,0.0,False,,20,4.0,6.0,0.5849626064300537,0.5,False,False,1
772,layer2.conv2,element,5,"(49, 12, 9)",1,0.005,True,0.905,0.0050000000000000044,False,,28,16.0,-16.0,0.0,2.0,True,False,1
773,layer3.conv1,element,0,"(106, 3, 11)",0,0.0,False,0.91,0.0,False,,51,-3.5,-3.0,0.22239243984222412,0.1428571492433548,False,False,1
774,layer2.conv1,scale,4,"(30, 1)",0,0.0,False,0.91,0.0,False,,118,118.0,102.0,16.0,inf,False,False,32
775,layer3.conv2,element,0,"(25, 23, 25)",0,0.0,False,0.91,0.0,False,,2,0.125,0.1875,0.5849626064300537,0.5,False,False,1
776,layer1.conv1,element,3,"(29, 10, 12)",0,0.0,False,0.91,0.0,False,,59,-14.0,-3.5,2.0,0.75,False,False,1
777,layer3.conv2,element,0,"(2, 48, 6)",0,0.0,False,0.91,0.0,False,,59,-14.0,-12.0,0.22239232063293457,0.1428571492433548,False,False,1
778,layer3.conv1,element,4,"(20, 8, 29)",0,0.0,False,0.91,0.0,False,,28,16.0,1.0,4.0,0.9375,False,False,1
779,layer3.conv2,element,1,"(144, 24, 31)",0,0.0,False,0.91,0.0,False,,21,5.0,7.0,0.4854269027709961,0.4000000059604645,False,False,1
780,layer2.conv2,element,2,"(68, 8, 16)",0,0.0,False,0.91,0.0,False,,14,1.5,0.75,1.0,0.5,False,False,1
781,layer1.conv1,element,4,"(36, 11, 0)",0,0.0,False,0.91,0.0,False,,47,-1.75,-28.0,4.0,15.0,False,False,1
782,layer3.conv1,element,1,"(49, 18, 21)",0,0.0,False,0.91,0.0,False,,31,28.0,20.0,0.4854269027709961,0.2857142984867096,False,False,1
783,layer3.conv2,element,4,"(63, 15, 13)",0,0.0,False,0.91,0.0,False,,21,5.0,0.3125,4.0,0.9375,False,False,1
784,layer2.conv2,element,0,"(7, 5, 23)",0,0.0,False,0.91,0.0,False,,53,-5.0,-4.0,0.3219280242919922,0.20000000298023224,False,False,1
785,layer3.conv1,element,2,"(114, 5, 28)",0,0.0,False,0.91,0.0,False,,24,8.0,16.0,1.0,1.0,False,False,1
786,layer2.conv2,element,2,"(18, 10, 19)",0,0.0,False,0.91,0.0,False,,26,12.0,24.0,0.9999997615814209,1.0,False,False,1
787,layer3.conv2,element,5,"(118, 0, 7)",0,0.0,False,0.91,0.0,False,,21,5.0,-5.0,0.0,2.0,True,False,1
788,layer3.conv2,element,2,"(27, 7, 28)",0,0.0,False,0.91,0.0,False,,61,-20.0,-10.0,1.0,0.5,False,False,1
789,layer3.conv1,element,5,"(23, 6, 1)",0,0.0,False,0.91,0.0,False,,25,10.0,-10.0,0.0,2.0,True,False,1
790,layer3.conv1,element,1,"(133, 3, 0)",0,0.0,False,0.91,0.0,False,,30,24.0,16.0,0.5849623680114746,0.3333333432674408,False,False,1
791,layer3.shortcut.0,element,2,"(189, 1, 19)",0,0.0,False,0.91,0.0,False,,18,3.0,6.0,1.0000001192092896,1.0,False,False,1
792,layer3.conv2,element,2,"(31, 14, 28)",0,0.0,False,0.91,0.0,False,,56,-8.0,-16.0,1.0,1.0,False,False,1
793,layer3.conv2,element,2,"(50, 40, 6)",0,0.0,False,0.91,0.0,False,,60,-16.0,-8.0,1.0,0.5,False,False,1
794,layer3.conv2,element,3,"(156, 16, 12)",0,0.0,False,0.91,0.0,False,,11,0.875,0.1875,2.2223923206329346,0.7857142686843872,False,False,1
795,layer2.conv1,scale,5,"(79, 13)",0,0.0,False,0.91,0.0,False,,118,118.0,86.0,32.0,inf,False,False,32
796,layer1.conv1,element,4,"(36, 9, 2)",0,0.0,False,0.91,0.0,False,,57,-10.0,-0.625,4.0,0.9375,False,False,1
797,layer2.conv2,scale,7,"(51, 5)",200,1.0,True,0.0,0.91,True,,120,120.0,248.0,128.0,inf,False,False,32
798,layer3.conv2,element,2,"(83, 22, 9)",0,0.0,False,0.91,0.0,False,,20,4.0,2.0,1.0,0.5,False,False,1
799,layer2.conv1,element,3,"(14, 13, 7)",0,0.0,False,0.91,0.0,False,,53,-5.0,-20.0,2.0,3.0,False,False,1
800,layer3.conv2,element,3,"(8, 27, 15)",0,0.0,False,0.91,0.0,False,,52,-4.0,-16.0,2.0,3.0,False,False,1
801,layer3.conv1,element,0,"(127, 4, 14)",0,0.0,False,0.91,0.0,False,,56,-8.0,-10.0,0.3219280242919922,0.25,False,False,1
802,layer3.conv2,element,2,"(21, 18, 9)",0,0.0,False,0.91,0.0,False,,61,-20.0,-10.0,1.0,0.5,False,False,1
803,layer3.conv2,element,2,"(150, 52, 24)",0,0.0,False,0.91,0.0,False,,43,-0.875,-1.75,1.0,1.0,False,False,1
804,layer3.conv2,element,3,"(120, 27, 14)",0,0.0,False,0.91,0.0,False,,20,4.0,16.0,2.0,3.0,False,False,1
805,layer3.conv2,element,3,"(22, 28, 25)",0,0.0,False,0.91,0.0,False,,16,2.0,8.0,2.0,3.0,False,False,1
806,layer2.conv1,element,1,"(71, 6, 6)",0,0.0,False,0.91,0.0,False,,16,2.0,3.0,0.5849624872207642,0.5,False,False,1
807,layer3.conv1,element,4,"(51, 2, 13)",0,0.0,False,0.91,0.0,False,,15,1.75,28.0,4.0,15.0,False,False,1
808,layer3.conv2,element,0,"(93, 6, 28)",0,0.0,False,0.91,0.0,False,,55,-7.0,-6.0,0.22239232063293457,0.1428571492433548,False,False,1
809,layer2.conv1,element,2,"(56, 2, 24)",0,0.0,False,0.91,0.0,False,,46,-1.5,-0.75,1.0,0.5,False,False,1
810,layer3.conv2,element,0,"(47, 35, 6)",0,0.0,False,0.91,0.0,False,,54,-6.0,-7.0,0.22239232063293457,0.1666666716337204,False,False,1
811,layer3.conv1,element,5,"(70, 14, 2)",0,0.0,False,0.91,0.0,False,,16,2.0,-2.0,0.0,2.0,True,False,1
812,layer3.conv2,element,4,"(144, 37, 7)",0,0.0,False,0.91,0.0,False,,18,3.0,0.125,4.584962368011475,0.9583333134651184,False,False,1
813,layer2.conv2,element,4,"(53, 16, 31)",0,0.0,False,0.91,0.0,False,,54,-6.0,-0.375,4.0,0.9375,False,False,1
814,layer3.conv2,element,5,"(8, 23, 20)",0,0.0,False,0.91,0.0,False,,56,-8.0,8.0,0.0,2.0,True,False,1
815,layer3.conv1,element,2,"(110, 14, 4)",0,0.0,False,0.91,0.0,False,,57,-10.0,-20.0,1.0,1.0,False,False,1
816,layer3.conv2,element,1,"(3, 33, 23)",0,0.0,False,0.91,0.0,False,,61,-20.0,-28.0,0.4854269027709961,0.4000000059604645,False,False,1
817,layer2.conv1,element,0,"(28, 6, 0)",0,0.0,False,0.91,0.0,False,,57,-10.0,-8.0,0.3219280242919922,0.20000000298023224,False,False,1
818,layer3.conv2,element,1,"(152, 25, 12)",0,0.0,False,0.91,0.0,False,,25,10.0,14.0,0.4854269027709961,0.4000000059604645,False,False,1
819,layer2.conv2,element,1,"(44, 11, 24)",0,0.0,False,0.91,0.0,False,,17,2.5,3.5,0.48542678356170654,0.4000000059604645,False,False,1
820,layer3.conv2,element,4,"(108, 37, 15)",0,0.0,False,0.91,0.0,False,,25,10.0,0.625,4.0,0.9375,False,False,1
821,layer2.conv2,element,4,"(69, 17, 6)",1,0.005,True,0.905,0.0050000000000000044,False,,14,1.5,24.0,4.0,15.0,False,False,1
822,layer3.conv2,element,4,"(171, 51, 22)",0,0.0,False,0.91,0.0,False,,8,0.5,8.0,4.0,15.0,False,False,1
823,layer3.conv2,element,4,"(107, 12, 21)",0,0.0,False,0.91,0.0,False,,26,12.0,0.75,4.0,0.9375,False,False,1
824,layer3.conv2,element,1,"(25, 34, 28)",0,0.0,False,0.91,0.0,False,,25,10.0,14.0,0.4854269027709961,0.4000000059604645,False,False,1
825,layer3.conv2,scale,0,"(187, 39)",0,0.0,False,0.91,0.0,False,,120,120.0,121.0,1.0,inf,False,False,32
826,layer2.conv2,element,2,"(18, 18, 13)",0,0.0,False,0.91,0.0,False,,11,0.875,1.75,1.0,1.0,False,False,1
827,layer2.conv1,element,2,"(37, 7, 23)",0,0.0,False,0.91,0.0,False,,37,-0.3125,-0.0625,2.321928024291992,0.800000011920929,False,False,1
828,layer3.conv2,element,0,"(123, 11, 28)",0,0.0,False,0.91,0.0,False,,23,7.0,6.0,0.22239232063293457,0.1428571492433548,False,False,1
829,layer2.conv1,scale,2,"(64, 7)",4,0.02,True,0.91,0.0,False,,119,119.0,115.0,4.0,inf,False,False,32
830,layer3.conv2,element,4,"(41, 42, 16)",0,0.0,False,0.91,0.0,False,,23,7.0,0.4375,4.0,0.9375,False,False,1
831,layer3.conv1,element,5,"(173, 10, 30)",0,0.0,False,0.91,0.0,False,,14,1.5,-1.5,0.0,2.0,True,False,1
832,layer1.conv1,element,4,"(36, 5, 0)",0,0.0,False,0.91,0.0,False,,27,14.0,0.875,4.0,0.9375,False,False,1
833,layer2.conv2,element,5,"(24, 4, 13)",0,0.0,False,0.91,0.0,False,,46,-1.5,1.5,0.0,2.0,True,False,1
834,layer3.conv2,element,2,"(130, 2, 22)",0,0.0,False,0.91,0.0,False,,49,-2.5,-5.0,0.9999998807907104,1.0,False,False,1
835,layer3.conv1,element,0,"(126, 8, 31)",0,0.0,False,0.91,0.0,False,,63,-28.0,-24.0,0.22239255905151367,0.1428571492433548,False,False,1
836,layer3.conv2,element,1,"(85, 35, 27)",0,0.0,False,0.91,0.0,False,,17,2.5,3.5,0.48542678356170654,0.4000000059604645,False,False,1
837,layer1.conv2,element,5,"(13, 1, 30)",2,0.01,True,0.9,0.010000000000000009,False,,62,-24.0,24.0,0.0,2.0,True,False,1
838,layer2.conv2,element,3,"(25, 25, 13)",0,0.0,False,0.91,0.0,False,,48,-2.0,-8.0,2.0,3.0,False,False,1
839,layer1.conv2,element,2,"(13, 0, 2)",1,0.005,True,0.905,0.0050000000000000044,False,,55,-7.0,-3.5,1.0,0.5,False,False,1
840,layer2.conv2,element,1,"(53, 16, 1)",0,0.0,False,0.91,0.0,False,,27,14.0,10.0,0.4854269027709961,0.2857142984867096,False,False,1
841,layer2.conv2,element,1,"(17, 16, 8)",0,0.0,False,0.91,0.0,False,,47,-1.75,-1.25,0.4854268431663513,0.2857142984867096,False,False,1
842,layer3.conv1,element,5,"(56, 23, 25)",0,0.0,False,0.91,0.0,False,,59,-14.0,14.0,0.0,2.0,True,False,1
843,layer3.conv1,element,3,"(148, 4, 27)",0,0.0,False,0.91,0.0,False,,27,14.0,3.5,2.0,0.75,False,False,1
844,layer1.conv2,element,4,"(17, 9, 27)",1,0.005,True,0.905,0.0050000000000000044,False,,59,-14.0,-0.875,4.0,0.9375,False,False,1
845,layer3.conv2,element,3,"(131, 23, 19)",0,0.0,False,0.91,0.0,False,,39,-0.4375,-1.75,2.0,3.0,False,False,1
846,layer3.conv2,element,5,"(15, 35, 1)",0,0.0,False,0.91,0.0,False,,54,-6.0,6.0,0.0,2.0,True,False,1
847,layer3.conv1,element,1,"(6, 4, 5)",0,0.0,False,0.91,0.0,False,,52,-4.0,-6.0,0.5849626064300537,0.5,False,False,1
848,layer3.conv2,element,5,"(156, 19, 11)",1,0.005,True,0.905,0.0050000000000000044,False,,60,-16.0,16.0,0.0,2.0,True,False,1
849,layer3.conv2,scale,7,"(150, 20)",200,1.0,True,0.0,0.91,True,,121,121.0,249.0,128.0,inf,False,False,32
850,layer3.conv1,element,2,"(142, 20, 24)",0,0.0,False,0.91,0.0,False,,55,-7.0,-3.5,1.0,0.5,False,False,1
851,layer2.conv2,element,4,"(48, 15, 15)",0,0.0,False,0.91,0.0,False,,22,6.0,0.375,4.0,0.9375,False,False,1
852,layer3.conv1,element,5,"(130, 6, 18)",1,0.005,True,0.905,0.0050000000000000044,False,,27,14.0,-14.0,0.0,2.0,True,False,1
853,layer3.conv1,element,5,"(158, 12, 11)",0,0.0,False,0.91,0.0,False,,60,-16.0,16.0,0.0,2.0,True,False,1
854,layer3.conv1,element,1,"(8, 22, 21)",0,0.0,False,0.91,0.0,False,,29,20.0,28.0,0.4854269027709961,0.4000000059604645,False,False,1
855,layer2.conv2,element,4,"(94, 26, 29)",0,0.0,False,0.91,0.0,False,,24,8.0,0.5,4.0,0.9375,False,False,1
856,layer2.conv2,element,5,"(12, 14, 14)",0,0.0,False,0.91,0.0,False,,23,7.0,-7.0,0.0,2.0,True,False,1
857,layer3.conv2,element,2,"(150, 11, 5)",0,0.0,False,0.91,0.0,False,,27,14.0,28.0,1.0,1.0,False,False,1
858,layer3.conv1,element,1,"(176, 25, 21)",0,0.0,False,0.91,0.0,False,,47,-1.75,-1.25,0.4854268431663513,0.2857142984867096,False,False,1
859,layer3.conv2,element,0,"(20, 43, 14)",0,0.0,False,0.91,0.0,False,,55,-7.0,-6.0,0.22239232063293457,0.1428571492433548,False,False,1
860,layer3.conv2,element,2,"(105, 13, 28)",0,0.0,False,0.91,0.0,False,,53,-5.0,-2.5,0.9999998807907104,0.5,False,False,1
861,layer3.conv2,element,0,"(3, 7, 24)",0,0.0,False,0.91,0.0,False,,13,1.25,1.0,0.32192808389663696,0.20000000298023224,False,False,1
862,layer3.conv2,element,0,"(121, 30, 13)",0,0.0,False,0.91,0.0,False,,47,-1.75,-1.5,0.22239243984222412,0.1428571492433548,False,False,1
863,layer2.conv2,element,2,"(37, 14, 16)",0,0.0,False,0.91,0.0,False,,22,6.0,3.0,1.0000001192092896,0.5,False,False,1
864,layer3.conv2,element,0,"(40, 26, 9)",0,0.0,False,0.91,0.0,False,,26,12.0,14.0,0.22239232063293457,0.1666666716337204,False,False,1
865,layer1.conv2,element,2,"(19, 6, 29)",1,0.005,True,0.905,0.0050000000000000044,False,,56,-8.0,-16.0,1.0,1.0,False,False,1
866,layer3.conv2,element,0,"(167, 27, 1)",0,0.0,False,0.91,0.0,False,,25,10.0,8.0,0.3219280242919922,0.20000000298023224,False,False,1
867,layer3.conv1,element,0,"(86, 7, 4)",0,0.0,False,0.91,0.0,False,,18,3.0,3.5,0.22239243984222412,0.1666666716337204,False,False,1
868,layer3.conv2,element,0,"(179, 36, 26)",0,0.0,False,0.91,0.0,False,,55,-7.0,-6.0,0.22239232063293457,0.1428571492433548,False,False,1
869,layer2.conv2,element,1,"(71, 5, 26)",0,0.0,False,0.91,0.0,False,,23,7.0,5.0,0.4854269027709961,0.2857142984867096,False,False,1
870,layer2.conv1,element,2,"(67, 7, 19)",0,0.0,False,0.91,0.0,False,,6,0.375,0.125,1.5849624872207642,0.6666666865348816,False,False,1
871,layer3.conv2,element,4,"(149, 20, 12)",0,0.0,False,0.91,0.0,False,,24,8.0,0.5,4.0,0.9375,False,False,1
872,layer3.conv1,element,3,"(169, 11, 9)",0,0.0,False,0.91,0.0,False,,31,28.0,7.0,2.0,0.75,False,False,1
873,conv1,element,1,"(3, 0, 13)",4,0.02,True,0.905,0.0050000000000000044,False,,31,28.0,20.0,0.4854269027709961,0.2857142984867096,False,False,1
874,layer3.conv2,element,3,"(145, 20, 10)",0,0.0,False,0.91,0.0,False,,31,28.0,7.0,2.0,0.75,False,False,1
875,layer3.conv1,element,2,"(80, 5, 26)",0,0.0,False,0.91,0.0,False,,52,-4.0,-2.0,1.0,0.5,False,False,1
876,layer1.conv2,element,4,"(15, 1, 2)",0,0.0,False,0.91,0.0,False,,60,-16.0,-1.0,4.0,0.9375,False,False,1
877,layer3.conv2,element,5,"(148, 37, 17)",0,0.0,False,0.91,0.0,False,,17,2.5,-2.5,0.0,2.0,True,False,1
878,layer2.conv1,element,0,"(7, 1, 2)",0,0.0,False,0.91,0.0,False,,53,-5.0,-4.0,0.3219280242919922,0.20000000298023224,False,False,1
879,layer3.conv1,element,4,"(161, 11, 28)",0,0.0,False,0.91,0.0,False,,45,-1.25,-20.0,4.0,15.0,False,False,1
880,layer2.conv2,element,4,"(29, 25, 22)",0,0.0,False,0.91,0.0,False,,50,-3.0,-0.125,4.584962368011475,0.9583333134651184,False,False,1
881,layer3.conv2,element,5,"(78, 41, 12)",0,0.0,False,0.91,0.0,False,,52,-4.0,4.0,0.0,2.0,True,False,1
882,layer3.conv1,element,0,"(189, 15, 31)",0,0.0,False,0.91,0.0,False,,30,24.0,28.0,0.22239255905151367,0.1666666716337204,False,False,1
883,layer2.conv1,element,5,"(94, 3, 14)",1,0.005,True,0.905,0.0050000000000000044,False,,60,-16.0,16.0,0.0,2.0,True,False,1
884,layer3.conv2,element,2,"(179, 12, 28)",0,0.0,False,0.91,0.0,False,,60,-16.0,-8.0,1.0,0.5,False,False,1
885,layer3.conv1,element,0,"(122, 7, 9)",0,0.0,False,0.91,0.0,False,,60,-16.0,-20.0,0.3219280242919922,0.25,False,False,1
886,layer3.conv1,element,1,"(145, 19, 20)",0,0.0,False,0.91,0.0,False,,21,5.0,7.0,0.4854269027709961,0.4000000059604645,False,False,1
887,layer3.conv1,element,1,"(3, 24, 18)",0,0.0,False,0.91,0.0,False,,55,-7.0,-5.0,0.4854269027709961,0.2857142984867096,False,False,1
888,layer3.conv1,element,3,"(69, 2, 14)",0,0.0,False,0.91,0.0,False,,59,-14.0,-3.5,2.0,0.75,False,False,1
889,layer3.conv1,element,3,"(52, 20, 19)",0,0.0,False,0.91,0.0,False,,21,5.0,20.0,2.0,3.0,False,False,1
890,layer2.shortcut.0,element,5,"(58, 0, 27)",0,0.0,False,0.91,0.0,False,,22,6.0,-6.0,0.0,2.0,True,False,1
891,layer3.conv1,element,2,"(30, 2, 0)",0,0.0,False,0.91,0.0,False,,25,10.0,20.0,1.0,1.0,False,False,1
892,layer3.conv2,element,4,"(84, 40, 20)",0,0.0,False,0.91,0.0,False,,58,-12.0,-0.75,4.0,0.9375,False,False,1
893,layer3.conv2,element,1,"(164, 5, 3)",0,0.0,False,0.91,0.0,False,,17,2.5,3.5,0.48542678356170654,0.4000000059604645,False,False,1
894,layer3.conv1,element,2,"(87, 6, 2)",0,0.0,False,0.91,0.0,False,,57,-10.0,-20.0,1.0,1.0,False,False,1
895,layer3.conv1,element,5,"(105, 11, 13)",0,0.0,False,0.91,0.0,False,,26,12.0,-12.0,0.0,2.0,True,False,1
896,layer3.conv2,element,3,"(70, 24, 21)",0,0.0,False,0.91,0.0,False,,9,0.625,0.0625,3.321928024291992,0.8999999761581421,False,False,1
897,layer3.conv2,element,1,"(149, 10, 18)",0,0.0,False,0.91,0.0,False,,59,-14.0,-10.0,0.4854269027709961,0.2857142984867096,False,False,1
898,layer3.conv1,element,0,"(42, 9, 15)",0,0.0,False,0.91,0.0,False,,56,-8.0,-10.0,0.3219280242919922,0.25,False,False,1
899,layer3.conv2,element,0,"(5, 47, 30)",0,0.0,False,0.91,0.0,False,,16,2.0,2.5,0.32192814350128174,0.25,False,False,1
900,layer3.conv2,element,4,"(170, 47, 15)",0,0.0,False,0.91,0.0,False,,4,0.25,4.0,4.0,15.0,False,False,1
901,layer3.conv2,element,5,"(8, 52, 16)",0,0.0,False,0.91,0.0,False,,62,-24.0,24.0,0.0,2.0,True,False,1
902,fc,element,0,"(1, 1, 28)",0,0.0,False,0.91,0.0,False,,56,-8.0,-10.0,0.3219280242919922,0.25,False,False,1
903,layer3.conv1,element,3,"(186, 4, 21)",0,0.0,False,0.91,0.0,False,,30,24.0,6.0,1.999999761581421,0.75,False,False,1
904,layer3.conv2,element,4,"(115, 15, 6)",0,0.0,False,0.91,0.0,False,,60,-16.0,-1.0,4.0,0.9375,False,False,1
905,layer3.conv2,element,2,"(77, 8, 14)",0,0.0,False,0.91,0.0,False,,25,10.0,20.0,1.0,1.0,False,False,1
906,layer3.conv2,element,3,"(125, 35, 25)",0,0.0,False,0.91,0.0,False,,53,-5.0,-20.0,2.0,3.0,False,False,1
907,fc,element,0,"(2, 5, 24)",0,0.0,False,0.91,0.0,False,,18,3.0,3.5,0.22239243984222412,0.1666666716337204,False,False,1
908,layer3.conv2,element,1,"(148, 28, 3)",0,0.0,False,0.91,0.0,False,,56,-8.0,-12.0,0.5849626064300537,0.5,False,False,1
909,layer3.conv2,element,3,"(6, 0, 12)",0,0.0,False,0.91,0.0,False,,26,12.0,3.0,2.0,0.75,False,False,1
910,layer2.conv1,element,5,"(1, 4, 21)",1,0.005,True,0.905,0.0050000000000000044,False,,63,-28.0,28.0,0.0,2.0,True,False,1
911,layer3.conv1,element,2,"(152, 19, 6)",0,0.0,False,0.91,0.0,False,,61,-20.0,-10.0,1.0,0.5,False,False,1
912,layer2.conv2,element,0,"(18, 8, 26)",0,0.0,False,0.91,0.0,False,,21,5.0,4.0,0.3219280242919922,0.20000000298023224,False,False,1
913,layer3.conv2,element,4,"(109, 52, 2)",0,0.0,False,0.91,0.0,False,,57,-10.0,-0.625,4.0,0.9375,False,False,1
914,layer2.conv1,element,1,"(74, 1, 21)",0,0.0,False,0.91,0.0,False,,56,-8.0,-12.0,0.5849626064300537,0.5,False,False,1
915,layer3.conv2,element,5,"(89, 11, 14)",1,0.005,True,0.905,0.0050000000000000044,False,,57,-10.0,10.0,0.0,2.0,True,False,1
916,layer1.conv1,element,0,"(22, 1, 3)",1,0.005,True,0.905,0.0050000000000000044,False,,61,-20.0,-16.0,0.3219280242919922,0.20000000298023224,False,False,1
917,layer3.shortcut.0,element,4,"(105, 0, 28)",1,0.005,True,0.905,0.0050000000000000044,False,,28,16.0,1.0,4.0,0.9375,False,False,1
918,layer2.conv2,element,0,"(80, 20, 10)",0,0.0,False,0.91,0.0,False,,12,1.0,1.25,0.32192808389663696,0.25,False,False,1
919,layer3.conv2,scale,5,"(121, 48)",0,0.0,False,0.91,0.0,False,,120,120.0,88.0,32.0,inf,False,False,32
920,layer3.conv2,element,3,"(36, 38, 21)",0,0.0,False,0.91,0.0,False,,46,-1.5,-0.375,2.0,0.75,False,False,1
921,layer3.conv2,element,4,"(39, 4, 29)",0,0.0,False,0.91,0.0,False,,57,-10.0,-0.625,4.0,0.9375,False,False,1
922,layer3.conv2,element,5,"(20, 35, 20)",0,0.0,False,0.91,0.0,False,,53,-5.0,5.0,0.0,2.0,True,False,1
923,layer2.conv1,element,2,"(79, 1, 3)",0,0.0,False,0.91,0.0,False,,25,10.0,20.0,1.0,1.0,False,False,1
924,layer2.conv1,element,3,"(28, 11, 26)",1,0.005,True,0.905,0.0050000000000000044,False,,31,28.0,7.0,2.0,0.75,False,False,1
925,layer3.conv2,element,3,"(53, 13, 13)",0,0.0,False,0.91,0.0,False,,54,-6.0,-24.0,1.999999761581421,3.0,False,False,1
926,layer3.conv2,element,5,"(61, 32, 27)",0,0.0,False,0.91,0.0,False,,18,3.0,-3.0,0.0,2.0,True,False,1
927,layer3.conv2,element,5,"(85, 42, 11)",0,0.0,False,0.91,0.0,False,,16,2.0,-2.0,0.0,2.0,True,False,1
928,layer1.conv2,element,1,"(28, 6, 27)",0,0.0,False,0.91,0.0,False,,56,-8.0,-12.0,0.5849626064300537,0.5,False,False,1
929,layer3.conv2,element,3,"(64, 50, 21)",0,0.0,False,0.91,0.0,False,,57,-10.0,-2.5,1.9999998807907104,0.75,False,False,1
930,layer3.conv2,element,5,"(159, 14, 21)",0,0.0,False,0.91,0.0,False,,48,-2.0,2.0,0.0,2.0,True,False,1
931,layer3.conv2,element,1,"(105, 12, 29)",0,0.0,False,0.91,0.0,False,,14,1.5,1.0,0.5849624872207642,0.3333333432674408,False,False,1
932,layer2.conv2,element,2,"(57, 1, 19)",0,0.0,False,0.91,0.0,False,,20,4.0,2.0,1.0,0.5,False,False,1
933,layer1.conv1,element,5,"(43, 2, 0)",1,0.005,True,0.905,0.0050000000000000044,False,,58,-12.0,12.0,0.0,2.0,True,False,1
934,layer2.conv2,element,4,"(53, 4, 22)",0,0.0,False,0.91,0.0,False,,58,-12.0,-0.75,4.0,0.9375,False,False,1
935,layer3.conv2,element,4,"(173, 36, 21)",0,0.0,False,0.91,0.0,False,,23,7.0,0.4375,4.0,0.9375,False,False,1
936,layer3.conv1,element,3,"(63, 18, 13)",0,0.0,False,0.91,0.0,False,,29,20.0,5.0,2.0,0.75,False,False,1
937,layer3.conv1,element,1,"(45, 10, 2)",0,0.0,False,0.91,0.0,False,,12,1.0,1.5,0.5849624872207642,0.5,False,False,1
938,layer3.conv1,element,4,"(76, 1, 13)",0,0.0,False,0.91,0.0,False,,48,-2.0,-0.0,inf,1.0,False,False,1
939,layer3.conv1,element,3,"(21, 12, 27)",1,0.005,True,0.905,0.0050000000000000044,False,,24,8.0,2.0,2.0,0.75,False,False,1
940,layer2.conv1,element,1,"(58, 2, 31)",0,0.0,False,0.91,0.0,False,,61,-20.0,-28.0,0.4854269027709961,0.4000000059604645,False,False,1
941,layer3.conv1,element,4,"(56, 11, 5)",0,0.0,False,0.91,0.0,False,,17,2.5,0.0625,5.321928024291992,0.9750000238418579,False,False,1
942,layer3.conv2,element,2,"(91, 46, 5)",0,0.0,False,0.91,0.0,False,,60,-16.0,-8.0,1.0,0.5,False,False,1
943,layer2.conv1,element,3,"(30, 7, 10)",0,0.0,False,0.91,0.0,False,,34,-0.125,-0.75,2.5849623680114746,5.0,False,False,1
944,layer3.conv2,element,1,"(95, 33, 4)",0,0.0,False,0.91,0.0,False,,8,0.5,0.75,0.5849624872207642,0.5,False,False,1
945,layer3.conv1,element,5,"(191, 2, 20)",0,0.0,False,0.91,0.0,False,,51,-3.5,3.5,0.0,2.0,True,False,1
946,layer2.conv2,element,1,"(32, 14, 18)",1,0.005,True,0.905,0.0050000000000000044,False,,59,-14.0,-10.0,0.4854269027709961,0.2857142984867096,False,False,1
947,layer3.conv2,element,2,"(33, 46, 1)",0,0.0,False,0.91,0.0,False,,22,6.0,3.0,1.0000001192092896,0.5,False,False,1
948,layer3.conv2,element,1,"(65, 48, 11)",0,0.0,False,0.91,0.0,False,,61,-20.0,-28.0,0.4854269027709961,0.4000000059604645,False,False,1
949,layer3.conv1,element,3,"(156, 19, 13)",0,0.0,False,0.91,0.0,False,,59,-14.0,-3.5,2.0,0.75,False,False,1
950,layer3.conv1,element,5,"(102, 0, 7)",0,0.0,False,0.91,0.0,False,,49,-2.5,2.5,0.0,2.0,True,False,1
951,layer3.shortcut.0,element,2,"(102, 1, 7)",0,0.0,False,0.91,0.0,False,,28,16.0,8.0,1.0,0.5,False,False,1
952,layer3.conv2,element,5,"(125, 38, 31)",0,0.0,False,0.91,0.0,False,,39,-0.4375,0.4375,0.0,2.0,True,False,1
953,layer3.conv2,element,5,"(95, 25, 16)",0,0.0,False,0.91,0.0,False,,23,7.0,-7.0,0.0,2.0,True,False,1
954,layer3.conv2,element,5,"(20, 18, 22)",0,0.0,False,0.91,0.0,False,,57,-10.0,10.0,0.0,2.0,True,False,1
955,layer3.conv1,element,0,"(169, 7, 5)",0,0.0,False,0.91,0.0,False,,8,0.5,0.625,0.32192808389663696,0.25,False,False,1
956,layer3.conv2,element,1,"(36, 46, 4)",0,0.0,False,0.91,0.0,False,,22,6.0,4.0,0.5849626064300537,0.3333333432674408,False,False,1
957,layer2.conv1,element,1,"(86, 3, 28)",0,0.0,False,0.91,0.0,False,,41,-0.625,-0.875,0.4854268431663513,0.4000000059604645,False,False,1
958,layer3.conv1,element,1,"(99, 4, 19)",1,0.005,True,0.905,0.0050000000000000044,False,,29,20.0,28.0,0.4854269027709961,0.4000000059604645,False,False,1
959,layer1.conv1,element,5,"(27, 7, 7)",0,0.0,False,0.91,0.0,False,,11,0.875,-0.875,0.0,2.0,True,False,1
960,layer2.conv2,element,4,"(42, 1, 20)",1,0.005,True,0.905,0.0050000000000000044,False,,28,16.0,1.0,4.0,0.9375,False,False,1
961,layer3.conv2,element,4,"(27, 24, 1)",0,0.0,False,0.91,0.0,False,,50,-3.0,-0.125,4.584962368011475,0.9583333134651184,False,False,1
962,layer2.conv1,element,2,"(42, 2, 7)",1,0.005,True,0.905,0.0050000000000000044,False,,63,-28.0,-14.0,1.0,0.5,False,False,1
963,layer3.conv2,element,3,"(156, 43, 21)",0,0.0,False,0.91,0.0,False,,46,-1.5,-0.375,2.0,0.75,False,False,1
964,layer3.conv1,element,2,"(62, 0, 4)",0,0.0,False,0.91,0.0,False,,53,-5.0,-2.5,0.9999998807907104,0.5,False,False,1
965,layer3.conv2,element,3,"(89, 31, 1)",0,0.0,False,0.91,0.0,False,,41,-0.625,-0.0625,3.321928024291992,0.8999999761581421,False,False,1
966,layer1.conv2,element,5,"(19, 12, 21)",0,0.0,False,0.91,0.0,False,,14,1.5,-1.5,0.0,2.0,True,False,1
967,layer3.conv1,element,4,"(64, 8, 5)",0,0.0,False,0.91,0.0,False,,26,12.0,0.75,4.0,0.9375,False,False,1
968,layer3.conv1,element,2,"(157, 1, 5)",1,0.005,True,0.905,0.0050000000000000044,False,,50,-3.0,-6.0,1.0000001192092896,1.0,False,False,1
969,layer3.conv2,element,3,"(129, 4, 28)",0,0.0,False,0.91,0.0,False,,25,10.0,2.5,1.9999998807907104,0.75,False,False,1
970,layer1.conv1,element,1,"(23, 11, 26)",0,0.0,False,0.91,0.0,False,,50,-3.0,-2.0,0.5849624872207642,0.3333333432674408,False,False,1
971,layer3.conv1,element,3,"(153, 21, 7)",0,0.0,False,0.91,0.0,False,,56,-8.0,-2.0,2.0,0.75,False,False,1
972,layer3.conv1,element,1,"(83, 24, 15)",0,0.0,False,0.91,0.0,False,,48,-2.0,-3.0,0.5849624872207642,0.5,False,False,1
973,layer3.conv2,element,1,"(77, 53, 14)",0,0.0,False,0.91,0.0,False,,62,-24.0,-16.0,0.5849623680114746,0.3333333432674408,False,False,1
974,layer3.conv2,element,0,"(26, 41, 31)",0,0.0,False,0.91,0.0,False,,57,-10.0,-8.0,0.3219280242919922,0.20000000298023224,False,False,1
975,layer3.conv1,element,0,"(99, 15, 27)",0,0.0,False,0.91,0.0,False,,45,-1.25,-1.0,0.32192808389663696,0.20000000298023224,False,False,1
976,layer3.conv2,element,4,"(72, 19, 1)",0,0.0,False,0.91,0.0,False,,25,10.0,0.625,4.0,0.9375,False,False,1
977,layer3.conv1,element,2,"(77, 12, 5)",0,0.0,False,0.91,0.0,False,,20,4.0,2.0,1.0,0.5,False,False,1
978,layer3.conv1,element,5,"(41, 23, 25)",0,0.0,False,0.91,0.0,False,,26,12.0,-12.0,0.0,2.0,True,False,1
979,layer3.conv2,element,2,"(81, 51, 2)",0,0.0,False,0.91,0.0,False,,25,10.0,20.0,1.0,1.0,False,False,1
980,layer3.conv2,element,3,"(109, 47, 25)",0,0.0,False,0.91,0.0,False,,25,10.0,2.5,1.9999998807907104,0.75,False,False,1
981,layer2.conv2,element,5,"(80, 25, 3)",0,0.0,False,0.91,0.0,False,,57,-10.0,10.0,0.0,2.0,True,False,1
982,layer2.conv1,element,4,"(33, 9, 29)",0,0.0,False,0.91,0.0,False,,27,14.0,0.875,4.0,0.9375,False,False,1
983,layer3.conv2,element,5,"(84, 8, 0)",0,0.0,False,0.91,0.0,False,,46,-1.5,1.5,0.0,2.0,True,False,1
984,layer3.conv2,element,2,"(19, 31, 6)",0,0.0,False,0.91,0.0,False,,61,-20.0,-10.0,1.0,0.5,False,False,1
985,layer2.shortcut.0,element,5,"(12, 0, 4)",1,0.005,True,0.905,0.0050000000000000044,False,,54,-6.0,6.0,0.0,2.0,True,False,1
986,layer3.conv2,element,1,"(104, 12, 30)",0,0.0,False,0.91,0.0,False,,61,-20.0,-28.0,0.4854269027709961,0.4000000059604645,False,False,1
987,layer3.conv2,element,3,"(130, 33, 3)",0,0.0,False,0.91,0.0,False,,20,4.0,16.0,2.0,3.0,False,False,1
988,layer2.conv2,element,2,"(77, 13, 5)",0,0.0,False,0.91,0.0,False,,19,3.5,7.0,1.0,1.0,False,False,1
989,layer3.conv2,element,4,"(77, 16, 7)",0,0.0,False,0.91,0.0,False,,62,-24.0,-1.5,4.0,0.9375,False,False,1
990,layer3.conv1,element,0,"(177, 26, 29)",0,0.0,False,0.91,0.0,False,,54,-6.0,-7.0,0.22239232063293457,0.1666666716337204,False,False,1
991,layer3.conv1,element,2,"(56, 23, 9)",0,0.0,False,0.91,0.0,False,,57,-10.0,-20.0,1.0,1.0,False,False,1
992,layer3.shortcut.0,element,0,"(176, 1, 28)",0,0.0,False,0.91,0.0,False,,60,-16.0,-20.0,0.3219280242919922,0.25,False,False,1
993,layer3.conv2,element,5,"(62, 21, 14)",0,0.0,False,0.91,0.0,False,,24,8.0,-8.0,0.0,2.0,True,False,1
994,layer2.conv2,element,4,"(6, 12, 24)",0,0.0,False,0.91,0.0,False,,26,12.0,0.75,4.0,0.9375,False,False,1
995,layer2.conv2,element,4,"(20, 3, 9)",0,0.0,False,0.91,0.0,False,,55,-7.0,-0.4375,4.0,0.9375,False,False,1
996,layer2.conv2,element,2,"(19, 19, 25)",0,0.0,False,0.91,0.0,False,,27,14.0,28.0,1.0,1.0,False,False,1
997,layer2.conv2,element,4,"(4, 1, 12)",0,0.0,False,0.91,0.0,False,,55,-7.0,-0.4375,4.0,0.9375,False,False,1
998,layer3.conv2,element,3,"(78, 3, 1)",0,0.0,False,0.91,0.0,False,,12,1.0,0.25,2.0,0.75,False,False,1
999,layer2.conv2,element,1,"(8, 1, 1)",0,0.0,False,0.91,0.0,False,,59,-14.0,-10.0,0.4854269027709961,0.2857142984867096,False,False,1
1000,layer3.conv2,element,1,"(115, 22, 4)",0,0.0,False,0.91,0.0,False,,57,-10.0,-14.0,0.4854269027709961,0.4000000059604645,False,False,1
1001,layer3.conv2,element,2,"(184, 11, 15)",0,0.0,False,0.91,0.0,False,,58,-12.0,-24.0,0.9999997615814209,1.0,False,False,1
1002,layer3.conv2,scale,1,"(93, 39)",0,0.0,False,0.91,0.0,False,,120,120.0,122.0,2.0,inf,False,False,32
1003,layer2.conv2,element,5,"(14, 4, 7)",0,0.0,False,0.91,0.0,False,,49,-2.5,2.5,0.0,2.0,True,False,1
1004,layer3.conv1,element,1,"(43, 6, 7)",0,0.0,False,0.91,0.0,False,,56,-8.0,-12.0,0.5849626064300537,0.5,False,False,1
1005,layer3.conv2,element,5,"(5, 46, 15)",0,0.0,False,0.91,0.0,False,,56,-8.0,8.0,0.0,2.0,True,False,1
1006,layer3.conv2,element,2,"(33, 12, 9)",0,0.0,False,0.91,0.0,False,,48,-2.0,-4.0,1.0,1.0,False,False,1
1007,layer3.shortcut.0,element,5,"(73, 0, 18)",0,0.0,False,0.91,0.0,False,,5,0.3125,-0.3125,0.0,2.0,True,False,1
1008,layer3.conv1,element,0,"(55, 24, 28)",0,0.0,False,0.91,0.0,False,,60,-16.0,-20.0,0.3219280242919922,0.25,False,False,1
1009,layer2.conv2,element,5,"(55, 14, 25)",0,0.0,False,0.91,0.0,False,,29,20.0,-20.0,0.0,2.0,True,False,1
1010,layer2.conv1,element,4,"(39, 10, 24)",0,0.0,False,0.91,0.0,False,,54,-6.0,-0.375,4.0,0.9375,False,False,1
1011,layer3.conv2,element,3,"(7, 37, 21)",0,0.0,False,0.91,0.0,False,,27,14.0,3.5,2.0,0.75,False,False,1
1012,layer3.conv2,element,4,"(128, 43, 8)",0,0.0,False,0.91,0.0,False,,23,7.0,0.4375,4.0,0.9375,False,False,1
1013,layer3.conv2,element,1,"(186, 46, 27)",0,0.0,False,0.91,0.0,False,,13,1.25,1.75,0.4854268431663513,0.4000000059604645,False,False,1
1014,layer3.conv2,element,0,"(169, 25, 16)",0,0.0,False,0.91,0.0,False,,61,-20.0,-16.0,0.3219280242919922,0.20000000298023224,False,False,1
1015,layer3.conv2,element,5,"(18, 52, 17)",1,0.005,True,0.905,0.0050000000000000044,False,,24,8.0,-8.0,0.0,2.0,True,False,1
1016,layer3.conv1,element,2,"(33, 3, 23)",0,0.0,False,0.91,0.0,False,,47,-1.75,-0.875,1.0,0.5,False,False,1
1017,layer3.conv2,element,3,"(77, 49, 17)",0,0.0,False,0.91,0.0,False,,48,-2.0,-8.0,2.0,3.0,False,False,1
1018,layer3.conv2,element,3,"(38, 26, 9)",0,0.0,False,0.91,0.0,False,,26,12.0,3.0,2.0,0.75,False,False,1
1019,layer3.conv2,element,2,"(90, 50, 5)",0,0.0,False,0.91,0.0,False,,44,-1.0,-0.5,1.0,0.5,False,False,1
1020,layer2.conv1,element,2,"(48, 4, 24)",0,0.0,False,0.91,0.0,False,,54,-6.0,-3.0,1.0000001192092896,0.5,False,False,1
1021,layer2.shortcut.0,element,0,"(49, 0, 26)",0,0.0,False,0.91,0.0,False,,40,-0.5,-0.625,0.32192808389663696,0.25,False,False,1
1022,layer3.conv2,element,1,"(55, 23, 4)",0,0.0,False,0.91,0.0,False,,55,-7.0,-5.0,0.4854269027709961,0.2857142984867096,False,False,1
1023,layer3.conv2,element,1,"(56, 42, 3)",0,0.0,False,0.91,0.0,False,,35,-0.1875,-0.0625,1.5849626064300537,0.6666666865348816,False,False,1
1024,layer3.conv2,element,5,"(187, 33, 9)",0,0.0,False,0.91,0.0,False,,23,7.0,-7.0,0.0,2.0,True,False,1
1025,layer2.conv2,element,5,"(84, 22, 4)",0,0.0,False,0.91,0.0,False,,54,-6.0,6.0,0.0,2.0,True,False,1
1026,layer3.conv1,element,3,"(4, 3, 17)",0,0.0,False,0.91,0.0,False,,53,-5.0,-20.0,2.0,3.0,False,False,1
1027,layer3.conv1,element,2,"(16, 7, 21)",0,0.0,False,0.91,0.0,False,,28,16.0,8.0,1.0,0.5,False,False,1
1028,layer3.conv2,element,1,"(2, 31, 20)",0,0.0,False,0.91,0.0,False,,27,14.0,10.0,0.4854269027709961,0.2857142984867096,False,False,1
1029,layer3.conv2,element,0,"(56, 43, 29)",0,0.0,False,0.91,0.0,False,,6,0.375,0.4375,0.22239243984222412,0.1666666716337204,False,False,1
1030,layer3.conv2,element,1,"(97, 0, 20)",0,0.0,False,0.91,0.0,False,,45,-1.25,-1.75,0.4854268431663513,0.4000000059604645,False,False,1
1031,layer3.conv2,element,3,"(116, 0, 1)",0,0.0,False,0.91,0.0,False,,15,1.75,0.4375,2.0,0.75,False,False,1
1032,layer3.conv2,element,4,"(6, 14, 18)",0,0.0,False,0.91,0.0,False,,58,-12.0,-0.75,4.0,0.9375,False,False,1
1033,layer3.conv2,element,5,"(175, 24, 19)",0,0.0,False,0.91,0.0,False,,57,-10.0,10.0,0.0,2.0,True,False,1
1034,layer1.conv1,element,5,"(11, 0, 30)",5,0.025,True,0.9,0.010000000000000009,False,,61,-20.0,20.0,0.0,2.0,True,False,1
1035,layer3.conv1,element,2,"(70, 11, 7)",0,0.0,False,0.91,0.0,False,,48,-2.0,-4.0,1.0,1.0,False,False,1
1036,layer3.conv2,element,2,"(185, 27, 9)",0,0.0,False,0.91,0.0,False,,29,20.0,10.0,1.0,0.5,False,False,1
1037,layer2.conv1,element,3,"(80, 0, 6)",0,0.0,False,0.91,0.0,False,,29,20.0,5.0,2.0,0.75,False,False,1
1038,layer1.conv1,element,1,"(37, 9, 22)",0,0.0,False,0.91,0.0,False,,42,-0.75,-0.5,0.5849624872207642,0.3333333432674408,False,False,1
1039,layer3.conv1,element,4,"(57, 24, 29)",0,0.0,False,0.91,0.0,False,,19,3.5,0.1875,4.2223920822143555,0.9464285969734192,False,False,1
1040,layer3.conv1,element,0,"(82, 9, 20)",0,0.0,False,0.91,0.0,False,,59,-14.0,-12.0,0.22239232063293457,0.1428571492433548,False,False,1
1041,layer3.conv1,element,3,"(40, 20, 5)",0,0.0,False,0.91,0.0,False,,60,-16.0,-4.0,2.0,0.75,False,False,1
1042,layer2.conv1,element,3,"(82, 12, 14)",0,0.0,False,0.91,0.0,False,,25,10.0,2.5,1.9999998807907104,0.75,False,False,1
1043,layer3.conv1,element,0,"(170, 6, 14)",0,0.0,False,0.91,0.0,False,,14,1.5,1.75,0.22239243984222412,0.1666666716337204,False,False,1
1044,layer3.conv2,element,0,"(42, 17, 28)",0,0.0,False,0.91,0.0,False,,54,-6.0,-7.0,0.22239232063293457,0.1666666716337204,False,False,1
1045,layer2.conv2,element,0,"(43, 17, 27)",0,0.0,False,0.91,0.0,False,,42,-0.75,-0.875,0.22239243984222412,0.1666666716337204,False,False,1
1046,layer3.conv2,element,1,"(160, 53, 17)",0,0.0,False,0.91,0.0,False,,59,-14.0,-10.0,0.4854269027709961,0.2857142984867096,False,False,1
1047,layer2.conv2,element,0,"(43, 17, 8)",0,0.0,False,0.91,0.0,False,,11,0.875,0.75,0.22239243984222412,0.1428571492433548,False,False,1
1048,layer2.conv2,element,0,"(36, 20, 10)",0,0.0,False,0.91,0.0,False,,54,-6.0,-7.0,0.22239232063293457,0.1666666716337204,False,False,1
1049,layer3.conv2,element,2,"(87, 45, 12)",0,0.0,False,0.91,0.0,False,,20,4.0,2.0,1.0,0.5,False,False,1
1050,layer3.conv2,element,5,"(175, 32, 14)",0,0.0,False,0.91,0.0,False,,60,-16.0,16.0,0.0,2.0,True,False,1
1051,layer3.conv2,element,1,"(7, 50, 5)",0,0.0,False,0.91,0.0,False,,56,-8.0,-12.0,0.5849626064300537,0.5,False,False,1
1052,layer1.conv1,element,2,"(29, 12, 10)",0,0.0,False,0.91,0.0,False,,35,-0.1875,-0.4375,1.2223923206329346,1.3333333730697632,False,False,1
1053,layer3.conv2,element,0,"(53, 46, 0)",0,0.0,False,0.91,0.0,False,,40,-0.5,-0.625,0.32192808389663696,0.25,False,False,1
1054,layer2.conv2,element,4,"(18, 20, 22)",0,0.0,False,0.91,0.0,False,,17,2.5,0.0625,5.321928024291992,0.9750000238418579,False,False,1
1055,layer1.conv1,element,1,"(33, 11, 17)",0,0.0,False,0.91,0.0,False,,51,-3.5,-2.5,0.48542678356170654,0.2857142984867096,False,False,1
1056,layer3.conv1,element,0,"(127, 7, 10)",0,0.0,False,0.91,0.0,False,,59,-14.0,-12.0,0.22239232063293457,0.1428571492433548,False,False,1
1057,layer3.conv2,element,2,"(174, 6, 2)",0,0.0,False,0.91,0.0,False,,53,-5.0,-2.5,0.9999998807907104,0.5,False,False,1
1058,layer3.conv2,element,2,"(166, 47, 18)",0,0.0,False,0.91,0.0,False,,26,12.0,24.0,0.9999997615814209,1.0,False,False,1
1059,layer3.shortcut.0,element,3,"(48, 0, 16)",0,0.0,False,0.91,0.0,False,,8,0.5,0.0,inf,1.0,False,False,1
1060,layer2.shortcut.0,element,2,"(57, 0, 8)",0,0.0,False,0.91,0.0,False,,58,-12.0,-24.0,0.9999997615814209,1.0,False,False,1
1061,layer3.conv1,element,4,"(65, 26, 22)",0,0.0,False,0.91,0.0,False,,28,16.0,1.0,4.0,0.9375,False,False,1
1062,layer3.conv2,element,2,"(46, 33, 25)",0,0.0,False,0.91,0.0,False,,59,-14.0,-28.0,1.0,1.0,False,False,1
1063,layer3.conv2,element,4,"(69, 23, 14)",0,0.0,False,0.91,0.0,False,,58,-12.0,-0.75,4.0,0.9375,False,False,1
1064,layer2.conv1,element,0,"(66, 6, 16)",0,0.0,False,0.91,0.0,False,,50,-3.0,-3.5,0.22239243984222412,0.1666666716337204,False,False,1
1065,layer1.conv1,element,5,"(22, 10, 9)",0,0.0,False,0.91,0.0,False,,9,0.625,-0.625,0.0,2.0,True,False,1
1066,layer3.shortcut.0,element,2,"(184, 1, 6)",0,0.0,False,0.91,0.0,False,,49,-2.5,-5.0,0.9999998807907104,1.0,False,False,1
1067,layer3.conv2,element,0,"(26, 25, 22)",0,0.0,False,0.91,0.0,False,,11,0.875,0.75,0.22239243984222412,0.1428571492433548,False,False,1
1068,layer3.conv2,element,2,"(66, 46, 3)",0,0.0,False,0.91,0.0,False,,16,2.0,4.0,1.0,1.0,False,False,1
1069,layer3.conv1,element,4,"(158, 8, 30)",0,0.0,False,0.91,0.0,False,,14,1.5,24.0,4.0,15.0,False,False,1
1070,layer2.conv2,element,2,"(0, 15, 4)",0,0.0,False,0.91,0.0,False,,52,-4.0,-2.0,1.0,0.5,False,False,1
1071,layer3.conv2,element,1,"(105, 40, 17)",0,0.0,False,0.91,0.0,False,,24,8.0,12.0,0.5849626064300537,0.5,False,False,1
1072,layer1.conv1,element,2,"(42, 0, 30)",0,0.0,False,0.91,0.0,False,,16,2.0,4.0,1.0,1.0,False,False,1
1073,layer3.conv1,element,0,"(146, 13, 26)",0,0.0,False,0.91,0.0,False,,21,5.0,4.0,0.3219280242919922,0.20000000298023224,False,False,1
1074,layer3.conv2,element,4,"(76, 2, 13)",0,0.0,False,0.91,0.0,False,,57,-10.0,-0.625,4.0,0.9375,False,False,1
1075,layer2.conv2,element,4,"(61, 2, 7)",0,0.0,False,0.91,0.0,False,,13,1.25,20.0,4.0,15.0,False,False,1
1076,layer3.conv2,element,0,"(167, 14, 24)",0,0.0,False,0.91,0.0,False,,1,0.0625,0.0,inf,1.0,False,False,1
1077,layer3.conv1,element,3,"(18, 5, 19)",0,0.0,False,0.91,0.0,False,,55,-7.0,-28.0,2.0,3.0,False,False,1
1078,layer2.shortcut.0,element,1,"(89, 0, 14)",1,0.005,True,0.905,0.0050000000000000044,False,,56,-8.0,-12.0,0.5849626064300537,0.5,False,False,1
1079,layer3.conv2,element,0,"(116, 19, 19)",0,0.0,False,0.91,0.0,False,,52,-4.0,-5.0,0.3219280242919922,0.25,False,False,1
1080,layer3.conv2,element,4,"(10, 29, 29)",1,0.005,True,0.905,0.0050000000000000044,False,,24,8.0,0.5,4.0,0.9375,False,False,1
1081,layer2.conv2,element,5,"(92, 6, 1)",1,0.005,True,0.905,0.0050000000000000044,False,,58,-12.0,12.0,0.0,2.0,True,False,1
1082,layer3.conv1,element,0,"(155, 11, 17)",0,0.0,False,0.91,0.0,False,,21,5.0,4.0,0.3219280242919922,0.20000000298023224,False,False,1
1083,layer3.conv2,element,4,"(134, 11, 31)",0,0.0,False,0.91,0.0,False,,26,12.0,0.75,4.0,0.9375,False,False,1
1084,layer3.conv2,element,0,"(88, 30, 21)",0,0.0,False,0.91,0.0,False,,21,5.0,4.0,0.3219280242919922,0.20000000298023224,False,False,1
1085,layer2.conv2,element,4,"(28, 6, 7)",0,0.0,False,0.91,0.0,False,,46,-1.5,-24.0,4.0,15.0,False,False,1
1086,layer3.conv2,element,4,"(56, 12, 3)",0,0.0,False,0.91,0.0,False,,61,-20.0,-1.25,4.0,0.9375,False,False,1
1087,layer3.conv2,element,5,"(26, 10, 5)",0,0.0,False,0.91,0.0,False,,27,14.0,-14.0,0.0,2.0,True,False,1
1088,layer2.conv2,element,4,"(89, 1, 7)",1,0.005,True,0.905,0.0050000000000000044,False,,24,8.0,0.5,4.0,0.9375,False,False,1
1089,layer2.conv2,element,2,"(75, 17, 11)",0,0.0,False,0.91,0.0,False,,21,5.0,2.5,0.9999998807907104,0.5,False,False,1
1090,layer3.conv1,element,2,"(156, 3, 30)",0,0.0,False,0.91,0.0,False,,27,14.0,28.0,1.0,1.0,False,False,1
1091,layer3.conv2,element,4,"(73, 18, 19)",0,0.0,False,0.91,0.0,False,,28,16.0,1.0,4.0,0.9375,False,False,1
1092,layer3.conv2,scale,3,"(116, 42)",0,0.0,False,0.91,0.0,False,,121,121.0,113.0,8.0,inf,False,False,32
1093,layer3.conv2,element,2,"(178, 30, 29)",0,0.0,False,0.91,0.0,False,,22,6.0,3.0,1.0000001192092896,0.5,False,False,1
1094,layer3.conv2,scale,2,"(43, 33)",0,0.0,False,0.91,0.0,False,,120,120.0,124.0,4.0,inf,False,False,32
1095,layer2.conv2,element,1,"(89, 24, 18)",0,0.0,False,0.91,0.0,False,,26,12.0,8.0,0.5849626064300537,0.3333333432674408,False,False,1
1096,layer3.conv2,element,2,"(7, 4, 13)",0,0.0,False,0.91,0.0,False,,22,6.0,3.0,1.0000001192092896,0.5,False,False,1
1097,layer3.conv2,scale,1,"(111, 22)",0,0.0,False,0.91,0.0,False,,120,120.0,122.0,2.0,inf,False,False,32
1098,layer3.conv2,scale,3,"(93, 8)",0,0.0,False,0.91,0.0,False,,120,120.0,112.0,8.0,inf,False,False,32
1099,layer1.conv1,element,3,"(36, 5, 10)",0,0.0,False,0.91,0.0,False,,12,1.0,0.25,2.0,0.75,False,False,1
1100,layer2.conv1,element,3,"(11, 10, 16)",1,0.005,True,0.905,0.0050000000000000044,False,,21,5.0,20.0,2.0,3.0,False,False,1
1101,layer3.conv2,element,5,"(71, 32, 4)",0,0.0,False,0.91,0.0,False,,52,-4.0,4.0,0.0,2.0,True,False,1
1102,layer1.conv1,element,5,"(17, 7, 2)",1,0.005,True,0.905,0.0050000000000000044,False,,53,-5.0,5.0,0.0,2.0,True,False,1
1103,layer3.conv1,element,4,"(56, 5, 10)",1,0.005,True,0.905,0.0050000000000000044,False,,47,-1.75,-28.0,4.0,15.0,False,False,1
1104,layer3.conv2,element,3,"(67, 26, 3)",0,0.0,False,0.91,0.0,False,,18,3.0,12.0,2.0,3.0,False,False,1
1105,layer1.conv1,element,0,"(9, 5, 11)",0,0.0,False,0.91,0.0,False,,15,1.75,1.5,0.22239243984222412,0.1428571492433548,False,False,1
1106,layer1.conv2,element,0,"(32, 2, 6)",0,0.0,False,0.91,0.0,False,,29,20.0,16.0,0.3219280242919922,0.20000000298023224,False,False,1
1107,layer3.conv1,element,0,"(159, 19, 31)",0,0.0,False,0.91,0.0,False,,49,-2.5,-2.0,0.32192814350128174,0.20000000298023224,False,False,1
1108,layer3.conv1,element,2,"(109, 11, 30)",0,0.0,False,0.91,0.0,False,,57,-10.0,-20.0,1.0,1.0,False,False,1
1109,layer3.conv2,element,2,"(16, 3, 4)",0,0.0,False,0.91,0.0,False,,23,7.0,3.5,1.0,0.5,False,False,1
1110,layer2.conv1,element,5,"(17, 2, 15)",0,0.0,False,0.91,0.0,False,,56,-8.0,8.0,0.0,2.0,True,False,1
1111,layer3.conv2,element,1,"(109, 11, 28)",0,0.0,False,0.91,0.0,False,,25,10.0,14.0,0.4854269027709961,0.4000000059604645,False,False,1
1112,layer3.conv2,element,2,"(12, 3, 12)",0,0.0,False,0.91,0.0,False,,58,-12.0,-24.0,0.9999997615814209,1.0,False,False,1
1113,layer3.conv1,element,3,"(37, 22, 23)",0,0.0,False,0.91,0.0,False,,56,-8.0,-2.0,2.0,0.75,False,False,1
1114,layer3.conv1,element,3,"(157, 22, 14)",0,0.0,False,0.91,0.0,False,,17,2.5,10.0,1.9999998807907104,3.0,False,False,1
1115,layer2.conv2,element,3,"(93, 8, 0)",1,0.005,True,0.905,0.0050000000000000044,False,,51,-3.5,-14.0,2.0,3.0,False,False,1
1116,layer2.conv1,element,5,"(79, 3, 30)",0,0.0,False,0.91,0.0,False,,19,3.5,-3.5,0.0,2.0,True,False,1
1117,layer3.conv2,element,4,"(165, 12, 16)",0,0.0,False,0.91,0.0,False,,29,20.0,1.25,4.0,0.9375,False,False,1
1118,layer3.conv2,element,3,"(38, 27, 30)",0,0.0,False,0.91,0.0,False,,50,-3.0,-12.0,2.0,3.0,False,False,1
1119,layer2.conv2,element,5,"(61, 12, 24)",0,0.0,False,0.91,0.0,False,,23,7.0,-7.0,0.0,2.0,True,False,1
1120,layer3.conv2,element,0,"(182, 42, 13)",0,0.0,False,0.91,0.0,False,,24,8.0,10.0,0.3219280242919922,0.25,False,False,1
1121,layer2.conv2,element,4,"(25, 26, 16)",1,0.005,True,0.905,0.0050000000000000044,False,,23,7.0,0.4375,4.0,0.9375,False,False,1
1122,layer1.conv2,element,3,"(39, 4, 9)",0,0.0,False,0.91,0.0,False,,57,-10.0,-2.5,1.9999998807907104,0.75,False,False,1
1123,layer3.conv2,element,2,"(126, 46, 10)",0,0.0,False,0.91,0.0,False,,22,6.0,3.0,1.0000001192092896,0.5,False,False,1
1124,layer3.conv2,element,4,"(147, 22, 14)",0,0.0,False,0.91,0.0,False,,40,-0.5,-8.0,4.0,15.0,False,False,1
1125,layer3.conv1,element,4,"(135, 16, 21)",0,0.0,False,0.91,0.0,False,,57,-10.0,-0.625,4.0,0.9375,False,False,1
1126,layer3.conv2,element,4,"(113, 53, 16)",0,0.0,False,0.91,0.0,False,,61,-20.0,-1.25,4.0,0.9375,False,False,1
1127,layer3.conv1,element,1,"(90, 6, 5)",0,0.0,False,0.91,0.0,False,,48,-2.0,-3.0,0.5849624872207642,0.5,False,False,1
1128,layer1.conv2,element,2,"(37, 9, 17)",0,0.0,False,0.91,0.0,False,,48,-2.0,-4.0,1.0,1.0,False,False,1
1129,layer3.conv2,element,2,"(103, 37, 21)",0,0.0,False,0.91,0.0,False,,56,-8.0,-16.0,1.0,1.0,False,False,1
1130,layer3.conv1,element,3,"(153, 23, 21)",1,0.005,True,0.905,0.0050000000000000044,False,,59,-14.0,-3.5,2.0,0.75,False,False,1
1131,layer3.conv1,element,1,"(145, 11, 2)",0,0.0,False,0.91,0.0,False,,53,-5.0,-7.0,0.4854269027709961,0.4000000059604645,False,False,1
1132,layer3.conv2,element,5,"(142, 24, 26)",0,0.0,False,0.91,0.0,False,,52,-4.0,4.0,0.0,2.0,True,False,1
1133,layer3.conv2,element,1,"(14, 18, 1)",0,0.0,False,0.91,0.0,False,,62,-24.0,-16.0,0.5849623680114746,0.3333333432674408,False,False,1
1134,layer3.conv2,element,5,"(130, 38, 24)",0,0.0,False,0.91,0.0,False,,11,0.875,-0.875,0.0,2.0,True,False,1
1135,layer3.conv1,scale,3,"(187, 2)",169,0.845,True,0.14,0.77,False,,118,118.0,126.0,8.0,inf,False,False,32
1136,layer3.conv1,element,0,"(70, 6, 21)",0,0.0,False,0.91,0.0,False,,25,10.0,8.0,0.3219280242919922,0.20000000298023224,False,False,1
1137,layer3.conv2,element,2,"(55, 39, 19)",0,0.0,False,0.91,0.0,False,,14,1.5,0.75,1.0,0.5,False,False,1
1138,layer3.conv2,element,1,"(104, 13, 25)",0,0.0,False,0.91,0.0,False,,19,3.5,2.5,0.48542678356170654,0.2857142984867096,False,False,1
1139,layer3.conv2,element,5,"(148, 52, 29)",0,0.0,False,0.91,0.0,False,,30,24.0,-24.0,0.0,2.0,True,False,1
1140,layer3.conv1,element,0,"(153, 17, 6)",0,0.0,False,0.91,0.0,False,,26,12.0,14.0,0.22239232063293457,0.1666666716337204,False,False,1
1141,layer2.conv2,element,3,"(48, 11, 3)",1,0.005,True,0.905,0.0050000000000000044,False,,61,-20.0,-5.0,2.0,0.75,False,False,1
1142,layer3.conv2,element,1,"(186, 3, 15)",0,0.0,False,0.91,0.0,False,,45,-1.25,-1.75,0.4854268431663513,0.4000000059604645,False,False,1
1143,layer3.conv1,element,5,"(191, 24, 16)",0,0.0,False,0.91,0.0,False,,46,-1.5,1.5,0.0,2.0,True,False,1
1144,layer3.shortcut.0,element,3,"(23, 2, 11)",0,0.0,False,0.91,0.0,False,,15,1.75,0.4375,2.0,0.75,False,False,1
1145,layer3.conv2,element,0,"(56, 39, 4)",0,0.0,False,0.91,0.0,False,,21,5.0,4.0,0.3219280242919922,0.20000000298023224,False,False,1
1146,layer3.conv2,scale,5,"(74, 30)",0,0.0,False,0.91,0.0,False,,121,121.0,89.0,32.0,inf,False,False,32
1147,layer3.conv2,element,1,"(1, 29, 0)",0,0.0,False,0.91,0.0,False,,12,1.0,1.5,0.5849624872207642,0.5,False,False,1
1148,layer3.conv2,element,0,"(70, 16, 20)",0,0.0,False,0.91,0.0,False,,24,8.0,10.0,0.3219280242919922,0.25,False,False,1
1149,layer3.conv2,element,0,"(65, 30, 9)",0,0.0,False,0.91,0.0,False,,24,8.0,10.0,0.3219280242919922,0.25,False,False,1
1150,layer3.conv2,scale,3,"(25, 41)",0,0.0,False,0.91,0.0,False,,120,120.0,112.0,8.0,inf,False,False,32
1151,layer1.conv2,element,5,"(3, 0, 29)",0,0.0,False,0.91,0.0,False,,13,1.25,-1.25,0.0,2.0,True,False,1
1152,layer3.conv2,element,4,"(125, 46, 26)",0,0.0,False,0.91,0.0,False,,47,-1.75,-28.0,4.0,15.0,False,False,1
1153,layer3.conv2,element,3,"(53, 7, 3)",0,0.0,False,0.91,0.0,False,,55,-7.0,-28.0,2.0,3.0,False,False,1
1154,layer2.conv2,element,2,"(43, 4, 3)",0,0.0,False,0.91,0.0,False,,48,-2.0,-4.0,1.0,1.0,False,False,1
1155,layer3.conv2,scale,7,"(154, 48)",200,1.0,True,0.0,0.91,True,,120,120.0,248.0,128.0,inf,False,False,32
1156,layer3.conv2,element,1,"(41, 46, 12)",0,0.0,False,0.91,0.0,False,,61,-20.0,-28.0,0.4854269027709961,0.4000000059604645,False,False,1
1157,layer3.conv2,element,1,"(57, 1, 30)",0,0.0,False,0.91,0.0,False,,61,-20.0,-28.0,0.4854269027709961,0.4000000059604645,False,False,1
1158,layer3.conv2,element,5,"(166, 52, 10)",0,0.0,False,0.91,0.0,False,,21,5.0,-5.0,0.0,2.0,True,False,1
1159,fc,element,5,"(6, 0, 24)",0,0.0,False,0.91,0.0,False,,61,-20.0,20.0,0.0,2.0,True,False,1
1160,layer3.conv2,element,5,"(45, 21, 14)",0,0.0,False,0.91,0.0,False,,23,7.0,-7.0,0.0,2.0,True,False,1
1161,layer3.conv2,element,0,"(42, 53, 13)",0,0.0,False,0.91,0.0,False,,59,-14.0,-12.0,0.22239232063293457,0.1428571492433548,False,False,1
1162,layer3.conv1,scale,2,"(133, 9)",0,0.0,False,0.91,0.0,False,,119,119.0,115.0,4.0,inf,False,False,32
1163,layer1.conv2,element,2,"(33, 3, 12)",0,0.0,False,0.91,0.0,False,,30,24.0,12.0,0.9999997615814209,0.5,False,False,1
1164,layer3.conv2,element,3,"(154, 36, 0)",0,0.0,False,0.91,0.0,False,,20,4.0,16.0,2.0,3.0,False,False,1
1165,layer3.conv1,element,5,"(39, 23, 10)",0,0.0,False,0.91,0.0,False,,28,16.0,-16.0,0.0,2.0,True,False,1
1166,layer3.conv1,element,2,"(91, 6, 18)",0,0.0,False,0.91,0.0,False,,33,-0.0625,-0.3125,2.321928024291992,4.0,False,False,1
1167,layer3.conv2,element,0,"(81, 32, 13)",0,0.0,False,0.91,0.0,False,,24,8.0,10.0,0.3219280242919922,0.25,False,False,1
1168,layer3.conv2,element,5,"(53, 25, 6)",0,0.0,False,0.91,0.0,False,,17,2.5,-2.5,0.0,2.0,True,False,1
1169,layer3.conv2,element,5,"(91, 16, 5)",0,0.0,False,0.91,0.0,False,,55,-7.0,7.0,0.0,2.0,True,False,1
1170,layer3.conv2,element,2,"(56, 17, 19)",0,0.0,False,0.91,0.0,False,,22,6.0,3.0,1.0000001192092896,0.5,False,False,1
1171,layer2.conv2,element,1,"(55, 21, 31)",0,0.0,False,0.91,0.0,False,,55,-7.0,-5.0,0.4854269027709961,0.2857142984867096,False,False,1
1172,layer2.conv2,element,4,"(45, 10, 0)",0,0.0,False,0.91,0.0,False,,24,8.0,0.5,4.0,0.9375,False,False,1
1173,layer3.conv2,element,0,"(145, 9, 28)",0,0.0,False,0.91,0.0,False,,4,0.25,0.3125,0.32192814350128174,0.25,False,False,1
1174,layer3.conv2,element,5,"(15, 32, 31)",0,0.0,False,0.91,0.0,False,,24,8.0,-8.0,0.0,2.0,True,False,1
1175,layer3.conv1,element,3,"(13, 8, 0)",0,0.0,False,0.91,0.0,False,,59,-14.0,-3.5,2.0,0.75,False,False,1
1176,layer3.conv2,element,0,"(75, 45, 12)",0,0.0,False,0.91,0.0,False,,38,-0.375,-0.4375,0.22239243984222412,0.1666666716337204,False,False,1
1177,layer3.conv2,element,5,"(173, 41, 16)",0,0.0,False,0.91,0.0,False,,17,2.5,-2.5,0.0,2.0,True,False,1
1178,layer2.conv1,element,1,"(28, 10, 7)",0,0.0,False,0.91,0.0,False,,51,-3.5,-2.5,0.48542678356170654,0.2857142984867096,False,False,1
1179,layer3.conv1,element,4,"(50, 10, 9)",0,0.0,False,0.91,0.0,False,,59,-14.0,-0.875,4.0,0.9375,False,False,1
1180,layer3.conv2,element,3,"(31, 30, 1)",0,0.0,False,0.91,0.0,False,,58,-12.0,-3.0,2.0,0.75,False,False,1
1181,conv1,element,4,"(34, 0, 13)",0,0.0,False,0.91,0.0,False,,22,6.0,0.375,4.0,0.9375,False,False,1
1182,layer3.conv2,element,3,"(65, 31, 12)",0,0.0,False,0.91,0.0,False,,14,1.5,0.375,2.0,0.75,False,False,1
1183,layer3.conv2,element,4,"(56, 36, 31)",0,0.0,False,0.91,0.0,False,,56,-8.0,-0.5,4.0,0.9375,False,False,1
1184,layer3.conv1,element,3,"(132, 26, 5)",0,0.0,False,0.91,0.0,False,,57,-10.0,-2.5,1.9999998807907104,0.75,False,False,1
1185,layer3.conv2,element,1,"(28, 35, 31)",0,0.0,False,0.91,0.0,False,,58,-12.0,-8.0,0.5849626064300537,0.3333333432674408,False,False,1
1186,layer3.conv2,element,0,"(191, 0, 5)",0,0.0,False,0.91,0.0,False,,52,-4.0,-5.0,0.3219280242919922,0.25,False,False,1
1187,layer3.conv2,element,4,"(152, 22, 19)",0,0.0,False,0.91,0.0,False,,25,10.0,0.625,4.0,0.9375,False,False,1
1188,layer2.conv1,element,0,"(24, 7, 15)",0,0.0,False,0.91,0.0,False,,23,7.0,6.0,0.22239232063293457,0.1428571492433548,False,False,1
1189,layer3.conv2,element,3,"(85, 39, 4)",0,0.0,False,0.91,0.0,False,,18,3.0,12.0,2.0,3.0,False,False,1
1190,layer3.conv2,element,3,"(177, 41, 26)",0,0.0,False,0.91,0.0,False,,53,-5.0,-20.0,2.0,3.0,False,False,1
1191,fc,element,4,"(9, 4, 24)",0,0.0,False,0.91,0.0,False,,61,-20.0,-1.25,4.0,0.9375,False,False,1
1192,layer3.conv2,element,0,"(144, 2, 10)",0,0.0,False,0.91,0.0,False,,54,-6.0,-7.0,0.22239232063293457,0.1666666716337204,False,False,1
1193,layer3.shortcut.0,element,0,"(113, 2, 9)",0,0.0,False,0.91,0.0,False,,18,3.0,3.5,0.22239243984222412,0.1666666716337204,False,False,1
1194,layer3.conv2,element,3,"(115, 9, 10)",0,0.0,False,0.91,0.0,False,,52,-4.0,-16.0,2.0,3.0,False,False,1
1195,layer3.conv1,element,5,"(2, 25, 28)",0,0.0,False,0.91,0.0,False,,27,14.0,-14.0,0.0,2.0,True,False,1
1196,layer3.conv2,element,5,"(11, 13, 14)",0,0.0,False,0.91,0.0,False,,52,-4.0,4.0,0.0,2.0,True,False,1
1197,layer3.conv2,scale,2,"(22, 41)",1,0.005,True,0.905,0.0050000000000000044,False,,121,121.0,125.0,4.0,inf,False,False,32
1198,layer3.conv1,element,1,"(92, 0, 4)",0,0.0,False,0.91,0.0,False,,58,-12.0,-8.0,0.5849626064300537,0.3333333432674408,False,False,1
1199,layer3.conv2,element,5,"(122, 4, 31)",0,0.0,False,0.91,0.0,False,,22,6.0,-6.0,0.0,2.0,True,False,1
1200,layer3.conv1,element,5,"(121, 3, 13)",0,0.0,False,0.91,0.0,False,,55,-7.0,7.0,0.0,2.0,True,False,1
1201,layer1.conv1,element,3,"(19, 9, 2)",0,0.0,False,0.91,0.0,False,,57,-10.0,-2.5,1.9999998807907104,0.75,False,False,1
1202,layer3.shortcut.0,element,0,"(26, 0, 15)",0,0.0,False,0.91,0.0,False,,16,2.0,2.5,0.32192814350128174,0.25,False,False,1
1203,layer3.conv2,element,4,"(72, 44, 11)",0,0.0,False,0.91,0.0,False,,53,-5.0,-0.3125,4.0,0.9375,False,False,1
1204,layer2.conv2,element,4,"(55, 10, 11)",0,0.0,False,0.91,0.0,False,,27,14.0,0.875,4.0,0.9375,False,False,1
1205,layer3.conv2,element,3,"(178, 34, 27)",0,0.0,False,0.91,0.0,False,,28,16.0,4.0,2.0,0.75,False,False,1
1206,layer3.conv1,scale,5,"(114, 25)",0,0.0,False,0.91,0.0,False,,119,119.0,87.0,32.0,inf,False,False,32
1207,layer3.conv1,element,0,"(120, 18, 25)",0,0.0,False,0.91,0.0,False,,24,8.0,10.0,0.3219280242919922,0.25,False,False,1
1208,layer1.conv2,element,4,"(30, 8, 26)",1,0.005,True,0.905,0.0050000000000000044,False,,27,14.0,0.875,4.0,0.9375,False,False,1
1209,layer3.conv2,element,1,"(4, 40, 1)",0,0.0,False,0.91,0.0,False,,57,-10.0,-14.0,0.4854269027709961,0.4000000059604645,False,False,1
1210,layer2.conv2,scale,2,"(31, 7)",26,0.13,True,0.82,0.09000000000000008,False,,120,120.0,124.0,4.0,inf,False,False,32
1211,layer3.conv2,element,1,"(35, 13, 7)",0,0.0,False,0.91,0.0,False,,27,14.0,10.0,0.4854269027709961,0.2857142984867096,False,False,1
1212,layer3.conv1,element,0,"(34, 5, 28)",0,0.0,False,0.91,0.0,False,,57,-10.0,-8.0,0.3219280242919922,0.20000000298023224,False,False,1
1213,layer3.conv2,element,3,"(154, 38, 22)",0,0.0,False,0.91,0.0,False,,57,-10.0,-2.5,1.9999998807907104,0.75,False,False,1
1214,layer3.conv2,element,5,"(50, 5, 21)",0,0.0,False,0.91,0.0,False,,54,-6.0,6.0,0.0,2.0,True,False,1
1215,layer3.conv1,element,4,"(14, 20, 28)",0,0.0,False,0.91,0.0,False,,17,2.5,0.0625,5.321928024291992,0.9750000238418579,False,False,1
1216,layer3.conv2,element,3,"(27, 51, 17)",0,0.0,False,0.91,0.0,False,,54,-6.0,-24.0,1.999999761581421,3.0,False,False,1
1217,layer1.conv1,element,3,"(2, 10, 30)",0,0.0,False,0.91,0.0,False,,20,4.0,16.0,2.0,3.0,False,False,1
1218,layer3.conv2,element,1,"(62, 34, 11)",0,0.0,False,0.91,0.0,False,,23,7.0,5.0,0.4854269027709961,0.2857142984867096,False,False,1
1219,layer3.conv2,element,5,"(93, 26, 21)",0,0.0,False,0.91,0.0,False,,51,-3.5,3.5,0.0,2.0,True,False,1
1220,layer3.conv2,scale,4,"(80, 31)",1,0.005,True,0.905,0.0050000000000000044,False,,121,121.0,105.0,16.0,inf,False,False,32
1221,layer2.conv1,element,1,"(21, 10, 31)",0,0.0,False,0.91,0.0,False,,45,-1.25,-1.75,0.4854268431663513,0.4000000059604645,False,False,1
1222,layer3.conv2,element,5,"(73, 10, 11)",0,0.0,False,0.91,0.0,False,,51,-3.5,3.5,0.0,2.0,True,False,1
1223,layer3.conv1,element,3,"(95, 21, 23)",0,0.0,False,0.91,0.0,False,,54,-6.0,-24.0,1.999999761581421,3.0,False,False,1
1224,layer1.conv1,element,5,"(10, 12, 6)",0,0.0,False,0.91,0.0,False,,51,-3.5,3.5,0.0,2.0,True,False,1
1225,layer3.conv2,element,0,"(144, 31, 23)",0,0.0,False,0.91,0.0,False,,54,-6.0,-7.0,0.22239232063293457,0.1666666716337204,False,False,1
1226,layer3.conv2,element,4,"(73, 47, 7)",0,0.0,False,0.91,0.0,False,,14,1.5,24.0,4.0,15.0,False,False,1
1227,layer2.conv2,element,0,"(54, 8, 15)",0,0.0,False,0.91,0.0,False,,62,-24.0,-28.0,0.22239255905151367,0.1666666716337204,False,False,1
1228,layer3.conv1,element,3,"(147, 9, 4)",0,0.0,False,0.91,0.0,False,,53,-5.0,-20.0,2.0,3.0,False,False,1
1229,layer3.conv2,element,3,"(53, 28, 23)",0,0.0,False,0.91,0.0,False,,25,10.0,2.5,1.9999998807907104,0.75,False,False,1
1230,layer3.conv1,element,3,"(174, 14, 20)",0,0.0,False,0.91,0.0,False,,53,-5.0,-20.0,2.0,3.0,False,False,1
1231,layer3.conv2,element,3,"(35, 36, 6)",0,0.0,False,0.91,0.0,False,,45,-1.25,-0.3125,2.0,0.75,False,False,1
1232,layer3.conv1,element,4,"(112, 17, 30)",0,0.0,False,0.91,0.0,False,,59,-14.0,-0.875,4.0,0.9375,False,False,1
1233,layer3.conv2,element,4,"(107, 16, 6)",0,0.0,False,0.91,0.0,False,,23,7.0,0.4375,4.0,0.9375,False,False,1
1234,layer3.conv1,element,1,"(137, 12, 24)",0,0.0,False,0.91,0.0,False,,23,7.0,5.0,0.4854269027709961,0.2857142984867096,False,False,1
1235,layer3.conv1,element,4,"(189, 10, 7)",0,0.0,False,0.91,0.0,False,,3,0.1875,3.5,4.2223920822143555,17.66666603088379,False,False,1
1236,layer2.conv1,element,1,"(56, 10, 10)",0,0.0,False,0.91,0.0,False,,15,1.75,1.25,0.4854268431663513,0.2857142984867096,False,False,1
1237,layer2.conv1,element,1,"(30, 12, 4)",0,0.0,False,0.91,0.0,False,,25,10.0,14.0,0.4854269027709961,0.4000000059604645,False,False,1
1238,layer2.conv1,element,0,"(18, 5, 24)",0,0.0,False,0.91,0.0,False,,30,24.0,28.0,0.22239255905151367,0.1666666716337204,False,False,1
1239,layer3.conv2,element,2,"(17, 12, 31)",0,0.0,False,0.91,0.0,False,,18,3.0,6.0,1.0000001192092896,1.0,False,False,1
1240,layer3.conv2,element,3,"(64, 18, 29)",0,0.0,False,0.91,0.0,False,,51,-3.5,-14.0,2.0,3.0,False,False,1
1241,layer3.conv1,element,1,"(51, 15, 0)",0,0.0,False,0.91,0.0,False,,57,-10.0,-14.0,0.4854269027709961,0.4000000059604645,False,False,1
1242,layer3.conv1,element,4,"(157, 13, 15)",1,0.005,True,0.905,0.0050000000000000044,False,,21,5.0,0.3125,4.0,0.9375,False,False,1
1243,layer1.conv1,element,4,"(14, 4, 17)",0,0.0,False,0.91,0.0,False,,13,1.25,20.0,4.0,15.0,False,False,1
1244,layer3.shortcut.0,element,5,"(139, 1, 20)",0,0.0,False,0.91,0.0,False,,8,0.5,-0.5,0.0,2.0,True,False,1
1245,layer3.conv2,element,2,"(131, 50, 5)",0,0.0,False,0.91,0.0,False,,57,-10.0,-20.0,1.0,1.0,False,False,1
1246,layer3.conv2,element,5,"(118, 47, 24)",0,0.0,False,0.91,0.0,False,,28,16.0,-16.0,0.0,2.0,True,False,1
1247,layer3.conv2,element,5,"(179, 39, 18)",0,0.0,False,0.91,0.0,False,,30,24.0,-24.0,0.0,2.0,True,False,1
1248,layer3.conv1,element,1,"(55, 24, 17)",0,0.0,False,0.91,0.0,False,,59,-14.0,-10.0,0.4854269027709961,0.2857142984867096,False,False,1
1249,layer1.conv1,element,0,"(37, 10, 17)",1,0.005,True,0.905,0.0050000000000000044,False,,28,16.0,20.0,0.3219280242919922,0.25,False,False,1
1250,layer3.conv1,element,5,"(49, 20, 31)",0,0.0,False,0.91,0.0,False,,23,7.0,-7.0,0.0,2.0,True,False,1
1251,layer3.conv2,element,2,"(148, 44, 12)",0,0.0,False,0.91,0.0,False,,22,6.0,3.0,1.0000001192092896,0.5,False,False,1
1252,layer2.conv1,scale,1,"(51, 6)",1,0.005,True,0.905,0.0050000000000000044,False,,118,118.0,116.0,2.0,inf,False,False,32
1253,layer3.conv2,element,4,"(123, 17, 13)",0,0.0,False,0.91,0.0,False,,23,7.0,0.4375,4.0,0.9375,False,False,1
1254,layer2.conv1,element,4,"(67, 4, 23)",0,0.0,False,0.91,0.0,False,,57,-10.0,-0.625,4.0,0.9375,False,False,1
1255,layer3.conv2,element,5,"(103, 2, 27)",0,0.0,False,0.91,0.0,False,,18,3.0,-3.0,0.0,2.0,True,False,1
1256,layer3.conv2,element,1,"(45, 36, 23)",0,0.0,False,0.91,0.0,False,,28,16.0,24.0,0.5849623680114746,0.5,False,False,1
1257,layer3.conv2,element,0,"(174, 16, 14)",0,0.0,False,0.91,0.0,False,,57,-10.0,-8.0,0.3219280242919922,0.20000000298023224,False,False,1
1258,layer3.conv1,element,2,"(21, 19, 29)",0,0.0,False,0.91,0.0,False,,24,8.0,16.0,1.0,1.0,False,False,1
1259,layer3.conv1,element,2,"(86, 23, 22)",0,0.0,False,0.91,0.0,False,,17,2.5,5.0,0.9999998807907104,1.0,False,False,1
1260,layer3.conv2,element,1,"(22, 20, 13)",0,0.0,False,0.91,0.0,False,,55,-7.0,-5.0,0.4854269027709961,0.2857142984867096,False,False,1
1261,layer3.conv2,element,1,"(174, 22, 0)",0,0.0,False,0.91,0.0,False,,17,2.5,3.5,0.48542678356170654,0.4000000059604645,False,False,1
1262,layer3.conv2,element,1,"(76, 10, 14)",0,0.0,False,0.91,0.0,False,,62,-24.0,-16.0,0.5849623680114746,0.3333333432674408,False,False,1
1263,layer2.conv2,element,2,"(31, 8, 18)",0,0.0,False,0.91,0.0,False,,43,-0.875,-1.75,1.0,1.0,False,False,1
1264,layer3.conv2,element,1,"(24, 12, 15)",0,0.0,False,0.91,0.0,False,,7,0.4375,0.3125,0.48542678356170654,0.2857142984867096,False,False,1
1265,layer2.conv1,element,3,"(82, 11, 12)",0,0.0,False,0.91,0.0,False,,51,-3.5,-14.0,2.0,3.0,False,False,1
1266,layer3.conv2,element,1,"(94, 4, 16)",0,0.0,False,0.91,0.0,False,,52,-4.0,-6.0,0.5849626064300537,0.5,False,False,1
1267,layer3.conv2,element,3,"(67, 38, 0)",0,0.0,False,0.91,0.0,False,,54,-6.0,-24.0,1.999999761581421,3.0,False,False,1
1268,layer3.conv2,element,0,"(127, 22, 24)",0,0.0,False,0.91,0.0,False,,24,8.0,10.0,0.3219280242919922,0.25,False,False,1
1269,layer2.conv1,element,2,"(11, 2, 30)",0,0.0,False,0.91,0.0,False,,20,4.0,2.0,1.0,0.5,False,False,1
1270,layer3.conv1,element,5,"(34, 12, 9)",0,0.0,False,0.91,0.0,False,,20,4.0,-4.0,0.0,2.0,True,False,1
1271,layer3.conv2,element,3,"(110, 12, 9)",0,0.0,False,0.91,0.0,False,,56,-8.0,-2.0,2.0,0.75,False,False,1
1272,layer3.conv2,element,0,"(140, 48, 13)",0,0.0,False,0.91,0.0,False,,55,-7.0,-6.0,0.22239232063293457,0.1428571492433548,False,False,1
1273,layer3.conv2,element,4,"(79, 39, 22)",0,0.0,False,0.91,0.0,False,,60,-16.0,-1.0,4.0,0.9375,False,False,1
1274,layer3.conv2,element,3,"(151, 15, 10)",0,0.0,False,0.91,0.0,False,,44,-1.0,-0.25,2.0,0.75,False,False,1
1275,layer3.conv2,element,3,"(105, 31, 8)",1,0.005,True,0.905,0.0050000000000000044,False,,28,16.0,4.0,2.0,0.75,False,False,1
1276,layer3.conv2,element,2,"(86, 10, 1)",0,0.0,False,0.91,0.0,False,,44,-1.0,-0.5,1.0,0.5,False,False,1
1277,layer3.conv2,element,3,"(66, 29, 24)",0,0.0,False,0.91,0.0,False,,43,-0.875,-0.1875,2.2223923206329346,0.7857142686843872,False,False,1
1278,layer3.conv2,element,1,"(82, 49, 0)",0,0.0,False,0.91,0.0,False,,41,-0.625,-0.875,0.4854268431663513,0.4000000059604645,False,False,1
1279,layer1.conv1,element,0,"(45, 5, 2)",0,0.0,False,0.91,0.0,False,,58,-12.0,-14.0,0.22239232063293457,0.1666666716337204,False,False,1
1280,layer2.conv2,element,1,"(14, 16, 23)",0,0.0,False,0.91,0.0,False,,44,-1.0,-1.5,0.5849624872207642,0.5,False,False,1
1281,layer3.conv2,element,5,"(94, 20, 21)",0,0.0,False,0.91,0.0,False,,26,12.0,-12.0,0.0,2.0,True,False,1
1282,layer2.conv1,element,3,"(46, 8, 8)",0,0.0,False,0.91,0.0,False,,17,2.5,10.0,1.9999998807907104,3.0,False,False,1
1283,layer3.conv1,element,4,"(67, 5, 30)",0,0.0,False,0.91,0.0,False,,24,8.0,0.5,4.0,0.9375,False,False,1
1284,layer3.conv2,element,1,"(57, 9, 17)",0,0.0,False,0.91,0.0,False,,28,16.0,24.0,0.5849623680114746,0.5,False,False,1
1285,layer3.conv1,element,4,"(96, 21, 25)",0,0.0,False,0.91,0.0,False,,51,-3.5,-0.1875,4.2223920822143555,0.9464285969734192,False,False,1
1286,layer2.shortcut.0,element,1,"(10, 1, 15)",1,0.005,True,0.905,0.0050000000000000044,False,,58,-12.0,-8.0,0.5849626064300537,0.3333333432674408,False,False,1
1287,layer3.conv1,element,4,"(191, 23, 4)",0,0.0,False,0.91,0.0,False,,61,-20.0,-1.25,4.0,0.9375,False,False,1
1288,layer3.conv1,element,5,"(154, 9, 28)",0,0.0,False,0.91,0.0,False,,20,4.0,-4.0,0.0,2.0,True,False,1
1289,layer3.conv2,element,2,"(47, 17, 17)",0,0.0,False,0.91,0.0,False,,27,14.0,28.0,1.0,1.0,False,False,1
1290,layer3.conv2,element,3,"(80, 45, 29)",0,0.0,False,0.91,0.0,False,,50,-3.0,-12.0,2.0,3.0,False,False,1
1291,layer3.conv2,element,1,"(98, 4, 14)",0,0.0,False,0.91,0.0,False,,61,-20.0,-28.0,0.4854269027709961,0.4000000059604645,False,False,1
1292,layer3.conv2,element,1,"(188, 46, 5)",0,0.0,False,0.91,0.0,False,,56,-8.0,-12.0,0.5849626064300537,0.5,False,False,1
1293,layer3.conv1,element,0,"(142, 23, 1)",0,0.0,False,0.91,0.0,False,,28,16.0,20.0,0.3219280242919922,0.25,False,False,1
1294,layer2.conv2,element,0,"(79, 25, 12)",0,0.0,False,0.91,0.0,False,,6,0.375,0.4375,0.22239243984222412,0.1666666716337204,False,False,1
1295,layer3.conv1,element,5,"(185, 17, 9)",0,0.0,False,0.91,0.0,False,,47,-1.75,1.75,0.0,2.0,True,False,1
1296,layer3.conv2,element,4,"(138, 15, 30)",0,0.0,False,0.91,0.0,False,,57,-10.0,-0.625,4.0,0.9375,False,False,1
1297,layer3.conv2,element,5,"(85, 14, 13)",0,0.0,False,0.91,0.0,False,,25,10.0,-10.0,0.0,2.0,True,False,1
1298,layer2.conv2,element,2,"(7, 2, 10)",0,0.0,False,0.91,0.0,False,,55,-7.0,-3.5,1.0,0.5,False,False,1
1299,layer3.conv1,element,1,"(97, 16, 21)",0,0.0,False,0.91,0.0,False,,52,-4.0,-6.0,0.5849626064300537,0.5,False,False,1
1300,layer2.conv2,element,0,"(62, 16, 28)",0,0.0,False,0.91,0.0,False,,49,-2.5,-2.0,0.32192814350128174,0.20000000298023224,False,False,1
1301,layer3.conv2,element,2,"(182, 1, 16)",0,0.0,False,0.91,0.0,False,,26,12.0,24.0,0.9999997615814209,1.0,False,False,1
1302,layer3.conv2,element,3,"(190, 22, 13)",0,0.0,False,0.91,0.0,False,,47,-1.75,-0.4375,2.0,0.75,False,False,1
1303,layer3.conv2,element,4,"(67, 0, 3)",0,0.0,False,0.91,0.0,False,,13,1.25,20.0,4.0,15.0,False,False,1
1304,layer2.conv2,element,0,"(25, 3, 24)",0,0.0,False,0.91,0.0,False,,22,6.0,7.0,0.22239232063293457,0.1666666716337204,False,False,1
1305,layer2.conv2,element,0,"(83, 9, 31)",0,0.0,False,0.91,0.0,False,,15,1.75,1.5,0.22239243984222412,0.1428571492433548,False,False,1
1306,layer3.conv1,element,3,"(120, 6, 0)",0,0.0,False,0.91,0.0,False,,59,-14.0,-3.5,2.0,0.75,False,False,1
1307,layer3.conv2,element,3,"(135, 44, 2)",0,0.0,False,0.91,0.0,False,,54,-6.0,-24.0,1.999999761581421,3.0,False,False,1
1308,layer2.conv2,element,1,"(55, 17, 3)",0,0.0,False,0.91,0.0,False,,45,-1.25,-1.75,0.4854268431663513,0.4000000059604645,False,False,1
1309,layer3.conv2,element,0,"(163, 19, 31)",0,0.0,False,0.91,0.0,False,,24,8.0,10.0,0.3219280242919922,0.25,False,False,1
1310,layer1.conv2,element,3,"(39, 6, 19)",0,0.0,False,0.91,0.0,False,,24,8.0,2.0,2.0,0.75,False,False,1
1311,layer3.conv2,element,5,"(88, 49, 10)",0,0.0,False,0.91,0.0,False,,17,2.5,-2.5,0.0,2.0,True,False,1
1312,layer3.conv2,element,3,"(168, 18, 23)",0,0.0,False,0.91,0.0,False,,49,-2.5,-10.0,1.9999998807907104,3.0,False,False,1
1313,layer1.conv1,element,4,"(24, 2, 27)",0,0.0,False,0.91,0.0,False,,49,-2.5,-0.0625,5.321928024291992,0.9750000238418579,False,False,1
1314,layer3.conv2,element,1,"(22, 36, 3)",0,0.0,False,0.91,0.0,False,,55,-7.0,-5.0,0.4854269027709961,0.2857142984867096,False,False,1
1315,layer2.conv2,element,0,"(58, 21, 17)",0,0.0,False,0.91,0.0,False,,22,6.0,7.0,0.22239232063293457,0.1666666716337204,False,False,1
1316,layer1.conv2,element,0,"(23, 8, 0)",0,0.0,False,0.91,0.0,False,,24,8.0,10.0,0.3219280242919922,0.25,False,False,1
1317,layer1.conv2,element,3,"(12, 5, 21)",0,0.0,False,0.91,0.0,False,,20,4.0,16.0,2.0,3.0,False,False,1
1318,layer3.conv1,element,2,"(50, 8, 24)",0,0.0,False,0.91,0.0,False,,20,4.0,2.0,1.0,0.5,False,False,1
1319,layer3.conv2,element,1,"(140, 10, 13)",0,0.0,False,0.91,0.0,False,,24,8.0,12.0,0.5849626064300537,0.5,False,False,1
1320,layer3.conv2,element,2,"(187, 34, 28)",0,0.0,False,0.91,0.0,False,,46,-1.5,-0.75,1.0,0.5,False,False,1
1321,layer1.conv1,element,5,"(2, 4, 14)",0,0.0,False,0.91,0.0,False,,55,-7.0,7.0,0.0,2.0,True,False,1
1322,layer3.conv2,element,0,"(114, 50, 27)",0,0.0,False,0.91,0.0,False,,35,-0.1875,-0.125,0.5849626064300537,0.3333333432674408,False,False,1
1323,layer3.conv2,element,5,"(122, 32, 18)",0,0.0,False,0.91,0.0,False,,13,1.25,-1.25,0.0,2.0,True,False,1
1324,layer3.conv1,element,2,"(50, 6, 1)",0,0.0,False,0.91,0.0,False,,60,-16.0,-8.0,1.0,0.5,False,False,1
1325,layer3.conv2,element,4,"(170, 2, 23)",0,0.0,False,0.91,0.0,False,,55,-7.0,-0.4375,4.0,0.9375,False,False,1
1326,layer3.conv1,scale,0,"(183, 19)",0,0.0,False,0.91,0.0,False,,119,119.0,118.0,1.0,inf,False,False,32
1327,layer2.conv1,element,1,"(75, 9, 10)",1,0.005,True,0.905,0.0050000000000000044,False,,27,14.0,10.0,0.4854269027709961,0.2857142984867096,False,False,1
1328,layer3.conv2,scale,2,"(163, 43)",2,0.01,True,0.91,0.0,False,,121,121.0,125.0,4.0,inf,False,False,32
1329,layer3.conv2,element,5,"(93, 7, 31)",0,0.0,False,0.91,0.0,False,,22,6.0,-6.0,0.0,2.0,True,False,1
1330,layer3.conv2,element,1,"(81, 38, 14)",0,0.0,False,0.91,0.0,False,,29,20.0,28.0,0.4854269027709961,0.4000000059604645,False,False,1
1331,layer3.conv2,element,1,"(5, 14, 21)",0,0.0,False,0.91,0.0,False,,51,-3.5,-2.5,0.48542678356170654,0.2857142984867096,False,False,1
1332,layer3.conv2,element,5,"(43, 42, 26)",0,0.0,False,0.91,0.0,False,,57,-10.0,10.0,0.0,2.0,True,False,1
1333,layer3.conv2,element,4,"(169, 53, 11)",0,0.0,False,0.91,0.0,False,,57,-10.0,-0.625,4.0,0.9375,False,False,1
1334,layer3.conv1,element,3,"(36, 2, 14)",0,0.0,False,0.91,0.0,False,,43,-0.875,-0.1875,2.2223923206329346,0.7857142686843872,False,False,1
1335,layer3.conv2,element,0,"(14, 49, 27)",0,0.0,False,0.91,0.0,False,,53,-5.0,-4.0,0.3219280242919922,0.20000000298023224,False,False,1
1336,layer3.conv2,element,0,"(36, 49, 11)",0,0.0,False,0.91,0.0,False,,52,-4.0,-5.0,0.3219280242919922,0.25,False,False,1
1337,layer3.conv2,element,4,"(31, 2, 29)",0,0.0,False,0.91,0.0,False,,21,5.0,0.3125,4.0,0.9375,False,False,1
1338,layer3.shortcut.0,element,0,"(26, 1, 31)",0,0.0,False,0.91,0.0,False,,56,-8.0,-10.0,0.3219280242919922,0.25,False,False,1
1339,layer3.conv1,element,5,"(1, 11, 29)",0,0.0,False,0.91,0.0,False,,57,-10.0,10.0,0.0,2.0,True,False,1
1340,layer2.conv1,element,3,"(81, 10, 16)",1,0.005,True,0.905,0.0050000000000000044,False,,30,24.0,6.0,1.999999761581421,0.75,False,False,1
1341,layer3.conv1,element,1,"(71, 6, 7)",0,0.0,False,0.91,0.0,False,,13,1.25,1.75,0.4854268431663513,0.4000000059604645,False,False,1
1342,layer2.conv2,element,0,"(64, 17, 11)",0,0.0,False,0.91,0.0,False,,21,5.0,4.0,0.3219280242919922,0.20000000298023224,False,False,1
1343,layer2.conv1,element,4,"(62, 3, 0)",0,0.0,False,0.91,0.0,False,,59,-14.0,-0.875,4.0,0.9375,False,False,1
1344,layer2.conv2,element,2,"(18, 4, 2)",0,0.0,False,0.91,0.0,False,,53,-5.0,-2.5,0.9999998807907104,0.5,False,False,1
1345,layer3.conv2,element,1,"(2, 46, 9)",0,0.0,False,0.91,0.0,False,,20,4.0,6.0,0.5849626064300537,0.5,False,False,1
1346,layer2.conv1,element,1,"(73, 9, 12)",0,0.0,False,0.91,0.0,False,,18,3.0,2.0,0.5849624872207642,0.3333333432674408,False,False,1
1347,layer3.conv2,element,0,"(40, 48, 15)",0,0.0,False,0.91,0.0,False,,53,-5.0,-4.0,0.3219280242919922,0.20000000298023224,False,False,1
1348,layer3.conv2,element,4,"(87, 9, 16)",0,0.0,False,0.91,0.0,False,,26,12.0,0.75,4.0,0.9375,False,False,1
1349,layer3.conv2,element,4,"(64, 10, 5)",0,0.0,False,0.91,0.0,False,,30,24.0,1.5,4.0,0.9375,False,False,1
1350,layer1.conv1,element,4,"(12, 9, 0)",0,0.0,False,0.91,0.0,False,,29,20.0,1.25,4.0,0.9375,False,False,1
1351,layer2.conv1,element,3,"(17, 7, 19)",0,0.0,False,0.91,0.0,False,,31,28.0,7.0,2.0,0.75,False,False,1
1352,layer3.conv2,element,0,"(176, 37, 13)",0,0.0,False,0.91,0.0,False,,47,-1.75,-1.5,0.22239243984222412,0.1428571492433548,False,False,1
1353,layer3.conv2,element,3,"(132, 23, 19)",0,0.0,False,0.91,0.0,False,,57,-10.0,-2.5,1.9999998807907104,0.75,False,False,1
1354,layer2.conv2,scale,7,"(84, 21)",200,1.0,True,0.0,0.91,True,,119,119.0,247.0,128.0,inf,False,False,32
1355,layer3.conv1,element,4,"(147, 21, 23)",0,0.0,False,0.91,0.0,False,,63,-28.0,-1.75,4.0,0.9375,False,False,1
1356,layer2.conv1,element,1,"(34, 11, 6)",0,0.0,False,0.91,0.0,False,,58,-12.0,-8.0,0.5849626064300537,0.3333333432674408,False,False,1
1357,layer3.conv2,element,5,"(140, 25, 17)",0,0.0,False,0.91,0.0,False,,48,-2.0,2.0,0.0,2.0,True,False,1
1358,layer3.conv2,element,3,"(180, 45, 0)",0,0.0,False,0.91,0.0,False,,50,-3.0,-12.0,2.0,3.0,False,False,1
1359,layer3.conv2,element,0,"(35, 19, 25)",0,0.0,False,0.91,0.0,False,,23,7.0,6.0,0.22239232063293457,0.1428571492433548,False,False,1
1360,layer3.conv2,element,2,"(58, 17, 30)",0,0.0,False,0.91,0.0,False,,27,14.0,28.0,1.0,1.0,False,False,1
1361,layer3.conv2,element,1,"(34, 43, 4)",0,0.0,False,0.91,0.0,False,,60,-16.0,-24.0,0.5849623680114746,0.5,False,False,1
1362,layer3.conv1,element,2,"(164, 13, 21)",0,0.0,False,0.91,0.0,False,,22,6.0,3.0,1.0000001192092896,0.5,False,False,1
1363,layer3.conv2,element,1,"(43, 19, 6)",0,0.0,False,0.91,0.0,False,,54,-6.0,-4.0,0.5849626064300537,0.3333333432674408,False,False,1
1364,layer2.conv2,element,1,"(4, 4, 3)",0,0.0,False,0.91,0.0,False,,57,-10.0,-14.0,0.4854269027709961,0.4000000059604645,False,False,1
1365,layer3.conv2,element,1,"(0, 6, 5)",0,0.0,False,0.91,0.0,False,,27,14.0,10.0,0.4854269027709961,0.2857142984867096,False,False,1
1366,layer3.conv1,element,1,"(64, 16, 23)",0,0.0,False,0.91,0.0,False,,61,-20.0,-28.0,0.4854269027709961,0.4000000059604645,False,False,1
1367,layer3.conv2,scale,1,"(158, 8)",1,0.005,True,0.905,0.0050000000000000044,False,,120,120.0,122.0,2.0,inf,False,False,32
1368,layer2.conv2,element,5,"(76, 26, 18)",0,0.0,False,0.91,0.0,False,,25,10.0,-10.0,0.0,2.0,True,False,1
1369,layer3.conv2,element,0,"(109, 12, 6)",0,0.0,False,0.91,0.0,False,,53,-5.0,-4.0,0.3219280242919922,0.20000000298023224,False,False,1
1370,layer3.conv2,element,0,"(87, 40, 20)",0,0.0,False,0.91,0.0,False,,58,-12.0,-14.0,0.22239232063293457,0.1666666716337204,False,False,1
1371,layer3.conv2,element,1,"(98, 47, 0)",0,0.0,False,0.91,0.0,False,,49,-2.5,-3.5,0.48542678356170654,0.4000000059604645,False,False,1
1372,layer3.shortcut.0,scale,7,"(144, 1)",200,1.0,True,0.0,0.91,True,,121,121.0,249.0,128.0,inf,False,False,32
1373,layer3.conv2,element,1,"(50, 15, 10)",0,0.0,False,0.91,0.0,False,,27,14.0,10.0,0.4854269027709961,0.2857142984867096,False,False,1
1374,layer3.conv2,element,5,"(31, 34, 9)",0,0.0,False,0.91,0.0,False,,24,8.0,-8.0,0.0,2.0,True,False,1
1375,layer3.conv1,element,4,"(31, 17, 20)",0,0.0,False,0.91,0.0,False,,60,-16.0,-1.0,4.0,0.9375,False,False,1
1376,layer3.conv2,scale,2,"(75, 30)",1,0.005,True,0.905,0.0050000000000000044,False,,121,121.0,125.0,4.0,inf,False,False,32
1377,layer3.conv2,element,0,"(134, 38, 14)",0,0.0,False,0.91,0.0,False,,2,0.125,0.1875,0.5849626064300537,0.5,False,False,1
1378,layer2.conv1,element,4,"(84, 3, 8)",1,0.005,True,0.905,0.0050000000000000044,False,,31,28.0,1.75,4.0,0.9375,False,False,1
1379,layer2.conv2,element,5,"(16, 19, 31)",0,0.0,False,0.91,0.0,False,,29,20.0,-20.0,0.0,2.0,True,False,1
1380,layer2.conv2,element,5,"(79, 19, 31)",1,0.005,True,0.905,0.0050000000000000044,False,,63,-28.0,28.0,0.0,2.0,True,False,1
1381,layer2.conv2,element,3,"(87, 19, 20)",0,0.0,False,0.91,0.0,False,,60,-16.0,-4.0,2.0,0.75,False,False,1
1382,layer3.conv2,element,2,"(18, 7, 3)",0,0.0,False,0.91,0.0,False,,60,-16.0,-8.0,1.0,0.5,False,False,1
1383,layer2.conv1,element,4,"(45, 9, 19)",0,0.0,False,0.91,0.0,False,,61,-20.0,-1.25,4.0,0.9375,False,False,1
1384,layer1.conv2,element,2,"(0, 6, 14)",0,0.0,False,0.91,0.0,False,,57,-10.0,-20.0,1.0,1.0,False,False,1
1385,layer3.conv1,element,5,"(9, 1, 14)",0,0.0,False,0.91,0.0,False,,26,12.0,-12.0,0.0,2.0,True,False,1
1386,layer3.conv2,element,3,"(112, 38, 15)",0,0.0,False,0.91,0.0,False,,25,10.0,2.5,1.9999998807907104,0.75,False,False,1
1387,layer2.conv2,scale,0,"(14, 26)",0,0.0,False,0.91,0.0,False,,120,120.0,121.0,1.0,inf,False,False,32
1388,layer3.conv2,element,2,"(183, 9, 3)",0,0.0,False,0.91,0.0,False,,58,-12.0,-24.0,0.9999997615814209,1.0,False,False,1
1389,layer3.conv2,element,3,"(176, 42, 30)",0,0.0,False,0.91,0.0,False,,59,-14.0,-3.5,2.0,0.75,False,False,1
1390,layer3.conv2,element,0,"(135, 7, 13)",0,0.0,False,0.91,0.0,False,,17,2.5,2.0,0.32192814350128174,0.20000000298023224,False,False,1
1391,layer3.conv2,element,3,"(5, 53, 9)",0,0.0,False,0.91,0.0,False,,21,5.0,20.0,2.0,3.0,False,False,1
1392,layer3.conv1,element,5,"(95, 7, 16)",0,0.0,False,0.91,0.0,False,,15,1.75,-1.75,0.0,2.0,True,False,1
1393,layer2.conv1,element,4,"(75, 10, 7)",0,0.0,False,0.91,0.0,False,,18,3.0,0.125,4.584962368011475,0.9583333134651184,False,False,1
1394,layer3.conv2,element,5,"(85, 9, 17)",0,0.0,False,0.91,0.0,False,,63,-28.0,28.0,0.0,2.0,True,False,1
1395,layer3.conv2,element,5,"(154, 33, 21)",0,0.0,False,0.91,0.0,False,,58,-12.0,12.0,0.0,2.0,True,False,1
1396,layer3.conv1,element,4,"(65, 12, 16)",0,0.0,False,0.91,0.0,False,,46,-1.5,-24.0,4.0,15.0,False,False,1
1397,layer3.conv2,scale,1,"(99, 15)",0,0.0,False,0.91,0.0,False,,121,121.0,123.0,2.0,inf,False,False,32
1398,layer3.conv1,element,4,"(66, 5, 21)",0,0.0,False,0.91,0.0,False,,52,-4.0,-0.25,4.0,0.9375,False,False,1
1399,layer2.conv2,element,5,"(49, 4, 15)",1,0.005,True,0.905,0.0050000000000000044,False,,53,-5.0,5.0,0.0,2.0,True,False,1
1400,layer2.conv1,element,3,"(95, 6, 8)",0,0.0,False,0.91,0.0,False,,52,-4.0,-16.0,2.0,3.0,False,False,1
1401,layer3.conv1,element,4,"(130, 18, 1)",0,0.0,False,0.91,0.0,False,,60,-16.0,-1.0,4.0,0.9375,False,False,1
1402,layer3.conv2,element,2,"(167, 39, 12)",0,0.0,False,0.91,0.0,False,,55,-7.0,-3.5,1.0,0.5,False,False,1
1403,layer3.conv2,element,0,"(139, 14, 10)",0,0.0,False,0.91,0.0,False,,54,-6.0,-7.0,0.22239232063293457,0.1666666716337204,False,False,1
1404,layer3.conv1,element,2,"(4, 4, 29)",0,0.0,False,0.91,0.0,False,,27,14.0,28.0,1.0,1.0,False,False,1
1405,layer3.conv1,element,1,"(142, 12, 29)",0,0.0,False,0.91,0.0,False,,34,-0.125,-0.0,inf,1.0,False,False,1
1406,layer2.conv1,element,3,"(48, 11, 8)",0,0.0,False,0.91,0.0,False,,53,-5.0,-20.0,2.0,3.0,False,False,1
1407,layer3.conv1,scale,7,"(118, 19)",200,1.0,True,0.0,0.91,True,,119,119.0,247.0,128.0,inf,False,False,32
1408,layer3.conv2,element,4,"(74, 27, 19)",0,0.0,False,0.91,0.0,False,,29,20.0,1.25,4.0,0.9375,False,False,1
1409,layer2.conv2,element,5,"(5, 7, 9)",0,0.0,False,0.91,0.0,False,,47,-1.75,1.75,0.0,2.0,True,False,1
1410,layer3.conv2,element,3,"(72, 19, 23)",0,0.0,False,0.91,0.0,False,,55,-7.0,-28.0,2.0,3.0,False,False,1
1411,layer3.conv2,element,4,"(64, 23, 7)",0,0.0,False,0.91,0.0,False,,16,2.0,0.0,inf,1.0,False,False,1
1412,layer3.conv2,scale,7,"(80, 15)",200,1.0,True,0.0,0.91,True,,121,121.0,249.0,128.0,inf,False,False,32
1413,layer3.conv2,element,3,"(74, 38, 29)",0,0.0,False,0.91,0.0,False,,57,-10.0,-2.5,1.9999998807907104,0.75,False,False,1
1414,layer2.conv1,element,4,"(78, 1, 10)",0,0.0,False,0.91,0.0,False,,62,-24.0,-1.5,4.0,0.9375,False,False,1
1415,layer1.conv1,element,4,"(28, 7, 3)",0,0.0,False,0.91,0.0,False,,5,0.3125,5.0,4.0,15.0,False,False,1
1416,layer3.conv1,element,2,"(77, 5, 22)",0,0.0,False,0.91,0.0,False,,23,7.0,3.5,1.0,0.5,False,False,1
1417,layer2.conv1,element,4,"(54, 2, 15)",0,0.0,False,0.91,0.0,False,,50,-3.0,-0.125,4.584962368011475,0.9583333134651184,False,False,1
1418,layer3.conv2,element,3,"(57, 17, 22)",0,0.0,False,0.91,0.0,False,,56,-8.0,-2.0,2.0,0.75,False,False,1
1419,layer3.conv1,element,1,"(158, 24, 12)",0,0.0,False,0.91,0.0,False,,50,-3.0,-2.0,0.5849624872207642,0.3333333432674408,False,False,1
1420,layer3.conv2,element,3,"(173, 50, 1)",0,0.0,False,0.91,0.0,False,,49,-2.5,-10.0,1.9999998807907104,3.0,False,False,1
1421,layer1.conv1,element,5,"(27, 4, 29)",0,0.0,False,0.91,0.0,False,,49,-2.5,2.5,0.0,2.0,True,False,1
1422,layer3.conv2,element,2,"(89, 39, 23)",0,0.0,False,0.91,0.0,False,,24,8.0,16.0,1.0,1.0,False,False,1
1423,layer3.conv2,element,1,"(27, 16, 21)",0,0.0,False,0.91,0.0,False,,27,14.0,10.0,0.4854269027709961,0.2857142984867096,False,False,1
1424,layer2.conv1,element,3,"(3, 11, 19)",0,0.0,False,0.91,0.0,False,,62,-24.0,-6.0,1.999999761581421,0.75,False,False,1
1425,layer3.conv1,element,5,"(92, 22, 19)",0,0.0,False,0.91,0.0,False,,52,-4.0,4.0,0.0,2.0,True,False,1
1426,layer1.conv2,element,4,"(27, 0, 0)",1,0.005,True,0.905,0.0050000000000000044,False,,14,1.5,24.0,4.0,15.0,False,False,1
1427,layer3.conv1,element,4,"(38, 19, 0)",0,0.0,False,0.91,0.0,False,,13,1.25,20.0,4.0,15.0,False,False,1
1428,layer1.conv2,element,0,"(33, 9, 26)",0,0.0,False,0.91,0.0,False,,57,-10.0,-8.0,0.3219280242919922,0.20000000298023224,False,False,1
1429,layer1.conv2,element,0,"(20, 9, 11)",0,0.0,False,0.91,0.0,False,,63,-28.0,-24.0,0.22239255905151367,0.1428571492433548,False,False,1
1430,layer3.conv2,element,1,"(50, 19, 22)",0,0.0,False,0.91,0.0,False,,55,-7.0,-5.0,0.4854269027709961,0.2857142984867096,False,False,1
1431,layer2.conv2,element,4,"(84, 5, 0)",0,0.0,False,0.91,0.0,False,,61,-20.0,-1.25,4.0,0.9375,False,False,1
1432,layer3.conv2,element,1,"(63, 4, 0)",0,0.0,False,0.91,0.0,False,,31,28.0,20.0,0.4854269027709961,0.2857142984867096,False,False,1
1433,layer3.conv2,element,0,"(133, 50, 14)",0,0.0,False,0.91,0.0,False,,55,-7.0,-6.0,0.22239232063293457,0.1428571492433548,False,False,1
1434,layer3.conv2,element,1,"(101, 45, 29)",0,0.0,False,0.91,0.0,False,,58,-12.0,-8.0,0.5849626064300537,0.3333333432674408,False,False,1
1435,layer3.conv2,element,2,"(155, 7, 2)",0,0.0,False,0.91,0.0,False,,15,1.75,0.875,1.0,0.5,False,False,1
1436,layer3.conv2,element,3,"(23, 53, 4)",0,0.0,False,0.91,0.0,False,,58,-12.0,-3.0,2.0,0.75,False,False,1
1437,layer2.conv1,element,1,"(91, 8, 13)",0,0.0,False,0.91,0.0,False,,52,-4.0,-6.0,0.5849626064300537,0.5,False,False,1
1438,layer2.conv1,element,5,"(93, 0, 26)",0,0.0,False,0.91,0.0,False,,58,-12.0,12.0,0.0,2.0,True,False,1
1439,conv1,element,2,"(23, 0, 8)",0,0.0,False,0.91,0.0,False,,14,1.5,0.75,1.0,0.5,False,False,1
1440,layer3.conv2,element,0,"(119, 38, 24)",0,0.0,False,0.91,0.0,False,,20,4.0,5.0,0.3219280242919922,0.25,False,False,1
1441,layer1.conv2,element,0,"(35, 4, 25)",0,0.0,False,0.91,0.0,False,,16,2.0,2.5,0.32192814350128174,0.25,False,False,1
1442,layer2.conv1,element,3,"(78, 11, 4)",1,0.005,True,0.905,0.0050000000000000044,False,,49,-2.5,-10.0,1.9999998807907104,3.0,False,False,1
1443,layer3.conv1,element,5,"(101, 24, 19)",0,0.0,False,0.91,0.0,False,,57,-10.0,10.0,0.0,2.0,True,False,1
1444,layer3.conv1,element,4,"(14, 12, 26)",0,0.0,False,0.91,0.0,False,,45,-1.25,-20.0,4.0,15.0,False,False,1
1445,layer3.conv2,element,4,"(93, 7, 15)",0,0.0,False,0.91,0.0,False,,54,-6.0,-0.375,4.0,0.9375,False,False,1
1446,layer3.conv1,element,0,"(34, 9, 15)",0,0.0,False,0.91,0.0,False,,11,0.875,0.75,0.22239243984222412,0.1428571492433548,False,False,1
1447,layer3.conv1,element,4,"(15, 7, 12)",0,0.0,False,0.91,0.0,False,,13,1.25,20.0,4.0,15.0,False,False,1
1448,layer3.conv2,element,0,"(34, 13, 22)",0,0.0,False,0.91,0.0,False,,52,-4.0,-5.0,0.3219280242919922,0.25,False,False,1
1449,layer3.conv2,element,1,"(58, 38, 23)",0,0.0,False,0.91,0.0,False,,26,12.0,8.0,0.5849626064300537,0.3333333432674408,False,False,1
1450,layer3.conv2,element,4,"(0, 13, 25)",0,0.0,False,0.91,0.0,False,,23,7.0,0.4375,4.0,0.9375,False,False,1
1451,layer3.conv2,element,3,"(53, 8, 3)",0,0.0,False,0.91,0.0,False,,29,20.0,5.0,2.0,0.75,False,False,1
1452,layer3.shortcut.0,element,4,"(2, 0, 22)",0,0.0,False,0.91,0.0,False,,25,10.0,0.625,4.0,0.9375,False,False,1
1453,layer3.conv2,element,2,"(35, 42, 19)",0,0.0,False,0.91,0.0,False,,19,3.5,7.0,1.0,1.0,False,False,1
1454,layer3.conv2,element,4,"(132, 25, 3)",0,0.0,False,0.91,0.0,False,,28,16.0,1.0,4.0,0.9375,False,False,1
1455,layer1.conv2,element,4,"(41, 4, 7)",0,0.0,False,0.91,0.0,False,,61,-20.0,-1.25,4.0,0.9375,False,False,1
1456,layer3.shortcut.0,element,1,"(125, 1, 20)",0,0.0,False,0.91,0.0,False,,31,28.0,20.0,0.4854269027709961,0.2857142984867096,False,False,1
1457,layer3.conv2,element,3,"(128, 34, 10)",0,0.0,False,0.91,0.0,False,,56,-8.0,-2.0,2.0,0.75,False,False,1
1458,layer2.conv2,element,0,"(56, 13, 15)",0,0.0,False,0.91,0.0,False,,25,10.0,8.0,0.3219280242919922,0.20000000298023224,False,False,1
1459,layer1.conv1,element,5,"(38, 0, 0)",0,0.0,False,0.91,0.0,False,,63,-28.0,28.0,0.0,2.0,True,False,1
1460,layer3.conv2,element,4,"(93, 27, 22)",0,0.0,False,0.91,0.0,False,,58,-12.0,-0.75,4.0,0.9375,False,False,1
1461,layer3.conv2,element,0,"(46, 7, 21)",0,0.0,False,0.91,0.0,False,,27,14.0,12.0,0.22239232063293457,0.1428571492433548,False,False,1
1462,layer3.conv1,element,5,"(0, 1, 4)",0,0.0,False,0.91,0.0,False,,25,10.0,-10.0,0.0,2.0,True,False,1
1463,layer2.conv2,element,1,"(37, 4, 27)",0,0.0,False,0.91,0.0,False,,59,-14.0,-10.0,0.4854269027709961,0.2857142984867096,False,False,1
1464,layer1.conv2,element,4,"(25, 3, 29)",0,0.0,False,0.91,0.0,False,,19,3.5,0.1875,4.2223920822143555,0.9464285969734192,False,False,1
1465,layer3.conv2,element,3,"(18, 50, 15)",0,0.0,False,0.91,0.0,False,,13,1.25,0.3125,2.0,0.75,False,False,1
1466,layer3.conv2,element,4,"(16, 8, 6)",0,0.0,False,0.91,0.0,False,,58,-12.0,-0.75,4.0,0.9375,False,False,1
1467,layer2.conv1,element,2,"(78, 0, 30)",0,0.0,False,0.91,0.0,False,,26,12.0,24.0,0.9999997615814209,1.0,False,False,1
1468,layer3.conv2,element,4,"(174, 49, 23)",0,0.0,False,0.91,0.0,False,,17,2.5,0.0625,5.321928024291992,0.9750000238418579,False,False,1
1469,layer3.conv1,element,3,"(172, 3, 20)",0,0.0,False,0.91,0.0,False,,50,-3.0,-12.0,2.0,3.0,False,False,1
1470,layer3.conv1,element,0,"(179, 15, 13)",0,0.0,False,0.91,0.0,False,,60,-16.0,-20.0,0.3219280242919922,0.25,False,False,1
1471,layer3.conv2,element,0,"(37, 4, 23)",0,0.0,False,0.91,0.0,False,,21,5.0,4.0,0.3219280242919922,0.20000000298023224,False,False,1
1472,layer3.conv2,element,5,"(116, 44, 21)",0,0.0,False,0.91,0.0,False,,57,-10.0,10.0,0.0,2.0,True,False,1
1473,layer3.conv2,element,2,"(13, 34, 28)",0,0.0,False,0.91,0.0,False,,14,1.5,0.75,1.0,0.5,False,False,1
1474,layer3.conv2,element,4,"(4, 44, 0)",0,0.0,False,0.91,0.0,False,,53,-5.0,-0.3125,4.0,0.9375,False,False,1
1475,layer3.conv2,element,5,"(170, 5, 10)",0,0.0,False,0.91,0.0,False,,29,20.0,-20.0,0.0,2.0,True,False,1
1476,layer3.conv2,element,2,"(172, 49, 7)",0,0.0,False,0.91,0.0,False,,27,14.0,28.0,1.0,1.0,False,False,1
1477,layer3.conv1,element,0,"(32, 24, 10)",0,0.0,False,0.91,0.0,False,,50,-3.0,-3.5,0.22239243984222412,0.1666666716337204,False,False,1
1478,layer2.conv2,element,5,"(74, 24, 15)",0,0.0,False,0.91,0.0,False,,40,-0.5,0.5,0.0,2.0,True,False,1
1479,layer3.conv2,element,1,"(40, 15, 13)",0,0.0,False,0.91,0.0,False,,52,-4.0,-6.0,0.5849626064300537,0.5,False,False,1
1480,layer3.conv2,element,0,"(47, 46, 14)",0,0.0,False,0.91,0.0,False,,54,-6.0,-7.0,0.22239232063293457,0.1666666716337204,False,False,1
1481,layer3.conv1,element,3,"(121, 23, 20)",0,0.0,False,0.91,0.0,False,,60,-16.0,-4.0,2.0,0.75,False,False,1
1482,layer3.conv2,element,4,"(14, 34, 27)",0,0.0,False,0.91,0.0,False,,23,7.0,0.4375,4.0,0.9375,False,False,1
1483,layer3.conv1,element,5,"(53, 4, 29)",0,0.0,False,0.91,0.0,False,,24,8.0,-8.0,0.0,2.0,True,False,1
1484,layer2.conv1,element,4,"(59, 1, 1)",1,0.005,True,0.905,0.0050000000000000044,False,,26,12.0,0.75,4.0,0.9375,False,False,1
1485,layer3.conv2,element,3,"(183, 39, 8)",0,0.0,False,0.91,0.0,False,,63,-28.0,-7.0,2.0,0.75,False,False,1
1486,layer3.conv2,element,3,"(180, 16, 14)",0,0.0,False,0.91,0.0,False,,24,8.0,2.0,2.0,0.75,False,False,1
1487,layer3.conv2,element,5,"(99, 35, 31)",0,0.0,False,0.91,0.0,False,,53,-5.0,5.0,0.0,2.0,True,False,1
1488,layer2.conv2,element,5,"(59, 6, 10)",0,0.0,False,0.91,0.0,False,,11,0.875,-0.875,0.0,2.0,True,False,1
1489,layer3.conv1,element,4,"(166, 4, 19)",0,0.0,False,0.91,0.0,False,,27,14.0,0.875,4.0,0.9375,False,False,1
1490,layer3.conv2,element,2,"(170, 52, 8)",0,0.0,False,0.91,0.0,False,,16,2.0,4.0,1.0,1.0,False,False,1
1491,layer3.conv1,scale,0,"(187, 1)",0,0.0,False,0.91,0.0,False,,118,118.0,119.0,1.0,inf,False,False,32
1492,layer2.conv2,element,1,"(52, 24, 9)",0,0.0,False,0.91,0.0,False,,18,3.0,2.0,0.5849624872207642,0.3333333432674408,False,False,1
1493,layer3.conv2,element,4,"(52, 47, 13)",0,0.0,False,0.91,0.0,False,,52,-4.0,-0.25,4.0,0.9375,False,False,1
1494,layer3.conv1,element,3,"(87, 17, 28)",0,0.0,False,0.91,0.0,False,,25,10.0,2.5,1.9999998807907104,0.75,False,False,1
1495,layer3.conv2,element,5,"(72, 29, 7)",0,0.0,False,0.91,0.0,False,,30,24.0,-24.0,0.0,2.0,True,False,1
1496,layer3.conv1,element,2,"(44, 10, 21)",0,0.0,False,0.91,0.0,False,,60,-16.0,-8.0,1.0,0.5,False,False,1
1497,layer3.conv2,element,2,"(42, 52, 22)",0,0.0,False,0.91,0.0,False,,54,-6.0,-3.0,1.0000001192092896,0.5,False,False,1
1498,layer3.conv2,element,2,"(178, 8, 8)",0,0.0,False,0.91,0.0,False,,28,16.0,8.0,1.0,0.5,False,False,1
1499,layer3.conv2,element,2,"(0, 32, 27)",0,0.0,False,0.91,0.0,False,,55,-7.0,-3.5,1.0,0.5,False,False,1
1500,layer3.conv2,element,2,"(102, 14, 1)",0,0.0,False,0.91,0.0,False,,56,-8.0,-16.0,1.0,1.0,False,False,1
1501,layer1.conv2,element,0,"(44, 5, 27)",0,0.0,False,0.91,0.0,False,,45,-1.25,-1.0,0.32192808389663696,0.20000000298023224,False,False,1
1502,layer2.shortcut.0,element,0,"(67, 0, 26)",0,0.0,False,0.91,0.0,False,,50,-3.0,-3.5,0.22239243984222412,0.1666666716337204,False,False,1
1503,layer3.conv2,element,4,"(114, 33, 20)",0,0.0,False,0.91,0.0,False,,58,-12.0,-0.75,4.0,0.9375,False,False,1
1504,layer2.conv2,element,0,"(22, 22, 12)",0,0.0,False,0.91,0.0,False,,53,-5.0,-4.0,0.3219280242919922,0.20000000298023224,False,False,1
1505,layer3.conv2,element,2,"(65, 46, 27)",0,0.0,False,0.91,0.0,False,,29,20.0,10.0,1.0,0.5,False,False,1
1506,layer3.conv2,element,0,"(120, 20, 11)",0,0.0,False,0.91,0.0,False,,59,-14.0,-12.0,0.22239232063293457,0.1428571492433548,False,False,1
1507,layer3.conv1,element,0,"(138, 3, 2)",0,0.0,False,0.91,0.0,False,,53,-5.0,-4.0,0.3219280242919922,0.20000000298023224,False,False,1
1508,layer3.conv2,scale,7,"(131, 4)",200,1.0,True,0.0,0.91,True,,121,121.0,249.0,128.0,inf,False,False,32
1509,layer3.conv2,element,2,"(114, 44, 8)",0,0.0,False,0.91,0.0,False,,16,2.0,4.0,1.0,1.0,False,False,1
1510,layer3.conv2,element,3,"(68, 19, 19)",0,0.0,False,0.91,0.0,False,,29,20.0,5.0,2.0,0.75,False,False,1
1511,layer3.conv2,element,5,"(46, 37, 6)",0,0.0,False,0.91,0.0,False,,59,-14.0,14.0,0.0,2.0,True,False,1
1512,layer3.conv1,element,3,"(14, 6, 30)",0,0.0,False,0.91,0.0,False,,27,14.0,3.5,2.0,0.75,False,False,1
1513,layer2.conv1,element,0,"(87, 9, 20)",0,0.0,False,0.91,0.0,False,,30,24.0,28.0,0.22239255905151367,0.1666666716337204,False,False,1
1514,layer3.conv2,element,0,"(96, 53, 10)",0,0.0,False,0.91,0.0,False,,18,3.0,3.5,0.22239243984222412,0.1666666716337204,False,False,1
1515,layer3.conv2,element,0,"(19, 33, 4)",0,0.0,False,0.91,0.0,False,,51,-3.5,-3.0,0.22239243984222412,0.1428571492433548,False,False,1
1516,layer3.conv2,element,4,"(189, 52, 23)",0,0.0,False,0.91,0.0,False,,26,12.0,0.75,4.0,0.9375,False,False,1
1517,layer3.conv1,element,0,"(87, 20, 20)",0,0.0,False,0.91,0.0,False,,23,7.0,6.0,0.22239232063293457,0.1428571492433548,False,False,1
1518,layer3.conv2,element,4,"(87, 27, 2)",0,0.0,False,0.91,0.0,False,,56,-8.0,-0.5,4.0,0.9375,False,False,1
1519,layer3.conv1,element,0,"(73, 24, 1)",0,0.0,False,0.91,0.0,False,,24,8.0,10.0,0.3219280242919922,0.25,False,False,1
1520,layer3.conv2,element,5,"(120, 44, 8)",0,0.0,False,0.91,0.0,False,,57,-10.0,10.0,0.0,2.0,True,False,1
1521,layer3.conv2,element,5,"(89, 35, 25)",0,0.0,False,0.91,0.0,False,,25,10.0,-10.0,0.0,2.0,True,False,1
1522,layer2.conv2,element,3,"(74, 6, 9)",0,0.0,False,0.91,0.0,False,,27,14.0,3.5,2.0,0.75,False,False,1
1523,layer3.conv2,element,5,"(166, 26, 20)",0,0.0,False,0.91,0.0,False,,51,-3.5,3.5,0.0,2.0,True,False,1
1524,layer1.conv1,element,2,"(16, 1, 25)",0,0.0,False,0.91,0.0,False,,18,3.0,6.0,1.0000001192092896,1.0,False,False,1
1525,layer3.conv1,element,3,"(73, 1, 13)",0,0.0,False,0.91,0.0,False,,46,-1.5,-0.375,2.0,0.75,False,False,1
1526,layer3.conv1,element,4,"(147, 5, 11)",0,0.0,False,0.91,0.0,False,,26,12.0,0.75,4.0,0.9375,False,False,1
1527,layer1.conv2,element,1,"(30, 7, 22)",0,0.0,False,0.91,0.0,False,,11,0.875,0.625,0.4854268431663513,0.2857142984867096,False,False,1
1528,layer3.conv1,element,1,"(158, 11, 16)",0,0.0,False,0.91,0.0,False,,51,-3.5,-2.5,0.48542678356170654,0.2857142984867096,False,False,1
1529,layer3.conv1,element,5,"(87, 26, 13)",0,0.0,False,0.91,0.0,False,,53,-5.0,5.0,0.0,2.0,True,False,1
1530,layer2.conv2,element,3,"(24, 24, 24)",0,0.0,False,0.91,0.0,False,,15,1.75,0.4375,2.0,0.75,False,False,1
1531,layer3.conv1,element,1,"(103, 25, 23)",0,0.0,False,0.91,0.0,False,,62,-24.0,-16.0,0.5849623680114746,0.3333333432674408,False,False,1
1532,layer3.conv1,element,1,"(74, 4, 2)",0,0.0,False,0.91,0.0,False,,12,1.0,1.5,0.5849624872207642,0.5,False,False,1
1533,layer3.conv2,element,0,"(159, 15, 8)",0,0.0,False,0.91,0.0,False,,27,14.0,12.0,0.22239232063293457,0.1428571492433548,False,False,1
1534,layer3.conv2,element,0,"(71, 42, 9)",0,0.0,False,0.91,0.0,False,,30,24.0,28.0,0.22239255905151367,0.1666666716337204,False,False,1
1535,layer2.conv2,element,1,"(14, 10, 10)",1,0.005,True,0.905,0.0050000000000000044,False,,57,-10.0,-14.0,0.4854269027709961,0.4000000059604645,False,False,1
1536,layer3.conv1,element,3,"(111, 22, 22)",0,0.0,False,0.91,0.0,False,,27,14.0,3.5,2.0,0.75,False,False,1
1537,layer3.conv2,element,4,"(124, 13, 26)",0,0.0,False,0.91,0.0,False,,19,3.5,0.1875,4.2223920822143555,0.9464285969734192,False,False,1
1538,layer3.conv2,element,0,"(98, 50, 2)",0,0.0,False,0.91,0.0,False,,63,-28.0,-24.0,0.22239255905151367,0.1428571492433548,False,False,1
1539,layer3.conv1,element,2,"(96, 12, 28)",0,0.0,False,0.91,0.0,False,,53,-5.0,-2.5,0.9999998807907104,0.5,False,False,1
1540,layer2.conv1,element,1,"(45, 9, 18)",0,0.0,False,0.91,0.0,False,,15,1.75,1.25,0.4854268431663513,0.2857142984867096,False,False,1
1541,layer3.conv1,element,0,"(162, 24, 25)",0,0.0,False,0.91,0.0,False,,16,2.0,2.5,0.32192814350128174,0.25,False,False,1
1542,layer3.conv2,element,4,"(102, 37, 27)",0,0.0,False,0.91,0.0,False,,43,-0.875,-14.0,4.0,15.0,False,False,1
1543,layer3.conv2,element,0,"(39, 47, 22)",0,0.0,False,0.91,0.0,False,,59,-14.0,-12.0,0.22239232063293457,0.1428571492433548,False,False,1
1544,layer3.conv1,scale,5,"(163, 4)",0,0.0,False,0.91,0.0,False,,118,118.0,86.0,32.0,inf,False,False,32
1545,layer3.conv2,element,1,"(25, 44, 3)",0,0.0,False,0.91,0.0,False,,51,-3.5,-2.5,0.48542678356170654,0.2857142984867096,False,False,1
1546,layer2.conv1,element,0,"(19, 2, 6)",0,0.0,False,0.91,0.0,False,,60,-16.0,-20.0,0.3219280242919922,0.25,False,False,1
1547,layer3.conv2,scale,0,"(102, 12)",0,0.0,False,0.91,0.0,False,,120,120.0,121.0,1.0,inf,False,False,32
1548,layer3.conv2,element,3,"(72, 26, 12)",0,0.0,False,0.91,0.0,False,,45,-1.25,-0.3125,2.0,0.75,False,False,1
1549,layer3.conv1,element,0,"(66, 8, 18)",0,0.0,False,0.91,0.0,False,,54,-6.0,-7.0,0.22239232063293457,0.1666666716337204,False,False,1
1550,layer2.conv1,element,3,"(88, 10, 23)",1,0.005,True,0.905,0.0050000000000000044,False,,22,6.0,24.0,1.999999761581421,3.0,False,False,1
1551,layer3.conv2,element,3,"(161, 24, 0)",0,0.0,False,0.91,0.0,False,,60,-16.0,-4.0,2.0,0.75,False,False,1
1552,layer3.conv1,element,3,"(70, 17, 2)",0,0.0,False,0.91,0.0,False,,49,-2.5,-10.0,1.9999998807907104,3.0,False,False,1
1553,layer3.conv1,scale,0,"(26, 20)",0,0.0,False,0.91,0.0,False,,118,118.0,119.0,1.0,inf,False,False,32
1554,layer3.conv2,element,3,"(131, 40, 16)",0,0.0,False,0.91,0.0,False,,17,2.5,10.0,1.9999998807907104,3.0,False,False,1
1555,layer3.conv2,element,3,"(72, 43, 10)",0,0.0,False,0.91,0.0,False,,26,12.0,3.0,2.0,0.75,False,False,1
1556,layer3.conv2,element,0,"(78, 28, 9)",0,0.0,False,0.91,0.0,False,,20,4.0,5.0,0.3219280242919922,0.25,False,False,1
1557,layer3.conv1,element,4,"(120, 24, 30)",1,0.005,True,0.905,0.0050000000000000044,False,,29,20.0,1.25,4.0,0.9375,False,False,1
1558,layer3.conv2,element,3,"(105, 53, 17)",0,0.0,False,0.91,0.0,False,,23,7.0,28.0,2.0,3.0,False,False,1
1559,layer3.conv2,element,4,"(162, 22, 10)",0,0.0,False,0.91,0.0,False,,24,8.0,0.5,4.0,0.9375,False,False,1
1560,layer3.conv2,element,5,"(8, 31, 0)",0,0.0,False,0.91,0.0,False,,17,2.5,-2.5,0.0,2.0,True,False,1
1561,layer3.conv1,element,4,"(25, 6, 4)",0,0.0,False,0.91,0.0,False,,57,-10.0,-0.625,4.0,0.9375,False,False,1
1562,layer2.conv2,element,0,"(37, 5, 27)",0,0.0,False,0.91,0.0,False,,53,-5.0,-4.0,0.3219280242919922,0.20000000298023224,False,False,1
1563,layer2.conv1,element,1,"(59, 9, 8)",0,0.0,False,0.91,0.0,False,,20,4.0,6.0,0.5849626064300537,0.5,False,False,1
1564,layer3.conv2,element,3,"(130, 4, 25)",0,0.0,False,0.91,0.0,False,,16,2.0,8.0,2.0,3.0,False,False,1
1565,layer3.conv2,element,0,"(99, 32, 3)",0,0.0,False,0.91,0.0,False,,29,20.0,16.0,0.3219280242919922,0.20000000298023224,False,False,1
1566,layer2.conv2,element,1,"(87, 12, 24)",0,0.0,False,0.91,0.0,False,,14,1.5,1.0,0.5849624872207642,0.3333333432674408,False,False,1
1567,layer3.conv2,element,0,"(90, 8, 13)",0,0.0,False,0.91,0.0,False,,57,-10.0,-8.0,0.3219280242919922,0.20000000298023224,False,False,1
1568,layer3.conv2,element,2,"(160, 32, 26)",0,0.0,False,0.91,0.0,False,,59,-14.0,-28.0,1.0,1.0,False,False,1
1569,layer3.conv2,element,4,"(85, 29, 7)",0,0.0,False,0.91,0.0,False,,56,-8.0,-0.5,4.0,0.9375,False,False,1
1570,layer3.conv2,element,4,"(166, 24, 20)",0,0.0,False,0.91,0.0,False,,26,12.0,0.75,4.0,0.9375,False,False,1
1571,layer3.conv2,element,3,"(81, 47, 0)",0,0.0,False,0.91,0.0,False,,56,-8.0,-2.0,2.0,0.75,False,False,1
1572,layer3.conv2,element,1,"(3, 23, 7)",0,0.0,False,0.91,0.0,False,,57,-10.0,-14.0,0.4854269027709961,0.4000000059604645,False,False,1
1573,layer3.conv2,element,3,"(35, 45, 7)",0,0.0,False,0.91,0.0,False,,2,0.125,0.75,2.5849623680114746,5.0,False,False,1
1574,layer3.shortcut.0,element,0,"(11, 0, 3)",0,0.0,False,0.91,0.0,False,,16,2.0,2.5,0.32192814350128174,0.25,False,False,1
1575,layer3.conv2,element,3,"(9, 41, 9)",0,0.0,False,0.91,0.0,False,,7,0.4375,1.75,2.0,3.0,False,False,1
1576,layer1.conv1,element,2,"(23, 13, 13)",0,0.0,False,0.91,0.0,False,,28,16.0,8.0,1.0,0.5,False,False,1
1577,layer3.conv1,element,1,"(163, 15, 17)",0,0.0,False,0.91,0.0,False,,24,8.0,12.0,0.5849626064300537,0.5,False,False,1
1578,layer3.conv2,element,4,"(49, 38, 24)",0,0.0,False,0.91,0.0,False,,22,6.0,0.375,4.0,0.9375,False,False,1
1579,layer2.conv2,scale,7,"(93, 21)",200,1.0,True,0.0,0.91,True,,120,120.0,248.0,128.0,inf,False,False,32
1580,layer3.conv2,element,3,"(81, 29, 1)",0,0.0,False,0.91,0.0,False,,57,-10.0,-2.5,1.9999998807907104,0.75,False,False,1
1581,layer3.conv1,element,2,"(158, 8, 7)",0,0.0,False,0.91,0.0,False,,58,-12.0,-24.0,0.9999997615814209,1.0,False,False,1
1582,layer2.conv2,element,2,"(86, 4, 26)",0,0.0,False,0.91,0.0,False,,60,-16.0,-8.0,1.0,0.5,False,False,1
1583,layer3.conv2,element,0,"(124, 8, 17)",0,0.0,False,0.91,0.0,False,,25,10.0,8.0,0.3219280242919922,0.20000000298023224,False,False,1
1584,layer3.conv2,element,4,"(35, 44, 27)",0,0.0,False,0.91,0.0,False,,57,-10.0,-0.625,4.0,0.9375,False,False,1
1585,layer3.conv2,element,0,"(86, 22, 5)",0,0.0,False,0.91,0.0,False,,59,-14.0,-12.0,0.22239232063293457,0.1428571492433548,False,False,1
1586,layer3.conv2,element,5,"(162, 12, 23)",0,0.0,False,0.91,0.0,False,,36,-0.25,0.25,0.0,2.0,True,False,1
1587,layer2.conv1,element,0,"(46, 2, 22)",0,0.0,False,0.91,0.0,False,,26,12.0,14.0,0.22239232063293457,0.1666666716337204,False,False,1
1588,layer3.conv2,element,4,"(101, 33, 7)",0,0.0,False,0.91,0.0,False,,22,6.0,0.375,4.0,0.9375,False,False,1
1589,layer3.conv2,element,3,"(44, 13, 2)",0,0.0,False,0.91,0.0,False,,18,3.0,12.0,2.0,3.0,False,False,1
1590,layer2.conv1,element,5,"(28, 2, 29)",1,0.005,True,0.905,0.0050000000000000044,False,,23,7.0,-7.0,0.0,2.0,True,False,1
1591,layer2.conv2,element,5,"(38, 13, 18)",0,0.0,False,0.91,0.0,False,,35,-0.1875,0.1875,0.0,2.0,True,False,1
1592,layer3.conv2,element,0,"(1, 29, 20)",0,0.0,False,0.91,0.0,False,,51,-3.5,-3.0,0.22239243984222412,0.1428571492433548,False,False,1
1593,layer1.conv2,element,5,"(42, 3, 9)",0,0.0,False,0.91,0.0,False,,42,-0.75,0.75,0.0,2.0,True,False,1
1594,layer3.shortcut.0,element,3,"(80, 2, 20)",0,0.0,False,0.91,0.0,False,,16,2.0,8.0,2.0,3.0,False,False,1
1595,layer3.conv1,element,3,"(161, 20, 4)",0,0.0,False,0.91,0.0,False,,20,4.0,16.0,2.0,3.0,False,False,1
1596,layer3.conv2,element,1,"(92, 30, 8)",0,0.0,False,0.91,0.0,False,,58,-12.0,-8.0,0.5849626064300537,0.3333333432674408,False,False,1
1597,layer3.conv2,element,3,"(101, 43, 14)",0,0.0,False,0.91,0.0,False,,59,-14.0,-3.5,2.0,0.75,False,False,1
1598,layer3.conv2,element,4,"(18, 28, 25)",0,0.0,False,0.91,0.0,False,,63,-28.0,-1.75,4.0,0.9375,False,False,1
1599,layer2.conv2,element,4,"(43, 8, 18)",0,0.0,False,0.91,0.0,False,,56,-8.0,-0.5,4.0,0.9375,False,False,1
1600,layer3.conv1,element,5,"(3, 2, 27)",0,0.0,False,0.91,0.0,False,,60,-16.0,16.0,0.0,2.0,True,False,1
1601,layer3.conv2,element,1,"(64, 29, 25)",0,0.0,False,0.91,0.0,False,,60,-16.0,-24.0,0.5849623680114746,0.5,False,False,1
1602,layer3.conv2,element,4,"(116, 7, 6)",0,0.0,False,0.91,0.0,False,,54,-6.0,-0.375,4.0,0.9375,False,False,1
1603,layer3.conv1,element,0,"(123, 5, 29)",1,0.005,True,0.905,0.0050000000000000044,False,,56,-8.0,-10.0,0.3219280242919922,0.25,False,False,1
1604,layer3.conv1,element,3,"(40, 15, 26)",0,0.0,False,0.91,0.0,False,,18,3.0,12.0,2.0,3.0,False,False,1
1605,layer3.conv1,element,4,"(153, 12, 13)",0,0.0,False,0.91,0.0,False,,27,14.0,0.875,4.0,0.9375,False,False,1
1606,layer3.conv1,element,3,"(63, 23, 26)",0,0.0,False,0.91,0.0,False,,26,12.0,3.0,2.0,0.75,False,False,1
1607,layer3.conv2,element,2,"(92, 20, 20)",0,0.0,False,0.91,0.0,False,,23,7.0,3.5,1.0,0.5,False,False,1
1608,layer3.conv2,element,1,"(61, 39, 28)",0,0.0,False,0.91,0.0,False,,29,20.0,28.0,0.4854269027709961,0.4000000059604645,False,False,1
1609,layer3.conv2,element,0,"(78, 7, 8)",0,0.0,False,0.91,0.0,False,,4,0.25,0.3125,0.32192814350128174,0.25,False,False,1
1610,layer3.conv1,element,3,"(190, 22, 9)",0,0.0,False,0.91,0.0,False,,22,6.0,24.0,1.999999761581421,3.0,False,False,1
1611,layer3.conv2,element,2,"(112, 4, 22)",0,0.0,False,0.91,0.0,False,,58,-12.0,-24.0,0.9999997615814209,1.0,False,False,1
1612,layer3.shortcut.0,element,4,"(142, 2, 18)",0,0.0,False,0.91,0.0,False,,48,-2.0,-0.0,inf,1.0,False,False,1
1613,layer3.conv2,element,2,"(59, 41, 20)",0,0.0,False,0.91,0.0,False,,55,-7.0,-3.5,1.0,0.5,False,False,1
1614,layer3.conv2,element,3,"(1, 16, 14)",0,0.0,False,0.91,0.0,False,,55,-7.0,-28.0,2.0,3.0,False,False,1
1615,layer3.conv2,element,1,"(17, 5, 9)",0,0.0,False,0.91,0.0,False,,10,0.75,0.5,0.5849624872207642,0.3333333432674408,False,False,1
1616,layer3.conv1,element,4,"(105, 19, 11)",0,0.0,False,0.91,0.0,False,,53,-5.0,-0.3125,4.0,0.9375,False,False,1
1617,layer3.conv2,element,0,"(157, 28, 10)",0,0.0,False,0.91,0.0,False,,29,20.0,16.0,0.3219280242919922,0.20000000298023224,False,False,1
1618,layer3.conv2,element,2,"(49, 17, 29)",0,0.0,False,0.91,0.0,False,,48,-2.0,-4.0,1.0,1.0,False,False,1
1619,layer3.conv1,element,1,"(144, 25, 12)",0,0.0,False,0.91,0.0,False,,57,-10.0,-14.0,0.4854269027709961,0.4000000059604645,False,False,1
1620,layer3.conv2,element,2,"(142, 38, 16)",0,0.0,False,0.91,0.0,False,,59,-14.0,-28.0,1.0,1.0,False,False,1
1621,layer3.conv1,element,0,"(4, 3, 28)",0,0.0,False,0.91,0.0,False,,25,10.0,8.0,0.3219280242919922,0.20000000298023224,False,False,1
1622,layer3.shortcut.0,element,3,"(124, 1, 13)",0,0.0,False,0.91,0.0,False,,20,4.0,16.0,2.0,3.0,False,False,1
1623,layer3.conv2,element,0,"(140, 26, 15)",0,0.0,False,0.91,0.0,False,,49,-2.5,-2.0,0.32192814350128174,0.20000000298023224,False,False,1
1624,layer3.conv1,element,4,"(88, 9, 7)",0,0.0,False,0.91,0.0,False,,25,10.0,0.625,4.0,0.9375,False,False,1
1625,layer2.conv1,element,5,"(0, 0, 12)",1,0.005,True,0.905,0.0050000000000000044,False,,56,-8.0,8.0,0.0,2.0,True,False,1
1626,layer2.conv1,element,2,"(0, 4, 18)",0,0.0,False,0.91,0.0,False,,51,-3.5,-7.0,1.0,1.0,False,False,1
1627,layer3.conv2,element,0,"(1, 18, 27)",0,0.0,False,0.91,0.0,False,,50,-3.0,-3.5,0.22239243984222412,0.1666666716337204,False,False,1
1628,layer3.conv1,element,0,"(90, 4, 22)",0,0.0,False,0.91,0.0,False,,58,-12.0,-14.0,0.22239232063293457,0.1666666716337204,False,False,1
1629,layer3.conv2,element,4,"(75, 33, 8)",0,0.0,False,0.91,0.0,False,,27,14.0,0.875,4.0,0.9375,False,False,1
1630,layer3.conv1,element,1,"(24, 24, 31)",0,0.0,False,0.91,0.0,False,,21,5.0,7.0,0.4854269027709961,0.4000000059604645,False,False,1
1631,layer1.conv2,element,0,"(38, 13, 12)",0,0.0,False,0.91,0.0,False,,20,4.0,5.0,0.3219280242919922,0.25,False,False,1
1632,layer2.conv2,element,0,"(45, 18, 20)",0,0.0,False,0.91,0.0,False,,23,7.0,6.0,0.22239232063293457,0.1428571492433548,False,False,1
1633,layer3.conv2,element,3,"(55, 5, 28)",0,0.0,False,0.91,0.0,False,,55,-7.0,-28.0,2.0,3.0,False,False,1
1634,layer2.conv2,element,0,"(26, 16, 9)",0,0.0,False,0.91,0.0,False,,57,-10.0,-8.0,0.3219280242919922,0.20000000298023224,False,False,1
1635,layer3.conv1,element,5,"(95, 4, 9)",0,0.0,False,0.91,0.0,False,,45,-1.25,1.25,0.0,2.0,True,False,1
1636,layer2.conv2,element,4,"(90, 19, 5)",0,0.0,False,0.91,0.0,False,,20,4.0,0.25,4.0,0.9375,False,False,1
1637,layer3.conv2,element,3,"(161, 18, 9)",0,0.0,False,0.91,0.0,False,,34,-0.125,-0.75,2.5849623680114746,5.0,False,False,1
1638,layer3.conv2,element,1,"(118, 43, 7)",0,0.0,False,0.91,0.0,False,,24,8.0,12.0,0.5849626064300537,0.5,False,False,1
1639,layer2.conv1,scale,2,"(55, 5)",1,0.005,True,0.905,0.0050000000000000044,False,,118,118.0,114.0,4.0,inf,False,False,32
1640,layer3.conv2,element,2,"(163, 50, 29)",0,0.0,False,0.91,0.0,False,,59,-14.0,-28.0,1.0,1.0,False,False,1
1641,layer1.conv2,element,0,"(2, 0, 0)",0,0.0,False,0.91,0.0,False,,2,0.125,0.1875,0.5849626064300537,0.5,False,False,1
1642,layer3.conv1,element,4,"(51, 4, 0)",0,0.0,False,0.91,0.0,False,,56,-8.0,-0.5,4.0,0.9375,False,False,1
1643,layer2.conv2,element,2,"(76, 24, 27)",0,0.0,False,0.91,0.0,False,,50,-3.0,-6.0,1.0000001192092896,1.0,False,False,1
1644,layer2.conv2,element,5,"(35, 15, 15)",1,0.005,True,0.905,0.0050000000000000044,False,,28,16.0,-16.0,0.0,2.0,True,False,1
1645,layer3.conv2,element,2,"(38, 13, 21)",0,0.0,False,0.91,0.0,False,,58,-12.0,-24.0,0.9999997615814209,1.0,False,False,1
1646,layer3.conv2,element,2,"(165, 16, 22)",0,0.0,False,0.91,0.0,False,,49,-2.5,-5.0,0.9999998807907104,1.0,False,False,1
1647,layer3.conv2,scale,4,"(75, 9)",0,0.0,False,0.91,0.0,False,,121,121.0,105.0,16.0,inf,False,False,32
1648,layer3.conv2,element,0,"(182, 18, 17)",0,0.0,False,0.91,0.0,False,,54,-6.0,-7.0,0.22239232063293457,0.1666666716337204,False,False,1
1649,layer2.conv1,element,5,"(95, 10, 31)",0,0.0,False,0.91,0.0,False,,50,-3.0,3.0,0.0,2.0,True,False,1
1650,layer3.conv2,element,4,"(75, 23, 15)",0,0.0,False,0.91,0.0,False,,24,8.0,0.5,4.0,0.9375,False,False,1
1651,layer3.conv2,element,4,"(31, 8, 29)",0,0.0,False,0.91,0.0,False,,2,0.125,3.0,4.584962368011475,23.0,False,False,1
1652,layer2.conv2,element,3,"(63, 10, 13)",0,0.0,False,0.91,0.0,False,,56,-8.0,-2.0,2.0,0.75,False,False,1
1653,layer2.conv1,element,1,"(40, 1, 0)",0,0.0,False,0.91,0.0,False,,30,24.0,16.0,0.5849623680114746,0.3333333432674408,False,False,1
1654,layer3.conv2,element,0,"(4, 15, 30)",0,0.0,False,0.91,0.0,False,,55,-7.0,-6.0,0.22239232063293457,0.1428571492433548,False,False,1
1655,layer3.conv1,element,5,"(158, 3, 19)",0,0.0,False,0.91,0.0,False,,57,-10.0,10.0,0.0,2.0,True,False,1
1656,layer3.conv1,element,2,"(36, 7, 11)",0,0.0,False,0.91,0.0,False,,21,5.0,2.5,0.9999998807907104,0.5,False,False,1
1657,layer3.conv2,element,3,"(107, 38, 6)",0,0.0,False,0.91,0.0,False,,30,24.0,6.0,1.999999761581421,0.75,False,False,1
1658,layer3.conv1,element,4,"(1, 0, 9)",0,0.0,False,0.91,0.0,False,,13,1.25,20.0,4.0,15.0,False,False,1
1659,layer3.conv2,element,1,"(69, 13, 23)",0,0.0,False,0.91,0.0,False,,58,-12.0,-8.0,0.5849626064300537,0.3333333432674408,False,False,1
1660,layer3.conv2,element,5,"(98, 26, 31)",1,0.005,True,0.905,0.0050000000000000044,False,,61,-20.0,20.0,0.0,2.0,True,False,1
1661,layer3.conv2,element,0,"(162, 48, 26)",0,0.0,False,0.91,0.0,False,,53,-5.0,-4.0,0.3219280242919922,0.20000000298023224,False,False,1
1662,layer2.conv2,element,0,"(25, 24, 6)",0,0.0,False,0.91,0.0,False,,61,-20.0,-16.0,0.3219280242919922,0.20000000298023224,False,False,1
1663,layer3.conv1,element,5,"(154, 21, 7)",1,0.005,True,0.905,0.0050000000000000044,False,,60,-16.0,16.0,0.0,2.0,True,False,1
1664,layer3.conv2,element,0,"(126, 20, 16)",0,0.0,False,0.91,0.0,False,,54,-6.0,-7.0,0.22239232063293457,0.1666666716337204,False,False,1
1665,layer3.conv2,element,1,"(1, 35, 17)",0,0.0,False,0.91,0.0,False,,27,14.0,10.0,0.4854269027709961,0.2857142984867096,False,False,1
1666,layer3.conv1,element,2,"(159, 12, 18)",0,0.0,False,0.91,0.0,False,,25,10.0,20.0,1.0,1.0,False,False,1
1667,layer3.conv1,element,0,"(114, 18, 9)",0,0.0,False,0.91,0.0,False,,57,-10.0,-8.0,0.3219280242919922,0.20000000298023224,False,False,1
1668,layer3.conv1,element,0,"(44, 11, 3)",0,0.0,False,0.91,0.0,False,,59,-14.0,-12.0,0.22239232063293457,0.1428571492433548,False,False,1
1669,layer2.conv1,element,3,"(13, 2, 16)",0,0.0,False,0.91,0.0,False,,41,-0.625,-0.0625,3.321928024291992,0.8999999761581421,False,False,1
1670,layer3.shortcut.0,element,0,"(30, 1, 19)",0,0.0,False,0.91,0.0,False,,48,-2.0,-2.5,0.32192814350128174,0.25,False,False,1
1671,layer2.conv2,element,3,"(50, 26, 29)",0,0.0,False,0.91,0.0,False,,50,-3.0,-12.0,2.0,3.0,False,False,1
1672,layer3.conv2,element,1,"(172, 4, 5)",0,0.0,False,0.91,0.0,False,,21,5.0,7.0,0.4854269027709961,0.4000000059604645,False,False,1
1673,layer3.conv2,element,3,"(21, 43, 6)",0,0.0,False,0.91,0.0,False,,27,14.0,3.5,2.0,0.75,False,False,1
1674,layer3.conv2,element,0,"(172, 6, 12)",0,0.0,False,0.91,0.0,False,,50,-3.0,-3.5,0.22239243984222412,0.1666666716337204,False,False,1
1675,layer3.conv2,element,3,"(119, 9, 6)",0,0.0,False,0.91,0.0,False,,54,-6.0,-24.0,1.999999761581421,3.0,False,False,1
1676,layer2.conv1,element,2,"(66, 11, 6)",0,0.0,False,0.91,0.0,False,,23,7.0,3.5,1.0,0.5,False,False,1
1677,layer2.conv1,element,5,"(88, 1, 1)",0,0.0,False,0.91,0.0,False,,23,7.0,-7.0,0.0,2.0,True,False,1
1678,layer2.conv1,element,0,"(61, 5, 12)",0,0.0,False,0.91,0.0,False,,25,10.0,8.0,0.3219280242919922,0.20000000298023224,False,False,1
1679,layer3.conv2,element,0,"(104, 1, 21)",0,0.0,False,0.91,0.0,False,,58,-12.0,-14.0,0.22239232063293457,0.1666666716337204,False,False,1
1680,layer3.conv2,element,3,"(30, 5, 29)",0,0.0,False,0.91,0.0,False,,52,-4.0,-16.0,2.0,3.0,False,False,1
1681,layer3.conv2,element,0,"(33, 15, 14)",0,0.0,False,0.91,0.0,False,,56,-8.0,-10.0,0.3219280242919922,0.25,False,False,1
1682,layer3.conv1,element,3,"(146, 19, 12)",0,0.0,False,0.91,0.0,False,,28,16.0,4.0,2.0,0.75,False,False,1
1683,layer3.conv2,element,5,"(55, 39, 28)",0,0.0,False,0.91,0.0,False,,14,1.5,-1.5,0.0,2.0,True,False,1
1684,layer3.conv2,element,1,"(160, 51, 13)",0,0.0,False,0.91,0.0,False,,12,1.0,1.5,0.5849624872207642,0.5,False,False,1
1685,layer3.conv2,element,0,"(4, 20, 7)",0,0.0,False,0.91,0.0,False,,44,-1.0,-1.25,0.32192808389663696,0.25,False,False,1
1686,layer3.conv2,element,2,"(132, 49, 20)",0,0.0,False,0.91,0.0,False,,60,-16.0,-8.0,1.0,0.5,False,False,1
1687,layer2.conv2,element,3,"(19, 0, 25)",0,0.0,False,0.91,0.0,False,,54,-6.0,-24.0,1.999999761581421,3.0,False,False,1
1688,layer3.conv2,element,3,"(22, 15, 22)",0,0.0,False,0.91,0.0,False,,56,-8.0,-2.0,2.0,0.75,False,False,1
1689,layer2.conv2,element,2,"(61, 10, 22)",0,0.0,False,0.91,0.0,False,,52,-4.0,-2.0,1.0,0.5,False,False,1
1690,fc,element,3,"(5, 3, 3)",0,0.0,False,0.91,0.0,False,,58,-12.0,-3.0,2.0,0.75,False,False,1
1691,layer3.conv2,element,1,"(154, 52, 18)",0,0.0,False,0.91,0.0,False,,55,-7.0,-5.0,0.4854269027709961,0.2857142984867096,False,False,1
1692,layer2.conv2,element,3,"(43, 16, 3)",0,0.0,False,0.91,0.0,False,,47,-1.75,-0.4375,2.0,0.75,False,False,1
1693,layer3.conv2,element,2,"(175, 41, 14)",0,0.0,False,0.91,0.0,False,,16,2.0,4.0,1.0,1.0,False,False,1
1694,layer3.conv2,element,5,"(54, 3, 24)",0,0.0,False,0.91,0.0,False,,29,20.0,-20.0,0.0,2.0,True,False,1
1695,layer3.shortcut.0,element,2,"(170, 0, 1)",0,0.0,False,0.91,0.0,False,,31,28.0,14.0,1.0,0.5,False,False,1
1696,layer3.conv1,element,5,"(135, 16, 3)",0,0.0,False,0.91,0.0,False,,16,2.0,-2.0,0.0,2.0,True,False,1
1697,layer2.conv2,element,4,"(56, 18, 27)",0,0.0,False,0.91,0.0,False,,48,-2.0,-0.0,inf,1.0,False,False,1
1698,layer3.conv2,element,5,"(161, 29, 7)",0,0.0,False,0.91,0.0,False,,24,8.0,-8.0,0.0,2.0,True,False,1
1699,layer2.conv2,element,1,"(8, 3, 22)",0,0.0,False,0.91,0.0,False,,60,-16.0,-24.0,0.5849623680114746,0.5,False,False,1
1700,layer3.conv2,element,0,"(43, 38, 22)",0,0.0,False,0.91,0.0,False,,46,-1.5,-1.75,0.22239243984222412,0.1666666716337204,False,False,1
1701,layer2.conv2,element,3,"(44, 3, 12)",0,0.0,False,0.91,0.0,False,,62,-24.0,-6.0,1.999999761581421,0.75,False,False,1
1702,layer3.conv1,element,1,"(57, 8, 14)",0,0.0,False,0.91,0.0,False,,21,5.0,7.0,0.4854269027709961,0.4000000059604645,False,False,1
1703,layer2.conv2,element,0,"(44, 3, 15)",0,0.0,False,0.91,0.0,False,,57,-10.0,-8.0,0.3219280242919922,0.20000000298023224,False,False,1
1704,layer3.conv2,element,3,"(160, 26, 1)",0,0.0,False,0.91,0.0,False,,48,-2.0,-8.0,2.0,3.0,False,False,1
1705,layer3.conv2,element,2,"(22, 32, 9)",0,0.0,False,0.91,0.0,False,,45,-1.25,-0.625,1.0,0.5,False,False,1
1706,layer2.conv1,element,3,"(50, 2, 9)",0,0.0,False,0.91,0.0,False,,38,-0.375,-1.5,2.0,3.0,False,False,1
1707,layer2.conv2,element,5,"(22, 5, 22)",1,0.005,True,0.905,0.0050000000000000044,False,,61,-20.0,20.0,0.0,2.0,True,False,1
1708,layer2.conv2,element,0,"(4, 20, 11)",0,0.0,False,0.91,0.0,False,,56,-8.0,-10.0,0.3219280242919922,0.25,False,False,1
1709,layer1.conv2,element,1,"(6, 10, 16)",0,0.0,False,0.91,0.0,False,,28,16.0,24.0,0.5849623680114746,0.5,False,False,1
1710,layer3.conv2,element,3,"(6, 45, 5)",0,0.0,False,0.91,0.0,False,,17,2.5,10.0,1.9999998807907104,3.0,False,False,1
1711,layer3.conv2,element,0,"(21, 2, 31)",0,0.0,False,0.91,0.0,False,,60,-16.0,-20.0,0.3219280242919922,0.25,False,False,1
1712,layer3.conv2,element,5,"(36, 50, 18)",0,0.0,False,0.91,0.0,False,,24,8.0,-8.0,0.0,2.0,True,False,1
1713,layer3.conv2,element,5,"(89, 41, 0)",0,0.0,False,0.91,0.0,False,,42,-0.75,0.75,0.0,2.0,True,False,1
1714,layer3.conv2,element,3,"(146, 43, 18)",0,0.0,False,0.91,0.0,False,,23,7.0,28.0,2.0,3.0,False,False,1
1715,layer3.conv2,element,1,"(18, 28, 25)",0,0.0,False,0.91,0.0,False,,63,-28.0,-20.0,0.4854269027709961,0.2857142984867096,False,False,1
1716,layer3.conv2,element,1,"(158, 40, 1)",0,0.0,False,0.91,0.0,False,,48,-2.0,-3.0,0.5849624872207642,0.5,False,False,1
1717,layer3.conv1,element,0,"(107, 12, 27)",0,0.0,False,0.91,0.0,False,,22,6.0,7.0,0.22239232063293457,0.1666666716337204,False,False,1
1718,layer3.conv2,element,3,"(130, 18, 23)",0,0.0,False,0.91,0.0,False,,51,-3.5,-14.0,2.0,3.0,False,False,1
1719,layer3.conv2,element,2,"(116, 36, 22)",0,0.0,False,0.91,0.0,False,,18,3.0,6.0,1.0000001192092896,1.0,False,False,1
1720,layer3.conv1,element,1,"(66, 23, 21)",0,0.0,False,0.91,0.0,False,,52,-4.0,-6.0,0.5849626064300537,0.5,False,False,1
1721,layer1.conv2,element,5,"(18, 3, 23)",1,0.005,True,0.905,0.0050000000000000044,False,,52,-4.0,4.0,0.0,2.0,True,False,1
1722,layer3.conv2,element,2,"(66, 51, 19)",0,0.0,False,0.91,0.0,False,,49,-2.5,-5.0,0.9999998807907104,1.0,False,False,1
1723,layer3.conv1,element,2,"(84, 8, 4)",0,0.0,False,0.91,0.0,False,,26,12.0,24.0,0.9999997615814209,1.0,False,False,1
1724,layer3.conv2,element,5,"(191, 5, 1)",0,0.0,False,0.91,0.0,False,,61,-20.0,20.0,0.0,2.0,True,False,1
1725,layer3.conv2,element,3,"(111, 3, 15)",0,0.0,False,0.91,0.0,False,,25,10.0,2.5,1.9999998807907104,0.75,False,False,1
1726,layer3.conv2,element,1,"(65, 18, 16)",0,0.0,False,0.91,0.0,False,,57,-10.0,-14.0,0.4854269027709961,0.4000000059604645,False,False,1
1727,layer3.conv1,element,0,"(164, 21, 8)",0,0.0,False,0.91,0.0,False,,24,8.0,10.0,0.3219280242919922,0.25,False,False,1
1728,layer3.conv2,element,0,"(42, 41, 22)",0,0.0,False,0.91,0.0,False,,27,14.0,12.0,0.22239232063293457,0.1428571492433548,False,False,1
1729,layer3.conv2,element,3,"(17, 41, 7)",0,0.0,False,0.91,0.0,False,,21,5.0,20.0,2.0,3.0,False,False,1
1730,layer3.conv1,element,3,"(141, 1, 2)",0,0.0,False,0.91,0.0,False,,29,20.0,5.0,2.0,0.75,False,False,1
1731,layer3.conv1,element,4,"(164, 25, 7)",0,0.0,False,0.91,0.0,False,,15,1.75,28.0,4.0,15.0,False,False,1
1732,layer2.conv2,element,1,"(17, 14, 18)",0,0.0,False,0.91,0.0,False,,56,-8.0,-12.0,0.5849626064300537,0.5,False,False,1
1733,layer3.conv1,element,3,"(151, 18, 31)",0,0.0,False,0.91,0.0,False,,52,-4.0,-16.0,2.0,3.0,False,False,1
1734,layer3.conv1,element,3,"(97, 18, 9)",0,0.0,False,0.91,0.0,False,,63,-28.0,-7.0,2.0,0.75,False,False,1
1735,layer3.conv1,element,0,"(72, 21, 4)",0,0.0,False,0.91,0.0,False,,19,3.5,3.0,0.22239243984222412,0.1428571492433548,False,False,1
1736,layer2.conv2,element,2,"(51, 16, 4)",1,0.005,True,0.905,0.0050000000000000044,False,,19,3.5,7.0,1.0,1.0,False,False,1
1737,layer3.conv1,element,5,"(109, 14, 3)",0,0.0,False,0.91,0.0,False,,53,-5.0,5.0,0.0,2.0,True,False,1
1738,layer3.conv2,element,2,"(20, 2, 31)",0,0.0,False,0.91,0.0,False,,20,4.0,2.0,1.0,0.5,False,False,1
1739,layer3.conv1,scale,7,"(106, 8)",200,1.0,True,0.0,0.91,True,,118,118.0,246.0,128.0,inf,False,False,32
1740,layer3.conv1,element,2,"(127, 1, 13)",0,0.0,False,0.91,0.0,False,,52,-4.0,-2.0,1.0,0.5,False,False,1
1741,layer3.conv1,element,0,"(116, 19, 28)",0,0.0,False,0.91,0.0,False,,62,-24.0,-28.0,0.22239255905151367,0.1666666716337204,False,False,1
1742,layer2.conv2,element,1,"(35, 1, 27)",0,0.0,False,0.91,0.0,False,,19,3.5,2.5,0.48542678356170654,0.2857142984867096,False,False,1
1743,layer3.conv2,element,2,"(139, 6, 15)",0,0.0,False,0.91,0.0,False,,9,0.625,1.25,1.0,1.0,False,False,1
1744,layer3.conv2,element,3,"(100, 53, 11)",0,0.0,False,0.91,0.0,False,,57,-10.0,-2.5,1.9999998807907104,0.75,False,False,1
1745,layer3.conv1,element,4,"(92, 14, 26)",0,0.0,False,0.91,0.0,False,,63,-28.0,-1.75,4.0,0.9375,False,False,1
1746,layer3.shortcut.0,element,3,"(165, 0, 5)",0,0.0,False,0.91,0.0,False,,24,8.0,2.0,2.0,0.75,False,False,1
1747,layer3.conv2,element,4,"(42, 18, 3)",0,0.0,False,0.91,0.0,False,,54,-6.0,-0.375,4.0,0.9375,False,False,1
1748,layer3.conv2,element,1,"(116, 37, 2)",0,0.0,False,0.91,0.0,False,,38,-0.375,-0.25,0.5849624872207642,0.3333333432674408,False,False,1
1749,layer3.conv2,scale,5,"(128, 22)",0,0.0,False,0.91,0.0,False,,121,121.0,89.0,32.0,inf,False,False,32
1750,layer3.conv1,element,2,"(115, 15, 30)",0,0.0,False,0.91,0.0,False,,56,-8.0,-16.0,1.0,1.0,False,False,1
1751,layer3.conv2,element,3,"(12, 51, 29)",0,0.0,False,0.91,0.0,False,,18,3.0,12.0,2.0,3.0,False,False,1
1752,layer3.conv2,element,0,"(64, 31, 29)",0,0.0,False,0.91,0.0,False,,60,-16.0,-20.0,0.3219280242919922,0.25,False,False,1
1753,layer3.conv2,element,0,"(102, 1, 5)",0,0.0,False,0.91,0.0,False,,49,-2.5,-2.0,0.32192814350128174,0.20000000298023224,False,False,1
1754,fc,element,4,"(9, 4, 12)",0,0.0,False,0.91,0.0,False,,61,-20.0,-1.25,4.0,0.9375,False,False,1
1755,layer3.conv2,element,0,"(123, 4, 31)",0,0.0,False,0.91,0.0,False,,19,3.5,3.0,0.22239243984222412,0.1428571492433548,False,False,1
1756,layer3.conv1,element,5,"(95, 3, 29)",0,0.0,False,0.91,0.0,False,,32,-0.0,0.0,inf,0.0,True,False,1
1757,layer1.conv1,element,5,"(15, 2, 18)",1,0.005,True,0.905,0.0050000000000000044,False,,29,20.0,-20.0,0.0,2.0,True,False,1
1758,layer3.conv2,element,2,"(52, 14, 17)",0,0.0,False,0.91,0.0,False,,20,4.0,2.0,1.0,0.5,False,False,1
1759,layer3.conv2,scale,7,"(172, 18)",200,1.0,True,0.0,0.91,True,,120,120.0,248.0,128.0,inf,False,False,32
1760,layer3.conv2,element,0,"(1, 37, 24)",0,0.0,False,0.91,0.0,False,,25,10.0,8.0,0.3219280242919922,0.20000000298023224,False,False,1
1761,layer3.conv2,element,0,"(33, 27, 28)",0,0.0,False,0.91,0.0,False,,55,-7.0,-6.0,0.22239232063293457,0.1428571492433548,False,False,1
1762,layer3.conv2,element,5,"(19, 33, 10)",0,0.0,False,0.91,0.0,False,,58,-12.0,12.0,0.0,2.0,True,False,1
1763,layer2.conv1,element,3,"(95, 5, 24)",0,0.0,False,0.91,0.0,False,,34,-0.125,-0.75,2.5849623680114746,5.0,False,False,1
1764,layer3.conv2,element,0,"(97, 52, 3)",0,0.0,False,0.91,0.0,False,,51,-3.5,-3.0,0.22239243984222412,0.1428571492433548,False,False,1
1765,layer3.conv2,element,2,"(159, 5, 26)",0,0.0,False,0.91,0.0,False,,21,5.0,2.5,0.9999998807907104,0.5,False,False,1
1766,layer3.conv1,element,0,"(108, 8, 14)",0,0.0,False,0.91,0.0,False,,27,14.0,12.0,0.22239232063293457,0.1428571492433548,False,False,1
1767,layer3.conv1,element,0,"(178, 7, 14)",0,0.0,False,0.91,0.0,False,,24,8.0,10.0,0.3219280242919922,0.25,False,False,1
1768,layer1.conv2,element,4,"(2, 0, 29)",0,0.0,False,0.91,0.0,False,,39,-0.4375,-7.0,4.0,15.0,False,False,1
1769,layer1.conv1,element,5,"(2, 5, 9)",0,0.0,False,0.91,0.0,False,,20,4.0,-4.0,0.0,2.0,True,False,1
1770,layer3.conv2,scale,1,"(32, 42)",0,0.0,False,0.91,0.0,False,,121,121.0,123.0,2.0,inf,False,False,32
1771,layer2.conv2,element,1,"(31, 0, 11)",0,0.0,False,0.91,0.0,False,,61,-20.0,-28.0,0.4854269027709961,0.4000000059604645,False,False,1
1772,layer3.conv2,element,2,"(72, 42, 15)",0,0.0,False,0.91,0.0,False,,57,-10.0,-20.0,1.0,1.0,False,False,1
1773,layer3.conv2,element,5,"(8, 16, 17)",0,0.0,False,0.91,0.0,False,,37,-0.3125,0.3125,0.0,2.0,True,False,1
1774,layer2.conv2,element,4,"(55, 3, 27)",0,0.0,False,0.91,0.0,False,,21,5.0,0.3125,4.0,0.9375,False,False,1
1775,layer3.conv1,element,1,"(127, 15, 17)",0,0.0,False,0.91,0.0,False,,26,12.0,8.0,0.5849626064300537,0.3333333432674408,False,False,1
1776,layer1.conv2,element,2,"(46, 0, 1)",0,0.0,False,0.91,0.0,False,,22,6.0,3.0,1.0000001192092896,0.5,False,False,1
1777,layer1.conv1,element,0,"(44, 6, 25)",0,0.0,False,0.91,0.0,False,,54,-6.0,-7.0,0.22239232063293457,0.1666666716337204,False,False,1
1778,layer2.conv2,scale,0,"(70, 13)",0,0.0,False,0.91,0.0,False,,119,119.0,118.0,1.0,inf,False,False,32
1779,layer3.conv2,element,4,"(44, 1, 25)",0,0.0,False,0.91,0.0,False,,24,8.0,0.5,4.0,0.9375,False,False,1
1780,layer3.conv1,element,5,"(83, 9, 28)",0,0.0,False,0.91,0.0,False,,60,-16.0,16.0,0.0,2.0,True,False,1
1781,layer3.conv2,element,1,"(104, 39, 14)",0,0.0,False,0.91,0.0,False,,22,6.0,4.0,0.5849626064300537,0.3333333432674408,False,False,1
1782,layer3.conv1,element,5,"(51, 24, 22)",0,0.0,False,0.91,0.0,False,,18,3.0,-3.0,0.0,2.0,True,False,1
1783,layer3.conv2,element,5,"(32, 23, 7)",0,0.0,False,0.91,0.0,False,,19,3.5,-3.5,0.0,2.0,True,False,1
1784,layer3.conv2,element,3,"(46, 0, 17)",0,0.0,False,0.91,0.0,False,,57,-10.0,-2.5,1.9999998807907104,0.75,False,False,1
1785,layer3.conv2,element,1,"(187, 23, 3)",0,0.0,False,0.91,0.0,False,,43,-0.875,-0.625,0.4854268431663513,0.2857142984867096,False,False,1
1786,layer2.conv2,element,0,"(4, 17, 3)",0,0.0,False,0.91,0.0,False,,16,2.0,2.5,0.32192814350128174,0.25,False,False,1
1787,layer3.conv2,element,3,"(55, 32, 2)",0,0.0,False,0.91,0.0,False,,45,-1.25,-0.3125,2.0,0.75,False,False,1
1788,layer3.conv1,element,2,"(80, 4, 31)",0,0.0,False,0.91,0.0,False,,54,-6.0,-3.0,1.0000001192092896,0.5,False,False,1
1789,layer3.conv2,element,0,"(102, 48, 16)",0,0.0,False,0.91,0.0,False,,56,-8.0,-10.0,0.3219280242919922,0.25,False,False,1
1790,layer3.conv2,element,4,"(100, 19, 4)",0,0.0,False,0.91,0.0,False,,59,-14.0,-0.875,4.0,0.9375,False,False,1
1791,layer2.conv1,element,3,"(11, 3, 10)",0,0.0,False,0.91,0.0,False,,56,-8.0,-2.0,2.0,0.75,False,False,1
1792,layer3.conv2,element,2,"(24, 40, 22)",0,0.0,False,0.91,0.0,False,,2,0.125,0.375,1.5849624872207642,2.0,False,False,1
1793,layer3.conv2,element,5,"(181, 36, 17)",0,0.0,False,0.91,0.0,False,,52,-4.0,4.0,0.0,2.0,True,False,1
1794,layer2.shortcut.0,element,5,"(56, 1, 9)",0,0.0,False,0.91,0.0,False,,51,-3.5,3.5,0.0,2.0,True,False,1
1795,layer3.conv2,element,1,"(107, 6, 21)",0,0.0,False,0.91,0.0,False,,23,7.0,5.0,0.4854269027709961,0.2857142984867096,False,False,1
1796,layer3.conv2,element,3,"(88, 19, 24)",0,0.0,False,0.91,0.0,False,,59,-14.0,-3.5,2.0,0.75,False,False,1
1797,layer2.conv2,element,0,"(45, 24, 25)",0,0.0,False,0.91,0.0,False,,45,-1.25,-1.0,0.32192808389663696,0.20000000298023224,False,False,1
1798,layer1.conv2,element,4,"(13, 11, 12)",0,0.0,False,0.91,0.0,False,,19,3.5,0.1875,4.2223920822143555,0.9464285969734192,False,False,1
1799,layer2.conv2,element,5,"(7, 9, 4)",1,0.005,True,0.905,0.0050000000000000044,False,,58,-12.0,12.0,0.0,2.0,True,False,1
1800,layer3.conv2,element,5,"(188, 10, 16)",0,0.0,False,0.91,0.0,False,,57,-10.0,10.0,0.0,2.0,True,False,1
1801,layer3.conv1,element,2,"(166, 25, 0)",0,0.0,False,0.91,0.0,False,,15,1.75,0.875,1.0,0.5,False,False,1
1802,layer3.conv2,element,0,"(11, 9, 26)",0,0.0,False,0.91,0.0,False,,17,2.5,2.0,0.32192814350128174,0.20000000298023224,False,False,1
1803,layer3.conv1,element,1,"(141, 22, 18)",0,0.0,False,0.91,0.0,False,,12,1.0,1.5,0.5849624872207642,0.5,False,False,1
1804,layer3.shortcut.0,element,2,"(121, 2, 6)",0,0.0,False,0.91,0.0,False,,9,0.625,1.25,1.0,1.0,False,False,1
1805,layer3.conv2,element,3,"(39, 28, 21)",0,0.0,False,0.91,0.0,False,,17,2.5,10.0,1.9999998807907104,3.0,False,False,1
1806,layer3.conv2,element,5,"(5, 50, 29)",0,0.0,False,0.91,0.0,False,,11,0.875,-0.875,0.0,2.0,True,False,1
1807,layer3.conv2,element,3,"(9, 39, 2)",0,0.0,False,0.91,0.0,False,,56,-8.0,-2.0,2.0,0.75,False,False,1
1808,layer3.conv2,element,0,"(65, 9, 30)",0,0.0,False,0.91,0.0,False,,22,6.0,7.0,0.22239232063293457,0.1666666716337204,False,False,1
1809,layer3.conv2,element,2,"(126, 45, 11)",0,0.0,False,0.91,0.0,False,,61,-20.0,-10.0,1.0,0.5,False,False,1
1810,layer2.conv1,element,1,"(62, 11, 23)",0,0.0,False,0.91,0.0,False,,58,-12.0,-8.0,0.5849626064300537,0.3333333432674408,False,False,1
1811,layer3.conv2,element,1,"(110, 23, 24)",0,0.0,False,0.91,0.0,False,,57,-10.0,-14.0,0.4854269027709961,0.4000000059604645,False,False,1
1812,layer2.conv1,element,5,"(4, 2, 0)",0,0.0,False,0.91,0.0,False,,60,-16.0,16.0,0.0,2.0,True,False,1
1813,layer3.conv2,element,2,"(6, 49, 27)",0,0.0,False,0.91,0.0,False,,17,2.5,5.0,0.9999998807907104,1.0,False,False,1
1814,layer3.conv1,element,5,"(115, 14, 22)",0,0.0,False,0.91,0.0,False,,35,-0.1875,0.1875,0.0,2.0,True,False,1
1815,layer2.shortcut.0,element,0,"(67, 0, 6)",0,0.0,False,0.91,0.0,False,,60,-16.0,-20.0,0.3219280242919922,0.25,False,False,1
1816,layer2.conv2,element,4,"(62, 12, 25)",0,0.0,False,0.91,0.0,False,,43,-0.875,-14.0,4.0,15.0,False,False,1
1817,layer3.conv1,element,4,"(26, 18, 18)",0,0.0,False,0.91,0.0,False,,43,-0.875,-14.0,4.0,15.0,False,False,1
1818,layer3.conv1,element,1,"(127, 23, 10)",0,0.0,False,0.91,0.0,False,,16,2.0,3.0,0.5849624872207642,0.5,False,False,1
1819,layer3.conv2,element,4,"(116, 41, 26)",0,0.0,False,0.91,0.0,False,,42,-0.75,-12.0,4.0,15.0,False,False,1
1820,layer3.conv2,element,2,"(155, 22, 10)",1,0.005,True,0.905,0.0050000000000000044,False,,26,12.0,24.0,0.9999997615814209,1.0,False,False,1
1821,layer3.conv1,element,0,"(1, 19, 18)",0,0.0,False,0.91,0.0,False,,56,-8.0,-10.0,0.3219280242919922,0.25,False,False,1
1822,layer3.conv2,element,3,"(25, 25, 26)",0,0.0,False,0.91,0.0,False,,17,2.5,10.0,1.9999998807907104,3.0,False,False,1
1823,layer3.conv2,element,0,"(161, 41, 24)",0,0.0,False,0.91,0.0,False,,26,12.0,14.0,0.22239232063293457,0.1666666716337204,False,False,1
1824,layer3.conv1,element,5,"(77, 23, 17)",0,0.0,False,0.91,0.0,False,,28,16.0,-16.0,0.0,2.0,True,False,1
1825,layer3.conv2,element,2,"(123, 25, 19)",0,0.0,False,0.91,0.0,False,,24,8.0,16.0,1.0,1.0,False,False,1
1826,layer3.conv1,element,4,"(143, 8, 17)",0,0.0,False,0.91,0.0,False,,25,10.0,0.625,4.0,0.9375,False,False,1
1827,layer3.conv2,element,5,"(109, 33, 21)",0,0.0,False,0.91,0.0,False,,29,20.0,-20.0,0.0,2.0,True,False,1
1828,layer1.conv2,element,5,"(42, 4, 2)",1,0.005,True,0.905,0.0050000000000000044,False,,56,-8.0,8.0,0.0,2.0,True,False,1
1829,layer3.conv2,element,3,"(189, 17, 25)",0,0.0,False,0.91,0.0,False,,28,16.0,4.0,2.0,0.75,False,False,1
1830,layer3.conv2,element,3,"(98, 11, 13)",0,0.0,False,0.91,0.0,False,,57,-10.0,-2.5,1.9999998807907104,0.75,False,False,1
1831,layer3.conv2,element,0,"(98, 17, 9)",0,0.0,False,0.91,0.0,False,,55,-7.0,-6.0,0.22239232063293457,0.1428571492433548,False,False,1
1832,layer3.conv2,element,0,"(18, 50, 25)",0,0.0,False,0.91,0.0,False,,24,8.0,10.0,0.3219280242919922,0.25,False,False,1
1833,layer3.conv1,element,3,"(95, 17, 3)",0,0.0,False,0.91,0.0,False,,18,3.0,12.0,2.0,3.0,False,False,1
1834,layer3.conv2,element,5,"(112, 13, 28)",0,0.0,False,0.91,0.0,False,,37,-0.3125,0.3125,0.0,2.0,True,False,1
1835,layer3.conv2,element,0,"(174, 23, 8)",0,0.0,False,0.91,0.0,False,,53,-5.0,-4.0,0.3219280242919922,0.20000000298023224,False,False,1
1836,layer2.conv1,element,5,"(84, 11, 27)",1,0.005,True,0.905,0.0050000000000000044,False,,27,14.0,-14.0,0.0,2.0,True,False,1
1837,layer1.conv2,element,0,"(30, 6, 3)",0,0.0,False,0.91,0.0,False,,49,-2.5,-2.0,0.32192814350128174,0.20000000298023224,False,False,1
1838,layer2.conv2,element,3,"(60, 8, 30)",0,0.0,False,0.91,0.0,False,,55,-7.0,-28.0,2.0,3.0,False,False,1
1839,layer3.conv1,element,0,"(0, 19, 25)",0,0.0,False,0.91,0.0,False,,53,-5.0,-4.0,0.3219280242919922,0.20000000298023224,False,False,1
1840,layer3.conv2,element,0,"(4, 21, 6)",0,0.0,False,0.91,0.0,False,,22,6.0,7.0,0.22239232063293457,0.1666666716337204,False,False,1
1841,layer3.conv1,element,2,"(13, 13, 28)",0,0.0,False,0.91,0.0,False,,38,-0.375,-0.125,1.5849624872207642,0.6666666865348816,False,False,1
1842,layer3.conv2,scale,0,"(149, 45)",1,0.005,True,0.905,0.0050000000000000044,False,,121,121.0,120.0,1.0,inf,False,False,32
1843,layer2.conv2,scale,6,"(41, 10)",0,0.0,False,0.91,0.0,False,,120,120.0,56.0,64.0,inf,False,False,32
1844,layer1.conv2,element,0,"(30, 6, 27)",0,0.0,False,0.91,0.0,False,,23,7.0,6.0,0.22239232063293457,0.1428571492433548,False,False,1
1845,layer3.conv1,element,5,"(132, 7, 14)",0,0.0,False,0.91,0.0,False,,54,-6.0,6.0,0.0,2.0,True,False,1
1846,layer3.conv1,element,0,"(96, 18, 5)",0,0.0,False,0.91,0.0,False,,1,0.0625,0.0,inf,1.0,False,False,1
1847,layer3.conv1,element,2,"(64, 5, 2)",0,0.0,False,0.91,0.0,False,,60,-16.0,-8.0,1.0,0.5,False,False,1
1848,layer3.conv2,element,4,"(112, 24, 13)",0,0.0,False,0.91,0.0,False,,62,-24.0,-1.5,4.0,0.9375,False,False,1
1849,layer3.conv2,element,0,"(5, 50, 27)",0,0.0,False,0.91,0.0,False,,20,4.0,5.0,0.3219280242919922,0.25,False,False,1
1850,layer3.conv2,element,4,"(50, 24, 31)",0,0.0,False,0.91,0.0,False,,25,10.0,0.625,4.0,0.9375,False,False,1
1851,layer3.conv2,element,2,"(147, 3, 1)",0,0.0,False,0.91,0.0,False,,30,24.0,12.0,0.9999997615814209,0.5,False,False,1
1852,layer2.conv1,element,0,"(77, 1, 31)",0,0.0,False,0.91,0.0,False,,47,-1.75,-1.5,0.22239243984222412,0.1428571492433548,False,False,1
1853,layer3.conv2,element,5,"(34, 34, 10)",0,0.0,False,0.91,0.0,False,,53,-5.0,5.0,0.0,2.0,True,False,1
1854,layer3.conv2,element,2,"(111, 26, 21)",0,0.0,False,0.91,0.0,False,,28,16.0,8.0,1.0,0.5,False,False,1
1855,layer3.conv2,element,2,"(171, 6, 15)",0,0.0,False,0.91,0.0,False,,60,-16.0,-8.0,1.0,0.5,False,False,1
1856,layer3.conv2,element,0,"(160, 5, 20)",0,0.0,False,0.91,0.0,False,,37,-0.3125,-0.25,0.32192814350128174,0.20000000298023224,False,False,1
1857,layer3.conv2,element,1,"(24, 41, 11)",0,0.0,False,0.91,0.0,False,,30,24.0,16.0,0.5849623680114746,0.3333333432674408,False,False,1
1858,layer3.conv2,element,4,"(53, 32, 4)",0,0.0,False,0.91,0.0,False,,26,12.0,0.75,4.0,0.9375,False,False,1
1859,layer3.conv2,element,3,"(69, 26, 22)",0,0.0,False,0.91,0.0,False,,21,5.0,20.0,2.0,3.0,False,False,1
1860,layer3.conv2,element,0,"(28, 31, 2)",0,0.0,False,0.91,0.0,False,,56,-8.0,-10.0,0.3219280242919922,0.25,False,False,1
1861,layer3.conv1,element,1,"(145, 6, 19)",0,0.0,False,0.91,0.0,False,,54,-6.0,-4.0,0.5849626064300537,0.3333333432674408,False,False,1
1862,layer3.conv1,element,2,"(185, 9, 16)",0,0.0,False,0.91,0.0,False,,48,-2.0,-4.0,1.0,1.0,False,False,1
1863,layer2.conv1,element,0,"(56, 3, 27)",0,0.0,False,0.91,0.0,False,,42,-0.75,-0.875,0.22239243984222412,0.1666666716337204,False,False,1
1864,layer3.conv1,scale,2,"(18, 22)",0,0.0,False,0.91,0.0,False,,118,118.0,114.0,4.0,inf,False,False,32
1865,layer1.conv1,element,1,"(5, 0, 27)",1,0.005,True,0.905,0.0050000000000000044,False,,54,-6.0,-4.0,0.5849626064300537,0.3333333432674408,False,False,1
1866,layer3.conv1,scale,1,"(106, 24)",1,0.005,True,0.905,0.0050000000000000044,False,,119,119.0,117.0,2.0,inf,False,False,32
1867,layer2.conv1,element,3,"(37, 7, 11)",0,0.0,False,0.91,0.0,False,,4,0.25,1.0,2.0,3.0,False,False,1
1868,layer3.conv1,element,4,"(113, 11, 8)",0,0.0,False,0.91,0.0,False,,52,-4.0,-0.25,4.0,0.9375,False,False,1
1869,layer2.conv2,element,0,"(7, 21, 25)",0,0.0,False,0.91,0.0,False,,35,-0.1875,-0.125,0.5849626064300537,0.3333333432674408,False,False,1
1870,layer1.conv2,element,0,"(47, 10, 6)",0,0.0,False,0.91,0.0,False,,24,8.0,10.0,0.3219280242919922,0.25,False,False,1
1871,layer3.conv2,element,5,"(147, 25, 5)",0,0.0,False,0.91,0.0,False,,21,5.0,-5.0,0.0,2.0,True,False,1
1872,layer3.conv1,element,1,"(5, 11, 20)",0,0.0,False,0.91,0.0,False,,58,-12.0,-8.0,0.5849626064300537,0.3333333432674408,False,False,1
1873,layer2.conv1,scale,5,"(73, 0)",7,0.035,True,0.915,-0.0050000000000000044,False,,119,119.0,87.0,32.0,inf,False,False,32
1874,layer3.conv2,element,0,"(73, 11, 12)",0,0.0,False,0.91,0.0,False,,53,-5.0,-4.0,0.3219280242919922,0.20000000298023224,False,False,1
1875,layer3.conv2,element,1,"(17, 52, 6)",0,0.0,False,0.91,0.0,False,,31,28.0,20.0,0.4854269027709961,0.2857142984867096,False,False,1
1876,layer3.conv2,element,3,"(83, 21, 15)",0,0.0,False,0.91,0.0,False,,60,-16.0,-4.0,2.0,0.75,False,False,1
1877,layer3.conv2,scale,7,"(142, 27)",200,1.0,True,0.0,0.91,True,,120,120.0,248.0,128.0,inf,False,False,32
1878,layer3.conv2,element,4,"(57, 40, 24)",0,0.0,False,0.91,0.0,False,,49,-2.5,-0.0625,5.321928024291992,0.9750000238418579,False,False,1
1879,layer2.conv1,element,1,"(13, 4, 17)",0,0.0,False,0.91,0.0,False,,57,-10.0,-14.0,0.4854269027709961,0.4000000059604645,False,False,1
1880,layer3.conv2,element,5,"(45, 50, 18)",0,0.0,False,0.91,0.0,False,,1,0.0625,-0.0625,0.0,2.0,True,False,1
1881,layer3.conv2,element,4,"(183, 52, 19)",0,0.0,False,0.91,0.0,False,,45,-1.25,-20.0,4.0,15.0,False,False,1
1882,layer3.conv2,element,0,"(174, 16, 8)",0,0.0,False,0.91,0.0,False,,23,7.0,6.0,0.22239232063293457,0.1428571492433548,False,False,1
1883,layer3.conv1,element,3,"(72, 25, 30)",0,0.0,False,0.91,0.0,False,,59,-14.0,-3.5,2.0,0.75,False,False,1
1884,layer3.conv1,element,4,"(87, 17, 15)",0,0.0,False,0.91,0.0,False,,22,6.0,0.375,4.0,0.9375,False,False,1
1885,layer3.conv1,element,3,"(35, 25, 27)",0,0.0,False,0.91,0.0,False,,58,-12.0,-3.0,2.0,0.75,False,False,1
1886,conv1,element,3,"(20, 0, 8)",1,0.005,True,0.905,0.0050000000000000044,False,,59,-14.0,-3.5,2.0,0.75,False,False,1
1887,layer3.conv1,element,1,"(100, 7, 10)",0,0.0,False,0.91,0.0,False,,22,6.0,4.0,0.5849626064300537,0.3333333432674408,False,False,1
1888,layer3.conv2,element,1,"(144, 3, 21)",0,0.0,False,0.91,0.0,False,,49,-2.5,-3.5,0.48542678356170654,0.4000000059604645,False,False,1
1889,layer2.conv1,element,4,"(89, 8, 21)",0,0.0,False,0.91,0.0,False,,21,5.0,0.3125,4.0,0.9375,False,False,1
1890,layer3.conv2,element,5,"(62, 41, 18)",0,0.0,False,0.91,0.0,False,,48,-2.0,2.0,0.0,2.0,True,False,1
1891,layer1.conv1,element,0,"(18, 1, 12)",0,0.0,False,0.91,0.0,False,,38,-0.375,-0.4375,0.22239243984222412,0.1666666716337204,False,False,1
1892,layer3.conv1,element,4,"(162, 8, 7)",0,0.0,False,0.91,0.0,False,,58,-12.0,-0.75,4.0,0.9375,False,False,1
1893,layer3.conv2,element,2,"(83, 0, 9)",0,0.0,False,0.91,0.0,False,,5,0.3125,0.0625,2.321928024291992,0.800000011920929,False,False,1
1894,layer3.conv2,element,2,"(53, 28, 30)",0,0.0,False,0.91,0.0,False,,60,-16.0,-8.0,1.0,0.5,False,False,1
1895,layer3.conv1,element,0,"(155, 12, 25)",0,0.0,False,0.91,0.0,False,,48,-2.0,-2.5,0.32192814350128174,0.25,False,False,1
1896,layer3.conv2,element,0,"(21, 49, 17)",0,0.0,False,0.91,0.0,False,,26,12.0,14.0,0.22239232063293457,0.1666666716337204,False,False,1
1897,layer3.conv2,element,3,"(188, 21, 10)",0,0.0,False,0.91,0.0,False,,56,-8.0,-2.0,2.0,0.75,False,False,1
1898,layer3.conv2,element,5,"(148, 39, 14)",0,0.0,False,0.91,0.0,False,,25,10.0,-10.0,0.0,2.0,True,False,1
1899,layer1.conv1,element,0,"(2, 6, 22)",0,0.0,False,0.91,0.0,False,,56,-8.0,-10.0,0.3219280242919922,0.25,False,False,1
1900,layer1.conv1,element,0,"(42, 9, 28)",0,0.0,False,0.91,0.0,False,,16,2.0,2.5,0.32192814350128174,0.25,False,False,1
1901,layer3.conv2,element,5,"(5, 46, 10)",0,0.0,False,0.91,0.0,False,,53,-5.0,5.0,0.0,2.0,True,False,1
1902,layer3.conv1,element,0,"(51, 20, 11)",0,0.0,False,0.91,0.0,False,,21,5.0,4.0,0.3219280242919922,0.20000000298023224,False,False,1
1903,layer3.conv2,element,4,"(11, 2, 29)",0,0.0,False,0.91,0.0,False,,58,-12.0,-0.75,4.0,0.9375,False,False,1
1904,layer3.conv2,element,4,"(183, 28, 25)",0,0.0,False,0.91,0.0,False,,56,-8.0,-0.5,4.0,0.9375,False,False,1
1905,layer2.conv1,element,0,"(33, 8, 26)",0,0.0,False,0.91,0.0,False,,20,4.0,5.0,0.3219280242919922,0.25,False,False,1
1906,layer3.conv2,element,3,"(25, 52, 9)",0,0.0,False,0.91,0.0,False,,19,3.5,14.0,2.0,3.0,False,False,1
1907,layer3.conv1,element,5,"(146, 17, 4)",0,0.0,False,0.91,0.0,False,,20,4.0,-4.0,0.0,2.0,True,False,1
1908,layer3.conv2,element,4,"(143, 6, 7)",0,0.0,False,0.91,0.0,False,,53,-5.0,-0.3125,4.0,0.9375,False,False,1
1909,layer3.conv2,element,0,"(45, 37, 2)",0,0.0,False,0.91,0.0,False,,6,0.375,0.4375,0.22239243984222412,0.1666666716337204,False,False,1
1910,layer3.conv2,element,2,"(46, 38, 16)",0,0.0,False,0.91,0.0,False,,28,16.0,8.0,1.0,0.5,False,False,1
1911,layer3.conv2,element,3,"(62, 11, 2)",0,0.0,False,0.91,0.0,False,,22,6.0,24.0,1.999999761581421,3.0,False,False,1
1912,layer3.conv1,element,4,"(7, 26, 14)",0,0.0,False,0.91,0.0,False,,15,1.75,28.0,4.0,15.0,False,False,1
1913,layer2.conv1,scale,0,"(20, 9)",2,0.01,True,0.9,0.010000000000000009,False,,118,118.0,119.0,1.0,inf,False,False,32
1914,layer3.conv2,element,2,"(126, 29, 24)",0,0.0,False,0.91,0.0,False,,53,-5.0,-2.5,0.9999998807907104,0.5,False,False,1
1915,layer3.conv2,element,4,"(161, 8, 12)",0,0.0,False,0.91,0.0,False,,48,-2.0,-0.0,inf,1.0,False,False,1
1916,layer3.conv2,element,5,"(170, 38, 17)",0,0.0,False,0.91,0.0,False,,55,-7.0,7.0,0.0,2.0,True,False,1
1917,layer3.conv2,element,0,"(127, 34, 30)",0,0.0,False,0.91,0.0,False,,57,-10.0,-8.0,0.3219280242919922,0.20000000298023224,False,False,1
1918,layer3.conv1,element,5,"(97, 20, 1)",0,0.0,False,0.91,0.0,False,,49,-2.5,2.5,0.0,2.0,True,False,1
1919,layer3.conv1,element,2,"(144, 12, 31)",0,0.0,False,0.91,0.0,False,,55,-7.0,-3.5,1.0,0.5,False,False,1
1920,layer3.conv1,element,1,"(120, 8, 19)",0,0.0,False,0.91,0.0,False,,26,12.0,8.0,0.5849626064300537,0.3333333432674408,False,False,1
1921,layer3.conv2,scale,4,"(21, 41)",0,0.0,False,0.91,0.0,False,,121,121.0,105.0,16.0,inf,False,False,32
1922,layer2.conv1,element,4,"(69, 9, 17)",0,0.0,False,0.91,0.0,False,,18,3.0,0.125,4.584962368011475,0.9583333134651184,False,False,1
1923,layer3.conv1,element,3,"(181, 18, 3)",0,0.0,False,0.91,0.0,False,,45,-1.25,-0.3125,2.0,0.75,False,False,1
1924,layer3.conv1,element,1,"(168, 19, 4)",0,0.0,False,0.91,0.0,False,,22,6.0,4.0,0.5849626064300537,0.3333333432674408,False,False,1
1925,layer2.conv1,element,5,"(80, 2, 4)",1,0.005,True,0.905,0.0050000000000000044,False,,55,-7.0,7.0,0.0,2.0,True,False,1
1926,layer3.conv2,element,2,"(88, 26, 8)",0,0.0,False,0.91,0.0,False,,49,-2.5,-5.0,0.9999998807907104,1.0,False,False,1
1927,layer2.conv1,element,5,"(27, 6, 13)",0,0.0,False,0.91,0.0,False,,31,28.0,-28.0,0.0,2.0,True,False,1
1928,layer3.conv2,element,5,"(187, 3, 15)",0,0.0,False,0.91,0.0,False,,52,-4.0,4.0,0.0,2.0,True,False,1
1929,layer3.conv2,element,0,"(38, 15, 17)",0,0.0,False,0.91,0.0,False,,57,-10.0,-8.0,0.3219280242919922,0.20000000298023224,False,False,1
1930,layer3.conv1,element,5,"(83, 5, 9)",0,0.0,False,0.91,0.0,False,,59,-14.0,14.0,0.0,2.0,True,False,1
1931,fc,element,4,"(2, 2, 30)",0,0.0,False,0.91,0.0,False,,54,-6.0,-0.375,4.0,0.9375,False,False,1
1932,layer3.conv2,element,3,"(186, 3, 24)",0,0.0,False,0.91,0.0,False,,55,-7.0,-28.0,2.0,3.0,False,False,1
1933,layer3.conv1,element,2,"(72, 12, 21)",0,0.0,False,0.91,0.0,False,,58,-12.0,-24.0,0.9999997615814209,1.0,False,False,1
1934,layer3.conv2,element,3,"(185, 39, 6)",0,0.0,False,0.91,0.0,False,,56,-8.0,-2.0,2.0,0.75,False,False,1
1935,layer2.conv2,element,5,"(59, 15, 9)",1,0.005,True,0.905,0.0050000000000000044,False,,56,-8.0,8.0,0.0,2.0,True,False,1
1936,layer2.conv2,element,2,"(90, 10, 28)",0,0.0,False,0.91,0.0,False,,26,12.0,24.0,0.9999997615814209,1.0,False,False,1
1937,layer3.conv2,element,2,"(52, 33, 9)",0,0.0,False,0.91,0.0,False,,53,-5.0,-2.5,0.9999998807907104,0.5,False,False,1
1938,layer3.conv2,element,2,"(108, 15, 20)",0,0.0,False,0.91,0.0,False,,46,-1.5,-0.75,1.0,0.5,False,False,1
1939,layer2.conv1,element,2,"(40, 9, 20)",0,0.0,False,0.91,0.0,False,,56,-8.0,-16.0,1.0,1.0,False,False,1
1940,layer3.conv2,element,5,"(46, 52, 21)",0,0.0,False,0.91,0.0,False,,23,7.0,-7.0,0.0,2.0,True,False,1
1941,layer3.conv2,element,0,"(13, 33, 2)",0,0.0,False,0.91,0.0,False,,13,1.25,1.0,0.32192808389663696,0.20000000298023224,False,False,1
1942,layer3.conv2,element,0,"(141, 41, 10)",0,0.0,False,0.91,0.0,False,,28,16.0,20.0,0.3219280242919922,0.25,False,False,1
1943,layer3.conv2,element,2,"(6, 45, 20)",0,0.0,False,0.91,0.0,False,,27,14.0,28.0,1.0,1.0,False,False,1
1944,layer1.conv2,element,3,"(17, 7, 1)",0,0.0,False,0.91,0.0,False,,57,-10.0,-2.5,1.9999998807907104,0.75,False,False,1
1945,layer3.conv2,element,5,"(53, 43, 16)",0,0.0,False,0.91,0.0,False,,56,-8.0,8.0,0.0,2.0,True,False,1
1946,layer3.conv1,element,0,"(98, 2, 26)",0,0.0,False,0.91,0.0,False,,21,5.0,4.0,0.3219280242919922,0.20000000298023224,False,False,1
1947,layer3.conv2,element,4,"(127, 17, 11)",0,0.0,False,0.91,0.0,False,,28,16.0,1.0,4.0,0.9375,False,False,1
1948,layer1.conv1,scale,6,"(38, 6)",1,0.005,True,0.905,0.0050000000000000044,False,,119,119.0,55.0,64.0,inf,False,False,32
1949,layer3.conv2,element,1,"(117, 30, 8)",0,0.0,False,0.91,0.0,False,,60,-16.0,-24.0,0.5849623680114746,0.5,False,False,1
1950,layer3.conv2,element,3,"(20, 48, 31)",0,0.0,False,0.91,0.0,False,,56,-8.0,-2.0,2.0,0.75,False,False,1
1951,layer2.conv1,element,4,"(81, 0, 1)",0,0.0,False,0.91,0.0,False,,50,-3.0,-0.125,4.584962368011475,0.9583333134651184,False,False,1
1952,layer3.conv1,element,0,"(69, 1, 0)",0,0.0,False,0.91,0.0,False,,26,12.0,14.0,0.22239232063293457,0.1666666716337204,False,False,1
1953,layer3.conv2,element,2,"(187, 49, 11)",0,0.0,False,0.91,0.0,False,,52,-4.0,-2.0,1.0,0.5,False,False,1
1954,layer3.conv2,element,1,"(110, 38, 6)",0,0.0,False,0.91,0.0,False,,51,-3.5,-2.5,0.48542678356170654,0.2857142984867096,False,False,1
1955,layer3.conv2,element,1,"(71, 42, 25)",0,0.0,False,0.91,0.0,False,,63,-28.0,-20.0,0.4854269027709961,0.2857142984867096,False,False,1
1956,layer3.conv1,element,2,"(99, 17, 9)",0,0.0,False,0.91,0.0,False,,60,-16.0,-8.0,1.0,0.5,False,False,1
1957,layer3.conv1,element,2,"(52, 23, 8)",0,0.0,False,0.91,0.0,False,,57,-10.0,-20.0,1.0,1.0,False,False,1
1958,layer1.conv2,element,3,"(45, 4, 2)",0,0.0,False,0.91,0.0,False,,14,1.5,0.375,2.0,0.75,False,False,1
1959,layer3.conv1,element,4,"(28, 12, 23)",1,0.005,True,0.905,0.0050000000000000044,False,,58,-12.0,-0.75,4.0,0.9375,False,False,1
1960,layer3.conv2,element,5,"(24, 33, 21)",0,0.0,False,0.91,0.0,False,,51,-3.5,3.5,0.0,2.0,True,False,1
1961,layer3.conv2,element,5,"(171, 23, 8)",0,0.0,False,0.91,0.0,False,,63,-28.0,28.0,0.0,2.0,True,False,1
1962,layer3.conv2,element,3,"(4, 8, 25)",0,0.0,False,0.91,0.0,False,,20,4.0,16.0,2.0,3.0,False,False,1
1963,layer3.conv1,element,1,"(71, 2, 12)",0,0.0,False,0.91,0.0,False,,62,-24.0,-16.0,0.5849623680114746,0.3333333432674408,False,False,1
1964,layer3.conv2,element,3,"(117, 41, 19)",0,0.0,False,0.91,0.0,False,,41,-0.625,-0.0625,3.321928024291992,0.8999999761581421,False,False,1
1965,layer3.shortcut.0,element,0,"(28, 1, 13)",0,0.0,False,0.91,0.0,False,,52,-4.0,-5.0,0.3219280242919922,0.25,False,False,1
1966,layer3.conv2,element,0,"(130, 34, 17)",0,0.0,False,0.91,0.0,False,,29,20.0,16.0,0.3219280242919922,0.20000000298023224,False,False,1
1967,layer2.conv2,element,2,"(57, 26, 7)",0,0.0,False,0.91,0.0,False,,26,12.0,24.0,0.9999997615814209,1.0,False,False,1
1968,layer3.conv2,scale,7,"(161, 4)",200,1.0,True,0.0,0.91,True,,121,121.0,249.0,128.0,inf,False,False,32
1969,layer3.shortcut.0,scale,1,"(58, 0)",0,0.0,False,0.91,0.0,False,,120,120.0,122.0,2.0,inf,False,False,32
1970,layer3.conv2,element,4,"(185, 28, 7)",0,0.0,False,0.91,0.0,False,,56,-8.0,-0.5,4.0,0.9375,False,False,1
1971,layer2.conv1,element,1,"(76, 11, 31)",0,0.0,False,0.91,0.0,False,,20,4.0,6.0,0.5849626064300537,0.5,False,False,1
1972,layer3.conv2,element,3,"(51, 50, 28)",0,0.0,False,0.91,0.0,False,,21,5.0,20.0,2.0,3.0,False,False,1
1973,layer3.conv1,element,2,"(117, 13, 17)",0,0.0,False,0.91,0.0,False,,12,1.0,0.5,1.0,0.5,False,False,1
1974,layer1.conv1,element,5,"(4, 0, 14)",1,0.005,True,0.905,0.0050000000000000044,False,,9,0.625,-0.625,0.0,2.0,True,False,1
1975,layer3.conv1,element,0,"(27, 10, 16)",0,0.0,False,0.91,0.0,False,,62,-24.0,-28.0,0.22239255905151367,0.1666666716337204,False,False,1
1976,layer2.conv2,element,4,"(88, 25, 30)",0,0.0,False,0.91,0.0,False,,59,-14.0,-0.875,4.0,0.9375,False,False,1
1977,layer3.conv2,element,2,"(44, 2, 25)",0,0.0,False,0.91,0.0,False,,24,8.0,16.0,1.0,1.0,False,False,1
1978,layer3.conv1,element,5,"(46, 13, 0)",0,0.0,False,0.91,0.0,False,,23,7.0,-7.0,0.0,2.0,True,False,1
1979,layer1.conv2,element,4,"(30, 0, 31)",1,0.005,True,0.905,0.0050000000000000044,False,,28,16.0,1.0,4.0,0.9375,False,False,1
1980,layer1.conv1,element,5,"(16, 2, 30)",0,0.0,False,0.91,0.0,False,,21,5.0,-5.0,0.0,2.0,True,False,1
1981,layer3.conv2,scale,5,"(105, 45)",1,0.005,True,0.905,0.0050000000000000044,False,,121,121.0,89.0,32.0,inf,False,False,32
1982,layer1.conv1,element,5,"(11, 0, 22)",0,0.0,False,0.91,0.0,False,,32,-0.0,0.0,inf,0.0,True,False,1
1983,layer3.conv2,element,4,"(86, 28, 21)",0,0.0,False,0.91,0.0,False,,55,-7.0,-0.4375,4.0,0.9375,False,False,1
1984,layer3.conv2,element,3,"(59, 4, 8)",0,0.0,False,0.91,0.0,False,,28,16.0,4.0,2.0,0.75,False,False,1
1985,layer2.conv1,element,1,"(31, 9, 1)",0,0.0,False,0.91,0.0,False,,24,8.0,12.0,0.5849626064300537,0.5,False,False,1
1986,layer3.conv2,element,0,"(119, 17, 15)",0,0.0,False,0.91,0.0,False,,26,12.0,14.0,0.22239232063293457,0.1666666716337204,False,False,1
1987,layer3.conv2,element,5,"(87, 39, 16)",0,0.0,False,0.91,0.0,False,,25,10.0,-10.0,0.0,2.0,True,False,1
1988,layer3.conv2,element,3,"(121, 50, 14)",0,0.0,False,0.91,0.0,False,,19,3.5,14.0,2.0,3.0,False,False,1
1989,layer2.conv2,element,2,"(52, 14, 25)",0,0.0,False,0.91,0.0,False,,21,5.0,2.5,0.9999998807907104,0.5,False,False,1
1990,layer2.conv2,element,2,"(62, 24, 20)",0,0.0,False,0.91,0.0,False,,55,-7.0,-3.5,1.0,0.5,False,False,1
1991,layer3.conv1,element,0,"(180, 11, 30)",0,0.0,False,0.91,0.0,False,,45,-1.25,-1.0,0.32192808389663696,0.20000000298023224,False,False,1
1992,layer3.conv1,element,2,"(142, 13, 8)",0,0.0,False,0.91,0.0,False,,12,1.0,0.5,1.0,0.5,False,False,1
1993,layer3.conv2,element,5,"(43, 48, 20)",0,0.0,False,0.91,0.0,False,,55,-7.0,7.0,0.0,2.0,True,False,1
1994,layer2.conv1,element,0,"(31, 6, 18)",0,0.0,False,0.91,0.0,False,,57,-10.0,-8.0,0.3219280242919922,0.20000000298023224,False,False,1
1995,layer3.conv2,element,1,"(122, 25, 24)",0,0.0,False,0.91,0.0,False,,8,0.5,0.75,0.5849624872207642,0.5,False,False,1
1996,layer3.conv2,element,2,"(16, 18, 27)",0,0.0,False,0.91,0.0,False,,20,4.0,2.0,1.0,0.5,False,False,1
1997,layer3.conv2,element,1,"(4, 22, 17)",0,0.0,False,0.91,0.0,False,,4,0.25,0.375,0.5849624872207642,0.5,False,False,1
1998,layer3.conv2,element,5,"(65, 21, 21)",0,0.0,False,0.91,0.0,False,,25,10.0,-10.0,0.0,2.0,True,False,1
1999,layer3.conv2,element,4,"(153, 43, 28)",0,0.0,False,0.91,0.0,False,,21,5.0,0.3125,4.0,0.9375,False,False,1
2000,layer2.conv2,element,2,"(50, 18, 3)",0,0.0,False,0.91,0.0,False,,61,-20.0,-10.0,1.0,0.5,False,False,1
2001,layer3.conv1,element,1,"(78, 25, 30)",0,0.0,False,0.91,0.0,False,,56,-8.0,-12.0,0.5849626064300537,0.5,False,False,1
2002,layer3.conv2,element,5,"(191, 52, 17)",0,0.0,False,0.91,0.0,False,,13,1.25,-1.25,0.0,2.0,True,False,1
2003,layer3.conv2,element,0,"(20, 8, 20)",0,0.0,False,0.91,0.0,False,,58,-12.0,-14.0,0.22239232063293457,0.1666666716337204,False,False,1
2004,layer2.conv2,element,5,"(27, 1, 15)",1,0.005,True,0.905,0.0050000000000000044,False,,24,8.0,-8.0,0.0,2.0,True,False,1
2005,layer3.conv2,scale,2,"(163, 37)",2,0.01,True,0.9,0.010000000000000009,False,,121,121.0,125.0,4.0,inf,False,False,32
2006,layer3.conv2,element,2,"(77, 9, 13)",0,0.0,False,0.91,0.0,False,,25,10.0,20.0,1.0,1.0,False,False,1
2007,layer3.conv2,element,0,"(82, 1, 29)",0,0.0,False,0.91,0.0,False,,33,-0.0625,-0.0,inf,1.0,False,False,1
2008,layer2.conv2,element,5,"(85, 26, 2)",0,0.0,False,0.91,0.0,False,,55,-7.0,7.0,0.0,2.0,True,False,1
2009,layer2.conv2,element,1,"(71, 10, 6)",0,0.0,False,0.91,0.0,False,,21,5.0,7.0,0.4854269027709961,0.4000000059604645,False,False,1
2010,layer2.conv2,element,3,"(74, 7, 1)",0,0.0,False,0.91,0.0,False,,56,-8.0,-2.0,2.0,0.75,False,False,1
2011,layer3.conv1,element,2,"(148, 17, 13)",0,0.0,False,0.91,0.0,False,,23,7.0,3.5,1.0,0.5,False,False,1
2012,layer2.conv1,element,0,"(74, 13, 13)",0,0.0,False,0.91,0.0,False,,28,16.0,20.0,0.3219280242919922,0.25,False,False,1
2013,layer3.conv1,element,3,"(108, 3, 20)",0,0.0,False,0.91,0.0,False,,33,-0.0625,-0.625,3.321928024291992,9.0,False,False,1
2014,layer1.conv1,element,5,"(19, 3, 7)",1,0.005,True,0.905,0.0050000000000000044,False,,27,14.0,-14.0,0.0,2.0,True,False,1
2015,layer3.conv2,element,4,"(165, 27, 26)",0,0.0,False,0.91,0.0,False,,22,6.0,0.375,4.0,0.9375,False,False,1
2016,layer3.conv2,element,3,"(0, 42, 22)",0,0.0,False,0.91,0.0,False,,18,3.0,12.0,2.0,3.0,False,False,1
2017,layer3.conv2,element,3,"(138, 15, 6)",0,0.0,False,0.91,0.0,False,,20,4.0,16.0,2.0,3.0,False,False,1
2018,layer3.conv2,element,0,"(154, 43, 2)",0,0.0,False,0.91,0.0,False,,63,-28.0,-24.0,0.22239255905151367,0.1428571492433548,False,False,1
2019,layer3.shortcut.0,element,2,"(185, 1, 4)",0,0.0,False,0.91,0.0,False,,61,-20.0,-10.0,1.0,0.5,False,False,1
2020,layer3.conv1,element,3,"(83, 4, 3)",0,0.0,False,0.91,0.0,False,,59,-14.0,-3.5,2.0,0.75,False,False,1
2021,layer2.conv2,element,5,"(11, 7, 29)",1,0.005,True,0.905,0.0050000000000000044,False,,18,3.0,-3.0,0.0,2.0,True,False,1
2022,layer3.conv2,element,2,"(64, 30, 3)",0,0.0,False,0.91,0.0,False,,50,-3.0,-6.0,1.0000001192092896,1.0,False,False,1
2023,layer3.conv1,element,5,"(158, 3, 26)",0,0.0,False,0.91,0.0,False,,13,1.25,-1.25,0.0,2.0,True,False,1
2024,layer3.conv1,element,3,"(38, 15, 25)",0,0.0,False,0.91,0.0,False,,53,-5.0,-20.0,2.0,3.0,False,False,1
2025,layer3.conv2,element,2,"(128, 10, 15)",0,0.0,False,0.91,0.0,False,,57,-10.0,-20.0,1.0,1.0,False,False,1
2026,layer3.conv2,element,5,"(171, 9, 6)",0,0.0,False,0.91,0.0,False,,21,5.0,-5.0,0.0,2.0,True,False,1
2027,layer3.conv2,element,4,"(12, 44, 31)",0,0.0,False,0.91,0.0,False,,49,-2.5,-0.0625,5.321928024291992,0.9750000238418579,False,False,1
2028,layer2.conv2,element,0,"(94, 6, 24)",0,0.0,False,0.91,0.0,False,,29,20.0,16.0,0.3219280242919922,0.20000000298023224,False,False,1
2029,layer3.conv2,element,4,"(96, 48, 13)",0,0.0,False,0.91,0.0,False,,60,-16.0,-1.0,4.0,0.9375,False,False,1
2030,layer3.conv2,element,3,"(124, 21, 22)",0,0.0,False,0.91,0.0,False,,24,8.0,2.0,2.0,0.75,False,False,1
2031,layer2.shortcut.0,element,2,"(88, 1, 12)",1,0.005,True,0.905,0.0050000000000000044,False,,56,-8.0,-16.0,1.0,1.0,False,False,1
2032,layer3.conv2,element,1,"(26, 50, 19)",0,0.0,False,0.91,0.0,False,,57,-10.0,-14.0,0.4854269027709961,0.4000000059604645,False,False,1
2033,layer3.conv2,element,0,"(84, 29, 13)",0,0.0,False,0.91,0.0,False,,41,-0.625,-0.5,0.32192808389663696,0.20000000298023224,False,False,1
2034,layer3.conv2,element,5,"(63, 38, 13)",0,0.0,False,0.91,0.0,False,,25,10.0,-10.0,0.0,2.0,True,False,1
2035,layer3.conv1,element,2,"(36, 3, 12)",0,0.0,False,0.91,0.0,False,,16,2.0,4.0,1.0,1.0,False,False,1
2036,layer3.conv2,element,5,"(127, 53, 10)",0,0.0,False,0.91,0.0,False,,61,-20.0,20.0,0.0,2.0,True,False,1
2037,layer3.conv1,element,2,"(185, 23, 21)",0,0.0,False,0.91,0.0,False,,58,-12.0,-24.0,0.9999997615814209,1.0,False,False,1
2038,layer2.conv2,element,5,"(85, 3, 7)",0,0.0,False,0.91,0.0,False,,47,-1.75,1.75,0.0,2.0,True,False,1
2039,layer1.conv1,scale,0,"(28, 1)",0,0.0,False,0.91,0.0,False,,119,119.0,118.0,1.0,inf,False,False,32
2040,layer3.conv2,scale,6,"(116, 48)",0,0.0,False,0.91,0.0,False,,121,121.0,57.0,64.0,inf,False,False,32
2041,layer3.conv2,element,3,"(61, 23, 10)",1,0.005,True,0.905,0.0050000000000000044,False,,53,-5.0,-20.0,2.0,3.0,False,False,1
2042,layer2.conv2,element,1,"(40, 1, 10)",0,0.0,False,0.91,0.0,False,,56,-8.0,-12.0,0.5849626064300537,0.5,False,False,1
2043,layer2.shortcut.0,element,2,"(16, 1, 7)",0,0.0,False,0.91,0.0,False,,61,-20.0,-10.0,1.0,0.5,False,False,1
2044,layer3.conv2,element,4,"(175, 52, 5)",0,0.0,False,0.91,0.0,False,,23,7.0,0.4375,4.0,0.9375,False,False,1
2045,layer2.conv2,element,0,"(41, 17, 20)",0,0.0,False,0.91,0.0,False,,23,7.0,6.0,0.22239232063293457,0.1428571492433548,False,False,1
2046,layer3.conv1,element,5,"(16, 13, 19)",0,0.0,False,0.91,0.0,False,,30,24.0,-24.0,0.0,2.0,True,False,1
2047,layer3.conv2,element,1,"(80, 50, 14)",0,0.0,False,0.91,0.0,False,,57,-10.0,-14.0,0.4854269027709961,0.4000000059604645,False,False,1
2048,layer3.conv2,element,3,"(78, 26, 16)",0,0.0,False,0.91,0.0,False,,23,7.0,28.0,2.0,3.0,False,False,1
2049,layer3.conv1,element,4,"(168, 16, 9)",0,0.0,False,0.91,0.0,False,,27,14.0,0.875,4.0,0.9375,False,False,1
2050,layer1.conv2,element,1,"(34, 4, 2)",0,0.0,False,0.91,0.0,False,,12,1.0,1.5,0.5849624872207642,0.5,False,False,1
2051,layer2.conv2,element,5,"(7, 23, 31)",0,0.0,False,0.91,0.0,False,,52,-4.0,4.0,0.0,2.0,True,False,1
2052,layer3.conv2,element,0,"(93, 6, 28)",0,0.0,False,0.91,0.0,False,,55,-7.0,-6.0,0.22239232063293457,0.1428571492433548,False,False,1
2053,layer3.shortcut.0,element,2,"(157, 1, 26)",0,0.0,False,0.91,0.0,False,,43,-0.875,-1.75,1.0,1.0,False,False,1
2054,layer3.conv2,scale,6,"(22, 35)",1,0.005,True,0.905,0.0050000000000000044,False,,121,121.0,57.0,64.0,inf,False,False,32
2055,layer3.conv2,element,0,"(1, 19, 15)",0,0.0,False,0.91,0.0,False,,20,4.0,5.0,0.3219280242919922,0.25,False,False,1
2056,layer3.conv2,element,4,"(40, 11, 19)",0,0.0,False,0.91,0.0,False,,20,4.0,0.25,4.0,0.9375,False,False,1
2057,layer3.conv1,element,5,"(32, 8, 9)",0,0.0,False,0.91,0.0,False,,59,-14.0,14.0,0.0,2.0,True,False,1
2058,layer1.conv2,element,1,"(23, 6, 8)",0,0.0,False,0.91,0.0,False,,36,-0.25,-0.375,0.5849624872207642,0.5,False,False,1
2059,layer3.conv2,element,2,"(75, 30, 3)",0,0.0,False,0.91,0.0,False,,39,-0.4375,-0.1875,1.2223923206329346,0.5714285969734192,False,False,1
2060,layer3.conv1,element,4,"(101, 18, 19)",1,0.005,True,0.905,0.0050000000000000044,False,,45,-1.25,-20.0,4.0,15.0,False,False,1
2061,layer3.conv2,element,0,"(113, 48, 8)",0,0.0,False,0.91,0.0,False,,24,8.0,10.0,0.3219280242919922,0.25,False,False,1
2062,layer3.conv1,element,4,"(130, 19, 2)",0,0.0,False,0.91,0.0,False,,62,-24.0,-1.5,4.0,0.9375,False,False,1
2063,layer3.conv2,element,2,"(180, 38, 7)",0,0.0,False,0.91,0.0,False,,52,-4.0,-2.0,1.0,0.5,False,False,1
2064,layer3.conv2,element,5,"(75, 46, 18)",0,0.0,False,0.91,0.0,False,,19,3.5,-3.5,0.0,2.0,True,False,1
2065,layer3.conv1,element,2,"(94, 25, 28)",0,0.0,False,0.91,0.0,False,,61,-20.0,-10.0,1.0,0.5,False,False,1
2066,layer3.conv2,element,1,"(101, 8, 5)",0,0.0,False,0.91,0.0,False,,60,-16.0,-24.0,0.5849623680114746,0.5,False,False,1
2067,layer3.conv2,element,0,"(150, 46, 23)",0,0.0,False,0.91,0.0,False,,27,14.0,12.0,0.22239232063293457,0.1428571492433548,False,False,1
2068,layer3.conv2,element,3,"(147, 25, 25)",0,0.0,False,0.91,0.0,False,,54,-6.0,-24.0,1.999999761581421,3.0,False,False,1
2069,layer3.conv2,element,0,"(12, 38, 30)",0,0.0,False,0.91,0.0,False,,53,-5.0,-4.0,0.3219280242919922,0.20000000298023224,False,False,1
2070,layer3.conv2,element,4,"(33, 49, 9)",0,0.0,False,0.91,0.0,False,,54,-6.0,-0.375,4.0,0.9375,False,False,1
2071,layer3.conv2,element,1,"(114, 47, 12)",0,0.0,False,0.91,0.0,False,,52,-4.0,-6.0,0.5849626064300537,0.5,False,False,1
2072,layer3.conv1,element,0,"(61, 24, 26)",0,0.0,False,0.91,0.0,False,,15,1.75,1.5,0.22239243984222412,0.1428571492433548,False,False,1
2073,layer1.conv2,element,3,"(39, 3, 20)",0,0.0,False,0.91,0.0,False,,10,0.75,0.125,2.5849623680114746,0.8333333134651184,False,False,1
2074,layer1.conv2,element,1,"(19, 7, 24)",0,0.0,False,0.91,0.0,False,,43,-0.875,-0.625,0.4854268431663513,0.2857142984867096,False,False,1
2075,layer3.conv2,element,4,"(20, 40, 2)",0,0.0,False,0.91,0.0,False,,56,-8.0,-0.5,4.0,0.9375,False,False,1
2076,layer2.conv1,element,1,"(46, 12, 5)",0,0.0,False,0.91,0.0,False,,22,6.0,4.0,0.5849626064300537,0.3333333432674408,False,False,1
2077,layer3.conv2,element,2,"(44, 19, 10)",0,0.0,False,0.91,0.0,False,,57,-10.0,-20.0,1.0,1.0,False,False,1
2078,layer3.conv2,element,2,"(86, 12, 19)",0,0.0,False,0.91,0.0,False,,48,-2.0,-4.0,1.0,1.0,False,False,1
2079,layer3.conv1,element,3,"(52, 11, 24)",0,0.0,False,0.91,0.0,False,,16,2.0,8.0,2.0,3.0,False,False,1
2080,layer3.conv2,element,4,"(175, 24, 28)",0,0.0,False,0.91,0.0,False,,60,-16.0,-1.0,4.0,0.9375,False,False,1
2081,layer2.conv2,element,5,"(31, 3, 5)",0,0.0,False,0.91,0.0,False,,6,0.375,-0.375,0.0,2.0,True,False,1
2082,layer3.conv2,element,2,"(105, 3, 10)",0,0.0,False,0.91,0.0,False,,54,-6.0,-3.0,1.0000001192092896,0.5,False,False,1
2083,layer1.conv2,element,0,"(5, 0, 15)",0,0.0,False,0.91,0.0,False,,60,-16.0,-20.0,0.3219280242919922,0.25,False,False,1
2084,layer2.conv2,element,4,"(54, 2, 11)",0,0.0,False,0.91,0.0,False,,9,0.625,10.0,4.0,15.0,False,False,1
2085,layer3.conv1,element,0,"(161, 21, 0)",0,0.0,False,0.91,0.0,False,,36,-0.25,-0.3125,0.32192814350128174,0.25,False,False,1
2086,layer3.conv2,element,4,"(83, 3, 14)",0,0.0,False,0.91,0.0,False,,51,-3.5,-0.1875,4.2223920822143555,0.9464285969734192,False,False,1
2087,layer3.conv1,scale,3,"(175, 8)",171,0.855,True,0.135,0.775,False,,119,119.0,127.0,8.0,inf,False,False,32
2088,layer3.conv2,element,2,"(135, 34, 1)",0,0.0,False,0.91,0.0,False,,57,-10.0,-20.0,1.0,1.0,False,False,1
2089,layer3.conv2,scale,0,"(10, 53)",1,0.005,True,0.905,0.0050000000000000044,False,,121,121.0,120.0,1.0,inf,False,False,32
2090,layer1.conv1,scale,4,"(41, 2)",1,0.005,True,0.905,0.0050000000000000044,False,,119,119.0,103.0,16.0,inf,False,False,32
2091,layer3.conv2,element,1,"(11, 28, 16)",0,0.0,False,0.91,0.0,False,,62,-24.0,-16.0,0.5849623680114746,0.3333333432674408,False,False,1
2092,layer3.conv2,element,2,"(0, 30, 27)",0,0.0,False,0.91,0.0,False,,57,-10.0,-20.0,1.0,1.0,False,False,1
2093,layer1.conv2,element,1,"(27, 2, 16)",0,0.0,False,0.91,0.0,False,,57,-10.0,-14.0,0.4854269027709961,0.4000000059604645,False,False,1
2094,layer3.conv1,element,4,"(162, 7, 1)",0,0.0,False,0.91,0.0,False,,48,-2.0,-0.0,inf,1.0,False,False,1
2095,layer1.conv2,element,3,"(34, 1, 8)",0,0.0,False,0.91,0.0,False,,62,-24.0,-6.0,1.999999761581421,0.75,False,False,1
2096,layer3.conv2,element,1,"(22, 50, 1)",0,0.0,False,0.91,0.0,False,,62,-24.0,-16.0,0.5849623680114746,0.3333333432674408,False,False,1
2097,layer3.conv2,element,1,"(157, 30, 15)",0,0.0,False,0.91,0.0,False,,18,3.0,2.0,0.5849624872207642,0.3333333432674408,False,False,1
2098,layer2.conv2,element,4,"(58, 0, 15)",0,0.0,False,0.91,0.0,False,,20,4.0,0.25,4.0,0.9375,False,False,1
2099,layer3.conv1,element,0,"(120, 3, 10)",0,0.0,False,0.91,0.0,False,,57,-10.0,-8.0,0.3219280242919922,0.20000000298023224,False,False,1
2100,layer1.conv2,element,0,"(13, 1, 30)",0,0.0,False,0.91,0.0,False,,62,-24.0,-28.0,0.22239255905151367,0.1666666716337204,False,False,1
2101,layer3.conv2,element,3,"(63, 25, 17)",0,0.0,False,0.91,0.0,False,,21,5.0,20.0,2.0,3.0,False,False,1
2102,layer3.conv2,element,4,"(33, 20, 30)",0,0.0,False,0.91,0.0,False,,60,-16.0,-1.0,4.0,0.9375,False,False,1
2103,layer2.conv2,element,1,"(30, 12, 30)",0,0.0,False,0.91,0.0,False,,41,-0.625,-0.875,0.4854268431663513,0.4000000059604645,False,False,1
2104,layer1.conv2,element,5,"(7, 12, 0)",0,0.0,False,0.91,0.0,False,,41,-0.625,0.625,0.0,2.0,True,False,1
2105,layer3.conv1,element,0,"(80, 26, 5)",0,0.0,False,0.91,0.0,False,,28,16.0,20.0,0.3219280242919922,0.25,False,False,1
2106,layer3.conv2,element,2,"(74, 48, 19)",0,0.0,False,0.91,0.0,False,,17,2.5,5.0,0.9999998807907104,1.0,False,False,1
2107,layer3.conv1,element,4,"(19, 2, 1)",0,0.0,False,0.91,0.0,False,,57,-10.0,-0.625,4.0,0.9375,False,False,1
2108,layer3.conv2,element,4,"(86, 16, 21)",0,0.0,False,0.91,0.0,False,,29,20.0,1.25,4.0,0.9375,False,False,1
2109,layer3.conv1,element,0,"(165, 23, 5)",0,0.0,False,0.91,0.0,False,,52,-4.0,-5.0,0.3219280242919922,0.25,False,False,1
2110,layer3.conv2,element,3,"(32, 50, 27)",0,0.0,False,0.91,0.0,False,,38,-0.375,-1.5,2.0,3.0,False,False,1
2111,layer3.conv2,element,0,"(190, 7, 25)",0,0.0,False,0.91,0.0,False,,60,-16.0,-20.0,0.3219280242919922,0.25,False,False,1
2112,layer2.conv2,element,5,"(86, 10, 21)",2,0.01,True,0.9,0.010000000000000009,False,,59,-14.0,14.0,0.0,2.0,True,False,1
2113,layer3.conv1,element,5,"(6, 17, 25)",0,0.0,False,0.91,0.0,False,,16,2.0,-2.0,0.0,2.0,True,False,1
2114,layer3.conv1,element,5,"(164, 5, 8)",0,0.0,False,0.91,0.0,False,,48,-2.0,2.0,0.0,2.0,True,False,1
2115,layer3.conv2,element,5,"(113, 13, 10)",0,0.0,False,0.91,0.0,False,,62,-24.0,24.0,0.0,2.0,True,False,1
2116,layer3.conv2,element,2,"(117, 27, 24)",0,0.0,False,0.91,0.0,False,,60,-16.0,-8.0,1.0,0.5,False,False,1
2117,layer3.conv2,element,1,"(126, 32, 17)",0,0.0,False,0.91,0.0,False,,27,14.0,10.0,0.4854269027709961,0.2857142984867096,False,False,1
2118,layer1.conv2,element,5,"(31, 4, 12)",1,0.005,True,0.905,0.0050000000000000044,False,,60,-16.0,16.0,0.0,2.0,True,False,1
2119,layer3.conv2,element,5,"(97, 46, 23)",0,0.0,False,0.91,0.0,False,,22,6.0,-6.0,0.0,2.0,True,False,1
2120,layer3.conv1,element,2,"(99, 9, 13)",0,0.0,False,0.91,0.0,False,,28,16.0,8.0,1.0,0.5,False,False,1
2121,layer3.conv1,element,0,"(116, 8, 31)",0,0.0,False,0.91,0.0,False,,58,-12.0,-14.0,0.22239232063293457,0.1666666716337204,False,False,1
2122,layer3.conv1,element,3,"(59, 25, 14)",0,0.0,False,0.91,0.0,False,,22,6.0,24.0,1.999999761581421,3.0,False,False,1
2123,layer3.conv1,element,5,"(101, 26, 14)",0,0.0,False,0.91,0.0,False,,53,-5.0,5.0,0.0,2.0,True,False,1
2124,layer2.conv2,element,0,"(22, 25, 18)",0,0.0,False,0.91,0.0,False,,26,12.0,14.0,0.22239232063293457,0.1666666716337204,False,False,1
2125,layer3.conv2,element,5,"(100, 34, 10)",0,0.0,False,0.91,0.0,False,,24,8.0,-8.0,0.0,2.0,True,False,1
2126,layer3.conv2,element,5,"(66, 40, 24)",0,0.0,False,0.91,0.0,False,,41,-0.625,0.625,0.0,2.0,True,False,1
2127,layer3.conv2,element,2,"(83, 9, 18)",0,0.0,False,0.91,0.0,False,,25,10.0,20.0,1.0,1.0,False,False,1
2128,layer3.conv2,element,5,"(79, 51, 12)",0,0.0,False,0.91,0.0,False,,56,-8.0,8.0,0.0,2.0,True,False,1
2129,layer3.conv1,element,1,"(34, 16, 27)",0,0.0,False,0.91,0.0,False,,22,6.0,4.0,0.5849626064300537,0.3333333432674408,False,False,1
2130,layer3.conv1,element,1,"(54, 13, 7)",0,0.0,False,0.91,0.0,False,,50,-3.0,-2.0,0.5849624872207642,0.3333333432674408,False,False,1
2131,layer3.conv1,element,4,"(166, 10, 2)",0,0.0,False,0.91,0.0,False,,57,-10.0,-0.625,4.0,0.9375,False,False,1
2132,layer3.conv1,element,4,"(76, 6, 31)",1,0.005,True,0.905,0.0050000000000000044,False,,54,-6.0,-0.375,4.0,0.9375,False,False,1
2133,layer3.conv1,element,1,"(170, 18, 15)",0,0.0,False,0.91,0.0,False,,49,-2.5,-3.5,0.48542678356170654,0.4000000059604645,False,False,1
2134,layer3.conv2,element,0,"(103, 43, 0)",0,0.0,False,0.91,0.0,False,,61,-20.0,-16.0,0.3219280242919922,0.20000000298023224,False,False,1
2135,layer1.conv1,element,3,"(45, 5, 27)",1,0.005,True,0.905,0.0050000000000000044,False,,62,-24.0,-6.0,1.999999761581421,0.75,False,False,1
2136,layer2.conv2,element,5,"(94, 4, 19)",0,0.0,False,0.91,0.0,False,,24,8.0,-8.0,0.0,2.0,True,False,1
2137,layer2.conv2,element,0,"(28, 6, 10)",0,0.0,False,0.91,0.0,False,,22,6.0,7.0,0.22239232063293457,0.1666666716337204,False,False,1
2138,layer3.conv2,element,0,"(134, 5, 4)",0,0.0,False,0.91,0.0,False,,51,-3.5,-3.0,0.22239243984222412,0.1428571492433548,False,False,1
2139,layer3.conv2,element,5,"(183, 20, 9)",0,0.0,False,0.91,0.0,False,,27,14.0,-14.0,0.0,2.0,True,False,1
2140,layer1.conv1,element,1,"(3, 9, 27)",0,0.0,False,0.91,0.0,False,,62,-24.0,-16.0,0.5849623680114746,0.3333333432674408,False,False,1
2141,layer3.conv2,element,5,"(135, 52, 30)",0,0.0,False,0.91,0.0,False,,63,-28.0,28.0,0.0,2.0,True,False,1
2142,layer3.conv2,element,0,"(105, 19, 28)",0,0.0,False,0.91,0.0,False,,3,0.1875,0.125,0.5849626064300537,0.3333333432674408,False,False,1
2143,layer3.conv1,element,3,"(107, 3, 3)",0,0.0,False,0.91,0.0,False,,53,-5.0,-20.0,2.0,3.0,False,False,1
2144,layer3.conv1,element,1,"(180, 17, 13)",0,0.0,False,0.91,0.0,False,,56,-8.0,-12.0,0.5849626064300537,0.5,False,False,1
2145,layer3.conv2,element,3,"(152, 11, 26)",0,0.0,False,0.91,0.0,False,,45,-1.25,-0.3125,2.0,0.75,False,False,1
2146,conv1,element,1,"(44, 0, 22)",1,0.005,True,0.905,0.0050000000000000044,False,,44,-1.0,-1.5,0.5849624872207642,0.5,False,False,1
2147,layer1.conv2,element,1,"(14, 11, 4)",1,0.005,True,0.905,0.0050000000000000044,False,,52,-4.0,-6.0,0.5849626064300537,0.5,False,False,1
2148,layer3.conv2,element,0,"(67, 34, 13)",0,0.0,False,0.91,0.0,False,,29,20.0,16.0,0.3219280242919922,0.20000000298023224,False,False,1
2149,layer3.conv2,element,4,"(39, 21, 18)",0,0.0,False,0.91,0.0,False,,25,10.0,0.625,4.0,0.9375,False,False,1
2150,layer1.conv1,element,1,"(19, 7, 17)",0,0.0,False,0.91,0.0,False,,61,-20.0,-28.0,0.4854269027709961,0.4000000059604645,False,False,1
2151,layer3.conv2,element,3,"(162, 14, 30)",0,0.0,False,0.91,0.0,False,,53,-5.0,-20.0,2.0,3.0,False,False,1
2152,layer3.conv2,element,4,"(122, 10, 5)",0,0.0,False,0.91,0.0,False,,58,-12.0,-0.75,4.0,0.9375,False,False,1
2153,layer2.conv2,element,1,"(74, 5, 20)",0,0.0,False,0.91,0.0,False,,57,-10.0,-14.0,0.4854269027709961,0.4000000059604645,False,False,1
2154,layer3.conv2,element,2,"(136, 48, 6)",0,0.0,False,0.91,0.0,False,,58,-12.0,-24.0,0.9999997615814209,1.0,False,False,1
2155,layer3.conv2,element,0,"(157, 21, 7)",0,0.0,False,0.91,0.0,False,,40,-0.5,-0.625,0.32192808389663696,0.25,False,False,1
2156,layer3.conv2,element,4,"(7, 41, 7)",0,0.0,False,0.91,0.0,False,,57,-10.0,-0.625,4.0,0.9375,False,False,1
2157,layer3.conv1,element,1,"(43, 12, 9)",0,0.0,False,0.91,0.0,False,,26,12.0,8.0,0.5849626064300537,0.3333333432674408,False,False,1
2158,layer3.conv2,element,5,"(14, 8, 12)",0,0.0,False,0.91,0.0,False,,35,-0.1875,0.1875,0.0,2.0,True,False,1
2159,layer3.conv2,element,4,"(77, 17, 17)",0,0.0,False,0.91,0.0,False,,50,-3.0,-0.125,4.584962368011475,0.9583333134651184,False,False,1
2160,layer2.conv2,element,2,"(74, 26, 27)",0,0.0,False,0.91,0.0,False,,55,-7.0,-3.5,1.0,0.5,False,False,1
2161,layer3.conv2,element,3,"(142, 6, 31)",0,0.0,False,0.91,0.0,False,,12,1.0,0.25,2.0,0.75,False,False,1
2162,layer3.conv1,element,1,"(167, 3, 30)",0,0.0,False,0.91,0.0,False,,25,10.0,14.0,0.4854269027709961,0.4000000059604645,False,False,1
2163,layer3.conv2,element,3,"(71, 51, 24)",0,0.0,False,0.91,0.0,False,,44,-1.0,-0.25,2.0,0.75,False,False,1
2164,layer2.conv2,element,3,"(94, 7, 11)",0,0.0,False,0.91,0.0,False,,28,16.0,4.0,2.0,0.75,False,False,1
2165,layer3.conv2,element,4,"(56, 28, 11)",0,0.0,False,0.91,0.0,False,,53,-5.0,-0.3125,4.0,0.9375,False,False,1
2166,layer3.conv2,element,4,"(141, 14, 7)",1,0.005,True,0.905,0.0050000000000000044,False,,61,-20.0,-1.25,4.0,0.9375,False,False,1
2167,layer3.conv2,element,5,"(135, 32, 29)",0,0.0,False,0.91,0.0,False,,55,-7.0,7.0,0.0,2.0,True,False,1
2168,layer3.conv2,element,0,"(28, 10, 26)",0,0.0,False,0.91,0.0,False,,60,-16.0,-20.0,0.3219280242919922,0.25,False,False,1
2169,layer2.conv1,element,4,"(43, 6, 3)",0,0.0,False,0.91,0.0,False,,27,14.0,0.875,4.0,0.9375,False,False,1
2170,layer3.conv1,element,5,"(187, 11, 27)",0,0.0,False,0.91,0.0,False,,52,-4.0,4.0,0.0,2.0,True,False,1
2171,layer3.conv1,element,5,"(25, 13, 26)",1,0.005,True,0.905,0.0050000000000000044,False,,57,-10.0,10.0,0.0,2.0,True,False,1
2172,layer3.conv1,element,1,"(119, 19, 2)",0,0.0,False,0.91,0.0,False,,54,-6.0,-4.0,0.5849626064300537,0.3333333432674408,False,False,1
2173,layer3.shortcut.0,element,2,"(27, 1, 18)",0,0.0,False,0.91,0.0,False,,63,-28.0,-14.0,1.0,0.5,False,False,1
2174,layer3.conv1,element,4,"(174, 6, 15)",0,0.0,False,0.91,0.0,False,,50,-3.0,-0.125,4.584962368011475,0.9583333134651184,False,False,1
2175,layer3.conv2,scale,4,"(18, 5)",0,0.0,False,0.91,0.0,False,,120,120.0,104.0,16.0,inf,False,False,32
2176,layer3.conv2,element,2,"(175, 33, 4)",0,0.0,False,0.91,0.0,False,,25,10.0,20.0,1.0,1.0,False,False,1
2177,layer3.conv2,element,2,"(23, 19, 16)",0,0.0,False,0.91,0.0,False,,20,4.0,2.0,1.0,0.5,False,False,1
2178,layer3.conv2,element,0,"(123, 46, 20)",0,0.0,False,0.91,0.0,False,,54,-6.0,-7.0,0.22239232063293457,0.1666666716337204,False,False,1
2179,layer3.conv1,element,4,"(152, 10, 10)",0,0.0,False,0.91,0.0,False,,60,-16.0,-1.0,4.0,0.9375,False,False,1
2180,layer2.conv2,element,0,"(55, 2, 6)",0,0.0,False,0.91,0.0,False,,62,-24.0,-28.0,0.22239255905151367,0.1666666716337204,False,False,1
2181,layer3.conv2,element,4,"(34, 11, 28)",0,0.0,False,0.91,0.0,False,,61,-20.0,-1.25,4.0,0.9375,False,False,1
2182,layer3.conv1,element,0,"(175, 1, 15)",0,0.0,False,0.91,0.0,False,,23,7.0,6.0,0.22239232063293457,0.1428571492433548,False,False,1
2183,layer1.conv2,element,5,"(28, 6, 15)",1,0.005,True,0.905,0.0050000000000000044,False,,22,6.0,-6.0,0.0,2.0,True,False,1
2184,layer3.conv1,element,0,"(16, 13, 11)",0,0.0,False,0.91,0.0,False,,28,16.0,20.0,0.3219280242919922,0.25,False,False,1
2185,layer3.conv1,element,0,"(14, 26, 20)",0,0.0,False,0.91,0.0,False,,25,10.0,8.0,0.3219280242919922,0.20000000298023224,False,False,1
2186,layer3.conv1,element,3,"(81, 14, 6)",0,0.0,False,0.91,0.0,False,,54,-6.0,-24.0,1.999999761581421,3.0,False,False,1
2187,layer3.conv1,element,3,"(157, 10, 8)",0,0.0,False,0.91,0.0,False,,61,-20.0,-5.0,2.0,0.75,False,False,1
2188,layer3.conv2,element,4,"(94, 25, 27)",0,0.0,False,0.91,0.0,False,,60,-16.0,-1.0,4.0,0.9375,False,False,1
2189,layer3.conv1,element,3,"(173, 25, 14)",0,0.0,False,0.91,0.0,False,,18,3.0,12.0,2.0,3.0,False,False,1
2190,layer3.conv1,element,3,"(34, 22, 10)",0,0.0,False,0.91,0.0,False,,56,-8.0,-2.0,2.0,0.75,False,False,1
2191,layer2.conv1,element,2,"(23, 9, 9)",0,0.0,False,0.91,0.0,False,,22,6.0,3.0,1.0000001192092896,0.5,False,False,1
2192,layer2.conv2,element,3,"(29, 11, 14)",0,0.0,False,0.91,0.0,False,,25,10.0,2.5,1.9999998807907104,0.75,False,False,1
2193,layer3.conv2,element,3,"(45, 36, 27)",0,0.0,False,0.91,0.0,False,,25,10.0,2.5,1.9999998807907104,0.75,False,False,1
2194,layer3.conv2,element,2,"(129, 15, 11)",0,0.0,False,0.91,0.0,False,,53,-5.0,-2.5,0.9999998807907104,0.5,False,False,1
2195,layer3.conv2,element,3,"(63, 40, 21)",0,0.0,False,0.91,0.0,False,,58,-12.0,-3.0,2.0,0.75,False,False,1
2196,layer3.conv2,element,2,"(142, 40, 2)",0,0.0,False,0.91,0.0,False,,24,8.0,16.0,1.0,1.0,False,False,1
2197,layer3.conv2,element,3,"(175, 31, 0)",0,0.0,False,0.91,0.0,False,,56,-8.0,-2.0,2.0,0.75,False,False,1
2198,layer2.conv2,element,3,"(6, 6, 6)",1,0.005,True,0.905,0.0050000000000000044,False,,17,2.5,10.0,1.9999998807907104,3.0,False,False,1
2199,layer3.conv2,element,1,"(82, 34, 19)",0,0.0,False,0.91,0.0,False,,60,-16.0,-24.0,0.5849623680114746,0.5,False,False,1
2200,layer3.conv2,element,4,"(12, 0, 22)",0,0.0,False,0.91,0.0,False,,23,7.0,0.4375,4.0,0.9375,False,False,1
2201,layer3.conv1,element,2,"(145, 7, 2)",0,0.0,False,0.91,0.0,False,,24,8.0,16.0,1.0,1.0,False,False,1
2202,layer1.conv1,element,0,"(13, 7, 4)",0,0.0,False,0.91,0.0,False,,46,-1.5,-1.75,0.22239243984222412,0.1666666716337204,False,False,1
2203,layer3.conv2,element,3,"(124, 5, 6)",0,0.0,False,0.91,0.0,False,,37,-0.3125,-1.25,2.0,3.0,False,False,1
2204,layer3.conv2,element,1,"(1, 35, 26)",0,0.0,False,0.91,0.0,False,,36,-0.25,-0.375,0.5849624872207642,0.5,False,False,1
2205,layer3.conv2,element,0,"(86, 3, 20)",0,0.0,False,0.91,0.0,False,,22,6.0,7.0,0.22239232063293457,0.1666666716337204,False,False,1
2206,layer3.conv1,element,2,"(68, 2, 19)",0,0.0,False,0.91,0.0,False,,59,-14.0,-28.0,1.0,1.0,False,False,1
2207,layer3.conv2,element,3,"(68, 24, 17)",0,0.0,False,0.91,0.0,False,,27,14.0,3.5,2.0,0.75,False,False,1
2208,layer3.conv2,element,4,"(136, 48, 13)",0,0.0,False,0.91,0.0,False,,24,8.0,0.5,4.0,0.9375,False,False,1
2209,layer3.conv2,element,0,"(31, 48, 18)",0,0.0,False,0.91,0.0,False,,13,1.25,1.0,0.32192808389663696,0.20000000298023224,False,False,1
2210,layer2.conv2,element,1,"(76, 14, 3)",0,0.0,False,0.91,0.0,False,,49,-2.5,-3.5,0.48542678356170654,0.4000000059604645,False,False,1
2211,layer3.conv2,element,3,"(138, 18, 17)",0,0.0,False,0.91,0.0,False,,57,-10.0,-2.5,1.9999998807907104,0.75,False,False,1
2212,layer2.conv2,element,1,"(69, 9, 12)",0,0.0,False,0.91,0.0,False,,41,-0.625,-0.875,0.4854268431663513,0.4000000059604645,False,False,1
2213,layer3.conv1,element,0,"(10, 3, 25)",0,0.0,False,0.91,0.0,False,,54,-6.0,-7.0,0.22239232063293457,0.1666666716337204,False,False,1
2214,layer3.conv2,element,2,"(95, 24, 17)",0,0.0,False,0.91,0.0,False,,14,1.5,0.75,1.0,0.5,False,False,1
2215,layer3.conv2,element,2,"(73, 40, 29)",0,0.0,False,0.91,0.0,False,,45,-1.25,-0.625,1.0,0.5,False,False,1
2216,layer1.conv2,element,3,"(25, 2, 5)",0,0.0,False,0.91,0.0,False,,58,-12.0,-3.0,2.0,0.75,False,False,1
2217,layer3.conv2,element,4,"(116, 17, 14)",0,0.0,False,0.91,0.0,False,,26,12.0,0.75,4.0,0.9375,False,False,1
2218,layer3.conv1,element,3,"(54, 23, 3)",0,0.0,False,0.91,0.0,False,,13,1.25,0.3125,2.0,0.75,False,False,1
2219,layer3.conv1,element,2,"(21, 11, 14)",0,0.0,False,0.91,0.0,False,,20,4.0,2.0,1.0,0.5,False,False,1
2220,layer2.conv2,element,5,"(19, 13, 1)",0,0.0,False,0.91,0.0,False,,56,-8.0,8.0,0.0,2.0,True,False,1
2221,layer2.conv2,element,4,"(19, 3, 19)",0,0.0,False,0.91,0.0,False,,17,2.5,0.0625,5.321928024291992,0.9750000238418579,False,False,1
2222,layer3.conv2,element,1,"(183, 37, 27)",0,0.0,False,0.91,0.0,False,,22,6.0,4.0,0.5849626064300537,0.3333333432674408,False,False,1
2223,layer3.conv2,element,3,"(136, 7, 21)",0,0.0,False,0.91,0.0,False,,23,7.0,28.0,2.0,3.0,False,False,1
2224,layer3.conv1,element,0,"(156, 3, 4)",0,0.0,False,0.91,0.0,False,,13,1.25,1.0,0.32192808389663696,0.20000000298023224,False,False,1
2225,layer3.conv1,element,2,"(145, 1, 11)",0,0.0,False,0.91,0.0,False,,36,-0.25,-0.0,inf,1.0,False,False,1
2226,layer2.conv1,element,4,"(84, 10, 3)",0,0.0,False,0.91,0.0,False,,56,-8.0,-0.5,4.0,0.9375,False,False,1
2227,layer1.conv2,element,4,"(39, 11, 6)",0,0.0,False,0.91,0.0,False,,59,-14.0,-0.875,4.0,0.9375,False,False,1
2228,layer3.conv1,element,5,"(99, 24, 19)",1,0.005,True,0.905,0.0050000000000000044,False,,57,-10.0,10.0,0.0,2.0,True,False,1
2229,layer3.conv1,element,1,"(11, 21, 5)",0,0.0,False,0.91,0.0,False,,28,16.0,24.0,0.5849623680114746,0.5,False,False,1
2230,layer3.conv1,element,0,"(37, 2, 20)",0,0.0,False,0.91,0.0,False,,58,-12.0,-14.0,0.22239232063293457,0.1666666716337204,False,False,1
2231,layer3.conv1,element,2,"(130, 20, 19)",0,0.0,False,0.91,0.0,False,,28,16.0,8.0,1.0,0.5,False,False,1
2232,layer3.conv2,element,0,"(71, 9, 30)",0,0.0,False,0.91,0.0,False,,29,20.0,16.0,0.3219280242919922,0.20000000298023224,False,False,1
2233,layer3.conv2,element,0,"(154, 38, 31)",0,0.0,False,0.91,0.0,False,,48,-2.0,-2.5,0.32192814350128174,0.25,False,False,1
2234,layer3.conv2,element,2,"(161, 2, 23)",0,0.0,False,0.91,0.0,False,,26,12.0,24.0,0.9999997615814209,1.0,False,False,1
2235,layer3.conv2,element,2,"(91, 42, 31)",0,0.0,False,0.91,0.0,False,,50,-3.0,-6.0,1.0000001192092896,1.0,False,False,1
2236,layer3.conv1,element,5,"(170, 3, 29)",0,0.0,False,0.91,0.0,False,,19,3.5,-3.5,0.0,2.0,True,False,1
2237,layer3.conv1,element,4,"(48, 7, 1)",0,0.0,False,0.91,0.0,False,,22,6.0,0.375,4.0,0.9375,False,False,1
2238,layer3.conv2,element,5,"(82, 19, 11)",0,0.0,False,0.91,0.0,False,,56,-8.0,8.0,0.0,2.0,True,False,1
2239,layer2.conv2,element,0,"(14, 5, 29)",0,0.0,False,0.91,0.0,False,,40,-0.5,-0.625,0.32192808389663696,0.25,False,False,1
2240,layer3.conv2,element,2,"(186, 36, 28)",0,0.0,False,0.91,0.0,False,,25,10.0,20.0,1.0,1.0,False,False,1
2241,layer2.conv1,element,5,"(72, 3, 30)",1,0.005,True,0.905,0.0050000000000000044,False,,20,4.0,-4.0,0.0,2.0,True,False,1
2242,layer3.conv2,element,1,"(171, 44, 22)",0,0.0,False,0.91,0.0,False,,21,5.0,7.0,0.4854269027709961,0.4000000059604645,False,False,1
2243,layer3.conv2,element,3,"(88, 25, 2)",0,0.0,False,0.91,0.0,False,,27,14.0,3.5,2.0,0.75,False,False,1
2244,layer3.conv2,element,2,"(158, 29, 22)",0,0.0,False,0.91,0.0,False,,24,8.0,16.0,1.0,1.0,False,False,1
2245,layer3.conv1,element,0,"(16, 1, 1)",0,0.0,False,0.91,0.0,False,,53,-5.0,-4.0,0.3219280242919922,0.20000000298023224,False,False,1
2246,layer3.conv2,element,5,"(89, 43, 0)",0,0.0,False,0.91,0.0,False,,22,6.0,-6.0,0.0,2.0,True,False,1
2247,layer3.conv2,element,5,"(97, 2, 20)",0,0.0,False,0.91,0.0,False,,20,4.0,-4.0,0.0,2.0,True,False,1
2248,layer2.conv2,element,4,"(11, 1, 15)",0,0.0,False,0.91,0.0,False,,55,-7.0,-0.4375,4.0,0.9375,False,False,1
2249,layer3.conv2,element,2,"(136, 38, 15)",0,0.0,False,0.91,0.0,False,,55,-7.0,-3.5,1.0,0.5,False,False,1
2250,layer3.conv2,element,2,"(158, 5, 12)",0,0.0,False,0.91,0.0,False,,46,-1.5,-0.75,1.0,0.5,False,False,1
2251,layer3.conv2,element,5,"(154, 43, 31)",0,0.0,False,0.91,0.0,False,,29,20.0,-20.0,0.0,2.0,True,False,1
2252,layer1.conv2,element,4,"(1, 10, 14)",0,0.0,False,0.91,0.0,False,,23,7.0,0.4375,4.0,0.9375,False,False,1
2253,layer3.conv2,element,0,"(88, 7, 26)",0,0.0,False,0.91,0.0,False,,46,-1.5,-1.75,0.22239243984222412,0.1666666716337204,False,False,1
2254,layer3.conv2,element,1,"(5, 43, 7)",0,0.0,False,0.91,0.0,False,,53,-5.0,-7.0,0.4854269027709961,0.4000000059604645,False,False,1
2255,layer3.conv2,element,4,"(56, 52, 10)",0,0.0,False,0.91,0.0,False,,33,-0.0625,-2.5,5.321928024291992,39.0,False,False,1
2256,layer3.conv2,element,5,"(166, 22, 6)",0,0.0,False,0.91,0.0,False,,60,-16.0,16.0,0.0,2.0,True,False,1
2257,layer1.conv1,element,2,"(16, 10, 17)",2,0.01,True,0.9,0.010000000000000009,False,,25,10.0,20.0,1.0,1.0,False,False,1
2258,layer3.conv1,element,5,"(26, 19, 23)",0,0.0,False,0.91,0.0,False,,27,14.0,-14.0,0.0,2.0,True,False,1
2259,layer3.conv2,element,3,"(190, 36, 31)",0,0.0,False,0.91,0.0,False,,55,-7.0,-28.0,2.0,3.0,False,False,1
2260,layer3.conv2,element,5,"(86, 4, 6)",0,0.0,False,0.91,0.0,False,,33,-0.0625,0.0625,0.0,2.0,True,False,1
2261,layer3.conv2,element,1,"(182, 43, 17)",0,0.0,False,0.91,0.0,False,,8,0.5,0.75,0.5849624872207642,0.5,False,False,1
2262,layer3.conv2,element,2,"(2, 33, 29)",0,0.0,False,0.91,0.0,False,,50,-3.0,-6.0,1.0000001192092896,1.0,False,False,1
2263,layer3.conv2,element,3,"(92, 52, 7)",0,0.0,False,0.91,0.0,False,,25,10.0,2.5,1.9999998807907104,0.75,False,False,1
2264,layer3.conv1,element,1,"(31, 0, 4)",0,0.0,False,0.91,0.0,False,,48,-2.0,-3.0,0.5849624872207642,0.5,False,False,1
2265,layer3.conv1,element,5,"(148, 22, 23)",0,0.0,False,0.91,0.0,False,,47,-1.75,1.75,0.0,2.0,True,False,1
2266,layer2.conv2,element,2,"(56, 22, 6)",0,0.0,False,0.91,0.0,False,,23,7.0,3.5,1.0,0.5,False,False,1
2267,layer3.conv2,element,1,"(3, 26, 16)",0,0.0,False,0.91,0.0,False,,54,-6.0,-4.0,0.5849626064300537,0.3333333432674408,False,False,1
2268,layer3.conv1,element,4,"(92, 1, 2)",0,0.0,False,0.91,0.0,False,,59,-14.0,-0.875,4.0,0.9375,False,False,1
2269,layer3.conv2,element,0,"(181, 33, 25)",0,0.0,False,0.91,0.0,False,,52,-4.0,-5.0,0.3219280242919922,0.25,False,False,1
2270,layer3.conv1,element,4,"(158, 25, 3)",0,0.0,False,0.91,0.0,False,,52,-4.0,-0.25,4.0,0.9375,False,False,1
2271,layer3.conv2,element,3,"(74, 12, 11)",0,0.0,False,0.91,0.0,False,,11,0.875,0.1875,2.2223923206329346,0.7857142686843872,False,False,1
2272,layer3.conv2,element,2,"(187, 34, 14)",0,0.0,False,0.91,0.0,False,,27,14.0,28.0,1.0,1.0,False,False,1
2273,layer3.shortcut.0,element,3,"(147, 1, 14)",0,0.0,False,0.91,0.0,False,,37,-0.3125,-1.25,2.0,3.0,False,False,1
2274,layer3.conv1,element,5,"(27, 5, 2)",0,0.0,False,0.91,0.0,False,,55,-7.0,7.0,0.0,2.0,True,False,1
2275,layer3.conv2,element,2,"(99, 12, 31)",0,0.0,False,0.91,0.0,False,,52,-4.0,-2.0,1.0,0.5,False,False,1
2276,layer3.conv2,element,5,"(188, 27, 7)",0,0.0,False,0.91,0.0,False,,24,8.0,-8.0,0.0,2.0,True,False,1
2277,layer3.conv2,element,4,"(64, 40, 15)",0,0.0,False,0.91,0.0,False,,62,-24.0,-1.5,4.0,0.9375,False,False,1
2278,layer3.shortcut.0,element,4,"(62, 1, 7)",0,0.0,False,0.91,0.0,False,,60,-16.0,-1.0,4.0,0.9375,False,False,1
2279,layer1.conv1,element,1,"(47, 10, 10)",0,0.0,False,0.91,0.0,False,,21,5.0,7.0,0.4854269027709961,0.4000000059604645,False,False,1
2280,layer3.conv1,element,0,"(2, 10, 2)",0,0.0,False,0.91,0.0,False,,62,-24.0,-28.0,0.22239255905151367,0.1666666716337204,False,False,1
2281,layer3.conv2,element,5,"(184, 39, 10)",0,0.0,False,0.91,0.0,False,,24,8.0,-8.0,0.0,2.0,True,False,1
2282,layer2.conv2,element,1,"(36, 8, 24)",0,0.0,False,0.91,0.0,False,,61,-20.0,-28.0,0.4854269027709961,0.4000000059604645,False,False,1
2283,layer2.conv1,element,4,"(89, 5, 14)",0,0.0,False,0.91,0.0,False,,26,12.0,0.75,4.0,0.9375,False,False,1
2284,layer3.conv2,element,0,"(4, 32, 5)",0,0.0,False,0.91,0.0,False,,29,20.0,16.0,0.3219280242919922,0.20000000298023224,False,False,1
2285,layer1.conv2,element,5,"(19, 11, 1)",1,0.005,True,0.905,0.0050000000000000044,False,,58,-12.0,12.0,0.0,2.0,True,False,1
2286,layer3.conv2,element,2,"(156, 11, 5)",0,0.0,False,0.91,0.0,False,,45,-1.25,-0.625,1.0,0.5,False,False,1
2287,layer3.conv2,element,2,"(36, 49, 3)",0,0.0,False,0.91,0.0,False,,52,-4.0,-2.0,1.0,0.5,False,False,1
2288,layer3.conv2,element,0,"(36, 32, 17)",0,0.0,False,0.91,0.0,False,,22,6.0,7.0,0.22239232063293457,0.1666666716337204,False,False,1
2289,layer1.conv1,element,4,"(30, 7, 14)",0,0.0,False,0.91,0.0,False,,49,-2.5,-0.0625,5.321928024291992,0.9750000238418579,False,False,1
2290,layer3.conv2,element,5,"(141, 12, 31)",0,0.0,False,0.91,0.0,False,,52,-4.0,4.0,0.0,2.0,True,False,1
2291,layer2.conv2,element,1,"(85, 25, 29)",0,0.0,False,0.91,0.0,False,,26,12.0,8.0,0.5849626064300537,0.3333333432674408,False,False,1
2292,layer2.conv1,element,0,"(72, 4, 14)",1,0.005,True,0.905,0.0050000000000000044,False,,29,20.0,16.0,0.3219280242919922,0.20000000298023224,False,False,1
2293,layer3.conv2,element,5,"(38, 37, 21)",0,0.0,False,0.91,0.0,False,,58,-12.0,12.0,0.0,2.0,True,False,1
2294,layer2.conv1,element,5,"(94, 0, 21)",0,0.0,False,0.91,0.0,False,,61,-20.0,20.0,0.0,2.0,True,False,1
2295,layer2.conv1,scale,3,"(2, 8)",92,0.46,True,0.525,0.385,False,,119,119.0,127.0,8.0,inf,False,False,32
2296,layer3.conv1,element,3,"(89, 16, 18)",0,0.0,False,0.91,0.0,False,,16,2.0,8.0,2.0,3.0,False,False,1
2297,layer3.conv2,element,3,"(96, 13, 7)",0,0.0,False,0.91,0.0,False,,26,12.0,3.0,2.0,0.75,False,False,1
2298,layer3.conv1,scale,4,"(4, 14)",0,0.0,False,0.91,0.0,False,,118,118.0,102.0,16.0,inf,False,False,32
2299,layer3.conv2,element,4,"(184, 24, 6)",0,0.0,False,0.91,0.0,False,,49,-2.5,-0.0625,5.321928024291992,0.9750000238418579,False,False,1
2300,layer3.conv1,element,2,"(28, 3, 14)",1,0.005,True,0.905,0.0050000000000000044,False,,27,14.0,28.0,1.0,1.0,False,False,1
2301,layer2.conv2,element,1,"(24, 21, 14)",0,0.0,False,0.91,0.0,False,,3,0.1875,0.0625,1.5849626064300537,0.6666666865348816,False,False,1
2302,layer2.conv1,element,2,"(54, 10, 19)",1,0.005,True,0.905,0.0050000000000000044,False,,30,24.0,12.0,0.9999997615814209,0.5,False,False,1
2303,layer3.conv2,element,1,"(172, 11, 15)",0,0.0,False,0.91,0.0,False,,29,20.0,28.0,0.4854269027709961,0.4000000059604645,False,False,1
2304,layer3.conv2,element,5,"(4, 32, 2)",0,0.0,False,0.91,0.0,False,,49,-2.5,2.5,0.0,2.0,True,False,1
2305,layer3.conv2,element,2,"(6, 44, 11)",0,0.0,False,0.91,0.0,False,,57,-10.0,-20.0,1.0,1.0,False,False,1
2306,layer3.conv2,element,0,"(189, 41, 25)",0,0.0,False,0.91,0.0,False,,12,1.0,1.25,0.32192808389663696,0.25,False,False,1
2307,layer2.conv2,element,2,"(37, 6, 1)",0,0.0,False,0.91,0.0,False,,18,3.0,6.0,1.0000001192092896,1.0,False,False,1
2308,layer3.shortcut.0,element,4,"(77, 1, 8)",0,0.0,False,0.91,0.0,False,,21,5.0,0.3125,4.0,0.9375,False,False,1
2309,layer2.conv1,element,5,"(64, 10, 17)",0,0.0,False,0.91,0.0,False,,48,-2.0,2.0,0.0,2.0,True,False,1
2310,layer3.conv2,element,2,"(188, 34, 29)",0,0.0,False,0.91,0.0,False,,60,-16.0,-8.0,1.0,0.5,False,False,1
2311,layer3.conv1,element,3,"(78, 15, 17)",0,0.0,False,0.91,0.0,False,,57,-10.0,-2.5,1.9999998807907104,0.75,False,False,1
2312,layer3.conv1,scale,1,"(165, 24)",0,0.0,False,0.91,0.0,False,,119,119.0,117.0,2.0,inf,False,False,32
2313,layer3.conv2,element,5,"(149, 17, 26)",0,0.0,False,0.91,0.0,False,,7,0.4375,-0.4375,0.0,2.0,True,False,1
2314,layer3.conv2,element,2,"(179, 14, 29)",0,0.0,False,0.91,0.0,False,,26,12.0,24.0,0.9999997615814209,1.0,False,False,1
2315,layer3.conv2,element,5,"(80, 16, 6)",0,0.0,False,0.91,0.0,False,,58,-12.0,12.0,0.0,2.0,True,False,1
2316,layer1.conv2,element,2,"(47, 2, 30)",0,0.0,False,0.91,0.0,False,,58,-12.0,-24.0,0.9999997615814209,1.0,False,False,1
2317,layer3.conv1,element,5,"(66, 9, 6)",0,0.0,False,0.91,0.0,False,,24,8.0,-8.0,0.0,2.0,True,False,1
2318,layer3.conv2,element,0,"(47, 0, 13)",0,0.0,False,0.91,0.0,False,,59,-14.0,-12.0,0.22239232063293457,0.1428571492433548,False,False,1
2319,layer3.conv2,element,2,"(51, 22, 2)",0,0.0,False,0.91,0.0,False,,21,5.0,2.5,0.9999998807907104,0.5,False,False,1
2320,layer3.conv1,element,1,"(102, 12, 31)",0,0.0,False,0.91,0.0,False,,21,5.0,7.0,0.4854269027709961,0.4000000059604645,False,False,1
2321,layer2.conv2,element,2,"(1, 4, 11)",0,0.0,False,0.91,0.0,False,,56,-8.0,-16.0,1.0,1.0,False,False,1
2322,layer3.conv1,element,1,"(128, 26, 1)",0,0.0,False,0.91,0.0,False,,17,2.5,3.5,0.48542678356170654,0.4000000059604645,False,False,1
2323,layer3.conv1,element,3,"(3, 7, 1)",0,0.0,False,0.91,0.0,False,,49,-2.5,-10.0,1.9999998807907104,3.0,False,False,1
2324,layer3.conv1,element,3,"(108, 10, 31)",0,0.0,False,0.91,0.0,False,,56,-8.0,-2.0,2.0,0.75,False,False,1
2325,layer2.conv2,element,5,"(58, 21, 1)",0,0.0,False,0.91,0.0,False,,21,5.0,-5.0,0.0,2.0,True,False,1
2326,layer3.conv1,scale,0,"(156, 1)",0,0.0,False,0.91,0.0,False,,118,118.0,119.0,1.0,inf,False,False,32
2327,layer3.conv2,element,2,"(146, 13, 27)",0,0.0,False,0.91,0.0,False,,54,-6.0,-3.0,1.0000001192092896,0.5,False,False,1
2328,layer3.conv2,element,4,"(11, 39, 21)",0,0.0,False,0.91,0.0,False,,56,-8.0,-0.5,4.0,0.9375,False,False,1
2329,layer3.conv2,element,4,"(66, 36, 10)",0,0.0,False,0.91,0.0,False,,20,4.0,0.25,4.0,0.9375,False,False,1
2330,layer3.conv2,element,5,"(180, 30, 14)",0,0.0,False,0.91,0.0,False,,11,0.875,-0.875,0.0,2.0,True,False,1
2331,layer3.conv2,element,2,"(62, 0, 6)",0,0.0,False,0.91,0.0,False,,25,10.0,20.0,1.0,1.0,False,False,1
2332,layer3.conv2,element,3,"(88, 49, 11)",0,0.0,False,0.91,0.0,False,,30,24.0,6.0,1.999999761581421,0.75,False,False,1
2333,layer3.conv2,element,3,"(94, 38, 19)",0,0.0,False,0.91,0.0,False,,54,-6.0,-24.0,1.999999761581421,3.0,False,False,1
2334,layer3.conv2,element,2,"(146, 24, 26)",0,0.0,False,0.91,0.0,False,,63,-28.0,-14.0,1.0,0.5,False,False,1
2335,layer1.conv1,element,4,"(42, 9, 31)",1,0.005,True,0.905,0.0050000000000000044,False,,21,5.0,0.3125,4.0,0.9375,False,False,1
2336,layer3.conv2,element,4,"(17, 1, 30)",0,0.0,False,0.91,0.0,False,,56,-8.0,-0.5,4.0,0.9375,False,False,1
2337,layer3.conv2,element,2,"(82, 9, 16)",0,0.0,False,0.91,0.0,False,,56,-8.0,-16.0,1.0,1.0,False,False,1
2338,layer2.conv1,element,4,"(52, 7, 1)",0,0.0,False,0.91,0.0,False,,50,-3.0,-0.125,4.584962368011475,0.9583333134651184,False,False,1
2339,layer3.conv2,element,0,"(180, 51, 4)",0,0.0,False,0.91,0.0,False,,24,8.0,10.0,0.3219280242919922,0.25,False,False,1
2340,layer3.conv2,element,1,"(60, 46, 2)",0,0.0,False,0.91,0.0,False,,27,14.0,10.0,0.4854269027709961,0.2857142984867096,False,False,1
2341,layer3.conv2,element,5,"(87, 8, 4)",1,0.005,True,0.905,0.0050000000000000044,False,,59,-14.0,14.0,0.0,2.0,True,False,1
2342,layer2.conv2,element,4,"(3, 24, 13)",1,0.005,True,0.905,0.0050000000000000044,False,,53,-5.0,-0.3125,4.0,0.9375,False,False,1
2343,layer2.conv2,element,0,"(6, 7, 17)",0,0.0,False,0.91,0.0,False,,7,0.4375,0.375,0.22239243984222412,0.1428571492433548,False,False,1
2344,layer3.conv1,scale,7,"(175, 9)",200,1.0,True,0.0,0.91,True,,119,119.0,247.0,128.0,inf,False,False,32
2345,layer2.conv2,element,0,"(54, 14, 23)",0,0.0,False,0.91,0.0,False,,9,0.625,0.5,0.32192808389663696,0.20000000298023224,False,False,1
2346,layer3.conv2,element,3,"(42, 4, 10)",0,0.0,False,0.91,0.0,False,,56,-8.0,-2.0,2.0,0.75,False,False,1
2347,layer3.conv2,element,0,"(26, 5, 17)",0,0.0,False,0.91,0.0,False,,15,1.75,1.5,0.22239243984222412,0.1428571492433548,False,False,1
2348,layer3.conv2,element,3,"(60, 48, 10)",0,0.0,False,0.91,0.0,False,,57,-10.0,-2.5,1.9999998807907104,0.75,False,False,1
2349,layer3.conv2,element,1,"(50, 20, 7)",0,0.0,False,0.91,0.0,False,,58,-12.0,-8.0,0.5849626064300537,0.3333333432674408,False,False,1
2350,layer3.conv2,element,4,"(189, 27, 17)",0,0.0,False,0.91,0.0,False,,44,-1.0,-16.0,4.0,15.0,False,False,1
2351,layer3.conv2,element,2,"(13, 26, 11)",0,0.0,False,0.91,0.0,False,,15,1.75,0.875,1.0,0.5,False,False,1
2352,layer3.conv2,element,0,"(122, 7, 13)",0,0.0,False,0.91,0.0,False,,59,-14.0,-12.0,0.22239232063293457,0.1428571492433548,False,False,1
2353,layer3.conv1,element,1,"(151, 19, 0)",0,0.0,False,0.91,0.0,False,,63,-28.0,-20.0,0.4854269027709961,0.2857142984867096,False,False,1
2354,layer3.conv1,element,2,"(99, 2, 5)",0,0.0,False,0.91,0.0,False,,53,-5.0,-2.5,0.9999998807907104,0.5,False,False,1
2355,layer3.conv1,element,0,"(7, 2, 2)",0,0.0,False,0.91,0.0,False,,58,-12.0,-14.0,0.22239232063293457,0.1666666716337204,False,False,1
2356,layer3.conv1,element,1,"(12, 19, 7)",0,0.0,False,0.91,0.0,False,,27,14.0,10.0,0.4854269027709961,0.2857142984867096,False,False,1
2357,layer3.conv2,element,3,"(61, 22, 14)",0,0.0,False,0.91,0.0,False,,57,-10.0,-2.5,1.9999998807907104,0.75,False,False,1
2358,layer3.conv1,element,1,"(26, 17, 30)",0,0.0,False,0.91,0.0,False,,29,20.0,28.0,0.4854269027709961,0.4000000059604645,False,False,1
2359,layer2.conv2,element,2,"(65, 1, 27)",1,0.005,True,0.905,0.0050000000000000044,False,,56,-8.0,-16.0,1.0,1.0,False,False,1
2360,layer3.conv1,element,4,"(162, 23, 20)",1,0.005,True,0.905,0.0050000000000000044,False,,11,0.875,14.0,4.0,15.0,False,False,1
2361,layer3.conv1,element,1,"(82, 19, 25)",0,0.0,False,0.91,0.0,False,,60,-16.0,-24.0,0.5849623680114746,0.5,False,False,1
2362,layer2.conv2,element,0,"(53, 16, 17)",0,0.0,False,0.91,0.0,False,,25,10.0,8.0,0.3219280242919922,0.20000000298023224,False,False,1
2363,layer3.conv2,scale,1,"(41, 38)",0,0.0,False,0.91,0.0,False,,120,120.0,122.0,2.0,inf,False,False,32
2364,layer3.conv2,element,0,"(84, 50, 23)",0,0.0,False,0.91,0.0,False,,43,-0.875,-0.75,0.22239243984222412,0.1428571492433548,False,False,1
2365,layer3.conv1,element,5,"(113, 18, 24)",0,0.0,False,0.91,0.0,False,,19,3.5,-3.5,0.0,2.0,True,False,1
2366,layer3.conv2,element,1,"(179, 17, 29)",0,0.0,False,0.91,0.0,False,,18,3.0,2.0,0.5849624872207642,0.3333333432674408,False,False,1
2367,layer3.conv1,element,3,"(159, 12, 31)",0,0.0,False,0.91,0.0,False,,51,-3.5,-14.0,2.0,3.0,False,False,1
2368,layer3.conv2,element,4,"(18, 38, 0)",1,0.005,True,0.905,0.0050000000000000044,False,,27,14.0,0.875,4.0,0.9375,False,False,1
2369,layer2.shortcut.0,element,2,"(70, 1, 0)",1,0.005,True,0.905,0.0050000000000000044,False,,29,20.0,10.0,1.0,0.5,False,False,1
2370,layer3.conv1,element,2,"(124, 6, 30)",0,0.0,False,0.91,0.0,False,,47,-1.75,-0.875,1.0,0.5,False,False,1
2371,layer1.conv1,element,1,"(47, 11, 10)",0,0.0,False,0.91,0.0,False,,23,7.0,5.0,0.4854269027709961,0.2857142984867096,False,False,1
2372,layer3.conv2,scale,0,"(67, 39)",0,0.0,False,0.91,0.0,False,,121,121.0,120.0,1.0,inf,False,False,32
2373,layer3.conv2,element,3,"(30, 16, 28)",0,0.0,False,0.91,0.0,False,,57,-10.0,-2.5,1.9999998807907104,0.75,False,False,1
2374,layer3.conv1,element,3,"(131, 18, 1)",0,0.0,False,0.91,0.0,False,,51,-3.5,-14.0,2.0,3.0,False,False,1
2375,layer3.conv1,element,3,"(65, 19, 19)",0,0.0,False,0.91,0.0,False,,26,12.0,3.0,2.0,0.75,False,False,1
2376,layer3.conv2,element,1,"(42, 40, 17)",0,0.0,False,0.91,0.0,False,,18,3.0,2.0,0.5849624872207642,0.3333333432674408,False,False,1
2377,layer2.conv2,element,0,"(75, 19, 21)",0,0.0,False,0.91,0.0,False,,25,10.0,8.0,0.3219280242919922,0.20000000298023224,False,False,1
2378,layer3.conv2,element,3,"(141, 39, 2)",0,0.0,False,0.91,0.0,False,,53,-5.0,-20.0,2.0,3.0,False,False,1
2379,layer2.conv1,element,2,"(29, 9, 17)",0,0.0,False,0.91,0.0,False,,56,-8.0,-16.0,1.0,1.0,False,False,1
2380,layer3.conv1,element,5,"(134, 7, 13)",0,0.0,False,0.91,0.0,False,,23,7.0,-7.0,0.0,2.0,True,False,1
2381,layer3.conv2,element,0,"(185, 7, 2)",0,0.0,False,0.91,0.0,False,,61,-20.0,-16.0,0.3219280242919922,0.20000000298023224,False,False,1
2382,layer3.conv1,element,1,"(61, 5, 31)",0,0.0,False,0.91,0.0,False,,58,-12.0,-8.0,0.5849626064300537,0.3333333432674408,False,False,1
2383,layer3.conv2,element,4,"(82, 33, 17)",0,0.0,False,0.91,0.0,False,,25,10.0,0.625,4.0,0.9375,False,False,1
2384,layer3.conv1,element,4,"(124, 21, 9)",0,0.0,False,0.91,0.0,False,,46,-1.5,-24.0,4.0,15.0,False,False,1
2385,layer3.conv2,element,1,"(78, 14, 19)",0,0.0,False,0.91,0.0,False,,15,1.75,1.25,0.4854268431663513,0.2857142984867096,False,False,1
2386,layer2.conv1,element,3,"(92, 6, 2)",0,0.0,False,0.91,0.0,False,,61,-20.0,-5.0,2.0,0.75,False,False,1
2387,layer3.conv2,element,2,"(97, 30, 25)",0,0.0,False,0.91,0.0,False,,17,2.5,5.0,0.9999998807907104,1.0,False,False,1
2388,layer3.conv2,element,3,"(149, 20, 29)",0,0.0,False,0.91,0.0,False,,49,-2.5,-10.0,1.9999998807907104,3.0,False,False,1
2389,layer3.conv2,element,5,"(53, 28, 4)",0,0.0,False,0.91,0.0,False,,49,-2.5,2.5,0.0,2.0,True,False,1
2390,layer3.conv2,element,2,"(179, 33, 20)",0,0.0,False,0.91,0.0,False,,49,-2.5,-5.0,0.9999998807907104,1.0,False,False,1
2391,layer3.conv2,element,2,"(93, 39, 22)",0,0.0,False,0.91,0.0,False,,18,3.0,6.0,1.0000001192092896,1.0,False,False,1
2392,layer2.conv2,element,5,"(62, 21, 1)",1,0.005,True,0.905,0.0050000000000000044,False,,57,-10.0,10.0,0.0,2.0,True,False,1
2393,layer3.conv2,element,1,"(165, 8, 26)",0,0.0,False,0.91,0.0,False,,17,2.5,3.5,0.48542678356170654,0.4000000059604645,False,False,1
2394,layer3.conv1,element,5,"(10, 18, 24)",0,0.0,False,0.91,0.0,False,,21,5.0,-5.0,0.0,2.0,True,False,1
2395,layer3.conv2,element,4,"(185, 5, 19)",0,0.0,False,0.91,0.0,False,,41,-0.625,-10.0,4.0,15.0,False,False,1
2396,layer3.conv2,element,2,"(172, 4, 13)",0,0.0,False,0.91,0.0,False,,59,-14.0,-28.0,1.0,1.0,False,False,1
2397,layer2.conv2,element,5,"(32, 8, 29)",1,0.005,True,0.905,0.0050000000000000044,False,,60,-16.0,16.0,0.0,2.0,True,False,1
2398,layer3.conv2,element,5,"(140, 44, 27)",0,0.0,False,0.91,0.0,False,,47,-1.75,1.75,0.0,2.0,True,False,1
2399,layer3.conv1,element,3,"(155, 10, 28)",0,0.0,False,0.91,0.0,False,,22,6.0,24.0,1.999999761581421,3.0,False,False,1
2400,layer3.conv2,element,3,"(23, 27, 3)",0,0.0,False,0.91,0.0,False,,52,-4.0,-16.0,2.0,3.0,False,False,1
2401,layer2.conv1,element,2,"(1, 5, 9)",1,0.005,True,0.905,0.0050000000000000044,False,,61,-20.0,-10.0,1.0,0.5,False,False,1
2402,layer3.conv2,element,0,"(107, 49, 25)",0,0.0,False,0.91,0.0,False,,26,12.0,14.0,0.22239232063293457,0.1666666716337204,False,False,1
2403,layer2.conv1,element,1,"(10, 10, 30)",0,0.0,False,0.91,0.0,False,,59,-14.0,-10.0,0.4854269027709961,0.2857142984867096,False,False,1
2404,layer2.conv2,element,2,"(13, 19, 21)",0,0.0,False,0.91,0.0,False,,19,3.5,7.0,1.0,1.0,False,False,1
2405,layer2.conv2,element,4,"(49, 24, 28)",0,0.0,False,0.91,0.0,False,,20,4.0,0.25,4.0,0.9375,False,False,1
2406,layer3.conv2,element,5,"(40, 28, 25)",0,0.0,False,0.91,0.0,False,,56,-8.0,8.0,0.0,2.0,True,False,1
2407,layer3.shortcut.0,element,1,"(27, 2, 20)",0,0.0,False,0.91,0.0,False,,29,20.0,28.0,0.4854269027709961,0.4000000059604645,False,False,1
2408,layer3.conv1,element,1,"(148, 3, 30)",0,0.0,False,0.91,0.0,False,,61,-20.0,-28.0,0.4854269027709961,0.4000000059604645,False,False,1
2409,layer2.conv2,element,4,"(56, 5, 18)",0,0.0,False,0.91,0.0,False,,26,12.0,0.75,4.0,0.9375,False,False,1
2410,layer3.conv2,element,4,"(84, 35, 24)",0,0.0,False,0.91,0.0,False,,56,-8.0,-0.5,4.0,0.9375,False,False,1
2411,layer2.conv1,element,5,"(56, 2, 19)",0,0.0,False,0.91,0.0,False,,53,-5.0,5.0,0.0,2.0,True,False,1
2412,layer3.conv2,element,0,"(15, 47, 9)",0,0.0,False,0.91,0.0,False,,56,-8.0,-10.0,0.3219280242919922,0.25,False,False,1
2413,layer3.conv1,element,3,"(112, 26, 19)",0,0.0,False,0.91,0.0,False,,56,-8.0,-2.0,2.0,0.75,False,False,1
2414,layer3.conv2,element,1,"(167, 24, 7)",0,0.0,False,0.91,0.0,False,,58,-12.0,-8.0,0.5849626064300537,0.3333333432674408,False,False,1
2415,layer3.conv1,element,4,"(147, 11, 15)",0,0.0,False,0.91,0.0,False,,25,10.0,0.625,4.0,0.9375,False,False,1
2416,layer3.conv2,element,5,"(77, 49, 17)",0,0.0,False,0.91,0.0,False,,48,-2.0,2.0,0.0,2.0,True,False,1
2417,layer2.shortcut.0,scale,2,"(75, 1)",5,0.025,True,0.9,0.010000000000000009,False,,120,120.0,124.0,4.0,inf,False,False,32
2418,layer3.conv2,element,1,"(41, 37, 27)",0,0.0,False,0.91,0.0,False,,22,6.0,4.0,0.5849626064300537,0.3333333432674408,False,False,1
2419,layer3.conv2,element,1,"(50, 32, 19)",0,0.0,False,0.91,0.0,False,,51,-3.5,-2.5,0.48542678356170654,0.2857142984867096,False,False,1
2420,layer3.conv1,element,0,"(28, 0, 11)",0,0.0,False,0.91,0.0,False,,49,-2.5,-2.0,0.32192814350128174,0.20000000298023224,False,False,1
2421,layer2.conv2,element,3,"(61, 5, 6)",0,0.0,False,0.91,0.0,False,,18,3.0,12.0,2.0,3.0,False,False,1
2422,layer3.conv2,element,4,"(175, 0, 2)",0,0.0,False,0.91,0.0,False,,27,14.0,0.875,4.0,0.9375,False,False,1
2423,layer3.conv2,element,4,"(9, 38, 9)",0,0.0,False,0.91,0.0,False,,21,5.0,0.3125,4.0,0.9375,False,False,1
2424,layer2.conv1,element,5,"(70, 7, 15)",0,0.0,False,0.91,0.0,False,,21,5.0,-5.0,0.0,2.0,True,False,1
2425,layer3.conv2,element,1,"(111, 10, 27)",0,0.0,False,0.91,0.0,False,,18,3.0,2.0,0.5849624872207642,0.3333333432674408,False,False,1
2426,layer3.conv1,element,2,"(108, 21, 21)",0,0.0,False,0.91,0.0,False,,55,-7.0,-3.5,1.0,0.5,False,False,1
2427,layer3.conv1,element,4,"(0, 3, 18)",0,0.0,False,0.91,0.0,False,,57,-10.0,-0.625,4.0,0.9375,False,False,1
2428,layer3.conv2,element,4,"(18, 25, 21)",0,0.0,False,0.91,0.0,False,,59,-14.0,-0.875,4.0,0.9375,False,False,1
2429,layer3.conv2,element,2,"(131, 6, 4)",0,0.0,False,0.91,0.0,False,,48,-2.0,-4.0,1.0,1.0,False,False,1
2430,layer2.conv2,element,3,"(35, 10, 31)",0,0.0,False,0.91,0.0,False,,61,-20.0,-5.0,2.0,0.75,False,False,1
2431,layer3.conv2,element,0,"(179, 21, 6)",0,0.0,False,0.91,0.0,False,,20,4.0,5.0,0.3219280242919922,0.25,False,False,1
2432,layer3.conv2,element,0,"(19, 13, 7)",0,0.0,False,0.91,0.0,False,,62,-24.0,-28.0,0.22239255905151367,0.1666666716337204,False,False,1
2433,layer2.conv1,element,5,"(39, 0, 28)",0,0.0,False,0.91,0.0,False,,51,-3.5,3.5,0.0,2.0,True,False,1
2434,layer3.conv2,element,0,"(22, 45, 2)",0,0.0,False,0.91,0.0,False,,55,-7.0,-6.0,0.22239232063293457,0.1428571492433548,False,False,1
2435,layer2.conv2,element,2,"(59, 24, 4)",0,0.0,False,0.91,0.0,False,,24,8.0,16.0,1.0,1.0,False,False,1
2436,layer2.conv2,element,4,"(30, 9, 2)",1,0.005,True,0.905,0.0050000000000000044,False,,25,10.0,0.625,4.0,0.9375,False,False,1
2437,layer3.conv1,element,5,"(98, 19, 12)",0,0.0,False,0.91,0.0,False,,54,-6.0,6.0,0.0,2.0,True,False,1
2438,layer3.conv2,element,1,"(40, 43, 11)",0,0.0,False,0.91,0.0,False,,30,24.0,16.0,0.5849623680114746,0.3333333432674408,False,False,1
2439,layer3.conv2,element,5,"(66, 53, 10)",0,0.0,False,0.91,0.0,False,,42,-0.75,0.75,0.0,2.0,True,False,1
2440,layer3.conv1,scale,0,"(10, 17)",0,0.0,False,0.91,0.0,False,,118,118.0,119.0,1.0,inf,False,False,32
2441,layer3.conv2,element,0,"(23, 8, 13)",0,0.0,False,0.91,0.0,False,,49,-2.5,-2.0,0.32192814350128174,0.20000000298023224,False,False,1
2442,layer3.conv2,element,2,"(181, 45, 15)",0,0.0,False,0.91,0.0,False,,50,-3.0,-6.0,1.0000001192092896,1.0,False,False,1
2443,layer3.conv1,element,3,"(174, 9, 4)",0,0.0,False,0.91,0.0,False,,1,0.0625,0.625,3.321928024291992,9.0,False,False,1
2444,layer2.conv2,element,5,"(20, 22, 20)",0,0.0,False,0.91,0.0,False,,57,-10.0,10.0,0.0,2.0,True,False,1
2445,layer3.conv2,element,2,"(109, 18, 0)",0,0.0,False,0.91,0.0,False,,30,24.0,12.0,0.9999997615814209,0.5,False,False,1
2446,layer3.conv2,element,2,"(146, 21, 12)",0,0.0,False,0.91,0.0,False,,55,-7.0,-3.5,1.0,0.5,False,False,1
2447,layer3.conv1,element,1,"(72, 23, 8)",0,0.0,False,0.91,0.0,False,,56,-8.0,-12.0,0.5849626064300537,0.5,False,False,1
2448,layer3.conv1,element,5,"(120, 22, 4)",0,0.0,False,0.91,0.0,False,,49,-2.5,2.5,0.0,2.0,True,False,1
2449,layer3.conv1,element,5,"(43, 1, 9)",0,0.0,False,0.91,0.0,False,,62,-24.0,24.0,0.0,2.0,True,False,1
2450,layer3.conv1,element,3,"(64, 0, 1)",0,0.0,False,0.91,0.0,False,,48,-2.0,-8.0,2.0,3.0,False,False,1
2451,layer3.conv1,element,3,"(172, 20, 7)",1,0.005,True,0.905,0.0050000000000000044,False,,61,-20.0,-5.0,2.0,0.75,False,False,1
2452,layer3.conv2,element,1,"(99, 26, 21)",0,0.0,False,0.91,0.0,False,,45,-1.25,-1.75,0.4854268431663513,0.4000000059604645,False,False,1
2453,layer2.conv2,element,2,"(88, 26, 14)",1,0.005,True,0.905,0.0050000000000000044,False,,58,-12.0,-24.0,0.9999997615814209,1.0,False,False,1
2454,layer2.conv2,element,0,"(35, 24, 0)",0,0.0,False,0.91,0.0,False,,48,-2.0,-2.5,0.32192814350128174,0.25,False,False,1
2455,layer2.conv2,element,5,"(48, 18, 5)",0,0.0,False,0.91,0.0,False,,24,8.0,-8.0,0.0,2.0,True,False,1
2456,layer2.conv2,element,1,"(58, 18, 5)",0,0.0,False,0.91,0.0,False,,56,-8.0,-12.0,0.5849626064300537,0.5,False,False,1
2457,layer3.shortcut.0,element,0,"(56, 1, 4)",0,0.0,False,0.91,0.0,False,,61,-20.0,-16.0,0.3219280242919922,0.20000000298023224,False,False,1
2458,layer3.conv2,element,2,"(47, 39, 27)",0,0.0,False,0.91,0.0,False,,55,-7.0,-3.5,1.0,0.5,False,False,1
2459,layer3.conv1,element,3,"(54, 9, 15)",1,0.005,True,0.905,0.0050000000000000044,False,,19,3.5,14.0,2.0,3.0,False,False,1
2460,layer3.conv2,element,3,"(25, 3, 21)",0,0.0,False,0.91,0.0,False,,42,-0.75,-0.125,2.5849623680114746,0.8333333134651184,False,False,1
2461,layer3.conv2,element,3,"(163, 34, 23)",0,0.0,False,0.91,0.0,False,,46,-1.5,-0.375,2.0,0.75,False,False,1
2462,layer3.conv2,element,5,"(82, 20, 13)",0,0.0,False,0.91,0.0,False,,44,-1.0,1.0,0.0,2.0,True,False,1
2463,layer3.conv2,element,5,"(69, 40, 13)",0,0.0,False,0.91,0.0,False,,46,-1.5,1.5,0.0,2.0,True,False,1
2464,layer3.conv2,scale,2,"(172, 9)",15,0.075,True,0.885,0.025000000000000022,False,,121,121.0,125.0,4.0,inf,False,False,32
2465,layer3.conv2,element,3,"(107, 40, 28)",0,0.0,False,0.91,0.0,False,,53,-5.0,-20.0,2.0,3.0,False,False,1
2466,layer3.conv2,element,2,"(69, 36, 6)",0,0.0,False,0.91,0.0,False,,45,-1.25,-0.625,1.0,0.5,False,False,1
2467,layer3.conv1,element,3,"(152, 26, 23)",0,0.0,False,0.91,0.0,False,,60,-16.0,-4.0,2.0,0.75,False,False,1
2468,layer3.conv2,element,1,"(36, 35, 10)",0,0.0,False,0.91,0.0,False,,53,-5.0,-7.0,0.4854269027709961,0.4000000059604645,False,False,1
2469,layer3.conv1,element,1,"(164, 22, 4)",0,0.0,False,0.91,0.0,False,,50,-3.0,-2.0,0.5849624872207642,0.3333333432674408,False,False,1
2470,layer2.conv2,element,2,"(75, 10, 26)",0,0.0,False,0.91,0.0,False,,17,2.5,5.0,0.9999998807907104,1.0,False,False,1
2471,layer2.conv1,element,2,"(21, 8, 16)",1,0.005,True,0.905,0.0050000000000000044,False,,58,-12.0,-24.0,0.9999997615814209,1.0,False,False,1
2472,layer3.shortcut.0,element,3,"(12, 0, 17)",0,0.0,False,0.91,0.0,False,,23,7.0,28.0,2.0,3.0,False,False,1
2473,layer3.shortcut.0,element,5,"(13, 0, 19)",1,0.005,True,0.905,0.0050000000000000044,False,,63,-28.0,28.0,0.0,2.0,True,False,1
2474,layer3.conv2,element,4,"(11, 31, 28)",0,0.0,False,0.91,0.0,False,,48,-2.0,-0.0,inf,1.0,False,False,1
2475,layer3.conv2,element,0,"(89, 14, 14)",0,0.0,False,0.91,0.0,False,,49,-2.5,-2.0,0.32192814350128174,0.20000000298023224,False,False,1
2476,layer2.conv1,element,5,"(51, 13, 5)",1,0.005,True,0.905,0.0050000000000000044,False,,25,10.0,-10.0,0.0,2.0,True,False,1
2477,layer3.conv2,element,5,"(128, 41, 30)",0,0.0,False,0.91,0.0,False,,25,10.0,-10.0,0.0,2.0,True,False,1
2478,layer3.conv1,element,3,"(123, 18, 17)",1,0.005,True,0.905,0.0050000000000000044,False,,54,-6.0,-24.0,1.999999761581421,3.0,False,False,1
2479,layer3.conv2,element,0,"(59, 8, 4)",0,0.0,False,0.91,0.0,False,,22,6.0,7.0,0.22239232063293457,0.1666666716337204,False,False,1
2480,layer3.conv1,element,0,"(185, 21, 20)",0,0.0,False,0.91,0.0,False,,28,16.0,20.0,0.3219280242919922,0.25,False,False,1
2481,layer2.conv2,element,2,"(70, 9, 20)",0,0.0,False,0.91,0.0,False,,63,-28.0,-14.0,1.0,0.5,False,False,1
2482,layer3.conv1,element,0,"(105, 13, 30)",0,0.0,False,0.91,0.0,False,,27,14.0,12.0,0.22239232063293457,0.1428571492433548,False,False,1
2483,layer3.conv2,element,0,"(130, 7, 6)",0,0.0,False,0.91,0.0,False,,53,-5.0,-4.0,0.3219280242919922,0.20000000298023224,False,False,1
2484,layer3.conv2,element,4,"(6, 23, 22)",0,0.0,False,0.91,0.0,False,,62,-24.0,-1.5,4.0,0.9375,False,False,1
2485,layer3.conv2,element,5,"(165, 10, 7)",0,0.0,False,0.91,0.0,False,,19,3.5,-3.5,0.0,2.0,True,False,1
2486,layer3.conv1,element,5,"(48, 11, 30)",0,0.0,False,0.91,0.0,False,,2,0.125,-0.125,0.0,2.0,True,False,1
2487,layer3.conv2,element,2,"(4, 7, 12)",0,0.0,False,0.91,0.0,False,,51,-3.5,-7.0,1.0,1.0,False,False,1
2488,layer3.conv2,element,3,"(143, 32, 17)",0,0.0,False,0.91,0.0,False,,23,7.0,28.0,2.0,3.0,False,False,1
2489,layer3.conv2,element,3,"(79, 24, 28)",0,0.0,False,0.91,0.0,False,,52,-4.0,-16.0,2.0,3.0,False,False,1
2490,layer3.conv2,element,5,"(72, 43, 11)",0,0.0,False,0.91,0.0,False,,28,16.0,-16.0,0.0,2.0,True,False,1
2491,layer1.conv2,element,1,"(41, 3, 23)",0,0.0,False,0.91,0.0,False,,31,28.0,20.0,0.4854269027709961,0.2857142984867096,False,False,1
2492,layer3.conv2,element,1,"(14, 45, 26)",0,0.0,False,0.91,0.0,False,,55,-7.0,-5.0,0.4854269027709961,0.2857142984867096,False,False,1
2493,layer3.conv2,element,4,"(173, 25, 1)",0,0.0,False,0.91,0.0,False,,21,5.0,0.3125,4.0,0.9375,False,False,1
2494,layer3.conv1,element,0,"(94, 13, 28)",0,0.0,False,0.91,0.0,False,,54,-6.0,-7.0,0.22239232063293457,0.1666666716337204,False,False,1
2495,layer3.conv1,element,3,"(155, 2, 22)",0,0.0,False,0.91,0.0,False,,19,3.5,14.0,2.0,3.0,False,False,1
2496,layer3.conv2,element,1,"(88, 5, 6)",0,0.0,False,0.91,0.0,False,,20,4.0,6.0,0.5849626064300537,0.5,False,False,1
2497,layer2.conv1,element,3,"(73, 4, 8)",0,0.0,False,0.91,0.0,False,,49,-2.5,-10.0,1.9999998807907104,3.0,False,False,1
2498,layer3.conv2,scale,5,"(79, 34)",0,0.0,False,0.91,0.0,False,,120,120.0,88.0,32.0,inf,False,False,32
2499,layer3.conv2,element,5,"(41, 26, 23)",0,0.0,False,0.91,0.0,False,,22,6.0,-6.0,0.0,2.0,True,False,1
2500,layer2.conv1,element,2,"(0, 6, 30)",1,0.005,True,0.905,0.0050000000000000044,False,,16,2.0,4.0,1.0,1.0,False,False,1
2501,layer3.conv1,element,5,"(186, 9, 16)",0,0.0,False,0.91,0.0,False,,52,-4.0,4.0,0.0,2.0,True,False,1
2502,layer3.conv2,element,2,"(70, 18, 31)",0,0.0,False,0.91,0.0,False,,5,0.3125,0.0625,2.321928024291992,0.800000011920929,False,False,1
2503,layer2.conv2,element,2,"(16, 8, 19)",0,0.0,False,0.91,0.0,False,,56,-8.0,-16.0,1.0,1.0,False,False,1
2504,layer3.conv1,scale,6,"(90, 10)",1,0.005,True,0.905,0.0050000000000000044,False,,118,118.0,54.0,64.0,inf,False,False,32
2505,layer3.conv1,element,0,"(58, 24, 22)",0,0.0,False,0.91,0.0,False,,43,-0.875,-0.75,0.22239243984222412,0.1428571492433548,False,False,1
2506,layer2.conv1,element,5,"(54, 8, 14)",0,0.0,False,0.91,0.0,False,,52,-4.0,4.0,0.0,2.0,True,False,1
2507,layer3.conv2,scale,7,"(155, 52)",200,1.0,True,0.0,0.91,True,,120,120.0,248.0,128.0,inf,False,False,32
2508,layer3.conv1,element,4,"(49, 14, 24)",0,0.0,False,0.91,0.0,False,,47,-1.75,-28.0,4.0,15.0,False,False,1
2509,layer3.conv1,scale,2,"(105, 23)",0,0.0,False,0.91,0.0,False,,119,119.0,115.0,4.0,inf,False,False,32
2510,layer3.conv2,element,5,"(6, 23, 23)",0,0.0,False,0.91,0.0,False,,54,-6.0,6.0,0.0,2.0,True,False,1
2511,layer3.conv2,element,4,"(14, 40, 2)",1,0.005,True,0.905,0.0050000000000000044,False,,14,1.5,24.0,4.0,15.0,False,False,1
2512,layer2.conv1,element,0,"(66, 10, 5)",0,0.0,False,0.91,0.0,False,,59,-14.0,-12.0,0.22239232063293457,0.1428571492433548,False,False,1
2513,layer3.conv1,element,3,"(139, 9, 9)",0,0.0,False,0.91,0.0,False,,51,-3.5,-14.0,2.0,3.0,False,False,1
2514,layer3.conv1,element,2,"(136, 24, 4)",0,0.0,False,0.91,0.0,False,,16,2.0,4.0,1.0,1.0,False,False,1
2515,layer3.conv2,element,3,"(18, 9, 14)",0,0.0,False,0.91,0.0,False,,58,-12.0,-3.0,2.0,0.75,False,False,1
2516,layer3.conv2,element,0,"(94, 22, 27)",0,0.0,False,0.91,0.0,False,,60,-16.0,-20.0,0.3219280242919922,0.25,False,False,1
2517,layer1.conv2,element,5,"(24, 6, 14)",0,0.0,False,0.91,0.0,False,,56,-8.0,8.0,0.0,2.0,True,False,1
2518,layer3.conv2,element,0,"(145, 40, 29)",0,0.0,False,0.91,0.0,False,,51,-3.5,-3.0,0.22239243984222412,0.1428571492433548,False,False,1
2519,layer3.conv2,element,0,"(117, 34, 29)",0,0.0,False,0.91,0.0,False,,11,0.875,0.75,0.22239243984222412,0.1428571492433548,False,False,1
2520,layer3.conv1,element,3,"(175, 7, 18)",1,0.005,True,0.905,0.0050000000000000044,False,,22,6.0,24.0,1.999999761581421,3.0,False,False,1
2521,layer3.conv2,element,1,"(75, 51, 14)",0,0.0,False,0.91,0.0,False,,56,-8.0,-12.0,0.5849626064300537,0.5,False,False,1
2522,layer2.conv2,element,2,"(95, 18, 21)",0,0.0,False,0.91,0.0,False,,27,14.0,28.0,1.0,1.0,False,False,1
2523,layer3.conv2,element,0,"(35, 20, 26)",0,0.0,False,0.91,0.0,False,,17,2.5,2.0,0.32192814350128174,0.20000000298023224,False,False,1
2524,layer1.conv1,element,1,"(25, 5, 15)",0,0.0,False,0.91,0.0,False,,21,5.0,7.0,0.4854269027709961,0.4000000059604645,False,False,1
2525,layer2.conv2,element,3,"(30, 14, 30)",0,0.0,False,0.91,0.0,False,,22,6.0,24.0,1.999999761581421,3.0,False,False,1
2526,layer3.conv2,element,3,"(53, 4, 26)",0,0.0,False,0.91,0.0,False,,53,-5.0,-20.0,2.0,3.0,False,False,1
2527,layer3.shortcut.0,element,1,"(19, 2, 18)",0,0.0,False,0.91,0.0,False,,17,2.5,3.5,0.48542678356170654,0.4000000059604645,False,False,1
2528,layer3.conv2,element,3,"(96, 29, 24)",0,0.0,False,0.91,0.0,False,,25,10.0,2.5,1.9999998807907104,0.75,False,False,1
2529,layer3.conv2,element,1,"(186, 15, 6)",0,0.0,False,0.91,0.0,False,,10,0.75,0.5,0.5849624872207642,0.3333333432674408,False,False,1
2530,layer2.conv1,element,2,"(68, 0, 3)",1,0.005,True,0.905,0.0050000000000000044,False,,58,-12.0,-24.0,0.9999997615814209,1.0,False,False,1
2531,layer3.conv2,element,0,"(191, 42, 17)",0,0.0,False,0.91,0.0,False,,57,-10.0,-8.0,0.3219280242919922,0.20000000298023224,False,False,1
2532,layer3.conv1,element,0,"(180, 18, 0)",0,0.0,False,0.91,0.0,False,,20,4.0,5.0,0.3219280242919922,0.25,False,False,1
2533,layer3.conv2,element,3,"(67, 21, 9)",0,0.0,False,0.91,0.0,False,,20,4.0,16.0,2.0,3.0,False,False,1
2534,layer3.conv2,element,4,"(73, 24, 1)",0,0.0,False,0.91,0.0,False,,59,-14.0,-0.875,4.0,0.9375,False,False,1
2535,layer2.conv1,element,2,"(62, 12, 1)",1,0.005,True,0.905,0.0050000000000000044,False,,58,-12.0,-24.0,0.9999997615814209,1.0,False,False,1
2536,layer3.conv2,element,4,"(77, 9, 17)",0,0.0,False,0.91,0.0,False,,3,0.1875,3.5,4.2223920822143555,17.66666603088379,False,False,1
2537,layer3.conv2,element,5,"(175, 12, 19)",0,0.0,False,0.91,0.0,False,,30,24.0,-24.0,0.0,2.0,True,False,1
2538,layer3.conv2,element,4,"(143, 0, 26)",0,0.0,False,0.91,0.0,False,,25,10.0,0.625,4.0,0.9375,False,False,1
2539,layer3.conv1,element,0,"(161, 17, 15)",0,0.0,False,0.91,0.0,False,,24,8.0,10.0,0.3219280242919922,0.25,False,False,1
2540,layer3.conv1,element,5,"(93, 14, 17)",0,0.0,False,0.91,0.0,False,,31,28.0,-28.0,0.0,2.0,True,False,1
2541,layer3.conv2,element,2,"(121, 51, 23)",0,0.0,False,0.91,0.0,False,,26,12.0,24.0,0.9999997615814209,1.0,False,False,1
2542,layer1.conv2,element,5,"(37, 3, 4)",1,0.005,True,0.905,0.0050000000000000044,False,,21,5.0,-5.0,0.0,2.0,True,False,1
2543,layer3.conv2,element,5,"(110, 40, 31)",0,0.0,False,0.91,0.0,False,,53,-5.0,5.0,0.0,2.0,True,False,1
2544,layer2.conv2,element,2,"(16, 1, 1)",0,0.0,False,0.91,0.0,False,,18,3.0,6.0,1.0000001192092896,1.0,False,False,1
2545,layer2.conv2,element,0,"(54, 23, 21)",0,0.0,False,0.91,0.0,False,,22,6.0,7.0,0.22239232063293457,0.1666666716337204,False,False,1
2546,layer3.conv2,element,0,"(174, 24, 20)",0,0.0,False,0.91,0.0,False,,46,-1.5,-1.75,0.22239243984222412,0.1666666716337204,False,False,1
2547,layer2.conv2,element,1,"(11, 12, 12)",0,0.0,False,0.91,0.0,False,,21,5.0,7.0,0.4854269027709961,0.4000000059604645,False,False,1
2548,layer3.conv2,element,3,"(60, 0, 19)",0,0.0,False,0.91,0.0,False,,20,4.0,16.0,2.0,3.0,False,False,1
2549,layer2.conv1,element,5,"(76, 9, 24)",1,0.005,True,0.905,0.0050000000000000044,False,,60,-16.0,16.0,0.0,2.0,True,False,1
2550,layer3.conv2,element,1,"(166, 34, 29)",0,0.0,False,0.91,0.0,False,,28,16.0,24.0,0.5849623680114746,0.5,False,False,1
2551,layer3.conv1,element,3,"(120, 21, 4)",1,0.005,True,0.905,0.0050000000000000044,False,,50,-3.0,-12.0,2.0,3.0,False,False,1
2552,layer3.conv2,element,5,"(180, 16, 9)",0,0.0,False,0.91,0.0,False,,61,-20.0,20.0,0.0,2.0,True,False,1
2553,layer3.conv1,element,3,"(168, 16, 14)",0,0.0,False,0.91,0.0,False,,27,14.0,3.5,2.0,0.75,False,False,1
2554,layer3.conv2,element,2,"(27, 7, 29)",0,0.0,False,0.91,0.0,False,,63,-28.0,-14.0,1.0,0.5,False,False,1
2555,layer2.conv2,element,1,"(28, 11, 1)",1,0.005,True,0.905,0.0050000000000000044,False,,59,-14.0,-10.0,0.4854269027709961,0.2857142984867096,False,False,1
2556,layer3.conv1,element,2,"(89, 24, 18)",0,0.0,False,0.91,0.0,False,,21,5.0,2.5,0.9999998807907104,0.5,False,False,1
2557,layer3.conv2,element,4,"(10, 3, 21)",0,0.0,False,0.91,0.0,False,,49,-2.5,-0.0625,5.321928024291992,0.9750000238418579,False,False,1
2558,layer2.conv2,element,1,"(95, 25, 22)",0,0.0,False,0.91,0.0,False,,55,-7.0,-5.0,0.4854269027709961,0.2857142984867096,False,False,1
2559,layer3.conv2,element,5,"(184, 27, 30)",0,0.0,False,0.91,0.0,False,,57,-10.0,10.0,0.0,2.0,True,False,1
2560,layer3.conv2,element,1,"(8, 52, 22)",0,0.0,False,0.91,0.0,False,,29,20.0,28.0,0.4854269027709961,0.4000000059604645,False,False,1
2561,layer3.conv2,element,2,"(32, 12, 2)",0,0.0,False,0.91,0.0,False,,54,-6.0,-3.0,1.0000001192092896,0.5,False,False,1
2562,layer3.conv1,element,2,"(173, 6, 6)",0,0.0,False,0.91,0.0,False,,43,-0.875,-1.75,1.0,1.0,False,False,1
2563,layer3.conv2,element,2,"(61, 16, 14)",0,0.0,False,0.91,0.0,False,,56,-8.0,-16.0,1.0,1.0,False,False,1
2564,layer2.conv2,element,2,"(46, 9, 30)",0,0.0,False,0.91,0.0,False,,26,12.0,24.0,0.9999997615814209,1.0,False,False,1
2565,layer2.conv2,element,1,"(21, 26, 30)",0,0.0,False,0.91,0.0,False,,22,6.0,4.0,0.5849626064300537,0.3333333432674408,False,False,1
2566,layer3.conv2,element,4,"(109, 28, 13)",0,0.0,False,0.91,0.0,False,,51,-3.5,-0.1875,4.2223920822143555,0.9464285969734192,False,False,1
2567,layer3.conv2,element,0,"(96, 0, 7)",0,0.0,False,0.91,0.0,False,,60,-16.0,-20.0,0.3219280242919922,0.25,False,False,1
2568,layer2.conv2,element,0,"(81, 0, 29)",0,0.0,False,0.91,0.0,False,,20,4.0,5.0,0.3219280242919922,0.25,False,False,1
2569,layer1.conv1,element,0,"(3, 10, 28)",0,0.0,False,0.91,0.0,False,,49,-2.5,-2.0,0.32192814350128174,0.20000000298023224,False,False,1
2570,layer3.conv2,element,1,"(9, 1, 25)",0,0.0,False,0.91,0.0,False,,26,12.0,8.0,0.5849626064300537,0.3333333432674408,False,False,1
2571,layer3.conv2,element,0,"(138, 37, 17)",0,0.0,False,0.91,0.0,False,,59,-14.0,-12.0,0.22239232063293457,0.1428571492433548,False,False,1
2572,layer3.conv2,element,5,"(7, 44, 17)",0,0.0,False,0.91,0.0,False,,53,-5.0,5.0,0.0,2.0,True,False,1
2573,layer3.conv2,element,5,"(149, 21, 11)",0,0.0,False,0.91,0.0,False,,14,1.5,-1.5,0.0,2.0,True,False,1
2574,layer3.conv2,element,3,"(175, 21, 18)",0,0.0,False,0.91,0.0,False,,57,-10.0,-2.5,1.9999998807907104,0.75,False,False,1
2575,layer3.conv1,element,4,"(174, 23, 11)",0,0.0,False,0.91,0.0,False,,17,2.5,0.0625,5.321928024291992,0.9750000238418579,False,False,1
2576,layer3.conv2,element,3,"(32, 6, 2)",0,0.0,False,0.91,0.0,False,,54,-6.0,-24.0,1.999999761581421,3.0,False,False,1
2577,layer3.conv2,element,0,"(82, 13, 18)",0,0.0,False,0.91,0.0,False,,28,16.0,20.0,0.3219280242919922,0.25,False,False,1
2578,layer3.conv2,element,1,"(142, 47, 4)",0,0.0,False,0.91,0.0,False,,24,8.0,12.0,0.5849626064300537,0.5,False,False,1
2579,layer3.conv2,element,3,"(8, 36, 26)",0,0.0,False,0.91,0.0,False,,58,-12.0,-3.0,2.0,0.75,False,False,1
2580,layer3.conv1,element,5,"(4, 17, 24)",0,0.0,False,0.91,0.0,False,,53,-5.0,5.0,0.0,2.0,True,False,1
2581,layer3.conv2,element,2,"(7, 30, 24)",0,0.0,False,0.91,0.0,False,,22,6.0,3.0,1.0000001192092896,0.5,False,False,1
2582,layer3.conv2,element,4,"(171, 27, 2)",0,0.0,False,0.91,0.0,False,,18,3.0,0.125,4.584962368011475,0.9583333134651184,False,False,1
2583,layer3.conv2,element,0,"(90, 19, 13)",0,0.0,False,0.91,0.0,False,,26,12.0,14.0,0.22239232063293457,0.1666666716337204,False,False,1
2584,layer3.conv2,element,2,"(189, 2, 15)",0,0.0,False,0.91,0.0,False,,26,12.0,24.0,0.9999997615814209,1.0,False,False,1
2585,layer3.conv1,element,1,"(32, 3, 28)",0,0.0,False,0.91,0.0,False,,34,-0.125,-0.0,inf,1.0,False,False,1
2586,layer3.conv1,element,3,"(176, 22, 13)",0,0.0,False,0.91,0.0,False,,61,-20.0,-5.0,2.0,0.75,False,False,1
2587,layer1.conv1,element,0,"(2, 4, 15)",0,0.0,False,0.91,0.0,False,,56,-8.0,-10.0,0.3219280242919922,0.25,False,False,1
2588,layer2.conv1,scale,4,"(48, 4)",3,0.015,True,0.9,0.010000000000000009,False,,119,119.0,103.0,16.0,inf,False,False,32
2589,layer3.conv2,element,1,"(186, 8, 8)",0,0.0,False,0.91,0.0,False,,54,-6.0,-4.0,0.5849626064300537,0.3333333432674408,False,False,1
2590,layer3.conv1,element,3,"(180, 25, 0)",1,0.005,True,0.905,0.0050000000000000044,False,,30,24.0,6.0,1.999999761581421,0.75,False,False,1
2591,layer3.conv2,element,0,"(109, 43, 1)",0,0.0,False,0.91,0.0,False,,38,-0.375,-0.4375,0.22239243984222412,0.1666666716337204,False,False,1
2592,layer3.conv2,element,1,"(0, 19, 31)",0,0.0,False,0.91,0.0,False,,24,8.0,12.0,0.5849626064300537,0.5,False,False,1
2593,layer3.conv1,element,5,"(147, 12, 10)",0,0.0,False,0.91,0.0,False,,49,-2.5,2.5,0.0,2.0,True,False,1
2594,layer3.conv2,element,2,"(41, 14, 3)",0,0.0,False,0.91,0.0,False,,20,4.0,2.0,1.0,0.5,False,False,1
2595,layer3.conv1,element,4,"(142, 13, 15)",1,0.005,True,0.905,0.0050000000000000044,False,,27,14.0,0.875,4.0,0.9375,False,False,1
2596,layer2.conv2,element,5,"(75, 0, 27)",0,0.0,False,0.91,0.0,False,,26,12.0,-12.0,0.0,2.0,True,False,1
2597,layer3.conv2,element,5,"(151, 10, 6)",0,0.0,False,0.91,0.0,False,,39,-0.4375,0.4375,0.0,2.0,True,False,1
2598,layer3.conv1,element,3,"(68, 7, 7)",1,0.005,True,0.905,0.0050000000000000044,False,,61,-20.0,-5.0,2.0,0.75,False,False,1
2599,layer2.conv1,element,0,"(48, 4, 26)",0,0.0,False,0.91,0.0,False,,17,2.5,2.0,0.32192814350128174,0.20000000298023224,False,False,1
2600,layer2.conv2,element,4,"(81, 22, 1)",0,0.0,False,0.91,0.0,False,,46,-1.5,-24.0,4.0,15.0,False,False,1
2601,layer3.conv1,element,1,"(45, 19, 27)",0,0.0,False,0.91,0.0,False,,53,-5.0,-7.0,0.4854269027709961,0.4000000059604645,False,False,1
2602,layer3.conv2,element,3,"(168, 3, 15)",0,0.0,False,0.91,0.0,False,,61,-20.0,-5.0,2.0,0.75,False,False,1
2603,layer2.conv2,element,3,"(40, 17, 30)",0,0.0,False,0.91,0.0,False,,57,-10.0,-2.5,1.9999998807907104,0.75,False,False,1
2604,layer3.conv2,element,4,"(42, 25, 21)",0,0.0,False,0.91,0.0,False,,54,-6.0,-0.375,4.0,0.9375,False,False,1
2605,layer3.conv2,element,2,"(181, 41, 27)",0,0.0,False,0.91,0.0,False,,52,-4.0,-2.0,1.0,0.5,False,False,1
2606,layer2.shortcut.0,element,1,"(28, 0, 18)",0,0.0,False,0.91,0.0,False,,57,-10.0,-14.0,0.4854269027709961,0.4000000059604645,False,False,1
2607,layer3.conv2,element,2,"(166, 24, 6)",0,0.0,False,0.91,0.0,False,,20,4.0,2.0,1.0,0.5,False,False,1
2608,layer1.conv2,element,5,"(45, 8, 12)",1,0.005,True,0.905,0.0050000000000000044,False,,26,12.0,-12.0,0.0,2.0,True,False,1
2609,layer3.conv1,element,4,"(32, 16, 14)",1,0.005,True,0.905,0.0050000000000000044,False,,28,16.0,1.0,4.0,0.9375,False,False,1
2610,layer2.conv1,element,5,"(18, 4, 1)",0,0.0,False,0.91,0.0,False,,56,-8.0,8.0,0.0,2.0,True,False,1
2611,fc,element,3,"(3, 3, 26)",0,0.0,False,0.91,0.0,False,,32,-0.0,-0.5,inf,8.0,False,False,1
2612,layer3.conv2,element,4,"(181, 34, 3)",1,0.005,True,0.905,0.0050000000000000044,False,,25,10.0,0.625,4.0,0.9375,False,False,1
2613,layer3.conv2,element,2,"(95, 10, 11)",0,0.0,False,0.91,0.0,False,,53,-5.0,-2.5,0.9999998807907104,0.5,False,False,1
2614,layer3.conv1,element,2,"(121, 9, 29)",0,0.0,False,0.91,0.0,False,,24,8.0,16.0,1.0,1.0,False,False,1
2615,layer3.conv2,element,3,"(5, 44, 2)",0,0.0,False,0.91,0.0,False,,54,-6.0,-24.0,1.999999761581421,3.0,False,False,1
2616,layer3.conv2,element,1,"(43, 39, 25)",0,0.0,False,0.91,0.0,False,,58,-12.0,-8.0,0.5849626064300537,0.3333333432674408,False,False,1
2617,layer2.conv2,element,2,"(32, 18, 3)",0,0.0,False,0.91,0.0,False,,51,-3.5,-7.0,1.0,1.0,False,False,1
2618,layer3.conv2,element,0,"(153, 37, 27)",0,0.0,False,0.91,0.0,False,,29,20.0,16.0,0.3219280242919922,0.20000000298023224,False,False,1
2619,layer3.conv2,element,1,"(43, 44, 14)",0,0.0,False,0.91,0.0,False,,22,6.0,4.0,0.5849626064300537,0.3333333432674408,False,False,1
2620,layer1.conv1,scale,4,"(37, 5)",0,0.0,False,0.91,0.0,False,,119,119.0,103.0,16.0,inf,False,False,32
2621,layer2.conv1,element,4,"(92, 5, 4)",0,0.0,False,0.91,0.0,False,,25,10.0,0.625,4.0,0.9375,False,False,1
2622,layer3.conv2,element,5,"(44, 7, 3)",0,0.0,False,0.91,0.0,False,,62,-24.0,24.0,0.0,2.0,True,False,1
2623,layer2.conv1,element,3,"(94, 12, 11)",0,0.0,False,0.91,0.0,False,,62,-24.0,-6.0,1.999999761581421,0.75,False,False,1
2624,layer3.conv2,element,2,"(111, 5, 8)",0,0.0,False,0.91,0.0,False,,26,12.0,24.0,0.9999997615814209,1.0,False,False,1
2625,layer3.conv2,element,5,"(34, 26, 24)",0,0.0,False,0.91,0.0,False,,57,-10.0,10.0,0.0,2.0,True,False,1
2626,layer3.conv1,element,3,"(18, 11, 20)",0,0.0,False,0.91,0.0,False,,54,-6.0,-24.0,1.999999761581421,3.0,False,False,1
2627,layer2.conv2,element,4,"(37, 1, 5)",0,0.0,False,0.91,0.0,False,,21,5.0,0.3125,4.0,0.9375,False,False,1
2628,layer3.conv1,element,2,"(73, 16, 4)",0,0.0,False,0.91,0.0,False,,27,14.0,28.0,1.0,1.0,False,False,1
2629,layer3.conv1,element,5,"(107, 0, 1)",1,0.005,True,0.905,0.0050000000000000044,False,,62,-24.0,24.0,0.0,2.0,True,False,1
2630,layer3.conv2,element,2,"(125, 19, 18)",0,0.0,False,0.91,0.0,False,,20,4.0,2.0,1.0,0.5,False,False,1
2631,layer3.conv1,element,1,"(73, 12, 8)",0,0.0,False,0.91,0.0,False,,14,1.5,1.0,0.5849624872207642,0.3333333432674408,False,False,1
2632,layer3.conv2,element,4,"(21, 10, 20)",0,0.0,False,0.91,0.0,False,,15,1.75,28.0,4.0,15.0,False,False,1
2633,layer2.conv2,element,1,"(94, 17, 3)",0,0.0,False,0.91,0.0,False,,54,-6.0,-4.0,0.5849626064300537,0.3333333432674408,False,False,1
2634,layer3.conv1,element,5,"(6, 6, 27)",1,0.005,True,0.905,0.0050000000000000044,False,,56,-8.0,8.0,0.0,2.0,True,False,1
2635,layer3.conv2,element,0,"(16, 21, 27)",0,0.0,False,0.91,0.0,False,,27,14.0,12.0,0.22239232063293457,0.1428571492433548,False,False,1
2636,layer3.conv1,element,3,"(44, 18, 30)",0,0.0,False,0.91,0.0,False,,59,-14.0,-3.5,2.0,0.75,False,False,1
2637,layer3.conv1,element,5,"(115, 1, 25)",0,0.0,False,0.91,0.0,False,,49,-2.5,2.5,0.0,2.0,True,False,1
2638,layer1.conv1,element,3,"(45, 2, 31)",0,0.0,False,0.91,0.0,False,,44,-1.0,-0.25,2.0,0.75,False,False,1
2639,layer3.conv2,element,5,"(180, 26, 22)",0,0.0,False,0.91,0.0,False,,61,-20.0,20.0,0.0,2.0,True,False,1
2640,layer2.conv2,scale,4,"(71, 20)",1,0.005,True,0.905,0.0050000000000000044,False,,120,120.0,104.0,16.0,inf,False,False,32
2641,layer3.conv1,element,4,"(62, 19, 12)",0,0.0,False,0.91,0.0,False,,25,10.0,0.625,4.0,0.9375,False,False,1
2642,layer3.conv2,element,1,"(170, 32, 20)",0,0.0,False,0.91,0.0,False,,55,-7.0,-5.0,0.4854269027709961,0.2857142984867096,False,False,1
2643,layer3.conv1,element,5,"(46, 18, 15)",1,0.005,True,0.905,0.0050000000000000044,False,,21,5.0,-5.0,0.0,2.0,True,False,1
2644,layer3.conv2,element,0,"(32, 33, 18)",0,0.0,False,0.91,0.0,False,,44,-1.0,-1.25,0.32192808389663696,0.25,False,False,1
2645,layer3.conv2,element,4,"(47, 7, 3)",0,0.0,False,0.91,0.0,False,,52,-4.0,-0.25,4.0,0.9375,False,False,1
2646,layer3.shortcut.0,element,4,"(111, 2, 17)",0,0.0,False,0.91,0.0,False,,18,3.0,0.125,4.584962368011475,0.9583333134651184,False,False,1
2647,layer3.conv2,element,4,"(169, 39, 2)",0,0.0,False,0.91,0.0,False,,54,-6.0,-0.375,4.0,0.9375,False,False,1
2648,layer2.conv2,element,1,"(17, 4, 24)",0,0.0,False,0.91,0.0,False,,29,20.0,28.0,0.4854269027709961,0.4000000059604645,False,False,1
2649,layer3.conv2,element,5,"(184, 14, 15)",0,0.0,False,0.91,0.0,False,,27,14.0,-14.0,0.0,2.0,True,False,1
2650,layer3.conv2,element,5,"(110, 11, 20)",0,0.0,False,0.91,0.0,False,,5,0.3125,-0.3125,0.0,2.0,True,False,1
2651,layer3.conv2,element,4,"(189, 4, 13)",0,0.0,False,0.91,0.0,False,,58,-12.0,-0.75,4.0,0.9375,False,False,1
2652,layer3.conv2,element,1,"(91, 39, 18)",0,0.0,False,0.91,0.0,False,,56,-8.0,-12.0,0.5849626064300537,0.5,False,False,1
2653,layer3.conv1,element,4,"(14, 4, 2)",0,0.0,False,0.91,0.0,False,,47,-1.75,-28.0,4.0,15.0,False,False,1
2654,layer1.conv2,element,3,"(16, 7, 3)",1,0.005,True,0.905,0.0050000000000000044,False,,21,5.0,20.0,2.0,3.0,False,False,1
2655,layer3.conv1,element,0,"(167, 1, 17)",0,0.0,False,0.91,0.0,False,,60,-16.0,-20.0,0.3219280242919922,0.25,False,False,1
2656,layer3.conv1,element,0,"(107, 22, 13)",0,0.0,False,0.91,0.0,False,,17,2.5,2.0,0.32192814350128174,0.20000000298023224,False,False,1
2657,layer1.conv2,element,1,"(24, 6, 30)",0,0.0,False,0.91,0.0,False,,24,8.0,12.0,0.5849626064300537,0.5,False,False,1
2658,layer3.conv2,element,0,"(1, 32, 30)",0,0.0,False,0.91,0.0,False,,53,-5.0,-4.0,0.3219280242919922,0.20000000298023224,False,False,1
2659,layer3.conv2,element,3,"(87, 17, 8)",0,0.0,False,0.91,0.0,False,,25,10.0,2.5,1.9999998807907104,0.75,False,False,1
2660,layer2.conv2,element,0,"(55, 23, 9)",0,0.0,False,0.91,0.0,False,,21,5.0,4.0,0.3219280242919922,0.20000000298023224,False,False,1
2661,layer3.conv1,element,4,"(20, 13, 27)",0,0.0,False,0.91,0.0,False,,26,12.0,0.75,4.0,0.9375,False,False,1
2662,layer3.conv2,element,5,"(106, 52, 30)",0,0.0,False,0.91,0.0,False,,24,8.0,-8.0,0.0,2.0,True,False,1
2663,layer3.conv2,element,0,"(188, 2, 1)",0,0.0,False,0.91,0.0,False,,26,12.0,14.0,0.22239232063293457,0.1666666716337204,False,False,1
2664,layer3.conv2,element,4,"(132, 49, 19)",0,0.0,False,0.91,0.0,False,,57,-10.0,-0.625,4.0,0.9375,False,False,1
2665,layer2.conv2,element,4,"(46, 19, 1)",0,0.0,False,0.91,0.0,False,,63,-28.0,-1.75,4.0,0.9375,False,False,1
2666,layer3.conv2,element,3,"(90, 34, 10)",0,0.0,False,0.91,0.0,False,,63,-28.0,-7.0,2.0,0.75,False,False,1
2667,layer1.conv2,element,0,"(6, 13, 8)",0,0.0,False,0.91,0.0,False,,59,-14.0,-12.0,0.22239232063293457,0.1428571492433548,False,False,1
2668,layer2.conv1,element,5,"(58, 7, 10)",1,0.005,True,0.905,0.0050000000000000044,False,,55,-7.0,7.0,0.0,2.0,True,False,1
2669,layer3.conv2,element,0,"(39, 53, 8)",0,0.0,False,0.91,0.0,False,,53,-5.0,-4.0,0.3219280242919922,0.20000000298023224,False,False,1
2670,layer3.conv2,element,2,"(160, 34, 5)",0,0.0,False,0.91,0.0,False,,16,2.0,4.0,1.0,1.0,False,False,1
2671,layer3.shortcut.0,element,3,"(186, 2, 19)",0,0.0,False,0.91,0.0,False,,22,6.0,24.0,1.999999761581421,3.0,False,False,1
2672,layer2.conv2,element,1,"(60, 25, 9)",0,0.0,False,0.91,0.0,False,,28,16.0,24.0,0.5849623680114746,0.5,False,False,1
2673,layer3.conv1,element,0,"(96, 25, 11)",0,0.0,False,0.91,0.0,False,,50,-3.0,-3.5,0.22239243984222412,0.1666666716337204,False,False,1
2674,layer3.conv2,element,3,"(163, 43, 23)",0,0.0,False,0.91,0.0,False,,19,3.5,14.0,2.0,3.0,False,False,1
2675,layer3.conv2,element,0,"(139, 27, 9)",0,0.0,False,0.91,0.0,False,,45,-1.25,-1.0,0.32192808389663696,0.20000000298023224,False,False,1
2676,layer1.conv1,element,4,"(41, 3, 25)",0,0.0,False,0.91,0.0,False,,18,3.0,0.125,4.584962368011475,0.9583333134651184,False,False,1
2677,layer3.conv2,element,3,"(167, 10, 23)",0,0.0,False,0.91,0.0,False,,24,8.0,2.0,2.0,0.75,False,False,1
2678,layer3.conv2,element,5,"(106, 1, 0)",0,0.0,False,0.91,0.0,False,,22,6.0,-6.0,0.0,2.0,True,False,1
2679,layer1.conv2,element,4,"(26, 7, 2)",0,0.0,False,0.91,0.0,False,,25,10.0,0.625,4.0,0.9375,False,False,1
2680,layer2.conv2,element,1,"(29, 3, 1)",0,0.0,False,0.91,0.0,False,,59,-14.0,-10.0,0.4854269027709961,0.2857142984867096,False,False,1
2681,layer3.conv2,element,1,"(33, 41, 25)",0,0.0,False,0.91,0.0,False,,25,10.0,14.0,0.4854269027709961,0.4000000059604645,False,False,1
2682,layer2.conv1,element,0,"(26, 2, 28)",0,0.0,False,0.91,0.0,False,,26,12.0,14.0,0.22239232063293457,0.1666666716337204,False,False,1
2683,layer3.conv1,element,5,"(32, 18, 28)",0,0.0,False,0.91,0.0,False,,57,-10.0,10.0,0.0,2.0,True,False,1
2684,layer2.conv2,element,4,"(76, 10, 3)",1,0.005,True,0.905,0.0050000000000000044,False,,59,-14.0,-0.875,4.0,0.9375,False,False,1
2685,layer3.conv2,element,0,"(14, 51, 17)",0,0.0,False,0.91,0.0,False,,59,-14.0,-12.0,0.22239232063293457,0.1428571492433548,False,False,1
2686,layer3.conv1,element,1,"(163, 5, 17)",0,0.0,False,0.91,0.0,False,,27,14.0,10.0,0.4854269027709961,0.2857142984867096,False,False,1
2687,layer3.conv2,element,4,"(24, 24, 0)",0,0.0,False,0.91,0.0,False,,19,3.5,0.1875,4.2223920822143555,0.9464285969734192,False,False,1
2688,layer3.conv2,element,1,"(66, 2, 30)",0,0.0,False,0.91,0.0,False,,36,-0.25,-0.375,0.5849624872207642,0.5,False,False,1
2689,layer3.conv1,element,0,"(45, 25, 18)",0,0.0,False,0.91,0.0,False,,11,0.875,0.75,0.22239243984222412,0.1428571492433548,False,False,1
2690,layer3.conv1,element,3,"(119, 14, 25)",0,0.0,False,0.91,0.0,False,,55,-7.0,-28.0,2.0,3.0,False,False,1
2691,layer3.conv2,element,3,"(8, 36, 13)",0,0.0,False,0.91,0.0,False,,47,-1.75,-0.4375,2.0,0.75,False,False,1
2692,layer3.conv2,element,1,"(173, 4, 16)",0,0.0,False,0.91,0.0,False,,17,2.5,3.5,0.48542678356170654,0.4000000059604645,False,False,1
2693,layer3.conv1,element,0,"(17, 10, 30)",0,0.0,False,0.91,0.0,False,,52,-4.0,-5.0,0.3219280242919922,0.25,False,False,1
2694,layer3.conv1,scale,5,"(69, 4)",1,0.005,True,0.905,0.0050000000000000044,False,,118,118.0,86.0,32.0,inf,False,False,32
2695,layer3.conv2,scale,5,"(167, 3)",0,0.0,False,0.91,0.0,False,,120,120.0,88.0,32.0,inf,False,False,32
2696,layer3.conv1,scale,6,"(150, 5)",0,0.0,False,0.91,0.0,False,,119,119.0,55.0,64.0,inf,False,False,32
2697,layer3.shortcut.0,scale,2,"(40, 1)",4,0.02,True,0.89,0.020000000000000018,False,,121,121.0,125.0,4.0,inf,False,False,32
2698,layer3.conv2,element,0,"(68, 13, 24)",0,0.0,False,0.91,0.0,False,,24,8.0,10.0,0.3219280242919922,0.25,False,False,1
2699,layer1.conv2,element,4,"(11, 11, 20)",0,0.0,False,0.91,0.0,False,,25,10.0,0.625,4.0,0.9375,False,False,1
2700,layer3.conv2,element,1,"(35, 31, 5)",0,0.0,False,0.91,0.0,False,,58,-12.0,-8.0,0.5849626064300537,0.3333333432674408,False,False,1
2701,layer1.conv1,element,0,"(43, 4, 1)",0,0.0,False,0.91,0.0,False,,55,-7.0,-6.0,0.22239232063293457,0.1428571492433548,False,False,1
2702,layer3.conv2,element,2,"(102, 11, 5)",0,0.0,False,0.91,0.0,False,,55,-7.0,-3.5,1.0,0.5,False,False,1
2703,layer3.conv2,element,2,"(95, 43, 20)",0,0.0,False,0.91,0.0,False,,26,12.0,24.0,0.9999997615814209,1.0,False,False,1
2704,layer3.conv2,element,2,"(45, 9, 6)",0,0.0,False,0.91,0.0,False,,26,12.0,24.0,0.9999997615814209,1.0,False,False,1
2705,layer3.conv2,element,2,"(147, 37, 14)",0,0.0,False,0.91,0.0,False,,58,-12.0,-24.0,0.9999997615814209,1.0,False,False,1
2706,layer3.conv2,element,1,"(83, 28, 0)",0,0.0,False,0.91,0.0,False,,50,-3.0,-2.0,0.5849624872207642,0.3333333432674408,False,False,1
2707,layer1.conv2,element,2,"(21, 9, 21)",0,0.0,False,0.91,0.0,False,,54,-6.0,-3.0,1.0000001192092896,0.5,False,False,1
2708,layer3.conv2,element,4,"(9, 11, 14)",0,0.0,False,0.91,0.0,False,,31,28.0,1.75,4.0,0.9375,False,False,1
2709,layer3.conv2,element,4,"(76, 10, 6)",0,0.0,False,0.91,0.0,False,,50,-3.0,-0.125,4.584962368011475,0.9583333134651184,False,False,1
2710,layer2.conv2,element,5,"(58, 21, 6)",1,0.005,True,0.905,0.0050000000000000044,False,,54,-6.0,6.0,0.0,2.0,True,False,1
2711,layer3.conv2,element,5,"(180, 20, 15)",0,0.0,False,0.91,0.0,False,,26,12.0,-12.0,0.0,2.0,True,False,1
2712,layer3.conv2,element,0,"(101, 18, 26)",0,0.0,False,0.91,0.0,False,,55,-7.0,-6.0,0.22239232063293457,0.1428571492433548,False,False,1
2713,layer3.conv2,element,3,"(56, 44, 11)",0,0.0,False,0.91,0.0,False,,55,-7.0,-28.0,2.0,3.0,False,False,1
2714,layer3.conv2,element,2,"(105, 28, 24)",0,0.0,False,0.91,0.0,False,,27,14.0,28.0,1.0,1.0,False,False,1
2715,layer3.conv1,element,5,"(116, 1, 7)",0,0.0,False,0.91,0.0,False,,58,-12.0,12.0,0.0,2.0,True,False,1
2716,layer2.conv1,element,4,"(93, 12, 22)",0,0.0,False,0.91,0.0,False,,19,3.5,0.1875,4.2223920822143555,0.9464285969734192,False,False,1
2717,layer3.conv2,element,3,"(58, 3, 3)",0,0.0,False,0.91,0.0,False,,24,8.0,2.0,2.0,0.75,False,False,1
2718,layer3.conv1,element,2,"(17, 23, 2)",0,0.0,False,0.91,0.0,False,,59,-14.0,-28.0,1.0,1.0,False,False,1
2719,layer2.conv1,element,2,"(77, 7, 27)",0,0.0,False,0.91,0.0,False,,25,10.0,20.0,1.0,1.0,False,False,1
2720,layer3.conv2,element,3,"(136, 38, 31)",0,0.0,False,0.91,0.0,False,,59,-14.0,-3.5,2.0,0.75,False,False,1
2721,layer2.conv2,element,5,"(74, 6, 19)",0,0.0,False,0.91,0.0,False,,29,20.0,-20.0,0.0,2.0,True,False,1
2722,layer3.conv2,element,2,"(143, 27, 13)",0,0.0,False,0.91,0.0,False,,46,-1.5,-0.75,1.0,0.5,False,False,1
2723,layer2.conv1,element,2,"(46, 6, 29)",0,0.0,False,0.91,0.0,False,,24,8.0,16.0,1.0,1.0,False,False,1
2724,layer3.conv2,element,2,"(36, 12, 21)",0,0.0,False,0.91,0.0,False,,4,0.25,0.0,inf,1.0,False,False,1
2725,layer3.conv2,element,0,"(49, 34, 29)",0,0.0,False,0.91,0.0,False,,17,2.5,2.0,0.32192814350128174,0.20000000298023224,False,False,1
2726,layer3.conv1,element,2,"(66, 3, 21)",0,0.0,False,0.91,0.0,False,,54,-6.0,-3.0,1.0000001192092896,0.5,False,False,1
2727,layer3.conv2,element,3,"(59, 17, 0)",0,0.0,False,0.91,0.0,False,,41,-0.625,-0.0625,3.321928024291992,0.8999999761581421,False,False,1
2728,layer2.conv2,element,5,"(48, 0, 20)",0,0.0,False,0.91,0.0,False,,18,3.0,-3.0,0.0,2.0,True,False,1
2729,layer2.conv2,element,5,"(30, 9, 0)",0,0.0,False,0.91,0.0,False,,55,-7.0,7.0,0.0,2.0,True,False,1
2730,layer3.conv1,element,1,"(18, 8, 16)",0,0.0,False,0.91,0.0,False,,18,3.0,2.0,0.5849624872207642,0.3333333432674408,False,False,1
2731,layer3.conv2,element,1,"(118, 46, 29)",0,0.0,False,0.91,0.0,False,,17,2.5,3.5,0.48542678356170654,0.4000000059604645,False,False,1
2732,layer3.conv2,element,3,"(110, 22, 20)",0,0.0,False,0.91,0.0,False,,58,-12.0,-3.0,2.0,0.75,False,False,1
2733,layer3.conv2,element,3,"(161, 17, 14)",0,0.0,False,0.91,0.0,False,,27,14.0,3.5,2.0,0.75,False,False,1
2734,layer3.conv2,scale,6,"(55, 39)",0,0.0,False,0.91,0.0,False,,120,120.0,56.0,64.0,inf,False,False,32
2735,layer3.conv2,element,2,"(176, 35, 8)",0,0.0,False,0.91,0.0,False,,58,-12.0,-24.0,0.9999997615814209,1.0,False,False,1
2736,layer3.conv1,element,1,"(134, 10, 16)",0,0.0,False,0.91,0.0,False,,22,6.0,4.0,0.5849626064300537,0.3333333432674408,False,False,1
2737,layer3.conv2,element,4,"(99, 25, 30)",0,0.0,False,0.91,0.0,False,,24,8.0,0.5,4.0,0.9375,False,False,1
2738,layer3.conv1,element,1,"(56, 9, 0)",0,0.0,False,0.91,0.0,False,,4,0.25,0.375,0.5849624872207642,0.5,False,False,1
2739,layer3.conv2,element,1,"(125, 2, 21)",0,0.0,False,0.91,0.0,False,,50,-3.0,-2.0,0.5849624872207642,0.3333333432674408,False,False,1
2740,layer3.conv2,element,5,"(120, 33, 27)",0,0.0,False,0.91,0.0,False,,47,-1.75,1.75,0.0,2.0,True,False,1
2741,layer3.conv1,element,3,"(136, 18, 13)",0,0.0,False,0.91,0.0,False,,28,16.0,4.0,2.0,0.75,False,False,1
2742,layer3.conv1,element,0,"(85, 16, 1)",0,0.0,False,0.91,0.0,False,,60,-16.0,-20.0,0.3219280242919922,0.25,False,False,1
2743,layer3.conv2,element,5,"(178, 16, 12)",0,0.0,False,0.91,0.0,False,,40,-0.5,0.5,0.0,2.0,True,False,1
2744,layer3.conv2,element,2,"(80, 53, 1)",0,0.0,False,0.91,0.0,False,,24,8.0,16.0,1.0,1.0,False,False,1
2745,layer3.conv1,element,5,"(28, 6, 26)",0,0.0,False,0.91,0.0,False,,24,8.0,-8.0,0.0,2.0,True,False,1
2746,layer3.conv2,element,1,"(5, 37, 2)",0,0.0,False,0.91,0.0,False,,39,-0.4375,-0.3125,0.48542678356170654,0.2857142984867096,False,False,1
2747,layer3.conv2,element,4,"(186, 38, 25)",0,0.0,False,0.91,0.0,False,,24,8.0,0.5,4.0,0.9375,False,False,1
2748,layer3.conv1,element,3,"(168, 13, 22)",0,0.0,False,0.91,0.0,False,,60,-16.0,-4.0,2.0,0.75,False,False,1
2749,layer2.conv2,element,0,"(23, 11, 19)",0,0.0,False,0.91,0.0,False,,58,-12.0,-14.0,0.22239232063293457,0.1666666716337204,False,False,1
2750,layer3.conv2,element,3,"(141, 47, 11)",0,0.0,False,0.91,0.0,False,,52,-4.0,-16.0,2.0,3.0,False,False,1
2751,layer3.conv2,element,0,"(17, 29, 28)",0,0.0,False,0.91,0.0,False,,49,-2.5,-2.0,0.32192814350128174,0.20000000298023224,False,False,1
2752,layer3.conv1,element,1,"(109, 5, 11)",0,0.0,False,0.91,0.0,False,,58,-12.0,-8.0,0.5849626064300537,0.3333333432674408,False,False,1
2753,layer3.conv2,element,1,"(84, 47, 25)",0,0.0,False,0.91,0.0,False,,16,2.0,3.0,0.5849624872207642,0.5,False,False,1
2754,layer3.conv2,element,3,"(62, 30, 25)",0,0.0,False,0.91,0.0,False,,27,14.0,3.5,2.0,0.75,False,False,1
2755,layer3.conv1,element,2,"(65, 19, 14)",0,0.0,False,0.91,0.0,False,,59,-14.0,-28.0,1.0,1.0,False,False,1
2756,layer3.conv1,element,5,"(166, 25, 24)",0,0.0,False,0.91,0.0,False,,27,14.0,-14.0,0.0,2.0,True,False,1
2757,layer3.conv1,element,2,"(161, 12, 28)",0,0.0,False,0.91,0.0,False,,60,-16.0,-8.0,1.0,0.5,False,False,1
2758,layer2.conv1,element,4,"(48, 11, 27)",0,0.0,False,0.91,0.0,False,,21,5.0,0.3125,4.0,0.9375,False,False,1
2759,layer3.conv2,element,1,"(6, 29, 21)",0,0.0,False,0.91,0.0,False,,61,-20.0,-28.0,0.4854269027709961,0.4000000059604645,False,False,1
2760,layer3.conv2,element,4,"(121, 17, 28)",0,0.0,False,0.91,0.0,False,,20,4.0,0.25,4.0,0.9375,False,False,1
2761,layer3.conv2,element,2,"(110, 35, 18)",0,0.0,False,0.91,0.0,False,,13,1.25,0.625,1.0,0.5,False,False,1
2762,layer3.conv2,element,3,"(31, 23, 2)",0,0.0,False,0.91,0.0,False,,19,3.5,14.0,2.0,3.0,False,False,1
2763,layer1.conv2,element,0,"(1, 3, 5)",0,0.0,False,0.91,0.0,False,,17,2.5,2.0,0.32192814350128174,0.20000000298023224,False,False,1
2764,layer3.conv2,element,0,"(188, 51, 2)",0,0.0,False,0.91,0.0,False,,18,3.0,3.5,0.22239243984222412,0.1666666716337204,False,False,1
2765,layer3.conv2,element,4,"(160, 4, 3)",0,0.0,False,0.91,0.0,False,,26,12.0,0.75,4.0,0.9375,False,False,1
2766,layer2.conv1,element,0,"(41, 1, 28)",0,0.0,False,0.91,0.0,False,,56,-8.0,-10.0,0.3219280242919922,0.25,False,False,1
2767,layer1.conv1,element,1,"(9, 7, 25)",0,0.0,False,0.91,0.0,False,,56,-8.0,-12.0,0.5849626064300537,0.5,False,False,1
2768,layer3.conv1,element,5,"(182, 2, 8)",0,0.0,False,0.91,0.0,False,,29,20.0,-20.0,0.0,2.0,True,False,1
2769,layer3.conv2,element,3,"(160, 31, 28)",0,0.0,False,0.91,0.0,False,,55,-7.0,-28.0,2.0,3.0,False,False,1
2770,layer2.conv2,element,5,"(64, 11, 19)",1,0.005,True,0.905,0.0050000000000000044,False,,60,-16.0,16.0,0.0,2.0,True,False,1
2771,layer2.conv1,element,5,"(65, 9, 0)",0,0.0,False,0.91,0.0,False,,56,-8.0,8.0,0.0,2.0,True,False,1
2772,layer3.conv2,element,0,"(126, 6, 3)",0,0.0,False,0.91,0.0,False,,17,2.5,2.0,0.32192814350128174,0.20000000298023224,False,False,1
2773,layer2.conv2,element,5,"(34, 4, 16)",1,0.005,True,0.905,0.0050000000000000044,False,,28,16.0,-16.0,0.0,2.0,True,False,1
2774,layer3.conv1,element,0,"(89, 8, 13)",0,0.0,False,0.91,0.0,False,,48,-2.0,-2.5,0.32192814350128174,0.25,False,False,1
2775,layer3.shortcut.0,element,5,"(178, 0, 30)",0,0.0,False,0.91,0.0,False,,16,2.0,-2.0,0.0,2.0,True,False,1
2776,layer3.conv2,element,2,"(116, 8, 29)",0,0.0,False,0.91,0.0,False,,15,1.75,0.875,1.0,0.5,False,False,1
2777,layer3.conv1,element,3,"(182, 23, 8)",0,0.0,False,0.91,0.0,False,,61,-20.0,-5.0,2.0,0.75,False,False,1
2778,layer3.conv2,element,3,"(75, 26, 6)",0,0.0,False,0.91,0.0,False,,9,0.625,0.0625,3.321928024291992,0.8999999761581421,False,False,1
2779,layer3.conv2,element,0,"(93, 31, 6)",0,0.0,False,0.91,0.0,False,,28,16.0,20.0,0.3219280242919922,0.25,False,False,1
2780,layer3.conv2,element,0,"(12, 15, 26)",0,0.0,False,0.91,0.0,False,,61,-20.0,-16.0,0.3219280242919922,0.20000000298023224,False,False,1
2781,layer3.conv1,element,5,"(40, 11, 4)",0,0.0,False,0.91,0.0,False,,24,8.0,-8.0,0.0,2.0,True,False,1
2782,layer3.conv2,element,5,"(138, 20, 27)",0,0.0,False,0.91,0.0,False,,45,-1.25,1.25,0.0,2.0,True,False,1
2783,layer3.conv2,element,2,"(91, 35, 26)",0,0.0,False,0.91,0.0,False,,52,-4.0,-2.0,1.0,0.5,False,False,1
2784,layer3.conv1,element,0,"(164, 17, 15)",0,0.0,False,0.91,0.0,False,,59,-14.0,-12.0,0.22239232063293457,0.1428571492433548,False,False,1
2785,layer3.conv2,element,2,"(125, 12, 11)",0,0.0,False,0.91,0.0,False,,18,3.0,6.0,1.0000001192092896,1.0,False,False,1
2786,layer3.conv1,scale,7,"(180, 6)",200,1.0,True,0.0,0.91,True,,119,119.0,247.0,128.0,inf,False,False,32
2787,layer3.conv2,element,5,"(149, 46, 17)",0,0.0,False,0.91,0.0,False,,29,20.0,-20.0,0.0,2.0,True,False,1
2788,layer2.conv1,element,1,"(42, 3, 7)",0,0.0,False,0.91,0.0,False,,55,-7.0,-5.0,0.4854269027709961,0.2857142984867096,False,False,1
2789,layer3.conv1,element,3,"(74, 10, 17)",0,0.0,False,0.91,0.0,False,,33,-0.0625,-0.625,3.321928024291992,9.0,False,False,1
2790,layer2.conv2,element,4,"(95, 20, 18)",0,0.0,False,0.91,0.0,False,,24,8.0,0.5,4.0,0.9375,False,False,1
2791,layer3.conv1,element,5,"(176, 24, 22)",0,0.0,False,0.91,0.0,False,,54,-6.0,6.0,0.0,2.0,True,False,1
2792,layer2.conv2,element,5,"(58, 25, 28)",0,0.0,False,0.91,0.0,False,,52,-4.0,4.0,0.0,2.0,True,False,1
2793,layer3.conv2,element,0,"(173, 34, 19)",0,0.0,False,0.91,0.0,False,,59,-14.0,-12.0,0.22239232063293457,0.1428571492433548,False,False,1
2794,layer1.conv1,element,1,"(21, 8, 10)",0,0.0,False,0.91,0.0,False,,40,-0.5,-0.75,0.5849624872207642,0.5,False,False,1
2795,layer3.conv2,element,3,"(122, 34, 7)",0,0.0,False,0.91,0.0,False,,28,16.0,4.0,2.0,0.75,False,False,1
2796,layer3.shortcut.0,element,5,"(101, 2, 15)",0,0.0,False,0.91,0.0,False,,31,28.0,-28.0,0.0,2.0,True,False,1
2797,layer2.conv1,element,1,"(76, 6, 14)",0,0.0,False,0.91,0.0,False,,20,4.0,6.0,0.5849626064300537,0.5,False,False,1
2798,layer3.shortcut.0,element,1,"(28, 2, 25)",0,0.0,False,0.91,0.0,False,,50,-3.0,-2.0,0.5849624872207642,0.3333333432674408,False,False,1
2799,layer2.conv2,element,2,"(39, 15, 0)",1,0.005,True,0.905,0.0050000000000000044,False,,59,-14.0,-28.0,1.0,1.0,False,False,1
2800,layer2.conv2,element,4,"(53, 11, 31)",1,0.005,True,0.905,0.0050000000000000044,False,,53,-5.0,-0.3125,4.0,0.9375,False,False,1
2801,layer3.conv2,element,4,"(98, 25, 24)",0,0.0,False,0.91,0.0,False,,51,-3.5,-0.1875,4.2223920822143555,0.9464285969734192,False,False,1
2802,layer3.conv2,element,1,"(175, 44, 17)",0,0.0,False,0.91,0.0,False,,54,-6.0,-4.0,0.5849626064300537,0.3333333432674408,False,False,1
2803,layer3.conv2,element,1,"(93, 36, 7)",0,0.0,False,0.91,0.0,False,,16,2.0,3.0,0.5849624872207642,0.5,False,False,1
2804,layer2.conv2,element,3,"(87, 26, 9)",1,0.005,True,0.905,0.0050000000000000044,False,,28,16.0,4.0,2.0,0.75,False,False,1
2805,layer2.conv2,element,4,"(45, 11, 17)",0,0.0,False,0.91,0.0,False,,54,-6.0,-0.375,4.0,0.9375,False,False,1
2806,layer3.conv1,element,3,"(174, 14, 14)",0,0.0,False,0.91,0.0,False,,57,-10.0,-2.5,1.9999998807907104,0.75,False,False,1
2807,layer1.conv2,element,3,"(3, 12, 22)",0,0.0,False,0.91,0.0,False,,25,10.0,2.5,1.9999998807907104,0.75,False,False,1
2808,layer3.conv2,element,4,"(15, 22, 31)",0,0.0,False,0.91,0.0,False,,41,-0.625,-10.0,4.0,15.0,False,False,1
2809,layer3.conv1,element,4,"(103, 25, 24)",0,0.0,False,0.91,0.0,False,,57,-10.0,-0.625,4.0,0.9375,False,False,1
2810,layer3.conv2,element,2,"(21, 9, 3)",0,0.0,False,0.91,0.0,False,,43,-0.875,-1.75,1.0,1.0,False,False,1
2811,layer2.conv2,element,2,"(82, 5, 2)",0,0.0,False,0.91,0.0,False,,51,-3.5,-7.0,1.0,1.0,False,False,1
2812,layer3.conv2,element,4,"(142, 52, 4)",0,0.0,False,0.91,0.0,False,,46,-1.5,-24.0,4.0,15.0,False,False,1
2813,layer3.conv2,element,1,"(119, 24, 24)",0,0.0,False,0.91,0.0,False,,51,-3.5,-2.5,0.48542678356170654,0.2857142984867096,False,False,1
2814,layer3.conv1,element,5,"(6, 23, 15)",0,0.0,False,0.91,0.0,False,,1,0.0625,-0.0625,0.0,2.0,True,False,1
2815,layer3.conv2,element,4,"(17, 4, 27)",0,0.0,False,0.91,0.0,False,,28,16.0,1.0,4.0,0.9375,False,False,1
2816,layer1.conv1,element,2,"(28, 13, 7)",0,0.0,False,0.91,0.0,False,,56,-8.0,-16.0,1.0,1.0,False,False,1
2817,layer3.conv2,element,1,"(153, 15, 20)",0,0.0,False,0.91,0.0,False,,22,6.0,4.0,0.5849626064300537,0.3333333432674408,False,False,1
2818,layer3.conv2,element,4,"(67, 7, 8)",0,0.0,False,0.91,0.0,False,,32,-0.0,-2.0,inf,32.0,False,False,1
2819,layer3.conv2,element,0,"(10, 20, 27)",0,0.0,False,0.91,0.0,False,,54,-6.0,-7.0,0.22239232063293457,0.1666666716337204,False,False,1
2820,layer2.conv1,element,5,"(51, 1, 5)",0,0.0,False,0.91,0.0,False,,49,-2.5,2.5,0.0,2.0,True,False,1
2821,layer3.conv1,element,2,"(44, 2, 9)",0,0.0,False,0.91,0.0,False,,55,-7.0,-3.5,1.0,0.5,False,False,1
2822,layer2.conv2,element,5,"(58, 17, 6)",0,0.0,False,0.91,0.0,False,,27,14.0,-14.0,0.0,2.0,True,False,1
2823,layer2.conv2,scale,6,"(86, 9)",0,0.0,False,0.91,0.0,False,,119,119.0,55.0,64.0,inf,False,False,32
2824,layer1.conv2,element,1,"(21, 11, 3)",0,0.0,False,0.91,0.0,False,,60,-16.0,-24.0,0.5849623680114746,0.5,False,False,1
2825,layer1.conv1,element,5,"(45, 7, 13)",0,0.0,False,0.91,0.0,False,,10,0.75,-0.75,0.0,2.0,True,False,1
2826,layer3.conv1,element,2,"(187, 1, 18)",0,0.0,False,0.91,0.0,False,,59,-14.0,-28.0,1.0,1.0,False,False,1
2827,layer2.conv2,element,2,"(41, 2, 14)",0,0.0,False,0.91,0.0,False,,44,-1.0,-0.5,1.0,0.5,False,False,1
2828,layer3.conv2,element,5,"(20, 20, 15)",0,0.0,False,0.91,0.0,False,,61,-20.0,20.0,0.0,2.0,True,False,1
2829,layer3.conv2,scale,2,"(165, 22)",6,0.03,True,0.9,0.010000000000000009,False,,121,121.0,125.0,4.0,inf,False,False,32
2830,layer3.conv1,element,0,"(82, 4, 13)",0,0.0,False,0.91,0.0,False,,17,2.5,2.0,0.32192814350128174,0.20000000298023224,False,False,1
2831,layer2.conv1,element,4,"(29, 4, 20)",0,0.0,False,0.91,0.0,False,,52,-4.0,-0.25,4.0,0.9375,False,False,1
2832,layer3.conv2,element,3,"(171, 17, 17)",0,0.0,False,0.91,0.0,False,,27,14.0,3.5,2.0,0.75,False,False,1
2833,layer3.conv2,element,1,"(64, 13, 24)",0,0.0,False,0.91,0.0,False,,57,-10.0,-14.0,0.4854269027709961,0.4000000059604645,False,False,1
2834,layer3.conv2,element,0,"(35, 4, 2)",0,0.0,False,0.91,0.0,False,,24,8.0,10.0,0.3219280242919922,0.25,False,False,1
2835,layer3.conv1,element,3,"(20, 15, 20)",0,0.0,False,0.91,0.0,False,,27,14.0,3.5,2.0,0.75,False,False,1
2836,layer1.conv2,element,3,"(6, 1, 5)",0,0.0,False,0.91,0.0,False,,10,0.75,0.125,2.5849623680114746,0.8333333134651184,False,False,1
2837,layer2.conv2,element,1,"(38, 6, 15)",0,0.0,False,0.91,0.0,False,,22,6.0,4.0,0.5849626064300537,0.3333333432674408,False,False,1
2838,layer3.conv2,element,3,"(156, 40, 15)",0,0.0,False,0.91,0.0,False,,19,3.5,14.0,2.0,3.0,False,False,1
2839,layer3.conv2,element,4,"(47, 41, 0)",0,0.0,False,0.91,0.0,False,,58,-12.0,-0.75,4.0,0.9375,False,False,1
2840,layer2.conv2,scale,1,"(17, 25)",0,0.0,False,0.91,0.0,False,,119,119.0,117.0,2.0,inf,False,False,32
2841,layer2.conv1,element,0,"(9, 0, 3)",0,0.0,False,0.91,0.0,False,,10,0.75,0.875,0.22239243984222412,0.1666666716337204,False,False,1
2842,layer3.conv1,element,0,"(83, 18, 25)",0,0.0,False,0.91,0.0,False,,61,-20.0,-16.0,0.3219280242919922,0.20000000298023224,False,False,1
2843,layer2.conv2,element,3,"(47, 9, 4)",0,0.0,False,0.91,0.0,False,,25,10.0,2.5,1.9999998807907104,0.75,False,False,1
2844,layer2.conv1,element,0,"(46, 8, 7)",0,0.0,False,0.91,0.0,False,,25,10.0,8.0,0.3219280242919922,0.20000000298023224,False,False,1
2845,layer3.conv1,element,3,"(68, 13, 27)",0,0.0,False,0.91,0.0,False,,48,-2.0,-8.0,2.0,3.0,False,False,1
2846,layer3.conv2,element,5,"(115, 38, 5)",0,0.0,False,0.91,0.0,False,,29,20.0,-20.0,0.0,2.0,True,False,1
2847,layer3.conv1,element,1,"(3, 22, 23)",0,0.0,False,0.91,0.0,False,,26,12.0,8.0,0.5849626064300537,0.3333333432674408,False,False,1
2848,layer3.conv1,element,1,"(28, 15, 1)",0,0.0,False,0.91,0.0,False,,30,24.0,16.0,0.5849623680114746,0.3333333432674408,False,False,1
2849,layer3.conv2,element,3,"(83, 13, 14)",0,0.0,False,0.91,0.0,False,,57,-10.0,-2.5,1.9999998807907104,0.75,False,False,1
2850,layer3.conv1,element,0,"(7, 22, 9)",0,0.0,False,0.91,0.0,False,,4,0.25,0.3125,0.32192814350128174,0.25,False,False,1
2851,layer3.conv1,element,5,"(115, 20, 7)",0,0.0,False,0.91,0.0,False,,21,5.0,-5.0,0.0,2.0,True,False,1
2852,layer3.conv2,element,2,"(158, 47, 26)",0,0.0,False,0.91,0.0,False,,20,4.0,2.0,1.0,0.5,False,False,1
2853,layer3.conv1,element,5,"(130, 26, 30)",0,0.0,False,0.91,0.0,False,,60,-16.0,16.0,0.0,2.0,True,False,1
2854,layer3.conv1,element,4,"(115, 6, 16)",0,0.0,False,0.91,0.0,False,,26,12.0,0.75,4.0,0.9375,False,False,1
2855,layer3.conv2,element,4,"(59, 47, 21)",0,0.0,False,0.91,0.0,False,,21,5.0,0.3125,4.0,0.9375,False,False,1
2856,layer2.conv2,element,0,"(23, 23, 8)",0,0.0,False,0.91,0.0,False,,54,-6.0,-7.0,0.22239232063293457,0.1666666716337204,False,False,1
2857,layer2.conv2,element,3,"(8, 22, 5)",0,0.0,False,0.91,0.0,False,,59,-14.0,-3.5,2.0,0.75,False,False,1
2858,layer3.conv1,element,3,"(115, 8, 18)",0,0.0,False,0.91,0.0,False,,25,10.0,2.5,1.9999998807907104,0.75,False,False,1
2859,layer2.conv2,element,5,"(68, 3, 21)",0,0.0,False,0.91,0.0,False,,51,-3.5,3.5,0.0,2.0,True,False,1
2860,layer3.conv2,element,4,"(151, 52, 10)",0,0.0,False,0.91,0.0,False,,25,10.0,0.625,4.0,0.9375,False,False,1
2861,layer3.conv2,element,2,"(173, 53, 27)",0,0.0,False,0.91,0.0,False,,58,-12.0,-24.0,0.9999997615814209,1.0,False,False,1
2862,layer3.conv2,element,3,"(53, 24, 23)",0,0.0,False,0.91,0.0,False,,28,16.0,4.0,2.0,0.75,False,False,1
2863,layer2.conv2,element,5,"(25, 11, 2)",0,0.0,False,0.91,0.0,False,,59,-14.0,14.0,0.0,2.0,True,False,1
2864,layer3.conv2,element,4,"(150, 20, 3)",0,0.0,False,0.91,0.0,False,,58,-12.0,-0.75,4.0,0.9375,False,False,1
2865,layer3.conv1,element,5,"(49, 22, 19)",1,0.005,True,0.905,0.0050000000000000044,False,,56,-8.0,8.0,0.0,2.0,True,False,1
2866,layer3.conv1,element,5,"(84, 13, 15)",0,0.0,False,0.91,0.0,False,,10,0.75,-0.75,0.0,2.0,True,False,1
2867,layer3.conv2,element,4,"(74, 24, 24)",0,0.0,False,0.91,0.0,False,,60,-16.0,-1.0,4.0,0.9375,False,False,1
2868,layer3.conv2,element,1,"(110, 13, 23)",0,0.0,False,0.91,0.0,False,,27,14.0,10.0,0.4854269027709961,0.2857142984867096,False,False,1
2869,layer3.conv2,element,5,"(128, 45, 13)",0,0.0,False,0.91,0.0,False,,54,-6.0,6.0,0.0,2.0,True,False,1
2870,layer3.conv2,element,1,"(162, 38, 11)",0,0.0,False,0.91,0.0,False,,19,3.5,2.5,0.48542678356170654,0.2857142984867096,False,False,1
2871,layer3.conv2,element,1,"(65, 44, 26)",0,0.0,False,0.91,0.0,False,,56,-8.0,-12.0,0.5849626064300537,0.5,False,False,1
2872,layer3.conv2,element,4,"(96, 14, 31)",0,0.0,False,0.91,0.0,False,,17,2.5,0.0625,5.321928024291992,0.9750000238418579,False,False,1
2873,layer3.conv1,element,2,"(43, 25, 16)",0,0.0,False,0.91,0.0,False,,54,-6.0,-3.0,1.0000001192092896,0.5,False,False,1
2874,layer3.conv1,element,1,"(57, 21, 16)",0,0.0,False,0.91,0.0,False,,23,7.0,5.0,0.4854269027709961,0.2857142984867096,False,False,1
2875,layer3.conv2,element,3,"(33, 37, 10)",0,0.0,False,0.91,0.0,False,,57,-10.0,-2.5,1.9999998807907104,0.75,False,False,1
2876,layer1.conv1,element,2,"(7, 2, 28)",0,0.0,False,0.91,0.0,False,,59,-14.0,-28.0,1.0,1.0,False,False,1
2877,layer2.conv2,element,5,"(5, 19, 20)",0,0.0,False,0.91,0.0,False,,22,6.0,-6.0,0.0,2.0,True,False,1
2878,layer3.conv1,element,3,"(25, 8, 28)",0,0.0,False,0.91,0.0,False,,24,8.0,2.0,2.0,0.75,False,False,1
2879,layer3.shortcut.0,element,0,"(116, 1, 20)",0,0.0,False,0.91,0.0,False,,60,-16.0,-20.0,0.3219280242919922,0.25,False,False,1
2880,layer3.conv2,element,2,"(24, 17, 4)",0,0.0,False,0.91,0.0,False,,18,3.0,6.0,1.0000001192092896,1.0,False,False,1
2881,layer2.conv2,element,4,"(29, 2, 28)",0,0.0,False,0.91,0.0,False,,55,-7.0,-0.4375,4.0,0.9375,False,False,1
2882,layer2.conv2,element,4,"(39, 0, 30)",0,0.0,False,0.91,0.0,False,,60,-16.0,-1.0,4.0,0.9375,False,False,1
2883,layer3.conv2,element,2,"(126, 26, 0)",0,0.0,False,0.91,0.0,False,,21,5.0,2.5,0.9999998807907104,0.5,False,False,1
2884,layer2.shortcut.0,element,0,"(1, 0, 16)",0,0.0,False,0.91,0.0,False,,59,-14.0,-12.0,0.22239232063293457,0.1428571492433548,False,False,1
2885,layer3.conv2,element,1,"(80, 36, 16)",0,0.0,False,0.91,0.0,False,,59,-14.0,-10.0,0.4854269027709961,0.2857142984867096,False,False,1
2886,layer3.conv2,element,4,"(83, 22, 16)",0,0.0,False,0.91,0.0,False,,49,-2.5,-0.0625,5.321928024291992,0.9750000238418579,False,False,1
2887,layer3.conv1,element,3,"(33, 9, 29)",0,0.0,False,0.91,0.0,False,,52,-4.0,-16.0,2.0,3.0,False,False,1
2888,layer3.conv2,element,0,"(20, 22, 7)",0,0.0,False,0.91,0.0,False,,30,24.0,28.0,0.22239255905151367,0.1666666716337204,False,False,1
2889,layer3.conv1,element,0,"(26, 0, 24)",0,0.0,False,0.91,0.0,False,,8,0.5,0.625,0.32192808389663696,0.25,False,False,1
2890,layer3.conv1,element,1,"(71, 12, 22)",0,0.0,False,0.91,0.0,False,,52,-4.0,-6.0,0.5849626064300537,0.5,False,False,1
2891,layer3.conv2,element,3,"(26, 1, 11)",0,0.0,False,0.91,0.0,False,,15,1.75,0.4375,2.0,0.75,False,False,1
2892,layer2.conv2,element,4,"(11, 18, 31)",1,0.005,True,0.905,0.0050000000000000044,False,,51,-3.5,-0.1875,4.2223920822143555,0.9464285969734192,False,False,1
2893,layer2.conv1,element,1,"(46, 12, 17)",0,0.0,False,0.91,0.0,False,,0,0.0,0.125,inf,2.0,False,False,1
2894,layer3.conv1,element,3,"(80, 7, 1)",0,0.0,False,0.91,0.0,False,,22,6.0,24.0,1.999999761581421,3.0,False,False,1
2895,layer3.conv2,element,1,"(168, 30, 7)",0,0.0,False,0.91,0.0,False,,27,14.0,10.0,0.4854269027709961,0.2857142984867096,False,False,1
2896,layer2.conv2,element,4,"(48, 2, 13)",1,0.005,True,0.905,0.0050000000000000044,False,,58,-12.0,-0.75,4.0,0.9375,False,False,1
2897,layer3.conv2,element,2,"(115, 20, 4)",0,0.0,False,0.91,0.0,False,,51,-3.5,-7.0,1.0,1.0,False,False,1
2898,layer3.conv2,element,3,"(105, 39, 10)",0,0.0,False,0.91,0.0,False,,19,3.5,14.0,2.0,3.0,False,False,1
2899,layer3.conv2,element,5,"(87, 8, 30)",0,0.0,False,0.91,0.0,False,,31,28.0,-28.0,0.0,2.0,True,False,1
2900,layer3.conv2,element,3,"(55, 32, 19)",0,0.0,False,0.91,0.0,False,,11,0.875,0.1875,2.2223923206329346,0.7857142686843872,False,False,1
2901,layer2.conv1,element,2,"(66, 9, 12)",0,0.0,False,0.91,0.0,False,,26,12.0,24.0,0.9999997615814209,1.0,False,False,1
2902,layer3.conv2,element,5,"(188, 47, 29)",0,0.0,False,0.91,0.0,False,,28,16.0,-16.0,0.0,2.0,True,False,1
2903,layer2.conv2,element,5,"(27, 2, 25)",0,0.0,False,0.91,0.0,False,,53,-5.0,5.0,0.0,2.0,True,False,1
2904,layer3.conv1,element,5,"(3, 23, 20)",0,0.0,False,0.91,0.0,False,,60,-16.0,16.0,0.0,2.0,True,False,1
2905,layer2.conv1,element,3,"(93, 6, 25)",0,0.0,False,0.91,0.0,False,,22,6.0,24.0,1.999999761581421,3.0,False,False,1
2906,layer3.conv1,element,4,"(104, 8, 19)",0,0.0,False,0.91,0.0,False,,56,-8.0,-0.5,4.0,0.9375,False,False,1
2907,layer1.conv1,element,5,"(34, 3, 25)",0,0.0,False,0.91,0.0,False,,57,-10.0,10.0,0.0,2.0,True,False,1
2908,layer3.conv1,element,0,"(24, 26, 9)",0,0.0,False,0.91,0.0,False,,24,8.0,10.0,0.3219280242919922,0.25,False,False,1
2909,layer3.conv1,element,3,"(125, 10, 13)",0,0.0,False,0.91,0.0,False,,53,-5.0,-20.0,2.0,3.0,False,False,1
2910,layer3.conv2,element,1,"(89, 16, 19)",0,0.0,False,0.91,0.0,False,,8,0.5,0.75,0.5849624872207642,0.5,False,False,1
2911,layer3.conv1,element,0,"(174, 2, 24)",0,0.0,False,0.91,0.0,False,,58,-12.0,-14.0,0.22239232063293457,0.1666666716337204,False,False,1
2912,layer3.conv2,element,1,"(91, 52, 26)",0,0.0,False,0.91,0.0,False,,55,-7.0,-5.0,0.4854269027709961,0.2857142984867096,False,False,1
2913,layer1.conv2,element,3,"(2, 3, 25)",0,0.0,False,0.91,0.0,False,,54,-6.0,-24.0,1.999999761581421,3.0,False,False,1
2914,layer3.conv2,element,0,"(53, 29, 21)",0,0.0,False,0.91,0.0,False,,56,-8.0,-10.0,0.3219280242919922,0.25,False,False,1
2915,layer3.conv1,element,3,"(112, 24, 27)",0,0.0,False,0.91,0.0,False,,25,10.0,2.5,1.9999998807907104,0.75,False,False,1
2916,layer3.conv2,element,4,"(128, 48, 31)",0,0.0,False,0.91,0.0,False,,26,12.0,0.75,4.0,0.9375,False,False,1
2917,layer2.conv1,element,4,"(68, 8, 4)",1,0.005,True,0.905,0.0050000000000000044,False,,28,16.0,1.0,4.0,0.9375,False,False,1
2918,layer3.conv2,element,3,"(5, 53, 9)",0,0.0,False,0.91,0.0,False,,21,5.0,20.0,2.0,3.0,False,False,1
2919,layer3.conv1,element,4,"(180, 23, 0)",0,0.0,False,0.91,0.0,False,,54,-6.0,-0.375,4.0,0.9375,False,False,1
2920,layer2.conv2,element,3,"(47, 23, 6)",0,0.0,False,0.91,0.0,False,,55,-7.0,-28.0,2.0,3.0,False,False,1
2921,layer2.conv1,element,0,"(4, 7, 2)",0,0.0,False,0.91,0.0,False,,54,-6.0,-7.0,0.22239232063293457,0.1666666716337204,False,False,1
2922,layer3.conv2,element,1,"(90, 6, 3)",0,0.0,False,0.91,0.0,False,,56,-8.0,-12.0,0.5849626064300537,0.5,False,False,1
2923,layer3.conv2,element,3,"(137, 50, 4)",0,0.0,False,0.91,0.0,False,,20,4.0,16.0,2.0,3.0,False,False,1
2924,layer2.conv1,element,0,"(78, 7, 5)",0,0.0,False,0.91,0.0,False,,54,-6.0,-7.0,0.22239232063293457,0.1666666716337204,False,False,1
2925,layer3.conv2,element,0,"(167, 0, 10)",0,0.0,False,0.91,0.0,False,,55,-7.0,-6.0,0.22239232063293457,0.1428571492433548,False,False,1
2926,layer1.conv2,element,4,"(20, 8, 15)",0,0.0,False,0.91,0.0,False,,50,-3.0,-0.125,4.584962368011475,0.9583333134651184,False,False,1
2927,layer3.conv2,element,3,"(178, 33, 17)",0,0.0,False,0.91,0.0,False,,29,20.0,5.0,2.0,0.75,False,False,1
2928,layer3.conv1,element,2,"(128, 2, 30)",0,0.0,False,0.91,0.0,False,,62,-24.0,-12.0,0.9999997615814209,0.5,False,False,1
2929,layer3.conv2,element,3,"(161, 36, 26)",0,0.0,False,0.91,0.0,False,,48,-2.0,-8.0,2.0,3.0,False,False,1
2930,layer3.conv2,element,2,"(18, 31, 11)",0,0.0,False,0.91,0.0,False,,55,-7.0,-3.5,1.0,0.5,False,False,1
2931,layer3.conv1,element,5,"(155, 4, 17)",0,0.0,False,0.91,0.0,False,,61,-20.0,20.0,0.0,2.0,True,False,1
2932,layer2.conv2,element,3,"(20, 21, 7)",0,0.0,False,0.91,0.0,False,,11,0.875,0.1875,2.2223923206329346,0.7857142686843872,False,False,1
2933,layer3.conv1,element,4,"(23, 18, 22)",0,0.0,False,0.91,0.0,False,,58,-12.0,-0.75,4.0,0.9375,False,False,1
2934,layer3.conv2,element,0,"(120, 27, 25)",0,0.0,False,0.91,0.0,False,,22,6.0,7.0,0.22239232063293457,0.1666666716337204,False,False,1
2935,layer2.conv2,element,4,"(73, 4, 19)",0,0.0,False,0.91,0.0,False,,23,7.0,0.4375,4.0,0.9375,False,False,1
2936,layer3.conv2,element,0,"(119, 50, 10)",0,0.0,False,0.91,0.0,False,,58,-12.0,-14.0,0.22239232063293457,0.1666666716337204,False,False,1
2937,layer3.conv2,element,4,"(170, 6, 1)",0,0.0,False,0.91,0.0,False,,60,-16.0,-1.0,4.0,0.9375,False,False,1
2938,layer3.conv1,element,3,"(127, 3, 15)",0,0.0,False,0.91,0.0,False,,59,-14.0,-3.5,2.0,0.75,False,False,1
2939,layer3.conv2,element,3,"(81, 36, 12)",1,0.005,True,0.905,0.0050000000000000044,False,,22,6.0,24.0,1.999999761581421,3.0,False,False,1
2940,layer3.conv2,element,1,"(101, 32, 0)",0,0.0,False,0.91,0.0,False,,29,20.0,28.0,0.4854269027709961,0.4000000059604645,False,False,1
2941,layer3.conv2,element,0,"(124, 42, 6)",0,0.0,False,0.91,0.0,False,,44,-1.0,-1.25,0.32192808389663696,0.25,False,False,1
2942,layer3.conv1,element,3,"(135, 15, 12)",0,0.0,False,0.91,0.0,False,,61,-20.0,-5.0,2.0,0.75,False,False,1
2943,layer3.conv2,element,2,"(103, 38, 1)",0,0.0,False,0.91,0.0,False,,23,7.0,3.5,1.0,0.5,False,False,1
2944,layer3.conv2,element,4,"(135, 19, 18)",0,0.0,False,0.91,0.0,False,,61,-20.0,-1.25,4.0,0.9375,False,False,1
2945,layer3.conv1,element,3,"(105, 22, 26)",0,0.0,False,0.91,0.0,False,,23,7.0,28.0,2.0,3.0,False,False,1
2946,layer2.conv2,element,4,"(64, 23, 18)",1,0.005,True,0.905,0.0050000000000000044,False,,8,0.5,8.0,4.0,15.0,False,False,1
2947,layer3.conv2,element,0,"(69, 31, 1)",0,0.0,False,0.91,0.0,False,,57,-10.0,-8.0,0.3219280242919922,0.20000000298023224,False,False,1
2948,layer3.conv2,element,3,"(139, 48, 8)",0,0.0,False,0.91,0.0,False,,25,10.0,2.5,1.9999998807907104,0.75,False,False,1
2949,layer3.shortcut.0,element,0,"(76, 2, 12)",0,0.0,False,0.91,0.0,False,,24,8.0,10.0,0.3219280242919922,0.25,False,False,1
2950,layer2.conv2,element,3,"(89, 18, 21)",1,0.005,True,0.905,0.0050000000000000044,False,,53,-5.0,-20.0,2.0,3.0,False,False,1
2951,layer3.conv1,element,4,"(163, 22, 17)",0,0.0,False,0.91,0.0,False,,54,-6.0,-0.375,4.0,0.9375,False,False,1
2952,layer3.conv1,element,3,"(161, 17, 9)",0,0.0,False,0.91,0.0,False,,20,4.0,16.0,2.0,3.0,False,False,1
2953,layer3.conv2,element,5,"(15, 40, 28)",0,0.0,False,0.91,0.0,False,,27,14.0,-14.0,0.0,2.0,True,False,1
2954,layer3.conv2,element,1,"(189, 23, 10)",0,0.0,False,0.91,0.0,False,,30,24.0,16.0,0.5849623680114746,0.3333333432674408,False,False,1
2955,layer1.conv1,element,5,"(0, 10, 18)",0,0.0,False,0.91,0.0,False,,24,8.0,-8.0,0.0,2.0,True,False,1
2956,layer3.conv2,element,2,"(31, 25, 17)",0,0.0,False,0.91,0.0,False,,29,20.0,10.0,1.0,0.5,False,False,1
2957,layer1.conv2,element,3,"(39, 8, 13)",0,0.0,False,0.91,0.0,False,,19,3.5,14.0,2.0,3.0,False,False,1
2958,layer3.conv2,element,0,"(93, 49, 19)",0,0.0,False,0.91,0.0,False,,58,-12.0,-14.0,0.22239232063293457,0.1666666716337204,False,False,1
2959,layer3.conv1,element,0,"(99, 3, 5)",0,0.0,False,0.91,0.0,False,,26,12.0,14.0,0.22239232063293457,0.1666666716337204,False,False,1
2960,layer3.conv2,element,4,"(37, 45, 5)",0,0.0,False,0.91,0.0,False,,22,6.0,0.375,4.0,0.9375,False,False,1
2961,layer3.conv1,element,0,"(123, 20, 23)",0,0.0,False,0.91,0.0,False,,51,-3.5,-3.0,0.22239243984222412,0.1428571492433548,False,False,1
2962,layer2.conv1,element,2,"(6, 3, 18)",0,0.0,False,0.91,0.0,False,,19,3.5,7.0,1.0,1.0,False,False,1
2963,layer2.conv2,element,5,"(84, 18, 8)",0,0.0,False,0.91,0.0,False,,60,-16.0,16.0,0.0,2.0,True,False,1
2964,layer2.conv1,element,0,"(26, 12, 18)",0,0.0,False,0.91,0.0,False,,49,-2.5,-2.0,0.32192814350128174,0.20000000298023224,False,False,1
2965,layer2.conv1,element,2,"(16, 11, 12)",0,0.0,False,0.91,0.0,False,,58,-12.0,-24.0,0.9999997615814209,1.0,False,False,1
2966,layer3.conv1,element,2,"(9, 11, 1)",0,0.0,False,0.91,0.0,False,,60,-16.0,-8.0,1.0,0.5,False,False,1
2967,layer3.conv2,scale,5,"(150, 27)",0,0.0,False,0.91,0.0,False,,120,120.0,88.0,32.0,inf,False,False,32
2968,layer3.conv2,element,1,"(38, 18, 12)",0,0.0,False,0.91,0.0,False,,63,-28.0,-20.0,0.4854269027709961,0.2857142984867096,False,False,1
2969,layer3.conv2,element,1,"(124, 30, 30)",0,0.0,False,0.91,0.0,False,,15,1.75,1.25,0.4854268431663513,0.2857142984867096,False,False,1
2970,layer3.conv1,element,4,"(146, 20, 7)",0,0.0,False,0.91,0.0,False,,62,-24.0,-1.5,4.0,0.9375,False,False,1
2971,layer3.conv2,element,3,"(22, 37, 8)",0,0.0,False,0.91,0.0,False,,23,7.0,28.0,2.0,3.0,False,False,1
2972,layer3.conv2,element,5,"(136, 10, 9)",0,0.0,False,0.91,0.0,False,,57,-10.0,10.0,0.0,2.0,True,False,1
2973,layer3.conv2,element,4,"(129, 3, 27)",0,0.0,False,0.91,0.0,False,,61,-20.0,-1.25,4.0,0.9375,False,False,1
2974,layer3.conv2,element,2,"(137, 32, 20)",0,0.0,False,0.91,0.0,False,,22,6.0,3.0,1.0000001192092896,0.5,False,False,1
2975,layer3.conv1,element,3,"(4, 18, 30)",0,0.0,False,0.91,0.0,False,,56,-8.0,-2.0,2.0,0.75,False,False,1
2976,layer3.conv1,element,2,"(88, 4, 2)",0,0.0,False,0.91,0.0,False,,54,-6.0,-3.0,1.0000001192092896,0.5,False,False,1
2977,layer1.conv2,element,1,"(5, 3, 18)",0,0.0,False,0.91,0.0,False,,60,-16.0,-24.0,0.5849623680114746,0.5,False,False,1
2978,layer3.conv2,element,5,"(88, 9, 9)",0,0.0,False,0.91,0.0,False,,49,-2.5,2.5,0.0,2.0,True,False,1
2979,layer3.conv1,element,5,"(22, 23, 10)",0,0.0,False,0.91,0.0,False,,37,-0.3125,0.3125,0.0,2.0,True,False,1
2980,layer3.conv2,element,1,"(112, 5, 16)",0,0.0,False,0.91,0.0,False,,49,-2.5,-3.5,0.48542678356170654,0.4000000059604645,False,False,1
2981,layer3.conv2,element,3,"(32, 5, 25)",0,0.0,False,0.91,0.0,False,,48,-2.0,-8.0,2.0,3.0,False,False,1
2982,layer3.conv2,scale,4,"(160, 38)",0,0.0,False,0.91,0.0,False,,121,121.0,105.0,16.0,inf,False,False,32
2983,layer3.conv2,element,3,"(34, 26, 24)",0,0.0,False,0.91,0.0,False,,57,-10.0,-2.5,1.9999998807907104,0.75,False,False,1
2984,layer3.conv2,scale,5,"(27, 43)",1,0.005,True,0.905,0.0050000000000000044,False,,121,121.0,89.0,32.0,inf,False,False,32
2985,layer3.conv2,element,3,"(191, 49, 11)",0,0.0,False,0.91,0.0,False,,56,-8.0,-2.0,2.0,0.75,False,False,1
2986,layer3.conv2,element,0,"(162, 32, 15)",0,0.0,False,0.91,0.0,False,,34,-0.125,-0.1875,0.5849626064300537,0.5,False,False,1
2987,layer3.conv2,element,5,"(6, 26, 15)",0,0.0,False,0.91,0.0,False,,28,16.0,-16.0,0.0,2.0,True,False,1
2988,layer2.conv2,scale,1,"(30, 25)",2,0.01,True,0.91,0.0,False,,120,120.0,122.0,2.0,inf,False,False,32
2989,layer3.shortcut.0,element,0,"(182, 1, 12)",0,0.0,False,0.91,0.0,False,,62,-24.0,-28.0,0.22239255905151367,0.1666666716337204,False,False,1
2990,layer2.conv2,element,1,"(60, 14, 7)",0,0.0,False,0.91,0.0,False,,10,0.75,0.5,0.5849624872207642,0.3333333432674408,False,False,1
2991,layer1.conv1,element,1,"(18, 10, 24)",0,0.0,False,0.91,0.0,False,,28,16.0,24.0,0.5849623680114746,0.5,False,False,1
2992,layer3.conv2,element,4,"(104, 45, 0)",0,0.0,False,0.91,0.0,False,,55,-7.0,-0.4375,4.0,0.9375,False,False,1
2993,layer3.conv2,element,2,"(124, 50, 30)",0,0.0,False,0.91,0.0,False,,29,20.0,10.0,1.0,0.5,False,False,1
2994,layer3.conv1,element,1,"(182, 21, 30)",0,0.0,False,0.91,0.0,False,,34,-0.125,-0.0,inf,1.0,False,False,1
2995,layer3.conv1,element,0,"(129, 11, 1)",0,0.0,False,0.91,0.0,False,,54,-6.0,-7.0,0.22239232063293457,0.1666666716337204,False,False,1
2996,layer3.conv1,element,3,"(99, 6, 20)",0,0.0,False,0.91,0.0,False,,38,-0.375,-1.5,2.0,3.0,False,False,1
2997,layer3.shortcut.0,element,0,"(151, 2, 0)",0,0.0,False,0.91,0.0,False,,31,28.0,24.0,0.22239255905151367,0.1428571492433548,False,False,1
2998,layer3.conv2,element,5,"(107, 3, 14)",0,0.0,False,0.91,0.0,False,,58,-12.0,12.0,0.0,2.0,True,False,1
2999,layer3.conv2,element,5,"(121, 51, 28)",0,0.0,False,0.91,0.0,False,,15,1.75,-1.75,0.0,2.0,True,False,1
